customer_id,customer_unique_id,customer_zip_code_prefix,customer_city,customer_state,total_orders,last_purchase,total_spent,average_item_price,total_items,days_since_last_purchase,average_order_value,purchase_frequency,future_purchase
e0eea8f69a457b3f1fa246e44c9ebefd,4d221875624017bc47b4d1ce7314a5b7,29311,cachoeiro de itapemirim,ES,1,2017-11-24 11:29:52,53.99,53.99,1.0,140,53.99,0.0070921985815602835,0
6f92779347724b67e44e3224f3b4cffd,bf4862777db128507e9efcc789215e9b,18130,sao roque,SP,1,2017-11-26 20:59:24,49.0,49.0,1.0,138,49.0,0.007194244604316547,0
f34a6e874087ec1f0e3dab9fdf659c5d,233896de79986082f1f479f1f85281cb,38300,ituiutaba,MG,1,2018-03-15 10:07:02,0.0,0.0,0.0,29,0.0,0.03333333333333333,0
df85b96ba2ce3e49bde101b1614f52ac,8d46223c91cbeb93e0930ca8bd8ffca2,83085,sao jose dos pinhais,PR,1,2017-11-26 11:43:57,153.0,153.0,1.0,138,153.0,0.007194244604316547,0
ea2196dc456ba36fe4f6b81dca4867d4,4a4de987b37555970ffcc9608d858a72,44033,feira de santana,BA,1,2017-10-06 08:37:41,214.0,214.0,1.0,189,214.0,0.005263157894736842,0
530220145a68ef57f0cc54faf1061f8c,7b24d0e6584ac5a21ec1256d96965500,35500,divinopolis,MG,1,2017-08-07 20:11:56,94.9,94.9,1.0,249,94.9,0.004,0
c82a5e4fafdbeb34f08928ccfba27d14,ca19a17e381182923b66007a351574b7,85854,foz do iguacu,PR,1,2017-05-15 23:34:21,32.64,32.64,1.0,332,32.64,0.003003003003003003,0
53b6d45cb9684a4b93e0ba2030222456,5d348bbc0f1a5cc45c3e4b93b8c9f802,24431,sao goncalo,RJ,1,2017-06-24 13:10:07,45.96,45.96,1.0,293,45.96,0.003401360544217687,0
cb96e80748675729d4d3857321cacb26,67626c49069bdf05ff127d59a6649948,88348,camboriu,SC,1,2017-12-09 02:25:26,27.99,27.99,1.0,125,27.99,0.007936507936507936,0
e255bea28fdeb105b85a23947349cca5,34c6f984b590bbfe3d4d6c76007c0b1c,96215,rio grande,RS,1,2017-11-28 08:43:12,149.99,149.99,1.0,136,149.99,0.0072992700729927005,0
8df178ced93d8d488dfceefc8f619d9a,0b48151c4ac827afeee06ce2d77cc343,6401,barueri,SP,1,2018-01-13 11:40:00,89.0,89.0,1.0,90,89.0,0.01098901098901099,0
21fb2ebc5077f72af04e6ead0763eba5,59150cde6405fb8f31f6dd1882d15754,22290,rio de janeiro,RJ,1,2017-08-08 09:53:50,79.99,79.99,1.0,248,79.99,0.004016064257028112,0
332fa01da1b4e11dfbc8df1ed883a467,317a5bc8cf58c4401e221c74d7a51982,30830,belo horizonte,MG,1,2017-12-12 12:51:06,49.97,49.97,1.0,122,49.97,0.008130081300813009,0
9559221419cf73261de39b024545b1b3,9aff27e32725e7f7c395e0a79a5d173d,22620,rio de janeiro,RJ,1,2018-02-26 14:21:09,135.0,135.0,1.0,46,135.0,0.02127659574468085,0
3c5a39f999c141a42792a0f2e1c7726d,4d0063e13c579513a5892115c789682a,36500,uba,MG,1,2017-07-09 15:19:58,38.9,38.9,1.0,278,38.9,0.0035842293906810036,0
2bb8c7fefc71b1cd9133f15dcf9941ef,d885b619cb2e462ccc493b70faea10c5,4744,sao paulo,SP,1,2018-03-06 11:11:30,48.0,48.0,1.0,38,48.0,0.02564102564102564,0
5d1ff54c05c7c5044718b88a49c704b8,06cb9de4265f5e18327a1e4608a1c85c,39885,crisolita,MG,1,2017-05-16 15:36:18,34.0,34.0,1.0,332,34.0,0.003003003003003003,0
03f7c28100418ce57927a01d62a6cdf3,ff80f08b2a6a87e84a28bda4613f99bf,21010,rio de janeiro,RJ,1,2017-11-28 16:15:04,78.98,78.98,1.0,136,78.98,0.0072992700729927005,0
620c2e659b5d119813362bfe4bbe8634,23e5f7d84dad8339f627d75ac90e2d43,7251,guarulhos,SP,1,2018-01-31 00:04:39,179.9,179.9,1.0,72,179.9,0.0136986301369863,0
e0f0e573de9eed01f4dbde5f9323c48b,decc46797b7d5c2c0146cc3e93720aaa,6386,carapicuiba,SP,1,2017-09-23 10:33:21,16.9,16.9,1.0,202,16.9,0.0049261083743842365,0
95aa1acd3c367fcf72a56d106afc9838,34f0b37e89f9ef4768bdd233630f9b62,5894,sao paulo,SP,1,2017-09-18 18:43:37,218.36,218.36,1.0,207,218.36,0.004807692307692308,0
34d7728944672ccbbe70d07c7e9cb4f2,abbc371b080d0e55bc3f40c244b1172e,30240,belo horizonte,MG,1,2018-01-17 20:24:21,188.0,188.0,1.0,86,188.0,0.011494252873563218,0
6b3bb3efa85c5b14ee91bc7227bdf0c4,3030f6c7798037acd63d5d7e359b3f0b,86600,rolandia,PR,1,2017-11-23 20:39:22,84.99,84.99,1.0,141,84.99,0.007042253521126761,0
cdb44232ca3c9151d9d4d20dda6c619f,e5eff1e54c132bef74c934de830a14ae,95780,montenegro,RS,1,2017-03-20 12:26:01,179.99,179.99,1.0,389,179.99,0.002564102564102564,0
1d35081c83698d93ec64ebe2d6cfec9c,df718da6faedf01091e3a94dd8793ac6,72620,brasilia,DF,1,2018-04-09 16:49:32,102.0,102.0,1.0,4,102.0,0.2,0
5b533feffa09f8c775d66d19cd20538b,ad91c910f921bc5d7b7cb140cd0d2c2a,99150,marau,RS,1,2018-01-31 12:13:17,48.9,48.9,1.0,72,48.9,0.0136986301369863,0
fed6164eb076a32849ac5d4d3cf14480,f0697e6813b23d285c3b3c8c50002fc0,8150,sao paulo,SP,1,2017-11-24 13:38:06,159.9,159.9,1.0,140,159.9,0.0070921985815602835,0
07cbe547b6dec2535abda65b57733754,53ce59821e6c5041654f61c58e99bcc2,8080,sao paulo,SP,1,2018-03-04 13:00:43,89.98,89.98,1.0,40,89.98,0.024390243902439025,0
ad21255ff9650ff11d50513eff3eed15,005226be8d5b972d0f72b4e8a79f322b,22280,rio de janeiro,RJ,1,2018-04-01 22:07:00,1561.0,1561.0,1.0,11,1561.0,0.08333333333333333,0
8118922685d2e2c0205f060be4f2579c,d0e87d00021530383c16452a39a393ba,45810,porto seguro,BA,1,2017-07-12 14:49:11,0.0,0.0,0.0,275,0.0,0.0036231884057971015,0
07ae5e78d3f125fb413ccd2e37b7206c,77f990b8b2cae027e436e8b74a1e7d68,8671,suzano,SP,1,2017-10-26 18:11:21,118.5,39.5,3.0,169,118.5,0.0058823529411764705,0
24867a30fb114e68f333a0645f923497,2ca8ef8560c5cd0f9ddb65d1b1b51380,51030,recife,PE,1,2017-12-09 17:59:47,65.9,65.9,1.0,125,65.9,0.007936507936507936,0
9cf795ff93fd465c917a295a67712ea6,1bb02eb35385950b5dace2632164426c,13140,paulinia,SP,1,2017-07-04 11:22:34,48.9,48.9,1.0,283,48.9,0.0035211267605633804,0
b8e0b0edff2de6181d492311d927769e,af4d3cd0b29b208c971ff6ad78b41b79,22775,rio de janeiro,RJ,1,2018-01-22 10:10:44,69.9,69.9,1.0,81,69.9,0.012195121951219513,0
300d32359978b9dc15b9f3b3e469536d,04a710ba27c70647fb2a4ffc6fe48e43,28997,saquarema,RJ,1,2017-09-21 20:05:02,59.9,59.9,1.0,204,59.9,0.004878048780487805,0
8bd9274e690e57552c0516b0d323af7d,d36fc675519adcbd1e824cabc25bda07,15010,sao jose do rio preto,SP,1,2017-07-24 22:26:44,319.96,79.99,4.0,262,319.96,0.0038022813688212928,0
0424e2f81bdfb77d7c11c3f447c7b241,bb6ffa5f9b68665f0cb238ea298092a3,12081,taubate,SP,1,2017-12-10 15:25:51,0.0,0.0,0.0,124,0.0,0.008,0
35b031db03bcb2b6e37e2ed393ab3720,3e3048f4f31ca9a28f05279f3554c715,27470,passa tres,RJ,1,2017-10-17 16:03:38,17.9,17.9,1.0,178,17.9,0.00558659217877095,0
3d32aac5bce2d5bde5b0645ef8b319bc,d6caf670c8bf91aed723f242cafb71c8,29305,cachoeiro de itapemirim,ES,1,2017-07-13 19:40:00,38.9,19.45,2.0,274,38.9,0.0036363636363636364,0
74a7d1d3922d5c9d87683edf0be614f6,f8945c1122a948f727f6cc5f56f02532,9030,santo andre,SP,1,2017-11-09 10:22:36,299.9,299.9,1.0,155,299.9,0.00641025641025641,0
9690ae359573ddb7eb6ccb02ba8ec568,c3d1d99aa10c2e90ceb77c2197e1ae16,12246,sao jose dos campos,SP,1,2018-01-06 15:10:44,35.9,35.9,1.0,97,35.9,0.01020408163265306,0
1013b3cb87e89aa951b7f556f8c26d33,0032c76b20340da25249092a268ce66c,13515,charqueada,SP,1,2016-10-06 11:32:00,128.9,128.9,1.0,554,128.9,0.0018018018018018018,0
a4fa643f7d9de9a32083b61cc0c362e3,58ee10603291fb595e840bea6f400d41,64017,teresina,PI,1,2018-02-20 10:41:50,13.99,13.99,1.0,52,13.99,0.018867924528301886,0
061d8030d0f605af68c6ef004ca15700,70a252703c9e9801d4f69aa10f583a41,38500,monte carmelo,MG,1,2018-02-17 15:08:48,59.98,59.98,1.0,55,59.98,0.017857142857142856,0
d0702c4f1152606a119561253565e15c,728bcc9495f951828608dbbf3a7e36b4,4295,sao paulo,SP,1,2018-04-03 15:19:27,251.51,251.51,1.0,10,251.51,0.09090909090909091,0
b76f6b4b7545d1a23bfc4caece1d6ddc,75897dfb21f53272945a344799721579,12334,jacarei,SP,1,2018-02-16 11:06:46,95.0,95.0,1.0,56,95.0,0.017543859649122806,0
0446b2b06900bd31f919292a4379ffb0,eab27a5d81262bace5fc81727514d49d,3317,sao paulo,SP,1,2017-12-03 17:36:49,89.99,89.99,1.0,131,89.99,0.007575757575757576,0
e2aa60cca12f694c550a5f58ae651a9b,2a2eeca87e56515b095e26141f95a2ce,3547,sao paulo,SP,1,2017-11-13 10:11:21,179.49,179.49,1.0,151,179.49,0.006578947368421052,0
0163a9517d96e283b1a883de0e71c826,243bf34f2f9c8c7b941e3ad4783a4b10,13070,campinas,SP,1,2017-06-25 16:44:15,89.9,89.9,1.0,292,89.9,0.0034129692832764505,0
a1cd7aead5b4948681cfcf303b3b5845,bc53fa6fe784dfc008612a79f5fc0e3a,88060,florianopolis,SC,1,2018-04-04 15:04:00,104.0,104.0,1.0,9,104.0,0.1,0
341c4634e0f68d32b278e42dc843b433,2a9c0f0e5f06e91c50c74baf4dc67a0f,19470,presidente epitacio,SP,1,2018-03-14 15:04:11,139.89,139.89,1.0,30,139.89,0.03225806451612903,0
e5fe29371fab568cd043942ae42365ed,794dcff1cc7dee09bea35d1d20994c99,89228,joinville,SC,1,2017-12-05 16:48:43,169.9,169.9,1.0,129,169.9,0.007692307692307693,0
269e3d5f088fc1f4b2a81eb0ce8ce7d6,bb4a329975df85aa69684e124f0b48b1,4040,sao paulo,SP,1,2017-05-17 14:14:31,59.9,59.9,1.0,331,59.9,0.0030120481927710845,0
58010882ac48cc7801627ad2bcd383e4,f1bb87ce3b511f772f77765bd3fcef6a,6624,jandira,SP,1,2017-07-08 09:33:41,69.99,69.99,1.0,279,69.99,0.0035714285714285713,0
491b53d711e90db8195ba44d40bb83ac,8625b708ec6cc8afaf5d676fafc4f37e,29026,vitoria,ES,1,2017-02-17 07:39:19,199.0,199.0,1.0,420,199.0,0.0023752969121140144,0
56e48a07ed300dcb0e37986fde979433,2e642fa075db8661dab42c957cfe6290,1301,sao paulo,SP,1,2018-02-20 11:06:39,149.9,149.9,1.0,52,149.9,0.018867924528301886,0
737044a1637b4c3e17f927d096620325,027a8a853eac346c3bf686f95289b761,9845,sao bernardo do campo,SP,1,2017-11-17 10:25:11,25.98,12.99,2.0,147,25.98,0.006756756756756757,0
c8a5fc21ea39790afb9055fbaf1b430a,8849b35ccb854f2373c2bff43083e145,28640,carmo,RJ,1,2017-08-28 07:20:53,115.0,115.0,1.0,228,115.0,0.004366812227074236,0
bd4f8a3189df658a5278e99ce0d6e94d,5b0a933d48aec9721e65e09ff51d6bf8,97015,santa maria,RS,1,2018-03-16 10:33:10,89.9,89.9,1.0,28,89.9,0.034482758620689655,0
0e8f3042296ebd7f20095ce2fe09945f,c374dc8c48a3edc15dc8bcd4aaeb67be,62850,cascavel,CE,1,2017-05-19 21:06:03,529.0,529.0,1.0,329,529.0,0.0030303030303030303,0
4505e98fe9949c3bcba1d416ee3f9bfb,60c9aac573e07a0ac0a9678f43ac25e1,29166,serra,ES,1,2018-02-05 16:41:52,39.9,39.9,1.0,67,39.9,0.014705882352941176,0
0e40e144fff28a4a3ecb37bb48f201aa,6ba32efcb359d12143b1bf24b7592c81,2808,sao paulo,SP,1,2017-09-17 13:14:32,56.99,56.99,1.0,208,56.99,0.004784688995215311,0
71b06680c1a73b4477a3a43863284cb5,9089f3d032c44d092d8de15a28de55f0,87190,sao jorge do ivai,PR,1,2017-10-06 17:32:43,352.52,176.26,2.0,189,352.52,0.005263157894736842,0
6e119961531891f055b01aeb4f93552e,afa2d112b99f01c2f052f0dfec88726c,8573,itaquaquecetuba,SP,1,2018-01-13 09:38:07,41.99,41.99,1.0,90,41.99,0.01098901098901099,0
c96e4b1faa66775c112927045ead1c5d,5f2eb40c7352bf49c3876e764133f0c2,15700,jales,SP,1,2018-04-04 17:20:08,19.0,19.0,1.0,9,19.0,0.1,0
71cd7e5e11ae80ed42c6c57ff51a347d,26f8790baee110479bb7cb362e16134a,95795,sao vendelino,RS,1,2017-11-24 16:17:39,21.99,21.99,1.0,140,21.99,0.0070921985815602835,0
61f53bd3b55a43b690dde0258d8a87ae,d0bd25a13b24e8d59a11adda68bd3ecd,26050,nova iguacu,RJ,1,2017-06-28 13:20:48,76.99,76.99,1.0,289,76.99,0.0034482758620689655,0
0491083e2ce781339e49382f4ccee438,ebe45b12f9bb37fb0832dcc00b58c4ce,7152,guarulhos,SP,1,2017-11-22 21:41:58,24.5,24.5,1.0,141,24.5,0.007042253521126761,0
494e06598140699017261a37e250cc52,8edc207feeb0cf1b7094bd24e55b03fc,68633,dom eliseu,PA,1,2017-07-02 16:32:13,119.98,59.99,2.0,285,119.98,0.0034965034965034965,0
d076efdb7799c038d147359520222208,084b52bfe7638733e0c99f8139ea3924,4615,sao paulo,SP,1,2017-02-04 18:51:41,94.76,94.76,1.0,433,94.76,0.002304147465437788,0
9bc337d75d1f580b3a4a3af1090ec8f0,88450f30160dc120139ca2a54a1f1524,85601,francisco beltrao,PR,1,2017-05-22 14:58:57,193.0,193.0,1.0,326,193.0,0.0030581039755351682,0
7640f74e9d8d7cae31dde07a5fb6aeae,74bba753d0dfd62b4c32ee45cab7c812,81925,curitiba,PR,1,2017-05-01 18:43:06,34.9,34.9,1.0,347,34.9,0.0028735632183908046,0
24990bb0b93389a084c6a0a628f2b544,4ddeefbdd502268d9c7223d31452481c,13060,campinas,SP,1,2018-04-08 17:32:00,49.0,49.0,1.0,5,49.0,0.16666666666666666,0
3fd7dca808d985060e069172cd98ecf5,6d7c974ab1462997003d633939f2ef8f,39400,montes claros,MG,1,2017-07-16 15:48:50,11.9,11.9,1.0,271,11.9,0.003676470588235294,0
0b0021fc48717a02bcbd22404ed2f1f3,688f41aa35d278c66448d8c443304f51,2636,sao paulo,SP,1,2017-01-31 20:17:34,76.05,76.05,1.0,437,76.05,0.00228310502283105,0
809826f29570a931ea16432d3d55b167,0821beeb20948f233864186b1d3c06b2,22290,rio de janeiro,RJ,1,2017-03-12 00:06:45,105.9,105.9,1.0,397,105.9,0.002512562814070352,0
366c88e3ee5ed365c8529a9639c8b91c,8797820f6554668a5b835ff74cd077df,96400,bage,RS,1,2017-04-09 13:35:38,46.86,46.86,1.0,369,46.86,0.002702702702702703,0
c9c15abe8d61c9b312ba5dec770a4991,dabfb46e557987c1797d05a1b387cfd3,13232,campo limpo paulista,SP,1,2018-02-17 18:39:22,49.9,49.9,1.0,55,49.9,0.017857142857142856,0
ea462ac018be4dcdfcf916373a1979df,ed8e2b7893049cefa0a660172119ccff,91330,porto alegre,RS,1,2017-08-27 13:51:51,119.8,59.9,2.0,229,119.8,0.004347826086956522,0
74bafbdf42aa593dae40b106baaf020a,f5956e481edfe26b2a8a8035f0ccfea8,21810,rio de janeiro,RJ,1,2017-09-15 14:52:46,38.9,38.9,1.0,210,38.9,0.004739336492890996,0
19a06d501ee9f39a4e1e0b162fdbd6c1,208ed8bf578938c97d49b3429358a424,5145,sao paulo,SP,1,2018-02-04 01:43:58,29.99,29.99,1.0,68,29.99,0.014492753623188406,0
44d7732397bb805d006dadf160428c85,ce73225aa1032f1a5e45f533b948bf8e,17014,bauru,SP,1,2017-11-21 12:47:32,60.0,60.0,1.0,143,60.0,0.006944444444444444,0
7117d38240c00f27406372087b55d1fc,e2f1970303ff34a3af0c1d4c587f6420,1229,sao paulo,SP,1,2017-04-23 18:13:00,179.96,179.96,1.0,355,179.96,0.0028089887640449437,0
5453a9dfe80cc116e6839bd77a6df6e3,be2810893bf47673bed81a75bc20522e,4559,sao paulo,SP,1,2017-02-16 21:51:20,99.9,99.9,1.0,420,99.9,0.0023752969121140144,0
b776843fdda066d35efda05cc6811dc9,5f6a4f13acb9f0596ba33aca50484fd4,22031,rio de janeiro,RJ,1,2017-12-27 11:37:34,59.0,59.0,1.0,107,59.0,0.009259259259259259,0
526441615839170e46ce165be2760060,a214e70576ced674f9ff61d283ab272e,13208,jundiai,SP,1,2018-02-25 16:35:44,157.49,157.49,1.0,47,157.49,0.020833333333333332,0
767f554678ccdff4206b3fb34329219b,310fe886bbd2131a2f0976ed616e60a8,3566,sao paulo,SP,1,2018-03-04 18:43:35,192.99,192.99,1.0,40,192.99,0.024390243902439025,0
94dff73515858def7975ae5c2ec9e752,8cdff5a3a9a6a434a81568b355873dca,91030,porto alegre,RS,1,2018-02-28 11:19:13,59.9,59.9,1.0,44,59.9,0.022222222222222223,0
ad9b393f25ebd743df490421048e5c91,3159faae98c743546432be5a500179a1,5434,sao paulo,SP,1,2017-06-05 22:43:39,14.0,14.0,1.0,311,14.0,0.003205128205128205,0
08ec4e081721ef212d38b5fec3c38ccb,2fc9fb9b48197a04c6d31ae67029e233,95520,osorio,RS,1,2018-03-27 19:48:12,329.9,329.9,1.0,17,329.9,0.05555555555555555,0
20e9296ee6e31e906dd832d82eed92ba,27f610da50d98eb94f1f0745606bc9f1,90560,porto alegre,RS,1,2017-04-24 22:09:33,139.9,139.9,1.0,353,139.9,0.002824858757062147,0
3c008d3dc45ecee73703f2846ef4cf33,5b34e292d74ef57ad8c93f54fd640388,28470,santo antonio de padua,RJ,1,2018-02-28 13:35:46,457.99,457.99,1.0,44,457.99,0.022222222222222223,0
5a9b69b8d07b5b9b2b5c97df75837da1,ed20342b0e962655501a9a62f29e9a3c,6385,carapicuiba,SP,1,2017-09-15 14:28:21,89.9,89.9,1.0,210,89.9,0.004739336492890996,0
3e1f1aa69a22f10ddae5056275448e29,7ee89b8a801ff33528deae962a8a212a,87360,goioere,PR,1,2018-04-06 11:14:10,100.0,100.0,1.0,7,100.0,0.125,0
5e78f8af6f430ad990614cd6a8c882d3,b7d7b6cdeefc2fe237759cfedd2bdb5a,23060,rio de janeiro,RJ,1,2018-01-26 17:46:58,89.18,89.18,1.0,77,89.18,0.01282051282051282,0
1bee2327fc9d466e7cc69c631f6edac4,33fde9c9e4c9c62c02224ec7d84cf29b,37968,monte santo de minas,MG,1,2017-11-11 13:26:34,177.9,177.9,1.0,153,177.9,0.006493506493506494,0
55432010afd9240b386a32618ff487ec,ae6ebd1ea96fc64aaa3e0b502b92bf9c,8150,sao paulo,SP,1,2017-11-07 12:40:52,194.99,194.99,1.0,157,194.99,0.006329113924050633,0
0df186e89fa6f0d7724df6839ad18fe5,2da15ef83ce8831c824aa43f2af3eff1,6690,itapevi,SP,1,2018-01-09 10:47:10,47.49,47.49,1.0,94,47.49,0.010526315789473684,0
56b4e0d69de2103592f10d1e63fec834,3d5ee12ffbcb44147038950c94c9e78d,75390,trindade,GO,1,2017-03-05 22:02:38,72.99,72.99,1.0,403,72.99,0.0024752475247524753,0
fa7ec8b2b45b5b6517357a5c5e82740d,1b2612a1eb1467aba19e5bef0da52217,46280,cordeiros,BA,1,2017-03-17 11:37:13,322.75,322.75,1.0,392,322.75,0.002544529262086514,0
51bb6ad388ce6731e45f77e1392457d8,b2e803d748d08864a69aa128447a1358,78800,poxoreu,MT,1,2017-12-26 12:11:27,29.9,29.9,1.0,108,29.9,0.009174311926605505,0
d3e29a43c924fd6064e10fe50ebc8925,5ad76b2e1b9830ec678ccda420872dcf,77890,ananas,TO,1,2017-06-28 14:43:05,96.8,96.8,1.0,289,96.8,0.0034482758620689655,0
d650366fad052046dd37d7438aaf5f74,75a9e81466dbc644796740cc49bfe8d3,5165,sao paulo,SP,1,2017-09-05 16:18:47,167.9,167.9,1.0,220,167.9,0.004524886877828055,0
7372613925550707111577db9b67af2e,dcd05c6270b396f7e09322ef1c6436a5,11623,sao sebastiao,SP,1,2018-02-10 20:01:43,18.9,18.9,1.0,62,18.9,0.015873015873015872,0
6cde1d78f199f11a10ff3b1673a82cb9,f9d51c7b92fa3e4402b6456d8babfb71,7911,francisco morato,SP,1,2018-02-17 14:24:34,169.9,169.9,1.0,55,169.9,0.017857142857142856,0
bc057e26a901167220c6e4a0b0c3ec5d,095822a49be101736ea0508b80fb827d,9725,sao bernardo do campo,SP,1,2017-11-04 12:33:53,56.99,56.99,1.0,160,56.99,0.006211180124223602,0
a9b884c0cf01e7b65fd39f9d9cfa604d,43b1470546e99dc3b9b5057525f2c8a1,12800,queluz,SP,1,2018-01-29 11:12:03,167.84,167.84,1.0,74,167.84,0.013333333333333334,0
30956f750c3184a07f887007009d003d,7b06939062a079425ad83f54c98eec7e,86938,godoy moreira,PR,1,2017-02-01 14:45:46,1049.0,1049.0,1.0,436,1049.0,0.002288329519450801,0
7c30c73dff64648fbc10d968e6a134ff,92b7da7b9e714a1058a57d34bf048eef,12908,braganca paulista,SP,1,2017-05-18 09:03:32,490.0,245.0,2.0,330,490.0,0.0030211480362537764,0
f4d98068179c2289cd5f050f0ac67644,310647380793836bfa5b7b6b3f518423,14095,ribeirao preto,SP,1,2017-08-25 08:58:52,105.6,105.6,1.0,231,105.6,0.004310344827586207,0
baca33004aa726524d5a891853100559,aa67457bb07fde4e952d67b038135bee,73369,brasilia,DF,1,2017-06-16 21:56:39,56.99,56.99,1.0,300,56.99,0.0033222591362126247,0
cb0ff3021c7b4f63e2e80cb116569537,805a17599708b81dfde688fbfd108029,97610,sao francisco de assis,RS,1,2018-03-26 15:50:00,59.9,59.9,1.0,18,59.9,0.05263157894736842,0
64c3b046e53fead1e450ccccfbe966a6,429e518ce8df99be0112d0a03be13c15,6900,embu-guacu,SP,1,2017-11-27 11:43:42,58.99,58.99,1.0,137,58.99,0.007246376811594203,0
5ab696699d0dd980f653aa7ff7f4242a,33efb0e16539401859f72fc62bfdadbb,13710,tambau,SP,1,2018-01-14 20:48:36,89.0,89.0,1.0,89,89.0,0.011111111111111112,0
bbf5e98dabf1bdac752afc68f8032bda,13aba123512eef450a11646c572fccca,29949,sao mateus,ES,1,2018-04-03 08:37:21,15.0,15.0,1.0,10,15.0,0.09090909090909091,0
de90bb921bd5c53089b9972b56b9a553,3005a11fceeb7ff98ab451424e581af9,6172,osasco,SP,1,2017-07-20 12:05:59,56.9,56.9,1.0,267,56.9,0.0037313432835820895,0
1a8634298e40d90da9a1b11d1434cf2b,734392e6ad28a23030c6d151fa2193a9,40150,salvador,BA,1,2017-07-21 10:25:35,64.9,64.9,1.0,266,64.9,0.003745318352059925,0
a3bbbce815da0de197a60a066006ad75,2f87ccd8d2d676d667a844ee5c6a17bd,95112,caxias do sul,RS,1,2018-01-17 15:54:43,181.0,181.0,1.0,86,181.0,0.011494252873563218,0
df5c9e02596851fcbfc98804e4108bbd,377bdfb2197d3b83c9e3f9502deabcfb,39680,capelinha,MG,1,2017-12-02 14:28:03,89.99,89.99,1.0,132,89.99,0.007518796992481203,0
220e4b027f0294fd79d2869ef67e7db6,123ae28184c9e80638e71d40e37adc27,94130,gravatai,RS,1,2017-08-19 14:06:58,29.9,29.9,1.0,237,29.9,0.004201680672268907,0
da89768d5e47c76c1b3f2694e6c8f6a9,3bfe238d63378a92a404dc5c8ca31944,24030,niteroi,RJ,1,2017-12-28 12:31:49,110.0,110.0,1.0,106,110.0,0.009345794392523364,0
aa1fd99d3fa9ef872384623522665eb2,369356185e190dbcc4ea472ef050dbbc,2611,sao paulo,SP,1,2018-01-07 15:20:44,32.9,32.9,1.0,96,32.9,0.010309278350515464,0
9bc4a258f344f7de44ca841d25a497fd,f372db7693e8b9df2f201a59b1a15c20,70680,brasilia,DF,1,2017-10-24 17:54:41,24.99,24.99,1.0,171,24.99,0.005813953488372093,0
1a455c3578447cae5fde99531bb7dc8d,92b5ede4ff23756b5402ab835e70c887,65970,porto franco,MA,1,2018-01-10 19:48:48,250.0,250.0,1.0,93,250.0,0.010638297872340425,0
094deb5213c87322748379ec26ebd971,3354a3b9e09e5b20d94dbe54c82c4f97,4144,sao paulo,SP,1,2017-07-13 21:08:56,99.0,99.0,1.0,274,99.0,0.0036363636363636364,0
7f17dd631b8dc8b6c16c9d6f98b3677a,a7670e23156051f6da9afc37e7309b2d,7150,guarulhos,SP,1,2017-07-19 12:10:26,105.9,105.9,1.0,268,105.9,0.0037174721189591076,0
a27ccd54971ea41b405fd5560b6cb8f1,dc8424be33dd1873250680c85a3b9376,41741,salvador,BA,1,2017-10-15 17:10:15,269.99,269.99,1.0,180,269.99,0.0055248618784530384,0
b7e54c39cd257eee0fbfea32e550d84b,824f9de4f47ccd2d6b1dc6652e06dfb1,96400,bage,RS,1,2018-02-28 23:30:36,76.0,76.0,1.0,43,76.0,0.022727272727272728,0
8c699d5d2606b7cbfe0e3a8bbf1a3fec,c1cbf369357710c2d505dc826e12bfee,71010,brasilia,DF,1,2017-11-21 22:55:37,699.9,699.9,1.0,142,699.9,0.006993006993006993,0
aae14cc68c254aa377d8a2139e3c7c72,32d981bbadb92a8763089fdbbc16bfa8,24425,sao goncalo,RJ,1,2017-05-06 22:56:18,74.9,74.9,1.0,341,74.9,0.0029239766081871343,0
4410b688abf3a740eb252990826a8947,7331d360e97a82b65299db5272c3538f,22785,rio de janeiro,RJ,1,2017-12-05 16:39:36,166.99,166.99,1.0,129,166.99,0.007692307692307693,0
327927b2dace55da79e24be043558518,d06aa76a7ab34eec540a0a775cc19e53,85150,turvo,PR,1,2017-12-08 23:55:40,8.1,8.1,1.0,125,8.1,0.007936507936507936,0
42b08ad3a6f9efff737693acc37008df,e6b6a948843f2f2758ad5daa69bbfc10,90040,porto alegre,RS,1,2017-02-26 05:12:17,53.400000000000006,8.9,6.0,411,53.400000000000006,0.0024271844660194173,0
59cf1a479d104e38587b9fe9d60febe3,02278b7fe04a285092542fa4313cdc31,96065,pelotas,RS,1,2017-04-03 22:19:08,34.9,34.9,1.0,374,34.9,0.0026666666666666666,0
f4eee7d403366b7c3262786e1e9a2823,f7acdf2975a3796447c80c839233e1fa,35695,igaratinga,MG,1,2017-11-08 11:45:40,253.52,253.52,1.0,156,253.52,0.006369426751592357,0
7d9694032de35cf2f781e1b31b3ac923,2e5cd66074158afdc8628cb5e85f87f3,37800,guaxupe,MG,1,2017-12-06 16:16:52,83.5,83.5,1.0,128,83.5,0.007751937984496124,0
7c81a72e2604e2e4d33c3d3757596c44,cfc4edb67377c3fcbbc3ac1d2012f869,58175,cuite,PB,1,2017-02-07 17:24:22,49.9,49.9,1.0,430,49.9,0.002320185614849188,0
d08fccfa54819f3ddc4a30e30b4a0565,b0b057559c54c99e41a21c40c08f7780,4012,sao paulo,SP,1,2017-06-05 18:44:05,71.0,71.0,1.0,312,71.0,0.003194888178913738,0
855b3bf88a29a543905f5d4f10860f7d,0e3d23c5a3d85e6c0bfea5187cc9c671,5586,sao paulo,SP,1,2018-01-11 11:26:04,122.99,122.99,1.0,92,122.99,0.010752688172043012,0
aecae713f6be29f1cfcf0a7588b1d4ee,af83b040ab2ced118dc7901c6413f370,5360,sao paulo,SP,1,2017-10-24 09:03:47,56.99,56.99,1.0,171,56.99,0.005813953488372093,0
78463bfeb649747e91ee9a424d0edc3c,dc70595c0013b690bc8527b5c2a1a99f,31720,belo horizonte,MG,1,2018-01-22 10:46:14,108.0,108.0,1.0,81,108.0,0.012195121951219513,0
225c0949be781e5efb085b4dacb0a4a8,4c49f71bf9f69f1396223ee87e07f726,5343,sao paulo,SP,1,2018-01-13 13:26:35,150.0,150.0,1.0,90,150.0,0.01098901098901099,0
65b56ee59c6692b5325659ab6acbe62a,5ec4c90f549177a8cbbbc7419353e66a,4305,sao paulo,SP,1,2017-08-03 17:22:24,199.0,199.0,1.0,253,199.0,0.003937007874015748,0
e277b8e4745cacd511e18bd6d7686227,cbdb4e89c4cc2233a6810399ccf28619,26011,nova iguacu,RJ,1,2017-11-24 14:35:10,599.0,599.0,1.0,140,599.0,0.0070921985815602835,0
e23daca049a52fb8f925cd236f37283b,04c5e6911ae15e4dfb5606026781c908,99855,sao joao da urtiga,RS,1,2017-05-28 20:41:16,139.9,139.9,1.0,320,139.9,0.003115264797507788,0
aed30fc350a9f6480062310fc0fc08e9,29eeb84ce6e2f0af62be516556e27c3a,8151,sao paulo,SP,1,2017-11-30 15:54:05,155.0,155.0,1.0,134,155.0,0.007407407407407408,0
6775f5798cafadd32fc2e3faa83124b3,6d2716bce14cb19fa1fc5d55f25d9676,15813,catanduva,SP,1,2017-05-25 14:45:01,42.99,42.99,1.0,323,42.99,0.0030864197530864196,0
6f9141462d41d0efaec49dc8a76a3479,1f2cbf67251c23083af82eb26f9ae46e,9240,santo andre,SP,1,2017-12-25 22:54:49,49.9,49.9,1.0,108,49.9,0.009174311926605505,0
19a5ad83696253b7997c545cb5a3130c,4cf3f56460e76fd3f2ebd3acda22652a,30130,belo horizonte,MG,1,2017-12-27 09:20:18,179.9,179.9,1.0,107,179.9,0.009259259259259259,0
5dd942894bdbcdaa6721a9f078741749,e6b7b4ad596bdf71bfaf868e68bde43c,87240,terra boa,PR,1,2017-12-15 09:06:25,74.9,74.9,1.0,119,74.9,0.008333333333333333,0
a994d209770941c5131c5c658f9370a5,d79b496988df8912c5e52b80440a0853,30310,belo horizonte,MG,1,2017-11-25 17:31:34,140.91,140.91,1.0,139,140.91,0.007142857142857143,0
e7efe6bb17180833851f8987a6ce0f1b,160e82a2606e627111a80c143feee038,70361,brasilia,DF,1,2017-04-22 10:28:31,13.98,13.98,1.0,356,13.98,0.0028011204481792717,0
be6ebc8e1b9d59877654e5e4493976a3,068b769463d8f41482bcd34be57ece04,13208,jundiai,SP,1,2018-01-07 16:12:14,240.0,120.0,2.0,96,240.0,0.010309278350515464,0
15963a62cb3a9bcf6fc25d700bc8a8d4,33430da42f59d45af1988cfb2b9ba1ad,22750,rio de janeiro,RJ,1,2017-12-11 22:24:14,28.9,28.9,1.0,122,28.9,0.008130081300813009,0
c227131c0e81dd2b7daa8be05cd99258,645d7e0681651d0dbd0d183afb5c68b4,13279,valinhos,SP,1,2018-03-15 08:38:34,128.0,64.0,2.0,29,128.0,0.03333333333333333,0
027a90872a3f917170f2e2b912363e88,c499f46cfaa21b18442da5fd70b6115f,13049,campinas,SP,1,2017-10-03 08:05:20,32.9,32.9,1.0,192,32.9,0.0051813471502590676,0
c1b779122d300719d8b8462a6e8d566d,7d1e984a4531da606a7a8defa2605656,3337,sao paulo,SP,1,2017-07-19 19:06:38,79.9,79.9,1.0,268,79.9,0.0037174721189591076,0
493941e03992cc140b88be7a292808c9,beac646283545df90be6dbf8b17668b7,44024,feira de santana,BA,1,2018-03-20 07:44:52,34.9,34.9,1.0,24,34.9,0.04,0
30e32fe96c525e48a18f2595a273b5d2,d83ddb42bf0cac994be9bd2cc41bbfd1,20785,rio de janeiro,RJ,1,2018-01-10 18:49:37,188.0,188.0,1.0,93,188.0,0.010638297872340425,0
16aab56360dc6f3038a11945ae3f04f3,5971177a39d41f2c0b62b8a0d4ccde6a,37540,santa rita do sapucai,MG,1,2017-09-22 09:16:29,65.9,65.9,1.0,203,65.9,0.004901960784313725,0
83a013746849c173ca9305957f463d89,860f75391be5698f015d3b234e7576d6,4151,sao paulo,SP,1,2018-03-22 18:07:42,33.4,33.4,1.0,22,33.4,0.043478260869565216,0
a96d6b1da9c9aaa588d92a1a95e6707e,8056b915d8768eaf54c7f2da7d94687d,13056,campinas,SP,1,2017-12-18 15:35:53,41.0,41.0,1.0,116,41.0,0.008547008547008548,0
bcfcec3fb0e0b631be6276fe010ede54,c1d365220b408879df6a5fb635808e57,6332,carapicuiba,SP,1,2018-03-26 18:15:51,115.0,115.0,1.0,18,115.0,0.05263157894736842,0
bf1a6f9f94f61589f9349a76dd16e657,2dda014d2afe7ff1c7d7d3c5b28284ed,39801,teofilo otoni,MG,1,2017-04-06 19:57:38,27.0,27.0,1.0,372,27.0,0.002680965147453083,0
1dbb6a2e118d81461c712bdb93398726,a86f29fdc92c603fdd3d4f530230644a,23036,rio de janeiro,RJ,1,2017-09-13 08:10:50,119.69999999999999,39.9,3.0,212,119.69999999999999,0.004694835680751174,0
530d41b47b9dda9bc6f31d856f11a527,da10fa9297d68af39135afa6a3161298,13185,hortolandia,SP,1,2017-07-29 18:05:07,56.99,56.99,1.0,258,56.99,0.003861003861003861,0
002f90a6eb386bc43bc9ba200db31a89,bd3001c423ef9a9092b0a5158f1ccdf6,4929,sao paulo,SP,1,2017-06-15 23:59:20,119.80000000000001,59.900000000000006,2.0,301,119.80000000000001,0.0033112582781456954,0
ba6d7660aeee1f85045003b1c0c8b5b1,8b349abdfed2d9090a0428cb91ec7db3,74180,goiania,GO,1,2017-11-24 15:41:03,15.9,15.9,1.0,140,15.9,0.0070921985815602835,0
b755c5f04fe5e214d68445fb210d512a,a3f4ba0143a3650588df81509d44c7c9,5365,sao paulo,SP,1,2018-03-25 21:30:24,129.8,129.8,1.0,19,129.8,0.05,0
5c6883845330d5c96c5447279c330b41,03f17b0812f994b4416281e6f2279cb9,15570,cardoso,SP,1,2017-11-28 13:17:30,235.9,235.9,1.0,136,235.9,0.0072992700729927005,0
07fbc7cbc612a13023ce69a6573ddf2d,94817b86ce5a7290974cb59b0780f4ff,12040,taubate,SP,1,2017-08-30 18:41:51,22.0,22.0,1.0,226,22.0,0.004405286343612335,0
a87ae15da100fdfd87ebfbbbc3b1c3f4,708c9e7274b15cc6759512864a80ca5e,91520,porto alegre,RS,1,2018-01-10 15:14:37,109.9,109.9,1.0,93,109.9,0.010638297872340425,0
a4a5788a4c236f3ff367fdd26547577c,c29b778bfd6975fc29309aa68ce952c3,76400,uruacu,GO,1,2017-08-30 00:24:51,158.0,79.0,2.0,226,158.0,0.004405286343612335,0
74b207275c96418c3b8cf697b75db94c,ccc0bfa155686baf816eb6d8ae01e2e5,5625,sao paulo,SP,1,2018-03-26 08:23:01,443.0,443.0,1.0,18,443.0,0.05263157894736842,0
143fdaaf1a8b9e8905183ee2714d3647,66cf8110aa095f9456d89b7ca697d3a5,82410,curitiba,PR,1,2017-11-27 18:39:56,37.79,37.79,1.0,137,37.79,0.007246376811594203,0
8bb04acf8749d480b0952313c6226bd8,7a8d01c31a2be6552ee739b6f9001094,20230,rio de janeiro,RJ,1,2017-11-24 13:31:04,296.9,296.9,1.0,140,296.9,0.0070921985815602835,0
079398086249945a3ef432ae14ecac00,89672d977dd21afa429505c66a1abc17,88495,garopaba,SC,1,2017-07-07 12:48:06,23.98,23.98,1.0,280,23.98,0.0035587188612099642,0
f83fe3dc158f7a731bacc84356f5c5b3,2702159cd4dcad176e94484d993e117b,26225,nova iguacu,RJ,1,2017-11-24 10:53:41,126.0,126.0,1.0,140,126.0,0.0070921985815602835,0
98c06da4bc9caeddc4b8d92ab42b6bc7,8ffd6eb40d4628ad3d4e229b8c363a86,4296,sao paulo,SP,1,2017-09-11 23:30:04,55.0,55.0,1.0,213,55.0,0.004672897196261682,0
1a7bab6bcb194aaba51c9e90c7d27340,efa29f8356b5e800a8f7e8e35b29690e,28080,campos dos goytacazes,RJ,1,2017-12-06 17:17:11,52.0,52.0,1.0,128,52.0,0.007751937984496124,0
e84338f7bbffc375080368e46b22c37c,98c649b3e1f11a006815cefbba97acc6,14095,ribeirao preto,SP,1,2017-11-12 21:31:27,108.0,108.0,1.0,152,108.0,0.006535947712418301,0
12a9b33607c2fec94977963045396299,5bf9347f1623a50060ce723051f47f0d,26087,nova iguacu,RJ,1,2018-01-02 16:02:11,34.99,34.99,1.0,101,34.99,0.00980392156862745,0
2d2622ca8b7ae3317a869976c5513dc5,01b51b6ca4757ff714f2a54043e5c7b4,12912,braganca paulista,SP,1,2018-01-09 09:33:17,129.0,129.0,1.0,94,129.0,0.010526315789473684,0
17effd274d2fba6bd4b91ac477f63991,da5d6f1b3e1b8fd034ca96eadb28eed3,33200,vespasiano,MG,1,2018-03-02 13:11:03,35.0,35.0,1.0,42,35.0,0.023255813953488372,0
0c2c4e24715435524ad8df79a4ff9c39,3a72453c8e598485547faee4d5a8ce22,22231,rio de janeiro,RJ,1,2018-03-15 07:22:00,449.99,449.99,1.0,29,449.99,0.03333333333333333,0
61ce49dcce76346660f215f28aa3ec82,16bc73d5882bc42c3a9ef2ab8a096df2,3526,sao paulo,SP,1,2018-02-08 17:31:19,108.99,108.99,1.0,64,108.99,0.015384615384615385,0
4574518f4c6e0eef440e205139e125d6,b6bb8e4780df00a25fa34335d3dc1330,7093,guarulhos,SP,1,2017-09-12 16:04:11,55.0,55.0,1.0,213,55.0,0.004672897196261682,0
dacd221c6e61590fc4e70e6a64926dd4,45ca4053806ecd0f595c633184e0ff61,18017,sorocaba,SP,1,2017-06-26 17:43:29,149.0,149.0,1.0,291,149.0,0.003424657534246575,0
6065549b74cda90a4ffeb7da736c69c0,fd0e843308b676214ea30ea480295e3e,94450,viamao,RS,1,2017-02-19 11:03:43,15.75,15.75,1.0,418,15.75,0.002386634844868735,0
2c32dba7a49f14ff6c477b91e8a7fb06,27882b4ede2bb2b11fbd9aaaa970a666,1047,sao paulo,SP,1,2017-10-27 12:38:18,389.98,194.99,2.0,168,389.98,0.005917159763313609,0
a782abb7735faf6aae9beef3c0fb03eb,1829912005bf614b746ee2e4c64e5f35,49045,aracaju,SE,1,2017-08-07 19:27:17,19.99,19.99,1.0,249,19.99,0.004,0
6ab85b3fac14f117ea275b5a35503073,4eaa7b320f62557958f289a09f1cf919,29101,vila velha,ES,1,2017-12-02 13:53:36,59.9,59.9,1.0,132,59.9,0.007518796992481203,0
b83d81162b634d3fd3dafcc76039dc18,40c2b8520867eaa88f7a1812e16825a4,89400,porto uniao,SC,1,2017-07-18 23:16:31,49.9,49.9,1.0,268,49.9,0.0037174721189591076,0
5a2e36e29494ce0f03e22c7f28df6617,620ad450a89bab5e7ec65b56a4e43404,97070,santa maria,RS,1,2017-06-23 09:23:10,71.69999999999999,23.899999999999995,3.0,294,71.69999999999999,0.003389830508474576,0
c305237d42bf1fbafd47e1dd16046978,c5a2e92bbe86665e7d28cff81737e94f,41290,salvador,BA,1,2018-01-22 14:16:34,149.0,149.0,1.0,81,149.0,0.012195121951219513,0
cc12f903cb4dfe438e7cda0765a8cbdb,ed526515060fdd64cf35698e321386df,20560,rio de janeiro,RJ,1,2018-02-08 19:45:42,219.0,219.0,1.0,64,219.0,0.015384615384615385,0
8b13d2050940cb8d6a7203e69f279254,e1bd9953029d9683b41f570e717f82ff,35960,santa barbara,MG,1,2017-10-23 16:29:52,239.0,239.0,1.0,172,239.0,0.005780346820809248,0
25a6d4599c06263efe994de519d09ea4,c4d723b23a4efe6a8abbdc547840c4a1,72016,brasilia,DF,1,2017-07-26 11:58:49,79.8,39.9,2.0,261,79.8,0.003816793893129771,0
cc0bb28cdfe5d4b253bb404efb6477a7,a38c8a263448fedcedc6e360a386d273,24422,sao goncalo,RJ,1,2017-10-13 21:08:03,129.0,129.0,1.0,182,129.0,0.00546448087431694,0
9050ff09700689cfe2d4ecab1008fd0b,6c3213e6bdbc378b1953840c7133ace5,86200,ibipora,PR,1,2018-02-27 19:48:43,35.9,35.9,1.0,45,35.9,0.021739130434782608,0
1c9eecbc0afba71d4f1402106b1b36b2,cb473287ca9bb51049f0f09e4e1fb7bc,86300,cornelio procopio,PR,1,2017-06-11 13:50:00,11.99,11.99,1.0,306,11.99,0.003257328990228013,0
b6c95d663490247548044b86ac95cd35,ae86ea015d6b828cec35acaf2dcfd62d,88061,florianopolis,SC,1,2017-09-19 15:22:35,13.99,13.99,1.0,206,13.99,0.004830917874396135,0
91fa40257e77a974dc662e0012ae90c4,c4b58a6222c0dde3a93d032e15b1443d,26900,miguel pereira,RJ,1,2017-04-24 00:15:05,99.99,99.99,1.0,354,99.99,0.0028169014084507044,0
9318d7ebeca20debca17481db66bfe65,222e0b86b155d2652dedfd54262301bf,6149,osasco,SP,1,2018-04-06 18:14:21,13.99,13.99,1.0,7,13.99,0.125,0
227d084a3c26346a30c2d1007073b49a,61c89c63cafc790e23b1924e816df9b9,37540,santa rita do sapucai,MG,1,2017-04-11 19:48:11,59.9,59.9,1.0,367,59.9,0.002717391304347826,0
89c85c6028bef4a62418ce026c9caf3c,ac153167ab6f04e46a986df3afcdbd13,5415,sao paulo,SP,1,2018-04-11 14:14:06,122.99,122.99,1.0,2,122.99,0.3333333333333333,0
f408514ea6598d6b04a3ff8f2a2ae7aa,17612dfc44c7617bea6742ac440e2c6d,1421,sao paulo,SP,1,2018-02-26 19:47:11,43.0,43.0,1.0,46,43.0,0.02127659574468085,0
80946cbd8d20161272e3dcdcb1777517,b2c59485a6c797464a23de924cb1a490,73865,divinopolis de goias,GO,1,2017-05-10 10:25:20,79.0,79.0,1.0,338,79.0,0.0029498525073746312,0
19a5ca80cf395c030351690c416e5a7e,9eff28e46bd86366c63f7d4720551dfa,65304,santa ines,MA,1,2017-12-13 19:35:35,159.0,159.0,1.0,121,159.0,0.00819672131147541,0
51099d172d85ee8e5693acfcbbd0f0a9,baa50e17cfa4f8b6b85de04660cecd40,19820,taruma,SP,1,2017-03-30 22:38:45,65.9,65.9,1.0,378,65.9,0.002638522427440633,0
5342683414d08cd3656392950ecd915b,c1247f49e4171bb71b390a4eea026a56,14540,igarapava,SP,1,2017-11-04 14:36:45,142.5,142.5,1.0,160,142.5,0.006211180124223602,0
3e3ccfeb474d77e0c85a7c2cd541dc1e,36150719926e7a6629d0a4adcbb037fb,3122,sao paulo,SP,1,2017-07-31 00:53:44,99.99,99.99,1.0,256,99.99,0.0038910505836575876,0
bd96ad9d1c5bc76bc56f5becb99f39e9,a773296d120fe60ee49a4cf09c57d3a0,9241,santo andre,SP,1,2018-04-04 20:16:29,199.9,199.9,1.0,9,199.9,0.1,0
02286830664a352f63ecd02e620fa897,a88316db56228d4cec6935b97df4e487,65076,sao luis,MA,1,2017-11-12 19:16:50,151.2,151.2,1.0,152,151.2,0.006535947712418301,0
16f8771e0120d9557103d473bc8c4833,d4d00a249e8abd766afec7be3bf462a4,74953,aparecida de goiania,GO,1,2018-02-10 15:34:07,13.65,13.65,1.0,62,13.65,0.015873015873015872,0
0028ff36263a86bf679df7c863a0a0ba,0659763dba9821af49728668716e1084,28895,rio das ostras,RJ,1,2018-04-12 17:16:49,52.0,52.0,1.0,1,52.0,0.5,0
a151d0a2241b8c783549d938fc850ad8,df8ee448f15f35b1ece2842ceb07f522,59430,lagoa de velhos,RN,1,2017-07-27 18:11:15,199.0,199.0,1.0,260,199.0,0.0038314176245210726,0
4c3a69a70ab3aafd4c7024377c9c9821,dbd83295ef91a610b2800dc2adc2968e,14022,ribeirao preto,SP,1,2018-02-16 08:15:12,149.9,149.9,1.0,56,149.9,0.017543859649122806,0
a480d7510ff88ed0d99ea92591143f07,6f025f5d46df16f86dbd6d28c9795a09,2712,sao paulo,SP,1,2018-02-21 15:12:29,39.0,39.0,1.0,51,39.0,0.019230769230769232,0
ea11bf0c8fca4333b3f7faf02b228c3e,f7d2fc6f0a2778f53d2a6bfc27bd0e8c,35960,santa barbara,MG,1,2017-05-16 15:09:18,169.9,169.9,1.0,332,169.9,0.003003003003003003,0
2ab287664f47af4b8998ec02158469be,578035514ad8238fa724f24b4aabc1df,88705,tubarao,SC,1,2017-07-22 17:55:15,20.0,20.0,1.0,265,20.0,0.0037593984962406013,0
1dd87680282666e5a52fd7f3a8abfe19,bf92f410920092937583ee1f422b3750,65609,caxias,MA,1,2018-01-10 20:50:19,43.0,43.0,1.0,93,43.0,0.010638297872340425,0
cc27bf63205ccfdc2bd7bc007c8b775a,09b574d99c2a1693f03cf6f049bb4979,48880,santaluz,BA,1,2017-11-19 20:13:45,84.99,84.99,1.0,145,84.99,0.00684931506849315,0
fff0f9fbcdf9cfe4d9328bd3a7af71d7,0cb95f1e2d716b9f4cf002be8cee2d54,39620,medina,MG,1,2018-02-17 12:21:28,144.41,144.41,1.0,55,144.41,0.017857142857142856,0
fc87af337f289b3b613626426c66d14d,7f01127b1d7b255b673e483fa16e93d8,36400,conselheiro lafaiete,MG,1,2017-11-23 13:43:15,19.9,19.9,1.0,141,19.9,0.007042253521126761,0
7ffef7ba261467851a207fb18744f4f4,f96d29cf212fd3bf81be5f1562001224,80240,curitiba,PR,1,2018-04-05 15:52:01,140.2,140.2,1.0,8,140.2,0.1111111111111111,0
3cc640f13134a74f3bc34b9b0094d412,30e4588900a8ceade11dbe60525d107e,55400,catende,PE,1,2018-02-15 23:27:21,89.18,89.18,1.0,56,89.18,0.017543859649122806,0
04445deee7383ac75ad3026150466867,cea1537ac1a5e083b8626a93f85475cc,11320,sao vicente,SP,1,2017-12-06 16:08:05,33.0,33.0,1.0,128,33.0,0.007751937984496124,0
5fce67dca9a87b02a48c4c507abb355b,d50da5d9949a8e29e6fdbfd6e50ed2fd,8310,sao paulo,SP,1,2017-03-31 07:18:02,64.58,32.29,2.0,378,64.58,0.002638522427440633,0
abcbd85506e144160bee308811967a35,d1e42b8f9befb604b34577479827d5e6,1313,sao paulo,SP,1,2017-09-19 23:46:28,79.9,79.9,1.0,205,79.9,0.0048543689320388345,0
9cff8d557e02418fe939f23fafe35735,a7547e6f596bde81048df8859f5e2df4,58416,campina grande,PB,1,2017-05-13 21:23:34,89.99,89.99,1.0,335,89.99,0.002976190476190476,0
e71bc052424770177302796c5867257a,959516ad250b4c7978d15055cb9789e3,68904,macapa,AP,1,2018-04-10 16:18:42,45.9,45.9,1.0,3,45.9,0.25,0
383336a9e5a474511f40c413fe6db79d,7234f36b4df6119046306299e74ab5ee,60441,fortaleza,CE,1,2018-03-19 12:50:41,12.6,12.6,1.0,25,12.6,0.038461538461538464,0
66bedeedb8b2f83e37860634125050c7,d5803b21d09eaceb67d505173158bbf0,6276,osasco,SP,1,2017-03-25 17:51:57,43.9,43.9,1.0,384,43.9,0.0025974025974025974,0
e5185a1a40478261515279df8ae25a9c,c08a07cde4be8191214bc4ad34aad841,86704,arapongas,PR,1,2017-07-28 22:02:32,134.9,134.9,1.0,258,134.9,0.003861003861003861,0
9ea52a177d36577d2396cad28e68a4e0,db5076501cb0022f454d85f4096c6584,88352,brusque,SC,1,2017-04-13 19:41:54,18.9,18.9,1.0,365,18.9,0.00273224043715847,0
7220c5e391b6c80f16ffcca8a67a3382,2699b77563fd2f76debf0cf2111d5c2d,87113,sarandi,PR,1,2017-10-12 11:18:32,329.0,329.0,1.0,183,329.0,0.005434782608695652,0
ebdd7cfdd27befeb9dc8fdb6e639b145,ae7953229203866c77c572165c3e5a4a,88180,antonio carlos,SC,1,2017-07-28 09:32:41,85.9,85.9,1.0,259,85.9,0.0038461538461538464,0
bab7a84c462498deb31eef36223fd56a,9e3e66c81aeb17f3722efca5053de8f4,31330,belo horizonte,MG,1,2017-03-14 22:26:56,20.9,20.9,1.0,394,20.9,0.002531645569620253,0
9f330d42596f0b57e974509bac9c17da,96da15363c1394365e691b6ca3b8dd7b,13405,piracicaba,SP,1,2017-05-18 12:13:20,335.9,335.9,1.0,330,335.9,0.0030211480362537764,0
b9a97a1bf65615341a2c052368e650fb,8af6d959c838339fd4f62435e44b1fb5,98700,ijui,RS,1,2017-10-15 22:41:59,129.9,129.9,1.0,179,129.9,0.005555555555555556,0
b75bc7bae07714f99400b0556dd05ff4,3b295e63da0b0a6e4ca92a7695e71a6b,29192,aracruz,ES,1,2017-05-06 15:13:22,89.18,89.18,1.0,342,89.18,0.0029154518950437317,0
bbdbc21c0d067bd705b5aaff781709c9,fb0ee3da1096d44aeb3bda500a7d33d0,37280,candeias,MG,1,2017-07-31 16:05:08,99.9,99.9,1.0,256,99.9,0.0038910505836575876,0
cec841303d49ca5ab4756e8fee1fc554,9401f50e506539002baf51c87eeda30a,96505,cachoeira do sul,RS,1,2017-12-21 16:15:32,79.0,79.0,1.0,113,79.0,0.008771929824561403,0
1318fd61a82a479edaff00217376c052,633965a3dd93f01be3a94fc5b0a5f5d6,86900,jandaia do sul,PR,1,2018-01-20 17:38:58,348.0,87.0,4.0,83,348.0,0.011904761904761904,0
e63c9356c91bbacc75f86545e28b2dd8,5ad0e968609e6a0cfe73c6274efb7a27,75710,catalao,GO,1,2017-11-07 16:31:50,339.0,339.0,1.0,157,339.0,0.006329113924050633,0
fffb97495f78be80e2759335275df2aa,627d9a9da9965b0849f7551e4d325cca,31140,belo horizonte,MG,1,2018-01-16 14:51:35,45.9,45.9,1.0,87,45.9,0.011363636363636364,0
2046f63743ee0e7925fd2575cb194fcd,2b8b1eb7ab53ac16a2b1e60e3ab0c4fb,28970,araruama,RJ,1,2017-11-01 18:32:13,57.8,28.9,2.0,163,57.8,0.006097560975609756,0
a60a9da6cce214757a5bbf389df1c45b,b98a8bd06ac525882cb2a826e8f4a7c0,30380,belo horizonte,MG,1,2017-10-17 08:28:00,0.0,0.0,0.0,178,0.0,0.00558659217877095,0
13ff24cdf0f2387256f8f193b6e1bdaf,70ba951817e5c091b68290e59cd03b2b,19910,ourinhos,SP,1,2017-06-01 23:10:52,89.9,89.9,1.0,315,89.9,0.0031645569620253164,0
57cc8bffffb6658309f62558280029dd,7bbb9bb28c3a6caa6bebc1fdfd9bf032,6813,embu das artes,SP,1,2017-12-20 00:56:36,71.0,71.0,1.0,114,71.0,0.008695652173913044,0
5964c075c70c23bd07753f8cd1503c55,7b24ce24de1cd6537bb9cf370a8f05f1,4038,sao paulo,SP,1,2017-05-23 08:19:07,49.9,49.9,1.0,325,49.9,0.003067484662576687,0
f612c18e7425b557b4137950a546bd13,c8a3f9657d3bc1f4b7343859648b5c9c,66080,belem,PA,1,2017-06-13 09:46:55,26.9,26.9,1.0,304,26.9,0.003278688524590164,0
92b93355d2f02a8f871ea3b01fea701b,df23163cd20b2c1eb7c2a461618f5682,9847,sao bernardo do campo,SP,1,2018-03-02 10:29:33,29.0,29.0,1.0,42,29.0,0.023255813953488372,0
74d5d9bcc8e0bcc424974010327b7376,661b02fffce838354a8d1b32fed65757,93821,sapiranga,RS,1,2018-03-28 15:07:06,209.0,209.0,1.0,16,209.0,0.058823529411764705,0
53d7f82516d4a6e86839d3bc7194b877,8ef068d2731397694cedb7882c490783,8507,ferraz de vasconcelos,SP,1,2018-01-07 08:53:53,169.9,169.9,1.0,96,169.9,0.010309278350515464,0
bc7342cd2513951daf6234923692eb2d,4eb3cb72d0b7090334669fd4b36b7c0e,75890,sao simao,GO,1,2017-12-15 18:18:38,129.9,129.9,1.0,119,129.9,0.008333333333333333,0
d39c97549a412a82dacf30fe5f144cb0,91ffaf5eb7f4bd6a48b07f3546fb7a99,65415,coroata,MA,1,2017-09-04 15:17:12,229.0,229.0,1.0,221,229.0,0.0045045045045045045,0
acb4334d42e78620fd025c2da7847bd0,1935ab012c65b828a0ad8417e5cd7991,61933,maracanau,CE,1,2018-03-03 20:24:24,154.08,154.08,1.0,41,154.08,0.023809523809523808,0
cfedf8fc9bf6108c3fd34514c00be6aa,76c9a12722537319e44c31e70b7815c3,13960,socorro,SP,1,2017-08-15 22:42:16,42.79,42.79,1.0,240,42.79,0.004149377593360996,0
d5d283ecd2ff8e6ade52ffd58cdcbf28,9a018c047edb18925c5ce2c9e46ecaf9,52390,recife,PE,1,2017-08-21 21:06:36,199.9,199.9,1.0,235,199.9,0.00423728813559322,0
b36a66381596ca6824c2ed8059e2a63c,54ff310c4932ed14b0ce31080dd5f4c3,39935,santo antonio do jacinto,MG,1,2017-07-02 13:30:49,98.9,98.9,1.0,285,98.9,0.0034965034965034965,0
e97a76910029690bc1f5b67376c38af5,051bc94e9cd865806bba8eeefb336d0a,18285,cesario lange,SP,1,2017-01-19 21:48:41,29.4,29.4,1.0,448,29.4,0.0022271714922048997,0
71d824a92863847504035325c4865f7e,4786095d5d01fa91f67a87184280f6ff,30840,belo horizonte,MG,1,2017-03-05 16:46:02,29.99,29.99,1.0,404,29.99,0.0024691358024691358,0
b780a7d8b32ede7bd4edd751c7765172,41870f4536c0b2734b7f5eac01b7fc54,28912,cabo frio,RJ,1,2018-02-05 18:54:26,179.7,59.9,3.0,67,179.7,0.014705882352941176,0
0a1127a5879366e0555a171030b885a6,ded24619533c8eb2c88e4613658ed9ce,4937,sao paulo,SP,1,2017-08-19 17:06:53,59.81,59.81,1.0,237,59.81,0.004201680672268907,0
3146904311eaf296187c7c7768d78210,d76e210ebe61090af26f1d71d1e396b9,76958,nova brasilandia d'oeste,RO,1,2018-02-27 09:57:31,88.9,88.9,1.0,45,88.9,0.021739130434782608,0
190db53dda370cac90e3b6a5c431dcbc,e76e4da64a75aac84bd07e06fb156271,23081,rio de janeiro,RJ,1,2017-07-22 19:11:55,49.0,49.0,1.0,265,49.0,0.0037593984962406013,0
fccc73b03ac8329be1c7b98011fd9638,59d0ac3d3078070efee3b06a5a77c035,40310,salvador,BA,1,2018-01-26 11:25:56,21.9,21.9,1.0,77,21.9,0.01282051282051282,0
e13b0fd350de97656a7df959c705ea64,4ae89c16f727607c96737773c2713f67,63700,crateus,CE,1,2017-08-04 09:49:27,899.99,899.99,1.0,252,899.99,0.003952569169960474,0
f8b4a24fe1e43e25a94ceff98545fc1e,97fa03cbfede93a3c8a4173d76a365a7,2245,sao paulo,SP,1,2017-07-24 00:42:41,109.9,109.9,1.0,263,109.9,0.003787878787878788,0
7ecc321c63fd550c376cf32e222e0dd1,b3af28deef7b9791c949a22be94a96ae,37980,cassia,MG,1,2017-11-24 20:45:06,29.0,29.0,1.0,140,29.0,0.0070921985815602835,0
26445343c024875dba1b18ad8178b905,0e978f668765bf63bf5376a00629a594,12910,braganca paulista,SP,1,2018-03-27 15:40:33,57.05,28.525,2.0,17,57.05,0.05555555555555555,0
e0ac205752138fe132560b033be7f9d4,661d61e36af76f870eb3ad6c7b8199ea,95780,montenegro,RS,1,2018-02-23 12:46:42,89.1,89.1,1.0,49,89.1,0.02,0
9a27f37ace12e5522df5a9d5bbedbfb5,d75acd4c5b7b4dfd32b9d9172b195419,2082,sao paulo,SP,1,2018-04-07 15:24:30,45.9,45.9,1.0,6,45.9,0.14285714285714285,0
89f02b0138f4585547efe6007692639f,356996e9faf14b86bdd44a5377e24f1f,11704,praia grande,SP,1,2018-01-27 17:29:35,39.99,39.99,1.0,76,39.99,0.012987012987012988,0
83901f425d913fa2261031ae7d879018,85808a20360c40e2e09a9b176ab2ecbb,9176,santo andre,SP,1,2018-01-26 00:26:59,29.9,29.9,1.0,77,29.9,0.01282051282051282,0
1c0e9c6e7bde47b5745198ab7e521c1e,4255dc78553d2edc85b76fea8642684c,9941,diadema,SP,1,2018-03-11 07:54:57,15.8,7.9,2.0,33,15.8,0.029411764705882353,0
1a0bc7cbd12289b4c6429ca29e1b9b84,93a5ea38aa18766f18d2c3cb70035e81,27525,resende,RJ,1,2017-08-27 14:59:43,9.9,9.9,1.0,229,9.9,0.004347826086956522,0
e0e0469747218021e8f9b9a240ebb93e,3a86e521e0c622a87ffbcba420ce8d18,14787,barretos,SP,1,2018-01-31 19:20:31,848.9,848.9,1.0,72,848.9,0.0136986301369863,0
50a7be6f38894cc62d45f7df9a48d436,b634a30cb90c1cbbff45bf9417cff90e,5017,sao paulo,SP,1,2017-09-14 11:19:55,49.8,49.8,1.0,211,49.8,0.0047169811320754715,0
a5721a359e975fa760eed74e21cc4bc1,7747498b010895040e48fbeceabc0768,39800,teofilo otoni,MG,1,2017-11-07 18:29:08,36.79,36.79,1.0,157,36.79,0.006329113924050633,0
bd7dc1694b09e3cef45723eb8a5d579f,6590476e3e28a735aae1f7299800451a,35179,santana do paraiso,MG,1,2017-08-11 22:40:25,69.0,69.0,1.0,244,69.0,0.004081632653061225,0
e65366d6108f8f7456d6c14f330ccfc9,fb4f6ee2ee6ca62de0a0cbd319cde779,28300,itaperuna,RJ,1,2017-05-19 20:46:52,59.9,59.9,1.0,329,59.9,0.0030303030303030303,0
8579fef79f526c8ab26376006604d040,81c8a13965f7a71bbaa1b7ae76e839c3,78058,cuiaba,MT,1,2018-02-13 00:59:36,27.99,27.99,1.0,59,27.99,0.016666666666666666,0
03d3a988c4d392b88975238160a947f0,0da0e3cb898f1019529c5e5e738edc8c,97300,sao gabriel,RS,1,2017-08-02 22:53:35,59.9,59.9,1.0,253,59.9,0.003937007874015748,0
2b01b5fb8141bbb9fcdc853a0e26da83,9b61cfcf9bc923fed1c1c8d38fab5a1c,29176,serra,ES,1,2017-06-29 21:26:38,89.9,89.9,1.0,288,89.9,0.0034602076124567475,0
80ff1923dab20bed7da50c8604a6ec9d,730302baf98f8fe7701c1f3157ce048b,12949,atibaia,SP,1,2017-03-20 21:35:37,37.9,37.9,1.0,389,37.9,0.002564102564102564,0
083d0767ee04f4a01cc28835dc32d6b4,e6b176f00ad708dab08998ac633b71bb,8490,sao paulo,SP,1,2018-04-07 19:57:43,16.0,16.0,1.0,6,16.0,0.14285714285714285,0
bbab0e16e150f2c43a5250b0e586f839,f4156bff6a2809fadf8643fe23ff40ae,45455,itamari,BA,1,2017-09-06 21:30:23,29.0,29.0,1.0,219,29.0,0.004545454545454545,0
f4fd1f42308fc47dee6d73ae1f6c9883,c57aa906e4aca12c46c1c6891db2c8a7,9130,santo andre,SP,1,2017-08-05 11:04:36,37.99,37.99,1.0,251,37.99,0.003968253968253968,0
b5ee7c7591fdcbe0ae67b9b4cd18ba8f,ac3535b87084628fab1d655998d12eca,35030,governador valadares,MG,1,2018-01-14 17:09:25,278.0,139.0,2.0,89,278.0,0.011111111111111112,0
f1e670dc0f4e42fa6931d6f01d7b479d,0e8e39f29af13332fc090aa842216645,11035,santos,SP,1,2018-03-20 18:15:18,13.69,13.69,1.0,24,13.69,0.04,0
4f45750d162d7f0bed9188422896ecdc,adfa74df17c1758b5ada5220b717806a,99500,carazinho,RS,1,2017-10-29 22:50:59,142.5,142.5,1.0,165,142.5,0.006024096385542169,0
37477516d7b6f959ce137f49f1842a72,569bf09fd6fb8d6be955c5faad22d866,9450,rio grande da serra,SP,1,2018-02-08 10:08:50,39.0,39.0,1.0,64,39.0,0.015384615384615385,0
6ae91e04653dc3a0c205363ffff0081f,1dde89b524bd2ce5480df99d22539136,28911,cabo frio,RJ,1,2018-01-23 08:42:54,60.0,60.0,1.0,80,60.0,0.012345679012345678,0
b2df53a0d86cbc9c48616392a6e57c57,9066d003674f53303ec2ac527e940a5d,75830,mineiros,GO,1,2017-02-08 14:41:53,10.0,10.0,1.0,429,10.0,0.002325581395348837,0
5059378df49d90c06ff62b87ce33205b,2e4abe9d674b4655fc04dc7daf05128a,37500,itajuba,MG,1,2017-02-08 11:40:35,398.0,398.0,1.0,429,398.0,0.002325581395348837,0
c1a5f27b64582f59e32f853f93500a8e,add472e8f6fd13def1c4eac4d335f75a,85835,jesuitas,PR,1,2017-05-22 08:31:33,132.7,132.7,1.0,326,132.7,0.0030581039755351682,0
c4cee4edee9d85a78db3eb7990444595,7c61cd692de43ac73e9f036d3a338c93,39530,rio pardo de minas,MG,1,2017-08-22 12:09:09,45.0,22.5,2.0,234,45.0,0.00425531914893617,0
d8a80fca5d64fffc7ff51bc538b19930,d048def64d647ec7deb0270ca739e0c6,18074,sorocaba,SP,1,2017-08-02 20:49:12,112.49,112.49,1.0,254,112.49,0.00392156862745098,0
3e49d94c6d8ad4a1f5589db832772317,77479db0fa60ddc453f3743abc02be23,20940,rio de janeiro,RJ,1,2017-05-30 18:18:36,44.9,44.9,1.0,318,44.9,0.003134796238244514,0
f8be79366225c3a37623f18429daeb5b,39d5cfa320ebb807e90def8ad59af14d,23094,rio de janeiro,RJ,1,2017-11-15 12:14:59,85.0,85.0,1.0,149,85.0,0.006666666666666667,0
b4c4eac1c50f31216707a413ab2706bd,b778721e39088e17ff825a3f74946398,88056,florianopolis,SC,1,2018-01-05 21:29:54,69.9,69.9,1.0,98,69.9,0.010101010101010102,0
ee0285bcfb8ab655fd93f2275a1c6321,0d4ee85e3254ce40ca2d06465048f943,40283,salvador,BA,1,2017-05-07 23:32:33,13.98,13.98,1.0,340,13.98,0.002932551319648094,0
e748bee251c369a98cd9b20671605f10,1d8ce2a8a99176b4f5cbb95657780a2e,13230,campo limpo paulista,SP,1,2017-12-29 14:28:27,41.99,41.99,1.0,105,41.99,0.009433962264150943,0
9c55162e2ffd72a9b9cfd56326417382,2170922656586292d377740ae239c5fb,32017,contagem,MG,1,2017-08-30 21:14:32,114.9,114.9,1.0,226,114.9,0.004405286343612335,0
615d41b291075c1c126f20c616625a12,b388ef1fc20ac12fa9fb8bd448d2f961,39625,itaobim,MG,1,2018-01-26 11:53:56,299.0,149.5,2.0,77,299.0,0.01282051282051282,0
c655482e341138b41ea3240ccc43132c,27036d1c86d799c8d8ad95e02eb26c4d,25720,petropolis,RJ,1,2017-06-02 13:45:50,99.99,99.99,1.0,315,99.99,0.0031645569620253164,0
55e2db26414f3481723018e15279c9a9,d221aa4a83c4a82b0c28e332645d794e,14160,sertaozinho,SP,1,2018-01-30 13:45:20,360.0,180.0,2.0,73,360.0,0.013513513513513514,0
b61886a49fa36917b1b64687c871e8f3,cb5c545d96f39390b7f372aaa88c4a7e,13203,jundiai,SP,1,2017-11-01 16:00:04,40.0,40.0,1.0,163,40.0,0.006097560975609756,0
c21e32dc14bf1951f1cde9b3d149f35b,e3473cd317c18ca696e241815aed4de1,50710,recife,PE,1,2018-04-02 22:55:40,69.9,69.9,1.0,10,69.9,0.09090909090909091,0
21bdba219d8d2f0f3795d2d97d8e30d4,5d1732050eefd91d4c005a4adce0eed2,22231,rio de janeiro,RJ,1,2018-02-08 19:10:12,154.8,77.4,2.0,64,154.8,0.015384615384615385,0
7c7856f9a967460c46d270ec2e67dd7c,3e626615eff8fd5206108ee715584f39,13802,mogi mirim,SP,1,2018-02-13 21:51:49,99.8,49.9,2.0,58,99.8,0.01694915254237288,0
b3721b457de31db30b4de608d880d18c,0b5c04039f458bb656a6422a5860d526,7090,guarulhos,SP,1,2018-04-03 11:21:26,8.9,8.9,1.0,10,8.9,0.09090909090909091,0
9140f6b8dabc82d5bc6f94b76b50e7b8,e1715ccfbf7938afd9885c65d097b912,6765,taboao da serra,SP,1,2017-12-11 16:22:48,79.0,79.0,1.0,123,79.0,0.008064516129032258,0
8fb481b4f5b2ee031391617a491a3753,23c72a5dd1dcf9bd26cbe4786a8d068b,14060,ribeirao preto,SP,1,2018-03-17 09:27:55,34.89,34.89,1.0,27,34.89,0.03571428571428571,0
b00f783912a7d0c7499f43d21afe63fb,b76911d7dc085c86b643917f728b1d1e,4084,sao paulo,SP,1,2017-08-26 00:23:01,43.0,43.0,1.0,230,43.0,0.004329004329004329,0
673b4323290db500f41f08839f6d62eb,a03aab593e073c597b0d88ff2b17fd41,25850,paraiba do sul,RJ,1,2018-02-12 12:44:32,209.9,209.9,1.0,60,209.9,0.01639344262295082,0
66dc7ddbac62bcf0886576a7d05f9606,585ba6a115792c0b0483d65e5ab1f4b6,24210,niteroi,RJ,1,2017-12-06 17:42:49,27.99,27.99,1.0,128,27.99,0.007751937984496124,0
6cdcd721d17f36e52099be0d2a99e25b,46ad2eaee2eff1f20b8632d4929177ea,89010,blumenau,SC,1,2017-08-02 07:26:53,205.98000000000002,102.99000000000001,2.0,254,205.98000000000002,0.00392156862745098,0
df3450e94b312b2a7ef8517bd09a52f2,92272a7a0e11f7d949a982e647a6d286,72005,brasilia,DF,1,2017-06-13 10:17:04,139.8,69.9,2.0,304,139.8,0.003278688524590164,0
56a3ee7d981e822f36b37b1426f256af,289676ac498b1c816bbfc0b3c2a890f2,22743,rio de janeiro,RJ,1,2017-08-31 12:27:35,34.6,34.6,1.0,225,34.6,0.004424778761061947,0
457207ed970fb24526a47a9a9a271a46,84440046e87352e704a6671b95f86421,6820,embu das artes,SP,1,2018-02-08 23:26:46,422.8,105.7,4.0,63,422.8,0.015625,0
935e36229a981c25786b94379bcf95a0,e9a64dcfdda6163922c7689458d7c184,89770,seara,SC,1,2018-04-12 21:06:08,299.0,299.0,1.0,1,299.0,0.5,0
e5426fc9fcee3dfa52fb048f6d0856e9,770c46cc8437a67264254f23c1786b97,13084,campinas,SP,1,2017-05-14 11:05:08,107.7,53.85,2.0,334,107.7,0.0029850746268656717,0
b02bb20c4a867ed23194f205619ada9e,85b3ae9df63745fe6974a148da9e2191,3257,sao paulo,SP,1,2017-08-01 13:43:33,32.0,32.0,1.0,255,32.0,0.00390625,0
3f6c3d9854506e3351e40a91f8b85b7d,ba77e9b6506636dcbd03e463d4786f24,95059,caxias do sul,RS,1,2017-04-14 19:35:35,85.99,85.99,1.0,364,85.99,0.0027397260273972603,0
0f3a81be69f12da7e2979fd1833e923d,bb939798f4c3086488aba189af45cc1c,5427,sao paulo,SP,1,2017-10-22 01:39:47,29.8,14.9,2.0,173,29.8,0.005747126436781609,0
b8cfb3955dc7967625be1f2b0f0db7a3,19985af3c12dfe54be14ba9740aa993c,30850,belo horizonte,MG,1,2017-12-09 10:01:50,59.0,59.0,1.0,125,59.0,0.007936507936507936,0
ca3287cb9c0f12ead0bba50eecfd5c2e,47e7d9ba326a882d204fcba0bc310835,20250,rio de janeiro,RJ,1,2017-07-10 23:17:32,89.9,89.9,1.0,276,89.9,0.0036101083032490976,0
0733254820b3e1198c31e190f4f2c67e,1645bb66e89f31b20d9e34ba465e099e,73025,brasilia,DF,1,2017-12-13 17:21:27,129.9,129.9,1.0,121,129.9,0.00819672131147541,0
5d90f76c016edad7a931b49fb39b9c2d,90445636126e4dbeacad6c7ec24e4c16,5407,sao paulo,SP,1,2018-03-05 23:31:49,10.0,10.0,1.0,38,10.0,0.02564102564102564,0
22abcf13104241895955bb0cd5ecf2b5,8375bb03884768ef81223f8cb980d636,2161,sao paulo,SP,1,2017-12-28 11:05:26,54.9,54.9,1.0,106,54.9,0.009345794392523364,0
406c04dcbb14cfc2efdfa97866b1f17d,94dd49b40685c47677d891ba82313620,71015,brasilia,DF,1,2017-04-30 17:50:27,144.99,144.99,1.0,348,144.99,0.0028653295128939827,0
a60e479a3fc936109dc7eec87f4bcfd6,2631abfcc64f59ec68847f78eb83cca7,91910,porto alegre,RS,1,2018-04-04 14:44:22,299.99,299.99,1.0,9,299.99,0.1,0
2a67ec6f5057c0733ef3944578189837,b77ce9d9de8650ad2e7bd943ffbe22d2,20930,rio de janeiro,RJ,1,2018-01-10 17:20:01,248.99,248.99,1.0,93,248.99,0.010638297872340425,0
8e89bdaf0aa7d88665f7db2745e3bb2c,d8a103868a93aebd7e1ab36d7eaf65dc,18730,itai,SP,1,2017-11-10 13:12:04,137.8,68.9,2.0,154,137.8,0.0064516129032258064,0
b58f4730e9310e940e9f674b4cdc936a,2b5163db658105e756b91611089dc344,15470,palestina,SP,1,2017-11-27 21:55:05,56.99,56.99,1.0,136,56.99,0.0072992700729927005,0
0dc132dd6a84ba32be100a29704baa6b,e64bf84beda887e254eb2774b89f1105,36900,manhuacu,MG,1,2018-03-06 21:50:21,539.9,539.9,1.0,37,539.9,0.02631578947368421,0
add67dab5fc95de57ed622543b92d355,3918bd5f8eec57b889a500537a9e725e,20541,rio de janeiro,RJ,1,2017-08-02 21:39:05,85.9,85.9,1.0,253,85.9,0.003937007874015748,0
d268eb5ab77b7f0837b538ea3856884a,386c03456ececaffc5a1117fa02d6a39,58028,joao pessoa,PB,1,2017-12-05 20:11:04,139.0,139.0,1.0,129,139.0,0.007692307692307693,0
c1537c6f518d254b6d7060f966b7bcd8,65b87baced94a6308da56ebbdb440544,59030,natal,RN,1,2018-03-25 21:14:19,80.0,80.0,1.0,19,80.0,0.05,0
b99848d1213931d9f3caebaed06b8111,b73e6c904a3bb974a0ca8ec828751fc2,15704,jales,SP,1,2017-09-15 13:21:22,165.99,165.99,1.0,210,165.99,0.004739336492890996,0
b511725689f49bbfdf34541b28780926,5ce16898c9bd69dd391793100328af1a,19500,martinopolis,SP,1,2017-12-10 20:28:09,389.9,389.9,1.0,124,389.9,0.008,0
9023f21bb5ec09efe6bfb4e8cf09196d,69f0837c1134ed7ac5da6a07e24af9a3,36047,juiz de fora,MG,1,2018-02-15 00:25:44,55.9,55.9,1.0,57,55.9,0.017241379310344827,0
9797bed4994ab39ad940b6e7b0c67536,9a7b38b233981ed1c50933addaa34a08,27185,arrozal,RJ,1,2017-07-06 01:37:52,395.0,395.0,1.0,281,395.0,0.0035460992907801418,0
0916acefe664698288f758bbf549a53e,8cb21d81689c51427852671500c8225a,38415,uberlandia,MG,1,2017-08-09 22:45:43,150.0,150.0,1.0,246,150.0,0.004048582995951417,0
29dbe7f526894b88b0404a0c9c396150,f595f56e13d30dc44945cecf9a86a735,11075,santos,SP,1,2017-05-18 19:41:13,169.0,169.0,1.0,330,169.0,0.0030211480362537764,0
4c49ffd00d17560e85c4e0e03e8e3fa4,148a7291d2ae7a6ad536f0df451839c7,22451,rio de janeiro,RJ,1,2018-01-02 10:31:49,86.3,86.3,1.0,101,86.3,0.00980392156862745,0
f89b63fb70a7ec9b7740ca031accb0cd,4104af1a51c2001eb1b444a8b55751e5,6154,osasco,SP,1,2017-12-18 12:55:41,99.9,99.9,1.0,116,99.9,0.008547008547008548,0
4e513a51bf088b776864a966b91fd79c,d33e6be4d4330badbc3d7adf96059e1d,31910,belo horizonte,MG,1,2017-11-18 18:52:08,71.1,71.1,1.0,146,71.1,0.006802721088435374,0
2bd3ae402537c443ec6aab0feb74cd65,042b009cdd1ef1d0e9b74e35691cad8d,7142,guarulhos,SP,1,2018-01-27 12:32:23,389.0,389.0,1.0,76,389.0,0.012987012987012988,0
93bfec941b9c7d59bd6bf995d844a214,ea7fa61f9d7af6938fca0b33fd3a5129,37200,lavras,MG,1,2018-04-01 12:30:13,149.69,74.845,2.0,12,149.69,0.07692307692307693,0
bff79ac2dd5a3735291910b86f6de25e,bcbcdf6a5c1d0080b661d12b5f09729d,28360,bom jesus do itabapoana,RJ,1,2017-08-18 18:55:02,198.89,198.89,1.0,238,198.89,0.0041841004184100415,0
1054024bd1fa65debe204930503ed5a2,b389188f45e7a61bea039b690dff2244,35112,frei inocencio,MG,1,2017-08-05 20:56:20,139.99,139.99,1.0,251,139.99,0.003968253968253968,0
166cca2d65c48d84cfe64329ed713c71,b154fc44f6b0375d51cc85e3720a2af6,85840,ceu azul,PR,1,2018-03-14 11:58:07,48.9,48.9,1.0,30,48.9,0.03225806451612903,0
f623e071624706724ec88fbb991b6833,cc22bf98f7334481f650e169e5950fdd,87345,campina da lagoa,PR,1,2017-02-03 01:03:44,0.0,0.0,0.0,434,0.0,0.0022988505747126436,0
f0c3b92019e378a971f4e17e5885a0dc,4085ed7290215b10cd71708101f5aef1,13043,campinas,SP,1,2018-04-12 11:21:09,13.99,13.99,1.0,1,13.99,0.5,0
ed8015d79ac87082198750d415abd7b5,f9bf71aedf974324e6d89ce57f01ec45,12524,guaratingueta,SP,1,2017-08-03 12:17:18,72.5,72.5,1.0,253,72.5,0.003937007874015748,0
1d7e8ca9d132fb1570d6290fd89cfb72,af697fd28daee4b7c6c4e65c9b87394a,85902,toledo,PR,1,2018-03-25 15:47:42,99.8,49.9,2.0,19,99.8,0.05,0
d56e7f4b619c4e92bb318fb9543d0015,6f9ccc871de33fc551226cc2cd563e53,8320,sao paulo,SP,1,2017-10-18 16:19:20,93.9,93.9,1.0,177,93.9,0.0056179775280898875,0
9a6fd60a950b42557e63ba370a5e27c6,91b19a866437a260f35bec9347812188,18115,votorantim,SP,1,2017-07-15 20:30:08,69.9,69.9,1.0,272,69.9,0.003663003663003663,0
fa7ff73c5d702b41dd2f88e18484a275,acba7cde2891370b58876bceea6049d3,11740,itanhaem,SP,1,2017-12-10 20:49:32,139.9,139.9,1.0,124,139.9,0.008,0
09d1176d20540efe9ec72d34902ca493,03510c466e751a76af44c1a848290c8b,18015,sorocaba,SP,1,2017-11-11 18:49:17,59.9,59.9,1.0,153,59.9,0.006493506493506494,0
60f4e882b701ca5aea3378dfd8dc55d9,99ec5a3a454b7b0207830f7d3829c014,2242,sao paulo,SP,1,2017-02-08 21:38:50,9.99,9.99,1.0,428,9.99,0.002331002331002331,0
6c0884dc74447fe375a964ce086d614a,855a147916da11bb885117dcc272c9c1,86050,londrina,PR,1,2017-10-09 06:44:51,149.99,149.99,1.0,186,149.99,0.0053475935828877,0
3e447059f00665f172056b3a9a6c1836,5a82977c06bccb651c66e206318d19b4,89620,campos novos,SC,1,2017-09-05 16:07:07,54.9,54.9,1.0,220,54.9,0.004524886877828055,0
5260f456ae402e7bd7b16055e9a4214d,b033be1d214084c1b30485ad3d8871a5,18680,lencois paulista,SP,1,2018-03-01 18:52:36,750.0,750.0,1.0,43,750.0,0.022727272727272728,0
3747b586188c3c69c6a430658c2ae9f4,52ee6d0a8f1b786485a5bd366aa2137c,28940,sao pedro da aldeia,RJ,1,2017-09-07 13:41:37,89.9,89.9,1.0,218,89.9,0.0045662100456621,0
fe476fb992cfac604d990a6e8b50a434,a239165e9cdb4caa2391755d6d61d3b7,13186,hortolandia,SP,1,2018-02-19 14:48:00,18.99,18.99,1.0,53,18.99,0.018518518518518517,0
b6bbcc198167f265dd1c0381aea37cc1,065fefa58af499bc88faec29a948752c,19010,presidente prudente,SP,1,2017-07-24 23:18:11,49.0,49.0,1.0,262,49.0,0.0038022813688212928,0
ad530f0385e180b5b52ffe8cb9658bca,977f002d10638d866aff55166707c13b,58880,brejo dos santos,PB,1,2017-12-15 19:09:40,89.99,89.99,1.0,119,89.99,0.008333333333333333,0
b8ad74fa0f4c5b9fad84af6809c95105,2dbb34111f2ad2b0e47bbb8ee29a5b6f,14808,araraquara,SP,1,2018-01-06 19:32:11,221.99,221.99,1.0,97,221.99,0.01020408163265306,0
fb669b7a4d4ea214fb00d2e4cd70b321,400df589d04ddd4d8216f1457f814416,22795,rio de janeiro,RJ,1,2017-07-19 01:26:50,150.0,150.0,1.0,268,150.0,0.0037174721189591076,0
f010f1ad40cdde76194f3c124c532db2,50d7ffe26d9b0c27900c2b197e66bde4,4296,sao paulo,SP,1,2018-02-14 00:16:24,25.5,25.5,1.0,58,25.5,0.01694915254237288,0
911f537925bba457f30e1d49322c649b,8a851617296124a4857303e40406411b,14500,ituverava,SP,1,2017-10-05 11:55:04,49.0,49.0,1.0,190,49.0,0.005235602094240838,0
99895a9b5ea7a5e7b2bd960ade35f89a,472326965e0bbde0de9809c6d6415bf5,14680,jardinopolis,SP,1,2018-02-12 11:28:47,92.0,92.0,1.0,60,92.0,0.01639344262295082,0
1311c060491c69cd608bd37137f49898,f490b0fe9e3fbe4bca2885d739b9f3bf,89230,joinville,SC,1,2017-04-28 09:42:28,109.95,109.95,1.0,350,109.95,0.002849002849002849,0
2a7ba63c9e507356e5670b795ed56a18,24cad6db9c734bd4f0edc6a314735880,30620,belo horizonte,MG,1,2017-09-09 11:45:33,88.9,88.9,1.0,216,88.9,0.004608294930875576,0
3a3c64dfa633b2c7d3d356b8077c9ccf,e45b77caac022beddffc8357ffeb8448,12514,guaratingueta,SP,1,2017-12-05 10:18:04,34.99,34.99,1.0,129,34.99,0.007692307692307693,0
912e1ba087c69b4cedf63bb560839ad1,bf7ff38191f28b19f5b2074480c5b1d9,39803,teofilo otoni,MG,1,2017-10-05 16:05:46,74.9,74.9,1.0,190,74.9,0.005235602094240838,0
47b829330c5a0c6c89cad9cb0ac6aa3c,6dfd27af2b7c8bf61b351757b7b13d2e,70686,brasilia,DF,1,2018-03-15 08:01:37,22.33,22.33,1.0,29,22.33,0.03333333333333333,0
1acfc461171cf780ba4bec023da997aa,8f526972ca6f23406e6b89481b5a8730,88010,florianopolis,SC,1,2017-07-26 17:25:21,19.99,19.99,1.0,261,19.99,0.003816793893129771,0
eeee9d1c48539af62348268fab136e2e,2883fd7c3fadd0ad0611424020a381c6,85896,diamante d'oeste,PR,1,2018-01-21 18:34:51,289.9,289.9,1.0,82,289.9,0.012048192771084338,0
1c226c6651185362430dbb00936b8af2,9e5348ce0ed09be19ca2f1505748a7a0,80250,curitiba,PR,1,2018-03-06 15:33:50,89.9,89.9,1.0,38,89.9,0.02564102564102564,0
961a23e97556fd80b1cad9d03d6fb0b1,fda3a3eb3370c1295a4fc3f6cd3d7604,20220,rio de janeiro,RJ,1,2017-09-04 18:46:38,23.99,23.99,1.0,221,23.99,0.0045045045045045045,0
7466e5f152d3e7c316e2866f8c42e433,9bc9d7e2e25a18907437e42b9c52ad64,25730,petropolis,RJ,1,2018-03-05 13:27:02,228.0,228.0,1.0,39,228.0,0.025,0
ec5c23a85c01c4b2bf87caf6d38c8261,a4d88b87369fd8065cb8a8af74cf82f9,36760,laranjal,MG,1,2017-11-08 15:53:15,289.0,289.0,1.0,156,289.0,0.006369426751592357,0
bce1676dd0edb9474cba3d3aa9067024,1e17c906173cbf94c518102351573fac,60542,fortaleza,CE,1,2017-05-16 13:58:54,118.9,118.9,1.0,332,118.9,0.003003003003003003,0
31b52d74e05f45d15820344d0a11268f,57e0586058ff27173616cfc65121e3cc,63645,deputado irapuan pinheiro,CE,1,2018-01-01 20:04:12,29.99,29.99,1.0,102,29.99,0.009708737864077669,0
08e5b7d999d037498bb7f2b3ffa1ef68,3702a031c0facbc9afe8ae0c7b7f52bf,72120,brasilia,DF,1,2017-12-25 12:34:48,170.91,56.97,3.0,109,170.91,0.00909090909090909,0
74756ce04db42d46a954f2f687b7686d,0d205c3a77c323684c7e9fa525448110,23030,rio de janeiro,RJ,1,2018-03-01 10:48:09,7.9,7.9,1.0,43,7.9,0.022727272727272728,0
af959a566c69d8a74b81ba90648f6cd8,5bdaa4b24e612053513384e8dd5fa752,4161,sao paulo,SP,1,2017-11-30 10:48:32,140.0,140.0,1.0,134,140.0,0.007407407407407408,0
143a4083c98eed4151715356aab75996,f50d4480cd39525dfd5dd0def0535a8e,9771,sao bernardo do campo,SP,1,2018-03-21 21:47:51,41.3,41.3,1.0,22,41.3,0.043478260869565216,0
4ccadb3017d7e9ee8ba9523f00e6759c,475be2351340859d5701f203d3a2e8b6,60411,fortaleza,CE,1,2017-11-29 18:12:11,250.0,250.0,1.0,135,250.0,0.007352941176470588,0
4c22b6fbb2fa829e31d83b4160faa4ee,5a90cbdbe1c1df028ca1bb7db01af405,40150,salvador,BA,1,2017-08-20 14:29:32,89.9,89.9,1.0,236,89.9,0.004219409282700422,0
887b8a65e05f6ac52b0084002f88b30d,bde6157addccf5749c409e1333ecb108,13045,campinas,SP,1,2018-03-01 08:07:37,45.0,45.0,1.0,43,45.0,0.022727272727272728,0
87c10876090200b63f130ffb699b2e82,f63995310ef953fe62d42ed1a1a7f973,29150,cariacica,ES,1,2017-08-25 14:34:50,119.9,119.9,1.0,231,119.9,0.004310344827586207,0
c9dbab4b73e48bd978bb5a5114ee6e3c,93d21068a4b6b2beb2c3cc9d44f948c0,48370,esplanada,BA,1,2018-01-09 11:53:29,1105.0,1105.0,1.0,94,1105.0,0.010526315789473684,0
9207f1d43091730646697eb497a6819e,e899b2f83ffb0b930812edab533618f5,63700,crateus,CE,1,2017-11-25 00:20:41,209.9,209.9,1.0,139,209.9,0.007142857142857143,0
f01d004f168186b4d834b318d9309d5d,20c48918dcea7cd156fce33f9a357fd8,3579,sao paulo,SP,1,2017-12-19 13:39:03,55.0,55.0,1.0,115,55.0,0.008620689655172414,0
9323fd17ec223b6127816f5a6b2e99bf,d0449005d6f06d09b2d12cdada834a85,35500,divinopolis,MG,1,2017-05-09 09:37:25,0.0,0.0,0.0,339,0.0,0.0029411764705882353,0
babbb0bf37facbed1dc42de9e02d4ee2,c944b21845d277728556153ba077863c,57052,maceio,AL,1,2018-03-19 14:32:34,24.9,24.9,1.0,25,24.9,0.038461538461538464,0
a204214aaa282398288d7befac5c743f,1baa1a574970deb679403ac9cc74f405,5047,sao paulo,SP,1,2017-09-30 16:30:39,52.99,52.99,1.0,195,52.99,0.00510204081632653,0
bc0e1034fbb8ae2dc686562b304dd0f7,07a934d1a0dbd0136bb380c9010fe3eb,4269,sao paulo,SP,1,2017-05-02 22:26:38,249.0,249.0,1.0,345,249.0,0.002890173410404624,0
c2a1dac9fa3a12d8b2366fa901f0459a,1822a545c3715af1a3cbbd16ece2fd09,50610,recife,PE,1,2018-03-23 13:54:56,190.0,190.0,1.0,21,190.0,0.045454545454545456,0
58931b4b7f3aaf9269ac4ee1c3d42e28,c529ee170c8e01f04a4c377eb76cff2a,6310,carapicuiba,SP,1,2018-01-06 17:39:26,89.0,89.0,1.0,97,89.0,0.01020408163265306,0
3509c843a061d65a8ab7ec2937d39e2f,ef8e529d9bee7e2c99288cc5c12b7045,85890,missal,PR,1,2018-01-22 14:26:35,32.98,32.98,1.0,81,32.98,0.012195121951219513,0
0535ae315864cfff5c19849a12720b7f,76874eb4fca88317a82e68534d250268,25615,petropolis,RJ,1,2018-02-05 08:19:45,79.99,79.99,1.0,67,79.99,0.014705882352941176,0
d3461ae5a1fa3912e80af3b7a64aaa4f,d7624d219b6ffad980e91412174db310,15807,catanduva,SP,1,2017-04-05 17:58:27,11.99,11.99,1.0,373,11.99,0.00267379679144385,0
63c88691b378207afe3f0ed265108403,96b0248a8e06ac1cbd7cca0a0d3663ef,38405,uberlandia,MG,1,2018-01-14 20:26:05,45.0,45.0,1.0,89,45.0,0.011111111111111112,0
48edd605f2b0aa7b701d54771e388335,27158bdf1ae9e4efb6e48696a7bfe81f,44061,feira de santana,BA,1,2017-02-03 11:58:30,99.9,99.9,1.0,434,99.9,0.0022988505747126436,0
4922363693e673167789c03faf24a66d,c76762dfb642ac154475239639f7f8f4,20541,rio de janeiro,RJ,1,2017-02-08 23:08:53,46.22,46.22,1.0,428,46.22,0.002331002331002331,0
75c8bc2109f5fb856317aad61dca2dfe,c589ce4c653991c65f29b41c74d50374,66060,belem,PA,1,2017-12-10 19:16:56,150.0,150.0,1.0,124,150.0,0.008,0
9b609c18b93afde20a1389f4882a6fe7,7c73ec4cbbe0c4f97be397e3e27bc4b2,88708,tubarao,SC,1,2018-03-25 09:49:37,75.0,75.0,1.0,19,75.0,0.05,0
0e1cf9332ab9b502f469458da2a5e7e9,59c8a5cd77084bf4691e712de2d68213,63220,caririacu,CE,1,2018-04-01 22:38:52,129.0,129.0,1.0,11,129.0,0.08333333333333333,0
ed3e6a4bc34efc2ba21fd9a1fc6048f9,ffe6efca3c7e6a06bad0a6a883280a93,11702,praia grande,SP,1,2018-01-24 11:31:35,213.9,213.9,1.0,79,213.9,0.0125,0
02aba7ae34101544b479f4487f53fb28,ed08dce6ea329e23c1a6049542082b60,19027,presidente prudente,SP,1,2017-08-21 22:05:18,51.92,51.92,1.0,234,51.92,0.00425531914893617,0
ad98dd84e944900f8cb73cc24e611d5a,bee8c71dfec2314e63b7ef0e2ce70bdd,9581,sao caetano do sul,SP,1,2018-01-31 08:45:25,18.89,18.89,1.0,72,18.89,0.0136986301369863,0
147ea8ab00e6417a666c1b9921b64be4,98876080407f518f16df04f975f93668,99150,marau,RS,1,2017-09-27 00:26:45,15.9,15.9,1.0,198,15.9,0.005025125628140704,0
f7745233611313075d6bb50c48c2927f,6e76f78f21498ec0df4a9162f826bd72,28030,campos dos goytacazes,RJ,1,2018-02-01 10:31:58,45.0,45.0,1.0,71,45.0,0.013888888888888888,0
6e6e5580d0964735e8d947787a009ab5,2e13c4615dc5f987f5f11007a187359d,75400,inhumas,GO,1,2018-03-24 22:24:35,98.9,98.9,1.0,19,98.9,0.05,0
4db36b53a65b2205be83987ad42f2e54,5bf730cf1219395b0dd14b2f6d6c1657,8710,mogi das cruzes,SP,1,2017-08-25 16:40:54,24.99,24.99,1.0,231,24.99,0.004310344827586207,0
98a2d594a64eb5fea6f4eba1a5fd7041,b316e256ce45161d3ab81f74834376e8,14860,barrinha,SP,1,2017-05-28 11:13:23,119.9,119.9,1.0,320,119.9,0.003115264797507788,0
c2dcd18bfda62523dbd2c53ead8b5fe8,02b20b7c813efede140142ac610e36dc,3337,sao paulo,SP,1,2018-03-19 20:50:39,88.0,88.0,1.0,25,88.0,0.038461538461538464,0
0299a3ec7aac3a18ea88cfa6cf8a74f5,abe351201e61437f658332cdce4c3c52,12260,paraibuna,SP,1,2018-03-04 13:53:47,14.0,14.0,1.0,40,14.0,0.024390243902439025,0
890ab4eca836a870a3d2e222bd5e4233,972f2cec81a1ed8f5117550de1997853,95032,caxias do sul,RS,1,2018-01-07 20:28:51,30.9,30.9,1.0,96,30.9,0.010309278350515464,0
e00efa08727aeec3f33c4c59e8cd6633,6ca6ba9784c299b15a7ffdda7bae2927,80520,curitiba,PR,1,2017-11-18 14:27:34,664.4,166.1,4.0,146,664.4,0.006802721088435374,0
4c61ff94fd292ee9fb6e810ce986f5b7,b47a0e3acb428606ae13fce2b05d2da5,11030,santos,SP,1,2018-03-29 12:48:18,199.0,99.5,2.0,15,199.0,0.0625,0
9b684ecb3042a93d9476416aa979f289,17a75ce5eb94eaea04c988d44ab9cdd7,85998,mercedes,PR,1,2018-02-17 10:04:31,97.0,97.0,1.0,55,97.0,0.017857142857142856,0
6dd15070c10001e058f36f2c455e1b1b,edff2828480e1c9896fbce0c17e00e4b,38380,canapolis,MG,1,2017-12-06 21:24:45,199.9,199.9,1.0,128,199.9,0.007751937984496124,0
595515694ce1f925bffc652e5c6c348d,711066a7bba9951b1da0ce0f4302af23,8673,suzano,SP,1,2018-02-07 09:58:30,26.9,26.9,1.0,65,26.9,0.015151515151515152,0
869d14fde517fd8a5fa8016fbf4f7103,ff05cbda15d8587333588d6cf49fc47b,37517,maria da fe,MG,1,2017-12-14 16:34:00,45.65,45.65,1.0,120,45.65,0.008264462809917356,0
daabc936af60df21c9a3ce027b2665e5,505a52dc3538dbb611c1ed24e122fe39,29163,serra,ES,1,2017-11-30 18:33:30,58.9,58.9,1.0,134,58.9,0.007407407407407408,0
903ac795fab792a96d6838180994d171,f567e7fbc8b057e2d275d74ee8b5bc27,4105,sao paulo,SP,1,2017-05-12 14:58:01,26.9,26.9,1.0,336,26.9,0.002967359050445104,0
2ad663165e9d0bf46c7a41509af06f2f,ec7307f4c274a7b1247cebb8a7de7345,4382,sao paulo,SP,1,2017-06-22 21:09:34,29.9,29.9,1.0,295,29.9,0.0033783783783783786,0
b1cab246c245455519a3cd45d8d5b3da,0e8c2ba61e0ba9974d977dd797e422d8,11380,sao vicente,SP,1,2018-03-15 19:54:03,35.7,11.9,3.0,29,35.7,0.03333333333333333,0
a9b523c9e67b3f3b12eab77b21122aa6,619aa35016b1e5c4c3fcae6e45b27e4e,37945,sao jose da barra,MG,1,2017-07-03 18:31:22,630.0,630.0,1.0,284,630.0,0.0035087719298245615,0
5263febf1413e9a60ceb7b842008b7ef,6f90ec5150be36c4475835b5941ab56f,82980,curitiba,PR,1,2016-10-09 22:36:25,179.19,29.865,6.0,550,179.19,0.0018148820326678765,0
c7c5b46bed1f822b95dd5c188664e345,14f4ae28fc0e2d071f707dbe6daaf0e3,28070,campos dos goytacazes,RJ,1,2017-08-05 16:53:32,59.9,59.9,1.0,251,59.9,0.003968253968253968,0
6c8e558f8ea68068d8b0ca0245d0cb0e,4c7346cf57dab3893486eb1b9225cfa0,30421,belo horizonte,MG,1,2017-04-20 12:39:23,219.99,219.99,1.0,358,219.99,0.002785515320334262,0
292b3cbe5cdebd3b58ff02871712f7fc,070168acf94aa578f734e27eb2bdf6fc,37580,monte siao,MG,1,2018-02-06 14:21:01,257.42,257.42,1.0,66,257.42,0.014925373134328358,0
7d622173e13aab026b87c0cb81c16ab6,362c0d32ec8688c2b02086cded7c21f4,31615,belo horizonte,MG,1,2017-07-29 15:52:10,89.9,89.9,1.0,258,89.9,0.003861003861003861,0
72cb865e318f4077360bcfb50098f7eb,753abd34141f607cbb6f20682f7da577,48480,crisopolis,BA,1,2017-03-02 16:03:14,39.9,39.9,1.0,407,39.9,0.0024509803921568627,0
f57991014cde59432cc7c71901b1f32c,65c2b54b418a73fcb36a6b6e6765dd23,30670,belo horizonte,MG,1,2017-08-12 08:19:12,139.8,69.9,2.0,244,139.8,0.004081632653061225,0
7d350d56bac0a6a9b6c3e5ce37198fba,f54dd65fcb08733a27eb06c09bae39c2,13160,artur nogueira,SP,1,2018-02-19 23:48:49,16.0,16.0,1.0,52,16.0,0.018867924528301886,0
7b198042e64fa9e4dcd07ee294f0db65,ec40649c0df3b701f86016181b1a36c6,30180,belo horizonte,MG,1,2018-03-14 15:59:17,24.9,24.9,1.0,30,24.9,0.03225806451612903,0
58dcb42af4f9db51ba00c28ddf479b3f,edd5f04fdd44b267bc93f4dcc01016a8,32241,contagem,MG,1,2017-11-26 16:45:47,49.9,49.9,1.0,138,49.9,0.007194244604316547,0
f1283a7855d9e8e2426f243e01b827e1,64236f75547fa285c81d0fd448464ae8,85301,laranjeiras do sul,PR,1,2018-02-21 22:25:36,47.21,47.21,1.0,50,47.21,0.0196078431372549,0
11394c09fa2c70c4c2d64e368e227378,7046e497e00562b3f0d3b3bdc5af60d9,3579,sao paulo,SP,1,2018-02-11 16:42:12,68.9,68.9,1.0,61,68.9,0.016129032258064516,0
8ff85decf36580a14779815ea2116a91,6d1eae956d1f99a35e133aa09aa0d34b,41905,salvador,BA,1,2017-05-17 22:24:58,85.99,85.99,1.0,330,85.99,0.0030211480362537764,0
04eec7a0a61d36a9fc40fbce299ea2a0,dc05a2e9bff5838597c6caf8611e5f40,65075,sao luis,MA,1,2017-12-18 16:45:55,199.9,199.9,1.0,116,199.9,0.008547008547008548,0
e1eb245dd677f80c7f2248aec3aa6bfe,51325af30afd21d957ae43793aeb62c9,4516,sao paulo,SP,1,2018-02-20 12:30:30,33.0,33.0,1.0,52,33.0,0.018867924528301886,0
069cc8646fca6d760e049d8a4bc0c334,c7a1aad0a8d345d73a52343e36daa6e9,8072,sao paulo,SP,1,2017-09-21 21:50:37,47.0,47.0,1.0,203,47.0,0.004901960784313725,0
349831a25e77f136daa5f6363e8ed5df,7c900ea30f36191d4d2016c82c65f708,48903,juazeiro,BA,1,2017-07-23 19:39:22,29.9,29.9,1.0,264,29.9,0.0037735849056603774,0
776c9eaa90ce902fedd2ff4aed3a4d40,dfdb5c973dfd5f686341555580a01032,2543,sao paulo,SP,1,2018-03-11 15:24:27,149.9,149.9,1.0,33,149.9,0.029411764705882353,0
90349bba553ae62bed5e5d3220deb5db,3f575e5c851e1ffe04a36b263cdda4c5,58059,joao pessoa,PB,1,2017-09-12 11:38:22,325.0,325.0,1.0,213,325.0,0.004672897196261682,0
d2c5dc31f86d6780700991aca2cd59cf,e670025d21280a9cfff41b26531c04bf,36010,juiz de fora,MG,1,2018-01-13 11:52:09,129.0,129.0,1.0,90,129.0,0.01098901098901099,0
3d64d81cb7d22325994c3ef4ad93d2e0,c5f6047fb345ffd234cf5b26268988be,18305,capao bonito,SP,1,2017-05-12 23:38:09,109.9,109.9,1.0,335,109.9,0.002976190476190476,0
629202920f3647c33d7e92c7d1934961,10f81d995f501b771c106a902d6ca4dd,7428,aruja,SP,1,2017-09-05 20:57:30,39.9,39.9,1.0,220,39.9,0.004524886877828055,0
a9c9532060c9d245f06526c633d2dfba,5f38cc36e507c4d880489be38964af19,27262,volta redonda,RJ,1,2018-01-02 19:20:35,168.9,168.9,1.0,101,168.9,0.00980392156862745,0
9daa170fb6affd2e983733a422aca655,1ecb813183e9fb7af916c6c474f12b78,30441,belo horizonte,MG,1,2018-01-24 22:26:47,55.9,55.9,1.0,78,55.9,0.012658227848101266,0
4b3b94241a1988685ede1e51288b985d,fdb65db26eacee363b0db34bdd321a06,13186,hortolandia,SP,1,2017-10-13 14:14:14,649.99,649.99,1.0,182,649.99,0.00546448087431694,0
a86e0ea205c29c956c48693f8072414d,ea7a6079b771fa5ee75312be8d7d831d,5013,sao paulo,SP,1,2017-03-26 17:54:57,24.99,24.99,1.0,383,24.99,0.0026041666666666665,0
dd723c931e059fd21ee30dd8b1cf9870,16db7af84bbd87107028ec7f53569bcf,32600,betim,MG,1,2018-03-17 16:03:49,59.9,59.9,1.0,27,59.9,0.03571428571428571,0
4da71b283420d156c50159242d0691e7,5ea64dc817d4e5df953165fd6b0b05ba,81560,curitiba,PR,1,2017-11-25 00:19:41,149.0,149.0,1.0,139,149.0,0.007142857142857143,0
78617a723b4d69cf675ae0719ac052ed,7c1987cd6598d55b54945bb661ddf4cd,1529,sao paulo,SP,1,2017-11-24 01:36:16,129.0,129.0,1.0,140,129.0,0.0070921985815602835,0
830098c74c4cb8d01c7eabbf10dbc76e,301a17ed23b8bb5bfce2df8604c06cfd,81520,curitiba,PR,1,2018-02-27 16:17:02,119.0,119.0,1.0,45,119.0,0.021739130434782608,0
9a29aa642b3884b48ea5a04729ae703c,b4b02dbd03241e9def68e7be74202bd6,2415,sao paulo,SP,1,2017-10-31 08:44:54,139.8,69.9,2.0,164,139.8,0.006060606060606061,0
2d4f85e2a666df7f87ce6af544523dc3,33cc01ff459c8787f6e59dbfbcff802d,13178,sumare,SP,1,2017-04-29 16:33:16,12.97,12.97,1.0,349,12.97,0.002857142857142857,0
c3b836aea9b06d84b1b9d38b41f137e1,0a176442bca06755447ed7ae4f3f4578,4423,sao paulo,SP,1,2017-10-25 22:52:31,179.49,179.49,1.0,169,179.49,0.0058823529411764705,0
d374f2ed1fbdeceaf653e5a48796c12d,3ac899172053ffd1ab35652f42f57626,80730,curitiba,PR,1,2018-01-22 17:16:37,89.5,89.5,1.0,81,89.5,0.012195121951219513,0
83bd185600ed4811ec23f273a2392dd5,cffe5a17924e2130884e388c249cd6db,4843,sao paulo,SP,1,2018-02-02 12:56:51,86.9,86.9,1.0,70,86.9,0.014084507042253521,0
3a38b933c499fe2100b9b58a272cf9f8,6e7401fbbbfb9bef564d4272208c5d87,23010,rio de janeiro,RJ,1,2017-12-05 22:06:07,179.99,179.99,1.0,128,179.99,0.007751937984496124,0
71c7e5feaccea207f79968ff7faa09a8,4a39707e1f62de189021f43a7bb520a0,11432,guaruja,SP,1,2017-08-03 09:56:14,59.9,59.9,1.0,253,59.9,0.003937007874015748,0
dfee2ea12281e7921e027345be978886,7db2abde931edd2497f7e5c8316a68af,18530,tiete,SP,1,2018-02-21 22:57:00,43.0,43.0,1.0,50,43.0,0.0196078431372549,0
85a686a0ab11d3e40ea19dbe75a457fb,373d4a9df02e2672e8d8c6d6d802f0c3,28990,saquarema,RJ,1,2017-08-03 15:28:47,38.9,38.9,1.0,253,38.9,0.003937007874015748,0
421d65b7d24e669c0d728b6ad9c0742c,2d1cbd0bb1601913f4744d84c932c64b,4151,sao paulo,SP,1,2017-11-20 18:11:05,791.7,263.90000000000003,3.0,144,791.7,0.006896551724137931,0
bf1527fa94f9bea5592f737d50ea325d,9c63cf8da1b78841b18e67eccb97ca65,6700,cotia,SP,1,2017-08-18 15:07:18,259.9,259.9,1.0,238,259.9,0.0041841004184100415,0
0b8cca6cd998b579f4a0556a31f388f4,4d5db20ccc7f8a5f045b475d9fc6d8ec,17250,bariri,SP,1,2017-01-09 21:31:15,129.0,129.0,1.0,459,129.0,0.002173913043478261,0
456a071d45cbb3cc872071729ec31dd3,09bc7afc3e8d8dccaffd0b16944a91fe,4040,sao paulo,SP,1,2017-08-01 11:12:08,439.79999999999995,219.89999999999998,2.0,255,439.79999999999995,0.00390625,0
977fce68136a9397a3ea45244cef6c00,e38413a14a7b79e330ea4d62546f6e23,30380,belo horizonte,MG,1,2017-09-04 18:00:08,180.0,180.0,1.0,221,180.0,0.0045045045045045045,0
e79f2c086eebdac111a505200261f455,8e952f0bc9b3ad5bbeb3648591f8addb,32404,ibirite,MG,1,2018-04-06 16:26:12,220.0,110.0,2.0,7,220.0,0.125,0
ae5a0cc27a6c62814813be49a79a70bf,bf8752e9a70c5a1de4c8972dabf15f9d,4843,sao paulo,SP,1,2017-11-29 11:36:20,712.5,712.5,1.0,135,712.5,0.007352941176470588,0
87bc71f87d3fc89b153c47b651b7cf8f,e1a98cb77bc35b7a6b3cf855120fda68,57015,maceio,AL,1,2017-05-15 20:09:57,569.95,569.95,1.0,333,569.95,0.0029940119760479044,0
4396492d7da56955ab6c0fc9c9fceaab,a4585eb1763f581eae8562642424a638,88162,biguacu,SC,1,2017-02-14 14:28:17,960.0,960.0,1.0,423,960.0,0.0023584905660377358,0
b05a9ed4f2b97559aa957545915d0c16,11c6b90c4d64711958d95f397b435420,4674,sao paulo,SP,1,2018-02-26 11:40:04,325.0,325.0,1.0,46,325.0,0.02127659574468085,0
4fa1cd166fa598be6de80fa84eaade43,68954feaafe4dd638f3bd3e2afa174ec,8473,sao paulo,SP,1,2018-03-15 08:52:40,79.99,79.99,1.0,29,79.99,0.03333333333333333,0
a09aef99fd6e0230ce42e23c26e6d622,6363d656b86d8f1014eaa2e864d377f0,38411,uberlandia,MG,1,2017-10-28 11:55:04,283.2,283.2,1.0,167,283.2,0.005952380952380952,0
dc6e272766b14662d54f4b7123e128bd,176918c59610d93ef519e359a0f3316e,94065,gravatai,RS,1,2017-08-20 22:04:21,29.99,29.99,1.0,235,29.99,0.00423728813559322,0
aa0e4697be6ef9ac1fe98b04ba32acca,cf7fc0d217ee5b7273e604a6c34fe163,13080,campinas,SP,1,2018-02-20 15:15:22,86.9,86.9,1.0,52,86.9,0.018867924528301886,0
67268d8c06be1ef20f52460e7992dedf,321ba405d6339e80e13eb466bde0f222,13285,vinhedo,SP,1,2017-08-21 10:31:19,19.8,9.9,2.0,235,19.8,0.00423728813559322,0
c21ba0e1437939ee2572b055ac33a307,df43d2ef6938f4978bcabad4a8b9135a,9260,santo andre,SP,1,2017-09-24 18:37:18,196.36,196.36,1.0,201,196.36,0.0049504950495049506,0
1652b873dc2f33c68dc15bb05e7542e3,f5a5b725532096dfd2b144adfa62b6ff,5570,sao paulo,SP,1,2017-07-02 15:51:01,8.49,8.49,1.0,285,8.49,0.0034965034965034965,0
5811b9da44294be51b789311b0a3347b,f9c08f7ee7f9669d0aaff32d5ec61d07,70800,brasilia,DF,1,2018-02-28 19:25:05,269.45,269.45,1.0,44,269.45,0.022222222222222223,0
3fff0b30168471f40305903a717a1a17,984f7b9c8ba37c3cc709ec878ae37a3a,13500,rio claro,SP,1,2017-12-27 15:34:00,58.0,58.0,1.0,107,58.0,0.009259259259259259,0
c688fdcdf9d057a81a25e0ac6e2fb5da,c2c1c627fd93fde6934d9efa2777f09f,13346,indaiatuba,SP,1,2018-02-16 08:37:36,69.9,69.9,1.0,56,69.9,0.017543859649122806,0
e5d1ab1c3818782836ea04640e49ce0d,77f5b57b1fd3c29e01928da52eec9688,45980,prado,BA,1,2017-06-01 18:05:01,38.0,38.0,1.0,316,38.0,0.0031545741324921135,0
3ef9db9d27ff41f65a8d8cc8aea159c6,e55c204ccb7238052427605942e5f878,88101,sao jose,SC,1,2017-03-30 08:35:41,23.9,23.9,1.0,379,23.9,0.002631578947368421,0
aa545e89e0b56f447e7e088eaaee61d4,ba214bc61e320cf3f708c7f36c7c2686,13415,piracicaba,SP,1,2017-12-22 12:13:55,27.93,27.93,1.0,112,27.93,0.008849557522123894,0
793dd5010d9cfa31aa91d5b8a34f57f2,e0484c20e4867e819f58a15ae0ca0868,5409,sao paulo,SP,1,2018-02-12 12:49:47,109.9,109.9,1.0,60,109.9,0.01639344262295082,0
8f9cdc2bab0d953cab1e98d25253d8fe,339c527109c4c03e8e09bd4b593dab5f,15760,urania,SP,1,2017-09-27 13:45:14,279.99,279.99,1.0,198,279.99,0.005025125628140704,0
0680214e013bf3ee08069f02ed2c0d80,514663a4e38474dff6d557ff463f67fb,23095,rio de janeiro,RJ,1,2017-12-08 22:32:18,148.9,148.9,1.0,125,148.9,0.007936507936507936,0
15f0a9d284218264647a2317760f06b6,6b9d30792e67265429754fde7a3e8c80,15940,fernando prestes,SP,1,2017-11-22 12:40:24,149.9,149.9,1.0,142,149.9,0.006993006993006993,0
f7c04dbf91899845f2895f676b366212,b2cf27725215d78797c4f00e05f642f7,26530,nilopolis,RJ,1,2017-03-26 13:16:52,14.99,14.99,1.0,383,14.99,0.0026041666666666665,0
cbe770134a298f4be223c178e2220c9a,7df57c69d26483ecdc9965e7df563b84,11750,peruibe,SP,1,2018-03-24 12:35:27,134.9,134.9,1.0,20,134.9,0.047619047619047616,0
e412443072bf2656a463473f5c9802c1,d234dd6da60ad8379e0ea3a904126e23,31310,belo horizonte,MG,1,2017-10-26 10:54:50,45.9,45.9,1.0,169,45.9,0.0058823529411764705,0
1d38a317a5e9df61d2bfbebf4cc20068,9c3520c602a22850ff2ccb44ab7da84a,28035,campos dos goytacazes,RJ,1,2018-02-08 21:15:15,59.0,59.0,1.0,64,59.0,0.015384615384615385,0
ca8cf5843bcd138bd1e81ec9f17531cf,5df98760c5923977c84e2a09f1e46317,81570,curitiba,PR,1,2018-01-11 13:14:36,148.9,148.9,1.0,92,148.9,0.010752688172043012,0
a087f4c8f28a68fda9ee625b34e41b7b,a78c7b5ff0f49c17ed07ba293ee15f59,13411,piracicaba,SP,1,2017-05-15 11:03:40,10.99,10.99,1.0,333,10.99,0.0029940119760479044,0
330ca6b207006779da875ef48faef608,c3fcf3b664801fe10c4d9f62ac72b21a,2671,sao paulo,SP,1,2018-03-29 14:27:41,179.9,179.9,1.0,15,179.9,0.0625,0
d5a8b5d8ed21f5234e1278a477e751a9,0e88d25592a4f873d5439a70609ace33,83005,sao jose dos pinhais,PR,1,2017-09-27 20:51:53,0.0,0.0,0.0,198,0.0,0.005025125628140704,0
1cfbebf382876a6c3600d143776e8dff,317044f83a92e499420de7fdc6baf5c4,12954,atibaia,SP,1,2017-08-12 16:59:16,550.0,550.0,1.0,244,550.0,0.004081632653061225,0
de416864fefbc148110c3951c25fe872,03473df77f2a5b6cba2360f245b61a7e,89201,joinville,SC,1,2017-10-30 10:40:22,123.43,123.43,1.0,165,123.43,0.006024096385542169,0
71c29cebf4b6b1bc7d2d1e596161687a,30dbfe87657f768ff646ec83ab82c4db,18601,botucatu,SP,1,2018-02-17 20:47:44,284.9,284.9,1.0,55,284.9,0.017857142857142856,0
493f02406fba095160b473a15cf9f9b9,b6024dd39424e7d30eee36ca40241ede,30380,belo horizonte,MG,1,2018-01-11 08:25:00,21.9,21.9,1.0,92,21.9,0.010752688172043012,0
e0d50842eb1d45e542c592466bcc06b5,f2b309d635229f7ff00c0ec3ca616d92,6472,barueri,SP,1,2017-11-02 15:43:52,169.0,169.0,1.0,162,169.0,0.006134969325153374,0
42aceeb2ec87fe876c4c0ef9721d3623,cf1696c20bfd1585c11813fd24e34b80,7113,guarulhos,SP,1,2017-09-27 09:11:49,199.99,199.99,1.0,198,199.99,0.005025125628140704,0
8706792f42471bcdcea286b14842b5df,50a4d93c1a7e41dbc70d422195ac75b3,15290,buritama,SP,1,2018-02-05 19:14:46,192.99,192.99,1.0,67,192.99,0.014705882352941176,0
5d442e2ce67bda00693d989b8ee6232d,5b108d7efd70c1cba1a035f2dd7dc4da,4055,sao paulo,SP,1,2018-02-26 15:06:05,38.8,38.8,1.0,46,38.8,0.02127659574468085,0
d5cca9a06792efce47d8a9aaf94446ec,af42b7fb8707f6e42736d04d2073e2e2,20061,rio de janeiro,RJ,1,2017-07-02 00:25:04,89.9,89.9,1.0,285,89.9,0.0034965034965034965,0
1223d05f13c9da072919d40915747b8d,7f30495af3c648abb809b674749e4f1c,3018,sao paulo,SP,1,2017-10-26 10:35:27,0.0,0.0,0.0,169,0.0,0.0058823529411764705,0
7203adde3a9d76f21c2b01223d07c2b0,e1cb618b74d0ca68e0c206f386ad15ee,49090,aracaju,SE,1,2017-02-09 20:56:00,19.99,19.99,1.0,428,19.99,0.002331002331002331,0
f470ef6c3f70afc022449af9a10aa4da,e66f60d86942c41f5c982a267c881c49,7170,guarulhos,SP,1,2018-01-23 17:02:54,89.99,89.99,1.0,80,89.99,0.012345679012345678,0
3e34d3a2f74fc23f3c0bef7294bb00af,61bf40128d7957b35b793475804b7d3e,78325,aripuana,MT,1,2018-02-14 16:49:01,89.9,89.9,1.0,58,89.9,0.01694915254237288,0
f3eadc8ea3f4d94285eaa4e05a0a7c6e,b39c32137a1b9528b7c707b53980a1cd,22621,rio de janeiro,RJ,1,2018-01-05 15:22:44,250.0,250.0,1.0,98,250.0,0.010101010101010102,0
d15c4eb0809f83e4b72065c920c69e1c,f28904cafaf475d2a2cc68806cad24fe,13419,piracicaba,SP,1,2017-11-24 08:11:39,35.79,35.79,1.0,140,35.79,0.0070921985815602835,0
29d3bcf6907cfe9918a7d698d5bf874a,45ac3e9bdaf25de0c0550d90ced5ad6f,59114,natal,RN,1,2017-08-16 01:00:34,74.5,74.5,1.0,240,74.5,0.004149377593360996,0
4fa12f3ae394aa81c4ac1faaa5a52276,c10e222e853f7723debcf19f1c8b00ab,8473,sao paulo,SP,1,2017-04-02 22:06:05,98.99,98.99,1.0,375,98.99,0.0026595744680851063,0
666757864a60a4cb22fc360c7078612e,5461338ea772177374bcf3f23665178f,7132,guarulhos,SP,1,2017-08-10 20:08:15,99.89,49.945,2.0,246,99.89,0.004048582995951417,0
2f4f35d3e9256161a7ccd6f561707b69,a3c22bbd3ae5d6200ac82078b67eec2a,9130,santo andre,SP,1,2017-12-07 01:05:38,49.0,49.0,1.0,127,49.0,0.0078125,0
cb783202236a8f0f033742f0381fc541,c8c2c89a2e1c59735805f588d5b2d2b1,13181,sumare,SP,1,2017-12-28 20:35:29,79.0,79.0,1.0,106,79.0,0.009345794392523364,0
5decf38298507f43551a5ca799ac67c4,28b0b4457de068a35178bbc436db6f78,51340,recife,PE,1,2018-01-31 23:19:49,79.98,39.99,2.0,71,79.98,0.013888888888888888,0
f698ecbcdf5e7530bc1fb607f8407479,7724b0dde9388bb3c079c19637df37b4,37212,macuco de minas,MG,1,2018-02-21 20:46:03,199.0,199.0,1.0,51,199.0,0.019230769230769232,0
78101fe486eab484a8d65d53b69f4b09,337c366128e3c95a986ca2c89b7030d8,8790,mogi das cruzes,SP,1,2017-12-04 23:16:03,0.0,0.0,0.0,129,0.0,0.007692307692307693,0
725ab1386add4f257ae6b635da68daa5,1364f1e5d7496beb9db686399c7e41e7,93035,sao leopoldo,RS,1,2017-11-12 01:39:16,109.0,109.0,1.0,152,109.0,0.006535947712418301,0
7ea5fc79e8868ed776ebfce44c06869f,981aa6afd62a1ddc2685f8ddf0b358b3,2650,sao paulo,SP,1,2018-01-03 16:55:29,13.9,13.9,1.0,100,13.9,0.009900990099009901,0
6b4e082b14e562a79465f516bd129f3b,a45db9d0a5dcfbf97517132c9d7fe232,41825,salvador,BA,1,2017-07-06 12:53:06,159.98,159.98,1.0,281,159.98,0.0035460992907801418,0
b8ad176ac832668fad192c928fe5a40f,6d1e98680b63e538f35f99c7e79f1473,57043,maceio,AL,1,2017-12-13 02:49:28,349.9,349.9,1.0,121,349.9,0.00819672131147541,0
0e75ea874d514eed9be0dcbc2d02debe,af072509e9646a5e607a5a4df12a9c24,1401,sao paulo,SP,1,2017-12-27 13:22:54,89.9,89.9,1.0,107,89.9,0.009259259259259259,0
55c78bc29570e04ee3d2022cab98231b,3ddf75230a5da0dca3de49ea70faf061,2241,sao paulo,SP,1,2017-08-20 21:34:05,49.0,49.0,1.0,236,49.0,0.004219409282700422,0
a0000ce2fe61df5f6fbf6d47eecef0b4,11f0bc85ae382fbd868f943ff5f6d927,91720,porto alegre,RS,1,2017-07-10 23:18:33,29.99,29.99,1.0,276,29.99,0.0036101083032490976,0
6952fcb78cb94f18e8bed5f290578f9a,27b2dfa86c61f76b60610ebf4ddd2072,16071,aracatuba,SP,1,2018-01-22 21:06:04,22.5,22.5,1.0,81,22.5,0.012195121951219513,0
5709985b6b8934c5e58d49d8b54ddaca,40fc938cf2023d0f122e15ae1240c9bf,6170,osasco,SP,1,2017-12-26 10:46:23,255.0,255.0,1.0,108,255.0,0.009174311926605505,0
62c10a2e490b6fff0d3b216c365f6da4,743c6b0ca4c9d5f6c59eada39d3eda11,6296,osasco,SP,1,2017-08-27 17:35:37,16.9,16.9,1.0,229,16.9,0.004347826086956522,0
377d526461ee7bdfb44dff97141d6e40,35757e086379b909cf8d257dc2996ca1,18681,lencois paulista,SP,1,2018-01-24 11:17:38,135.9,135.9,1.0,79,135.9,0.0125,0
6d611cdbc4cc0607f840cfbb7ae94f56,e8fee231a8a4901e2b0b5a2324eb1405,89160,rio do sul,SC,1,2017-09-10 19:26:12,58.99,58.99,1.0,215,58.99,0.004629629629629629,0
d737e63d3a5d786844e474d5cc21d6c0,e496fe85d1cb9186a547c68d1359c802,21740,rio de janeiro,RJ,1,2018-03-05 12:34:20,179.96,89.98,2.0,39,179.96,0.025,0
07cc013860ca92f60025946a39f80679,179702e353fdb03f55bb4ae7389f9ee2,36301,sao joao del rei,MG,1,2017-12-25 18:16:34,56.99,56.99,1.0,109,56.99,0.00909090909090909,0
5cf3847c728a0bf2219354e810492696,e846fcaa0f112da3a7aeb4fc6abad595,28016,campos dos goytacazes,RJ,1,2017-07-13 11:47:03,129.99,129.99,1.0,274,129.99,0.0036363636363636364,0
953b2f1b03eaf585de5e879a3b4b878f,34cf93aa569d61bea174d1ef5899ba47,25035,duque de caxias,RJ,1,2018-03-30 05:48:12,12.3,12.3,1.0,14,12.3,0.06666666666666667,0
56f9cc5ad6362c75ae28d2a73c27744c,c04a6c1c190e47ec62b4bb139921331a,21060,rio de janeiro,RJ,1,2017-07-13 11:20:15,30.0,30.0,1.0,274,30.0,0.0036363636363636364,0
0b1899150b4ee7ae778d02ecb621324f,dcd091605a479918374eb48b07493d4e,13340,indaiatuba,SP,1,2017-07-05 21:56:09,0.0,0.0,0.0,281,0.0,0.0035460992907801418,0
896dadd858fde9124a92d3a71f046d07,52c9d17d2b709c982265578844547a67,89230,joinville,SC,1,2017-11-23 17:06:28,49.0,49.0,1.0,141,49.0,0.007042253521126761,0
cd9b65266e937da76d5203621315b8a8,b46143871bd7f63bcbd5acd898b5e1ee,66055,belem,PA,1,2018-03-27 16:57:14,126.69,126.69,1.0,17,126.69,0.05555555555555555,0
6ce8e8da73c3e1e90fc5d03e68a41013,579a3ea6523bb2f931e268e1f0445bd4,15370,pereira barreto,SP,1,2017-02-25 10:11:17,249.9,249.9,1.0,412,249.9,0.002421307506053269,0
eca08a2a142685e81a822aff8d3df37b,87ae4c644c15d9c6b6f826dfec33b340,27273,volta redonda,RJ,1,2017-11-14 00:52:49,114.9,114.9,1.0,150,114.9,0.006622516556291391,0
927915ecedbdb6b7d5af71a55721af3d,452363ca0f726377078215d51ebc176d,62430,granja,CE,1,2017-11-13 15:32:29,199.99,199.99,1.0,151,199.99,0.006578947368421052,0
ec6a5b8c7710f3a29f879151cb3338b1,721dbdcbd558019a1756eaff98496b59,39900,almenara,MG,1,2018-02-24 08:58:07,29.9,29.9,1.0,48,29.9,0.02040816326530612,0
61796c6f77ebcb1897edf4a87ad5fa2a,9f634225ffdd9abe3cfe74e9008321a7,7033,guarulhos,SP,1,2018-01-26 08:17:40,330.0,110.0,3.0,77,330.0,0.01282051282051282,0
b77d8b017bee4578bb65581f09c6167c,4792986ad63f3fbd227df81632de2a31,63260,brejo santo,CE,1,2017-11-11 23:20:35,49.99,49.99,1.0,152,49.99,0.006535947712418301,0
bb248d53ccfad4213d4cc085f4ea8605,37599ecc41d3ff5f4605abeb5145ea59,4840,sao paulo,SP,1,2017-06-06 22:31:52,89.9,89.9,1.0,310,89.9,0.003215434083601286,0
9e684293d3dee5021bfc836040e02a19,e5e21cbc9217a9ed56372e6088536b53,13054,campinas,SP,1,2017-09-07 11:53:21,129.0,129.0,1.0,218,129.0,0.0045662100456621,0
a0ff04ef67911eae8a588690b2149379,70473c38b2a45f3bd53dc2e72226b182,27163,california da barra,RJ,1,2018-03-02 16:37:13,43.8,21.9,2.0,42,43.8,0.023255813953488372,0
1976d7f092d9e30dc6f65e2b890f67f5,dd0c3f3af94f2d203f2ee8baed6eec66,35220,itueta,MG,1,2018-04-04 14:19:07,278.99,139.495,2.0,9,278.99,0.1,0
466462055d43360841cd19a81cc12e9a,3f1ae9854823f7c0a8027bd994b2ce64,36505,uba,MG,1,2018-03-13 13:18:23,139.8,69.9,2.0,31,139.8,0.03125,0
0088395699ea0fcd459bfbef084997db,ffe254cc039740e17dd15a5305035928,37640,extrema,MG,1,2017-04-02 16:33:30,13.9,13.9,1.0,376,13.9,0.002652519893899204,0
ee8f0c49ed13656cf3210d7b9d8f2532,1389cf690748d665807dddc8a0c4936d,49048,aracaju,SE,1,2018-02-28 17:02:34,58.99,58.99,1.0,44,58.99,0.022222222222222223,0
37ec9c358c076750b0dac910c9d10b61,6b1a9ecea6c946784ae10a10cea8bbce,6770,taboao da serra,SP,1,2018-03-07 22:37:13,31.9,31.9,1.0,36,31.9,0.02702702702702703,0
979c7ddcdcad9c14ec457b91c223d5b5,529ad41749c0aa139b22508ab4a696aa,2963,sao paulo,SP,1,2017-11-26 22:06:07,54.9,54.9,1.0,137,54.9,0.007246376811594203,0
15d8ee1ac59990d69adc0a39e9de090f,4f74cbce7c21bd285c7711c150214533,22470,rio de janeiro,RJ,1,2018-03-19 23:27:29,34.9,34.9,1.0,24,34.9,0.04,0
1ff6fa617b2b77f6844df0191949925a,5bffdce2f67241f3d9de86edf96e62ec,78325,aripuana,MT,1,2017-12-02 10:04:07,299.99,299.99,1.0,132,299.99,0.007518796992481203,0
6ce9b26c054b6e299e017f732a862b87,2d38f064a1ddd82c8c14beadb7bf0c38,41620,salvador,BA,1,2017-12-17 22:49:34,129.0,129.0,1.0,116,129.0,0.008547008547008548,0
06ba6a60751f29132f330decc3450c3b,6893c970be2d4631bbe03d8883db9981,14720,taiuva,SP,1,2017-05-12 09:24:23,67.1,67.1,1.0,336,67.1,0.002967359050445104,0
e2266964ba442379634f15b1e35b9bd2,70504b368c13497407203bef59b7bbd6,24355,niteroi,RJ,1,2018-01-17 16:12:17,99.9,99.9,1.0,86,99.9,0.011494252873563218,0
5ebc6424b55d612d20110789bbe0d748,525236008daa62b6022f35142ef864d3,76450,minacu,GO,1,2018-02-03 09:27:17,139.99,139.99,1.0,69,139.99,0.014285714285714285,0
b209a1643829776c9340b2fab705c225,7faff2e2df2eb442e0a8bc56327d614c,93800,sapiranga,RS,1,2018-04-05 21:09:23,55.9,55.9,1.0,8,55.9,0.1111111111111111,0
2a786d13278ec66a602d028cbccde4b6,709d2a72ef3652f89310ced4d363c4d0,45651,ilheus,BA,1,2017-04-06 20:39:53,69.0,69.0,1.0,372,69.0,0.002680965147453083,0
e3f80f0f73a4b146a20671cbb8291ee6,1c30a8a26206c73ad4574db04965b98a,1410,sao paulo,SP,1,2018-03-20 12:48:36,380.46,190.23,2.0,24,380.46,0.04,0
2872fca71254241e3d2879ab4f37ba01,391370fe0e815d9ca7ccdfae8bdc6c10,15070,sao jose do rio preto,SP,1,2018-01-31 12:26:17,22.0,22.0,1.0,72,22.0,0.0136986301369863,0
fc0882280024acdc05099f791169a939,e291272db5bd3070bfd6497432223aed,22720,rio de janeiro,RJ,1,2017-07-04 13:37:14,889.99,889.99,1.0,283,889.99,0.0035211267605633804,0
d312c73308e9c429a61aab82e16b7f6a,b542893c864fb11225f7105ee3e3f0ca,57150,pilar,AL,1,2018-01-07 11:53:56,23.8,23.8,1.0,96,23.8,0.010309278350515464,0
f071974e65cb75a420c1530a8b0b27f4,4a6ccb379c9e5062ad3ce2324222fbf3,13181,sumare,SP,1,2018-01-25 14:59:08,13.65,13.65,1.0,78,13.65,0.012658227848101266,0
cbd55dff082c38949f4a03a3719c3422,dc7853d6016d0ec0e68b25f1f7046599,5303,sao paulo,SP,1,2017-06-06 18:09:37,399.6,99.9,4.0,311,399.6,0.003205128205128205,0
0599f126a96e82b600270dca9776effb,d0fb1b9eec4309a1a2d8689806604037,59603,mossoro,RN,1,2018-01-08 09:56:46,149.9,149.9,1.0,95,149.9,0.010416666666666666,0
a12365591fbc4f0ad1deaec3bef23605,b21ec1735698910d58c344e453cda6d2,85811,cascavel,PR,1,2018-02-10 21:03:56,359.99,359.99,1.0,62,359.99,0.015873015873015872,0
bd075a9e60df7474943e430c2f5f61f5,519446a115f9260dd7af4dda99afd8be,72745,brasilia,DF,1,2017-11-22 11:30:11,118.0,118.0,1.0,142,118.0,0.006993006993006993,0
6d7c9077051d631aa0e2181600e7a0ca,46b931768b02f0e14a46765b075ce7f2,30855,belo horizonte,MG,1,2017-12-14 19:39:41,144.0,144.0,1.0,120,144.0,0.008264462809917356,0
2780a5c4a40f30e3fb695bc67c9c782d,f5bf52d9842a1d668a9efcedad3dd099,3132,sao paulo,SP,1,2018-03-05 04:54:52,45.0,45.0,1.0,39,45.0,0.025,0
bb7b4c45c021cdb9219306f8182506ca,db0c81ba4510a24f6720c4620e00ff24,13098,campinas,SP,1,2018-01-13 20:12:58,119.0,119.0,1.0,90,119.0,0.01098901098901099,0
c10365a2d64f63953a17620a113352e9,4c250c90bedbbfa9a85ac59143f09f55,77475,araguacu,TO,1,2017-06-07 10:04:14,129.5,129.5,1.0,310,129.5,0.003215434083601286,0
73cc6855993434b678f45020e7389ff8,8f2f0917e7310a106780a8750741091c,35058,governador valadares,MG,1,2018-02-07 23:24:06,52.0,52.0,1.0,64,52.0,0.015384615384615385,0
cc6f32c57316a3ecd76524cc0af10794,82f78e34ccf4f5e160f2b36eef6aa1e7,13295,itupeva,SP,1,2017-03-30 16:36:12,69.0,69.0,1.0,379,69.0,0.002631578947368421,0
eeb1a37e2e928ef2bacdb4b6382badc6,e83a1e3037f61730f863bcb97b1d1b1e,2534,sao paulo,SP,1,2017-08-17 00:19:21,69.9,69.9,1.0,239,69.9,0.004166666666666667,0
5cc1c9ac89cd78e5706b1a1a67a5313b,17fe6b19265f94904d96308bef848df4,65052,sao luis,MA,1,2018-03-19 11:31:57,100.99,100.99,1.0,25,100.99,0.038461538461538464,0
f17dc22845da7354c2279806c5c5483e,08d208220b5f88c10e6e4f7d7995c50f,28613,nova friburgo,RJ,1,2017-07-11 20:54:38,239.0,239.0,1.0,276,239.0,0.0036101083032490976,0
9d7aed3437d31b255183e58f999509f9,1b2db8ab2d8e7b84b5455736fc9713f2,24220,niteroi,RJ,1,2017-05-11 00:36:48,34.89,11.63,3.0,337,34.89,0.0029585798816568047,0
9a6c7184233793dc64cdabfcc7120b83,65db6dcd7ff3b3930cef912ad7d9c900,18120,mairinque,SP,1,2017-05-16 00:46:45,99.99,99.99,1.0,332,99.99,0.003003003003003003,0
fabc9128fc3c897d2208425e2086d3a5,07f73198f5bbc83c1ad9806a7ca28144,49095,aracaju,SE,1,2017-08-30 20:20:12,45.99,45.99,1.0,226,45.99,0.004405286343612335,0
0e4a0db41e5ea0f9d32ad03f0fa1759f,0fb407e468da891db3d636a5d05393e7,8161,sao paulo,SP,1,2018-02-03 19:02:09,24.9,24.9,1.0,69,24.9,0.014285714285714285,0
12ddb653ddf28191dc4b375dd183febf,c88fdbe3c6e7f973c5be933a35993e99,85935,assis chateaubriand,PR,1,2017-02-13 15:36:20,337.69,337.69,1.0,424,337.69,0.002352941176470588,0
5a134aeb2bc57fc5561108c40911a5e5,97800844084823aef5065286c2e1f5b0,7791,cajamar,SP,1,2018-01-14 21:32:20,0.0,0.0,0.0,89,0.0,0.011111111111111112,0
075e31dfbe61654855be4e32392358e5,a8b4071c5bd64c07c369d13a5e72489b,5014,sao paulo,SP,1,2018-02-17 12:06:46,57.5,57.5,1.0,55,57.5,0.017857142857142856,0
0b70134d7e2d9773897833e933c6ec5b,93360190b9375a40b65720ee99387a4a,87005,maringa,PR,1,2018-03-30 20:27:16,97.0,97.0,1.0,14,97.0,0.06666666666666667,0
68d295367a8abcda02105da98b108bc5,61f2b8785cd7055928661d8279a55d6a,96209,rio grande,RS,1,2018-02-10 13:18:14,19.99,19.99,1.0,62,19.99,0.015873015873015872,0
174961a996b85068663a956eab55c2dd,26c57f8ce914e45c8fde0c7d415719d7,30666,belo horizonte,MG,1,2017-04-05 13:15:12,143.0,143.0,1.0,373,143.0,0.00267379679144385,0
57ea77d77b05b87eb8328d8bbcc4b7ef,0556929f4c62baf96feafe4e1b52bc0b,41490,salvador,BA,1,2018-03-20 02:29:16,27.99,27.99,1.0,24,27.99,0.04,0
40a3be412130198c7617ff3e7a18612f,986ba053b29971328549d2c9f20c43c2,28415,pureza,RJ,1,2017-08-05 10:48:59,49.9,49.9,1.0,251,49.9,0.003968253968253968,0
ad12d6feaa37e9500ae0eb825bf9358c,e64ab18890c89066fe47f8abbbf180de,44830,piritiba,BA,1,2017-06-10 19:03:03,93.0,93.0,1.0,307,93.0,0.003246753246753247,0
82bf9449be249defb5aefcf47ab81435,e428364c467466fa1b336137f6e9356d,31150,belo horizonte,MG,1,2017-07-20 21:21:53,19.95,19.95,1.0,267,19.95,0.0037313432835820895,0
f921671e530fb8699e967a93163e6f3a,5f89b3a4aba31dd11e5419af3cc3c7b0,18411,itapeva,SP,1,2017-11-29 09:03:43,89.9,89.9,1.0,135,89.9,0.007352941176470588,0
1c1bfb2cd4aa789067295941c42120ff,3f7fe16073dbdd44c23f327bab3def2c,65912,imperatriz,MA,1,2017-11-17 19:43:10,277.0,277.0,1.0,147,277.0,0.006756756756756757,0
3a41a5aa21ed1eac4f6610e89ab5309c,71ff669905018ac7c422f4fc85c0659c,45300,amargosa,BA,1,2017-07-12 16:01:51,54.99,54.99,1.0,275,54.99,0.0036231884057971015,0
c7c339e6571b455cb8d45a28d75cbb60,6e2c8f6010bda5e5ab4ef460f9a00b9c,26900,miguel pereira,RJ,1,2017-09-25 22:28:43,68.0,34.0,2.0,199,68.0,0.005,0
f7c17f006f58342e6eb4afa6d076037f,bc566e7376447f9dd149308fd08428df,8371,sao paulo,SP,1,2018-01-06 01:28:12,89.0,89.0,1.0,97,89.0,0.01020408163265306,0
28c0c209da1b812e1f01a311024a61c5,56c8638e7c058b98aae6d74d2dd6ea23,37800,guaxupe,MG,1,2018-03-22 10:14:00,20.89,20.89,1.0,22,20.89,0.043478260869565216,0
08d7418c7329e60d4537f2218b4c8b49,e3baf83bac6152c2d2dcae94f7b619ec,98700,ijui,RS,1,2017-12-09 23:52:16,122.0,61.0,2.0,124,122.0,0.008,0
148bb9f283f5eebbafda782b05d5d4d7,070da753b3edceb495ca2ab66085455e,1210,sao paulo,SP,1,2017-05-23 15:03:59,159.9,159.9,1.0,325,159.9,0.003067484662576687,0
2a3624bf4c3135d19877f48d340c8613,d3195631b2c66e9ad4cf137285ff57f6,12243,sao jose dos campos,SP,1,2017-05-29 11:32:28,39.9,39.9,1.0,319,39.9,0.003125,0
82e41cc1f87b1074c1f4bf5c840fd4a2,5e14026973c4b71ae2e86aa64cde17bf,25945,guapimirim,RJ,1,2017-11-06 09:25:35,124.99,124.99,1.0,158,124.99,0.006289308176100629,0
379f4366f5dab3fe232d02b8432360dc,8e2c92b2442298bd653b0e9aadf4c313,78525,matupa,MT,1,2017-09-13 00:57:15,109.98,54.99,2.0,212,109.98,0.004694835680751174,0
02f8e44a560ff53db97e57913234593b,c7e928c4346d37e393237d9f91139f24,79500,paranaiba,MS,1,2017-08-04 22:51:08,259.99,259.99,1.0,251,259.99,0.003968253968253968,0
569bdc5b541b747c421b3618ddac0884,641bc928aacfb29e6eea8b415090965b,20730,rio de janeiro,RJ,1,2017-09-08 19:33:47,19.9,19.9,1.0,217,19.9,0.0045871559633027525,0
784858ab2fe13a7dbbb230885e0a6ad4,e89f5599cf582f7dd5005596451462a5,28053,campos dos goytacazes,RJ,1,2017-03-04 15:03:13,490.0,490.0,1.0,405,490.0,0.0024630541871921183,0
4e23dfc538f90d9b4407f71bc6a797bd,cc94f9e95caa64ae1fd7166494106054,80030,curitiba,PR,1,2017-07-24 20:01:16,219.54,219.54,1.0,263,219.54,0.003787878787878788,0
461ac5f6096c83246957cad38154e252,1525aae38c4d7ce53540f783ec7b4d17,14090,ribeirao preto,SP,1,2018-03-30 10:45:33,42.9,42.9,1.0,14,42.9,0.06666666666666667,0
7f8a1c90d9ee5773dbbe0d70ac48b7c9,40e86cb7a8a261846c16f9c97222ee06,22210,rio de janeiro,RJ,1,2018-01-02 20:16:58,139.0,139.0,1.0,101,139.0,0.00980392156862745,0
e17dbbd9f659bf72e9d742658f9f3d6f,6bb6ae0812de4c10a2b3e7331e081c53,4784,sao paulo,SP,1,2018-03-19 12:57:59,260.0,65.0,4.0,25,260.0,0.038461538461538464,0
38658a45235ad07f51a84607654e53f1,0950a89e2269d0042c403550ac89a787,57083,maceio,AL,1,2018-01-13 00:21:59,69.9,69.9,1.0,90,69.9,0.01098901098901099,0
68d3e5d419a75d87677d27f67c5b2a04,e907b51ae339d5c8296ea0eaaa94223e,32070,contagem,MG,1,2017-05-03 20:03:35,99.8,49.9,2.0,345,99.8,0.002890173410404624,0
a0822dff344a63f5484f6f09dc6942e3,0637b8b30ad31760ec80e9338b17fee8,20241,rio de janeiro,RJ,1,2017-04-21 20:05:33,139.9,139.9,1.0,357,139.9,0.002793296089385475,0
cdc8a72f10450759bd9aafd76c7a11b5,73e36e84433216c72ad58b4a63655fb4,2021,sao paulo,SP,1,2018-03-28 11:29:56,91.98,45.99,2.0,16,91.98,0.058823529411764705,0
be94819d23e284279425496d0e695777,c2249f3f1885c3f647feb992bcb68d13,12233,sao jose dos campos,SP,1,2017-04-14 23:56:08,126.2,126.2,1.0,363,126.2,0.0027472527472527475,0
a74b3f14183cc1bcbcad43ae2dc89bd2,ddad92b8c1d2070b274687572e5f013b,13806,mogi mirim,SP,1,2017-10-25 20:24:11,44.9,44.9,1.0,170,44.9,0.005847953216374269,0
71c9eb6d4ab7aa0f41ddc13c81ca0b02,965d702887d6f19ee2447de45bb1eead,5819,sao paulo,SP,1,2017-11-14 11:44:27,325.0,325.0,1.0,150,325.0,0.006622516556291391,0
df9f289fce3b2a96f6431807fbf632bb,e9b87dccd9c326a3325385087eb0150c,92500,guaiba,RS,1,2017-10-05 18:45:37,119.8,119.8,1.0,190,119.8,0.005235602094240838,0
edac083f1a20e237fc65e3c159623f76,8e9cd01c765ecfa5ff5ecd0a51e1c518,20541,rio de janeiro,RJ,1,2017-06-12 20:44:04,57.9,57.9,1.0,305,57.9,0.0032679738562091504,0
0ab6b9678a73a7234a994d90cafcbc5c,889764541a3bd1cc777e70364dd00084,87920,santa cruz de monte castelo,PR,1,2017-12-19 09:42:51,49.99,49.99,1.0,115,49.99,0.008620689655172414,0
665fe3b7ab435cda0fad0c3cbb1c51dd,29d4565784c57f7afdd2d646af68f6d7,74085,goiania,GO,1,2017-12-04 21:45:30,59.98,29.99,2.0,129,59.98,0.007692307692307693,0
eed07583336a218b34ffa4773126a86b,152e41e668bcc58f2d98dcec34cc5e6f,21030,rio de janeiro,RJ,1,2017-03-05 19:39:34,189.9,189.9,1.0,404,189.9,0.0024691358024691358,0
30a09a314fcba2f8ddb8334844953702,845ad037b6e39255ab457e1c587eb455,7172,guarulhos,SP,1,2018-03-25 18:27:09,63.99,63.99,1.0,19,63.99,0.05,0
dad0f2e41b6b4b85070b49287a994d37,a9e070f61d35aa13e420c8597b5ccb3d,31744,belo horizonte,MG,1,2018-01-28 18:43:24,20.3,20.3,1.0,75,20.3,0.013157894736842105,0
c3d665a278af5874f95836cde559223c,457ab5dfd477fe2ac53e051f07d4c0c8,81030,curitiba,PR,1,2017-12-16 15:43:37,41.99,41.99,1.0,118,41.99,0.008403361344537815,0
04cb06222199f8e9a1691ef028e88a28,7804384addbe34ce87aabfc43ad63e9e,5372,sao paulo,SP,1,2018-03-24 18:20:15,29.9,29.9,1.0,20,29.9,0.047619047619047616,0
d8f36d0b4ad0276f450d447c5e9d5fdd,2ba177926f4acf1634e1227b4446e6fd,94475,viamao,RS,1,2018-01-25 13:11:59,86.9,86.9,1.0,78,86.9,0.012658227848101266,0
2181c158dfd236e9c1854c05f1bd6fae,97ca81e1f4a9fb8be9fd0ce72f0e52d5,52070,recife,PE,1,2017-12-03 21:39:07,84.99,84.99,1.0,130,84.99,0.007633587786259542,0
11e55f8da60d95653cfe027e0e90c51a,9084ddf25334d2b3afaf25994ce72e98,9930,diadema,SP,1,2018-04-09 16:30:11,54.99,54.99,1.0,4,54.99,0.2,0
35ec6c1ca9e5844c5ca94214cce16dca,b854c56e1163bced9c3ebf1e4a6576f3,36021,juiz de fora,MG,1,2018-02-21 17:15:49,49.9,49.9,1.0,51,49.9,0.019230769230769232,0
0280e2736a179aa87a59447236a797fa,1c61833a5bbe555d71990cf46c3ccd2b,13313,itu,SP,1,2017-01-19 13:38:16,104.9,104.9,1.0,449,104.9,0.0022222222222222222,0
62c9bb5ecd888b1b131f6043dce494c9,2f82eaf909f9d07081cb6a23f1108508,8032,sao paulo,SP,1,2017-07-25 21:16:30,19.99,19.99,1.0,262,19.99,0.0038022813688212928,0
f31d0ce927351196bc937833455c3185,49d63ca93dcff55be6f279beab94e3a9,9770,sao bernardo do campo,SP,1,2017-06-27 19:39:10,190.0,190.0,1.0,290,190.0,0.003436426116838488,0
5ef1f0dcf26b5aa4f4838ea2e1a9634c,9340969888ebd51eb9177f0ce98903d3,11045,santos,SP,1,2017-12-04 15:58:53,258.0,129.0,2.0,130,258.0,0.007633587786259542,0
2dbe392b39bfc3fc6080a23ca79790bf,cff2e70f7fd43f570fd3ba208bef731e,90450,porto alegre,RS,1,2017-06-28 11:19:15,207.97,103.985,2.0,289,207.97,0.0034482758620689655,0
c8c205b130f46434844534e728a14046,246579132d8845a7263a1365be4ddd56,38600,paracatu,MG,1,2017-11-25 19:45:05,144.99,144.99,1.0,139,144.99,0.007142857142857143,0
070ca12a62752e5464182d78c6fac033,c0bfed338273072ae7f5b10034e82f20,78556,sinop,MT,1,2017-10-18 15:14:16,109.9,109.9,1.0,177,109.9,0.0056179775280898875,0
aaf6d77cd0756a4e878472c3efc65308,ff8557b296729eaa30f078d974c86812,88117,sao jose,SC,1,2016-10-09 22:38:35,79.99,79.99,1.0,550,79.99,0.0018148820326678765,0
6a842e6565c1a29ed2d1f486297224ac,f89136f35423a5b6d06137b14a4748c5,4880,sao paulo,SP,1,2018-04-10 16:46:48,22.9,22.9,1.0,3,22.9,0.25,0
0f0f0c6250a06ed825b57b8233a2bb3d,ab18da8fc2ed1a43bb7034a71fcb4f7e,12515,guaratingueta,SP,1,2017-12-03 20:22:55,144.9,144.9,1.0,131,144.9,0.007575757575757576,0
ced8cf14f3a428194fe15bb151edec3d,934eaf954e2bb5c0787334b63576854f,12903,braganca paulista,SP,1,2017-03-12 17:42:52,69.99,69.99,1.0,397,69.99,0.002512562814070352,0
40a9f7530f5b05737ed97fda2e03e6df,8f9f5d6a8f3bbe2bacd9d7fb1a0631d8,4625,sao paulo,SP,1,2017-11-23 17:40:25,49.9,49.9,1.0,141,49.9,0.007042253521126761,0
83a107eb8c850c4ec768e1370e689443,50a662e7d7e7e2a94112a4f15a37464e,24710,sao goncalo,RJ,1,2017-06-27 11:18:05,179.9,179.9,1.0,290,179.9,0.003436426116838488,0
cc4db88e38bc31a614fcba9423ed8c1d,af721b7063b42fe531599b5fe3f75b59,12405,pindamonhangaba,SP,1,2017-11-01 02:38:05,24.9,24.9,1.0,163,24.9,0.006097560975609756,0
f43d9a5994fb99bb2e14160e12666442,9fdf694ddd72ea586dc72ceb7a0d2d91,75200,pires do rio,GO,1,2018-02-05 22:54:03,159.8,79.9,2.0,66,159.8,0.014925373134328358,0
ae90fb51bbb3bc7230dae1122a4e1e24,9e30b232ba6ef1aea396bf9c64b71e89,72130,brasilia,DF,1,2017-10-13 11:30:09,29.0,29.0,1.0,182,29.0,0.00546448087431694,0
c0c9968b87c9b21b9cc522c898b56f56,0da196eeb097814372b3521bceab2108,7081,guarulhos,SP,1,2018-02-14 22:15:18,229.9,229.9,1.0,57,229.9,0.017241379310344827,0
2bc5c92da6f86fad8ec9dfdd63a2b8f2,482b517bebe057b7151e0504eb467424,95690,rolante,RS,1,2017-09-24 20:00:32,250.0,250.0,1.0,201,250.0,0.0049504950495049506,0
814b41afcb94cb533af057e10587da20,e75338700ec94ad6e634ee7fe05a14b4,13160,artur nogueira,SP,1,2018-03-06 13:46:25,59.99,59.99,1.0,38,59.99,0.02564102564102564,0
fef067e487e9911c42d7073ced30b5de,e58ba10b48826b53ac411fa4b20e4956,22470,rio de janeiro,RJ,1,2018-01-30 13:17:34,103.8,51.9,2.0,73,103.8,0.013513513513513514,0
e00aa01b6ac59993f55498f7742a6902,ecdbc4bf2201c807294c7d8c4b777032,13348,indaiatuba,SP,1,2017-04-02 12:02:52,60.0,60.0,1.0,376,60.0,0.002652519893899204,0
79836f353f3bf93edbfb6145332ec447,b0b6ba41f2581d52e89a9c848cb219b1,24445,sao goncalo,RJ,1,2017-11-27 16:58:04,139.9,139.9,1.0,137,139.9,0.007246376811594203,0
27b1dcf8d024957e6a19aa018f014dd3,2278d5880dfbfab995f4a65bf082f444,87250,peabiru,PR,1,2017-09-06 09:34:48,59.9,59.9,1.0,219,59.9,0.004545454545454545,0
ee3dd978021aef55ba8a583afd608049,cc15a06fcaf30c26c11f641c5d753080,5545,sao paulo,SP,1,2017-12-04 12:46:39,79.9,79.9,1.0,130,79.9,0.007633587786259542,0
61c2616d4993655c24b0ff0a7d400fd6,8a9e587e6ea266da537886552c815d9d,6447,barueri,SP,1,2017-08-05 13:38:08,69.9,69.9,1.0,251,69.9,0.003968253968253968,0
35cc79f94883e64adef77f344e09b7ec,35b887857d9e7902094a37e9f2e51796,63150,campos sales,CE,1,2018-04-09 21:35:35,1190.0,1190.0,1.0,4,1190.0,0.2,0
8c7986a8516cd0fca2760e8cd92acfdc,d399fa2119d7420b2b03e33536b7f549,5856,sao paulo,SP,1,2018-04-02 20:32:50,149.9,149.9,1.0,11,149.9,0.08333333333333333,0
f24774b99842246d43379d09c7ecec3b,35b34e59aa2f70737f40f2bdf80077fc,4240,sao paulo,SP,1,2018-01-09 15:42:32,29.5,29.5,1.0,94,29.5,0.010526315789473684,0
9aeef00092181c23d5caf47cab6e5f5f,8b36e776a8a166902ac1c85024d7aa52,2732,sao paulo,SP,1,2017-12-12 07:51:32,11.9,11.9,1.0,122,11.9,0.008130081300813009,0
0d71c0379d76db8625afcb70e9a1e519,8a226399ecdddb730d06751dee2614f0,1404,sao paulo,SP,1,2018-03-07 09:16:05,120.0,120.0,1.0,37,120.0,0.02631578947368421,0
bf354810e17773bc2d0d71a6ede7fcd7,70a7e89dddfaddf894e7227932d8cc18,15055,sao jose do rio preto,SP,1,2017-12-27 14:03:44,179.99,179.99,1.0,107,179.99,0.009259259259259259,0
e0914eefae8c413678da6e1c5fbb1ca2,76dd0c4744aacba27bc9e82984f9da5b,13174,sumare,SP,1,2017-10-03 23:55:15,99.0,99.0,1.0,191,99.0,0.005208333333333333,0
c8e41791508ca5cf1fe0d9d49c75cf31,5333c5135b68c47c3722f84cb27676e2,68005,santarem,PA,1,2017-09-11 12:00:17,40.9,40.9,1.0,214,40.9,0.004651162790697674,0
d2af3edd6b796f2a252e76b0ecce3fc8,e6bc2428864d779914fcd076ae336b88,88960,sombrio,SC,1,2017-07-13 09:57:08,49.9,49.9,1.0,274,49.9,0.0036363636363636364,0
b31b5ecd79d2528b3340abb86f5c2a4d,a1f056aa9823bc1fb8206b00a9be412c,6160,osasco,SP,1,2018-02-21 23:54:14,29.9,29.9,1.0,50,29.9,0.0196078431372549,0
9e7843064b6d598a3835a6c25da3a412,bfe4720c90117f67140c4cda130f1022,29167,serra,ES,1,2017-12-01 22:25:12,899.0,899.0,1.0,132,899.0,0.007518796992481203,0
d2be4369263b5ac03ffff07e2aa63967,d952a28b3cefc24930d97d2ced2ea4e0,35476,piedade dos gerais,MG,1,2017-04-27 10:42:30,17.89,17.89,1.0,351,17.89,0.002840909090909091,0
ac60ba24d89bd3131734f9f891b178e0,ffc0ae560c10208ff8e7d8c0b9823683,8161,sao paulo,SP,1,2017-10-02 22:17:16,54.9,54.9,1.0,192,54.9,0.0051813471502590676,0
edd13a1ddf89812084c9545dadc62505,b9de353000bbdc1f5d6cc2fc945ce452,5854,sao paulo,SP,1,2018-04-02 20:49:48,149.98,74.99,2.0,11,149.98,0.08333333333333333,0
e4b3914855484b3bf77b28486d0247bc,bb4bfd71186140b526b7b38c44e82c84,22793,rio de janeiro,RJ,1,2017-05-11 13:17:27,290.99,290.99,1.0,337,290.99,0.0029585798816568047,0
e72b9285149c7929bf099a373a3e2ad8,e470037a6f8f4d58dcedbdbc9e232865,5170,sao paulo,SP,1,2017-10-09 20:57:37,43.5,43.5,1.0,186,43.5,0.0053475935828877,0
fd8c1c13c5a8e810e542362ffe896cb0,4177106411d91f66e786890b5e745511,5056,sao paulo,SP,1,2017-02-09 14:18:34,20.99,20.99,1.0,428,20.99,0.002331002331002331,0
9797f235d77daa2d4bb88ad6a848497d,ed589c98dd05eb5337d7a1e75582a60c,9812,sao bernardo do campo,SP,1,2017-06-20 21:03:19,79.0,79.0,1.0,297,79.0,0.003355704697986577,0
76b409766dcff895c8dcf3f3297baddf,d1e50ac66604fa33ddcf85fd68a34f8a,72150,brasilia,DF,1,2018-03-02 13:35:20,79.99,79.99,1.0,42,79.99,0.023255813953488372,0
14018ff56b0d7cbc692397cc71d114c2,1e55e11e763ab33050725d0e90174464,22775,rio de janeiro,RJ,1,2017-12-29 00:11:14,56.99,56.99,1.0,105,56.99,0.009433962264150943,0
77a69d313ed6ac75d3bde85d588cb916,ec21f63c4abcd42a848c24b0e33c4a6b,64220,luis correia,PI,1,2017-06-23 14:53:39,115.0,115.0,1.0,294,115.0,0.003389830508474576,0
414ee807f9a069ff6fa70d9580089f79,f3a24fa0a529aedb8bddc6d2e1e9df34,88750,braco do norte,SC,1,2018-01-29 14:28:17,99.99,99.99,1.0,74,99.99,0.013333333333333334,0
c9c813b7dbdf3fddd1e25b8581a58f19,4da48d50844a6b56fb74a654842d1f7b,11015,santos,SP,1,2018-03-01 17:15:24,1060.0,1060.0,1.0,43,1060.0,0.022727272727272728,0
c41355e54aad18c85073d0c77dbe29fc,de53dac179f45d2126c3fe2430bc5d78,14795,colombia,SP,1,2018-04-11 10:48:14,139.9,139.9,1.0,2,139.9,0.3333333333333333,0
743c1d91eb910917739b0713540a43f0,6e6a80c64dba68adf32cc3aff1f54ba7,63700,crateus,CE,1,2017-08-08 20:14:46,85.9,85.9,1.0,248,85.9,0.004016064257028112,0
f4d64a735d1f90f13a057ca7f7b5ff87,ad0adff48be9c5f67cb35fd0895b42e7,14403,franca,SP,1,2017-11-17 19:46:56,702.0,78.0,9.0,147,702.0,0.006756756756756757,0
36da3a8627190be6c28bff40b19acfae,5ca49056dee44801d12e37da1483d9de,37505,itajuba,MG,1,2017-11-23 14:51:18,349.9,349.9,1.0,141,349.9,0.007042253521126761,0
82628cbf879a9546d6693c25cbd5e915,7d2e91ea7e31b1cc85458f22c4d21a28,79002,campo grande,MS,1,2017-07-25 17:04:04,59.9,59.9,1.0,262,59.9,0.0038022813688212928,0
91fc7465107d197ce60e483d9f601dc8,f8bafce27bef77e21b560a20644ab4f2,13184,hortolandia,SP,1,2017-03-31 10:53:45,69.99,69.99,1.0,378,69.99,0.002638522427440633,0
34bbcae303fcd2a8e8a9d7493e01e745,42df399104cb9e5e0f515284172de411,45026,vitoria da conquista,BA,1,2018-03-31 20:55:30,131.99,131.99,1.0,13,131.99,0.07142857142857142,0
6995f12b21fdf8e6a245b17888e38a46,a8f4d39552927a425201f147d0c7653f,81230,curitiba,PR,1,2017-04-12 02:35:02,60.9,60.9,1.0,366,60.9,0.0027247956403269754,0
5f87c05477db2d22c63b718299c9c03e,ec5d2f91c651ce345616c7035fab6f9d,36950,ipanema,MG,1,2017-11-27 00:25:10,2700.0,1350.0,2.0,137,2700.0,0.007246376811594203,0
37745fa479f6b3130fea21ac6f375d24,f6bdd3ee1531c4c1e8d82925affdc375,85460,quedas do iguacu,PR,1,2018-03-25 19:08:17,99.97,99.97,1.0,19,99.97,0.05,0
d91269dd81b9bce4f785fb94e5189872,a2694c5df9183031534e4dbdd7411377,7942,francisco morato,SP,1,2017-11-24 07:24:37,49.0,49.0,1.0,140,49.0,0.0070921985815602835,0
719c87a4b983b44744b888450aad4093,5f890e0742a627d656f806b0f1efa27d,59054,natal,RN,1,2018-01-05 09:38:46,34.0,34.0,1.0,98,34.0,0.010101010101010102,0
7743f235e69a51423e995b0682ac8c95,cc097b7f1ae9afd594807d0dd7108448,99711,erechim,RS,1,2018-02-06 09:43:59,119.98,59.99,2.0,66,119.98,0.014925373134328358,0
5974a7436459910a0a91a5e6cdd9c6bd,6080a210886780ffc895bce6bd114e4d,91440,porto alegre,RS,1,2017-12-14 00:06:50,45.9,45.9,1.0,120,45.9,0.008264462809917356,0
58d0bd849f93e7fdc6dd79e62125e668,2e525cdf401416a4b067a07bc351372a,14160,sertaozinho,SP,1,2018-03-07 11:05:55,115.0,115.0,1.0,37,115.0,0.02631578947368421,0
e5cf95241d6cdc36468f1d12efe96d04,d3064d90e228f5f2fe913cd41342c677,65068,sao luis,MA,1,2018-03-26 05:47:36,226.97,226.97,1.0,18,226.97,0.05263157894736842,0
c7f2aa41726d05bcc6db32812fbf95ba,753dddc39cc059d28491d9726836f98f,37200,lavras,MG,1,2018-01-13 17:56:43,120.0,120.0,1.0,90,120.0,0.01098901098901099,0
64428c52652832ca97eda36bceffe1ef,2952f56adfcd2cb84518197e3d8ee558,11075,santos,SP,1,2018-01-09 11:46:32,250.0,250.0,1.0,94,250.0,0.010526315789473684,0
dfd328ee003850fa4d887ddba13d0ea4,81d2a0cd099bfa862bc246b1e56a2c9a,58170,barra de santa rosa,PB,1,2018-02-08 10:45:46,254.4,254.4,1.0,64,254.4,0.015384615384615385,0
64ded60f3124e272f4403c9fe551de28,da2e2fa3c928e6c7cacadee28d84c8ad,73840,campos belos,GO,1,2017-05-28 23:22:32,139.9,139.9,1.0,319,139.9,0.003125,0
a5ae902c29eb236d0a9ce2052b2e4232,204eec5bbdb1b2f903363ed7d4c22e84,8710,mogi das cruzes,SP,1,2017-11-26 19:49:01,179.0,179.0,1.0,138,179.0,0.007194244604316547,0
c19ce4ec557c4b0d86dc3fa47a542502,a4e456eca4b667dc31e1881a4b56b319,18208,itapetininga,SP,1,2018-01-14 08:09:08,9.9,9.9,1.0,89,9.9,0.011111111111111112,0
33f94cb672301b24d91aac31b9ff9178,0d0f7471391c3a72f18f22c34fc5187e,91788,porto alegre,RS,1,2018-04-09 20:05:15,249.0,249.0,1.0,4,249.0,0.2,0
0d9c175b2e88eb30dff36a9ffdc4739a,0f3df132339ceb1331d21c7df79b3dfd,13105,campinas,SP,1,2017-10-30 11:26:41,61.9,61.9,1.0,165,61.9,0.006024096385542169,0
aaf8f07973765aa793625691d7cfc784,ad54352c830408e693999986262550ef,97502,uruguaiana,RS,1,2017-08-16 11:04:16,69.9,69.9,1.0,240,69.9,0.004149377593360996,0
3c00b418224c7d87dc77761bfd76a327,3fe77d4d4a0d8193e91d54e26a927964,13211,jundiai,SP,1,2018-03-14 16:23:40,79.9,79.9,1.0,30,79.9,0.03225806451612903,0
0b0290e3b438fc7f16a9b256a7409bfa,26e940a41ad1fde3d911641c02cbe07f,28360,bom jesus do itabapoana,RJ,1,2018-02-27 09:51:00,139.9,139.9,1.0,45,139.9,0.021739130434782608,0
685fc2b455c29d78ce11a7cf9fe57fbd,43e979a3439766ff0204f6f0ec74b9bf,58433,campina grande,PB,1,2017-11-28 21:31:37,58.9,58.9,1.0,136,58.9,0.0072992700729927005,0
719838a3dee4775a7054b8dfe43cf7a6,dc2bdd4867f1a056690002c59c99320d,17020,bauru,SP,1,2017-12-09 14:21:59,49.0,49.0,1.0,125,49.0,0.007936507936507936,0
3119195c7ca0da07f02a118f1fd13499,337a05aac67932c3968596778d7dbf08,17022,bauru,SP,1,2018-03-21 12:08:41,27.9,27.9,1.0,23,27.9,0.041666666666666664,0
9800729155e4255834b080a60b6bcda9,bafbbaf0345497c9e80502a08fad4a55,21320,rio de janeiro,RJ,1,2017-11-30 13:31:15,299.99,299.99,1.0,134,299.99,0.007407407407407408,0
e012c42980f243d89990940907be4fcb,e6297bd675c065ccec8ea0b3140e6903,11060,santos,SP,1,2017-10-10 23:38:52,120.0,120.0,1.0,184,120.0,0.005405405405405406,0
4d24fe94ae4785cfb2ccc99c7e6e310b,49ca659663f9c3ee05e860741055d504,1541,sao paulo,SP,1,2017-07-11 11:12:29,139.0,139.0,1.0,276,139.0,0.0036101083032490976,0
e40265c6ceebf38ea830b695d9340bda,f2a84e3bcb9db0d7ae7f66c23f6a390d,37350,liberdade,MG,1,2017-05-07 13:53:39,26.33,26.33,1.0,341,26.33,0.0029239766081871343,0
817a3322ad71f73a2bd444f27583b4e6,0bc2eeb2d94e0b0e2f16c482043e4992,70235,brasilia,DF,1,2018-02-03 23:17:59,25.9,25.9,1.0,68,25.9,0.014492753623188406,0
447e1d91885790660c82309c87fd2422,2cd86dbe4ab909dc6c4525da850e4ccc,88117,sao jose,SC,1,2018-02-11 20:19:41,21.49,21.49,1.0,61,21.49,0.016129032258064516,0
b207ff4065d6cac5160b023c4688b48f,71f7014888c2a8dc270eba92aa96fedf,70687,brasilia,DF,1,2018-03-30 18:21:52,15.9,15.9,1.0,14,15.9,0.06666666666666667,0
363263d717319c175a7b063d383d95ba,83eda75bbd932ba9059d0f9e7b8d97e5,9980,diadema,SP,1,2017-09-26 11:46:53,84.99,84.99,1.0,199,84.99,0.005,0
cd5bba0660517b2afba428633d6905e6,7c3ce90fb0674f82cb9bcb9f827b7ee1,88385,penha,SC,1,2017-07-20 10:18:36,349.99,349.99,1.0,267,349.99,0.0037313432835820895,0
802ddb120082372c8e8b2779a00f5553,a7e908500ff232299d0af1169679e283,8740,mogi das cruzes,SP,1,2017-12-07 22:29:08,104.0,104.0,1.0,126,104.0,0.007874015748031496,0
98194ea82cd33e0875838cd51faf7e07,678a6aecc68f1791ae84a38bed98004e,21842,rio de janeiro,RJ,1,2017-08-13 13:03:27,58.99,58.99,1.0,243,58.99,0.004098360655737705,0
fd440a24212b8c94038eae8c3c200658,90156bdb31b3ab44c9ca48cca1958c03,95330,veranopolis,RS,1,2017-09-12 13:58:02,279.0,279.0,1.0,213,279.0,0.004672897196261682,0
29fe5fbfb6d35ec13954cacf85e3e341,a3c09de4545ea911aa36f25211ddf483,85877,sao miguel do iguacu,PR,1,2017-12-01 17:17:29,209.9,209.9,1.0,133,209.9,0.007462686567164179,0
1bde0d4e3110504dff1154416342f246,f6d3570a6defa3ebd67df54f01a9b176,12400,pindamonhangaba,SP,1,2018-01-06 09:15:53,229.98,114.99,2.0,97,229.98,0.01020408163265306,0
c508ad14bc3cde5d1e0bfca7ebdb77cd,65673eb10bb25611b2a9eda38b0e57ff,37902,passos,MG,1,2017-01-14 16:35:59,45.0,45.0,1.0,454,45.0,0.002197802197802198,0
1969cdc47033bdbeaf28db2ee4767fb4,b31b3423c031eef8f93cb2d9b0a66aad,4785,sao paulo,SP,1,2018-03-06 14:07:38,116.9,116.9,1.0,38,116.9,0.02564102564102564,0
a50e121890928010391cbc82c8b8e83b,dd417973d131a2d305cf4102ecba0a09,15730,marinopolis,SP,1,2018-02-01 20:44:36,98.89,98.89,1.0,71,98.89,0.013888888888888888,0
493995f180abe3880781d71ee5788885,377d0d53b837b9afc1f047f3437a212c,18606,botucatu,SP,1,2018-03-05 10:43:16,159.77,159.77,1.0,39,159.77,0.025,0
f51d026d5d87ee1bc3bd4bf666055674,75a78c7bdba419976e9e26166045c004,85852,foz do iguacu,PR,1,2017-08-08 22:39:06,27.93,27.93,1.0,247,27.93,0.004032258064516129,0
c081e5560f2bc273db90a62b6170d30a,95999ca4f32318f9553b49b369827f50,71881,brasilia,DF,1,2018-02-01 08:10:40,149.9,149.9,1.0,71,149.9,0.013888888888888888,0
1a221d573dcd10a28057c85e2929287d,754f69cfc5e5e16096b21045cf46f86a,94960,cachoeirinha,RS,1,2017-12-04 23:45:51,109.9,109.9,1.0,129,109.9,0.007692307692307693,0
ec26ff9b46af83d9c60691c89bf24895,60e6fe581610db699ac03fec61f4d53f,30130,belo horizonte,MG,1,2017-01-26 15:37:27,65.0,65.0,1.0,442,65.0,0.002257336343115124,0
3032b22c601697f4792cc92d2f434cc2,785b7c11923e39571465146924a3bc9e,2675,sao paulo,SP,1,2018-01-22 21:07:55,53.99,53.99,1.0,81,53.99,0.012195121951219513,0
2ae858711010fa5c644f51532b9d4fb4,7742974ce924a067fcc58c59fc94e58c,9110,santo andre,SP,1,2017-10-10 17:15:26,239.99,239.99,1.0,185,239.99,0.005376344086021506,0
bb205b0f9f296e7cbb610b231dc401d3,f5016f52227bede6734fdb32eed47df9,28950,armacao dos buzios,RJ,1,2018-01-20 14:41:44,94.0,94.0,1.0,83,94.0,0.011904761904761904,0
26b8d706ae17092e81e600c7ef41148b,355d02986f51e80adfb8675fbd22202d,29166,serra,ES,1,2017-12-15 15:55:59,49.0,49.0,1.0,119,49.0,0.008333333333333333,0
cdb2d7e08c5243701392d8b232a8a6b9,892bdc0d449b798eec8375762fb411b9,26582,mesquita,RJ,1,2018-01-30 18:02:00,179.8,89.9,2.0,73,179.8,0.013513513513513514,0
a8ce91cb1dbbaddba9f7be0a9937b25f,379222d9312a6f61a9b401c289cac564,4425,sao paulo,SP,1,2018-01-30 17:04:07,58.0,58.0,1.0,73,58.0,0.013513513513513514,0
316fc927e9216ff7843b15aec5179802,720d5375377c3a8d03a8804374decaae,35326,santa rita de minas,MG,1,2017-07-08 13:51:00,99.99,99.99,1.0,279,99.99,0.0035714285714285713,0
5e2ebf449bbe52d961a2a13e898eb175,0527504d9e51e19c4f352774078872f0,60349,fortaleza,CE,1,2018-04-01 10:03:01,189.0,189.0,1.0,12,189.0,0.07692307692307693,0
18aef611c590091fc3f183f0d527a11a,96fe5a7d17620b1c33b9bdc9acb863fe,76803,porto velho,RO,1,2017-10-04 13:32:45,149.99,149.99,1.0,191,149.99,0.005208333333333333,0
66ecae67a2a9deb541bb0de3d2c48927,dc443b4872692acb2d61bd82c758ff75,22080,rio de janeiro,RJ,1,2017-10-21 16:31:37,249.9,249.9,1.0,174,249.9,0.005714285714285714,0
747294310d01f24f467185ae9e9726da,304fcbd92f16bcb2c4dd1410ef5d481f,4018,sao paulo,SP,1,2017-12-16 14:17:08,61.0,61.0,1.0,118,61.0,0.008403361344537815,0
ba9a9f680e0ce9c248e43df637331ff6,ca562cb49587d9c745d475756eb48dd9,11534,cubatao,SP,1,2017-03-30 19:40:29,90.0,90.0,1.0,379,90.0,0.002631578947368421,0
8641ccf2e70d0cc04229db3e0b887fd7,eb1795057421adaf16b0eea967b8d325,30180,belo horizonte,MG,1,2017-10-20 10:08:59,77.0,77.0,1.0,175,77.0,0.005681818181818182,0
04d410b4dfe0f11fb840a095b5f23cca,147fae04ca79eb0e3a3617428b43eed6,17690,bastos,SP,1,2017-11-06 08:07:10,130.0,130.0,1.0,158,130.0,0.006289308176100629,0
b8b9cd163d230f13301c8ece6f71eb58,b5912b610fb1cf78a1b48c3a151d9311,77600,paraiso do tocantins,TO,1,2017-08-22 13:18:25,32.9,32.9,1.0,234,32.9,0.00425531914893617,0
a165af70cc13470e311ddcd4fd33c070,b0cb607b772765ed88f608408705833e,89980,campo ere,SC,1,2018-02-14 19:01:46,45.9,45.9,1.0,58,45.9,0.01694915254237288,0
abf6671124e009ac0b59ca2a8a3ecf3a,e43c9920240823d6c97bedc723c25281,5408,sao paulo,SP,1,2017-07-03 00:09:17,149.0,149.0,1.0,284,149.0,0.0035087719298245615,0
becc8a3706ed0f7e1c7d7becba19f3e3,f58e6074ba9ddf8b45c7843353f49621,71907,brasilia,DF,1,2018-03-07 17:15:20,34.49,34.49,1.0,37,34.49,0.02631578947368421,0
404621e15e8d049652f4287d8757a1c6,4b14f6d7972907e14256272aeb905c11,27251,volta redonda,RJ,1,2017-12-28 17:45:41,42.9,42.9,1.0,106,42.9,0.009345794392523364,0
9e593469b6f1beac77c2da4d73bf1228,ff9d2f60401262b9da1e868f956fb2a8,38703,patos de minas,MG,1,2017-08-29 19:14:43,389.0,389.0,1.0,227,389.0,0.0043859649122807015,0
1ccf8703dabe640663f7ec1f4c723b6e,5cca3e5d8ab3de6c44db3af4135fbb9f,18290,buri,SP,1,2017-12-26 17:51:47,109.9,109.9,1.0,108,109.9,0.009174311926605505,0
9e682deddb164563d50532ebab34306c,f59d12a1dc4d761dc9f5ad63f904e222,22790,rio de janeiro,RJ,1,2017-05-14 05:55:24,45.95,45.95,1.0,334,45.95,0.0029850746268656717,0
d56f09ea0b282b3dff43d71600d7b053,bafe3b46fc75d1d1f93485d4a2d939c6,95034,caxias do sul,RS,1,2017-08-04 12:41:49,59.9,59.9,1.0,252,59.9,0.003952569169960474,0
1130a7b0de3b712d1025595e41893015,be8b51073ad2413727c89e38b38e5818,94920,cachoeirinha,RS,1,2017-10-07 11:52:52,99.0,99.0,1.0,188,99.0,0.005291005291005291,0
1cdfd76e4dd6e176d18ac6365c083ee1,7c5d78417abdd238b85bb7588731376a,72235,brasilia,DF,1,2017-07-10 08:27:10,499.9,499.9,1.0,277,499.9,0.0035971223021582736,0
eb9607b7a646c48a5c0a94e6ef3c4dfa,6cc93b97b965d3c67eea822a39d124a2,14085,ribeirao preto,SP,1,2017-07-08 17:41:42,51.9,51.9,1.0,279,51.9,0.0035714285714285713,0
2716c45b429d01350503e72e20c1a88a,51703e2a478cb9ae227d55d2b4f823e4,13222,varzea paulista,SP,1,2018-01-10 06:07:01,108.0,108.0,1.0,93,108.0,0.010638297872340425,0
a8399935e7f14e2c955e1cea8fb2efff,807e95d195dc4b0b6907ca46e253061c,29165,serra,ES,1,2018-02-28 09:49:55,45.9,45.9,1.0,44,45.9,0.022222222222222223,0
30d6003f0b75734756db08d6c362f7a7,d785ff41dc10ee852af81c180765473f,96085,pelotas,RS,1,2017-07-21 16:31:53,52.5,52.5,1.0,266,52.5,0.003745318352059925,0
18ac7a8656ad6df90d87898357a8a85d,ad2e41343c68dd444716403e2b1cd537,39610,itinga,MG,1,2017-10-02 11:22:04,189.8,94.9,2.0,193,189.8,0.005154639175257732,0
79cfb6b5779aa070da07c2e5cafb7bee,ddab48f8db8e904bfdf150aad88ab731,55299,garanhuns,PE,1,2017-07-12 17:21:23,36.8,36.8,1.0,275,36.8,0.0036231884057971015,0
c796c9785a45472c03b45277e6e4c2c3,d4249bcd094470f3628d3ae817095128,7724,caieiras,SP,1,2017-09-30 10:43:41,29.9,29.9,1.0,195,29.9,0.00510204081632653,0
d35fcaf8e2d179c2ad758ae8beadc501,d1de970e55628757787079d4ab41cab7,71741,brasilia,DF,1,2017-05-22 19:19:11,49.9,49.9,1.0,326,49.9,0.0030581039755351682,0
8f08b29cda61da37f0bb4c06d4090fb0,fe0feae887919bd9c943b893985c1bf4,4041,sao paulo,SP,1,2017-02-15 11:04:52,49.9,49.9,1.0,422,49.9,0.002364066193853428,0
2798cda6f228cfd59d3676f7d9cdb1af,d30558fa40a69e6c76998b56a2e5b3a8,22790,rio de janeiro,RJ,1,2017-08-02 22:29:10,129.9,129.9,1.0,253,129.9,0.003937007874015748,0
2c4bf1b6bbd370f8ce5380fd47458fd6,31e0eb64c5eb715aab04433200ea4ed5,13283,vinhedo,SP,1,2017-09-20 13:05:16,89.99,89.99,1.0,205,89.99,0.0048543689320388345,0
20f758e9dba50eff29eb3fdfb3bae053,94cda9f737e0360d53ad8191af1ec1a5,20541,rio de janeiro,RJ,1,2017-08-24 08:44:17,59.8,29.9,2.0,232,59.8,0.004291845493562232,0
a509c0faf10ecf2d74c38e3945b25496,1d2435aa3b858d45c707c9fc25e18779,21760,rio de janeiro,RJ,1,2017-01-17 14:23:56,45.9,45.9,1.0,451,45.9,0.0022123893805309734,0
8d397f2b636a37d80fe6a2c327cc7d43,866534b1d6bfebbdd3a749e0b2414918,63700,crateus,CE,1,2017-05-14 20:24:01,99.99,99.99,1.0,334,99.99,0.0029850746268656717,0
363133bedba50bf6ad398ce661dec61a,ca3dde7e81dc5c816ca6226783438c32,7241,guarulhos,SP,1,2017-02-28 12:10:29,69.5,69.5,1.0,409,69.5,0.0024390243902439024,0
46dbd6b44084696774eb0bc59352069a,ae8482b27b2119e2c3278f5ddf9c1024,4941,sao paulo,SP,1,2018-02-12 03:09:04,74.9,74.9,1.0,60,74.9,0.01639344262295082,0
7680649ca55bb9b7db24eeebf055a87b,a187c6cdc4e0f4c009ec12186668a7f6,45350,itirucu,BA,1,2018-01-06 12:37:10,49.9,49.9,1.0,97,49.9,0.01020408163265306,0
7de93971592f16e93c70a3e1cbb6db75,e5c307e0a23e5c98639294a4cbe73854,24220,niteroi,RJ,1,2018-03-29 13:28:26,53.9,53.9,1.0,15,53.9,0.0625,0
10cf65f0400c1e1f03e07328b6882311,de0e8bcaed4ac79a37175ded40b9b005,78243,nova lacerda,MT,1,2017-02-16 13:57:14,339.74,339.74,1.0,421,339.74,0.002369668246445498,0
fbc1bec47970c387d5f4962d518dd268,e03a1bf47d42257f8e8e5e8775696622,6900,embu-guacu,SP,1,2017-01-17 21:09:40,109.2,109.2,1.0,451,109.2,0.0022123893805309734,0
782a99fb3433351a685f44522050331d,c1b7893ed0fb6777c4c10e5a20f11df3,15092,sao jose do rio preto,SP,1,2017-03-11 17:51:25,314.99,314.99,1.0,398,314.99,0.002506265664160401,0
0aff8fa1aa20ee1c70cbce19d7012a70,50e1096aa54dec2a298d27f60f079182,5416,sao paulo,SP,1,2018-01-27 10:35:58,24.9,24.9,1.0,76,24.9,0.012987012987012988,0
ed9110823898cdd198055975a58f8cd4,37258acc3909e5f10f66f466191bd31b,13820,jaguariuna,SP,1,2018-03-26 13:04:12,179.0,179.0,1.0,18,179.0,0.05263157894736842,0
384d79f1020310fdeecaf440abd4f0ca,f344bbe36d883d47e6d26ff9161e2dd1,9636,sao bernardo do campo,SP,1,2017-03-18 17:27:44,34.2,34.2,1.0,391,34.2,0.002551020408163265,0
edf56c9b71642c3f73252ca6f3653c36,e9b6ce846fd1564ad4eae8599bf6e774,26012,nova iguacu,RJ,1,2018-03-30 22:22:40,189.9,189.9,1.0,13,189.9,0.07142857142857142,0
40715b0fba77c4b3b0821ed73ea46028,5b8fa14616eb4c5688b1b8b2aae75884,30270,belo horizonte,MG,1,2017-12-12 12:15:54,129.99,129.99,1.0,122,129.99,0.008130081300813009,0
63ca9e5b1b7438892210e079c71ca22a,803ab0230700aa3e3f02a4c1ef9b2d9c,13660,porto ferreira,SP,1,2017-09-11 12:26:35,79.08,79.08,1.0,214,79.08,0.004651162790697674,0
8084cd8587e998d6d3abce1ab618e927,aaf1073f5e24306f7d20f63e5804825f,6363,carapicuiba,SP,1,2018-03-25 19:15:10,56.89,56.89,1.0,19,56.89,0.05,0
c4dcf192d129b8388592885dd24fc476,1e0e8ead2f7835dc5b4da4fd2fb9af9e,37890,muzambinho,MG,1,2017-01-27 10:34:34,119.99,119.99,1.0,441,119.99,0.0022624434389140274,0
914fa7179e73f1d63eb0633c566217d7,caca6ca8dee328055690501312b1a77c,31730,belo horizonte,MG,1,2017-09-02 14:38:20,690.0,690.0,1.0,223,690.0,0.004464285714285714,0
edcefb33e1e2137e0bd7c05764a99f84,8a507f395d8c899ee18b7b85756459e4,22730,rio de janeiro,RJ,1,2018-04-10 14:42:59,29.9,29.9,1.0,3,29.9,0.25,0
79a44abc3163fc1830f6afd0dc9acfc7,da6431c5b14f192799af5fc3fde36257,7074,guarulhos,SP,1,2017-11-10 11:05:17,14.9,14.9,1.0,154,14.9,0.0064516129032258064,0
32e9f39916dd3afb917ded71c283b62e,6e460856195e00f6820d7fa4f7a0e122,20550,rio de janeiro,RJ,1,2018-02-26 22:44:53,109.97,109.97,1.0,45,109.97,0.021739130434782608,0
9f340837a355b99272f81b612f396566,6d0fc8d55251c38ea034b0ea5c844f38,5421,sao paulo,SP,1,2017-08-06 22:22:24,46.99,46.99,1.0,249,46.99,0.004,0
b903ffc665d9abfd2ceaa052d8da5642,d8cc381feffb0c95a026dc8cd22f25c3,22775,rio de janeiro,RJ,1,2017-06-03 00:29:40,99.0,99.0,1.0,314,99.0,0.0031746031746031746,0
d30e1ada49b2fba761241d26e815e6c9,3d29ce2273f63b9b234452606791b855,13025,campinas,SP,1,2017-11-26 13:10:35,33.0,33.0,1.0,138,33.0,0.007194244604316547,0
78c752c3702250b9e50dada2aeb037cb,6e084dee07052768ae655712771e6b2b,22471,rio de janeiro,RJ,1,2018-01-04 23:09:53,249.9,249.9,1.0,98,249.9,0.010101010101010102,0
f1cc6f2b2d1fe79fc891d57a5b05e44a,48f8c279f6e0dd1931c8cb6d572cc99b,89260,jaragua do sul,SC,1,2017-11-08 16:46:11,599.0,599.0,1.0,156,599.0,0.006369426751592357,0
1e5317cd1def009c1067326813a9a727,76e72aa959a74de3215c1e859d2bf0e2,12606,lorena,SP,1,2017-03-17 20:32:49,134.0,134.0,1.0,392,134.0,0.002544529262086514,0
b96d49fc07d7b581c713d54f1864f1cf,8f168e4240b71ab867b91e62ffea1da1,25260,duque de caxias,RJ,1,2017-12-29 14:26:50,169.9,169.9,1.0,105,169.9,0.009433962264150943,0
14e13233e812fef1af2d37af6c49a74e,e790ac1a683fa57967952146ab87d325,89900,sao miguel do oeste,SC,1,2017-12-13 14:20:05,98.99,98.99,1.0,121,98.99,0.00819672131147541,0
97f4023f8f25a0983d253d91cf53e34d,b50e2c316ac14c5ad88a269716fe3662,1230,sao paulo,SP,1,2018-04-08 13:04:47,279.9,279.9,1.0,5,279.9,0.16666666666666666,0
f775aeb6ab62c3044f1f717dbdca6923,c18e9bc6105e23984e0beed4b3dfda3f,96180,camaqua,RS,1,2017-06-05 02:09:00,147.0,49.0,3.0,312,147.0,0.003194888178913738,0
02033fca76b4af0eda65418e673b5a57,81db097ffce4bd958cfffeca7c41e301,5061,sao paulo,SP,1,2018-01-26 10:59:39,178.98,89.49,2.0,77,178.98,0.01282051282051282,0
fd93589182d64ac656e98cacba848fcd,ccf20a6367954228fea8742c1027a365,28110,goitacazes,RJ,1,2017-06-27 23:02:06,35.06,35.06,1.0,289,35.06,0.0034482758620689655,0
0a0cb67a965b9c7e35f5595053b79bd3,730ae8c327cf72c645de5fd7238ae4dc,4311,sao paulo,SP,1,2017-12-01 14:16:47,69.9,69.9,1.0,133,69.9,0.007462686567164179,0
6ad03e6634e7f06c67c6d6833930dee9,28bdccfb42caab5e4eb2a9295135cc67,86760,munhoz de melo,PR,1,2017-07-12 23:09:37,205.0,205.0,1.0,274,205.0,0.0036363636363636364,0
e3f8a41dc8def48711c086dad89ab9fd,3c71562cddbc170e33af13e6ad51ff16,44695,capim grosso,BA,1,2017-11-24 13:25:13,19.9,19.9,1.0,140,19.9,0.0070921985815602835,0
445ba6c382e34aeb1d2f8ffe7b19bc78,80be897c79f653010ca4bd4eb7d76907,80420,curitiba,PR,1,2017-08-19 15:27:54,75.0,75.0,1.0,237,75.0,0.004201680672268907,0
ba229cac800645c5c7960de7bb42b777,4786a892f7618a4855172f0fc43fd3f1,17519,marilia,SP,1,2017-09-05 21:31:49,149.9,149.9,1.0,220,149.9,0.004524886877828055,0
1dbf434ac2c0271c0a5222be25c8fe62,a98127f5902b8118fd702de874f1287c,79602,tres lagoas,MS,1,2017-07-19 10:28:38,155.0,155.0,1.0,268,155.0,0.0037174721189591076,0
a80a06dc6c8e09869e3d62105a0a53fd,483e50f687193b68c66d5266e9dfff7d,38020,uberaba,MG,1,2017-05-16 15:42:43,79.99,79.99,1.0,332,79.99,0.003003003003003003,0
3990c719162bfe51e676622d4ec98569,becbd8b84211141c236eb290d639b705,65070,sao luis,MA,1,2017-04-24 00:37:05,48.0,48.0,1.0,354,48.0,0.0028169014084507044,0
f9174e0cd78caf5d444cab8479868979,1c7044d0fede242ad1c05d11c61266cc,85960,marechal candido rondon,PR,1,2017-11-27 13:26:43,168.85,168.85,1.0,137,168.85,0.007246376811594203,0
9c3a2de4bd076318646ffd3b7677e135,466ab669487b54621877dabdee68271e,83280,guaratuba,PR,1,2017-10-23 22:03:54,159.9,159.9,1.0,171,159.9,0.005813953488372093,0
1bd85c9d65bc738698fef11a58127278,5d23ae69b0954e919652a5d2a99d378e,78055,cuiaba,MT,1,2018-03-09 14:55:41,97.9,97.9,1.0,35,97.9,0.027777777777777776,0
501da9e5d17a0a47149b7c9c6fcfe392,11ddbd9781791a2189f37255546aaf95,40155,salvador,BA,1,2018-01-19 23:04:51,79.99,79.99,1.0,83,79.99,0.011904761904761904,0
7a11dd385852e7c6d60e1a25c8c37a9e,52249ff58b2ef32c202058fc2d1ba75b,35960,santa barbara,MG,1,2018-02-28 22:41:29,89.0,89.0,1.0,43,89.0,0.022727272727272728,0
185cd4528ed02f7755e844caff8d7e5f,a656a885f44c74706aa992d47b46b820,3805,sao paulo,SP,1,2017-04-04 18:43:32,27.0,27.0,1.0,374,27.0,0.0026666666666666666,0
64f0ed97c13c1388088e93454db40488,1b7ac802721f14d25a06a4fe3273a0ba,36091,juiz de fora,MG,1,2017-03-20 21:54:34,152.72,152.72,1.0,388,152.72,0.002570694087403599,0
f60469d80235aa2920161757357321ac,e433513800f5ece11361212094c9b960,77001,palmas,TO,1,2017-10-04 09:10:06,8.5,8.5,1.0,191,8.5,0.005208333333333333,0
869b329d6dcf12add510edf0e516565e,17dc714575bea7feab663f8325052c3d,2243,sao paulo,SP,1,2017-12-19 13:08:34,139.9,139.9,1.0,115,139.9,0.008620689655172414,0
22f687d3f54d8409933ee0623773b2bf,cd2380e5e46ea2443fd6b9be31c04fd0,86990,marialva,PR,1,2017-12-21 12:32:30,129.99,129.99,1.0,113,129.99,0.008771929824561403,0
5c922f4fd6d3cbc3719a275f29db4e21,5ed20fa69238c22b89d8f4153b711c86,9015,santo andre,SP,1,2017-09-14 14:08:27,25.99,25.99,1.0,211,25.99,0.0047169811320754715,0
51d7998eb869905c8e7d8224148f7994,421e80704e92c703644bf3e71e54562c,35660,para de minas,MG,1,2018-03-15 15:56:23,39.99,39.99,1.0,29,39.99,0.03333333333333333,0
96c6d161a734e063fba237c7d58f75d6,43f7e3bbb6ef01b8524741070eec8701,9133,santo andre,SP,1,2017-01-27 12:31:05,299.9,299.9,1.0,441,299.9,0.0022624434389140274,0
ce77075ed8a9f941a7d9a3f6e6aaffb9,9d776cc4281d18b0934823fe051cf93b,13285,vinhedo,SP,1,2018-03-23 14:07:06,99.9,99.9,1.0,21,99.9,0.045454545454545456,0
47904533b073544ff4554e7bf27003ea,2c9b90e4031ad62bd8aaaada1fe70c52,49025,aracaju,SE,1,2018-01-15 10:06:38,35.9,35.9,1.0,88,35.9,0.011235955056179775,0
2a35ad9f439dfc62d35a0202e71d6c66,25f3cf83109f636d52d288fa4e797111,21620,rio de janeiro,RJ,1,2018-02-25 21:01:08,26.0,26.0,1.0,47,26.0,0.020833333333333332,0
7cf767e41998204e0dc91c2270542d83,a4855898fe5347ef4ec54192c7053768,64930,gilbues,PI,1,2017-12-01 09:54:21,296.0,296.0,1.0,133,296.0,0.007462686567164179,0
2b2806da6dc394562e9de965a3a11ac9,947e80d8e1b7b590e1aace0ac4ad9b05,81570,curitiba,PR,1,2018-03-28 14:42:51,278.99,278.99,1.0,16,278.99,0.058823529411764705,0
7b57816eb86d27beaec4487edb99a0b8,11fb9ab1fb8ca11233c6226932335408,38195,conquista,MG,1,2017-06-19 23:24:58,93.5,93.5,1.0,297,93.5,0.003355704697986577,0
86c9a39c17fae370a496545e5d9a324c,369ac2454c4b3e699137e19d6a03471b,13202,jundiai,SP,1,2017-09-02 16:57:50,79.9,79.9,1.0,223,79.9,0.004464285714285714,0
b5d5a9c1b46698fde8e82171124dcf4a,1b5720c7b0ee7183c2eafe3dba65111b,9190,santo andre,SP,1,2017-11-24 20:36:18,19.9,19.9,1.0,140,19.9,0.0070921985815602835,0
37d102be3b621f10e235c1e5420f00c1,ff9ff869636c26565ded16038be5fa7d,7083,guarulhos,SP,1,2017-05-20 16:42:07,269.70000000000005,89.90000000000002,3.0,328,269.70000000000005,0.00303951367781155,0
3295b6a10cfd0a5364458e7aad6a8ed0,5b443105e33ee411be7c0f5a5e630366,95190,sao marcos,RS,1,2018-02-05 14:04:53,260.0,130.0,2.0,67,260.0,0.014705882352941176,0
55b310ca8e15aae5537a5a579e8f26ed,ea38ca2d5985fea5ff1c51a9ce4ed5d7,4520,sao paulo,SP,1,2018-03-15 15:05:33,70.9,70.9,1.0,29,70.9,0.03333333333333333,0
a5661a6d66cb30d6b8b162e39ca176bc,8751ebbb2d446ef38d4cb0b5637d7a6c,19300,presidente bernardes,SP,1,2017-07-11 13:50:28,129.99,129.99,1.0,276,129.99,0.0036101083032490976,0
39d5be86f1b2c886e37fde07eaffd537,1b9c0951f6e51a50af8587aac775139b,17210,jau,SP,1,2018-03-07 22:16:44,119.8,119.8,1.0,36,119.8,0.02702702702702703,0
65d7321f062eb5569225c13c721fc8cc,8e4bcade575d59d12d61d1714f46d79d,2179,sao paulo,SP,1,2017-11-30 18:37:18,45.0,45.0,1.0,134,45.0,0.007407407407407408,0
5638c42751e237d265ad0c0536256311,f7e0fe56fc317ded1c63a772a48d0159,6112,osasco,SP,1,2017-09-06 00:33:14,49.9,49.9,1.0,219,49.9,0.004545454545454545,0
39d546b787598d01eb255ee2ce0c60c7,7ea721e84afb092c2ff2608af6a63b7e,60761,fortaleza,CE,1,2018-02-23 14:58:23,99.9,99.9,1.0,49,99.9,0.02,0
4b83fd2609057103e8d7604ab567c5e6,7a5531cd96b9def6bd36bc530f317381,53580,abreu e lima,PE,1,2017-12-06 22:34:32,618.0,618.0,1.0,127,618.0,0.0078125,0
30f286499a9a733763ca895d16ab0ea6,1cfec97a943889ec82391c5cd1033d95,97547,alegrete,RS,1,2017-12-26 13:17:57,65.9,65.9,1.0,108,65.9,0.009174311926605505,0
b429f06acc228da3b748c7022f6cf56b,17d473d5758fbfc7e56ab2ced22dc436,84990,arapoti,PR,1,2018-01-08 22:59:36,96.0,96.0,1.0,94,96.0,0.010526315789473684,0
594b34fd289ad46d208bbcf008762642,6e809ceca510bd8e766cd26ed4f1190a,13092,campinas,SP,1,2018-03-02 17:38:17,175.0,175.0,1.0,42,175.0,0.023255813953488372,0
d540d60fe6d15e39c0e5e4a0467de4fc,437629dff3170dcf75d4946eec6120ae,21310,rio de janeiro,RJ,1,2018-04-12 22:20:53,26.5,26.5,1.0,0,26.5,1.0,0
2f6e0e86487c0ad0b6bffb35ddff9644,232ef1c64dc444902a76f80f7ce3fd4a,49900,propria,SE,1,2018-04-08 01:39:07,101.0,101.0,1.0,5,101.0,0.16666666666666666,0
e3927d011a411c732fa0a9037ceb8737,5b5c5e6acbc294d9c30645e963c2c371,77330,arraias,TO,1,2017-08-21 12:42:00,98.0,98.0,1.0,235,98.0,0.00423728813559322,0
e6c4709cecb11779b1172221512cb8d8,7e8e9e4472228c27e5743df7fc6dce05,85960,marechal candido rondon,PR,1,2017-08-11 16:18:30,299.0,299.0,1.0,245,299.0,0.0040650406504065045,0
4d842ab53e4a51551f795bcc1a742dc1,04ec84709be36aae922647468a0be8f7,25750,petropolis,RJ,1,2017-11-21 23:51:33,493.24,246.62,2.0,142,493.24,0.006993006993006993,0
a20f368d4aa1abfd95ddf1619a7ad1e4,356c2a2edf34ce811f5d75d3a48d1632,6642,jandira,SP,1,2018-01-26 14:36:23,82.88,27.626666666666665,3.0,77,82.88,0.01282051282051282,0
be1c4e52bb71e0c54b11a26b8e8d59f2,d97b3cfb22b0d6b25ac9ed4e9c2d481b,8072,sao paulo,SP,1,2017-10-17 13:06:29,715.08,65.00727272727273,11.0,178,715.08,0.00558659217877095,0
898c951d2faff7482c962f6ec525adb6,941c336ba35bc4cbd3c5bda62cfaa767,46550,rio do pires,BA,1,2018-02-27 09:06:14,99.9,99.9,1.0,45,99.9,0.021739130434782608,0
29897a8ad8b964a9103acfcd3a0b9372,131ea4c375e64ad9475841e548c9cbab,30350,belo horizonte,MG,1,2018-03-18 18:33:13,106.0,53.0,2.0,26,106.0,0.037037037037037035,0
2a55b31985ca766806f4be2033977429,1509ca895a67a6d4b614aa907785e02d,39400,montes claros,MG,1,2018-04-09 18:14:34,110.0,110.0,1.0,4,110.0,0.2,0
cde9e63cc5a4d4ba61844463089a1fc1,973629b00306fca6592d2726d375dba4,20261,rio de janeiro,RJ,1,2017-09-17 10:17:01,16.5,16.5,1.0,208,16.5,0.004784688995215311,0
d61f410054ba09f3b01c47ddcb280529,351720d06536d374631362d8ed8835d8,4545,sao paulo,SP,1,2018-01-02 15:16:36,75.0,75.0,1.0,101,75.0,0.00980392156862745,0
a1cdd0992516e0e8a9c90b38965b47fe,e602f17b276b90a8766bd196b3590c11,72005,brasilia,DF,1,2017-11-21 18:31:03,170.0,170.0,1.0,143,170.0,0.006944444444444444,0
10101c15aec095b6078c8dd047739392,38fbfbb8a36e56ac7f401e5fa76f6aac,91280,porto alegre,RS,1,2018-03-30 13:36:43,299.0,299.0,1.0,14,299.0,0.06666666666666667,0
f52b8336ea7f494160b13b53899ff01c,b03d35ad6272610aa766b2e1559f43c4,9810,sao bernardo do campo,SP,1,2018-02-20 22:31:15,27.98,13.99,2.0,51,27.98,0.019230769230769232,0
6fa98fa8dfe234b37dffdf3faf2986c9,793765d5cb1e203bd608e220c87280f4,97015,santa maria,RS,1,2017-11-24 10:08:07,299.98,149.99,2.0,140,299.98,0.0070921985815602835,0
b1d6310718897903e079bd76b7035d86,f9d50e428067daac94be455bba5755e5,12010,taubate,SP,1,2017-08-23 18:38:22,55.0,55.0,1.0,233,55.0,0.004273504273504274,0
a0781e0c345c3b0ef05ea2ac86852fd9,6c5cdbf69b86d886a91b3e872cd15f60,13329,salto,SP,1,2017-12-01 18:18:23,54.9,54.9,1.0,133,54.9,0.007462686567164179,0
01885ec83523a343957047b0c6fa830a,fbc80b4ae95e3dcd2cbb507ac84c1b99,24110,niteroi,RJ,1,2017-10-26 23:05:41,116.99,116.99,1.0,168,116.99,0.005917159763313609,0
ec13c2458d3984f778c0d1e41179a7ce,1d6469215cc70a0e1512aceb14022644,24210,niteroi,RJ,1,2017-12-08 23:54:00,9.0,9.0,1.0,125,9.0,0.007936507936507936,0
f5294fd3bc349e076861698912675c2e,d8b67ce6d6c062269add92dd22e8cc94,41820,salvador,BA,1,2017-07-09 09:18:56,49.9,49.9,1.0,278,49.9,0.0035842293906810036,0
14cbf4389f8a8d726a69e3779b11b6fc,a2db61f32d27b4b8ff414cce86d146c3,60410,fortaleza,CE,1,2018-03-06 15:43:14,45.9,45.9,1.0,38,45.9,0.02564102564102564,0
503cd4e9dd9a0aad568b6f3af8e32948,47edba7b5babc79c13d1959a3d308571,22221,rio de janeiro,RJ,1,2018-01-01 14:37:33,249.9,249.9,1.0,102,249.9,0.009708737864077669,0
f975bf6848e2b14caf976bece4dac690,3a43af6775cec872d9a3c80707eb3336,4252,sao paulo,SP,1,2018-02-01 22:12:14,299.0,299.0,1.0,70,299.0,0.014084507042253521,0
eed42f4f54e24cd19f809958a4735cbf,db9a65d11626b6592a2990027f37fb8b,22790,rio de janeiro,RJ,1,2017-05-05 18:23:07,15.9,15.9,1.0,343,15.9,0.0029069767441860465,0
b3aaa85c9690e3e133f5c83529fdb16e,fab947dcedb89d878422fb636a0085ea,81710,curitiba,PR,1,2017-02-10 00:17:54,42.99,42.99,1.0,427,42.99,0.002336448598130841,0
993040fb146e87d34cf90fef5dadef26,0ca4f40bcb9a321e4bfee0f3a23817ab,80240,curitiba,PR,1,2017-03-24 20:44:41,229.9,229.9,1.0,385,229.9,0.0025906735751295338,0
d6d256a476e32cfc2b4b0bb56142c7df,e0ca3ec6d4a9c866e92f30c1b23310e5,95720,garibaldi,RS,1,2017-05-09 08:08:31,125.0,125.0,1.0,339,125.0,0.0029411764705882353,0
054768a77848b10d24141691cddd0ed1,e61abfc55382f5862e43b1c41ae93c17,99400,espumoso,RS,1,2017-09-21 22:27:12,35.0,35.0,1.0,203,35.0,0.004901960784313725,0
4f36ee71cd2eb2ba9c1eb02b36baa34b,a967a2aed325ac121484ed757da16f58,45910,alcobaca,BA,1,2017-09-15 20:36:53,299.99,299.99,1.0,210,299.99,0.004739336492890996,0
b3721a883e1de4df72f355ec21c8620d,a19abbf1138da2a5f7b1c183bca48e8c,65780,governador eugenio barros,MA,1,2017-10-21 16:13:44,346.32,346.32,1.0,174,346.32,0.005714285714285714,0
54c7caa736af6a506044c72c0559537c,ab0346c6a304480b94e622b3cf1c5482,4657,sao paulo,SP,1,2017-08-15 10:12:12,201.8,100.9,2.0,241,201.8,0.004132231404958678,0
6c40dd1882be5ee6caadaa356563ef0d,af65b6eb3336048acc95ef62a4ac94c3,38950,ibia,MG,1,2017-11-13 20:54:32,0.0,0.0,0.0,151,0.0,0.006578947368421052,0
098e41aa4dee243c17bbe8973499c960,1c5be9abc44551378973dc44efef78dc,26545,nilopolis,RJ,1,2017-09-02 20:18:22,63.9,63.9,1.0,223,63.9,0.004464285714285714,0
8865587ec1e1d38bf28416be175f300c,7a5930a54a9c0b2cfef26af870428133,8673,suzano,SP,1,2017-04-06 12:35:55,29.9,29.9,1.0,372,29.9,0.002680965147453083,0
0e6d60787086ed1ea9f8b96bda67da49,42a1188e4495ada7687dab6059d48f4f,87013,maringa,PR,1,2017-05-04 13:48:12,79.8,39.9,2.0,344,79.8,0.002898550724637681,0
d2d0c24e073cb688382000972536c1e2,996fdddf8cd5bbb99b221fcaf5ba1359,60712,fortaleza,CE,1,2017-05-24 11:48:57,109.9,109.9,1.0,324,109.9,0.003076923076923077,0
3c0c18b834b8f01bc414c2a3f4752fd1,30850e63ba3763fa8a2a1bfd2fd007e4,1219,sao paulo,SP,1,2017-09-29 19:26:41,259.9,259.9,1.0,196,259.9,0.005076142131979695,0
18f5e10a8304a6dc7571a8e8c527be5c,cfcf8fb937d788746626851cd1695059,11800,juquia,SP,1,2017-04-17 17:27:03,39.9,39.9,1.0,361,39.9,0.0027624309392265192,0
6d78ed30c05532b1c9dc1c2a45cf55e4,418cb9d16f19e8ee470aff741e759356,18130,sao roque,SP,1,2017-09-29 20:03:15,40.0,40.0,1.0,196,40.0,0.005076142131979695,0
934a9204aacc7279a9db0896b83eb42e,0f434e80c98c8d4e48a1563671234223,3306,sao paulo,SP,1,2017-11-27 01:29:11,69.9,69.9,1.0,137,69.9,0.007246376811594203,0
270c23a11d024a44c896d1894b261a83,9a736b248f67d166d2fbb006bcb877c3,3227,sao paulo,SP,1,2017-08-08 20:26:31,109.78,36.593333333333334,3.0,248,109.78,0.004016064257028112,0
e150e46dae622d09f19b64a34f9387df,34a7b25bf23db492284fbafd5b487ba8,37420,cambuquira,MG,1,2017-11-10 20:37:46,59.98,29.99,2.0,154,59.98,0.0064516129032258064,0
d6b7e7a65f2950210e2cf71bb27ef66c,10f006edad785c00408b94ddc19a8b52,12712,cruzeiro,SP,1,2018-02-17 15:08:02,144.41,144.41,1.0,55,144.41,0.017857142857142856,0
ff1aa5b5c7890d273cc15e9ab91393d2,9b977697d4240ec6d31641194c35b17e,2566,sao paulo,SP,1,2018-01-26 20:15:00,499.0,499.0,1.0,77,499.0,0.01282051282051282,0
a2d19f05cef411aa2938ca9d2a92d156,f31d5173e9403a21ff6d6a438f35bedf,80060,curitiba,PR,1,2018-01-10 11:32:09,99.9,99.9,1.0,93,99.9,0.010638297872340425,0
5be96cc643f055c5ec688661898ff816,c293bfd1d0d3bca4b541fbfeb93d4d96,11471,guaruja,SP,1,2017-01-27 13:32:58,179.49,89.745,2.0,441,179.49,0.0022624434389140274,0
ebdbfeeacdf735db5d354e2166254591,899adefc0fd553445301f49044d58e3a,20530,rio de janeiro,RJ,1,2017-12-13 18:11:29,169.9,169.9,1.0,121,169.9,0.00819672131147541,0
095acc4e27efb00510101b9dbbfb4312,d028a4965b062a236061421c1feec941,13240,jarinu,SP,1,2017-11-20 18:10:49,31.98,15.99,2.0,144,31.98,0.006896551724137931,0
95c6b1512c5abd1deb0e1d8182d5c32d,c1a09d6a8a9916fcf70c52cf5df6e61e,35302,caratinga,MG,1,2018-03-26 09:37:14,99.9,99.9,1.0,18,99.9,0.05263157894736842,0
3192b8d6493a72fa2b748cf450624408,c3011c677962bdd216780c9197d666f7,95012,caxias do sul,RS,1,2017-07-07 10:51:33,119.9,119.9,1.0,280,119.9,0.0035587188612099642,0
e0fd6912345f73936eb2dbca57e223e9,f6890d4fa90bf6dd5eb20e7b7c7d72ba,9180,santo andre,SP,1,2017-12-23 21:39:19,115.0,115.0,1.0,110,115.0,0.009009009009009009,0
0ac2d5fc64bc66aaeaa727022aeb73f3,8f4dfd5a11090376a83318d419a46c18,6056,osasco,SP,1,2018-01-25 11:36:13,44.97,14.99,3.0,78,44.97,0.012658227848101266,0
bc1de87b881c8cb6d4a1e8119b0e27b5,4311c3444d110af4d6e59fa7e02c6876,11462,guaruja,SP,1,2017-04-14 20:05:51,66.82,33.41,2.0,364,66.82,0.0027397260273972603,0
32217e3d1646bc53e60f94b1bb5db968,96c6a3ced23557fbd3cbd3d17e7bdfea,30180,belo horizonte,MG,1,2018-03-01 11:16:40,135.9,135.9,1.0,43,135.9,0.022727272727272728,0
f04a4d84ba2597da24b254fa733ebd80,04f158a79b9d85dafce892b097226c36,13402,piracicaba,SP,1,2017-11-24 11:39:24,23.7,23.7,1.0,140,23.7,0.0070921985815602835,0
7e96ebdd045e73e50de71b8d1360b092,02c56fe95ed4ef5fd0623142ffb83c28,59700,apodi,RN,1,2017-07-20 19:24:24,108.0,108.0,1.0,267,108.0,0.0037313432835820895,0
1a663679384785e911792fb4a86d61c4,f925f3746464a73faab32897add08413,88330,balneario camboriu,SC,1,2018-02-20 18:35:00,140.0,140.0,1.0,52,140.0,0.018867924528301886,0
da5c8804f4a52e2e5dc883d06cef4f16,40cf64a98f1d821ba358d389ca67da4a,13390,rio das pedras,SP,1,2017-10-04 01:20:14,218.0,218.0,1.0,191,218.0,0.005208333333333333,0
71f4e2eea08ac9a0e2ad53b2930a6d47,e76bcd285f8ef4f3ad98938cb7d266b4,24241,niteroi,RJ,1,2018-02-26 20:32:26,55.9,55.9,1.0,46,55.9,0.02127659574468085,0
5d9b0406ca19cb888e47386c944a8330,be4e3d1570ec8a2ba9ab57afd17b29cf,87303,campo mourao,PR,1,2017-07-12 21:00:55,37.9,37.9,1.0,275,37.9,0.0036231884057971015,0
ee631ea57c3a362e86099783950118cc,c711e0c6b9f24e48cce494f5c29230a0,17580,pompeia,SP,1,2018-02-12 11:10:56,52.11,52.11,1.0,60,52.11,0.01639344262295082,0
d7486181fcd6b7aff07675c0b2d5e0da,1487e4c4094c15d6e70e3b40f241cdfd,73840,campos belos,GO,1,2017-07-21 18:06:23,99.99,99.99,1.0,266,99.99,0.003745318352059925,0
59e7eac5aa0ac369fae8fd25b9248058,856ff58d07ff1f761b66ebbf57c5f202,5885,sao paulo,SP,1,2018-02-08 08:39:50,60.0,60.0,1.0,64,60.0,0.015384615384615385,0
a54c000c261e820c31699fe7bd16046f,be3d8eb606dba13a902ed67389d38366,9041,santo andre,SP,1,2017-10-14 20:53:48,483.82,241.91,2.0,181,483.82,0.005494505494505495,0
92c2c5b759c20b4d91edd17b0b8572c7,ad72e0a5e2fcd9b5a2893b5488813e62,33943,ribeirao das neves,MG,1,2017-12-05 16:00:46,0.0,0.0,0.0,129,0.0,0.007692307692307693,0
c6cebe6d701f46a67554d705dfadc7cc,f5975a81edd00f38d94f9db35f5b4782,38705,patos de minas,MG,1,2017-12-13 19:58:48,59.9,59.9,1.0,121,59.9,0.00819672131147541,0
05838d97b4a3948e120c9fb440374691,d7b402c756be57180fa0df36f58d8b7f,33400,lagoa santa,MG,1,2017-07-10 12:19:09,45.95,45.95,1.0,277,45.95,0.0035971223021582736,0
2db1314a679d8c3199d69bca0596b88a,129534c4ea2ddb83f282e85d19921044,22631,rio de janeiro,RJ,1,2017-08-14 10:12:24,299.99,299.99,1.0,242,299.99,0.00411522633744856,0
00f5111aa1572c08c765f48e20edf87b,757b9b4481d4508d3d019c2b5f9e3e15,15070,sao jose do rio preto,SP,1,2017-04-24 07:52:29,49.9,49.9,1.0,354,49.9,0.0028169014084507044,0
55301531b32179f1220ed9cf9e5d4344,1ea121b29441e4495f89f55c9b40f8fa,31540,belo horizonte,MG,1,2017-06-09 22:49:58,169.99,169.99,1.0,307,169.99,0.003246753246753247,0
bf59771b1ab3559105d03691c8c99794,cb2d00950f18d7d8f7fcfc8cc3a173b7,15685,ouroeste,SP,1,2017-07-31 20:47:50,179.7,59.9,3.0,256,179.7,0.0038910505836575876,0
b63498f62744d6304da09ded0cab9677,7fc2c421252081c686b320d8755ca82c,89665,capinzal,SC,1,2017-07-28 21:03:52,56.9,56.9,1.0,259,56.9,0.0038461538461538464,0
97acc79130760aef0e4167209d229e9c,a0a261a0b673cc7dd5f7d34e80023ff2,36202,barbacena,MG,1,2017-08-13 13:09:12,890.0,890.0,1.0,243,890.0,0.004098360655737705,0
7e1f018f45f99375dcfaae0fe8816b4a,5bad02ee81a2002eb3b5b84d32bfc15f,13290,louveira,SP,1,2018-02-22 20:46:34,165.0,165.0,1.0,50,165.0,0.0196078431372549,0
1c476e17222ee78216feb6a315ef6be1,f53a55b30decb143136fe8ca8db0469e,14580,guara,SP,1,2017-07-13 14:51:58,44.9,44.9,1.0,274,44.9,0.0036363636363636364,0
cd308a85bd46a37859726a36c43ba71f,635c8fb5a76d4ca6467ac179f8f8e3a9,35411,antonio pereira,MG,1,2018-04-02 14:54:34,39.99,39.99,1.0,11,39.99,0.08333333333333333,0
9d2b23ea4db320cc61d79113c8062f0f,20c36ca8e043dd37bd89149ebdcaebcb,45028,vitoria da conquista,BA,1,2017-12-03 17:39:48,28.99,28.99,1.0,131,28.99,0.007575757575757576,0
afe0cb3cef1354ee82317557b902dfcc,a200c0892d6ecc0fe180159be4a61b14,11025,santos,SP,1,2017-07-20 16:09:05,89.99,89.99,1.0,267,89.99,0.0037313432835820895,0
451e697f12e5b64eae4580d365e6260e,bd95d579644675df7618e1740778b7d1,95599,balneario pinhal,RS,1,2017-03-18 21:58:15,12.97,12.97,1.0,390,12.97,0.0025575447570332483,0
5614d75ab87c9cdd15aaa56ac850d034,3a9aab332d472e048e154f1d1b8ea615,88540,otacilio costa,SC,1,2018-01-15 14:04:11,470.0,470.0,1.0,88,470.0,0.011235955056179775,0
7a28ea6acd0c23ed1a4742b29d29682c,7e54f5b8ca481064e8976b65bfbe2f2d,13183,hortolandia,SP,1,2017-05-22 09:50:03,329.99,329.99,1.0,326,329.99,0.0030581039755351682,0
d106918f73f119d9ebf155a753135f40,de8af0f20bb492182f20e6c73f24da32,3694,sao paulo,SP,1,2017-10-19 22:15:23,64.9,64.9,1.0,175,64.9,0.005681818181818182,0
f5ec354e3eaa4533604f5c8dc14d5226,bced181ebb1d89d30981e67f0b00337c,6756,taboao da serra,SP,1,2017-09-30 14:35:09,26.9,26.9,1.0,195,26.9,0.00510204081632653,0
201b58d5423d38890b0a7b833be416d6,4df3e96de11dfaec386adf64df85e9b8,90150,porto alegre,RS,1,2017-11-21 14:09:39,218.0,109.0,2.0,143,218.0,0.006944444444444444,0
e608d750256e65c6b4f434ceab5dc7f7,be01a5d9de2c567cef84dc1528fa4007,30411,belo horizonte,MG,1,2017-11-25 13:56:37,49.9,49.9,1.0,139,49.9,0.007142857142857143,0
6574ca38b40efa458f1e7c08c701318b,2904b76341e7d473ac702a6c834f18e1,29390,iuna,ES,1,2018-03-08 16:06:25,26.0,26.0,1.0,36,26.0,0.02702702702702703,0
8b4624f3ea37544e144ff4664eca38c0,ddee3336bf30a4d449406c648e48462b,22795,rio de janeiro,RJ,1,2018-02-24 19:22:24,261.0,261.0,1.0,48,261.0,0.02040816326530612,0
3414c83e2c90da70206c954609868183,bf6656ef50e6fd00e7517b01d615b4f3,29104,vila velha,ES,1,2017-05-26 07:04:37,59.99,59.99,1.0,322,59.99,0.0030959752321981426,0
50f685a3459979901d080e6d5efa0bc4,a45cd739193c990570114fd33532df4b,18150,ibiuna,SP,1,2018-01-31 16:50:37,519.9,519.9,1.0,72,519.9,0.0136986301369863,0
6b3a5fc1207b995bbc6d83347ee1321c,fd398d491fbe219c1252de61d7782bc1,22776,rio de janeiro,RJ,1,2018-01-17 18:49:00,23.99,23.99,1.0,86,23.99,0.011494252873563218,0
526e982e0217539da2d43a01848404a6,40c0d19d1774ea7f023dd0c2c17f6e33,31015,belo horizonte,MG,1,2018-04-11 08:00:56,89.9,89.9,1.0,2,89.9,0.3333333333333333,0
ab66e397db1b48e3bde13be7bc47aaf2,ba87a137c5191264841e0be40e53f4ed,37800,guaxupe,MG,1,2018-02-21 08:39:02,63.14,63.14,1.0,51,63.14,0.019230769230769232,0
af638847a50c6199479a15a219e1fa53,254715d2d4fcd2f53617fa21ef13a78c,55560,barreiros,PE,1,2018-02-20 23:28:18,204.0,204.0,1.0,51,204.0,0.019230769230769232,0
53e7d67eeb84c9b9c79929c6de3d1612,198ba72088fecd3caeaf2dca0addcfb9,29102,vila velha,ES,1,2018-02-09 16:49:44,99.0,99.0,1.0,63,99.0,0.015625,0
bb0687468b15b7fd6385704a051bb6aa,af9b68704fe49cb7b9b5687732ac8488,38475,monte alegre de minas,MG,1,2017-03-10 12:10:11,17.9,17.9,1.0,399,17.9,0.0025,0
844bdaca34a0e59b9476ad8f38ff1390,f8b3a5ed96f1fcae64e4cbbe266f744d,89560,videira,SC,1,2017-06-08 16:35:57,42.9,42.9,1.0,309,42.9,0.0032258064516129032,0
97c9d8b2434624d9179f776ee63e2fc7,7d3986ead7a3345392914b9ac31d1e72,31330,belo horizonte,MG,1,2017-08-27 15:27:06,156.9,156.9,1.0,229,156.9,0.004347826086956522,0
8bf209e6a80b1b6813fd5ef7cc0859a9,647d365f07327085468005c50ee92f4c,13036,campinas,SP,1,2017-07-31 09:09:01,39.9,39.9,1.0,256,39.9,0.0038910505836575876,0
014ea662e1cd7ed36b3c44a9539bb34a,9973fd5d5b3f112fd146bd9c640e7690,22081,rio de janeiro,RJ,1,2017-09-04 14:40:44,70.9,70.9,1.0,221,70.9,0.0045045045045045045,0
a96720fccceba279e1b3175c96f88bdd,d98e8bc69613567a40627c7cf5a8b8af,24944,marica,RJ,1,2017-10-01 22:49:41,54.0,54.0,1.0,193,54.0,0.005154639175257732,0
e965077e709d4f5097fbb5b20651ee44,ab55a155e8cf277a784128f2e03aefdc,2471,sao paulo,SP,1,2017-10-09 19:02:53,168.9,168.9,1.0,186,168.9,0.0053475935828877,0
73f18be2e5cfa08095fe3f24975d1b0a,c0fb0b88dcb0cbfdcde0288056d0a534,13211,jundiai,SP,1,2017-10-09 16:58:37,174.0,174.0,1.0,186,174.0,0.0053475935828877,0
418398a534ddffb19a62d282e8285db4,b30bcdb9ae45a5a96f13d9b17826988d,37750,machado,MG,1,2017-09-04 15:12:27,24.99,24.99,1.0,221,24.99,0.0045045045045045045,0
9bbbd8b1e256e236f1d77b4fc5f4a17d,6628b7edac9b0cedad21d9be3b179ba0,11677,caraguatatuba,SP,1,2017-08-09 15:02:38,51.8,25.9,2.0,247,51.8,0.004032258064516129,0
4672ca9dfaf87835eea705f786d3dea7,128aba43632401d81504e1e1f6c04e24,18271,tatui,SP,1,2017-02-04 02:29:03,239.0,239.0,1.0,433,239.0,0.002304147465437788,0
2a7dd1fbbb9bd76389b3882337e071f5,5e41c6bbd9735ec7b620f742ad668f29,4822,sao paulo,SP,1,2017-03-08 20:17:07,34.9,34.9,1.0,401,34.9,0.0024875621890547263,0
343ba8ba4c413d458aa3b2897f94c4f1,4bf3d072dcf303280e82dc697b516c6f,5508,sao paulo,SP,1,2017-12-14 16:02:42,51.49,51.49,1.0,120,51.49,0.008264462809917356,0
4cb8a348a32b76300b86cc1478882be4,d022f60348d070258d57c290636badea,54325,jaboatao dos guararapes,PE,1,2017-11-06 14:20:14,109.9,109.9,1.0,158,109.9,0.006289308176100629,0
1db6fd71da6b8e8ddc494d957697922c,44ab0f851094a0f3504b6253bc076cbd,98870,girua,RS,1,2017-08-30 14:34:40,69.9,69.9,1.0,226,69.9,0.004405286343612335,0
a93e6e1bad3b9d95239b7dd652a1ff13,5261961eeb22ad480eafeb8829cddacf,4041,sao paulo,SP,1,2018-02-27 11:06:32,142.8,71.4,2.0,45,142.8,0.021739130434782608,0
d7be54516b09d327e904b5bcfbe0a79e,c6f8a0976d97dc94811f4e2beafe7046,37270,campo belo,MG,1,2017-02-11 12:25:50,49.9,49.9,1.0,426,49.9,0.00234192037470726,0
768233c1b23f5b36d4c6ade6538027f6,7143f32c2c579a69f1b6a8df6150e777,4126,sao paulo,SP,1,2018-03-29 09:28:06,78.0,78.0,1.0,15,78.0,0.0625,0
d7ae20bcd9dd7181c46d59b6faad8eee,0a8b00a623aff928bef1b8595f2d6f4b,71065,brasilia,DF,1,2017-06-19 12:35:34,169.9,169.9,1.0,298,169.9,0.0033444816053511705,0
229d046873d7452a773c42e0f35916f9,30cc7860f832668d8fee80418948428f,13401,piracicaba,SP,1,2018-01-18 10:20:43,12.3,12.3,1.0,85,12.3,0.011627906976744186,0
5dcef2fba7e67510cfd99ea3851b58fb,bf70c45cb45bcb6a8a5da6b776f16251,45930,mucuri,BA,1,2017-12-06 10:34:17,139.99,139.99,1.0,128,139.99,0.007751937984496124,0
21eba4e14182cef9794979f9a85eb20e,b7828728719ab5f326855eda14fd0082,9636,sao bernardo do campo,SP,1,2018-01-26 09:12:36,31.0,31.0,1.0,77,31.0,0.01282051282051282,0
3099cf51ea3765844ae0167a2d6698ad,508f416faa150cd3249d045d81c93399,22031,rio de janeiro,RJ,1,2018-01-08 20:18:13,137.0,137.0,1.0,95,137.0,0.010416666666666666,0
e945178aa027f0306eb1da1f5dff2dd8,87108df7a6b7bb5e449484a26af24eef,17290,macatuba,SP,1,2018-01-04 22:36:32,69.9,69.9,1.0,98,69.9,0.010101010101010102,0
e59ea0ab16e4c5d4e49442b7ad210ef0,d81c308750fc6d68dfb055b147c6c234,30330,belo horizonte,MG,1,2017-08-07 00:18:41,51.0,51.0,1.0,249,51.0,0.004,0
8de9f19b9ae067619053a1bdc8dd73c1,a280c70428d6e5c76cb00c1173b454ca,37564,borda da mata,MG,1,2017-08-07 08:52:22,249.0,249.0,1.0,249,249.0,0.004,0
94d8b2dd7b914a42c966eec451f3ac1d,31e15403325f85c7d83f868da40970a7,3547,sao paulo,SP,1,2018-03-26 14:32:23,70.9,70.9,1.0,18,70.9,0.05263157894736842,0
64371168bfc7897e0e911783d3de0a3c,e48095bd8f883a7d270166aeeb22b113,9181,santo andre,SP,1,2018-04-11 13:34:57,259.54,129.77,2.0,2,259.54,0.3333333333333333,0
e399494c4a16c311b455c8ee01aff5f6,76f72a7ec470588bb7a8fa3fe3887ae6,29041,vitoria,ES,1,2018-02-15 09:11:58,58.9,58.9,1.0,57,58.9,0.017241379310344827,0
010583f85dd55d32a6db1068f58ca6f1,bd077a2aa972e28fd6c205b1a22a2c11,57035,maceio,AL,1,2017-10-08 20:37:04,58.9,58.9,1.0,187,58.9,0.005319148936170213,0
b5c8b2cf65bd49d6d1462ae6489fea43,934e91b0e98dbbeb3649cb1091cca051,2957,sao paulo,SP,1,2017-03-04 20:05:28,310.0,310.0,1.0,405,310.0,0.0024630541871921183,0
1112e31a003d7a7ef429a45db0aee71f,dffccc6ae2fa7d0c8904b6a31b221a61,12400,pindamonhangaba,SP,1,2018-04-06 17:48:33,169.8,169.8,1.0,7,169.8,0.125,0
de63777364ce7bd557a7bbf2972b5c8f,86b33f2d828052d8af4a1ef987f85248,26032,nova iguacu,RJ,1,2017-10-24 19:42:00,29.99,29.99,1.0,171,29.99,0.005813953488372093,0
37991a544e6b4464522b1b09e11ca843,d0eaa50fb219d6a81d7d275301affb5d,2406,sao paulo,SP,1,2018-01-16 17:54:02,8.33,8.33,1.0,87,8.33,0.011363636363636364,0
963eb10f3b68d2d56bea152cce226f80,f6337ff8052f9103de1a04029cb51b0a,18053,sorocaba,SP,1,2018-04-03 22:50:02,13.65,13.65,1.0,9,13.65,0.1,0
e0971b72a2d7a7d471ea3122bbccf9a5,bb7d0736359d0ae9ea4648934d11a25d,9951,diadema,SP,1,2017-05-20 09:12:14,94.9,94.9,1.0,328,94.9,0.00303951367781155,0
4529b4ef395aedf9efb99f2e529742b4,123071b0b13ed0b2b5b356aef1e0af6b,4302,sao paulo,SP,1,2017-11-24 00:23:23,310.0,310.0,1.0,140,310.0,0.0070921985815602835,0
6487f2dc75493ba7a83cc0de029e3209,54d909db6cb5f7bedaddf852f454b9f3,16200,birigui,SP,1,2017-03-02 11:07:10,0.0,0.0,0.0,407,0.0,0.0024509803921568627,0
3e5d28a6beee2449a50a07da9866d2ba,097442a1538f33ea89dbbe3779fe6db0,35200,aimores,MG,1,2017-06-24 17:11:53,99.99,99.99,1.0,293,99.99,0.003401360544217687,0
0f28203c5b6a0b0831a64782419024a4,20282afdbe6cf22d5f5a956d8b5a3f78,36328,santa cruz de minas,MG,1,2018-01-30 21:03:55,99.0,99.0,1.0,73,99.0,0.013513513513513514,0
8625add91cf6b981e6fac5cd0b5d733e,bb35291ced41cfff00e819077c4d9924,3158,sao paulo,SP,1,2017-11-21 09:56:24,19.9,19.9,1.0,143,19.9,0.006944444444444444,0
09451703baf04a7c8144b467d5e0ff69,3c3d9150c48009484896efab04cfb102,67113,ananindeua,PA,1,2017-02-17 12:04:05,115.0,115.0,1.0,420,115.0,0.0023752969121140144,0
f7b249c9618f84a66a70a8c127d06105,954456f376f79dfa36460750500f7dc6,88015,florianopolis,SC,1,2017-05-01 15:00:55,99.89,99.89,1.0,347,99.89,0.0028735632183908046,0
f5ca65d1ad6deb11a9c5c37d948093e9,ea9a21280b28a0963af5d9b58e6df422,35162,ipatinga,MG,1,2018-02-24 17:48:04,149.9,149.9,1.0,48,149.9,0.02040816326530612,0
fecd194256ab742769c2e9ab4cf961e7,2badc43a861428329c81d7db98fbd23f,40313,salvador,BA,1,2017-08-11 16:31:00,46.55,46.55,1.0,245,46.55,0.0040650406504065045,0
54545530685ab329b0d79c2e40ee3aca,1616e9d013bd2cc0822ca635c9b5f8bf,32044,contagem,MG,1,2017-12-03 21:20:17,125.5,125.5,1.0,131,125.5,0.007575757575757576,0
37b4b98de348ee99450bbebe89300c28,3ba9d4aa0432976e2ef966de73cd57bd,90430,porto alegre,RS,1,2017-12-12 12:10:31,210.0,210.0,1.0,122,210.0,0.008130081300813009,0
22b6b404010c1f6864e347b5202085a6,a49177e522690ffea3c4c9abc7881cc5,39270,pirapora,MG,1,2017-10-24 23:18:35,76.8,38.4,2.0,170,76.8,0.005847953216374269,0
20f99ce26ab1dcd6954644b2d76102de,76015850dcf96d3206b6924e93547e7b,4616,sao paulo,SP,1,2017-03-13 17:02:01,309.0,309.0,1.0,396,309.0,0.0025188916876574307,0
dd8d6240c3ec37c83148bb118d79cef9,0f927057a40849f90149a678f4526a92,22221,rio de janeiro,RJ,1,2018-01-24 17:34:07,37.0,37.0,1.0,79,37.0,0.0125,0
d757f3fd109b21e730d6ca8c9df50908,fa9303ece2a915a96dc99ddd16da25b3,13010,campinas,SP,1,2017-08-26 19:27:19,219.9,219.9,1.0,230,219.9,0.004329004329004329,0
f1078903d2e4453e0d1905618174a3dc,945cd1869f42eca5d04a7242ef89d0cc,28909,cabo frio,RJ,1,2017-06-14 16:19:07,259.99,259.99,1.0,303,259.99,0.003289473684210526,0
f0e0dbba81ddae5b144193ac233c2265,0b588dd082c6a0c510c790488f14a86e,32146,contagem,MG,1,2017-05-07 10:06:51,68.8,68.8,1.0,341,68.8,0.0029239766081871343,0
b26791f21e725f36e32d150c31e68c9b,fcb28b060a641bcee2ebb44f1041ad46,5409,sao paulo,SP,1,2018-03-21 11:13:07,25.0,25.0,1.0,23,25.0,0.041666666666666664,0
bc225b031d110d0b09ed6f25762f2e83,63b7f76bcd7937a717b189222c61160f,84150,sao joao do triunfo,PR,1,2018-04-12 15:23:19,108.82,108.82,1.0,1,108.82,0.5,0
ff03c28afb14c93650bf591cb49fe327,f943b83abc6dc853db41b32672451845,14980,sales,SP,1,2018-03-01 14:20:46,89.97,89.97,1.0,43,89.97,0.022727272727272728,0
84dbc8cadf81995826879280316b6397,02f3f4574ac77170d5846d6a1a3be5e8,40285,salvador,BA,1,2017-08-14 12:00:32,261.0,261.0,1.0,242,261.0,0.00411522633744856,0
4b88365b45f660f21ad6d56557871ed5,f8b3216eb0a8679a6f4c4ac33cc896d3,85887,matelandia,PR,1,2018-01-12 13:18:30,24.99,24.99,1.0,91,24.99,0.010869565217391304,0
f5e5fe72f9d970fc90546f2054e92c85,20917cee243e32974933fca49feb2829,87083,maringa,PR,1,2018-03-07 09:44:27,809.91,809.91,1.0,37,809.91,0.02631578947368421,0
f08164b2d28b71e289f92f628e7cba37,5c82413b70d65c90e4f9e465c303fc82,85660,dois vizinhos,PR,1,2017-02-28 22:22:48,48.8,48.8,1.0,408,48.8,0.0024449877750611247,0
1a8552b5f5ee891178aecf797f750d6b,f37322563863005595feada30537cac1,95043,caxias do sul,RS,1,2017-04-17 20:55:31,139.9,139.9,1.0,361,139.9,0.0027624309392265192,0
0e481f23c930890042610bab117fe8af,494797a23d7e8768675ab24234fd3095,5686,sao paulo,SP,1,2017-04-07 11:05:48,12.9,12.9,1.0,371,12.9,0.002688172043010753,0
8af1d45868d3ddb8958b01865c0cf53f,33cf57813cf08aafb3b3ccf15c8b10c7,93135,sao leopoldo,RS,1,2018-03-03 20:24:33,59.33,59.33,1.0,41,59.33,0.023809523809523808,0
e8435133133d4eab7ded41332934b2d6,ff48228323a1d52f3b3108316bdc4314,4849,sao paulo,SP,1,2017-09-07 23:18:04,119.99,119.99,1.0,217,119.99,0.0045871559633027525,0
fa37c71b257f8a67ce2e7018b3aeac32,a2bdda78bde40cf6a6f02a0171885daa,37160,campos gerais,MG,1,2017-11-24 19:56:15,83.36,83.36,1.0,140,83.36,0.0070921985815602835,0
82c13b27571f530d4e03109dc6605536,6396542207a94aa556ce19a7c6a2db84,24220,niteroi,RJ,1,2017-10-09 16:17:48,179.98,89.99,2.0,186,179.98,0.0053475935828877,0
7ff5f98578a06497fbc4570758e05eb1,075bd6bbcb5b72fdf182f59e501add75,2201,sao paulo,SP,1,2017-07-23 16:56:53,69.9,69.9,1.0,264,69.9,0.0037735849056603774,0
9c92386cbe5876b71907d3bc7a17a6df,c943b97fd7f42adbe09abb3db9fa32bb,4576,sao paulo,SP,1,2018-01-18 14:29:05,320.0,160.0,2.0,85,320.0,0.011627906976744186,0
e70246c90e6f47e10fa5d8577d5beb17,6fec1433b729f790622f8a7e14ff904e,58884,catole do rocha,PB,1,2018-02-23 20:41:46,139.8,69.9,2.0,49,139.8,0.02,0
ab90a48c16d5533595fc9f34949a8170,4b7f624654e5181c5bfa4840abb208e3,84660,general carneiro,PR,1,2017-05-13 22:46:15,199.0,199.0,1.0,334,199.0,0.0029850746268656717,0
4b3cff69c9076b5c9f0b5e16b5328360,19aea75555d5e6b749ac505a0ae784fa,30350,belo horizonte,MG,1,2018-03-23 10:44:18,999.8,499.9,2.0,21,999.8,0.045454545454545456,0
31368b408d16b4b87746e04755b8b870,bd859b24955ed06b0605a79f60ef34f9,12071,taubate,SP,1,2017-01-31 19:17:03,109.8,54.9,2.0,437,109.8,0.00228310502283105,0
4195468e58442a5c7303990a744078b4,5185c7c2362cbaf6f3e2a7e56e900671,98010,cruz alta,RS,1,2017-12-05 20:29:14,75.0,75.0,1.0,129,75.0,0.007692307692307693,0
a8b345d55f94ab20a00864ee6a0642ce,33b9ec483c301aac2f987f00931b57ba,8061,sao paulo,SP,1,2017-03-27 08:45:13,54.9,54.9,1.0,382,54.9,0.0026109660574412533,0
98fde29996fb49a66c8c157e9f42017a,8dedfd6a6b9fbd42c529eec79521c34d,5145,sao paulo,SP,1,2017-10-10 11:29:58,13.99,13.99,1.0,185,13.99,0.005376344086021506,0
05fad8ded5955e224532ba145c688931,96d2c1567d5902376dd3a119b383fb61,31655,belo horizonte,MG,1,2017-05-19 15:18:52,39.99,39.99,1.0,329,39.99,0.0030303030303030303,0
959292edcade77d6b60dc8f49f01cd71,2e26da8b07bfb26f89a2c1c22e32f9d6,37880,cabo verde,MG,1,2017-03-25 10:13:08,23.99,23.99,1.0,384,23.99,0.0025974025974025974,0
86d6acc63819436badea3a80f627baec,d535100c2f6bfd9896b6bf27703204f6,20510,rio de janeiro,RJ,1,2017-05-03 13:36:01,179.9,179.9,1.0,345,179.9,0.002890173410404624,0
021e3ddcc0581de5bf087b1d87e4b136,3fb1672507c668998549f7c91cbe932b,27155,vargem alegre,RJ,1,2017-02-09 16:09:42,28.9,28.9,1.0,428,28.9,0.002331002331002331,0
58e1ef40232ef2763c4a770d2cff4b49,93603747aa73507db172820142fb3b81,9820,sao bernardo do campo,SP,1,2018-03-09 11:32:48,29.99,29.99,1.0,35,29.99,0.027777777777777776,0
1e292a1892337d76520a685fa78c3280,93ca6447186f5c7a1ca819c9a572fdcc,87225,japura,PR,1,2017-12-27 22:43:15,39.9,39.9,1.0,106,39.9,0.009345794392523364,0
f7b168a3506088397cd2d771c1553a9e,5f7f2f316d856064acee6f1db7c9f63f,22745,rio de janeiro,RJ,1,2017-08-27 14:15:47,60.0,60.0,1.0,229,60.0,0.004347826086956522,0
aa6d4b904d1e9b9970f456a37f304ee2,0f9e7383f6b801ea203d16604c8df58a,47690,coribe,BA,1,2017-04-11 15:00:26,109.99,109.99,1.0,367,109.99,0.002717391304347826,0
08a0ac1decaff11abb24f276429ee4bf,903fd0a27e127b1fad40186fd85c1499,25515,sao joao de meriti,RJ,1,2017-11-25 11:39:25,599.65,599.65,1.0,139,599.65,0.007142857142857143,0
ef8ca6de2f90db6f28b22103b9993532,434353ac0e7bf1cff35ddb62dc85fbed,31320,belo horizonte,MG,1,2017-11-22 00:39:48,59.9,59.9,1.0,142,59.9,0.006993006993006993,0
7facd235e6759b64f900b3a24f71a2a6,4ef24bf32acbf50bc8b113e6cfe8e83c,89801,chapeco,SC,1,2017-10-10 08:11:26,217.01,217.01,1.0,185,217.01,0.005376344086021506,0
f2f83fa24e988705987bf38370435056,a559653647deb3890ebb2c0745d0988a,9726,sao bernardo do campo,SP,1,2018-03-01 14:23:06,40.0,40.0,1.0,43,40.0,0.022727272727272728,0
41061f2a3a70683b176c48c221612439,a865a3f8b39809ab1ba53cd0e8122999,4564,sao paulo,SP,1,2018-01-17 11:32:19,39.9,39.9,1.0,86,39.9,0.011494252873563218,0
624aca1ca85903e1ddc3f825552925d1,eeee84ea1c26cf087fb9e713d65a70ea,29172,serra,ES,1,2018-03-25 10:50:20,95.2,95.2,1.0,19,95.2,0.05,0
355acc2c291066f4d41f954918f11eef,b0004e82bf1f90c43ffe748ce54be94a,15042,sao jose do rio preto,SP,1,2017-08-24 19:56:08,56.99,56.99,1.0,232,56.99,0.004291845493562232,0
8fb6b9575e3431297555c4a59b070768,7e62bbe88def80450ad8a152e4ee3f78,23914,angra dos reis,RJ,1,2017-07-11 23:32:40,39.9,39.9,1.0,275,39.9,0.0036231884057971015,0
2053c4249878bd1b9a6f4a22d25dba09,eadc46c2dbdffb8163470dcfc6cab8f9,6330,carapicuiba,SP,1,2018-01-10 22:34:01,24.9,24.9,1.0,92,24.9,0.010752688172043012,0
aa179ef3bea6245ec335cd5f2c65044c,d73238dc01a257f5439f611e3cdb199c,91410,porto alegre,RS,1,2017-10-21 22:51:11,207.29000000000002,69.09666666666668,3.0,173,207.29000000000002,0.005747126436781609,0
bbf97a03667b4f6f728bd541f565e342,c15721a14ab214f72b93e676cdc42dd1,27600,valenca,RJ,1,2018-03-20 07:33:21,31.9,31.9,1.0,24,31.9,0.04,0
80825fac1b288cd8a58c4ae40c66a821,71f26c982384a2828905080ed90b2993,25055,duque de caxias,RJ,1,2017-10-22 10:17:43,138.5,138.5,1.0,173,138.5,0.005747126436781609,0
c46b3d824160b42c84227cf65f9caf25,b13e0007c284a77da34b45652f2c8d16,75820,serranopolis,GO,1,2017-11-17 19:41:02,789.99,789.99,1.0,147,789.99,0.006756756756756757,0
20a043e654e799b1b633644c0f1e17ed,b1864f5d9956fb34462e9d9e43e43cee,22410,rio de janeiro,RJ,1,2018-01-22 18:15:21,44.9,44.9,1.0,81,44.9,0.012195121951219513,0
e529a06a810f06219aa64991c7df84c7,a798808dffb7b6a9b706ade363390f54,18055,sorocaba,SP,1,2017-11-21 22:03:24,252.0,252.0,1.0,142,252.0,0.006993006993006993,0
40751c6f0779cbe4f55f46594eddfed2,2b886c4905b385599e6d8a117c8dceb4,30330,belo horizonte,MG,1,2017-11-11 19:12:11,649.9,649.9,1.0,153,649.9,0.006493506493506494,0
4ee7fc32553f4f1cda85112b9a2719e3,58c1b085b54c03a1f1ab5f13d64c2b1c,50865,recife,PE,1,2017-09-16 12:37:51,1649.99,1649.99,1.0,209,1649.99,0.004761904761904762,0
46ad2a4627eaff989f09ed085a63f0f8,b13cfce354f3d85b78bfaf5d8ee4cff6,1410,sao paulo,SP,1,2018-02-03 18:07:36,46.4,46.4,1.0,69,46.4,0.014285714285714285,0
691a7804c3cf06446a3f2c13cecbf251,25ea8a0c2d364abc3bb96abb9a731cfd,85867,foz do iguacu,PR,1,2018-03-29 10:32:39,99.9,99.9,1.0,15,99.9,0.0625,0
f9744f196723a6eaf6810ba6b7432532,c632b3435ab76bb6aac6be6e4dee65f9,97043,santa maria,RS,1,2018-02-12 21:47:28,119.9,119.9,1.0,59,119.9,0.016666666666666666,0
cbf7ae8bd29c80d2aa52706ab5858a74,995a4b5fbd757687db6c0a5d68772cba,11430,guaruja,SP,1,2017-12-15 15:13:05,25.0,25.0,1.0,119,25.0,0.008333333333333333,0
bce8476cc98277930a248e422354c4b0,a49bd61a0399978d6fddb322d5e9d284,3810,sao paulo,SP,1,2018-02-08 16:23:51,49.9,49.9,1.0,64,49.9,0.015384615384615385,0
d76d31867325831b69004537e58f7e2f,3db6e5afa8e8178a29afc729855315e2,21371,rio de janeiro,RJ,1,2017-11-24 18:28:18,599.9,599.9,1.0,140,599.9,0.0070921985815602835,0
beeca8af57f7cb7b42b1877824a941c2,bd9cb7a13da43814b1119382185a9858,29060,vitoria,ES,1,2018-02-22 11:17:41,45.9,45.9,1.0,50,45.9,0.0196078431372549,0
ec03e43a7a5f7a6774a43ace6ca4f366,b32e3858b01c247dba6e4cdd8fea1182,22795,rio de janeiro,RJ,1,2017-08-05 17:11:39,84.9,84.9,1.0,251,84.9,0.003968253968253968,0
7ef54c008d37c1051eec1537cb44a0db,306041efddc7d219beaf81b71afe617e,18170,piedade,SP,1,2017-08-16 17:18:48,328.89,328.89,1.0,240,328.89,0.004149377593360996,0
cff157deadf46de66ac1eb7ead76deb0,56437a026e07b2b2271b8742aee81fb9,13340,indaiatuba,SP,1,2018-01-15 22:54:08,248.9,248.9,1.0,87,248.9,0.011363636363636364,0
d653adc18616e3bf4070236ee0041627,90635f71a521f2261d8ce0462fa6b72d,13160,artur nogueira,SP,1,2017-05-24 11:39:16,90.8,45.4,2.0,324,90.8,0.003076923076923077,0
c034386c62e4c60320463e89cf90bd08,2ee9f94b85391abd4b3411e322e30604,36889,muriae,MG,1,2018-03-25 18:28:25,19.99,19.99,1.0,19,19.99,0.05,0
2807ccb86c70a612c783f4d658dd8848,2f5ecfc38847bfc8e044e4599b5cb4c4,78049,cuiaba,MT,1,2017-11-10 11:45:58,129.9,129.9,1.0,154,129.9,0.0064516129032258064,0
b52f2910ff36fe94d5d1a2d96ac1ce43,4cd3aaaa1cb1242c5db6e823a28d0ea5,20090,rio de janeiro,RJ,1,2018-01-27 16:04:35,179.0,179.0,1.0,76,179.0,0.012987012987012988,0
2498060e3aa39980a87949fbbc7ae316,dbcb5fdfa06b0e9ca44d899b25f463cc,37690,sapucai-mirim,MG,1,2017-10-21 16:39:45,169.9,169.9,1.0,174,169.9,0.005714285714285714,0
50202490acea34225b1af5cdd25f4326,3be6f224efc657da0b17bf5d287c20eb,12214,sao jose dos campos,SP,1,2018-01-11 21:28:50,59.9,59.9,1.0,92,59.9,0.010752688172043012,0
52d594f502a5c3328e8ab6815bccee72,4a42c348c9898dca1caf7bf599abe02c,74210,goiania,GO,1,2018-01-27 18:04:23,155.0,77.5,2.0,76,155.0,0.012987012987012988,0
6a4ea2081853cd8dd8d7c69cdf86925a,f64ee7b44a9c2170a0db74d6bc3d1ba8,28027,campos dos goytacazes,RJ,1,2017-05-11 21:36:10,56.99,56.99,1.0,337,56.99,0.0029585798816568047,0
79c719bd423a3670aad59272146350d7,c570e42e1916530394564f6df7392db0,29135,viana,ES,1,2018-03-17 16:05:06,13.69,13.69,1.0,27,13.69,0.03571428571428571,0
c1cb06959712f05a747e13a554f44d4b,f627bdc31fd4cedf73cfa6d3edce9fc2,28460,miracema,RJ,1,2018-01-19 12:30:36,213.9,213.9,1.0,84,213.9,0.011764705882352941,0
26fdb52d0382ebe750a8866b5bf9e5db,3aa71d539bb760f054b280604391602a,40130,salvador,BA,1,2017-12-02 08:50:34,55.0,55.0,1.0,132,55.0,0.007518796992481203,0
15e48dca580bb25bb8074a370b8de399,81f242fdcd1e2af71fe09b14aedac9e3,19200,pirapozinho,SP,1,2017-10-16 17:25:29,146.0,146.0,1.0,179,146.0,0.005555555555555556,0
5b1963a41a8f4a39f4d40e6e5ed70f94,42f296ed9782627fc7408a950975cfd2,91360,porto alegre,RS,1,2017-05-08 19:11:58,69.9,69.9,1.0,340,69.9,0.002932551319648094,0
bdd1272c1c37b3cce03f2c69d68448b0,7590ece88ff4a66a8f5d78d9b6f3847c,12230,sao jose dos campos,SP,1,2017-04-08 18:01:28,279.77,279.77,1.0,370,279.77,0.0026954177897574125,0
ae9d8bf13681f31ec761764094e6ab95,28d9650a4a5f00fcc716da5ee2460012,55643,gravata,PE,1,2017-06-15 14:51:11,129.99,129.99,1.0,302,129.99,0.0033003300330033004,0
90faa860db14d01d4ba25f1373e4c781,95dd1a8d97c9162501d0ca76f44520e3,2739,sao paulo,SP,1,2018-01-17 10:45:34,599.0,599.0,1.0,86,599.0,0.011494252873563218,0
3dfc54c80465a34e894278f7dde57435,5a2f02affaa2cb06906dad10bddd8206,85685,nova prata do iguacu,PR,1,2018-01-16 18:45:15,12.98,12.98,1.0,87,12.98,0.011363636363636364,0
c62a8534491c4b91761a88a5d9deef93,3cbb6ae2da72a5cd83efac4990611b07,24320,niteroi,RJ,1,2018-02-25 13:22:09,399.0,399.0,1.0,47,399.0,0.020833333333333332,0
87197160151c810ec85942bb0e50b07b,43dcefea742ee748a1e553c1af63aff2,37750,machado,MG,1,2017-11-17 10:24:52,64.99,64.99,1.0,147,64.99,0.006756756756756757,0
28e095aecb060344b8dadb5cdc0b527c,48533831affa935557a30dd054d1d1f3,22640,rio de janeiro,RJ,1,2017-12-02 10:13:29,239.0,239.0,1.0,132,239.0,0.007518796992481203,0
e645a6eb0c85a032c56e3a2170f90c3f,c6c3f7deed0e844a38a9ba41b32f2747,13290,louveira,SP,1,2018-02-16 19:56:16,49.0,49.0,1.0,56,49.0,0.017543859649122806,0
848ffdeb191369d63983e8391411cbc0,9299f618a19bc535295cfa394bd9f6e7,13830,santo antonio de posse,SP,1,2017-10-11 13:14:45,454.0,454.0,1.0,184,454.0,0.005405405405405406,0
253c9223dfa3bf75327514da2145fe9d,2082c1f1219c35db8a261e39aba10df9,82510,curitiba,PR,1,2017-10-01 21:45:41,113.57,113.57,1.0,193,113.57,0.005154639175257732,0
98a0a36529eae71762c1f3c388b4ec61,383c47b82574d1113e325073815708c9,74730,goiania,GO,1,2017-07-11 16:06:03,108.0,108.0,1.0,276,108.0,0.0036101083032490976,0
b7195944c3ced9b70bb7476dee99984a,d13fa2a2695c021fd9fe5a02f2d57186,21051,rio de janeiro,RJ,1,2017-05-16 20:09:16,99.99,99.99,1.0,332,99.99,0.003003003003003003,0
f15f8e8e29f606f908de87a8f7ee14f9,e61b45ab12853f3179132537d625d672,27910,macae,RJ,1,2018-02-06 16:28:03,148.0,74.0,2.0,66,148.0,0.014925373134328358,0
2382733f0f5edc1be5b3b4e3a6ac0e17,4ce423721c74231c174d0bb22367645a,6826,embu das artes,SP,1,2018-03-20 09:40:46,156.0,78.0,2.0,24,156.0,0.04,0
5a4ee1320c445a642238d915249864ac,deccec264c92bcc03e9d0fd7ccff2e58,6023,osasco,SP,1,2018-02-15 02:20:14,49.99,49.99,1.0,57,49.99,0.017241379310344827,0
d109b1553c5fe3f171e2f453ea2064ef,8358622f4398a86f1f4531f95d1696f4,3445,sao paulo,SP,1,2017-03-03 13:21:26,391.8,195.9,2.0,406,391.8,0.002457002457002457,0
83b9b5e6f52a2d64c80056b2a8ae0789,f8985f2807e89ab7b1f675e3d85d63aa,72542,brasilia,DF,1,2018-03-14 13:51:42,122.99,122.99,1.0,30,122.99,0.03225806451612903,0
f17aac72ebe06a7fbf7f6c923cd82718,c9db46713c0120a12c6abbed0f949993,17052,bauru,SP,1,2017-01-26 22:15:09,12.9,12.9,1.0,441,12.9,0.0022624434389140274,0
ece728a082ecf5aeeb2e5f295daf545c,34943624e617f239bd9d5e54f58f9df0,52061,recife,PE,1,2017-10-14 06:59:30,199.0,199.0,1.0,181,199.0,0.005494505494505495,0
8cfd4d3fc72d6f46f8534bc290c0b398,aee67e7bad90bb94d8b9df51f89577a0,6132,osasco,SP,1,2018-01-17 14:52:50,120.0,120.0,1.0,86,120.0,0.011494252873563218,0
20c6e80eac41498aa2df150ffd6b4acb,9eb01074fe5016894cc56c59b75481e8,6075,osasco,SP,1,2017-09-18 18:09:20,35.5,35.5,1.0,207,35.5,0.004807692307692308,0
37d1749538dfc2e600e932c4f26d4805,ca721ab0b41f40655019a336b6d59342,8345,sao paulo,SP,1,2018-01-03 21:03:30,179.49,179.49,1.0,100,179.49,0.009900990099009901,0
69e7113f19863b835b93d61d5cef84fe,031b6bf06cc2c9391a8a403cef221a1a,21862,rio de janeiro,RJ,1,2017-05-18 18:36:43,775.0,775.0,1.0,330,775.0,0.0030211480362537764,0
5e0c77608746c464f57855173086e0fa,13b708e763ba3e24a290dd972fd0f8fd,28300,itaperuna,RJ,1,2017-12-05 16:18:27,266.7,133.35,2.0,129,266.7,0.007692307692307693,0
065dedcd0da1b0b3995024ea66117c96,19e0f55b99c34bd4da05e429724e8291,24461,sao goncalo,RJ,1,2017-12-23 13:54:58,33.8,33.8,1.0,111,33.8,0.008928571428571428,0
73175bb66381e7cf02294f0a8c2ea137,6cd8f672079bdff390a8117696d3cdb5,7093,guarulhos,SP,1,2018-01-24 09:54:54,13.99,13.99,1.0,79,13.99,0.0125,0
33f7e823808ce786ac284e32b07cf6e4,75c9d9286f420028ef73062dee65da94,89650,treze tilias,SC,1,2017-05-08 17:51:05,49.9,49.9,1.0,340,49.9,0.002932551319648094,0
2efe619ed63c5be4a6a68c89cceabecb,91a7b48057f6fbf9a4902ee9f3bcbb02,27963,macae,RJ,1,2017-03-27 22:39:57,239.98,119.99,2.0,381,239.98,0.002617801047120419,0
81a788bcab6b11f15c3dce69b69d83fb,bebe92b48cfd151634b42af1cc872d78,4534,sao paulo,SP,1,2018-04-06 11:05:47,29.99,29.99,1.0,7,29.99,0.125,0
65a2393f12fc8796f152eef39d25fa4b,615555b69b411108248f61161aac1c48,8596,itaquaquecetuba,SP,1,2018-02-16 10:31:45,59.0,59.0,1.0,56,59.0,0.017543859649122806,0
07402722a2b316e79dbd20301ba2b345,5da04694ff3210374cfd712b61400ec3,8775,mogi das cruzes,SP,1,2017-07-21 15:26:07,39.9,39.9,1.0,266,39.9,0.003745318352059925,0
c28c9e32edd814488cc6764db3066efb,eb782df20628d67514f5cb60737a7317,26323,queimados,RJ,1,2018-01-16 14:14:07,159.0,159.0,1.0,87,159.0,0.011363636363636364,0
dc755b08c86f5315f97a52458fbd59b0,d0e2d3a16b7a5b1cb689123a88937410,28896,rio das ostras,RJ,1,2017-04-10 13:43:23,89.18,89.18,1.0,368,89.18,0.0027100271002710027,0
d782082d67302107f082c112b324aebb,f65b9cde425984c1041a2b0b1b4f99ad,13275,valinhos,SP,1,2017-01-23 22:55:07,329.9,329.9,1.0,444,329.9,0.0022471910112359553,0
0d04d26561b023e838cb99c83a55bfbf,436a7fff6e4b7147399c1441a10496de,22220,rio de janeiro,RJ,1,2017-10-13 12:37:17,49.8,49.8,1.0,182,49.8,0.00546448087431694,0
955719867f907f671d614150a5436c10,4cdfc1a496852b9eceec6101b4461754,99500,carazinho,RS,1,2017-08-17 20:12:07,28.99,28.99,1.0,239,28.99,0.004166666666666667,0
c7282ae2ff7ef253197c18a28d80fdfa,c7b577de54cb78d5d8f60f78f0476a52,12916,braganca paulista,SP,1,2018-02-07 14:23:10,59.9,59.9,1.0,65,59.9,0.015151515151515152,0
a08ac24c7188aae96f09570ffde66b40,c64d5429aa9d29059dcfa7d3d4c8193d,26700,mendes,RJ,1,2018-02-11 23:26:19,27.98,13.99,2.0,60,27.98,0.01639344262295082,0
d99d4916f321d6691a8aee32b3d09b95,b3a8671bc1929c8cfe476e6321d23d24,41820,salvador,BA,1,2018-03-22 16:15:09,14.9,14.9,1.0,22,14.9,0.043478260869565216,0
4b14bf7f9a0fd13d8e7073cd3de6b3e7,cdd01b6adeb9f518a632f5fb3a811e02,13013,campinas,SP,1,2017-11-27 20:02:16,45.65,45.65,1.0,137,45.65,0.007246376811594203,0
099da9e0fc3ea53e74144c6f8427ae07,a146081765b59c325434932f131e2a98,27542,resende,RJ,1,2017-09-11 22:29:32,69.0,69.0,1.0,213,69.0,0.004672897196261682,0
fbfdd7fe2c8685586b7e44a2970d0727,c1cc954b06668342ccc7aa28f90fac83,3266,sao paulo,SP,1,2018-02-01 06:55:18,29.9,29.9,1.0,71,29.9,0.013888888888888888,0
08dd337715b213da30e4f32bc49d8a07,a5fe2e0069602d2f9d4597b3828af46e,21940,rio de janeiro,RJ,1,2017-12-19 20:25:41,250.9,250.9,1.0,115,250.9,0.008620689655172414,0
83f88341610abb047d8cfa4f0e19dc91,c5bbb7acfd67acf6c23a21f910404f40,39400,montes claros,MG,1,2017-07-09 09:59:04,149.9,149.9,1.0,278,149.9,0.0035842293906810036,0
158909ef81850b0ffd25419383fcd527,34cba4ed4c90800cdb9bb5b818fe04bd,91910,porto alegre,RS,1,2017-10-21 13:42:03,45.9,45.9,1.0,174,45.9,0.005714285714285714,0
596040e2523803a2b45f1a403a86be7d,37f8072da4c5026bb739a2c2f34fa9c3,35162,ipatinga,MG,1,2017-05-15 14:14:21,39.9,39.9,1.0,333,39.9,0.0029940119760479044,0
bb5fc5de2c32b73753d3663397e7a056,1883e6f6e7da56b180416cbe13ec15ff,22765,rio de janeiro,RJ,1,2017-12-14 16:50:47,998.0,998.0,1.0,120,998.0,0.008264462809917356,0
d2cc2064cc10dfe0fb9d2fc6ad12884d,500026b4ec80a224a43a055fc1616406,87020,maringa,PR,1,2017-04-08 15:30:54,178.9,178.9,1.0,370,178.9,0.0026954177897574125,0
61bfb3b95d736b9e9eb50bec324368c5,e82dbf49ec5fc7c7d49ad5473ebfb237,9110,santo andre,SP,1,2018-03-14 12:59:50,29.99,29.99,1.0,30,29.99,0.03225806451612903,0
5e268a2b106c3c6a1e57dbcaa12a4013,3c4665fc1e2927b7d51203ef7e9bfe6e,45450,gandu,BA,1,2017-09-15 17:15:08,58.9,58.9,1.0,210,58.9,0.004739336492890996,0
ddb3130ade3920265203853e3885d9f0,4ebf67e04cc8824f896f8400249e1c57,36900,manhuacu,MG,1,2018-03-21 15:56:34,250.0,250.0,1.0,23,250.0,0.041666666666666664,0
2d9491955f2aaa6964262a95b669b034,60f6e8ce5b18e216ab74cd00567f7934,9550,sao caetano do sul,SP,1,2017-12-11 15:30:13,14.0,7.0,2.0,123,14.0,0.008064516129032258,0
8077a88989887c07d262fc34020d6fbc,51082a58e90e77fcfd77b7673d6b0f06,22240,rio de janeiro,RJ,1,2018-03-24 15:25:10,45.93,45.93,1.0,20,45.93,0.047619047619047616,0
dfda52c60be1482823570ad5721b5e27,608f53c046944cf7b3a60c13415938d9,28540,cordeiro,RJ,1,2017-11-17 20:42:59,99.0,99.0,1.0,147,99.0,0.006756756756756757,0
1e47adc3adf1d905c6db3afb5592a8f8,a031874ba94db25193265b3739c45ddb,13295,itupeva,SP,1,2017-08-31 20:11:17,98.0,98.0,1.0,225,98.0,0.004424778761061947,0
f3f525ec747ce8f3adc1b23b797404dd,d5b4d6bddd4a2de14d87e623cd2b4df0,25580,sao joao de meriti,RJ,1,2017-11-28 23:16:56,45.9,45.9,1.0,135,45.9,0.007352941176470588,0
067c9951289da2e2468121aa6e46ec91,a9ede3b663d9ee53aa06865d90182af2,1217,sao paulo,SP,1,2018-04-04 10:54:07,379.9,379.9,1.0,9,379.9,0.1,0
d23e3624d75a5bde49758e281e470174,25fbb31a9310a9acfabda306a3db531e,98807,santo angelo,RS,1,2017-11-10 20:54:34,29.0,29.0,1.0,154,29.0,0.0064516129032258064,0
89c9f3d72721c993b7ef288dc6217f4b,bc1c7b16bdfd21e256990040dd1fd11d,17601,tupa,SP,1,2017-11-21 10:10:14,29.9,29.9,1.0,143,29.9,0.006944444444444444,0
efec125e0fd56164c37c9f1e1c804cd7,619b93ec47d01fd1228afef1a980abe3,3181,sao paulo,SP,1,2016-10-07 11:20:34,329.70000000000005,109.90000000000002,3.0,553,329.70000000000005,0.0018050541516245488,0
9b28e0736b3a594b4d253cb11227d360,4e39429218dac10ad4e57dafee3d92d4,13486,limeira,SP,1,2017-11-25 00:18:14,49.9,49.9,1.0,139,49.9,0.007142857142857143,0
e731ba7b6903d44433f7cc1161d2f1cb,3b0fd4045271bcd68bbd76cd66506b74,12209,sao jose dos campos,SP,1,2017-08-01 21:07:18,60.699999999999996,20.23333333333333,3.0,255,60.699999999999996,0.00390625,0
22d1ef39066f0ba1bace4f31e209d5e7,43941f33ed232fab3edca66699e4d287,8032,sao paulo,SP,1,2018-03-23 17:32:32,72.0,72.0,1.0,21,72.0,0.045454545454545456,0
5ca9f1e0cb1c302adb16d254b7d38b92,1bb7f4eadee0292c18333f8698599347,27521,resende,RJ,1,2018-03-07 00:39:30,34.9,34.9,1.0,37,34.9,0.02631578947368421,0
1d4141882e86028ee4751bb58410b53a,d23df6cdca745eb59117e90aa4e09f51,18940,sao pedro do turvo,SP,1,2017-04-26 22:29:41,39.9,39.9,1.0,351,39.9,0.002840909090909091,0
115847c3660c596c1bc526c4fd0c5b7c,1406bd9f0504fb06ecb39e6a7bf0c211,22271,rio de janeiro,RJ,1,2018-01-10 15:54:50,599.0,599.0,1.0,93,599.0,0.010638297872340425,0
45067e8e59e7901213581b2ca0cee6b7,874bf1a24007819e978bdf6eec892f96,24450,sao goncalo,RJ,1,2017-10-14 09:31:00,88.0,88.0,1.0,181,88.0,0.005494505494505495,0
09ca2b8e58d607103af7401f7a3a0299,5a515466a6cf95bad8312afc8612d7cc,13219,jundiai,SP,1,2018-01-13 11:42:12,21.1,21.1,1.0,90,21.1,0.01098901098901099,0
7cc858beaf29178458e90ee34c3be444,17c6652c9c8a71e905e388b9ede23d6c,96400,bage,RS,1,2017-08-19 17:54:34,89.9,89.9,1.0,237,89.9,0.004201680672268907,0
cc57bf7b13c49c59095d09da7a63abfc,28b8333651c1350cc561dfe5678b0902,38800,sao gotardo,MG,1,2017-12-23 08:55:07,23.99,23.99,1.0,111,23.99,0.008928571428571428,0
c564db557272ef1abfc07e5c2bd69c8a,ee2be4dedb1290a391da13932b71f02e,1416,sao paulo,SP,1,2017-07-04 13:57:39,29.9,29.9,1.0,283,29.9,0.0035211267605633804,0
49aca3f38ce32b651920b1a706754fa2,7520673a25e0bccd3e7bd1e100defa9e,3756,sao paulo,SP,1,2018-02-21 10:28:51,144.99,144.99,1.0,51,144.99,0.019230769230769232,0
bff87edaf15e6cfa480094a5717d9f0b,bc1d009bce2f69958b6039bb30c0df01,18086,sorocaba,SP,1,2018-03-12 09:39:19,429.9,429.9,1.0,32,429.9,0.030303030303030304,0
de1bf47c6fadd8c028c7834a6ac27a1d,1621f29a853c3136fb67312f5b4e5fdb,21862,rio de janeiro,RJ,1,2017-11-26 01:18:42,82.99,82.99,1.0,138,82.99,0.007194244604316547,0
6f0faf0c625f77d650d4f31b80363617,73da78eda27f160f2ed111e2916d162d,90480,porto alegre,RS,1,2018-01-07 10:24:26,199.9,199.9,1.0,96,199.9,0.010309278350515464,0
3272ae5d1173300820b43935539b3603,a40d056ca31c723ff7a52e4abbe55495,91920,porto alegre,RS,1,2018-01-23 19:31:31,59.99,59.99,1.0,80,59.99,0.012345679012345678,0
329fcf50087d2f2fae1b09d0e10baa00,8a5d7a54bfa3ec6f392a57f7619dd9f4,81670,curitiba,PR,1,2017-07-25 16:10:21,55.0,55.0,1.0,262,55.0,0.0038022813688212928,0
daef7f39adab43b9c061c3845c9abeee,a43c3d65e38c8f1d715c7703b93ff431,19600,rancharia,SP,1,2018-04-10 10:22:55,33.99,33.99,1.0,3,33.99,0.25,0
ed434f6c999779df08cfcba6f30956fd,67baa2e51d395feb0475dcf381dd438c,80530,curitiba,PR,1,2017-11-26 20:33:48,99.99,99.99,1.0,138,99.99,0.007194244604316547,0
8422c35d03577f94c15a4eed5504e09b,284f0533e6c79c3e3397c2b185573a78,25515,sao joao de meriti,RJ,1,2018-03-05 08:58:05,39.9,39.9,1.0,39,39.9,0.025,0
99052d6a0c03fdd14cb3556a045ec3e2,3b762090d7f657343878a178f3c091b5,37590,jacutinga,MG,1,2017-12-12 22:26:30,119.9,119.9,1.0,121,119.9,0.00819672131147541,0
8ff463c5677e1f1ccedabe1c90d3d53e,233dc31c49327619199fbd1458f898ed,96211,rio grande,RS,1,2018-01-26 21:18:51,29.9,29.9,1.0,77,29.9,0.01282051282051282,0
a14b17e55f117e4bf24cdd9d0e586c35,d71a769963b2c890c06e83cbed137a43,15500,votuporanga,SP,1,2017-05-06 11:20:18,328.9,328.9,1.0,342,328.9,0.0029154518950437317,0
366aca7911ab9972f9491b316f67183a,4d12b3cc55610f15453c5094c8d05839,14025,ribeirao preto,SP,1,2017-11-19 11:42:54,20.0,20.0,1.0,145,20.0,0.00684931506849315,0
516a60cbb0bc2784ea93313fed99ea77,07ea8186253cba88d1af6bb53664a25e,69037,manaus,AM,1,2018-04-06 23:51:05,18.0,18.0,1.0,6,18.0,0.14285714285714285,0
a5d3e93a8713730e3228a6cb80a983ef,c5f7c49309422ad1ab3af1c3519f92f5,4645,sao paulo,SP,1,2017-05-17 02:00:05,5.9,5.9,1.0,331,5.9,0.0030120481927710845,0
3abab18d333632bb552ef5bb5ab8cc25,68a6ca228b55913fd02800f4e184024c,27285,volta redonda,RJ,1,2018-02-20 20:27:07,19.9,19.9,1.0,52,19.9,0.018867924528301886,0
a49d53ba51c7b50622b3b2ed6e5b9312,a76152dbe2324e3cf2eccf32c2db1ad4,15015,sao jose do rio preto,SP,1,2017-12-12 19:13:05,15.3,15.3,1.0,122,15.3,0.008130081300813009,0
c50f8b707f6bae0baa6fe4319fe4c92b,06b61e1017ebf39ca2192af216259397,7022,guarulhos,SP,1,2018-03-14 23:01:15,48.9,48.9,1.0,29,48.9,0.03333333333333333,0
ec47e17cccb7d09149ab2628270be3ee,77ff6babd6fbffa27c787adf3142c8f4,6273,osasco,SP,1,2017-09-06 12:34:47,118.9,118.9,1.0,219,118.9,0.004545454545454545,0
d8863cabfe51278718a9920aa867c67b,d2d549c84bb91ddac8484347e9ba87e4,11750,peruibe,SP,1,2017-06-07 20:55:27,89.9,89.9,1.0,310,89.9,0.003215434083601286,0
f4f702d7ea3e215274437e0df02de452,dbc1ec016a5b8df476e5c366f0743d6b,9690,sao bernardo do campo,SP,1,2018-01-02 18:55:31,50.0,25.0,2.0,101,50.0,0.00980392156862745,0
d058d9531ed27a9c3be60792c94f0092,052efa2c1bd83a8d13927cc08bc30d75,11070,santos,SP,1,2018-04-10 11:46:18,550.0,550.0,1.0,3,550.0,0.25,0
7569ca3fd4cac49c36300b217d638628,73782acd986b766778b686b42441bf0e,20271,rio de janeiro,RJ,1,2017-11-05 19:45:10,49.9,49.9,1.0,159,49.9,0.00625,0
3c2f0a29038aff07034db22026b787ca,0f2fe4697c57b3fa1b7a12d753c4c767,21853,rio de janeiro,RJ,1,2017-08-04 15:41:43,79.5,79.5,1.0,252,79.5,0.003952569169960474,0
7fe022d44964a339398a981ce3026ea7,7f8836cc00b0efa4487af4127660d68a,35519,nova serrana,MG,1,2018-01-21 23:34:21,49.9,49.9,1.0,81,49.9,0.012195121951219513,0
ebf84e00361c31f0610635647dbd0db1,0280c3bae373e59fd0f564cf9b0188a1,3335,sao paulo,SP,1,2017-08-20 17:47:00,29.0,29.0,1.0,236,29.0,0.004219409282700422,0
65b63693a2ff79139a26c94f260651a3,4a52529d34b8c04dedfd596b564b5d1e,21073,rio de janeiro,RJ,1,2017-10-04 23:44:53,89.9,89.9,1.0,190,89.9,0.005235602094240838,0
d63ebc611617ecd6acb37f274224062d,51a030b5a150ea7b324b67773cbab8b8,42850,dias d'avila,BA,1,2017-10-26 22:41:09,139.9,139.9,1.0,168,139.9,0.005917159763313609,0
68914b86fecc505772fc79427f0cbb29,2f8fdcc19a1a75fcbc5fb429998336bc,68926,santana,AP,1,2017-02-28 22:12:55,199.95000000000002,39.99,5.0,408,199.95000000000002,0.0024449877750611247,0
dc099664976e53ce3c32de9b9d7b321b,740b9a28b39035534bf3425b19016263,13485,limeira,SP,1,2017-11-19 14:03:22,129.8,129.8,1.0,145,129.8,0.00684931506849315,0
821ea76972cd17c9b58d81015b797451,2d83a991bc24a3b3065dceea27d3cbfb,1416,sao paulo,SP,1,2018-03-03 00:53:10,74.9,74.9,1.0,41,74.9,0.023809523809523808,0
7d8d274c36de5111d141260b020d51a9,555f8bf70ca6d707e83c484e3ff359c3,9550,sao caetano do sul,SP,1,2017-02-08 10:44:52,35.9,35.9,1.0,429,35.9,0.002325581395348837,0
89c8c50250e077c8977215502000c179,41c9ce6f9c3f1d038fba94006ecc8067,18900,santa cruz do rio pardo,SP,1,2017-10-04 21:26:58,49.99,49.99,1.0,191,49.99,0.005208333333333333,0
b3b7a79be761431b60e2945100e694cb,b0bba163bbb8aef57222338365d5a2a2,6763,taboao da serra,SP,1,2017-12-11 19:56:32,19.9,19.9,1.0,123,19.9,0.008064516129032258,0
df8f16eb33e87d3426aefccf7e3c4ecf,dc1bf16a84985a395cee96f5b0f5e8cb,18054,sorocaba,SP,1,2017-05-29 20:47:13,28.9,28.9,1.0,319,28.9,0.003125,0
b13e22ce02ce3538542c89fa6d25ed79,1680c0ad8efa885aaca63994e6e65570,38706,patos de minas,MG,1,2018-02-24 20:54:13,179.9,179.9,1.0,48,179.9,0.02040816326530612,0
f0331bc1c4f9bb06fcbb14170f225284,ed8c8bc9940261780b4fc1fb2129e55f,33840,ribeirao das neves,MG,1,2018-03-04 21:38:45,916.0,916.0,1.0,39,916.0,0.025,0
8d51030ae02d1b7d4177c1d63683ab99,42912d3b8d053263270299ad59af16af,22081,rio de janeiro,RJ,1,2018-02-17 12:37:22,69.8,34.9,2.0,55,69.8,0.017857142857142856,0
e61ea22e533a289c47e88ab43d594bb8,89c30ea5b944b5c2fcd5847c806108c1,16900,andradina,SP,1,2018-02-26 19:21:16,750.0,750.0,1.0,46,750.0,0.02127659574468085,0
2894210d5aba1fcc839762cf289cc56a,92935a6d363d7ca2434f5b83f9cbc01c,60025,fortaleza,CE,1,2018-04-09 17:36:04,14.99,14.99,1.0,4,14.99,0.2,0
4c1c84ba008ab2985b9fd2b941800c3c,24254947a742be13bab1fdcc550919e0,4623,sao paulo,SP,1,2018-04-10 21:18:01,287.7,287.7,1.0,3,287.7,0.25,0
291d88320a4586c8102b11eb0cacc89e,02578a30eaf25ecf087a3728dc04b85a,26167,belford roxo,RJ,1,2017-08-15 00:39:44,39.99,39.99,1.0,241,39.99,0.004132231404958678,0
b1c8eaee7a170ae1856abe4fdbe8091a,a69d87507bf91f13a28d0f058ec7dcdf,50810,recife,PE,1,2018-02-16 01:32:33,176.99,176.99,1.0,56,176.99,0.017543859649122806,0
361b489a269ec4bfcd217ab600c15a48,667b0d5f9c019e735efc7dc93e2cac87,89295,rio negrinho,SC,1,2017-11-24 21:03:58,79.0,79.0,1.0,140,79.0,0.0070921985815602835,0
35ea9919e33272ab715f8c1964693b91,c87f3390cd2d870b4e896a9d2a088621,6850,itapecerica da serra,SP,1,2018-03-28 16:20:37,45.6,45.6,1.0,16,45.6,0.058823529411764705,0
7b8ca743b2b04c1df44904c65563d578,df0d8456bb4285a538225e2d75a7c345,12225,sao jose dos campos,SP,1,2018-01-22 18:31:51,370.2,185.1,2.0,81,370.2,0.012195121951219513,0
a1f1dc35609214187b96314cb20398a2,ff5fee5ea06a350eb0e9f1fd59776f8e,3016,sao paulo,SP,1,2018-01-23 09:53:11,80.0,80.0,1.0,80,80.0,0.012345679012345678,0
e68621623204cede934062122606c445,57894e99b1d318e9b6b0d5e07302e4db,38183,araxa,MG,1,2017-08-17 22:22:29,138.0,69.0,2.0,238,138.0,0.0041841004184100415,0
3a5a619866e843b7ebabf717e2f68d4e,c035b1b5d88dc07f6f7e695bae8067e8,4939,sao paulo,SP,1,2017-07-07 14:07:02,64.9,64.9,1.0,280,64.9,0.0035587188612099642,0
3ef7cb9f2abf21e315cfbd4b1e58279d,e56ff8eee10a586236f16ace90553841,92020,canoas,RS,1,2018-01-29 16:16:46,51.9,51.9,1.0,74,51.9,0.013333333333333334,0
3b1a260815b673185573bec5daed5853,01d1444a9676bab441621b52773035e9,29060,vitoria,ES,1,2017-11-19 18:19:35,139.9,139.9,1.0,145,139.9,0.00684931506849315,0
ef2e071d3b46a10875216b8b4feb9667,5b20fe923c2314555c34bd05f036586e,11350,sao vicente,SP,1,2017-11-26 00:50:30,422.0,422.0,1.0,138,422.0,0.007194244604316547,0
2a882786bc3a3af530ed3405b171b09b,9f8de381fdef39745ec9329147b4541c,3220,sao paulo,SP,1,2017-09-16 19:36:06,64.9,64.9,1.0,209,64.9,0.004761904761904762,0
e3267c909d1d6265381c696a7576de9c,2d2f7d6477a42e44e8f888b5dfabfbf4,30575,belo horizonte,MG,1,2017-07-31 14:00:27,205.0,205.0,1.0,256,205.0,0.0038910505836575876,0
7ce1fc9e99a49468fd3ba1df06317ff3,4bcd3e861302b9a73210348ebb7621ad,36013,juiz de fora,MG,1,2017-09-18 15:55:33,799.96,199.99,4.0,207,799.96,0.004807692307692308,0
a1d7580bed7d7f0ebe64eb1d37b01624,2f9f2831e2f23274802ef653e9840b78,21331,rio de janeiro,RJ,1,2017-09-18 00:48:00,23.8,11.9,2.0,207,23.8,0.004807692307692308,0
ac4e47076dd4ea31cfd3782f763461a6,db1383ec20ebcf3d89fcc23c709493eb,36955,mutum,MG,1,2017-09-23 09:42:12,796.0,398.0,2.0,202,796.0,0.0049261083743842365,0
6dae7e49ea1e08a25d1a62e37a824d78,5a7af3a806a1f677177c71250708fbfd,9541,sao caetano do sul,SP,1,2017-09-20 19:12:03,56.99,56.99,1.0,205,56.99,0.0048543689320388345,0
cce86266bfd092e3938fe969666f1534,9ce4185d17f75a3b38eded0e2401ebd2,40355,salvador,BA,1,2017-04-23 12:21:06,59.99,59.99,1.0,355,59.99,0.0028089887640449437,0
e506618caa63a29ae2cc528536f0d11e,e77efb6522986a5e862a54dd91251bb3,26900,miguel pereira,RJ,1,2017-06-16 16:29:49,89.0,89.0,1.0,301,89.0,0.0033112582781456954,0
57ce584c0a8742956ee423f2f0b488b4,20e4708c1101b7f1d39ca9c63f65ecc8,4020,sao paulo,SP,1,2017-11-21 17:35:26,699.99,699.99,1.0,143,699.99,0.006944444444444444,0
ece5ebf2a90d7b60b214ec8b666f2961,7f4b081170dea178bbad9ece0a45e0f4,26520,nilopolis,RJ,1,2017-10-21 09:55:35,13.99,13.99,1.0,174,13.99,0.005714285714285714,0
ffe509f377a33554f5a677dcd83e669e,e6bab0dfc06a6fbaa86dafa7425c57dc,86800,apucarana,PR,1,2017-12-27 17:38:31,190.0,190.0,1.0,107,190.0,0.009259259259259259,0
c08931eb5c4bf40f48501b0d434f8c40,53abae4373c0bbdc78f48db27eddf03f,99010,passo fundo,RS,1,2017-12-13 12:59:04,243.89,243.89,1.0,121,243.89,0.00819672131147541,0
b0232f62bd310b605fc9ba834860ce2c,1350e2fa0415f0c50796bde8c33325a2,4608,sao paulo,SP,1,2017-11-29 08:39:03,0.0,0.0,0.0,135,0.0,0.007352941176470588,0
e71691d525acc2491f67ddcdf86ea428,71e132555823edfd98ab15ad8da23612,33400,lagoa santa,MG,1,2017-04-20 09:48:42,31.0,31.0,1.0,358,31.0,0.002785515320334262,0
9d1a96b181bc6f175146b254a2335e29,314199be780a7dc8da9cd6efd9832d01,3936,sao paulo,SP,1,2017-10-16 10:45:33,699.99,699.99,1.0,179,699.99,0.005555555555555556,0
4d42435d173517c3f79098cee92ea787,591556e0ce356274a8a58a64b5311a2a,15320,floreal,SP,1,2017-12-05 13:43:47,177.99,177.99,1.0,129,177.99,0.007692307692307693,0
549ef037d5530887209688c8bb62d4c2,295e9c54b2bf6eef2eaf468e80788bc4,25975,teresopolis,RJ,1,2018-03-01 13:42:27,150.0,150.0,1.0,43,150.0,0.022727272727272728,0
cc0cd7cfb34e6249da817e50177dcc40,67e747b902c2d5c2e5a266b00d965145,86160,porecatu,PR,1,2018-03-12 17:42:34,19.0,19.0,1.0,32,19.0,0.030303030303030304,0
9babe15f3a8d05c3ae49e0e57faa9588,7deb367b46f4aeb7888eeaa8cc29169f,13080,campinas,SP,1,2017-06-19 09:09:48,18.99,18.99,1.0,298,18.99,0.0033444816053511705,0
7c66c8c07b65426ab12916350bf3c4f5,2dd3861f51c031bf5bc691b89fa514af,18076,sorocaba,SP,1,2017-08-22 14:05:06,35.0,35.0,1.0,234,35.0,0.00425531914893617,0
b61cd933d2e2773e0a843e3ec1deeda0,e5508ff3b3aff36d837ea8f4ade0daff,15718,pontalinda,SP,1,2017-03-15 12:21:55,13.9,13.9,1.0,394,13.9,0.002531645569620253,0
68362d853bb8306b7fe6862d06575fb8,857ae07258b77102f66e357b983ec5a0,29310,cachoeiro de itapemirim,ES,1,2017-08-01 09:53:24,54.43,54.43,1.0,255,54.43,0.00390625,0
45b5b5e9424ca746ad6a3161de453e00,4543480cbf99692641f5b35eeae7947f,13487,limeira,SP,1,2016-10-06 07:53:10,633.0,633.0,1.0,554,633.0,0.0018018018018018018,0
e018efe31a675270f8e48eeb12b2c291,9d0396c38ab1738aebd1c39754a4fd69,89982,sao bernardino,SC,1,2018-02-15 22:13:45,189.9,189.9,1.0,56,189.9,0.017543859649122806,0
711db73575cd5b4fe3b548c21fe53d46,2927ce060949fd0254743a59f113578f,12240,sao jose dos campos,SP,1,2018-03-05 11:23:21,89.7,89.7,1.0,39,89.7,0.025,0
ebb06eadb79fd97fc9a7a77f9b29e3a3,0e51f94c779dc43dc1f4cd62cf6e340d,11310,sao vicente,SP,1,2017-09-22 16:22:16,34.99,34.99,1.0,203,34.99,0.004901960784313725,0
1f184001b4cbba29eb3ddefd7b0a195b,f4089943e1529aefcd2733e1eecf877a,88010,florianopolis,SC,1,2017-08-16 08:00:13,89.9,89.9,1.0,240,89.9,0.004149377593360996,0
e66b97f27c737e80c69d24094d6038ee,281c1b891f8593b05ecde83d38cb9e5d,32241,contagem,MG,1,2017-05-19 17:27:49,130.0,65.0,2.0,329,130.0,0.0030303030303030303,0
3a3b386b99c4c2dfe725a720051b4cb4,c75fb5680989856542a441c1d9e3175c,3266,sao paulo,SP,1,2017-07-27 13:36:32,205.0,205.0,1.0,260,205.0,0.0038314176245210726,0
f9c8f1adcfa05801bc411aba910a8730,95723cf0140c6b2ae1b90adbea7c3bb4,26525,nilopolis,RJ,1,2017-10-05 14:47:58,39.0,39.0,1.0,190,39.0,0.005235602094240838,0
02e9b79160de108ec112581e2e4eeed4,55e0e853d6dfa404a0d8b1f4d817e94b,24130,niteroi,RJ,1,2017-05-21 12:46:50,129.99,129.99,1.0,327,129.99,0.003048780487804878,0
0dbcd05590805375b6b0a913f2f7a876,bdb8786fbc8d4d9d6af1eb0207c73065,1227,sao paulo,SP,1,2017-03-19 16:18:45,32.9,32.9,1.0,390,32.9,0.0025575447570332483,0
1070bdeb30f438c677f47d05bb084550,9148558735348ad15d504d4b510a0f81,96400,bage,RS,1,2017-04-18 17:12:17,69.9,69.9,1.0,360,69.9,0.002770083102493075,0
5569c91b24c912d71c6120524b91b30a,fc247d40bc8d0658c114e60ff4263d09,6462,barueri,SP,1,2017-08-23 13:52:54,164.9,164.9,1.0,233,164.9,0.004273504273504274,0
3823b172dbd6ec254c91d9b6ff2f1e74,3f49b7681de866bd7994878a71f6e97d,88090,florianopolis,SC,1,2017-09-12 00:06:46,12.97,12.97,1.0,213,12.97,0.004672897196261682,0
1dcbfa08476cebf4fee1bc3d400389a9,2b1f21575765fceae832e26bdba2bc16,14024,ribeirao preto,SP,1,2017-03-13 15:49:14,31.5,15.75,2.0,396,31.5,0.0025188916876574307,0
1779d71add5370bdb54259a813133543,941816bc8bf0ba36593c7ff873de3174,16203,birigui,SP,1,2018-04-06 21:24:06,320.0,320.0,1.0,7,320.0,0.125,0
b0c50b7b62fb053d5cc61ac72510db81,fd7efe065bf089bf3d026acaa9f02a0e,21060,rio de janeiro,RJ,1,2017-09-11 16:11:29,69.36,69.36,1.0,214,69.36,0.004651162790697674,0
762e8ea539165da0ae00470a4f8e477e,195a5dead86106de9b898e2d6830b01a,72242,brasilia,DF,1,2018-02-02 17:57:48,23.99,23.99,1.0,70,23.99,0.014084507042253521,0
e30ee9cb305181ee6c6e995c68f37583,6c6c296e1853f83bd38e8b55eddeb2b8,74305,goiania,GO,1,2017-03-16 16:55:28,1199.0,1199.0,1.0,393,1199.0,0.0025380710659898475,0
8d5db117378b874eb1894bbd190f03f6,e0887426e5f891db9992803bdbc505a1,15900,taquaritinga,SP,1,2017-01-25 12:48:49,59.9,59.9,1.0,443,59.9,0.0022522522522522522,0
15f35717f8fc5167d010bdf70a86a45a,2a4fd5807f2912ab0596a468bb514e6e,13880,vargem grande do sul,SP,1,2018-01-18 11:03:24,47.0,47.0,1.0,85,47.0,0.011627906976744186,0
9eb85dfb61032b308cd9dafec6fcb3ee,ccd78f91a99ea36a352433913577d3ad,23580,rio de janeiro,RJ,1,2017-09-30 11:11:25,42.9,42.9,1.0,195,42.9,0.00510204081632653,0
88337e7259fff920f8bb11448c9ee2cd,2f774604b1d18f77ddd477c67bfc2240,90040,porto alegre,RS,1,2017-12-16 13:48:46,144.9,144.9,1.0,118,144.9,0.008403361344537815,0
e76a54bc0d393fd9e7d558e9f981e426,97d80b89a88e9d7a2ac69d164a5ed65e,30170,belo horizonte,MG,1,2017-03-31 16:21:58,159.9,159.9,1.0,378,159.9,0.002638522427440633,0
685ee60a0c6b76661ebb35ec6a5a3a55,db3085b20c88461e17828da9b3d828d8,35519,nova serrana,MG,1,2017-02-12 10:01:47,128.9,128.9,1.0,425,128.9,0.002347417840375587,0
83d91af0a4ef20bdf35482111320f447,5e6ff5789e4d6b6d6f2a801e4da72e7a,4106,sao paulo,SP,1,2018-01-15 09:00:52,174.8,87.4,2.0,88,174.8,0.011235955056179775,0
99c1f06505371e40a1dd4e782cc6fc1e,9dea1bbfcae5c61163626b6100b62792,49037,aracaju,SE,1,2018-02-15 22:44:04,13.65,13.65,1.0,56,13.65,0.017543859649122806,0
56ecd08a6f16747959f7d6dc46d559ed,b96977c98297c1f35980dca464fad4e9,88340,camboriu,SC,1,2017-09-06 00:20:57,119.8,59.9,2.0,219,119.8,0.004545454545454545,0
daf74012e80df98bd7589a26389a44e7,30dae833a0d048ad406899256225a4d2,2478,sao paulo,SP,1,2018-03-05 14:27:58,79.0,79.0,1.0,39,79.0,0.025,0
f129877aa8c01c82350976affcf8d18c,4ef8c9abed919aea3b09218acbf5684d,50790,recife,PE,1,2017-04-06 15:20:14,27.99,27.99,1.0,372,27.99,0.002680965147453083,0
4f82808559a055256519a591e63b776f,0de36b0aa4ec94ffdc34008f6b0c8368,28970,araruama,RJ,1,2017-11-13 10:28:49,229.98,114.99,2.0,151,229.98,0.006578947368421052,0
1dce77c0f8f7a5bd2487cda13f723220,5d338321d8f7d376eee96ab26a9bd046,24110,niteroi,RJ,1,2018-01-14 21:16:55,49.0,49.0,1.0,89,49.0,0.011111111111111112,0
26d53bf7a3a1b1ec564377e78dec1916,998c6405e3b1b15e0f10ca2e8cfadd19,89116,gaspar,SC,1,2018-01-04 16:30:43,193.0,193.0,1.0,99,193.0,0.01,0
dee628e4308cba581d78419dce05b1e9,ef89c781d27561d99c4b90783fde3c57,62790,redencao,CE,1,2017-12-16 19:31:49,119.9,119.9,1.0,118,119.9,0.008403361344537815,0
c691fa8d8cf769ea3b4b02572b606a6b,5b984096a577ce1152ad5858260ec027,45745,ibicarai,BA,1,2017-11-29 10:40:13,155.0,155.0,1.0,135,155.0,0.007352941176470588,0
bf46f5628006409ce5740517ad6506f1,8ef79d985c967673a6b6040cf4770936,28893,rio das ostras,RJ,1,2017-05-04 10:09:36,47.9,47.9,1.0,344,47.9,0.002898550724637681,0
205a1b52104efa306fb9a38c0cffdace,aedfc8d041dcb092b3eb0d1d2fa3cd64,5051,sao paulo,SP,1,2017-09-18 17:54:27,355.9,355.9,1.0,207,355.9,0.004807692307692308,0
67fbf3bfb27abed847924106a7458acc,f6398411d07718fe15057acc390c151e,72115,brasilia,DF,1,2017-03-28 19:29:58,184.0,184.0,1.0,381,184.0,0.002617801047120419,0
f524e3df8cfc7cdbd6c87f756326756d,edbd8bd0f76c21b42d85322f8b703547,22753,rio de janeiro,RJ,1,2018-01-31 23:44:57,31.9,31.9,1.0,71,31.9,0.013888888888888888,0
31fbe11f03bb18977db56fc23e275565,3796be92bdf2d11356c0e92bf2167b2c,5783,sao paulo,SP,1,2017-12-05 13:04:21,34.9,34.9,1.0,129,34.9,0.007692307692307693,0
b7e45e7dbe7999fde2c43437ed74931e,9343b1983b98b641123d716978deb844,12522,guaratingueta,SP,1,2017-11-01 22:27:16,45.9,45.9,1.0,162,45.9,0.006134969325153374,0
1d71abc211d9e085a279414c8c50883d,a2752efebc2d62ed509c9b4b86f2f9f4,93900,ivoti,RS,1,2017-08-30 12:09:29,12.5,12.5,1.0,226,12.5,0.004405286343612335,0
796e122145d49e4242c7f69df20f0aaa,da349a3fad7e11fe849673f52aed7a24,78600,barra do garcas,MT,1,2018-01-03 00:33:26,29.99,29.99,1.0,100,29.99,0.009900990099009901,0
0340b2de09f18a986fea9f26cc7b2d9c,57668c60f87bc896997917dace48bcac,39730,virginopolis,MG,1,2017-05-25 13:07:50,267.0,53.4,5.0,323,267.0,0.0030864197530864196,0
1388eca3c7f75f6038c0d636f9f3b2ca,ae52fa61f27bd494a25bc4c101fa29d0,32670,betim,MG,1,2017-06-06 23:09:15,34.99,34.99,1.0,310,34.99,0.003215434083601286,0
756f996447639ab93df564474cd24124,e463c284db8630df4b805240944d39d1,47800,barreiras,BA,1,2017-08-14 15:36:18,360.0,360.0,1.0,242,360.0,0.00411522633744856,0
9ac96fa3c882ac81d2517a22ea506225,28c08e1e8e52770a73f491eb3a312097,83408,colombo,PR,1,2017-03-25 19:58:04,179.96,179.96,1.0,384,179.96,0.0025974025974025974,0
438494eb27072923f90611c1a83f9a41,eaabb73ed5cdb66c90671bd99e9336ba,3280,sao paulo,SP,1,2018-01-18 19:47:51,159.0,159.0,1.0,85,159.0,0.011627906976744186,0
8e2f6ac5748f3612e7b6662b99f7a7c3,41d0610f2aeb9f45e800054e2641f4f1,69306,boa vista,RR,1,2017-06-07 16:36:57,16.5,16.5,1.0,310,16.5,0.003215434083601286,0
f66f2668857fa2ede0a1d2147fe10bde,7c337b5cbae22f0ecb7b756873e487b9,13070,campinas,SP,1,2017-10-19 10:17:18,119.9,119.9,1.0,176,119.9,0.005649717514124294,0
628fc0c76ede71d2eb3890f876ec85b1,6843a7c5d293e73ab7f65351bdd0c7a2,2855,sao paulo,SP,1,2017-08-25 08:10:43,54.0,27.0,2.0,231,54.0,0.004310344827586207,0
c1e72004ebab4f632d1fd8c7fec05552,4ce8b622942df3bc2d9c8719628079aa,49960,japaratuba,SE,1,2018-01-31 16:28:53,99.99,99.99,1.0,72,99.99,0.0136986301369863,0
fb4d778f6b01565f209b561c9928747b,01c1e31277120e8c6360c6448cbd4c80,63260,brejo santo,CE,1,2018-02-05 20:19:14,89.9,89.9,1.0,67,89.9,0.014705882352941176,0
fae404931d0ce02b3ba34f98c86e3b92,419f63342f21ad180b017ef610bef095,7600,mairipora,SP,1,2018-03-03 11:29:23,76.25,76.25,1.0,41,76.25,0.023809523809523808,0
46898c46b3a1f1a811de916fb77e5659,b06f1e8e724f73b85d691ea983119c41,33880,ribeirao das neves,MG,1,2017-12-13 15:11:03,49.9,49.9,1.0,121,49.9,0.00819672131147541,0
ce1e86a6d856ca200eec30b35ef6f1f6,86826d7419b9a817e604788869d23020,32146,contagem,MG,1,2018-02-20 21:31:57,68.9,68.9,1.0,52,68.9,0.018867924528301886,0
2d5961372f483e6ca5478477d3289a14,37ffc4529f4914b4d8fa628ccf1a422b,29600,afonso claudio,ES,1,2017-09-02 21:35:32,24.99,24.99,1.0,223,24.99,0.004464285714285714,0
4a5e97c2daed37ddfb41657123120899,6a56e8e6c20175d122a962a5e5dfcf5e,87720,paranavai,PR,1,2017-09-04 16:39:25,109.99,109.99,1.0,221,109.99,0.0045045045045045045,0
c2c4da97389cc67625777ddca20faa00,0e1437d1433e8561302ceb1b3b8e3f4f,80250,curitiba,PR,1,2017-07-28 22:00:31,629.0,629.0,1.0,258,629.0,0.003861003861003861,0
6a58b195be76f8ad6544e032b6c7316b,f7ace36f8a10c4b2ede9ea7708e01454,80820,curitiba,PR,1,2016-10-09 12:13:58,72.9,72.9,1.0,551,72.9,0.0018115942028985507,0
299d84d9cf972bb72487b9e76f02eee3,99b026061fefe9ff09cdd0e745a9233e,13043,campinas,SP,1,2017-06-06 17:45:39,159.9,159.9,1.0,311,159.9,0.003205128205128205,0
ed5de0bdaed5e7afbe3fd0ef2a2e6569,4a1e958e2fc7b176c07b3b7fb071a897,53030,olinda,PE,1,2018-01-19 23:15:27,27.99,27.99,1.0,83,27.99,0.011904761904761904,0
c5a81e2f10a9c66383423ecf9319185d,751b0ba6d5501182d136423919615e2c,85570,sao joao,PR,1,2017-09-21 22:00:38,59.9,59.9,1.0,203,59.9,0.004901960784313725,0
e02cd9861f07833a0aa0e073527e81a8,845828df44fa9c7c4be8908c59eada70,85240,mato rico,PR,1,2017-09-20 08:54:48,72.9,72.9,1.0,205,72.9,0.0048543689320388345,0
6b21a323b942df56524b937b5b063953,31c0ba774c4b6f5ffc6190dad6bd6503,17340,barra bonita,SP,1,2018-01-11 16:20:12,508.72,508.72,1.0,92,508.72,0.010752688172043012,0
9f8d30b8c684bbe0947a28248a3887e7,bac3c6884e558760dc56569bbb0b4e92,13201,jundiai,SP,1,2017-05-19 16:57:25,64.99,64.99,1.0,329,64.99,0.0030303030303030303,0
a78420e9bab6abdf4b5a99f890f24a52,5b37e9e7558c9848cdaa8d7e74f579c6,79050,campo grande,MS,1,2018-04-07 21:13:23,14.4,14.4,1.0,6,14.4,0.14285714285714285,0
b0f8e245a39d12379abcc27aea0bb688,9c3274a6235bf31b373a577b82d50d29,32600,betim,MG,1,2017-06-02 19:55:51,109.9,109.9,1.0,315,109.9,0.0031645569620253164,0
35ad814595f534fe564bec2692ae47be,90ca3f3ba0350c025a82b0570eb72918,96310,herval,RS,1,2017-03-20 15:58:31,169.9,169.9,1.0,389,169.9,0.002564102564102564,0
6d55eafc87c38d4ddeba83f97f62cf77,aa7fd117350d1c36b9614a12fec95d42,2310,sao paulo,SP,1,2018-03-09 23:25:28,151.9,151.9,1.0,34,151.9,0.02857142857142857,0
b88234e097f4a1587861e51d3288f500,1ab8cc2e669a428d704ae7374bdf144b,4742,sao paulo,SP,1,2018-01-30 09:57:20,39.99,39.99,1.0,73,39.99,0.013513513513513514,0
29e0e64fe43d5a03a37dc252ba6a1682,46636ae16b16848051748f4358d766ac,37558,pouso alegre,MG,1,2018-01-09 09:21:28,26.0,26.0,1.0,94,26.0,0.010526315789473684,0
abf6ab643b15647ff39d48cb4bfb1019,9d12af31b368c64151ba9f2177d4ea2f,20221,rio de janeiro,RJ,1,2018-02-28 16:44:48,1200.0,1200.0,1.0,44,1200.0,0.022222222222222223,0
ef13317ce9921eab2057cb68fe99a912,a053b33caad9b237f40a312e1dbe7af5,4475,sao paulo,SP,1,2017-11-25 21:55:55,49.0,49.0,1.0,138,49.0,0.007194244604316547,0
fb17e35a1d45d98e720b787b53e9feea,90880137f69a94d76fc185334f7f529b,84240,pirai do sul,PR,1,2017-10-09 14:05:28,43.6,21.8,2.0,186,43.6,0.0053475935828877,0
c468f7532d2c5542841d9d75a254d8cb,13473af264dea0facd893d6516900b22,31140,belo horizonte,MG,1,2017-11-24 09:09:48,29.9,29.9,1.0,140,29.9,0.0070921985815602835,0
23b672646bb77ec71ce0c7f3161bd131,15ac3ac6601f5153ede0908075185e81,36415,congonhas,MG,1,2017-11-24 11:11:58,52.99,52.99,1.0,140,52.99,0.0070921985815602835,0
13cf269afee757997898d939075f59ce,fe18248c7953f426c0781d33a9730998,86975,mandaguari,PR,1,2017-11-26 15:44:00,13.65,13.65,1.0,138,13.65,0.007194244604316547,0
aeb04df5f92479711fd4d147f5a993c3,8362d833c1b53d7c08ff61c9d9932225,20530,rio de janeiro,RJ,1,2017-07-05 13:45:16,31.9,31.9,1.0,282,31.9,0.0035335689045936395,0
3cecfffcfcdbac8b85cf74dfc8a60166,70457f5d80967f5f4083e0cde7e89ab6,70763,brasilia,DF,1,2017-07-22 20:51:26,672.41,168.1025,4.0,265,672.41,0.0037593984962406013,0
21caa667b0f79c15b879b304f8f25e9c,4c98f17933ed33ed598bd7b3b904e8f0,4547,sao paulo,SP,1,2017-04-04 15:50:23,72.62,72.62,1.0,374,72.62,0.0026666666666666666,0
d473db85c392fee4f94c300cf4ddc792,61c58e2a27aacce685979dfc1f8ac424,6328,carapicuiba,SP,1,2018-01-14 20:08:00,47.49,47.49,1.0,89,47.49,0.011111111111111112,0
482e69c01c05f00cef2fad4a24012024,890304713104cab7d6f5d4939babce0c,99711,erechim,RS,1,2018-03-19 21:12:47,59.0,59.0,1.0,25,59.0,0.038461538461538464,0
88d1842f65010040a5a222a756260d64,6799458a73272f25ae39127f1e402dad,21932,rio de janeiro,RJ,1,2018-02-24 17:22:11,53.33,53.33,1.0,48,53.33,0.02040816326530612,0
2dae38555287b3c42938a0688936c53a,572d41d4bcd3c9cefce4aca490ea0343,37500,itajuba,MG,1,2017-01-15 00:01:45,20.98,10.49,2.0,453,20.98,0.0022026431718061676,0
a74f9046c11424a57efb412e278aa175,df8a4a3bd7490ea0c639756f43b8a347,4512,sao paulo,SP,1,2017-07-11 12:17:53,195.9,195.9,1.0,276,195.9,0.0036101083032490976,0
217caae919f80154b36236bc0db9f9b6,f2c279e9a8350bb145cbcd6af2486997,35020,governador valadares,MG,1,2017-08-11 09:12:37,52.5,52.5,1.0,245,52.5,0.0040650406504065045,0
191c6079fd74bb14301873023473bb9b,027c8551b090d915b6c779c7e970ffef,36950,ipanema,MG,1,2017-04-25 15:05:13,18.99,18.99,1.0,353,18.99,0.002824858757062147,0
9e6512d352103b6ecbbfebfe637ab5df,912896c80a51c5001946a8090f566c23,40170,salvador,BA,1,2017-12-30 16:52:49,235.92,235.92,1.0,104,235.92,0.009523809523809525,0
2dc678eee633bd28a1552820a8fa6b26,5d076f221949d5d83dd93c1a4ad8a483,32673,betim,MG,1,2017-10-18 08:46:18,165.0,165.0,1.0,177,165.0,0.0056179775280898875,0
902da30d27a7563502da22b47f9f48a8,57ea217386768549042deb1a19ee7202,90110,porto alegre,RS,1,2017-11-25 19:27:31,69.0,69.0,1.0,139,69.0,0.007142857142857143,0
c142fd8186cfdd8c1ef9957f24a419fe,41b3ab6b1f95cbd2afb361e852a56917,5617,sao paulo,SP,1,2017-09-06 09:58:22,25.0,25.0,1.0,219,25.0,0.004545454545454545,0
4516d9bb34161f0c224eed49b1e0aee2,847776bc437d1904d40a502fd7c982b4,18682,lencois paulista,SP,1,2017-07-12 13:15:37,36.9,36.9,1.0,275,36.9,0.0036231884057971015,0
ec05463bee705c8b30f418e28a9c0083,937a6d7a4fc9c98525b2300802aceeb3,88102,sao jose,SC,1,2017-06-11 20:27:59,329.9,329.9,1.0,306,329.9,0.003257328990228013,0
24e735f8e286da301a91d26b847530b6,d418652394828c09dcd56cac7a26ae12,70387,brasilia,DF,1,2017-04-26 16:51:34,199.4,99.7,2.0,352,199.4,0.0028328611898017,0
7d79f5b2624829ec42de13f0f661ac04,110c92b3ca77c35e4bcc1c42ae094af8,58980,ibiara,PB,1,2017-07-08 19:14:46,278.0,278.0,1.0,279,278.0,0.0035714285714285713,0
862c73c7b3989c2ceb05f091745a16ca,d07b6a47b7d914e6842629e9a20a7ffd,36985,chale,MG,1,2018-02-23 22:51:45,53.9,53.9,1.0,48,53.9,0.02040816326530612,0
91bb51bb101920d40690c2275e630cf1,15e7e4d87c7e7efd6a32b9dc8704d675,79041,campo grande,MS,1,2017-03-09 10:49:48,113.0,113.0,1.0,400,113.0,0.0024937655860349127,0
3fb83e207757e8f15ff70d937c86929b,334deb4a736eacb94c6305e4e8278d54,38735,cruzeiro da fortaleza,MG,1,2017-01-24 09:24:11,79.9,79.9,1.0,444,79.9,0.0022471910112359553,0
6b72578e91bbfe3fbe8dc198c4d8312d,ec8aed94b28577233fca03fec2567c4c,6182,osasco,SP,1,2017-05-03 23:34:55,29.9,29.9,1.0,344,29.9,0.002898550724637681,0
8a70aa71714e9dacc4dac1a4c4b336b9,8ec7c3f5fc32980576acba1a45289133,87200,cianorte,PR,1,2017-05-15 09:49:01,39.9,39.9,1.0,333,39.9,0.0029940119760479044,0
997b756a4a3c8cb582152647c7dd57c9,afc400a201303b0b8b2d3150f316556b,18081,sorocaba,SP,1,2017-11-14 15:00:26,13.99,13.99,1.0,150,13.99,0.006622516556291391,0
15fc8e622a91144dccf887fa5525c3b4,c988628b7bc5d9c645eb7a3a66f31b46,30190,belo horizonte,MG,1,2018-02-26 21:10:57,53.0,53.0,1.0,46,53.0,0.02127659574468085,0
7b6b52357ea318f79f31e816bb6a98e9,9edac7d8bdeeaa1858ad6d6d34bbd252,31565,belo horizonte,MG,1,2018-02-05 09:24:21,59.0,59.0,1.0,67,59.0,0.014705882352941176,0
80f70f0ca0bcd19bf71e848e51206d68,5ec6ec6338fe161e42b765f5ded9d69c,29182,serra,ES,1,2017-07-12 18:45:24,75.0,75.0,1.0,275,75.0,0.0036231884057971015,0
98c84ee0626307cc9c548753a33b7ad8,662be5ff1d471ad3ae46de88ebf96bcd,3642,sao paulo,SP,1,2018-03-18 14:24:34,19.5,19.5,1.0,26,19.5,0.037037037037037035,0
cdbc634c11939aa969432f57aa566414,f85ab47b8e8c39b7e0f6f941d727e3ab,31950,belo horizonte,MG,1,2017-03-16 10:38:02,24.9,24.9,1.0,393,24.9,0.0025380710659898475,0
ea58ba76f07c7e170630ae1ef2c7b66a,f2acfcdc8a8c0c24db90cf7a71eb9d05,37504,itajuba,MG,1,2017-02-21 21:50:47,969.0,969.0,1.0,415,969.0,0.002403846153846154,0
75abc7c1601fdd71de4172156e87081e,4fd547931d9be10d53bca186d83af2e5,5568,sao paulo,SP,1,2017-10-15 20:20:56,50.0,50.0,1.0,180,50.0,0.0055248618784530384,0
978ab92450ae467eee081d04e8b665bb,1aaec8552fc6ad98536f506aa9b56074,13152,cosmopolis,SP,1,2018-01-22 12:26:53,124.99,124.99,1.0,81,124.99,0.012195121951219513,0
7122c24d3c0eff23bbea46f485fa0d66,93efbb67e62b113be8bd07519b65545a,62685,paraipaba,CE,1,2018-01-11 17:03:35,129.0,129.0,1.0,92,129.0,0.010752688172043012,0
df55c14d1476a9a3467f131269c2477f,da122df9eeddfedc1dc1f5349a1a690c,28970,araruama,RJ,1,2017-04-01 15:58:40,4799.0,4799.0,1.0,377,4799.0,0.0026455026455026454,0
6c19b963865a774d1b04973983b97f72,9f69959e5046cb9902a60a8519575632,27260,volta redonda,RJ,1,2018-01-27 21:00:21,249.0,249.0,1.0,76,249.0,0.012987012987012988,0
39261fec306b283a5bced88361e4693d,0a7dc55f42bb74c643b846296af163b1,4734,sao paulo,SP,1,2017-11-09 12:05:32,11.97,11.97,1.0,155,11.97,0.00641025641025641,0
2254b94e0f630fbf407e03563b0747c5,0ecb7751a7060a4fa039126fd7c30323,11680,ubatuba,SP,1,2018-01-21 16:34:52,49.9,49.9,1.0,82,49.9,0.012048192771084338,0
8e1207f98d75cb9596e584860409c1d8,23d7011ee3b2d9f4a392b72077522fcf,78450,nova mutum,MT,1,2018-01-05 15:19:59,166.99,166.99,1.0,98,166.99,0.010101010101010102,0
b2f930a6508108d4a877ceb27a66ff77,6af912a2dee1caa36c9688653fe0666b,98290,condor,RS,1,2017-02-12 21:19:29,98.0,49.0,2.0,425,98.0,0.002347417840375587,0
56d9e13e6894b123c090a253757182a3,71b6cdf99467e93ff456a368eb86900b,55170,brejo da madre de deus,PE,1,2018-02-03 10:27:19,105.0,105.0,1.0,69,105.0,0.014285714285714285,0
3a736406a4d0c12b3b248f4af6dba673,5a1471c590fdac5bd3e37208d724357e,82820,curitiba,PR,1,2017-05-08 20:21:05,39.9,39.9,1.0,340,39.9,0.002932551319648094,0
530103ea67e6552ec7b5875c1a7a8929,31d6e3887639866734a77bc1b80d3528,39330,brasilia de minas,MG,1,2018-04-03 09:01:55,13.65,13.65,1.0,10,13.65,0.09090909090909091,0
a148326eadacadc17eb9594a5617ea83,5b0e2bccd0f417ce8f42abfe9685be2a,23071,rio de janeiro,RJ,1,2017-10-05 20:26:25,99.9,99.9,1.0,190,99.9,0.005235602094240838,0
045d1980b25d907232ab04bab9299c82,8d1a2e101cf7b1718f7a0193cd9e3cb6,26060,nova iguacu,RJ,1,2018-03-27 16:37:34,264.0,264.0,1.0,17,264.0,0.05555555555555555,0
3ff9a0ff4d3f31c042b67356615d82f9,e70860197c087e03faa63e22638b5bac,89258,jaragua do sul,SC,1,2017-02-10 19:44:25,89.99,89.99,1.0,427,89.99,0.002336448598130841,0
a4919677ea2d5b947bb5a582c0bc7e39,24a14f6181bac6d4aa42d18d2cd366cc,5044,sao paulo,SP,1,2018-01-16 16:36:09,62.8,31.4,2.0,87,62.8,0.011363636363636364,0
d003364cdc8beb1c87e73780d7fc9d13,4b57a7d0dc718eeb5ceb5d75f46e2f76,22710,rio de janeiro,RJ,1,2017-09-11 13:19:46,39.9,39.9,1.0,214,39.9,0.004651162790697674,0
f24242f44914c2af7b95dead241c4830,7acadf6b49418ee3fb7df43abe1eb8ac,88215,bombinhas,SC,1,2018-01-12 12:29:08,98.99,98.99,1.0,91,98.99,0.010869565217391304,0
e75f582835be082b8ead72b1c7231f72,3ed85f84310c51f137c349c564a8003e,29230,anchieta,ES,1,2017-12-05 19:43:24,89.0,89.0,1.0,129,89.0,0.007692307692307693,0
df97921197ef7add5cf3d5059b7f1160,a5a9d27465e5ad9ce3087693bfa67240,3121,sao paulo,SP,1,2018-02-18 19:21:35,99.9,99.9,1.0,54,99.9,0.01818181818181818,0
541e9e847262fc7a495e3e595195d693,1d72aaec15863f7532b2dbf4a5c4247d,13565,sao carlos,SP,1,2017-04-02 20:13:33,329.9,329.9,1.0,376,329.9,0.002652519893899204,0
ede9a1daf58d256c0d648ef7e1479010,90b68b6163beccc6f471d64de5258367,28613,nova friburgo,RJ,1,2017-01-16 13:01:51,79.8,39.9,2.0,452,79.8,0.002207505518763797,0
3898ff50da10264026af32549f7fb3b0,e47e3ecbe9ae12ecbfc5651bd62d7733,22790,rio de janeiro,RJ,1,2017-12-04 15:08:11,99.9,99.9,1.0,130,99.9,0.007633587786259542,0
f8973afdc844e2b56c90aa9a714d6956,ed0e6df30bce87c1fcb8335489c5fc68,29943,sao mateus,ES,1,2018-04-02 16:09:38,69.9,69.9,1.0,11,69.9,0.08333333333333333,0
f33b127cad2e1ad3d33db4df72ebd159,03f3956529aac8ab54669986dbccdea5,70316,brasilia,DF,1,2017-11-24 13:10:02,714.3,714.3,1.0,140,714.3,0.0070921985815602835,0
9f547d6d74fbd8d1e47e5639d14ac7fe,3cdb4244d56278a8c870084834a8df54,23032,rio de janeiro,RJ,1,2018-03-06 11:39:05,90.0,90.0,1.0,38,90.0,0.02564102564102564,0
7b3307e35fbe738232601b7b7e8048ff,a0ffb61ea319bb0697f8062ba7e93f4d,4022,sao paulo,SP,1,2017-10-21 20:46:39,249.99,249.99,1.0,174,249.99,0.005714285714285714,0
1d47a5754e0491baeacb09c0f7bd180c,c188a8a811a853422ad4205ad5fa0413,8110,sao paulo,SP,1,2017-06-08 16:46:35,18.99,18.99,1.0,309,18.99,0.0032258064516129032,0
86b2c88f97d0b9b421b8bd62be63faae,f241f18620cd0c97dfa5ec3754d6eb1b,66093,belem,PA,1,2018-01-02 22:59:30,39.0,39.0,1.0,100,39.0,0.009900990099009901,0
3cde50513c06747ac11d313adc3e18dd,b84dbaedbe3ea55d7cc0894fbea73910,3911,sao paulo,SP,1,2018-01-06 20:19:04,219.78,109.89,2.0,97,219.78,0.01020408163265306,0
501e5b016fc09bda702e55fec5be78dd,0f69b4a32db912773a707dcf9659450c,9530,sao caetano do sul,SP,1,2017-01-17 00:16:14,290.0,290.0,1.0,451,290.0,0.0022123893805309734,0
0a978c825ff7d013133ddc7f77566172,dc9431e47beadfe1188b67bec3717969,60710,fortaleza,CE,1,2017-11-30 13:31:08,41.9,41.9,1.0,134,41.9,0.007407407407407408,0
af990140f8d86900f33c6d996b9eeae4,2547283317d281985564ea23e6fd0ffd,60135,fortaleza,CE,1,2017-10-31 23:50:58,135.98,67.99,2.0,163,135.98,0.006097560975609756,0
f44b3055bdec3b3f0dad474eb14f83c7,1c8518aa5d014960d04a7de420c97aaf,6515,santana de parnaiba,SP,1,2017-08-17 17:36:22,625.99,625.99,1.0,239,625.99,0.004166666666666667,0
9aba1be6a33b379bcc4da86e75b731d3,71b8dc9ce21a7ca5344bde166e117c9f,23575,rio de janeiro,RJ,1,2018-03-07 20:21:18,22.9,22.9,1.0,37,22.9,0.02631578947368421,0
d1ea8164411774eb6b46718f894eaace,8d2fb66164a84b76626513d628bee2da,20031,rio de janeiro,RJ,1,2017-10-16 10:31:44,1437.0,1437.0,1.0,179,1437.0,0.005555555555555556,0
aeb580cdb23cf46633b27190611d7844,ce82b942c888963b8b245169ab485e37,87020,maringa,PR,1,2017-11-12 20:32:49,56.97,56.97,1.0,152,56.97,0.006535947712418301,0
f30c4202fba22ee2b49b2af16767b380,457db8fb18e448a5dce85d3971495099,80050,curitiba,PR,1,2017-08-28 00:17:53,32.96,16.48,2.0,228,32.96,0.004366812227074236,0
4fbd4b0638090bdcac4bd0a0add76ed5,4666f784ff8095e0c13004e1737ad184,4025,sao paulo,SP,1,2018-02-02 19:46:27,29.9,29.9,1.0,70,29.9,0.014084507042253521,0
5f0662b2fbb42916fefe7f829ccfbd99,bff81abd61e34bf741b0f590f2cd72a2,38055,uberaba,MG,1,2017-04-02 18:52:07,69.9,69.9,1.0,376,69.9,0.002652519893899204,0
dc1f783ac937326cdee2b4d99c366d46,d446b141e1b047be0ea9605fc4e06a5d,89140,ibirama,SC,1,2017-11-16 12:34:01,59.9,59.9,1.0,148,59.9,0.006711409395973154,0
f93df0428349b10970413433e6aa5d6b,02ac2bb64dac05fb338809262ff33a49,27600,valenca,RJ,1,2017-03-24 22:12:48,69.8,34.9,2.0,384,69.8,0.0025974025974025974,0
17084ed39947b199ababfe28c0044b39,881fadf40e765beb9dba633791d07159,22441,rio de janeiro,RJ,1,2017-08-11 17:17:17,91.9,45.95,2.0,245,91.9,0.0040650406504065045,0
def8a94426e0c4056edba77cd10b8159,9876a964f3d55f09c07ab2f9d52601df,85501,pato branco,PR,1,2018-03-20 07:41:45,19.9,19.9,1.0,24,19.9,0.04,0
8cad893a6771fcbf107ffedd147bc71d,8f1c1b28cf191abb48fca6ec32155e93,13425,piracicaba,SP,1,2018-02-06 07:02:11,59.99,59.99,1.0,66,59.99,0.014925373134328358,0
d43f51543fb5e83578f7ce4f13fc49c5,a7ed3530470d69aa8cd5ff6e072e7f4a,29055,vitoria,ES,1,2018-02-19 15:20:06,43.9,43.9,1.0,53,43.9,0.018518518518518517,0
50c065ad9fbbc477d28bbb56dcb61600,32bd7fa6d305e3c9a073ec9f2c5a49ad,39530,rio pardo de minas,MG,1,2017-04-25 21:33:39,129.99,129.99,1.0,353,129.99,0.002824858757062147,0
98153d5b1cde47994c69ad02de498d26,890428d68645fb2cbb42bc2e46ac2241,71694,brasilia,DF,1,2017-01-28 21:22:15,869.0,869.0,1.0,440,869.0,0.0022675736961451248,0
018d655fe703cb7b56ee34f117429789,1dfbe9b49e39fd37c822347870ad76c9,11040,santos,SP,1,2018-03-19 01:56:52,123.0,123.0,1.0,25,123.0,0.038461538461538464,0
77dccd21b005b20fc1f1418c979ca354,9fb86d78b0db13b64af3089329149fd5,71645,brasilia,DF,1,2018-03-07 16:42:57,74.78,37.39,2.0,37,74.78,0.02631578947368421,0
bb29d68e8170d6917599ffb4b929486d,dd967372b706e675beac710e7d4c5484,88840,urussanga,SC,1,2017-11-29 10:09:16,115.0,115.0,1.0,135,115.0,0.007352941176470588,0
8d09dc54480f245a3f60ac491bbc2cdb,4702945c3b363dd3a5d1cbe913cc95d2,71916,brasilia,DF,1,2017-10-11 13:36:30,35.8,17.9,2.0,184,35.8,0.005405405405405406,0
438a48b70a56b65897fa3c42563ecde7,4ca44b6cd74f5f02ea19a7e2c1fc4444,3572,sao paulo,SP,1,2017-08-21 13:43:28,43.9,43.9,1.0,235,43.9,0.00423728813559322,0
ca1cdd20afd582a805c787951ba0a30a,fa7742512a1082c1223e467a3f038b41,30770,belo horizonte,MG,1,2017-03-15 17:15:12,79.0,79.0,1.0,394,79.0,0.002531645569620253,0
afb7c64474a22bed93447022809af886,2b48590aa71b8482605b133a3fa65b59,7500,santa isabel,SP,1,2017-10-08 09:22:19,0.0,0.0,0.0,187,0.0,0.005319148936170213,0
968ce67a6406f9ce7d36c002b9a018f4,9b35de471677095813ac9de9f09db232,96010,pelotas,RS,1,2017-08-05 20:56:21,56.99,56.99,1.0,251,56.99,0.003968253968253968,0
956f92f85ef93e5464e0a4e80a51d9ec,5cbb4434b22b272315655de6df0fcd27,15950,santa adelia,SP,1,2018-04-05 07:46:23,190.0,190.0,1.0,8,190.0,0.1111111111111111,0
732272e96e63085706cd8920ca92faf7,1ed352843641a9bc726c922805742889,32684,betim,MG,1,2017-12-08 22:48:37,81.9,81.9,1.0,125,81.9,0.007936507936507936,0
76bfea016507d7d9c85ebee70f9f257e,cd11a0920c498edb1da9ecd2d31aa599,8390,sao paulo,SP,1,2017-10-22 22:09:03,17.9,17.9,1.0,172,17.9,0.005780346820809248,0
31a8f6d679715fe19892aef333993c5b,f81b8f53cb470ec7176b5a56fcf40606,88036,florianopolis,SC,1,2017-04-29 09:57:46,29.5,29.5,1.0,349,29.5,0.002857142857142857,0
f28f26eb918e84f08cc0934f23d08ff1,9a364f4958e8576bc20ab141a760a18c,1307,sao paulo,SP,1,2017-11-14 09:17:29,83.23,83.23,1.0,150,83.23,0.006622516556291391,0
660ca825143d9c95d6c9e88b80bfa6c6,6300bc55fc0edb7f2623cddf51ba7502,83708,araucaria,PR,1,2018-01-11 08:30:28,29.9,29.9,1.0,92,29.9,0.010752688172043012,0
0a80c615ad59007c4745f7b74a9759c5,a4b2fd32d91063b821961ac5fb4dcf8a,21540,rio de janeiro,RJ,1,2017-11-11 14:47:09,388.5,388.5,1.0,153,388.5,0.006493506493506494,0
5ff12b5d7429e2bfde8594ee4ebf0ab0,73a229f5f1038f3106643f4a4288402c,26900,miguel pereira,RJ,1,2018-03-07 09:55:02,29.98,29.98,1.0,37,29.98,0.02631578947368421,0
3dc99b2fcf41c0898cfc7f38c2fefe5e,970e5961383615662043afa2d9c68802,30880,belo horizonte,MG,1,2017-06-18 10:26:33,89.0,89.0,1.0,299,89.0,0.0033333333333333335,0
0a70df00420916bdd44e37bfdcc0d5b5,a24587c47d40ff560266576b543d16d8,13360,capivari,SP,1,2018-01-23 22:24:55,74.89,74.89,1.0,79,74.89,0.0125,0
0efdf64a4ce7cdf1560f30c1aaf777db,82554380744204d9f429b1bcb3f6024d,35588,arcos,MG,1,2017-12-18 15:04:49,119.9,119.9,1.0,116,119.9,0.008547008547008548,0
4e6fa8b8cc0033fd4dcf040a26f8c72a,4b35bd95d806196b9942b9e966d0e7ee,89253,jaragua do sul,SC,1,2017-11-16 12:55:09,29.9,29.9,1.0,148,29.9,0.006711409395973154,0
07b7a2a5a3ebe3920967901fd96c0a5f,34adb50767b04238054ca1f76ceabe58,9688,sao bernardo do campo,SP,1,2017-11-13 12:05:59,166.99,166.99,1.0,151,166.99,0.006578947368421052,0
05a9e7f2eb9b68b7b7a74696782af52b,09c6a4fcd6627d39d373e22df24b54a8,28070,campos dos goytacazes,RJ,1,2017-09-13 17:23:32,149.99,149.99,1.0,212,149.99,0.004694835680751174,0
6e58debec4d82dd7dbdc9efdaa2bc43a,1d7f4a786618ec8e4aaa51733bc96dba,70680,brasilia,DF,1,2017-09-11 17:58:12,39.9,39.9,1.0,214,39.9,0.004651162790697674,0
3cf85202261badd2a310a9add67b7cce,efa386c68ee843c10ab73a3f506b8f7c,19280,teodoro sampaio,SP,1,2017-11-08 22:53:22,20.3,20.3,1.0,155,20.3,0.00641025641025641,0
6608a051ed8bb2a7d20e11032af0ae5a,39222adaf3afa52f9d914fd23aa9096e,20230,rio de janeiro,RJ,1,2017-10-09 20:14:46,450.0,450.0,1.0,186,450.0,0.0053475935828877,0
8a3da20a6b870824cb0ee7be8d43732f,4849ff70879b0e1e161d2aa628d62a69,13216,jundiai,SP,1,2017-11-15 16:48:17,79.0,79.0,1.0,149,79.0,0.006666666666666667,0
10bf0b019a1b776b9a90629397367ade,cf3a48cdbf871cceb64d79381ca4ede0,4517,sao paulo,SP,1,2017-03-23 16:47:15,141.9,141.9,1.0,386,141.9,0.002583979328165375,0
fb8ac10d5e8b76988d085ca9f7c01759,d3bab55c464bb4112984724ab47416ed,5265,sao paulo,SP,1,2017-03-26 20:04:35,28.0,28.0,1.0,383,28.0,0.0026041666666666665,0
b05b1fd9c1286fb36afa6b757c8607ba,5bd7cb3c37bc312786b7b16d99074356,89600,joacaba,SC,1,2017-10-01 19:09:29,44.9,44.9,1.0,194,44.9,0.005128205128205128,0
c434f0f090750e2947398421305ad055,e88e7b4703fbf9a5d3bd1ceaf2a1c825,97670,sao borja,RS,1,2017-05-28 19:15:41,29.9,29.9,1.0,320,29.9,0.003115264797507788,0
568b842cd1debf5c70b350e7fa0b1a1b,3bcd58ceb449c6e79a2fe432fcdac908,81580,curitiba,PR,1,2017-12-27 10:25:49,31.49,31.49,1.0,107,31.49,0.009259259259259259,0
2441a0481b3df45bfabeee5e7567b5eb,6880eb65d837ce509efac44a27d5d96c,18990,canitar,SP,1,2017-09-19 12:19:57,157.91,157.91,1.0,206,157.91,0.004830917874396135,0
180c7a296ff543e42cdb420d915588c7,36dac4b081149eb05a1cebb622cde2a7,64053,teresina,PI,1,2017-02-03 13:32:11,24.9,24.9,1.0,434,24.9,0.0022988505747126436,0
3a47005be3c2748d25859444f49b0048,0e1990d494dc3c1a2f5fca4b56c35a4c,35170,coronel fabriciano,MG,1,2016-10-05 20:36:39,30.97,30.97,1.0,555,30.97,0.0017985611510791368,0
63245dac879daaff3b3a4e5e6f5946aa,e4419ca71e493f57fce5809d2039e9ba,13607,araras,SP,1,2017-10-04 16:29:59,49.89,24.945,2.0,191,49.89,0.005208333333333333,0
3efca0204e57fb8a63a96188d66f3891,3768f360e396c0a944ccfb76b5b39bbc,23092,rio de janeiro,RJ,1,2017-12-04 21:21:14,499.0,499.0,1.0,130,499.0,0.007633587786259542,0
4ec0d2cb28f8990b106ace8fe8b80cd5,5fdda6aed5afe91b789efcce90de5edb,12995,pinhalzinho,SP,1,2017-09-20 15:29:33,75.5,75.5,1.0,205,75.5,0.0048543689320388345,0
035fdb541390672b9938ad46570dad75,7fc3cdf9b7da8a526fde4bf5368d73c6,41195,salvador,BA,1,2017-03-20 14:39:19,139.85,69.925,2.0,389,139.85,0.002564102564102564,0
c6dafa651522bb3afcb52a2b558f3236,740075865af950b7f052f3cd7303241c,48485,satiro dias,BA,1,2017-10-31 13:15:31,24.5,24.5,1.0,164,24.5,0.006060606060606061,0
f9b37f6a2591a3a3ee8ebbb20196d71d,6a73ed08af9ee3b724f250866c331e48,85935,assis chateaubriand,PR,1,2017-05-08 19:11:43,49.9,49.9,1.0,340,49.9,0.002932551319648094,0
bc0268fa49c936b8257b4deed2ddf341,601939a99fb9b09770238774701505aa,23520,rio de janeiro,RJ,1,2017-11-02 21:17:47,99.99,99.99,1.0,162,99.99,0.006134969325153374,0
ff321454b4ea8fda58a0d3a0ab2609cb,fcaeda59a0f0b54a72bd3c1aa65b11fb,12906,braganca paulista,SP,1,2017-05-29 23:13:05,89.9,89.9,1.0,318,89.9,0.003134796238244514,0
6318e5484de466af8092d9d252c3d6a2,22e1c91dcd5b19577d6db6257ee8b647,38443,araguari,MG,1,2018-03-29 22:59:32,139.99,139.99,1.0,14,139.99,0.06666666666666667,0
367163bdcc25d2ab5b6748c0068e0e32,f702d3ff30b8cf5083af2bf140043067,30421,belo horizonte,MG,1,2017-01-24 14:23:45,25.0,25.0,1.0,444,25.0,0.0022471910112359553,0
0a209a88c2e3dc2981c79ad85c558059,895617ab63a9ad8881d9470f7427cd25,80540,curitiba,PR,1,2017-10-05 19:23:16,2999.99,2999.99,1.0,190,2999.99,0.005235602094240838,0
f1913159750548eb81dca4b69fbd5e0c,4a14b609b6f73d9ac7abd73d0ee9167c,52021,recife,PE,1,2017-11-23 15:21:55,139.99,139.99,1.0,141,139.99,0.007042253521126761,0
ccd29dc7fdb34938b17b1edb309f4144,399733f05d064f607644340371825948,6396,carapicuiba,SP,1,2017-03-08 21:48:05,66.99,66.99,1.0,400,66.99,0.0024937655860349127,0
ec4f0c1a966fa191a5ce04755a019dfe,1f44907a2615e6d9867807d8bb2fa694,13223,varzea paulista,SP,1,2017-05-21 07:57:40,229.0,229.0,1.0,327,229.0,0.003048780487804878,0
5e314ae29121bbbcd0e1480d21211017,8ddf73854bce3c19ed1205565ca403bf,4911,sao paulo,SP,1,2017-11-25 09:55:39,84.9,84.9,1.0,139,84.9,0.007142857142857143,0
8b17c3136acaa0d568207f282c9434e3,a09906dd85f5e7618f20601b97ef3d4a,11035,santos,SP,1,2017-04-20 18:39:41,49.9,49.9,1.0,358,49.9,0.002785515320334262,0
5d70320029286b786d50336af0fc26b7,115ea2edb390500f3e6110d8ba288d41,8555,poa,SP,1,2018-01-13 11:16:04,44.9,44.9,1.0,90,44.9,0.01098901098901099,0
1368039bfe97fbfba5f35b31d710ff21,c7e227dab6ec362147078d9cb4e2af63,21770,rio de janeiro,RJ,1,2018-03-24 14:33:17,299.99,299.99,1.0,20,299.99,0.047619047619047616,0
1ed0b85dac00765f5ada1d0b4d672f4a,2ec64d8d386cde3ff78089964a5ccc11,81550,curitiba,PR,1,2018-02-11 03:03:18,97.9,97.9,1.0,61,97.9,0.016129032258064516,0
94736ebf57b9caceb018f767340a8f59,1c9beaea36b8b6f2e959b7b46094747c,9660,sao bernardo do campo,SP,1,2017-03-13 14:31:08,349.99,349.99,1.0,396,349.99,0.0025188916876574307,0
e5fbe24aa488ae15c28edef16efd1a4c,722f2e40c3daf3ea25f5533d3067d0d3,15385,ilha solteira,SP,1,2017-02-26 14:14:18,6.0,6.0,1.0,411,6.0,0.0024271844660194173,0
95129f5993ceb68c165a5d9be08c1926,e40e7d0ef640e2610a16944557d8b32a,12215,sao jose dos campos,SP,1,2017-04-12 16:39:44,69.9,69.9,1.0,366,69.9,0.0027247956403269754,0
7da87052aa6724fa500e8c22e3f9aa00,82abbdc19e04ff27ed53a83dbc780345,35162,ipatinga,MG,1,2017-06-20 09:22:33,66.89,66.89,1.0,297,66.89,0.003355704697986577,0
4bec36f049ff3fbeaca9ecafcfd3baaa,cd3f3bba0eb759e04a4c37abaa9bd9c8,37810,guaranesia,MG,1,2017-09-24 22:09:17,55.9,55.9,1.0,200,55.9,0.004975124378109453,0
4cd4385c6ceedefe721666249895d5b7,9e9e2a8949bc17bbcdeb154d907f411e,20021,rio de janeiro,RJ,1,2017-12-05 17:16:48,59.0,59.0,1.0,129,59.0,0.007692307692307693,0
3d4b571062a7bb528ced4e8e11f095c0,5ec0a4b5c5c7ea2a5b62f97f746bd4e3,68515,parauapebas,PA,1,2017-06-01 10:10:24,230.0,230.0,1.0,316,230.0,0.0031545741324921135,0
0229d7450ba7ceb9aee1e3fcc74f7dee,b9128514e102f40787b83ba482a44fae,14801,araraquara,SP,1,2017-05-04 19:27:18,269.9,269.9,1.0,344,269.9,0.002898550724637681,0
7fe9ea575758e6ab4e34b67eb1015c48,e35c63c8d0151482f0b9d4743c678aa9,13481,limeira,SP,1,2018-03-07 21:39:17,30.0,15.0,2.0,36,30.0,0.02702702702702703,0
10f9523277057450c5c9fba7adfde3ec,ab12053bfc5357ff58ac49dbf80c9fec,59500,macau,RN,1,2017-08-31 12:48:53,119.9,119.9,1.0,225,119.9,0.004424778761061947,0
51edd3e2ce3240854fe38ea1a71883e1,3980fd09827533d2afff3a21f1d690c4,29100,vila velha,ES,1,2017-10-14 17:07:44,299.0,299.0,1.0,181,299.0,0.005494505494505495,0
b33f12eb84ce2fd376a58202dcbb8a67,b7549e5ac3f748f89a217d25c16282a3,5633,sao paulo,SP,1,2017-09-22 23:13:00,153.0,153.0,1.0,202,153.0,0.0049261083743842365,0
afc92b5c6073340256875a4e1dc3d7a8,11e3a47c633c2d17e89e0626114582a5,29148,cariacica,ES,1,2018-01-10 22:25:01,29.5,29.5,1.0,92,29.5,0.010752688172043012,0
6ec09f6887b146bb77c576f4f07c6f1d,e971d6d470020bc53ec7698aa4475665,4823,sao paulo,SP,1,2018-02-02 00:35:13,155.0,155.0,1.0,70,155.0,0.014084507042253521,0
6b6ce6c8cd50fb6696add6fdecb1a574,fc2c366770ab05b0e97ce7e59b293fbe,11990,cananeia,SP,1,2018-03-12 13:30:51,109.99,109.99,1.0,32,109.99,0.030303030303030304,0
40ace4550b2427f298fce14235349f25,cc3a211cebe0b800145520aa1b44082a,35960,santa barbara,MG,1,2017-02-15 07:51:32,50.0,50.0,1.0,422,50.0,0.002364066193853428,0
02193de2a9880973fdeb02923eb5fffd,dd6ca4bccbd21803d32139af5b908fd7,71916,brasilia,DF,1,2017-09-14 16:18:12,44.9,44.9,1.0,211,44.9,0.0047169811320754715,0
cc991d49b1c85603387b0e1f16c57474,5610b0083f65fb633e300f6a55916292,39615,ponto dos volantes,MG,1,2018-02-19 14:02:29,19.5,19.5,1.0,53,19.5,0.018518518518518517,0
475eec32deae43c1479b18acc1f7781d,6b1b4cf479c558a8e050b249b9ecbd8e,6700,cotia,SP,1,2018-01-05 17:14:30,46.55,46.55,1.0,98,46.55,0.010101010101010102,0
70aecb98ec965a174733a3021c64373b,c91448f47e0a9b26a001d6805b4fab0f,97050,santa maria,RS,1,2017-12-06 09:41:25,61.9,61.9,1.0,128,61.9,0.007751937984496124,0
5e08b0deb0e41e0e43823ddd9d33ef10,28931bf387333c768da12908d7427426,25035,duque de caxias,RJ,1,2017-03-11 15:57:43,23.9,23.9,1.0,398,23.9,0.002506265664160401,0
aa52a4e93942568d204f25e5d3180d4e,36d0c51cc6a671853274e69f1929cd0d,6770,taboao da serra,SP,1,2017-05-30 16:24:53,89.9,89.9,1.0,318,89.9,0.003134796238244514,0
b0841b9f20c317181a978f2a2c856755,10a1917a9db133c752a9457150af259b,21760,rio de janeiro,RJ,1,2017-06-11 14:33:01,129.0,129.0,1.0,306,129.0,0.003257328990228013,0
039e439f9f8a9601b617aaf7168202fd,4e9f806edc28d18aa8faff97f3fc15c1,45055,vitoria da conquista,BA,1,2017-02-24 16:09:19,115.99,115.99,1.0,413,115.99,0.0024154589371980675,0
51438ab3adcedb8f8c5b9e860f6d57f6,bd4174fe2e76f6818b913f6dac96b49a,4235,sao paulo,SP,1,2017-03-10 18:29:46,79.8,39.9,2.0,399,79.8,0.0025,0
12d891f44ebd942b629fd4e0916e9e34,dddc4e88313ca50c8937e673154e365d,89251,jaragua do sul,SC,1,2017-05-27 14:01:19,8.99,8.99,1.0,321,8.99,0.003105590062111801,0
7b821c645166a6c605f622bc92cb4864,7533cf68f410e996dc4504e5ca1e8fd5,3687,sao paulo,SP,1,2018-01-29 18:40:59,49.0,49.0,1.0,74,49.0,0.013333333333333334,0
5a27c4b3d09df0195d99628b576c621f,1b66e3cf11c1ee85b0f7081dbc023a0c,82720,curitiba,PR,1,2017-12-06 17:30:05,28.9,28.9,1.0,128,28.9,0.007751937984496124,0
3965165ab8b8cf34df2fb0a088492e5c,faf0eecd36391f00abe23fc98e738ad7,37968,monte santo de minas,MG,1,2017-09-01 07:59:19,46.0,46.0,1.0,224,46.0,0.0044444444444444444,0
1c6e766d755506bb1e7a7dfc0fe44bea,8a765fef5eeb1034ea1177b1d8463fa5,1520,sao paulo,SP,1,2018-01-02 15:06:02,55.49,55.49,1.0,101,55.49,0.00980392156862745,0
301885a94c474b91e3701ddda2bbdc09,d5878fd9bbec8b426a4fe882e8db62c1,7152,guarulhos,SP,1,2018-01-20 19:51:16,171.98,85.99,2.0,83,171.98,0.011904761904761904,0
bc83a273368964e5985028f29ccead39,771bd0dea1c6e740bbf0da47967f878d,12530,cunha,SP,1,2017-10-23 16:21:02,36.99,36.99,1.0,172,36.99,0.005780346820809248,0
1d06482d82c32c8752f4decbbffe7623,577f115bcda2b2d4448620beaa01f8bc,20540,rio de janeiro,RJ,1,2018-03-14 15:55:57,104.0,104.0,1.0,30,104.0,0.03225806451612903,0
58dfdab06b8627a7ae9dba05c3db2738,9924287cfa47b13db94022c8a00e3386,20551,rio de janeiro,RJ,1,2018-01-08 11:55:51,85.0,85.0,1.0,95,85.0,0.010416666666666666,0
58f180ef06844ae0e660cb5decc737c0,314ac5e13f6b79cc209af44d369852fc,5346,sao paulo,SP,1,2017-03-23 17:49:49,59.9,59.9,1.0,386,59.9,0.002583979328165375,0
4ee37274d091e7e0ae7d61d1ae0a37f8,8801be95cf9394c786be96dfb3d02505,58487,fagundes,PB,1,2017-03-21 01:35:08,198.9,198.9,1.0,388,198.9,0.002570694087403599,0
bff39a48b2e4ac7d5b658500fbc79aeb,33fdeabddd92ee421da7c898239c3080,4930,sao paulo,SP,1,2018-02-05 22:16:45,73.5,73.5,1.0,66,73.5,0.014925373134328358,0
e2ed41ef244cd9a72a748a9ddf6ff21c,9ec52a1bfb7c485acde06f4c5e235500,9692,sao bernardo do campo,SP,1,2017-04-12 12:13:43,18.99,18.99,1.0,366,18.99,0.0027247956403269754,0
f0413d0db87e22a35ae1cbdba85acb9d,dea716f14d24df9b537e38e6a4a23a1e,23055,rio de janeiro,RJ,1,2017-07-21 08:50:03,69.99,69.99,1.0,266,69.99,0.003745318352059925,0
45537bfbebb450f1f4b50fee812ecec4,f6b6565ba9f6387fb0a46b9d30740488,11680,ubatuba,SP,1,2017-03-03 19:26:52,399.0,399.0,1.0,406,399.0,0.002457002457002457,0
eb23a78ca4ccf2c917d46875fc553c59,f6b5803c77d51cd68bfebc6032c1b485,71050,brasilia,DF,1,2017-12-19 20:57:04,59.8,29.9,2.0,115,59.8,0.008620689655172414,0
c4622e15ef4017b5ead56fb99dd5e4ea,be9a7d98d5b488583fa42b20881199ef,25268,duque de caxias,RJ,1,2017-09-18 22:47:49,34.99,34.99,1.0,206,34.99,0.004830917874396135,0
4ba8c08de7fa81bb7c3ccbd2918e608f,08367838fec76cf190501e15cb8a9e67,3685,sao paulo,SP,1,2018-03-20 00:57:44,100.0,100.0,1.0,24,100.0,0.04,0
0f3c4578cc4133c0e29cf96d0709d28d,6a5ecf25eae9db640b117f6a67c67790,39207,andrequice,MG,1,2018-01-30 17:35:29,199.0,199.0,1.0,73,199.0,0.013513513513513514,0
5140a58e94f23985287e8f5f565b7c27,f596242db91986b554f25768577cd5be,35790,curvelo,MG,1,2017-06-18 14:32:38,19.99,19.99,1.0,299,19.99,0.0033333333333333335,0
caa4a8bf3eee527d50ea671e39e67ac0,2bf2766ae283fd91c59a5d62891d5095,6765,taboao da serra,SP,1,2018-01-16 14:09:50,59.9,59.9,1.0,87,59.9,0.011363636363636364,0
219399e5496f8ca1dc6f68753131c084,b0b3c2b74b3a2db6e2d76b7615ff6b17,79790,deodapolis,MS,1,2017-08-06 19:38:00,16.9,16.9,1.0,250,16.9,0.00398406374501992,0
b89ea39218763f0521b7bbae37e90aa8,ac13cd53c2c32e33121ab34dafb30b03,6680,itapevi,SP,1,2018-02-14 22:23:42,56.9,56.9,1.0,57,56.9,0.017241379310344827,0
3fd29fb920bec834ceee06e70fa9dda3,7902cd1145bb7d876512310c3baa3f01,3278,sao paulo,SP,1,2017-12-09 21:37:24,59.0,59.0,1.0,124,59.0,0.008,0
c11d593808566de4220559b14b75be36,b7ec4ff317e1a7bd2c48e86db67105f9,18132,sao roque,SP,1,2018-01-10 11:40:26,139.9,139.9,1.0,93,139.9,0.010638297872340425,0
f7444d23b5eb50854ccec43d9ae163a4,dbecdabd53ac1b2f126499233f8bcbbf,40720,salvador,BA,1,2017-11-25 16:32:46,200.0,200.0,1.0,139,200.0,0.007142857142857143,0
d5b02fce9c3b6d335a9cf3ce1163a8a4,d1a32a7b81238990f2e9bd7d0084bd5b,37550,pouso alegre,MG,1,2017-06-04 02:56:42,153.78,153.78,1.0,313,153.78,0.0031847133757961785,0
cc89835f7bbd6f0ab15a0b5594605998,8828868edd8b70cfd28432b5598f1842,29830,nova venecia,ES,1,2017-12-09 17:41:47,59.99,59.99,1.0,125,59.99,0.007936507936507936,0
0e068d477b784dc327ce26836411eb00,8d386257586276430b56d546569ae1a1,69301,boa vista,RR,1,2017-07-17 06:53:07,179.9,179.9,1.0,270,179.9,0.0036900369003690036,0
a4ed3677add2e1f5d0429d8822ea340d,7fb211f99a01b4971fd1e07e3a256458,66063,belem,PA,1,2017-10-30 16:10:26,299.0,299.0,1.0,165,299.0,0.006024096385542169,0
3c8296a5e7b1a8640f6e31bcfff5f41c,38598d0fbae20a6cef60618ad21ec232,9190,santo andre,SP,1,2017-11-13 21:36:43,89.9,89.9,1.0,150,89.9,0.006622516556291391,0
07430e92e9f370ce78184e10a07b3493,bbcfc950a75f3f896acc78c240b0f8ff,64045,teresina,PI,1,2017-07-31 15:14:00,129.99,129.99,1.0,256,129.99,0.0038910505836575876,0
2fd2ac7a82e4a187eaf6b9570b2ec301,ff189da0a16b4d9b00c3c56553e45d82,37120,paraguacu,MG,1,2018-01-11 14:15:01,69.77,69.77,1.0,92,69.77,0.010752688172043012,0
bf023a02122790d649963e72170ee2e1,995732c307e27842a3b73bfa6eef8a63,23056,rio de janeiro,RJ,1,2017-10-05 19:31:42,120.0,120.0,1.0,190,120.0,0.005235602094240838,0
dbd46952d895ea4b8aecd9bafd411def,ebfe9b42d73c997a677f615bf7116f18,71810,brasilia,DF,1,2017-12-18 16:19:00,122.99,122.99,1.0,116,122.99,0.008547008547008548,0
baf139d17c0df8f5a049b57af7642f3a,d35fb9dd41eb6917edd89ad0eb9661d1,20540,rio de janeiro,RJ,1,2017-04-10 19:52:53,89.9,89.9,1.0,368,89.9,0.0027100271002710027,0
abb2c6c3156823bffa1f8100bc9d5b34,1b9c0988bccb820c5ae423e3205c00a2,38184,araxa,MG,1,2017-12-05 15:01:00,899.0,899.0,1.0,129,899.0,0.007692307692307693,0
02e5982f021f1312a54f569c0f9e7625,5dc6a8992710c97d198e7534150c23c0,90650,porto alegre,RS,1,2017-12-12 08:14:21,218.36,109.18,2.0,122,218.36,0.008130081300813009,0
ef3bbff3023c5032593c0e754f87114a,dcaece2588d9688376b75a288451b77a,55297,garanhuns,PE,1,2017-05-23 20:15:27,113.0,113.0,1.0,325,113.0,0.003067484662576687,0
69f3d5d216d99079f72ead4326908012,d226bcbe992e1690a6ccae6453690f79,36201,barbacena,MG,1,2018-02-25 10:43:07,90.0,90.0,1.0,47,90.0,0.020833333333333332,0
e4d20765e70b7bdc41584e4f7b53b530,66140ace16e213f84754b8d551066128,7161,guarulhos,SP,1,2017-08-28 20:03:11,79.9,79.9,1.0,228,79.9,0.004366812227074236,0
f524cd02ed38d4ed250fde7e49e4b9d4,4f471e7d7ab4372da13e7f4ae206655a,36272,alfredo vasconcelos,MG,1,2017-02-28 13:40:03,145.0,145.0,1.0,409,145.0,0.0024390243902439024,0
c493b8c381efad283970ab7c79624db8,77e88c8539b72e7cbdc65729b5ad5b3e,28909,cabo frio,RJ,1,2017-08-14 22:11:47,19.9,19.9,1.0,241,19.9,0.004132231404958678,0
0b5ed41783e17d8e75af1284dff5b43d,37cb035c10492203946b0089366008b9,66045,belem,PA,1,2017-09-23 15:56:48,279.99,279.99,1.0,202,279.99,0.0049261083743842365,0
0f08b80da14cc5ee19ccb36e9cfb2b15,f384a648741616e0389aa34f53db96f2,35170,coronel fabriciano,MG,1,2017-08-21 07:30:58,355.99,355.99,1.0,235,355.99,0.00423728813559322,0
3460eb5edd166a7e45eeb273fce75187,36d9cc02c910d8c59caa1674f53c3ffb,15046,sao jose do rio preto,SP,1,2018-01-15 10:04:39,59.98,29.99,2.0,88,59.98,0.011235955056179775,0
302bd5105bfe26a95e7942e9e85d5b2b,9c7e7551b620fca261fa19ba196fd97c,22410,rio de janeiro,RJ,1,2018-04-04 15:08:43,35.0,35.0,1.0,9,35.0,0.1,0
79f96d2cbe80d476674fe8df8bc4d5f9,7bea0a307af6b2f031657ef855a10bfc,23040,rio de janeiro,RJ,1,2017-11-24 08:29:46,60.0,60.0,1.0,140,60.0,0.0070921985815602835,0
9df082314a3267c298bfc605619007f9,341056b65403009c5bc8c4b1f16c7230,93224,sapucaia do sul,RS,1,2017-02-27 08:03:48,128.99,128.99,1.0,410,128.99,0.0024330900243309003,0
e65b1829e83ccd4edf454c68d6b87e65,64fff06f4c29a9b360c914d96e605c44,8450,sao paulo,SP,1,2017-12-04 09:42:14,148.0,148.0,1.0,130,148.0,0.007633587786259542,0
f25bd233d365ab0119f6bf5f397a955e,cf65c75b39d9bee977dbcb552f2f3c7f,52131,recife,PE,1,2018-01-15 01:58:50,95.0,95.0,1.0,88,95.0,0.011235955056179775,0
4eccfbae6ae2126a462a53d2cda99572,c0f139fe95b95fe9648723696465c72b,30350,belo horizonte,MG,1,2018-03-07 11:34:38,60.0,60.0,1.0,37,60.0,0.02631578947368421,0
1b056cf6b6263ba5fb8067b76857b66f,c2929bce5f53bdea31e2d1d4e3796e07,64200,parnaiba,PI,1,2017-07-25 16:48:08,59.9,59.9,1.0,262,59.9,0.0038022813688212928,0
83d0d1b5d2c740607c17530494a5cf88,31af9bec4ba47ddde045e5de5412ed6f,34940,morro vermelho,MG,1,2017-10-19 15:46:52,31.9,31.9,1.0,176,31.9,0.005649717514124294,0
c8264ac3fe404850da5ff804eb71d719,6d28f57652e4507db7b08764b0fbc789,18607,botucatu,SP,1,2017-11-29 16:42:47,86.36,86.36,1.0,135,86.36,0.007352941176470588,0
3cea834e27d1758a55deea9a52e66e40,ac63062a6669add32041c1f6dacc0057,22050,rio de janeiro,RJ,1,2018-01-17 10:39:45,299.0,299.0,1.0,86,299.0,0.011494252873563218,0
5fc9fb8a9bfbcb5e8a1b00b2a52b012a,88a141db4e49b2eaaf35327bcfac9d5f,12630,cachoeira paulista,SP,1,2018-01-08 13:44:01,169.9,169.9,1.0,95,169.9,0.010416666666666666,0
f58a7bbf2c58573b67632dcdcf9c0d40,d767f5ec9f9d78669771e2bd7f589ec6,63460,pereiro,CE,1,2017-09-21 13:40:39,76.9,76.9,1.0,204,76.9,0.004878048780487805,0
3747cfcc18da3cff44fd440770d92d97,ec462378011c63f79ec53a2365d8e71b,23070,rio de janeiro,RJ,1,2018-02-19 21:47:44,149.0,149.0,1.0,52,149.0,0.018867924528301886,0
701df2059403903cd511a0693e0138e1,4ced1b9f8668a9792e5484da6d97b229,24738,sao goncalo,RJ,1,2017-10-17 23:32:50,15.6,15.6,1.0,177,15.6,0.0056179775280898875,0
ff2115ad55e342ae746a65ed647d841f,7a8b629fdcb9a6e024b2ccfacbe4fd3b,78643,querencia,MT,1,2018-03-28 10:59:13,78.0,78.0,1.0,16,78.0,0.058823529411764705,0
950863681cb2112651ef0782da4e689d,11cb11ff52cc1e191282a0a3c1e03aa3,80630,curitiba,PR,1,2017-05-12 18:09:07,27.9,27.9,1.0,336,27.9,0.002967359050445104,0
895edce5f11d005be5c28f6efe45d984,331dd0cb0979575948609f15055a294c,22770,rio de janeiro,RJ,1,2017-12-16 22:16:03,59.99,59.99,1.0,117,59.99,0.00847457627118644,0
1715df4e75c7b532c711759cac4d4148,dee2286f5d6242e1b4295ee5f9e9de94,6335,carapicuiba,SP,1,2017-10-26 06:12:37,110.0,55.0,2.0,169,110.0,0.0058823529411764705,0
2f55c214219aff9e61c70c1edba35df8,a9c5e655e836bdbf3127b90a32cd9182,25845,areal,RJ,1,2018-02-28 19:35:02,239.99,239.99,1.0,44,239.99,0.022222222222222223,0
5914948062fa3526833e5f12ad03539d,48c2efc910e703d1ca5a70fe634a87d4,13454,santa barbara d'oeste,SP,1,2017-10-16 19:57:19,25.99,25.99,1.0,179,25.99,0.005555555555555556,0
d605f9f01f069c8665dba62d0d8de501,d636819974225176f4e4983badc49539,29166,serra,ES,1,2017-11-12 17:39:03,26.9,26.9,1.0,152,26.9,0.006535947712418301,0
a0434fbe9ea51d8b38cf323354a31393,016ac660c79288138b5d6d3570eadc9d,20220,rio de janeiro,RJ,1,2017-12-07 00:37:54,70.97,70.97,1.0,127,70.97,0.0078125,0
c4ac881f58db1a55366d4fd58128f7f0,7e271012124fd5cce39d23dc7068c0ad,23810,itaguai,RJ,1,2018-03-25 15:22:52,14.99,14.99,1.0,19,14.99,0.05,0
e8197f1806f51f75f725632fe03007fc,3529e35d6c0a2e876f29373ea07154aa,23095,rio de janeiro,RJ,1,2017-06-04 15:51:15,98.7,98.7,1.0,313,98.7,0.0031847133757961785,0
37bfa4d2789f73ee5dede363eca1d3e3,b17a1dc376ce0f9b84526dfd0b1db02b,20211,rio de janeiro,RJ,1,2018-01-19 10:38:55,99.49,99.49,1.0,84,99.49,0.011764705882352941,0
c7c0ba6613929d7d0a82ef70a992a184,0c9f948ba785676170057686aa1521f5,14140,cravinhos,SP,1,2017-02-06 06:40:56,104.9,104.9,1.0,431,104.9,0.0023148148148148147,0
90caca072b6ba6b23f41621fcb354449,ca6b7aa639f2e2a453dabb52459f78c2,3817,sao paulo,SP,1,2018-03-13 09:28:21,41.9,41.9,1.0,31,41.9,0.03125,0
fe7bee92681d1c9369a084e14683ab78,52e379cf88cabd97147c140223347696,87045,maringa,PR,1,2018-03-14 23:00:37,105.9,105.9,1.0,29,105.9,0.03333333333333333,0
022d2a2e532b92556bf7cd39107fd780,813a625a578851760225edaedaac92be,31140,belo horizonte,MG,1,2017-06-30 11:27:34,89.9,89.9,1.0,287,89.9,0.003472222222222222,0
253a835620b86f2b742b951a6d8ace3e,8122f0c33df8e209aa609495942e20bf,52020,recife,PE,1,2017-07-27 09:37:26,69.0,69.0,1.0,260,69.0,0.0038314176245210726,0
522ea5848b2c1c74cc7c19c199f72564,2f4f99183e9a68c465d7b5f81850dae1,23914,angra dos reis,RJ,1,2017-09-01 00:23:50,129.9,129.9,1.0,224,129.9,0.0044444444444444444,0
62a31d294c310db1ce08d21a575c4144,3e8ec82c18ec9053aca2a527a3eb8494,99010,passo fundo,RS,1,2017-07-13 14:39:29,309.82,154.91,2.0,274,309.82,0.0036363636363636364,0
747ac70e4caa61315026312e740a1346,b0c349820985b658bd337d5e317e7e84,13460,nova odessa,SP,1,2017-05-15 21:29:32,99.0,99.0,1.0,333,99.0,0.0029940119760479044,0
2ce5aa9694357295fe3be39eec08fe85,065938485846aa5adc196cb536de42e0,31535,belo horizonte,MG,1,2017-06-06 16:19:01,241.1,241.1,1.0,311,241.1,0.003205128205128205,0
9e896940b0732656cf7a9689c160df44,7a97a2c9777166cc3b64fbee1f0fb6e6,7091,guarulhos,SP,1,2017-10-03 14:14:32,109.9,109.9,1.0,192,109.9,0.0051813471502590676,0
eb6c184537730dfd01497567b6dd15da,9e706ee24d932f790f22a7ffa70989c4,13201,jundiai,SP,1,2017-01-22 14:13:58,29.99,29.99,1.0,446,29.99,0.0022371364653243847,0
43e812d46063b9ec7d048031c9722c78,fd46f99e9913ddee8a6ce5f91d65cf09,37540,santa rita do sapucai,MG,1,2018-03-04 19:19:26,146.9,73.45,2.0,40,146.9,0.024390243902439025,0
e172f3db7edcbb3a8de8fd4077a1be8b,ec80941e64feb489e07144d4c8fcbdc3,6182,osasco,SP,1,2018-04-03 18:29:32,20.15,20.15,1.0,10,20.15,0.09090909090909091,0
d4cb12cb60df727e852cdcd3b6de1a32,a8ce57ad761366c926c70443d813c172,45305,elisio medrado,BA,1,2017-05-30 20:55:32,56.99,56.99,1.0,318,56.99,0.003134796238244514,0
e1ffcf6864bd61cd2bd1ab8619d914f2,a4b5f9c363d6a5fe33c0cc046c375a6d,57307,arapiraca,AL,1,2018-01-24 13:46:31,49.99,49.99,1.0,79,49.99,0.0125,0
1110eb4465d18a9b7c632cfc80fb53ab,bf004b2b614c68e6d2401afc33741b33,4937,sao paulo,SP,1,2017-03-12 19:04:41,6.0,6.0,1.0,397,6.0,0.002512562814070352,0
7ac14fa8a3597d612e0c45f195d05988,648f7830944945728e327cb73333fdfe,25266,duque de caxias,RJ,1,2017-03-14 15:27:18,169.9,169.9,1.0,395,169.9,0.0025252525252525255,0
a1b1a82720dbe747e7d52590721f73ac,18b8c715fe5ac0ce98a78eca978c5f4b,9725,sao bernardo do campo,SP,1,2018-01-28 10:08:21,99.9,99.9,1.0,75,99.9,0.013157894736842105,0
aa850ff40d565e7dd78c9531f875b32f,e2413f114b705e5bad4db3f5182663c8,23595,rio de janeiro,RJ,1,2017-10-09 15:53:41,59.9,59.9,1.0,186,59.9,0.0053475935828877,0
b482b6eb1e1daa52fc0b17faea2cfb4d,c7fa006dc114bb846a9467bc0199f346,69035,manaus,AM,1,2018-01-13 13:19:46,388.0,388.0,1.0,90,388.0,0.01098901098901099,0
f154c3425ff09d9bd9cf677f7f658bd8,fc4fcc305b7eb5bf85e06e1945587639,8695,suzano,SP,1,2018-03-05 16:15:17,589.0,589.0,1.0,39,589.0,0.025,0
dac71d5847f06ec0fd6cf435ab87f85e,17681f1ee22e6a9d4daadeffa9d5c246,26116,belford roxo,RJ,1,2017-10-02 14:40:53,39.83,39.83,1.0,193,39.83,0.005154639175257732,0
950aed4cf173ac2b9b4985377039adcf,9b291e2160cf7eada1cb8bf6e9f8c244,3185,sao paulo,SP,1,2017-07-26 16:04:07,70.24,35.12,2.0,261,70.24,0.003816793893129771,0
39bbb4f1b13debf6e93d4a8dd51974aa,78e17eaaec7dac296bcdb67ae8a44405,17067,bauru,SP,1,2017-09-26 17:48:04,274.70000000000005,91.56666666666668,3.0,199,274.70000000000005,0.005,0
dc0601b04f43f219b2cefc8025fe4673,b47eca1faaf4b9de38633feca02857b0,30870,belo horizonte,MG,1,2017-06-16 10:33:12,31.9,31.9,1.0,301,31.9,0.0033112582781456954,0
d2a1ddd88d7fe00e725ff1b57aa1778f,5cb5e010562f6856f97ef2f67b223f70,1323,sao paulo,SP,1,2017-06-05 17:05:52,89.9,89.9,1.0,312,89.9,0.003194888178913738,0
3b2b96751131c948164edc5d21d27abb,55b3a0a9998356016bbb072bf8c188a6,60830,fortaleza,CE,1,2017-01-27 12:10:46,79.9,79.9,1.0,441,79.9,0.0022624434389140274,0
021ccba47cb1118dfba3213180ffb44d,a8bdc0d9ea28636ee0ada5b9ccb430c9,5877,sao paulo,SP,1,2017-12-25 20:14:34,37.99,37.99,1.0,109,37.99,0.00909090909090909,0
f9d11796f409c164ef9ed4ffe92b9ae8,3d684e372547bcaf7ee40953248d17ac,26030,nova iguacu,RJ,1,2018-04-03 00:20:36,40.5,40.5,1.0,10,40.5,0.09090909090909091,0
0e02bdf960198a4a18cde1eb87c230b3,0fb758803f59157ecbc08969068ec723,20720,rio de janeiro,RJ,1,2018-02-27 14:12:54,259.0,259.0,1.0,45,259.0,0.021739130434782608,0
728e136fca2819b62d610743ae2904b8,0011805441c0d1b68b48002f1d005526,68639,goianesia do para,PA,1,2017-04-24 13:36:48,269.0,269.0,1.0,354,269.0,0.0028169014084507044,0
e6655eb60aefb0e8304f126c99b3eda6,9d5e7724b29739c763ee8a7e52689ffe,74075,goiania,GO,1,2018-01-07 16:22:06,138.0,138.0,1.0,96,138.0,0.010309278350515464,0
9eb0e06ca6a1fde2c265f01092e1028f,f76e4c6849f32ebdf0cf05281597f4cd,6440,barueri,SP,1,2018-03-19 14:32:34,166.94,166.94,1.0,25,166.94,0.038461538461538464,0
57f4770b4fc8ae0c610fd9821dc38403,3984338a848b2858b7d4049a5d66f26c,89270,guaramirim,SC,1,2018-02-12 12:39:57,169.9,169.9,1.0,60,169.9,0.01639344262295082,0
d621fbec7b4a75ca6a753abd248e9250,fd9f98ca9be23ad4f0cc5d11fc1d3132,85508,pato branco,PR,1,2017-08-24 14:53:21,349.9,349.9,1.0,232,349.9,0.004291845493562232,0
28cda571c0c9c4d4eb6ffb191cce829d,52fcc54bbe15052e49523e7716f04dc3,19064,presidente prudente,SP,1,2018-03-24 11:59:53,99.8,49.9,2.0,20,99.8,0.047619047619047616,0
7454f64a4378ab4a3aacafdef6a1feeb,c400a61d8b936f7d10930fc142a39407,19015,presidente prudente,SP,1,2017-02-18 14:36:48,97.9,97.9,1.0,419,97.9,0.002380952380952381,0
a4e394f0af5d9354ae5618c0507b7bb6,64bac289258e083b9d982d58cdc0e1f8,29090,vitoria,ES,1,2017-08-20 20:29:08,85.0,85.0,1.0,236,85.0,0.004219409282700422,0
9809326653e1008fc1612f14d9b35970,85175e946e3b353b627e3d9acd756321,22245,rio de janeiro,RJ,1,2017-07-07 16:43:48,21.8,21.8,1.0,280,21.8,0.0035587188612099642,0
6a42e10379280f1290c9d5cfbe39b3f4,1b2b709251803614a13cab09eaf6ee47,6436,barueri,SP,1,2018-03-23 11:43:24,145.0,145.0,1.0,21,145.0,0.045454545454545456,0
828e90e7e1e22b6152b6b1c07ae4e518,d0c8ea4274f03b27ca62a039197c776d,74310,goiania,GO,1,2017-06-05 10:05:05,112.0,112.0,1.0,312,112.0,0.003194888178913738,0
858fc2fddb068b36f31568f7c9f2422a,f8c6675e01e997c8e709c97633faf87b,16370,promissao,SP,1,2017-03-15 12:25:24,299.0,299.0,1.0,394,299.0,0.002531645569620253,0
67f15431bdbe78ead5de2c265f2c0a5c,864c41dbd1a61c08945f1ee81c45e1d6,13385,nova odessa,SP,1,2018-01-11 22:08:59,28.99,28.99,1.0,91,28.99,0.010869565217391304,0
afc15fa2e786ed9e0c65bbbd956cb972,6e7abf179b520164ea1b668168950784,79560,chapadao do sul,MS,1,2018-01-17 13:34:36,13.3,13.3,1.0,86,13.3,0.011494252873563218,0
ceecf302e4a8a4018810a27e9501d422,6182f723db6ae619f6617ba0ec169c47,29785,vila valerio,ES,1,2017-02-12 19:08:25,99.9,99.9,1.0,425,99.9,0.002347417840375587,0
11f312ef72bdca82219eca082d2cff92,d24694c6a624cc659c7091930df961bd,36200,barbacena,MG,1,2017-12-26 13:20:13,75.0,75.0,1.0,108,75.0,0.009174311926605505,0
4a6e1c44e2055e46c2e15d69edb81be7,2d0c669e022d0eb2c7e8affa8851a688,11085,santos,SP,1,2017-09-12 19:37:09,160.0,160.0,1.0,213,160.0,0.004672897196261682,0
57177102f8cf83694e6a7300df6471a3,f4b66443571595d4b3f236d0952d95c6,22610,rio de janeiro,RJ,1,2018-04-01 17:28:15,121.9,121.9,1.0,12,121.9,0.07692307692307693,0
6e12f38afc4e79112838fc9d478e88e4,0934b6c9d2d476125d5cc345c168e156,9400,ribeirao pires,SP,1,2018-02-28 21:47:21,15.9,15.9,1.0,43,15.9,0.022727272727272728,0
8bd1d01232a576982d8f182e91343d38,042b64d198526eb845fde8a99e87ede1,72255,brasilia,DF,1,2017-09-18 01:59:56,106.0,106.0,1.0,207,106.0,0.004807692307692308,0
b540f2ed0a81891a303aab176a4f21b3,0d52f8cd8892f109a15803df169113b6,15775,santa fe do sul,SP,1,2018-02-11 12:28:50,74.9,74.9,1.0,61,74.9,0.016129032258064516,0
11a216d3670865418a5b3a1e66ef30d9,58830e73978eab27a86d804befbfa3a7,65705,lago verde,MA,1,2017-08-01 12:09:54,98.0,98.0,1.0,255,98.0,0.00390625,0
a08554ba3f0715d9ada0d693dc036a3c,2534c6d7f97ef2be9334b54b6a0d50bc,94510,viamao,RS,1,2018-03-18 16:34:18,139.9,139.9,1.0,26,139.9,0.037037037037037035,0
9ba5995f589c7b34e63b60f5c5636a89,4ba16e2f6120b2503466540024985dcb,12225,sao jose dos campos,SP,1,2017-05-20 17:52:48,99.99,99.99,1.0,328,99.99,0.00303951367781155,0
a4b42a4749163611c33c639bbfbae90f,256b3e7a939dddf3e40608cac69e88c7,24905,marica,RJ,1,2017-04-19 14:24:06,59.9,59.9,1.0,359,59.9,0.002777777777777778,0
b9d25a78c4295ec207824ac5dc4d327b,1cddf0b0b512899f95d246458d21ee3e,29300,cachoeiro de itapemirim,ES,1,2017-03-14 11:32:40,49.0,49.0,1.0,395,49.0,0.0025252525252525255,0
01d53422b075158678043b0c49b83d66,2e24305305928054deeffaa38d2ea563,27276,volta redonda,RJ,1,2017-06-04 23:03:35,79.9,79.9,1.0,312,79.9,0.003194888178913738,0
5bc6605ac9db578bcb4c39f796294377,ef53388a6daddbb43f7f79731ad79b96,41720,salvador,BA,1,2017-11-21 02:39:45,99.0,99.0,1.0,143,99.0,0.006944444444444444,0
cde45df48b2265ad922b9d820ef49323,b5e17dbc212c98d29909cb74208dec08,89116,gaspar,SC,1,2018-01-20 18:56:44,49.9,49.9,1.0,83,49.9,0.011904761904761904,0
9d954b3fec9c0d6ade375ef5716a90d7,b30b71d4c524d51b87559e3fa4dbeac9,7430,aruja,SP,1,2017-09-12 13:59:35,19.9,19.9,1.0,213,19.9,0.004672897196261682,0
8844d0cc6a328c1a0ccb6d49f34b2357,9fd37ae49da81b881cb319cfb1177418,89256,jaragua do sul,SC,1,2017-07-12 20:13:21,205.0,205.0,1.0,275,205.0,0.0036231884057971015,0
9d7381a45eebf403b3b830a9742b928b,9403bc2d1bc24edda854c1c389c14da1,75610,joviania,GO,1,2017-11-25 01:49:52,32.99,32.99,1.0,139,32.99,0.007142857142857143,0
6c8c605045c020dda4236ffeea583444,99c54f8ecf070a35c4c83196967eb04c,69082,manaus,AM,1,2018-03-12 17:19:51,54.4,54.4,1.0,32,54.4,0.030303030303030304,0
217368c0bfd8d50699dfb3f303d4c387,505fe88e18db61affa7c0f8adbeda4c2,25561,sao joao de meriti,RJ,1,2018-02-22 16:58:06,59.9,59.9,1.0,50,59.9,0.0196078431372549,0
0658798436373ff6997afab7a5e29494,aaeb615657f69f571ffa90d2bd471914,18725,holambra ii,SP,1,2017-05-22 15:24:05,64.9,64.9,1.0,326,64.9,0.0030581039755351682,0
c15b8062b4d0c30fbce33bce7715eae4,f41158f81744cfd80d1f65c0f2915d35,30411,belo horizonte,MG,1,2018-03-04 21:58:12,11.55,11.55,1.0,39,11.55,0.025,0
13518d3af2e425cc97f19d1c8919808e,7a30c2f4ee4d9f8370e1ed8acf3eefb4,56310,petrolina,PE,1,2017-11-23 12:29:18,49.0,49.0,1.0,141,49.0,0.007042253521126761,0
aa3e453b2894cbdf8e6c99570abc2b37,7dcb7cb0d7e5d27759fcfe1e969f9725,83507,almirante tamandare,PR,1,2017-03-27 10:50:53,99.0,99.0,1.0,382,99.0,0.0026109660574412533,0
e7b9bc73f30f476a29a9a805d3817504,fdf2ac320bf7064c82c5940346adadaf,94950,cachoeirinha,RS,1,2017-01-28 20:55:38,22.79,22.79,1.0,440,22.79,0.0022675736961451248,0
25cc5042606c108675729a1e2967486f,eed42da7ee2f3ce26ab52758e63d855f,13276,valinhos,SP,1,2018-02-22 23:33:58,89.99,89.99,1.0,49,89.99,0.02,0
74dd658e3cc47fad8588e6f48f6a6075,4c25d8e81024300edc4db9bb7b23c278,78200,caceres,MT,1,2017-09-25 15:31:13,31.0,31.0,1.0,200,31.0,0.004975124378109453,0
0474f888bb532eb4cc657abfd37c9d44,413ce1f9ef6d348584397f99571faccc,4623,sao paulo,SP,1,2017-04-25 18:51:59,39.9,39.9,1.0,353,39.9,0.002824858757062147,0
3a27d6401473a9ff4ab309448702d4f3,ff8d27e48d6492ebb97e3052142c47bf,35940,rio piracicaba,MG,1,2017-04-08 21:07:21,277.85,277.85,1.0,370,277.85,0.0026954177897574125,0
dbf9a1c59cf0d00800719b3c51ca2e45,95687a1b3a6692a4c5efa67c8af9136f,5122,sao paulo,SP,1,2017-10-13 21:25:29,79.9,79.9,1.0,182,79.9,0.00546448087431694,0
42bb785f5ebc990d77c23aa2e1d6f3c7,ad7c7b0175f1440b3970b62ea0d6345e,22430,rio de janeiro,RJ,1,2017-04-30 21:10:28,136.9,136.9,1.0,348,136.9,0.0028653295128939827,0
4dc4876f7b580f0cdb9993edbd4cc975,3d9307cd5d9588ca081b10a7c7480b07,90250,porto alegre,RS,1,2018-03-16 15:28:12,72.0,72.0,1.0,28,72.0,0.034482758620689655,0
5e6283cd338ed4776861535ddee19b20,eddcd62347237badf01afb155eaacc1c,6045,osasco,SP,1,2017-11-24 14:09:36,13.99,13.99,1.0,140,13.99,0.0070921985815602835,0
6ba47b28c84367f0c27769d78f1c3adb,8bba2fac2cb38bfb0a323272f63d5f75,85750,planalto,PR,1,2017-05-31 20:57:49,243.0,243.0,1.0,317,243.0,0.0031446540880503146,0
3f16a23ea2f57ab05ca7faf84886628a,a9c34d981273dca06c1bb6ef0beb45a4,30350,belo horizonte,MG,1,2018-01-15 18:11:11,48.9,48.9,1.0,88,48.9,0.011235955056179775,0
6bf76c69e625cc78ab262b22e6cddeff,c3c8e871819940dcdd4200d95a8d8d1e,22250,rio de janeiro,RJ,1,2017-11-23 16:22:37,175.9,175.9,1.0,141,175.9,0.007042253521126761,0
b59e0225e129db63977b9c728349210c,bb64161e20ad00ffad5e2df2d5a3a9dc,39400,montes claros,MG,1,2018-02-13 19:09:30,138.0,138.0,1.0,59,138.0,0.016666666666666666,0
7e58db99674b0e849eca7cb8cb32cfb1,093723a103e8b73b2675d7082b8436d0,67110,ananindeua,PA,1,2017-04-09 16:26:13,119.8,59.9,2.0,369,119.8,0.002702702702702703,0
7f6e0647dfddaccdf6e140f98e0945bd,157a6a3e29ea1833d3630f3962ac903a,23530,rio de janeiro,RJ,1,2017-11-28 14:31:04,83.23,83.23,1.0,136,83.23,0.0072992700729927005,0
e066b0d4111159d21f74325789a1e841,fed72e8c40c3e1f6d8596175507ba08f,5734,sao paulo,SP,1,2017-07-30 03:01:54,29.9,29.9,1.0,257,29.9,0.003875968992248062,0
f0db968ca669b9bd241c27a383092d9b,c65313f0613e1292047eca9a86fdb0a1,98960,santo cristo,RS,1,2017-06-12 09:07:29,99.99,99.99,1.0,305,99.99,0.0032679738562091504,0
ec315ee859b4a10e3c820cd713484239,9f69e4adeb78574431c2512f6f91ba18,79560,chapadao do sul,MS,1,2017-10-18 13:34:39,25.0,25.0,1.0,177,25.0,0.0056179775280898875,0
3528b0f4fc89cd237f14b2ef3fa1530d,b91f9e935f998d06c5985e7bef11d763,75930,maurilandia,GO,1,2017-12-12 12:23:11,69.99,69.99,1.0,122,69.99,0.008130081300813009,0
afc7e7baf3a9a8ca3e8bc623ceb4c7bb,a827768579aafd9fea7efe10a7a458c4,40020,salvador,BA,1,2017-04-30 21:06:42,39.9,39.9,1.0,348,39.9,0.0028653295128939827,0
fec424751aa87f5451286fc3d532fae4,e8a195f60d266e458b02b0e57e85815d,95320,nova prata,RS,1,2017-06-18 14:27:29,41.9,41.9,1.0,299,41.9,0.0033333333333333335,0
e2a164a42f91a5ade4e93c5f07a87987,7ba1abccffab64ce6e93a1831e3beadb,4430,sao paulo,SP,1,2017-11-11 20:22:10,98.0,98.0,1.0,153,98.0,0.006493506493506494,0
85e5ae9b7c9b84a5c2939086011e1f76,1e8a97df3746751676f7f65e4748ae3c,80420,curitiba,PR,1,2018-04-11 11:43:45,37.5,18.75,2.0,2,37.5,0.3333333333333333,0
a59b6960d20e40918470c13e6cefcd7f,e1aa8dee831e4f9442d97600ad811bbd,38446,araguari,MG,1,2018-03-16 15:36:26,68.0,68.0,1.0,28,68.0,0.034482758620689655,0
e943fd415548e057fd54798f8c6b49fb,6b19a736d2caf6c16c7355879c33cff4,13880,vargem grande do sul,SP,1,2018-01-25 14:52:00,0.0,0.0,0.0,78,0.0,0.012658227848101266,0
14d90e60e59ce7e9e9d2e8fb9dead3a0,da2b78576894a7f95d45bfd20250cc54,4195,sao paulo,SP,1,2017-05-22 17:54:01,44.35,44.35,1.0,326,44.35,0.0030581039755351682,0
e45233d12353c37d9a47b0e9d1416ab1,60407605c43a0ff96a026b72b9369e24,3270,sao paulo,SP,1,2017-11-25 16:14:20,27.99,27.99,1.0,139,27.99,0.007142857142857143,0
1765717276473594d6231f90c621ea9d,af0c56271f45797ea6bcb96de7de9a8e,1238,sao paulo,SP,1,2018-03-20 14:32:28,95.4,47.7,2.0,24,95.4,0.04,0
969b1c259f71e3cff2fd83bbb41d17ea,f2cf0784eb9c2c9e6334468850be3f80,90610,porto alegre,RS,1,2018-02-15 17:42:31,99.0,99.0,1.0,57,99.0,0.017241379310344827,0
0470a8d9b6a4161506860bbd6256fd0e,9e4c21635f640562de1a6976374fba03,9530,sao caetano do sul,SP,1,2017-11-12 20:29:28,38.4,38.4,1.0,152,38.4,0.006535947712418301,0
e57b35089f3e6a0d985ed0cd3579df5e,b79939e7b655e75d48b325c460ea66e2,4122,sao paulo,SP,1,2017-10-18 12:34:11,199.99,199.99,1.0,177,199.99,0.0056179775280898875,0
d79764082a836f215312d98c964ce478,ef2c223efd90366cb6639746cfcfc7ad,75080,anapolis,GO,1,2018-03-12 16:54:01,63.99,63.99,1.0,32,63.99,0.030303030303030304,0
91afedb8e47673f4190946478dcb74c2,a620d8d041bb2d82707eaba9f669d861,22631,rio de janeiro,RJ,1,2017-04-19 16:38:00,29.9,29.9,1.0,359,29.9,0.002777777777777778,0
3dbd92855d83a915f3bbf865329003f9,e5640e6de1d0aabbe40d6be3594f976a,64868,baixa grande do ribeiro,PI,1,2018-01-10 13:33:47,159.99,159.99,1.0,93,159.99,0.010638297872340425,0
44024df7d9bd0f986d18c27e73d39dd7,24fb0fba6a84b9d812b55fc924ad9c9f,18120,mairinque,SP,1,2017-11-24 21:51:21,79.0,79.0,1.0,139,79.0,0.007142857142857143,0
6ea7c557e13c73169ee461b123bc254c,f11451a120b48a5c4c36d3274f0fd80c,7190,guarulhos,SP,1,2017-12-03 16:05:02,10.95,10.95,1.0,131,10.95,0.007575757575757576,0
873951dbadc164fa5d61eed16cf38770,b9066c8cafd15041ed94ef1ecb116d4a,13630,pirassununga,SP,1,2017-05-16 16:41:51,159.0,159.0,1.0,332,159.0,0.003003003003003003,0
4fece99243598d047490d4d4ce058897,3f083a4f3e9bfc221ad593bb50f7e6d8,2112,sao paulo,SP,1,2018-04-05 17:27:00,39.4,39.4,1.0,8,39.4,0.1111111111111111,0
52a893aacffbc06f9c3016e3664c745b,14016c4d7be528f22d08f343f2e08219,13050,campinas,SP,1,2018-03-02 13:08:30,7.78,7.78,1.0,42,7.78,0.023255813953488372,0
f6c39f83de772dd502809cee2fee4c41,10dbffc4a798d018f58224da1162b90e,32407,ibirite,MG,1,2017-10-26 09:31:45,1437.0,1437.0,1.0,169,1437.0,0.0058823529411764705,0
a890c03e9d0445e3f23f331a4fa21a1c,aadc40788e65bfd96c733803daeebbcd,41100,salvador,BA,1,2018-02-25 21:43:00,422.0,422.0,1.0,46,422.0,0.02127659574468085,0
3a1a556195f1b6b85df1bf9aa4ba3d88,579c39d6c40b500239145280281b0a39,37137,alfenas,MG,1,2017-09-20 08:29:33,98.99,98.99,1.0,205,98.99,0.0048543689320388345,0
c72f69d9a10067f1ed55e5e682f9f292,8f7be7114337f8d6f2883f1cda15f4d6,6820,embu das artes,SP,1,2017-07-31 11:33:33,299.99,299.99,1.0,256,299.99,0.0038910505836575876,0
8c4bcd3c3737198f62421c18e0348554,45a529e4af8f502a189094332e8ed24e,95330,veranopolis,RS,1,2017-01-15 23:25:23,119.39999999999999,19.9,6.0,452,119.39999999999999,0.002207505518763797,0
0457d8f15475757888a0064b63e01663,fcd78ca51b14e3f4b30da31005b2d731,4474,sao paulo,SP,1,2017-07-11 22:40:04,65.0,65.0,1.0,275,65.0,0.0036231884057971015,0
e4cc1e7dfd86a43889911abfe12481e8,cd9cf02bb9241880ddd8f00844dd016c,88106,sao jose,SC,1,2018-02-19 08:15:50,65.99,65.99,1.0,53,65.99,0.018518518518518517,0
6634a05c21ba8cc1b041d1793dd8100a,941590fb8aef66b3a8352fe7c691879e,48700,serrinha,BA,1,2018-01-08 18:43:10,229.99,229.99,1.0,95,229.99,0.010416666666666666,0
307a941ee3d5915cf2c7738e1a12394a,ee14cbefb497da66165b32499fc311e2,16400,lins,SP,1,2017-06-15 13:41:16,15.9,15.9,1.0,302,15.9,0.0033003300330033004,0
9f64e91e123214007c18425d4a0be8db,3170ebd8b32a5e2102c9d75e0a7f6d74,1433,sao paulo,SP,1,2017-08-25 11:16:05,199.0,199.0,1.0,231,199.0,0.004310344827586207,0
8f3b9d3f52f2f606b6675ef3d7d85e7b,0f10d99ee99ca3d0489f2f2169b41ec3,24344,niteroi,RJ,1,2018-03-01 18:32:58,85.0,85.0,1.0,43,85.0,0.022727272727272728,0
2128111e20da14bbe224cebd51250888,c731646b4a3d30a6fd8787e091dec49d,87711,paranavai,PR,1,2017-12-08 10:58:13,198.0,99.0,2.0,126,198.0,0.007874015748031496,0
cc24d407f07daffa567db41bad83a529,d6c8aa9d59c3d33c00586afbc9558a8f,6429,barueri,SP,1,2017-08-05 13:44:23,50.699999999999996,16.9,3.0,251,50.699999999999996,0.003968253968253968,0
282145334ce859131410fef262f98bfe,8597b390850fe72e108d53f42ca64846,26310,queimados,RJ,1,2017-06-22 22:41:57,142.0,142.0,1.0,294,142.0,0.003389830508474576,0
a074fea93d83172d9a71ffca68feea12,ea134de7de1af089905e923b036a7fe4,89036,blumenau,SC,1,2017-08-17 01:47:44,14.0,14.0,1.0,239,14.0,0.004166666666666667,0
f62c129511fd69648c45b74571444807,7e9a6816b16e741309a79f3b55df4754,79611,tres lagoas,MS,1,2017-09-05 21:43:55,99.9,99.9,1.0,219,99.9,0.004545454545454545,0
8b822fa56bbe10f4f14af6500eeed98b,247c8264f852b34cd3124aec69332a9e,11704,praia grande,SP,1,2016-10-08 04:01:53,49.9,49.9,1.0,552,49.9,0.0018083182640144665,0
656c63b20f75ccd37b33455ec589dc4f,1c2577794465706dfd32bb06dc7bf704,18050,sorocaba,SP,1,2018-03-03 17:46:08,35.0,35.0,1.0,41,35.0,0.023809523809523808,0
b04d5cda4ed1c2a60d127893d557b222,f7d76bf3850c8a9c36ad957e0e23ecca,13280,vinhedo,SP,1,2017-07-16 12:04:19,438.0,219.0,2.0,271,438.0,0.003676470588235294,0
6927bd0a23db4343c12b52a5687a4294,2f9eee5a95f6d3bf5c48ada163c1723b,13339,indaiatuba,SP,1,2018-01-25 19:44:53,32.9,32.9,1.0,78,32.9,0.012658227848101266,0
22097da834760ca931dadf04cae76bbc,a71b62e958014c5490ac589d7739ef22,27660,rio das flores,RJ,1,2017-04-24 22:47:59,119.99,119.99,1.0,353,119.99,0.002824858757062147,0
50811b375285c235a013d3d645d93641,9425021562b755b18f7ce2f259c2d628,3563,sao paulo,SP,1,2017-08-27 11:13:40,91.5,91.5,1.0,229,91.5,0.004347826086956522,0
bbe9ac5f763035eac1cd266700e17d7a,7d571c4d6bc3a0450f8c6db6ccb8dd82,9171,santo andre,SP,1,2018-03-20 16:04:10,79.9,79.9,1.0,24,79.9,0.04,0
178e7d9d5737485a7a3fc47c9bc32f36,fdf74893258fd69699b5414296b75e35,24451,sao goncalo,RJ,1,2017-11-15 19:19:02,119.84,119.84,1.0,149,119.84,0.006666666666666667,0
6238908ec39a972e1bb80c6fadec03fe,6f1b52490e2f1dfbb7cd7309230dbb36,5021,sao paulo,SP,1,2017-08-31 18:54:14,25.8,12.9,2.0,225,25.8,0.004424778761061947,0
54b4870b180756dd1067656274e73bdc,afc789e24a84241112316aaaba8664f8,4831,sao paulo,SP,1,2017-11-06 07:03:41,62.99,62.99,1.0,158,62.99,0.006289308176100629,0
d81067f5a2e50e54cb03a4a2e1294618,b7b2f8a994ca60cf8ae96aef8ce0a9d6,13483,limeira,SP,1,2018-04-10 08:12:04,50.9,50.9,1.0,3,50.9,0.25,0
bba4cecac73ec3d2e47ad263c28fb1dd,8f5cf6661f076604f5b7359e32df73f1,6386,carapicuiba,SP,1,2018-03-04 14:53:20,239.0,239.0,1.0,40,239.0,0.024390243902439025,0
e92b9d4a6308ebcd6cd5054b7772eae1,765c789b0011dd6fd9e0eacdaa213dca,35302,caratinga,MG,1,2018-03-04 22:30:57,31.9,31.9,1.0,39,31.9,0.025,0
e4b0c4c6ec684f615278f2dd9d7e0bbd,9c9c09ee9270bcacbcf4adec6aa1452c,6180,osasco,SP,1,2017-12-14 09:36:10,45.9,45.9,1.0,120,45.9,0.008264462809917356,0
610d46baa16bdd3d06be944f569b4df9,fe091f6006da578cd57334618ca23dbf,14090,ribeirao preto,SP,1,2018-03-11 16:36:42,89.9,89.9,1.0,33,89.9,0.029411764705882353,0
3500a1438f295a3fc24450868008c78d,1d466475d14ffdab3cfd97901b81065e,89825,xaxim,SC,1,2018-03-20 10:32:28,29.9,29.9,1.0,24,29.9,0.04,0
9951d99835f50c491d724e5be22150e3,c459f4dd69a0d9468e3e170cf0c26d8f,21012,rio de janeiro,RJ,1,2017-11-05 15:01:09,39.0,39.0,1.0,159,39.0,0.00625,0
236ec63256bb9c3e17bf8a07a310e353,10d1087f8c02d4906ec0d349833b1ef6,24020,niteroi,RJ,1,2018-02-14 23:28:31,199.0,199.0,1.0,57,199.0,0.017241379310344827,0
795c01cbad1e9ef6aa33ffd9064d8df2,833fdc9a07eb87df2bf3424fba6fa7d0,96418,bage,RS,1,2017-10-27 00:12:27,59.9,59.9,1.0,168,59.9,0.005917159763313609,0
ee346cba5a3efbdd8663133d9ff755e8,843e80aa83a944d60e7e46829fdc17a1,22631,rio de janeiro,RJ,1,2018-01-30 23:42:58,249.9,249.9,1.0,72,249.9,0.0136986301369863,0
2d6fc313e9b54c69f0e3145d19ec6894,d6903bc66ac9ae94d0bec00ea5c39568,13500,rio claro,SP,1,2017-07-20 10:34:12,119.9,119.9,1.0,267,119.9,0.0037313432835820895,0
53b5ac878e3b5f8a94af4dfe5cf6e8b8,df4f88c4ab3f6fe820a10e07a84d7302,93334,novo hamburgo,RS,1,2017-11-24 23:49:30,194.9,194.9,1.0,139,194.9,0.007142857142857143,0
dc51d4a03b2448771b76837517052d68,6474fb74cf31a83169e9d2591a2a5b77,5734,sao paulo,SP,1,2017-12-09 17:16:54,239.99,239.99,1.0,125,239.99,0.007936507936507936,0
1e98ef30dc6e4aebf3cedcf0bc5abeff,35c343f49cd9c4ef07b58a8e551d646e,28770,santa maria madalena,RJ,1,2017-09-09 20:33:21,229.0,229.0,1.0,216,229.0,0.004608294930875576,0
08fb48675dd414001931daa99d6e2ea2,e46a2eddf7869bfa54f38f03ef2bbd0f,13630,pirassununga,SP,1,2018-02-11 13:10:24,99.0,99.0,1.0,61,99.0,0.016129032258064516,0
d24d71f630561a1fae69125e435ad612,1cafd5f02196f54ff217148cecc4c3fe,13670,santa rita do passa quatro,SP,1,2017-06-17 23:04:21,64.0,64.0,1.0,299,64.0,0.0033333333333333335,0
809e6813ae5c0e032f08df8c91a3f8c2,f39c2c384f9552231e294ac46f5aa6c9,14600,sao joaquim da barra,SP,1,2018-03-08 16:09:36,128.0,128.0,1.0,36,128.0,0.02702702702702703,0
cc3e81acaff70da9f1f6bf9fa1430550,ce8b665ad7a00dfee2a4fbd19dedb82a,20551,rio de janeiro,RJ,1,2018-02-14 18:27:03,443.0,443.0,1.0,58,443.0,0.01694915254237288,0
9077d1906497e0ebf4d30e38ca07c5a0,dfe152660626bd0a3a9d6fc4c1e39420,95700,bento goncalves,RS,1,2018-03-10 11:16:54,126.12,126.12,1.0,34,126.12,0.02857142857142857,0
1557a1c24daba73fb59e9291482064a4,2d5e5796e7901464c00407e69739c6db,26515,nilopolis,RJ,1,2017-06-19 02:15:55,99.9,99.9,1.0,298,99.9,0.0033444816053511705,0
375cbd7523ce85e60375cb07a0dabc63,1b9c1eef78928e589cc148c3085da9cd,21235,rio de janeiro,RJ,1,2017-10-15 18:20:05,21.9,21.9,1.0,180,21.9,0.0055248618784530384,0
bdb07c4ef56b510b835265bfdfbe8319,209e5691e2cda59cd71e45417d7f95a2,89190,taio,SC,1,2018-01-08 13:14:48,89.9,89.9,1.0,95,89.9,0.010416666666666666,0
bd58622db04785254b864cb9025f900f,e75ae2755c9f690e4a258de2ed2fdfe4,36033,juiz de fora,MG,1,2017-05-21 19:07:46,59.9,59.9,1.0,327,59.9,0.003048780487804878,0
fa4cbecd3769852b295dd7f1072f860b,11c544bcf003c0ba2817787a6e1fa69f,74365,goiania,GO,1,2017-07-27 09:24:18,79.9,79.9,1.0,260,79.9,0.0038314176245210726,0
34fd70c1a2c8eb090994690ff3cfdd0c,4ee589f9106af7d7ec3ec8ab8c1bd7cd,8330,sao paulo,SP,1,2017-11-24 22:38:15,32.99,32.99,1.0,139,32.99,0.007142857142857143,0
aa9b819478f905f30084bbe6bf305687,3bd5a2372bfc1a1a6b57ba52cd4b7697,88940,timbe do sul,SC,1,2017-12-26 14:47:27,84.9,84.9,1.0,108,84.9,0.009174311926605505,0
fa5aaf3631ab1075fcdb95fa8e10cad5,ec0f5b4fe392d71f361112c1b508b707,58428,campina grande,PB,1,2017-07-06 16:33:09,118.9,118.9,1.0,281,118.9,0.0035460992907801418,0
96ca69bfa1a8b97847ced6f03bed4e79,103618505393998f2192cb78f7bab338,98590,santo augusto,RS,1,2017-08-11 17:40:19,50.0,50.0,1.0,245,50.0,0.0040650406504065045,0
26e1d3ea21548a63b4679f4e93f807cf,0101da21926315ddd81d190e0ec40440,5054,sao paulo,SP,1,2017-10-25 22:06:10,139.99,139.99,1.0,169,139.99,0.0058823529411764705,0
4a3d5744c281ca00b0662c8d46d6c484,3c7a790abf33cca4c72b6f857fb48612,30150,belo horizonte,MG,1,2017-09-20 14:40:12,159.9,159.9,1.0,205,159.9,0.0048543689320388345,0
57f6f5c93d7539325e2dc331531db4a3,7fa29a33be80d8411d8e0ee07cb70e46,37220,bom sucesso,MG,1,2018-03-06 14:31:23,19.9,19.9,1.0,38,19.9,0.02564102564102564,0
bc397c0f4a4ec217c911dadb0b9da61e,d0145502f422d4a9387f75186674f29a,37590,jacutinga,MG,1,2018-03-21 16:06:48,120.0,120.0,1.0,23,120.0,0.041666666666666664,0
dfca6da6e209a7dd53a4d43036e8288a,acf44dfee8ef086ef411e130c9b7e23d,7071,guarulhos,SP,1,2018-03-05 23:23:04,449.70000000000005,149.9,3.0,38,449.70000000000005,0.02564102564102564,0
779a4dbe2c7972c54b324e89494644a3,5a44e130874459fac090d9bfec3aa079,20740,rio de janeiro,RJ,1,2017-03-20 19:52:56,186.15,186.15,1.0,389,186.15,0.002564102564102564,0
36d39e3b372efc3bbed5188c23d0d1ca,3bd08ce268152ada1de9eccd7d7e0911,28300,itaperuna,RJ,1,2018-03-04 11:13:39,89.9,89.9,1.0,40,89.9,0.024390243902439025,0
0ee56fa64a206a89ed83c7fa61a81132,903fbb42dd3425b72bdd238a0cb18d4e,71906,brasilia,DF,1,2017-12-28 15:58:06,25.49,25.49,1.0,106,25.49,0.009345794392523364,0
b7af91e583caf05ac071ad39e1d86700,731ea3afd190908a9cbed04f42aa51e2,11460,guaruja,SP,1,2017-11-27 18:39:50,179.8,89.9,2.0,137,179.8,0.007246376811594203,0
2798733b7befaf90112c6730fcf737ce,fbb6fa8c3e376f1c0dd9b072fc70f57c,42800,camacari,BA,1,2017-07-15 12:56:35,31.9,31.9,1.0,272,31.9,0.003663003663003663,0
c495ae8dfa83b158b111fc7b8304f032,55f8517e3e572aa06923169cf5d0b011,13480,limeira,SP,1,2017-12-01 09:21:49,81.99,81.99,1.0,133,81.99,0.007462686567164179,0
f66491ab775d85d3a33e23dfee765c38,f6030ebda57dc3e11cbc0964c2a9757f,2518,sao paulo,SP,1,2017-02-01 15:21:50,269.0,269.0,1.0,436,269.0,0.002288329519450801,0
c40a08638e25d9ff9932fbf1fec9f155,07489df2af9f3c943921ab6cda4c7202,54460,jaboatao dos guararapes,PE,1,2017-11-30 10:17:54,24.9,24.9,1.0,134,24.9,0.007407407407407408,0
c778451490bd2d62f6748492ed4068ac,ec243bf26b7986b3aa3d3e60c02405dc,30575,belo horizonte,MG,1,2017-11-15 13:09:18,196.5,196.5,1.0,149,196.5,0.006666666666666667,0
50ef4067638c55d3a31c306fda104538,be1144bfbbaa4e1957603da3d9555eb7,67200,marituba,PA,1,2017-12-28 11:57:01,94.9,94.9,1.0,106,94.9,0.009345794392523364,0
4cc3ed3fc6926d0c87ca70e1ed88ca8e,962fd96f9e3e0e450d88688e6daaadb8,29302,cachoeiro de itapemirim,ES,1,2017-11-24 01:03:34,99.9,99.9,1.0,140,99.9,0.0070921985815602835,0
f102cb15ec41ca30fa2902da06495f6b,6e896394a8caa8730dfc4db1d8de3e10,6655,itapevi,SP,1,2017-01-30 17:00:09,238.9,238.9,1.0,438,238.9,0.002277904328018223,0
80aecbe9841e2594daf4211199cec79b,f34e9f318400ab43aece943bf7d6c6ef,13290,louveira,SP,1,2017-08-07 17:35:03,49.99,49.99,1.0,249,49.99,0.004,0
48da70fef4fd152e49be10586753ca91,b8001c990e7756d3035a41bdf291affa,11015,santos,SP,1,2017-12-08 15:56:32,29.39,29.39,1.0,126,29.39,0.007874015748031496,0
378b0c05cdee7a4b9c41dc83b97c216c,2d26a728f5daccc16d2b22088f6ba7c4,4004,sao paulo,SP,1,2017-12-05 19:02:38,49.99,49.99,1.0,129,49.99,0.007692307692307693,0
3c7715574eb863d82a63267e28c264c4,c3b9ecc5d90125a61bae63c6f036d144,18050,sorocaba,SP,1,2018-02-24 18:22:44,9.15,9.15,1.0,48,9.15,0.02040816326530612,0
5fc71ad3dce68409800df24dcad0288a,8ed3074c72a4041a0dc8bf2028892fab,3911,sao paulo,SP,1,2017-09-25 16:06:20,75.9,75.9,1.0,200,75.9,0.004975124378109453,0
cca900d7aa2126cfaacbb583cd0432e4,19011594467d967c919584968680d994,14090,ribeirao preto,SP,1,2018-04-11 14:35:13,74.99,74.99,1.0,2,74.99,0.3333333333333333,0
c8a973f6bdd3f34ad7e9bcc84e9b6fae,0399fc306dd05be4530b4df550736685,95320,nova prata,RS,1,2017-03-22 20:23:47,119.9,119.9,1.0,387,119.9,0.002577319587628866,0
52e6df27100d10fcf3d0e809345e9926,33f7721aa2f222a4e896d017d25f5d88,4058,sao paulo,SP,1,2018-03-03 20:49:01,18.6,18.6,1.0,41,18.6,0.023809523809523808,0
2d2c4e5a4b0840c87a09fb9ecc7ef144,23b38ab82b8bcb3dad15aa9140ed82af,5011,sao paulo,SP,1,2018-02-11 23:27:18,12.25,12.25,1.0,60,12.25,0.01639344262295082,0
6efaf0b3597440cb86693d1fe9aad5fc,ddb5ae1911306999e95e6af661b95113,60711,fortaleza,CE,1,2018-03-18 19:20:24,349.9,349.9,1.0,26,349.9,0.037037037037037035,0
4d3abb73ceb86353aeadbe698aa9d5cb,f736308cd9952b33b90b9fe94da9c8f5,56912,serra talhada,PE,1,2017-10-27 16:51:00,220.0,55.0,4.0,168,220.0,0.005917159763313609,0
341a66f90b16b33339ff0c9dda9f7fc0,07ce36019780a3adda8195a6a01a00c5,4904,sao paulo,SP,1,2017-02-14 16:04:04,21.9,21.9,1.0,423,21.9,0.0023584905660377358,0
49c9dbcc5c5326a91545d815205828d9,f7b21bd1e2457a8011c46f11e2bb6a8d,5887,sao paulo,SP,1,2018-01-12 16:51:23,93.97,93.97,1.0,91,93.97,0.010869565217391304,0
cf77e5af5f520eacce45789f54a49312,f5c4966b33803ed39aaacd1358de8d60,1307,sao paulo,SP,1,2018-01-30 21:54:57,68.0,34.0,2.0,72,68.0,0.0136986301369863,0
cc4d7af7a584bf8b5bca2dca7e2200c5,985fccdd64c8bc1481a38522081a199b,59020,natal,RN,1,2017-12-24 19:01:26,49.99,49.99,1.0,110,49.99,0.009009009009009009,0
d7b03ef4577510e4de7c52b45b689d81,309e1cb25be3876e77e5070fcd9cb063,53130,olinda,PE,1,2017-10-06 19:38:37,169.39,169.39,1.0,189,169.39,0.005263157894736842,0
8410370c867c4cae1510ff62163cec28,07f128adacba85a6424f2f160812f487,17012,bauru,SP,1,2018-01-21 11:08:14,159.0,159.0,1.0,82,159.0,0.012048192771084338,0
4579d869bafb50f24c4bc5cf3ad6b17b,95df5159db6002b35b9c645006abb4a7,39915,mata verde,MG,1,2017-10-19 10:40:16,899.99,899.99,1.0,176,899.99,0.005649717514124294,0
a55be87e0827244fc065dff0bd28b41b,325bdb07397fb78bf188c812e3c16ef7,13295,itupeva,SP,1,2017-11-03 19:20:02,56.99,56.99,1.0,161,56.99,0.006172839506172839,0
ec36973ada72d7c55461ad8f996586d7,b77e57099c3699d020fbde9380a7e0b7,13087,campinas,SP,1,2018-02-13 12:30:17,59.99,59.99,1.0,59,59.99,0.016666666666666666,0
c472988a47385f32f643e80c99f65275,61529941acc99df00c250ccd4f44dd9a,81630,curitiba,PR,1,2017-09-21 10:46:08,104.0,104.0,1.0,204,104.0,0.004878048780487805,0
e26e08c2affcb04408e2f30cb37abbaa,e2b062e8d4636ab2d99a8e675d7f7f3d,19700,paraguacu paulista,SP,1,2018-01-25 16:27:59,180.0,180.0,1.0,78,180.0,0.012658227848101266,0
31c11dc04a7d1ebdedc4cdb2571b289c,b963d9e2272480931db1d193026794c6,3361,sao paulo,SP,1,2017-03-18 15:15:05,199.9,199.9,1.0,391,199.9,0.002551020408163265,0
863464634cc4fc94f9d67cd9da10cbfe,a38b86dce31f7c014a0c958b548f6a64,35420,mariana,MG,1,2017-03-31 21:18:25,17.99,17.99,1.0,378,17.99,0.002638522427440633,0
1bd7e7f56fdc321a90128087e3e3e220,3dee4ec14c3ac9f45636ac5862ac0e94,91920,porto alegre,RS,1,2017-11-05 10:22:00,189.9,189.9,1.0,159,189.9,0.00625,0
378d61367c6ec285314c674bb3398b4c,643ac5cffa27ad03228b9c16a186dc09,14094,ribeirao preto,SP,1,2017-08-07 20:16:06,65.63,65.63,1.0,249,65.63,0.004,0
78a0a4fe355394a8f2ab9efd5fa38206,44b5ed236201a54be80b177c14cc9379,7243,guarulhos,SP,1,2018-02-09 02:14:32,13.99,13.99,1.0,63,13.99,0.015625,0
8c3c65fe9b99f72cf45b51959a335c0e,465f1e1202e361c430bfd33b4f8e9dc4,4086,sao paulo,SP,1,2018-04-05 21:00:26,524.9,524.9,1.0,8,524.9,0.1111111111111111,0
97908817f277b94fa3948e5e7387a798,937bc5163f4494b82bfc7efcb728f123,94495,viamao,RS,1,2018-02-28 08:05:57,43.98,21.99,2.0,44,43.98,0.022222222222222223,0
4238889e66ea1c168b033007db7cdafd,89e8aa7dce19d96740b7004ff7a92b87,24466,sao goncalo,RJ,1,2017-06-07 17:43:32,69.0,69.0,1.0,310,69.0,0.003215434083601286,0
f30226ef42eaa266905c938a2ac58809,a6ea57f856565adf869941339028fa05,2929,sao paulo,SP,1,2017-11-24 13:21:09,158.1,158.1,1.0,140,158.1,0.0070921985815602835,0
f10a0728dd9a65395633cb333eead2b7,17ddaa61585b7b0ddda197f6135a8b29,63560,acopiara,CE,1,2018-04-07 16:26:45,199.9,199.9,1.0,6,199.9,0.14285714285714285,0
8ef98506a1de4da22a3fa9dada1de99d,71ff9a82c2c40d89c02d8867e73838ef,64057,teresina,PI,1,2017-10-03 16:44:09,119.9,119.9,1.0,192,119.9,0.0051813471502590676,0
3c168144a3500be8be77b8241548f421,bc252a491c1690f578415071c370040d,44900,irece,BA,1,2017-10-16 15:36:02,119.99,119.99,1.0,179,119.99,0.005555555555555556,0
86ebcb053082767a38cca1338ea45084,56b0ca904be7b0eeb32b90627b820f1a,44600,ipira,BA,1,2017-07-19 23:29:07,0.0,0.0,0.0,267,0.0,0.0037313432835820895,0
971d3c042d4f75a7dca4383881b21072,cbdc549429fc56c21e1213978d35cb53,13044,campinas,SP,1,2017-04-28 21:32:25,39.9,39.9,1.0,350,39.9,0.002849002849002849,0
436b199887f7e81fb5c2e059904ed20a,c6dd8fabb5c20145411c78830d5031ba,90010,porto alegre,RS,1,2017-07-31 00:26:33,29.0,29.0,1.0,256,29.0,0.0038910505836575876,0
f9627108e19721bd9781efd9f559abf0,80a18d7c92a893bcc6cab134034a698e,99270,sao domingos do sul,RS,1,2017-12-05 20:48:42,0.0,0.0,0.0,129,0.0,0.007692307692307693,0
23e74e2cca6193a0e238483464222068,30fac3a7d72060742bcbe7b787617343,21730,rio de janeiro,RJ,1,2018-02-11 17:49:44,227.99,227.99,1.0,61,227.99,0.016129032258064516,0
c4906d9f23c3ff2deb2941f5767f88d2,2f2291efd963e5eab2cf9bef51264c2f,30310,belo horizonte,MG,1,2017-11-13 14:40:45,196.99,196.99,1.0,151,196.99,0.006578947368421052,0
33ebaf9f5391d51bfc9fda523a759620,6dcaa300574e3c686c644a75debb23c4,19814,assis,SP,1,2017-11-28 11:40:40,21.9,21.9,1.0,136,21.9,0.0072992700729927005,0
95c149336929694fcd5da2490558f63d,cbadd040c9a964d2ad5686a742c37992,2615,sao paulo,SP,1,2017-09-24 15:40:19,89.8,89.8,1.0,201,89.8,0.0049504950495049506,0
7740afacd97ed42230c2d780d50f9936,75a2e0bd740611a5a4cf01fdef2e710e,57200,penedo,AL,1,2018-03-26 17:30:10,61.99,61.99,1.0,18,61.99,0.05263157894736842,0
ec66df2cb66dfda07c03050470e21f69,8c36d7644f5966816dcdd2d70b606eba,9050,santo andre,SP,1,2017-03-13 16:12:24,129.99,129.99,1.0,396,129.99,0.0025188916876574307,0
bc3b70c375396b2103e9a3189309a0b9,78d5cb63ea2fa0684904906f0e4c9c95,35903,itabira,MG,1,2018-04-04 14:22:03,78.9,78.9,1.0,9,78.9,0.1,0
65e49627d7bba63bb61dd3d9beabe1e5,17c800344e503d473c986b68e207fd43,9260,santo andre,SP,1,2017-05-16 11:44:40,49.0,49.0,1.0,332,49.0,0.003003003003003003,0
781aba8df3b1bb0efe7657a98f7412da,d264b217560e5f1bb611fa4a00580c61,36900,manhuacu,MG,1,2017-09-03 16:57:48,89.9,89.9,1.0,222,89.9,0.004484304932735426,0
a95a0af104d58114e3d3e9c52427ca7e,31ae1fbde983ad554ffdc217c824033b,12245,sao jose dos campos,SP,1,2017-09-26 21:12:04,29.9,29.9,1.0,199,29.9,0.005,0
a262ff96bd2edd5049f3e9a759232fe4,f0e4503675216b3763cac5b231b4c053,37706,pocos de caldas,MG,1,2018-02-28 14:23:31,149.9,149.9,1.0,44,149.9,0.022222222222222223,0
c769ac7a0fe2aaefe3ea85249f0aee54,be87b406047b972c87040be151cb5ec7,49480,simao dias,SE,1,2017-09-04 22:15:44,69.0,69.0,1.0,220,69.0,0.004524886877828055,0
585efd953bdf0c0feed085f3a757c9d0,bb54950f563e3830573427ca104ce447,20030,rio de janeiro,RJ,1,2018-04-05 12:28:28,129.0,129.0,1.0,8,129.0,0.1111111111111111,0
929895edb644a1fbb7636ae6555fdf43,57d549a3a27257ebfc933d60c52e4a42,86010,londrina,PR,1,2018-03-23 19:24:16,349.9,349.9,1.0,21,349.9,0.045454545454545456,0
d9916b700aca9e5f6b62ae0b61d90f46,9bd5f2d4a5f2bcef49c69b884b784eb0,20550,rio de janeiro,RJ,1,2017-07-19 11:42:11,29.9,29.9,1.0,268,29.9,0.0037174721189591076,0
1f20251f6c6f041933cb5b7d996795d6,c2c785acf52254d060c43d2573f3c5e0,12530,cunha,SP,1,2018-03-19 13:21:27,219.0,219.0,1.0,25,219.0,0.038461538461538464,0
bcd6cf41abb52c34fbc0c481bc144eb9,d67c054dfcbdfea828a6be99b13f8207,4363,sao paulo,SP,1,2017-09-25 22:10:11,44.99,44.99,1.0,199,44.99,0.005,0
c5ee29a7bd87f451fb68f5d6ee2d8cc6,190291429a0d2886dfd20d2372779d72,30130,belo horizonte,MG,1,2017-07-28 18:35:48,29.9,29.9,1.0,259,29.9,0.0038461538461538464,0
a32c679c1442b98bedec979ba6015019,256c50d7f5553a7b3fff796fed6e39f3,38408,uberlandia,MG,1,2017-07-20 08:41:22,49.9,49.9,1.0,267,49.9,0.0037313432835820895,0
8a0108267d9258a0ec9f74381bc9b0de,7a2dc4682890550ebe3b8befcea3d55c,69900,rio branco,AC,1,2018-03-04 23:38:00,69.9,69.9,1.0,39,69.9,0.025,0
a3a1aad42cd8cf0be115ba5dd3b49db5,0d936d4fc643057083df630a57c0ff03,53010,olinda,PE,1,2017-04-28 20:13:41,59.9,59.9,1.0,350,59.9,0.002849002849002849,0
573dc06cd01ce38087680e66d886a1c0,6e6623d8c8c95ef0dd34d534391632ee,9361,maua,SP,1,2018-01-31 09:21:15,38.9,38.9,1.0,72,38.9,0.0136986301369863,0
cb633030180d869d7bb76aa783a78b6d,bdd790f120738cf7ae6c93b292f4dad2,4726,sao paulo,SP,1,2017-07-04 23:29:52,205.0,205.0,1.0,282,205.0,0.0035335689045936395,0
ceb7e01a91f28cc8b5e10d35c7a7f376,f3bf0f4119f0541b3bc66ab4dff2a177,72930,alexania,GO,1,2017-03-09 18:59:23,113.98,56.99,2.0,400,113.98,0.0024937655860349127,0
ecade4bf0c41319e2593fd5a10e7a5a1,3a78549a86b2868dea4bea2d1d95a513,35790,curvelo,MG,1,2017-09-24 10:31:10,89.9,89.9,1.0,201,89.9,0.0049504950495049506,0
34a181fed533272fed37fddcd45625a3,4f88e6285f805c9a823ba23291a65ca3,26276,nova iguacu,RJ,1,2017-11-13 17:05:52,79.9,79.9,1.0,151,79.9,0.006578947368421052,0
feca784ce427334208c8df149c58bee4,5dcc06236098340b984e6865ba850593,9581,sao caetano do sul,SP,1,2017-03-28 17:24:46,45.0,45.0,1.0,381,45.0,0.002617801047120419,0
914da1312815b7c40998d118f56fd88f,92a14f8723521366ecb62c659f2df588,18650,sao manuel,SP,1,2017-03-17 11:15:39,849.0,849.0,1.0,392,849.0,0.002544529262086514,0
51f2623fd1886cc6e5c101511c7bac6a,4bdcdfb56a556bcae9566c084d959ce8,20220,rio de janeiro,RJ,1,2018-01-05 03:30:49,64.99,64.99,1.0,98,64.99,0.010101010101010102,0
cdebdd9b0e6d04c6a6c2ac526fc081e2,caea4a019afe0ea13b6092c93af7943f,96065,pelotas,RS,1,2017-01-29 16:00:36,129.99,129.99,1.0,439,129.99,0.0022727272727272726,0
200c580999cc1e2c937f6e2f82eb04d3,bf6504419e536f7c4c2461ebb0689d48,5592,sao paulo,SP,1,2017-06-29 00:20:21,91.98,45.99,2.0,288,91.98,0.0034602076124567475,0
9a3cefd7682653a40d7301eed503fa8c,ae125deb6091835d2ccbe346cd573798,41815,salvador,BA,1,2017-12-18 20:42:39,79.0,79.0,1.0,116,79.0,0.008547008547008548,0
7ffa51ecfefb0fd06f8d129402ff5df7,86d1c2012f7136f72e39dae07cd3993d,88750,braco do norte,SC,1,2017-11-17 19:49:47,165.9,165.9,1.0,147,165.9,0.006756756756756757,0
ed4976f12ee52ce5ae8a150b4c74eb81,17919b552a9af25c09433a3c2a077dc5,4750,sao paulo,SP,1,2017-09-13 15:04:22,55.9,55.9,1.0,212,55.9,0.004694835680751174,0
533697c445aa1e22114261e14760499c,453ce07f76948be7ebd8097781d4285b,18240,angatuba,SP,1,2018-03-05 06:17:17,125.0,125.0,1.0,39,125.0,0.025,0
e98b6caaa9a23d78a283f65cec39e73f,c21544a84de178a597642d0a968de1d6,12944,atibaia,SP,1,2017-07-14 19:52:29,258.9,258.9,1.0,273,258.9,0.0036496350364963502,0
ea65ed9eccb0fbc782b22c52d38ec8cf,3c53f54916a46e0c961e0343bea7acb2,5551,sao paulo,SP,1,2017-12-08 11:57:49,64.99,64.99,1.0,126,64.99,0.007874015748031496,0
48cabebc3016b12079f4d41904c645b3,7bf1c59401206e31a78523077f3a1144,5521,sao paulo,SP,1,2017-08-03 15:41:08,109.9,109.9,1.0,253,109.9,0.003937007874015748,0
730769d8a5103f14d741ad1706e1c352,56181f89940ab3c08ebc6e7749ec6f3d,16300,penapolis,SP,1,2017-04-22 18:49:48,335.0,111.66666666666667,3.0,356,335.0,0.0028011204481792717,0
d7f9d42d9ed5c5d53824a2c8be1b64b5,1a92c813c2da6316af4ffc3b47feb31a,3688,sao paulo,SP,1,2018-02-02 13:45:00,53.99,53.99,1.0,70,53.99,0.014084507042253521,0
8939553de56703df40f815afc4786730,0d46fe250a42969e1c64feb1b8747159,56200,ouricuri,PE,1,2017-08-09 12:13:32,129.99,129.99,1.0,247,129.99,0.004032258064516129,0
9e3a06f863456c3934b9d26037c119cd,d2c89ba54e6cf93abd4ea9bb9e9fbf73,18682,lencois paulista,SP,1,2017-07-22 19:16:47,48.0,48.0,1.0,265,48.0,0.0037593984962406013,0
2681dd5a56e6af9f8f13fa055acef08e,31dc9653bb29d062873243d5f988cd74,87045,maringa,PR,1,2018-02-19 20:50:15,122.99,122.99,1.0,53,122.99,0.018518518518518517,0
02752ad42b3d725c49a1194731564a0a,a9d11922783fc20e62740e6126b47c26,28995,saquarema,RJ,1,2018-01-08 18:19:20,86.9,86.9,1.0,95,86.9,0.010416666666666666,0
3485f92e08e0edca25ef4e62b4566631,bf71e1d9dd5f362875657a46ca04fb28,12620,piquete,SP,1,2017-07-03 23:02:33,59.5,59.5,1.0,283,59.5,0.0035211267605633804,0
3842f59262a8439427f8fe9da5e62286,6223bdc5aab952ee49dea3511f89e7ec,83705,araucaria,PR,1,2017-11-21 10:28:26,216.0,108.0,2.0,143,216.0,0.006944444444444444,0
852daf7fcc8c2af8f7dd380a8c47c943,20bc73a6fe3792c8e2c685f4da302c3a,44094,feira de santana,BA,1,2017-07-17 20:39:31,129.99,129.99,1.0,270,129.99,0.0036900369003690036,0
f2507ea56d748a23037bb1214964e87d,a52bfe7e888fed876a3ca5d66cbe7611,5835,sao paulo,SP,1,2018-03-23 11:48:15,27.0,9.0,3.0,21,27.0,0.045454545454545456,0
a2525dd8bdfff742ec033935e24d66ec,afd7854781ccdc3222b69421f9c7c6ee,70293,brasilia,DF,1,2017-03-05 20:49:55,29.9,29.9,1.0,404,29.9,0.0024691358024691358,0
b44d98adfa0a51737b0cf5e4c2bf46e6,918e9c95f08a0e9985ad288f5f361165,6433,barueri,SP,1,2018-01-10 12:05:55,169.0,169.0,1.0,93,169.0,0.010638297872340425,0
27b295de7abd15ea08c2dcaebb4a3666,a0d44d593fe455c0ec7ed8f4715190cb,1451,sao paulo,SP,1,2018-04-02 17:34:41,89.9,89.9,1.0,11,89.9,0.08333333333333333,0
a71c238a73216055be790a966f67ab94,cf889b2eda044478e51f49a8818c8023,14750,pitangueiras,SP,1,2017-08-06 19:40:37,49.9,49.9,1.0,250,49.9,0.00398406374501992,0
f8989c74d32c636246efc5f2b72213b9,27e52e8a9bc529fec96ecc9c7e0531df,7134,guarulhos,SP,1,2018-01-22 13:24:48,69.9,69.9,1.0,81,69.9,0.012195121951219513,0
606e15b0421657a42751adbc793efd2c,0ad5b33e65fd26983d6c0dc889a5ed3a,3876,sao paulo,SP,1,2018-01-08 22:06:13,61.9,61.9,1.0,94,61.9,0.010526315789473684,0
766a6dd9d0045e8462f001462976ff99,93ee2943387bb64b98d15c1843c65503,4039,sao paulo,SP,1,2018-02-06 16:17:58,47.9,47.9,1.0,66,47.9,0.014925373134328358,0
641ab097b6b9e0e84304f759f2b6f78e,17f4da5698e587db8e94689e236e3335,9892,sao bernardo do campo,SP,1,2018-02-21 14:55:39,49.9,49.9,1.0,51,49.9,0.019230769230769232,0
26202d9135bddbb2c51320f58bfbc92c,2905b849bf0a00d6a7ba32923aa3db3f,24230,niteroi,RJ,1,2018-01-14 23:29:25,49.99,49.99,1.0,88,49.99,0.011235955056179775,0
6ca4dcf487355859b92e1dbdb1d3238b,430a7c17e079570adf0b57311e500a5c,13901,amparo,SP,1,2017-07-21 22:12:35,99.99,99.99,1.0,265,99.99,0.0037593984962406013,0
3d25dcab79dd4d05a92125f189ca327b,fe5be7af0172f95e54c5158427804d67,26290,nova iguacu,RJ,1,2018-03-12 18:55:23,38.9,38.9,1.0,32,38.9,0.030303030303030304,0
cb93948c1a93db0f9f2ccb86b85efa6e,dceb7911ff2c7e2a5ab987c87172ab40,9606,sao bernardo do campo,SP,1,2017-12-29 14:22:35,18.0,18.0,1.0,105,18.0,0.009433962264150943,0
a04fa231bd8eb0e52359e9882eb0f266,5650c85bcdef051d8bc16e0771747686,17515,marilia,SP,1,2017-12-11 17:06:48,56.99,56.99,1.0,123,56.99,0.008064516129032258,0
ed71d2c3a3ac53a772b0e8e9db89cc20,db5b5f882178662b38134fb75c2e22ec,91230,porto alegre,RS,1,2017-12-23 14:11:57,599.0,599.0,1.0,111,599.0,0.008928571428571428,0
fac3ea363fc5621bc4b66c92de5e94f0,e4a37948479bc5b38ab66ebc6d9e89a5,16018,aracatuba,SP,1,2018-03-07 19:30:53,230.0,230.0,1.0,37,230.0,0.02631578947368421,0
4f31f3e86acb37ec0ae7101e01917335,aa01e4499023e8a410adc9476261ce02,78390,barra do bugres,MT,1,2017-11-04 11:52:53,80.0,80.0,1.0,160,80.0,0.006211180124223602,0
21aa64991ef081388f1b8332dc857f71,9fac43aa54264482209de2caf29b084c,71675,brasilia,DF,1,2017-06-13 12:19:10,51.96,12.99,4.0,304,51.96,0.003278688524590164,0
8a720123cd5c180513f6340bc717824e,75fe145e64986de933b893642277d8a9,30380,belo horizonte,MG,1,2017-03-12 16:26:20,109.99,109.99,1.0,397,109.99,0.002512562814070352,0
94ee6021bdba29d170096b11229abdc6,ae254c1e6f7c4a1cc201f92b11c2b671,36680,sao joao nepomuceno,MG,1,2018-02-25 19:31:36,33.9,33.9,1.0,47,33.9,0.020833333333333332,0
936142b381374fdae2041552d1743af7,bc2387c48428a2e128eaa3d5b18b3591,25750,petropolis,RJ,1,2017-01-22 13:49:37,49.9,49.9,1.0,446,49.9,0.0022371364653243847,0
07bd847cf908eef9d0191a253bca90a2,80a50af51d391652a47c16d0ebd51fbc,21221,rio de janeiro,RJ,1,2017-05-16 15:09:52,139.99,139.99,1.0,332,139.99,0.003003003003003003,0
bc45a57dc2dd1214356af83eb57a46f3,a2592ff872c8acbdfa3f2c6275375338,13276,valinhos,SP,1,2017-04-10 15:14:47,299.99,299.99,1.0,368,299.99,0.0027100271002710027,0
e02193584f54356ced74568c39966cdd,fb3a2a76d5a443d3fb12048642c0dfc3,11622,sao sebastiao,SP,1,2017-12-14 21:08:59,449.9,449.9,1.0,120,449.9,0.008264462809917356,0
254b177b6a8e7c54a3216c70c77453d4,98a6680f69a45da8df54e74a91818ff1,69915,rio branco,AC,1,2017-06-23 04:46:53,25.99,25.99,1.0,294,25.99,0.003389830508474576,0
50117c5a5e5835462f0b883c2deca4e6,e51efefcf76a095a370c27d90d0263a7,13280,vinhedo,SP,1,2017-05-03 13:06:02,59.74,59.74,1.0,345,59.74,0.002890173410404624,0
e2fe7e66eea033448291e758ade41374,7f026b691ea1412764f542864a478e63,78250,pontes e lacerda,MT,1,2017-10-01 22:55:25,109.82,109.82,1.0,193,109.82,0.005154639175257732,0
9666b03410dc81655aabf99feea813ba,73a04ac8f87c858cc6116e8da8a957b0,88140,santo amaro da imperatriz,SC,1,2017-07-28 14:15:36,59.9,59.9,1.0,259,59.9,0.0038461538461538464,0
1b373354ee8504335880567cbc6447f4,4dd4862366d29145386ec1c6ce5852f4,30421,belo horizonte,MG,1,2017-11-24 14:33:35,199.8,99.9,2.0,140,199.8,0.0070921985815602835,0
823f621f5037d971a15b0cb861f8c554,b1dede4db8218754b7f4fbe2c60cf162,1407,sao paulo,SP,1,2017-11-24 10:31:52,19.99,19.99,1.0,140,19.99,0.0070921985815602835,0
f0b486ffd24a678cd2050bc29d3678c4,53feb85c4073c914e22ad240338f20db,17515,marilia,SP,1,2017-12-05 10:56:31,39.9,39.9,1.0,129,39.9,0.007692307692307693,0
dfa72a0a96072c02965f24972c7efbcb,d340d15ea6dfba6466acc80adb91b863,83414,colombo,PR,1,2017-11-24 11:10:54,109.9,109.9,1.0,140,109.9,0.0070921985815602835,0
554df975298823cc6dec4fe5334583e6,80612c407e8897e64a8e8ec4dbfa9fc6,45656,ilheus,BA,1,2017-08-01 18:57:56,119.0,119.0,1.0,255,119.0,0.00390625,0
1d9661a2b5132a10361202e6d79235a0,4da5e4516dfe9be3e6c06902659e0c9c,60813,fortaleza,CE,1,2017-11-05 16:26:43,70.89,70.89,1.0,159,70.89,0.00625,0
ae5ebdc6de8a5f0bb49b5a3cb50c661d,8662cfd7c896db5d197d2df12ae06bd6,16600,pirajui,SP,1,2018-02-12 18:10:07,99.0,99.0,1.0,60,99.0,0.01639344262295082,0
4cad8026a6d4456f6dca8c9c40e0f349,816daa6ba305039a70aac15999e867d8,64806,floriano,PI,1,2017-10-13 08:57:11,70.9,70.9,1.0,182,70.9,0.00546448087431694,0
30a950c5bfeb5af9fa8ecb7bbb0f38f6,9eaf3cad24842d2e76c376119e26bfa8,36010,juiz de fora,MG,1,2017-05-16 09:53:59,889.9,889.9,1.0,332,889.9,0.003003003003003003,0
c259c8db30799313c68a6d56731821fb,f24be44b82d7396af2d32b180e8992c7,24020,niteroi,RJ,1,2017-09-28 16:55:37,79.9,79.9,1.0,197,79.9,0.005050505050505051,0
5def259225633d139dc0132b6454620b,09ab36a420b5c87c5c9772bdb494f2e3,48130,aramari,BA,1,2018-02-24 23:18:14,109.9,109.9,1.0,47,109.9,0.020833333333333332,0
2f9e8eaed5dc638e5b884a9a37268fca,ead79f0f7e56bfe34b76c5712e623363,35701,sete lagoas,MG,1,2017-01-29 00:31:42,124.0,124.0,1.0,439,124.0,0.0022727272727272726,0
cad14e9f8dacf575e0b90fc0b9415c49,d93a08c460dff5992a41ad3d515f6847,9371,maua,SP,1,2017-12-27 08:56:52,76.6,76.6,1.0,107,76.6,0.009259259259259259,0
f55f4c4973760ee7f6e170381f993729,5f7e323ba8de54fb80b8abcc744f44a3,3562,sao paulo,SP,1,2017-08-21 18:42:30,119.9,119.9,1.0,235,119.9,0.00423728813559322,0
ca970e8045a80d7bfb9b994b321439f8,74e74be63457c0c8a4c6516d56b4f976,26040,nova iguacu,RJ,1,2017-08-14 00:22:36,0.0,0.0,0.0,242,0.0,0.00411522633744856,0
63dc3330b02ced597f3079f1693f96d2,d74c05ce039e3e0dff168149a8878c11,98430,palmitinho,RS,1,2017-07-26 19:48:33,69.9,69.9,1.0,261,69.9,0.003816793893129771,0
4796c2456460470023bd65ce1ee39f6f,11e95918d6816403858e8314a3503f4c,3333,sao paulo,SP,1,2018-01-18 09:03:18,39.9,39.9,1.0,85,39.9,0.011627906976744186,0
30ebfe368495892e79bfff3773635c77,5bec363c0c3280fa275b0a5cffdfaab7,22410,rio de janeiro,RJ,1,2017-07-31 12:43:21,14.9,14.9,1.0,256,14.9,0.0038910505836575876,0
3ee82f4a953ea7f018f21457044917f3,3080dd7d098635fb30d2c61822d5c055,95780,montenegro,RS,1,2017-07-15 19:04:37,667.0,667.0,1.0,272,667.0,0.003663003663003663,0
fd5e7ef8ebb833e81b09dc6c1afc92fe,5b143240c381316b9b1dc332176b4a71,36157,piau,MG,1,2017-07-03 20:08:35,99.99,99.99,1.0,284,99.99,0.0035087719298245615,0
bd2e6223ef80789bab4a7b8e50db1991,b482320c05978ae983c969e80a9a259d,36887,muriae,MG,1,2018-01-13 22:27:18,128.56,128.56,1.0,89,128.56,0.011111111111111112,0
53cc124c5fe39077134aa18974738d60,028c1f3fd0bcc7a92d6d4190f6c08ff5,12243,sao jose dos campos,SP,1,2018-01-13 17:26:02,56.0,56.0,1.0,90,56.0,0.01098901098901099,0
9502835f586a82df0f723afcf4ce8350,bc7ff4e1a010b6fb79625a1f54b4ed4f,29166,serra,ES,1,2018-01-21 13:47:57,299.9,299.9,1.0,82,299.9,0.012048192771084338,0
6832faea23b41f6821642d1933cdee33,acf2cd7adae2fecaa8f232f5593ddfb8,30190,belo horizonte,MG,1,2017-10-21 12:01:09,31.9,31.9,1.0,174,31.9,0.005714285714285714,0
346cf831cf5480e8955e249de733c9e9,c782304d24ba15ab653d383cffe41462,18720,paranapanema,SP,1,2017-05-10 15:34:32,27.9,27.9,1.0,338,27.9,0.0029498525073746312,0
62706c69dffb58ed1f0837001386a5bc,d5dda4b4a4ac3dfcd42cb5bd41ea3ea3,89610,herval d'oeste,SC,1,2017-03-27 23:22:29,89.9,89.9,1.0,381,89.9,0.002617801047120419,0
ae6fbbdb93a894dc2db14cb8e0414155,636c1718d558842a48abfd2f26dce2d7,55940,condado,PE,1,2018-01-05 15:39:27,119.9,119.9,1.0,98,119.9,0.010101010101010102,0
5612114672ad64e961d09613b8f196e5,2c887d4ebb9615a02c2a43b2fbea9108,4112,sao paulo,SP,1,2018-01-17 16:48:17,79.9,79.9,1.0,86,79.9,0.011494252873563218,0
f4d603262cb2ec87b7b6fc431853f3e7,305d75656a49eba060310daf4b4a9898,30112,belo horizonte,MG,1,2018-03-19 16:29:25,139.99,139.99,1.0,25,139.99,0.038461538461538464,0
88d6b2fc68f377ccaf29bfa20fb5064a,ae96c3169b362a4dd934aa4566327bcf,29090,vitoria,ES,1,2017-08-29 20:25:43,15.48,15.48,1.0,227,15.48,0.0043859649122807015,0
45f6cd0d5df906042e1828a4cd5a095f,0f7e428084c3b6a570b7cac5627de597,13223,varzea paulista,SP,1,2017-10-22 18:57:54,65.0,65.0,1.0,173,65.0,0.005747126436781609,0
4f8f6289df8456b49b78cc4ad0d7ec36,53fdf7edf2ba81aa35dc9941e7d252d1,30411,belo horizonte,MG,1,2017-10-09 19:12:40,124.9,124.9,1.0,186,124.9,0.0053475935828877,0
968e561e3d26d0ab0eba0978942f2806,d97d249adb08a313a18cbde00620769a,40210,salvador,BA,1,2018-03-15 11:54:21,829.0,829.0,1.0,29,829.0,0.03333333333333333,0
8b58775be04ef0b69a293030dc8f2bfe,d6b45d2f14182819fbce312401313939,20261,rio de janeiro,RJ,1,2017-08-16 19:06:23,149.0,149.0,1.0,240,149.0,0.004149377593360996,0
48430ed054d8d4f37f6ee4f17bb2d920,faff4528095928ed7307472daf2417ca,70673,brasilia,DF,1,2017-08-16 16:32:17,84.99,84.99,1.0,240,84.99,0.004149377593360996,0
5d91eab7464c2c96d03a84c5e5377953,13e70df559f696f7207a7aca68585da5,18720,paranapanema,SP,1,2018-02-14 20:29:42,105.49000000000001,52.745000000000005,2.0,58,105.49000000000001,0.01694915254237288,0
5880e46677c68394bda62479fd673340,5dbba6c01268a8ad43f79157bf4454a0,69900,rio branco,AC,1,2018-02-17 21:51:05,109.18,109.18,1.0,54,109.18,0.01818181818181818,0
4c0048f0a288bf5711513c19ed659dc4,87991b39a8b2922ed296c0d0fc8b9126,45822,eunapolis,BA,1,2017-05-02 18:31:54,19.9,19.9,1.0,346,19.9,0.002881844380403458,0
b8e5f13a17dbba03c377de6deb70c588,a37d93a33143997c599b74d6d76562d9,13848,mogi-guacu,SP,1,2017-02-09 18:26:58,79.99,79.99,1.0,428,79.99,0.002331002331002331,0
fac8017d2afbb23689d675200ab9f5d6,bcc594f079ca81fa878026017937fa6a,4323,sao paulo,SP,1,2018-01-26 11:50:23,45.0,45.0,1.0,77,45.0,0.01282051282051282,0
dbf2ba9913dbfa7408f6ce58ef90b4e9,7ce3ea474d923206446660775b87a34b,3978,sao paulo,SP,1,2017-06-12 09:27:15,129.9,129.9,1.0,305,129.9,0.0032679738562091504,0
02754b1e0a87a51622b4a49cdac7cadf,d3fc34ba9517a510bc470a95c0207cbc,51190,recife,PE,1,2017-07-03 15:48:48,181.98,90.99,2.0,284,181.98,0.0035087719298245615,0
439ffed37d33decb0333fa07d362bad5,642d4a4ec3fe8cdf5f98ad76472fda22,40253,salvador,BA,1,2017-08-21 21:34:39,8.9,8.9,1.0,235,8.9,0.00423728813559322,0
ddf0fc4e5538bd1eef22bd8c2fb726a4,30f69ba98fe982ccf69f32845a94fc7f,45990,teixeira de freitas,BA,1,2018-01-19 11:24:21,49.9,49.9,1.0,84,49.9,0.011764705882352941,0
a0805912e4e6da6aa3419ac83ef9ba57,a2370b590b2453d5a748d4c4c35f900b,35540,oliveira,MG,1,2017-11-13 17:12:35,16.9,16.9,1.0,151,16.9,0.006578947368421052,0
4b62140bcbd887e90a27212db45d4226,9cab38f1aaba02b14feb8a186ccec504,23036,rio de janeiro,RJ,1,2018-02-03 15:42:54,235.0,235.0,1.0,69,235.0,0.014285714285714285,0
75914cacf6734f099858d9878c05aecb,10384cd4834060c067f54572a085ac8c,9710,sao bernardo do campo,SP,1,2018-03-30 20:45:52,89.9,89.9,1.0,14,89.9,0.06666666666666667,0
740e06c12b353bf626bb94ed662eb0ae,d281a3f4cc40d2ee797e5d59d5c85197,13603,araras,SP,1,2017-12-02 09:45:39,449.0,449.0,1.0,132,449.0,0.007518796992481203,0
00bf225ae2b2d6a141e31acf971c4a03,c60c5563690f2a27a76f4d8ba53c2a85,1440,sao paulo,SP,1,2018-03-14 22:12:44,34.99,34.99,1.0,29,34.99,0.03333333333333333,0
2155e6e404e41736933c696382c1328b,f27f6f093a0769b96f8f80a445c9fba6,4747,sao paulo,SP,1,2017-01-24 12:14:05,149.99,149.99,1.0,444,149.99,0.0022471910112359553,0
c112aadf98e6f6589129f78d3277be8f,8d8edf4c22a513943a08e30017c146b4,13178,sumare,SP,1,2018-02-27 18:44:21,49.9,49.9,1.0,45,49.9,0.021739130434782608,0
35f09e03979308b23060cf03c2006373,089888955a17313cf3bfa1c50d1dd0ec,90150,porto alegre,RS,1,2017-10-14 22:26:22,29.0,29.0,1.0,180,29.0,0.0055248618784530384,0
982d23699a9acb87bf7e67f965918846,65cf158ca5ee24aecbc905be1ba6b600,83709,araucaria,PR,1,2017-12-27 21:33:57,13.65,13.65,1.0,107,13.65,0.009259259259259259,0
927b06f5ce969c33aa974d38b1a49de3,043aac2fb4895fee3be40a7ddbd28577,13416,piracicaba,SP,1,2017-07-12 17:17:00,119.99,119.99,1.0,275,119.99,0.0036231884057971015,0
3bd97ea24b16619feda927af48da9fca,31d332d20895c5c0baefe55207a0fead,11680,ubatuba,SP,1,2017-05-14 21:56:13,52.5,52.5,1.0,333,52.5,0.0029940119760479044,0
684e1aa246a9eadc3e6827685b10e48e,b786491982d80aee4c220f5b9b9c768b,4709,sao paulo,SP,1,2017-08-21 13:47:03,110.69999999999999,36.9,3.0,235,110.69999999999999,0.00423728813559322,0
9c1b5cf455be52ece5a16beead2e21ea,4e01b8a5fd6c205f64a02d86a894a17d,60325,fortaleza,CE,1,2017-09-19 13:40:42,139.9,139.9,1.0,206,139.9,0.004830917874396135,0
6f7df6e010787ea962389d629793ea30,ec4d19112d7e72dbbcb8da31d9a79541,46360,pindai,BA,1,2018-03-07 11:46:26,114.9,114.9,1.0,37,114.9,0.02631578947368421,0
4a1f4837b9cceab1e8831e832f487061,2d01d4bb80863862ceab42682ab9fef6,36031,juiz de fora,MG,1,2017-06-17 21:01:39,379.99,379.99,1.0,300,379.99,0.0033222591362126247,0
f8f20eeb0195d8943f36a69f94c09268,6b5a2166165f2f367a9b22874dc923f3,44800,mundo novo,BA,1,2018-01-05 12:49:48,129.0,129.0,1.0,98,129.0,0.010101010101010102,0
e2bea5774e2c8aa227075fc4d2c3ba39,f8fe53da72425fdda7f64542b1e85725,88503,lages,SC,1,2017-09-11 22:51:42,24.88,24.88,1.0,213,24.88,0.004672897196261682,0
e18a73e99813ab848fe50a216642fbb5,b0a1c9b0e0f248dc866daad0aa8b4081,15014,sao jose do rio preto,SP,1,2017-12-16 23:02:31,29.99,29.99,1.0,117,29.99,0.00847457627118644,0
9233e7930b00fb3cea4494cb15cfcb08,0c323a2000ed807d998a8022fce32ae9,1405,sao paulo,SP,1,2017-05-19 13:35:36,89.99,89.99,1.0,329,89.99,0.0030303030303030303,0
9c119140512ebdd0f4702dafb7c4258b,ab8a9a2a6edc9fd52fe401722df80bee,90660,porto alegre,RS,1,2017-11-08 00:46:50,99.9,99.9,1.0,156,99.9,0.006369426751592357,0
9f3328357ea81872a61a105b20f2167e,707c5b8a449863c2295db0b921143e31,8760,mogi das cruzes,SP,1,2017-09-01 13:23:36,69.9,69.9,1.0,224,69.9,0.0044444444444444444,0
151d22e83155b177a9c09441a522242e,cb03401949a315a817278c3caeef1dac,3363,sao paulo,SP,1,2018-01-16 11:57:09,199.9,199.9,1.0,87,199.9,0.011363636363636364,0
ff869205a42a4de9aa4a4bc357c62507,07dcce8f3b80f54daed8694290a4951d,76105,firminopolis,GO,1,2018-02-07 19:01:39,86.9,86.9,1.0,65,86.9,0.015151515151515152,0
b5de40d2baddfd6a1e20226ed8b7db0d,ffbe02226141ca45932dddadda83f9bd,89790,ipumirim,SC,1,2018-01-19 13:10:46,38.25,38.25,1.0,84,38.25,0.011764705882352941,0
95eed62685a983a404c317327e7799be,422ca11325b9bce3304a87758c2a4bdf,72145,brasilia,DF,1,2017-12-11 23:38:11,85.0,85.0,1.0,122,85.0,0.008130081300813009,0
906fe65de139f2901f158fa1b79263de,d26c616e241736e0c1c1ab14150239e7,24110,niteroi,RJ,1,2018-02-28 15:57:50,179.0,179.0,1.0,44,179.0,0.022222222222222223,0
fd0155e73e71f879a2079171afacc7c8,70d124547c506488cd8cab8da1639752,11740,itanhaem,SP,1,2017-05-27 01:55:51,176.9,176.9,1.0,321,176.9,0.003105590062111801,0
b2bccc82326a6f4bc22b66371c027d60,a298cb329fd2b41fbb02a0e66a7c27ef,3658,sao paulo,SP,1,2017-04-01 15:08:20,299.9,299.9,1.0,377,299.9,0.0026455026455026454,0
1d74c4004d50d7e81bf1a1643676a024,aaace5ff396fef7571b5ae62d3dc80aa,41701,salvador,BA,1,2017-09-12 21:46:02,51.98,25.99,2.0,212,51.98,0.004694835680751174,0
456dc10730fbdba34615447ea195d643,1974875b4a1d2e2ee6d586e3ba4d7602,5634,sao paulo,SP,1,2017-08-10 11:58:33,279.0,279.0,1.0,246,279.0,0.004048582995951417,0
810f7773cc54bb6e0e737bc0e21d6765,41cc17cc180a041bbf4806ea30228999,4140,sao paulo,SP,1,2017-04-19 15:51:24,59.9,59.9,1.0,359,59.9,0.002777777777777778,0
5c8d317f3565842d664a1a822d033123,0334ba9c67b6f75abf243ebfcc46de6b,31330,belo horizonte,MG,1,2018-01-02 20:58:27,15.9,15.9,1.0,101,15.9,0.00980392156862745,0
a3e6a84c624d9e25cb5ef7eb8bca4e17,9dc8eb1c074074a8bbb0f812d00d9875,38700,patos de minas,MG,1,2018-04-11 12:44:12,65.9,65.9,1.0,2,65.9,0.3333333333333333,0
30d6a066b7e76c8fd66610d4b36e891d,96230c6da5f5896bb28ee028624c1188,27660,rio das flores,RJ,1,2017-02-06 12:15:34,30.0,30.0,1.0,431,30.0,0.0023148148148148147,0
9f361e84f8bbbb7cb127f06f1f64cae2,c0db32b5102cf8ec8c26e4d80a5144ec,11250,bertioga,SP,1,2017-12-12 10:52:09,575.9,575.9,1.0,122,575.9,0.008130081300813009,0
1f4ef6ade0241043e777a8e9d3060ebb,7572e5cef60b963282594a4475752b3f,39403,montes claros,MG,1,2017-10-01 08:15:15,89.9,89.9,1.0,194,89.9,0.005128205128205128,0
3003e2cad13e2943dcfadd1cf73e418f,10f8e23a5018a2819d2c90a473b8733b,25935,mage,RJ,1,2017-11-29 23:41:08,234.9,234.9,1.0,134,234.9,0.007407407407407408,0
17d6df4096a1c00747f9ce42da818f96,8b4c199a342397dfa923eafbd568df83,12070,taubate,SP,1,2017-11-07 19:16:30,52.99,52.99,1.0,157,52.99,0.006329113924050633,0
6343ffafd1f78f6c90bc1a81c2fe1175,697452ef6f8c549b18ffecd3e0197460,16500,cafelandia,SP,1,2018-03-02 12:59:08,94.9,94.9,1.0,42,94.9,0.023255813953488372,0
5f31c34eae6894ae0b62423bdce88bcc,794c9f5fee2afaf613551d8177ede557,18214,itapetininga,SP,1,2017-11-10 13:43:11,75.0,75.0,1.0,154,75.0,0.0064516129032258064,0
7d8e5933121d2d2447c2ef6a6a45d898,289a710648f30710292bba72d36da187,2532,sao paulo,SP,1,2017-03-20 23:51:25,79.9,79.9,1.0,388,79.9,0.002570694087403599,0
5fcc9e5618e149a1a40c31da01602529,97b2d82807f75f96ebb7010085725349,47800,barreiras,BA,1,2017-03-07 13:58:07,109.9,109.9,1.0,402,109.9,0.0024813895781637717,0
dff0bed5a61853afcd53c726122e74bb,1e52d516902c7bd46d0532ccd79b1913,91240,porto alegre,RS,1,2017-05-15 22:05:34,119.88999999999999,59.94499999999999,2.0,332,119.88999999999999,0.003003003003003003,0
8bf4f9552bc2db14d6195bbbb5131941,b428f59c73c1bbeb3584744b4570654b,3728,sao paulo,SP,1,2017-06-24 08:59:47,124.99,124.99,1.0,293,124.99,0.003401360544217687,0
b1c0bd0ef7a4ac0bb37c4f2cdc9c30e6,8c9787135b721f4a1ef9e124ef96325e,29092,vitoria,ES,1,2017-08-01 12:56:09,44.99,44.99,1.0,255,44.99,0.00390625,0
3fcda70d69c185780fb4abd140ba69e3,ade4eefdf0232fa26f1988cb56edc58c,35700,sete lagoas,MG,1,2018-01-23 10:26:00,54.9,54.9,1.0,80,54.9,0.012345679012345678,0
7fc27bbc53e9ed44571ffb8382b954a6,79cbc033cfc6d82c3fd8d1f4b2500135,9185,santo andre,SP,1,2018-03-03 16:57:52,76.25,76.25,1.0,41,76.25,0.023809523809523808,0
d0cc28a5ac316de296f6cb3babc9e665,d8ced4cd1ff2795a11925d0abd30e4c6,18760,cerqueira cesar,SP,1,2018-02-08 09:41:47,59.9,59.9,1.0,64,59.9,0.015384615384615385,0
c2e5e2f8efd3c8ec18e0c21d845d3667,6a71c5d80e7d1bd838a1c03710c7401b,13580,ribeirao bonito,SP,1,2017-04-23 14:18:45,98.99,98.99,1.0,355,98.99,0.0028089887640449437,0
b7fcefc029ee36a5d424ce99e18647d9,d9162caaab9307aea4ddc43bfbfd48ba,20715,rio de janeiro,RJ,1,2018-03-21 17:17:47,129.9,129.9,1.0,23,129.9,0.041666666666666664,0
f273dd8c96c0c0ae03dd3cba3014f4cb,6b99d13a1a3299af3a6261bc1263d3e5,19023,presidente prudente,SP,1,2017-05-15 00:45:02,899.8,449.9,2.0,333,899.8,0.0029940119760479044,0
100e7030e29e676a2266d7b3996ac4f9,51bd7b10340eff7e799294cedcef8396,40295,salvador,BA,1,2017-08-20 19:28:57,849.9,849.9,1.0,236,849.9,0.004219409282700422,0
1b1aeca72c529981a8939da6859c4db9,859ebc00ccc39f92c05c0e0b3e35dcd6,41227,salvador,BA,1,2018-02-08 16:32:21,120.0,120.0,1.0,64,120.0,0.015384615384615385,0
189a9545272771a0c7b0d302f8361b3f,a26863f4bec97ff62ddacb4986543e03,42820,monte gordo,BA,1,2017-09-10 19:08:15,199.9,199.9,1.0,215,199.9,0.004629629629629629,0
2994be4afff3d620830bf66448ab08ff,2839a8e407fa2cdf4feed75bf03341ec,26520,nilopolis,RJ,1,2017-05-30 11:13:49,79.9,79.9,1.0,318,79.9,0.003134796238244514,0
c4776e481ae20a17b45fdb45497a6874,3ab4c8bb461a86a63d886817bac800be,99150,marau,RS,1,2018-04-12 10:20:46,89.49,89.49,1.0,1,89.49,0.5,0
cf9ccaedb1a62b0d6debd90aa491cff9,7be3f84506929242dcdd185f310ea3af,85440,ubirata,PR,1,2017-12-18 15:58:48,37.99,37.99,1.0,116,37.99,0.008547008547008548,0
fdb7c8642c7871242f295fde2b25bad6,e9bd60258117342273c84198e732b955,15910,monte alto,SP,1,2017-02-02 10:43:43,0.0,0.0,0.0,435,0.0,0.0022935779816513763,0
404a4ef274e8c7022d5488ff39bcb90d,c7b01040beeade7395e39974563cf098,11700,praia grande,SP,1,2017-04-30 09:08:12,190.0,190.0,1.0,348,190.0,0.0028653295128939827,0
29ace186c67ab06034ae84880cee3fb2,802fc620c605578d990d6adee0138983,32143,contagem,MG,1,2017-05-15 13:52:08,78.0,39.0,2.0,333,78.0,0.0029940119760479044,0
7b5d53fbb685d0f2dcc5cd1e77d29972,f086f2241f351fffef816f58525defbc,37410,tres coracoes,MG,1,2018-02-19 20:52:08,55.9,55.9,1.0,53,55.9,0.018518518518518517,0
ee3887e1bec435a943e9c40e556007b8,85fbf7b70407a10412f5ba097b6e6d02,75532,itumbiara,GO,1,2018-01-10 10:53:49,13.65,13.65,1.0,93,13.65,0.010638297872340425,0
c3d1f7d1843910b559fe6ea1f7f09c7d,cf2eeb3d980701df47a96b80b31bd5ce,87550,altonia,PR,1,2017-11-01 14:10:46,175.0,175.0,1.0,163,175.0,0.006097560975609756,0
b6b8e122cb92d8153a97eecba602db4d,1f65b985510dd34cd39d7c91b7663c9d,6716,cotia,SP,1,2017-07-14 20:57:25,187.0,187.0,1.0,273,187.0,0.0036496350364963502,0
551a7e7fcf65c22ba1253ea5cbce639e,b3db13e8b7b325151c12ce826234f338,41745,salvador,BA,1,2017-04-27 22:05:13,589.9,589.9,1.0,350,589.9,0.002849002849002849,0
553ebb0d7bef0d8be08b4bcd9c3a679b,f5a7c1f32e32c8c6f8c2fa6f587a28be,27510,resende,RJ,1,2017-10-27 20:52:38,85.0,85.0,1.0,168,85.0,0.005917159763313609,0
0bf12a8fb9260f4cb9fd1f79618fc2ff,2bed4c59b7941507fd6e2f1ebe216095,17780,lucelia,SP,1,2017-09-24 23:32:44,16.9,16.9,1.0,200,16.9,0.004975124378109453,0
67c2579c6b665e1231d2baab7b274597,51fe2757738f23ff266c8f26c9861bef,96010,pelotas,RS,1,2018-02-08 14:27:01,189.99,189.99,1.0,64,189.99,0.015384615384615385,0
861b8e733eb985f26e20a1df9a03cc0c,cc796b83212b9a89fdafbced7aa2a321,41280,salvador,BA,1,2017-08-01 15:43:53,89.0,89.0,1.0,255,89.0,0.00390625,0
50fa7b568bb20a89723d9e7361ea6455,c1299d631eafaa6467914c188969dcb6,28200,sao joao da barra,RJ,1,2018-01-09 16:43:47,69.2,69.2,1.0,94,69.2,0.010526315789473684,0
d53782279acdd8fad99e3908be8bbcf1,a50f021eb5aff9d4b0538153eeda36cd,18081,sorocaba,SP,1,2017-04-09 15:38:44,125.0,125.0,1.0,369,125.0,0.002702702702702703,0
de2425c7317b3c9ecf9a1a31da719569,53e442955c4e1dbb227d45026ddbcc02,29175,serra,ES,1,2017-07-26 17:36:36,69.98,34.99,2.0,261,69.98,0.003816793893129771,0
bcfeb2a090d34c245bb62fe207e7d2dc,7303c59666e8ffceb43044086459a1ed,4127,sao paulo,SP,1,2018-01-05 11:51:46,278.0,139.0,2.0,98,278.0,0.010101010101010102,0
6fcf9bc0b844ced66aabad3c2c962d7b,56d8f3a4f1fdfb8f31e16699e0e2ae83,59066,natal,RN,1,2017-08-20 18:35:01,45.9,45.9,1.0,236,45.9,0.004219409282700422,0
7113efb0ff417de3c22fc3dec35f5b3c,f2bd7baf91b52d05cb2a572f19bc9b1b,6663,itapevi,SP,1,2018-01-09 22:02:44,115.9,115.9,1.0,93,115.9,0.010638297872340425,0
6ea8b8c44170030252975e4c32c8b214,051eaa4a268260ac7b23e90fa5656670,30170,belo horizonte,MG,1,2018-04-02 17:17:33,180.0,180.0,1.0,11,180.0,0.08333333333333333,0
1809b56e12fc169272b817677c509ddf,449c102b7926fd08fbfcbb387a6e404f,88704,tubarao,SC,1,2018-01-21 20:33:38,54.9,54.9,1.0,82,54.9,0.012048192771084338,0
b9e06a1af0969890a829b391cc05cacb,11d04dd567528a93cfdc592090d5b23f,22470,rio de janeiro,RJ,1,2017-09-17 22:35:47,16.55,16.55,1.0,207,16.55,0.004807692307692308,0
b46cba739f0049bbfd7731932a0aa987,cc434c101482125acee3ac19bf01d98c,24445,sao goncalo,RJ,1,2017-04-27 17:47:20,35.9,35.9,1.0,351,35.9,0.002840909090909091,0
ff56eb69b7e7abdebc5aa8d66c18df85,3be412c1321c061d6f85c5e41530ce2d,90680,porto alegre,RS,1,2017-06-13 14:25:07,45.9,45.9,1.0,304,45.9,0.003278688524590164,0
a24ed4d8160dc994bbe67b3fc741bbb6,56d2dc55964f7ebb552697d8995a1f71,5108,sao paulo,SP,1,2018-01-26 14:21:17,165.9,165.9,1.0,77,165.9,0.01282051282051282,0
146136e6e527bf71e6341397154c0777,12e8e6fd5b6cfeea8e72ff735c2a1e29,3080,sao paulo,SP,1,2018-03-05 14:09:01,465.0,465.0,1.0,39,465.0,0.025,0
dba5cf7fbe92b362245b9b3d684471bc,76d13626395413c9d786a59c925f09d1,37640,extrema,MG,1,2018-02-06 12:46:45,92.0,92.0,1.0,66,92.0,0.014925373134328358,0
64f3acb4202732a3c994fdf06a61edc7,9f3125f6b522e6b1b54cd2e92610a802,22795,rio de janeiro,RJ,1,2017-10-08 19:00:45,340.0,340.0,1.0,187,340.0,0.005319148936170213,0
b34544e3ef5dfc535cb0ce5eb57f3ffd,99542e680097c27cc624634dc759ed73,18480,itaporanga,SP,1,2018-02-10 21:58:33,129.9,129.9,1.0,61,129.9,0.016129032258064516,0
e6284a431f7260e6418bb080d3176809,169a07ccf594d9e1ef046a387c02b017,9185,santo andre,SP,1,2018-01-17 14:42:01,29.5,29.5,1.0,86,29.5,0.011494252873563218,0
4964b245573f51603b9782d3a365caf6,5d8f99c602be552d9707f3bd77c24d36,88804,criciuma,SC,1,2017-11-02 04:26:06,255.0,127.5,2.0,162,255.0,0.006134969325153374,0
e156056171de3be3501585f3146ad708,093cfe240a2714354fc5138411f9ae50,20735,rio de janeiro,RJ,1,2017-04-23 01:17:39,79.9,79.9,1.0,355,79.9,0.0028089887640449437,0
520f054a1dae283f1d09b11e621c27b8,9bd8e34366dfff8f1a825535737eb7a4,96501,cachoeira do sul,RS,1,2017-04-20 10:55:32,19.99,19.99,1.0,358,19.99,0.002785515320334262,0
965d1f24bce3dd938f7e63fbf7e0a0b6,5275b2f97b9c995d3d05a58610c0bb67,70773,brasilia,DF,1,2017-11-26 23:20:43,159.9,159.9,1.0,137,159.9,0.007246376811594203,0
13114cff38ecc96a70ecdfbe4802da39,fb6f67a96176030dbd8f1147afed40b4,28460,miracema,RJ,1,2018-01-23 19:43:47,41.98,20.99,2.0,80,41.98,0.012345679012345678,0
71e684ecb0ef00675d5e102bfbd61ddc,9ef4b2bec4e41d24e782098ab5489194,2929,sao paulo,SP,1,2017-10-24 15:04:00,319.0,319.0,1.0,171,319.0,0.005813953488372093,0
b741f49aea8e2c104fd2f5e29d012d9d,375978078457c41057c7641766c95a22,88803,criciuma,SC,1,2018-03-18 00:40:55,19.9,19.9,1.0,26,19.9,0.037037037037037035,0
bfc64cd21fc5fcbb2e2963a596e22c2f,ae8482b27b2119e2c3278f5ddf9c1024,4941,sao paulo,SP,1,2018-02-12 03:09:03,68.9,68.9,1.0,60,68.9,0.01639344262295082,0
618fcce72f4fa2a302ffb7cac06dd84c,dd73b672e6707bbc66ca2d839f39b52f,91130,porto alegre,RS,1,2017-08-24 23:57:43,50.0,50.0,1.0,231,50.0,0.004310344827586207,0
4764d14d044d8a476a85262a3bd65273,302754b2edd8002c9916b2e3f119bc67,81530,curitiba,PR,1,2018-03-17 18:18:01,250.0,250.0,1.0,27,250.0,0.03571428571428571,0
ee3f2f412d2ddddc74a7076f4b4da780,14f3f4e2fe9bfd986a7cc66cde9ea44d,89046,blumenau,SC,1,2017-08-20 21:46:36,59.9,59.9,1.0,235,59.9,0.00423728813559322,0
937fcb3744fe04fe6197aaaf2b1a0c94,9f9f671b24783ac2dae58b77523fec95,4963,sao paulo,SP,1,2017-07-28 08:27:03,54.9,54.9,1.0,259,54.9,0.0038461538461538464,0
5806d419ee655f54db1c5500c3d76a27,549b512b13080b9ae841abd3d53db1bb,75906,rio verde,GO,1,2017-12-26 23:03:14,122.99,122.99,1.0,107,122.99,0.009259259259259259,0
45b2e2f0f6fc93eecf7802eb6be9a91a,a1e84008eefc17efea0a012549d5d7c6,19807,assis,SP,1,2018-01-27 20:14:42,579.0,579.0,1.0,76,579.0,0.012987012987012988,0
356d32392e15a3d6bd13fe57ba72af7e,191a98d2db97d142a24493a993792a51,85900,toledo,PR,1,2018-02-06 01:12:43,224.9,224.9,1.0,66,224.9,0.014925373134328358,0
a3f74d8df2b8fa6182979d531f71c2af,97ca33e15bc2919a48198c927fb17605,14020,ribeirao preto,SP,1,2017-05-17 00:39:35,49.9,49.9,1.0,331,49.9,0.0030120481927710845,0
94dbca303a9992cbe54a1a2cb78df2a5,0d51e1d665d652b294c5246222e8b716,26165,belford roxo,RJ,1,2017-07-20 13:38:18,119.8,59.9,2.0,267,119.8,0.0037313432835820895,0
c572fd6cdd98e87ea2bc433b6da21078,3e45b1d69bfaf0b7963cbb9dd00196f7,76877,ariquemes,RO,1,2017-03-06 00:14:28,39.9,39.9,1.0,403,39.9,0.0024752475247524753,0
92946d555e8b2d865a52a4a1943aa865,48343014be411017d2b2e94f11a4ed63,8225,sao paulo,SP,1,2017-12-01 03:16:01,28.7,28.7,1.0,133,28.7,0.007462686567164179,0
e3893e579755de4feb1a4d0313c103fa,cd6b577df45c00daa6b2767eaa947c72,13092,campinas,SP,1,2017-08-10 14:04:58,75.9,75.9,1.0,246,75.9,0.004048582995951417,0
3602a1fbbb29af4c057aa49ba33fb2a8,6271160c90e20a760af68a8ece977a02,4963,sao paulo,SP,1,2017-10-22 22:07:31,84.99,84.99,1.0,172,84.99,0.005780346820809248,0
979b8c7ddabb03954d1000d3b84b6a11,a80e2d98c424ca790055201f684a2868,98300,palmeira das missoes,RS,1,2018-03-20 22:30:20,119.9,119.9,1.0,23,119.9,0.041666666666666664,0
edf7eb0836bc6a1be99a9f8fe20ffbc7,1a24ffb661504bef8ecfbceeee2df17e,94190,gravatai,RS,1,2017-07-11 19:07:20,34.9,34.9,1.0,276,34.9,0.0036101083032490976,0
1c8fcbabbadcab634eaf27c4fe94e6b7,d505780d388a0788d957382e5eee57c0,37004,varginha,MG,1,2017-06-29 20:51:39,50.4,50.4,1.0,288,50.4,0.0034602076124567475,0
087472c809af7a09b9cbf42d9938801f,bab87ee5331a277979273905630bd50b,75690,caldas novas,GO,1,2017-12-05 13:52:17,82.99,82.99,1.0,129,82.99,0.007692307692307693,0
9f1174fee9ddc446660a9131d5c23923,121d81c074edf74f0338b8688c1e8f6f,9750,sao bernardo do campo,SP,1,2018-02-23 11:15:00,91.8,45.9,2.0,49,91.8,0.02,0
40ddde594ee634dc7553a1db8c39275e,5c8b41ba21631ca0432de4a10a56fcf1,15910,monte alto,SP,1,2017-03-20 10:44:52,116.0,116.0,1.0,389,116.0,0.002564102564102564,0
45d196ca62eb0b8f5f2f3037e417425d,ea5a9bb2e0b17b2f0c9b826ae0db1c22,7859,franco da rocha,SP,1,2017-03-11 09:26:18,239.2,119.6,2.0,398,239.2,0.002506265664160401,0
265e3c18ceed2964038497b11ef3e4c7,56e3a158ef88285f2c15a83db0b13d93,4447,sao paulo,SP,1,2017-12-01 10:30:46,98.9,98.9,1.0,133,98.9,0.007462686567164179,0
c46c509b0f184dbaa98821e375af3fbc,a4b1f228f759c39008a45d610484d475,1453,sao paulo,SP,1,2017-08-07 10:00:46,16.9,16.9,1.0,249,16.9,0.004,0
35c96160ee1db65f1cbf4fbcb6f38826,d3e02f4e753b1f5858aa120c7cd41c09,7051,guarulhos,SP,1,2017-11-24 19:03:25,67.9,67.9,1.0,140,67.9,0.0070921985815602835,0
8b2eb4ad78ddc8b18e303faa54348db7,4ffd7cf05f22d7a320750a2f9e73f665,12042,taubate,SP,1,2017-09-07 20:19:52,7.9,7.9,1.0,218,7.9,0.0045662100456621,0
139b2fa5344522313ccd1b544ec70ec9,61796b31dfee15e96fd3d082f3a7a117,97045,santa maria,RS,1,2017-11-24 10:28:25,59.9,59.9,1.0,140,59.9,0.0070921985815602835,0
7f6b2e3e2f12b066757ab8e9f5795d33,06791add1b4b5c8530f8090bb63bb2ab,34400,raposos,MG,1,2017-06-02 10:14:17,39.0,39.0,1.0,315,39.0,0.0031645569620253164,0
2007223e672598a56eef0066fd02531c,3394fbb618cb1ecc087a0fbc749dcd2e,64808,floriano,PI,1,2017-02-23 13:39:37,99.0,99.0,1.0,414,99.0,0.0024096385542168677,0
754e43d7f87712e5c6b652f9a02227d3,be9edc2e40c03575199b64fa20e398e9,5416,sao paulo,SP,1,2018-03-27 20:05:42,72.0,72.0,1.0,17,72.0,0.05555555555555555,0
e9fb43f6ae5bfa218dde1430df4a8641,f80580663d6a8552edcf62b8e417c88e,13225,varzea paulista,SP,1,2017-10-22 00:31:39,146.0,146.0,1.0,173,146.0,0.005747126436781609,0
cf5186e095b1b6a663be940b4b4e6ed2,79444bc2d49750cc331c3bae4fed850d,30510,belo horizonte,MG,1,2018-02-01 10:28:21,19.99,19.99,1.0,71,19.99,0.013888888888888888,0
c0a4ca941f313300f1694f4ab73b3651,3ee2f03d9b420dd5b3f09c2df2d985c6,76806,porto velho,RO,1,2018-02-15 19:40:00,0.0,0.0,0.0,57,0.0,0.017241379310344827,0
116a6192abd7a39c88a68636c0665c2d,fcd0ab79592faab19e2bf386cf69fbcd,98430,palmitinho,RS,1,2018-04-07 21:18:46,48.9,48.9,1.0,6,48.9,0.14285714285714285,0
1fcab6511187a5fa06953d7c28afe307,256cba0de7ee638954ea43ddc709a49b,19360,santo anastacio,SP,1,2017-12-12 16:04:12,117.8,58.9,2.0,122,117.8,0.008130081300813009,0
8e6d1663d54c1c7aac1cb0bae73df8b4,650f945256ea49b526cede6f2dbb89a9,79570,aparecida do taboado,MS,1,2017-10-16 17:03:04,1490.0,1490.0,1.0,179,1490.0,0.005555555555555556,0
545d5bb570b4c8a58357fcdbe124e0bb,9a725eadefd5d52573de7df1c762b244,28093,campos dos goytacazes,RJ,1,2018-01-04 14:11:25,144.99,144.99,1.0,99,144.99,0.01,0
a26ebecf1eada5cc98c25bfd8b36d71a,99bfd9e7019de57a9f0d1a33dc1d402f,38410,uberlandia,MG,1,2017-03-12 19:33:03,99.99,99.99,1.0,397,99.99,0.002512562814070352,0
d4f7e997120818cc9db564b522ba2a80,a12085be691be9de5cb0099a94c61e1f,37713,pocos de caldas,MG,1,2017-11-30 23:01:57,229.9,229.9,1.0,133,229.9,0.007462686567164179,0
a82b9b34045d89be1440c237620e3261,1d9f8ceef15c2c222c7452f380371627,4546,sao paulo,SP,1,2017-11-06 15:04:33,149.94,149.94,1.0,158,149.94,0.006289308176100629,0
45a1e42954c59f20f1107ddb8c3f1de1,4de4655b706e7d846268e0e620e3551d,35430,ponte nova,MG,1,2017-10-17 14:10:06,499.0,499.0,1.0,178,499.0,0.00558659217877095,0
394b3bfe7e36b848711599df7cd35c94,9eaee1fe94e2155bde44087d299c0b9d,4130,sao paulo,SP,1,2018-02-28 18:33:55,35.9,35.9,1.0,44,35.9,0.022222222222222223,0
6eefcbb934fc4db2d70ac7fa4759afb3,d2d53ab27fda8e5ffd2b4d2f531665ff,55365,capoeiras,PE,1,2017-10-10 09:27:07,143.0,143.0,1.0,185,143.0,0.005376344086021506,0
ef6241c94ec298e06091fbafec584539,45898cc33d7c8394f2f0b42b57d43160,58307,bayeux,PB,1,2017-06-03 00:08:15,143.64,71.82,2.0,314,143.64,0.0031746031746031746,0
210b08387f3c6ad661e503e31e713a72,6a1878cd0396230b45a84e2fe8c2492b,76210,jaupaci,GO,1,2017-05-08 17:24:01,89.9,89.9,1.0,340,89.9,0.002932551319648094,0
4147dec488b2752a744128d6662adcd1,11c9bc7e580ff8ff938afee36c8e40d3,39600,aracuai,MG,1,2017-09-13 11:24:57,84.99,84.99,1.0,212,84.99,0.004694835680751174,0
33ce94762a05c3a8bb9c97487c94b2d1,d81785b6d65605aeef42c591602ac3f9,11370,sao vicente,SP,1,2017-12-04 19:56:20,59.0,59.0,1.0,130,59.0,0.007633587786259542,0
796ce94893586f6db66268eab548a442,f4385a17e1f99f33340a9c51a0e042f3,29702,colatina,ES,1,2018-03-06 22:50:41,240.0,40.0,6.0,37,240.0,0.02631578947368421,0
2065367b25b692b29bfb6b079ee1df84,d737cafd6e0da0ddf10d75c0dd181832,31565,belo horizonte,MG,1,2018-03-02 08:00:04,165.0,165.0,1.0,42,165.0,0.023255813953488372,0
911446094ce29f50d97fc8f339650809,ae0495df4ced943603ab19ad1e579f0a,3204,sao paulo,SP,1,2017-12-10 22:21:54,99.9,99.9,1.0,123,99.9,0.008064516129032258,0
cb67d30fd05843c145ebfa22c1bfe3fe,7a706c9b90e36b7cf7706e439d0435e8,65390,santa luzia,MA,1,2018-02-05 14:02:26,67.7,67.7,1.0,67,67.7,0.014705882352941176,0
0672e3c3c00569fd0824ee72f92073a4,0f421aad1e168dac3f1a246e4627ab9c,4204,sao paulo,SP,1,2018-01-29 21:54:54,104.9,104.9,1.0,73,104.9,0.013513513513513514,0
e407ccb33c52d1292bdc4cb44619eb19,12e8e6b36b8123e60a3b8ef68bc9f7c5,88035,florianopolis,SC,1,2017-05-27 22:10:24,37.0,37.0,1.0,320,37.0,0.003115264797507788,0
963544f76b9088090629e464c5947091,61cf19a687943645bc49aa9c03927d93,24340,niteroi,RJ,1,2017-10-08 20:32:53,179.9,179.9,1.0,187,179.9,0.005319148936170213,0
1de8615754a9427f8bc52efdd114bec5,02e6a8a86c74efabd650f01e0c460a1d,1240,sao paulo,SP,1,2017-08-19 23:52:34,47.49,47.49,1.0,236,47.49,0.004219409282700422,0
6b90d343a7ee3bf7bac6f825ba4323b0,4827d6a02f010b9505e4af04c7fac522,7182,guarulhos,SP,1,2017-09-21 13:17:36,20.3,20.3,1.0,204,20.3,0.004878048780487805,0
7b542c51a5bf42504983dce985bc9b20,9849e97c4377f07d97827f8dba6d842f,39402,montes claros,MG,1,2017-05-30 16:35:43,189.99,189.99,1.0,318,189.99,0.003134796238244514,0
301ba01907a5eb0b500c272f8a7080c7,c5ab2bdaab995f00639c85155a4c86f7,8343,sao paulo,SP,1,2017-11-13 17:36:45,119.9,119.9,1.0,151,119.9,0.006578947368421052,0
438ad6d81467ace11850c8a96818ff42,3040ed5657c7fa41b07a6c83dcbeeac4,13175,sumare,SP,1,2017-10-11 14:36:25,147.5,147.5,1.0,184,147.5,0.005405405405405406,0
766f1f01fc8ad721bd4c72207ed2fe08,6522a1d436415b898aef068ba68e81fb,90010,porto alegre,RS,1,2017-04-25 11:30:33,59.9,59.9,1.0,353,59.9,0.002824858757062147,0
c672861bbdf2364414603b0b8358f2d1,d53af683b67ca470910f533fff9b2814,7124,guarulhos,SP,1,2017-05-24 14:12:37,24.99,24.99,1.0,324,24.99,0.003076923076923077,0
13e330d6fa0e734ffda44f5b5610ed7c,ccc1b0d223798bd711b0799cbac29d36,38182,araxa,MG,1,2017-10-04 10:05:53,69.0,69.0,1.0,191,69.0,0.005208333333333333,0
a250f613f6bcde8c736ed7d5e04c26b0,f0e11eeb833b5f8681afbbd9c0cd5ea9,9641,sao bernardo do campo,SP,1,2017-10-12 18:22:30,78.99,78.99,1.0,183,78.99,0.005434782608695652,0
7f8feff355565582f36a0a3848231245,6cf640bf6a1311baf590ea423f43ec6b,95835,mato leitao,RS,1,2017-09-14 21:21:35,89.0,89.0,1.0,211,89.0,0.0047169811320754715,0
bac7cc91caa4078e7a3e7e5547531c1d,cff02987650918e27f19c8180a070120,17180,iacanga,SP,1,2017-08-26 08:46:15,56.9,56.9,1.0,230,56.9,0.004329004329004329,0
34fd3bf947541e5fe1b5d915492342e7,b896655e2083a1d76b7b85df8fc86e40,7998,francisco morato,SP,1,2017-09-25 11:22:41,69.9,69.9,1.0,200,69.9,0.004975124378109453,0
f4e7ab7598cbef510a638a6068fbc56a,ec0d50f4da887579a1b7eeb134735de3,24812,itaborai,RJ,1,2018-04-12 17:54:28,169.0,169.0,1.0,1,169.0,0.5,0
5e87f5c6305f7fdd1ce6d022d2b997a7,adbf59bac0b48c344525214b3a47dcee,95900,lajeado,RS,1,2017-07-20 21:55:16,59.9,59.9,1.0,266,59.9,0.003745318352059925,0
0e7292b365653509f4f2f1953fdd2ced,08fb962906a9c56eaf30429574fecb30,22783,rio de janeiro,RJ,1,2018-02-26 12:58:20,329.9,329.9,1.0,46,329.9,0.02127659574468085,0
0678f749ee34f9175a0f054d2dd19131,2fb6dae4fb3a2f917940978144362cd2,84900,ibaiti,PR,1,2017-10-03 17:10:52,84.99,84.99,1.0,192,84.99,0.0051813471502590676,0
be683d7033a4881645d055afc913b083,df0b86ca2d7e2c663bf8ecfb460d211a,12960,nazare paulista,SP,1,2017-07-12 23:28:53,209.99,209.99,1.0,274,209.99,0.0036363636363636364,0
6b025dc026b0c04adcc72779f048826f,0aab68ed6f574cfc8be200d22030b31c,52120,recife,PE,1,2018-03-06 12:29:50,49.99,49.99,1.0,38,49.99,0.02564102564102564,0
131227776a8b159a13938a0abfa95c5f,06b9d6221ccd83819ac6ad3f352854a9,24450,sao goncalo,RJ,1,2017-12-30 02:09:39,49.9,49.9,1.0,104,49.9,0.009523809523809525,0
5d1f4036c008db431004d390d7920638,b0b3c2cd54fa4bc340f9f1f9c0440ae8,12241,sao jose dos campos,SP,1,2018-03-12 14:56:44,435.19,435.19,1.0,32,435.19,0.030303030303030304,0
7fc4a63752bfc3f56f4b3c89afcf083a,a257d59af2ac0e177a804a68e0afcd73,1422,sao paulo,SP,1,2017-04-11 14:26:33,110.0,110.0,1.0,367,110.0,0.002717391304347826,0
c5ad44e41c6bb1195a7cbe476af25449,10db098f009507e2269cdee581d5a0e6,5435,sao paulo,SP,1,2017-10-17 01:24:28,25.8,12.9,2.0,178,25.8,0.00558659217877095,0
f13780f02c055f61a1d754d88aa1711b,59d8a88a7a0eb9d9eaecd772d07bab67,13188,hortolandia,SP,1,2017-09-14 14:38:04,57.9,57.9,1.0,211,57.9,0.0047169811320754715,0
6ba6cff11767c3af78bebf58fe6e6cba,56ddec1a91f89120aad2a3d0c4fa9d58,4205,sao paulo,SP,1,2017-08-28 19:47:20,219.99,219.99,1.0,228,219.99,0.004366812227074236,0
35305c48e57a6259af306e3f2c9fb553,e15ddc17ac4c09c9fc57687dcd40eec3,68380,sao felix do xingu,PA,1,2018-01-29 11:30:46,27.0,27.0,1.0,74,27.0,0.013333333333333334,0
ae37c7c2f03632d387b922d9179f3cdb,95a085448514074ff075387c6d59cdb5,20735,rio de janeiro,RJ,1,2018-04-12 09:12:37,49.9,49.9,1.0,1,49.9,0.5,0
f388da80d7f9a29735dd482be3995dc2,664fe7916cb8709c6b848383c6361dcc,9371,maua,SP,1,2017-03-16 20:04:07,289.9,289.9,1.0,393,289.9,0.0025380710659898475,0
18a43505c6a3ac1bab80c3ec5ff3dfba,6a0d737e3c5866199a1a6262521e5a61,23066,rio de janeiro,RJ,1,2017-04-05 08:53:24,389.99,389.99,1.0,373,389.99,0.00267379679144385,0
2ca5e9f17a80f9515da7fa967af7444e,27b9608fe3d9168e9d7d6c114c43c4ee,9841,sao bernardo do campo,SP,1,2018-01-28 16:38:33,0.0,0.0,0.0,75,0.0,0.013157894736842105,0
b31b698d14f51b2226b2f5057f7dac85,823953587e12301d823518e6c83fa9ca,35460,brumadinho,MG,1,2017-12-08 19:09:48,83.9,83.9,1.0,126,83.9,0.007874015748031496,0
371af652a9491f3a5bc4c8a79c7c6327,155afb44c72c6831771bf7d519789cf9,41343,salvador,BA,1,2018-03-19 17:56:17,47.6,23.8,2.0,25,47.6,0.038461538461538464,0
2ee85e880c44486eddac3fc64c33b9d1,5dd6aac1a7d7b9d52d3ddae570301a0e,17280,pederneiras,SP,1,2017-11-27 23:42:00,56.99,56.99,1.0,136,56.99,0.0072992700729927005,0
b5e8f9d5c96ed06fc4ee7132f45b45cd,97890020fca3adcc29f8daa54701e0dc,6602,jandira,SP,1,2017-05-05 11:11:25,34.76,34.76,1.0,343,34.76,0.0029069767441860465,0
ba15a56648e741b218314296f9647e01,57cd75ea0d4df751cb635cbae8596411,74785,goiania,GO,1,2017-10-09 12:15:42,139.86,139.86,1.0,186,139.86,0.0053475935828877,0
5f5807b2902d221edab3af4b1268ab00,a8becdc52eb49044d9d158c4199ab1ad,4360,sao paulo,SP,1,2017-09-05 10:05:42,97.9,97.9,1.0,220,97.9,0.004524886877828055,0
a103e83f0190404e10491c929ba9dc74,d4f4388f03135036533aca8e7b4b40a0,87023,maringa,PR,1,2017-11-25 16:35:48,143.8,143.8,1.0,139,143.8,0.007142857142857143,0
360ba15086ef8c818aa096d3480463bc,6a06628f1bbaee77da8aa892e5aefb72,88058,florianopolis,SC,1,2017-09-17 20:39:36,79.9,79.9,1.0,208,79.9,0.004784688995215311,0
3c522e772d77dc602311f4a40f14f770,ae2189793d5c0004461b896e52abe4fe,35700,sete lagoas,MG,1,2017-06-09 17:57:38,999.99,999.99,1.0,308,999.99,0.003236245954692557,0
28dd168fc770453ccc672de7c71b3813,0d1a5a24e57adfef781fca69de76374a,31035,belo horizonte,MG,1,2018-01-20 17:59:20,78.0,78.0,1.0,83,78.0,0.011904761904761904,0
435bbbf7a1d328975b15ebb8eece0d8f,6c1dfdd76e89876fa9ea40e2dc2f7879,27515,resende,RJ,1,2018-02-18 18:08:34,34.9,34.9,1.0,54,34.9,0.01818181818181818,0
35c6e01d0a534d4b583820e1c37da893,b68c725eca7bc7e69d50b9ed50165043,31010,belo horizonte,MG,1,2018-02-18 12:26:53,44.99,44.99,1.0,54,44.99,0.01818181818181818,0
30499bd0b4374d37074cfabc399c9f85,95dfc7f1e187969d960313a3a0964705,32180,contagem,MG,1,2017-04-29 20:51:41,39.9,39.9,1.0,349,39.9,0.002857142857142857,0
d64874264dadc5194c74b21d992eaec2,2d8446989b07d204f4a9a85ddf8118d4,41220,salvador,BA,1,2017-12-24 17:32:38,149.9,149.9,1.0,110,149.9,0.009009009009009009,0
12fd0fe408926a0f68ccdf59606d5a41,90e6f11c918392758565c4d437558538,3071,sao paulo,SP,1,2017-08-23 11:59:19,49.9,49.9,1.0,233,49.9,0.004273504273504274,0
f22aca6ec39e20888a279ee104039b32,7754600deda62b788b891e7825370b52,35545,perdigao,MG,1,2017-08-10 14:41:12,49.0,49.0,1.0,246,49.0,0.004048582995951417,0
85db54b09a38693e4c2ce4c613ce9ee8,aeadc942e7429916b5121e2e3e03e4c3,81050,curitiba,PR,1,2017-12-09 10:00:34,139.0,139.0,1.0,125,139.0,0.007936507936507936,0
cce4c1ccdf5bcd5226a1265b9e1e9ea4,a69d31a5f6011df99d415808d6d640b9,62930,limoeiro do norte,CE,1,2018-02-23 18:37:23,29.99,29.99,1.0,49,29.99,0.02,0
6a4baba1fb951a029714dc344c13543d,08bc34b522b8edce5a6aeba55a518a4b,4140,sao paulo,SP,1,2017-10-22 22:53:45,49.99,49.99,1.0,172,49.99,0.005780346820809248,0
524d40cf543096d912f74f5e21cf3e1b,fd2b81353a5d5f8ad4501edc3d2f558c,29903,linhares,ES,1,2017-12-13 19:58:00,104.9,104.9,1.0,121,104.9,0.00819672131147541,0
55370cd0afa128c7978a0935bc865fd4,0e82bdceb302bfc534fcd862a59113ba,86845,grandes rios,PR,1,2017-02-10 20:24:30,39.99,39.99,1.0,427,39.99,0.002336448598130841,0
e7b1f02127057dc98b5871162ee066fb,5daad350efffb640b3c25a64ef07473a,7175,guarulhos,SP,1,2017-08-21 10:30:19,59.55,59.55,1.0,235,59.55,0.00423728813559322,0
026cbd2abdef48032f42084a8ec122fe,1e179463eb899c3b6f768d4934865c5f,70762,brasilia,DF,1,2017-11-12 15:48:46,45.95,45.95,1.0,152,45.95,0.006535947712418301,0
11795bd5376cbbef9e6e3a699df983cb,55bccecaaf1999c1d049ad6f48190bc6,31140,belo horizonte,MG,1,2017-09-05 09:17:19,39.9,39.9,1.0,220,39.9,0.004524886877828055,0
b4102b1f4dd2766f109baaebb5a946e4,84710b631446c0c0d014cc8e691a75f4,6753,taboao da serra,SP,1,2018-02-07 08:53:42,349.9,349.9,1.0,65,349.9,0.015151515151515152,0
01d7603b563bc426e2eda5e0677e714b,ddfc56800fa6a7ebf02088a3bde471c8,6050,osasco,SP,1,2017-12-05 21:01:20,134.99,134.99,1.0,129,134.99,0.007692307692307693,0
71a6ab0f5f611b05e407f11a655e8c38,d76f067dc045a619248ea70437aa072d,4042,sao paulo,SP,1,2017-09-22 15:23:01,34.9,34.9,1.0,203,34.9,0.004901960784313725,0
a5d66cfedb4fede833ea22d0d53a8a84,2f7c8c8386941ce0ef458ca7ff304123,55715,feira nova,PE,1,2017-08-19 20:46:24,69.9,69.9,1.0,237,69.9,0.004201680672268907,0
dc1de95ecee234f733b2ea358c00cc01,5b07d855f3356e33b1434dfb5a035cd7,98803,santo angelo,RS,1,2017-08-27 19:48:58,139.9,139.9,1.0,229,139.9,0.004347826086956522,0
4ffb336c1ec482582982fbbeaa7d94fc,1a5cce05d8d3f2a72731b747359ac9dc,35230,resplendor,MG,1,2017-12-30 12:47:40,299.99,299.99,1.0,104,299.99,0.009523809523809525,0
1c01b6e99332e712ccd834ae02122d20,88f7972f3f521975d199f30aae8053ff,14040,ribeirao preto,SP,1,2017-09-06 14:39:40,39.9,39.9,1.0,219,39.9,0.004545454545454545,0
3ce8fb2428f3fcecbca120bce8f7b253,dd54dc717fbbcc67d92a15d8b2350249,24020,niteroi,RJ,1,2018-03-13 09:39:41,53.9,53.9,1.0,31,53.9,0.03125,0
30fcc8d14dbfeb74241a95b353c42cb1,7bfbafc4d351ff632afc079bcfd93516,9781,sao bernardo do campo,SP,1,2017-11-20 18:09:45,24.5,24.5,1.0,144,24.5,0.006896551724137931,0
2067794c960bc6a1705e94651086144d,3f564d2d54ebc70c2637cfd06d02f502,6721,cotia,SP,1,2018-04-09 15:04:30,102.0,102.0,1.0,4,102.0,0.2,0
9a4900710ff76d73cb3a0d152e73adf0,97f104e8e54ef4147d17fc1536a1482c,97502,uruguaiana,RS,1,2018-03-01 22:14:26,535.9,535.9,1.0,42,535.9,0.023255813953488372,0
dd4fd143772aebd20cbc60b790d9db40,9294ad7d1aedf7147f06724a6c72f462,37557,pouso alegre,MG,1,2017-10-22 14:35:01,525.0,525.0,1.0,173,525.0,0.005747126436781609,0
3a3fc10a053a684ea7b581c82916e794,11f9374f0b84ffc98a1ae50698c2112d,22081,rio de janeiro,RJ,1,2018-02-19 00:38:22,82.0,82.0,1.0,53,82.0,0.018518518518518517,0
59ccd68b1552f41045c3fa7e6402144d,4354753387ebf06e303e2aff23663692,29102,vila velha,ES,1,2017-04-17 07:25:25,199.0,199.0,1.0,361,199.0,0.0027624309392265192,0
3f5d541c043d1dc244fc7fb2bbcc9e67,2476158e47757b20c1b5a54735d646f8,85904,toledo,PR,1,2018-02-26 14:07:17,59.9,59.9,1.0,46,59.9,0.02127659574468085,0
7091f759f7cc565b0c2f5456d416fbc7,bb443fc9d79017dfcac871873ac069d1,20750,rio de janeiro,RJ,1,2018-01-28 23:27:33,79.98,39.99,2.0,74,79.98,0.013333333333333334,0
f9af1b2b5f714b1c3f46b9683df2454c,d389a40e14769e6fec5b93496cb8993d,4111,sao paulo,SP,1,2017-02-15 16:31:44,159.99,159.99,1.0,422,159.99,0.002364066193853428,0
b4a63ceeb0466c92a04c584e251b4579,a48cb60fc0afbf52d82418d6c8db54c9,30520,belo horizonte,MG,1,2017-09-25 01:11:48,149.9,149.9,1.0,200,149.9,0.004975124378109453,0
9eb3f461f599bef9a3d6ddcaf1a2716e,22920f09c4767962dab3d220ef660498,2435,sao paulo,SP,1,2017-07-18 08:53:09,79.9,79.9,1.0,269,79.9,0.003703703703703704,0
dbf5ae77201c47ae393b07a60788620b,ddea5f5a11752a22ba17511ee2db2685,97065,santa maria,RS,1,2018-03-03 21:55:12,76.8,38.4,2.0,40,76.8,0.024390243902439025,0
b00f7bd546cc64054eb4590cc37bc2fb,f616e247e477e36e19ec6343320f4768,87306,campo mourao,PR,1,2018-01-06 10:27:29,89.8,44.9,2.0,97,89.8,0.01020408163265306,0
5e0b9890265bd8821b59a933d7eb0a58,5b1ae94194ff6e974356063557746e47,87302,campo mourao,PR,1,2017-04-18 21:13:54,99.9,99.9,1.0,360,99.9,0.002770083102493075,0
0938950f35a397c0373882168b080808,5b7b7009010e8dbf35aa64441cd01b25,13904,amparo,SP,1,2018-03-11 10:27:45,1489.0,1489.0,1.0,33,1489.0,0.029411764705882353,0
96e2d32c707893b312fabc1c8bf98086,d6aa2c12378e9e82832b8e17b85a883e,3220,sao paulo,SP,1,2018-01-14 20:22:46,25.0,25.0,1.0,89,25.0,0.011111111111111112,0
7483110df32ada21179477a69cb7b83d,8593b7b117f976dbf2b4c2719c10a32e,3322,sao paulo,SP,1,2017-02-20 09:14:03,49.99,49.99,1.0,417,49.99,0.0023923444976076554,0
f0b859bf10be8f9953db9e34fc3baca8,7fcafd16846ad802c6e17347e4dccaeb,64160,luzilandia,PI,1,2018-03-01 23:45:15,49.9,49.9,1.0,42,49.9,0.023255813953488372,0
905b68aed6177b504cdce690e4e85575,310bb63fcca8d5ef53e67f2497c30dba,8180,sao paulo,SP,1,2017-10-31 10:44:55,84.0,84.0,1.0,164,84.0,0.006060606060606061,0
fb2340bd42a7561ca54dfd22978d7e2c,527d81cb07e97f4e21480077b6b3f142,20775,rio de janeiro,RJ,1,2018-01-19 14:06:36,54.0,54.0,1.0,84,54.0,0.011764705882352941,0
cec6b62ab6844c0bb8234d8fb47e8c19,f38c6089eda976676b4e83d4edae0b4d,99200,guapore,RS,1,2017-11-09 14:24:42,69.9,69.9,1.0,155,69.9,0.00641025641025641,0
a6ee0b99b451b3287a6042ac2b237821,8e421a47ae23c0009e56badc447abf74,1201,sao paulo,SP,1,2017-08-15 13:43:01,14.9,14.9,1.0,241,14.9,0.004132231404958678,0
ab099d9d527a7a16ae653834df241d37,8af62f6dd9dfee7e45430a777de7f30b,1516,sao paulo,SP,1,2017-06-01 17:56:35,69.9,69.9,1.0,316,69.9,0.0031545741324921135,0
46ad19d390527ea247f395322d167aec,2c0631ddaf23557e020baa30eac4a15b,26062,nova iguacu,RJ,1,2017-07-30 14:54:30,134.9,134.9,1.0,257,134.9,0.003875968992248062,0
2445f5abc357155e6dc516632b02bb21,58d6ca46cf2a66eede55574097e0a328,24859,itaborai,RJ,1,2017-07-03 18:59:31,218.9,218.9,1.0,284,218.9,0.0035087719298245615,0
05fd3454ddf16d297616f9167700ab80,87a7c3090f96d9da963125a0d7f8193a,6184,osasco,SP,1,2017-02-09 14:00:53,176.99,176.99,1.0,428,176.99,0.002331002331002331,0
758aedfa7a88fafd333878e149379e0b,ccacb2d2c7e00b77c81f59ab13b8415c,17900,dracena,SP,1,2017-09-27 11:59:35,129.9,129.9,1.0,198,129.9,0.005025125628140704,0
90e4610234a323a0a7a5b1aa7e936d9e,5b09c620db60411b0be6f1817c6cbe71,28930,arraial do cabo,RJ,1,2018-01-20 17:20:34,129.0,129.0,1.0,83,129.0,0.011904761904761904,0
db0ce16f1da5ed3902c23e6ab85b4c75,e18a893d97d91d983342c5c512428cc5,92500,guaiba,RS,1,2017-03-30 11:41:08,171.0,171.0,1.0,379,171.0,0.002631578947368421,0
e68c03ed7224b85150876ad873fe7aed,e9d032a218d89ff1abffcfbbe0f2231c,22780,rio de janeiro,RJ,1,2018-01-15 13:59:17,394.65,394.65,1.0,88,394.65,0.011235955056179775,0
cc12cc40c551d10e0122e34d2f0e1342,dcc7fb04fd4a19d3099e9f6e505ab08b,9405,ribeirao pires,SP,1,2017-08-10 10:41:54,14.9,14.9,1.0,246,14.9,0.004048582995951417,0
4daf9bdbb2f515d19c4a054881982674,8639ba758371b0ef0e3d8264ac944b2c,3127,sao paulo,SP,1,2017-09-14 00:12:53,56.0,56.0,1.0,211,56.0,0.0047169811320754715,0
0c8050459705eab48d6faf4b118109be,23a77d53d020df90a645854f07cbd8ef,8735,mogi das cruzes,SP,1,2017-11-22 20:40:31,51.96,12.99,4.0,142,51.96,0.006993006993006993,0
b1bb127ce792d5bd572bcfecc6adb9ed,e76b5511af55ea57be641fac4b41c329,37490,sao goncalo do sapucai,MG,1,2017-08-11 14:14:14,49.0,49.0,1.0,245,49.0,0.0040650406504065045,0
cd8979d14712c57fc193aecac517da3a,2a3544b5d01a4f1107ae0fb7f10f2489,1238,sao paulo,SP,1,2017-03-07 14:13:56,24.75,24.75,1.0,402,24.75,0.0024813895781637717,0
0ace9ca5314b7bd412e2429479701719,8afaa5c30034dda70e2012dcb0c50817,8579,itaquaquecetuba,SP,1,2018-01-22 15:57:11,29.97,29.97,1.0,81,29.97,0.012195121951219513,0
a20eca856c890ec1eeb6d0cfffea3201,42a1a17ab8c539d01d158aabd7d55eae,89188,agronomica,SC,1,2017-02-20 23:05:53,8.97,8.97,1.0,416,8.97,0.002398081534772182,0
b550abac10e148e050efe03dd209aa73,9376735196d597e46dbd48e03dae1a78,70070,brasilia,DF,1,2017-07-07 13:37:17,89.9,89.9,1.0,280,89.9,0.0035587188612099642,0
c9fe92fa60e20c4175118d51cf0cdd9c,e71a124dadcd2ee1047f04847fc58bda,35162,ipatinga,MG,1,2017-12-21 15:51:55,47.4,23.7,2.0,113,47.4,0.008771929824561403,0
2218eb19c121b3d073793364f63dd895,ca2099162a686adc1c3fa855494a418c,58039,joao pessoa,PB,1,2017-03-19 21:05:50,198.0,198.0,1.0,390,198.0,0.0025575447570332483,0
1bfe620be823518320575a61861437ea,fd634df670a00c1cf64d2ef2a78c1764,13974,itapira,SP,1,2017-11-11 09:43:39,43.9,43.9,1.0,153,43.9,0.006493506493506494,0
c76b3c74f7a361753f9b9cae17614acc,d4a89ca3e6dd577dbb09c9cfef80a494,12607,lorena,SP,1,2018-01-08 14:23:44,134.9,134.9,1.0,95,134.9,0.010416666666666666,0
e482270e1e3f5096fde4144bae1d5d24,5f7f36eba082e3b9a014e2d7936dddb7,44571,santo antonio de jesus,BA,1,2017-11-13 22:51:59,199.0,199.0,1.0,150,199.0,0.006622516556291391,0
b1774630aab83ae3db66c76544c62a6b,6a663eef93e1bbb5a16b79f43ac8f49b,19400,presidente venceslau,SP,1,2017-08-18 18:13:06,59.9,59.9,1.0,238,59.9,0.0041841004184100415,0
2017aa1d9a2706825014b8d3aece07d6,a50832cd09553f9885834a7cb66e16ba,65530,urbano santos,MA,1,2018-02-26 09:24:33,69.9,69.9,1.0,46,69.9,0.02127659574468085,0
c34a5917571c7ffe960785111bfa4061,2c8902a45e7bbf222692f46e0e9e5513,28994,saquarema,RJ,1,2018-02-20 22:32:06,119.9,119.9,1.0,51,119.9,0.019230769230769232,0
92566e623b70efba98063150b200cba4,b890928f02ba9a0dfbc6ec8009bee0fd,74290,goiania,GO,1,2017-12-31 22:14:53,219.9,219.9,1.0,102,219.9,0.009708737864077669,0
b57ede159d0a0ad4aee357d0219ddaca,bd41f257dca6559e9c40e9eda9b19308,35560,santo antonio do monte,MG,1,2017-09-04 22:43:35,119.9,119.9,1.0,220,119.9,0.004524886877828055,0
707831c8480919ed888f1b026854eaf1,4fdd5b3b54ffe8810effba9c253f275a,66822,belem,PA,1,2017-06-20 09:39:27,19.99,19.99,1.0,297,19.99,0.003355704697986577,0
ed8b86adb87947ef159d03a7b9268b66,6a587723c1226cb1e760b1ae32b11dbb,2367,sao paulo,SP,1,2017-05-18 14:03:44,56.99,56.99,1.0,330,56.99,0.0030211480362537764,0
33fc37ecfda5df3cfaea8cb17c634e06,32b486fad49291a58acfa5fdd0864ac7,19470,presidente epitacio,SP,1,2017-02-22 09:19:58,34.99,34.99,1.0,415,34.99,0.002403846153846154,0
80911d64b01b8af716553f3b45393ad1,13bc0286a7f3ab0b58291344147200af,17527,marilia,SP,1,2017-11-03 14:23:33,50.0,50.0,1.0,161,50.0,0.006172839506172839,0
0447d86a923f286dcdecab2c0240722a,788d35a7b2d874b34779c8af1e0f23ef,89990,sao lourenco do oeste,SC,1,2017-11-21 18:03:54,129.99,129.99,1.0,143,129.99,0.006944444444444444,0
6284b8ac7b0fae398f24ed57339cf072,3d33fa7b80bba2f0a706b7b141485add,4822,sao paulo,SP,1,2018-01-20 23:23:21,49.0,49.0,1.0,82,49.0,0.012048192771084338,0
d91334c0843c16865902f1eb2356811e,18cf733f47d311419adac897bfa46b70,11628,sao sebastiao,SP,1,2017-11-24 21:23:08,79.9,79.9,1.0,140,79.9,0.0070921985815602835,0
781fc3c9b34441add54ca7b29ba3e52c,818e78151fbc43bcd2a42097399b33a4,6083,osasco,SP,1,2017-11-28 11:25:45,66.0,66.0,1.0,136,66.0,0.0072992700729927005,0
f97aca2b8c62877d486e8afccaac5898,57d18bc844672c5fbe879446bc1bb0c9,37006,varginha,MG,1,2018-04-09 23:34:35,139.8,69.9,2.0,3,139.8,0.25,0
efbc3a1137c497705f0615f57e253f32,8cfc5350efe3bce6a0d6f96fbaf2c3b4,35530,claudio,MG,1,2017-05-14 21:16:54,26.9,26.9,1.0,334,26.9,0.0029850746268656717,0
c1e494d6f24ef8ff4fef378b4faefd2e,2cd88fde26dd9dd77c5d67aa1678770f,4812,sao paulo,SP,1,2017-08-20 16:31:57,68.0,68.0,1.0,236,68.0,0.004219409282700422,0
e95994d81b2fd9150bace0cd8a7b8024,9eb77967122094a4eea4084933b47a1e,6700,cotia,SP,1,2018-03-19 10:05:40,130.5,130.5,1.0,25,130.5,0.038461538461538464,0
1a22a929e1167b7a71cc69544814526e,687b1475a3bdae78df6d5acf33144dcd,4905,sao paulo,SP,1,2017-11-26 15:39:40,24.5,24.5,1.0,138,24.5,0.007194244604316547,0
c27c1ed0d6a18c5bacc8ee239f5717d7,1b10d58aef8d0d26651c02d40f765cae,5414,sao paulo,SP,1,2017-02-01 17:21:33,6.57,6.57,1.0,436,6.57,0.002288329519450801,0
552e5dad0a117d4b2f536700db6cb60f,c7fa86b24c5659adf36cb075a5e27459,30493,belo horizonte,MG,1,2017-11-06 21:00:16,79.0,79.0,1.0,158,79.0,0.006289308176100629,0
94022ff13dd60ec046554d25daf2a926,c0861e9f59409969e3774da5ba02c4a2,89157,witmarsum,SC,1,2018-03-12 22:49:15,16.99,16.99,1.0,31,16.99,0.03125,0
88bab0875c657d7167d0080bbb4e794a,3eb7932f075743f0e50b0d9966707e6f,78270,salto do ceu,MT,1,2017-10-23 10:49:50,0.0,0.0,0.0,172,0.0,0.005780346820809248,0
c420271268e6755e9db3055aae7ce17b,adebb7a05c428c0b6330f96f3b7f0fa4,27933,macae,RJ,1,2018-02-21 00:06:40,119.0,119.0,1.0,51,119.0,0.019230769230769232,0
9e6531ec2ebbf1bc5971bdddd96e67a1,3f0fc819e0772c79adc298b081dbae04,6850,itapecerica da serra,SP,1,2017-03-23 16:56:19,99.6,49.8,2.0,386,99.6,0.002583979328165375,0
106dc4cd0c6de742ecbe154db2be1ae4,a8d062cdea3dcb9addaf6657b0a2770e,5382,sao paulo,SP,1,2017-12-05 22:40:35,65.99,65.99,1.0,128,65.99,0.007751937984496124,0
ac3d7f758530a079398af1d277f48d22,c6f1615b629142d8ebc815ac300bc854,84200,jaguariaiva,PR,1,2017-05-16 10:15:30,109.0,109.0,1.0,332,109.0,0.003003003003003003,0
e683a3466324913040a473c89d2395ed,abc3c9ce7f7a422194fc8e0f2c837ac4,70258,brasilia,DF,1,2017-10-24 13:27:07,223.64,223.64,1.0,171,223.64,0.005813953488372093,0
70da6bf62439a98c65f757d70c6a213d,b593353aa4c093b71235ece9689ce7e4,20771,rio de janeiro,RJ,1,2017-11-28 16:55:41,49.9,49.9,1.0,136,49.9,0.0072992700729927005,0
db925a533d94cee42707026949892c7e,5f03b965e26e79a371d229cfeeb578d7,7991,francisco morato,SP,1,2017-06-20 13:08:17,39.9,39.9,1.0,297,39.9,0.003355704697986577,0
d9f26e1768abce63ca633e2f3a5b8896,15eb6c5aa4aa23cbdb42e119220d23ec,79830,dourados,MS,1,2017-09-22 15:39:38,192.0,192.0,1.0,203,192.0,0.004901960784313725,0
b47bc65b0868e4d9d38891686c30d68d,2a5ebb5187a7105b9513d513d6513f6d,40240,salvador,BA,1,2017-09-11 14:54:34,116.0,116.0,1.0,214,116.0,0.004651162790697674,0
44e246036793c31473a506a95d2d782b,0cda5b1f319966523ff6f30f42fdab81,87112,sarandi,PR,1,2017-11-03 09:49:14,29.99,29.99,1.0,161,29.99,0.006172839506172839,0
c85f6a8bce5909206d682c9111404212,3bcc1d1b1fc7bc245aeee1d33b55a7aa,30360,belo horizonte,MG,1,2018-04-07 20:21:45,39.5,39.5,1.0,6,39.5,0.14285714285714285,0
6b18fa3dced515841e3d09e216f4974a,3660e33bc132658a08c234cc82e6d0cc,4578,sao paulo,SP,1,2018-01-09 09:51:36,190.32,190.32,1.0,94,190.32,0.010526315789473684,0
48e6b0bcf07e875ac11d750a5ca6db37,9988d8cc269d89577da14473ecd4c55b,8635,suzano,SP,1,2018-03-08 21:32:47,89.99,89.99,1.0,36,89.99,0.02702702702702703,0
ba31215f5bab89b26ac8a363565af45e,b4b0c2a72f9cb454d86064e21514b036,95902,lajeado,RS,1,2017-12-15 17:47:00,89.99,89.99,1.0,119,89.99,0.008333333333333333,0
6a24075730b9c1400e48548a5cbd2738,e8a398ff29ecd32cd95796a2fe0de274,9857,sao bernardo do campo,SP,1,2017-04-06 09:05:53,195.99,195.99,1.0,372,195.99,0.002680965147453083,0
7e88bddedab5603be5bb50ec9025080e,95a034d6e3c9bb4d456c45771ac7b997,13308,itu,SP,1,2017-10-03 15:54:15,19.9,19.9,1.0,192,19.9,0.0051813471502590676,0
27cd74c2fb9278dc9a872029a1edc6c1,547d96d61444758bad5bca8d0e3401bb,79051,campo grande,MS,1,2017-03-23 18:45:20,449.0,449.0,1.0,386,449.0,0.002583979328165375,0
78d2344fcf124f101a40d35cf4df5c18,da15d63ab4ec03312f36e0f1fa767ca6,30310,belo horizonte,MG,1,2018-01-25 16:32:37,99.0,99.0,1.0,78,99.0,0.012658227848101266,0
3d41dceed696230a9fb71adee37c5aeb,309117ad0e6059b73cc2f9565c90f2be,66033,belem,PA,1,2018-03-19 16:35:43,65.0,65.0,1.0,25,65.0,0.038461538461538464,0
757be9f0f57d1863fb62a6d4b08ad287,d1e7147f81b3c9ada662c567a18a8135,4154,sao paulo,SP,1,2018-03-27 15:21:33,119.9,119.9,1.0,17,119.9,0.05555555555555555,0
92757035e85249f3d30f26b354c8ef45,371c26bac078c1bb919c6872022e3b8c,45005,vitoria da conquista,BA,1,2017-11-25 15:22:23,29.99,29.99,1.0,139,29.99,0.007142857142857143,0
18c600236647ceb2919a8f9adc3ab76f,aaf8ccf74ee72454c5aa4bc971db41ab,13970,itapira,SP,1,2017-09-11 11:48:37,63.84,31.92,2.0,214,63.84,0.004651162790697674,0
ef8d10671b9af3eca67b9d4024d50070,80de999c72d38816b997a6a63948c4ba,20210,rio de janeiro,RJ,1,2017-11-14 07:30:44,99.9,99.9,1.0,150,99.9,0.006622516556291391,0
0bd2dd26ea71e853a5c95cf31a7a9c8d,43cf7e69e43376c3fe22e0ac5b69846c,25780,sao jose do vale do rio preto,RJ,1,2017-11-25 17:17:57,139.99,139.99,1.0,139,139.99,0.007142857142857143,0
accfbaa1f092fdf6db1d8fcdad351b50,1c5aefec1a2943edd15e52f9e2900e41,39860,nanuque,MG,1,2016-10-09 15:10:41,129.97,129.97,1.0,551,129.97,0.0018115942028985507,0
a3c07a5d858fa39abbe44ca22afbaf03,d802e71a67c6a33850849c977325b4d2,1522,sao paulo,SP,1,2018-01-17 15:22:23,149.0,149.0,1.0,86,149.0,0.011494252873563218,0
6e3f3f19276ee854efffc3be36dbc246,ca8a8f33d835d768e8480c755581f2f9,71070,brasilia,DF,1,2018-02-14 22:06:11,199.7,99.85,2.0,57,199.7,0.017241379310344827,0
4ae24933ab2c07bc898c41418910a9ce,837a2bc40e70b541094e51aff3cce3bc,89237,joinville,SC,1,2017-12-27 14:29:52,39.9,39.9,1.0,107,39.9,0.009259259259259259,0
9c24c996759c0865e07e4fe69506e151,02e4c56fefa30628768ffe326d332e2f,91170,porto alegre,RS,1,2018-01-11 12:07:15,23.99,23.99,1.0,92,23.99,0.010752688172043012,0
6abca237f70bf072ffb9855407d08873,1867b5bf33caa2997586605d075f4f8e,22240,rio de janeiro,RJ,1,2018-02-15 11:05:48,89.0,89.0,1.0,57,89.0,0.017241379310344827,0
ea36ec29b56eded534644f21b9561efc,cef44ce121b124fdc3438472b1ac4e9a,86020,londrina,PR,1,2018-02-09 13:48:17,38.25,38.25,1.0,63,38.25,0.015625,0
4838991c7e42996e65f9386f91b1f014,eddca75e30c643462f001539490c6fe3,20950,rio de janeiro,RJ,1,2017-11-19 20:51:56,24.99,24.99,1.0,145,24.99,0.00684931506849315,0
47fb4a430082767909a0bc89fa392fe4,6a234e9bf30fd5642195960a3a374c22,21330,rio de janeiro,RJ,1,2017-11-29 18:34:29,266.0,133.0,2.0,135,266.0,0.007352941176470588,0
b759d83c744ff08274fb4f1e1f9362db,1ae128962347cc6c8295ebea5186c808,76490,mara rosa,GO,1,2017-11-25 16:32:14,84.0,84.0,1.0,139,84.0,0.007142857142857143,0
0879c47e542184edf3c921d2fee17084,747a3bde8936cc5b862993e65c1b5a48,20521,rio de janeiro,RJ,1,2018-02-12 14:01:37,99.8,49.9,2.0,60,99.8,0.01639344262295082,0
05f830d6d4afd135824b04ce45d20f00,d07fdfa2b78ab36b0f339706aa4f5a09,94960,cachoeirinha,RS,1,2017-12-05 21:26:28,22.8,22.8,1.0,129,22.8,0.007692307692307693,0
a394aa1decd1324c76593baffaf2b6ed,b40cf4eecfea7f5204bb7763fc5437fe,13803,mogi mirim,SP,1,2017-12-11 09:27:40,325.0,325.0,1.0,123,325.0,0.008064516129032258,0
a0c67776c295e9b4a2b4884c6a24c76a,73a713cc2b4ae1249774ad9be90abd91,58195,frei martinho,PB,1,2017-04-20 12:47:52,159.9,159.9,1.0,358,159.9,0.002785515320334262,0
bf6c410fe2a50bb23239b57ee1fb8f26,898a745dde6d9ee0fdde3c14c2a3d7e2,4764,sao paulo,SP,1,2018-01-23 09:26:49,124.99,124.99,1.0,80,124.99,0.012345679012345678,0
a8dd3c1ab4eeccb2a1bd2aec4f8d32e0,18753de7f8b65856d23473280e71ceb2,84925,pinhalao,PR,1,2018-04-05 07:53:49,148.9,148.9,1.0,8,148.9,0.1111111111111111,0
d050ccd8fa4f60813134f7bb409ca04e,ca88da1010f6292296729d4bf59fda42,35300,caratinga,MG,1,2017-11-24 19:31:32,49.95,49.95,1.0,140,49.95,0.0070921985815602835,0
f77c7eef15674a5fd3d3c13553ca803e,1a073bf0423277d82e201d983a86ceb1,4152,sao paulo,SP,1,2017-05-08 08:53:43,114.1,57.05,2.0,340,114.1,0.002932551319648094,0
730bc94d728719b06600f19d84e92584,776f97a51344626338b5eefded4d3a98,57082,maceio,AL,1,2018-03-11 11:11:51,21.49,21.49,1.0,33,21.49,0.029411764705882353,0
cc6a4635d81132a30bd989836fe9ff82,e66926d000cad7d9ecc9c5f28537741e,38408,uberlandia,MG,1,2017-09-17 10:15:49,52.64,52.64,1.0,208,52.64,0.004784688995215311,0
6a8ab1cd5158c7451562253ad39e8eda,95d1f6f4425e77caf5dfe0329939a7d8,97800,sao luiz gonzaga,RS,1,2017-07-26 18:55:40,159.94,159.94,1.0,261,159.94,0.003816793893129771,0
3ed790a63e61a86231274a97e1b27fd6,945d8abe1a8d969b0befe6228a801f92,2945,sao paulo,SP,1,2017-10-20 09:10:06,119.99,119.99,1.0,175,119.99,0.005681818181818182,0
b944c2dcd9aa58a6defedda9e0d72ea0,84e9e78c7a4d3df5b38c9bc54cc523e1,22775,rio de janeiro,RJ,1,2017-12-10 09:18:07,249.99,249.99,1.0,124,249.99,0.008,0
47192afca0ea2f6927f782257e18fe4e,1864b0e8ffa2c68d681d426a6fdd9f0f,3654,sao paulo,SP,1,2018-04-08 19:27:48,54.99,54.99,1.0,5,54.99,0.16666666666666666,0
88d28eeeb569b3f9acf4a1201b8cc38f,8e6778e57f11d27fdad9007241a86d6d,15400,olimpia,SP,1,2018-02-28 21:31:09,14.45,14.45,1.0,44,14.45,0.022222222222222223,0
c8c4e5f83e41a1c32b287793785cf3f7,76c84827b3ee8df52fe0c77a9e38f814,99030,passo fundo,RS,1,2017-08-03 22:43:12,39.9,39.9,1.0,252,39.9,0.003952569169960474,0
f785a4fc69eb2ba079b0076cd0cfa5a9,4cca4cf79eeddc8d36b6b659fbce5cff,14787,barretos,SP,1,2017-08-31 07:31:06,3.99,3.99,1.0,225,3.99,0.004424778761061947,0
0bc0e9e36ef7cc3a227078978ea75d43,020f91981e05247250ccaa0ba69364d6,20720,rio de janeiro,RJ,1,2017-09-20 00:01:18,117.99,117.99,1.0,205,117.99,0.0048543689320388345,0
c92227c22263d46ce0163442bb544995,3b532b639eeac65f03a99ea180fca0e0,22021,rio de janeiro,RJ,1,2017-06-23 08:48:59,29.5,29.5,1.0,294,29.5,0.003389830508474576,0
e805a2d89df2d760a6ad978b424cd561,98c438e19ccdab086f626596cbc5465c,14783,barretos,SP,1,2017-11-29 18:06:16,99.0,99.0,1.0,135,99.0,0.007352941176470588,0
3b3702fc4b46a726bdfd0b51733f6f69,04cc4b5d5509cedb9a9e98cb34417d56,5856,sao paulo,SP,1,2018-03-10 11:13:59,179.49,179.49,1.0,34,179.49,0.02857142857142857,0
5427db81b6127984b9d282e9e6ef2603,4aceb8c7e323505487fb7ad6775f177b,91170,porto alegre,RS,1,2017-11-05 22:06:17,599.9,599.9,1.0,158,599.9,0.006289308176100629,0
a2149ebf1a15e45e7b38fd8e2d97c704,619fea5648fc30bc4e23d849fd5c5204,89460,canoinhas,SC,1,2017-07-09 19:01:26,50.1,50.1,1.0,278,50.1,0.0035842293906810036,0
4b51c20a256e426ffa5fdf3471d20cfe,0b3b4176e5e04483b5a478e0329e3b82,65025,sao luis,MA,1,2018-02-15 12:39:44,0.0,0.0,0.0,57,0.0,0.017241379310344827,0
248c47650075a87ff142d4227837be6c,e86907b23d40687a59a80d05a48d710e,21235,rio de janeiro,RJ,1,2017-02-10 11:11:05,234.8,234.8,1.0,427,234.8,0.002336448598130841,0
12d61ba72600fbee1886879f039ae8fe,bc416bd85fe0e29957ac8c3b909529ae,40252,salvador,BA,1,2018-02-23 13:35:05,10.99,10.99,1.0,49,10.99,0.02,0
8fae727bbd9f7466b0d7169b4d5137ec,1361e34172047f2e9319340369203b44,11070,santos,SP,1,2018-02-07 15:01:58,125.0,125.0,1.0,65,125.0,0.015151515151515152,0
a10bf76efea959603e21cbfc13bbf221,c9e4881af356888041171a9452e30600,21820,rio de janeiro,RJ,1,2017-09-21 19:19:32,166.0,166.0,1.0,204,166.0,0.004878048780487805,0
d1800078046ed2e5ae1b0792b695c56e,64fbafb2935c7a2588d6a26a9d750487,3063,sao paulo,SP,1,2017-01-27 14:59:17,188.65,94.325,2.0,441,188.65,0.0022624434389140274,0
fe5113a38e3575c04f5a3413100d4e48,eb53ee675b0c79d66e25fce46957e1fe,24220,niteroi,RJ,1,2017-10-23 16:09:25,1437.0,1437.0,1.0,172,1437.0,0.005780346820809248,0
80bbbe390ca6d4bbd1d21f50093e2a34,7a2dd18c0df7348c511f284197bf6811,74911,aparecida de goiania,GO,1,2017-07-25 15:02:02,360.0,360.0,1.0,262,360.0,0.0038022813688212928,0
ce3e30e0a69d1fac23013ad343cb5727,d07d8ca6888b515030c72a0515356afc,33900,ribeirao das neves,MG,1,2018-01-10 20:57:32,48.9,48.9,1.0,93,48.9,0.010638297872340425,0
bcda0127e53e823248ef84c3f6869b78,5b356a89416c4a69ce35941f4072901a,21210,rio de janeiro,RJ,1,2018-03-19 21:19:53,129.0,129.0,1.0,25,129.0,0.038461538461538464,0
8133147c1bfe4c00340064eaa286d0b7,894a2fac1dcb705a1e4097b8a9131e90,16400,lins,SP,1,2017-12-04 16:28:25,177.0,59.0,3.0,130,177.0,0.007633587786259542,0
e3e0534dc37dd14280ac15f24acb0530,fc1076ac48d91abe8fb6ca4753f84b83,25070,duque de caxias,RJ,1,2018-01-27 16:30:39,38.25,38.25,1.0,76,38.25,0.012987012987012988,0
c6493ae5b5ae563a2a20a534dfd21cb8,d89bbed2bfc8b18edbd8fa87c7e214e1,24805,itaborai,RJ,1,2018-03-09 19:43:32,53.9,53.9,1.0,35,53.9,0.027777777777777776,0
1fda20eaf383807164578b4a45ade230,1fa46490ffc2bdf1c5eb066cec1fcd2a,26510,nilopolis,RJ,1,2017-03-25 13:06:49,299.0,299.0,1.0,384,299.0,0.0025974025974025974,0
3cbbf4aa377c9b40c8679e10f84f7e96,656391c4bdc3662adb8dcd6e23cad0fa,38400,uberlandia,MG,1,2017-11-26 17:56:26,99.9,99.9,1.0,138,99.9,0.007194244604316547,0
b474f5d2fa522b1ab235ad78afcc17ee,a5fba7506f3fce8f1d3fe991357a699a,28633,nova friburgo,RJ,1,2017-11-19 10:29:28,83.41,83.41,1.0,145,83.41,0.00684931506849315,0
6f4511798549eb82e7ced95ae05a73c7,ec989c63f79613bf066335e25f808df5,7270,guarulhos,SP,1,2018-01-09 09:11:00,97.49,97.49,1.0,94,97.49,0.010526315789473684,0
0d0a49286a8610cff0b0ca481ac5d14b,3e7a68a9a380c6802aa79a54be7c2e70,65025,sao luis,MA,1,2018-02-17 22:29:16,209.9,209.9,1.0,54,209.9,0.01818181818181818,0
e0701a06701df9dcd6281071f33893e5,7db86afe106053a3e88d034099d152eb,15010,sao jose do rio preto,SP,1,2017-07-26 15:19:37,19.9,19.9,1.0,261,19.9,0.003816793893129771,0
6139e49bfb539c18b01ef2d7da91a863,83e275aa6842700143e51815fedef692,11740,itanhaem,SP,1,2017-06-04 00:27:19,89.9,89.9,1.0,313,89.9,0.0031847133757961785,0
bb715c9131b490ed9aab3540cedb7608,96397b6f0b3e9f42db19da7b0c10910c,90820,porto alegre,RS,1,2018-01-31 20:59:18,139.0,139.0,1.0,72,139.0,0.0136986301369863,0
066a5866635b2ff28b793b05fa7a42cb,8314fde2596597b1e3025d26ee38a763,27915,macae,RJ,1,2017-03-25 21:39:50,492.04,492.04,1.0,383,492.04,0.0026041666666666665,0
b1ad9ed44c9f38c75ddabd01eb6f6585,7b662d846265cb0ed144db95fe0c74dc,3362,sao paulo,SP,1,2018-01-29 17:54:40,144.99,144.99,1.0,74,144.99,0.013333333333333334,0
c0145549d5066a5299cb6d25f4bb3d36,1b95e3fe033836c787689ae4b9516aa3,30882,belo horizonte,MG,1,2017-05-13 11:35:32,278.9,278.9,1.0,335,278.9,0.002976190476190476,0
19b8609422fb5136ea6a734a121c3eeb,b40e465c7844a2ae74363a41c763de49,29160,serra,ES,1,2017-11-08 14:22:40,49.99,49.99,1.0,156,49.99,0.006369426751592357,0
e899bf2f5f7da06cc412595d8ce11351,6b74235847b7a508ddd9c7dd81735501,23095,rio de janeiro,RJ,1,2018-04-09 20:07:59,34.3,34.3,1.0,4,34.3,0.2,0
c8a2e9332221768c8df71f0936227a05,382ad79426068e4ba6ed73491d4441cb,13310,itu,SP,1,2017-06-04 12:09:59,70.0,70.0,1.0,313,70.0,0.0031847133757961785,0
6a85222aa87619e9aef296bb6166970a,1522db025aa5d6fe7db87e3505b64023,80020,curitiba,PR,1,2017-07-01 11:00:49,999.99,999.99,1.0,286,999.99,0.003484320557491289,0
def8021341a1466f13686e05d39bc2c6,e60bb7d6a4e75a17a1131346d6e18de4,9350,maua,SP,1,2017-09-22 17:01:34,59.9,59.9,1.0,203,59.9,0.004901960784313725,0
faddb58d5de890cd191da5bb72c54a27,3ba72711278fbdcf091dc7440b55947b,35530,claudio,MG,1,2017-07-06 09:01:43,594.0,297.0,2.0,281,594.0,0.0035460992907801418,0
0f067484e64242cf92f86c358300fc97,43fa44b3d8cb236780ff9a94f859c725,12140,sao luis do paraitinga,SP,1,2017-05-24 14:10:06,669.0,669.0,1.0,324,669.0,0.003076923076923077,0
0f642db7c00e30f1b9182cf2611391d3,02f4eedf70e929d1a6ca974f05b8d8be,14800,araraquara,SP,1,2018-02-27 21:26:44,19.89,19.89,1.0,45,19.89,0.021739130434782608,0
394a520dc01e2dbf992d1bab7ab6d95e,1e21216ab6c77754ae4f0d410ac67a7f,6765,taboao da serra,SP,1,2017-11-09 18:22:26,145.0,145.0,1.0,155,145.0,0.00641025641025641,0
45c20449fa0e246600a384e74176e43d,9459c6a0c2fac25ee571ab4d9f18757b,38150,verissimo,MG,1,2017-06-30 21:48:50,55.13,55.13,1.0,286,55.13,0.003484320557491289,0
1d7e831db788682b2ed3a961e3c3ca8d,6995e78c2a2a7c37ca2273b236dfedce,35545,perdigao,MG,1,2018-02-02 18:30:42,45.9,45.9,1.0,70,45.9,0.014084507042253521,0
5036f826fada2fdba151a9112545e883,a132c0c285d1c5edaeb7180877baeab5,93546,novo hamburgo,RS,1,2017-06-14 15:47:06,59.8,29.9,2.0,303,59.8,0.003289473684210526,0
14423ad70a3aa64dee01bf0991b5891b,a9ce5d5903bedbbad8bbbd7fa3ef9316,15880,tabapua,SP,1,2017-08-14 08:27:51,51.92,51.92,1.0,242,51.92,0.00411522633744856,0
b66e464c6bbb6acb17a4bbb1c1c99bc3,53e9da4c7a9d53060628784c2d2c2921,88106,sao jose,SC,1,2017-05-23 14:00:59,36.8,36.8,1.0,325,36.8,0.003067484662576687,0
791b1f2ebf981ee9867bba35359d8d3c,f77f10748dc83889b6cbffba623914af,2991,sao paulo,SP,1,2017-12-19 12:26:24,69.99,69.99,1.0,115,69.99,0.008620689655172414,0
04ecafc940e602c4fd1fe544506c766d,d4989bc70976712e3343028803969d3f,72710,brasilia,DF,1,2017-12-04 13:44:41,269.9,269.9,1.0,130,269.9,0.007633587786259542,0
49458e71378c6be16ff3b21b6e83676c,be7b8e5d123ff56fa757c60cee834eda,23585,rio de janeiro,RJ,1,2018-03-01 13:15:46,175.0,175.0,1.0,43,175.0,0.022727272727272728,0
dda1c4364d7687bcc98ca8984550b081,312c9b7a4b792683db76a547c722486b,13214,jundiai,SP,1,2017-04-17 07:42:23,12.98,12.98,1.0,361,12.98,0.0027624309392265192,0
7a4bda17979cda408ede421d6f9e5337,3d58d1ec4b0a3513c4b9e7bc83e07921,22011,rio de janeiro,RJ,1,2017-10-29 11:16:24,97.9,97.9,1.0,166,97.9,0.005988023952095809,0
7808ea4b58654518cfe762d80eda6cbe,233182a47c04289c82c046a458f46d56,9580,sao caetano do sul,SP,1,2017-07-24 14:21:25,134.99,134.99,1.0,263,134.99,0.003787878787878788,0
3936365b0df3a48f46163861eaa23db4,223375a331896cbd8946c1edd2dfdde0,2021,sao paulo,SP,1,2018-02-27 21:56:07,129.9,129.9,1.0,44,129.9,0.022222222222222223,0
1e1f25dd8d5d50c2c438163bfd204126,c0d1c485cc68748f953bedc0b453a5d4,37502,itajuba,MG,1,2017-09-30 23:59:15,109.0,109.0,1.0,194,109.0,0.005128205128205128,0
cc24ed2ed67ceb1f6d4878edeea3aae8,966f8a8d003e2fec8c00e7bfc1e117ac,4278,sao paulo,SP,1,2017-11-28 12:01:21,700.0,700.0,1.0,136,700.0,0.0072992700729927005,0
601b800732110a9e3695e9c454bfa828,8a11981cadf7feaab34826f59a3185c6,29600,afonso claudio,ES,1,2017-11-30 08:13:06,95.0,95.0,1.0,134,95.0,0.007407407407407408,0
470fa3fd312895b59fc3b5394bcc99fe,5bbc1bbc5568a1d7c22f7326471e5037,88036,florianopolis,SC,1,2017-09-19 16:26:26,240.35,240.35,1.0,206,240.35,0.004830917874396135,0
9da0a4eaab687888548003b3c4e35830,d2fd01ccf79a472224ca397cae3dea23,78740,rondonopolis,MT,1,2018-01-24 17:31:53,137.9,137.9,1.0,79,137.9,0.0125,0
d91dc5b08f5bb5e181a878580f4ec576,a4e15c3b37a5bdc379b5d9a8b7b37450,66033,belem,PA,1,2017-11-01 17:45:52,39.9,39.9,1.0,163,39.9,0.006097560975609756,0
308d4cf02943e88824df8b602f610931,d142e340bf31aecb083980a55851ba61,12233,sao jose dos campos,SP,1,2017-04-05 21:17:47,69.9,69.9,1.0,373,69.9,0.00267379679144385,0
b185b126fdc8f60cb8be77078546d1e2,028df9d72fe22595a5da837157f1258b,39280,buritizeiro,MG,1,2017-02-14 13:18:53,99.8,49.9,2.0,423,99.8,0.0023584905660377358,0
b8936eebb611c6af9b609ed39594c33a,426f0839fbb0679c6f1ef8f80cc30c66,78048,cuiaba,MT,1,2017-03-01 00:01:30,29.9,29.9,1.0,408,29.9,0.0024449877750611247,0
131fc1a18874ae3381d8b4d6d920bd5d,f1e56bb9287a0561c5d62746ea0fba80,24471,sao goncalo,RJ,1,2018-01-07 10:14:42,37.8,18.9,2.0,96,37.8,0.010309278350515464,0
49728ab3ca97268c16b1bc1205212d04,086128fec7b737d40b44c216e0f104d7,13220,varzea paulista,SP,1,2017-06-21 18:27:41,47.9,47.9,1.0,296,47.9,0.003367003367003367,0
3dbac935fb077003b3cd7b6e9ae9ecb7,45861d13dc73fcddf277794733a88510,57305,arapiraca,AL,1,2017-04-01 11:23:53,15.0,15.0,1.0,377,15.0,0.0026455026455026454,0
822f09a9859163e0f042c9fb35a02b19,66ed3e8bba029bbabd67074340383f51,6702,cotia,SP,1,2018-01-28 17:39:53,29.0,29.0,1.0,75,29.0,0.013157894736842105,0
cc7f125c5af9a10f69d05186b36fdf3b,55507f66e9e1f29f4ccb5e134be74f4b,20941,rio de janeiro,RJ,1,2017-11-09 15:19:46,354.0,118.0,3.0,155,354.0,0.00641025641025641,0
22d8ce67d81d6155f428db48eeb6bc7c,c3598d8ea7ef9362fae852847e43fdff,54410,jaboatao dos guararapes,PE,1,2018-02-23 21:11:19,49.0,49.0,1.0,49,49.0,0.02,0
45193c34a13942938ead2873b64c360c,a27e975561b1ef329059939171c34394,9910,diadema,SP,1,2017-11-26 22:51:05,89.9,89.9,1.0,137,89.9,0.007246376811594203,0
cc77edfcc062dfe56fbd88294db0a425,762d95e6254ec7735e906476e047f333,4620,sao paulo,SP,1,2017-11-08 20:58:57,59.9,59.9,1.0,156,59.9,0.006369426751592357,0
beb96061489f7c042c033ae76990e106,2d9f7f637cf97d422e39fb3b5910cbc1,13310,itu,SP,1,2018-01-10 13:50:43,45.95,45.95,1.0,93,45.95,0.010638297872340425,0
42262967d28e564f7c9f5cc3bd304d38,96c4b67336852f2e3307eff3db276434,37026,varginha,MG,1,2017-07-04 20:12:16,230.0,230.0,1.0,283,230.0,0.0035211267605633804,0
3a7c376f617c8d0e2233e6854c63d39a,bfc37ae60518a5e6ceb9a60e75089075,21820,rio de janeiro,RJ,1,2017-05-26 21:43:20,13.98,13.98,1.0,321,13.98,0.003105590062111801,0
c7f920a7b4aed73af416b5fa6f5c5584,9eb98592b8f2aad88bc937c857ea9a35,13033,campinas,SP,1,2017-04-15 23:53:50,26.9,26.9,1.0,362,26.9,0.0027548209366391185,0
709a44317585874947086347088ff28b,5bae40c0db261997972f0fe5ff3fd680,37200,lavras,MG,1,2018-02-28 13:15:20,42.79,42.79,1.0,44,42.79,0.022222222222222223,0
47f220b95a6c2d2c582794485465a9cf,dd8253fe17486f2e2cbff105e36e4a55,17204,jau,SP,1,2018-01-15 09:33:37,816.9,816.9,1.0,88,816.9,0.011235955056179775,0
482d1baa7d2f9c4d4b54ae09215d39c8,de2ae224bcb74731c0597181aba38de5,97542,alegrete,RS,1,2017-06-19 14:56:36,39.9,39.9,1.0,298,39.9,0.0033444816053511705,0
c38d55780eb6ab54ade6029dfbac6ddb,9ddffcc1c50f3ffe02ff8b5b7a7e2d3a,8615,suzano,SP,1,2017-03-22 18:39:20,34.0,34.0,1.0,387,34.0,0.002577319587628866,0
d0ded10ea1879d9144131c80f05be330,c4c2e535637dd5e377d1fb79f23043e1,30380,belo horizonte,MG,1,2017-12-06 16:56:37,149.0,149.0,1.0,128,149.0,0.007751937984496124,0
cf6ebe00d7f37554fa8c871f776dd0bd,51c4e19e22e3f73a2428ada2b6e8edcc,38140,prata,MG,1,2017-09-20 21:12:23,109.9,109.9,1.0,205,109.9,0.0048543689320388345,0
0b31586b5082359faf1b2861230a17b7,4934acb6cb4376bcd391ce359a915564,2241,sao paulo,SP,1,2018-03-26 19:05:56,72.0,24.0,3.0,18,72.0,0.05263157894736842,0
8ba72df9f8da30c34c3f31f5cc762e8e,233fd54efdf9c6a5af51fe9cfe88fd4b,38405,uberlandia,MG,1,2017-03-08 10:33:45,21.32,21.32,1.0,401,21.32,0.0024875621890547263,0
1edfcdc4a172cc6fc9e97a8e42ca5071,1dcd5235c92f74a05c76b538ca7e7d62,50030,recife,PE,1,2017-02-06 16:00:46,118.99,118.99,1.0,431,118.99,0.0023148148148148147,0
eb172b63b901dc5dd76bbb694ce13ff4,b684d9c419a4db568d2ef8afd7b79c71,7121,guarulhos,SP,1,2017-09-10 00:34:50,39.9,39.9,1.0,215,39.9,0.004629629629629629,0
48577f823aa2ebde3bda0767a3e1b925,3c697899dd702127f600f0c036eb2a2c,8597,itaquaquecetuba,SP,1,2017-11-20 21:52:34,80.4,80.4,1.0,143,80.4,0.006944444444444444,0
f0597df49aa2644b5ec514baa2229271,3ec108bf4d20bd037d1a5feac65a3243,7714,caieiras,SP,1,2017-10-16 21:53:59,108.99,108.99,1.0,178,108.99,0.00558659217877095,0
4e508aee7341ba61e85f371d160ae396,59aa0852ef973d1a32f86d7263f0d266,57052,maceio,AL,1,2017-09-11 22:15:48,19.9,19.9,1.0,213,19.9,0.004672897196261682,0
6f08afe6208e54d048a3fc50e512ac7a,24beffe154cc4568bcfe9a4c27cabf43,29285,piuma,ES,1,2017-08-26 15:59:53,91.8,45.9,2.0,230,91.8,0.004329004329004329,0
bc54fa7f1166c358a2053f680ebb2ac9,3e6af1676898a625a1b774da1532c4cc,98035,cruz alta,RS,1,2017-10-16 20:29:14,54.89,54.89,1.0,179,54.89,0.005555555555555556,0
e1b895b6ad2adfcbe4a314fcd073b344,cb9d949baf2d5b07cf456a7a4da90aea,12239,sao jose dos campos,SP,1,2017-07-21 18:43:05,241.1,241.1,1.0,266,241.1,0.003745318352059925,0
c83db752df8e7cdaae6f13ab0c2572f9,2d649136dd000a41bc7d1799c0d39249,89908,romelandia,SC,1,2017-10-10 08:14:54,159.99,159.99,1.0,185,159.99,0.005376344086021506,0
6277bcb4dd0c639774402e4e926ca789,9261045ee2bc2f2f061583a615d528ed,18430,ribeirao branco,SP,1,2018-03-15 00:44:29,24.99,24.99,1.0,29,24.99,0.03333333333333333,0
a61a8a7ac65e21e8b19eb23204cd9a42,1d99a25a91c1e04ed8abf8e814ca0b42,85864,foz do iguacu,PR,1,2017-04-21 16:28:11,249.89,249.89,1.0,357,249.89,0.002793296089385475,0
23cc364ad40066c905c1a07e4971621a,0a02dbe692eac7f76ae34c30c00f6adb,71901,brasilia,DF,1,2017-05-18 11:00:04,95.0,95.0,1.0,330,95.0,0.0030211480362537764,0
33548b5ff9b7ab73d389abe75ed2318a,dd4e0ed450b3778da02e225058eed1c2,27120,barra do pirai,RJ,1,2018-01-04 09:07:49,69.9,69.9,1.0,99,69.9,0.01,0
8ec6e1c246b0c22bdf1527235f6e137c,17b86c649411a2b70a5c42ba3b78e534,32072,contagem,MG,1,2017-03-06 22:48:54,69.0,69.0,1.0,402,69.0,0.0024813895781637717,0
bceccf42d84fd8009a31e3a486b6ce89,fb129066652cf50fdd7fa3df4b53ad09,7130,guarulhos,SP,1,2018-03-06 19:19:05,93.0,93.0,1.0,38,93.0,0.02564102564102564,0
b267fb1c501374f26f3af1022ec98b09,e2806ccf2b839acb1768d224daa67654,3560,sao paulo,SP,1,2017-07-19 14:31:53,134.9,134.9,1.0,268,134.9,0.0037174721189591076,0
f745cc20c9f5a199205e7f08487942a0,e3d7a0d45bdf701f056d1c423f8bf0f8,12490,sao bento do sapucai,SP,1,2017-11-03 18:19:38,91.8,45.9,2.0,161,91.8,0.006172839506172839,0
45e4dab8ec0beda6573700b2272cb164,8dd9fc55fe6833c01cdff8986174b83d,78200,caceres,MT,1,2017-08-14 12:45:58,309.9,309.9,1.0,242,309.9,0.00411522633744856,0
addf804ff9cb78ba46f8347beb614dfa,9b9ceeaad1b990f974d6fc842ad6569d,5665,sao paulo,SP,1,2017-07-20 18:57:41,179.9,179.9,1.0,267,179.9,0.0037313432835820895,0
8bc8cb1dff878240d081ac6d1e4260df,f221dc7c3ec9670bf7e2ac84eddde9ab,37714,pocos de caldas,MG,1,2018-03-26 13:16:17,37.0,37.0,1.0,18,37.0,0.05263157894736842,0
db09d0bb5f4653a481b7b26f723d23ec,c848099c1db74b624605ff8c3a424f2b,84016,ponta grossa,PR,1,2017-08-09 20:53:41,29.99,29.99,1.0,247,29.99,0.004032258064516129,0
6ad1149ee2519543872d4e67f07c2e11,1560ae4e352d6a5cf189003b34b2a889,3645,sao paulo,SP,1,2017-04-04 14:37:27,279.9,279.9,1.0,374,279.9,0.0026666666666666666,0
36ffc4b2179b9dec36fcfe0595c28bf5,0139884762afa50d78fe480646fe92b5,49400,lagarto,SE,1,2017-05-03 08:28:44,49.99,49.99,1.0,345,49.99,0.002890173410404624,0
89885df937157375f2aea4ccec60d274,9e870328ebfbde7f303af30a6529b9c2,21721,rio de janeiro,RJ,1,2018-01-18 21:03:39,149.0,149.0,1.0,85,149.0,0.011627906976744186,0
713477f27e9bcb84f9449e11fb6378ec,8a925d6a1e031105535d10099158dfa2,25040,duque de caxias,RJ,1,2017-05-22 15:14:26,89.9,89.9,1.0,326,89.9,0.0030581039755351682,0
57d2e8cac21d839292ba374f50f07e58,b1f0cda311daec745ed28fe913f200aa,21921,rio de janeiro,RJ,1,2018-01-27 11:46:24,54.9,54.9,1.0,76,54.9,0.012987012987012988,0
be552266bf47bfc6fa6c793fd74006bf,7a84515823bc6c15b7b0e1ba70a704ae,78850,primavera do leste,MT,1,2017-01-26 10:00:37,29.8,14.9,2.0,442,29.8,0.002257336343115124,0
2252a8e7351a7c00efa61874788b7cfa,1eaa04276bc9e7b270ca6115c2fb2d50,31742,belo horizonte,MG,1,2017-05-17 14:16:24,149.7,74.85,2.0,331,149.7,0.0030120481927710845,0
5f2084f0ea46590ba9155c03bb9dc978,ea3088c758e3a445742e64143a322128,71610,brasilia,DF,1,2017-10-31 18:15:49,167.0,167.0,1.0,164,167.0,0.006060606060606061,0
9523328a28afcbb2b4e2e7e49d729bcb,f7471d502dd946e0a2cb6020bf076808,11717,praia grande,SP,1,2018-03-31 18:26:56,164.8,82.4,2.0,13,164.8,0.07142857142857142,0
3990e05f8ede91d4ed641781605ac253,8b0ac1a4b78316b6236267eb9488dcb6,3579,sao paulo,SP,1,2018-01-03 00:16:06,72.2,72.2,1.0,100,72.2,0.009900990099009901,0
1ddde5a696caa6d5f0130742338cebdc,47ee464bd3bc8ceae744313ba37c06e5,11410,guaruja,SP,1,2018-02-09 10:06:27,168.0,84.0,2.0,63,168.0,0.015625,0
c30ef5697173679058dc8495d53c2e19,71bcaf87e76aef413cd0b4bd7dbc5646,5594,sao paulo,SP,1,2018-01-22 22:45:17,24.9,24.9,1.0,80,24.9,0.012345679012345678,0
e0bd132faf773c66a3577305ba55f8a9,0e7324b249ec9c5881d8de4d608e8a16,30220,belo horizonte,MG,1,2017-09-16 14:01:00,419.9,419.9,1.0,209,419.9,0.004761904761904762,0
baad4f33b8b48413580c54156a4172b8,0b191e9e440cdcf2eba532c22aaac441,88330,balneario camboriu,SC,1,2017-03-01 17:24:54,127.99,127.99,1.0,408,127.99,0.0024449877750611247,0
6e6795552714215c0204565bb50fc7d2,1147df62d0f6bed624510249d953b837,3951,sao paulo,SP,1,2017-06-20 16:45:03,20.0,20.0,1.0,297,20.0,0.003355704697986577,0
f27d38186712a26c18ddaad3f3165e42,6b37d47561c8e97bd313b89215e0ae88,1512,sao paulo,SP,1,2017-06-14 16:29:40,36.0,36.0,1.0,303,36.0,0.003289473684210526,0
adb0a60bfe536590838a68ebcabe33ac,47c9fb61463e03afda963dd4cdfb3040,20031,rio de janeiro,RJ,1,2018-02-22 14:21:59,145.0,145.0,1.0,50,145.0,0.0196078431372549,0
d998224127a8d4a8ca5ddf2a59006bb6,65907b614b97c1377e29830ef2bbff0b,88106,sao jose,SC,1,2017-08-28 20:17:51,76.99,76.99,1.0,228,76.99,0.004366812227074236,0
62c11d5a0b49aaf81297d26b0bd9fb8f,a86e7932474e3d1beab035cc165f9302,29147,cariacica,ES,1,2017-09-26 19:30:58,56.99,56.99,1.0,199,56.99,0.005,0
873d4758d873a2b0ac64c037870a27c5,08e4025ecd49f87c1d400d46a897313e,11730,mongagua,SP,1,2018-02-05 21:26:21,499.99,499.99,1.0,67,499.99,0.014705882352941176,0
8562f88633b4e552155fc2476c0247af,89e60600ab541346299a981d5897fe7e,63170,araripe,CE,1,2017-04-02 22:05:09,129.6,129.6,1.0,375,129.6,0.0026595744680851063,0
016784346c1119828280815c2c6dda98,db6dba0ae8da3602079c244f669fdab2,14200,sao simao,SP,1,2017-12-17 20:45:17,38.9,38.9,1.0,117,38.9,0.00847457627118644,0
a3291b519a23943f436aa7f0b31d5614,b6aa5a87f6c08e2510324edca009810f,83403,colombo,PR,1,2017-10-10 19:26:34,22.9,22.9,1.0,185,22.9,0.005376344086021506,0
3a0ecfe52b994b2589fb52ced98d8166,94c2f59eee91ed7c2ad08b0766c49b87,95080,caxias do sul,RS,1,2018-02-11 23:34:26,108.0,108.0,1.0,60,108.0,0.01639344262295082,0
2194b4c1bf6a6a4c1990166e6250dcd7,92d8f7633d6158e943162133382f189a,98400,frederico westphalen,RS,1,2017-12-03 22:57:35,84.99,84.99,1.0,130,84.99,0.007633587786259542,0
feca0f935fcce79dd42d409d96af9645,4182d20f129b3679e6808317f1e95567,13059,campinas,SP,1,2017-01-22 13:04:20,11.5,11.5,1.0,446,11.5,0.0022371364653243847,0
06a3bbda6d96de922ebe82f3416f8c3b,e7173600ee0072bfbe47fbe32d301888,6290,osasco,SP,1,2018-03-19 17:51:18,37.9,37.9,1.0,25,37.9,0.038461538461538464,0
c606407eec8f9304dcd264811b9f0523,9873d2120338fb542090bc123fe5c47f,58069,joao pessoa,PB,1,2017-12-13 21:00:47,69.2,69.2,1.0,121,69.2,0.00819672131147541,0
9f5d77b326c3bb316e829181dfd6d192,d507e084dc5e23d21922f2f62f043bd8,12244,sao jose dos campos,SP,1,2017-05-10 11:51:13,160.0,160.0,1.0,338,160.0,0.0029498525073746312,0
13ebcb8036b0908147a1f63f062f9f6e,68a7cbc4da3a25cf5da1f4628e2ec1e9,2308,sao paulo,SP,1,2017-11-01 13:44:51,75.9,75.9,1.0,163,75.9,0.006097560975609756,0
0c899011c2b518fac4cf807a57f4fd7f,2fd67196b262395b933da4c1346fd26c,1323,sao paulo,SP,1,2017-04-10 11:58:16,209.5,209.5,1.0,368,209.5,0.0027100271002710027,0
243006bde78b37ee1cc3a24727e8f5de,d8040447345a69f29cc595c5c6df5b3b,13345,indaiatuba,SP,1,2017-10-10 01:06:52,75.8,37.9,2.0,185,75.8,0.005376344086021506,0
0f861f51e8b8cad6206f2942881bbb56,1050cefaf509595442d35fbaf4c5b92f,45435,itubera,BA,1,2017-10-03 16:03:14,29.0,29.0,1.0,192,29.0,0.0051813471502590676,0
36ff08e1357f1f20911a508fa79a4d3c,dc25777eb31c1b928d00a6b8b857f5ad,3308,sao paulo,SP,1,2018-03-10 19:20:48,151.9,151.9,1.0,34,151.9,0.02857142857142857,0
4ce0c6e4d7b908ea1a35aee4fbbda890,e96e7e19763d53f6297e68b6c1ff548a,36015,juiz de fora,MG,1,2018-03-26 22:17:15,151.9,151.9,1.0,17,151.9,0.05555555555555555,0
e9a09c7c5f699f95b7bae10f94cac398,7f7495ab31271fa1bc8423b7db5ea274,15560,pontes gestal,SP,1,2017-12-05 15:26:00,89.99,89.99,1.0,129,89.99,0.007692307692307693,0
8c3cd248a2635e7b2e32ecc118d8fdb2,be6785c7350c0f5bda4067f160f29d59,9715,sao bernardo do campo,SP,1,2017-11-15 20:20:11,13.99,13.99,1.0,149,13.99,0.006666666666666667,0
5a9c6e20ad0f70fe45ae3bfe4cd8463b,d1d123410c240b9ab053ce79b566b6c8,13400,piracicaba,SP,1,2018-03-13 20:20:25,21.99,21.99,1.0,31,21.99,0.03125,0
a341731cfc9dd5db5a49fea0ac04f97b,f211894b1985adca8b6866556f7f6aec,12280,cacapava,SP,1,2017-09-06 20:39:57,18.17,18.17,1.0,219,18.17,0.004545454545454545,0
efc07f50d0a9346ec00e1c37b5b10748,11a40baf46bd96289d1f0936dae9a256,74015,goiania,GO,1,2016-10-06 18:11:11,44.9,44.9,1.0,554,44.9,0.0018018018018018018,0
796e0ca56ae41eb667c3e18eba2af915,ffdcd85e0e81fc93f49bef4d54a4e61f,32017,contagem,MG,1,2017-08-29 10:46:21,59.9,59.9,1.0,227,59.9,0.0043859649122807015,0
623795ecd2f7580e1460a1af8f4b8f53,e6a8938950a402905ab19025a26718c2,11055,santos,SP,1,2018-04-09 15:53:12,220.64,110.32,2.0,4,220.64,0.2,0
0a22d8d52773816e0f996063699667e2,2797cc1c85376137b29341b675e76bc8,15410,cajobi,SP,1,2017-11-22 20:32:00,105.0,105.0,1.0,142,105.0,0.006993006993006993,0
5847c382e4713b0a9479822903fcf5bb,a944a93bfa1d65b1523c45f9ccb01ec0,88311,itajai,SC,1,2017-11-29 23:33:23,48.9,48.9,1.0,134,48.9,0.007407407407407408,0
1216f129d061c7379441b835d619072e,cf0fb738fe7738a519e4e8f47ca09bc6,85504,pato branco,PR,1,2018-02-14 22:22:23,299.99,299.99,1.0,57,299.99,0.017241379310344827,0
4bcf2ad7ccc061c13ff360aae5b7abcd,d56ded4569dd9821b2f83710a56afbde,4173,sao paulo,SP,1,2017-08-17 00:57:23,87.0,87.0,1.0,239,87.0,0.004166666666666667,0
978d898c9286d9d5dc9dbfcc0e0128a7,b4fcb07f59f9faef5f28ba06bce79d4c,80440,curitiba,PR,1,2018-02-23 05:29:01,29.99,29.99,1.0,49,29.99,0.02,0
18dbb42d3322bd536fae68ae41640e0e,cbbdfa950c932203f98dff23007d0182,4261,sao paulo,SP,1,2018-01-08 16:03:45,97.9,97.9,1.0,95,97.9,0.010416666666666666,0
7a89b488bf7b415c2674060d36808b4f,28dd1607a5e16ed5458919c2afca6476,78740,rondonopolis,MT,1,2018-02-23 13:56:36,59.9,59.9,1.0,49,59.9,0.02,0
940c3a34a89c24181632bd0a851328be,bc864e4c1d00af7e934a0805dda79913,36045,juiz de fora,MG,1,2017-06-12 22:15:32,50.63,50.63,1.0,304,50.63,0.003278688524590164,0
00c2781c163b9f057924ed8c45c724d4,e3170caa179176b49f1265ffde5c27fc,32071,contagem,MG,1,2018-01-29 19:39:43,513.25,256.625,2.0,74,513.25,0.013333333333333334,0
cdd6b7850934e9ef0662f077d0d94671,6d6e2291b974371473483ca1ac1899cc,7024,guarulhos,SP,1,2017-10-22 12:00:02,174.9,174.9,1.0,173,174.9,0.005747126436781609,0
de522fcdab63e8358310dd48a711be69,677a5c9263d62e1e26d139a47a288d3e,68005,santarem,PA,1,2017-07-17 22:09:26,113.49,113.49,1.0,269,113.49,0.003703703703703704,0
efad2f4f28b98cd11ce8d08cdb0ba510,7e4bebe20140a71b34263a659ba1ce11,4431,sao paulo,SP,1,2017-11-22 23:45:36,29.4,29.4,1.0,141,29.4,0.007042253521126761,0
c330e15c594fba46d26cc80beb73b06f,ef762e9ac267eceb5bddd89b44a74075,8260,sao paulo,SP,1,2017-07-01 09:25:44,89.9,89.9,1.0,286,89.9,0.003484320557491289,0
b9dbc440e8e2b2b72d19dc88459f6794,15d5cb0a0f50f613cead2be97251e823,36300,sao joao del rei,MG,1,2017-12-21 15:48:11,299.0,299.0,1.0,113,299.0,0.008771929824561403,0
da9c8d08ff43e0e3f90bdb93eaded55f,5fcd606cdcc2c5994b9c80240d683ab9,32185,contagem,MG,1,2018-01-23 09:36:08,65.89,65.89,1.0,80,65.89,0.012345679012345678,0
0761a5ba0468e259dcc1cff863eeb3a9,e1407f4d2fd92ed069307bb0b836615a,65800,balsas,MA,1,2018-03-13 06:48:40,199.9,199.9,1.0,31,199.9,0.03125,0
ac5bb07473c4f65c7de7b65c1374a734,33d352eefa8484bf716f767284490592,5311,sao paulo,SP,1,2017-06-29 15:09:34,59.99,59.99,1.0,288,59.99,0.0034602076124567475,0
01addb430c2559dbef0010ca1d4b0989,0ff9dbc9ac3b7763d79c2c5943145dc5,3077,sao paulo,SP,1,2018-01-22 11:03:41,49.98,24.99,2.0,81,49.98,0.012195121951219513,0
3fa2f965d8c9e53dfdc0e65fe81846bc,f03d0ef0a5eefc4ef4c3b73bbd36d955,20520,rio de janeiro,RJ,1,2018-02-20 18:27:09,23.99,23.99,1.0,52,23.99,0.018867924528301886,0
3832b0345716cf35407858cc6a08ea17,df783e82aa5d9cb405e3a43c3cadfb20,3570,sao paulo,SP,1,2017-09-20 21:48:39,148.0,148.0,1.0,204,148.0,0.004878048780487805,0
65e12813d36c9d1e94fff60fc037a117,0bb0bf5f78b329ed01145551d20c94b6,13670,santa rita do passa quatro,SP,1,2018-04-02 09:54:13,24.9,24.9,1.0,11,24.9,0.08333333333333333,0
8011a155cb0947b59d0e199dd4474428,155622f6141435b9cbdb9cd89886200f,3564,sao paulo,SP,1,2017-11-03 13:26:21,58.9,58.9,1.0,161,58.9,0.006172839506172839,0
53c009899356b1d516fce2ccc4831a6c,e4a388aec69798c56d2422e77c4b125d,70711,brasilia,DF,1,2018-04-03 16:14:10,389.0,389.0,1.0,10,389.0,0.09090909090909091,0
2ec93611c4a36c30917dcc0ba589d5d9,fd112c3dfc32899034375e5354cd4bb5,6341,carapicuiba,SP,1,2018-04-01 07:31:49,69.9,69.9,1.0,12,69.9,0.07692307692307693,0
27d2e4ebaa061c90646c53dce7079645,e29ff1ce9d54dd45a0348c87f786ab2e,28360,bom jesus do itabapoana,RJ,1,2018-03-03 12:55:37,16.99,16.99,1.0,41,16.99,0.023809523809523808,0
9998c6bf5ef16b8498d0202e25a2c33c,f645f76d3394485130921c31bbaa471d,34018,nova lima,MG,1,2017-11-25 13:43:45,339.9,339.9,1.0,139,339.9,0.007142857142857143,0
c8cf892530797a54796ba8acf1209885,09ac84553d8652111c6d6d2adcf3bd58,24460,sao goncalo,RJ,1,2017-10-13 19:43:26,59.9,59.9,1.0,182,59.9,0.00546448087431694,0
9b1f58aaf85fa158888a1f21ef45d26a,ba0931def8f10fde482522e049eb5301,28680,cachoeiras de macacu,RJ,1,2018-01-13 15:14:06,86.99,86.99,1.0,90,86.99,0.01098901098901099,0
456664e611e20956682bafced4ecdb19,9e64023fa21c8dc095fdbd1a0568ae62,64009,teresina,PI,1,2017-09-05 18:28:30,16.9,16.9,1.0,220,16.9,0.004524886877828055,0
a87b62ae912a22495d5f5bd919019b49,2a315ae106795be2e30cfb8d6be4871f,41339,salvador,BA,1,2017-12-21 13:43:16,64.9,64.9,1.0,113,64.9,0.008771929824561403,0
a68598296c25b9f8fa76e2c23ad978cf,ac2ece36efbb38ff8d1c377ed9f333c6,4941,sao paulo,SP,1,2017-06-24 09:36:14,28.8,14.4,2.0,293,28.8,0.003401360544217687,0
3c041d8a707afe3117f3e7e995660a4d,ce60a50b73f7934a7d4caa92f2f05bbf,65922,joao lisboa,MA,1,2017-09-01 12:43:39,29.9,29.9,1.0,224,29.9,0.0044444444444444444,0
eb3d937e14cd9040b4841334e8a12f0b,309bf78217e9e8ec8fb0c45277ec2ca0,29198,aracruz,ES,1,2017-07-31 17:36:20,34.9,34.9,1.0,256,34.9,0.0038910505836575876,0
d9a14369332805c9204ffce41311e330,a3446c44d04e3de440b235e4b632cc57,35120,itanhomi,MG,1,2017-10-01 09:09:22,139.9,139.9,1.0,194,139.9,0.005128205128205128,0
244f1faadf05eaeffa26feab068bfae6,ed6e0fdef323c28bf5cd1207c477ae82,9070,santo andre,SP,1,2018-02-16 16:23:26,149.9,149.9,1.0,56,149.9,0.017543859649122806,0
f7b60e9670d04d37bf3c9762987895ec,6ea990590352acaaac9cec513447359d,32641,betim,MG,1,2018-04-09 20:12:23,22.97,22.97,1.0,4,22.97,0.2,0
ec129cc1eae905b8a97bd912589a9783,50aecce33f258f21b0bbb27c7b60788c,56780,tabira,PE,1,2017-08-17 22:45:26,110.0,110.0,1.0,238,110.0,0.0041841004184100415,0
6bae34986755042de9949766923fcfd9,ff8bfaa14a84f8eb697173bd70261a29,24435,sao goncalo,RJ,1,2017-08-24 11:34:24,54.9,54.9,1.0,232,54.9,0.004291845493562232,0
60295e486ecc60549fd858f3eb8395f1,78fd1cb92103a044bc417c13050b4673,65045,sao luis,MA,1,2018-03-08 12:00:34,149.9,149.9,1.0,36,149.9,0.02702702702702703,0
eec24ad7a230beb6df8ef063d1df3a1c,19442a34d63030d2739ed3022b4fec60,12210,sao jose dos campos,SP,1,2017-04-06 10:44:40,31.98,15.99,2.0,372,31.98,0.002680965147453083,0
6bbe6939dc1b42b2e1d8622e5dbc0649,46a6e4074adcff2d099d729a2d926aeb,17018,bauru,SP,1,2017-11-27 09:02:55,120.0,120.0,1.0,137,120.0,0.007246376811594203,0
f0941f0a360451bb222634e610f7ad08,bed1bf534c82c5e024ff457a6c13b15f,1322,sao paulo,SP,1,2017-07-30 17:33:03,135.9,135.9,1.0,257,135.9,0.003875968992248062,0
1352219837587aada7056f4710a10b85,78f91204f4238cc83e6c8c676ac0fe27,12031,taubate,SP,1,2017-03-06 22:21:02,40.0,40.0,1.0,402,40.0,0.0024813895781637717,0
44409872f7096ce7249629450da5e2a6,de62b1930ddc37c005aff8c0edf2a3e2,31535,belo horizonte,MG,1,2017-11-30 10:41:53,59.0,59.0,1.0,134,59.0,0.007407407407407408,0
7411191c690609f0521c7911833402b8,5e653822c6afe00340c3a70f0cbb8816,36020,juiz de fora,MG,1,2018-01-03 19:11:31,199.0,199.0,1.0,100,199.0,0.009900990099009901,0
4ada596bb18a812d50553dc2ecdda9c2,87facbc3109d4c7b5d0448b1b08c1fc3,2435,sao paulo,SP,1,2018-04-07 17:55:10,81.99,81.99,1.0,6,81.99,0.14285714285714285,0
f660f1eb95ba1b9b20451d71725efc67,1197ba886110324a1519fff17dd8d1d2,29165,serra,ES,1,2017-08-07 09:55:21,59.9,59.9,1.0,249,59.9,0.004,0
b047a1af40cee55a815fe7075e4f1a74,927c1b4bd2d326409fd16eeedaa9ea30,48080,alagoinhas,BA,1,2017-09-20 22:51:48,94.0,94.0,1.0,204,94.0,0.004878048780487805,0
758599b2798e7015e13f582498131b91,735d40216b665dcc9cbe088420b1b80e,22730,rio de janeiro,RJ,1,2017-03-11 00:50:38,37.99,37.99,1.0,398,37.99,0.002506265664160401,0
bd62fc1db68f47113dd1f9d700eac3bd,846601fa8d96ad187eba1cda69816c85,12010,taubate,SP,1,2017-09-20 23:26:02,70.9,70.9,1.0,204,70.9,0.004878048780487805,0
297f627663a7f77e536fbbccbd449596,73fdbe192da1e67647039e4550f75683,52011,recife,PE,1,2017-09-03 22:31:16,104.9,104.9,1.0,221,104.9,0.0045045045045045045,0
e2a98952cebd52ecce28658d64153500,c2b85086965c0fed46df434ddd474a9a,41152,salvador,BA,1,2017-12-16 15:51:16,69.0,69.0,1.0,118,69.0,0.008403361344537815,0
6a3f54e68ac3455c4522cfed7fc7ed3c,f26e330cdf0c7c8813d7df356689ccd5,13100,campinas,SP,1,2017-09-05 22:06:34,40.0,40.0,1.0,219,40.0,0.004545454545454545,0
dd9e6825c25b74726720391d01006dfc,7314e2017ab1883d59ccbc7318c4b3fc,23040,rio de janeiro,RJ,1,2018-02-21 14:02:31,97.07,97.07,1.0,51,97.07,0.019230769230769232,0
a9fd12387efd701b1cd170637315b773,eba92d13f186ced1cabfca7dff665f4e,12224,sao jose dos campos,SP,1,2017-03-24 22:17:46,19.9,19.9,1.0,384,19.9,0.0025974025974025974,0
f2b7b740f0eec308afa55f1a994f21b8,49093bd6f637629d01a0ee4fcbdc1887,21920,rio de janeiro,RJ,1,2018-02-14 16:06:44,239.6,59.9,4.0,58,239.6,0.01694915254237288,0
23c9a4af50b6e7ca6d5843acb4632f71,3e3a2579dd1f91141d907f3355ae466c,80630,curitiba,PR,1,2017-12-27 16:02:37,30.0,30.0,1.0,107,30.0,0.009259259259259259,0
0ae502ab7e72dc3b0a512dfa96baf3f4,1ea1d68c624077373615c64bd4ab6973,86080,londrina,PR,1,2018-02-24 12:02:55,52.99,52.99,1.0,48,52.99,0.02040816326530612,0
5d86fbca7c39699079b3d456e7040af5,a5c30a5645d62469cf66c50953f84ad7,57602,palmeira dos indios,AL,1,2017-04-21 20:05:40,218.0,218.0,1.0,357,218.0,0.002793296089385475,0
5a019775080020843a5283f96d4c805c,0b3035733532ec8176a6dfcbde18815c,88495,garopaba,SC,1,2017-12-06 20:16:40,122.0,61.0,2.0,128,122.0,0.007751937984496124,0
ac34ec78db0c2b972ae79678343d6978,72c6c1dceb160f3bdad48bf1525ead22,37706,pocos de caldas,MG,1,2017-06-04 13:01:10,50.0,50.0,1.0,313,50.0,0.0031847133757961785,0
71516655cab6b35276d5f09442ea4ed0,192304c4289d4c8425f46341a25c8ef1,9580,sao caetano do sul,SP,1,2018-02-15 11:15:47,29.9,29.9,1.0,57,29.9,0.017241379310344827,0
5f2722a842f2c4139075f98f810e0cd5,5f2e12d6276bcd42023882803d427ac8,17047,bauru,SP,1,2017-12-05 11:54:47,91.49,91.49,1.0,129,91.49,0.007692307692307693,0
7497a06928794c94a04ed924922922e5,afc79cb8de7d350f1909eb6dcd0cb8dc,57630,belem,AL,1,2017-04-22 11:35:34,19.99,19.99,1.0,356,19.99,0.0028011204481792717,0
df0f79495c6708eb945df0f91d5eada1,4c5ae17e8984ca0916543b159eac0f2c,20551,rio de janeiro,RJ,1,2017-08-15 23:23:16,340.0,170.0,2.0,240,340.0,0.004149377593360996,0
843e0451747b5a6d439b5632813b7cfb,6b557d051cb5b26854efb25d18722665,90130,porto alegre,RS,1,2017-08-30 16:33:12,59.9,59.9,1.0,226,59.9,0.004405286343612335,0
10774c3bd46abb71735156fc85b987c4,b412d9b6c1eb770f60485429dcc18059,22451,rio de janeiro,RJ,1,2017-11-20 22:30:23,750.0,750.0,1.0,143,750.0,0.006944444444444444,0
da5edefc151065bf935b9bf2c412e96b,5e7e68f3179b9818d65fc4cfbd8b43ff,27263,volta redonda,RJ,1,2017-08-09 13:23:18,12.5,12.5,1.0,247,12.5,0.004032258064516129,0
2b51b026f8944d9089c5b26073f26d86,e06744fd3a4685b7909f03ec1ca5212f,94910,cachoeirinha,RS,1,2018-02-28 18:17:06,78.9,78.9,1.0,44,78.9,0.022222222222222223,0
ccd67b62873f83da80201df2bc4dcf3f,027f4dabd2ab93d782fd604ade3f9f1b,38300,ituiutaba,MG,1,2018-03-06 12:28:34,49.99,49.99,1.0,38,49.99,0.02564102564102564,0
554f93da437c4a70aed87dbd4f3dbe0f,2117d57582b39d2fd28487500a733d7b,88802,criciuma,SC,1,2017-10-08 21:42:48,109.95,109.95,1.0,186,109.95,0.0053475935828877,0
469884f267ad928b17fa5cc2751ef2c9,0a71d02381f87d1650e2267069ac9682,28930,arraial do cabo,RJ,1,2017-10-24 22:10:39,89.99,89.99,1.0,170,89.99,0.005847953216374269,0
9c2fc7e2f1765c15b18e8c25c08eedf3,f7d3d2b24fee56ba3e280a12122c11ed,35969,catas altas,MG,1,2017-07-24 21:05:02,69.9,69.9,1.0,263,69.9,0.003787878787878788,0
50a60363567e35381870faeee394c06d,a5c06fe695471f91fec7c41754645061,88102,sao jose,SC,1,2017-02-03 11:05:08,59.9,59.9,1.0,434,59.9,0.0022988505747126436,0
73fae0f59caf72aeb4c69ad3ad534c44,d4c0286f064fdfe0879da14087179a69,47400,xique-xique,BA,1,2017-05-22 17:00:19,40.99,40.99,1.0,326,40.99,0.0030581039755351682,0
f517420b84edb19f3a8ce6f60edcac12,ab849a95c454454119c7005b9d146ae5,4159,sao paulo,SP,1,2018-01-30 19:23:29,58.0,58.0,1.0,73,58.0,0.013513513513513514,0
1aed7bcb3469dbda3ebc61b12938a4ba,e2cca4a06fe6a1f070aca81f919ec50c,54330,jaboatao dos guararapes,PE,1,2018-01-25 23:32:16,12.9,12.9,1.0,77,12.9,0.01282051282051282,0
3d881d50f2933937fcaa85328d3e0af0,e2c87a07e54c863d60af789a9233bdb5,88960,sombrio,SC,1,2018-02-23 14:15:52,85.9,85.9,1.0,49,85.9,0.02,0
57dbb262002b4a7448accfbb36ed2d0a,7c2fc1dbde79cb3c2634cd3173e6d876,21530,rio de janeiro,RJ,1,2018-01-26 08:50:44,139.0,139.0,1.0,77,139.0,0.01282051282051282,0
531b21f332366319dd5519bb9dd3743c,37266d5c6bf5cb0700372d16599a9b21,35180,timoteo,MG,1,2017-10-08 21:38:21,184.95,184.95,1.0,186,184.95,0.0053475935828877,0
25c6b9cdce83cd1359c01f00b9b239be,2856f9deb5e2c032f2e27f70b87b8d8f,26600,paracambi,RJ,1,2018-03-04 01:48:54,72.9,72.9,1.0,40,72.9,0.024390243902439025,0
fcb1f9fb9f5e108be9fbb059baf5d456,88973a13fc36f1eb433b6691e962547b,31330,belo horizonte,MG,1,2018-02-21 16:23:02,59.99,59.99,1.0,51,59.99,0.019230769230769232,0
1e963b5f838512cd33a77e603b7098fe,a24f58c1677245a026f0c065992a42db,58011,joao pessoa,PB,1,2017-07-04 07:43:46,144.9,144.9,1.0,283,144.9,0.0035211267605633804,0
e5fb6cd64fec5359007cd7aaba77ec82,8f1b2a0ed53fb9a524d1d4602f8d533e,73020,brasilia,DF,1,2018-03-19 21:01:43,169.9,169.9,1.0,25,169.9,0.038461538461538464,0
53344341e1300beda6e4cdae3b6b3496,bf8e2ac0aef7f60dd02cbfe15b447804,2405,sao paulo,SP,1,2017-09-13 17:04:49,69.0,69.0,1.0,212,69.0,0.004694835680751174,0
e5bb64b888dec067eb20346a00345960,70dec58f9de95bda4ee9f3449a683dde,1139,sao paulo,SP,1,2017-11-24 13:16:22,119.99,119.99,1.0,140,119.99,0.0070921985815602835,0
2e320174b3ab5bdd0bf8e2fe27e72b43,16a5eb747c0c944a0854193b5a8a1443,36085,juiz de fora,MG,1,2018-03-15 17:59:54,45.99,45.99,1.0,29,45.99,0.03333333333333333,0
17fa34113bb7197374bed266c6b35c05,5b3aa7925728df96748677b2878c5dcf,29305,cachoeiro de itapemirim,ES,1,2017-11-25 13:53:32,98.0,49.0,2.0,139,98.0,0.007142857142857143,0
3689abfed7e332a5cf585915310c0056,07c9259c1afcbd1f6b416d9985782083,95255,campestre da serra,RS,1,2017-02-08 12:53:38,1323.0,1323.0,1.0,429,1323.0,0.002325581395348837,0
2f25c66f7e0f73597a2d4e3db9ee9162,9fe8cb705d35cf54025160f9f01b7cc4,9921,diadema,SP,1,2017-06-23 20:47:50,64.9,64.9,1.0,294,64.9,0.003389830508474576,0
ddf33cdfb2eb21f708dca32e2bf4299f,26b0ac7346f185b022438efbb08d5e5a,11443,guaruja,SP,1,2017-10-21 11:52:47,39.98,19.99,2.0,174,39.98,0.005714285714285714,0
3a42ca312f7f0cbfb87a67d79c8b3921,344ffa1d8773df1d7b119d7e24bfb441,39100,diamantina,MG,1,2017-11-24 23:59:34,59.9,59.9,1.0,139,59.9,0.007142857142857143,0
3c69b83927e10699539e3747cc22976d,59e6140afedcf24d3286af92b57489f8,70774,brasilia,DF,1,2018-01-11 14:17:19,399.8,199.9,2.0,92,399.8,0.010752688172043012,0
a25a1621da773f67495618a8a2a475db,6cb883216e1b7f65b1c7a7c76236509d,7151,guarulhos,SP,1,2018-04-02 14:54:18,29.0,29.0,1.0,11,29.0,0.08333333333333333,0
0d45bdea2b7f24d31d6d7da7a8c12d0d,b8675e46655f71c128a083ff4152d39a,26554,mesquita,RJ,1,2017-05-09 17:54:17,79.9,79.9,1.0,339,79.9,0.0029411764705882353,0
d938f73683a2702cbef83047c31c611f,bb182f55e4cff6eabfc26d08354b5995,95900,lajeado,RS,1,2018-03-14 22:08:40,64.9,64.9,1.0,29,64.9,0.03333333333333333,0
fc88f088d243fe889616273a5256d9a9,dc986ff28daaca3f8d0d08008ca08312,76822,porto velho,RO,1,2018-03-26 16:14:32,349.0,349.0,1.0,18,349.0,0.05263157894736842,0
48bad7bb9763159799f5067cbd3dfffb,676357efa7723d02401490e2da235225,22710,rio de janeiro,RJ,1,2017-10-01 23:39:26,70.9,70.9,1.0,193,70.9,0.005154639175257732,0
35c38c5f1c0b6df10f9f690a71361121,36bce88e7f6308dbe529ac170a8d9e39,68537,canaa dos carajas,PA,1,2018-02-25 13:06:38,49.9,49.9,1.0,47,49.9,0.020833333333333332,0
ab7bd3a7b1ef15e64891c730082323d7,050405d24e96aa9c9e77c2acdeb588a8,38747,patrocinio,MG,1,2017-08-14 15:37:22,239.9,239.9,1.0,242,239.9,0.00411522633744856,0
1f26a8a77f3a3ba3fe836e46e4990c36,6ec51f2f2b0b40a8b15c0770de8859d1,18103,sorocaba,SP,1,2018-03-25 21:05:14,124.99,124.99,1.0,19,124.99,0.05,0
26f8c9d8b0bd55432273ac668938f020,5acaad997a87d428d4354c5c810debea,13033,campinas,SP,1,2017-10-12 15:06:17,55.0,55.0,1.0,183,55.0,0.005434782608695652,0
b08eed69a3c73eee40d52bed298482ef,7fb04d37922776ee592acec2e22c2565,15997,matao,SP,1,2017-11-23 15:11:45,40.0,40.0,1.0,141,40.0,0.007042253521126761,0
d839eb32cea4b0c24fab82fc74b8ebe3,f5bcb9af9f53b6bb816907f009cd6fcd,3077,sao paulo,SP,1,2018-03-11 10:39:18,124.9,124.9,1.0,33,124.9,0.029411764705882353,0
fd8a857412d572142654875ac852e343,9d8684bf332648a6a65fa5341befc931,4296,sao paulo,SP,1,2017-05-04 15:27:52,219.8,109.9,2.0,344,219.8,0.002898550724637681,0
e65dc14fa4982b68b349c8e855abb66d,5182802360c80b56e202491c166b4515,69063,manaus,AM,1,2018-01-15 09:47:18,19.99,19.99,1.0,88,19.99,0.011235955056179775,0
36eb0c57b11107352f0eeb0824bd5cbe,441b31db693293725f2f7e21043e4eae,40210,salvador,BA,1,2017-11-28 14:12:44,86.99,86.99,1.0,136,86.99,0.0072992700729927005,0
91e482f8c3164d3ccca546c08023e115,506757f1ee920b708b4d8820c28c4269,58064,joao pessoa,PB,1,2017-07-20 19:17:05,98.0,98.0,1.0,267,98.0,0.0037313432835820895,0
99fe6ea867f3a0788f0561500736552e,148e124978066e5dcb14aff45ec333ea,69912,rio branco,AC,1,2017-10-12 21:25:26,79.9,79.9,1.0,183,79.9,0.005434782608695652,0
69d5b5755d8235783105a713e72300b2,1a75fd349131568b7063e35ba91efc66,79621,tres lagoas,MS,1,2018-02-13 21:55:57,115.19999999999999,38.4,3.0,58,115.19999999999999,0.01694915254237288,0
7236ccefd5966e8c04b55d723fbd0ad6,49ac040b94e6fdeddec885770be15029,13088,campinas,SP,1,2018-03-14 11:26:07,46.0,46.0,1.0,30,46.0,0.03225806451612903,0
449ab05f99d6b258c918225bf682d6bd,49a12f22e0b74c1dcdeed2ac3eb60a0c,3807,sao paulo,SP,1,2017-06-01 22:12:30,109.9,109.9,1.0,315,109.9,0.0031645569620253164,0
4e48883d975d94cfbbffd16aadffdb46,c679dd5745f17a139075fb5a6fbf9ca6,71010,brasilia,DF,1,2017-12-02 20:56:29,99.9,99.9,1.0,132,99.9,0.007518796992481203,0
788e9580bf43966d1477ce4fccde2d32,5f28e0db75ddc9aec85f8c30533b95ba,37557,pouso alegre,MG,1,2017-12-19 15:55:46,89.9,89.9,1.0,115,89.9,0.008620689655172414,0
c864ab08bb4dee24abda9f5d464194bb,07121899dee7bf1c04a1b915d29515fa,83321,pinhais,PR,1,2018-01-18 14:08:58,13.99,13.99,1.0,85,13.99,0.011627906976744186,0
ec6603dfa8747baf79ebcf7f7b767d2b,c1e04bef55e9856f741aae5de9c57e92,88130,palhoca,SC,1,2017-09-28 20:51:51,99.8,49.9,2.0,197,99.8,0.005050505050505051,0
8aed5e76471af1470607b27d670075a6,3995ee80edd6d037333599d4da968829,45655,ilheus,BA,1,2017-05-25 15:11:45,160.99,160.99,1.0,323,160.99,0.0030864197530864196,0
bca6eaf28cd32203c825bfdf794b188d,7f4fe4d702d4a332568ce3510ddc6802,5171,sao paulo,SP,1,2017-10-06 01:07:20,22.99,22.99,1.0,189,22.99,0.005263157894736842,0
6a88bd2686e68eb067b2cd308762b1e5,53b30ca78efb2b7efcd3f9e461587eb2,30210,belo horizonte,MG,1,2017-09-08 23:39:19,168.0,84.0,2.0,216,168.0,0.004608294930875576,0
5db508fad18c0f8a905f33bdeeeed097,f801f71b6e98670a86ad3735144d1b7f,18690,itatinga,SP,1,2017-09-23 18:49:08,24.9,24.9,1.0,202,24.9,0.0049261083743842365,0
0051337a96842850e1ec728dd158f4b3,d31233132950973bd0df88d4523ed465,89540,santa cecilia,SC,1,2017-01-30 16:52:41,219.99,219.99,1.0,438,219.99,0.002277904328018223,0
f801bc634bfb35a854f4133662b218e7,1ec6d0e485a58f8333544aed2356b852,22631,rio de janeiro,RJ,1,2018-04-05 23:18:21,27.99,27.99,1.0,7,27.99,0.125,0
57a5790d63d19ab68c8eb882a24cff8e,2dc7f51f05ba1b1a92608e45e55d1fe1,4728,sao paulo,SP,1,2017-12-21 20:04:26,57.49,57.49,1.0,113,57.49,0.008771929824561403,0
9359277ae2c0ab1772190a4b769f148e,80721bef26b8e127ac080a297b683707,49050,aracaju,SE,1,2018-02-17 19:47:03,13.65,13.65,1.0,55,13.65,0.017857142857142856,0
8dea975d24eb60b0de4af2e1c8488944,f83b33ff66a134466c0362788e45abfb,31660,belo horizonte,MG,1,2017-11-25 11:40:24,56.0,56.0,1.0,139,56.0,0.007142857142857143,0
252e3019a511578779f6b9b0887ced45,b3b848947781eb712b3692c918987950,5007,sao paulo,SP,1,2018-03-16 15:26:08,69.9,69.9,1.0,28,69.9,0.034482758620689655,0
e5d04a29bc0d884192af129acb7199ea,28676fd63ebb086ed1dfb24785877302,93700,campo bom,RS,1,2018-04-05 21:32:36,47.9,47.9,1.0,8,47.9,0.1111111111111111,0
4062224126cdccbd9ecdafa4b41b4e45,a2137843c15ea63bc0ee758ac6203a55,95702,bento goncalves,RS,1,2017-08-04 17:42:38,254.9,254.9,1.0,252,254.9,0.003952569169960474,0
28446a6a76016b89f90c4a0e29f79d56,d2e5c4c247395e31f22e5c14b04c9935,18150,ibiuna,SP,1,2017-09-25 16:05:46,99.98,99.98,1.0,200,99.98,0.004975124378109453,0
4db85f54c09882d9f1e37774934551be,100e4838d0bc624505f1e8d87294ac69,70275,brasilia,DF,1,2018-01-29 18:40:56,329.4,54.9,6.0,74,329.4,0.013333333333333334,0
a604311066ce6dfd1912532a2b7266d2,d0b8989fb68befcfc5bd56f9e334bab4,39480,januaria,MG,1,2018-02-24 14:37:03,120.0,120.0,1.0,48,120.0,0.02040816326530612,0
f7676a8b1b9377d36b7e7699afcb8bc0,2f6917bcb5f9a60c2f7aa22740393cf9,37278,santana do jacare,MG,1,2017-04-05 10:27:07,49.9,49.9,1.0,373,49.9,0.00267379679144385,0
9e2124550af4e69423ee717012e6f23e,97babdfdd49a90b6aee3d17729812665,85550,coronel vivida,PR,1,2017-09-12 21:03:26,65.0,65.0,1.0,213,65.0,0.004672897196261682,0
b034d086fa50e3f4ba566e002b161b89,bd95d2121f9a3dab7e2a82258c799a9e,71505,brasilia,DF,1,2018-02-12 19:52:15,39.99,39.99,1.0,60,39.99,0.01639344262295082,0
b7914f4692aa83f8c4cce8ed7a957634,780af3a1af374a3ec871313e4bbf7acf,35420,mariana,MG,1,2018-01-12 14:05:41,24.9,24.9,1.0,91,24.9,0.010869565217391304,0
3aa26b0090c89244c07c04d241eb30af,0aa64cf7ee29d5313f2987c05e4b09ba,17034,bauru,SP,1,2017-12-18 10:44:33,184.9,184.9,1.0,116,184.9,0.008547008547008548,0
578d1924371af5bd50a63c3530017b8c,60e8ad6611aad75853f77ba0c9aa3d95,12080,taubate,SP,1,2018-02-07 13:32:59,79.9,79.9,1.0,65,79.9,0.015151515151515152,0
6e7d0829bdbbcd61c6d863922f942daf,b4875644308426fc74de2a855f10c0cf,26210,nova iguacu,RJ,1,2017-06-27 15:34:03,99.0,99.0,1.0,290,99.0,0.003436426116838488,0
4f0a80cfa4a5eaab069330b6941fd9fd,b0c12d544576f6709bd730612a9cfbc8,11740,itanhaem,SP,1,2018-03-17 01:47:28,110.0,110.0,1.0,27,110.0,0.03571428571428571,0
d066605889f2209871ba356e9e602fa6,d4e18ba02dea891aa1541250c92854d6,70862,brasilia,DF,1,2017-07-05 00:37:32,149.84,149.84,1.0,282,149.84,0.0035335689045936395,0
718b4bbc83d2cb654c02a9bae5e3a817,27f0aa81b33682a3d99c2c1c8ef77f1a,11702,praia grande,SP,1,2017-10-03 20:06:39,89.0,89.0,1.0,192,89.0,0.0051813471502590676,0
05c59c1adfa648942fe0966db6296ff1,a8890e03c9673f8646efd590b21ebf6c,1526,sao paulo,SP,1,2018-02-20 10:57:34,676.99,676.99,1.0,52,676.99,0.018867924528301886,0
5d520b662ecaa32220bf59704b797c67,87613f1a0e93bcf262a36b2520a8e6ba,13467,americana,SP,1,2018-02-27 18:58:14,129.9,129.9,1.0,45,129.9,0.021739130434782608,0
6082706302e3f662912ff2ff90d3fe91,57ac2293ee450e5fa986875a93d884c4,39803,teofilo otoni,MG,1,2018-03-06 10:30:13,36.98,18.49,2.0,38,36.98,0.02564102564102564,0
1ab8b0ccd36ea396e05cb069c66342d6,3ce0ecf5bbde20efc273b95389c3def3,30535,belo horizonte,MG,1,2017-10-10 21:34:56,79.27,79.27,1.0,185,79.27,0.005376344086021506,0
bf9b3cb8ea02aeb16be6ff36ec6c42ae,4df3176200a9d6060995ba3e3c52fe76,78365,sapezal,MT,1,2017-04-27 09:25:53,118.9,118.9,1.0,351,118.9,0.002840909090909091,0
87a7cb4170bba4f9dcebda6c77903f11,ad2579a6120182ca84a9853f4a6d3ded,29105,vila velha,ES,1,2017-11-14 07:56:30,31.9,31.9,1.0,150,31.9,0.006622516556291391,0
071ceec1efc0edc2d11c7401d4a1dfc4,07be143f1e0b34b059df757ceee183c6,5075,sao paulo,SP,1,2018-03-18 13:50:06,86.5,86.5,1.0,26,86.5,0.037037037037037035,0
c15eed3881abc9e06763c989679c5094,48d6d950c0aba132537fc335c0c56e01,5893,sao paulo,SP,1,2017-11-30 01:51:23,16.9,16.9,1.0,134,16.9,0.007407407407407408,0
a6285be7dd7e1b07774569d472e942f6,53825e90feae3666425c571543d9f928,41225,salvador,BA,1,2018-03-31 16:31:09,572.9,572.9,1.0,13,572.9,0.07142857142857142,0
b90eabb7b2444e27e85d007ebd63c8a6,9bad4b41b80bb43afad57032f839451e,11020,santos,SP,1,2018-02-23 12:38:24,53.9,53.9,1.0,49,53.9,0.02,0
fbb6b1c7deb81cb55bd3c0ccf3414912,4620aa87a466822bd4bd3f69e01e1d5a,89046,blumenau,SC,1,2017-07-28 15:38:34,76.8,38.4,2.0,259,76.8,0.0038461538461538464,0
f3f04ca677b9e1062c2a5fad64c046cf,3a50452c8f7d9cf9f50633cead7e3c9b,89264,jaragua do sul,SC,1,2018-04-11 10:48:02,150.0,150.0,1.0,2,150.0,0.3333333333333333,0
e0940b3cb5a6cd31e35f73084b3df877,24300d480c6294ddb116c21c1af616c6,83601,campo largo,PR,1,2018-03-08 17:10:08,50.0,50.0,1.0,36,50.0,0.02702702702702703,0
8e88dfbdc464985339b99f7738ba6962,65e2735427dedd6a787e5b065b3cc41e,11705,praia grande,SP,1,2017-11-21 18:08:10,65.99,65.99,1.0,143,65.99,0.006944444444444444,0
4db1727486f69718caa8e66ce168e48c,6dd515151468eaa052e7243d54d2a104,23060,rio de janeiro,RJ,1,2017-12-20 11:47:04,185.9,185.9,1.0,114,185.9,0.008695652173913044,0
7f570d720bbdcb41c7d97a5562a4ea98,3a25052c7420cdc16ebe4b549519d8ee,4014,sao paulo,SP,1,2017-11-26 22:38:55,34.9,34.9,1.0,137,34.9,0.007246376811594203,0
d849f901a7b414b1c55da5052501f168,ffd973d43cadfa3e60340bcad8d87696,27321,barra mansa,RJ,1,2017-11-26 21:22:10,110.0,110.0,1.0,138,110.0,0.007194244604316547,0
213e3a3c9ce30d4d0d2965e45b656e5a,00dba3af1366ca8114a40bc83021f5e9,3589,sao paulo,SP,1,2017-12-01 04:19:27,119.3,59.65,2.0,133,119.3,0.007462686567164179,0
dadb55e81d2b364625d25ec798cec62a,ccbbf8a335e0faa40f7230cf43541bbf,72155,brasilia,DF,1,2018-01-24 08:45:48,13.9,13.9,1.0,79,13.9,0.0125,0
a0d04172fee3a312adaf26497431a2ed,740f0d3f12471bc9e1f834540a4309f2,13478,americana,SP,1,2017-03-19 01:23:29,89.9,89.9,1.0,390,89.9,0.0025575447570332483,0
7b530dd0b6024eaf341aae361f575254,39ec76eadefb014e08df24ba7c828792,15690,indiapora,SP,1,2018-02-05 20:08:57,160.78,160.78,1.0,67,160.78,0.014705882352941176,0
666cc18bf39036f9df73b917861a5eb8,b9b4f87b1dda942a40985da54ddf40cc,84285,figueira,PR,1,2018-01-27 10:33:44,233.98,116.99,2.0,76,233.98,0.012987012987012988,0
cd478939cf2d29034aef4926535ac730,42845e82cb6f10da2c4c8df163635a63,9131,santo andre,SP,1,2017-02-16 10:51:45,39.99,39.99,1.0,421,39.99,0.002369668246445498,0
0641b3bc0019d74041048b05c3ca68af,06b6fb89a0699b61fdfaedcc3005a204,4195,sao paulo,SP,1,2018-04-03 17:39:05,356.19,356.19,1.0,10,356.19,0.09090909090909091,0
824a057129a435bd0c0fa281345ed874,1de584d275d0945896fdbbf5e3eb2894,17940,santa mercedes,SP,1,2018-02-22 10:38:40,170.0,85.0,2.0,50,170.0,0.0196078431372549,0
6eebd7db95271b1824660c5e7ff53a5b,1912afd96bbe171633bb73727487ef85,85960,marechal candido rondon,PR,1,2018-01-12 18:30:53,71.0,71.0,1.0,91,71.0,0.010869565217391304,0
3f85552d6e82f0d5ec4a1c82bc4dffa8,3e2d3d8d246126b4874139c36ddc550c,28896,rio das ostras,RJ,1,2017-09-27 12:56:13,199.96,49.99,4.0,198,199.96,0.005025125628140704,0
2e003756577bc36a2bebcec7691376bd,8d9d9b98bc478a5578891b4990dbf79e,37505,itajuba,MG,1,2018-01-24 10:47:49,370.0,370.0,1.0,79,370.0,0.0125,0
b1aa70fb1fe24bb15603aba207510343,18f1d76138f1b657ec314c617bb3842f,95650,igrejinha,RS,1,2018-02-01 17:15:54,65.0,65.0,1.0,71,65.0,0.013888888888888888,0
4e5b349fbc6fa7c3f6b816de96c75420,6f3b23f95ebabaeae8ac269dbca7780a,22780,rio de janeiro,RJ,1,2017-08-28 17:15:24,55.0,55.0,1.0,228,55.0,0.004366812227074236,0
74a8a3b6fe196b1c69c14c15bd62eb2d,dfc569fe71e076ecc9a61b49756e6342,21833,rio de janeiro,RJ,1,2018-02-01 23:20:38,169.0,169.0,1.0,70,169.0,0.014084507042253521,0
269dc95fb2e86fc9f8fdee385fd66e93,002feefec5af0a3b26ee7839c66d205e,22745,rio de janeiro,RJ,1,2017-10-29 12:19:51,59.9,59.9,1.0,166,59.9,0.005988023952095809,0
f22449ebc3dcc171a096c27de4c3a901,44a90aebe64383d8d551ddd72bac9274,23900,angra dos reis,RJ,1,2018-02-28 16:47:08,749.7,149.94,5.0,44,749.7,0.022222222222222223,0
e05c40ec07328a784f3105f987d8fd88,7f74574fa0e8261eb11da4c1065c53c4,35530,claudio,MG,1,2018-03-28 08:00:41,199.0,199.0,1.0,16,199.0,0.058823529411764705,0
3d59638a168c209ccb33a27424fc06da,6e14116d3471123fcf057c203fd7e801,13825,holambra,SP,1,2018-03-03 09:32:36,0.0,0.0,0.0,41,0.0,0.023809523809523808,0
ff36e3cbdad7fb9d81c1d75f39e5bafe,9cd197c17c374d5ac3020aa902345840,98700,ijui,RS,1,2018-01-14 10:31:45,54.9,54.9,1.0,89,54.9,0.011111111111111112,0
5d265f8913e710c0156ad1edc1e2e09d,14220daa456a18028f2ceaa2c32b4747,55865,macaparana,PE,1,2017-02-11 17:23:59,9.88,9.88,1.0,426,9.88,0.00234192037470726,0
44a89ae5208fbe0ca6280cead9622fda,20f22bfddcbd75ca3a2e801701b58eb4,12941,atibaia,SP,1,2017-04-23 18:54:11,163.99,163.99,1.0,355,163.99,0.0028089887640449437,0
15515c398e52f41ea2dd84fb77461e56,1d9aceadf84ee94c22d77d41e502b5f2,60830,fortaleza,CE,1,2017-06-22 21:56:08,254.9,254.9,1.0,294,254.9,0.003389830508474576,0
ff867639e5f7ca1f857b05dd3aaac021,c3803e151744ef0521a857f31e56de28,6160,osasco,SP,1,2017-12-07 14:11:04,12.9,12.9,1.0,127,12.9,0.0078125,0
0dfb45e4e023f6d20188da2f6145a3ed,edd0d266ff17dbbc60ee63eaa7cc4fb0,83430,campina grande do sul,PR,1,2017-09-25 21:33:51,105.89,52.945,2.0,200,105.89,0.004975124378109453,0
d28371caf7435596262c5c40a6a9c325,74df77faaa4afdb46f48fe827785d220,4514,sao paulo,SP,1,2018-01-04 11:11:33,320.0,320.0,1.0,99,320.0,0.01,0
a8a23df854bb534c69e1ce1bae1ecb29,7a55652bc8fe2d7d316936a9947da7d0,15900,taquaritinga,SP,1,2017-05-19 10:26:04,144.99,144.99,1.0,329,144.99,0.0030303030303030303,0
4f624aa6b5f7d34e839b14a44982b485,a19618a3a0b75933904d5ee9d3ed6d21,13502,rio claro,SP,1,2017-08-27 17:31:39,460.7,460.7,1.0,229,460.7,0.004347826086956522,0
c51460dcb59443d89846e238653f6002,b95d83ad07de42c2568fc42e1e59027e,71741,brasilia,DF,1,2017-08-07 10:25:57,94.9,94.9,1.0,249,94.9,0.004,0
bb4bd9ae44df35a367e6adb8d37faf6f,f67b6419ca1040caadd1ffd6d105f4b0,66120,belem,PA,1,2017-12-11 13:19:11,349.9,349.9,1.0,123,349.9,0.008064516129032258,0
ca642c7f935ab921b7a1b5cd397b2372,e27b2bb7d02fc1cf151fa89856574e26,39100,diamantina,MG,1,2018-03-29 17:12:26,149.9,149.9,1.0,15,149.9,0.0625,0
5892707a70dea204bd5b404dbc02993d,636f46c7cd2523248e04373aaaf15637,45656,ilheus,BA,1,2018-03-09 22:20:51,160.0,160.0,1.0,34,160.0,0.02857142857142857,0
c6bd3c920258b9d27dc6d8766cfa0b90,6829a606f6bd8cd46ca15c799d2dd71e,5335,sao paulo,SP,1,2017-05-23 17:12:01,329.9,329.9,1.0,325,329.9,0.003067484662576687,0
7d4bcc989710ee664b406819ce808a90,21c0739878ec2e4e65c5e466188ef607,85819,cascavel,PR,1,2017-09-20 16:14:30,117.0,117.0,1.0,205,117.0,0.0048543689320388345,0
8651fcbb0eaad7b6ffe7a7b2dad93ca7,8c805717c9141f56a01fe9b6b3f5dcc6,72920,aguas lindas de goias,GO,1,2017-07-15 00:52:01,19.99,19.99,1.0,272,19.99,0.003663003663003663,0
89a3b88e57194d8a072f855c6a002410,6147d42808926c754eaec2a0bf073496,38410,uberlandia,MG,1,2018-03-11 14:09:35,120.0,120.0,1.0,33,120.0,0.029411764705882353,0
3f4c0f7e7fb59e7411dfb858748e45c3,72feb591ae452672531b88c4fab94797,70234,brasilia,DF,1,2018-02-04 19:17:03,257.87,257.87,1.0,68,257.87,0.014492753623188406,0
87a588f4d6a77083c035a56a392b1f56,8338340a8f7154c52932012830e0f7d9,5596,sao paulo,SP,1,2017-08-06 20:13:47,300.0,150.0,2.0,250,300.0,0.00398406374501992,0
e4439a1e9e726f5cd5f1716951ccb61f,3556b5dea9e633ab8709362974179286,14640,morro agudo,SP,1,2018-01-17 02:18:14,39.99,39.99,1.0,86,39.99,0.011494252873563218,0
ad8def83f5b550a3b6e13f1ca084a6df,27259fad9054fce994a70f1d117bc402,56470,jatoba,PE,1,2017-03-28 19:34:19,139.0,139.0,1.0,381,139.0,0.002617801047120419,0
c0a3ef518d3de3d78a7a80ed0861c529,c437f78e91112d9dc120311a783aff58,13481,limeira,SP,1,2017-03-03 20:01:50,40.0,40.0,1.0,406,40.0,0.002457002457002457,0
b7145cf1615e2b7375e9d77b0406d83d,35a5df988e3223b0d1db59bea91fbeda,4195,sao paulo,SP,1,2017-09-25 19:44:56,75.8,37.9,2.0,200,75.8,0.004975124378109453,0
35bf42c9aedfbb7735a9cd711296f57f,f0ea32bb6623d2f9b6f7909aeb033dd1,13400,piracicaba,SP,1,2017-11-24 13:30:59,150.0,150.0,1.0,140,150.0,0.0070921985815602835,0
b3fb50a69d9de3ee23504d2cd66da13f,d6a930873ee3f80aa823cb1d4baca58d,86038,londrina,PR,1,2016-10-10 15:20:14,94.99,94.99,1.0,550,94.99,0.0018148820326678765,0
69c095e20533ed0e7245ab4ad0282fac,d0281d057510ea65874d743462897abd,41253,salvador,BA,1,2017-07-01 20:13:01,26.0,26.0,1.0,286,26.0,0.003484320557491289,0
45442979a333bc62efccd8a2481481fe,78712b57b1b1c000eec8434d73a7e37e,51030,recife,PE,1,2016-10-08 21:04:27,75.9,75.9,1.0,552,75.9,0.0018083182640144665,0
976c466e2a94060328caf22c01f3eae4,71d3ce43c3776539eda6691c71623e30,35700,sete lagoas,MG,1,2018-03-31 20:39:19,119.0,119.0,1.0,13,119.0,0.07142857142857142,0
695449e690b9ed39a1afa2dc5f3e900f,e81dd1589aadf99b5c59c15289de5df0,12285,cacapava,SP,1,2017-02-07 12:01:07,23.9,23.9,1.0,430,23.9,0.002320185614849188,0
e67e8a66cdd16a22e19c38d452e5f137,7a97eb62430c9e27f4a13220d267b9af,97060,santa maria,RS,1,2017-05-30 11:54:04,129.99,129.99,1.0,318,129.99,0.003134796238244514,0
991b6e88c5c983654861053d33fd7e16,b581a61602c09719611cfc33124fd977,35053,governador valadares,MG,1,2017-07-18 09:21:45,150.49,150.49,1.0,269,150.49,0.003703703703703704,0
08c95eb831d93a76079d7e24a117db29,e0998bd9b9ddc78c925d8a815f18673a,90540,porto alegre,RS,1,2016-10-06 00:12:47,156.97,156.97,1.0,554,156.97,0.0018018018018018018,0
ad1f289fe0d5f0e66faa507b7dd26476,b918f6e80555386a6500dcf17c9d0021,3201,sao paulo,SP,1,2018-01-09 07:51:15,38.9,38.9,1.0,94,38.9,0.010526315789473684,0
7c58c07718ba7a706dc41ef3d4702a18,b183c93025a2b4469ab6cea56c19e852,71901,brasilia,DF,1,2017-10-06 09:46:17,39.9,39.9,1.0,189,39.9,0.005263157894736842,0
228e2652b503dfbd248e6a13a30447e7,73c5b85fe757c062a7ccad81e81635ee,25680,petropolis,RJ,1,2017-12-26 11:54:41,69.9,69.9,1.0,108,69.9,0.009174311926605505,0
0910359fc88a7c2610a39c0d417bd2a0,bb9de7a757d93065939c7da2a3cd8ce4,55590,ipojuca,PE,1,2017-08-14 20:46:10,49.9,49.9,1.0,242,49.9,0.00411522633744856,0
221e9ab15662a1eecda80cf9768f81eb,d1a587b1fa5850e073ffeac2d2d38ebb,4531,sao paulo,SP,1,2017-11-30 16:32:45,59.8,29.9,2.0,134,59.8,0.007407407407407408,0
996dddfbf0751298292794a9341ceb95,c77080f4ce714a19f165e5564cd74875,17290,macatuba,SP,1,2017-12-01 20:36:32,154.9,154.9,1.0,133,154.9,0.007462686567164179,0
c8c67eae0994c44a07fe8cd2c5e54caf,c37112c6cd4da4c6ecd37ad90e17b8c8,72726,brasilia,DF,1,2017-10-03 17:57:29,99.9,99.9,1.0,192,99.9,0.0051813471502590676,0
15227c626cb65b59e12a8bd141e85247,d4b299a6ea44b588fdebc893b50401f6,13064,campinas,SP,1,2017-02-10 15:29:29,24.99,24.99,1.0,427,24.99,0.002336448598130841,0
a2f803ba61b9ef40e42612271462e903,ea94b7b9e6e32385786b28a637f28f0e,89580,fraiburgo,SC,1,2018-01-15 18:07:10,59.9,59.9,1.0,88,59.9,0.011235955056179775,0
ffe74a03e68b1c23d2bd6a1ecdc2f3d7,c5a755e023b897c5c07797f768fc2e81,23090,rio de janeiro,RJ,1,2017-07-12 12:46:09,153.78,153.78,1.0,275,153.78,0.0036231884057971015,0
39378689a58075dd0304d79ee3ae0cfd,525236008daa62b6022f35142ef864d3,76450,minacu,GO,1,2017-10-05 17:40:46,69.9,69.9,1.0,190,69.9,0.005235602094240838,0
aaa3dc5798a9cbd3a1234aeae3723740,7db665f6e104e64835f23c6513a55879,39660,turmalina,MG,1,2018-02-01 09:03:00,58.99,58.99,1.0,71,58.99,0.013888888888888888,0
2f58942ce22a94bab8236b05f48b2ab9,c114c44566c2d172b520bc3c8785ffdf,6785,taboao da serra,SP,1,2017-05-09 12:36:05,1199.9,1199.9,1.0,339,1199.9,0.0029411764705882353,0
fac62f659b6e79c9004f4df20f81e56c,0f5f1f84c0b3477566faed7897d4c89a,37410,tres coracoes,MG,1,2017-09-03 18:42:46,59.9,59.9,1.0,222,59.9,0.004484304932735426,0
ac56ffb080fb67333f922591764855c5,3a65bbea5554e3fc6f568a2526d2bfac,3088,sao paulo,SP,1,2017-11-01 10:42:25,29.9,29.9,1.0,163,29.9,0.006097560975609756,0
485760799b2cd07783a674fb73c5cc96,655e94487e6c8fc38d9221ff9aac4cf3,8665,suzano,SP,1,2017-11-25 12:00:25,238.9,238.9,1.0,139,238.9,0.007142857142857143,0
886518f246372db5ea23a9b6b8852d8c,f4c44738abaf6e6f6c259acb440b861e,85884,medianeira,PR,1,2017-11-19 02:23:45,301.0,301.0,1.0,145,301.0,0.00684931506849315,0
fb2fdd6a93ddbfbb6390f556be5abc4a,b3ec061bf1f87a27efc54ee0b887201f,24210,niteroi,RJ,1,2018-03-31 14:37:16,48.0,48.0,1.0,13,48.0,0.07142857142857142,0
1a9539bf502eca6d99aecfd13c7cc0a4,bc613fe9185f3c7e3a232a3c190baeb8,76890,jaru,RO,1,2017-10-04 16:29:11,139.9,139.9,1.0,191,139.9,0.005208333333333333,0
ddc49820b80baa11c1fd013d27e171fd,14aa0f879bc9e1d191221462a5fce802,95110,caxias do sul,RS,1,2017-08-23 13:58:50,119.8,59.9,2.0,233,119.8,0.004273504273504274,0
9bed2d43411502075eefa923e6ed73d1,cc47f99364c6a2b50a87c1bbb3e4f0f8,22470,rio de janeiro,RJ,1,2018-04-05 12:39:13,74.9,74.9,1.0,8,74.9,0.1111111111111111,0
5044f39d92b86919a2a5ac6f7149f1a5,fc08ce067e1b6462bad98e4adae6911f,22240,rio de janeiro,RJ,1,2017-12-06 15:50:03,59.9,59.9,1.0,128,59.9,0.007751937984496124,0
d3a05bd8ea655c5e7d56120b0b23669f,b2fd1deaa3bc329937e3390404303e60,18045,sorocaba,SP,1,2017-07-12 14:11:35,49.9,49.9,1.0,275,49.9,0.0036231884057971015,0
6718956c40e3a0334742b91dfc8e7ee0,fc28b581e87c66f682395992aaab220d,40800,salvador,BA,1,2017-07-02 17:09:41,21.99,21.99,1.0,285,21.99,0.0034965034965034965,0
7cc8aa1b58755e7d169084d0778f362d,939f2a61978e4e841de6b12c7840fc4b,57100,rio largo,AL,1,2017-10-07 21:41:11,109.9,109.9,1.0,187,109.9,0.005319148936170213,0
ddbed7a357c10ca2180079c97f655a98,c2b9e77b943c23e01dabd2684013eefc,26140,belford roxo,RJ,1,2017-07-03 15:38:36,59.9,59.9,1.0,284,59.9,0.0035087719298245615,0
1d088dea8732788ec35dd4ee6dd76112,69b2b29382af03e03e486ad307a76000,90160,porto alegre,RS,1,2017-01-29 21:40:02,1934.0,1934.0,1.0,438,1934.0,0.002277904328018223,0
47aa15d805a354b4586f613823305a78,19ea244e9173ca0c8ae93d2831008fe7,27130,barra do pirai,RJ,1,2017-11-29 11:58:07,75.0,75.0,1.0,135,75.0,0.007352941176470588,0
d80b9b2a21321a180b82c0017fe8d9b1,46dfac161b69dbb4b782ced9463b6c77,20020,rio de janeiro,RJ,1,2017-04-19 11:09:20,49.0,49.0,1.0,359,49.0,0.002777777777777778,0
3dfb495ec8f6000b978490cba051c21d,26bd7a795f36651f1783f3df3bfa61b5,60160,fortaleza,CE,1,2017-11-24 11:12:43,159.9,159.9,1.0,140,159.9,0.0070921985815602835,0
6d418d791c35525053afac2ad7fc0b5b,951008c1c9df3fe4fead603a9afdcb3b,4696,sao paulo,SP,1,2017-11-30 19:12:21,178.99,178.99,1.0,134,178.99,0.007407407407407408,0
d1176ff41d4334e95bc110c2c76ade62,a4341182d778deb831f94a4bc1765ea4,5854,sao paulo,SP,1,2017-11-30 09:51:26,84.99,84.99,1.0,134,84.99,0.007407407407407408,0
bd1cd40d508c2fa2726df9ee675d2a06,b1eb9b9cde96112c1ffcda32b7bb9b2d,21331,rio de janeiro,RJ,1,2017-12-21 21:18:08,89.99,89.99,1.0,113,89.99,0.008771929824561403,0
9a9a85e7b6a53d3b2fe85bfa4b6f20f0,d6cd0db87d696a4e2b31ccfd81011c9b,3162,sao paulo,SP,1,2017-07-07 13:18:22,132.0,132.0,1.0,280,132.0,0.0035587188612099642,0
5af98f1851ab9a8e9e8f94d35f8fe478,4c39075fa934a8ca18c7605f94517621,3630,sao paulo,SP,1,2017-11-17 15:31:33,269.9,269.9,1.0,147,269.9,0.006756756756756757,0
e4876ce732ecacdf9cf64c42cb1b49dd,e4951b10e341a56871ef584deab3f2ef,13165,engenheiro coelho,SP,1,2017-12-10 18:43:03,39.99,39.99,1.0,124,39.99,0.008,0
bda00833104c70fdb43e0de7e44599cf,a5c02cb9fef093bf7306928403d8f6e3,95112,caxias do sul,RS,1,2018-01-08 23:03:22,47.9,47.9,1.0,94,47.9,0.010526315789473684,0
94a369742b38e698214f0c6587f324aa,e3753196e6a35f591e5bc087ec011abc,17511,marilia,SP,1,2017-11-09 08:42:35,168.88,84.44,2.0,155,168.88,0.00641025641025641,0
aeed83f14583aecd0c82d49c45a833a8,961e5601bd093eed69dd3e864ff4238d,54080,jaboatao dos guararapes,PE,1,2017-11-25 16:16:35,294.0,294.0,1.0,139,294.0,0.007142857142857143,0
b89f8b2159cc4f80617c22f0b0ee17e3,404f3056215c60c4cc05356eb63ae53a,4146,sao paulo,SP,1,2017-11-19 15:38:53,115.0,38.333333333333336,3.0,145,115.0,0.00684931506849315,0
2b8784fee7592d8c11a970f175cb5d71,b7da10f6d11e0b62cddf30186578200d,95703,bento goncalves,RS,1,2017-01-26 22:44:11,176.99,176.99,1.0,441,176.99,0.0022624434389140274,0
273cba7d43266b9fb2737824de113e43,5895fc50ddbefe47f969acd6a51e6b64,38600,paracatu,MG,1,2018-04-05 21:43:44,90.0,45.0,2.0,7,90.0,0.125,0
fceaae36ccd575ed9807e3b17cb4e95d,d3dc00744afc8a1e1c22f3d2fb418c23,89257,jaragua do sul,SC,1,2017-11-24 16:07:06,39.99,39.99,1.0,140,39.99,0.0070921985815602835,0
3d6ef247a5922e5ea04d1d8a03fbea07,4321093879163c2ce5a8672a99896166,12948,atibaia,SP,1,2017-04-18 07:49:34,29.5,29.5,1.0,360,29.5,0.002770083102493075,0
3cdc0173943f051e46d6f1d616a70609,c4555c8838fd8c5584ed2d818124f16a,83323,pinhais,PR,1,2017-08-12 22:35:47,89.99,89.99,1.0,243,89.99,0.004098360655737705,0
208a1b9c48657302f6c38ea8901e2bff,3dc3016006cefe3f43b3e0fbf60fbd7f,90820,porto alegre,RS,1,2018-01-23 11:58:33,249.99,249.99,1.0,80,249.99,0.012345679012345678,0
318994b8ee7f8e50ea635dca17b373a9,3cecceee75f96f732a6f33e835f03789,98801,santo angelo,RS,1,2017-10-11 16:18:08,65.0,65.0,1.0,184,65.0,0.005405405405405406,0
0880c134c210f2ac6c3b925bdd4cea3b,3b99cd9d2cde89303c992acee295d117,14600,sao joaquim da barra,SP,1,2017-12-02 10:03:10,89.0,89.0,1.0,132,89.0,0.007518796992481203,0
e92cf12c7abcfda93511da666ac2240f,10b8a0a33f30c3be7456b5168ff4c8f4,5438,sao paulo,SP,1,2017-07-02 19:49:55,49.9,49.9,1.0,285,49.9,0.0034965034965034965,0
75b4bac0d49ed3e3717aeb79f80ffc97,286e2884f952622a05692d141f20177c,76400,uruacu,GO,1,2017-07-18 00:28:15,120.0,120.0,1.0,269,120.0,0.003703703703703704,0
d26850649dd913b91764020587e48f43,18da3b088c711ee5061a1d43f48c9bea,27600,valenca,RJ,1,2018-01-22 23:37:23,719.8,359.9,2.0,80,719.8,0.012345679012345678,0
dc8dddbedf94214063c457cd4074ebba,0e7a4804f1665261e1257726779f6348,7074,guarulhos,SP,1,2017-10-26 12:50:09,119.8,59.9,2.0,169,119.8,0.0058823529411764705,0
d5eb02a8c975623581be64cdfc05d1ce,effbebdf9854a4a1fa1783211054115e,79900,ponta pora,MS,1,2017-03-01 22:05:27,89.0,89.0,1.0,407,89.0,0.0024509803921568627,0
9997d3fac97d1dd96ce13a68158e84ce,79377f2dd1a1b92c1c06fba32f1bc1eb,24903,marica,RJ,1,2018-03-20 11:42:25,19.9,19.9,1.0,24,19.9,0.04,0
af9b97ed135fd52d2ada64faf8a659a5,696d6207ec2e5fc00c63bef587938c2e,41710,salvador,BA,1,2018-02-07 09:24:28,49.99,49.99,1.0,65,49.99,0.015151515151515152,0
869e2244009c6cc7cd52d16f0ce9fd8d,d15abc5eb61c895f4824a6822c8b0321,21730,rio de janeiro,RJ,1,2018-03-19 10:57:52,115.0,115.0,1.0,25,115.0,0.038461538461538464,0
8e7f8c397aa4a27f05e44625e5b9f9fd,7ea4adbda09cc03f0ff84cd183252996,27338,barra mansa,RJ,1,2017-11-30 18:26:24,299.98,299.98,1.0,134,299.98,0.007407407407407408,0
f41666558f4e35056a445c27c2ac3d8b,5599df2eeb9e2e4f377db24e09cb976f,3813,sao paulo,SP,1,2017-10-31 20:32:39,2874.0,1437.0,2.0,164,2874.0,0.006060606060606061,0
39623b729aa1b91a230f0390b610271d,6f884c366e43f1675025265af19b7612,4567,sao paulo,SP,1,2017-11-07 17:16:07,55.0,55.0,1.0,157,55.0,0.006329113924050633,0
01abb8df2f71f7d6e087c28c6c0a8f39,d2607f7f7e7ccba8843abeaa3e5dbee8,57030,maceio,AL,1,2018-01-26 12:45:51,49.9,49.9,1.0,77,49.9,0.01282051282051282,0
6921224e0e53eea536125e700611b01c,b1a8a0800eac99ec4d83d6ca350a690e,5879,sao paulo,SP,1,2018-02-23 08:38:47,143.8,143.8,1.0,49,143.8,0.02,0
296aac913de459261bbf2bfbb9980954,901612011dfc5e3b9da79cf76f72f974,18017,sorocaba,SP,1,2017-11-13 21:12:23,33.6,33.6,1.0,151,33.6,0.006578947368421052,0
e43b79f4e4752adf6887f7d9b7396cec,7cefc37c0accdbcfa6ce93c03c78640f,64170,joaquim pires,PI,1,2017-05-04 07:48:30,12.97,12.97,1.0,344,12.97,0.002898550724637681,0
1b222a0f1414bd06b17256aebafaa498,f398130a46d78d120674c62552f3922d,31260,belo horizonte,MG,1,2017-04-24 10:14:16,32.9,32.9,1.0,354,32.9,0.0028169014084507044,0
fe1cc174642276d82248a481bc4c083a,c17db1418a98b4a6d1dcad61cc579c70,79460,corguinho,MS,1,2017-05-16 20:39:33,152.72,152.72,1.0,332,152.72,0.003003003003003003,0
87c195c16ba427c0f0f60d6d6d67a312,31c9035341cb7e0645f2f6531616efd2,4809,sao paulo,SP,1,2018-01-13 14:50:01,99.56,99.56,1.0,90,99.56,0.01098901098901099,0
2eab8438ec51150fc124df8ed968f7c8,d9f337eea016e16ef54ccd655e8f25ff,99250,serafina correa,RS,1,2018-02-22 23:42:08,72.99,72.99,1.0,49,72.99,0.02,0
4634034cc175c08895674b66ee1e5a36,0a4767440baf7c819f8ca5e4c6bd2535,2612,sao paulo,SP,1,2017-09-28 08:54:38,40.0,40.0,1.0,197,40.0,0.005050505050505051,0
efdec3ea6e5812a498878e88c96d160c,d682fe4612915c050609d077c3dd2463,24456,sao goncalo,RJ,1,2018-03-29 23:56:38,79.99,79.99,1.0,14,79.99,0.06666666666666667,0
889a8a0aaae4f2c4730948cb1ec0d638,5897410e62336f05afe673aed70c88c1,5020,sao paulo,SP,1,2017-09-30 16:28:52,899.99,899.99,1.0,195,899.99,0.00510204081632653,0
ea43222bd95135bcbbd7359921c793b1,8df1b3bfda9077ad979268b17a9523ca,20261,rio de janeiro,RJ,1,2017-08-04 15:12:56,339.9,339.9,1.0,252,339.9,0.003952569169960474,0
b777e264df0b508f453971fb87c2a0b7,3fdd5f758dedbccffc537354946aa3b6,35900,itabira,MG,1,2017-03-27 20:40:27,316.9,158.45,2.0,382,316.9,0.0026109660574412533,0
038c6e4806a9d19fe170feae7825c2d6,048df8b25dc48e1554eccde119d6cecd,78455,lucas do rio verde,MT,1,2017-05-01 17:42:25,204.8,102.4,2.0,347,204.8,0.0028735632183908046,0
d3e368412ff575eaf086a0fd6aa37cbc,c6d86dc61a679d6738e9a3e76c18d9e8,71939,brasilia,DF,1,2018-03-26 09:57:32,34.2,34.2,1.0,18,34.2,0.05263157894736842,0
e3378b4e8219f3f5f90a6515a9a57136,d85b7be2e745afddc1cc3cecf6bd9cd9,15870,catigua,SP,1,2017-09-11 20:37:17,194.99,194.99,1.0,214,194.99,0.004651162790697674,0
28e7a5a8bd86ddcced4e8c761df469ce,c7c0a9a00922ff28608bb0cde4e42f76,32241,contagem,MG,1,2017-06-30 19:25:11,260.0,260.0,1.0,287,260.0,0.003472222222222222,0
396a8539f119f80d6df1065a04cf6595,8dd3a5d6ea26c84101c49f5d4eadbb81,35700,sete lagoas,MG,1,2017-04-28 11:50:40,239.0,239.0,1.0,350,239.0,0.002849002849002849,0
3bec57f51a23b4e63d691df3ab023cc5,0edae752c98ae9333a935019211d96d4,74890,goiania,GO,1,2017-10-04 13:58:33,73.39,73.39,1.0,191,73.39,0.005208333333333333,0
752f76ff8ec253dd68c8071b8dd06073,a6a7ce24f7d86db018728d21dcb4b50a,80010,curitiba,PR,1,2017-11-21 23:34:05,35.18,35.18,1.0,142,35.18,0.006993006993006993,0
798bc99c248e680bbc7160f0f3bff68e,15bb8063f66055b02b28faea98ea4fb0,60767,fortaleza,CE,1,2018-02-16 14:41:35,114.9,114.9,1.0,56,114.9,0.017543859649122806,0
07250205a8861bb7532fea6297a2d4be,83795f9c6093934678c1ca1d1a943dda,30310,belo horizonte,MG,1,2018-03-27 10:08:44,69.9,69.9,1.0,17,69.9,0.05555555555555555,0
a544f53bd4ce0d11de2d68e3675ecfab,4644f1b187e390a08b4c66fb16c91364,89266,jaragua do sul,SC,1,2018-03-16 11:19:46,450.0,75.0,6.0,28,450.0,0.034482758620689655,0
002834b4d901534f48d9e9a72047b288,4c41d73f1d29f1cd1e725ec445a82f23,8940,biritiba-mirim,SP,1,2017-10-08 17:38:00,198.0,198.0,1.0,187,198.0,0.005319148936170213,0
613f2c0ca4e0c3c8e161fa092f9ed98b,4bac53ed80702b5842e3aadd06998538,6293,osasco,SP,1,2018-01-04 07:27:36,149.0,149.0,1.0,99,149.0,0.01,0
baab884348d4ad90d893b3551521aaba,37cc3e75e39bb11d75a1982ac0d07c17,45810,porto seguro,BA,1,2017-02-03 23:26:40,25.0,25.0,1.0,433,25.0,0.002304147465437788,0
ccef1b0140b0978b6b1bbc28e54262e7,fd20fc2b1ff034f4cec1599237797ffb,5201,sao paulo,SP,1,2018-03-23 10:10:19,69.9,69.9,1.0,21,69.9,0.045454545454545456,0
ac428239d66ecbb6daff6de83569f7bb,20dcf8462b6eb47784fc9a7921ac5ca0,13500,rio claro,SP,1,2017-04-19 17:32:50,29.99,29.99,1.0,359,29.99,0.002777777777777778,0
9838497c3447f481f14b780164c2823a,cfe381533291cb6858ee08e49f6c8f96,87020,maringa,PR,1,2018-02-12 22:18:44,79.0,79.0,1.0,59,79.0,0.016666666666666666,0
8a9a1deb4c40a5a158bbb0db08c821d0,cbeccbbd36ddd0bcdc38ed78bdf4df13,29050,vitoria,ES,1,2017-09-27 06:56:34,75.0,75.0,1.0,198,75.0,0.005025125628140704,0
f4cdd4fc25b538733574c54d02784e3b,c0379eaf8fea020ec57ef4e788f7284e,1453,sao paulo,SP,1,2018-03-24 22:02:22,81.99,81.99,1.0,19,81.99,0.05,0
664feac03a82f2dd6e04fdc6d9664df1,2b2d0c9e11b425a1722f121e8031ee7f,11010,santos,SP,1,2017-11-07 14:07:03,369.49,369.49,1.0,157,369.49,0.006329113924050633,0
5d67e31aa8cdc36c984e4079a287a60c,33673a61e46e272ad8a18994222831fb,24410,sao goncalo,RJ,1,2017-11-26 12:29:41,179.99,179.99,1.0,138,179.99,0.007194244604316547,0
f2cb2c39dd256d43335ad9c4e0a088fe,959957b04abdb0acd726e8f0e700a899,13181,sumare,SP,1,2017-04-04 19:05:23,15.99,15.99,1.0,374,15.99,0.0026666666666666666,0
01a9cf1ab208a3ce5a4cbf6d5877bf49,c7472ec1990469475b1461047092f5e5,6725,cotia,SP,1,2018-03-30 20:08:28,159.0,159.0,1.0,14,159.0,0.06666666666666667,0
2219a3cc521a24bad7f19a67dc498e5d,7f400c7204b3881600bf1ae221e1e878,36048,juiz de fora,MG,1,2018-02-07 08:52:01,53.99,53.99,1.0,65,53.99,0.015151515151515152,0
403e3939144e4e8f0d0bece178186f2a,63af55307fe5360d1005f03999b261e7,12704,cruzeiro,SP,1,2017-06-13 16:45:26,89.9,89.9,1.0,304,89.9,0.003278688524590164,0
7ae471bc92b0ecb06c812292ffef849b,84d49ffbe4b3250a76fcde3bd9a12abe,37048,varginha,MG,1,2018-01-23 22:47:46,277.0,277.0,1.0,79,277.0,0.0125,0
fd905acc8e4322baccc7e50efb4b8947,19377ae5b9288f8ac17a6586a839c4d8,36660,alem paraiba,MG,1,2017-02-21 21:27:33,159.9,159.9,1.0,416,159.9,0.002398081534772182,0
ad12987f0baa11e225e27f71cb1cfe3c,cd65b7d632cc3b6a15bdfad822b260f4,4008,sao paulo,SP,1,2018-03-26 18:50:04,110.0,110.0,1.0,18,110.0,0.05263157894736842,0
1cd22e66beeecc44840a7891d76b13d0,0d332bf04a40163ca5b88413815acbfa,22775,rio de janeiro,RJ,1,2018-01-16 01:18:59,89.9,89.9,1.0,87,89.9,0.011363636363636364,0
1212da3795e784371c8305d0e0dae7f8,fb98fdc5f7cbfd7fc0e0553becb1e413,72231,brasilia,DF,1,2018-04-03 11:34:06,16.9,16.9,1.0,10,16.9,0.09090909090909091,0
eb1ef5f9f5bfd84a2fe58ee9274cc31f,c1432a8dc6489fcb7f5b2826da1625f9,9910,diadema,SP,1,2017-12-05 10:58:54,229.99,229.99,1.0,129,229.99,0.007692307692307693,0
aa5ab3effa79f3f9d5473b9dad8ce94b,2c7459fb7bdbc09e99de9573993d9c22,22793,rio de janeiro,RJ,1,2017-12-26 15:28:35,80.0,80.0,1.0,108,80.0,0.009174311926605505,0
05a87ac6766c8ae5ae93c0a249b5508d,357488646eef476ce86972632c0d64ad,5873,sao paulo,SP,1,2017-03-30 13:34:50,84.99,84.99,1.0,379,84.99,0.002631578947368421,0
cdd087251239c75444a11351151dfd21,a4168a1c5920fe8149605a248bc01c0e,28022,campos dos goytacazes,RJ,1,2017-08-16 13:27:32,34.99,34.99,1.0,240,34.99,0.004149377593360996,0
5af2a18351fbd81159881d394366f8f7,b0584553631afe370d0ee9383c4906ee,15190,nhandeara,SP,1,2017-04-08 19:06:55,138.9,138.9,1.0,370,138.9,0.0026954177897574125,0
e507d5833c9b723bad4d10a13e1d6d1c,0fae0fa9c3b2212e6efce4edc98d2d34,6335,carapicuiba,SP,1,2017-10-30 18:18:12,31.49,31.49,1.0,165,31.49,0.006024096385542169,0
8ebe25aca53cef9a055de5c20eca76e7,a55964e9744ba2f8e5911ff221b5de47,11605,sao sebastiao,SP,1,2017-12-11 21:43:24,129.9,129.9,1.0,122,129.9,0.008130081300813009,0
fbeb150ba4aab5ae80d426ce53e71fa4,374eb598aeea3454742b4f49198f4e90,37660,paraisopolis,MG,1,2017-10-22 14:12:23,129.0,129.0,1.0,173,129.0,0.005747126436781609,0
46892c9ab706c93de01025d07b029234,f3b1b8e7f16598ac61071071cc3203a3,5026,sao paulo,SP,1,2018-04-09 11:00:52,199.9,199.9,1.0,4,199.9,0.2,0
a02c3848a807fdc92f85e7f72225e1f9,83a82e80b19391a7bbb4796847b1bb49,39710,coroaci,MG,1,2017-05-10 18:13:04,69.9,69.9,1.0,338,69.9,0.0029498525073746312,0
c1d6df990d7abb2eb1d898aabb91c142,20ab2e4a55a8425135cf9a7d0bb3f92c,5734,sao paulo,SP,1,2017-11-30 15:46:49,119.9,119.9,1.0,134,119.9,0.007407407407407408,0
40b04b3bf7ab6d7c73d5e68e7327e17f,40663febf13039cfd595a421b083e91b,37430,conceicao do rio verde,MG,1,2017-06-16 11:28:43,99.0,49.5,2.0,301,99.0,0.0033112582781456954,0
353aa71e2ad73b4ef96748be41c1b9e0,506269f55456aa4942ff046f924b17fb,38411,uberlandia,MG,1,2017-09-08 11:27:46,59.0,59.0,1.0,217,59.0,0.0045871559633027525,0
3aacb368d6b1db2b137d99daf9b3a05a,5e9f3fd80d7bffe03426c659ae2911b7,75760,cumari,GO,1,2017-11-26 23:26:23,20.9,20.9,1.0,137,20.9,0.007246376811594203,0
a857a82a40ad62cdebf6683bfa5d6858,4fce08bb64f8d392226d876734e6cca0,18704,avare,SP,1,2018-02-21 09:20:41,49.0,49.0,1.0,51,49.0,0.019230769230769232,0
4423670dab211b3b055c27e5c310d36e,00ae9ea276a5a4335382c9391059ddf2,29780,sao gabriel da palha,ES,1,2017-09-13 08:19:01,121.9,121.9,1.0,212,121.9,0.004694835680751174,0
12c611a156bcf3d8af5a1bf02aa21175,1ae0620e7665c833940ffb4b9904a174,89113,gaspar,SC,1,2017-03-11 13:35:38,18.99,18.99,1.0,398,18.99,0.002506265664160401,0
5c1bbb8c8c2ba7ed55150827c25c4b7f,1607216d9bd53269ad3115bb4b9c3abe,60410,fortaleza,CE,1,2017-10-22 15:03:58,209.9,209.9,1.0,173,209.9,0.005747126436781609,0
a5c2163d1b3b465342d92ef5c8e398b4,9cb6efa9ca01a3669d564332c521eca0,15370,pereira barreto,SP,1,2017-10-26 14:06:12,59.0,59.0,1.0,169,59.0,0.0058823529411764705,0
cec58a230b3feb0e56a802540eb8b28d,345d82427f12013241a1b2ef4062c28b,5445,sao paulo,SP,1,2017-06-15 07:42:43,18.9,18.9,1.0,302,18.9,0.0033003300330033004,0
0f3634092b8645824b6a6cf3468a163a,1e1f53c19aeedb5ebfafc4e87c5aac37,9061,santo andre,SP,1,2017-11-24 01:29:43,55.9,55.9,1.0,140,55.9,0.0070921985815602835,0
1a3be802bda931a4f7b09c60125d2e91,80356b964d3d434b3174469b3478b324,92320,canoas,RS,1,2017-07-12 23:21:28,19.9,19.9,1.0,274,19.9,0.0036363636363636364,0
59b3d9389766991ccdfea04b38986fd2,1407eaf966f7ea6d9f71e26c62023a9c,35430,ponte nova,MG,1,2017-09-17 20:12:09,19.99,19.99,1.0,208,19.99,0.004784688995215311,0
945919cfe317442500d71b4d706f29a6,353717d06d318249e366cf83f73817dc,31150,belo horizonte,MG,1,2017-09-12 23:15:46,299.9,299.9,1.0,212,299.9,0.004694835680751174,0
1c45c50d6eeeb77c888f37596c99ba5c,84fda66962e2d7886a6a57596299f432,16440,sabino,SP,1,2017-08-20 20:50:18,325.0,325.0,1.0,236,325.0,0.004219409282700422,0
ee04dd46d48e1dffe76ca651a89bd83e,eef5c6fff0c62a0103b68d79ae1c90d7,97050,santa maria,RS,1,2018-04-02 23:17:12,117.7,117.7,1.0,10,117.7,0.09090909090909091,0
849d4f35271a07987c6af0c676c5ca31,a4d4c09a2fe3081414f20b73ed30d9de,72506,brasilia,DF,1,2017-11-28 14:20:53,84.99,84.99,1.0,136,84.99,0.0072992700729927005,0
7994fb833e6c8f40ad229e30fba8ad46,0a8b3d8908fd5d89afd05e074977a476,38742,patrocinio,MG,1,2018-02-23 14:03:50,463.0,463.0,1.0,49,463.0,0.02,0
f784cd575bace953e1672518616df436,90df3fb25b60362363ce4990c388f579,78850,primavera do leste,MT,1,2018-03-23 00:22:35,25.0,25.0,1.0,21,25.0,0.045454545454545456,0
e024c1515b1062b1e7e613f840c35ba3,012452d40dafae4df401bced74cdb490,3984,sao paulo,SP,1,2017-06-18 22:46:42,97.9,97.9,1.0,298,97.9,0.0033444816053511705,0
95e4cadaf56d0ea677e395ab5a6e2bd2,8aa94b6a2d67c3ff65248655c46ce20a,13340,indaiatuba,SP,1,2017-12-29 10:55:59,179.99,179.99,1.0,105,179.99,0.009433962264150943,0
722f3c29eca750d5eb93d5a1f67cc74c,4386c7239b4c3b92f0e542301808098a,79440,jaraguari,MS,1,2017-11-09 15:11:06,43.0,43.0,1.0,155,43.0,0.00641025641025641,0
6ffd4f294fd7e52f4fb63343912fc6fa,aa869e19581b0fbcb10088ff7d0e5619,23955,angra dos reis,RJ,1,2018-04-02 10:24:47,36.99,36.99,1.0,11,36.99,0.08333333333333333,0
bea0b054bee4fb73d7696824ab10084c,b64460d7d925960dcf9beefe03131679,3024,sao paulo,SP,1,2017-10-21 09:09:48,1479.98,739.99,2.0,174,1479.98,0.005714285714285714,0
faae3f96ccf16903b53b768dedf6aae9,b418bca74ac4b0ef6e0c100edf861938,29161,serra,ES,1,2017-09-26 18:54:55,169.9,169.9,1.0,199,169.9,0.005,0
fd946ecdd7c1eab8dbed2c8f330cf2e7,719721cc7694023e20bf16e182725123,15015,sao jose do rio preto,SP,1,2017-07-19 16:44:13,275.93,275.93,1.0,268,275.93,0.0037174721189591076,0
525386e5496dcb6a38723359f7450144,c9a86637da4318bb3d54cf1a79b205fb,14150,serrana,SP,1,2017-10-11 12:32:56,131.59,131.59,1.0,184,131.59,0.005405405405405406,0
7365a02a72ecb505e9b2f199fabbdea8,935e4619ea70b3f57fa7e46d21387e5a,88101,sao jose,SC,1,2018-01-24 15:17:21,99.0,99.0,1.0,79,99.0,0.0125,0
afd8b1ca06dc456c25b4548c287ad210,93ae88cf69a9eee3b3c3ff151ef5398b,35903,itabira,MG,1,2017-05-21 10:55:29,21.9,21.9,1.0,327,21.9,0.003048780487804878,0
9302b40e3cbf7c43daae0cf4bf7e8895,3cbe4dacbf014deb61bf6a4b2b7e24ab,33600,pedro leopoldo,MG,1,2017-04-04 22:33:07,52.0,26.0,2.0,373,52.0,0.00267379679144385,0
f1d2dccf40e047efb9b678cde4a123cc,f714fd5260fc9d9f1b9628afe96e488a,93336,novo hamburgo,RS,1,2017-11-27 14:54:37,69.99,69.99,1.0,137,69.99,0.007246376811594203,0
c1d6f0c6736f09944a5ae0ab8bb514f5,19314dd514d8043d33f291a74db7fc64,16010,aracatuba,SP,1,2017-11-28 15:27:09,109.8,54.9,2.0,136,109.8,0.0072992700729927005,0
c78bc72d6f37cf261d7a381fda4bcc82,6e99e7518783af4ac50fa17eccd278b7,87290,luiziana,PR,1,2017-11-12 09:22:43,109.95,109.95,1.0,152,109.95,0.006535947712418301,0
e71ab3a5414af041e8be3e1cb8981a23,fe7b84f9e65da4d5243143d28509c3a8,79112,campo grande,MS,1,2017-12-07 14:07:50,212.91,70.97,3.0,127,212.91,0.0078125,0
d9cc456ec33e4fd2894879a6c285c37e,1a2cf47541f12c76b47a16f98dc1e126,39300,sao francisco,MG,1,2018-03-09 11:12:29,29.99,29.99,1.0,35,29.99,0.027777777777777776,0
ac09b50d5b648f30126cc7ffceb97e8b,33aa371b7512b6a9fede4f231e212226,29650,santa teresa,ES,1,2017-09-16 23:26:17,218.0,109.0,2.0,208,218.0,0.004784688995215311,0
0cab59ec041d1c823de68602b879072a,913e4a0664572d0652473b98b808e7b5,38625,cabeceira grande,MG,1,2017-11-10 17:59:35,98.9,98.9,1.0,154,98.9,0.0064516129032258064,0
efabb2b271a2d7ced97c99c3cbbe3870,bafc5f1997ceb7c62d72da3e4e43739b,17064,bauru,SP,1,2017-10-09 16:41:37,110.0,110.0,1.0,186,110.0,0.0053475935828877,0
f316bdbd553c081a873eb697e8f98be1,2191bb88204adbc481e8a356bfcc8543,1232,sao paulo,SP,1,2017-12-28 12:01:05,109.0,109.0,1.0,106,109.0,0.009345794392523364,0
f058edb3bbbcfbdb48a94999c90a7ed8,f62e9e011a3b827925470b59c8062cb9,5210,sao paulo,SP,1,2018-01-15 13:03:26,79.9,79.9,1.0,88,79.9,0.011235955056179775,0
89232b00f62b63711ba3be0c01a172b0,73d7c87d44af686f20f4c826c19f73bc,9040,santo andre,SP,1,2017-10-30 19:03:45,219.0,219.0,1.0,165,219.0,0.006024096385542169,0
8fdac518e736eec059a03fe727efd580,9da3069306d3a92c5c835bcfa0610d27,13044,campinas,SP,1,2017-02-02 09:23:41,79.9,79.9,1.0,435,79.9,0.0022935779816513763,0
1b0c2dd1418689199f6f7332f7a96e26,429b70f67d8406d6c0779b6e16f5ca52,36420,ouro branco,MG,1,2017-09-21 10:02:36,139.9,139.9,1.0,204,139.9,0.004878048780487805,0
1a8ee097c14bb88b04f6a66b4e966d21,88512a144240eead8e662f42e70078db,4531,sao paulo,SP,1,2018-02-25 17:16:35,9.0,4.5,2.0,47,9.0,0.020833333333333332,0
3904ae5c54ba03760cdce20cf5f6b9f5,e312f3eb3f27d3e0cf13b487541bb908,25250,duque de caxias,RJ,1,2017-11-24 17:02:46,28.9,28.9,1.0,140,28.9,0.0070921985815602835,0
0e9d153de61896911c7d236b8a6c1886,119606479bd91b852d2237c3505e647f,9260,santo andre,SP,1,2018-03-28 23:04:56,24.9,24.9,1.0,15,24.9,0.0625,0
ec8cbe5ff3ae0f352870c07a3a3025d8,51a59e5535d7248b0995d628d4e159d3,24933,marica,RJ,1,2017-07-22 19:26:25,109.9,109.9,1.0,265,109.9,0.0037593984962406013,0
c4e4beda841dae55b686660858d7d0e2,6e2759b013eb9cc5025c952bf6b9861f,48601,paulo afonso,BA,1,2017-07-15 00:20:17,99.0,99.0,1.0,272,99.0,0.003663003663003663,0
7ec44117b7760d297447f1cff2a10967,b0cfaead61116dafe5fc20f4c9a91754,22250,rio de janeiro,RJ,1,2016-10-07 12:21:07,0.0,0.0,0.0,553,0.0,0.0018050541516245488,0
da23d4ed5cb0efe5ea22d93e26a0924d,96422a271588a30301163eb01e5b9606,29152,cariacica,ES,1,2018-03-09 07:40:46,78.9,78.9,1.0,35,78.9,0.027777777777777776,0
c5f89253313f856b87d324ca590172e7,44a367e237b4ef9733b7d3c6545e1cd7,18050,sorocaba,SP,1,2018-04-03 17:19:44,53.699999999999996,17.9,3.0,10,53.699999999999996,0.09090909090909091,0
03952dd46963b39ab13db3f9ab54bfd0,721494552dea92421c7620c0eb0ea3b5,66025,belem,PA,1,2017-06-02 14:48:34,373.4,373.4,1.0,315,373.4,0.0031645569620253164,0
e4d3e69638cf6d6f16d90b5fa69e5021,910d2e9313f82eed22f701192a75f4fe,15056,sao jose do rio preto,SP,1,2018-03-24 14:24:28,69.9,69.9,1.0,20,69.9,0.047619047619047616,0
a9d615d6c2f115660b61898530fe393e,1bdd27e01451d50d9d804040fe941000,29194,aracruz,ES,1,2018-03-05 12:28:59,129.0,129.0,1.0,39,129.0,0.025,0
8b0d13b08d69c3277aca22a774eb8f45,8ea42429ccc7426d66542900f17513ae,24808,itaborai,RJ,1,2018-01-21 21:09:56,219.0,219.0,1.0,82,219.0,0.012048192771084338,0
4cb7699cf045e230d2a942055c88a0e1,7c7784989c26e7796a6820c794f68008,5020,sao paulo,SP,1,2017-12-08 14:09:38,69.9,69.9,1.0,126,69.9,0.007874015748031496,0
e1082da721695c572e703381e22ddb91,8d847804b5f12a9f42c3747f202025e1,93510,novo hamburgo,RS,1,2018-01-10 18:34:03,33.9,33.9,1.0,93,33.9,0.010638297872340425,0
d3583f0406695312a26cf86a886caa70,ca5825e028f8e9be9b60be025b79a0b5,11473,guaruja,SP,1,2018-04-06 16:39:34,181.01,181.01,1.0,7,181.01,0.125,0
749ba37e1c007d00f214dc51dec300e0,3c3a8cbb2907d3f5e9a3ff071851c271,16500,cafelandia,SP,1,2018-03-04 10:59:40,70.0,70.0,1.0,40,70.0,0.024390243902439025,0
2741ad6328c6501b09950d15a0590167,8d0aa41a0ddce9ae41c9c6e27c549761,3213,sao paulo,SP,1,2017-03-27 17:11:10,34.99,34.99,1.0,382,34.99,0.0026109660574412533,0
df54a789854ed6321831ebf6a866526c,79305ebd09ee221e5fc5f1c0deb0a83c,2993,sao paulo,SP,1,2017-02-05 19:17:06,24.9,24.9,1.0,432,24.9,0.0023094688221709007,0
a5b1788e56a07a32ec0868df19424fb3,177f2def59a1d552967886732b0ffd8b,4135,sao paulo,SP,1,2017-12-29 12:37:06,219.9,219.9,1.0,105,219.9,0.009433962264150943,0
3d1688c4011a8de5b3b77d2f0bebbb6a,e2eb3273ec3fcb6caf6f98e069c2ab54,78556,sinop,MT,1,2018-02-18 20:25:04,90.0,90.0,1.0,54,90.0,0.01818181818181818,0
d83ba54849e875e8f350178388514b0e,69ab784981f3fd46bc5f65a70c220fdf,26210,nova iguacu,RJ,1,2018-03-21 09:47:33,105.0,105.0,1.0,23,105.0,0.041666666666666664,0
6b954f8f6a637e8f3e2b8174a4fa6c26,b810d85e6a77a107537de154d8ff5b01,15775,santa fe do sul,SP,1,2017-11-02 17:38:40,89.9,89.9,1.0,162,89.9,0.006134969325153374,0
02fa11df400d8458c3bfe07f7273c894,37f9711adee5be5ffdff5b728b8eb529,20530,rio de janeiro,RJ,1,2017-10-06 16:57:08,95.98,47.99,2.0,189,95.98,0.005263157894736842,0
efd6fec8f33c64ead2d675d6c953d397,83de585fbed8db52616fa217c79581ff,4843,sao paulo,SP,1,2017-06-27 11:04:34,15.0,15.0,1.0,290,15.0,0.003436426116838488,0
0d34dca8c8a02afc52be8689c8774af6,bd8ee6a65c4d647953792da821444580,4543,sao paulo,SP,1,2017-11-30 11:48:21,269.70000000000005,89.90000000000002,3.0,134,269.70000000000005,0.007407407407407408,0
b24c6a66c9cd51bcfa3054b8283b4377,60bec6eff245ad1a5e18a2244fcdb972,97501,uruguaiana,RS,1,2018-04-04 22:17:30,28.8,28.8,1.0,8,28.8,0.1111111111111111,0
b6302ec7c7b78367c0f804f88b7b8461,dbe6429f609e8f239f6247c48cfc3e8e,19010,presidente prudente,SP,1,2018-04-06 11:36:30,80.5,80.5,1.0,7,80.5,0.125,0
f0dc368b018c4102a459934a02118a1c,b767ddfe8c6a388587c3abb6ec4b464a,35790,curvelo,MG,1,2017-04-26 15:31:06,45.0,45.0,1.0,352,45.0,0.0028328611898017,0
1071adb636fc88d3329940274c15ac17,10913bf4708bbb2f0db21f5ed224c24f,9792,sao bernardo do campo,SP,1,2017-05-14 16:08:22,161.9,161.9,1.0,334,161.9,0.0029850746268656717,0
1966bc82aac018dbe08a465f91380268,d215c289562ee1ad26afeea0b3d93d2b,32044,contagem,MG,1,2018-02-03 09:26:20,95.5,95.5,1.0,69,95.5,0.014285714285714285,0
eb93503140aca4af3794c611805b35f2,1ec6e5f5e1b3db61b2a2cd862d8038d2,4105,sao paulo,SP,1,2017-05-09 15:22:34,16.99,16.99,1.0,339,16.99,0.0029411764705882353,0
5d160587657638c96131718f014d507d,1451eb0264996760c67bbbad5d463fe1,57035,maceio,AL,1,2017-10-08 09:28:06,34.9,34.9,1.0,187,34.9,0.005319148936170213,0
ee52dae7fd06a5d6798b5cdef747edc2,b1e1a9cf00551e30847a2d04f1c1f5cd,4704,sao paulo,SP,1,2018-03-19 14:08:41,58.99,58.99,1.0,25,58.99,0.038461538461538464,0
865293243bd058d40776ed211b54174c,1007347e88fa43986e0f628c48f577e8,7064,guarulhos,SP,1,2017-11-25 00:29:04,79.0,79.0,1.0,139,79.0,0.007142857142857143,0
10991df83f792039271d758081a2aca8,23c1bbf6a1c0866ff3dd6ce40f6785f5,88085,florianopolis,SC,1,2017-11-14 23:59:15,0.0,0.0,0.0,149,0.0,0.006666666666666667,0
2bc76a59a92b61074b9ce50c9b60b96d,81cec23e4fa70dd26ca3a121836a1e76,5004,sao paulo,SP,1,2017-12-18 02:00:11,219.9,219.9,1.0,116,219.9,0.008547008547008548,0
9d763d8a54fb8bb371f06d0ec3d9a7de,083ca1aa470c280236380973a48f77c6,58051,joao pessoa,PB,1,2017-08-05 08:25:09,56.99,56.99,1.0,251,56.99,0.003968253968253968,0
176e4214bb992cb6ecb6d426f39db3b1,6fc0d32375bbbe60599f0817445e4f62,36010,juiz de fora,MG,1,2017-03-13 14:00:28,99.99,99.99,1.0,396,99.99,0.0025188916876574307,0
61609db271bd91cfbd84c080e5d6e889,b0e0c6d79137b2840d5c896244cd2668,25555,sao joao de meriti,RJ,1,2017-12-10 22:51:36,59.9,59.9,1.0,123,59.9,0.008064516129032258,0
127b82d6bde5446b1193941efd6d1200,d52435d25378ad8cda428a37202e7df8,14620,orlandia,SP,1,2017-10-20 06:55:49,69.0,69.0,1.0,175,69.0,0.005681818181818182,0
e3292183ca12fd9ebb10b1599b0f9528,fd450726a0013ed52fe1c127793eaddc,6804,embu das artes,SP,1,2017-08-21 17:46:25,59.9,59.9,1.0,235,59.9,0.00423728813559322,0
5ce194db2a0013852fdb744ac95ef05c,eacbbfa074a7a11963153a45bd66e86b,37704,pocos de caldas,MG,1,2017-02-02 17:00:25,309.9,309.9,1.0,435,309.9,0.0022935779816513763,0
c04e5815b1b55566ca94507f0540bb2b,047349583aacc952cfd041dcd3c1ba1a,6844,embu,SP,1,2017-06-22 14:30:53,89.9,89.9,1.0,295,89.9,0.0033783783783783786,0
861f85fede6656786fc1d793f85db16e,2b80802d3e1ca452e18559c9c999b11e,65400,codo,MA,1,2018-03-20 15:19:46,319.96,79.99,4.0,24,319.96,0.04,0
0d9c27a293b6a432d7a8f6581830b3fa,42a21b1012cca74625ece81f2fbdca19,11015,santos,SP,1,2017-11-24 11:49:51,59.9,59.9,1.0,140,59.9,0.0070921985815602835,0
b9e6292e3e994ab7b830c74bcb35955d,c96007405437e30085baca604fdb4d87,2246,sao paulo,SP,1,2017-11-17 01:04:44,23.99,23.99,1.0,147,23.99,0.006756756756756757,0
b790f6cf634604f558fc6b9bf5f976be,6c70bee45f245a4ebeddb2ece21b567d,22776,rio de janeiro,RJ,1,2017-05-03 21:31:55,271.0,271.0,1.0,345,271.0,0.002890173410404624,0
ed891c42d02a927e5dbca628abcb9ba6,5378b3a8a5384d50358a685d9fffaf68,13460,nova odessa,SP,1,2017-06-28 14:31:13,32.9,32.9,1.0,289,32.9,0.0034482758620689655,0
23e090daa2ea17dcb009709652faeed6,ccc9b20de34d924b23584f1b7fbc70f5,13058,campinas,SP,1,2017-06-05 22:38:53,599.0,599.0,1.0,311,599.0,0.003205128205128205,0
f452a1351e76f144ffc4ca01bef3bc44,d03aed27d8d6972032feba7367fbbe9d,14406,franca,SP,1,2017-09-30 15:56:36,53.99,53.99,1.0,195,53.99,0.00510204081632653,0
ff4e6e0da805f085c05327c77738f7cd,ee85e754a2564a0e5ead5d2e06fb93f6,37640,extrema,MG,1,2018-03-18 13:02:19,55.9,55.9,1.0,26,55.9,0.037037037037037035,0
3118aefef04e5e97d0e339cd75d6d775,7f6fd66526ed914998d483cff9b7bdd7,59094,natal,RN,1,2018-03-26 17:56:18,987.0,987.0,1.0,18,987.0,0.05263157894736842,0
59a214c68e2eed23ea72b5cb766f8abe,ddba3ed2cacf896e5c54dbfb22499e15,86708,arapongas,PR,1,2018-02-09 01:05:22,569.0,569.0,1.0,63,569.0,0.015625,0
822cedac71f599de893ef010bb28d955,ed712a2f1d57fd11fbae7ff1d9b40524,26910,governador portela,RJ,1,2017-11-25 13:29:08,149.9,149.9,1.0,139,149.9,0.007142857142857143,0
4f6d55f91cc55993f83d3f289af748ff,187d82b46dc280f75368cdb8d62a97c1,29160,serra,ES,1,2018-02-09 09:45:41,19.89,19.89,1.0,63,19.89,0.015625,0
921b4d839d9b65c512648e14bd29293d,456a2b794566e6029a193699223e52e0,88309,itajai,SC,1,2018-03-20 21:26:59,169.9,169.9,1.0,24,169.9,0.04,0
8b82938b643c15649685382d619f2db6,3cce9681c3698ccc970bef57aa7b2af4,16201,birigui,SP,1,2017-10-06 16:44:05,32.0,32.0,1.0,189,32.0,0.005263157894736842,0
d58c8453a61c2b4abcf15e051200635e,0a856efc8c669c63477080ab965bdf94,2022,sao paulo,SP,1,2017-07-17 22:46:31,59.98,29.99,2.0,269,59.98,0.003703703703703704,0
688a891aab93b8694da514be412d8195,6147f7d174935da52f68355c645bd9ce,7998,francisco morato,SP,1,2017-03-22 17:10:13,338.0,338.0,1.0,387,338.0,0.002577319587628866,0
28a7aaa9b583fd1ff76b43273f22913f,72859486253cab9dc82376ebc8ee911e,19280,teodoro sampaio,SP,1,2018-03-12 18:17:00,64.9,64.9,1.0,32,64.9,0.030303030303030304,0
161f3380ccb34f88074059e8cc916863,5d227535a37382849a9807bfc7c31fc9,22770,rio de janeiro,RJ,1,2018-03-19 14:33:11,989.0,989.0,1.0,25,989.0,0.038461538461538464,0
36c4ffeeede9b0c538acb8d23fa6988c,17b71c3bd4e63686b742eed880498dd4,36660,alem paraiba,MG,1,2017-12-30 14:42:08,259.9,259.9,1.0,104,259.9,0.009523809523809525,0
df4884b24ec1115c29871b4fd641105c,2a2a35883d0f04349002038689e65cbd,24365,niteroi,RJ,1,2017-04-04 07:07:26,189.0,189.0,1.0,374,189.0,0.0026666666666666666,0
7bff96d37d8c7bf818e55b9d72a1b204,b83b8ef747f88daca292479d4f23235b,29375,venda nova do imigrante,ES,1,2017-12-12 13:26:09,136.68,136.68,1.0,122,136.68,0.008130081300813009,0
8ad2cd280907b0111796b6218d3fe67c,f7b4ed4662743e6d6f05652b7479c8d3,24340,niteroi,RJ,1,2017-03-09 20:16:03,67.91,67.91,1.0,400,67.91,0.0024937655860349127,0
b4ca85bae934dd7e0ae4a60388f35638,f94be6793b2753d7cae83ebcd73efcc8,23090,rio de janeiro,RJ,1,2017-10-22 18:05:08,58.0,29.0,2.0,173,58.0,0.005747126436781609,0
6cba5b40e48cd5ec625b9a419fbde209,85dffc48917995d4f9ba961d5a56530c,14161,sertaozinho,SP,1,2018-01-16 10:00:04,78.0,78.0,1.0,87,78.0,0.011363636363636364,0
6e5a54d1b2948d3ed01374ebd2f018ff,942ce4fa8d57be9e937ff85bf3266467,80330,curitiba,PR,1,2017-10-18 20:58:36,114.94,114.94,1.0,177,114.94,0.0056179775280898875,0
1670832aa0263adfa1337adf89530561,441e8f48725c241d92e07ef7d7cabe68,13106,campinas,SP,1,2017-12-03 20:22:53,39.99,39.99,1.0,131,39.99,0.007575757575757576,0
0ff949bd20e11b2beacce8d14c1339b8,202fcf1da8f89ce2bef103e5fdfc5ab7,23898,seropedica,RJ,1,2017-03-12 17:35:58,430.0,430.0,1.0,397,430.0,0.002512562814070352,0
ca0c06a18dd6faf5e07fbb8da4f32257,9cc5a07f169a1606fd347a56683e6ea6,21931,rio de janeiro,RJ,1,2017-12-13 21:34:30,69.9,69.9,1.0,121,69.9,0.00819672131147541,0
a75112d3f089f28b9266b0fe14b5d518,b98a1895f96ab40955c4a6d9b74dc86f,63260,brejo santo,CE,1,2018-03-17 15:16:22,219.0,219.0,1.0,27,219.0,0.03571428571428571,0
d43036b76d556d450d0ffe9ba9368ee8,fb64c8672219488ed6f07db6740567d9,58706,patos,PB,1,2017-04-29 12:50:26,476.5,476.5,1.0,349,476.5,0.002857142857142857,0
1b5c7a6245081fb431cbc7e64302454f,4e3d77b3291e18789ecc9a4bfbc7569c,20260,rio de janeiro,RJ,1,2017-07-07 14:33:54,99.9,99.9,1.0,280,99.9,0.0035587188612099642,0
11cd32106f57df8da221ecbd88155607,d991d3ae7a0de4096b433ddc61afc932,12850,bananal,SP,1,2017-09-17 17:01:49,129.45,64.725,2.0,208,129.45,0.004784688995215311,0
931ce24e7e52ee657b39788051547166,212ffb41849cc6edb71750751b31e290,85855,foz do iguacu,PR,1,2018-04-06 22:59:05,34.9,34.9,1.0,6,34.9,0.14285714285714285,0
7e2fc634b12c4c3779cdcbe1e8c9bbc4,8194a6cea93c5c653e7956f0b962b5f7,4144,sao paulo,SP,1,2018-02-24 18:22:14,324.5,324.5,1.0,48,324.5,0.02040816326530612,0
acec71328aabad9f4cc3476d052e7e05,2e0d8ffaa08f005392e4ac5699a1d105,8580,itaquaquecetuba,SP,1,2018-02-15 17:04:42,28.7,28.7,1.0,57,28.7,0.017241379310344827,0
27ba2bd6d097151f42bbe07e058a80b6,a7fe416c9168fbfa1d630895633b6b3f,13273,valinhos,SP,1,2018-01-18 13:43:56,58.99,58.99,1.0,85,58.99,0.011627906976744186,0
ba3e8c7215f0c4648bf0811d2cc50472,c6948e4645f3782a254547fbfc8fff90,5366,sao paulo,SP,1,2017-08-19 22:11:32,177.99,177.99,1.0,236,177.99,0.004219409282700422,0
4244638de4f86270a82f7210afd70d0a,9f54b233b9ad5b53537a0eea4b718ed6,14095,ribeirao preto,SP,1,2017-10-22 21:02:25,76.8,38.4,2.0,173,76.8,0.005747126436781609,0
db0142f84b12d3db5605aeb200ead43f,7fc2c4ada93f4c4569f60fcd436a97a9,22021,rio de janeiro,RJ,1,2017-12-10 13:32:17,107.9,107.9,1.0,124,107.9,0.008,0
4366ad2fadfbb1f93c2b10d55d2edf81,0a0a0dfb438e7ba3e91ec9579d9792b0,87525,ivate,PR,1,2017-07-14 18:30:46,34.99,34.99,1.0,273,34.99,0.0036496350364963502,0
7d70fd59b16bee6236b91d30b91459dd,116e59ee72f1f61bed3181b8a68d133a,71920,brasilia,DF,1,2017-09-11 15:34:49,29.9,29.9,1.0,214,29.9,0.004651162790697674,0
eafceab51b7f2121c2ce2f94e0152d3b,5301f2f2142439cb77b84547ffb4b721,64600,picos,PI,1,2018-01-03 16:56:47,250.0,250.0,1.0,100,250.0,0.009900990099009901,0
4293c2b68d5b7247d658d304c8670eaa,58d12a5602286158f8db195f34edb260,1227,sao paulo,SP,1,2018-03-03 00:42:02,30.21,30.21,1.0,41,30.21,0.023809523809523808,0
32ce16dfb58c1b2b80f256415089c5c4,147af11e03e65897da764848c9646c0f,79380,miranda,MS,1,2017-04-21 13:14:58,113.0,113.0,1.0,357,113.0,0.002793296089385475,0
e9c6e44edf5a10160912f631fa4dda9b,2232877b4c63cbedde399dca329bc93b,22261,rio de janeiro,RJ,1,2017-04-05 22:28:14,35.9,35.9,1.0,372,35.9,0.002680965147453083,0
a81d2b8ee773249a32739a766ef9d891,dc083e64cab83312a8ca1ff8c2699463,13561,sao carlos,SP,1,2017-08-04 03:06:27,62.8,62.8,1.0,252,62.8,0.003952569169960474,0
b61b31a4b4b06a01b674b4a23d4d65b1,3c2fb426452fe15304df50e9d4313366,1548,sao paulo,SP,1,2018-01-12 23:07:35,29.5,29.5,1.0,90,29.5,0.01098901098901099,0
9deff18f168c804c9ef00f47ccb2f6c4,a1bb96820529725c3c79a77c69e7e792,2730,sao paulo,SP,1,2017-06-08 23:17:57,39.9,39.9,1.0,308,39.9,0.003236245954692557,0
6abf781c5304890987047e9aa239caa8,a176838867d89ed62981cdf02b7ca3e1,86040,londrina,PR,1,2018-03-04 15:58:09,89.99,89.99,1.0,40,89.99,0.024390243902439025,0
068830daf2867cadbfc655e6a413388e,ca9ff40e3d69e5ffc34a46ed9b91451c,4685,sao paulo,SP,1,2018-03-31 20:23:22,1895.0,379.0,5.0,13,1895.0,0.07142857142857142,0
45e541f36bb1209909900413545c9a82,f2c92c3c24df8774d4db1daa845cd9d7,78280,mirassol d'oeste,MT,1,2018-03-04 13:10:50,69.9,69.9,1.0,40,69.9,0.024390243902439025,0
5d0957541b90307fbd9c8f8216c8cf5e,2204194cbff584f5d24e74c50752028a,77024,palmas,TO,1,2018-01-04 17:09:54,137.8,68.9,2.0,99,137.8,0.01,0
a66532abc4d021fe04fa2a8e8ad63381,4ec1137be53d7dd7d058f771bbb26251,9782,sao bernardo do campo,SP,1,2018-03-01 00:15:48,64.9,64.9,1.0,43,64.9,0.022727272727272728,0
dc0c77cca2f6acb682827975536a6dc7,5286f4342593aeeca93e0543ef0ac5f0,28021,campos dos goytacazes,RJ,1,2017-01-17 12:42:06,44.95,44.95,1.0,451,44.95,0.0022123893805309734,0
1f468c5a64641a32137d557ade625dbf,69d93815c9ea08e83377d78cb088a295,76820,porto velho,RO,1,2017-09-06 09:52:56,1299.9,1299.9,1.0,219,1299.9,0.004545454545454545,0
cca02c25dabdd47a2c93cd1b2391f3c9,af1918d78325998e669e30f3c37809d2,88812,criciuma,SC,1,2017-10-23 22:26:01,29.99,29.99,1.0,171,29.99,0.005813953488372093,0
ec2d96d8dd0823d489423155370a247e,e8663abca66edfe7b18d03a921637578,24020,niteroi,RJ,1,2018-02-27 15:31:49,128.89,128.89,1.0,45,128.89,0.021739130434782608,0
075560cf9df80d1ad1d32ad2e972dc29,ed91e2bcbc71d72c1d7871961a01d3e3,9973,diadema,SP,1,2018-03-09 10:14:36,86.9,86.9,1.0,35,86.9,0.027777777777777776,0
f8b61dc0db201feed59e23ed0b26d2c4,ab67636a93791935284c844dd87669c4,4278,sao paulo,SP,1,2018-03-27 12:06:45,199.9,199.9,1.0,17,199.9,0.05555555555555555,0
7aa9979edeecc4c0748cfb942a7850db,29a3dfd056ce4de7aebfe9f2e78f8268,88805,criciuma,SC,1,2017-07-14 09:18:17,253.0,253.0,1.0,273,253.0,0.0036496350364963502,0
3b46d71235a57822d58ba7a2e38f101e,5841a7f37ee203f44ce70c60046337af,88340,camboriu,SC,1,2017-06-27 11:36:11,59.9,59.9,1.0,290,59.9,0.003436426116838488,0
41339559e17405fd2dd66312dd70e52c,64dab1a72ce0e8ee77887e87f73cf533,9837,sao bernardo do campo,SP,1,2017-06-12 18:39:11,169.0,169.0,1.0,305,169.0,0.0032679738562091504,0
dd23ec2d93f81b2da50b3e885e998982,78739a45a632f086cc56095b52ab4cdf,2127,sao paulo,SP,1,2017-11-23 13:29:30,265.0,265.0,1.0,141,265.0,0.007042253521126761,0
7f9e38df3bdcc0a32b5b330288cf7b6d,672f3b5b341682ebfd96a23f53f4d771,35490,entre rios de minas,MG,1,2017-03-28 17:03:51,149.0,149.0,1.0,381,149.0,0.002617801047120419,0
f8fbe0a7a0f7709be3c1c8f269ab68d3,19346aeede13f9d82b45ec7479557252,8255,sao paulo,SP,1,2018-02-21 13:28:28,38.9,38.9,1.0,51,38.9,0.019230769230769232,0
3a9cbb50b82a65d3a91d9f0f96986405,9a02da7221f7d02f95f115b9f901e246,7196,guarulhos,SP,1,2017-10-18 19:07:46,209.9,209.9,1.0,177,209.9,0.0056179775280898875,0
aef01900b9de8f7091e94cf4c8a15f99,f23d4c0cddca2218c6223ce8bc4cf098,72860,novo gama,GO,1,2017-11-15 19:03:17,19.99,19.99,1.0,149,19.99,0.006666666666666667,0
08275aa40053e112fa7e680aa99534c6,747743aa5477ea1a11180b5da2e36ce7,20030,rio de janeiro,RJ,1,2017-08-06 14:12:45,223.9,223.9,1.0,250,223.9,0.00398406374501992,0
34b00598403adaca9fad22b7d6ceb960,ebc871d2faef37e62e2ca7b829cd4ef5,13467,americana,SP,1,2018-01-06 11:05:53,45.0,45.0,1.0,97,45.0,0.01020408163265306,0
8ca7c9ebd7fe862bbe3af6866f1b2d20,129fa4e40e804351b0739ec68ffebf46,5406,sao paulo,SP,1,2018-03-14 09:52:07,64.99,64.99,1.0,30,64.99,0.03225806451612903,0
8cf5e488e3ca60e1a6637dc74a2e772f,9c8f2c5b42044913c464985d4848874d,79700,fatima do sul,MS,1,2018-01-22 15:44:56,105.99,105.99,1.0,81,105.99,0.012195121951219513,0
5ea703be990cea78e9615d9a636ba28e,9197e6b3e505cbb066f5bf87ee49df7d,75070,anapolis,GO,1,2018-01-17 19:40:55,175.0,175.0,1.0,86,175.0,0.011494252873563218,0
e6ffef20b193cbdbbf025b02799e075f,cd5d6c1eb693bfbe3814dc71543719bf,11740,itanhaem,SP,1,2017-10-03 21:23:41,155.98,77.99,2.0,192,155.98,0.0051813471502590676,0
6bebac2b80effd654b22673ae0b91570,b6a7c665df1cc2a41a26003225ff8d23,29024,vitoria,ES,1,2018-03-01 15:24:52,82.0,82.0,1.0,43,82.0,0.022727272727272728,0
15b99f656b8a2b6a316dbe3b45c671ea,d2d0b7c95a16879cf606e1073fa79e94,39318,icarai de minas,MG,1,2018-03-17 15:41:13,199.9,199.9,1.0,27,199.9,0.03571428571428571,0
edba4f48ae2f681997110ce88ede849e,8981d0559afa39f4aa74465411b8e369,18031,sorocaba,SP,1,2017-05-07 11:40:48,29.99,29.99,1.0,341,29.99,0.0029239766081871343,0
b8758ed99c2b800a287f19fb1a3ea52c,7459c5e40af6c3ba3c1cf02eb107a2e7,65370,pindare mirim,MA,1,2017-01-27 21:27:17,18.0,18.0,1.0,441,18.0,0.0022624434389140274,0
94c83c89df9c4e9fd402f2b6a4316391,e43ef1f367067fb817d8b34f618f44b0,78290,figueiropolis d'oeste,MT,1,2017-05-08 15:58:21,18.99,18.99,1.0,340,18.99,0.002932551319648094,0
e878acf1e2ac4373cca11582ccb97184,2c1a6c1186bc841ec6cee5f9c6bdd7a9,12460,campos do jordao,SP,1,2017-09-02 22:27:32,149.8,74.9,2.0,222,149.8,0.004484304932735426,0
62ec2ffac596b132bb32e5c1b97c604d,436afbdf1b6fdacafdf362a839fa17a5,24210,niteroi,RJ,1,2017-12-04 13:31:13,39.99,39.99,1.0,130,39.99,0.007633587786259542,0
094c6b161507d7a620db1174dd826493,4c3ba6b513e65e73c9186aca5e29fefe,18111,votorantim,SP,1,2017-07-27 13:53:53,79.9,79.9,1.0,260,79.9,0.0038314176245210726,0
b6b658d58a60c4bedf0c112f80e7bcb6,bc54474f8433c845bc7146b9b14e584e,76105,firminopolis,GO,1,2018-01-24 11:34:34,37.9,37.9,1.0,79,37.9,0.0125,0
a2623335c77869716765cebebe4deb18,31f99fd95fe035ef10a0a87d6c51a8a1,9080,santo andre,SP,1,2017-02-10 20:48:26,69.69999999999999,23.23333333333333,3.0,427,69.69999999999999,0.002336448598130841,0
f0c86121ca6c4e73fcb22877d2a0d35a,b1776f1b03eb30a2cb8cc1f7c770eb19,5832,sao paulo,SP,1,2017-10-22 11:20:45,220.33,220.33,1.0,173,220.33,0.005747126436781609,0
94a11bc09eae9dd2cb87ae221efcc0a3,cae2ada40cc6955ec8969f7ed8550c02,18136,sao roque,SP,1,2018-04-09 15:50:11,52.9,52.9,1.0,4,52.9,0.2,0
d9d4ab9f19fddeb11b274cac8154f450,1be58526b903eb397ce5609d27155112,88103,sao jose,SC,1,2017-04-12 08:32:44,215.9,215.9,1.0,366,215.9,0.0027247956403269754,0
5fb239cb8ef28ff4b56d2e34da747f99,c64f202aceac77b89ad6caad47b0ad86,87005,maringa,PR,1,2017-12-04 11:46:39,50.0,50.0,1.0,130,50.0,0.007633587786259542,0
9593e7814a65148fa6169732b9a9c469,e9b82fe0de63859e8606d95a923f0263,18440,itabera,SP,1,2018-01-11 21:47:10,69.9,69.9,1.0,91,69.9,0.010869565217391304,0
ca78e91b282bb706105233eb5762441d,e65862da4f9f183565831cf7e1cbb7a5,6150,osasco,SP,1,2017-04-11 14:27:51,69.9,69.9,1.0,367,69.9,0.002717391304347826,0
2b25f2ba843e1bae62f28c7f43211a06,d8f979fcfc0ce686f6abf5af5f5217d4,59631,mossoro,RN,1,2017-05-12 07:59:02,136.9,136.9,1.0,336,136.9,0.002967359050445104,0
8bbd3bb0796450a7bea0922e51e3aa6c,f110c06816a99f833736994f6c7797c3,71680,brasilia,DF,1,2017-09-18 13:24:40,56.99,56.99,1.0,207,56.99,0.004807692307692308,0
2ec7666d1077597d4e4ff2116a319530,f171039a67a78b3d57475168802da70a,72720,brasilia,DF,1,2017-01-19 21:24:05,6.9,6.9,1.0,449,6.9,0.0022222222222222222,0
6d22de51ac143b9d3c0f64d53788ea12,13d04f61bea0332b8d69918a99e7fb22,96211,rio grande,RS,1,2018-02-05 20:43:03,1561.0,1561.0,1.0,67,1561.0,0.014705882352941176,0
e593c28fd3bd8594f6b393bc9cda68ea,64e787822e7929bd4c4ac6ecb2fcac40,13732,mococa,SP,1,2017-10-09 07:59:22,99.0,99.0,1.0,186,99.0,0.0053475935828877,0
641e9c515a78e13fbe53f7470e52a663,34f4f63a32554cf9e0383203279eea50,95050,caxias do sul,RS,1,2018-04-09 14:48:04,57.9,57.9,1.0,4,57.9,0.2,0
7dc7958c5f69aae36e4aefe773a5d46f,016547a638c42ea1061a1400eab339d2,22730,rio de janeiro,RJ,1,2018-01-29 14:42:57,49.9,49.9,1.0,74,49.9,0.013333333333333334,0
d629cbd97a483b5a37661e0a9b9db9e2,7ec33604edc10560ca1be8e5d0b3c19f,11310,sao vicente,SP,1,2017-04-24 18:48:00,89.0,89.0,1.0,354,89.0,0.0028169014084507044,0
225c6e6a5627029ce77a11c6d501eb6a,ff7bd992a7aac2c563a3e3773a8c63aa,13190,monte mor,SP,1,2018-02-26 14:12:39,14.9,14.9,1.0,46,14.9,0.02127659574468085,0
1c407e8ac340a7e03e373f42afd8586f,ee570fc2e7824a9feb0cea7bcc8e2e9b,14060,ribeirao preto,SP,1,2018-04-04 13:14:40,49.3,49.3,1.0,9,49.3,0.1,0
3bb0f1d5881cfaf2de8eacdbe88b2d58,4079d39cb3fdea47201540107c1673dc,7804,franco da rocha,SP,1,2017-01-26 16:44:35,3.9,3.9,1.0,442,3.9,0.002257336343115124,0
ebee8a6050baa684aa8ed76b90c0cecf,07f4d82acd0d57d83ddeabecb75a7358,94965,cachoeirinha,RS,1,2017-10-06 23:13:21,119.8,59.9,2.0,188,119.8,0.005291005291005291,0
1a2fc84ac9642ad8a3cd748716e498f0,4fd70d556edf5eee86f91e1cfca6c02e,26167,belford roxo,RJ,1,2018-01-29 22:03:02,127.0,127.0,1.0,73,127.0,0.013513513513513514,0
bf609b5741f71697f65ce3852c5d2623,f9af3bfab584769f34c314b222d34263,20091,rio de janeiro,RJ,1,2016-10-08 20:17:50,99.99,99.99,1.0,552,99.99,0.0018083182640144665,0
fd6d24826df20a47edc27155e5c613ae,4077a40612134036793b718373ff7700,38738,brejo bonito,MG,1,2017-11-09 19:16:07,139.9,139.9,1.0,155,139.9,0.00641025641025641,0
c065a8aa5e74348afd40ba9c3bbcb663,0bf11fa04dec52b6081f5c47dc14399c,4079,sao paulo,SP,1,2017-12-16 23:12:12,79.9,79.9,1.0,117,79.9,0.00847457627118644,0
573eb2d54aa19396d7e2ebd1ec460726,f4aedee3d8eb400162acc5b1dae159c3,5716,sao paulo,SP,1,2017-02-22 12:31:15,0.0,0.0,0.0,415,0.0,0.002403846153846154,0
6a66c358fee2cf939437c490b2f408ef,4826ee6e1e5a8779b343bd3f9ad078a5,13382,nova odessa,SP,1,2018-02-18 13:54:27,120.0,120.0,1.0,54,120.0,0.01818181818181818,0
2497f94fd70c1ceb3b57e5c194efc4d2,9d9ce1302141df34cd7b6b7b9978b364,22725,rio de janeiro,RJ,1,2017-10-31 13:30:47,115.0,115.0,1.0,164,115.0,0.006060606060606061,0
5ac248f34549732cdb204497ba80a838,61b1e7f9316e833654768a4c8cba3625,2883,sao paulo,SP,1,2018-03-23 20:59:25,45.0,45.0,1.0,21,45.0,0.045454545454545456,0
db5374a5a0de70b9b226cc07f00c7de3,a8fe0c0e9818794f48fb0379ee3ff206,7051,guarulhos,SP,1,2017-09-12 17:49:55,149.9,149.9,1.0,213,149.9,0.004672897196261682,0
a37df39416b121779940a16d0b43178b,6f66c072ff5a7307dfce47b246844ff7,63380,barro,CE,1,2017-11-24 16:12:54,49.0,49.0,1.0,140,49.0,0.0070921985815602835,0
434aff98d2a7b723a8275a47925d775b,586fea56b00548491e318f65d6d17588,72304,brasilia,DF,1,2017-09-29 16:30:11,99.7,99.7,1.0,196,99.7,0.005076142131979695,0
e6ac83a21d39a2e035df2c63aec86318,78f2c2a751746806a0bd27afe7cb069c,11025,santos,SP,1,2018-03-28 12:09:58,39.99,39.99,1.0,16,39.99,0.058823529411764705,0
422d5038574e8ef4a62100750a7bd05e,c2ddb0f0c790b59fa4ac265a5fbb75cd,70648,brasilia,DF,1,2018-01-27 21:43:20,199.9,199.9,1.0,75,199.9,0.013157894736842105,0
bb04c497a373589c1c05fc047c8f8388,79bd9677032573536d192c252f9c0df9,64019,teresina,PI,1,2017-06-17 23:19:18,241.1,241.1,1.0,299,241.1,0.0033333333333333335,0
85051f9b3e9909676bf77f69a2c05b20,dd17d7c53c87783e0f71685dec93b9f3,4011,sao paulo,SP,1,2017-09-20 11:49:49,24.99,24.99,1.0,205,24.99,0.0048543689320388345,0
b299a44de561de2dbfc8fa91dd704af8,67b657ec047f29a2f42ec7e7be4d03e6,98807,santo angelo,RS,1,2017-08-02 09:07:50,15.99,15.99,1.0,254,15.99,0.00392156862745098,0
9b3cb84abc5c1cec3d856dd6c807b13c,4a090bb276370f269f53253c10aeab1a,18260,porangaba,SP,1,2018-01-06 21:31:55,89.9,89.9,1.0,97,89.9,0.01020408163265306,0
2a851126045f8187455b0184079abcc8,682f17fcf65cc5adf9c00267434a0f2a,35519,nova serrana,MG,1,2017-08-11 07:54:06,199.0,199.0,1.0,245,199.0,0.0040650406504065045,0
e13c22b9d062cfe08945c4f1de743846,942be6ac618de41b4c66082edc32781a,3068,sao paulo,SP,1,2017-11-21 15:19:25,57.39,57.39,1.0,143,57.39,0.006944444444444444,0
d89233bb26267fbe7854eb9fde2ceb84,8e52214c5903765e10f948b1c062ed46,78340,juruena,MT,1,2017-11-17 19:53:41,178.0,178.0,1.0,147,178.0,0.006756756756756757,0
86e0f1f27a4905bbb04e1567c40af946,4a2ef9877f9d8b95109d5026c48efaa8,11030,santos,SP,1,2017-11-24 19:39:43,19.99,19.99,1.0,140,19.99,0.0070921985815602835,0
32280a7cfdc367286166cb31eb81b8b6,ef910b013d196e74f53e4d93f328ace8,12630,cachoeira paulista,SP,1,2018-02-05 00:46:08,56.97,56.97,1.0,67,56.97,0.014705882352941176,0
8e8d4784516e71494188748e6f45f260,92e4314ce2a6a0c352d9aa65ebc4928a,3470,sao paulo,SP,1,2018-02-16 16:35:17,149.99,149.99,1.0,56,149.99,0.017543859649122806,0
1820fb81da1c085080a3620fc0383f72,af75831d1982e9fd6d6820b4ad41d523,95760,sao sebastiao do cai,RS,1,2018-02-23 09:16:00,219.99,219.99,1.0,49,219.99,0.02,0
9fcfab0ef8326a8e5d435076772086c4,e10142a5628ef46a46277528061e78a6,77665,barrolandia,TO,1,2017-02-13 15:55:09,10.99,10.99,1.0,424,10.99,0.002352941176470588,0
f7d31256e469e23436ff58bd91018dc5,be31e36b5ea4c13c355fea4fb10c2d3b,88780,imbituba,SC,1,2017-08-15 22:56:06,23.99,23.99,1.0,240,23.99,0.004149377593360996,0
1067b68fcbcce6d777e098d24117941e,c2f6235aa74caf5b3b21c12a429a0dcf,6340,carapicuiba,SP,1,2018-02-18 18:06:55,29.99,29.99,1.0,54,29.99,0.01818181818181818,0
35c922a335b8a914109d58b13b9b36cb,ac79ed6f0092c719697e171acbff98f9,32676,betim,MG,1,2017-07-06 13:55:45,39.0,39.0,1.0,281,39.0,0.0035460992907801418,0
19fd0868f95ae82311ca792f5f62a0cc,d071ef1aceca1fe91c1ee01b064c37d8,29046,vitoria,ES,1,2017-05-19 17:07:52,550.0,550.0,1.0,329,550.0,0.0030303030303030303,0
52dd02a7f957b228e887536623fc94b6,c2ec1e578c66e8b62b5b898829a42b5b,12608,lorena,SP,1,2018-03-13 08:51:11,19.99,19.99,1.0,31,19.99,0.03125,0
0a791f1725cf14521669d11593be474a,965f06741901098ff2f2b542a257f308,78200,caceres,MT,1,2017-10-18 20:28:58,169.99,169.99,1.0,177,169.99,0.0056179775280898875,0
051eca5824715d378df187a46e1005e5,7e7f74ebcb61f6fba286b37002d3f93c,60530,fortaleza,CE,1,2017-08-21 22:49:20,29.99,29.99,1.0,234,29.99,0.00425531914893617,0
fae5d5fa492706b4c5c236fa57642e6b,ecf9d859507d68b1a2c7464fb76bcc01,3734,sao paulo,SP,1,2018-04-06 10:02:17,78.9,78.9,1.0,7,78.9,0.125,0
197479c6a58d8701279290ce3906b5bd,ed96321aa0f309cb3ffd866cfed00252,81560,curitiba,PR,1,2017-07-18 13:50:29,229.8,114.9,2.0,269,229.8,0.003703703703703704,0
9e10bfe5eb4c55263654f22bfb0af9b7,874314e1119e9b6ff5ca4d852c62e935,21235,rio de janeiro,RJ,1,2017-08-07 09:56:09,75.78,75.78,1.0,249,75.78,0.004,0
810d6e6ff6e67c94075b39488b77632c,384d6654ad80e9f1426b7a4ef9e40997,13145,paulinia,SP,1,2018-03-20 17:23:39,258.68,129.34,2.0,24,258.68,0.04,0
1842c33f1a49f4a3f653e28a75254e38,e241a12e3ca17c9e19fbf98c33c820c5,9121,santo andre,SP,1,2017-12-11 13:03:12,39.9,39.9,1.0,123,39.9,0.008064516129032258,0
3ce94b5a344798830d5641dda2b05195,9c5dbda7943788b2ccc4b0a422e4c9f8,73005,brasilia,DF,1,2018-03-05 12:51:15,199.9,199.9,1.0,39,199.9,0.025,0
9e925aa5944b07603d9db492ec1455ee,262ab6343507e1bae6a81a9d8156e308,2357,sao paulo,SP,1,2017-12-11 09:15:28,16.9,16.9,1.0,123,16.9,0.008064516129032258,0
520e97ba4dce3dfef4304e6c5afecff9,39d47bb70f9d711b9a1d98c185a188d1,14405,franca,SP,1,2017-10-27 17:21:53,99.7,99.7,1.0,168,99.7,0.005917159763313609,0
67f09d85ed01fef44ba9733eb5d9df59,41f926f39c9764a0c0683c30d48f84e5,72305,brasilia,DF,1,2017-10-16 19:11:16,399.99,399.99,1.0,179,399.99,0.005555555555555556,0
7fe584f189706f82214db7f22d01ea31,2d4bfb886158eba380575a4c92a7a01d,13905,amparo,SP,1,2017-02-25 18:56:50,64.99,64.99,1.0,412,64.99,0.002421307506053269,0
ae71b6eabceb10fc65bd4c7edb0b24a1,95c0f97a99204a7dd5a98d27e3c53933,13301,itu,SP,1,2018-01-03 11:17:39,79.0,79.0,1.0,100,79.0,0.009900990099009901,0
f33b3d6c9af33c35f9a32f66285a6b7a,a826e92cf1530ad8a2e0e2f1350ac1be,39400,montes claros,MG,1,2017-11-20 11:44:11,419.0,419.0,1.0,144,419.0,0.006896551724137931,0
a9e3f0df0bc6bc24bb620ceea2fb6b7d,07fe7d570e317a7f4b257a9b2ceecc45,39520,porteirinha,MG,1,2018-02-22 21:18:39,29.9,29.9,1.0,50,29.9,0.0196078431372549,0
8e017b4671087e525f876be6b8a73938,4572e4b70e1c7573250c2c47aaa30210,5886,sao paulo,SP,1,2018-02-09 19:30:28,79.0,79.0,1.0,63,79.0,0.015625,0
7224fe0e862b9561bca105d385baccca,bb8e665087c1288be40fc50737601ee1,11454,guaruja,SP,1,2018-03-12 11:37:48,280.0,280.0,1.0,32,280.0,0.030303030303030304,0
3453cda7c1f2565886229607f31e7ce1,b137ef0c791fd6fce92ddee2b926c875,40140,salvador,BA,1,2017-12-28 16:34:07,599.0,599.0,1.0,106,599.0,0.009345794392523364,0
e6403361fe0deb95faaf78dbe2b37d09,febb0dae8c171fb93548859b9ecae68f,92035,canoas,RS,1,2018-02-25 13:32:19,59.9,59.9,1.0,47,59.9,0.020833333333333332,0
9724f043fd2a731796ad831fdc95471c,8021302579cee7312c300290e35d490e,14020,ribeirao preto,SP,1,2018-03-21 12:59:12,34.9,34.9,1.0,23,34.9,0.041666666666666664,0
e0df7f269b8ed0e7400dfa99dae746ac,5f07e0da966350d45685dfbbcfe7e8a0,3735,sao paulo,SP,1,2018-01-15 01:47:25,22.9,22.9,1.0,88,22.9,0.011235955056179775,0
9d109a169b7b88405b214e976c6039e7,a7c8a84341382b33914490420a0394df,87704,paranavai,PR,1,2018-02-01 19:08:48,108.0,108.0,1.0,71,108.0,0.013888888888888888,0
1571123ba3a4790706ced4a3addabac3,73b5f947969081c175393cc0779f04af,38411,uberlandia,MG,1,2017-12-11 11:27:12,49.0,49.0,1.0,123,49.0,0.008064516129032258,0
473c6aed6147fc43db1b31710ba3431d,01762637819e8e1cb4093ff1589b0f00,29295,vargem alta,ES,1,2018-01-04 15:39:07,129.0,129.0,1.0,99,129.0,0.01,0
21158ecbcab099b4dfa5f3d5a1940e37,2493e9c5704488199ece804dc7773312,13146,paulinia,SP,1,2018-01-16 13:35:26,252.0,252.0,1.0,87,252.0,0.011363636363636364,0
324a03d3463a4457378b8811ff8077b4,dd451c6ba720f8e9ff4600f28be8e56a,12946,atibaia,SP,1,2018-02-15 11:23:40,89.18,89.18,1.0,57,89.18,0.017241379310344827,0
4a1d04ab251480dcdcb41df0c5e41e92,1413ac28a13bd2fcad444a54af3886d5,8552,poa,SP,1,2018-03-27 16:47:09,169.98,84.99,2.0,17,169.98,0.05555555555555555,0
3576d9f3793f6dbfd0d915eb446d31c5,9b0e2c4e40a458cf215f8f652f64a5ba,38408,uberlandia,MG,1,2017-01-26 16:20:32,239.9,239.9,1.0,442,239.9,0.002257336343115124,0
32a2e01de91e849b9869ea5f59fdbd29,a826b332df2ab3572ca80fece0672ca4,18570,conchas,SP,1,2017-10-02 21:54:34,58.99,58.99,1.0,192,58.99,0.0051813471502590676,0
0975cbdd343ee157b43e6104eb9fdadc,8418894735b3f7de55e38d1fff69b7d6,64224,ilha grande,PI,1,2017-06-30 14:34:45,139.9,139.9,1.0,287,139.9,0.003472222222222222,0
ad4a181dcbfd84ad41fbba776d1ea5f1,4e42ee43113fafb0b82dc5d930cf7433,9112,santo andre,SP,1,2017-11-20 15:45:23,179.0,179.0,1.0,144,179.0,0.006896551724137931,0
e5b4d61850970b92a6f569e238861e53,3d1a4de14cf22cdd33d99140e82f1587,86086,londrina,PR,1,2018-03-01 13:52:51,104.0,52.0,2.0,43,104.0,0.022727272727272728,0
393df32d466d4952412196461ac05d52,f444ba0d223518973d2ab5ee663bfd9a,12910,braganca paulista,SP,1,2018-04-10 19:02:15,1890.0,1890.0,1.0,3,1890.0,0.25,0
53e7e398583fd2dfe791d236920eba9c,01977d0ffb59b3b64796aeec649edec8,7752,cajamar,SP,1,2017-10-13 12:28:50,147.9,147.9,1.0,182,147.9,0.00546448087431694,0
8210d932dc0ae881df69bc694b290b7c,1871aa277cbcefacecbf979fb6888b7f,13059,campinas,SP,1,2017-08-10 09:31:59,96.0,24.0,4.0,246,96.0,0.004048582995951417,0
e814ceee6c93933d5faab1e4beed3834,4fd3a2b66fae1c2e6ef8b82bb7de0f8b,13185,hortolandia,SP,1,2017-11-24 11:20:08,250.0,250.0,1.0,140,250.0,0.0070921985815602835,0
32224721a96f2124f81c29c03cb00f9f,e627a946f4e539a31e1743a053c865d2,24723,sao goncalo,RJ,1,2018-03-29 18:23:25,13.65,13.65,1.0,15,13.65,0.0625,0
33f34d9499aec9678333ba5f203a4d8d,d567f29ec5fa447c99e949f337f3a35c,35661,para de minas,MG,1,2017-08-23 13:10:47,47.9,47.9,1.0,233,47.9,0.004273504273504274,0
34e9ab7101f384c10e91e5af8111bb3d,7f180c4479908f77bfe1d331e065be8f,7152,guarulhos,SP,1,2017-08-17 16:09:34,119.9,119.9,1.0,239,119.9,0.004166666666666667,0
c0c8b8bb055100a0cc08dcc04d847ac9,82ec5f749b66f1857e868b6414a67ab3,6765,taboao da serra,SP,1,2018-03-13 10:58:09,298.0,149.0,2.0,31,298.0,0.03125,0
f2b16ed068625074fc2afe402df81384,4acbe3511cbf22b05c7b79b3458d00fd,4011,sao paulo,SP,1,2017-05-17 09:27:03,89.9,89.9,1.0,331,89.9,0.0030120481927710845,0
f89539977cb5c6e5d6ba2e662ed6496e,26824b7428732490621d0a8e92d6a95c,78280,mirassol d'oeste,MT,1,2018-01-14 17:46:11,69.9,69.9,1.0,89,69.9,0.011111111111111112,0
9b827375ba57d2e979329d7a5c92685d,dd7b0e9b51e5377bd9c1fd3e286c7b9d,21020,rio de janeiro,RJ,1,2018-01-16 11:51:45,5.99,5.99,1.0,87,5.99,0.011363636363636364,0
daa1cd9ce91af39a90ddd87d37f99f7a,82a154038ccb893b4e3b795495e93dc7,72225,brasilia,DF,1,2017-04-01 10:43:50,34.99,34.99,1.0,377,34.99,0.0026455026455026454,0
833cf609a6aec4b27901837d32aa7117,85163ba34c90e2bd6a3ddbe2995955ee,85867,foz do iguacu,PR,1,2017-12-15 11:38:53,170.0,170.0,1.0,119,170.0,0.008333333333333333,0
3619df7a89a873ba249bf47e9fc6ed2c,1ce1097b476f97ea37d805251c5c74ba,8543,ferraz de vasconcelos,SP,1,2017-09-04 05:00:16,84.0,42.0,2.0,221,84.0,0.0045045045045045045,0
8ed895f86b74bac6049066ea7a44c7c2,3f3c699eb87dbb188a13d3c60c29f4ec,88060,florianopolis,SC,1,2017-03-30 16:07:31,24.9,24.9,1.0,379,24.9,0.002631578947368421,0
e42c9ae9146df4772428a04c0a3f5068,056cffe73833ae2aa1fe2e9a6c21dc62,22240,rio de janeiro,RJ,1,2017-02-07 14:17:43,149.9,149.9,1.0,430,149.9,0.002320185614849188,0
9d8a8652100cbf0cdcfbb06ce031c9ac,3d4f12dece1264e5d6321f1b7f003336,5537,sao paulo,SP,1,2018-01-30 10:37:04,12.9,12.9,1.0,73,12.9,0.013513513513513514,0
f8e9242670e2a006945583dd4d13ae43,de59b010cf39acdf49fc201bc216c784,6606,jandira,SP,1,2017-12-13 13:24:24,24.9,24.9,1.0,121,24.9,0.00819672131147541,0
64567be7188b03c43b27b97a4d0596fb,23040ee89b8e44fbb6241f46daafbe11,36230,bias fortes,MG,1,2017-11-02 15:46:42,49.0,49.0,1.0,162,49.0,0.006134969325153374,0
b15ffe105402d713c35c8fc6207f9a88,2ea580001513f63ae4c3f11bf40f73d0,23085,rio de janeiro,RJ,1,2018-04-06 11:34:08,64.9,64.9,1.0,7,64.9,0.125,0
8b36301602029ac8f28e6f14a682c089,f2cf229fbdc07907907d96274ec7aed9,78110,varzea grande,MT,1,2018-02-03 19:49:00,89.9,89.9,1.0,69,89.9,0.014285714285714285,0
4d82e79f5404e8c3f059ab099fbe5dda,dd8c09f1b309c9ffc302c745550a9ff3,21321,rio de janeiro,RJ,1,2017-10-05 18:26:36,849.5999999999999,212.39999999999998,4.0,190,849.5999999999999,0.005235602094240838,0
8f921c03841a893f7102c58d54d431a9,4f7ded99cebf4c1ec505f71ef6580bba,44700,jacobina,BA,1,2017-04-28 18:25:16,399.9,399.9,1.0,350,399.9,0.002849002849002849,0
ad41e67f80ad7ac61ec5b605751c56d0,444e3c9eb1699da5f78e83a464a3cbae,2409,sao paulo,SP,1,2017-12-03 13:19:25,87.0,43.5,2.0,131,87.0,0.007575757575757576,0
23da49f483f692acf881d30a6f729736,820e6e5444b863525398b0a5738cac74,16204,birigui,SP,1,2018-03-01 21:51:32,19.9,19.9,1.0,42,19.9,0.023255813953488372,0
250f08b15a366c0a8cb7f4e6ba953167,85f8037147329505d4e90c200a07b5a8,90880,porto alegre,RS,1,2017-06-16 22:16:33,299.99,299.99,1.0,300,299.99,0.0033222591362126247,0
fcdd6eb28f7ee1db301d1175f0a7b392,049ac10f22b18d0a463429e2dfbbb353,5844,sao paulo,SP,1,2017-10-31 11:15:17,19.9,19.9,1.0,164,19.9,0.006060606060606061,0
191057ac1a2c11230cd526aedff60212,be1688ba9cd8362384fc8cd6615118c2,3557,sao paulo,SP,1,2017-11-24 13:04:08,69.99,69.99,1.0,140,69.99,0.0070921985815602835,0
52099923ca2008fe5dec60b1f9686326,5ab80b3d1b8c3a90d340ea343f0a04ec,27910,macae,RJ,1,2018-04-04 08:15:39,59.99,59.99,1.0,9,59.99,0.1,0
4e2bbc22dba0f9166f5877a39d2265c4,ac18d7af49d92b9420f967a2d939b1f0,2017,sao paulo,SP,1,2018-01-05 12:56:03,69.9,69.9,1.0,98,69.9,0.010101010101010102,0
5bc21bc57bdda0f158cf209e4a595ae4,d082759e461daff44700b6cecbe67860,9430,ribeirao pires,SP,1,2017-08-04 12:50:57,48.9,48.9,1.0,252,48.9,0.003952569169960474,0
7d5b9f4eb02f2bd41768398e711f9393,16e05172f53f41a0608dd9032b8340ec,17023,bauru,SP,1,2018-03-04 18:04:23,63.72,63.72,1.0,40,63.72,0.024390243902439025,0
874b203d77d5ee9f12214a37a6584237,a903988c1a02fce468baedda8f78aa0f,1307,sao paulo,SP,1,2017-11-28 00:48:33,69.5,69.5,1.0,136,69.5,0.0072992700729927005,0
a8f264ba33c417425b9f36b3087fbb6d,a675d4e66a486b86d81b4e69e4cbe33d,27525,resende,RJ,1,2018-02-28 09:08:07,25.9,12.95,2.0,44,25.9,0.022222222222222223,0
60acefff7e20a4ee4981616d545ed441,baea426ea52fd16f0be0b7a714025811,49090,aracaju,SE,1,2017-06-30 22:53:04,104.0,104.0,1.0,286,104.0,0.003484320557491289,0
69669ffeb8cceacaeba748ae8e50af0b,84361b81a9f8f82a4fca001001442302,13400,piracicaba,SP,1,2017-11-24 19:30:37,75.8,37.9,2.0,140,75.8,0.0070921985815602835,0
f7fb63d6601b56b83781981988450f66,5ed4db82a99daa916b5a11e6c48df670,71060,brasilia,DF,1,2017-03-15 16:38:57,127.99,127.99,1.0,394,127.99,0.002531645569620253,0
c600223b2102c093e499cb6c4f6d8eac,c184eff2d1eb72815575d2f819db885b,48909,juazeiro,BA,1,2018-01-10 20:58:38,129.0,129.0,1.0,93,129.0,0.010638297872340425,0
6c8d6291cd0519f7a3a302c10ab9a8c4,3768be8e72cefde3af276467e7fcfee1,14955,borborema,SP,1,2018-01-12 14:56:47,99.99,99.99,1.0,91,99.99,0.010869565217391304,0
2237144a10689251d71b7a4d2784cf81,6a7e7be8e652da4e4777866459f9b007,72445,brasilia,DF,1,2018-02-11 00:58:52,69.9,69.9,1.0,61,69.9,0.016129032258064516,0
67ff305632dc87a289e2622e79b8e314,5ff44baa610a4b9c52d442bcfb6d8863,13473,americana,SP,1,2017-10-23 15:16:58,109.9,109.9,1.0,172,109.9,0.005780346820809248,0
f26ab0f57449753ea2109ca8b35d1034,5277f4f4f336c75c826ec3958286dd13,22451,rio de janeiro,RJ,1,2017-04-27 14:00:44,95.0,95.0,1.0,351,95.0,0.002840909090909091,0
0ce488af82f1ec50f3bcd08795f65a0c,9d5962629a89cdaa663b1fb7de1810a6,12233,sao jose dos campos,SP,1,2018-03-08 22:47:28,45.99,45.99,1.0,35,45.99,0.027777777777777776,0
a42c2f542fb5838777737cc684c5b4d4,7e7ef2098031a8f5a9b364db74672aa1,3314,sao paulo,SP,1,2017-12-04 01:17:51,77.0,77.0,1.0,130,77.0,0.007633587786259542,0
3339e961a42d66ab7c01613b22d6e943,d1cd85b1f829aff3f1b0376222b014a6,71680,brasilia,DF,1,2018-03-29 17:50:53,149.9,149.9,1.0,15,149.9,0.0625,0
e19fb725a29dccd777bda66e5d680bc2,6b476da3c3b7ebe9ea675b2822539739,91220,porto alegre,RS,1,2018-01-12 22:34:44,339.98,169.99,2.0,90,339.98,0.01098901098901099,0
09fe2879d6e51ec7b16ec794dce544fb,e182591d966613d6985100ca20898a38,38705,patos de minas,MG,1,2017-10-17 17:49:33,119.9,119.9,1.0,178,119.9,0.00558659217877095,0
32f4a031804a44cfe08b7a12db24df34,7f6359e68770a0ffdfdf48ec7a3cf3de,15823,elisiario,SP,1,2017-10-22 19:28:07,49.0,49.0,1.0,173,49.0,0.005747126436781609,0
525125633cfc0f64d4a991240953f2b5,04e1ad29192c7d23646272968393bf36,95181,farroupilha,RS,1,2018-02-28 21:27:43,39.99,39.99,1.0,44,39.99,0.022222222222222223,0
650ce1306fd481b41aa8860f021050a0,ac229c12dbb2086d76e9365e2fb9d6ee,13232,campo limpo paulista,SP,1,2017-07-14 23:01:23,184.9,184.9,1.0,272,184.9,0.003663003663003663,0
9fa6f373ffbaf4c8dacd572551406374,a009a4009fdb7456af9e59dbccfdc3b1,13034,campinas,SP,1,2017-08-30 13:09:34,39.99,39.99,1.0,226,39.99,0.004405286343612335,0
c64335028a4cef73ba5cda1786f497da,bd57a0d8783f22282484d3b26a601363,22793,rio de janeiro,RJ,1,2017-06-23 18:26:25,70.0,17.5,4.0,294,70.0,0.003389830508474576,0
faadd91de8b5f0d5487aad688f998014,c6bc500abc343b58b79588b6c43ee8b0,75265,vianopolis,GO,1,2018-03-09 05:51:28,159.77,159.77,1.0,35,159.77,0.027777777777777776,0
8a6fc2f3ec46301a9bafbbf99b013157,a3cac3cec42d0858278d3e8fff8934d6,4140,sao paulo,SP,1,2018-03-28 19:41:03,28.9,28.9,1.0,16,28.9,0.058823529411764705,0
8a629de914739aa508711c4311abf537,33af0bbf265311b13bf09d859309b52b,28575,jaguarembe,RJ,1,2018-03-28 12:08:31,33.99,33.99,1.0,16,33.99,0.058823529411764705,0
8b8c47170df5dd2207aca5ce4d9cd608,db7928a76b23f1fc8703953bf73cdd1e,14091,ribeirao preto,SP,1,2017-12-06 13:12:24,19.9,19.9,1.0,128,19.9,0.007751937984496124,0
a01d15466cc19da855ba754cafae38ae,d57588ebc4ba515d988842c032981845,21715,rio de janeiro,RJ,1,2017-12-14 20:46:27,714.0,714.0,1.0,120,714.0,0.008264462809917356,0
d53b5ff572a5e5d237b0dd64260996a3,731d531a3c1de1cbfae5907734e64d8a,14790,guaira,SP,1,2017-11-29 00:44:03,56.8,56.8,1.0,135,56.8,0.007352941176470588,0
757336b19576e72b70a7e2152a167792,283d04cad0bd943af5cfa576f86e0c1c,20561,rio de janeiro,RJ,1,2018-03-22 13:31:58,99.9,99.9,1.0,22,99.9,0.043478260869565216,0
c0839934f43d715b1433b58b86744930,614f24294f5b745fb064e1777ccfdc3c,88600,sao joaquim,SC,1,2018-01-10 14:08:45,29.99,29.99,1.0,93,29.99,0.010638297872340425,0
9408e45694a5a6097fadf09ebdc5e4bf,b2eab24a3d081f9ca92ac6c64166c672,35162,ipatinga,MG,1,2017-05-20 18:38:05,259.9,259.9,1.0,328,259.9,0.00303951367781155,0
1e69e7df48c7b57590cd5f3877728f54,0cb6cace3955a479dede0a316447dd91,21510,rio de janeiro,RJ,1,2017-12-29 10:15:25,60.0,60.0,1.0,105,60.0,0.009433962264150943,0
31a4ecf0bd3ea9436b7132bac1a1bdb3,24c0806a2407ad1f14b1323849bd246c,2044,sao paulo,SP,1,2016-10-06 13:16:56,25.9,25.9,1.0,554,25.9,0.0018018018018018018,0
4d73737f27246fd7094751652d0ee963,5b1be9ec4d6e0f2e3eb073aa560344f5,49043,aracaju,SE,1,2018-03-07 19:01:13,53.49,53.49,1.0,37,53.49,0.02631578947368421,0
6bd987d89796d42d17d1581c76f3edb6,67349e4dcbc0e74649a90978a9ed0265,35790,curvelo,MG,1,2017-12-03 15:58:51,229.0,229.0,1.0,131,229.0,0.007575757575757576,0
a779b6c2195363f9d7da1e5b3934cb3c,c8592d5ae5bde92205a4eedb41d9455e,35430,ponte nova,MG,1,2017-06-05 21:20:51,259.0,259.0,1.0,312,259.0,0.003194888178913738,0
c16e0e88c09984e5956c444275f35f67,ee478ab17bcc9cf2909f690b72e1bc62,80220,curitiba,PR,1,2017-04-12 14:59:43,159.0,159.0,1.0,366,159.0,0.0027247956403269754,0
52003bd1d28ef8b5dcbc44f335efd98d,769c31b58146e21b6142ba3f6f1fbb43,22291,rio de janeiro,RJ,1,2017-12-11 15:13:03,179.99,179.99,1.0,123,179.99,0.008064516129032258,0
b6f5c3a185c33b9c12a722c46f5215c8,4dca9ec3be0cfb434835665ae60a4b2f,22610,rio de janeiro,RJ,1,2017-11-29 14:25:30,69.9,69.9,1.0,135,69.9,0.007352941176470588,0
7227f6bc1ad4dd7ea6443ea71ff722ae,4acb01c06223ab45f3bb035165dd96f7,4537,sao paulo,SP,1,2017-10-16 09:10:24,199.99,199.99,1.0,179,199.99,0.005555555555555556,0
49e406aff4c253ebf653e56898e21705,77e2dae4e572f2a619d7ef0d69251452,11425,guaruja,SP,1,2018-04-10 23:51:54,24.89,24.89,1.0,2,24.89,0.3333333333333333,0
71b5cbb958bd657c21d085a0d8d93ed4,368b1c6eaef1672cbb9415f450cfadb4,35160,ipatinga,MG,1,2017-08-22 22:37:13,15.0,15.0,1.0,233,15.0,0.004273504273504274,0
f1db8dd5d132de644b898613ac9a96d2,04d58f5b2e290fb28499e4ae00bd48fe,70680,brasilia,DF,1,2018-03-22 11:37:34,89.9,89.9,1.0,22,89.9,0.043478260869565216,0
de896fd50d3dc50189c151961744b66c,67da8e06203a3c44fd5b33c8e01b683c,12061,taubate,SP,1,2017-11-14 22:54:31,9.9,9.9,1.0,149,9.9,0.006666666666666667,0
e3d6d9186c71175ccfb7215598b6ade1,478c99f23ce440ba49494199385dd142,35230,resplendor,MG,1,2017-06-05 21:14:01,18.99,18.99,1.0,312,18.99,0.003194888178913738,0
2fc636a28e985f64337f1766b033a3e6,94fcfcb1829211c969aa94c52a48c7eb,96878,vale do sol,RS,1,2017-12-19 23:54:56,21.99,21.99,1.0,114,21.99,0.008695652173913044,0
d9bb214d770804e006962de56667ef2e,7a1f2bc29e2ffb2b473e330ad0f8d706,14800,araraquara,SP,1,2017-06-01 16:56:43,149.9,149.9,1.0,316,149.9,0.0031545741324921135,0
fbf8e675c5adcf8c482b04c517814924,06b672c7ae6d7ef4cbe41318c397537a,82820,curitiba,PR,1,2018-03-07 16:27:30,109.9,109.9,1.0,37,109.9,0.02631578947368421,0
61259afc20eedac60913bc39c6d83ff6,7ec5700664d6d858f20c0d108062de10,95020,caxias do sul,RS,1,2018-02-20 09:53:46,49.9,49.9,1.0,52,49.9,0.018867924528301886,0
eeca7a31bee228b240306b42ae2cdbce,8ca9b5106ec73a746944ca108c94c381,30494,belo horizonte,MG,1,2018-01-23 09:24:24,24.99,24.99,1.0,80,24.99,0.012345679012345678,0
7e811989da42b4b4a854cde88ab2d67a,a2bb96a6e07ebb1d7768677ad8712910,36200,barbacena,MG,1,2018-01-31 20:19:53,38.9,38.9,1.0,72,38.9,0.0136986301369863,0
70710a1c05d85f29a67c7641e376daf5,2d346635f1f49be739f95458a801199f,17920,ouro verde,SP,1,2017-07-27 21:12:52,87.99,87.99,1.0,260,87.99,0.0038314176245210726,0
ee3b4b2a37bfecd113a6095902de1b0e,1b9b716b2ec99bd330c1807d54418b46,5544,sao paulo,SP,1,2017-08-03 07:27:17,49.95,49.95,1.0,253,49.95,0.003937007874015748,0
a56a8e003616609644d50ff6268bccdd,92492db1c6d3523933a19481c6d5eb8d,55870,timbauba,PE,1,2017-11-06 17:00:15,39.99,39.99,1.0,158,39.99,0.006289308176100629,0
788a2e681b4dda11b40f137041045bbf,db7139dd202dfc6da9e4b05902c713a4,16074,aracatuba,SP,1,2017-02-07 19:45:53,65.0,65.0,1.0,430,65.0,0.002320185614849188,0
1f1d262df96204aa695fa4f0075ea33c,9c90bdeb2b917c300201f89e37714cc9,3370,sao paulo,SP,1,2017-05-11 21:52:00,178.5,178.5,1.0,336,178.5,0.002967359050445104,0
18d8c43eed6c7199de077013a90c84a9,2f360b03f40b2388530e2333e21da38b,25651,petropolis,RJ,1,2018-01-22 23:37:29,248.9,248.9,1.0,80,248.9,0.012345679012345678,0
ff69fe294d9da2e683dede2ddb70b6ae,cd6ff01588442a00ebf2e3829d88e819,98900,santa rosa,RS,1,2017-08-04 13:52:59,70.9,70.9,1.0,252,70.9,0.003952569169960474,0
39bd1228ee8140590ac3aca26f2dfe00,6359f309b166b0196dbf7ad2ac62bb5a,12209,sao jose dos campos,SP,1,2017-03-09 09:54:05,72.0,72.0,1.0,400,72.0,0.0024937655860349127,0
9a7326193749abbeb741641ddc15b222,5335dd92eefefa110060e75463396a20,24415,sao goncalo,RJ,1,2017-07-07 20:17:47,279.99,279.99,1.0,280,279.99,0.0035587188612099642,0
2dfbf74859104caf100df3720a1d833d,2193383c470dc9cec894ce78afd0ebd6,86870,ivaipora,PR,1,2018-02-27 09:27:14,49.0,49.0,1.0,45,49.0,0.021739130434782608,0
74739c82729e0172c2449caa51f42122,46b7b0549a0fd88de78b58bafe90c3e5,72225,brasilia,DF,1,2017-12-11 13:32:50,349.9,349.9,1.0,123,349.9,0.008064516129032258,0
2992f232ff17cb4cab17dc4cd2922251,266bd072600e898f80a34d654c51a643,16305,penapolis,SP,1,2018-04-06 11:46:03,444.0,111.0,4.0,7,444.0,0.125,0
6d8c42467d463b248805d8ac8916c056,49775316f12383c6fd30504f0922b7aa,24360,niteroi,RJ,1,2017-11-28 18:13:19,34.99,34.99,1.0,136,34.99,0.0072992700729927005,0
bd1a3e41c0ddbd5cf6166db3c1c4bfc8,798f729c0e84364a01e4400f004cb865,2325,sao paulo,SP,1,2017-04-02 01:12:22,129.99,129.99,1.0,376,129.99,0.002652519893899204,0
5b0d3d9c76c0a60b0391d4d9de71636d,20cef64bdc019c505a9686535945ccaf,48970,senhor do bonfim,BA,1,2018-04-01 22:08:09,230.0,115.0,2.0,11,230.0,0.08333333333333333,0
acf3b1b4ec4e2a6aa97acf15cfab1d5b,888bbf8be9eaceefedd820af2ddfb90f,24230,niteroi,RJ,1,2017-11-30 11:04:45,214.0,107.0,2.0,134,214.0,0.007407407407407408,0
53f5602be13a814f32672184120febca,fdee300d597a86e2f83a8447d2e9ebbe,19060,presidente prudente,SP,1,2018-03-11 12:58:50,49.9,49.9,1.0,33,49.9,0.029411764705882353,0
8f99d406f72a8339a5507e598bb187de,3d290fc97428b4be07eb2972455141c6,75806,jatai,GO,1,2017-01-28 10:26:06,117.3,117.3,1.0,440,117.3,0.0022675736961451248,0
e460ba12cfe10be96050e2857acf1486,6a1ad41ff798697a116a2c59e5114eb1,29192,aracruz,ES,1,2017-06-03 21:20:21,31.9,31.9,1.0,314,31.9,0.0031746031746031746,0
07e6bfcde64d35a92aeea73af4a36411,ec7aba817621a4189b96174565534b3f,13503,rio claro,SP,1,2018-03-31 14:44:43,285.0,95.0,3.0,13,285.0,0.07142857142857142,0
89df6e912cbda4fa44bb1a7b4d26f21c,2f04d9a4a0cb06e7564253c0b8b16299,19700,paraguacu paulista,SP,1,2017-04-26 15:24:58,39.0,39.0,1.0,352,39.0,0.0028328611898017,0
a37f4486aff8b096c3878e83a2ae0f1a,f07019a1f90aaf566bb4b5edbf1a0b28,39400,montes claros,MG,1,2017-05-07 18:45:14,198.0,99.0,2.0,341,198.0,0.0029239766081871343,0
a93ecb25af3098a03757b08506516a7d,8dceafee2f02a42858bfa7c1398dd71d,72502,brasilia,DF,1,2017-11-12 19:15:22,21.99,21.99,1.0,152,21.99,0.006535947712418301,0
eb1f5775cb6c152c959d5a76a8204baa,4f8cc6471488ecd895f2073b868929dd,27916,macae,RJ,1,2017-09-26 14:23:47,149.99,149.99,1.0,199,149.99,0.005,0
fcbcae9398452be8e957aecc63625444,764959419c18f5f17bf00d2cf6d4da05,29166,serra,ES,1,2017-10-10 10:15:10,56.97,56.97,1.0,185,56.97,0.005376344086021506,0
6f184d7d532e2a9a95836af25a732594,dc96b0906ea35d3777641bea563e4fa0,29170,serra,ES,1,2018-01-14 14:17:03,116.99,116.99,1.0,89,116.99,0.011111111111111112,0
69b0628ae342374f7b9388c5d1dd9cfd,846ea4d5bf1afb9d3670eab5f74fe88a,5240,sao paulo,SP,1,2017-10-15 19:09:41,348.8,348.8,1.0,180,348.8,0.0055248618784530384,0
f369d58e475e144e55d5936248f241cb,204efc7a771f1a33fd28465082171f5b,13625,santa cruz da conceicao,SP,1,2018-04-10 18:30:50,215.0,215.0,1.0,3,215.0,0.25,0
82ccacbefc4bf6143a989f42785134b4,d6fb818d72390f4d7bedef226f3e954c,25570,sao joao de meriti,RJ,1,2017-11-24 14:18:01,559.0,559.0,1.0,140,559.0,0.0070921985815602835,0
8d3715cd0e1d49020db4ecb2812f68cc,91d0082597ab40432442cc03ad3f2293,15500,votuporanga,SP,1,2017-07-01 19:32:46,149.0,149.0,1.0,286,149.0,0.003484320557491289,0
60bc46281adf6d71c2ff094ce21ee185,70e2a6662d58349e2b8252a29b295fed,21650,rio de janeiro,RJ,1,2018-02-08 13:56:42,24.99,24.99,1.0,64,24.99,0.015384615384615385,0
ed850b120dcf3049743a2ec2e015ae9f,e3084d5aa230db5c53a1bfd489a738a3,1050,sao paulo,SP,1,2018-01-26 22:51:50,120.0,120.0,1.0,76,120.0,0.012987012987012988,0
a56ca9095e2e7e3dc2d068c86fa81d68,03d01a4b09e221a1bb37343eb990dbda,4575,sao paulo,SP,1,2018-02-08 09:31:51,29.9,29.9,1.0,64,29.9,0.015384615384615385,0
3cbc10c378a99a32e776a9f5798ddc2e,7bbb72600aeb53240baf8c52b5239758,83503,almirante tamandare,PR,1,2017-10-17 20:16:38,115.0,115.0,1.0,178,115.0,0.00558659217877095,0
9e44cac7574c95db25b2982fb26afd43,19bf5ff07d8fd116a234c49d5d3b6f88,24722,sao goncalo,RJ,1,2017-02-20 18:50:57,76.9,76.9,1.0,417,76.9,0.0023923444976076554,0
e1301cc68b82ab74180bc970f3e6c81b,f5344c7feb209d1e8a9de5d60ed79331,19360,santo anastacio,SP,1,2017-07-31 23:06:46,45.9,45.9,1.0,255,45.9,0.00390625,0
6d1fe6ac78f6c088409c33ab54124a35,4ff0c5bf5ff939d3ed476462c42d431e,18048,sorocaba,SP,1,2018-02-23 11:55:55,187.2,187.2,1.0,49,187.2,0.02,0
f1c8bca25ab72158e4721761b51d7256,75fd60b26fd8ec7f00dff3a5dede2c77,39120,gouveia,MG,1,2018-03-23 17:45:48,296.98,148.49,2.0,21,296.98,0.045454545454545456,0
a7d883e36372d36485c93fd1fd7cbe9d,9d8130e675ce6c1f24cd519444f7642b,84430,imbituva,PR,1,2017-04-26 19:25:47,69.9,69.9,1.0,352,69.9,0.0028328611898017,0
3068255d75f415c21b115399dc51f7ea,39979cc184bf93727d4bdfb4714acd40,83709,araucaria,PR,1,2017-11-22 19:01:04,72.0,72.0,1.0,142,72.0,0.006993006993006993,0
b1d18515040386d031ad7d7d73a32fb9,7d0e399eab77b5142609cf7821711c4e,4883,sao paulo,SP,1,2017-08-04 19:00:59,75.0,75.0,1.0,252,75.0,0.003952569169960474,0
29461056d55b904562da2d9698e6a923,3ee4fae0862a2163c65481a46fd3469a,85615,marmeleiro,PR,1,2017-11-16 13:20:26,128.9,128.9,1.0,148,128.9,0.006711409395973154,0
012ca3bed937a20fa19642e8e53d831c,f5344c7feb209d1e8a9de5d60ed79331,19360,santo anastacio,SP,1,2017-07-31 23:06:47,159.53,79.765,2.0,255,159.53,0.00390625,0
f89b57f80359481e71b0cd3001268136,d04b8fd0acfc725ef9186b1e3d121cf0,25882,anta,RJ,1,2017-07-06 13:31:05,0.0,0.0,0.0,281,0.0,0.0035460992907801418,0
f530197ea86ced9488a03d055e118ebf,0058f300f57d7b93c477a131a59b36c3,40731,salvador,BA,1,2018-02-19 17:11:34,59.9,59.9,1.0,53,59.9,0.018518518518518517,0
5121084fdade95f1a14190925415cfe7,6499157a4bb5840e37bf1ff3b978d295,36950,ipanema,MG,1,2017-03-07 10:50:10,339.99,339.99,1.0,402,339.99,0.0024813895781637717,0
001574cd5824c0b1ea90dd4f4ba6d5b8,8141dd1e051afe7d72079570fe72d5f1,8248,sao paulo,SP,1,2017-11-26 02:13:57,0.0,0.0,0.0,138,0.0,0.007194244604316547,0
3980a868afa7d58191daf692ed61deaf,08443602ecb69ac3eefdf50e98098633,21765,rio de janeiro,RJ,1,2017-06-10 03:39:17,99.0,99.0,1.0,307,99.0,0.003246753246753247,0
22b53ed9754711b0c879e9269ff9072e,669e51e4170c3e92777e610e36b708a1,11680,ubatuba,SP,1,2017-10-23 18:16:42,89.0,89.0,1.0,172,89.0,0.005780346820809248,0
6bb8f8549532be3e4fc1df6f7b281ed9,9646d06f5a4d4f83d8f97032ad4ccc22,29065,vitoria,ES,1,2017-11-18 19:50:31,240.0,240.0,1.0,146,240.0,0.006802721088435374,0
bf2cf07066dfbad334b5a59013a158b7,6c82b920a902968163b0b2dff4ff8242,36305,sao joao del rei,MG,1,2017-08-25 12:33:10,69.9,69.9,1.0,231,69.9,0.004310344827586207,0
08df78f80a35d0c06744bf5cb0c1402d,88c2ff8b4cb4b57614e6f920f5072535,48903,juazeiro,BA,1,2017-10-26 16:03:37,168.0,168.0,1.0,169,168.0,0.0058823529411764705,0
e9624a808ce6214efe9b4b0e15d50dd1,cfffb20cea7b66ffd6fd1217b4605628,13631,pirassununga,SP,1,2017-02-14 21:00:15,51.4,51.4,1.0,423,51.4,0.0023584905660377358,0
5ad5c913900581e3ebd6c20ba68c5760,c1dee395f06cd4d5e5162385873bfb15,27510,resende,RJ,1,2017-07-02 12:03:31,269.0,134.5,2.0,285,269.0,0.0034965034965034965,0
9d4b974d83fb824294f7dc65f90c621b,b8d31a82b1bb71983bbc08e4751baeab,4524,sao paulo,SP,1,2017-12-17 10:50:19,250.0,250.0,1.0,117,250.0,0.00847457627118644,0
968608ae5dd04c867ce28fda6b8642e9,7c5f9342acbf10fe530bd1af65dcd739,3804,sao paulo,SP,1,2017-08-04 01:58:08,59.0,59.0,1.0,252,59.0,0.003952569169960474,0
2d00fe84cd1a1a9f9477fb93510f323a,4668460b651eca503face6f51512ae96,13097,campinas,SP,1,2018-01-05 09:45:00,24.5,24.5,1.0,98,24.5,0.010101010101010102,0
089525d394be31397b994bcf92c6b31a,b20a79d27fe8a421efc278c4d6367ea2,13467,americana,SP,1,2017-11-17 19:49:26,26.9,26.9,1.0,147,26.9,0.006756756756756757,0
ec55b85b43b1ea0b5488736283c05e78,93e3888093274e8abcf2b46c370fb3d5,6038,osasco,SP,1,2017-11-16 12:04:23,109.9,109.9,1.0,148,109.9,0.006711409395973154,0
f5c85dfdc9f8a3de031505da6472580d,f551e76c7aa9dc5723918ddbf34d7ced,15850,urupes,SP,1,2017-03-23 21:33:09,169.98,84.99,2.0,386,169.98,0.002583979328165375,0
7ce2416c6e9a2d16b45d4cd192984d33,78b5cbc4b9ad61445b6609593addca37,38600,paracatu,MG,1,2017-08-18 12:01:05,89.9,89.9,1.0,238,89.9,0.0041841004184100415,0
8c3af92a2d4a22018ee148f83dd61296,8bc55eae796d3377e6f27bb6ec4e28c0,39200,corinto,MG,1,2017-11-26 13:02:50,74.9,74.9,1.0,138,74.9,0.007194244604316547,0
a6070315382f5f1e536be705f64ab209,be8375783b7439dd7ef30b89fb46188b,21610,rio de janeiro,RJ,1,2016-10-07 21:19:32,132.0,132.0,1.0,553,132.0,0.0018050541516245488,0
68795255746d33fae2c9d3557d4e64d6,abd0a39a682f8ebce24fe26826e47eaf,17800,adamantina,SP,1,2017-11-19 11:15:29,239.9,239.9,1.0,145,239.9,0.00684931506849315,0
e572951f62a83fa3b6dbec2cb0722cf9,628d8a3c4610611e98c8ed5a7bc3908a,75513,itumbiara,GO,1,2017-09-28 23:42:32,45.9,45.9,1.0,196,45.9,0.005076142131979695,0
03dc0682e10e026f51cc524d590fc5e2,22439fa887de2bc0276b7680030b7cd6,29102,vila velha,ES,1,2017-08-07 03:57:41,350.0,350.0,1.0,249,350.0,0.004,0
8a067839d9b32272550844562ec03d14,b24339384ad7bed4f7d051b9499f6b83,19063,presidente prudente,SP,1,2018-04-04 16:51:45,489.0,489.0,1.0,9,489.0,0.1,0
18e8c826c91f467ecc07f9e1447b8860,ab736d55394003ef6b944de2cfd3de13,83045,sao jose dos pinhais,PR,1,2017-08-21 13:10:55,59.9,59.9,1.0,235,59.9,0.00423728813559322,0
28419f064605a15eb2038c4790b4196f,7d6b089029085b9d544174ab78412378,71931,brasilia,DF,1,2017-09-12 19:44:36,179.9,179.9,1.0,213,179.9,0.004672897196261682,0
2ed90ffb1b6c71daacbd9acd0cbb79b3,0942eedfe0e865b2a80419a14672286f,36205,barbacena,MG,1,2017-02-08 07:47:47,149.9,149.9,1.0,429,149.9,0.002325581395348837,0
e3ffa14bb67e94d44caa315f274c8781,143d80042f55ced48a31f38d6a0cf1e7,48730,conceicao do coite,BA,1,2017-09-15 00:36:44,165.99,165.99,1.0,210,165.99,0.004739336492890996,0
943dfe8d4ad25b86e1d05cf6ed029772,9891c0edb2a2bfd2facc5cbe11bbf46c,44001,feira de santana,BA,1,2018-02-19 14:26:27,29.9,29.9,1.0,53,29.9,0.018518518518518517,0
05468ef54e8b2f92bd33ae272753e35d,e2749eeca83ee13fa1c2241818c13a99,91570,porto alegre,RS,1,2017-06-28 16:31:00,205.0,205.0,1.0,289,205.0,0.0034482758620689655,0
d452a5b89cea2506ed5d8e032964787f,9afb61455d41afffa3ea550d1cfd832c,5348,sao paulo,SP,1,2017-05-11 13:43:44,24.99,24.99,1.0,337,24.99,0.0029585798816568047,0
fa2871e0cb672e2ea14de8838fbfc43d,21c8aa0cb27943cbf33d75985e28da67,21321,rio de janeiro,RJ,1,2017-10-29 22:56:42,59.9,59.9,1.0,165,59.9,0.006024096385542169,0
8e0d53f24ac9d60553a339b27c9276e2,d512efe00e46778d7e90609664c6fd92,5323,sao paulo,SP,1,2017-12-03 23:51:39,16.9,16.9,1.0,130,16.9,0.007633587786259542,0
3d721df95ee50e67024b60dc2f968ae9,c297e9bcd0395171a527a01ecfe8745d,9351,maua,SP,1,2017-06-10 21:01:55,71.82,71.82,1.0,307,71.82,0.003246753246753247,0
c4d577a3b00d363c6a6e57d629b4b558,6af3862eb3e44e9668738db761a28017,39402,montes claros,MG,1,2018-03-19 16:21:03,93.9,93.9,1.0,25,93.9,0.038461538461538464,0
8a3ee8c4e7b28fbec55bb91eb788a7fc,781d55b671e8b6020c3e791c514c2519,48280,mata de sao joao,BA,1,2018-01-09 08:45:00,129.0,129.0,1.0,94,129.0,0.010526315789473684,0
c95b52873284e1f5cc5754d2e926d919,255247df8b79878f6584d51c9155b9a0,39802,teofilo otoni,MG,1,2017-11-27 22:51:32,39.99,39.99,1.0,136,39.99,0.0072992700729927005,0
b4b0ce0c3cfac1b0d240823681496307,59ad0211f363428b2d44b121725e87b2,79813,dourados,MS,1,2017-07-24 09:26:03,236.0,118.0,2.0,263,236.0,0.003787878787878788,0
0b7d758a3562abc14d8d39a2b66afdfb,f54b2ebefa4a4e43e7fcd3b4de96795c,75524,itumbiara,GO,1,2017-08-10 17:25:40,19.9,19.9,1.0,246,19.9,0.004048582995951417,0
88b566aedeab6f04bb3e215db9ac9789,4b3dd3033a20633f3bc5e43145899d4a,13420,piracicaba,SP,1,2017-06-18 21:01:07,26.69,26.69,1.0,299,26.69,0.0033333333333333335,0
094aac58ed371b7e3af7746d5319cae1,e954aa03317a6b8596c483044de0b168,82540,curitiba,PR,1,2017-11-10 19:57:05,18.0,9.0,2.0,154,18.0,0.0064516129032258064,0
8cc9f9d5d7b70eaee68ab729495685db,9c81b73cddf3395252e9ee748dd84836,41330,salvador,BA,1,2017-07-12 20:31:22,99.99,99.99,1.0,275,99.99,0.0036231884057971015,0
276bafdc3963a89aa3471c3d83a9db4e,544d68d25e9cbb63c5ee29345185fbd9,35500,divinopolis,MG,1,2017-08-30 10:46:15,89.9,89.9,1.0,226,89.9,0.004405286343612335,0
40e9b17f9465867e5a6a6d6b6326437b,5d4292a8c31a04789d6342e81e16ef94,6341,carapicuiba,SP,1,2017-03-27 09:29:30,34.9,34.9,1.0,382,34.9,0.0026109660574412533,0
e9fd1771e8a7e1f2e502b27b061b15b8,388faf71183c52b5862abbedfd00259d,1454,sao paulo,SP,1,2017-08-10 10:42:48,279.9,279.9,1.0,246,279.9,0.004048582995951417,0
bc1cd5120f7f6894c5164a38d880739e,162588c7876967e252a13dd64ecb3d89,23970,parati,RJ,1,2017-10-20 21:51:50,369.9,369.9,1.0,174,369.9,0.005714285714285714,0
ea9d1a8e7a07a876deed9c4a822df5da,a8296d2daa0c76468d945f281cbe031d,8150,sao paulo,SP,1,2017-03-24 22:00:38,169.9,169.9,1.0,384,169.9,0.0025974025974025974,0
7422267f46a52991b0a78f0e10e1ca65,1188233025a9769168e1f1f1981c2444,3184,sao paulo,SP,1,2017-06-12 13:49:41,149.84,149.84,1.0,305,149.84,0.0032679738562091504,0
2f1c62f2de3cb661200ec441c536c20d,46b02db5d21d353b84c10a8a3a92e59e,88511,lages,SC,1,2017-08-22 13:52:22,89.99,89.99,1.0,234,89.99,0.00425531914893617,0
a82d3fdee4c861501662ea40616d36a9,de5da5f4396e89725bc4bf041a6d09f5,92325,canoas,RS,1,2018-03-10 15:22:19,140.5,140.5,1.0,34,140.5,0.02857142857142857,0
41021cf729eff1a1ef1f51f09fa39bea,9186963d441c85d9a781413da96a7fb8,65550,sao bernardo,MA,1,2017-09-09 22:44:37,498.8,498.8,1.0,215,498.8,0.004629629629629629,0
c5c18ee97e7c295ae57a2887c946ff80,264e347a4d5ccf09fa76c10fdcc512eb,28625,nova friburgo,RJ,1,2017-07-27 11:50:33,53.6,53.6,1.0,260,53.6,0.0038314176245210726,0
f85cc0ce9a08512570a38e27d2322a32,3620cc23ffb1050d0bc60b76279a9625,30575,belo horizonte,MG,1,2017-10-08 09:52:27,599.96,299.98,2.0,187,599.96,0.005319148936170213,0
2b9ce46a222ca88284736ce346d405e7,bc250888db9315de2e4d496c9021bd79,7181,guarulhos,SP,1,2017-04-08 16:15:42,109.99,109.99,1.0,370,109.99,0.0026954177897574125,0
967afc6202a8b72db982bbd579fda7a7,b0f6da4d4c644dd57ec5ac0aeaec92b2,84350,ortigueira,PR,1,2017-02-03 17:20:12,99.9,99.9,1.0,434,99.9,0.0022988505747126436,0
b0a35e98a28ce055c5090da452a82973,45eda2a649bd58b167d328bc06e8dcde,81520,curitiba,PR,1,2017-12-18 23:52:38,149.0,149.0,1.0,115,149.0,0.008620689655172414,0
b277a176a8b8fe4f944d7df34c50259f,d31914af35faaba296c94b477f1d3f25,4176,sao paulo,SP,1,2018-03-18 13:06:32,151.9,151.9,1.0,26,151.9,0.037037037037037035,0
0e412c1195ed573a27be9b22ca5a03cb,062d40ed42ac84fe9d779277fb7ed109,4013,sao paulo,SP,1,2018-03-22 20:27:41,5.49,5.49,1.0,22,5.49,0.043478260869565216,0
c1f69ef3484dda2abe3bbe712c027f68,d7dfa463bb9641c9fb02d922f005f424,3237,sao paulo,SP,1,2017-04-23 12:01:53,9.9,9.9,1.0,355,9.9,0.0028089887640449437,0
766f0c0455e84a2e4f8b2bb5146da1dd,c42ff663847c9b63620e0cb9e4348684,13324,salto,SP,1,2018-01-14 17:07:32,89.0,89.0,1.0,89,89.0,0.011111111111111112,0
0fd2a829cdb30cc3ff0ae0c398c912f6,bcfc1d8cf64a476b003cee4599f9fd11,89240,sao francisco do sul,SC,1,2018-01-14 22:33:41,39.0,39.0,1.0,88,39.0,0.011235955056179775,0
0472d52fc0d9de11035845057654052f,6f9530ae3dc59cca841d54f8dbc287ce,1240,sao paulo,SP,1,2018-01-16 17:18:59,32.5,32.5,1.0,87,32.5,0.011363636363636364,0
cc9ff086a2bd5f8a324fce11bcd7055a,552f4c68fcae04382aef330ece516f4e,28610,nova friburgo,RJ,1,2017-05-02 20:56:43,139.9,139.9,1.0,346,139.9,0.002881844380403458,0
f3abd9d838b32ae720c958d71b5261b0,07fd12ee529ce5bb01bada6ab08229c2,5351,sao paulo,SP,1,2017-09-05 20:55:39,26.5,26.5,1.0,220,26.5,0.004524886877828055,0
bdced1e75dafe66bd70dc84af644bca7,dee6a650840de087ac42c4367bc9baf3,12043,taubate,SP,1,2018-01-12 16:19:31,230.39999999999998,38.4,6.0,91,230.39999999999998,0.010869565217391304,0
28de693affea36d16d7d74bb663f7c7c,97c41322939ad7fcf82a20ba2ff02f8b,22251,rio de janeiro,RJ,1,2017-11-20 18:43:00,220.0,220.0,1.0,144,220.0,0.006896551724137931,0
8f8bb0410866d416640eebf20b05a478,5a48e68daf6419abb65cd6fd1c03dda3,7912,francisco morato,SP,1,2017-06-09 10:11:53,80.1,80.1,1.0,308,80.1,0.003236245954692557,0
d9f2aa097ad0d82553e694094c4d02a9,8b7bc653ba6f1fb82b0d98174d5b9c76,22725,rio de janeiro,RJ,1,2017-02-23 13:14:13,40.9,40.9,1.0,414,40.9,0.0024096385542168677,0
e4df5880b01ba6d4f9cb7b9188bc80e5,fec7e965217d1e410ce557c3717ebafd,65665,sao joao dos patos,MA,1,2017-09-14 18:54:12,159.9,159.9,1.0,211,159.9,0.0047169811320754715,0
57b4e7cf7d4f0e56de189ee0e7d2b472,66c52ed7d02595ef154fe9d14435dc69,1410,sao paulo,SP,1,2017-06-09 16:43:29,49.59,49.59,1.0,308,49.59,0.003236245954692557,0
b32bbbb56d8b6e00aa05998e66daf749,bbe6236eb6803dba80f1a1ccbbc7cc4b,37200,lavras,MG,1,2017-08-26 17:49:31,169.99,169.99,1.0,230,169.99,0.004329004329004329,0
4e26ab9c4d5ac920bde76fe5979962e2,208ed8bf578938c97d49b3429358a424,5145,sao paulo,SP,1,2017-12-07 20:14:56,134.9,134.9,1.0,127,134.9,0.0078125,0
022bdd440f8a37e8ba62d67287135a75,3411eba8bec9143a5c999f80226aaa5e,25214,duque de caxias,RJ,1,2018-03-28 11:29:44,116.0,58.0,2.0,16,116.0,0.058823529411764705,0
db4581146aade4093e4c420024427dec,0b23378bea989bff6f5be704caeff912,33600,pedro leopoldo,MG,1,2017-08-19 21:36:04,104.9,104.9,1.0,237,104.9,0.004201680672268907,0
5692183efd941e64a6d688e5130545b9,3b92b8617254e581d164b5d213d437a2,36205,barbacena,MG,1,2018-01-08 12:54:10,119.0,119.0,1.0,95,119.0,0.010416666666666666,0
41a7a254ad0f16ee9ba1f2ba2605d630,82f63f26a9137f4d215a3f9a7a62977e,12225,sao jose dos campos,SP,1,2018-01-23 18:36:21,119.0,119.0,1.0,80,119.0,0.012345679012345678,0
53516cee27cdbecaa1d122f5ae9a2507,6a9c7240c7353296c9df0694a1ca7fac,21625,rio de janeiro,RJ,1,2017-11-22 11:09:39,99.9,99.9,1.0,142,99.9,0.006993006993006993,0
d6243b98d81e3ac0330d5aeca2b78b5d,ae0586c566a563f18111555e71955cd7,13146,paulinia,SP,1,2017-05-16 09:38:45,219.8,109.9,2.0,332,219.8,0.003003003003003003,0
4700d1a6f247079a2e60dc883b4c0c16,1c062f62b3e67f4bc9095d332452a2b4,6410,barueri,SP,1,2017-08-08 21:30:55,200.0,200.0,1.0,248,200.0,0.004016064257028112,0
9b2ba7cb3cb15bba2ada6a34cb7188ea,9360f8de686989b5cfad8f8f6f561008,36815,fervedouro,MG,1,2017-03-27 14:58:55,139.0,139.0,1.0,382,139.0,0.0026109660574412533,0
8dda47794812d6a6f2474856ca324910,b2990d3c2634f34154748086a2767506,30220,belo horizonte,MG,1,2017-05-07 16:38:31,13.98,13.98,1.0,341,13.98,0.0029239766081871343,0
2bd2bb24b32d017bb23235299984f0b7,9579583ea574e24b89b5585666fa0e2e,11075,santos,SP,1,2018-04-03 12:39:58,59.0,59.0,1.0,10,59.0,0.09090909090909091,0
a35ef33a28a474a499c0452e297e3b4c,2ad022ab11a664314bdc2ee67ec89beb,3461,sao paulo,SP,1,2017-10-21 15:07:40,87.8,87.8,1.0,174,87.8,0.005714285714285714,0
a81ebb9b32f102298c0c89635b4b3154,00053a61a98854899e70ed204dd4bafe,80410,curitiba,PR,1,2018-02-28 11:15:41,382.0,191.0,2.0,44,382.0,0.022222222222222223,0
56773a777067538c970700067f44a2a4,50f886efef31ad83098dc623ea59fc21,95095,caxias do sul,RS,1,2017-03-13 08:27:01,34.9,34.9,1.0,396,34.9,0.0025188916876574307,0
1f849b0c9d0b1d49cfaf183090f9f2c1,c76ec4b6c3ef80913c4744442973a501,89190,taio,SC,1,2017-08-27 11:29:23,59.9,59.9,1.0,229,59.9,0.004347826086956522,0
44e3a4d56bff0ee1e71df577e741b7a7,68b091fe5fca75c2128b1fc714090a84,13860,aguai,SP,1,2017-08-18 10:48:00,171.0,57.0,3.0,238,171.0,0.0041841004184100415,0
614cb17913a2d2e976db5dc6728b3438,cfb21d22f8a26e71d30ef7215c05c83a,60125,fortaleza,CE,1,2017-10-27 08:19:47,49.9,49.9,1.0,168,49.9,0.005917159763313609,0
448c2fc1c28370b7fd12f611282d4dd1,cae0fbea253efcbae126e0da6823c934,2649,sao paulo,SP,1,2018-03-26 22:10:11,104.0,104.0,1.0,17,104.0,0.05555555555555555,0
503f0e722a93ef93328c4f358b7c0c92,2f58561a6b4cb17f5e864d8df3e559c6,49160,nossa senhora do socorro,SE,1,2017-10-11 15:12:34,18.9,18.9,1.0,184,18.9,0.005405405405405406,0
cbbfac864bf228e31822cc3b8adfcf5f,bf0c6fefe4791dca044236e2d50a2c6f,14060,ribeirao preto,SP,1,2017-09-30 12:57:50,159.9,159.9,1.0,195,159.9,0.00510204081632653,0
7c245610a174ec2208ee70ca2b765c3a,7fe61e30fc92e412b0598fcec4a3ec53,88136,palhoca,SC,1,2017-12-05 19:03:18,199.0,199.0,1.0,129,199.0,0.007692307692307693,0
ce5b62e98a5241ad9d691700a0b0c47c,8aa367da75f0cc2bb2f9fc84ee54b457,59631,mossoro,RN,1,2017-08-08 14:20:27,19.9,19.9,1.0,248,19.9,0.004016064257028112,0
03651203127d40f0063e5cc08d464b64,c78ef6b627924a444c068ff23ea62660,99040,passo fundo,RS,1,2018-01-29 16:52:05,119.8,119.8,1.0,74,119.8,0.013333333333333334,0
3a940b0b8f29b36c928c4c91d83dd7d0,8939a54202ba6831a502fa64187d1702,8720,mogi das cruzes,SP,1,2017-12-10 19:50:59,69.9,69.9,1.0,124,69.9,0.008,0
d3d640e9dd196770cd7e5c848e8a8152,ff20fff170ed80db557b344c839df854,21330,rio de janeiro,RJ,1,2017-07-19 11:18:00,588.0,196.0,3.0,268,588.0,0.0037174721189591076,0
f5d9b89ce7c2abbca426c36ae04e613d,520c218945cca2a6218aa55dd0886b0f,35700,sete lagoas,MG,1,2017-08-15 20:08:04,51.92,51.92,1.0,241,51.92,0.004132231404958678,0
1c00c415c262d2dc99886b3b272bbd4f,66b6a4cf3097402c20573dd906846461,66040,belem,PA,1,2017-04-07 19:18:25,62.8,62.8,1.0,371,62.8,0.002688172043010753,0
a2e2a4d271cf0c0a0ecaf089c9f57a85,593fb2962fadffb73bbeb158da428cdf,6454,barueri,SP,1,2018-01-14 23:22:20,63.99,63.99,1.0,88,63.99,0.011235955056179775,0
b8784b9b324a424247aa76e81211c4ff,40dc506cf700d87a3465020f6f21dbe4,22720,rio de janeiro,RJ,1,2018-03-23 18:51:09,150.0,75.0,2.0,21,150.0,0.045454545454545456,0
8779b7dd61306e3fb566468b116c1289,e461a45a8f58e04f9041d7b1387ebcb9,27920,macae,RJ,1,2017-11-24 00:31:58,599.8,599.8,1.0,140,599.8,0.0070921985815602835,0
9970215408a648495484733ce1e7c7f8,6a80dd4b607ce488b1ee3d586d884776,39990,aguas vermelhas,MG,1,2017-12-05 21:57:17,59.98,29.99,2.0,128,59.98,0.007751937984496124,0
1aba9d2a7b717187271edc2f163c1d89,caccd68dd4f7eb6c51f70c91ae9d7dc1,79043,campo grande,MS,1,2018-04-09 17:55:42,254.9,254.9,1.0,4,254.9,0.2,0
67e458f934b8c189096941e98a64615d,f455356800cdc93de657d027fd9e1875,1138,sao paulo,SP,1,2017-03-02 10:19:51,109.9,109.9,1.0,407,109.9,0.0024509803921568627,0
3906fa15ec054091d71e1ab2d6fdb3ee,bcfc9032cea53ef734a6008742d954fc,5302,sao paulo,SP,1,2018-02-04 17:12:31,79.99,79.99,1.0,68,79.99,0.014492753623188406,0
f7e9bfeb793e02ca1a2fbadb9e1f4a69,fc9170d271849ae24c1a0a70c4824b61,45003,vitoria da conquista,BA,1,2017-10-28 10:33:24,0.0,0.0,0.0,167,0.0,0.005952380952380952,0
3d3f936e07349832a8620f07ed29640c,acab73a17e98e17fd1b3af30b6d77ec6,4145,sao paulo,SP,1,2018-01-23 22:06:31,47.01,47.01,1.0,79,47.01,0.0125,0
058d38732ce7f213cc8f62ffcf8fa0c5,e4581db1c4dd6661da43be4ad4275dea,9280,santo andre,SP,1,2017-05-25 10:43:21,155.0,155.0,1.0,323,155.0,0.0030864197530864196,0
e22bab8950872ef60d229f7d6926b58c,a4d9bca01de16ecc32654c12e2c18c05,35503,divinopolis,MG,1,2017-01-15 14:35:54,380.0,380.0,1.0,453,380.0,0.0022026431718061676,0
947d490e87464fc7f56c57d24b98564e,d5d6260321705352c2f7c2c39937b03b,29100,vila velha,ES,1,2017-06-08 16:15:15,139.8,69.9,2.0,309,139.8,0.0032258064516129032,0
1339f8ef4694fe3903a7591c5e890c22,71bd6ff3f70090f785e26643f22c6484,44700,jacobina,BA,1,2017-05-29 18:08:51,49.9,49.9,1.0,319,49.9,0.003125,0
85e3bad84251738643dbfdc9baa3e535,810def6bb8f8c33be446269adcb3400c,8780,mogi das cruzes,SP,1,2017-09-26 15:15:34,89.99,89.99,1.0,199,89.99,0.005,0
774c33a9668cf225c839c2521b843425,599f81972e2b3db776c9bf3691e2c61b,59374,carnauba dos dantas,RN,1,2017-12-28 22:34:34,129.99,129.99,1.0,105,129.99,0.009433962264150943,0
899be4b651267f248003b1bf34fa64b7,1b9270d67df932d478fb86dddde13d1b,97650,itaqui,RS,1,2018-03-11 22:56:57,64.0,32.0,2.0,32,64.0,0.030303030303030304,0
2d44f70281161cbf9bb10e22dfa63fb3,398dee917bb02e71f1fd9653193b2396,4637,sao paulo,SP,1,2018-03-28 07:43:11,89.9,89.9,1.0,16,89.9,0.058823529411764705,0
ea3f9a4239a952f61df1055303969be3,669791771aee1eae68166cd813cf8b90,6472,barueri,SP,1,2018-01-07 13:50:40,99.9,99.9,1.0,96,99.9,0.010309278350515464,0
48145944557a9c6c41f6db3a5e4bc4f2,c808502022d6780fdc07afc3af63c6ee,4707,sao paulo,SP,1,2018-04-02 18:39:26,22.97,22.97,1.0,11,22.97,0.08333333333333333,0
5f76c3d42d2be19133cbeb10a8dc9c30,3786ff0b21de0d624d9897bd32e46607,92500,guaiba,RS,1,2018-03-16 11:28:39,12.65,12.65,1.0,28,12.65,0.034482758620689655,0
51dcfe10205819fd2d3294782a1065cc,28cbc0c01e29398e9a2114221ee8d25a,5577,sao paulo,SP,1,2018-02-14 12:14:39,45.0,45.0,1.0,58,45.0,0.01694915254237288,0
4a51cb396dec2a0c8395363ebae19916,831d5ed354fc1d51fa7e6a5f981e8069,75280,orizona,GO,1,2018-01-08 21:24:09,144.99,144.99,1.0,95,144.99,0.010416666666666666,0
be61ffcaa65d9f2e8536c198f314c3a7,4b1141303289a23d05776bd25076c2fd,22710,rio de janeiro,RJ,1,2017-11-26 13:36:00,89.99,89.99,1.0,138,89.99,0.007194244604316547,0
36913fd0a906fcb755745fc9641329bc,6b3e1d9fd0a0d1799ad29fd3efdb354b,13465,americana,SP,1,2017-07-25 00:16:14,35.0,35.0,1.0,262,35.0,0.0038022813688212928,0
0f23c6bff75a40bdcb20ec9086522179,44892aa259e05c1471419f1affc1707c,69314,boa vista,RR,1,2017-06-27 14:42:12,31.9,31.9,1.0,290,31.9,0.003436426116838488,0
ea665ac5a97f1a3987a5f9629be6e9c0,37275a94f166f52c1c25c5a68a12309e,5366,sao paulo,SP,1,2017-07-29 22:17:46,48.9,48.9,1.0,257,48.9,0.003875968992248062,0
a90c0553da200832991f1db0e9ca75dd,59cd88cf03bb765f08bdcafaaacc38bd,30421,belo horizonte,MG,1,2017-07-31 19:55:17,119.9,119.9,1.0,256,119.9,0.0038910505836575876,0
d08fb3f54daea61a14946491f8cd4ad2,415b15ac3d454f2f09088c34d5982469,13210,jundiai,SP,1,2017-10-11 13:57:07,92.9,92.9,1.0,184,92.9,0.005405405405405406,0
fb5a37c5751065b31f48a501d47eb1bc,a560432116ab4d14c43564e6ea2cba7c,76864,cujubim,RO,1,2017-09-12 00:31:07,89.9,89.9,1.0,213,89.9,0.004672897196261682,0
3b0df9e78918d3dfcfd312ce0bccf312,204d69d0bd4871eef08a4bfe6831a518,13036,campinas,SP,1,2018-03-22 09:29:21,53.9,53.9,1.0,22,53.9,0.043478260869565216,0
45acf97b168ec16f75b8e504e62451a4,44ab13a607f108fd1ee019afda29064a,33200,vespasiano,MG,1,2017-05-16 20:36:18,64.9,64.9,1.0,332,64.9,0.003003003003003003,0
7556392e5dea50250680dc5e7674cc7d,36db357344c8891e84f88e8d3ae4c538,69901,rio branco,AC,1,2018-01-14 20:05:34,88.34,88.34,1.0,89,88.34,0.011111111111111112,0
2ee52ea8b33b321f4402e2a0edc31eb4,d9a47dbf7021644cdac4ce1a3159307e,82800,curitiba,PR,1,2017-12-04 15:38:16,299.99,299.99,1.0,130,299.99,0.007633587786259542,0
d0a5cc1c6a1375f5ff65ec2ad6fac14a,ff282fc5312e19d4dff860acd8427f0b,17240,bocaina,SP,1,2017-08-27 09:12:02,599.0,599.0,1.0,229,599.0,0.004347826086956522,0
019b7b400189d67c8b75754edd1919f7,b25a21b56a2d74da49e04cadbc9e0dd8,41705,salvador,BA,1,2017-07-19 17:14:37,56.99,56.99,1.0,268,56.99,0.0037174721189591076,0
7f4802bd5d7365cd23b2dab76a07fae8,a8f43239cb0010e01e3d2d9e8be70419,14093,ribeirao preto,SP,1,2017-04-25 16:33:17,129.99,129.99,1.0,353,129.99,0.002824858757062147,0
ef5e03b25d6991bbbcf88c60e6214151,d83257348027bd8c59a228cc034de5e3,14790,guaira,SP,1,2017-07-17 19:05:54,114.9,114.9,1.0,270,114.9,0.0036900369003690036,0
ac4799a8aa8f7ec9213b489cf941cc2a,5bc58255c14d4a43b8b61865138b414d,13425,piracicaba,SP,1,2018-02-05 22:43:46,79.99,79.99,1.0,66,79.99,0.014925373134328358,0
9c033575d6b8818ce82640aa5674494c,78d448a4ba93427cc4455949fb162ab8,15600,fernandopolis,SP,1,2017-10-20 22:02:06,96.5,96.5,1.0,174,96.5,0.005714285714285714,0
b9259ee6253d68e0d106b527cd5530d8,167759c2d29d4c4214618ec52212d039,13403,piracicaba,SP,1,2017-08-24 14:36:40,86.7,86.7,1.0,232,86.7,0.004291845493562232,0
2397dd19bf74da4cd1fe4b5839199d91,0178df128a2cb4f9914c8c3beb8a57f6,22743,rio de janeiro,RJ,1,2017-12-11 08:45:05,18.9,18.9,1.0,123,18.9,0.008064516129032258,0
5f66fbfb3bf50be018e9aea8906bc04b,346534c8088852932d947f4b8fea3959,40800,salvador,BA,1,2017-07-26 15:04:07,84.9,84.9,1.0,261,84.9,0.003816793893129771,0
1796c18274a6cb3a6ec3ac02cde5389c,6dcb0c21a4e1e207bc0b9c83cec17550,13306,itu,SP,1,2018-04-11 22:47:02,69.9,69.9,1.0,1,69.9,0.5,0
79b4e6917237551454e77c23285fa09a,825fcac393acc9ddfc4fc658d565ebfe,16207,birigui,SP,1,2017-08-08 17:54:37,58.0,58.0,1.0,248,58.0,0.004016064257028112,0
b19f542d676ea384dc2bfe700115e09e,afd0b9a943682e946e0036c598e8ef7f,25802,tres rios,RJ,1,2017-05-31 00:28:32,49.9,49.9,1.0,317,49.9,0.0031446540880503146,0
69e8a7d6f9013e098e740ee6cf11650f,afce9246deef4791c7c088c7e4c8fbfe,22755,rio de janeiro,RJ,1,2018-02-06 10:09:22,139.99,139.99,1.0,66,139.99,0.014925373134328358,0
988d29f01ed741501d1f99f5e30941b6,9318503cd3fcb28ff64924992bfc4e06,45480,mutuipe,BA,1,2017-11-20 23:07:17,69.9,69.9,1.0,143,69.9,0.006944444444444444,0
34a89d90c29c3821d671059d12216ba0,e275dbae5dc0466a40a0273a7ddba94b,82200,curitiba,PR,1,2018-03-02 14:59:29,79.0,79.0,1.0,42,79.0,0.023255813953488372,0
b1dbcba06e3cd2a7730e15b92d39210f,8b9e886bb1209cf65c034a764a16a851,3630,sao paulo,SP,1,2017-06-18 19:51:24,34.9,34.9,1.0,299,34.9,0.0033333333333333335,0
9da570dd0f573074ad3458b7ba281a62,b24333c20b1082ee734cd5c25c2991b4,37704,pocos de caldas,MG,1,2017-10-12 15:15:50,0.0,0.0,0.0,183,0.0,0.005434782608695652,0
fdfbe88380f4eec04babf18396a62e6a,85cada3b782b0eead7fc927f66128480,20230,rio de janeiro,RJ,1,2018-01-04 11:42:53,0.0,0.0,0.0,99,0.0,0.01,0
c3dc6b915bf0b799fa7f374212b0faf2,c5056fac89d788e603663e403467ffc0,1543,sao paulo,SP,1,2017-07-17 18:44:08,89.69999999999999,29.899999999999995,3.0,270,89.69999999999999,0.0036900369003690036,0
42ca85e026223ad7fdfcc4bd3c55c9d9,f9a0ec98b00dc2cd3351d4fe22cdea0e,20511,rio de janeiro,RJ,1,2017-12-21 11:27:11,79.0,79.0,1.0,113,79.0,0.008771929824561403,0
d601beb029e532aeff82426830730d49,bc7de832b3147c86ca8863d54565b9b1,18072,sorocaba,SP,1,2017-10-15 23:06:38,29.9,29.9,1.0,179,29.9,0.005555555555555556,0
399f770d21c854e81fde65dd3406b987,9350b6236d8648f6eef79b0bb562b5f7,17560,vera cruz,SP,1,2018-04-07 20:14:01,20.4,20.4,1.0,6,20.4,0.14285714285714285,0
79ff73ee4e2d30dfe853ed111a3e367f,f7089cec59a3515cbb4d1fbf45c20cf9,31995,belo horizonte,MG,1,2017-12-15 18:01:37,99.9,99.9,1.0,119,99.9,0.008333333333333333,0
460d69a7f123395d881d1122d36e0f87,487b4ea515b16a8a3bae87a0c487b438,6436,barueri,SP,1,2017-11-02 17:07:50,39.0,39.0,1.0,162,39.0,0.006134969325153374,0
be55f2be3c967a6b77b75158d8d6260d,61e20081e2cdb77bcf311d438c3528a6,35447,barra longa,MG,1,2017-09-02 17:37:10,1300.0,1300.0,1.0,223,1300.0,0.004464285714285714,0
7e27f4fc651dbbb8ef84aa9450dae2a5,5f625106b926dd7fe59fc55a87023068,4438,sao paulo,SP,1,2018-01-09 19:59:13,155.0,155.0,1.0,94,155.0,0.010526315789473684,0
d051e78ab899b602d57f5edaca78bfbe,b68a98377d20140feaa17eeb61687459,36570,vicosa,MG,1,2017-03-05 20:17:09,25.9,25.9,1.0,404,25.9,0.0024691358024691358,0
82659d9d36476dcd64db2212d90f7457,20b72badcae7a60f803713e9bc93311c,76958,nova brasilandia d'oeste,RO,1,2017-03-19 15:52:41,313.9,313.9,1.0,390,313.9,0.0025575447570332483,0
79144f1b9488d523464997d56bbb6463,1c2ffb8da2251634b36f29e272532134,72545,brasilia,DF,1,2018-02-08 17:00:48,49.9,49.9,1.0,64,49.9,0.015384615384615385,0
3d58b5a4896222884b74ea5074edc1b7,26212dbef2793994deae6798686c6c74,39402,montes claros,MG,1,2017-06-12 11:47:43,39.9,39.9,1.0,305,39.9,0.0032679738562091504,0
d87d1c08c59e86ce55b5a78f368898d1,94e6fc514ff9628aa650d4a6076ea9ed,9619,sao bernardo do campo,SP,1,2017-11-24 19:52:19,387.2,387.2,1.0,140,387.2,0.0070921985815602835,0
21b1540ea5bd484a35a8b46662a0b756,f20c1d28f91e4d11247d116b95a76e9e,41770,salvador,BA,1,2017-11-25 09:41:04,32.99,32.99,1.0,139,32.99,0.007142857142857143,0
bad02fa91ee4c30b713b2be4d4a15650,b40dbfe9e5c408e8e4d943656ad1ece6,37044,varginha,MG,1,2017-04-02 10:30:10,288.0,72.0,4.0,376,288.0,0.002652519893899204,0
433f70f1d652d249dd045f7922c5169c,3a43f306607630fc72fd89865479b14a,2993,sao paulo,SP,1,2017-09-12 18:03:22,83.48,83.48,1.0,213,83.48,0.004672897196261682,0
e69714d6b494f7279512327ebcc01889,cad51aa032a0834a45c27586bce31d1c,23560,rio de janeiro,RJ,1,2017-05-17 11:36:51,2109.9,2109.9,1.0,331,2109.9,0.0030120481927710845,0
53a5f51bfd61224352810a4b5d33edae,67e17b43008b31b692bd7fbeb7582126,19050,presidente prudente,SP,1,2017-08-16 21:45:43,214.0,214.0,1.0,239,214.0,0.004166666666666667,0
58f28288856f391fd920e892adde9393,71a26c172a544ccc789674f1fab9d951,32340,contagem,MG,1,2018-04-13 13:45:45,168.8,168.8,1.0,0,168.8,1.0,0
49ee772ae3757a7a5a306a582d2907a5,37b037bf83ac298b4fd1d8c2e96b7f26,51011,recife,PE,1,2017-09-09 15:40:34,79.9,79.9,1.0,216,79.9,0.004608294930875576,0
5da862c892972d042f5dfda14f1d6c98,4ddabde26cd4b8378ccbdc76daf8b745,29600,afonso claudio,ES,1,2017-02-23 23:06:40,64.99,64.99,1.0,413,64.99,0.0024154589371980675,0
4499d160ec40728533c4b23180bf6140,3f6f2c74e11bf3f1d61213184df72e1b,65274,nova olinda do maranhao,MA,1,2017-10-26 16:14:29,79.9,79.9,1.0,169,79.9,0.0058823529411764705,0
9d802974e9903d8f288f6a7c10b4cc59,0d54cf0e84332401cb2d14f9822eaec9,41940,salvador,BA,1,2017-12-15 00:59:42,25.9,25.9,1.0,119,25.9,0.008333333333333333,0
98a06a6332545015fba5269ad5dc4f5c,621d7618a6e51635c258127314d3f457,12030,taubate,SP,1,2018-01-30 15:54:34,21.9,21.9,1.0,73,21.9,0.013513513513513514,0
e1ac420ce71810297563ec7eed721e72,c918518fd2e027d23d63632378e39b09,22743,rio de janeiro,RJ,1,2018-01-25 20:53:56,229.0,229.0,1.0,78,229.0,0.012658227848101266,0
0ebf4ea5d562d47342359187bc4a1dd3,daa7bbf7016cc30bf64f97d1db63e5e6,6210,osasco,SP,1,2017-07-14 14:04:02,49.0,49.0,1.0,273,49.0,0.0036496350364963502,0
f1e7fdffd7bac5ba4e53b092a314ed45,406b3f44f5f94a0bd14d6672e0de4266,24416,sao goncalo,RJ,1,2018-04-01 23:05:58,135.9,135.9,1.0,11,135.9,0.08333333333333333,0
8b4639324f4de248b5196a893aaad0eb,221492f5b34169eb3973e16b81f59b26,58038,joao pessoa,PB,1,2018-03-18 21:13:46,35.9,35.9,1.0,26,35.9,0.037037037037037035,0
ea8027eeeadff54d4f337b68f39cb69e,16ceb4d79cdc7336138f71a76a52af71,36640,mar de espanha,MG,1,2017-09-11 10:20:21,34.9,34.9,1.0,214,34.9,0.004651162790697674,0
2573207acd565358bd39471c79676c5b,35493505415b51d95d652960d68f1b8c,29100,vila velha,ES,1,2018-03-16 16:08:04,149.0,149.0,1.0,28,149.0,0.034482758620689655,0
d4f12ccbfe1440f1b0b653884eedfaf8,8ee3fb71a70e0c0062e676fe02aec2ef,13087,campinas,SP,1,2018-01-13 14:25:15,189.99,189.99,1.0,90,189.99,0.01098901098901099,0
f344a641af9aeeb5dca01be9058eb92b,4b9729eb2124c528cdd6384a9e989d86,27250,volta redonda,RJ,1,2018-02-21 12:09:19,56.0,28.0,2.0,51,56.0,0.019230769230769232,0
b70f8552b91ef49129519206966e2472,3e43e6105506432c953e165fb2acf44c,11700,praia grande,SP,1,2017-12-01 22:37:41,50.0,50.0,1.0,132,50.0,0.007518796992481203,0
9d4f80182bcd5568a9a1df457fdde24b,3896294a5c51cceb8f670754ee49a172,9688,sao bernardo do campo,SP,1,2017-04-11 15:53:25,99.9,99.9,1.0,367,99.9,0.002717391304347826,0
38623e7d6365bafc3b3bacd7d64ffda1,8f91ed4e9b53da730f301ccff96a97e5,35661,para de minas,MG,1,2017-09-30 07:55:03,35.0,35.0,1.0,195,35.0,0.00510204081632653,0
2b67890640821ea4b35b9c834c41913a,9974f0006c73c78942ebe7913f599d97,73770,alto paraiso de goias,GO,1,2018-02-04 15:17:16,113.98,56.99,2.0,68,113.98,0.014492753623188406,0
e84e1c70c5abcab689d6bcee4023a083,6d18d93feaf5a91d029a1ca3ea0a7313,41810,salvador,BA,1,2017-11-25 10:13:51,23.4,23.4,1.0,139,23.4,0.007142857142857143,0
8ec5d1bb574d20d61a22a89127329060,93912813ad240dc44785cf76e5250fa7,57038,maceio,AL,1,2017-10-23 11:38:18,259.9,259.9,1.0,172,259.9,0.005780346820809248,0
c3a998f9bf142fb0f745c8a7ada028f2,f17842fa45e45818de36b5862c93cac9,3253,sao paulo,SP,1,2017-11-24 15:15:42,84.99,84.99,1.0,140,84.99,0.0070921985815602835,0
821655ab2e1dee407394c784caea8de0,cfa9130eefbc3008102ccbc4889cfe5d,23045,rio de janeiro,RJ,1,2018-01-15 14:12:48,119.9,119.9,1.0,88,119.9,0.011235955056179775,0
109e52a36c54ff5c530df98a75fb1db8,d5f79f616536f08c3946ee6ac810a43a,12242,sao jose dos campos,SP,1,2017-10-03 16:44:16,69.9,69.9,1.0,192,69.9,0.0051813471502590676,0
674c04904747c07295ee1e256c6f4dcb,9b7fcde05dd369caf4dea1f04ed39fcc,2443,sao paulo,SP,1,2017-09-15 09:21:45,119.99,119.99,1.0,210,119.99,0.004739336492890996,0
874211fffa941800228fb197bc411ef1,149c19901ddcd1057deaabc003004a12,79090,campo grande,MS,1,2017-08-28 13:49:55,259.98,129.99,2.0,228,259.98,0.004366812227074236,0
9b6d99e4fad63c0af01caa003bf8227b,fd82070a19eaaa47a5db0ea3f3a339a7,15900,taquaritinga,SP,1,2018-03-07 13:46:57,47.49,47.49,1.0,37,47.49,0.02631578947368421,0
96abf0d6ed5581dcb89480606bd1b729,43beb78935adea90d769ef58208ca634,11040,santos,SP,1,2018-03-26 21:05:48,35.0,35.0,1.0,18,35.0,0.05263157894736842,0
aa5b7785199c225fb6938bf1372d6026,280dffddab1301eeb08ee0be0bd0ca2a,59150,parnamirim,RN,1,2017-12-15 15:09:44,34.0,34.0,1.0,119,34.0,0.008333333333333333,0
979a8aa060214efede0c9c0ee7915325,146ff8305e1410189e358b3e9eef2a6e,78600,barra do garcas,MT,1,2018-03-19 16:47:59,152.0,152.0,1.0,25,152.0,0.038461538461538464,0
a5870c43e5dc9630238f6e1af26c5b3a,5ff9e64f6be73f43f62bc8ad827bcc25,18900,santa cruz do rio pardo,SP,1,2018-01-03 22:28:58,69.77,69.77,1.0,99,69.77,0.01,0
45c3116824672fd443b1f5d6dcb299cd,a096deeb6ffacc02fa4efedd3c855767,93315,novo hamburgo,RS,1,2017-11-23 18:39:31,19.9,19.9,1.0,141,19.9,0.007042253521126761,0
d402764a7ce0b2bc443330e94523f26f,9b9035de65d332968851b326ee7463b2,20931,rio de janeiro,RJ,1,2017-09-03 22:09:54,49.0,49.0,1.0,221,49.0,0.0045045045045045045,0
4e8c561a05a9ce1de6804af430f3ea9d,4d817def50e83c178d1d448d704b2348,20530,rio de janeiro,RJ,1,2017-07-31 19:33:23,68.0,68.0,1.0,256,68.0,0.0038910505836575876,0
c6e9208594de0ddb9c87118e75b7363c,37df6cf2f4402dbea288315fb12a84aa,45652,ilheus,BA,1,2017-03-11 17:05:35,99.0,99.0,1.0,398,99.0,0.002506265664160401,0
ff6f39a2a4be2c5fe2e1f334a984361c,0c7b7ce4f8dc862f259a4eb3298d46d0,21910,rio de janeiro,RJ,1,2017-03-06 11:23:04,24.0,24.0,1.0,403,24.0,0.0024752475247524753,0
aee140539d699da4a18bbea33883c861,13a820054b49008f130da176c4e0487b,56280,araripina,PE,1,2017-03-04 14:08:26,1099.0,1099.0,1.0,405,1099.0,0.0024630541871921183,0
9db5a77b7d8772e36d6aa22ff9a65e97,f878980724833340c8565905e4526eb3,13405,piracicaba,SP,1,2017-04-24 21:01:21,48.9,48.9,1.0,354,48.9,0.0028169014084507044,0
c1abff35043c0e725bf14979f11a8e29,599bb6a3553b367bdc1b3cee194b4fb9,35170,coronel fabriciano,MG,1,2017-07-12 19:09:27,65.0,65.0,1.0,275,65.0,0.0036231884057971015,0
34013e6172fdd3af23275163a583bd8f,deed7b5b71b27dff5c9fb7263a3c2857,25570,sao joao de meriti,RJ,1,2017-11-25 11:17:19,82.0,82.0,1.0,139,82.0,0.007142857142857143,0
62286d8b713dea952e1d37b8acd17016,e2889baccec81ed3bed4d66c1c675cb2,92990,eldorado do sul,RS,1,2017-05-23 11:05:06,89.9,89.9,1.0,325,89.9,0.003067484662576687,0
2791a0bb5dbd08e4c03e71f53ea04efc,de2f388db6027d874119e19f1074f080,13290,louveira,SP,1,2017-11-06 21:04:43,24.9,24.9,1.0,158,24.9,0.006289308176100629,0
e28d48b1fe42485c2c1cf7f29aa078ff,fd747660ddf9df7c87b90f576960b2f5,24422,sao goncalo,RJ,1,2017-06-09 14:24:12,130.0,130.0,1.0,308,130.0,0.003236245954692557,0
e9c9e8edea5b2c31b8ce06f9ff086ce4,91cd9a69d709b23d9682fe8d4baa458c,65071,sao luis,MA,1,2017-07-09 19:10:21,75.9,75.9,1.0,278,75.9,0.0035842293906810036,0
33c39ed7b6362b7ea09ca4acc6f293e7,3cf3148d940e0838e2f9ebe3cdd66f7c,9371,maua,SP,1,2017-10-06 16:56:47,495.0,495.0,1.0,189,495.0,0.005263157894736842,0
19f1fc491b7b350f93bb538f0cd48912,a7833d728ffd7f7c2b419b749aa04e28,13024,campinas,SP,1,2018-03-05 09:28:19,81.0,81.0,1.0,39,81.0,0.025,0
a1a1a00b4c0d224f299efd03f01af3f7,9634506e629708834ecc42acc3c90019,13400,piracicaba,SP,1,2017-04-19 17:23:15,23.9,23.9,1.0,359,23.9,0.002777777777777778,0
4221add5278262a337af11aa0ce3bec1,81b133c3f4e30a14a6585a2f20ff150f,1445,sao paulo,SP,1,2017-06-23 08:45:22,69.9,69.9,1.0,294,69.9,0.003389830508474576,0
c994d6b0515f1e1fd246d40214d32fa6,eb4e9594ff7f92379d4109c4e2976f93,13057,campinas,SP,1,2018-03-16 21:13:49,165.0,165.0,1.0,28,165.0,0.034482758620689655,0
75cc2d098cc1aa9cb7ea863100b5c200,ad025c560160b103fa526e237381ece7,88340,camboriu,SC,1,2018-03-04 15:23:16,240.0,120.0,2.0,40,240.0,0.024390243902439025,0
46dc7e781b1af14990e339d42bbb6477,652fd7c43db8901ee0e6186d5c794824,35930,joao monlevade,MG,1,2017-08-30 00:02:39,85.99,85.99,1.0,226,85.99,0.004405286343612335,0
ae25265cf319f68008560dda699284a1,d89b8a8179c94edc9c398d57ebf3bf0d,29055,vitoria,ES,1,2018-02-17 12:09:24,479.9,479.9,1.0,55,479.9,0.017857142857142856,0
4b275d19c7abd9fc3d9904b0607d169a,bcfd923b7801435849731bd1c60509a6,4256,sao paulo,SP,1,2018-02-11 13:41:56,49.9,49.9,1.0,61,49.9,0.016129032258064516,0
be10f8d6a8eaf7abc4b481e668f080ce,5c5d29938f2e541cf631e829dc75c9f4,36500,uba,MG,1,2017-07-04 10:48:43,39.9,39.9,1.0,283,39.9,0.0035211267605633804,0
03a6f3a3935165f5d26f4797ba6039bb,94c1c602b16a9fdfbc154ef63cfa50f9,4012,sao paulo,SP,1,2017-04-06 17:11:06,2492.5,498.5,5.0,372,2492.5,0.002680965147453083,0
3f14386448ceda077f073218a95e855e,de710dc3e3ff1f28149f1ae6f234ed3f,27273,volta redonda,RJ,1,2017-12-07 10:46:21,141.94,70.97,2.0,127,141.94,0.0078125,0
5b1ea921958e57b323d3bcbd9bd6ed7c,eae7ab2fc38ab94abc121aebb9185059,95076,caxias do sul,RS,1,2017-12-03 17:21:20,75.0,75.0,1.0,131,75.0,0.007575757575757576,0
2c5fa55f96afc893b29c94255b4b7ad5,26acc72cbc14d9fcd1a519a43d5376ac,71917,brasilia,DF,1,2017-12-04 10:58:22,89.0,89.0,1.0,130,89.0,0.007633587786259542,0
020a406d49fb26441c5cab66fb8309bb,ee62d5fbe74028c95e30c8b3ba740c62,12950,atibaia,SP,1,2017-12-06 12:41:52,14.9,14.9,1.0,128,14.9,0.007751937984496124,0
ad8653edd19b5fce6af3a75366bcb7b2,5343eef4e6f89a11789a35b9a4f5ef2d,78740,rondonopolis,MT,1,2017-03-18 09:39:29,24.9,24.9,1.0,391,24.9,0.002551020408163265,0
bd67767321f1daabd54569875f9a74cb,6f4b72266680f58d39e7bc49430aee60,3088,sao paulo,SP,1,2018-01-15 16:02:22,329.93,329.93,1.0,88,329.93,0.011235955056179775,0
3516fe1f76836656ef2b0606179ad3ce,a9aaadd25b8c9effb6bf0bac1c1d157b,5574,sao paulo,SP,1,2017-08-19 22:15:06,98.0,98.0,1.0,236,98.0,0.004219409282700422,0
28cf24314e32e953bfab6bd5c19d2440,f46971f1ac7b376b668114a027c98e78,87055,maringa,PR,1,2017-05-15 16:39:17,42.9,42.9,1.0,333,42.9,0.0029940119760479044,0
f0737b94fe6941ef04bd183d84e8b284,be96829792c86c92399dba4096b403d2,66620,belem,PA,1,2017-10-16 19:15:56,52.99,52.99,1.0,179,52.99,0.005555555555555556,0
35b6010ad8b185e27365ae8366cbb76d,e31b80f478df67bee358c8d799deeef7,71805,brasilia,DF,1,2017-08-05 00:17:35,32.5,32.5,1.0,251,32.5,0.003968253968253968,0
07efbcfb30cb5bc9848be5f17af8eaab,9f13bdb4c0f5b6a3a6b5f4cf33c0121f,22770,rio de janeiro,RJ,1,2018-01-30 14:04:57,84.9,84.9,1.0,73,84.9,0.013513513513513514,0
43be7f68acb621076bde97c734132eb6,1440bec7789378ccc97afd42215a2073,22765,rio de janeiro,RJ,1,2018-04-02 09:25:04,59.99,59.99,1.0,11,59.99,0.08333333333333333,0
e22c4672d1f7767da4ef71549feff7c8,6d35fcf95d52537e7b59d2b1ac6da762,21831,rio de janeiro,RJ,1,2017-11-28 15:10:53,79.0,79.0,1.0,136,79.0,0.0072992700729927005,0
5f0fdca1383e271d2ba9daae64f119e2,b971e07b7b4fe82479905d2e6a137814,37997,claraval,MG,1,2017-10-11 15:12:05,171.0,171.0,1.0,184,171.0,0.005405405405405406,0
aeda955c84b2a855165c2049b66b447f,a621c2c0af1dd7269c1ce20602f1bf9d,44050,feira de santana,BA,1,2017-09-09 08:50:46,180.0,180.0,1.0,216,180.0,0.004608294930875576,0
1a8a24b6904f80d445faf68aaa56ce35,e105dec92cee6465244879914c792707,88802,criciuma,SC,1,2018-03-07 16:51:09,1005.63,1005.63,1.0,37,1005.63,0.02631578947368421,0
2e0bfa6011ac97514219d751ffb3e086,c2d9fffc59f419a6d7b8a3bf1ce22611,6665,itapevi,SP,1,2017-07-19 14:08:55,15.98,7.99,2.0,268,15.98,0.0037174721189591076,0
0c6fd39752c6d0290341e66b6c357f3b,e016365b624d1755f3e2d0e8f1631ebb,68530,rio maria,PA,1,2017-05-22 14:33:20,72.9,72.9,1.0,326,72.9,0.0030581039755351682,0
18d40b039819845ba47e637971b75735,5042843e7dd9fa9d4d8dd7da52f15f14,82100,curitiba,PR,1,2018-01-13 15:18:32,69.9,69.9,1.0,90,69.9,0.01098901098901099,0
7478c22961661e8adccc13e1763ea59f,1154b3eb892ddbaa5d244c0c32cac57c,37757,poco fundo,MG,1,2017-03-10 13:45:44,103.97,103.97,1.0,399,103.97,0.0025,0
8a0c8a9b5f063ebffac115532c94cf1c,86aab532f2ba80ff8f2a9d3bf7a02221,76380,goianesia,GO,1,2017-06-29 12:26:11,97.9,97.9,1.0,288,97.9,0.0034602076124567475,0
e908b924226c39f055d910e21acdef87,91b8e44f51338493ba6f0d70a0f8fd8d,71692,brasilia,DF,1,2018-01-22 14:29:31,174.75,87.375,2.0,81,174.75,0.012195121951219513,0
d6b09d23b3031fa9b3785989f4a635b1,6ff62b85b8dd35a3402d54618bdafec6,8330,sao paulo,SP,1,2018-02-02 17:30:03,333.0,333.0,1.0,70,333.0,0.014084507042253521,0
d2d83da97b053656de05c3a2184666e5,4f1455bdf967d9144c8f55c7b99bbdff,71215,brasilia,DF,1,2018-04-04 19:53:45,39.99,39.99,1.0,9,39.99,0.1,0
1470c7af104f8a4e129eace53c91c75e,1c95664ac009eb01b1907afee36b4130,8610,suzano,SP,1,2018-03-24 18:17:14,58.5,58.5,1.0,20,58.5,0.047619047619047616,0
ad1e6b608a4dca0dd25bf862939cf3aa,28a1eefd99d5c12b18c9e601df9e811f,15053,sao jose do rio preto,SP,1,2017-08-28 12:12:38,86.69999999999999,28.899999999999995,3.0,228,86.69999999999999,0.004366812227074236,0
b1f9668ff685337055df4dc21582320d,8692fdf7014344941fcbc6dcd2488ca9,22760,rio de janeiro,RJ,1,2017-05-06 17:51:11,28.9,28.9,1.0,342,28.9,0.0029154518950437317,0
5297ee74ebc6c60b203e91782c3205d1,6abfc2aef3b5c263bcf70e56a6b79fc1,86200,ibipora,PR,1,2017-08-15 21:43:53,79.9,79.9,1.0,240,79.9,0.004149377593360996,0
dcf29d92b5428a9fbcdff7b35442e1c2,2e46c6ed81f552fd73f50e758de5e577,87140,paicandu,PR,1,2017-11-26 23:03:38,79.0,79.0,1.0,137,79.0,0.007246376811594203,0
1bb9aec4f2cee2853d9083e747f00db4,189ad8f756f2949a129404227b25b34a,88034,florianopolis,SC,1,2017-09-26 12:57:49,320.0,320.0,1.0,199,320.0,0.005,0
0c3060b6e196ea68986b130a86c8ea08,b9aad088d2ce9501d59cae5754b67226,22410,rio de janeiro,RJ,1,2017-12-04 17:06:08,1299.9,1299.9,1.0,130,1299.9,0.007633587786259542,0
00f539ee95c97870a2a4f261a2d96ba4,ca17449b50589db8a44f96a187133bcf,35360,sao pedro dos ferros,MG,1,2018-03-27 22:38:33,169.9,169.9,1.0,16,169.9,0.058823529411764705,0
276b9e5886dacbd1a37c6d7c55ab0220,14ff856d57670825d6225d367accd9dc,38402,uberlandia,MG,1,2017-11-28 11:39:04,63.14,63.14,1.0,136,63.14,0.0072992700729927005,0
55cbadf1632a0767011855eac1eb4313,4d3eccac5883986e619df1f95a26ae6b,1410,sao paulo,SP,1,2017-06-05 07:01:35,94.9,94.9,1.0,312,94.9,0.003194888178913738,0
7c60c84731b8e58a42689eaab73eda48,61f9b57e50dee129206e099681f0ef03,22231,rio de janeiro,RJ,1,2017-11-25 00:04:49,29.9,29.9,1.0,139,29.9,0.007142857142857143,0
a621b3f60876c815447f6d571e3c226d,bfc1df2bcc9d8c1457bf962d8c9ab204,28740,conceicao de macabu,RJ,1,2017-07-31 17:21:36,59.9,59.9,1.0,256,59.9,0.0038910505836575876,0
bc2799ce7d11d287ada62e695e3203fc,926787c5cfb981acd2c82fa388813421,5468,sao paulo,SP,1,2017-05-10 17:15:52,13.99,13.99,1.0,338,13.99,0.0029498525073746312,0
6901dc5c2acd5cf1e428f3384d9a1938,57fd460d41d0befa7ab834f3c06dc731,32070,contagem,MG,1,2018-03-20 14:07:40,49.6,16.533333333333335,3.0,24,49.6,0.04,0
e98b542a840352aaf7d87f7d9f15f24a,ba877bd20f4fc0198b9627ec48ed01a8,9280,santo andre,SP,1,2017-06-19 14:05:47,119.8,59.9,2.0,298,119.8,0.0033444816053511705,0
49f218b2505aac7db523e8b1432f7915,7cee74898db6f06a7b0471aa2486a1ad,99840,sananduva,RS,1,2017-07-14 10:37:08,125.9,125.9,1.0,273,125.9,0.0036496350364963502,0
259a820d067858fdd33aad502d61c2be,3f6a7ec761c101755a2052d82d315f71,30130,belo horizonte,MG,1,2017-11-12 13:36:04,64.0,64.0,1.0,152,64.0,0.006535947712418301,0
dddf4f7d4ee2cd254527d7e9078c4483,239a3911f6fb01d5ca67cbc9ad80f969,4117,sao paulo,SP,1,2018-01-29 21:57:06,29.9,29.9,1.0,73,29.9,0.013513513513513514,0
a79c1acf6c236100fc4a14f67e90f69d,4b7f5e85252a59d2b30d15b9e8d5c0cb,18170,piedade,SP,1,2017-11-05 10:58:05,314.9,314.9,1.0,159,314.9,0.00625,0
d6f0573b711861f4999b9dcf22903bd0,78d5f7c0aefaa7f0ae663dd466f83627,5712,sao paulo,SP,1,2018-03-23 15:24:26,89.1,89.1,1.0,21,89.1,0.045454545454545456,0
bcc60fefed836fce311047cb4ad6a504,2e3c1ec925c0e468eea4848e1502ac1b,6010,osasco,SP,1,2017-12-06 11:19:14,45.99,45.99,1.0,128,45.99,0.007751937984496124,0
b470feced32581d9db37145350be0401,1fdf2b8c15adb50391ced5e39e2985aa,13174,sumare,SP,1,2018-02-13 13:17:42,29.99,29.99,1.0,59,29.99,0.016666666666666666,0
393810522bb0c8b9f4d64845cba11e7c,dcbb6d432605b9f93bd9209c290b800a,7726,caieiras,SP,1,2017-12-18 19:58:36,559.0,559.0,1.0,116,559.0,0.008547008547008548,0
f296f88c13ab7f40770c56810e4fcfcb,8ea8c30fa60f3775211c6ca2c7a9f068,14940,ibitinga,SP,1,2017-11-24 20:44:16,56.99,56.99,1.0,140,56.99,0.0070921985815602835,0
0ea66986b3704c6a5212c9327cb5a27c,6b2d7f91275bd405af986115bcaa5fa9,78068,cuiaba,MT,1,2017-10-02 18:02:21,169.99,169.99,1.0,193,169.99,0.005154639175257732,0
0759284165b6a48d477306b72b1ed8df,bf9d92cded4a9c925f990d2c33f55a82,39868,serra dos aimores,MG,1,2017-02-10 11:18:22,139.0,139.0,1.0,427,139.0,0.002336448598130841,0
2c2c6d6306525aa4e3b0508924c7e553,ff6275fe63f74d9a63ce29460d90dfac,5334,sao paulo,SP,1,2017-04-23 11:12:58,84.99,84.99,1.0,355,84.99,0.0028089887640449437,0
7a008fcdb10f2c786f7277fa29c6b95d,52970000f20b04063762e11517f75e8c,41280,salvador,BA,1,2018-04-02 10:49:22,37.0,37.0,1.0,11,37.0,0.08333333333333333,0
56e1229b6007b3aae06f26bb7f564bce,d048bd66855d824542fd4700b1f414ce,2845,sao paulo,SP,1,2018-03-20 23:22:32,19.5,19.5,1.0,23,19.5,0.041666666666666664,0
19f4e983f8f05b7de16670f8a0cf0ac7,a8ed24537ad1fbef1fb6f0b58ad39d01,18740,taquarituba,SP,1,2018-01-20 17:36:26,56.99,56.99,1.0,83,56.99,0.011904761904761904,0
8d5c9911b3188c197d27411808705b52,cd3058dc8561e821c462950c8f960d51,20551,rio de janeiro,RJ,1,2017-08-04 22:46:46,69.9,69.9,1.0,251,69.9,0.003968253968253968,0
2278e9011d364b2ad3dfc2ca4b1eda17,f6e984e0e2a6d1f4a35f84deb8a65580,96790,barra do ribeiro,RS,1,2017-05-28 18:10:16,129.9,129.9,1.0,320,129.9,0.003115264797507788,0
38ae66eca48b8ee852219d96d98c0b85,fa458c3a05d049490dbdc2164dc0ecb5,87025,maringa,PR,1,2018-01-13 16:33:01,56.99,56.99,1.0,90,56.99,0.01098901098901099,0
44dcf012f505f08758861bbe8348c0ab,ddbc18ed86e1049268db81f16116d2fe,88809,criciuma,SC,1,2017-03-29 11:56:53,98.9,98.9,1.0,380,98.9,0.0026246719160104987,0
6be61d704faaff9b97ccf47289ce94f5,270e7db24eed36da9e6a4ee5a8ccdc1f,22743,rio de janeiro,RJ,1,2017-03-17 15:56:47,65.8,32.9,2.0,392,65.8,0.002544529262086514,0
475b253f80a34edfa6229af20a56914e,8f701e9f930cac0d9df626b8e4d4e91d,76410,campinorte,GO,1,2017-07-28 23:56:31,220.0,220.0,1.0,258,220.0,0.003861003861003861,0
013e49bb711629177d848e409b7566c5,a4ec2e3d635afbd7f5e420bda0b15861,4578,sao paulo,SP,1,2018-01-30 07:15:03,55.9,55.9,1.0,73,55.9,0.013513513513513514,0
02bfa7864b9a06a122b976e47a743353,ca1e8f7cd3d61fe4da5887c3253095ac,87360,goioere,PR,1,2017-03-02 09:23:19,89.0,89.0,1.0,407,89.0,0.0024509803921568627,0
164564995667621b6653afd715ba0e6f,b1f4d69cae920d16d4f996c4fbb0ebf5,6810,embu das artes,SP,1,2018-01-16 21:51:54,200.0,200.0,1.0,86,200.0,0.011494252873563218,0
c1536bb66dfe5a5f3f9547f58a085b8e,bc582639663781d2f2c5745260f65e0c,5415,sao paulo,SP,1,2018-02-18 15:29:25,144.41,144.41,1.0,54,144.41,0.01818181818181818,0
2c08cc5dfb684e0bb4d3846b3171f81b,8ee658cd5f58524dca2fde700b44548b,85960,marechal candido rondon,PR,1,2017-05-09 08:42:15,119.0,119.0,1.0,339,119.0,0.0029411764705882353,0
34c59bf3d0944d2887ee2987c2eda500,d39ae25acb5abb3eeb7ef96ff1f41710,23970,parati,RJ,1,2017-06-23 18:17:05,99.99,99.99,1.0,294,99.99,0.003389830508474576,0
801e6d59e9665f5ed9fac67b7a5ba67d,915219fa5f275ea30b1607e5dc78ce78,1224,sao paulo,SP,1,2018-02-21 00:49:56,29.9,29.9,1.0,51,29.9,0.019230769230769232,0
a58271108e349e574b143bfd78c21e02,5f84e9043a925cb8a774a6617399bb93,39648,chapada do norte,MG,1,2018-02-07 22:21:56,269.9,269.9,1.0,64,269.9,0.015384615384615385,0
15f88a36771492e2122d4550716862ea,34e19eb83a7ca102c1dd4ee4264d889e,72225,brasilia,DF,1,2017-06-10 00:43:02,69.0,69.0,1.0,307,69.0,0.003246753246753247,0
483d9226608f90c18049efd44ecbc7b6,7cf96e1a99fc15b0101ab3ed47048461,29704,colatina,ES,1,2018-03-29 16:10:08,173.0,173.0,1.0,15,173.0,0.0625,0
216a6db6f1a98e8e2ba140b34bf17d8a,3fa14374b8e4e4c1015ee6d6a0313607,8373,sao paulo,SP,1,2018-01-09 14:27:02,31.9,31.9,1.0,94,31.9,0.010526315789473684,0
b504fe42a7d664cad29f108299f51629,ca5c22758e4f6781ba277d327fe3d7eb,97010,santa maria,RS,1,2017-10-20 17:20:37,139.99,139.99,1.0,175,139.99,0.005681818181818182,0
5f09aa87610a98957168855e0b781b09,9cbd11daac8f21468a69219da8eeed76,2728,sao paulo,SP,1,2017-12-14 09:47:08,177.0,59.0,3.0,120,177.0,0.008264462809917356,0
b6021af6074c8657c467992429b9a368,80faf0a4dd69bfb39d05727aa42f2331,31070,belo horizonte,MG,1,2018-01-25 11:45:37,29.99,29.99,1.0,78,29.99,0.012658227848101266,0
5902a1f2ea205de385670535ffd5e0a6,90d0fa4eb67598633d167ebbdecae37d,3514,sao paulo,SP,1,2017-03-07 16:07:57,689.7,229.9,3.0,402,689.7,0.0024813895781637717,0
7052a685364032f7d7c6d9f6e1e991fa,2eb2e86da92529026de1ea7bdf2774b2,48730,conceicao do coite,BA,1,2018-03-08 12:54:55,125.8,125.8,1.0,36,125.8,0.02702702702702703,0
9aa815a3c997d7178df3b6ede20a1363,02e0ab6a1eca5f017932ae3cd0953b88,4044,sao paulo,SP,1,2018-01-24 16:51:59,29.0,29.0,1.0,79,29.0,0.0125,0
13709df0dd790e4caf6f2c62468861a2,19bd193c8dd83aa9909132f0df55aa48,6711,cotia,SP,1,2018-03-20 15:09:28,35.0,35.0,1.0,24,35.0,0.04,0
88797eeedbc6f829464f79b5fb7dcd63,90a6aa7680e62af26d898652c6457688,11702,praia grande,SP,1,2017-11-25 22:11:45,49.9,49.9,1.0,138,49.9,0.007194244604316547,0
952f534f87d6ec6eeaa2cfd1d5987362,0ddfa54803cfa2cbdfff70b8620151a4,18570,conchas,SP,1,2018-02-20 11:37:45,89.58,89.58,1.0,52,89.58,0.018867924528301886,0
a7565b77bb0f0894d7e42dc03ea3f850,c457245989f08dd0359f5cc3ff904893,21843,rio de janeiro,RJ,1,2017-02-06 08:50:31,149.9,149.9,1.0,431,149.9,0.0023148148148148147,0
597b42a7a20556e77af8e237b6245b6c,8ef22961d84439c4f1f9f3d656c5c3d9,4079,sao paulo,SP,1,2018-03-23 15:16:34,60.0,60.0,1.0,21,60.0,0.045454545454545456,0
27259d491734d9d1b58f97938c0a5c01,eed4189bfc1ea0c708e927cf93d63bdf,29260,domingos martins,ES,1,2018-01-10 08:51:29,249.9,249.9,1.0,93,249.9,0.010638297872340425,0
6761270051135aff470ac0fc970e929e,325dc85b0e50effdc86e740694934c54,27320,barra mansa,RJ,1,2017-12-13 13:50:44,139.94,139.94,1.0,121,139.94,0.00819672131147541,0
7ed1f44bb8badb060d8c66394242ef45,e55696bf27c8cccf559550ad0b288835,79021,campo grande,MS,1,2017-04-23 17:19:26,29.9,29.9,1.0,355,29.9,0.0028089887640449437,0
2947b1f5493e916b287414dc93e1e6b0,bd795d5de7a0119b5460d76f411f31e6,2757,sao paulo,SP,1,2017-04-19 12:38:31,29.5,29.5,1.0,359,29.5,0.002777777777777778,0
a32a92d1ce4dbb02613186c1bb03a16f,771342358e6e01ca26ba76471beef529,90420,porto alegre,RS,1,2017-02-11 16:52:47,159.9,159.9,1.0,426,159.9,0.00234192037470726,0
ce29c5c31206878e5e352c5e1c63c50c,b8bdd8a2f61418b49d7b8c036673db3e,81560,curitiba,PR,1,2017-02-15 21:12:40,99.99,99.99,1.0,422,99.99,0.002364066193853428,0
99dc64f03cfca5952f1ea7dd668bf7b3,68ab9bfe2388b0b36614c7000b8b1cf8,40731,salvador,BA,1,2017-11-23 18:41:44,24.99,24.99,1.0,141,24.99,0.007042253521126761,0
e45eac8a6138c1103adefc016b3b5665,6419a1be8feac26ec793667b71cbaeb4,25655,petropolis,RJ,1,2017-12-26 14:57:27,269.8,134.9,2.0,108,269.8,0.009174311926605505,0
9eee19151f5de68f264d26aa58c990ee,96aa1d85351c471e25d70c9bb0444cb3,13205,jundiai,SP,1,2017-09-19 13:53:09,109.99,109.99,1.0,206,109.99,0.004830917874396135,0
070e9150f3506123fdf71f5a4e1b879b,38e4b8a9907cb5feaae9569e5d7d53e1,39205,tres marias,MG,1,2018-02-07 18:12:35,99.0,99.0,1.0,65,99.0,0.015151515151515152,0
a47703d55341244bf9e82521834ad64a,482b83576bf1699dd0a448805e211146,76265,santa fe de goias,GO,1,2017-01-27 09:20:04,1299.0,1299.0,1.0,441,1299.0,0.0022624434389140274,0
97a042d0a8b96a3b65900c89845bf2f5,2189407b96474fa4b84207ffbb8fcdc6,22221,rio de janeiro,RJ,1,2017-03-16 10:49:27,289.9,289.9,1.0,393,289.9,0.0025380710659898475,0
d47fe71e04e3e2ef9345538a49cf9935,734700e1503f27ee4f8d76c826abd763,8223,sao paulo,SP,1,2018-01-08 15:15:16,49.0,49.0,1.0,95,49.0,0.010416666666666666,0
66941ffc0731c1c827d9a5c6121cd9cb,cc6cb7aa075c6373149a1b8e8337654f,65066,sao luis,MA,1,2018-01-16 12:37:10,149.0,149.0,1.0,87,149.0,0.011363636363636364,0
82c1b2573eb18c62999ae22f2b5aa95d,254a9ae5db3bc5cb5027f6b616e8dab2,75075,anapolis,GO,1,2018-01-12 07:12:38,67.06,67.06,1.0,91,67.06,0.010869565217391304,0
b50f1cc40e82d3fe0a7226fe9ee7cd8e,ebedc15045555e7ed624ff7da267c611,28950,armacao dos buzios,RJ,1,2017-07-04 06:34:10,102.9,102.9,1.0,283,102.9,0.0035211267605633804,0
fad50c331c2852605dceb3e6d4f407af,5f6b45087ffdcdb0d0df81165b884ab8,38610,unai,MG,1,2018-02-04 16:04:56,279.9,279.9,1.0,68,279.9,0.014492753623188406,0
a7b3bd7ba727dae2bc4a68b78b7a7c64,86f5ea139f5fb8d91a5a340d85b128e4,75690,caldas novas,GO,1,2017-08-15 11:14:25,115.97,115.97,1.0,241,115.97,0.004132231404958678,0
63ac9058c1f1f1ec7f174e8d80d36ae9,6e333942859ee2b644a75f42da7b1c5a,38610,unai,MG,1,2017-09-22 11:08:46,99.9,99.9,1.0,203,99.9,0.004901960784313725,0
9886facc8bd2f4fd2d3cb6295c493b96,daf8072197465eabacb942e6f644585a,4917,sao paulo,SP,1,2017-08-12 20:40:18,20.0,20.0,1.0,244,20.0,0.004081632653061225,0
24d945b1286e8a0d63718f7e90c272df,f44b655b40aa692aaed9327b403ba3b5,59067,natal,RN,1,2018-02-16 12:56:13,229.99,229.99,1.0,56,229.99,0.017543859649122806,0
fa326e9c35ae7f61dd83e1e13a6b8353,7a08dd88ce7a21d946f60896cf937b83,23050,rio de janeiro,RJ,1,2017-11-09 17:37:49,399.99,399.99,1.0,155,399.99,0.00641025641025641,0
36f86f4abe21fa4ef147816fe0f90ef0,e665fbf7cedcbba1cffab417626c1a70,1309,sao paulo,SP,1,2017-11-24 13:06:07,127.05,63.525,2.0,140,127.05,0.0070921985815602835,0
f680ea76654a400d48f8ca6d16a20442,916264d8ad4f14f096a33c663343178c,11630,ilhabela,SP,1,2018-01-22 15:54:09,8.99,8.99,1.0,81,8.99,0.012195121951219513,0
06272f95035856cac16ee21693dd7302,dc1dac999319e4de0009df7ad0d02104,13225,varzea paulista,SP,1,2017-05-24 21:43:53,69.9,69.9,1.0,323,69.9,0.0030864197530864196,0
c105b81d3a6a33851246796a88ff749e,de1d8c78e49871e66ae405cce55c243d,90630,porto alegre,RS,1,2018-02-04 08:59:46,50.0,50.0,1.0,68,50.0,0.014492753623188406,0
d0059e82d12bd59f23e4e09b322e8d57,ddf6b5e5b8bb27ef61ddd976e9b3e37e,22763,rio de janeiro,RJ,1,2018-02-05 10:16:36,113.0,113.0,1.0,67,113.0,0.014705882352941176,0
80dceaacd607fe2959006b3796ad8a4d,27f23190d48300c65de208da4ab689af,4130,sao paulo,SP,1,2017-06-21 17:28:49,75.0,75.0,1.0,296,75.0,0.003367003367003367,0
29e96fb282c3989c38e825a01053c73d,ea6ddcef9a381f2e5ada59b72dad17fa,35700,sete lagoas,MG,1,2018-03-31 13:20:56,59.1,59.1,1.0,13,59.1,0.07142857142857142,0
9af15d3746688c85fe8c47cc68caf0f0,d23e9ac6539a33351d438258812292ae,24358,niteroi,RJ,1,2017-09-12 17:33:41,65.9,65.9,1.0,213,65.9,0.004672897196261682,0
47cc5c8daaed49e3017f7277388402d6,a977f8231287c77d844b16abd15d0a6a,35182,timoteo,MG,1,2017-11-26 16:15:10,50.0,50.0,1.0,138,50.0,0.007194244604316547,0
8fc079be60df7208407f6cad7ba33bdf,415268098f12965aabd82f1efbd5e59f,91230,porto alegre,RS,1,2018-01-04 01:56:56,81.9,81.9,1.0,99,81.9,0.01,0
ee039bb5e02a2f5eab3da733e88dbec3,d3c5da1916a2eaaade7f588632395d68,86036,londrina,PR,1,2017-12-16 13:56:09,119.0,119.0,1.0,118,119.0,0.008403361344537815,0
1add7aecea2a636b86f6c2dfdc40dcf9,e6c6259c52ccacc4cf38c2dbedcb7ee5,88036,florianopolis,SC,1,2017-11-13 14:54:36,299.82,149.91,2.0,151,299.82,0.006578947368421052,0
6183f69ce7ffe6c72c33e334cf18c5ee,977a0ff5c269ae1b027aed7e14e79454,79750,nova andradina,MS,1,2017-09-11 00:31:53,295.49,295.49,1.0,214,295.49,0.004651162790697674,0
b4d65a5315229c8b228ed56e5eaf3af6,375369861db1f30642981bbbed0c940e,76335,uruana,GO,1,2017-10-17 14:36:26,799.99,799.99,1.0,178,799.99,0.00558659217877095,0
4511ae99b6e4a71562a8fff52835d251,38cabae7509aad03c0fa8179a2a8b090,17480,cabralia paulista,SP,1,2018-01-22 19:57:33,19.9,19.9,1.0,81,19.9,0.012195121951219513,0
7ef6e35412db5a85693dc0909481ee07,2b9eaef1311d306fe845a1e6c9a59a28,6624,jandira,SP,1,2017-10-21 20:12:40,149.99,149.99,1.0,174,149.99,0.005714285714285714,0
61a03311eb27298ca1cba139fe4f553f,379111a80971bec2f58bd1c2a066669a,80420,curitiba,PR,1,2017-11-12 21:43:34,196.99,196.99,1.0,151,196.99,0.006578947368421052,0
7ea1796cd1883cc423df9b9a5483db94,ba8fc10a6f9dfeac29f4e92e7e9ee833,5857,sao paulo,SP,1,2018-03-31 18:49:05,119.9,119.9,1.0,13,119.9,0.07142857142857142,0
d3cb6584f820e1ade0b4c054fe5b0e1c,a90bbf7b5df8db48d17feac3314636e5,87014,maringa,PR,1,2018-01-22 12:07:05,150.0,150.0,1.0,81,150.0,0.012195121951219513,0
cb5ef95029aa695df3bb2d8e454fb78d,5f54c151c96644521e07c342c19d0d80,64009,teresina,PI,1,2017-06-14 23:03:48,44.99,44.99,1.0,302,44.99,0.0033003300330033004,0
8190a777da9fa9ca0d8e65e22cb823ca,a2403d65d0b41935d358ed743162913e,17030,bauru,SP,1,2017-12-05 20:11:25,79.9,79.9,1.0,129,79.9,0.007692307692307693,0
673109a1fff714fa4273743b032a9324,f6cc987aff14cd5525d0302701942722,11500,cubatao,SP,1,2017-12-15 10:16:16,119.0,119.0,1.0,119,119.0,0.008333333333333333,0
1477ef68b5dbf1417fead5a9814cf047,4c05f8d6dade0512d22f8894e2b6b2a9,5414,sao paulo,SP,1,2017-07-07 22:00:51,249.48,249.48,1.0,279,249.48,0.0035714285714285713,0
42ed17dd9dd112b5f482da819af01e08,79d8d400234c267b1a0b780e5ab24068,5639,sao paulo,SP,1,2017-05-15 12:01:45,49.9,49.9,1.0,333,49.9,0.0029940119760479044,0
439a4e8a7e580a3cbfb50b4b6eb4bbfc,4c4925689d929854b835443ed6da3f8d,8773,mogi das cruzes,SP,1,2017-12-19 20:18:06,119.0,119.0,1.0,115,119.0,0.008620689655172414,0
85f811b6af8146949931a11913719763,e3f183508920c7d5ebdb5f302b016565,88820,icara,SC,1,2017-09-19 18:51:06,179.99,179.99,1.0,206,179.99,0.004830917874396135,0
6fd87c3e71f1826c38e560951b6f459c,e2c483395f5aa739622936a3e826921d,11750,peruibe,SP,1,2017-02-14 18:12:12,439.8,219.9,2.0,423,439.8,0.0023584905660377358,0
cd259f364efa4e2633c2d2d2dd6f25c6,a25e4309a2a4740517a478124a467eee,81810,curitiba,PR,1,2017-11-11 17:22:10,24.99,24.99,1.0,153,24.99,0.006493506493506494,0
a6195f49275f8f8b2e54557531722145,fa98d9f9af1e16e0e205a601b0ccbe1f,30320,belo horizonte,MG,1,2017-11-02 16:31:52,169.9,169.9,1.0,162,169.9,0.006134969325153374,0
0241277be857dc59ae544ccac12b3e19,93586b2bc7001c6e37136d73e328b5b3,17516,marilia,SP,1,2017-04-19 08:56:39,49.99,49.99,1.0,359,49.99,0.002777777777777778,0
543000d24bdcd4410f2e0c13b7a0b4f7,0eb8fc3d7874dbda89ec5baacdbff18c,98995,porto xavier,RS,1,2018-04-02 22:03:20,282.0,94.0,3.0,10,282.0,0.09090909090909091,0
b751fcae2274aac027b38ae2b7e8b009,442cac7506ac5860d70980d13d2b9f98,12230,sao jose dos campos,SP,1,2017-10-18 12:36:56,194.5,32.416666666666664,6.0,177,194.5,0.0056179775280898875,0
7640595377bfccfde8539b69fa0efd98,6a10347c4d30b641669cb829d243c15e,5181,sao paulo,SP,1,2018-01-24 14:35:06,149.9,149.9,1.0,79,149.9,0.0125,0
0c305f688ce08dc9402a2164fd6f29d6,f68cbab6cbaab1d6226e2dafed486578,74315,goiania,GO,1,2017-11-25 14:10:20,39.99,39.99,1.0,139,39.99,0.007142857142857143,0
cec0f9df31c64636ab663d68079cfb2f,1930cde7df82e29f586ff77a81b36e5d,85550,coronel vivida,PR,1,2018-02-15 11:00:48,89.0,89.0,1.0,57,89.0,0.017241379310344827,0
70866865cfb7a386f82220cc07856c8a,222a805ee00a446bb73dfbd6f509e6af,9672,sao bernardo do campo,SP,1,2017-09-18 12:16:24,35.99,35.99,1.0,207,35.99,0.004807692307692308,0
729b8930036e5f2c3883bc38d7cae018,aa4fc6bd5cf9d541b5a808cdada1301c,12401,pindamonhangaba,SP,1,2017-10-26 12:44:45,38.4,38.4,1.0,169,38.4,0.0058823529411764705,0
a3413efece911dfc80dd67c37ed1fa30,a250aa1bdda81a2307f7dbee6ea666cb,14401,franca,SP,1,2018-01-30 13:04:47,279.9,279.9,1.0,73,279.9,0.013513513513513514,0
d7c70fe22a435b47ba0bab4bb6ef7883,59b90826e4ef0c0001e9d17359bf219e,37470,sao lourenco,MG,1,2017-09-15 11:26:04,50.0,50.0,1.0,210,50.0,0.004739336492890996,0
44ac2f795d5c5ecfdfabe89cb214cdfc,f56839656035e071bd0643d95baea825,36026,juiz de fora,MG,1,2017-11-24 11:22:09,99.99,99.99,1.0,140,99.99,0.0070921985815602835,0
62500b6c311fa15e3014b4a13391258d,98710e2cc353c64a7409de6f589a1604,20745,rio de janeiro,RJ,1,2017-05-04 09:16:16,54.9,54.9,1.0,344,54.9,0.002898550724637681,0
9248f24013892b2690a39829f54159b9,64be1085f459ad4720cd416c386d3e51,57052,maceio,AL,1,2018-02-19 15:16:15,224.9,224.9,1.0,53,224.9,0.018518518518518517,0
4ed45e482abfa0e715a648c5c5070b65,131341855a28a3cb84f93c21c4fd5dbe,13045,campinas,SP,1,2017-08-01 16:49:22,30.0,30.0,1.0,255,30.0,0.00390625,0
f84a84e29c14ad446d76a1efbd7d6464,48ef479eb56aecc89cc41f60756007ea,21380,rio de janeiro,RJ,1,2017-12-03 23:51:12,196.99,196.99,1.0,130,196.99,0.007633587786259542,0
bc251d1c25a7713b2bc3ee7806616135,242cec3046a78f37ed419b24e80c7f70,16901,andradina,SP,1,2018-03-13 18:04:21,53.9,53.9,1.0,31,53.9,0.03125,0
d78b10aa6001a8a94c47d2ab0d8291c3,c416aa74d59b95d000011f664b58c65e,5443,sao paulo,SP,1,2017-05-23 12:55:16,40.0,20.0,2.0,325,40.0,0.003067484662576687,0
c14ee009789095771e86aece808515aa,11e51fdd16f6c9efd1a09cf188c25a29,28880,barra de sao joao,RJ,1,2018-03-05 14:02:30,27.99,27.99,1.0,39,27.99,0.025,0
1521c5e9bf82979a6b8794e90692097d,92b0705c6923fe44dd71b2b737687a7c,37540,santa rita do sapucai,MG,1,2017-01-31 16:13:48,109.99,109.99,1.0,437,109.99,0.00228310502283105,0
700d485889431792d24c8e2d506a1ebb,471774533790e9e337b0a5bef4824d88,9030,santo andre,SP,1,2018-01-22 23:58:22,21.99,21.99,1.0,80,21.99,0.012345679012345678,0
6e4a291496a89ec1ae2da5eec9d81183,0e37a80826485260170d428b06df0ab6,60348,fortaleza,CE,1,2017-09-12 14:29:16,99.99,99.99,1.0,213,99.99,0.004672897196261682,0
c181ea8a3ec364246642e36dae84bf30,51d121ddc025c1b70f8f62a1b727aecf,76870,ariquemes,RO,1,2017-08-30 23:28:35,88.0,22.0,4.0,225,88.0,0.004424778761061947,0
49eb2dde34c23bd4b6c4c6a137826ac2,a2913c14f49022ef2ddfd436dcd5be89,96040,pelotas,RS,1,2017-08-02 17:13:38,890.6999999999999,296.9,3.0,254,890.6999999999999,0.00392156862745098,0
f4ebae34770a20b6373e3f2a6cad3452,4dd4790a630aa2313e27816e10efd34b,84020,ponta grossa,PR,1,2017-12-27 15:06:17,240.0,240.0,1.0,107,240.0,0.009259259259259259,0
e898665675636de89a1bead880858c95,4b81f7012100c883fdc2d0be7e1ab9ac,76812,porto velho,RO,1,2017-07-10 18:11:32,14.9,14.9,1.0,277,14.9,0.0035971223021582736,0
51460fb93e8641cb759c87b204e1fcd0,f7552fa99d127d895bc39a3d3fd2beab,23092,rio de janeiro,RJ,1,2018-02-17 20:02:02,99.9,99.9,1.0,55,99.9,0.017857142857142856,0
27770084d4e5308bcaecc64498773c9a,ab957d4d3a3790354556eaa3985640f9,3052,sao paulo,SP,1,2018-04-06 09:18:05,339.0,339.0,1.0,7,339.0,0.125,0
92c491a4a6ac1070cb634b6fe4be1bde,b0670a6dc7fffaebc5df1a8e7baf65ac,6192,osasco,SP,1,2018-01-16 18:37:23,38.0,38.0,1.0,87,38.0,0.011363636363636364,0
12b11f992889101946980981fb471ab2,5e15e6aa831179d018ee6caafe4ac330,21940,rio de janeiro,RJ,1,2017-11-05 23:44:57,59.9,59.9,1.0,158,59.9,0.006289308176100629,0
9bb96a6ebe14411facafc8af15f47c4d,8b89939f3dd91cead87d07bc101e97be,28010,campos dos goytacazes,RJ,1,2018-03-20 17:54:20,140.0,140.0,1.0,24,140.0,0.04,0
453319763d53187bead0d2aa6575ef15,b471f6779ed58f5dbcf786cf9842067a,95020,caxias do sul,RS,1,2017-09-14 13:18:21,399.6,99.9,4.0,211,399.6,0.0047169811320754715,0
d14027a730cc5d88a590a3f064637591,c6f717963e0abc6cd39c118721b6d575,13290,louveira,SP,1,2018-03-23 20:31:27,23.7,23.7,1.0,21,23.7,0.045454545454545456,0
097e8c3630bf6bfdcd8c9d3d3c7e5eb0,d2f4e221b5f56c9f3744a9b8c0bee542,25964,teresopolis,RJ,1,2017-10-18 09:50:30,99.99,99.99,1.0,177,99.99,0.0056179775280898875,0
aa669113d84e54772dcff82d3dd74177,86668a08223242da3553a085d47a2cb8,29102,vila velha,ES,1,2017-11-11 12:55:29,195.9,195.9,1.0,153,195.9,0.006493506493506494,0
163268204f062d206d34096330db60f6,15c044ed372c207f5a55c2c70a2e8b6d,3087,sao paulo,SP,1,2017-06-29 18:49:58,159.9,159.9,1.0,288,159.9,0.0034602076124567475,0
6b53484ec2e43f653edc5f35d09d5cf9,82900a065350eddef000292556aa0802,13418,piracicaba,SP,1,2017-04-15 19:08:40,209.99,209.99,1.0,363,209.99,0.0027472527472527475,0
d4a482cbaeecc8d8bf7c2e5d38fc5898,dc1ebb3411fb6921b469b113b93ff80c,27320,barra mansa,RJ,1,2017-12-15 11:24:06,143.8,143.8,1.0,119,143.8,0.008333333333333333,0
c9fb84e88f11e478d569305888e89920,74e776b43740a826ddbfb8677c4d6f4e,35162,ipatinga,MG,1,2017-10-03 19:05:31,150.0,150.0,1.0,192,150.0,0.0051813471502590676,0
76fdaa48984220f3067ba4a59725a18f,4e42f5dd11f3b39f9994e12b20f10b4d,65046,sao luis,MA,1,2017-05-05 00:16:57,149.9,149.9,1.0,343,149.9,0.0029069767441860465,0
48cf8890c6baa95976ac76bf4be30cfe,43b781a2c59f2e503be7b075e32b2b1f,84460,ivai,PR,1,2017-06-05 21:01:22,590.82,590.82,1.0,312,590.82,0.003194888178913738,0
e30bdf332b6c38f5f22d50dec12282cb,54f3fab90f8879fc698930fb6de60758,65058,sao luis,MA,1,2017-10-25 20:49:59,89.0,89.0,1.0,170,89.0,0.005847953216374269,0
9ec3bc2615120af90c75c1cc7bc4fa81,18fa322e53ceade98155520fdb944c47,49900,propria,SE,1,2018-01-08 11:10:20,124.9,124.9,1.0,95,124.9,0.010416666666666666,0
e806ed5d5fdf4be71b5405c1d8e39b8f,9c4c1712431d24464571f61635d5c6fe,6724,cotia,SP,1,2017-11-09 22:29:00,68.98,34.49,2.0,154,68.98,0.0064516129032258064,0
eeedbeccc3682aedf564836354dcba74,68caa6484f6f485da6d53dacc2b4e102,6665,itapevi,SP,1,2018-03-02 14:29:28,27.99,27.99,1.0,42,27.99,0.023255813953488372,0
183c36801d485972dce2562441fbaf1d,d18b0627df3001ea42ff214f717150c8,37558,pouso alegre,MG,1,2018-02-15 11:04:27,129.0,129.0,1.0,57,129.0,0.017241379310344827,0
0a855770d35117e1c808629c1f4702b7,b42865717e1044fa15f3143ce4a9bdef,13087,campinas,SP,1,2017-08-22 11:37:17,27.92,27.92,1.0,234,27.92,0.00425531914893617,0
69a24d8e0de91f88acc612cb7d70dc1b,466a171e9af288fa7c8d2e5d90c7f672,14870,jaboticabal,SP,1,2017-05-01 17:23:57,49.9,49.9,1.0,347,49.9,0.0028735632183908046,0
1bf39be5be5d9dbf2a3ab9338e5d3f75,963d14a46504f516c2fa68f3f67837a9,28800,rio bonito,RJ,1,2018-01-10 18:54:07,426.99,426.99,1.0,93,426.99,0.010638297872340425,0
ca72bae56a62ab7ef618c2d480419281,9710c85b0dd6660a0aee27e8f377cbe3,1225,sao paulo,SP,1,2017-03-17 19:59:42,69.9,69.9,1.0,392,69.9,0.002544529262086514,0
3bbc87d35ec2db3f1ac09c6c55ce4d15,4664e264c981c09c0480426419f57c8b,77021,palmas,TO,1,2017-06-15 10:15:14,118.0,59.0,2.0,302,118.0,0.0033003300330033004,0
80bf208c0f8342186645e3ca04fdb2fa,541028a4f24a1f8d31feb975a940aee6,5416,sao paulo,SP,1,2017-12-11 17:14:39,13.65,13.65,1.0,123,13.65,0.008064516129032258,0
f3e73ca7cd85db9bb9be47fc88d38bc8,e2c8e74f4e59280c388ac4e3ebd90933,28435,tres irmaos,RJ,1,2017-01-23 18:56:45,139.8,69.9,2.0,445,139.8,0.002242152466367713,0
9723ee0e006c0f3ddd9fa3759078a57f,667a6c1065219df6e6b37ef29fe2bfe8,22780,rio de janeiro,RJ,1,2018-04-03 17:58:15,159.0,159.0,1.0,10,159.0,0.09090909090909091,0
8e1aacdd0ecb7164d5bca94b7fab4135,7b76468fb3f95124b8586208c491968b,24230,niteroi,RJ,1,2018-01-16 09:45:37,212.0,106.0,2.0,87,212.0,0.011363636363636364,0
902a5ba1843ce46c17022d8440b723ab,097d27275e54d6b6085396eba879a130,29106,vila velha,ES,1,2017-12-18 14:55:09,69.9,69.9,1.0,116,69.9,0.008547008547008548,0
1e863570fff8e93ee7db14d56d826a6d,652da2f7c852a3269dc6d7262b0b8f4d,62010,sobral,CE,1,2017-08-13 09:11:38,179.0,179.0,1.0,243,179.0,0.004098360655737705,0
024dad8e71332c433bc9a494565b9c49,312ca503ca7b19889f1db32cd18cb120,58415,campina grande,PB,1,2017-12-06 19:26:02,599.0,599.0,1.0,128,599.0,0.007751937984496124,0
4ac3a7aed5325218bfd84a79ff4e0611,4d29f94e4287a63b106004d2ef1dda07,14955,borborema,SP,1,2018-03-16 19:32:35,209.0,209.0,1.0,28,209.0,0.034482758620689655,0
8e941206a8be5ff6eff0de04fa1629e5,22e16e7154401d6eb4f7ba788b3edb7e,60060,fortaleza,CE,1,2016-10-06 08:28:19,499.99,499.99,1.0,554,499.99,0.0018018018018018018,0
3537e21321dd0d2017d3a536dd8fe74d,1c610f35fb7cf6deb76d162945e53f25,51280,recife,PE,1,2017-03-07 21:54:39,45.0,45.0,1.0,401,45.0,0.0024875621890547263,0
32a68880c3edfc878276ca3ffb8c084d,f0e310a6839dce9de1638e0fe5ab282a,29050,vitoria,ES,1,2017-10-13 07:17:42,69.9,69.9,1.0,182,69.9,0.00546448087431694,0
95c44daefa7bfb91c6bb0665a0cd22fc,623b94cac35b6629e4a77bd398beca52,20775,rio de janeiro,RJ,1,2016-10-05 11:23:13,0.0,0.0,0.0,555,0.0,0.0017985611510791368,0
f078095ff04dedf7d217df058773668b,b1225386ce404a49a244390535d07f92,25585,sao joao de meriti,RJ,1,2017-12-01 11:25:38,56.99,56.99,1.0,133,56.99,0.007462686567164179,0
e99bf5f6cd5edbec2d65abfa12bf3f03,62838d6882894e72826bb481d58743fe,92130,canoas,RS,1,2018-02-28 14:57:20,84.0,84.0,1.0,44,84.0,0.022222222222222223,0
c1394c5fcba4e394bde37c4abc25388e,3400f61105605d1ae80dd5a7f36e589f,46980,iraquara,BA,1,2017-11-24 09:14:38,48.9,48.9,1.0,140,48.9,0.0070921985815602835,0
a0757a9319476fb9a600286c43fb4acb,ee6b9e543e69a0c368e0d0d98258488d,3568,sao paulo,SP,1,2017-07-27 13:36:29,72.9,72.9,1.0,260,72.9,0.0038314176245210726,0
05ce0877a2e5b2962c27bb5ebe62caad,f34cd7fd85a1f8baff886edf09567be3,89120,timbo,SC,1,2017-08-22 12:49:28,418.0,418.0,1.0,234,418.0,0.00425531914893617,0
043e1a8a42664d4e6fd092d4b1f878e7,c9410ea221526f527d0f5d0fea2db50f,11075,santos,SP,1,2018-01-05 01:35:24,255.0,255.0,1.0,98,255.0,0.010101010101010102,0
d61ef81ec4518a527d7fc8cfd015e0ab,8bba5d98eef0fba5bc4118a9e3b0cd89,44850,morro do chapeu,BA,1,2017-08-19 20:25:59,249.79,83.26333333333334,3.0,237,249.79,0.004201680672268907,0
655c2888fe0422dbdcc2559caa57d60a,7dfd96a1c03f5f8b64f2fcd801d27d25,18400,itapeva,SP,1,2017-03-21 13:50:46,198.0,198.0,1.0,388,198.0,0.002570694087403599,0
fc057bc7c190883369794b851d6f3ab0,64ed00f32687108ce4e3ef77823945c4,14770,colina,SP,1,2017-09-14 09:44:40,59.9,59.9,1.0,211,59.9,0.0047169811320754715,0
d88851c561082485bcd890c843893fc8,5d48118feb417eced2c0eeecb3add728,40480,salvador,BA,1,2018-03-10 21:15:26,52.99,52.99,1.0,34,52.99,0.02857142857142857,0
87059f8d2fa7f4192b53feeac51fce40,19d676a2bfc6f36a7b7b73b7010cbdb2,38475,monte alegre de minas,MG,1,2017-07-22 13:05:51,69.9,69.9,1.0,265,69.9,0.0037593984962406013,0
a440a578b23acd9e967fbe6f2b0551a9,0a84687fd5636910dbeae957367899db,13333,indaiatuba,SP,1,2017-08-13 12:28:07,109.9,109.9,1.0,243,109.9,0.004098360655737705,0
97d489c217105f10af366a8e67bf4dae,e34cb3307f44e210007b2d61573abe4e,2422,sao paulo,SP,1,2017-11-15 00:16:49,150.0,75.0,2.0,149,150.0,0.006666666666666667,0
165cab246f7df81ab0c8f24880454aeb,b27f32098e91da7de6c07361565ad1de,36900,manhuacu,MG,1,2017-11-24 19:54:54,299.99,299.99,1.0,140,299.99,0.0070921985815602835,0
deb5bcdd7bbe002ca0f1413592e2f23c,3ebe24c46c29017d591b88616ba7b059,25240,duque de caxias,RJ,1,2017-10-12 16:40:49,162.8,81.4,2.0,183,162.8,0.005434782608695652,0
ddd680886f3e0df8eceaf99bd327495e,145a1fff4c25fe7b4859f095712cf52e,24738,sao goncalo,RJ,1,2017-10-09 10:51:59,19.99,19.99,1.0,186,19.99,0.0053475935828877,0
547c1c5240ab52551513cdd2d3ec52a2,0a62dfd26b276f568cf1e8cbfd18628b,77433,gurupi,TO,1,2017-12-05 16:24:16,17.5,17.5,1.0,129,17.5,0.007692307692307693,0
464475d49052b9317bf74a4d8428466c,01512524d623f78040531c0d8e20a772,80330,curitiba,PR,1,2017-10-16 01:21:34,72.9,72.9,1.0,179,72.9,0.005555555555555556,0
d06700a6178066421f3bcc4e834926c4,cdb39fc59bcd68bbe98459b8d08880f5,1258,sao paulo,SP,1,2017-12-11 23:55:56,39.9,39.9,1.0,122,39.9,0.008130081300813009,0
22a6db51b1357ce5f7a02fc19e677390,7775761e92837b8c5fd964d725264313,8696,suzano,SP,1,2018-01-08 20:16:33,150.0,150.0,1.0,95,150.0,0.010416666666666666,0
b268519093dfee306454fc430c872568,e75909e6a7b6c6e811d50257a0ad64d7,18025,sorocaba,SP,1,2017-12-07 10:54:44,244.69,244.69,1.0,127,244.69,0.0078125,0
c17bfc06e780f1956ebe2659b2a90caa,bb1a47fe28e508114dcc09a0bb125529,74353,goiania,GO,1,2017-08-22 19:54:54,0.0,0.0,0.0,234,0.0,0.00425531914893617,0
c96136313df64c4c19f3b9cf172f6b88,942d60a6cd4807e14c25c6917c421d37,8830,mogi das cruzes,SP,1,2017-09-15 23:02:56,49.0,24.5,2.0,209,49.0,0.004761904761904762,0
fc65dbc709777157c273bdd7057565d0,409cb030498f575d1c941cecaf1d2a06,2716,sao paulo,SP,1,2018-02-07 22:36:19,149.9,149.9,1.0,64,149.9,0.015384615384615385,0
a2f67e0aee80c6169e09d448c35d379d,b6e1bc94ff282d5e69ee719e2c5299ab,6065,osasco,SP,1,2017-07-09 12:44:54,45.0,45.0,1.0,278,45.0,0.0035842293906810036,0
dd0329246296428beec510ea36313e31,0ce6b211bcabbb0ac784f87fe2a27583,74371,goiania,GO,1,2017-11-16 12:13:06,31.9,31.9,1.0,148,31.9,0.006711409395973154,0
ac9003f42265dbb7e2062aae6911d535,91c0ed5fde94a56b99e4ce6d43d0d6be,6765,taboao da serra,SP,1,2018-02-21 20:02:16,29.9,29.9,1.0,51,29.9,0.019230769230769232,0
bce8f513920e36d27e25af34061cf94c,34faf897608d48cf4ae85e6248ea6fb2,89164,rio do sul,SC,1,2018-02-22 21:31:31,93.0,93.0,1.0,50,93.0,0.0196078431372549,0
f07241bfd895f4dfc8728bf7753dd0eb,fd2da70b0b341361c66b815edbf8865e,79008,campo grande,MS,1,2018-01-20 18:36:15,118.89,59.445,2.0,83,118.89,0.011904761904761904,0
2b36b6d5af0e2849f49bfb53c588c690,597a664e725fead6e6cee85c70eab673,97502,uruguaiana,RS,1,2017-02-25 10:18:08,27.99,27.99,1.0,412,27.99,0.002421307506053269,0
ec3ee99a57612737fc00398d2367be24,7a058fb903db07aea7cad4ed26301dd1,93040,sao leopoldo,RS,1,2018-02-26 12:47:29,18.9,18.9,1.0,46,18.9,0.02127659574468085,0
bdf180a76130c328884372594844f849,67ff550cba299b875d2662f36aa86309,84130,palmeira,PR,1,2018-02-22 22:17:26,56.99,56.99,1.0,49,56.99,0.02,0
edd42935e92c9d18e1243d2207f2ff7f,5d1344e71e0b84add677e9a77c0d95b2,13150,cosmopolis,SP,1,2017-10-17 21:33:55,399.98,199.99,2.0,178,399.98,0.00558659217877095,0
fcb2ef0d55a8f60738b15012aab22da7,9b9f4f4f7f821de059a96aa761b1b642,12505,guaratingueta,SP,1,2018-03-18 19:56:52,69.9,69.9,1.0,26,69.9,0.037037037037037035,0
dec8952e97ef6124259c56914fb3569c,c86ab5ff2bac777c4e770a383feca4eb,27261,volta redonda,RJ,1,2017-06-01 16:53:03,736.0,736.0,1.0,316,736.0,0.0031545741324921135,0
01c45d896d5f6343ae095f6acfc2df4a,c13b742feed8c13ff9a71ba90c847820,13484,limeira,SP,1,2017-05-02 16:56:42,59.9,59.9,1.0,346,59.9,0.002881844380403458,0
1a00ab086e473de2fb5ec217d4c6ca0e,d7ef684a4356c48be1e9b1561092bef6,37130,alfenas,MG,1,2017-04-04 15:57:37,119.99,119.99,1.0,374,119.99,0.0026666666666666666,0
7770ccf71966b4049b6d62d1eb8173ef,65ff65476364f61bb41f6c7fb47d623c,3616,sao paulo,SP,1,2018-03-19 19:37:39,79.99,79.99,1.0,25,79.99,0.038461538461538464,0
d5143b89d2bad5d3174eca1a2dd23b91,8a52ff94ec8396e572b3e416f9f98c6a,30330,belo horizonte,MG,1,2017-05-26 10:43:29,89.0,89.0,1.0,322,89.0,0.0030959752321981426,0
1de2c9cd88fa2491be39710a830eedc4,252a5a7461ae95e4af38d293cbc4080e,20270,rio de janeiro,RJ,1,2018-01-23 23:20:35,79.99,39.995,2.0,79,79.99,0.0125,0
bbc3f376031737e9800139ad8765867f,2b8e8062d6c0c32158964cdfd89f7a0a,9571,sao caetano do sul,SP,1,2018-02-05 16:33:32,149.9,149.9,1.0,67,149.9,0.014705882352941176,0
497ccac91e19ea5df7516a1fc06735d5,acaf5177d6de60fda7ce77c48abb5230,8674,suzano,SP,1,2018-02-22 16:51:30,52.0,52.0,1.0,50,52.0,0.0196078431372549,0
4eadcffca4cbd545ee337b830acd0b6d,e98bdc1c38e484a648ab98880a509aa6,5633,sao paulo,SP,1,2018-02-26 06:37:45,15.9,15.9,1.0,46,15.9,0.02127659574468085,0
6809c387b18253d7e92f69dbecac26ca,7602a5a3d9acc46b565e9c6551c8f494,5422,sao paulo,SP,1,2018-04-01 15:25:27,29.9,29.9,1.0,12,29.9,0.07692307692307693,0
60fe1393f116cdef02aa0dddaef478c1,ef31dc303645bce3b18a77bd835e6273,12260,paraibuna,SP,1,2017-09-25 06:38:35,185.81,185.81,1.0,200,185.81,0.004975124378109453,0
4a2c271cbbafa1d8e842cb3975693180,1ea77707c286e5de1d94243406e1fb06,24240,niteroi,RJ,1,2017-12-10 01:10:15,79.9,79.9,1.0,124,79.9,0.008,0
fd0050cfc15a4a9bb1f1bd0605bf5329,58f4bc15aa0b7c2f0eaa33d62174423a,37148,conceicao da aparecida,MG,1,2018-04-09 20:40:30,117.0,39.0,3.0,4,117.0,0.2,0
17eb76b7c89a006386dc854560588172,8bf7d6de7473a9ebab56426d67e7811f,24943,marica,RJ,1,2017-06-06 21:24:23,45.95,45.95,1.0,311,45.95,0.003205128205128205,0
b83b879379e0ab1a9d8cf0143da28142,d72cca79ad05d2786fd17298e8b848ff,89887,palmitos,SC,1,2017-06-25 22:39:01,79.9,79.9,1.0,291,79.9,0.003424657534246575,0
201c502506773c339fce9789f0528a6c,4c0fbc99e550b4fcae329898112fc7f3,7802,franco da rocha,SP,1,2017-06-24 12:56:21,40.0,40.0,1.0,293,40.0,0.003401360544217687,0
66446be15e059663cab1f9b17cf6d3a2,c4ba227e9593faaf28a4ea8e5ec6c93f,26265,nova iguacu,RJ,1,2018-02-27 16:44:08,142.8,71.4,2.0,45,142.8,0.021739130434782608,0
c1c485afcd2871d243f7f3282b3366a2,4993135ea14b0919c5e7460fe33730db,17250,bariri,SP,1,2017-05-02 13:35:51,48.0,48.0,1.0,346,48.0,0.002881844380403458,0
dda506e73a7b3cad2ce4b09e0ffb5e68,72ebfd1eb35e40c91c07a78a16e632f6,45157,candido sales,BA,1,2017-07-20 17:32:44,259.9,259.9,1.0,267,259.9,0.0037313432835820895,0
04c1c2d37f2b2f5e52285534fd59e14c,d7e2db0715ba40b51fdd33fed28a98a5,39560,salinas,MG,1,2017-11-22 15:30:37,79.0,79.0,1.0,142,79.0,0.006993006993006993,0
24e440e12a72cd7915b6353c325e9305,b67f9a69da4ca575ca6e9206afb797f7,72333,brasilia,DF,1,2018-03-08 18:54:17,48.9,48.9,1.0,36,48.9,0.02702702702702703,0
894680d04196842f885d856fa217e281,027873e82cba22c40763c9e44a536a38,66075,belem,PA,1,2018-04-06 17:29:04,122.99,122.99,1.0,7,122.99,0.125,0
d216a2192cf1da83e57ef65366823a04,8558e1d710b0fb1c369c5b035bdc1b3e,4457,sao paulo,SP,1,2017-10-30 11:46:41,0.0,0.0,0.0,165,0.0,0.006024096385542169,0
0b84194096e4c860bd0cc790b95ceb9f,9dce7716537cc16887de3a7b3d3357c6,93700,campo bom,RS,1,2017-12-18 00:33:31,124.99,124.99,1.0,116,124.99,0.008547008547008548,0
af0b8113382552fc46061dd3a2e1c186,76b008b32aff5aa8cb57b5e2c9a0ed87,40285,salvador,BA,1,2018-03-17 09:25:36,129.0,129.0,1.0,27,129.0,0.03571428571428571,0
11436d35136d8c9362a1438a71c7f725,c1188759adf4e4deac0da925124cf631,72405,brasilia,DF,1,2018-04-01 12:45:59,122.99,122.99,1.0,12,122.99,0.07692307692307693,0
7ef733cf0f7bb156665c627f1f5b4a5b,7721bc1f0b8910122bf9b46c59922fbe,4890,sao paulo,SP,1,2018-03-09 19:08:29,749.9,749.9,1.0,35,749.9,0.027777777777777776,0
483379396e748579bc1fe3426dddfdcf,0974adf9f5e4bc27539b96ef470112a7,72872,valparaiso de goias,GO,1,2017-11-10 01:04:50,68.9,68.9,1.0,154,68.9,0.0064516129032258064,0
10031ad7752b10374ba516be41953b6c,a262442e3ab89611b44877c7aaf77468,49100,sao cristovao,SE,1,2017-02-17 18:27:58,20.9,20.9,1.0,420,20.9,0.0023752969121140144,0
bddabc9e266194149ea15a62de9e55a8,64d2e33a3fe2eedf9cbe7a33ebf00270,13280,vinhedo,SP,1,2017-06-11 17:43:18,56.99,56.99,1.0,306,56.99,0.003257328990228013,0
138e0ddb0ba1dffb0f7190b2399c4a3a,4d21ab2ad42af6539bf60f7d05cc6e92,5017,sao paulo,SP,1,2017-03-19 13:41:44,119.9,119.9,1.0,390,119.9,0.0025575447570332483,0
b682318d8a8bcef0b05be97579624d66,cc55944d2ca6939e7055251db2b440ec,88102,sao jose,SC,1,2018-01-25 22:09:06,21.9,21.9,1.0,77,21.9,0.01282051282051282,0
60a108918a0ccf4076b95c0614d27870,4924386ba057ca5bb978f15e72bdead6,31910,belo horizonte,MG,1,2018-02-07 09:27:34,129.9,129.9,1.0,65,129.9,0.015151515151515152,0
8c1c6531da36aa724b50271c55a29ecf,231a0b20227b9d5b4967016e775415d6,97035,santa maria,RS,1,2017-08-17 20:09:29,25.9,25.9,1.0,239,25.9,0.004166666666666667,0
4578a3079ec21d3e411223cb5e3a8258,dc792b0939990dd49f76dc28077b8fc8,32115,contagem,MG,1,2018-01-17 08:42:16,49.9,49.9,1.0,86,49.9,0.011494252873563218,0
bcaebf0ddb4ea20efd910e6e0d90ca99,5f9d2e3eebc8118fe4aa8945521dae6c,18030,sorocaba,SP,1,2017-12-21 11:47:07,119.9,119.9,1.0,113,119.9,0.008771929824561403,0
389dfb5774ff4738514d05e7165f172e,834fb6fbf803ce3a26e00ddae5324764,1155,sao paulo,SP,1,2017-09-20 12:26:50,89.9,89.9,1.0,205,89.9,0.0048543689320388345,0
8e6524e5a9d3b947669c4202dcca38c4,8135e811f7ddf66951e1faa7cd56be6f,13214,jundiai,SP,1,2017-05-06 00:20:48,49.9,49.9,1.0,342,49.9,0.0029154518950437317,0
0b6b18ebc85a97f659fa13bd9c05be58,041b73559a3c390b8d2e7e6874b4e620,95090,caxias do sul,RS,1,2018-02-20 20:33:39,75.0,75.0,1.0,52,75.0,0.018867924528301886,0
d42ee2c04270ba237933c8bdd5e1c761,c53d90ab068a7fde8fb74003248e1ebc,44200,santo amaro,BA,1,2017-11-24 17:37:41,170.0,170.0,1.0,140,170.0,0.0070921985815602835,0
9ba9c35fa0972a58c9397672fd9e0111,5b3186d7cf904f2f9369aec26faba4d2,39401,montes claros,MG,1,2017-09-20 17:12:10,159.9,159.9,1.0,205,159.9,0.0048543689320388345,0
3e33da5c9dfbfdc608a4d0e8b46eddac,16af5a4497ebeae6536ab81286a76f5f,85810,cascavel,PR,1,2017-08-03 21:43:53,18.9,18.9,1.0,252,18.9,0.003952569169960474,0
3570b59a7408f4a3aaa95d2c0485f243,dbdb8cb37ab46bc6abd4b6cb246260ea,81820,curitiba,PR,1,2017-06-12 21:16:00,59.0,59.0,1.0,305,59.0,0.0032679738562091504,0
f1d808f68f98869730fc61e3d00af4fd,8ee82882d3839ff934a79e7e7c721997,82515,curitiba,PR,1,2017-12-13 15:21:33,27.99,27.99,1.0,121,27.99,0.00819672131147541,0
3195e7cebd5ed019a58e8afb23c1da69,e5e8d1b930f00ea37b717af6db1f8aa9,2203,sao paulo,SP,1,2017-12-06 22:35:17,70.97,70.97,1.0,127,70.97,0.0078125,0
4dbd34761bb1a1eb90ea2914481604b3,f370ed585170c8a8ab5175e0da46ff69,22610,rio de janeiro,RJ,1,2018-01-10 13:12:43,383.6,95.9,4.0,93,383.6,0.010638297872340425,0
55cea14130c28e3aff86b47a695a0f13,4612b0f777ec70e3b56ab74ef62dd2e8,17052,bauru,SP,1,2018-02-14 22:47:32,82.9,82.9,1.0,57,82.9,0.017241379310344827,0
4147936731c5b4312f3baadbf7a642f8,9b1b345867bc891efd60d15cbf575d33,89515,lebon regis,SC,1,2017-04-29 08:07:48,53.9,53.9,1.0,349,53.9,0.002857142857142857,0
3070d64dbd2b2eb531bd394fca72a9d1,40c4ea3b2434b6f02cbf214aeae740ea,89074,blumenau,SC,1,2018-01-03 20:40:17,84.99,84.99,1.0,100,84.99,0.009900990099009901,0
ed5d382ad64bfb554932d5d64a698c93,aab346d4fc7cc94b27cceb25d9f64528,88050,florianopolis,SC,1,2018-03-13 10:03:51,94.0,94.0,1.0,31,94.0,0.03125,0
d4fb5e0c3c6784e683f2e94ef85c7708,3db2007c5d6e2faa40531040efa5a0f0,12570,aparecida,SP,1,2017-12-14 17:41:12,84.99,84.99,1.0,120,84.99,0.008264462809917356,0
6f66591b4efe7a98a0886c99fb778133,49d602890c664bcee124fa70e94d9fb1,13036,campinas,SP,1,2017-09-16 20:30:50,9.9,9.9,1.0,209,9.9,0.004761904761904762,0
37b4b2b0dde094b04111c92ef29e7cf5,c790ad3c47ce6fc3f1c434995afba178,41502,salvador,BA,1,2017-12-20 11:17:29,64.02,64.02,1.0,114,64.02,0.008695652173913044,0
d306426abe5fca15e54b645e4462dc7b,eb21169c3153a2b507fc7e76d561ff14,22723,rio de janeiro,RJ,1,2018-02-23 14:57:35,144.99,144.99,1.0,49,144.99,0.02,0
b39def105bd70f65e3352f896c32d20a,bbc4a49cc4f47303a5280aed498d80ed,38301,ituiutaba,MG,1,2017-03-20 22:34:44,126.99,126.99,1.0,388,126.99,0.002570694087403599,0
c23799a7a4ab562338447cd8446bdb95,2e7c2c60f89f415b2b356a83565d2f76,21650,rio de janeiro,RJ,1,2018-01-19 00:22:17,149.0,149.0,1.0,84,149.0,0.011764705882352941,0
518d97172e34c1aa7f4fcbee678c8b5c,ca3147c3ebf13d7f6bb1be5c1cfcdd75,85506,pato branco,PR,1,2018-02-12 14:22:32,99.99,99.99,1.0,60,99.99,0.01639344262295082,0
a3356da8c84c806b6977704df8315e06,ea1ea2c22279ea78c37c7e359bd3a556,3313,sao paulo,SP,1,2017-07-11 23:37:59,209.99,209.99,1.0,275,209.99,0.0036231884057971015,0
bddc691790dafcfa373909e3571cf284,231010985fb56e04e784e26f6f9919cc,22641,rio de janeiro,RJ,1,2018-01-26 16:33:49,69.0,69.0,1.0,77,69.0,0.01282051282051282,0
10d74e1a3adaeada0d8da4a2b2891cc3,abcee124c52c041bafc381cbc0036d24,13081,campinas,SP,1,2016-10-05 19:09:33,96.91000000000001,19.382,5.0,555,96.91000000000001,0.0017985611510791368,0
aba778637b5257b913982223c1b375f5,c253930cbfb5e22f39ac2978d8d5cc76,13780,divinolandia,SP,1,2017-08-27 20:30:57,69.0,69.0,1.0,229,69.0,0.004347826086956522,0
385a256091b789214a0bfbd295406bf8,6145cae536fda9aa925d18971560ceff,79321,corumba,MS,1,2017-11-28 20:04:41,89.9,89.9,1.0,136,89.9,0.0072992700729927005,0
1769a3ebdaadccc529c9e90afd139850,8bc24a5f6aff334bacfd46f24430380d,6826,embu,SP,1,2017-02-03 21:44:34,46.0,46.0,1.0,433,46.0,0.002304147465437788,0
944dc66ce45739575455181a6288e2a2,eabd461b28713dd65399567d5db5af22,65036,sao luis,MA,1,2017-11-25 21:29:40,59.99,59.99,1.0,139,59.99,0.007142857142857143,0
e72eaa64d93891becb7b33bcbb385b11,ff0d89b5aa8cbd766e14456e2bd869c7,28895,rio das ostras,RJ,1,2018-03-15 22:45:30,120.0,120.0,1.0,28,120.0,0.034482758620689655,0
bdf6da5d10ff52dbc752045458fbd9c1,36bf9f290293cce35e02370a638f8665,4052,sao paulo,SP,1,2018-01-10 20:52:38,198.99,198.99,1.0,93,198.99,0.010638297872340425,0
667c0f68dff62a45f0be6fe6e944ae7d,4903e5b339a6ec191c0428479ffd72a8,4086,sao paulo,SP,1,2017-08-17 17:38:34,110.0,110.0,1.0,239,110.0,0.004166666666666667,0
9f104fdd722cb8f30446f33a3a7e3db9,1025bf870ecc9804564c89a9607c23c8,4372,sao paulo,SP,1,2017-04-21 18:45:52,203.98,101.99,2.0,357,203.98,0.002793296089385475,0
c2a29d0111d9af12100ef59be89f5a2c,d5234b2afc63b1c4035483b6cb828af4,88200,tijucas,SC,1,2018-02-03 13:49:19,22.0,22.0,1.0,69,22.0,0.014285714285714285,0
767b8065b92f5174f0a6f5ecd40cdf7e,0b5163a83a47ef4f6278ffb50261f990,35770,caetanopolis,MG,1,2017-09-19 07:54:34,86.9,86.9,1.0,206,86.9,0.004830917874396135,0
30f3fadcb05c5f68e3ad4b51d093704a,20c3735ec022a8542e5202c981b5a6d4,13185,hortolandia,SP,1,2018-03-14 22:43:54,61.9,61.9,1.0,29,61.9,0.03333333333333333,0
a9eac7ee0a9931e4d6bb879aa80a60c8,d0584de8593b891597001bc0d5003632,35400,ouro preto,MG,1,2017-07-13 12:39:36,28.9,28.9,1.0,274,28.9,0.0036363636363636364,0
c7a126e599b16391681b11a1ca602b51,1abff0961240deb9b4da806e4f8b3672,3276,sao paulo,SP,1,2017-11-28 07:35:01,189.99,189.99,1.0,136,189.99,0.0072992700729927005,0
7b19ed27fa54710bbf4ecc1c5747a9bd,d35a55ce9a82b78fcd783a1e345126f7,94850,alvorada,RS,1,2018-03-19 19:42:46,49.9,49.9,1.0,25,49.9,0.038461538461538464,0
f115c9fb49045355c502f201e83f432c,da50337a5fb6694f66d5dabc0b5b2b45,9390,maua,SP,1,2018-04-02 13:24:38,19.9,19.9,1.0,11,19.9,0.08333333333333333,0
5ea02a7e688f1ce6dbeccc48a7d45003,ff53fbc38381a88c6f7146a7f3f1245c,24230,niteroi,RJ,1,2017-11-24 15:54:19,89.9,89.9,1.0,140,89.9,0.0070921985815602835,0
50951904082363f9436bfc5e535194a8,70aa0b3a58e26bed3a74795ac0af004d,29176,serra,ES,1,2018-04-13 17:11:33,697.9,697.9,1.0,0,697.9,1.0,0
3f7738efc416bab23c48f5d6f701c693,de12f7e59f4513ab89285567520282fe,26525,nilopolis,RJ,1,2018-02-21 22:03:51,109.9,109.9,1.0,50,109.9,0.0196078431372549,0
ff1ccb6180f6464516836891ce1f2ca1,85150cfc97d454bf20b93ceb1ec587a9,13416,piracicaba,SP,1,2018-02-23 12:58:28,149.9,149.9,1.0,49,149.9,0.02,0
1c0c100dbd7780831a70ab4e78c5a584,304cbf77db8c1544e2835be04e621bd9,11950,cajati,SP,1,2018-01-16 12:07:53,39.0,39.0,1.0,87,39.0,0.011363636363636364,0
d23dbe35b79ea70cff4cc930c890ffc5,7ab32f5a014504061b56ada723666c45,9111,santo andre,SP,1,2018-03-09 20:23:20,140.0,140.0,1.0,35,140.0,0.027777777777777776,0
0aceb04f65bcdbef8dbda04e2a8f9e30,68ea2bc1718c8b2937503497480a484d,37260,perdoes,MG,1,2017-12-11 21:14:53,39.9,39.9,1.0,123,39.9,0.008064516129032258,0
481cbc746dfc704f82c29b414d698c6e,407aae22e9afdd8f5d7071d81c16e705,13057,campinas,SP,1,2018-03-03 12:28:17,53.9,53.9,1.0,41,53.9,0.023809523809523808,0
b9502e844e5328a48bfb1f3f03bfd6f3,06f32fb3e14b969d0e991af7d08818db,18071,sorocaba,SP,1,2017-04-11 22:01:40,112.0,112.0,1.0,366,112.0,0.0027247956403269754,0
0171707ab8e7ded84018d1172aa33c51,1648c72f7e1465cb7e79420fc9e91fc0,20775,rio de janeiro,RJ,1,2017-11-21 11:44:48,195.0,195.0,1.0,143,195.0,0.006944444444444444,0
c6ed2e16266071745f007c94a8c009ea,09ce774e4a770d324983a0de76dc3ff7,4301,sao paulo,SP,1,2017-07-22 13:36:00,49.99,49.99,1.0,265,49.99,0.0037593984962406013,0
e00d5aeac61cd0816aca4d448d2e212e,8ee86b67d90987db7e4c3db45dd0c8fb,94945,cachoeirinha,RS,1,2017-10-09 18:43:07,369.9,369.9,1.0,186,369.9,0.0053475935828877,0
1460cbfc1a51e99e846715bd9e430f11,1f3fbd7ee39502db33ba855076af20b8,63600,senador pompeu,CE,1,2018-02-03 19:45:05,159.94,159.94,1.0,69,159.94,0.014285714285714285,0
da6a0a54caaddc984f071918d9d30fb8,de5901d5589d135fa9bd76c47f9a72e9,24430,sao goncalo,RJ,1,2018-02-18 13:59:04,30.5,30.5,1.0,54,30.5,0.01818181818181818,0
59c7cd4620d300ef5161fa43d8a02937,1009c9b2978d308c33401a45b465f7ac,45810,porto seguro,BA,1,2018-03-16 13:19:41,99.0,99.0,1.0,28,99.0,0.034482758620689655,0
d08e3e3cbb6022d92125e7fee21d8d26,cb85a84df480b9f35d7ddb20a393110a,72320,brasilia,DF,1,2017-03-02 14:06:01,31.0,31.0,1.0,407,31.0,0.0024509803921568627,0
9c9383c705961b79ab63c2626c0ee484,8a7432d16aec9c2e4e40cdcbca613710,14405,franca,SP,1,2018-02-27 16:23:56,584.4,584.4,1.0,45,584.4,0.021739130434782608,0
ca12a8820b7c20dead023c6604cd8f00,bf46c400d1900092ee530d1d0d8850fe,22795,rio de janeiro,RJ,1,2017-04-24 22:28:44,289.99,289.99,1.0,353,289.99,0.002824858757062147,0
bed7eefb90cb225883492efb0e7278da,136ddb206001812bab8ed623debd7cf7,49065,aracaju,SE,1,2018-02-18 12:38:07,109.9,109.9,1.0,54,109.9,0.01818181818181818,0
b1fc82d6dc640f992f317c0aa3c250af,35b98c204a7bc2b6a391a7c64ba2e7de,35450,itabirito,MG,1,2018-04-05 21:06:15,99.99,99.99,1.0,8,99.99,0.1111111111111111,0
1e2322453e139f015d7a024b4eb6dbaf,d02f32aa14aeaf9d657d1bf18702d572,24220,niteroi,RJ,1,2018-02-23 09:39:36,759.9,759.9,1.0,49,759.9,0.02,0
52fe8f0d46227cecc08e692dbe3c16fa,f098fb162e43b4018ec692ecdbb07cf1,2066,sao paulo,SP,1,2017-11-21 18:37:11,174.99,174.99,1.0,143,174.99,0.006944444444444444,0
9d6837f9700a3441e7183bff3bc4eef0,f421a2a66b69dbfe6db0c87845281a90,4661,sao paulo,SP,1,2017-08-21 20:35:44,106.2,106.2,1.0,235,106.2,0.00423728813559322,0
7ae85381c48ff61620b51be6c33eded9,b860cf8691d09c106b5c6dae76361e96,17213,jau,SP,1,2017-12-18 18:12:58,179.0,179.0,1.0,116,179.0,0.008547008547008548,0
a7e3a7783c74a7e8330b461232f99e1b,15803ab261e928dbe8b498104a72d234,84060,ponta grossa,PR,1,2018-03-23 18:38:45,133.6,133.6,1.0,21,133.6,0.045454545454545456,0
2129cc3d2764d1f9c4618f6c06f40f65,f984282dbc5ed83718ccdb6bebcb14bc,23895,seropedica,RJ,1,2018-01-31 09:52:29,324.0,108.0,3.0,72,324.0,0.0136986301369863,0
4c1ccc74e00993733742a3c786dc3c1f,91efb7fcabc17925099dced52435837f,93548,novo hamburgo,RS,1,2017-02-18 12:45:31,379.0,379.0,1.0,419,379.0,0.002380952380952381,0
c1f792df39a09f85c4ae6258e171e1dc,710762698c0c755b9299772cfc20c1f5,39200,corinto,MG,1,2018-03-23 20:49:57,39.0,39.0,1.0,21,39.0,0.045454545454545456,0
57488cc627f8aef89c99cd5d8c3134f1,096e351116755fe4c3c1e48eaf301a41,2422,sao paulo,SP,1,2017-05-16 10:49:26,105.9,105.9,1.0,332,105.9,0.003003003003003003,0
34608b6fe316137687ea50346aafff1c,9590bf3ae28a0847507733e5424c83ce,3192,sao paulo,SP,1,2017-07-03 13:09:58,99.9,99.9,1.0,284,99.9,0.0035087719298245615,0
1e5aa0d19c1129b3ebb1d369ee0a7d3e,d7ad4446f5142b38e6257875b14485a6,25035,duque de caxias,RJ,1,2018-03-23 15:00:03,278.0,139.0,2.0,21,278.0,0.045454545454545456,0
b5e3a1b21d46d53d2ceb0c6c00127ffa,79094b0f83e9b40ac65f7aaba30823ca,6332,carapicuiba,SP,1,2017-06-09 15:41:31,48.9,48.9,1.0,308,48.9,0.003236245954692557,0
2ff113091fe089cc6bef22f38a9f3a07,7a3ad6673e636888eed8898522205984,3449,sao paulo,SP,1,2017-06-02 16:42:13,248.0,248.0,1.0,315,248.0,0.0031645569620253164,0
1f7eb278ac36577f745414be0edd1b67,b63089a22fe2c9192fc9189a13ebdb51,29042,vitoria,ES,1,2017-10-16 11:32:15,129.78,129.78,1.0,179,129.78,0.005555555555555556,0
d2e68d3ebaf2dc8deaf4cd28ec5c9da7,97f3624adbe2de46e29901ebdbbbb643,32900,igarape,MG,1,2017-11-16 13:25:07,169.79,169.79,1.0,148,169.79,0.006711409395973154,0
1b17f53f320e5983dc5193285284d471,dc79a34ab5c295d51b65263e28c41e40,9820,sao bernardo do campo,SP,1,2017-08-14 23:14:51,50.0,50.0,1.0,241,50.0,0.004132231404958678,0
e4c5593923a15e857d120fab87609318,8f5c7b4a8c8d553a261e435fcd2d1863,39600,aracuai,MG,1,2017-08-02 21:20:58,31.9,31.9,1.0,254,31.9,0.00392156862745098,0
b7fc8e04ed80320673fef972447e3551,7e5aba6beeb48db16a709208fe83a312,4087,sao paulo,SP,1,2017-11-22 14:55:46,170.0,170.0,1.0,142,170.0,0.006993006993006993,0
fd0e05528dd6037d245eee7d42ba837b,5a1f6104fa0a124fe00c9bd42048b0c8,18970,chavantes,SP,1,2017-08-30 21:21:00,39.49,39.49,1.0,226,39.49,0.004405286343612335,0
13ca5bcb48b28bfac0cff36a30b293db,75b5308f82dadc96caf2c59a0eadc980,2993,sao paulo,SP,1,2018-03-01 20:13:18,62.7,62.7,1.0,43,62.7,0.022727272727272728,0
35ba8f2876a0059b2946b6674856c6dd,ee877710f00b0566acd13ec1a6aac8ee,83065,sao jose dos pinhais,PR,1,2017-09-07 16:56:45,7.9,7.9,1.0,218,7.9,0.0045662100456621,0
860ddc7aa11dedbcd7d870aead27ce0c,86f88192e35af3f92bd322ba84e637ce,29830,nova venecia,ES,1,2017-09-12 21:28:24,95.0,95.0,1.0,213,95.0,0.004672897196261682,0
e234a6c8da98ead2209ef309a41a7820,392f4a7211748ee2cd1052c90e41610d,15775,santa fe do sul,SP,1,2017-10-18 11:18:36,48.9,48.9,1.0,177,48.9,0.0056179775280898875,0
96526ba241a6647dfdedf3468b07ef8d,bd48d23d0e88dd61aafe80f6622a069a,27281,volta redonda,RJ,1,2017-05-26 12:51:19,109.9,109.9,1.0,322,109.9,0.0030959752321981426,0
ca618abc1a2b015a670d47a8f7694612,b7eb84f8a1ea3958ad9950235cffcd4d,21341,rio de janeiro,RJ,1,2017-09-13 10:19:09,99.0,99.0,1.0,212,99.0,0.004694835680751174,0
8c8b3a28c07f67148f86f297604b9875,99e1c1df6a737fea3658ca705b8f374d,13560,sao carlos,SP,1,2017-05-10 11:52:51,0.0,0.0,0.0,338,0.0,0.0029498525073746312,0
824586bf0c5be85cf4295256c5693f37,046afa6d8a4e9f3054b35cca5ba947bd,6656,itapevi,SP,1,2017-07-15 17:27:36,34.66,17.33,2.0,272,34.66,0.003663003663003663,0
db41b8d7ff23d40f4002903e0109a136,571fd0fd90da8bbbd90e58bbd11aecc6,81320,curitiba,PR,1,2017-10-19 12:50:23,48.9,48.9,1.0,176,48.9,0.005649717514124294,0
628c270864d9dfcec3756dcd5632bf3a,cc229eaf28082c73200707e40b029888,52191,recife,PE,1,2017-08-08 19:18:54,29.99,29.99,1.0,248,29.99,0.004016064257028112,0
47635932256cd809207e385adafc9a88,2b5f63958f12a723584fce3902b8a6f8,88220,itapema,SC,1,2018-02-04 23:06:31,174.0,174.0,1.0,67,174.0,0.014705882352941176,0
7a963c3034d1ada261ac346c56843264,3e22b56a93b927838bf912d4a7a218bc,36420,ouro branco,MG,1,2018-02-26 19:22:56,180.0,180.0,1.0,46,180.0,0.02127659574468085,0
543e8185af0947557b5633c2b3d94a47,f4e81554e6d13f3eb2b14a882fa18d0d,59065,natal,RN,1,2017-05-16 17:41:05,50.0,25.0,2.0,332,50.0,0.003003003003003003,0
7fc191973597f7e5c232ecee9d7922ff,d5e66000b40d41c9d96c7722c7dcb486,22451,rio de janeiro,RJ,1,2018-03-02 10:35:38,119.9,119.9,1.0,42,119.9,0.023255813953488372,0
fa4806deb2b4135ae3708a87c6279302,760060a31cf4c2335c40eef87cf8f812,88220,itapema,SC,1,2017-05-02 18:52:57,89.0,89.0,1.0,346,89.0,0.002881844380403458,0
61cfdf9916a5a215dfe42663648b99c9,0145b1b14166b43baa374daddffca8fd,65066,sao luis,MA,1,2017-09-08 14:44:39,19.9,19.9,1.0,217,19.9,0.0045871559633027525,0
b4c2400d9d123e1e2a5db502dac3c328,db763c0a0bf80e06d26e0a5896621052,22793,rio de janeiro,RJ,1,2017-03-04 12:01:29,195.9,195.9,1.0,405,195.9,0.0024630541871921183,0
2fc18e96c5987ff9e0f2e3ca600cd075,9508ac36eb0d09bf42d525bd6c5980e9,12239,sao jose dos campos,SP,1,2017-10-03 13:05:20,39.9,39.9,1.0,192,39.9,0.0051813471502590676,0
e5d7a41225348988930f7e38c2b5a434,63d70a6c44798bce86b2ac12c49cb051,29101,vila velha,ES,1,2018-03-24 19:02:15,130.0,130.0,1.0,20,130.0,0.047619047619047616,0
469de6321bc3cc06274c61d9aebeb0bf,31f47e48e5a49c4ae1ccf5ea9e2a5e11,26087,nova iguacu,RJ,1,2018-03-08 19:46:03,79.9,79.9,1.0,36,79.9,0.02702702702702703,0
76dfc9b4b9bce12fcd7523f8202f97f5,40cbe4b0f2cefb5dcd46d4ac9e11a277,81070,curitiba,PR,1,2017-12-14 01:05:06,29.9,29.9,1.0,120,29.9,0.008264462809917356,0
e1892c28d1493eb6be3661e8daea168f,0524902d85f78a73cad0686ab836581f,26030,nova iguacu,RJ,1,2017-07-16 14:44:13,99.0,99.0,1.0,271,99.0,0.003676470588235294,0
e160fedb0e31d9f1012c4e023162e923,b1e4ccc7e30b0cc3829045cd68406769,18115,votorantim,SP,1,2017-04-22 20:29:38,19.9,19.9,1.0,356,19.9,0.0028011204481792717,0
2e987291c3fad1c8a06a9a93bcc3e03d,2f62b9233a78d7fc3a033b47c494fa8b,57230,coruripe,AL,1,2017-07-14 17:51:55,98.0,98.0,1.0,273,98.0,0.0036496350364963502,0
27e8c3e96456389b7fa9c1037960ee64,aed8dc2976e311d49673da06913cb081,60541,fortaleza,CE,1,2018-03-07 18:53:08,44.99,44.99,1.0,37,44.99,0.02631578947368421,0
9b665a2a798904a4f68c8b09f08c65dc,8a36caf2ed634c8838b1f679359bec97,86840,faxinal,PR,1,2017-11-07 00:32:03,89.9,89.9,1.0,157,89.9,0.006329113924050633,0
f3e70dbef3c069f99b47ef74148d6d58,edaf10f5aa825cb0f5fb2c0e56c45891,22221,rio de janeiro,RJ,1,2017-04-15 15:14:09,449.9,449.9,1.0,363,449.9,0.0027472527472527475,0
efe0b326802e3b2636f4b6b2a7466f15,55106ada3521d98df887932e42fb829d,4038,sao paulo,SP,1,2017-03-02 00:16:18,89.9,89.9,1.0,407,89.9,0.0024509803921568627,0
b5dd5010cf3b3b1178a8e596d7114266,3f92c58b07328c96c4b8a8175bdbff63,30360,belo horizonte,MG,1,2017-08-08 19:41:27,70.78,35.39,2.0,248,70.78,0.004016064257028112,0
debb9c0b178e9096f08c8609c81e2924,26d011d527e0a9fc7e93674895f73193,85960,marechal candido rondon,PR,1,2017-08-16 20:28:40,199.4,99.7,2.0,240,199.4,0.004149377593360996,0
7d6a7b972385ef00c9b4bcaa9ce6e2b9,2e99a768d2ba4e4a4048baed647f9399,3821,sao paulo,SP,1,2017-07-23 21:11:24,38.0,38.0,1.0,264,38.0,0.0037735849056603774,0
6f2e4ee9557a5ad3d44831d5bf37cc3f,572d659b79b65313537ade54fb867c04,13188,hortolandia,SP,1,2018-02-06 21:57:47,30.5,30.5,1.0,65,30.5,0.015151515151515152,0
cbb95f8f386e54a6f4f41134f77bc78a,f3f9ad393795500a09d55345662b18d5,13473,americana,SP,1,2017-11-08 08:46:40,49.99,49.99,1.0,156,49.99,0.006369426751592357,0
c5d1b0c941bce8ce8c2b3f8273684c8e,7740b9ffa0576087d73b1ec4c83859dd,62595,cruz,CE,1,2018-02-09 01:29:01,174.9,174.9,1.0,63,174.9,0.015625,0
03e3a430d50d6e1123627d133c65d5c4,a83cc01cd09394ced3e8c97808d94d7d,3559,sao paulo,SP,1,2018-04-07 12:10:27,149.5,29.9,5.0,6,149.5,0.14285714285714285,0
1a7dd5dcad819da555d5d310e108fd90,d15940ef308583106b2bf937e10ee015,28010,campos dos goytacazes,RJ,1,2017-10-23 08:43:23,45.9,45.9,1.0,172,45.9,0.005780346820809248,0
7622d1fc55809b6109b7decf63dd8529,71036db6faabd00815cec3685d26d8a2,28970,araruama,RJ,1,2017-04-24 10:02:13,175.0,175.0,1.0,354,175.0,0.0028169014084507044,0
e667dbd980c020783d2b3d6a2bc0e945,e3aea0c015dcb93e4b34593a0ea4324b,3657,sao paulo,SP,1,2018-04-10 09:15:08,53.99,53.99,1.0,3,53.99,0.25,0
9f4a2688ad743c4ea190c4c4dba104e8,da346e7987f72bca8ff60b6d9cdfdbac,13700,casa branca,SP,1,2017-03-02 09:43:10,15.9,15.9,1.0,407,15.9,0.0024509803921568627,0
efc63ad0c52f8bc3823f66b70616a280,fd47af963b760f05fbc357474509905e,72620,brasilia,DF,1,2017-09-13 22:56:40,56.99,56.99,1.0,211,56.99,0.0047169811320754715,0
45d23d652ab776714f444ad2daf99995,c5e913ed94ec2040210bbee0a7d10b1d,21321,rio de janeiro,RJ,1,2017-12-05 15:25:21,479.90999999999997,79.985,6.0,129,479.90999999999997,0.007692307692307693,0
c12aaf461cee6eef95b7ebe50a7a93cf,c18f0ac19217b1a23f563cc1968c499f,39560,salinas,MG,1,2017-11-07 09:52:20,74.9,74.9,1.0,157,74.9,0.006329113924050633,0
bcf1316f0bc85a5626519e9bb1205c1b,d774865a75dfb9951e56b5cb8103f41e,18051,sorocaba,SP,1,2018-04-06 14:35:56,120.0,120.0,1.0,7,120.0,0.125,0
861c4eff6dcc1cd1ce85c4d47fd54509,61bd25cfb1d871f63db30ea20530c223,47850,luis eduardo magalhaes,BA,1,2017-09-22 14:27:52,49.0,49.0,1.0,203,49.0,0.004901960784313725,0
b8c263617aa4cb9f03eddb774a49f681,ce22425b237a1e375658bb5b1d148111,44250,coracao de maria,BA,1,2017-04-24 21:30:45,279.9,279.9,1.0,354,279.9,0.0028169014084507044,0
3f71fba37c2f425974e32151d8771e9c,b126cd994c561b7671ffbee58a05db89,24130,niteroi,RJ,1,2018-02-22 21:56:23,99.0,99.0,1.0,49,99.0,0.02,0
79c8d122abdecd4dd9be27517307faf3,d94a50f9cddac0907ae02f2b8589361d,4735,sao paulo,SP,1,2018-01-31 15:13:42,49.99,49.99,1.0,72,49.99,0.0136986301369863,0
8f40d3fd9dc45300aa2922aa65d9570f,ab654ea423caf4fd8644891d185c3fc9,11704,praia grande,SP,1,2017-07-10 11:49:42,74.0,37.0,2.0,277,74.0,0.0035971223021582736,0
38a210aed00016125db0e5206d6f300f,5a989673ac02813d30ffee0254885032,76812,porto velho,RO,1,2018-02-07 08:18:53,259.9,259.9,1.0,65,259.9,0.015151515151515152,0
32733c119b64dd300881c12466d48e98,9496fe4967f2117feed223238c7bcc39,11050,santos,SP,1,2018-02-22 10:06:12,15.0,15.0,1.0,50,15.0,0.0196078431372549,0
f1847e1108766f3e77e212b82d2909e0,07419d54dffccb90ca99b24abe65e5fc,2075,sao paulo,SP,1,2017-02-01 15:25:47,9.5,9.5,1.0,436,9.5,0.002288329519450801,0
fbc72868276e138732416292b2c011d1,a973871a6892d06b2af8ff17739fcb04,75804,jatai,GO,1,2018-01-31 11:55:35,42.6,42.6,1.0,72,42.6,0.0136986301369863,0
81d496ec70b5cbfdd088b86d39d9f078,d8008fc6c5da802385f96e7a5e292f0c,90830,porto alegre,RS,1,2017-11-26 23:02:08,34.9,34.9,1.0,137,34.9,0.007246376811594203,0
7e016f9ea275279784f42e0642214284,646d643b4ac1184e383341f8896c3dc8,60764,fortaleza,CE,1,2017-11-20 16:21:04,69.99,69.99,1.0,144,69.99,0.006896551724137931,0
c4d6a7f1826d3a1cd903387966764d2a,25affca928e204c53cd4dedb58c6fa34,4372,sao paulo,SP,1,2017-09-04 16:48:28,175.9,175.9,1.0,221,175.9,0.0045045045045045045,0
b635957da0091ef9421c4405050ca614,b88ab79fafd93f0ae465d82e71e69962,4049,sao paulo,SP,1,2017-11-26 22:11:05,40.0,40.0,1.0,137,40.0,0.007246376811594203,0
3cc066496f34fb2db4ab8dc3b4fbec68,5f2db0fa31237e2351e2f0923dd04c9e,12410,pindamonhangaba,SP,1,2017-12-31 10:42:54,122.99,122.99,1.0,103,122.99,0.009615384615384616,0
2c8b917c5d7dd720ebe36a5ed3b501ec,33febb33a42a35f5826a22584b127f9d,45860,canavieiras,BA,1,2017-04-28 19:54:40,49.75,49.75,1.0,350,49.75,0.002849002849002849,0
5bcdc05f48d3a5a88df17d3a90854122,fe843b2621523dc9e82cfa392b47e6ea,7073,guarulhos,SP,1,2018-02-04 22:27:05,149.9,149.9,1.0,67,149.9,0.014705882352941176,0
7718ccff59ef9aabd38d81d5f14e23ab,e678b8cdd5116fd4b39bb8b8b3766662,44572,santo antonio de jesus,BA,1,2017-04-27 11:58:01,79.99,79.99,1.0,351,79.99,0.002840909090909091,0
44d347aa77b1bae4e5107c9dc3dde6f4,827b19392982299876c0aca1f92208c2,29949,sao mateus,ES,1,2018-01-04 23:18:09,114.9,114.9,1.0,98,114.9,0.010101010101010102,0
6a19aac11f8b7b0541420cfd0b4bd3a5,d1981eeaa8c24e4bd6fc72c5b8edbc80,20541,rio de janeiro,RJ,1,2018-03-26 21:47:13,90.0,90.0,1.0,17,90.0,0.05555555555555555,0
41018bdb3202b98952b12ecfc16b052e,fd0b0f2d8971b0fa0f0a69ae49aaffe2,89190,taio,SC,1,2017-10-11 13:53:45,75.0,75.0,1.0,184,75.0,0.005405405405405406,0
2c3e6d34925ae17def03b796b63e8dfe,7ae8bd64bbd6f4342d2f802e88565dd1,12302,jacarei,SP,1,2017-03-28 21:45:33,80.25,80.25,1.0,380,80.25,0.0026246719160104987,0
b0e374d2f2acb958d14630cbf356070a,ae16e6392fd04e6939f6b861725e6db6,24350,niteroi,RJ,1,2018-03-26 23:37:36,33.8,16.9,2.0,17,33.8,0.05555555555555555,0
7110ad84c08dbbcd73eb4164e2eb988d,122069fca3311a187c778eb5c822b43c,9760,sao bernardo do campo,SP,1,2017-12-03 20:44:47,79.9,79.9,1.0,131,79.9,0.007575757575757576,0
dc47946c59cec7bb8590aadf5f667ac6,a2b25629f92bcc296b154fcd7c1401cc,22041,rio de janeiro,RJ,1,2017-02-09 22:25:41,119.4,59.7,2.0,427,119.4,0.002336448598130841,0
3b56ff9de63e4c2fa73c05d315e51720,4945ad8dbe405f4beed15ceb12e2610d,39400,montes claros,MG,1,2018-03-29 15:57:41,85.0,85.0,1.0,15,85.0,0.0625,0
0f627b6ab38a1e8e4f2bcacb521c20da,05e5cdba492bb2f2881b3490315f27ce,8390,sao paulo,SP,1,2017-10-15 20:56:39,63.0,63.0,1.0,180,63.0,0.0055248618784530384,0
bbf8bf3664ee1a661f3d440418622273,beac562d7faeb93b84ce539a096c920a,51021,recife,PE,1,2017-11-28 23:04:53,59.0,59.0,1.0,135,59.0,0.007352941176470588,0
987195b161f45601493edb92ba2c831e,9a48fa252a27ed1ab9811959168e8e21,22081,rio de janeiro,RJ,1,2018-04-10 17:34:43,36.5,36.5,1.0,3,36.5,0.25,0
409021a104c22b3c6f9fad25a36f26f5,db490256b0acf2d835d059e7246a5691,92020,canoas,RS,1,2017-12-04 11:49:02,119.0,119.0,1.0,130,119.0,0.007633587786259542,0
57560919e8c83fdaa81575a5ab74d0a8,3391bca4a0ec5185947ffb36d9ef6dbd,32340,contagem,MG,1,2018-03-01 16:04:27,79.0,79.0,1.0,43,79.0,0.022727272727272728,0
d1ee885105a18181bf52979a83068e2a,7becd543aa1bf3adf1ec4009e7d2e323,82515,curitiba,PR,1,2018-04-11 16:10:27,98.75,98.75,1.0,2,98.75,0.3333333333333333,0
4ce8e60d4a40ea780f8db855b13eb589,07d790691c80310f11c9d6ad67215391,30140,belo horizonte,MG,1,2018-03-16 11:29:39,559.99,559.99,1.0,28,559.99,0.034482758620689655,0
5601306a3ab8ff0784dfb5fab690bde1,8c36bdbc83ccd6f472bf94844043edbb,66113,belem,PA,1,2017-03-24 20:06:57,49.0,49.0,1.0,385,49.0,0.0025906735751295338,0
f873eea53c6efb9f7b57d7822b209e05,97e4680fd417043d7572a032e5cad15e,24451,sao goncalo,RJ,1,2018-02-08 10:50:20,89.9,89.9,1.0,64,89.9,0.015384615384615385,0
b167a5e662ef9b2ac117c7e7ebb8b304,cafe732ea089cc731b7656faf269fa43,18800,piraju,SP,1,2017-10-10 18:40:36,105.43,105.43,1.0,185,105.43,0.005376344086021506,0
21cdaaba011d5b8ff31fd69ec8604197,666d80310561fcd682589e0bb9c7ff3e,44090,feira de santana,BA,1,2018-03-16 18:48:02,285.0,285.0,1.0,28,285.0,0.034482758620689655,0
f7e528a6685f32dd35e5c47b81e93912,e249bd3bd76cb410f316251c221e9056,74075,goiania,GO,1,2017-10-16 11:39:13,145.0,72.5,2.0,179,145.0,0.005555555555555556,0
925ec3754a8d9564f2c424924db3a937,697ec8baca2a81f1ebee54b59b1e8ec9,87340,mambore,PR,1,2017-11-08 08:27:31,79.9,79.9,1.0,156,79.9,0.006369426751592357,0
27f334c3f646310457b7ab3135cd87c9,19c60787f1a478ec7345d03bc4298398,70645,brasilia,DF,1,2017-11-23 14:43:38,119.0,119.0,1.0,141,119.0,0.007042253521126761,0
424072396f8f28b7522790dda26981bb,9569233a383eec155f537bc9c0853873,14025,ribeirao preto,SP,1,2018-02-20 14:36:01,84.0,84.0,1.0,52,84.0,0.018867924528301886,0
f5003c157ffa6c1e541146ddcdade179,46fd21f8a3b4a07a38cee494c93b13f6,20921,rio de janeiro,RJ,1,2017-08-27 10:14:44,29.0,29.0,1.0,229,29.0,0.004347826086956522,0
b619b19ef9db35dde9e6e01483e204d7,cbaa90544e1b4f32d030101f53195e36,13606,araras,SP,1,2017-06-27 14:33:15,69.9,69.9,1.0,290,69.9,0.003436426116838488,0
76c0fa129e051872153968790fd8b635,795088f7d43a0d5d042fdd79c1819201,39520,porteirinha,MG,1,2017-09-18 13:26:47,42.0,42.0,1.0,207,42.0,0.004807692307692308,0
d85e9495a5564a5ff27d3de828e383cd,b2bd387fdc3cf05931f0f897d607dc88,14027,ribeirao preto,SP,1,2018-03-05 18:13:30,160.0,80.0,2.0,39,160.0,0.025,0
33b04ed3a65920372c212f95cb9fa5ca,39a67a9d203abf027ebac4a1ffeeb663,35560,santo antonio do monte,MG,1,2017-11-24 13:58:39,49.0,49.0,1.0,140,49.0,0.0070921985815602835,0
41ac8b87ee6dec2f7c9980f71760a0bd,26000736bcaafc7b80f7e4f1f907567c,2406,sao paulo,SP,1,2018-02-26 16:51:34,23.7,23.7,1.0,46,23.7,0.02127659574468085,0
2a7b15aee777934aec99a1046e8f13aa,4fdd708d91ccc748a0b558a3734d5ceb,23078,rio de janeiro,RJ,1,2017-06-28 02:56:16,46.9,46.9,1.0,289,46.9,0.0034482758620689655,0
e4e92c8f4fd945a7c43fe7c78e643218,984d5ac021d7c0bf1edaa14c75c3a754,23092,rio de janeiro,RJ,1,2017-07-19 08:32:57,179.94,89.97,2.0,268,179.94,0.0037174721189591076,0
25bf4bb4d77019e2eadc14ac245225e2,1f8296459ad21ebbd6ff57b604df2f72,85805,cascavel,PR,1,2018-03-24 17:26:26,299.0,299.0,1.0,20,299.0,0.047619047619047616,0
8129c1c506d7d2a41ca7caf3c38fa85f,6b38599de7ebe86e10dca22cad0f5c80,81200,curitiba,PR,1,2017-10-30 10:47:23,230.0,230.0,1.0,165,230.0,0.006024096385542169,0
3052a181fab0411b6f3dc1863ec8ac69,d1304197e77083b8db364bd1a8a14766,29690,itaguacu,ES,1,2017-05-25 08:48:19,207.94,103.97,2.0,323,207.94,0.0030864197530864196,0
e99710ea43d809eeed53ce8abdfadd7c,82ab7d52a677122ad223dc866567678d,11706,praia grande,SP,1,2018-03-24 10:16:33,359.9,359.9,1.0,20,359.9,0.047619047619047616,0
9e3cccc4d43db2e97bb7015e1114fc92,9f71041667decc88f2ca7f8c2189fa1c,89160,rio do sul,SC,1,2018-02-22 16:21:49,47.0,47.0,1.0,50,47.0,0.0196078431372549,0
236208b57e73c7feb1d9983c80982ad6,6add2745aef068724dc5b55c9cedb5fe,5303,sao paulo,SP,1,2017-07-11 19:38:14,59.9,59.9,1.0,276,59.9,0.0036101083032490976,0
7155db0555447b6140ddd3e2a9399525,ea6e886dbffd39820cbd7eb76b2af63a,14055,ribeirao preto,SP,1,2017-11-19 14:55:44,75.0,75.0,1.0,145,75.0,0.00684931506849315,0
f9c96252874067d98cead6b1f3859c02,2ca8ef8560c5cd0f9ddb65d1b1b51380,51030,recife,PE,1,2017-12-09 17:59:48,82.99,82.99,1.0,125,82.99,0.007936507936507936,0
f9f0cae6f72ac7bcdace53158b1712ef,c82e728a76f784230c3b9e9a1a8fb055,35931,joao monlevade,MG,1,2017-04-22 14:04:00,385.0,385.0,1.0,356,385.0,0.0028011204481792717,0
73c42df75ba6c72886b7dc426d3db891,8e496dbaa1ba4558868484ed52777fce,65950,barra do corda,MA,1,2018-04-05 22:23:29,68.9,68.9,1.0,7,68.9,0.125,0
8bdcd11b55403afdb8529f39cb0d4e04,4ab13449e40a2a72abb14b730c91627c,87400,cruzeiro do oeste,PR,1,2017-05-08 17:59:21,79.0,79.0,1.0,340,79.0,0.002932551319648094,0
36a092d8dd0744a1785253a886b8383a,8346b40f1e2e67c7d3512301d49e350b,19470,presidente epitacio,SP,1,2017-07-17 21:13:47,79.8,39.9,2.0,270,79.8,0.0036900369003690036,0
f6243ddedb1bf96ae357422c43bb883b,7b05e0471103ce0ef346e87c357273fe,23595,rio de janeiro,RJ,1,2018-01-09 22:50:43,54.9,54.9,1.0,93,54.9,0.010638297872340425,0
885f2a948ea775297dcba2d6fb9ce7c8,e04a7325e3be5691e96678291996d4ea,22770,rio de janeiro,RJ,1,2017-06-20 14:34:37,36.75,36.75,1.0,297,36.75,0.003355704697986577,0
8db09297f613aa7c953b997e92b750db,ab719d1153364ba40df26f5e44c6192a,17380,brotas,SP,1,2017-04-03 18:59:59,79.9,79.9,1.0,375,79.9,0.0026595744680851063,0
b5e3fbd21cbfbe8300596115c3fcc624,7197888beee4a47fd91b59a19d9c20e7,24743,sao goncalo,RJ,1,2017-06-25 13:11:03,59.8,29.9,2.0,292,59.8,0.0034129692832764505,0
e4b827f74dddb51fbccdcc061f0e100b,b8c9eccefd807623908243c39ab71c0b,75960,acreuna,GO,1,2018-03-21 09:06:30,61.45,61.45,1.0,23,61.45,0.041666666666666664,0
ad86ee88e13f543b00f6766c14b09496,4afb87582a140485f980b0bc0efee780,13059,campinas,SP,1,2017-08-11 17:01:45,134.9,134.9,1.0,245,134.9,0.0040650406504065045,0
9c62b85664e1ec0955cead693b1c74af,bab7e41f034fa5ab6b80206fcf8c6855,35700,sete lagoas,MG,1,2018-02-02 13:40:38,109.0,109.0,1.0,70,109.0,0.014084507042253521,0
e61aa74044e35b21d8f2219a4d6a7dad,5808c065f13aac4568abd8f0e9243cb8,14805,araraquara,SP,1,2018-03-20 16:53:38,29.9,29.9,1.0,24,29.9,0.04,0
db2bde8c137c06bd2b2f616b27414304,7168de2966ec5d0e040be29141e98aa2,37805,juruaia,MG,1,2017-09-09 13:58:18,78.0,78.0,1.0,216,78.0,0.004608294930875576,0
b29cd4b6b9a32a9071f8ef282588b18b,a97df1dc7d1c0c87e37eb05d37484124,22743,rio de janeiro,RJ,1,2017-11-25 06:48:16,156.9,156.9,1.0,139,156.9,0.007142857142857143,0
d7bb9fc2cd7917c7ba0ac4964bf7deb9,13c9dda47d33c5e8f7794e17aaa38be1,55870,timbauba,PE,1,2017-11-09 09:13:24,144.9,144.9,1.0,155,144.9,0.00641025641025641,0
9cc370519577c55b9dfa3641b59df63a,1631f62a29084c9d6a807c8e85ef4fea,37270,campo belo,MG,1,2018-03-24 04:55:49,57.6,57.6,1.0,20,57.6,0.047619047619047616,0
766716773193d515bbb268dc61c8cc06,b02fdd2b810e62da62cd5b2b26a66cac,44700,jacobina,BA,1,2018-04-13 21:36:34,53.9,53.9,1.0,0,53.9,1.0,0
95e4216612b16855852e2b9efa6174d2,d88c9fc62a77d7da24759ba8cd96a2a8,17320,mineiros do tiete,SP,1,2017-12-04 17:22:31,38.25,38.25,1.0,130,38.25,0.007633587786259542,0
5a3dff5b019c56fb6a8f16b5bfa25833,5ca88b7c2c275761a353af0767112c9e,91360,porto alegre,RS,1,2017-07-30 04:33:28,179.98,179.98,1.0,257,179.98,0.003875968992248062,0
3bad19aaa42d001d49f219c0cd2d1c60,6d0d4fc6d3394afe566b5672bd7d4863,60140,fortaleza,CE,1,2018-02-22 13:04:20,324.0,108.0,3.0,50,324.0,0.0196078431372549,0
9ac71dee8847ffe35fb2c087da733cc4,178517ea7fc752dbcbfcad925153cf94,55014,caruaru,PE,1,2017-11-18 11:30:58,61.5,61.5,1.0,146,61.5,0.006802721088435374,0
bc1e50e78d6937306d60f6cf33acf0e1,f0208347dc9c589f06bc51b88f71e644,31170,belo horizonte,MG,1,2017-11-24 02:07:37,39.9,39.9,1.0,140,39.9,0.0070921985815602835,0
17f213c0ec73d313a15ffd954cab9a5c,0d7241c7fb49c1be6e75c9fe99e0822c,22621,rio de janeiro,RJ,1,2018-01-16 14:17:15,98.99,98.99,1.0,87,98.99,0.011363636363636364,0
c458b7d924dbf3e547f4fe02a7229d9c,de1ca5cfc962002b9af7508e3543dfbd,11045,santos,SP,1,2017-07-23 15:52:03,288.0,144.0,2.0,264,288.0,0.0037735849056603774,0
26f548cf7e36c8ff56020cc845f5df8c,3f5d70f6f23ba08e7b3c82f2d8d9228e,26033,nova iguacu,RJ,1,2017-04-05 21:40:45,29.0,29.0,1.0,372,29.0,0.002680965147453083,0
f70af1a55bb443930f41137eeaee382e,d4161433b4b238a0c36242cc91c9f5a4,64675,alegrete do piaui,PI,1,2018-03-18 16:02:06,149.9,149.9,1.0,26,149.9,0.037037037037037035,0
ab5ff7cc145e092e440389dea069782b,4ce12e6b673b72ff2cc5eaaaf0f4f0c7,23013,rio de janeiro,RJ,1,2017-10-31 18:37:48,219.0,219.0,1.0,164,219.0,0.006060606060606061,0
ac90434fffc6303325c5f0e3f7077131,136d241b68ed91319e6ff4e2b58279a0,20071,rio de janeiro,RJ,1,2017-10-19 12:24:50,118.9,118.9,1.0,176,118.9,0.005649717514124294,0
7eb0ed58083a45d5fd210c15f0c07079,99643ab9aec6371a0b637e234f703f71,30111,belo horizonte,MG,1,2017-05-05 14:15:32,52.269999999999996,26.134999999999998,2.0,343,52.269999999999996,0.0029069767441860465,0
d34d3389bf81798f3e74dc622b038a95,ea72e7fcc3e097952148e9aaead45e43,3731,sao paulo,SP,1,2017-05-06 21:55:41,99.9,99.9,1.0,341,99.9,0.0029239766081871343,0
36c3e8a1f8e150fde4a148578d99a5e1,ee7b3e0d0693ec5f9f39edd9630a9e87,28633,nova friburgo,RJ,1,2018-04-09 10:18:06,349.9,349.9,1.0,4,349.9,0.2,0
d24b43d7e710defda63c9bdcce01aa57,5178490701215c1a00d639d8456fc27f,67200,marituba,PA,1,2018-02-28 11:49:03,45.9,45.9,1.0,44,45.9,0.022222222222222223,0
4c5f600b0af36d34eecc8e2b1bb63ff8,edf6a00a60c87f3c34e79120133fe44c,22231,rio de janeiro,RJ,1,2017-06-12 13:50:44,160.0,40.0,4.0,305,160.0,0.0032679738562091504,0
470cff54aa86be3ce142cc8406ad2084,da4a999adcf6645f862d333271068632,48970,senhor do bonfim,BA,1,2017-11-01 20:10:34,198.0,99.0,2.0,163,198.0,0.006097560975609756,0
57c0a0ae936e3a4cf71bdc4c6d4ede43,34c7e58f5db5eedd271166b131e8febd,13485,limeira,SP,1,2017-06-16 18:12:03,44.0,22.0,2.0,301,44.0,0.0033112582781456954,0
11f0d9654e771c189ac9710977422029,3f6443bf1efd073de47cc5f7a6b07606,71680,brasilia,DF,1,2017-09-18 15:10:14,14.95,14.95,1.0,207,14.95,0.004807692307692308,0
c58f80dae9018187e447c7d13c29100f,d142b07a8b054198e13aff9c5a9f8b01,73092,brasilia,DF,1,2018-03-09 11:21:11,156.0,78.0,2.0,35,156.0,0.027777777777777776,0
25f2cb8613c844fb07e042433a5ebde7,c9597dcaec3655919a9a2f2182f4ce5c,96506,cachoeira do sul,RS,1,2017-09-18 17:57:58,59.9,59.9,1.0,207,59.9,0.004807692307692308,0
dbe32b3853560060d8d62657f15d77ec,af76030b7aabc1c76355e5fca3c56595,5116,sao paulo,SP,1,2018-02-05 10:50:58,35.0,35.0,1.0,67,35.0,0.014705882352941176,0
3298ab6fddfdd074bfc8d7e1f7f3da95,ad66a32797bd6ae83f92661e78b2f279,29102,vila velha,ES,1,2017-04-05 01:12:35,127.48,127.48,1.0,373,127.48,0.00267379679144385,0
936d6e2a7d66d0b100ff47f821e118cc,d75b61fa5df6a529c59ad27bad752091,34710,sabara,MG,1,2017-07-30 18:55:48,149.99,149.99,1.0,257,149.99,0.003875968992248062,0
617b7fef5b839e920d73822fee93d1d2,a8d00c80c59d19a1def1e5788796e274,88063,florianopolis,SC,1,2018-01-19 20:23:39,90.0,45.0,2.0,84,90.0,0.011764705882352941,0
6b4614b2b4a56af6749e512f9ca12941,02e341dda9a498db57a4ec9f47fc02e9,22210,rio de janeiro,RJ,1,2017-06-30 12:09:51,8.99,8.99,1.0,287,8.99,0.003472222222222222,0
efdd6452a79503982f6a81742a33d2bb,19989840c7e9a07d0d986de34da373ba,72860,novo gama,GO,1,2017-05-04 22:11:21,52.3,52.3,1.0,343,52.3,0.0029069767441860465,0
5d94eb3a651e44419266ec8fddbd57be,a611c80155435e6a86012d159d9e5007,71741,brasilia,DF,1,2017-12-02 16:44:06,49.96,12.49,4.0,132,49.96,0.007518796992481203,0
3e27365a6edfc3cbb04903981b4d9460,fa08098a16131e9dd1dec2dd17fd4ee8,93037,sao leopoldo,RS,1,2017-05-02 14:07:29,59.8,29.9,2.0,346,59.8,0.002881844380403458,0
2a0d54a46700eac893ae93c57391536a,a9f4fbc878a70927bf1f47612987c8ab,12243,sao jose dos campos,SP,1,2018-01-10 10:27:03,122.1,122.1,1.0,93,122.1,0.010638297872340425,0
04932ff700030fe6c723a32ed80bc2ad,f1108e890f45f29145b2432f06f2c7cf,36120,matias barbosa,MG,1,2018-03-18 22:25:47,116.6,116.6,1.0,25,116.6,0.038461538461538464,0
d266372ab3c63af5c6503c9315b213e2,8b3dcf8b3599606d6423a4731ca9ae53,5396,sao paulo,SP,1,2017-09-24 19:37:48,186.99,186.99,1.0,201,186.99,0.0049504950495049506,0
80a56c8941df38a1adeaf9183c112609,73afbfa86a7c0868c8d58efe0bdaf9aa,99070,passo fundo,RS,1,2017-06-27 22:45:09,104.0,104.0,1.0,289,104.0,0.0034482758620689655,0
5a86f91f644f261e5d90e015e2d45636,a2d86a6e2476919b3b95635c66366223,29142,cariacica,ES,1,2018-01-29 22:20:16,29.99,29.99,1.0,73,29.99,0.013513513513513514,0
276d62910831dae81507e02314fd5a20,72ac37d63990011e2361b23308d783f2,78040,cuiaba,MT,1,2017-12-02 08:48:54,29.9,29.9,1.0,132,29.9,0.007518796992481203,0
06feba89747b8e9e2a482ca08e3b1c3b,b9e14a9f4a31ac62d6161da7825ed62e,89202,joinville,SC,1,2017-12-28 16:22:35,12.9,12.9,1.0,106,12.9,0.009345794392523364,0
d4d6670e1258513bd852a41914b4f1f4,236e3817f24b45c8a6acf496aebdf699,88980,passo de torres,SC,1,2017-12-04 12:59:29,140.0,140.0,1.0,130,140.0,0.007633587786259542,0
9416fd574eecfbb1d043759c93c70b7c,55c45a796eadb79298c5707ea5edaa4a,2442,sao paulo,SP,1,2018-01-16 16:08:48,29.99,29.99,1.0,87,29.99,0.011363636363636364,0
514f273dcfd868433162e713fd57cab1,e7e84072c5730f21d38aea4e37d531f0,96210,rio grande,RS,1,2017-11-24 13:01:36,19.99,19.99,1.0,140,19.99,0.0070921985815602835,0
b46f53945d890c2f7ab73763bb6fca0f,0f2e0b4dd28e255a8ae9f056a4b7bb06,13460,nova odessa,SP,1,2017-05-29 15:42:48,139.9,139.9,1.0,319,139.9,0.003125,0
5845a9b62ccc752c9fdfd407511f79c8,e5f013dc763f4b96b9618a9dc2ca636c,29057,vitoria,ES,1,2018-02-05 09:58:29,69.9,69.9,1.0,67,69.9,0.014705882352941176,0
c0383ca8e59180009c9e765fa261d88f,2c5d4a8f19bb3391a1d0a4aedf7a61bd,68625,paragominas,PA,1,2017-06-28 23:00:54,12.5,12.5,1.0,288,12.5,0.0034602076124567475,0
4d3f111a7518b43408f6cf2d1e3979fd,54012322ebf6df6d7883d471a41e8c90,76190,palmeiras de goias,GO,1,2017-11-23 22:53:23,109.9,109.9,1.0,140,109.9,0.0070921985815602835,0
c039ce7bf9765930a077d3a0c2d0dacd,b7feb92ce1b082979267f0b72b72ad8d,74485,goiania,GO,1,2018-03-10 16:15:40,144.99,144.99,1.0,34,144.99,0.02857142857142857,0
80db9468205ab8feeb73722948bbce52,006bbb235068a01d2e3e47fa09ccf53c,70863,brasilia,DF,1,2018-02-15 19:02:19,19.9,19.9,1.0,57,19.9,0.017241379310344827,0
a3cfaf4970bfede28561aa474e43a49c,84720447172b234e7504da52ee639435,81050,curitiba,PR,1,2018-01-17 21:27:34,139.99,139.99,1.0,86,139.99,0.011494252873563218,0
e6f47c1077e7bf89527cce6b7f53b275,6a2a34176de0c67d37cc15c3068ca152,11015,santos,SP,1,2017-07-25 14:01:36,124.99,124.99,1.0,262,124.99,0.0038022813688212928,0
80cac977e2c0f7c86d46ba03d8a6ccce,8e102dec62f95d1f442e0d12d48505e9,26220,nova iguacu,RJ,1,2018-03-19 13:06:41,169.0,169.0,1.0,25,169.0,0.038461538461538464,0
613578dd20ddb4ec94a6aaeb3ad67dce,0d27fea6fcc6a35693bbbe15b9984313,95840,triunfo,RS,1,2018-03-22 16:08:37,940.5,940.5,1.0,22,940.5,0.043478260869565216,0
179e76d91b4cd478d401bf51007fe61a,b0a799ebe4cfa1bf4fa1b0bc69926c9a,13152,cosmopolis,SP,1,2018-02-06 21:59:22,104.9,104.9,1.0,65,104.9,0.015151515151515152,0
ae8dce2bd3be3a25622d54adbaf92a27,541817eb0cf6fdf6c6b111436eeeff2b,7790,cajamar,SP,1,2017-10-17 10:30:04,44.5,44.5,1.0,178,44.5,0.00558659217877095,0
1d6509f7241d41656e3dd4b9980a3a0f,f23b514a4aede69a7584dadff22e2819,3545,sao paulo,SP,1,2017-06-23 12:41:07,199.0,199.0,1.0,294,199.0,0.003389830508474576,0
85a12516acdac9ff93fa0b54dad839b0,26292c7f6cab5326ad3170e414cc8f44,95110,caxias do sul,RS,1,2017-05-11 13:08:04,219.99,219.99,1.0,337,219.99,0.0029585798816568047,0
a5e340022b43d330e212a92a503ec380,7a639d9ba2004a29d84867881c7f7d1c,14840,guariba,SP,1,2017-10-16 18:09:21,259.99,259.99,1.0,179,259.99,0.005555555555555556,0
b768df11c1dd1aa471736252fc8780b0,a0a43c860c091152010926b96823aa4b,38408,uberlandia,MG,1,2017-10-18 14:31:33,139.8,69.9,2.0,177,139.8,0.0056179775280898875,0
02b7bcd5dd0bbe4057aa6fb0c280a06b,82bbfd611198a89d2be66389d603e4ba,18271,tatui,SP,1,2017-12-01 12:26:53,31.9,31.9,1.0,133,31.9,0.007462686567164179,0
a271f133c963082ed1c5e69bc0deb70e,f9cc5c99226d8c4b60577930a5f03d5e,76808,porto velho,RO,1,2017-10-26 00:04:59,29.99,29.99,1.0,169,29.99,0.0058823529411764705,0
4e3b46e9770f521ea3c91fb857c4ae76,f6de77c584d2e34e34dd92fb5ccdce42,30494,belo horizonte,MG,1,2018-03-25 17:19:41,84.89,84.89,1.0,19,84.89,0.05,0
0c755365dae19da070419dd40041098c,63d579b1efd1e32d91ce050e79d6c0a6,14800,araraquara,SP,1,2017-02-28 19:37:04,69.9,69.9,1.0,409,69.9,0.0024390243902439024,0
47e2de6eab3618c1d08f51f6d3af4826,d0fa8c629348c626eb103877ba5e9a40,99435,campos borges,RS,1,2017-01-30 17:05:18,699.0,699.0,1.0,438,699.0,0.002277904328018223,0
1eed103f8b907394cdd735079da8a6c9,eefdc5d56151be8695518215e2598a56,57420,batalha,AL,1,2017-02-12 21:24:43,59.9,59.9,1.0,425,59.9,0.002347417840375587,0
a664eb820c2169b80e2999b80f22f960,0be4647384c7b7c2455dab1958b1ffaa,30775,belo horizonte,MG,1,2017-11-22 14:14:38,69.9,69.9,1.0,142,69.9,0.006993006993006993,0
36f03f3db6a48c6deab6c46066c7ba1f,70e1b857bde3ceda8fb541b88ecdeab8,88862,treviso,SC,1,2017-10-12 18:24:44,118.9,118.9,1.0,183,118.9,0.005434782608695652,0
06bca569f6bd4833c89416af4672db63,69768cfb4188e522fa75698ec28251dc,21350,rio de janeiro,RJ,1,2017-12-29 07:43:35,150.0,150.0,1.0,105,150.0,0.009433962264150943,0
124bd2cd4802bd7b4f64b19d46b53bbd,8aedf194847a3675929c24576ddc0c2c,12120,tremembe,SP,1,2018-02-18 09:52:05,187.8,93.9,2.0,54,187.8,0.01818181818181818,0
396e166b4e65309db46b7c9945c89a33,1bc6a6effbe393f0be2f25e73d8ce50a,97960,sete de setembro,RS,1,2017-01-20 13:32:34,54.9,54.9,1.0,448,54.9,0.0022271714922048997,0
0e7752ccbc011470fba6ea7c84499e32,3bc5ba33ab9b05bf23a44d88debecc74,22740,rio de janeiro,RJ,1,2017-04-05 17:28:55,15.99,15.99,1.0,373,15.99,0.00267379679144385,0
5c460be259c9a70a1553efa96b294e8a,7ccff7239174883e2ed56008ac04e184,3127,sao paulo,SP,1,2017-06-02 09:28:25,179.0,179.0,1.0,315,179.0,0.0031645569620253164,0
441b8206c35723f88ae1c338f274149d,1bb7abb3397238391b218aec1878f0a6,55280,pedra,PE,1,2018-02-03 17:42:33,49.9,49.9,1.0,69,49.9,0.014285714285714285,0
c43d7424f1a0af3b147e88947f5bb957,04c55667b44fae5f50ed71d40c633d09,12092,taubate,SP,1,2017-06-07 20:11:31,22.9,22.9,1.0,310,22.9,0.003215434083601286,0
f9e23c14e5ab7352006f43521f84b3d5,b6ccdcce8f60189ba221b69e1ee12401,45570,ipiau,BA,1,2017-04-13 16:09:20,129.89,64.945,2.0,365,129.89,0.00273224043715847,0
e3b25a8708f4f6e2f7b6fb5caa2eefe9,30a9badf47aee5400aa486856cc18cfa,5020,sao paulo,SP,1,2017-05-23 19:02:00,34.9,34.9,1.0,325,34.9,0.003067484662576687,0
ffa9419903b6e1ed6f0692ab2695de94,85b5952062ed4d7e6447f7493de43548,3203,sao paulo,SP,1,2017-12-07 20:52:55,249.89,249.89,1.0,127,249.89,0.0078125,0
4b4839712f1f77b8f762b4532538ff9d,a6b0fe83ed9bc3e862df0f8d9d2f7c58,30441,belo horizonte,MG,1,2018-02-26 20:55:59,209.98,209.98,1.0,46,209.98,0.02127659574468085,0
b2f66716339acf3fd29df8cb5ad63158,d2185da6e80942141ffc1dfe5ebbe716,20765,rio de janeiro,RJ,1,2017-07-09 01:55:26,39.9,39.9,1.0,278,39.9,0.0035842293906810036,0
6116ca30253940aa1f3a6ae5ce2e624f,a9323cc317a17670643a86caf9ec74a3,31155,belo horizonte,MG,1,2018-03-30 11:08:04,109.0,109.0,1.0,14,109.0,0.06666666666666667,0
cb747ff2bbd153974250e103487644e5,529a8faa9d37064b655b398164e4fda7,5030,sao paulo,SP,1,2018-04-12 11:26:28,79.99,79.99,1.0,1,79.99,0.5,0
b6bd4e365324b11b1b4f02fd5d045e9a,3eb186258181aa25ac42a06fa7051993,89163,rio do sul,SC,1,2017-11-28 15:30:11,22.0,22.0,1.0,136,22.0,0.0072992700729927005,0
9d3b949fa77c3f6bbf95203e237ece68,ea1d2196c3cbc2e96c50cf7ff5432069,1228,sao paulo,SP,1,2017-12-19 11:08:36,42.0,21.0,2.0,115,42.0,0.008620689655172414,0
3ba02060e681d361d603d5f7ef0a730b,dc5aa19797b8fb7a4929ad109fb25553,48475,itapicuru,BA,1,2017-05-17 23:19:34,38.33,38.33,1.0,330,38.33,0.0030211480362537764,0
d65d3879ccac114a8fab42f26dd67a51,1b896f2127dc42563f43100ebbab8d2d,36157,piau,MG,1,2017-07-19 19:54:51,25.9,25.9,1.0,268,25.9,0.0037174721189591076,0
8a31acd6bdd796b96b5cde8325da7c41,f2a95ab393e5d69129c55b8fa2def8ea,22611,rio de janeiro,RJ,1,2017-09-26 19:16:04,99.0,99.0,1.0,199,99.0,0.005,0
49d707c4f8c279f291fa063f2d5cba89,6e64dc929d62442c813375d68c4e0c2e,13140,paulinia,SP,1,2018-02-25 20:10:26,76.0,76.0,1.0,47,76.0,0.020833333333333332,0
feac68487f7ac58b65ecc8e6b4a12e85,7ef15bb849ef9cfccd237c3ae87eb011,9892,sao bernardo do campo,SP,1,2017-04-03 11:09:58,125.9,125.9,1.0,375,125.9,0.0026595744680851063,0
e283e924531a3ed4cfea8c4bf3b680e3,5983e972a92ec909a1c8ac2f75700c2f,20520,rio de janeiro,RJ,1,2017-09-07 08:14:06,59.9,59.9,1.0,218,59.9,0.0045662100456621,0
967dda13a14683fe2fbcc6533e74a2c7,c6924d0059a7e2ad64bce6d3c9cc677d,35700,sete lagoas,MG,1,2017-08-09 13:44:30,94.6,94.6,1.0,247,94.6,0.004032258064516129,0
16826653dc051ac61430958fb64daf1b,40fd8d5f0c187320e1b5790b924cfec9,5550,sao paulo,SP,1,2017-08-19 14:08:34,259.9,259.9,1.0,237,259.9,0.004201680672268907,0
a1eef3423bc0e8339b67cb2208aa3f94,6b3456281f27545556e7b915c8d19c23,7700,caieiras,SP,1,2017-07-17 14:04:47,199.97,199.97,1.0,270,199.97,0.0036900369003690036,0
05b7d2db0e6f42afea1969d78034d011,6ccb9923d5e1fa1cc38ad45ee816e48a,85884,medianeira,PR,1,2017-03-10 11:52:07,26.9,26.9,1.0,399,26.9,0.0025,0
3cebb5418614be0993ffaab8fd88b066,e55d96f088e39aebedb3e743aca6d313,33400,lagoa santa,MG,1,2018-02-07 11:26:49,34.3,34.3,1.0,65,34.3,0.015151515151515152,0
97a0936bd145e77b88c0a49c7d38add5,8eba3049a30f185094556febe5a0b1fb,22793,rio de janeiro,RJ,1,2017-07-24 09:04:36,72.0,72.0,1.0,263,72.0,0.003787878787878788,0
655e4ac9743faf6ec2d032a75c002723,89e5359fa2be142772cde79e34891dd0,9895,sao bernardo do campo,SP,1,2017-05-17 10:22:14,99.0,99.0,1.0,331,99.0,0.0030120481927710845,0
eb2222308ec066485ecffca88d08df46,7a5bf215350b8fbdd2ae018d1f4b7853,91910,porto alegre,RS,1,2017-08-13 22:34:38,184.8,184.8,1.0,242,184.8,0.00411522633744856,0
ef44d54e8a801a4f7b67b374e14db9fc,0d394b55c47872c6ae27c4930a89617e,4376,sao paulo,SP,1,2017-07-23 14:41:19,34.9,34.9,1.0,264,34.9,0.0037735849056603774,0
b7ebfcc821920caa5e81eb829adb8ec2,f5c218fd6bf99cdef608912be0c5b92c,63527,guassusse,CE,1,2018-04-02 08:04:51,149.9,149.9,1.0,11,149.9,0.08333333333333333,0
70ae459bc3be4052dd5de533ade087f3,62b5b2292036ef438f964fc4bcc35128,91120,porto alegre,RS,1,2018-02-06 10:35:15,79.49,79.49,1.0,66,79.49,0.014925373134328358,0
ad396c3affc7d4d16f45dd6d39137080,444fc60bc5ba8cf076c37503c9a7319e,96815,santa cruz do sul,RS,1,2018-04-09 16:57:00,597.0,597.0,1.0,4,597.0,0.2,0
24e1a42b856457e1d82e583454007f41,5ed5b10191a926c609c455dc76d90f60,78088,cuiaba,MT,1,2018-03-02 12:26:22,159.0,159.0,1.0,42,159.0,0.023255813953488372,0
580414edf10e54926b0b40b5e9bbfdd0,2d49eaf79111ff286fe657aadbed5a28,87200,cianorte,PR,1,2017-07-22 15:14:36,84.9,84.9,1.0,265,84.9,0.0037593984962406013,0
347a3a624ac043af4bc49c2da5b01d95,43e626e91409ae19ce7726fe7597681e,26510,nilopolis,RJ,1,2017-10-18 19:41:56,70.9,70.9,1.0,177,70.9,0.0056179775280898875,0
e4e0289744e52cb66d68ae3ad7b49bd9,88526f282f270093a20893ec91b3373f,37200,lavras,MG,1,2017-03-01 14:50:29,77.94,12.99,6.0,408,77.94,0.0024449877750611247,0
7cf011f302f46ab7b5e69b6461b32d8b,abbf7bd2953a81d660f8b07c9895888b,35460,brumadinho,MG,1,2018-04-08 21:29:33,83.9,83.9,1.0,5,83.9,0.16666666666666666,0
4847ee76209123fa40e1d2bfe8618ae0,02e42ba4354c5aea7a08fc75d9f41b5f,23032,rio de janeiro,RJ,1,2017-07-24 14:12:00,134.99,134.99,1.0,263,134.99,0.003787878787878788,0
7e8a4fb5e9f3744859b69444b3d703d3,df59214209bdddf5e4283e88328cc525,36240,santos dumont,MG,1,2017-06-11 23:15:23,129.99,129.99,1.0,305,129.99,0.0032679738562091504,0
b094f9d22537cb4892ecff5504dd8172,869c42460da6e3509771df17387bdd42,57312,arapiraca,AL,1,2017-02-01 18:29:23,514.99,514.99,1.0,436,514.99,0.002288329519450801,0
2d95ed08f50028787ce6807bb7d32462,80444e31ba7dd658885071a683f4b9b5,5348,sao paulo,SP,1,2017-12-04 17:08:27,13.99,13.99,1.0,130,13.99,0.007633587786259542,0
f47753854c975a0f97892fe1ede2e688,37562a9a26f9bc39d68a454fe1435053,38026,uberaba,MG,1,2017-11-24 21:03:03,395.65,395.65,1.0,140,395.65,0.0070921985815602835,0
7a0f062f324124b39f475b05b9c77177,f50e0207673076aa6cd350a771426079,17900,dracena,SP,1,2018-01-12 17:09:20,249.5,49.9,5.0,91,249.5,0.010869565217391304,0
483efcf2fb031d5a75cca49aab77de4a,c082576c9ffa606f3ac234b44e7ccbf7,74350,goiania,GO,1,2017-06-08 13:41:02,25.99,25.99,1.0,309,25.99,0.0032258064516129032,0
d8f3aacf5cf5ddf9ceef4ad39e874c98,0858c8086ef3b4bc86fef82638bcfa52,79118,campo grande,MS,1,2018-03-15 10:06:35,0.0,0.0,0.0,29,0.0,0.03333333333333333,0
2951177dd2ff5f7fb550f854733d1fa9,f10dcb527dc33835e4762d61d618c96e,13185,hortolandia,SP,1,2018-02-16 15:38:29,11.55,11.55,1.0,56,11.55,0.017543859649122806,0
488c8314a03fa7c3856db52fd016cce2,672cc58e61e5d077bab08fb2bb433231,84046,ponta grossa,PR,1,2017-10-15 22:06:05,59.9,59.9,1.0,179,59.9,0.005555555555555556,0
caf69cb2c6e8252358df8fabdc9544f7,589211c7448e6c3b58b0ba98ce089ee7,60720,fortaleza,CE,1,2017-12-28 23:14:50,59.99,59.99,1.0,105,59.99,0.009433962264150943,0
753bcbb77173dfa6ebba16f4dedc2eb2,f568bf284601c5bfb1412ef76dbbff77,3470,sao paulo,SP,1,2017-11-23 21:55:07,24.5,24.5,1.0,140,24.5,0.0070921985815602835,0
f8e1db79cfede6d3c2b48f217bd89a92,6ff62b85b8dd35a3402d54618bdafec6,8330,sao paulo,SP,1,2018-02-05 16:12:45,260.0,260.0,1.0,67,260.0,0.014705882352941176,0
8dc05898bdb12786a2bf61bcea1c5f74,543879bd6d73f15bd0960295d0ef97e0,6050,osasco,SP,1,2017-09-22 22:44:09,38.9,38.9,1.0,202,38.9,0.0049261083743842365,0
952f3c5b88acea4882984111a06c8dfa,374375f8a47d9782455287c7b799ed26,88470,rancho queimado,SC,1,2017-11-20 11:45:04,134.9,134.9,1.0,144,134.9,0.006896551724137931,0
2543c80010d02dc24fe29ea907085409,e95ef6a47525b391cd55b011dc44a3eb,18935,espirito santo do turvo,SP,1,2017-08-23 09:11:03,59.9,59.9,1.0,233,59.9,0.004273504273504274,0
7e550164be02975a52464fc6019cac13,2f5774d283a746dd2373bd61a6aeab02,4405,sao paulo,SP,1,2017-07-19 07:31:51,203.6,203.6,1.0,268,203.6,0.0037174721189591076,0
d2a2e802df597dca467a3bef01ae131d,94e0fb0e1a4377c997d96359482d41fb,36570,vicosa,MG,1,2017-08-02 17:30:01,37.99,37.99,1.0,254,37.99,0.00392156862745098,0
de4caa97afa80c8eeac2ff4c8da5b72e,d93a22bb52bb2f41a7267b8a02370781,88058,florianopolis,SC,1,2016-10-09 15:39:56,135.0,135.0,1.0,551,135.0,0.0018115942028985507,0
40347ab50e70f84eb4281ced0126b3ee,0d2dc42990be5eb0afd437dc25676006,13278,valinhos,SP,1,2017-04-25 14:30:56,381.99,381.99,1.0,353,381.99,0.002824858757062147,0
7fcd6b7b791146f4809358b38920a6ee,e3e71c3b7aa717572a4c6f4cb48fe71d,6326,carapicuiba,SP,1,2017-11-02 17:23:21,9.9,9.9,1.0,162,9.9,0.006134969325153374,0
8603ee4e79703356c59ceb07a2deb05a,52520bd0e61f8dd00a8e3ebc59fd5b0d,64965,avelino lopes,PI,1,2017-09-07 08:08:02,21.99,21.99,1.0,218,21.99,0.0045662100456621,0
17b723f5c85b44a1dcf96dca43d3eb89,5063d70a88d82aab39d8a197036aaf2a,25040,duque de caxias,RJ,1,2017-03-20 17:01:26,49.0,49.0,1.0,389,49.0,0.002564102564102564,0
7a39cda163dbcda9f639cc2902adc6d0,1d2120b8dbaaaf8fe7dd460b3b69d588,83321,pinhais,PR,1,2017-11-30 10:34:35,140.5,140.5,1.0,134,140.5,0.007407407407407408,0
ef239d35ce43ebac174ad5c581b03ae4,90f6eb2f741df0db68e7fa1113baae85,25974,teresopolis,RJ,1,2018-03-02 21:40:30,60.0,60.0,1.0,41,60.0,0.023809523809523808,0
110d1ee2a64ac0d58f0e1161569b6ae4,9bfc3238f6d84a036965adb6cb484013,22631,rio de janeiro,RJ,1,2017-07-19 23:00:06,59.9,59.9,1.0,267,59.9,0.0037313432835820895,0
e93744b7309b885171f62e915a68d068,085033608b541063e51eccbfe96dec31,13403,piracicaba,SP,1,2017-12-22 22:08:25,329.9,329.9,1.0,111,329.9,0.008928571428571428,0
b48e9a32f934ca879a11ccc405e5d694,ddef99b45a7dfb5297ae04185fd03f8b,4171,sao paulo,SP,1,2018-03-13 17:10:16,144.99,144.99,1.0,31,144.99,0.03125,0
899d314e0ceb5d259c42293077eb5102,77814a553d6764c4ef1e5b91ff0b4832,11320,sao vicente,SP,1,2017-11-23 21:41:25,29.0,29.0,1.0,140,29.0,0.0070921985815602835,0
809dbfcce6167970c4839cebda798ce5,41c56a956807d1d14e9871892689df48,7021,guarulhos,SP,1,2018-03-12 08:36:50,124.43,124.43,1.0,32,124.43,0.030303030303030304,0
1c545e18dbd33788d106af49dbb438cc,71038d625ef19ca6e456a1d2891433b6,27261,volta redonda,RJ,1,2018-03-31 21:31:43,29.9,29.9,1.0,13,29.9,0.07142857142857142,0
c1263a9c22f0a4e9d49ebcea620e5a34,cef2883537239067f21cf38c1b2abb32,13214,jundiai,SP,1,2017-11-17 19:55:05,35.9,35.9,1.0,147,35.9,0.006756756756756757,0
295b66076a7255133bdc1adbb056162e,2558bbba1bea96f3f4de39bc5426d173,91751,porto alegre,RS,1,2017-12-02 03:45:01,52.3,52.3,1.0,132,52.3,0.007518796992481203,0
779609a1ecaee6f5ea1b6e50359c0aa1,abf1d6bd1161f2d55493942abb8c1402,14077,ribeirao preto,SP,1,2018-02-01 15:10:56,99.9,99.9,1.0,71,99.9,0.013888888888888888,0
97f6f6eb7e2173cf88b0dd5b78b80070,57b555c68da8a376b55460b582088d03,3654,sao paulo,SP,1,2017-10-30 18:25:17,69.84,11.64,6.0,165,69.84,0.006024096385542169,0
87d6c74b9588d73d7295bd23d6eb1a2c,9241793ecddc22fd6563685386c85eb5,5723,sao paulo,SP,1,2017-11-04 09:24:45,50.34,50.34,1.0,160,50.34,0.006211180124223602,0
d548e62990093d77a050736b912714b3,9697fd83acebb81d7a95b4dbb8e5eedb,37190,tres pontas,MG,1,2018-01-05 18:05:56,119.8,119.8,1.0,98,119.8,0.010101010101010102,0
5285d83bc3adeb72f67ee3c6c8958403,2611083c4916cf2ea905474b26d3eeb7,91740,porto alegre,RS,1,2018-02-05 09:35:22,109.9,109.9,1.0,67,109.9,0.014705882352941176,0
05775243ed704519f900b91f95b9593a,73daee815cdbdeacecd0f29b04436cab,86605,rolandia,PR,1,2017-02-18 01:57:33,739.9,739.9,1.0,419,739.9,0.002380952380952381,0
ec502d64c6fc7492e3957073459f1d00,e6c7a00e164a7d5a74f5f0414de8a8dd,38401,uberlandia,MG,1,2017-10-27 07:55:57,50.0,50.0,1.0,168,50.0,0.005917159763313609,0
f35e64c823f62d46b6a6cab2d26f0a36,c29988c75ec3c16f63c07d17cf612125,17502,marilia,SP,1,2017-09-09 12:29:54,259.9,259.9,1.0,216,259.9,0.004608294930875576,0
eb99eaaa3f61bd19664639eaf9be9c7a,5e46241a3cc0414d8ee0be4765689c3b,82015,curitiba,PR,1,2017-11-30 16:11:39,59.0,59.0,1.0,134,59.0,0.007407407407407408,0
8f1b10b11a72fe1a4fb0af954200fcec,2426c60590318f6429d43d71a6fab556,68459,tucurui,PA,1,2017-04-27 01:31:50,55.96,13.99,4.0,351,55.96,0.002840909090909091,0
4fe7ef3f51b83a185b617b87add5e48d,4b53ef99e7053c7a88356cd25d336283,14210,luis antonio,SP,1,2018-03-16 12:09:23,38.2,38.2,1.0,28,38.2,0.034482758620689655,0
76f2cd7947ffec4952fd90353fcca395,7e1681f9bb31800364869a2cdbe289db,22210,rio de janeiro,RJ,1,2018-02-13 14:37:04,236.0,59.0,4.0,59,236.0,0.016666666666666666,0
c8e2333d8f0ccaef016c6b1a1f28c0f5,018c9bbd7d61c91f2abf3cd77b5010ad,9406,ribeirao pires,SP,1,2018-01-15 10:00:33,80.0,80.0,1.0,88,80.0,0.011235955056179775,0
7230de3e56839c3629d3f5112470b85a,0ef696905278c52ffe087778e1457d97,13171,sumare,SP,1,2018-02-22 22:46:46,21.9,21.9,1.0,49,21.9,0.02,0
ae276b606353e67f123bd975c556599b,d363946838cb01d7a48bd685ba761946,2322,sao paulo,SP,1,2017-08-12 20:33:46,170.0,170.0,1.0,244,170.0,0.004081632653061225,0
d7837537f0fbe29cade1ee024539bbbc,c177749709d397d0804955f17d05f494,15061,sao jose do rio preto,SP,1,2017-04-23 18:02:49,239.8,119.9,2.0,355,239.8,0.0028089887640449437,0
0e17f21d1c39581137b6cbc8d14bea37,e2340cef700ec4ec7e6a338976b1dc13,21931,rio de janeiro,RJ,1,2017-02-20 08:19:21,139.9,139.9,1.0,417,139.9,0.0023923444976076554,0
6d85a3ac7c668a1b826400ae9879c06e,db6d2022036d6a91cf7a7db2d20aab81,13070,campinas,SP,1,2017-02-15 09:34:07,89.99,89.99,1.0,422,89.99,0.002364066193853428,0
b3a679397fd9fc5140a33c5033458395,ecac0115f3d5db1b8336990cb105d307,36050,juiz de fora,MG,1,2018-01-20 12:38:11,54.9,54.9,1.0,83,54.9,0.011904761904761904,0
b4e2f9032306f3f68ef7afee47fc278c,8322ac348d132588470c5e8cc56b2bb8,19800,assis,SP,1,2018-03-21 21:05:39,139.94,139.94,1.0,23,139.94,0.041666666666666664,0
f4e7a983e7130953e85bfd0093475bb5,9323ba2893a8ee00fb61aa60b6d86557,19911,ourinhos,SP,1,2017-11-21 13:45:03,51.9,51.9,1.0,143,51.9,0.006944444444444444,0
24a7e57f0bc1f83651b27e128845e8c5,582a66812e8e43304e78edb0348b9153,2319,sao paulo,SP,1,2018-03-06 19:01:40,24.99,24.99,1.0,38,24.99,0.02564102564102564,0
4dcfcb543312afef7bde0fcfdad4aec8,971e2252d557c5f6b2de810f6fcd52eb,14094,ribeirao preto,SP,1,2017-07-11 16:16:11,205.0,205.0,1.0,276,205.0,0.0036101083032490976,0
3bf7096ca4aa72588b26d99acfc1a823,fc0daebcdb47ce543e33c0e1a192578e,26582,mesquita,RJ,1,2017-08-31 17:47:19,149.8,74.9,2.0,225,149.8,0.004424778761061947,0
3efb8f2e2198b482a4cb83987c2a0024,8f06048163e14e8ed0613397b8f4b2e5,86050,londrina,PR,1,2018-02-11 19:51:24,179.0,179.0,1.0,61,179.0,0.016129032258064516,0
64a7d42cdb49cee6490de85c12d56403,f085d32f56ff8cd1c24ea9eb43ec9edc,92500,guaiba,RS,1,2017-12-06 13:56:13,1098.0,1098.0,1.0,128,1098.0,0.007751937984496124,0
0f751fe5ddfc5d40e6e4d1be087558ff,acc2e42944b7f6f75f26b6682f394029,20941,rio de janeiro,RJ,1,2018-01-06 13:54:10,160.55,160.55,1.0,97,160.55,0.01020408163265306,0
656a9a2137ff69e7b9f566af06069db7,fa8d70c99f02e48610559ec7b8ccc8ad,89110,gaspar,SC,1,2017-03-14 17:16:20,249.99,249.99,1.0,395,249.99,0.0025252525252525255,0
258e996a14e61bfb2f47235c39bb415a,9da043059cc616d830f3e678aa47495c,89801,chapeco,SC,1,2018-04-12 13:16:28,84.9,84.9,1.0,1,84.9,0.5,0
ffdd933fe636d97903e7a4758faa8c6a,bb9fc56355bb977fe213512abc845212,2202,sao paulo,SP,1,2017-12-02 09:06:33,50.9,50.9,1.0,132,50.9,0.007518796992481203,0
323a81cf20fb536503c017cfd5c2d54f,58f814af5001d06b0d34d8a836ab18eb,30516,belo horizonte,MG,1,2017-01-23 18:40:23,859.0,859.0,1.0,445,859.0,0.002242152466367713,0
98209b8b1b97a90f4b5028daffb1b73e,fc332aac4e6295b310434bbec9773c4f,11712,praia grande,SP,1,2017-05-01 10:23:49,39.0,39.0,1.0,347,39.0,0.0028735632183908046,0
8b6f7ba395e5eb6b7f722e8f329b25c7,f29d39e1f3bf25b0a4998540baf4e7ad,35900,itabira,MG,1,2017-10-19 13:57:32,209.9,209.9,1.0,176,209.9,0.005649717514124294,0
f0cfda3fbad4e99cef21f774b055df66,7af1a8867d3e0e536f3ba594859503b3,22795,rio de janeiro,RJ,1,2017-07-22 23:03:02,194.9,194.9,1.0,264,194.9,0.0037735849056603774,0
2b02213d249d2abc717cc1c6bb4e9cb0,73fa628b0fc190639f48da2667eb1381,74013,goiania,GO,1,2017-06-30 14:03:15,89.9,89.9,1.0,287,89.9,0.003472222222222222,0
be13ab515f88e8f9214035e8fe642ee4,d2ccf4d2f49347c917f8ff947d7535c2,31530,belo horizonte,MG,1,2018-03-20 19:58:38,49.9,49.9,1.0,24,49.9,0.04,0
7a9157a86c1824030516037d00cbd64e,74aefe88a1655526fd30becadf5552ac,22776,rio de janeiro,RJ,1,2018-01-25 19:43:34,94.55,94.55,1.0,78,94.55,0.012658227848101266,0
1d939505d1db995b5d0cdfdff5606a22,1e407c475c209a15ec3d39e8b8a058b2,29704,colatina,ES,1,2017-10-21 17:33:50,30.21,30.21,1.0,174,30.21,0.005714285714285714,0
64a80bc56a3c3b8bebd2bcdf5a7d82b7,42ea4f3c7910b52e6c81ced63b335289,25651,petropolis,RJ,1,2017-11-23 23:47:43,69.99,69.99,1.0,140,69.99,0.0070921985815602835,0
a1611dd64649bd4c6ff1de1b4b5fdfd7,45582c7de3129a0aeff8e5e2bf045d48,17900,dracena,SP,1,2017-12-18 13:51:17,99.9,99.9,1.0,116,99.9,0.008547008547008548,0
c859800e47b268489f7ee387c913a409,c230f2d1f2cae43649f6ae7d469c9203,21620,rio de janeiro,RJ,1,2017-07-31 21:58:01,89.9,89.9,1.0,255,89.9,0.00390625,0
35e459cd733a3cb6d98f593fcc9d67db,9c7fdd0eeb3acb01cc518ee63ddfeea5,13030,campinas,SP,1,2018-01-29 06:24:06,4.99,4.99,1.0,74,4.99,0.013333333333333334,0
ff8f6d3e8686235229636f5b388e3b44,ea77749bef0ca28ab93f391cda660f71,24220,niteroi,RJ,1,2018-01-03 20:40:15,219.78,109.89,2.0,100,219.78,0.009900990099009901,0
0cd37b96e1f5c5d8152914365a58ba0a,15c9fa4304cd1887a9c3ab3d71c32a43,74565,goiania,GO,1,2017-10-22 13:01:29,145.95,145.95,1.0,173,145.95,0.005747126436781609,0
d85ece98ddf81cdbb00aa87d7d472d3e,7e7d20cebc896fe82ea4bcf605e727a9,99560,sarandi,RS,1,2017-09-15 17:28:23,76.9,76.9,1.0,210,76.9,0.004739336492890996,0
b518b2605c2ccf4e345b84fcdf099dbd,5440f70cf3151fde4f095aa7e9b5c4e9,29032,vitoria,ES,1,2017-11-20 18:05:19,10.0,10.0,1.0,144,10.0,0.006896551724137931,0
1b395661662ae598efa04e058294bd16,d8dac62d308e5ee653f4209d840b6ac8,19700,paraguacu paulista,SP,1,2017-02-15 22:32:29,100.0,100.0,1.0,421,100.0,0.002369668246445498,0
9a08d4100860cb1c8033a2c80f45c3e0,ce398c89d9d45435d479a1610a214762,4134,sao paulo,SP,1,2018-02-09 18:34:05,47.49,47.49,1.0,63,47.49,0.015625,0
8bf4138fe28c4cdbe9e5ded6940cd844,fc409dae604a35e78c892834edece98a,21645,rio de janeiro,RJ,1,2018-01-19 21:53:38,74.9,74.9,1.0,83,74.9,0.011904761904761904,0
197b426cedb5936cdb34c7ac176d58b9,49edba1328b35f23bd65375cf625b546,81920,curitiba,PR,1,2017-11-03 16:43:28,202.0,101.0,2.0,161,202.0,0.006172839506172839,0
645a10bb1d36c353ba4e1ad5999facc8,4b3b19be62f982bdf46aee2d44aa4553,45605,itabuna,BA,1,2017-06-06 22:07:02,31.9,31.9,1.0,310,31.9,0.003215434083601286,0
24942dcaa62f0890aa97a575367249b3,5cac06162e355ea76921d635ad2ef757,22790,rio de janeiro,RJ,1,2018-01-29 13:52:40,59.99,59.99,1.0,74,59.99,0.013333333333333334,0
27c6db37b1f4e91aa4a4c1644b904799,ae7b79796d47ab59f417a154efcdbb77,86380,andira,PR,1,2017-03-10 13:16:12,169.9,169.9,1.0,399,169.9,0.0025,0
3520a938f7623a878a5c86cb2c3842f6,c330fada34784625ad6f30f552af7db9,19026,presidente prudente,SP,1,2017-12-12 15:27:21,269.99,269.99,1.0,122,269.99,0.008130081300813009,0
95e70e201e5f27dacc75e726e86f85a4,59a61650c717d5acdfed0912e5a6e96c,88101,sao jose,SC,1,2017-12-03 23:57:30,495.0,495.0,1.0,130,495.0,0.007633587786259542,0
d5e655381066bfb09f3c2b5bfadbcdee,a68fb71515e1112e898f3a5340c07895,16790,bento de abreu,SP,1,2018-01-12 21:34:44,38.0,38.0,1.0,91,38.0,0.010869565217391304,0
c778549cf25c2a4fb1b3a5e1874c91e9,91687e2315fd578c976f37533a7d597a,4545,sao paulo,SP,1,2017-02-16 20:55:53,0.0,0.0,0.0,421,0.0,0.002369668246445498,0
02a9194295f0ec290cebf3a0e66c98a4,60ed768b344374346f06d81195642455,64079,teresina,PI,1,2018-03-30 12:25:09,24.99,24.99,1.0,14,24.99,0.06666666666666667,0
790b71dafc9a25097d6a911c65f351f6,37283889835480f1b0290b12968c8eea,9070,santo andre,SP,1,2017-11-24 22:46:29,39.9,39.9,1.0,139,39.9,0.007142857142857143,0
8c5d8ac145099d539f1019827052a582,43294442ac7ceaf7baaa4e0a7c63647b,45055,vitoria da conquista,BA,1,2017-08-05 15:19:50,169.9,169.9,1.0,251,169.9,0.003968253968253968,0
0f87c14e91f558b71fcf73e6918f311f,9db1efe7f18219fb291bbd05354d5ccc,7401,aruja,SP,1,2018-02-25 12:13:36,29.0,29.0,1.0,47,29.0,0.020833333333333332,0
bcae9ddbea097677bef7b6857d0afb1a,ae362278a888614b4fc58a3f203c5f8c,21351,rio de janeiro,RJ,1,2018-01-19 03:33:15,29.0,29.0,1.0,84,29.0,0.011764705882352941,0
d71417bdc4732253d051aea71d4141b6,18d1fb77d6d3408d22bea7b52edb9b50,77001,palmas,TO,1,2018-01-12 12:04:11,153.0,153.0,1.0,91,153.0,0.010869565217391304,0
06757e2a216429d601d7cda36642769d,b53e90bdb9be63dcba58f88a54f7e936,14177,sertaozinho,SP,1,2018-01-28 17:56:18,327.45,65.49,5.0,75,327.45,0.013157894736842105,0
73c27cdc4de9cfdc9ecb90ab01acfdcf,13275a1fb1c6f692b6c7409a991e3cd8,49200,estancia,SE,1,2017-12-03 13:40:51,235.0,235.0,1.0,131,235.0,0.007575757575757576,0
d962db498655c9a4b77db1b993f157d4,cbe90a29307025b1aa98d02ad2271c0a,71050,brasilia,DF,1,2018-02-27 17:55:16,499.99,499.99,1.0,45,499.99,0.021739130434782608,0
ccca5460b81ec0475ec8a506b25f5cbb,777699d40e46f8eeca71fd03e4c19997,6820,embu das artes,SP,1,2018-02-24 15:42:23,99.99,99.99,1.0,48,99.99,0.02040816326530612,0
051df23b0ca41d5daa47268b5b96a450,bfd192684da3866e9c63028c82b7d0b2,38300,ituiutaba,MG,1,2017-12-23 01:23:00,124.69999999999999,41.56666666666666,3.0,111,124.69999999999999,0.008928571428571428,0
2dcab4404892ffbd359bab47cb5898d8,8e63d2582839dff07d4236b0c97ef780,20241,rio de janeiro,RJ,1,2017-12-11 19:17:49,683.38,683.38,1.0,123,683.38,0.008064516129032258,0
2e5e8c70b061b9754a3421dfea97bc07,27c8243bd798cad94ce3e33fa838bbe9,37310,bom jardim de minas,MG,1,2017-12-05 19:32:40,49.9,49.9,1.0,129,49.9,0.007692307692307693,0
04719f10ea55e8d39bff210bea43c1a3,afa4fbe424bab6593e9a8395836966ef,8215,sao paulo,SP,1,2017-05-10 15:34:59,49.99,49.99,1.0,338,49.99,0.0029498525073746312,0
14eb94d576ec3079b4db18114262d106,b47712af218ddce78581ad97b028be15,91150,porto alegre,RS,1,2017-09-29 17:18:01,199.99,199.99,1.0,196,199.99,0.005076142131979695,0
a19929855f24036f9688d55c778eaa48,cdb72728a4199830c46025ab3cdb5afd,8572,itaquaquecetuba,SP,1,2017-10-12 13:29:49,20.3,20.3,1.0,183,20.3,0.005434782608695652,0
b9c84df370dea836ec452ed49cca4c78,340031e96a08c8ef82c884b9348b9dc9,11065,santos,SP,1,2018-01-07 23:42:15,259.9,259.9,1.0,95,259.9,0.010416666666666666,0
97b2b6460d59f786baf7f4b2b3ba64d6,6b6692920f9589e0eb5e9e6c6a377ad3,47800,barreiras,BA,1,2017-09-15 14:57:47,139.9,139.9,1.0,210,139.9,0.004739336492890996,0
84434a091beb237c00b214e254580be4,f8bdf9eddb52e5499f3c2bfbb498679e,17780,lucelia,SP,1,2017-07-29 17:39:20,33.0,33.0,1.0,258,33.0,0.003861003861003861,0
c1a4802d6a1a6c5eac355f26af6f8f5e,7a0831fe6d6dc864eb02f300a083f427,22793,rio de janeiro,RJ,1,2017-10-25 13:00:10,59.0,59.0,1.0,170,59.0,0.005847953216374269,0
014a9fe1063cfc79c804affbe855a70f,a31135408270af483420121a53765a94,13054,campinas,SP,1,2017-12-29 21:42:31,84.9,84.9,1.0,104,84.9,0.009523809523809525,0
4a5eab03ad0ee1503ed736150a484cda,00bd169997f142571c113645554663d6,31155,belo horizonte,MG,1,2017-11-21 14:45:07,41.5,41.5,1.0,143,41.5,0.006944444444444444,0
7a421bb11d92f1a08e384f216250afa8,02238d275f51bce58c8e97218621bd91,31150,belo horizonte,MG,1,2018-01-13 21:01:40,21.9,21.9,1.0,90,21.9,0.01098901098901099,0
e6bef37b9fafe1f72e911f102bbca3f4,e4c848f1bc9a397f940d4056ae35256e,20261,rio de janeiro,RJ,1,2017-12-19 11:04:24,75.0,75.0,1.0,115,75.0,0.008620689655172414,0
fc78016bbb85f3105bfd610141fde114,8483dc16ca810a9454e1574f4d60bbf1,38910,iguatama,MG,1,2017-07-28 13:42:40,59.9,59.9,1.0,259,59.9,0.0038461538461538464,0
cda60b855f79e10246781d30a9fd7be7,1cf8baaa3547b7f159e6a59b3ef324d6,88301,itajai,SC,1,2017-07-24 13:22:29,650.0,325.0,2.0,263,650.0,0.003787878787878788,0
09d5928beb6589630dc2dfa45b7a8706,9e9d195416024b1dfa8f2905821bda8d,21360,rio de janeiro,RJ,1,2018-04-13 19:25:25,259.0,259.0,1.0,0,259.0,1.0,0
ee92860167192bbbbf68f161674745e1,075f9dd6470835295f76e7f15b791e82,96402,bage,RS,1,2017-12-10 21:58:51,109.9,109.9,1.0,123,109.9,0.008064516129032258,0
07d91ab1cc12928c32ff2120bdf6b6d1,599ce74aa31e43063c7cda3700ad5644,5356,sao paulo,SP,1,2018-03-17 11:48:28,42.0,42.0,1.0,27,42.0,0.03571428571428571,0
7e0be6f31e2e49712e01d3ce5a29385c,75015153c3f4b976fa82a0888a5d736c,6311,carapicuiba,SP,1,2018-03-04 21:47:10,69.9,69.9,1.0,39,69.9,0.025,0
ce7d16764477add502f5571e29f6dce3,5109f7fd585cefada4f7c30a10abaace,67200,marituba,PA,1,2017-04-12 21:35:27,29.99,29.99,1.0,366,29.99,0.0027247956403269754,0
cfd291abeecfeb65e06539b6fcf99b92,178393e51b3aa48645d806d72c5ef47a,91225,porto alegre,RS,1,2017-10-11 11:04:43,179.7,59.9,3.0,184,179.7,0.005405405405405406,0
a250793aa840d6e7eccda919003ecba7,59213b2296c88a9351ffd64bb95af40f,2274,sao paulo,SP,1,2017-12-11 19:26:53,179.99,179.99,1.0,123,179.99,0.008064516129032258,0
25b1719c0299fd49ac7adcda9e05da38,a7986e0208cca640dd67c245525231b2,20511,rio de janeiro,RJ,1,2018-02-24 17:49:15,159.94,159.94,1.0,48,159.94,0.02040816326530612,0
d1ef0a39a9f8e5015b05e2501b8006c2,81ac943cad1306e6d011fe9549c6da41,38180,araxa,MG,1,2017-11-24 00:30:14,49.0,49.0,1.0,140,49.0,0.0070921985815602835,0
f489398e8dfad1028b7e94874dc9fa29,b77134b2baa695e621d714788c464a75,37508,piranguinho,MG,1,2018-03-06 01:05:27,155.55,155.55,1.0,38,155.55,0.02564102564102564,0
0d381842c7073a0180b7dd55a1bd49c1,d18405230a228b91fff44381c584cffc,1319,sao paulo,SP,1,2018-03-25 16:11:10,22.99,22.99,1.0,19,22.99,0.05,0
1b5db70f5a471093cb88e558bdee77ae,f959005f36821cbef469aae18e5ea78d,22430,rio de janeiro,RJ,1,2017-10-18 16:42:42,70.9,70.9,1.0,177,70.9,0.0056179775280898875,0
ae9b61a69c752fc15eb4944d0c7f0544,4365cd5635c5ccbfe74f5d39fb3c7830,1412,sao paulo,SP,1,2018-03-31 12:09:11,180.0,180.0,1.0,13,180.0,0.07142857142857142,0
4726470732530d99dad13c8e2a3cc1d7,722711d783906a79eb06f51c7483518b,4090,sao paulo,SP,1,2017-06-28 18:28:34,11.99,11.99,1.0,289,11.99,0.0034482758620689655,0
a6084fc44d5a09f247a4a2f1d49f6f58,66d7f87444b175ffcead596195c753e1,1230,sao paulo,SP,1,2017-07-20 17:32:31,99.8,49.9,2.0,267,99.8,0.0037313432835820895,0
4eeb60f8e7ba516b503ea5ed5b1f8642,de9d54251e6daa7a7ed87d40be1c4bbd,37950,sao sebastiao do paraiso,MG,1,2017-09-07 19:13:55,610.0,610.0,1.0,218,610.0,0.0045662100456621,0
77fa72bb31036e933952e5462cdb922c,af1edf385e7991560620a0f97fa3506e,38150,verissimo,MG,1,2017-08-24 12:25:32,69.99,69.99,1.0,232,69.99,0.004291845493562232,0
3f5b7fa73e86b9429183fcf404460935,2edd59a104a0ba87daa75d74306f9203,38408,uberlandia,MG,1,2017-11-24 11:33:08,250.0,250.0,1.0,140,250.0,0.0070921985815602835,0
4d83eea159330f461e9616243fadef9f,33416ee3d4fa56400ec814d7b24bde02,22710,rio de janeiro,RJ,1,2018-01-23 11:21:49,89.99,89.99,1.0,80,89.99,0.012345679012345678,0
daeeb6112b6a95a19e34eb053141ad54,a97d43b24d76819903192611aca17914,38061,uberaba,MG,1,2017-12-29 19:52:03,79.9,79.9,1.0,105,79.9,0.009433962264150943,0
de0c4d984792eb5cc97509c7e1d6cb5d,12aca1d9ee22b8cfba425249b45b07bd,22410,rio de janeiro,RJ,1,2017-07-12 15:54:13,22.5,22.5,1.0,275,22.5,0.0036231884057971015,0
74abf9eeaf6b3001f885f433582783a2,80306ad48106ea04b344807c50fec01d,35702,sete lagoas,MG,1,2017-03-14 22:04:24,32.9,32.9,1.0,394,32.9,0.002531645569620253,0
d9bb49d24408994b2a3b7728b271ed12,77af37be174597cb532a499351dec559,39100,diamantina,MG,1,2017-12-03 19:52:57,53.99,53.99,1.0,131,53.99,0.007575757575757576,0
8da4bc4c88bd4d9eb151bd086048f7e7,390a3afbe8dd2d83cfb2c6884dfaa121,5616,sao paulo,SP,1,2018-03-12 09:44:23,227.0,227.0,1.0,32,227.0,0.030303030303030304,0
28d348bde67f80e5b6427e06648e0d59,7b7dbb489c3afb099c5858c592da7daf,71680,brasilia,DF,1,2017-02-06 15:59:04,109.9,109.9,1.0,431,109.9,0.0023148148148148147,0
ca77bde16eec6e0f47598d105c08899c,a81604a913e399f9e72180afd36e6a34,85914,toledo,PR,1,2017-02-11 20:41:14,9.9,9.9,1.0,426,9.9,0.00234192037470726,0
027590bb7df3dde4fa756d6e9e65bbed,ce3454a057ec309895256cb2ab5cf7b3,39960,jequitinhonha,MG,1,2017-08-14 22:51:13,127.9,127.9,1.0,241,127.9,0.004132231404958678,0
8ea391157fd58ef50df1378e29d36df7,6a42f881b0cf00358546a50ddef433f4,7095,guarulhos,SP,1,2018-01-19 23:09:18,138.0,138.0,1.0,83,138.0,0.011904761904761904,0
a015288a903c5a2955b8ec9e7f470ce3,eb2b29a6bf79a5c8e68898aeb2439e11,4122,sao paulo,SP,1,2018-02-25 12:47:36,140.0,140.0,1.0,47,140.0,0.020833333333333332,0
1bdac4a3a34433f841a6006a6cc5a392,e6cff75a2611a9dcf86f9a62c5ad8195,12032,taubate,SP,1,2018-03-22 20:51:19,32.9,32.9,1.0,22,32.9,0.043478260869565216,0
2ee6a7340934c1c8c08bd9ec1187e919,51d027d6e0c06e327566e7be917890f8,2011,sao paulo,SP,1,2017-12-07 11:37:39,49.0,49.0,1.0,127,49.0,0.0078125,0
b3765dbcb1552872f10dc638104f6598,c688aee1174748a6896ec280c68a6c2c,22795,rio de janeiro,RJ,1,2017-11-13 15:06:58,65.0,65.0,1.0,151,65.0,0.006578947368421052,0
8a8440c5a7fd24d8bd07df72f6abf753,8241424764e0bfa6bfcb3c6cda391ac8,50680,recife,PE,1,2017-05-22 22:21:31,19.99,19.99,1.0,325,19.99,0.003067484662576687,0
32f5f0b501cc2cc5753fab31971f2385,77705170751a28565993fdde0bb73234,18016,sorocaba,SP,1,2017-12-19 23:47:35,65.0,65.0,1.0,114,65.0,0.008695652173913044,0
bbf257c74411e54169f2f91ce1b9aad9,0efae48cb4ba36016622e290fcfc2f9f,45860,canavieiras,BA,1,2017-11-24 21:19:51,39.5,39.5,1.0,140,39.5,0.0070921985815602835,0
8fbbac627bea0879f8e10689ccc2993a,9fb23c0934b300ecec67d95926d1d09d,83209,paranagua,PR,1,2017-07-10 14:55:01,25.9,25.9,1.0,277,25.9,0.0035971223021582736,0
b18e1cd830f8a5b16b7bb5dac8c183ec,e9d7ae8fabad7483eee6780bb0b0173a,23010,rio de janeiro,RJ,1,2017-03-22 21:33:58,219.8,109.9,2.0,387,219.8,0.002577319587628866,0
46c848799c224c04ce2958810c0240c8,6070648088bb76e7e116758de272ef7e,13181,sumare,SP,1,2017-11-23 14:40:52,120.0,120.0,1.0,141,120.0,0.007042253521126761,0
70e0248a663cd8519bad434195061a95,9b551d332a694be3deb566aba6417dd7,94150,gravatai,RS,1,2017-09-02 20:03:32,49.0,49.0,1.0,223,49.0,0.004464285714285714,0
1290b1ab54f6ca32787bdd4b092797aa,c644e6dedeb8779117b9c2b9ad6c75ff,22765,rio de janeiro,RJ,1,2018-02-03 20:26:01,78.0,78.0,1.0,69,78.0,0.014285714285714285,0
2f1fc248a08432dce26f8882a6a9e39e,be768a9f012fe1bbd20c15ac1e37f495,3330,sao paulo,SP,1,2017-06-21 17:17:50,49.9,49.9,1.0,296,49.9,0.003367003367003367,0
7bdbc8d4be2b08e6aa4cea6662c4a3a4,0a03a3d54e8a0debf7e00c3a7bb7ddc3,22220,rio de janeiro,RJ,1,2017-03-19 08:28:10,45.0,45.0,1.0,390,45.0,0.0025575447570332483,0
4a49dc2c0c4fb4afd6f8e9ddcd86f596,52e2f07d775b077ff01d4019f5d28994,18740,taquarituba,SP,1,2017-11-26 19:39:49,79.0,79.0,1.0,138,79.0,0.007194244604316547,0
ee9f244fe735d376a5a7a755431cd494,1b8e32b9748d27829b9e496dc8622630,64000,teresina,PI,1,2017-10-09 13:29:10,69.99,69.99,1.0,186,69.99,0.0053475935828877,0
1ad85378f72ecb62694df328c7ebca32,9c1604a9e4b09ec12e4334420b483f3f,7060,guarulhos,SP,1,2018-01-22 10:40:57,29.5,29.5,1.0,81,29.5,0.012195121951219513,0
0363aafa9c54bf423dc9aace78f18f29,3d8f6eef546513dad3d018c20a994ff7,5410,sao paulo,SP,1,2018-02-16 14:21:36,148.0,148.0,1.0,56,148.0,0.017543859649122806,0
b796e0c31028cfd17967cb1cb6b5dfc9,46ccb0012f64c53a1ed1e87bb8ae60ed,8616,suzano,SP,1,2017-07-27 11:45:11,74.99,74.99,1.0,260,74.99,0.0038314176245210726,0
2467f4b55c35ab6b015f09d0312570a3,0d8696c6a5acf0374e17b9a0a59e1296,5057,sao paulo,SP,1,2017-07-04 10:50:11,139.0,139.0,1.0,283,139.0,0.0035211267605633804,0
96c6a3143d7cc33bbebf14ab6abed0ce,e51139ab5e2642e688d992a75cef236c,3758,sao paulo,SP,1,2018-02-15 10:37:28,144.99,144.99,1.0,57,144.99,0.017241379310344827,0
c5ceeddba5d4bb5ab641b4041f746bf5,40730ca1af9742bd0bdbcef270ff4c76,35660,para de minas,MG,1,2017-11-28 15:40:08,119.2,119.2,1.0,136,119.2,0.0072992700729927005,0
bacfd6acca2b3560dba225f481256b45,800f54b0a2c2f3e1844cc50ba9424989,38600,paracatu,MG,1,2017-09-11 22:48:26,229.0,229.0,1.0,213,229.0,0.004672897196261682,0
daf581655538cc0774648e29c1361163,974148f722b785f187ae13ec0040abcf,96255,chui,RS,1,2017-07-17 03:37:39,259.9,259.9,1.0,270,259.9,0.0036900369003690036,0
7d359bcf9aef31f6554888f41559848c,4e1018039b1b082ea4ce45cc2abad09d,7809,franco da rocha,SP,1,2017-09-01 08:03:41,69.9,69.9,1.0,224,69.9,0.0044444444444444444,0
d8f6ead838ecc7e795a6b88a85d0d274,729ae294ec6bc065b3388b026ec040e1,5787,sao paulo,SP,1,2018-03-16 12:11:18,48.9,48.9,1.0,28,48.9,0.034482758620689655,0
49b471ebcb1aff8733ec7a476bcb4a10,0621c2a5979d3e887ae519620cbe2926,4530,sao paulo,SP,1,2017-06-09 16:13:00,271.8,135.9,2.0,308,271.8,0.003236245954692557,0
be30da9b0ffa485606a40c62df6ee7a2,a0a5a9c074d44cff5e9069e6034da65d,66625,belem,PA,1,2018-01-28 20:10:03,29.99,29.99,1.0,75,29.99,0.013157894736842105,0
70a9efc5396b189e1992166fbe612bde,8e0d0019261180d267d0c3375b22d358,19015,presidente prudente,SP,1,2018-04-05 20:12:22,699.0,699.0,1.0,8,699.0,0.1111111111111111,0
7f17b542f4d09af6377365917101cf5e,464249e5d2b515deeea902c219cbc936,39800,teofilo otoni,MG,1,2017-06-19 02:03:15,20.0,20.0,1.0,298,20.0,0.0033444816053511705,0
b1afa4fa737f86782c8fe65ed824c69a,174de68ec16be0d357a83bc5b94b4bf1,30710,belo horizonte,MG,1,2018-03-17 16:33:16,29.98,29.98,1.0,27,29.98,0.03571428571428571,0
b59a3e6478e9da13a3ca328e9faa96d1,58b0b4757ff906f793b80dfeaa1d757f,86990,marialva,PR,1,2018-03-01 17:44:41,204.0,204.0,1.0,43,204.0,0.022727272727272728,0
166c0a9fbab75b56c9be0d08f23878ad,c20179e201bd3abb38f4b6dc76188038,26023,nova iguacu,RJ,1,2017-12-08 12:16:34,129.34,129.34,1.0,126,129.34,0.007874015748031496,0
5d146952f0acdbd826edb7fd2fe0e7b0,b734a01d610d7edbea081b57cfe98740,20540,rio de janeiro,RJ,1,2017-12-08 23:08:08,279.99,279.99,1.0,125,279.99,0.007936507936507936,0
a6a41ff534ddaa09d1e9cb71ca9613be,08c4efad5ff7abf5c1b5745a45730ab2,71660,brasilia,DF,1,2018-02-24 10:44:16,84.9,84.9,1.0,48,84.9,0.02040816326530612,0
f4c3935dfb85c4e7bcfd3b13ca483e87,0bc2fef7a4094dd837ae0cf47022504b,16022,aracatuba,SP,1,2018-02-24 20:27:49,22.99,22.99,1.0,48,22.99,0.02040816326530612,0
887ca7d0cff5d23c72093beb83c55da8,3236bf3dfd86ab2c0bcb89adf7d7c3a5,84200,jaguariaiva,PR,1,2017-03-08 00:29:33,69.9,34.95,2.0,401,69.9,0.0024875621890547263,0
a568e815557dfe95e3b3ff832812486b,54cda4f6faa16b619c230cddfd5da778,72312,brasilia,DF,1,2017-12-12 17:51:10,99.99,99.99,1.0,122,99.99,0.008130081300813009,0
f9b0e8cc11858ed04c3b6690e47e2100,ed2b3f325265fe93991e55adab759757,26265,nova iguacu,RJ,1,2017-08-31 23:08:31,59.9,59.9,1.0,224,59.9,0.0044444444444444444,0
42c2ffc2f510d988ea1e7e7d206ae4dd,31a243df42ab31a4d1f0a2dd6c120cbf,37501,itajuba,MG,1,2017-05-19 22:35:01,279.99,279.99,1.0,328,279.99,0.00303951367781155,0
549dc007a724ed911d3dd15410a54618,d6edcc1de0bf1b09e7a5b8fff77e4fa8,96015,pelotas,RS,1,2017-07-31 16:50:07,116.6,116.6,1.0,256,116.6,0.0038910505836575876,0
087f9b43add509b918c1152191f2d243,3ac9e42b05329a4f0fc229648ca4bd86,35010,governador valadares,MG,1,2017-11-10 20:39:54,39.9,39.9,1.0,154,39.9,0.0064516129032258064,0
1bcb8bb3f3503ef8b155d64e2e9ded0c,25a560b9a6006157838aab1bdbd68624,91510,porto alegre,RS,1,2017-04-08 05:57:27,17.9,17.9,1.0,370,17.9,0.0026954177897574125,0
86c0cb42009c2e2a0a59969b0d8e1ad7,e3accf77a6868cd43aca5cf883e65e72,25931,mage,RJ,1,2017-05-23 16:27:15,89.99,89.99,1.0,325,89.99,0.003067484662576687,0
00796be07bfc87dad2e31ef15490a718,570eb70ff97166b85ea96be3bfb65fef,31130,belo horizonte,MG,1,2017-11-09 14:07:54,89.97,29.99,3.0,155,89.97,0.00641025641025641,0
86042d37503c19914f7c6d1cfda24870,017bddd3844cbc8c9259179f66786333,65074,sao luis,MA,1,2018-01-26 22:32:51,159.99,159.99,1.0,76,159.99,0.012987012987012988,0
ed633bdf429697a6305355676bf12644,2f7853759e65f9ee58e4fad9d5dc6b67,81070,curitiba,PR,1,2017-09-10 21:16:47,65.0,65.0,1.0,215,65.0,0.004629629629629629,0
30c5318a68855cc49431b12a237fe8a1,cb4c4eaff1202e4326028e458372f3e8,2882,sao paulo,SP,1,2017-07-11 12:28:33,18.9,18.9,1.0,276,18.9,0.0036101083032490976,0
c41f490cc00d7e860ba2f20d525fca3b,45142fbd2c23b82be7e48e35ed11bdb6,22793,rio de janeiro,RJ,1,2018-01-21 17:44:36,179.99,179.99,1.0,82,179.99,0.012048192771084338,0
c6689d9dd7d6f04090f33764ed5e94b0,abca13f1dcc9f523d15a31de14061ac8,27541,resende,RJ,1,2018-02-10 22:33:31,69.0,69.0,1.0,61,69.0,0.016129032258064516,0
34ad05299797f7e5c773526e1c5e9b8b,a5e2d0353659222a92b15a9658af27b2,24240,niteroi,RJ,1,2017-07-06 16:34:55,109.9,109.9,1.0,281,109.9,0.0035460992907801418,0
c5bcedcd6ebd2da4ac7baf7ad44a5876,ed6d6b41a2a7e9ccece8f5ab1889ba14,38610,unai,MG,1,2017-12-07 16:47:57,139.99,139.99,1.0,127,139.99,0.0078125,0
4a17798a547f3b8f2083ccbf758fb53d,7ddd49bf05675ee64bbffe2b9fecb402,5652,sao paulo,SP,1,2018-02-13 23:51:02,347.9,347.9,1.0,58,347.9,0.01694915254237288,0
7aa99a903d05793582d4b4b678f55300,da57d50d6b9efdd598b3a52ea8a7b850,13020,campinas,SP,1,2018-02-12 17:10:02,408.0,136.0,3.0,60,408.0,0.01639344262295082,0
66b0c56bdeccde8a05900cb7efb2e1bb,fdc66fe3bce0450c90ee4dafd14a0fa0,19060,presidente prudente,SP,1,2017-09-26 07:28:53,269.99,269.99,1.0,199,269.99,0.005,0
43c471f74a026f8c226d4f891ff93ad8,cd27640474090a7558ba2d551636ced9,13467,americana,SP,1,2017-07-17 21:15:52,129.9,129.9,1.0,270,129.9,0.0036900369003690036,0
a7e7ac71f48352503ff2a018aa31002d,c01a9ddc8ac16b8c24c5a432a627c8e8,29560,guacui,ES,1,2017-06-08 17:50:37,349.9,349.9,1.0,309,349.9,0.0032258064516129032,0
e4e7850c6c310f0ae9d0abbe26b075e3,ff86fefe11696b1e957173516339bcd8,11704,praia grande,SP,1,2017-05-01 15:01:03,10.99,10.99,1.0,347,10.99,0.0028735632183908046,0
ead5b1c1525972ec23a1c9bb49ebae1f,818f9e26dfc3927e3d0f1db74a2bc673,89803,chapeco,SC,1,2017-11-23 20:01:25,147.9,147.9,1.0,141,147.9,0.007042253521126761,0
649f3d2112888939e5e1664cd6c4f849,4b5cf5696f983721f9bff0fc626b2872,13380,nova odessa,SP,1,2018-01-07 17:00:53,238.99,238.99,1.0,96,238.99,0.010309278350515464,0
ffc261b1c1e12a951ee0fc9d27463d3d,161a05ac5d836586e915d1c3840f7ec3,7991,francisco morato,SP,1,2017-02-21 16:17:51,58.5,58.5,1.0,416,58.5,0.002398081534772182,0
519037976a519a9bc93c1072764e9d00,630a44887620765582169dff0bb112fe,14070,ribeirao preto,SP,1,2017-05-19 08:20:59,99.99,99.99,1.0,329,99.99,0.0030303030303030303,0
019f5bb93ed18dd059051c3f81abe394,e374cc2cc1cb40c3dd3bc070a13665f0,9896,sao bernardo do campo,SP,1,2018-03-27 18:28:20,6.04,6.04,1.0,17,6.04,0.05555555555555555,0
bc9496f591b527b0b165c0f8908633a1,321e1a0fba6c906bb8aaa2b7db6cf89d,75800,jatai,GO,1,2017-12-30 13:43:48,139.89,69.945,2.0,104,139.89,0.009523809523809525,0
399cb3db1d7a4c442e4833b5f57a4429,f0cd91b4062c68c65d115f48f368718f,96810,santa cruz do sul,RS,1,2018-03-13 21:56:58,790.0,790.0,1.0,30,790.0,0.03225806451612903,0
3c7525f121305211f94be34e3e73583e,124089de280494d8f5746710ec628d82,6436,barueri,SP,1,2017-05-04 15:44:25,257.19,257.19,1.0,344,257.19,0.002898550724637681,0
6bfd1870443dc5b9f1297214b35e865b,aea3fa1fa5d8971c35a15b3e836e6d8d,20271,rio de janeiro,RJ,1,2017-03-31 11:30:55,69.9,69.9,1.0,378,69.9,0.002638522427440633,0
60060c861ce6e32e7957dbc229685c9d,b0a10570d803b893881e3aab32c3af6a,4890,sao paulo,SP,1,2017-08-17 11:42:36,109.9,109.9,1.0,239,109.9,0.004166666666666667,0
2009e285643a9f9aaa39ab0b1a680882,1935fd09a07aaf542eb748010cbdbcf7,69033,manaus,AM,1,2017-02-02 11:15:31,343.4,343.4,1.0,435,343.4,0.0022935779816513763,0
794b8e1820dacb6050f7c374fdaf5515,50d06febc574c90defb5c463399912e8,13607,araras,SP,1,2017-12-12 22:57:21,143.8,143.8,1.0,121,143.8,0.00819672131147541,0
30e74714b11f5396bc7c316578129f4f,df6f3b5db21d0fd050af7ef95bfdcc95,13024,campinas,SP,1,2017-05-02 01:58:38,620.1,620.1,1.0,346,620.1,0.002881844380403458,0
4d23236c4d3bb44a62b0693bfca5fba5,8e230bd8305ed73c1b300633eeebfa08,17180,iacanga,SP,1,2017-07-08 14:17:21,17.8,17.8,1.0,279,17.8,0.0035714285714285713,0
b92d3079edfca64c3eb8d564eecceeef,6e1512c1c3221bd24fa4848202727ab3,29164,serra,ES,1,2017-06-27 11:17:51,99.99,99.99,1.0,290,99.99,0.003436426116838488,0
124ea0ac4cadfffc49227a24235871fe,8d391fbb0d67f85692e14f81e9b6d956,6544,santana de parnaiba,SP,1,2018-03-12 09:48:20,110.0,110.0,1.0,32,110.0,0.030303030303030304,0
19d3b4fd08a486d08ad689b78d9e489a,f333b56f4ab49b103b57fb5fddcf0eaa,13466,americana,SP,1,2018-02-14 16:55:09,19.99,19.99,1.0,58,19.99,0.01694915254237288,0
618b370ac43ca5311d8d39d8a466332c,500b7922b089543adacbe6e751367cd1,95860,taquari,RS,1,2017-07-09 10:29:21,138.9,138.9,1.0,278,138.9,0.0035842293906810036,0
52d954a9a78371248c768d562824c212,8e42446fd2d6165f5e5c11992761960e,13416,piracicaba,SP,1,2017-03-13 22:11:59,39.9,39.9,1.0,395,39.9,0.0025252525252525255,0
774aa06c60fb3845b46b5d97508521f3,44b8fd6a07abfd7a2bf9a3d698d5cf60,9404,ribeirao pires,SP,1,2017-12-01 21:25:52,149.0,149.0,1.0,133,149.0,0.007462686567164179,0
f3223fd3b2517fa73ebb06dd5f1b0e99,2e15bb92fa33e06e35287ea4d1cafe05,97300,sao gabriel,RS,1,2017-09-11 09:40:11,29.0,29.0,1.0,214,29.0,0.004651162790697674,0
2c699e733aa003efaa30199d2dfc4c41,2b19910e856b2ba3e7257e63a093a3df,24933,marica,RJ,1,2017-09-26 10:24:26,92.0,92.0,1.0,199,92.0,0.005,0
c29b0e9ba74c0fca0189b1b68436daf1,d89e6dc8d359b828b1ea33b9a7339058,6851,itapecerica da serra,SP,1,2018-02-14 21:24:49,79.9,79.9,1.0,58,79.9,0.01694915254237288,0
f3cbdf0bb95fae3bb4697ed194df25c1,0fe4ad1853ca222fc9b0718ba6c32cd8,49063,aracaju,SE,1,2018-04-04 20:50:52,349.9,349.9,1.0,9,349.9,0.1,0
2397863318f443e6971e4c13ec92ea1c,5908f8630bbd5a8d5984b25f85588168,83005,sao jose dos pinhais,PR,1,2017-06-18 23:41:52,130.0,130.0,1.0,298,130.0,0.0033444816053511705,0
eda568e61068a95e0c5d8f13b52e190d,b14b300adb85ecd1176d98768fdbba74,78045,cuiaba,MT,1,2017-07-16 01:04:02,35.0,35.0,1.0,271,35.0,0.003676470588235294,0
15f3c00aa7fd210c009843955a9ca7cd,cfe6ba97cbaba7a1e1ea20efdd3170fd,25510,sao joao de meriti,RJ,1,2017-12-20 10:24:02,469.0,469.0,1.0,114,469.0,0.008695652173913044,0
a5dbb47a11f753332945a2acdf6e84c8,479085be6190cd4a8e610b4fcce5f29c,1423,sao paulo,SP,1,2017-07-21 11:05:42,139.9,139.9,1.0,266,139.9,0.003745318352059925,0
48feef90ef337d61dbd501ba9fdec246,95527002c6fc43702983d4096149d997,27350,barra mansa,RJ,1,2017-02-12 17:28:07,84.99,84.99,1.0,425,84.99,0.002347417840375587,0
dc7d9d7ec0b6cbadacf27e3308c17976,5ce1e506e8e4eb088257ce0888336dd6,22793,rio de janeiro,RJ,1,2017-04-20 09:22:08,278.0,139.0,2.0,358,278.0,0.002785515320334262,0
16cbc4e32c7cdb2964442a15b807711c,5cf21d69d40b50119524be327a12ed7b,3922,sao paulo,SP,1,2018-01-21 22:20:52,150.0,150.0,1.0,81,150.0,0.012195121951219513,0
7d5bb66a437018329f3c334e0b1d305a,35beea2e5b36aeb0d95610ce5c4ebf81,56250,trindade,PE,1,2018-02-17 21:41:21,169.9,169.9,1.0,54,169.9,0.01818181818181818,0
58c1e87744d4fb452bea6a8e3b578f69,ec1a95e501ad513a4081f463e5f1a10b,69020,manaus,AM,1,2017-04-26 13:26:49,13.98,13.98,1.0,352,13.98,0.0028328611898017,0
a9d17c6bc7a59fa3b00076bc16ddac88,d8ca742b28ce7633de01295aab9f4c90,18520,cerquilho,SP,1,2017-07-19 18:16:35,134.9,134.9,1.0,268,134.9,0.0037174721189591076,0
7c31254de4f70f1e8c1164fd86f0c685,063d31a311a376917317d34a4e8148f0,30431,belo horizonte,MG,1,2018-01-03 22:24:13,276.0,276.0,1.0,99,276.0,0.01,0
bf0d7939fd697b55f7818ac5f364d6de,9cf1429322dd407a31d311c2150d7bb1,63106,crato,CE,1,2017-12-15 12:12:05,239.9,239.9,1.0,119,239.9,0.008333333333333333,0
eaa68a110b44460454d1c80a686ac16e,6491f66571c9f442c269f92fdbef21a2,88385,penha,SC,1,2017-12-18 21:32:30,82.8,82.8,1.0,116,82.8,0.008547008547008548,0
d4fd73b5eb04da7927786173ddbbea0a,2948c3e888f4d365e119132da9f95c27,13468,americana,SP,1,2017-09-19 15:14:08,158.0,158.0,1.0,206,158.0,0.004830917874396135,0
615524b12e97c076f052c4fe166ecce2,e169f767996e4dcd26af717fdfa1bf42,60060,fortaleza,CE,1,2018-01-03 19:50:16,19.99,19.99,1.0,100,19.99,0.009900990099009901,0
4cb1a8448844265aa0e0265f8bba2d9f,e5be4ac6d2046988ffaf9ef6321bda6b,2225,sao paulo,SP,1,2017-12-15 16:43:26,124.99,124.99,1.0,119,124.99,0.008333333333333333,0
5d3dc874f9c79b6b16ab0a108588bd15,e5ae3dacf82b0ced4bd9e85046b96f38,59090,natal,RN,1,2018-02-28 10:35:30,13.32,13.32,1.0,44,13.32,0.022222222222222223,0
8d8822ee90f727a3355664c50dbdbfdd,852668b9509110584019ebbd4d6b3e70,21235,rio de janeiro,RJ,1,2017-03-19 11:19:12,99.99,99.99,1.0,390,99.99,0.0025575447570332483,0
962820313fda4b002abfd42659afd2ca,730e4b7ede33b484516435d39ab4dc49,21866,rio de janeiro,RJ,1,2017-06-07 00:19:14,159.99,159.99,1.0,310,159.99,0.003215434083601286,0
ef81ebfc786a732f1f6df171799c30a5,c59724996ebd7942901f11a2ec90defe,85460,quedas do iguacu,PR,1,2017-03-03 19:34:38,59.9,59.9,1.0,406,59.9,0.002457002457002457,0
fa76ef69ae16b2d6fc69cf17ac133e22,4fb7eeb9dd763cdb88a03dd0ad224836,82640,curitiba,PR,1,2017-06-19 20:14:21,61.9,61.9,1.0,298,61.9,0.0033444816053511705,0
eb0531889b546c683fa11282442f6233,ae864af1d62fc952073ddcd1ab59a233,13033,campinas,SP,1,2017-11-16 23:56:42,27.98,13.99,2.0,147,27.98,0.006756756756756757,0
a7693fba2ff9583c78751f2b66ecab9d,f7ea4eef770a388bd5b225acfc546604,13330,indaiatuba,SP,1,2018-02-21 11:45:07,419.85999999999996,29.99,14.0,51,419.85999999999996,0.019230769230769232,0
52518ec19d39f15886aeacc964c20129,15024c407a7adf2b196809f37e667d9e,13844,mogi-guacu,SP,1,2017-07-08 14:30:14,89.9,89.9,1.0,279,89.9,0.0035714285714285713,0
c3026de69a46c492b925e7ece4d9fc94,4d2a058cead19bc1e7b3580be5893b2b,9572,sao caetano do sul,SP,1,2018-01-22 22:42:18,99.0,99.0,1.0,80,99.0,0.012345679012345678,0
bfea4a98ad57e429a31dab20bfe4375f,13fe2bd5cd6f09642f395ae04faa6b66,5665,sao paulo,SP,1,2018-02-06 15:50:36,759.6,189.9,4.0,66,759.6,0.014925373134328358,0
351b2fd3a7f9c5580287edfbd6e98a7c,ca741ffe88e9841fefb2151e76c3e4b0,89170,laurentino,SC,1,2018-01-29 16:45:15,119.0,119.0,1.0,74,119.0,0.013333333333333334,0
180831157f2fd84ffe435ec095d55ce3,cbfd1c116c4c68287304489731c67781,90840,porto alegre,RS,1,2018-01-17 07:52:32,75.5,75.5,1.0,86,75.5,0.011494252873563218,0
8cd8dcd00b3204df8a1d464ae879c8c5,2b5c14b7e1a3d88ff7e0c46e15851f5f,57042,maceio,AL,1,2017-07-17 16:14:02,19.99,19.99,1.0,270,19.99,0.0036900369003690036,0
6c9fa2988ebdbc1b1af97d9f21e7ad37,f4c6d8edc2ed35807ec325b287b190e3,26255,nova iguacu,RJ,1,2018-03-06 15:57:28,250.0,50.0,5.0,38,250.0,0.02564102564102564,0
dde98f2e220592ae6068bb273ec5c11b,99325e89ca142975a6bd39724ffcad5f,28970,araruama,RJ,1,2017-12-26 11:50:49,599.0,599.0,1.0,108,599.0,0.009174311926605505,0
5425974ca1091055b0c05604f43f711e,940479e512430562ff270c006915e19d,27343,barra mansa,RJ,1,2017-11-26 14:08:44,80.99,80.99,1.0,138,80.99,0.007194244604316547,0
7f10cfc70e5b4e8c9910f6d294d4bee1,1c4877455883d99e3789532225729d68,24230,niteroi,RJ,1,2018-02-13 12:21:14,84.0,84.0,1.0,59,84.0,0.016666666666666666,0
5e0f4ae7f2f6850f4a30b16c0a24a732,949828097eebaa6b76aaac1fd75708cd,46650,barra da estiva,BA,1,2017-06-01 13:40:17,224.0,112.0,2.0,316,224.0,0.0031545741324921135,0
14e7179a159cd1022234f28516fd823c,68497ce04e9b12cb402671a29acdf6a2,89825,xaxim,SC,1,2017-11-25 20:12:05,494.99,494.99,1.0,139,494.99,0.007142857142857143,0
70a6da4bfbfe2520b1db2523499c330b,c09b86243811785f524f5b2d711f61bb,2998,sao paulo,SP,1,2017-09-27 04:24:28,99.9,99.9,1.0,198,99.9,0.005025125628140704,0
94ce0fbd0c2896e7d91f4c10a82a65bd,b68acf578f10bd6ecb2a174531cacb89,4274,sao paulo,SP,1,2017-12-01 22:07:21,129.9,129.9,1.0,132,129.9,0.007518796992481203,0
45d819fb81a17ea857d85c8a1fae74b4,3a94b6c9bed0d1e47bdc8f015b4a0468,83880,rio negro,PR,1,2017-09-15 10:20:32,18.99,18.99,1.0,210,18.99,0.004739336492890996,0
d85178bdd146b8648278ad6504206c68,f5fff26722a3c0a02da07a2ced7d4d0a,80060,curitiba,PR,1,2017-12-11 10:15:34,119.99,119.99,1.0,123,119.99,0.008064516129032258,0
41cc3a16d47aaeb0d57a061c5236a713,86e0461fc6752243b01e4170bb6ffe7e,60441,fortaleza,CE,1,2017-05-24 13:49:56,239.9,239.9,1.0,324,239.9,0.003076923076923077,0
be4518ae17d2a9e4eef29c567f605563,352f892cf1c6f376a847e7ee74f0bf91,6783,taboao da serra,SP,1,2017-10-04 20:44:52,8.68,8.68,1.0,191,8.68,0.005208333333333333,0
5a39602202cb2bb7fe86f395f7f25252,4e36352fdabf91ffc9777dc7003fb30e,3062,sao paulo,SP,1,2018-02-22 13:18:58,129.0,129.0,1.0,50,129.0,0.0196078431372549,0
cd7df89ab76adcfe3e1b4a36b042b081,2ddd50b61ee4a82b40033feecac1f863,95020,caxias do sul,RS,1,2017-10-16 12:21:07,124.97999999999999,62.489999999999995,2.0,179,124.97999999999999,0.005555555555555556,0
6d91da53c1c48b756d84ef4eb54550ab,c5ac119ab2aa65ff15488f1cca9a13d5,58037,joao pessoa,PB,1,2017-06-29 11:51:38,569.0,569.0,1.0,288,569.0,0.0034602076124567475,0
585ea62b22e7805f0300e27a091c9d52,4b68a418fb851e4284dc5aa94d6d88a8,18125,aluminio,SP,1,2018-02-12 22:05:11,139.0,139.0,1.0,59,139.0,0.016666666666666666,0
4dba2178903f42a374b15cdc931c5d42,bf28f48b181486a81272d6c9f96bc90b,31010,belo horizonte,MG,1,2018-01-13 00:26:23,74.9,74.9,1.0,90,74.9,0.01098901098901099,0
7f4b051e8b634cd50f385125b0288dd6,93d03be335754f985542d239c21e0002,12090,taubate,SP,1,2017-10-02 16:55:39,59.9,59.9,1.0,193,59.9,0.005154639175257732,0
dcd3d418bc3f3a6b9617ef14ddbde12c,8d5d92f61be08c1c7b0cdcba36a77744,26311,queimados,RJ,1,2017-09-07 19:38:45,98.0,98.0,1.0,218,98.0,0.0045662100456621,0
bea028dd673f09d19c823b4b6a68a171,6a67b4dd044dc7fb603621c5ade95338,16011,aracatuba,SP,1,2017-05-18 17:53:34,93.9,93.9,1.0,330,93.9,0.0030211480362537764,0
16599d79f2e23502ad2b1d5ad017eb0d,fc816e4ab40ab193e1bdb0d79968b024,72310,brasilia,DF,1,2017-07-23 16:05:18,49.99,49.99,1.0,264,49.99,0.0037735849056603774,0
655db910cac0a44e6528240243b2f5cf,7b90167df4a4ce83f528b214f8c86676,13140,paulinia,SP,1,2018-02-23 18:57:41,44.7,44.7,1.0,49,44.7,0.02,0
04a043776b45158df5f274435321c199,7e6f4c38a581cced287444d779368aed,35770,caetanopolis,MG,1,2016-10-04 22:43:33,19.9,19.9,1.0,555,19.9,0.0017985611510791368,0
c593a1dca86a74c12b9929d08e6c4330,1d48475a6124f717bf57aa0fded21c96,15775,santa fe do sul,SP,1,2017-11-24 08:57:10,12.88,12.88,1.0,140,12.88,0.0070921985815602835,0
86f4a2634e15469b99c06c273e6ed2c1,37dda06ed205b40f9a328d94fc6a3d0c,36090,juiz de fora,MG,1,2017-10-25 09:37:58,150.0,150.0,1.0,170,150.0,0.005847953216374269,0
909e605a5ecf709a35b217b52ac2dbf6,26d56e2bb6e04f6178fe73493986dff5,21650,rio de janeiro,RJ,1,2017-12-11 01:05:34,72.8,36.4,2.0,123,72.8,0.008064516129032258,0
8435e0e187d4a9a24ca9df8649e2bc9e,8873a2fb1f73b73fbd6c222b74286798,68040,santarem,PA,1,2017-03-23 11:59:45,179.96,179.96,1.0,386,179.96,0.002583979328165375,0
62f0085d64cec3690ecb29ab182952d4,01c6812053d3159e3f8f0a3d92af3cc5,7192,guarulhos,SP,1,2017-11-09 18:53:35,109.9,109.9,1.0,155,109.9,0.00641025641025641,0
b9ab019e35acc41ce59d290989f01d88,edeb76cca552f6ca2f012333c9c15cc0,31170,belo horizonte,MG,1,2018-01-20 01:06:48,84.0,42.0,2.0,83,84.0,0.011904761904761904,0
dc4dbafb39aecfe8d561171fb2793d5e,d895e73cbdd24adf73f5ce77df2b7ef5,17480,cabralia paulista,SP,1,2017-12-28 16:26:41,47.49,47.49,1.0,106,47.49,0.009345794392523364,0
638f52c07d956bf960e34befb98a0657,4cbb476250963d1e4f10b0a7b43f5c1a,28175,travessao,RJ,1,2017-05-18 15:14:03,29.5,29.5,1.0,330,29.5,0.0030211480362537764,0
7d9edced80af5c9503cbf88a9e5f2a3e,3b776563843bf7cb5adb4e65296aefae,6083,osasco,SP,1,2017-10-03 20:43:03,49.0,49.0,1.0,192,49.0,0.0051813471502590676,0
e55227c80ca878dad86e6ab873b52f8d,dd73abcfc2e958c4160e0be6303e4982,21555,rio de janeiro,RJ,1,2017-11-13 18:20:12,369.9,369.9,1.0,151,369.9,0.006578947368421052,0
f8260ac0cb6df254a4c7ec7dd62a3aaa,ad1d97ae7b11b3578425bce235b34058,99950,tapejara,RS,1,2018-02-26 09:32:34,76.9,76.9,1.0,46,76.9,0.02127659574468085,0
bef5c0e0b094f0abf4f9bc96e9e546dd,c654ded2fe5086dc19941eb427fbdd8b,4117,sao paulo,SP,1,2018-02-15 10:28:39,29.9,29.9,1.0,57,29.9,0.017241379310344827,0
3b63b6bf1640794c17a79ea7c2cb11c3,384d98abd6daf0256d2e981959322df5,35059,governador valadares,MG,1,2017-09-20 22:34:43,200.0,200.0,1.0,204,200.0,0.004878048780487805,0
d719eace562b89db5f0f0f627aebdc67,420c4554d7c1260a97fd104f863a616d,11015,santos,SP,1,2018-01-06 00:09:51,84.99,84.99,1.0,97,84.99,0.01020408163265306,0
258b5a6816fdca7a218868c01b0e6bef,24caecc7bc5818872f110b8b262ef953,11045,santos,SP,1,2017-09-11 07:12:41,90.0,90.0,1.0,214,90.0,0.004651162790697674,0
a691e2a2ac37c387c637c02eeab175a7,9c6fe0231c0253be43d266bf55c0cd84,7854,franco da rocha,SP,1,2018-02-18 19:39:36,86.9,86.9,1.0,54,86.9,0.01818181818181818,0
f3b3891ff0afe3e2d70489634fb1bfbd,917ecc45f6867afc87a8351389bd75f5,23068,rio de janeiro,RJ,1,2017-06-24 11:59:58,54.9,54.9,1.0,293,54.9,0.003401360544217687,0
3a51cf54ce9a78a361281fba4379da45,a9f556fdd9a2f2e76dbedfab908c203c,12086,taubate,SP,1,2017-11-24 01:19:12,24.9,24.9,1.0,140,24.9,0.0070921985815602835,0
5380c5d416978c6db0a431ad809ae4a2,602c5ad238042c02179404a7def5b4d0,96200,rio grande,RS,1,2018-01-15 17:26:49,317.99,317.99,1.0,88,317.99,0.011235955056179775,0
72241f6ac253dedd45a67f539f113891,e019a4aac43a090ae332d9459b272722,4542,sao paulo,SP,1,2018-03-19 23:32:03,94.89,47.445,2.0,24,94.89,0.04,0
165aeeded3ae717287fc0fc25a2ccf99,7ebe3f683282a3df95d323a008f0c4d1,22441,rio de janeiro,RJ,1,2017-06-19 10:27:03,74.99,74.99,1.0,298,74.99,0.0033444816053511705,0
2741d30aa289cae1b78c923cf31e6470,9e11a15e61660b1f33f25a5b36729356,12518,guaratingueta,SP,1,2018-01-28 15:27:43,13.65,13.65,1.0,75,13.65,0.013157894736842105,0
b19fa13f00227b289b6d04e426f9673d,09afae2d61d41a7f90d30c3ce36c5f26,91130,porto alegre,RS,1,2017-01-26 21:11:42,21.98,10.99,2.0,442,21.98,0.002257336343115124,0
bd4afd3a9f1b50e574d0e5aac2f42d3b,671edb20b43863b15ab8803c8529b103,36900,manhuacu,MG,1,2018-01-23 15:03:03,98.9,98.9,1.0,80,98.9,0.012345679012345678,0
57bb0f2ff265139687180b2fb387e198,a0b7dc1fa38cb0c12f893dddc975cd2b,35020,governador valadares,MG,1,2018-02-07 14:27:34,24.9,24.9,1.0,65,24.9,0.015151515151515152,0
3afd37d52008fa63a8f8872bd5af223c,509223d253274abd4bf06f3ce46d9a18,55030,caruaru,PE,1,2018-01-09 22:33:08,62.9,62.9,1.0,93,62.9,0.010638297872340425,0
487bb71e40189a3438a469f316013dd8,39861f807aa5ea17baa32d848bb532b0,35160,ipatinga,MG,1,2017-11-28 13:23:52,109.9,109.9,1.0,136,109.9,0.0072992700729927005,0
5632f9bcf2b8dbec21e40b4a3a9fe7cf,175d66dd9a312a63f9082689fa7b665c,13450,santa barbara d'oeste,SP,1,2018-03-22 13:41:17,95.3,47.65,2.0,22,95.3,0.043478260869565216,0
b6aea728b26da1f85105eaa626499751,7806d49aaa1c6c02f80dae19b78ae812,7096,guarulhos,SP,1,2017-10-29 22:53:50,58.67,58.67,1.0,165,58.67,0.006024096385542169,0
695ad68c4f5db80c7281c0040e623369,c59c76d8987b75134db5a3003cba1de6,28895,rio das ostras,RJ,1,2017-04-28 22:41:13,26.9,26.9,1.0,349,26.9,0.002857142857142857,0
93398976408677d44139e085d01c41a3,a1501121525014a1ff9d8247bcdf1e7e,3106,sao paulo,SP,1,2018-02-01 16:32:15,16.9,16.9,1.0,71,16.9,0.013888888888888888,0
18f3077d69b15607009c3d0d581f5015,581ed624e77199104b70cc1a07392849,2420,sao paulo,SP,1,2017-05-01 10:53:02,179.96,179.96,1.0,347,179.96,0.0028735632183908046,0
583f0880f0da846ee41ecaa197a19a8e,07f4fe7018e56998864d95e97dfa1c78,3167,sao paulo,SP,1,2018-02-07 11:37:24,449.0,449.0,1.0,65,449.0,0.015151515151515152,0
1f286139afe2eb2040a68fee6e253eda,512951e75fedf5e5cea649d6868631df,13031,campinas,SP,1,2017-09-13 20:23:41,29.0,29.0,1.0,212,29.0,0.004694835680751174,0
ae0709e51a6229f894ccafc894ea4cfe,ee43ef2ae96c506b7e1949660d6a1d87,41195,salvador,BA,1,2017-11-25 00:23:14,578.0,289.0,2.0,139,578.0,0.007142857142857143,0
f1821c00b393147f35773641d2b53cd3,66832c8a08118ce07d6091866582b30f,3577,sao paulo,SP,1,2017-04-04 23:45:19,29.9,29.9,1.0,373,29.9,0.00267379679144385,0
7c9bd29ba762dee02252ee11180a5f08,bf8ab3ba6ca853953bd935b022355cf9,44033,feira de santana,BA,1,2017-10-25 10:11:12,75.0,75.0,1.0,170,75.0,0.005847953216374269,0
39ecef3d8a542ee6b91e7bfd7e9a6b87,e08b2dabdfac348704d3b031dfbf6d5f,35547,carmo da mata,MG,1,2016-10-06 17:42:49,89.9,89.9,1.0,554,89.9,0.0018018018018018018,0
9ec7a3fd9d3597aff2900e7a102f3653,af41d14a0f72b9a90bcdab8522327370,37975,itau de minas,MG,1,2018-02-11 19:42:18,39.0,39.0,1.0,61,39.0,0.016129032258064516,0
bcbd2c2421ec0c9b4d893d069b789bef,7b3539f34f4a40a23c6a629e047b5179,49160,nossa senhora do socorro,SE,1,2018-01-23 14:46:29,52.9,52.9,1.0,80,52.9,0.012345679012345678,0
e747a1f3f5d2a25522b4d67db7cc6a13,5c5ebcddcf017f5536c19c8e3c55da4e,53170,olinda,PE,1,2018-01-21 16:06:23,249.7,249.7,1.0,82,249.7,0.012048192771084338,0
84bf6a4346118c8306d16b593c15176e,15823b5826557e80b07c3d5dc611568e,21330,rio de janeiro,RJ,1,2017-09-09 19:36:37,29.9,29.9,1.0,216,29.9,0.004608294930875576,0
423f4e3813558c94cb405a508fc9467d,27cc295b7941684eed48fbfb11d9b8b9,4211,sao paulo,SP,1,2017-11-24 16:39:08,369.98,184.99,2.0,140,369.98,0.0070921985815602835,0
4162174e341be4246be9469de35dcce0,fb50cc72395bbea99b8d7ddd0d6f2035,85555,palmas,PR,1,2018-01-14 21:58:40,64.5,64.5,1.0,88,64.5,0.011235955056179775,0
37e28b73bd82f4a01e05346a75f998d2,de72cbafd7810135931b7c89719391c3,7190,guarulhos,SP,1,2018-02-22 16:33:54,119.9,119.9,1.0,50,119.9,0.0196078431372549,0
8ce7e88df97ba2a54e3b4b6f3ccf757b,dd9e24fbf151d2c634c03b2cf3812eac,4531,sao paulo,SP,1,2018-01-01 22:54:24,107.9,107.9,1.0,101,107.9,0.00980392156862745,0
ce705dc93f963a4955ad071b24a8fbd5,2f11a122830f78679a6a71fb6e56dd09,36180,rio pomba,MG,1,2017-08-29 11:47:19,65.0,65.0,1.0,227,65.0,0.0043859649122807015,0
3a0557c5236d866291795f7a4ee3c2c7,abcc1acad252e7151488e83f2da0ab20,13172,sumare,SP,1,2018-03-29 15:27:11,39.9,39.9,1.0,15,39.9,0.0625,0
b471c2f8fad20b84d2b631c8112b0b26,35959790d544f8c6df6c75cfe205f66e,13185,hortolandia,SP,1,2017-12-11 18:25:17,45.49,45.49,1.0,123,45.49,0.008064516129032258,0
a44373395013ffc2212996da25ad462c,4e97bf99d0c7b32c003e37988c768bc2,60844,fortaleza,CE,1,2018-03-17 14:49:18,32.5,32.5,1.0,27,32.5,0.03571428571428571,0
46f54b37f0933babe0222df0744290bd,0b209d54ce95005e6dd01239d4146ec2,7025,guarulhos,SP,1,2017-11-07 11:38:57,170.0,85.0,2.0,157,170.0,0.006329113924050633,0
90b44ffa2cd85107a062845135520fe6,b9bc9bff513bbaed5de7772ad0993461,35171,coronel fabriciano,MG,1,2018-02-13 16:23:29,224.8,74.93333333333334,3.0,59,224.8,0.016666666666666666,0
4498e0fa4951df931bc990d233493cf1,f1ad6ed9c2b85ec8b9a8f9ad71d074c9,18300,capao bonito,SP,1,2018-04-08 23:05:31,45.0,45.0,1.0,4,45.0,0.2,0
9a3a72f79c865e8d4778890226b127ef,d79ee1eeb9558345e7bbfd63a5350c7e,86860,jardim alegre,PR,1,2017-06-04 20:28:39,22.48,22.48,1.0,313,22.48,0.0031847133757961785,0
95ad9c9815171d2f4bc4a6267bd8b05b,ddc8905700a88c452403d3f96750f88a,88049,florianopolis,SC,1,2017-07-13 17:30:30,12.9,12.9,1.0,274,12.9,0.0036363636363636364,0
90c5c0ff339811cdbf13a8a618821c68,04c99e7b04eaffcaadd21d464c081ff1,20771,rio de janeiro,RJ,1,2017-10-04 11:26:24,116.0,116.0,1.0,191,116.0,0.005208333333333333,0
daf4042731b64089418398dd25e8e80b,61daa1ec4231f2d7743857a5a43cedfe,5305,sao paulo,SP,1,2017-08-29 18:24:42,59.0,59.0,1.0,227,59.0,0.0043859649122807015,0
ebb969bbf53ce29792e48048edf27f90,c5d3a57d695547bb1de4f666cb9dec7b,55620,gloria do goita,PE,1,2017-10-24 21:19:57,427.0,427.0,1.0,171,427.0,0.005813953488372093,0
b515c26bc7955d05356ae832d2c4b54b,a76c949d0d11b71d6ed4a7a8464e101f,26525,nilopolis,RJ,1,2018-03-02 16:12:57,279.9,279.9,1.0,42,279.9,0.023255813953488372,0
ce5ffe8a8840252e27f3e8d915bb52ab,bdcedf5204dfdd6fdf061f18affecab0,1533,sao paulo,SP,1,2017-09-04 20:42:09,59.9,59.9,1.0,221,59.9,0.0045045045045045045,0
683ea4e05524b7d01d01a91b7bdb3ac0,7898c23696ea1ebb4d1a7d62ffacce33,8255,sao paulo,SP,1,2018-03-06 09:30:42,349.9,349.9,1.0,38,349.9,0.02564102564102564,0
394683dab19e214dafc244669dcc96c3,52a535b307f6c4598b4e7b918774687c,4962,sao paulo,SP,1,2018-02-03 23:36:46,20.3,20.3,1.0,68,20.3,0.014492753623188406,0
8557eb2ca315c2368a3bc93748fe49c2,286e76813f453e71c031b5602908cd05,20725,rio de janeiro,RJ,1,2018-02-18 15:18:40,356.0,356.0,1.0,54,356.0,0.01818181818181818,0
64642aa123af222fbb120c610625f2ae,0edd1ca451a7eba6600829962d4a3699,15050,sao jose do rio preto,SP,1,2018-03-07 18:04:25,32.9,32.9,1.0,37,32.9,0.02631578947368421,0
0d7632a160295b6f335a091a24a15cca,0dc3a4327bacc5b339d49aa33120365b,15084,sao jose do rio preto,SP,1,2017-07-09 16:57:55,79.9,79.9,1.0,278,79.9,0.0035842293906810036,0
f3f8de553908bdd20818ca14138343c7,8939ef635a33bf463e9fecbc15125f33,60720,fortaleza,CE,1,2017-10-02 18:14:49,318.0,318.0,1.0,193,318.0,0.005154639175257732,0
4193b72441aee0999bb92aeb9c1b236a,f5dbe667f3cb0b418643704870c4625f,36051,juiz de fora,MG,1,2017-11-09 19:02:02,104.9,104.9,1.0,155,104.9,0.00641025641025641,0
b64b895a846f1bc23c1d74ddd9947bd3,71fa6644d99d9b5d012d311503393377,5683,sao paulo,SP,1,2017-06-29 11:49:19,89.9,89.9,1.0,288,89.9,0.0034602076124567475,0
053f9f6d14eae73c5dcd35952b42f44b,5a217b57456380cc037f0466c4772f48,6871,itapecerica da serra,SP,1,2017-11-27 16:44:36,69.0,69.0,1.0,137,69.0,0.007246376811594203,0
57de838eef2ecc95a8b6040a6a5157df,ae1c9c0f22ad209413028f81af2bf3c1,79420,camapua,MS,1,2017-09-16 13:21:47,99.7,99.7,1.0,209,99.7,0.004761904761904762,0
b763ab1e6ce4e740fd2c4ad17141ada2,d4576e53b0e109423a635a989c74535c,5104,sao paulo,SP,1,2018-01-02 19:04:53,19.49,19.49,1.0,101,19.49,0.00980392156862745,0
3cf4a26ded6ca887cdf90556c5f8de9d,438c96e9dcbe6dcb55c9843600693d2b,19600,rancharia,SP,1,2017-07-06 09:52:53,14.9,14.9,1.0,281,14.9,0.0035460992907801418,0
017395cf7b4c0be4fa72650f0a8184ed,10e49a12540465d3141f898aeee0a6b4,75800,jatai,GO,1,2017-02-21 17:11:24,25.99,25.99,1.0,416,25.99,0.002398081534772182,0
3944f41fac367b589b94741981b484d5,953a764d4d1592d1776410e0f8aef17b,72878,valparaiso de goias,GO,1,2018-02-01 18:25:20,99.8,49.9,2.0,71,99.8,0.013888888888888888,0
96c7658be43cdfecdcd5278014990f62,26c303778f2a53c3eb172df6efe063fd,90540,porto alegre,RS,1,2018-04-06 21:00:39,29.99,29.99,1.0,7,29.99,0.125,0
763117fb7b230036eb6217e0a8b801e2,fc94daf6f84fa174770af08100559b2f,13058,campinas,SP,1,2017-09-15 16:40:35,102.9,102.9,1.0,210,102.9,0.004739336492890996,0
748408d5f1ac7ed2b6fcc8a3aeea25cc,c6994523bf0a5d3aaf5c442bc4fb2c56,86360,bandeirantes,PR,1,2017-11-19 13:23:00,429.9,429.9,1.0,145,429.9,0.00684931506849315,0
4a14bc6096777af2242f207d52eba728,360922481ea6adad1ec886b6deca1d03,8250,sao paulo,SP,1,2017-06-23 19:38:29,104.0,104.0,1.0,294,104.0,0.003389830508474576,0
735cdc6f61c25a60d0c9436b6205eda4,4d233db1d58f2008e3b4bece0c1b2e9c,3822,sao paulo,SP,1,2017-09-14 10:47:07,139.0,139.0,1.0,211,139.0,0.0047169811320754715,0
265106dcf47e77b56e7d67dbfcc3ccf7,3dd5414bc73454eb11a19605fe54dbbf,89063,blumenau,SC,1,2017-05-08 06:06:35,59.9,59.9,1.0,340,59.9,0.002932551319648094,0
138a01aa92239376fe0599ebb07a2c1e,e2d7f534cc0ecd215219ee87abf8c401,31060,belo horizonte,MG,1,2017-12-18 15:09:06,86.9,86.9,1.0,116,86.9,0.008547008547008548,0
ab3f362c25285fc675fce6743239026b,bd91d32da39e118c89f20b3229318d57,27966,macae,RJ,1,2017-12-06 10:42:54,68.6,34.3,2.0,128,68.6,0.007751937984496124,0
d38ab5feaeb102e5990e4a27c69c2da2,c96b86463cf090f8a9ba301aa448ae09,40310,salvador,BA,1,2018-03-01 21:16:08,119.9,119.9,1.0,43,119.9,0.022727272727272728,0
b16343b95f5346a9933144386af4caab,4458faa1e4fbc76c9042d5ded0b53244,4837,sao paulo,SP,1,2017-12-12 18:51:47,150.0,75.0,2.0,122,150.0,0.008130081300813009,0
311ec637af917bce7b283b74754e2baf,5473d80ee730a2ec3551d464d93b90ce,6150,osasco,SP,1,2018-03-31 20:43:05,109.9,109.9,1.0,13,109.9,0.07142857142857142,0
800967a7a5167197fb9b1d50a2ef8075,d184e6edddcb1c912ebed8bb8491fc85,82590,curitiba,PR,1,2018-02-05 10:21:07,1561.0,1561.0,1.0,67,1561.0,0.014705882352941176,0
2b26cb2b1582d5b1be9e122a56be6f43,8d51216cfeb9efed71d0570e6a3c327a,27535,resende,RJ,1,2017-03-01 20:18:32,59.9,59.9,1.0,408,59.9,0.0024449877750611247,0
bc9df2892ccce8d1e8558c3e8013962c,d526ae09900a4688e8f8febb10f72d69,26313,queimados,RJ,1,2017-12-04 21:56:53,56.99,56.99,1.0,129,56.99,0.007692307692307693,0
56e7899b07b9a515442d8855a6e049b3,01d8df79b0fe245a03928d53fc25c223,18130,sao roque,SP,1,2017-08-07 17:41:16,119.35,119.35,1.0,249,119.35,0.004,0
4931bab39028b872b4ab9a0c38e3d552,705c9e29830d26e888d395a7f0d4ab87,13010,campinas,SP,1,2017-02-05 15:48:26,39.9,39.9,1.0,432,39.9,0.0023094688221709007,0
9a9b364badad4eae84ed0f6e0e0fb7d4,a9b8e114e8bd0d2f91910b31d9599a57,89120,timbo,SC,1,2018-02-25 14:45:00,53.99,53.99,1.0,47,53.99,0.020833333333333332,0
aaf1ff6550c1f45fa52842cc105286ed,704fef9fe1b1c63d636a0f9be5d48567,87020,maringa,PR,1,2018-02-23 15:20:45,29.99,29.99,1.0,49,29.99,0.02,0
abb9325afb2095a76844fa08d71109bb,6ab204b2ec892166b54a2821852e7c75,3551,sao paulo,SP,1,2017-06-02 11:10:09,34.9,34.9,1.0,315,34.9,0.0031645569620253164,0
c2858ae4e6680baa31f5a6cabe4b8055,15e6d6a0a71179040ccfb0d3cd27487a,88025,florianopolis,SC,1,2017-07-25 16:56:59,127.48,127.48,1.0,262,127.48,0.0038022813688212928,0
c4fbb5a95dc900f4bd12838d8e8bf99a,f6f380d65a3df4a73ca15cd8ecc08d2e,35181,timoteo,MG,1,2017-07-30 20:17:31,205.0,205.0,1.0,257,205.0,0.003875968992248062,0
7d8e9609c6d42c59d166f7abaa03a518,b88e0949545db3eb7b96a8b4b40e423c,4909,sao paulo,SP,1,2018-03-06 14:57:33,45.0,45.0,1.0,38,45.0,0.02564102564102564,0
44413aff0a87eac35ad5f773c7ba99d8,7ac04ae45ad99d5ab3a9fb7717a5d5bf,51020,recife,PE,1,2017-12-15 05:39:06,49.99,49.99,1.0,119,49.99,0.008333333333333333,0
e12afe781ce57ef49bbb9cd678295197,4818673cdcc87da1acec1a6413d93979,78280,mirassol d'oeste,MT,1,2017-11-16 13:55:14,56.85,56.85,1.0,148,56.85,0.006711409395973154,0
121779e79f02587b95b15ca80b9c8a6e,f9b16a10f1fcd2503038ba84eee43b52,23078,rio de janeiro,RJ,1,2017-11-24 10:42:43,18.9,18.9,1.0,140,18.9,0.0070921985815602835,0
a05532617ca345a59cb6fdc127472a63,4144938761003553030292ef70346ab0,72872,valparaiso de goias,GO,1,2017-07-20 08:16:38,100.13,100.13,1.0,267,100.13,0.0037313432835820895,0
868fae7c2907bb21e97dc003ab746c71,2b8a347905ebfa4dbf3c3c3260d546c1,20071,rio de janeiro,RJ,1,2017-04-23 16:01:16,139.99,139.99,1.0,355,139.99,0.0028089887640449437,0
8a7cb9ea3bb01a16c4b51f5735f7188d,844d26fa039f6a16a2496ac8fff21af4,31573,belo horizonte,MG,1,2018-02-21 21:53:33,29.9,29.9,1.0,50,29.9,0.0196078431372549,0
7a89fff116b1d5d95621c5f8954657b7,0e94e5694c25cb365cb665eb074053d3,8850,mogi das cruzes,SP,1,2017-11-30 10:49:06,65.08,65.08,1.0,134,65.08,0.007407407407407408,0
356c120cc0f5c573bc74d453e0879494,1bac5cac312aec1fd7e3d7ea6010ca5f,44088,feira de santana,BA,1,2017-07-13 20:00:24,205.0,205.0,1.0,274,205.0,0.0036363636363636364,0
338073ca588012673d034c0393e58bb0,21a9c9dd4248d18bf8edced7762b70ae,13400,piracicaba,SP,1,2018-03-03 16:48:43,53.9,53.9,1.0,41,53.9,0.023809523809523808,0
c824fb40eed7462282da8b5511d4d6cb,a0320e92ed474eda108f409965458a35,86708,arapongas,PR,1,2017-12-06 19:47:40,0.0,0.0,0.0,128,0.0,0.007751937984496124,0
ad35def6d6e9fb6f4c678377fbf8843c,b6db71b4e9d0824120740ffab98ff697,4207,sao paulo,SP,1,2018-01-15 12:20:42,32.98,32.98,1.0,88,32.98,0.011235955056179775,0
6c63c9d3fce6af66977a6d38873edcdc,d26063f424217b14b5efe96491f987f6,8765,mogi das cruzes,SP,1,2017-08-14 12:32:24,99.99,99.99,1.0,242,99.99,0.00411522633744856,0
5928fad2f857413a13a6bb69e268a49c,78bd92e122114e2eec82bf20012366e6,27273,volta redonda,RJ,1,2017-11-26 10:42:55,39.9,39.9,1.0,138,39.9,0.007194244604316547,0
e3e4f59b905c93ceb1f9da90f9e02be7,302f6c3eea8eb8ee3a365720c5593d3a,3122,sao paulo,SP,1,2018-02-27 16:30:12,139.8,69.9,2.0,45,139.8,0.021739130434782608,0
d1af1251ff8b9109624062f710192be5,6bd7aa5ab027df39859fb839f21ef3b0,86390,cambara,PR,1,2018-01-11 22:03:32,169.9,169.9,1.0,91,169.9,0.010869565217391304,0
1d2f29cf60dd1b256e7c0c5fe02261c2,9fe701954c08064776051a9e6da5ed78,39900,almenara,MG,1,2018-02-02 16:01:58,59.0,59.0,1.0,70,59.0,0.014084507042253521,0
3f08de414e86c589d3f085630f5f7f69,7d904a4755e206a3e308a1f03d4a3a7c,13064,campinas,SP,1,2018-02-12 19:22:50,43.0,43.0,1.0,60,43.0,0.01639344262295082,0
577ebb5b9d8b9c4f42a89430683dc032,d3202f53ac6ddddfd16d23d26b0cf6aa,74366,goiania,GO,1,2017-02-09 20:03:28,23.89,23.89,1.0,428,23.89,0.002331002331002331,0
43f00561c2493b127004fd24ce4661ad,eb236ab2dfa54515610c137e1cf493aa,59507,alto do rodrigues,RN,1,2018-04-13 17:38:31,999.9,999.9,1.0,0,999.9,1.0,0
2558577bf1246b4a3cc846fc1fef3bbb,2abd00de249ff6bc8f96811a29210812,28740,conceicao de macabu,RJ,1,2017-10-16 22:52:33,143.0,143.0,1.0,178,143.0,0.00558659217877095,0
c5cb631ed666b1d427ba3c4cfc761c3c,9b49001bc293b58c701a1538f60dff28,49860,graccho cardoso,SE,1,2017-10-26 11:05:47,610.0,610.0,1.0,169,610.0,0.0058823529411764705,0
b922bec3f09f25b13a8a646fb8585fb6,3d079dcf2a5e4a0517f8ed0af8fe0b6a,40100,salvador,BA,1,2017-11-04 16:37:45,49.9,49.9,1.0,160,49.9,0.006211180124223602,0
a97737b9de902fa65599e2a440b9b8e8,268accaf403bb7935520aeed499f49de,18060,sorocaba,SP,1,2018-04-11 17:00:49,54.4,54.4,1.0,2,54.4,0.3333333333333333,0
537b2215fad860dff368ec7bcf1dce65,5760ee6fa1818011681a52e8fd4375bb,11900,registro,SP,1,2018-01-03 10:50:21,599.0,599.0,1.0,100,599.0,0.009900990099009901,0
0ec1d2c13f8309ab79e431af6dc72245,b6b5367f6d344682c90126fe86594604,23088,rio de janeiro,RJ,1,2017-12-10 18:33:37,21.9,21.9,1.0,124,21.9,0.008,0
a5a6d4a071449fd27f47387b98e3b76b,a9b61ba333b469e49f16885f14ac6b40,5086,sao paulo,SP,1,2017-10-31 00:01:18,70.0,70.0,1.0,164,70.0,0.006060606060606061,0
15f4d0b2acbd4c1deb4d62a8111fc846,64200c9fa459662885c44d8a58d8bdbf,13214,jundiai,SP,1,2017-08-09 22:34:04,89.99,89.99,1.0,246,89.99,0.004048582995951417,0
2f2d8f0427d9d1ee0220bb26d111e5fe,03b8925633623755895d17fd3e0c3ed1,7170,guarulhos,SP,1,2017-06-01 02:12:43,99.99,99.99,1.0,316,99.99,0.0031545741324921135,0
6350ee478c3d2c52f1b7e1a27d182309,7af4a0cb7b4adcdf82477f69355c01ab,7144,guarulhos,SP,1,2017-06-02 12:20:29,99.99,99.99,1.0,315,99.99,0.0031645569620253164,0
60bee84236f67b60b8dc3d2322bdd1ea,dc995e402b2c0bc50fd6806abc56b662,18025,sorocaba,SP,1,2017-12-06 17:23:28,5.4,5.4,1.0,128,5.4,0.007751937984496124,0
7343c19728d9499883e74b93863dcefd,c38c61e6e0db3f20cd3ce925d795b5a0,70255,brasilia,DF,1,2017-09-10 09:14:32,79.0,79.0,1.0,215,79.0,0.004629629629629629,0
cf30c6199e7242dbdd316851a3ac1321,9c97067f4b877df688924306ba5aabf3,60332,fortaleza,CE,1,2017-08-20 00:24:52,114.9,114.9,1.0,236,114.9,0.004219409282700422,0
b70f1d9626c60f9f1dd1e0ecf94c7c13,47ec2515e045f76685d8681870014a5d,29143,cariacica,ES,1,2017-12-06 22:28:19,349.9,349.9,1.0,127,349.9,0.0078125,0
4f0aabc56eb3f3cfa1eb12bd4de97110,67838d98e602ec36f0ef090871a591e5,1308,sao paulo,SP,1,2017-02-09 18:39:50,99.0,99.0,1.0,428,99.0,0.002331002331002331,0
ee8ccd2ba674c9e779e88e96a2595936,770834d5e75dfa9c6f81de0791da6715,4543,sao paulo,SP,1,2017-12-03 17:11:47,48.99,48.99,1.0,131,48.99,0.007575757575757576,0
060f7a94f04291ec1ec79d0d61eda142,1e119bdc7c0bceb8b22439c811e6f4e3,13256,itatiba,SP,1,2018-04-10 12:36:59,99.0,99.0,1.0,3,99.0,0.25,0
8dfffab81aa1ae858598d70c91b69122,b1df71e54705d81ffb072b96035fcd83,58035,joao pessoa,PB,1,2017-07-24 13:40:42,64.9,64.9,1.0,263,64.9,0.003787878787878788,0
a1776ddc59dd25127aa556fc6b69958b,f35b3a89b9ea983efba80cf9bd7fa6c6,86920,kalore,PR,1,2018-01-11 23:19:35,199.99,199.99,1.0,91,199.99,0.010869565217391304,0
91b789900931079575ec4039758423d5,2bc046cc2566b168abea7da506a657c2,88815,criciuma,SC,1,2017-04-26 14:19:21,176.99,176.99,1.0,352,176.99,0.0028328611898017,0
20f28dc53d568446389f15f46a540310,6875364aa6a011cd38ce1353c3be5124,81820,curitiba,PR,1,2018-03-22 22:21:41,18.99,18.99,1.0,21,18.99,0.045454545454545456,0
ca12928b99154737d4ddca22c8ae99bb,915dc6fe6ef553bd5ac6ca1e971dd6e6,26480,japeri,RJ,1,2017-08-14 12:52:46,57.99,57.99,1.0,242,57.99,0.00411522633744856,0
fce713ce55413765136bfd209d5a6542,9627e55290c60f562fa06f399ec6b82f,30140,belo horizonte,MG,1,2018-01-25 17:47:37,115.19999999999999,38.4,3.0,78,115.19999999999999,0.012658227848101266,0
a4712004cd61cd9a1645946cadccfbb1,bf836cb985b4804d4d2b30a5fdc01611,11730,mongagua,SP,1,2018-03-04 18:57:57,29.99,29.99,1.0,40,29.99,0.024390243902439025,0
2deb1b71301af93562fe892026531417,a449a968d16d215b87378ca18220f3ba,37975,itau de minas,MG,1,2018-02-21 18:21:12,199.0,199.0,1.0,51,199.0,0.019230769230769232,0
a91184a3664b61bc9731ae1c76a4f2f6,2b775b75afa0be08220fb73a7e68df3b,29830,nova venecia,ES,1,2017-06-23 21:39:52,54.99,54.99,1.0,293,54.99,0.003401360544217687,0
0e884a28dccf5fb788d41bf954eb7b11,11f49de0f014df932f420ece56c3c2b5,4853,sao paulo,SP,1,2017-08-02 12:23:46,38.9,38.9,1.0,254,38.9,0.00392156862745098,0
018c66db66454034193517ab79423f70,afcf95b63cc76b26655dd5caaba3f2b4,18078,sorocaba,SP,1,2017-07-15 13:49:34,52.9,52.9,1.0,272,52.9,0.003663003663003663,0
1d53f05ca91642eb19cd75a96296c152,ccffe6a3f1dd5ebcbccf5de6c1b9e5c5,97650,itaqui,RS,1,2017-03-06 02:21:22,59.8,29.9,2.0,403,59.8,0.0024752475247524753,0
3c5671aa7639d2fb63452327a4664704,d702df73f485cb61f520d4a3e7116e13,14600,sao joaquim da barra,SP,1,2018-01-10 16:42:22,12.9,12.9,1.0,93,12.9,0.010638297872340425,0
299a4bad02ffd18f1bdf59f32617d8a9,5d29867262a9a3e7a02cac5ad5f77f0d,2036,sao paulo,SP,1,2018-03-04 13:40:57,53.9,53.9,1.0,40,53.9,0.024390243902439025,0
4324a4ed08aae12544d0dbcfdd6f9c4a,633aa358e90a435dc47a30af5a0a832d,83405,colombo,PR,1,2018-04-08 09:17:01,737.99,737.99,1.0,5,737.99,0.16666666666666666,0
6ab80065dfee8f902e6d0fdabb9bf565,c89868f911690c54cfbd51fd78ce4fd5,89212,joinville,SC,1,2017-05-16 13:19:09,47.99,47.99,1.0,332,47.99,0.003003003003003003,0
0fd9ea9bd342abe74db14762466e1b48,75991565ad3030e821e9f5da33af7d17,31365,belo horizonte,MG,1,2017-09-09 22:15:52,14.9,14.9,1.0,215,14.9,0.004629629629629629,0
81840cabffc6c79f0f88fdbac5853531,d4488cd2c52e84be85b9459b13a1682a,3923,sao paulo,SP,1,2017-11-16 17:21:21,270.0,270.0,1.0,148,270.0,0.006711409395973154,0
cd66c6ddcfc749e99c24294f5c10d76d,e48b3a859d9f9cd1ab8aa7fe4f5f5c36,20270,rio de janeiro,RJ,1,2017-11-22 21:55:47,18.9,18.9,1.0,141,18.9,0.007042253521126761,0
b4373843d1fd375a9b9a2da2ff39ebd0,ec14a996a9746204bb1b66906e12cf1c,31555,belo horizonte,MG,1,2017-04-25 14:06:47,69.9,69.9,1.0,353,69.9,0.002824858757062147,0
14da31c495d6657eeb56c66889f88282,6269a0e4ab26bb187fe72f7e9d359fad,25050,duque de caxias,RJ,1,2017-04-20 09:13:22,15.75,15.75,1.0,358,15.75,0.002785515320334262,0
ba47d58ee731ce8d729dc0fcccfb2739,de3db263f702dd8fbb39bad7ccab5d62,8275,sao paulo,SP,1,2017-12-31 00:57:27,195.9,195.9,1.0,103,195.9,0.009615384615384616,0
840b51ea15f639191473c482b40b76f2,89b1293abf0b7c0e272ba3bb7298ecb5,79010,campo grande,MS,1,2018-03-29 22:55:31,179.49,179.49,1.0,14,179.49,0.06666666666666667,0
5a6a4a2e451c08ff810096ed0abbcfcc,d203eec4add575cf411cebfef2fbd361,89070,blumenau,SC,1,2017-06-13 09:03:46,89.9,89.9,1.0,304,89.9,0.003278688524590164,0
a38a9ffb610562b589318c8b263e0d5b,0b301ba858fea6e878faa5da12b044c6,4273,sao paulo,SP,1,2017-07-19 10:17:34,359.6,89.9,4.0,268,359.6,0.0037174721189591076,0
5e86df719b4c7d4d72ffe697dd458e4c,d87a6a3e1a29f516104cd6ef10d1beda,88301,itajai,SC,1,2018-03-16 13:24:27,165.0,165.0,1.0,28,165.0,0.034482758620689655,0
64ba4b1cf394656f82a9dc6c051d8daf,4e09a8f99fac2f49d481059f32e912b3,8381,sao paulo,SP,1,2017-08-15 12:42:34,125.98,62.99,2.0,241,125.98,0.004132231404958678,0
622cba8ef27cf7ad70c0952eebb569c2,e2d282bbfcdcb3a3155df17479549127,4117,sao paulo,SP,1,2018-03-11 21:31:45,14.58,14.58,1.0,33,14.58,0.029411764705882353,0
403ac22a4f570846d684cdc9e0d47eb0,ff892cc741cb946aa3d909c57d905b88,97110,santa maria,RS,1,2018-01-14 18:58:26,54.9,54.9,1.0,89,54.9,0.011111111111111112,0
7700917fd68e46178da25cb3bde42684,abb42bab34d060768f330241170ad42b,28920,cabo frio,RJ,1,2017-10-15 17:36:02,95.03,95.03,1.0,180,95.03,0.0055248618784530384,0
26719a8eff2571760f7ea1a3640d9859,3abe07850c97df0f798eee99af821191,85906,toledo,PR,1,2018-03-20 20:48:34,104.49,104.49,1.0,24,104.49,0.04,0
4faf7bb3041b910f0a590121c4480f8c,38fee9579a15b3d4a515fea84e229db1,86020,londrina,PR,1,2017-09-29 09:07:44,45.6,45.6,1.0,196,45.6,0.005076142131979695,0
514dd9fb6e10790e3e4ff173318d67e3,76d2ae8445e64a5e57e2cec9cf1d0ac5,59300,caico,RN,1,2017-04-24 20:06:41,42.99,42.99,1.0,354,42.99,0.0028169014084507044,0
429af1faa9c02097973cbcc46dcb148f,e3535a0059a01d1364e590fcf9fadb1b,57081,maceio,AL,1,2018-02-19 13:27:53,149.9,149.9,1.0,53,149.9,0.018518518518518517,0
bcd1cf06eec92b0c218d121f562de5df,f491087d01a37428ba96de3897bf6814,88820,icara,SC,1,2017-07-30 17:18:58,59.9,59.9,1.0,257,59.9,0.003875968992248062,0
999788208f06927b5253b8251117bc44,07858df819003ebae4ceb6c1e46dbd0b,22790,rio de janeiro,RJ,1,2018-02-08 17:24:08,38.99,38.99,1.0,64,38.99,0.015384615384615385,0
6f33ceeabaecf0654caa006b511a62dc,baacaa93b9c06e0172b5fba5199c9539,2137,sao paulo,SP,1,2017-03-28 21:56:39,129.9,129.9,1.0,380,129.9,0.0026246719160104987,0
b2e7d5661a4268a50ae70d5c044c5ff7,e2ffdd3893fa3ae4e5f09d4cbf231fb2,29216,guarapari,ES,1,2018-02-25 09:24:05,47.9,47.9,1.0,47,47.9,0.020833333333333332,0
007b7f04a35e02745c23ea706492ca20,46dd28b3f7e33b789acf42d3093b7773,35950,alvinopolis,MG,1,2017-01-21 18:37:21,59.9,59.9,1.0,447,59.9,0.002232142857142857,0
05535d34af5324aaf6988e1d890a0d6e,6927dac0fa9c5c972d388e6a77ce7d93,1316,sao paulo,SP,1,2017-10-05 05:23:47,60.0,60.0,1.0,190,60.0,0.005235602094240838,0
b1994c703cd18638b76dc9997a5c30f3,2706381a92441555f6055998fef0b71d,85301,laranjeiras do sul,PR,1,2017-07-07 14:35:52,14.9,14.9,1.0,280,14.9,0.0035587188612099642,0
ff93b4413884cd9b2d851e9133d8c1ab,e9b87dccd9c326a3325385087eb0150c,92500,guaiba,RS,1,2017-05-24 19:20:02,19.99,19.99,1.0,324,19.99,0.003076923076923077,0
f6d3809fa11cfb64661d3e2a5ae87dea,5e8f38a9a1c023f3db718edcf926a2db,44053,feira de santana,BA,1,2017-09-13 16:12:04,399.0,399.0,1.0,212,399.0,0.004694835680751174,0
bc418db9d598dfdd2b30fdd33bf541d0,a2284b353c301135e29370ee886454be,24230,niteroi,RJ,1,2017-06-04 01:12:31,34.9,34.9,1.0,313,34.9,0.0031847133757961785,0
a07376bae88bd48df71a590d7191739c,ccbf23953fdda487709f41c2ac5c4f00,6253,osasco,SP,1,2018-01-23 12:35:21,168.8,168.8,1.0,80,168.8,0.012345679012345678,0
8a6d9c909753f171131d459c4d86776d,4b745e3500d14a175ba05f0dd9138609,36844,tombos,MG,1,2018-03-22 20:40:12,135.0,135.0,1.0,22,135.0,0.043478260869565216,0
9f582ffae8aecd135ae3d11fcd508c26,8f5b4752e0617bf3519541bb992a92f1,36070,juiz de fora,MG,1,2017-09-20 18:46:25,64.99,64.99,1.0,205,64.99,0.0048543689320388345,0
284b5f3a0e56cef507a1747582056bbf,48241d7effad8ab734a5935f51b606dc,5086,sao paulo,SP,1,2018-01-17 22:27:45,52.0,52.0,1.0,85,52.0,0.011627906976744186,0
4da7cb25c4e56c5cd9bb52e32159cf18,232007f7d8c26eb8d7daaacb46501783,91340,porto alegre,RS,1,2018-01-05 23:45:23,99.9,49.95,2.0,97,99.9,0.01020408163265306,0
e7e7963971d6cf0b45ddb9c6fbe9fdc9,746e4774a86c5792b8b010d816e26efe,95700,bento goncalves,RS,1,2018-03-27 15:59:27,380.0,380.0,1.0,17,380.0,0.05555555555555555,0
0281f03348b06722b7e0f92455daafd4,926c047356935ed05cb3fbee9ebcac0b,88330,balneario camboriu,SC,1,2017-04-20 13:01:53,244.5,81.5,3.0,358,244.5,0.002785515320334262,0
fd8829011be77456f79d753bc9723257,27517ed34c0406fe07b3a806e33cbc10,24416,sao goncalo,RJ,1,2017-10-02 19:14:28,105.9,105.9,1.0,193,105.9,0.005154639175257732,0
f85878687f6da02b2111c606896deee5,2bb15f2a0de3e5240c38a74ada3f1ac1,93700,campo bom,RS,1,2018-01-01 20:40:57,129.9,129.9,1.0,102,129.9,0.009708737864077669,0
bf3a896f3dd013f63ca58bb72b813fc5,7526f21265203925c117f87d654ff1fc,12955,bom jesus dos perdoes,SP,1,2018-02-20 19:08:46,0.0,0.0,0.0,52,0.0,0.018867924528301886,0
a2f3de2a0a84803cef018776a2e76c9b,89ed72fbc1310e515b1e8cea6b590782,6075,osasco,SP,1,2017-12-23 22:25:00,0.0,0.0,0.0,110,0.0,0.009009009009009009,0
ae8db3ad1465ebe372f722f5d3dd5739,d6f2fb3970b1a584b2f88ed42edbfdb0,3156,sao paulo,SP,1,2017-10-25 14:35:46,49.0,49.0,1.0,170,49.0,0.005847953216374269,0
cffc1605fbd8f27a7b74170511a65263,590fd9db964b0038f6e400ec17dd3930,22080,rio de janeiro,RJ,1,2018-02-04 21:40:55,24.99,24.99,1.0,67,24.99,0.014705882352941176,0
e1e4a4ce47ab717fed8adc191b1de674,9040ddc851c413503667ec98f02a7572,22430,rio de janeiro,RJ,1,2018-01-16 18:37:26,69.9,69.9,1.0,87,69.9,0.011363636363636364,0
018184ac5f52a821bb00f3ef21d75799,54fc4ff419d5e05db5fe42906bc3da98,63430,ico,CE,1,2017-04-15 17:31:55,29.9,29.9,1.0,363,29.9,0.0027472527472527475,0
468fbf63b1c04a842cbe9d2a8e6c16d2,bfac60480d72a5918a84c48890cad2b6,6656,itapevi,SP,1,2018-03-11 22:23:57,47.59,47.59,1.0,32,47.59,0.030303030303030304,0
a662286fb279d4641c7b8ca455a4f692,e2968da3d6f6f76939f6b52802ee5d2f,37810,guaranesia,MG,1,2018-02-06 16:33:24,53.99,53.99,1.0,66,53.99,0.014925373134328358,0
eb9ecb224ea727eff79b0c19b063da3b,1981be1865f6a58a850b16e4462ce38b,20770,rio de janeiro,RJ,1,2017-11-27 11:49:59,99.0,99.0,1.0,137,99.0,0.007246376811594203,0
f0e0e47278af8692f9b7f9f9a30d391b,6a26d5fa9dcccb658279cba67bf50c1f,3170,sao paulo,SP,1,2017-06-07 07:36:03,299.9,299.9,1.0,310,299.9,0.003215434083601286,0
f71aed45047f9c67240fe76a11fe3343,7b6aa0021203518774645a9def269ef3,4710,sao paulo,SP,1,2017-09-11 12:52:19,89.9,89.9,1.0,214,89.9,0.004651162790697674,0
4608ffc5f70a8c67bf129d6770948fb3,5c585e7a98e329454ba75d494a0019be,18706,avare,SP,1,2017-10-23 17:11:15,64.99,64.99,1.0,172,64.99,0.005780346820809248,0
cfd94b7371d772037e785dc4dc6d0b41,75544ab36d8d3de3bf722d17569daab9,76195,cezarina,GO,1,2018-04-01 19:17:43,13.49,13.49,1.0,12,13.49,0.07692307692307693,0
89479f50ebac0687b3d8d0ac9f1193b1,3136561f1d9af758ada21e74d3a35e81,7033,guarulhos,SP,1,2017-10-18 23:24:58,48.89,24.445,2.0,176,48.89,0.005649717514124294,0
e615ca09613c8f72bf3a0bd5e2d349fb,1d15f7e108877a5588200e84345a9a68,39740,guanhaes,MG,1,2017-08-10 19:47:29,59.99,59.99,1.0,246,59.99,0.004048582995951417,0
0a4c9f486aaecf0f40738a4306c1d552,517a35f625b57d7c8533adfefb2d1b98,18270,tatui,SP,1,2018-04-11 08:54:56,499.99,499.99,1.0,2,499.99,0.3333333333333333,0
f521a7efe39c29935169acd2d1074f76,47e7ed66ea0473c633633d75c8aa07d4,17350,igaracu do tiete,SP,1,2017-08-02 16:03:22,12.5,12.5,1.0,254,12.5,0.00392156862745098,0
fe7217b7ff946d143c80fd4852c32836,49bf911a5666e781425b4fe91495454d,51020,recife,PE,1,2017-12-04 13:15:11,40.0,40.0,1.0,130,40.0,0.007633587786259542,0
11f20336bf8c6e71de9a6bd7171bd491,83e3a28d162486ffd4e99bec3a57f491,4551,sao paulo,SP,1,2018-03-31 19:17:03,572.9,572.9,1.0,13,572.9,0.07142857142857142,0
cc5eb0cc159057a89bf808454eab21ca,88e7bfd576fd00983d375746cdcac123,9851,sao bernardo do campo,SP,1,2018-01-29 09:34:13,136.3,136.3,1.0,74,136.3,0.013333333333333334,0
549025fad34a0caabe89d632f0a20a88,f6b425b2f38f6842c559fa89c27c2621,12270,jambeiro,SP,1,2017-05-02 18:55:30,32.29,32.29,1.0,346,32.29,0.002881844380403458,0
22360d91bbd2e1673d0f44a9633b2f7d,197884ee7c9574b7d8c907d911035aa4,8588,itaquaquecetuba,SP,1,2018-01-16 17:03:48,24.9,24.9,1.0,87,24.9,0.011363636363636364,0
6248396b64eb57dc8522ecd345312daa,b66f4f9f89df0b0973bb1057073887a0,13031,campinas,SP,1,2017-11-23 14:31:36,199.99,199.99,1.0,141,199.99,0.007042253521126761,0
8e2c656d2fe9f0d003a5507c15fe39ae,cd757d2a56f899b388d0192ae19abb04,20510,rio de janeiro,RJ,1,2018-02-02 19:29:48,112.0,112.0,1.0,70,112.0,0.014084507042253521,0
03e0ca8ff692a46af071866422dded4c,4cfea1c0d66ed41b769d78040e59fa73,36512,tocantins,MG,1,2017-12-01 10:47:44,21.8,21.8,1.0,133,21.8,0.007462686567164179,0
cde31cc8cecb7f5bd25314f2a836b3d2,d7b2a9479a7f1c9697aa2c4e12ba5305,18500,laranjal paulista,SP,1,2017-08-14 20:51:23,104.99,104.99,1.0,242,104.99,0.00411522633744856,0
444c429371782af5829148720a40e538,b3f2ccc18187c0063bc13613a231367e,88735,gravatal,SC,1,2018-04-12 10:47:58,45.0,45.0,1.0,1,45.0,0.5,0
f05935d3c717a26361221ca371ed65ee,6b6c763cc4d02614d74b0c372127fe13,13502,rio claro,SP,1,2017-05-18 14:38:08,79.0,79.0,1.0,330,79.0,0.0030211480362537764,0
b884055664707073d218e5faa9c10f8f,15d9bdf301a6b7bad7c9feda901d0de3,41340,salvador,BA,1,2017-05-09 23:19:29,59.99,59.99,1.0,338,59.99,0.0029498525073746312,0
af3dfc75878f9fd131f5cc38ac036be4,2b5bc12c645e442464facd982722ef18,4026,sao paulo,SP,1,2017-08-23 09:13:07,40.0,40.0,1.0,233,40.0,0.004273504273504274,0
fac5d37372ed33c445aaee31a0be462f,0e38c77c4ec12e3a37ff3a1331cf54e8,66610,belem,PA,1,2018-02-03 08:45:45,245.98,122.99,2.0,69,245.98,0.014285714285714285,0
6f9a964fa04ebecf999971e89b370a1e,018974568b0b5a8c395465dee270c3a9,6700,cotia,SP,1,2017-07-25 22:14:11,34.99,34.99,1.0,261,34.99,0.003816793893129771,0
c83917f687bafbad026f914da0515ada,ab25c1568a094fe01e134163bb8ca12e,65058,sao luis,MA,1,2018-04-03 10:56:17,52.9,52.9,1.0,10,52.9,0.09090909090909091,0
54d0cdd30e650c9f5abdb8ee917dca6b,5254cf3932add60ef66f9730b2315cc9,17540,ocaucu,SP,1,2017-05-09 00:18:57,76.0,76.0,1.0,339,76.0,0.0029411764705882353,0
511ccb3aafea18b48241f081b07dbba3,eaa604ab9f816252edb7a8d297f932e5,35051,governador valadares,MG,1,2017-11-07 21:46:04,689.0,689.0,1.0,156,689.0,0.006369426751592357,0
1c5a18f7ecfa0ac0afbf4560a89f7dd9,5d7f220dd3cd7c3cf75aac537076c60a,22050,rio de janeiro,RJ,1,2017-11-06 23:09:55,72.9,72.9,1.0,157,72.9,0.006329113924050633,0
595ac4d9648f78c1f8e00308962ad569,dd4473e95ebb4d23ba1058edb301df95,89256,jaragua do sul,SC,1,2018-01-17 16:46:29,30.0,30.0,1.0,86,30.0,0.011494252873563218,0
2d06aa2dfce404eda03c5950c4a35960,906ffaf7ad6f2fc1f6016c3214537cc8,28943,sao pedro da aldeia,RJ,1,2017-09-30 11:35:01,49.99,49.99,1.0,195,49.99,0.00510204081632653,0
31bc2ab4be7965c0d6c9c1852ad9875a,3415bd0630b0fae4e0a1b3c86d99dda3,3165,sao paulo,SP,1,2018-04-06 14:59:25,69.9,69.9,1.0,7,69.9,0.125,0
7ededb8426467b84329d3114a37d81a3,2017df0974589166352f8380c4f277fa,36976,alto jequitiba,MG,1,2017-09-07 16:06:29,59.9,59.9,1.0,218,59.9,0.0045662100456621,0
b0e2c3d5cc9ecbf6a89693a15231ac7e,0af334fc660bfc9c75109752cc8271d7,20740,rio de janeiro,RJ,1,2017-04-16 06:31:07,159.0,159.0,1.0,362,159.0,0.0027548209366391185,0
8cefff339e8656166d7bc46b696a986b,1548904cfcbde03641a678aa857790e5,60175,fortaleza,CE,1,2018-04-04 11:25:43,39.9,39.9,1.0,9,39.9,0.1,0
264ccafa6c46b43174bce09f9f63228f,dce2ed744c77bee28e2a2491c49baa59,30350,belo horizonte,MG,1,2018-02-15 15:33:13,39.9,39.9,1.0,57,39.9,0.017241379310344827,0
df3b3047bc5c1a8f41b128b649d37d83,6a09b8412b1e72b3486c67bc14ac42a2,37220,bom sucesso,MG,1,2017-11-01 10:59:19,146.99,146.99,1.0,163,146.99,0.006097560975609756,0
ee1fb534e64d33fcb16a1023dc721a24,1bd9a5bbb6bd58aff597ffaab9d16cb5,86702,arapongas,PR,1,2018-01-12 21:59:20,79.0,79.0,1.0,90,79.0,0.01098901098901099,0
09dc6ab8331acc30ed0e578301d5fd12,ccbec3985151a35698bfb8df303f4064,32145,contagem,MG,1,2017-09-27 21:41:08,143.8,143.8,1.0,197,143.8,0.005050505050505051,0
9d408eba773d0ed51cf8e3c398bbd72f,fdcde7a3ed882d4c2a1b9ea30f6f15a5,2803,sao paulo,SP,1,2017-08-15 18:51:26,200.0,200.0,1.0,241,200.0,0.004132231404958678,0
11f1b2f86c6a83e7fc3ffb49465f5d25,92ff80bc00e9cd62ac7f295b115bc25f,13321,salto,SP,1,2018-03-12 16:38:27,29.99,29.99,1.0,32,29.99,0.030303030303030304,0
04a4616473f68f368a666ddddfcc9e59,fae01dd260f77f932cc70e8df4ea4a93,13418,piracicaba,SP,1,2018-01-23 11:54:32,89.18,89.18,1.0,80,89.18,0.012345679012345678,0
8fb44e903c53eaad9c5379733823063d,a82d9e16794b2921f600796767322a9f,36510,rodeiro,MG,1,2017-05-17 14:07:47,155.5,155.5,1.0,331,155.5,0.0030120481927710845,0
7475f775af7286fdb7c6802eade228bf,7cc947985b74a0c1ea03e914b2aa3ceb,88502,lages,SC,1,2017-08-20 12:10:57,20.99,20.99,1.0,236,20.99,0.004219409282700422,0
21e3335e3f6a66b540ade23f25b6bb41,dbd74164682e2397d489169439362184,2054,sao paulo,SP,1,2017-07-22 00:37:21,30.0,30.0,1.0,265,30.0,0.0037593984962406013,0
4c98afa4ca10e1d85ddf126c0c19834b,c95f90d982a990f7db59285b6d97fb2a,75180,silvania,GO,1,2017-05-09 22:33:27,281.9,281.9,1.0,338,281.9,0.0029498525073746312,0
8e2e23cac1496c337274b16fb7d57886,4509c8f5e9f3c62a7fe74eca06996bad,90470,porto alegre,RS,1,2017-10-24 14:23:58,350.0,175.0,2.0,171,350.0,0.005813953488372093,0
89fcf5e5b0b9a32db1cadbcc8c3eec9a,2b6ce149982204423f4efac29701255a,31840,belo horizonte,MG,1,2017-09-11 17:47:24,519.0,519.0,1.0,214,519.0,0.004651162790697674,0
9cc241dd34d97a4c8a2d0b63b3ec8105,c9dccb3d7d5cc1f0452ad76e15533554,13212,jundiai,SP,1,2017-06-29 13:01:41,89.9,89.9,1.0,288,89.9,0.0034602076124567475,0
17523021fe9a32dce622cb883869fa4d,c931bb3ad6ae15130b8553d01de249b1,92310,canoas,RS,1,2018-01-17 21:15:38,99.9,99.9,1.0,86,99.9,0.011494252873563218,0
9f0d658ef3d6f96143d992b4496304e5,e30301a795004ac814b1ef8be6d5cb51,4311,sao paulo,SP,1,2017-12-16 09:40:04,99.99,99.99,1.0,118,99.99,0.008403361344537815,0
20d45783cfee5d4d288de20095fe7f9e,718d5855edf637b8e2f213db87dab93d,70670,brasilia,DF,1,2017-05-24 23:38:49,31.9,31.9,1.0,323,31.9,0.0030864197530864196,0
1921bb5b1168e57bec4df798ff60f33d,c53a78847d25387ea84282a2526330ab,29056,vitoria,ES,1,2018-01-23 10:43:23,450.0,450.0,1.0,80,450.0,0.012345679012345678,0
991fd5f3b0cf6ed94c38f9f3c28b1a80,ea39c54d85f229c73ad987765db0892e,91410,porto alegre,RS,1,2017-08-10 15:30:50,79.9,79.9,1.0,246,79.9,0.004048582995951417,0
430b71cd7a955a7232bea5a2911b8271,1a716867d4991435608b0c3296384801,68927,santana,AP,1,2018-01-20 22:25:35,127.0,63.5,2.0,82,127.0,0.012048192771084338,0
a36a736c8e0286e11a01c4dc3f35dbc7,8489eb4021645bb65c1331f4be2e61b5,96211,rio grande,RS,1,2017-05-09 23:22:43,449.9,449.9,1.0,338,449.9,0.0029498525073746312,0
e9c53bc9bc8e4fa86eec3cc712c42c51,d71d0fe851b1cd5eca9e31efc0783864,83607,campo largo,PR,1,2018-03-08 16:24:48,39.9,39.9,1.0,36,39.9,0.02702702702702703,0
83921c0d0f7fbb56e05892c41d5a2445,e1cf735f320c9870c2046dbbc634fcec,19804,assis,SP,1,2017-02-23 16:55:51,39.99,39.99,1.0,414,39.99,0.0024096385542168677,0
ef22056dc8495090cdc55992aa9ef1a5,c1ce726cce4f19c4aef436e4b78d319d,62550,morrinhos,CE,1,2018-03-07 21:02:00,49.9,49.9,1.0,37,49.9,0.02631578947368421,0
036de6bf856003f529c1fcd01ad2a357,44bf1e643e90656062d2f0bc5ec2e7a5,74960,aparecida de goiania,GO,1,2017-11-09 14:56:12,28.9,28.9,1.0,155,28.9,0.00641025641025641,0
a20526ca1aa3ca00b2292925398750b4,d53e608934f3bd2779c5c2471849798d,37704,pocos de caldas,MG,1,2017-02-25 20:55:27,19.99,19.99,1.0,412,19.99,0.002421307506053269,0
4126088d17550e0903988d5f07b65e9f,64897b2917925a7254a49c92950aaf22,86047,londrina,PR,1,2018-04-01 11:08:04,18.75,18.75,1.0,12,18.75,0.07692307692307693,0
3669479a4da285481951d1365f3f2817,762e90ef2e6c5f24a15d500fb96bd3ce,15880,tabapua,SP,1,2017-12-30 11:12:56,57.49,57.49,1.0,104,57.49,0.009523809523809525,0
6df80b1b894bb87f1ec7ce6534db6152,26eaae8c1a6bf6dde7ec03d919b31ffd,68633,dom eliseu,PA,1,2017-09-09 04:42:26,15.0,15.0,1.0,216,15.0,0.004608294930875576,0
e7ba4647b3f1a9a08dcf8205ce6ad1f1,7bada66424f46ce9a766b94974849e09,25963,teresopolis,RJ,1,2017-10-09 15:35:13,195.9,195.9,1.0,186,195.9,0.0053475935828877,0
4dda11a4f999ace6297045128bd68a66,453bd4915f2dad2de327f598199c8425,19470,presidente epitacio,SP,1,2018-01-02 17:04:40,99.99,99.99,1.0,101,99.99,0.00980392156862745,0
01ee3674cbbee7421ea03a3549f0c74d,6b7d9529319d329dfa074692573fb187,58040,joao pessoa,PB,1,2017-05-07 16:18:17,239.98,119.99,2.0,341,239.98,0.0029239766081871343,0
279bc74323fbd113f3ead45b2887faf6,7c99078d5cdf95a752ef55affe4d7af1,22250,rio de janeiro,RJ,1,2017-06-02 22:57:03,246.9,246.9,1.0,314,246.9,0.0031746031746031746,0
4a0063aa59c49a0b2d52b93f87b3d358,facac929f754f0e031a177cc7901fd46,58025,joao pessoa,PB,1,2017-12-15 12:07:17,159.9,159.9,1.0,119,159.9,0.008333333333333333,0
023cf83ac35d703a6f3c1b31bcf844d5,5a494c648fde2d1ec4eb614274ea7159,44900,irece,BA,1,2018-03-08 19:06:08,840.0,140.0,6.0,36,840.0,0.02702702702702703,0
3c0e79dd7a2fb999607a27161a484efb,0ebafc630782e0a970a68e9fa8d74995,37200,lavras,MG,1,2018-02-20 15:29:45,325.0,325.0,1.0,52,325.0,0.018867924528301886,0
54ece387a84149502ff004cc7ea25f60,5b4b5220f4e3dc7de8aa8bc3559268ca,1423,sao paulo,SP,1,2018-03-05 06:37:22,64.9,64.9,1.0,39,64.9,0.025,0
5bea6d07f718b9f709d04810c560ffb6,502957d47617693ec553c3b645f1dcab,6026,osasco,SP,1,2018-02-05 10:44:12,59.9,59.9,1.0,67,59.9,0.014705882352941176,0
e27a055c1d7eeca7052d113324a4be62,9199cbeb3d0dcd3395aaa8344bd2c65c,6463,barueri,SP,1,2017-05-22 19:11:49,260.0,260.0,1.0,326,260.0,0.0030581039755351682,0
e38db46321e8a8652cba6569860e5902,0c10bf136ae164f2b69624482f95f6fd,14580,guara,SP,1,2018-03-24 21:26:30,139.0,139.0,1.0,20,139.0,0.047619047619047616,0
400454b87af26cd25c67f15a9e9657cd,f1d39be267a33e57881986d6a2a42911,11310,sao vicente,SP,1,2017-11-03 15:10:40,89.9,89.9,1.0,161,89.9,0.006172839506172839,0
8ef74d7f7464fef1901ef5333791ba23,6ce600e7df782410b29d2d7c4ff77865,32340,contagem,MG,1,2018-04-02 13:00:31,110.0,110.0,1.0,11,110.0,0.08333333333333333,0
e108cd9fef87ab8a6d33ff941da84e27,702cb5bfb50fc8056bd2d615b3e2f014,86410,ribeirao claro,PR,1,2017-10-15 23:33:59,45.9,45.9,1.0,179,45.9,0.005555555555555556,0
625686f10cec48c80b355bdcd4b94dd8,308821e781e809311898edd3769315d0,5271,sao paulo,SP,1,2017-08-11 18:32:57,59.9,59.9,1.0,245,59.9,0.0040650406504065045,0
42e4ba168ec81ad850d53a5cfd176cf2,987d5b010e191df912565bf4380c4000,5419,sao paulo,SP,1,2018-03-07 10:35:14,41.5,41.5,1.0,37,41.5,0.02631578947368421,0
d7ee3bfb60f039d94e21001ab6a9a7af,3c7a1b8817ce0f7814a53f3fc779bc19,9080,santo andre,SP,1,2018-03-26 07:29:31,98.94,16.49,6.0,18,98.94,0.05263157894736842,0
868f46be4f522fb8d0d2470d4196d86c,549c782a361e86a416bbae2762dfec78,23906,angra dos reis,RJ,1,2018-03-08 18:05:23,39.9,39.9,1.0,36,39.9,0.02702702702702703,0
df7b73935d01c5ae82743d422fd02fd9,787870a8d022009385fc9fbcbcc3a64e,84630,paula freitas,PR,1,2018-01-05 08:26:03,474.9,237.45,2.0,98,474.9,0.010101010101010102,0
9a516f56e5f6f198350066cc99339bb0,7249a976b68003a30adc1203a467cf6c,57060,maceio,AL,1,2018-01-11 12:20:07,69.9,69.9,1.0,92,69.9,0.010752688172043012,0
3aa168bfad024da059211a55f98f4508,45a821758a1de5040b127ce1e7523f1f,70800,brasilia,DF,1,2018-02-21 15:59:28,99.9,99.9,1.0,51,99.9,0.019230769230769232,0
ca1a7da184d06f128df4600dd61381e0,78e618675fdc15e0296f197a22ee30dd,25955,teresopolis,RJ,1,2017-05-01 15:51:51,89.9,89.9,1.0,347,89.9,0.0028735632183908046,0
36296254382f4dba3677937dcb5285f5,23aa908cf09e5a2f1c68dfd16af043ea,30642,belo horizonte,MG,1,2018-04-02 22:13:18,29.9,29.9,1.0,10,29.9,0.09090909090909091,0
f56ff455dcbb84c71aacf57d552a4f3b,1b2876baeca3fd46ddea519bd846ac1e,36881,muriae,MG,1,2017-06-18 07:26:55,179.8,89.9,2.0,299,179.8,0.0033333333333333335,0
231ab7a5eba5d3bb4cd2219ed9c25515,afa013e2707c8ee6f2908cbec286d6e2,13025,campinas,SP,1,2017-03-27 08:52:56,64.99,64.99,1.0,382,64.99,0.0026109660574412533,0
f1a1772548b4c5024ef6bfad4a24d351,ec104c0a37a54132599d191354a9ea93,35400,ouro preto,MG,1,2018-03-04 21:56:16,398.0,398.0,1.0,39,398.0,0.025,0
2ff9559e01499d89efb1d99b938faf7c,ec750259d6f61faad9361c3f0bcc074f,93048,sao leopoldo,RS,1,2018-03-01 19:18:28,89.99,89.99,1.0,43,89.99,0.022727272727272728,0
bc1001ca98d679d8bf6e2a9e1b519fe9,32f437e3704607f63d51048706ca8ef8,18710,arandu,SP,1,2017-11-21 18:33:24,59.9,59.9,1.0,143,59.9,0.006944444444444444,0
be28c5ef762b3f4d0ec8280a1d6d0eb7,427c1afb29a173e377616eb612718d6d,18745,coronel macedo,SP,1,2017-12-19 19:50:18,69.0,69.0,1.0,115,69.0,0.008620689655172414,0
519579a0b1843161c9ac5cac2376caec,37130c6869ec1d517e07637dff2e90e3,21745,rio de janeiro,RJ,1,2017-12-04 09:47:00,145.0,145.0,1.0,130,145.0,0.007633587786259542,0
7942ca8baa666af529e54d8cf200d57b,9627e55290c60f562fa06f399ec6b82f,30130,belo horizonte,MG,1,2018-03-15 12:40:16,105.0,35.0,3.0,29,105.0,0.03333333333333333,0
b22929060c67ae572e2e82d531af2fc4,406369948f16d70aaebad59a87541dba,88750,braco do norte,SC,1,2017-11-25 21:45:35,189.9,189.9,1.0,138,189.9,0.007194244604316547,0
3ebc5d459b851a4de9c3f46efd5ee469,811f3972b63543f24edd97252e12f6e3,4961,sao paulo,SP,1,2017-09-10 21:12:43,71.9,71.9,1.0,215,71.9,0.004629629629629629,0
a34deff3fac2f07c8a085e4d832034be,c90610b4cd15ff318841445c558c41fb,72235,brasilia,DF,1,2017-05-19 10:02:05,74.4,24.8,3.0,329,74.4,0.0030303030303030303,0
552215a43eb8963b5ea631bde3e63bc5,dbc6ce0dfea576d88ea65af28d09b69e,56460,petrolandia,PE,1,2018-01-02 10:32:22,65.0,65.0,1.0,101,65.0,0.00980392156862745,0
a6472fafe286c66c40540fa2b3217657,8dff9b4552dd014ec5d661e447fbfc4f,88303,itajai,SC,1,2018-02-27 18:26:39,31.9,31.9,1.0,45,31.9,0.021739130434782608,0
49c6a9bd8786031fa02ef67014dd2bc1,192cebe1ce37dd56b81350bf2d371dbc,4102,sao paulo,SP,1,2018-04-07 00:49:37,164.0,164.0,1.0,6,164.0,0.14285714285714285,0
039e022bbbf82354bd7ea61f3d2d8339,48234b2beb62ad60e2aa0c27a7cdf267,36881,muriae,MG,1,2017-06-23 13:10:13,149.9,149.9,1.0,294,149.9,0.003389830508474576,0
239e040dfb9ecf20be36947bbea5fa0f,2fc1f00a492a9ebbbbadc1b5e3a540e5,9175,santo andre,SP,1,2018-02-28 21:28:33,204.0,204.0,1.0,44,204.0,0.022222222222222223,0
0107ed88ec010416e20cacf67d2c905c,84720447172b234e7504da52ee639435,81050,curitiba,PR,1,2017-05-08 13:05:01,99.0,99.0,1.0,340,99.0,0.002932551319648094,0
01208d73b8f2d0e10347aae1242a12fa,ad5db7237bf82b05272008e7ff2ce225,70355,brasilia,DF,1,2017-06-09 23:23:45,49.0,49.0,1.0,307,49.0,0.003246753246753247,0
662906073a9bafaa8a9c671c1112857a,8216ababae1f2b5d8aa1f6685e6e3d12,4296,sao paulo,SP,1,2017-12-24 13:25:02,25.9,25.9,1.0,110,25.9,0.009009009009009009,0
dbdbb27ba991f2961a775386820753c5,e71171eeade6817934b029b90aa075a1,33016,santa luzia,MG,1,2017-03-23 16:28:26,27.8,13.9,2.0,386,27.8,0.002583979328165375,0
734ff2ae35bcb0f1318371166b54903d,baf05603499552540247c8789f6c3705,12630,cachoeira paulista,SP,1,2017-06-24 16:37:47,119.99,119.99,1.0,293,119.99,0.003401360544217687,0
4dbecd3de51e8626f26c0210b5258327,961173ac0d5857ae5bf61f00543b8847,6396,carapicuiba,SP,1,2017-12-17 16:04:26,122.99,122.99,1.0,117,122.99,0.00847457627118644,0
3b01c1a86716aef93f40e4136bc1866e,9b8ce55666bd674d92cf355e39c88d35,28685,japuiba,RJ,1,2018-02-05 18:40:32,120.0,120.0,1.0,67,120.0,0.014705882352941176,0
b95975b682b09a1890557a1ab4021873,67031f3c7bc5f28dd7b6344294b4ffec,65895,loreto,MA,1,2017-10-05 19:12:29,1599.99,1599.99,1.0,190,1599.99,0.005235602094240838,0
c3ad6ed760937161a511dce97b58feb6,663e8183eb7e051241a05f44dceaa436,22470,rio de janeiro,RJ,1,2018-01-13 16:37:53,39.9,39.9,1.0,90,39.9,0.01098901098901099,0
f3bd6b976e5545bb49c4b004c37c21ff,7a43409c4c6353f9e034bb5f4881e1c2,3734,sao paulo,SP,1,2017-11-08 15:38:42,159.9,159.9,1.0,156,159.9,0.006369426751592357,0
d976b7f96ffd6afe91ee9f725d70ed19,91fd427ee713f3b06b0dc7472ed8ff28,29163,serra,ES,1,2018-02-14 11:26:08,194.0,194.0,1.0,58,194.0,0.01694915254237288,0
95d6c004d9e124fbca0876e72ca0b411,c1bec3c0919c109808bc3dabba4ebda6,91712,porto alegre,RS,1,2018-02-26 19:05:37,39.97,39.97,1.0,46,39.97,0.02127659574468085,0
6995a9f0b24e058dc141caeac9320539,784f6e74c5ab69df17669d2aa30ebac4,9811,sao bernardo do campo,SP,1,2018-04-11 17:54:26,12.0,12.0,1.0,2,12.0,0.3333333333333333,0
a935ffdd253b64c93207ca2419e6f95f,d590ddf189371b577fc2f8d1d57dd3c0,24756,sao goncalo,RJ,1,2017-05-06 20:57:08,28.7,28.7,1.0,342,28.7,0.0029154518950437317,0
77e42141a294db586871c03ce0d9591c,00bc6cf36e50f21a8478d86721c07aa5,2545,sao paulo,SP,1,2018-03-11 16:52:50,49.9,49.9,1.0,33,49.9,0.029411764705882353,0
c87ff79f95188fd3ca370993eaf04d7e,51869783d1306df1fbf37a111670cc65,86200,ibipora,PR,1,2017-08-21 12:52:36,19.9,19.9,1.0,235,19.9,0.00423728813559322,0
630f092bb4d1938a8134f50c4bf784da,76b101afb403899789408bdc8c2ca8c5,36884,muriae,MG,1,2017-11-24 20:16:44,325.0,325.0,1.0,140,325.0,0.0070921985815602835,0
054b63b8606d2faa194328b09033b53c,4cf14a4b90f8beb4167c98055cfb2d50,37600,cambui,MG,1,2018-02-04 20:53:03,85.0,85.0,1.0,68,85.0,0.014492753623188406,0
9576cf68fcb03b4112bbc35d5b9146e5,3c4a20bfbd3b0d721609faf62b4369b7,52111,recife,PE,1,2018-01-25 21:47:54,124.99,124.99,1.0,77,124.99,0.01282051282051282,0
16b4fe84e11d113214ba5bfc967bf782,3171b4d88a6e5197365277f56c7a9e7c,60192,fortaleza,CE,1,2017-12-16 23:06:17,29.99,29.99,1.0,117,29.99,0.00847457627118644,0
14f48ad16762cbf2cd2fbd4d0e8c9ffc,10b442e762ba8a5ad22de5ba2207e5f1,3613,sao paulo,SP,1,2018-04-02 21:47:07,49.8,24.9,2.0,10,49.8,0.09090909090909091,0
15ef8fd01187d42b5f57af41ef5a1fe5,1f2c5059dad2c277b3b338163b49ca73,17360,torrinha,SP,1,2018-02-17 01:24:58,108.0,108.0,1.0,55,108.0,0.017857142857142856,0
72b55045ba227f2f40221ee830993778,13e6b0e350ed161c70ce5447dfa173a5,37470,sao lourenco,MG,1,2017-11-09 00:26:50,149.9,149.9,1.0,155,149.9,0.00641025641025641,0
5bf5aa95feae7e68aa9712ec50abd94d,be97b16a44684f3dd9cc8dc6c04b3fc7,8970,salesopolis,SP,1,2018-01-17 20:23:49,70.89,70.89,1.0,86,70.89,0.011494252873563218,0
5f74b0f2e7a914d47ab126a05d746638,53ceb2ac880d4af294fe66fcadfa6ec7,22450,rio de janeiro,RJ,1,2017-09-11 18:40:20,22.9,22.9,1.0,214,22.9,0.004651162790697674,0
751a05b324683e65537d345c3933a9de,d698d987204fa8409f973d39a5b8f075,15425,embauba,SP,1,2017-09-10 00:06:13,399.0,399.0,1.0,215,399.0,0.004629629629629629,0
8ce18cd05ef1610b491f53cc8faf9b7b,6e584243f433f290dff8a94dbde09d2e,60351,fortaleza,CE,1,2017-05-24 18:49:11,16.5,16.5,1.0,324,16.5,0.003076923076923077,0
a9700e72b6899dd6301b5ef0c7d65049,fd305df2b1ba447c5a6f995d7ff73815,11669,caraguatatuba,SP,1,2017-09-07 13:27:09,48.9,48.9,1.0,218,48.9,0.0045662100456621,0
b3e798968d182062a9ced85f8143dde0,79a3da806f9357fc450c94270dd1f222,7012,guarulhos,SP,1,2017-12-26 10:26:17,180.0,180.0,1.0,108,180.0,0.009174311926605505,0
6208d45dfab61d93d63c82f085d7617d,92bed6ff4d53aed3ae8d1c28c07f82ae,36062,juiz de fora,MG,1,2018-01-10 20:41:45,79.8,39.9,2.0,93,79.8,0.010638297872340425,0
89ee3b08086332a554ae83c810ef0517,c9615928c74f3a72e222a6d5b0a18d7f,35164,ipatinga,MG,1,2017-02-23 15:03:54,208.9,208.9,1.0,414,208.9,0.0024096385542168677,0
8eae9b7ce7fe19155f390b90d7f1f750,c7fff60b671adc83799c3a87c0edc6bb,9071,santo andre,SP,1,2018-02-26 16:51:46,174.0,87.0,2.0,46,174.0,0.02127659574468085,0
ef70585eef557ba48b24ea28f74726e4,fa230a26b5583381d0ce9ffc42de2035,90220,porto alegre,RS,1,2017-07-17 17:14:41,117.4,58.7,2.0,270,117.4,0.0036900369003690036,0
319b0b8fca928caf9f619d0b77418263,08c49e19ff49f0b07a5cede83ca4bf82,8554,poa,SP,1,2017-08-09 09:26:56,85.9,85.9,1.0,247,85.9,0.004032258064516129,0
e465c6ea4029a5ac79cff9d1d8a73755,07fa462b54870cf20c05a33c4f15c6e4,41830,salvador,BA,1,2017-10-09 20:23:03,24.9,24.9,1.0,186,24.9,0.0053475935828877,0
049ba78b6885e453786b80828dde6d34,790e0376b9cb88842b6e939f0b11409f,49037,aracaju,SE,1,2018-01-08 21:41:49,116.9,116.9,1.0,94,116.9,0.010526315789473684,0
2378c9eb16e57f8e54b53be8009affd9,6eafcebe93bd4c543dcb998166f1b9f1,37900,passos,MG,1,2018-01-11 19:53:38,99.0,99.0,1.0,92,99.0,0.010752688172043012,0
0f3c16514be9fe9bdb840983701d2ce6,a8a5dafb6ee0d2f70241b74f6123374c,2409,sao paulo,SP,1,2018-03-21 22:37:09,21.9,21.9,1.0,22,21.9,0.043478260869565216,0
f272f062d84c339be94ffff26f582723,f109289e6091dc0c7ae788b82b7a2a90,84345,ventania,PR,1,2017-07-10 20:27:30,59.9,59.9,1.0,277,59.9,0.0035971223021582736,0
b7f840ef94a2311ac205dce9a1aac7bc,49f5f0ccd8e9f10e878e57e046730888,9540,sao caetano do sul,SP,1,2017-06-08 16:14:56,379.9,379.9,1.0,309,379.9,0.0032258064516129032,0
05cf99f3501b95c29357f026d4383c6e,b9098ca31829018dfe8aa187630aa829,4821,sao paulo,SP,1,2018-01-04 23:12:32,79.0,79.0,1.0,98,79.0,0.010101010101010102,0
cd6bb6cb42e1fb7ad795a83702d6a27c,a2fd22263bc1dc3be656a0f725d3866c,79008,campo grande,MS,1,2017-05-13 01:16:42,229.9,229.9,1.0,335,229.9,0.002976190476190476,0
fb7df68b487c7340f5a4e9c5d4ae3e73,e6aede5b2818df1b512845c729cf7463,4551,sao paulo,SP,1,2017-11-29 13:49:23,1098.0,1098.0,1.0,135,1098.0,0.007352941176470588,0
f90c0b67909aef5401de1537c2ccac12,a83e6fd03af88166652ef55ec13cbe85,48330,rio real,BA,1,2018-02-23 11:25:38,49.0,49.0,1.0,49,49.0,0.02,0
03e1bb403bc199280f2d3338138c1e4a,8072f84e99d0b4222e3af8eaae114331,21311,rio de janeiro,RJ,1,2017-12-27 23:46:46,277.0,277.0,1.0,106,277.0,0.009345794392523364,0
69b4b187cdc035cfa618ffb2649c4260,836caa69c529a3a06fbacfeff117e4d9,2269,sao paulo,SP,1,2017-05-10 12:00:48,97.0,97.0,1.0,338,97.0,0.0029498525073746312,0
9aeead5285b1635b4c0a55a8496e998d,0867c4bb85527f7e0b1d67326b5d8abe,95560,torres,RS,1,2018-03-03 21:20:20,36.0,36.0,1.0,41,36.0,0.023809523809523808,0
865ac93cc703fbbe0d4c1d7fdd62b78d,c3c872c27b52b8fed0721f073016d504,47350,sento se,BA,1,2018-03-30 12:26:42,53.99,53.99,1.0,14,53.99,0.06666666666666667,0
a237096e8b07d5d634173a9e8b6fc6aa,7c5138727ee96ab4508a7efdcd5c4ada,83065,sao jose dos pinhais,PR,1,2018-03-06 20:38:34,69.9,69.9,1.0,38,69.9,0.02564102564102564,0
3f1dfe685c14112652c1765c32c99b95,2b934c366c12e40e1c6311e4d3a3fbbb,13575,sao carlos,SP,1,2017-05-29 21:06:17,49.9,49.9,1.0,319,49.9,0.003125,0
ef1dcd7d9f5a7481d6e43d8fd8082233,b088d68997dbe1b3a49be55b2944479c,31340,belo horizonte,MG,1,2018-03-10 12:36:48,50.89,50.89,1.0,34,50.89,0.02857142857142857,0
e65509bad7e534de9c1f202b06901672,a0e5e99b85fa7db55a095f1dc2ec6f86,20540,rio de janeiro,RJ,1,2018-01-18 23:26:10,34.99,34.99,1.0,84,34.99,0.011764705882352941,0
804c3fcfa00f15adc54c342c2971b2cc,49be61a35d19a1411e1ab4d556a90a85,7791,cajamar,SP,1,2018-03-13 13:23:37,120.0,120.0,1.0,31,120.0,0.03125,0
47c285be8b7e2871b65807d42e6827df,383407c450c91e52729da99c73cbe7c4,6767,taboao da serra,SP,1,2017-05-21 15:02:39,139.9,139.9,1.0,327,139.9,0.003048780487804878,0
bec1251276f3b4e0da3595cd587f7a92,618b728dd20b1da0d954cc67a8bd654a,44571,santo antonio de jesus,BA,1,2018-03-22 14:59:06,278.99,278.99,1.0,22,278.99,0.043478260869565216,0
c5ef4b508381ea9766c2d7e798985bae,9e165c07189ceb3281283340fefa76c5,14500,ituverava,SP,1,2018-01-09 22:03:32,196.9,196.9,1.0,93,196.9,0.010638297872340425,0
6d4479750803f07d57b65c8cf84d24eb,bf70d74dbcba687e9cc3e0091c287002,88060,florianopolis,SC,1,2017-09-04 19:01:18,59.9,59.9,1.0,221,59.9,0.0045045045045045045,0
7d8666e0148b50e626e90245b6583f54,0c40d149be12481f865f44c449b5c7ab,13179,sumare,SP,1,2017-11-28 12:15:01,238.98,238.98,1.0,136,238.98,0.0072992700729927005,0
6d54acc72b9bb27db5e46f04fe577e74,b83736ca9d8ee95188aebbe3e590e0b5,13520,sao pedro,SP,1,2017-11-24 19:46:05,179.98,89.99,2.0,140,179.98,0.0070921985815602835,0
30810a37ce547250cbb4f6be12dd8e36,ae7e8acd856b834e7f38780d50dd0814,5016,sao paulo,SP,1,2017-07-02 15:47:45,89.0,89.0,1.0,285,89.0,0.0034965034965034965,0
b16866ec831fa280adc36a71f6a30dbe,004a432489f6630c6dfd3fc4454603f5,81010,curitiba,PR,1,2017-12-16 09:25:10,69.77,69.77,1.0,118,69.77,0.008403361344537815,0
216ca7984f36f840df4e983b578856d4,f64909771abc5e2378773b2b8a56f67b,13426,piracicaba,SP,1,2018-01-03 16:05:40,195.9,195.9,1.0,100,195.9,0.009900990099009901,0
e5496e9232052f1429e8c4f5cb0a51ed,4e96188d9e374977d1dabe68d5dbfcb3,86430,santo antonio da platina,PR,1,2017-06-05 12:39:44,59.55,59.55,1.0,312,59.55,0.003194888178913738,0
2de94399dc30a8820e583410b32a9552,d13888c9f9abaf080922c873924b46b4,99010,passo fundo,RS,1,2017-04-08 12:53:00,18.0,18.0,1.0,370,18.0,0.0026954177897574125,0
362bebb0ae1bae65c56e89f183346627,7f335cc9c2c684d92a25b1758d15bfdc,96160,capao do leao,RS,1,2017-02-15 12:03:50,890.0,890.0,1.0,422,890.0,0.002364066193853428,0
707820300c6625542265b552fbdb4700,a9cc258adcff61d02dcba4c04c9349c2,37640,extrema,MG,1,2018-01-25 16:24:17,87.0,87.0,1.0,78,87.0,0.012658227848101266,0
ddf98a7aaeadf47dbd2a7fa2e82eb3ed,766c81a2c833af9ca5fa917a7f1a506f,8674,suzano,SP,1,2018-01-03 22:50:18,179.99,179.99,1.0,99,179.99,0.01,0
e9898e0e0e75fbd709f47cafb8118592,be03de0e33651526e2d371a4bc926d5f,9041,santo andre,SP,1,2018-03-05 22:32:41,99.9,99.9,1.0,38,99.9,0.02564102564102564,0
8ccbf5bd9bdf5acf36344a7eae45eb63,0a5130f50dd2483e89e7ed89a952eac8,13484,limeira,SP,1,2017-11-24 22:20:10,419.0,419.0,1.0,139,419.0,0.007142857142857143,0
cdd203a140fbf5320bd06b0aa17aba3b,6fcb0c15d15d6cc8ba8a6ebcb8828ddb,3112,sao paulo,SP,1,2018-02-17 17:39:00,84.0,84.0,1.0,55,84.0,0.017857142857142856,0
3fac5eda65c02a62e0fa2cffe70f5eb2,5c1b13d3c8e0b43430a3343373e4dece,58090,joao pessoa,PB,1,2017-12-11 13:32:08,45.99,45.99,1.0,123,45.99,0.008064516129032258,0
a48b14b74f4daa3f589086dd35afe553,e2492e4188991b6276a4a62a287a5451,8880,mogi das cruzes,SP,1,2018-02-01 08:52:15,216.0,108.0,2.0,71,216.0,0.013888888888888888,0
c41b61f4fa5e1b61423373c084975a1c,ae8babc8badb8563f582807f37befe25,8040,sao paulo,SP,1,2017-05-24 17:26:18,139.0,139.0,1.0,324,139.0,0.003076923076923077,0
db1b14bc26ae944bdf0cec69ccf63398,8e943fda076dc4b113ef88b539de335d,69074,manaus,AM,1,2017-04-16 19:58:37,57.17,57.17,1.0,362,57.17,0.0027548209366391185,0
f3821d2acf742563a4ea73981a7b6c8f,8798fbf65b2bd80d77b3b5059213fc28,97700,santiago,RS,1,2018-02-08 20:21:42,49.9,49.9,1.0,64,49.9,0.015384615384615385,0
ea0b4bff98df39909d0bab62c60e0725,1b81fbd932b177315dc75c08b7c03c65,9860,sao bernardo do campo,SP,1,2017-09-16 17:43:25,157.0,157.0,1.0,209,157.0,0.004761904761904762,0
a166da34890074091a942054b36e4265,451e48381edab7f1f6dbfa6d728616ff,89070,blumenau,SC,1,2018-01-08 07:55:29,129.99,129.99,1.0,95,129.99,0.010416666666666666,0
8ec2ff0f89db489ab703d4be25831be6,e0f8ebd32ca3cf629c40b77227f8e847,4243,sao paulo,SP,1,2017-08-21 13:14:42,7.59,7.59,1.0,235,7.59,0.00423728813559322,0
4596b32d78313ebf60d4b14a6a95ff87,c985b79a82c9ab8bae718d8b721eb6a5,18120,mairinque,SP,1,2017-11-24 07:04:41,76.5,38.25,2.0,140,76.5,0.0070921985815602835,0
082494e1ad97fbe3fd2efb729b24e252,df040b01a02286856b4bb1033a251ec3,13610,leme,SP,1,2018-03-20 13:43:33,42.0,42.0,1.0,24,42.0,0.04,0
e415222b4abe172614ed6c78d9d96994,2e9a4479b5b973a6def2a583770d0dba,14406,franca,SP,1,2017-02-10 12:11:25,104.99,104.99,1.0,427,104.99,0.002336448598130841,0
fd79d84ccc418c200ac0633a12166a71,9a9fcf0d04d9364eb5d4ad3d4d3e6228,24230,niteroi,RJ,1,2017-11-21 21:40:05,24.62,24.62,1.0,142,24.62,0.006993006993006993,0
c54724802874343ade44ba9e89f5d6d6,ecb12d670b10e511edd56ecda04c7314,7700,caieiras,SP,1,2017-11-20 23:27:27,89.9,89.9,1.0,143,89.9,0.006944444444444444,0
7fbab63e32d93d7b9b707e9e97bc5b94,3c318d262f882b5075708c79b1181844,18870,fartura,SP,1,2017-11-30 17:30:28,125.0,125.0,1.0,134,125.0,0.007407407407407408,0
0660653f7367d760f49c8430de9c6263,f8c7bdb2c23d2bc05cf1594ef8dfcde8,22783,rio de janeiro,RJ,1,2018-04-08 21:54:08,198.0,198.0,1.0,4,198.0,0.2,0
351c4091b6f035cbc49b25c86db368fc,fc6edb96180128815a10afb2297bf552,69313,boa vista,RR,1,2017-03-24 16:48:47,34.99,34.99,1.0,385,34.99,0.0025906735751295338,0
338f2f9c29d8a0cd3259e32034ac7c67,3b7870a33823f2db11b4ed832b89d1ef,15370,pereira barreto,SP,1,2017-05-10 21:31:45,69.9,69.9,1.0,338,69.9,0.0029498525073746312,0
2ca0ca2b7b63b62a682e006a9f55942a,03a7a36e23016fe4e8d04f751b51937a,22081,rio de janeiro,RJ,1,2017-05-06 14:12:27,329.9,329.9,1.0,342,329.9,0.0029154518950437317,0
832916e9b7e8b6e2cbed9dab37b12efc,ac63e5fe0d67d094e8cca9571c1e63ab,4514,sao paulo,SP,1,2018-02-22 22:42:40,89.99,89.99,1.0,49,89.99,0.02,0
0f44902f2a6566b69e6ad61ba4664ce7,34c5e3c3e5259af15675b53c440eb96c,35650,pitangui,MG,1,2018-04-11 19:47:16,55.5,55.5,1.0,2,55.5,0.3333333333333333,0
96215fbe32b8d5475f7ba7c4e9593dce,197df65a4abaf80e1db63bcd10d81eb3,2314,sao paulo,SP,1,2018-03-23 13:58:15,81.99,81.99,1.0,21,81.99,0.045454545454545456,0
e26029bc77a880721394cc291ab5c04f,f3738f6f5687da7c7ae0623172be00bf,88034,florianopolis,SC,1,2018-01-06 20:12:23,80.5,80.5,1.0,97,80.5,0.01020408163265306,0
3630d72b7bc768b5d2bb45844561e7f7,1dd925365f97f3447918c83619a02851,7745,caieiras,SP,1,2017-10-03 13:28:48,12.0,12.0,1.0,192,12.0,0.0051813471502590676,0
847269205bef9d0bb2af058e64d6d75b,1316bdf43eb431b24b927fbcb0e3bd55,55720,joao alfredo,PE,1,2018-01-17 14:24:15,29.5,29.5,1.0,86,29.5,0.011494252873563218,0
1d257d261370603b279e82cea790cd1b,700442f1551f01d60b312117c983bd4a,30130,belo horizonte,MG,1,2017-07-04 17:27:56,205.0,205.0,1.0,283,205.0,0.0035211267605633804,0
39a7c80a979c7dd2a212d30f216d9a87,12767ce89edf5184dec611a38d1f777b,50860,recife,PE,1,2017-03-20 10:40:52,67.9,67.9,1.0,389,67.9,0.002564102564102564,0
1f47727d222a72bee5cf240bd1380f3b,6ee2f345f4f2fbd1cafb6447a6b37642,85858,foz do iguacu,PR,1,2017-06-01 22:44:23,230.0,230.0,1.0,315,230.0,0.0031645569620253164,0
5808329098f8f532ff43033ec188a072,c72a0999496805b6a9c74d76f7315912,6813,embu das artes,SP,1,2018-02-10 10:20:06,19.9,19.9,1.0,62,19.9,0.015873015873015872,0
dfe36f6f91b8ee76334aa784f298e3ba,4421b046f190075662bec15e9e379c60,27946,macae,RJ,1,2018-03-19 10:17:09,115.0,115.0,1.0,25,115.0,0.038461538461538464,0
b63c3897b6259fc5ea20bb997624ba7c,3e561d1999bcd899e4b375a388ae2bb8,6445,barueri,SP,1,2018-02-11 22:55:27,33.0,33.0,1.0,60,33.0,0.01639344262295082,0
dbfc2fb6a9424037815a3a887c10be61,f7b62c75467e8ce080b201667cbbc274,9990,diadema,SP,1,2016-10-07 08:28:29,30.97,30.97,1.0,553,30.97,0.0018050541516245488,0
d42f9f5f246e48d21bbde0765ca3640a,0f29a1ad1743055ea89e91b173452ccf,89703,concordia,SC,1,2018-01-17 18:54:36,157.77,157.77,1.0,86,157.77,0.011494252873563218,0
9046e54eb6f0639a45d278973bad06ab,8f05d5c09f7e443a1f2390c7c900022b,25963,teresopolis,RJ,1,2018-04-11 20:38:34,45.0,45.0,1.0,2,45.0,0.3333333333333333,0
fcac4e7c11bf4757ffa2ac9ef34ee479,f0e310a6839dce9de1638e0fe5ab282a,29050,vitoria,ES,1,2017-08-03 20:28:45,35.9,35.9,1.0,253,35.9,0.003937007874015748,0
68398406288b2cee6f99d6b398fbb229,48f8f0b5c8e9f985a817dbc0601d4394,3176,sao paulo,SP,1,2017-08-30 13:51:42,35.0,35.0,1.0,226,35.0,0.004405286343612335,0
8e456d61973f2ca2ecce69f15d0af070,e798b1e851221c7b5990408e34b64519,89680,irani,SC,1,2018-01-15 10:37:13,27.99,27.99,1.0,88,27.99,0.011235955056179775,0
c52e38620240ce2fe6550e41f64fcdf4,0d6143cfe10640de5219d18623b3fd8c,3563,sao paulo,SP,1,2017-06-03 13:59:31,28.299999999999997,14.149999999999999,2.0,314,28.299999999999997,0.0031746031746031746,0
62b1788eb836d7afcfc0c229b9a68887,67fc75e2bc13d70df5e001634158daed,18131,sao roque,SP,1,2017-03-23 13:54:11,98.99,98.99,1.0,386,98.99,0.002583979328165375,0
df6ac95338050880eb8d4c94baea71f9,2d62e67e4f6fb00ceb8114c26bf1dc5f,86895,novo itacolomi,PR,1,2018-01-05 20:47:24,90.0,45.0,2.0,98,90.0,0.010101010101010102,0
bd5829a8e441e1a7ad669932cf6e8841,7071d8356158001d704cd2c0996214de,75960,acreuna,GO,1,2017-10-10 22:35:38,43.8,21.9,2.0,184,43.8,0.005405405405405406,0
7ca182b6bf8a5f9ce44aee2e3212edc4,d9cd2ba0086405f128681d89d0646505,95098,caxias do sul,RS,1,2017-07-18 23:13:57,74.99,74.99,1.0,268,74.99,0.0037174721189591076,0
e4412072d401a4c3bc29c976497e0186,6cf5a61d865d979d060812cdb48ce484,86049,londrina,PR,1,2017-09-17 20:40:42,149.0,149.0,1.0,208,149.0,0.004784688995215311,0
e5965ae365a0c0595e3eede0d156d975,bb6acc4233d0bdefa0105ce60a0aa4f1,24722,sao goncalo,RJ,1,2017-12-03 19:46:19,45.9,45.9,1.0,131,45.9,0.007575757575757576,0
4dc69f5a7144b4414b97fbe35696af97,027b0a2a0630aa7439875c30b987bf99,68900,macapa,AP,1,2018-01-20 02:48:11,49.99,49.99,1.0,83,49.99,0.011904761904761904,0
0861e2295c798be38db3b39ab793abaf,c553ad0bb4d5018a245654d2be0f4905,55540,palmares,PE,1,2017-06-07 09:12:50,119.95,119.95,1.0,310,119.95,0.003215434083601286,0
e05bcc70a42c95be8c4ba141fc5830e2,89f7c5e3da839cabad742eadf4731db2,1452,sao paulo,SP,1,2017-12-31 10:07:18,94.0,47.0,2.0,103,94.0,0.009615384615384616,0
e8db587aa035a388d29cd44a801f9092,643ca748cf35c33e8799f476f06b3988,12301,jacarei,SP,1,2017-11-24 18:42:17,19.9,19.9,1.0,140,19.9,0.0070921985815602835,0
9b3ed5485c93de1b23d2ad381283fd9d,184b3cfd8ffb32d11694d567f18e330a,28053,campos dos goytacazes,RJ,1,2017-06-10 13:45:16,419.9,419.9,1.0,307,419.9,0.003246753246753247,0
7e388d37dc7e8572bab8068459b32190,d9e89959b1eb21f645b47f68387b5496,4339,sao paulo,SP,1,2017-10-10 20:33:18,59.9,59.9,1.0,185,59.9,0.005376344086021506,0
f0d9d8e4ac3a29ef1b3382939e006298,a18101c8dd64a15b26c6f657225ef7bc,50930,recife,PE,1,2018-01-11 11:31:42,32.98,32.98,1.0,92,32.98,0.010752688172043012,0
6a6540fb91f94cfd5d51360f75900de5,8d05b680910f3d6aee403b4183c13607,20540,rio de janeiro,RJ,1,2017-09-19 12:44:23,9.6,9.6,1.0,206,9.6,0.004830917874396135,0
c79ff780f5fc0e20fd2ed4de186ef34c,94522b20d09262256d0ef263adf3ff78,30575,belo horizonte,MG,1,2017-12-05 07:13:54,99.0,99.0,1.0,129,99.0,0.007692307692307693,0
20fbb63a03f5c997b94b54a007f52af0,52b542f198699b29d49584c2a894e2c6,21241,rio de janeiro,RJ,1,2018-02-13 18:46:00,49.9,49.9,1.0,59,49.9,0.016666666666666666,0
4a6c652e42562190c75405da10f1fdf2,2981d1943e024c9f88dbd736653225bb,90660,porto alegre,RS,1,2017-09-10 20:13:24,218.36,218.36,1.0,215,218.36,0.004629629629629629,0
e02b0a31345a94677bcc33aa9bc0909a,a00d5d4dd6ab21a6574716d73ed42e2d,89580,fraiburgo,SC,1,2017-09-21 18:21:46,148.0,148.0,1.0,204,148.0,0.004878048780487805,0
940f8b3cc679eccb8b8595670a19bdeb,4a5763e78f5d3fe1663384d652aa140b,4303,sao paulo,SP,1,2017-12-27 20:20:38,55.49,55.49,1.0,107,55.49,0.009259259259259259,0
40d72d9a2f89a765b140530775e75495,510ad9fa546876745849d821121e857d,16360,avanhandava,SP,1,2018-04-09 19:32:06,59.9,59.9,1.0,4,59.9,0.2,0
4e0e75fc56e2609aa885d4305d4d07fe,4dd66f4040bb1d6e487ea25b30bdf7fe,7727,caieiras,SP,1,2018-04-09 14:34:07,54.9,54.9,1.0,4,54.9,0.2,0
ad7444d174fcfbc99c827d57b8d85fa8,f5d7f85fb566eb1464868ef39e887fad,9180,santo andre,SP,1,2017-05-29 13:38:48,97.95,97.95,1.0,319,97.95,0.003125,0
87eccba53579db5563b0588f8943373d,aca661b86a424c1cbea17d14787d3ce3,18602,botucatu,SP,1,2017-10-06 09:42:12,79.9,79.9,1.0,189,79.9,0.005263157894736842,0
68c8855d1c948dff63ae6fffabb8fe5a,26d571da801f51da17d64ab0b50641e1,5885,sao paulo,SP,1,2018-02-20 09:02:15,107.0,107.0,1.0,52,107.0,0.018867924528301886,0
d52cc5fc2dfff382fa124c800a0feb3a,67a51ccbe579e2e604aa5d6e0b6860a6,85900,toledo,PR,1,2017-10-20 13:11:07,59.9,59.9,1.0,175,59.9,0.005681818181818182,0
a77fbe2826d37bc0d1c1965291a08956,e8642823d86fdb537514407411c2b8cc,12410,pindamonhangaba,SP,1,2017-08-07 13:39:33,190.0,190.0,1.0,249,190.0,0.004,0
f602d75dc9a8c13a7fdfd77523be7307,2722e0a22fdec49f57290aede617b0f6,97050,santa maria,RS,1,2017-09-19 17:23:49,59.9,59.9,1.0,206,59.9,0.004830917874396135,0
1fd573985161f34c098e4a0eb1e3ae71,0ebc468c22ca683df35b34242446610a,9270,santo andre,SP,1,2018-03-27 17:10:20,315.99,315.99,1.0,17,315.99,0.05555555555555555,0
da24c1873842ce03c2cddfc31479a720,3a0908dd47b9afa6eae2fbd1ddaf50fe,75805,jatai,GO,1,2017-07-17 14:45:25,129.99,129.99,1.0,270,129.99,0.0036900369003690036,0
8ceebf4d88625946ce9c0956401d575a,acfd8b4b99b7c67d912bedc264fa8780,3258,sao paulo,SP,1,2017-09-10 14:02:32,18.0,18.0,1.0,215,18.0,0.004629629629629629,0
ce044d9d17e942154d8b9d2e45da8dc9,70281191c9c745c080576c931d488398,1026,sao paulo,SP,1,2018-02-06 09:12:57,219.0,219.0,1.0,66,219.0,0.014925373134328358,0
cf7bd0afe75cb2a81bfb9068d7be48d3,5ed98bb5a4cbbb632268fd60d9224b9d,88010,florianopolis,SC,1,2017-10-04 21:39:30,199.9,199.9,1.0,190,199.9,0.005235602094240838,0
c9ca9573fa99e8e7f281d4ede1c2d2ea,369cf1ff7175710f0cea99e7e9f705a0,13801,mogi mirim,SP,1,2017-11-10 16:04:28,89.99,89.99,1.0,154,89.99,0.0064516129032258064,0
57205a3f55644a1df9ea81f81aaba2c9,5994b30cf00d1fa01b52e85a243cd175,97390,lavras do sul,RS,1,2018-01-03 16:29:43,194.9,194.9,1.0,100,194.9,0.009900990099009901,0
02acb1d49edb6c09b61d2f496afc61b5,bfe14bfa136397036c4fd0cade75c68c,29142,cariacica,ES,1,2018-02-04 21:02:18,199.9,199.9,1.0,68,199.9,0.014492753623188406,0
209ad2bfbe7e0b781a5d22d92ec099f3,ebcfea2aa4ee12ae2069e0f49139d419,84262,telemaco borba,PR,1,2017-05-02 22:11:54,141.9,141.9,1.0,345,141.9,0.002890173410404624,0
45d76742aa38de04bc46e13624c4db61,1031b4c595b1b2c204ec6d95d4008af0,85990,terra roxa,PR,1,2017-06-11 12:37:59,134.17,134.17,1.0,306,134.17,0.003257328990228013,0
d652330fde451d2476a123ad0650bd20,a8139977dfa54f997c0fa51a87b4be79,22280,rio de janeiro,RJ,1,2017-02-04 19:47:02,99.99,99.99,1.0,433,99.99,0.002304147465437788,0
82d3b9013ae1ca97bd0104381fcee9de,b0896c9fbb84cf105a51c975a66e3857,40470,salvador,BA,1,2017-04-21 16:21:00,19.99,19.99,1.0,357,19.99,0.002793296089385475,0
4ff7f668c597d7e4538c5ec4d4fe7b65,d3d8683c472081a7b50f2c71b670af54,6045,osasco,SP,1,2017-11-09 17:16:38,59.9,59.9,1.0,155,59.9,0.00641025641025641,0
d262e8fcc210139d0efa2bf2a24fc0ea,be09bc14d8a3f5cb25c70ec3ab757266,58324,pitimbu,PB,1,2017-11-25 14:06:40,388.9,388.9,1.0,139,388.9,0.007142857142857143,0
1502c1543977952bd2666b24f555b1e5,3fe205252c153bf71775e1fe3a198e57,15045,sao jose do rio preto,SP,1,2017-12-18 09:44:19,59.0,59.0,1.0,116,59.0,0.008547008547008548,0
a1f05275483aa467edf3f2fac97de790,c7b5bf93064681e82c7ba602c7a28837,89809,chapeco,SC,1,2017-12-14 10:13:08,118.0,59.0,2.0,120,118.0,0.008264462809917356,0
8da4a561ec4d53e218fa89fe8530d8c8,5cf7ac94f5697a614605e110b45a5d2d,35950,alvinopolis,MG,1,2017-11-20 12:49:26,59.9,59.9,1.0,144,59.9,0.006896551724137931,0
48e3a9de59a791697c8face0fb3d439c,fa57ef337cf4dbb67f82bc1d68c2da1d,41300,salvador,BA,1,2017-07-16 19:11:28,22.9,22.9,1.0,271,22.9,0.003676470588235294,0
0d8c61ac7bb256d13971bfe77837c0af,c5c01882ea07c96a3647823205ae7187,7178,guarulhos,SP,1,2017-07-02 16:32:27,89.9,89.9,1.0,285,89.9,0.0034965034965034965,0
c5b83c9b5af60828cd494be9ee4451bd,e9d5eb1713ce816a3acc4e529d042d00,2264,sao paulo,SP,1,2018-02-28 19:16:44,59.0,59.0,1.0,44,59.0,0.022222222222222223,0
c7fd3571ba905f15ab33cc108103bef5,87c76f09e08d1ecc56a539ae8129f08a,38740,patrocinio,MG,1,2018-01-02 13:26:14,138.0,138.0,1.0,101,138.0,0.00980392156862745,0
1ab6125543a9b83c86116e3facec012a,faa23920cb0e439c1f7b02ef615fdd7f,18720,paranapanema,SP,1,2018-01-17 13:06:13,39.99,39.99,1.0,86,39.99,0.011494252873563218,0
aeebf5c6cd7179032edd99d413eebc08,85ef4ecf1c2e154fc53e64f401bf7e59,1254,sao paulo,SP,1,2018-03-29 13:15:13,49.9,49.9,1.0,15,49.9,0.0625,0
3a723250139d38a4d2eb9f12d73a9774,42a3d307922e0b693e68b929f6661c4b,30575,belo horizonte,MG,1,2017-11-24 17:03:45,57.5,57.5,1.0,140,57.5,0.0070921985815602835,0
a3bfe1551d298300aa31c837568a68a0,080e5649ca4371c5902d07f0c9fa3cde,25015,duque de caxias,RJ,1,2017-08-03 18:35:24,47.49,47.49,1.0,253,47.49,0.003937007874015748,0
1295c00ce6a0b5d21e8e2efe0540dd01,0331ceffb5757c1ca368a6c4ed73ae3a,70673,brasilia,DF,1,2018-02-03 12:11:03,49.0,49.0,1.0,69,49.0,0.014285714285714285,0
7f2b3135700ee34aabe5bb580cd04ddd,ef9a35567120657ebe2daf5889bdc777,62184,carire,CE,1,2018-03-26 18:36:31,49.9,49.9,1.0,18,49.9,0.05263157894736842,0
59dafb756573fabe8b9e507b2c220f69,6745605cca7900f93822a67c1e1f5821,27321,barra mansa,RJ,1,2017-09-17 23:54:20,139.84,34.96,4.0,207,139.84,0.004807692307692308,0
9237654c3fe0c68824bb8c16c94956f9,c6e9cf49773f10d9490307a180bed3a7,97045,santa maria,RS,1,2017-11-22 09:40:02,399.9,399.9,1.0,142,399.9,0.006993006993006993,0
ec0c08af5c172f4e494932f5c75e4458,00dfebc9135c7228dbb2239afc214bb5,12030,taubate,SP,1,2017-11-25 02:11:32,16.0,16.0,1.0,139,16.0,0.007142857142857143,0
c770815b9523cc958ee5ba09819fcbc0,5f7b9be1938c03dc5e9856cc7f285e1b,88780,imbituba,SC,1,2017-02-21 21:19:19,49.9,49.9,1.0,416,49.9,0.002398081534772182,0
068d6956b4f2f9a39cfb807516f55ecb,8423f43e0049483163143ee6950c2cb7,21010,rio de janeiro,RJ,1,2017-11-24 10:35:46,108.0,108.0,1.0,140,108.0,0.0070921985815602835,0
1222ae0f15dc56dc392fa0bb0f033f6b,78f40d39d4a401c047c0c26559e7775a,18212,itapetininga,SP,1,2017-12-01 13:01:47,425.0,425.0,1.0,133,425.0,0.007462686567164179,0
04a8f68b5b040ff3e1d961c2d280d4e5,dce2e10812c2435cb0e44886b8e1d484,14770,colina,SP,1,2017-11-24 01:20:00,49.0,49.0,1.0,140,49.0,0.0070921985815602835,0
a9ece8c6777d0483382fac50f6f5ad38,2dbf5ed343970ad3835b0847719006be,28022,campos dos goytacazes,RJ,1,2017-10-15 10:56:27,97.9,97.9,1.0,180,97.9,0.0055248618784530384,0
5584316b2da9c31a4896bb8a54c06fb9,3c0a84971d7dc4508677de941491ac3e,15820,pirangi,SP,1,2017-03-04 20:23:54,144.9,144.9,1.0,405,144.9,0.0024630541871921183,0
f0ec95ed700893b211430d1348f6846d,52d630bad0c21922b59a85986a165715,26553,mesquita,RJ,1,2017-12-28 18:21:09,248.99,248.99,1.0,106,248.99,0.009345794392523364,0
46a325fd27360b26342c0b0d8a279804,50ab585b05268c9b7aacc57681d18ff1,72115,brasilia,DF,1,2018-03-15 11:39:51,750.0,750.0,1.0,29,750.0,0.03333333333333333,0
44531f7ae52e2312ab3ca7f58778b41f,f1480d98bfaa550680f72d2a3ba86366,8710,mogi das cruzes,SP,1,2017-03-26 10:54:33,14.9,14.9,1.0,383,14.9,0.0026041666666666665,0
32f9ab38c7f8f0a627ee957c50ea0ac2,9bb25826e873d581e2c5ef78cc053d34,1504,sao paulo,SP,1,2018-03-14 15:44:29,17.99,17.99,1.0,30,17.99,0.03225806451612903,0
32e9cd29933427903b9a2a0f2d6812fe,03c8ca2c50b62610046f79db89de75b5,3410,sao paulo,SP,1,2018-02-22 09:40:07,75.0,75.0,1.0,50,75.0,0.0196078431372549,0
e286acbf69751918e6e445bc1e8f07fc,a44636f3316d0114566918bd02ef58bd,4131,sao paulo,SP,1,2017-10-22 07:28:18,56.9,56.9,1.0,173,56.9,0.005747126436781609,0
9346c5bf5e6eac10f0c9feaff3eb306e,5d5829e2a0b08bcad7b3606381d7c11f,3441,sao paulo,SP,1,2017-11-16 19:37:21,184.0,184.0,1.0,148,184.0,0.006711409395973154,0
d7a4e554d11cb0d1f2695ec77f8fefb8,a9e6363f36f640221fb0bea8973f64ea,90520,porto alegre,RS,1,2017-04-10 23:29:46,599.0,599.0,1.0,367,599.0,0.002717391304347826,0
35b58a7a83b62db8460d169eb633c1dd,5d29a6dff682f95a13ac64e233512f2e,54220,jaboatao dos guararapes,PE,1,2017-08-15 11:24:24,96.99,96.99,1.0,241,96.99,0.004132231404958678,0
493cbc38a238479a61a6f6a5fdd90ff5,6692c140ae0376634d0ccdeab167d82c,8280,sao paulo,SP,1,2017-09-08 23:32:18,59.9,59.9,1.0,216,59.9,0.004608294930875576,0
694fe0bdcd5d601ee81dba97d4ec8cba,48670599c793cc443672fdda6de38d9f,73252,brasilia,DF,1,2017-11-28 09:34:06,1050.0,1050.0,1.0,136,1050.0,0.0072992700729927005,0
e695d4f6b2594abb3ad2c4a7d412de4e,2830e06c6ec76d77c3105c487630d3a9,60125,fortaleza,CE,1,2017-02-02 18:27:57,23.9,23.9,1.0,435,23.9,0.0022935779816513763,0
0770fab1a98ce26d042a7aad41fdbc8f,ef89c781d27561d99c4b90783fde3c57,62790,redencao,CE,1,2017-12-22 15:53:30,45.9,45.9,1.0,112,45.9,0.008849557522123894,0
f5a2891493b5b415942b5e2e98ebaf11,d461a6e1e82a30987d051ea0f4b9b789,13212,jundiai,SP,1,2017-03-22 18:42:09,19.99,19.99,1.0,387,19.99,0.002577319587628866,0
14868a65241682f256d808dfeaa38d0f,ecb4681c419c0c4c6983b85050877110,50750,recife,PE,1,2018-03-19 11:11:59,99.0,99.0,1.0,25,99.0,0.038461538461538464,0
e650f85ff4463603337acc85ca591af2,7f7f2b51ede08b64c24f0b64c9dfb9e9,12402,pindamonhangaba,SP,1,2017-12-08 08:41:07,12.99,12.99,1.0,126,12.99,0.007874015748031496,0
e0780c98af0a0a14146af14ff63f039e,4ced1b9f8668a9792e5484da6d97b229,24738,sao goncalo,RJ,1,2017-10-18 02:11:10,15.6,15.6,1.0,177,15.6,0.0056179775280898875,0
a5f34beea57219eee3220430d5f2f9ba,f18202c36547054e660a5bbf648ed749,58038,joao pessoa,PB,1,2017-10-25 15:08:44,49.3,49.3,1.0,170,49.3,0.005847953216374269,0
7c3fb02434f997155d8d65fbd22a4ed3,f8b357f59a04376fabf0f46ece053545,53700,itapissuma,PE,1,2017-09-27 10:34:36,65.9,65.9,1.0,198,65.9,0.005025125628140704,0
fd1b3c71bd3a2c488623ddc9943f379d,7ab8841bae70453e6b6fd543de86b90e,37795,andradas,MG,1,2018-01-08 22:25:26,189.98,189.98,1.0,94,189.98,0.010526315789473684,0
02e04e4adf1a4ec2e262f8f942b4b315,ef2b78e26635b6c15eee256b4eece7f0,13025,campinas,SP,1,2018-03-24 10:34:27,139.9,139.9,1.0,20,139.9,0.047619047619047616,0
678c7714cdd189c7aca5cd7e6c70fb94,ab08b7f9d42ac261c3f6b7c201bb3c99,4306,sao paulo,SP,1,2018-04-01 23:03:34,69.0,69.0,1.0,11,69.0,0.08333333333333333,0
b7dc27ac1b54155804e7550da93aaa01,940220c039a36e97a4878259c02325ac,21321,rio de janeiro,RJ,1,2017-06-22 11:14:21,40.0,40.0,1.0,295,40.0,0.0033783783783783786,0
f071fc29854206b94291632db6687bc3,9ddd2261a136ef55ad424aa29f452aba,37010,varginha,MG,1,2018-02-26 10:53:07,79.9,79.9,1.0,46,79.9,0.02127659574468085,0
024ae08edb07b933f90cf66233749218,81c5508443d1757da23b2b3d5f69fad5,71615,brasilia,DF,1,2017-09-26 07:57:17,87.8,43.9,2.0,199,87.8,0.005,0
da7ad15b4e8b7a4c99e41ce7a4a0a1d3,0ee1969ea903c6be704958e2300068b2,67200,marituba,PA,1,2017-08-15 20:44:01,10.8,10.8,1.0,241,10.8,0.004132231404958678,0
71c5de0f94eacd6a175c1359ffb7f10c,03dabd77cb0ed7a26fafe19e36b67742,63680,parambu,CE,1,2017-05-15 10:14:17,18.99,18.99,1.0,333,18.99,0.0029940119760479044,0
20bf7628a9208e11a8d7189b693cbd3f,ed37d07f39a3fdff8e899ff249c87cee,24942,marica,RJ,1,2017-09-21 20:02:44,71.0,71.0,1.0,204,71.0,0.004878048780487805,0
e688102208c1564afce92d987656bf29,8a0793d04e0f4be13434516ee7037104,78075,cuiaba,MT,1,2017-01-23 21:33:15,289.98,144.99,2.0,445,289.98,0.002242152466367713,0
8b1ac7ae8682963fd0186940a8289a53,065101bac8cea1e48c1b1416b816597d,22290,rio de janeiro,RJ,1,2017-11-24 12:26:09,88.0,88.0,1.0,140,88.0,0.0070921985815602835,0
bf573519a4128a9b186c883fdfa86006,8655a9d6aba16088e25baccc133f3ffb,15190,nhandeara,SP,1,2017-07-19 11:21:51,22.5,22.5,1.0,268,22.5,0.0037174721189591076,0
36e20e5f3794cf014fef196438092c98,fadca717fa2b686cf8ec1b620dc2bacc,40296,salvador,BA,1,2018-01-12 23:06:52,18.9,18.9,1.0,90,18.9,0.01098901098901099,0
f1e6293b21eebd4e0cd6828301c669b1,51838d41add414a0b1b989b7d251d9ee,13068,campinas,SP,1,2017-06-04 14:53:58,39.9,39.9,1.0,313,39.9,0.0031847133757961785,0
a0d1571c3090051864507fd978cf138c,c49b3a5af585dd2635f11bb8ac77e292,17550,julio mesquita,SP,1,2018-02-01 23:02:30,229.99,229.99,1.0,70,229.99,0.014084507042253521,0
63acf8de888f1bd3574cf7432ff0312d,6422bfe69991c1b3c75662e99a9f51e2,50791,recife,PE,1,2018-02-02 03:42:48,72.0,72.0,1.0,70,72.0,0.014084507042253521,0
150c000d94442e397f21cc978f925d40,158987cc282bbecf5e0b1b4aaf9a8854,96820,santa cruz do sul,RS,1,2017-07-05 22:40:50,139.9,139.9,1.0,281,139.9,0.0035460992907801418,0
072d324b57768cb953eb7f70c04d25c6,0379f1984bd3b7850ed7f4ec0a9e4134,86300,cornelio procopio,PR,1,2018-04-04 16:32:31,59.6,59.6,1.0,9,59.6,0.1,0
38d54a9478904bfa6d7fca2b36be9fdf,b9cb2be1e16f6afbcccc94af231bbb7e,4531,sao paulo,SP,1,2017-08-03 11:03:47,40.0,40.0,1.0,253,40.0,0.003937007874015748,0
4450850ad98de459ecea38e7a1323f56,7feaac01dadfb6a96508d738973ca456,88111,sao jose,SC,1,2017-09-01 10:32:59,174.9,174.9,1.0,224,174.9,0.0044444444444444444,0
2c0f7357417a5ffbe649bd35a797804e,693b3203dcd4cef5288c5fd8d53f0efe,12720,cruzeiro,SP,1,2017-09-22 22:33:22,19.9,19.9,1.0,202,19.9,0.0049261083743842365,0
9ebe376b5d3f517c3d18461079c1cc4f,9b54d8ce4527bcd6d586d20cbac8c270,26900,miguel pereira,RJ,1,2018-03-07 16:14:54,139.9,139.9,1.0,37,139.9,0.02631578947368421,0
82187afcec1f653bd7424ab915194a0a,46abca37486c349c2022078fea2468e8,8240,sao paulo,SP,1,2018-03-11 16:39:02,81.9,81.9,1.0,33,81.9,0.029411764705882353,0
7ad2923d155f5b99d26250b4fe0acb3f,d385eb6c319173b0b36f4c680d80cd24,4117,sao paulo,SP,1,2017-12-07 10:16:49,149.9,149.9,1.0,127,149.9,0.0078125,0
0b6131ef78d7b110b236c4e98bf65fd9,f89eb0bd70533417ab0ab55a038929d4,13820,jaguariuna,SP,1,2017-08-07 08:24:29,200.0,200.0,1.0,249,200.0,0.004,0
05a874b660a8cd6552b1f462e033b44a,b963ba6f2e818e50df5a25a227955e02,2415,sao paulo,SP,1,2018-04-12 12:52:01,118.74,118.74,1.0,1,118.74,0.5,0
a47945e8f6c39f13ee94b1545ba7e54e,8adc00696c1d45adc6ecbe37c1d9fe04,17290,macatuba,SP,1,2017-06-04 19:54:50,19.74,19.74,1.0,313,19.74,0.0031847133757961785,0
a3d5d5765cc2e17795e0bbef744c282b,cf01a1fd75d2c3d4fac2d3d8ca9b9439,79050,campo grande,MS,1,2017-11-28 18:55:12,79.0,79.0,1.0,136,79.0,0.0072992700729927005,0
98982d16ca0af3d3427aa60f68da06fc,c5159b9938d551797a74e551868b71ee,19570,regente feijo,SP,1,2017-07-11 23:44:38,48.9,48.9,1.0,275,48.9,0.0036231884057971015,0
422ab037d254fc398f1f0c44fe05d7d6,9d9b2bcb6155c920fa1c3f132f2755f5,20550,rio de janeiro,RJ,1,2018-02-22 03:14:54,69.9,69.9,1.0,50,69.9,0.0196078431372549,0
b5b3ce886b794c18d46dd2a3e75727a0,bb2681cb4cd47fe8a701b3fc75d05001,9270,santo andre,SP,1,2018-04-09 22:33:14,119.0,119.0,1.0,3,119.0,0.25,0
1eb5bb873777ad08b25770ab550adf72,d2427195a632c34588b0b55256493625,6706,cotia,SP,1,2017-06-20 13:26:51,59.9,59.9,1.0,297,59.9,0.003355704697986577,0
03811cba01cb0741c318e1545b04173b,3d6ed7232dcb0837e78ad6ff6123332f,18016,sorocaba,SP,1,2017-08-24 01:43:32,149.99,149.99,1.0,232,149.99,0.004291845493562232,0
c59a67c7f3942b4756a8e20e46ea5c8f,0afdd270361f02ca3c7b9547d3546b96,28906,cabo frio,RJ,1,2017-09-11 16:29:02,130.0,130.0,1.0,214,130.0,0.004651162790697674,0
4504555088e2e0428e4673f325031be1,3efe0b5190267d7d221eb2e8a9d20f22,91250,porto alegre,RS,1,2018-01-29 18:47:16,34.9,34.9,1.0,74,34.9,0.013333333333333334,0
bc781ab7ea64681deb7a011ec776bb0e,0b8b2910c3f96a74c660a10433187042,28605,nova friburgo,RJ,1,2017-04-04 21:53:37,66.99,66.99,1.0,373,66.99,0.00267379679144385,0
53904ddbea91e1e92b2b3f1d09a7af86,e781fdcc107d13d865fc7698711cc572,88032,florianopolis,SC,1,2017-10-23 23:26:46,29.99,29.99,1.0,171,29.99,0.005813953488372093,0
a7288cab9fc524abf65915630e66c73b,5901ed80ca7329682efcf2de0b636d5f,20911,rio de janeiro,RJ,1,2017-02-09 13:52:13,109.99,109.99,1.0,428,109.99,0.002331002331002331,0
bcccbf3c3d4f4b9c15bace9a340ebdd7,3fd4500414d3a4a5abb9a2083bfcd832,49570,malhador,SE,1,2017-09-26 21:25:47,23.99,23.99,1.0,199,23.99,0.005,0
4e2e8191d9ba87e497ba547c6354a87a,6c16357cbf6bf0accb997cbff9030507,6065,osasco,SP,1,2018-04-09 15:14:31,39.8,39.8,1.0,4,39.8,0.2,0
e10996551bb1897b97c37e1f771e34af,54d757624bc4f049bcf411dbfc5b832d,46880,itaberaba,BA,1,2017-01-25 17:35:24,45.89,45.89,1.0,443,45.89,0.0022522522522522522,0
b0b902bc9c7f025dfdcfe2095f6c189f,d95be12151d73cda5b1a15c2cba09a72,3582,sao paulo,SP,1,2017-07-18 13:44:15,65.9,65.9,1.0,269,65.9,0.003703703703703704,0
02051904557f3bb3741f7b233dfc5ae2,094d93181d7666535298031625418b08,9831,sao bernardo do campo,SP,1,2017-11-17 20:39:17,39.0,39.0,1.0,147,39.0,0.006756756756756757,0
99772aa7c2dd8f667875b0769c05afb9,9a9d661c6b4eea1e912d7c5062b81b59,86010,londrina,PR,1,2017-11-28 13:41:03,137.9,137.9,1.0,136,137.9,0.0072992700729927005,0
629fd78f7a2a5adde1ce172f44106fd3,6b0fc5b03e761d5203e1441fbaf34d11,53150,olinda,PE,1,2017-07-25 00:16:20,39.9,39.9,1.0,262,39.9,0.0038022813688212928,0
834fbe386c3ff163d252b37b5487e118,fe19a08291d3d1fb9debf8ee44ec129e,1226,sao paulo,SP,1,2018-02-21 22:53:10,117.8,117.8,1.0,50,117.8,0.0196078431372549,0
424b42e2d01114b7af0d3950259acb27,65167699456f1d387b90cd6ba2cfed6a,40130,salvador,BA,1,2017-07-15 20:34:24,193.0,193.0,1.0,272,193.0,0.003663003663003663,0
98b6c7d5318c95d0bf714d786ac0eed2,4a63291cd1a368657b40e64a3680a232,95200,vacaria,RS,1,2017-12-10 11:32:22,49.0,49.0,1.0,124,49.0,0.008,0
5855110e604705924d9b962fbbf732d0,46ac99709b2497c52b0b8ec5301982ee,6437,barueri,SP,1,2017-08-08 19:42:43,89.9,89.9,1.0,248,89.9,0.004016064257028112,0
6aab0c0683221c586fec4f82bd36edd8,6dfd53d0b64aa10fd66b8a7a4ad4461c,23066,rio de janeiro,RJ,1,2017-12-10 11:29:35,12.25,12.25,1.0,124,12.25,0.008,0
873bfa2a703bc5d760b93ea19968b098,dc44f10ea637e0a1bb5b67f76654c882,86605,rolandia,PR,1,2017-09-06 11:44:23,249.9,249.9,1.0,219,249.9,0.004545454545454545,0
e0a1d2de2e8046564b9c4de4a47ceb50,2a9671898590b884d3b740014991a33d,13061,campinas,SP,1,2017-10-26 12:26:44,24.98,12.49,2.0,169,24.98,0.0058823529411764705,0
e337feb426fd8d688d803334c3463fba,77dad9a48d78bc09ad82b85481bf315f,81200,curitiba,PR,1,2018-04-09 23:17:14,119.9,119.9,1.0,3,119.9,0.25,0
688f35cb57847aae242f01cac66e6137,39e7e12f9686e91e6d62ca2b4a96926c,5319,sao paulo,SP,1,2017-07-11 09:31:56,52.9,52.9,1.0,276,52.9,0.0036101083032490976,0
91567d33ff85c9c6b6b6d244870bcb01,96f0bd7c0b8f3a45218e8cfda077aa46,4136,sao paulo,SP,1,2017-10-18 16:20:32,69.9,69.9,1.0,177,69.9,0.0056179775280898875,0
1b67338cfe3266cc110de1e402aa6220,a54a90d820f666210d1d94885f815994,79036,campo grande,MS,1,2017-11-15 22:16:39,31.9,31.9,1.0,148,31.9,0.006711409395973154,0
aeb558923701cfd4b4ee039cecb8fa77,66f4cacdd688fc56e58a33287fe822cf,71615,brasilia,DF,1,2017-12-30 13:46:14,53.0,53.0,1.0,104,53.0,0.009523809523809525,0
d5308480b0869493b69ce2bec1c1d415,5c4e50afdadfb15daa38fb743fd6f5fd,37048,varginha,MG,1,2017-05-04 21:33:20,69.99,69.99,1.0,344,69.99,0.002898550724637681,0
cff1a732b941ddbd23d5077665a42e93,d0756d8c34788cd16a00d6d7c942c01f,13058,campinas,SP,1,2018-03-30 23:32:46,145.0,145.0,1.0,13,145.0,0.07142857142857142,0
c125af60bd62644995ab41addb188add,bf9b4ad360e8712188280690a00880cd,89275,schroeder,SC,1,2017-12-19 21:21:02,209.99,209.99,1.0,115,209.99,0.008620689655172414,0
26adf926f98621938dc6fa94af24bd4d,9c89a3ac8a99c9c3e9bb862054a039e1,30730,belo horizonte,MG,1,2017-03-31 16:07:18,129.9,129.9,1.0,378,129.9,0.002638522427440633,0
cd76fc0e4f0234fc6bdf0bb3898f31cf,032296639c7e91f3236f544b0a822b3e,8683,suzano,SP,1,2018-01-19 17:20:56,110.0,55.0,2.0,84,110.0,0.011764705882352941,0
52c68a7d3a462c7e1ad2fea471dc555c,e536f64bfcd1123768879a1ae26a7d0e,13035,campinas,SP,1,2017-05-14 16:59:35,109.99,109.99,1.0,334,109.99,0.0029850746268656717,0
edac42fb2321d66c4fe98b9bde2d97b3,78e458f208939f5da58d76326532847c,82640,curitiba,PR,1,2017-10-06 10:48:07,49.87,49.87,1.0,189,49.87,0.005263157894736842,0
c963a11c36f0bc769bcf6ae11d514fb6,307cc167a2ddea827ed62a5ece10db54,8473,sao paulo,SP,1,2017-05-11 12:17:31,79.9,79.9,1.0,337,79.9,0.0029585798816568047,0
a1c66b94797658e934a9fdc38ccd2106,13510b0dcd1f956dbdcb358d68615455,38183,araxa,MG,1,2017-11-25 10:49:51,71.69999999999999,23.899999999999995,3.0,139,71.69999999999999,0.007142857142857143,0
d95c4eb894db9fa73c355006bfa2534b,a4ab5f34ede13ac71145acd2fe5447d5,7500,santa isabel,SP,1,2017-07-28 10:29:15,45.33,45.33,1.0,259,45.33,0.0038461538461538464,0
0230afeb8b53c8833e1cfc3a17ee2016,f5f85eba34e75daf147590d223838ced,1421,sao paulo,SP,1,2017-07-15 16:28:04,32.9,32.9,1.0,272,32.9,0.003663003663003663,0
86538da58e1e43ea22d93b6fc3c8ac1f,a51589a7867758392e3f88400221baf6,6328,carapicuiba,SP,1,2018-03-03 21:12:51,119.9,119.9,1.0,41,119.9,0.023809523809523808,0
085b2a422d36a53c027062f47b3b5238,11b34a957a0affd5aeb850a5c4c0a0fb,50740,recife,PE,1,2017-11-13 00:37:15,299.9,299.9,1.0,151,299.9,0.006578947368421052,0
0d47b685e9e483c338f38fac97429145,0a98c14ccb634eeba0094e7b84233af2,13460,nova odessa,SP,1,2017-08-23 18:46:17,185.0,185.0,1.0,233,185.0,0.004273504273504274,0
ecc4c57f91567adc1932e27d5913d3d7,5b40a8eb3d0fe9467298ce9d35f22dec,13495,iracemapolis,SP,1,2017-05-11 13:55:12,89.9,89.9,1.0,337,89.9,0.0029585798816568047,0
c30d6ff9e2fca6659a28c1c9e89ef661,786c1bc3f7883dc7f01fb86aef168692,31720,belo horizonte,MG,1,2018-01-22 18:27:32,138.0,138.0,1.0,81,138.0,0.012195121951219513,0
bc13567372ad405e1fa1c93da7eb9079,e99d46b5ce67a88cb8d7d5225edde938,90540,porto alegre,RS,1,2017-01-25 12:18:11,99.9,99.9,1.0,443,99.9,0.0022522522522522522,0
0493e61ff10b220ec4799578e4cb7e96,01147fb2cf81b69cdcfdc1ac4c6fae7e,30390,belo horizonte,MG,1,2018-03-02 09:11:23,97.0,97.0,1.0,42,97.0,0.023255813953488372,0
2e86656bf35be872232e7ba55c1fd751,f31772ef81333578d84facc791fddba9,74573,goiania,GO,1,2018-01-14 17:28:18,99.0,99.0,1.0,89,99.0,0.011111111111111112,0
2b27fae969b7d2bc173e466a742e50c6,ecdd7200b5bc4a68c5e75117d61a5751,18055,sorocaba,SP,1,2017-09-11 19:35:48,279.7,139.85,2.0,214,279.7,0.004651162790697674,0
46b9f480dd3a334d6482b9663c46ba71,8db503a1bf385e8417119e2c3ad17e97,13338,indaiatuba,SP,1,2017-11-24 14:40:32,98.97,32.99,3.0,140,98.97,0.0070921985815602835,0
56193005c66b353063ef884af203336e,782191ca0d8839c892e01e1623297908,24315,niteroi,RJ,1,2018-04-13 13:09:06,40.5,40.5,1.0,0,40.5,1.0,0
40da9a7b799e50dd20d3866e59ea7156,31e4839e2b120b145b89bf94d27eeecc,38060,uberaba,MG,1,2017-08-08 20:42:39,76.99,76.99,1.0,248,76.99,0.004016064257028112,0
f5b92e56a780e1573737b5ad7d15ab19,16b2beb51d51f455428a8865562fc89e,78345,castanheira,MT,1,2018-02-17 10:33:27,49.99,49.99,1.0,55,49.99,0.017857142857142856,0
dcdbef6bf82b96189946e4eeea97cf24,66f81d1a26906704fe31bde8bffd4fa6,80060,curitiba,PR,1,2017-11-21 09:24:21,18.8,18.8,1.0,143,18.8,0.006944444444444444,0
b20d566928943834c831f5db761cae5e,c5cc0c3d16da93d503a239a65812adae,27110,barra do pirai,RJ,1,2017-11-20 10:59:31,146.0,146.0,1.0,144,146.0,0.006896551724137931,0
c9dbe3e1a4c214c3108f070b12699783,baa95c4641ecd9ad286d49aa0888507f,97110,santa maria,RS,1,2017-03-26 17:12:37,137.98,137.98,1.0,383,137.98,0.0026041666666666665,0
aa797b187b5466bc6925aaaa4bb3bed1,c219f4ac1bc7f1aea33e6ab8885831e8,68742,castanhal,PA,1,2017-03-04 12:14:30,0.0,0.0,0.0,405,0.0,0.0024630541871921183,0
3328aef5f5f9e3ab64e01691eedaebaf,845514897d2712cc294f58b2b1cc857e,7718,caieiras,SP,1,2017-06-30 10:14:42,572.0,572.0,1.0,287,572.0,0.003472222222222222,0
cb8855bae6bea36802fe3e297ea4bcf2,0d40149e0b1e0781646c4b33a4c1e43b,93700,campo bom,RS,1,2018-02-01 11:41:08,24.99,24.99,1.0,71,24.99,0.013888888888888888,0
fb413491947c3cdaa43ee5a05f1074fb,44e956e54d62f58e06da7012a7bfa2cf,89063,blumenau,SC,1,2017-07-18 21:16:16,98.0,98.0,1.0,269,98.0,0.003703703703703704,0
00046a560d407e99b969756e0b10f282,0b5295fc9819d831f68eb0e9a3e13ab7,20540,rio de janeiro,RJ,1,2017-12-18 11:08:30,120.9,120.9,1.0,116,120.9,0.008547008547008548,0
35edc4a10a59c8a8224feb8c19a4a864,093862d1d1cedccf9c5d15ea4da89f14,12243,sao jose dos campos,SP,1,2017-11-21 02:03:56,82.9,82.9,1.0,143,82.9,0.006944444444444444,0
d2a90be3e7253852568d80763b2df91e,a439177407290b4a5118b05ef53196e0,13806,mogi mirim,SP,1,2018-03-19 00:06:31,64.89,64.89,1.0,25,64.89,0.038461538461538464,0
38e7cc6d0d44f9359780816a0e29a25f,6a43a42740a70daa251c9399e1014e24,14180,pontal,SP,1,2018-01-12 20:29:11,99.56,99.56,1.0,91,99.56,0.010869565217391304,0
ba0bc48c8813635bfaac7d201af8fdd3,d300b24c2e6a65b25d8163fe36e7c1de,20950,rio de janeiro,RJ,1,2018-03-10 15:48:31,49.4,49.4,1.0,34,49.4,0.02857142857142857,0
c54441883076342cdd91c5f17ea64ee5,5e67dbfc0b3d1867f536c2961b4692bf,4330,sao paulo,SP,1,2017-06-20 13:13:30,59.9,59.9,1.0,297,59.9,0.003355704697986577,0
f7471a53a0c6b77889d13862ef714426,c5547092a8f0c7c02ade0408b0c730e7,12570,aparecida,SP,1,2018-03-15 12:49:58,49.77,49.77,1.0,29,49.77,0.03333333333333333,0
cfe75ab6c94e28d2fb65a562c7e729c6,5734350b8e8edec68f23f6c70e36d4fe,25620,petropolis,RJ,1,2017-09-16 16:08:59,158.0,158.0,1.0,209,158.0,0.004761904761904762,0
3f887ff09d642f0cfc712a5f6751c5c7,895ae7e95f846cf2a68eb3e693c01950,85580,itapejara d'oeste,PR,1,2017-12-20 08:36:49,24.99,24.99,1.0,114,24.99,0.008695652173913044,0
120ecc99ef409f1f02753d3ad88a9746,336e2fc26e67b7cbebe7268480f5817c,5206,sao paulo,SP,1,2017-12-20 21:23:20,112.5,112.5,1.0,114,112.5,0.008695652173913044,0
c009ac49d03a1dac5abe6b3bdb43729e,9aa3a539ee32f0207d5e10354d29c1be,23031,rio de janeiro,RJ,1,2018-01-18 10:32:05,50.0,50.0,1.0,85,50.0,0.011627906976744186,0
e8f22ce5168c883e9fad86c1ad0be28b,8e75002eecb2582ef033a5607b196678,94090,gravatai,RS,1,2017-12-07 21:57:04,141.94,70.97,2.0,126,141.94,0.007874015748031496,0
901421ae0b470ecdd15c3bd4c880e8e9,a348e4f347b902a8f6bad6a4d7eb4f22,45840,guaratinga,BA,1,2018-02-06 00:17:56,12.99,12.99,1.0,66,12.99,0.014925373134328358,0
f9cfb1926f6ce39e0101e813f48b4df6,8b310f234f073d2caa88081b604bbbf6,4815,sao paulo,SP,1,2017-05-22 11:17:25,499.9,499.9,1.0,326,499.9,0.0030581039755351682,0
071130e3d980f8327e5348b9ed889fc4,ae11ab40faeb1f8b85f6308e052bd710,96820,santa cruz do sul,RS,1,2018-03-02 14:06:12,109.9,109.9,1.0,42,109.9,0.023255813953488372,0
2e19f8c8ec1187ae5dc50e54bfba01a9,44d5ead0073d7c53c3f0503d9f847de0,9182,santo andre,SP,1,2018-03-21 14:15:20,119.9,119.9,1.0,23,119.9,0.041666666666666664,0
9563ec54d6b000879e4f319591d78003,d25cd3919a16f7166425b3d00717e60a,29156,cariacica,ES,1,2017-11-09 09:41:45,169.99,169.99,1.0,155,169.99,0.00641025641025641,0
159ac2552bf49fe290890620c02d767a,2d38423803c18db71ffaabc1915d98cf,7153,guarulhos,SP,1,2017-07-19 21:06:53,99.0,99.0,1.0,268,99.0,0.0037174721189591076,0
d71a8cffeb2a8ca4ad2375b72d94c8ad,57c7328718a984a6d070841c93386322,13567,sao carlos,SP,1,2017-01-26 16:25:37,139.9,139.9,1.0,442,139.9,0.002257336343115124,0
f6bbef5ba9eb60e9f08707ff5cded7cc,df2cff8787632312e4f446473c339298,4177,sao paulo,SP,1,2017-11-24 12:49:13,49.95,49.95,1.0,140,49.95,0.0070921985815602835,0
388bdb0d369f29feac8efc8685c2122d,9ab7f444e69908582090900bf8515b68,49045,aracaju,SE,1,2018-03-19 21:51:41,129.9,129.9,1.0,24,129.9,0.04,0
e6e0618de2bf52a7ee1cad143de4046a,4a782d1a71c00543f1a63a5373a956f1,6462,barueri,SP,1,2017-11-08 14:04:19,50.9,50.9,1.0,156,50.9,0.006369426751592357,0
0a89839c1ac53ef740c64b6ac372e550,06c1d5b76a376c34b1e1602f9a000395,89900,sao miguel do oeste,SC,1,2018-04-13 10:15:50,101.5,101.5,1.0,0,101.5,1.0,0
5bb8de60ca2ca8b01a5ce471802fe10b,75a8009b779f5925f34196f17b19962a,22450,rio de janeiro,RJ,1,2017-11-24 01:40:48,159.9,159.9,1.0,140,159.9,0.0070921985815602835,0
d47f8741df1a3ff838352d123a9c0a0e,641584b3ec3027aaf8fa9c088f1a1a00,16400,lins,SP,1,2017-11-05 09:53:54,16.48,16.48,1.0,159,16.48,0.00625,0
d29e47a53896a15a89594f91b919553f,19c77cf8268b9c825eb61e6b5644dc65,74115,goiania,GO,1,2017-04-17 06:41:44,158.9,79.45,2.0,361,158.9,0.0027624309392265192,0
0a88dbb52560ef62331305c8c92488b8,b3a6549b3cd47a7117094faafce8b10d,6036,osasco,SP,1,2018-02-04 12:49:51,98.0,98.0,1.0,68,98.0,0.014492753623188406,0
1867fd3a705e13f9043a5411e03958f9,4d7b6c39aa3c7b53acb8058e4094a593,5187,sao paulo,SP,1,2018-02-20 09:50:20,149.9,149.9,1.0,52,149.9,0.018867924528301886,0
f15502451cc5bdea5784089fec299f8b,1da09dd64e235e7c2f29a4faff33535c,24020,niteroi,RJ,1,2017-05-10 14:04:15,439.8,219.9,2.0,338,439.8,0.0029498525073746312,0
48c73fe43ce5ef6d2be347c14ece9be3,a16dd53de73ca084b5ee94e290101770,82200,curitiba,PR,1,2017-12-08 11:23:41,99.0,99.0,1.0,126,99.0,0.007874015748031496,0
eb14560bdf0397941f4146f43f653496,0d997d092f93b5c58d0f9b4bd0643d16,13206,jundiai,SP,1,2017-12-01 20:48:11,74.9,74.9,1.0,133,74.9,0.007462686567164179,0
13c42b04f9582eada34a2cb0401c76f0,b4172928c1173b4193342c1db12c956f,3983,sao paulo,SP,1,2018-03-13 23:04:33,199.0,199.0,1.0,30,199.0,0.03225806451612903,0
b0b613e9e97d82c42795abe6687ab472,a3d0d7369347537badfd5baa917348db,27211,volta redonda,RJ,1,2017-11-07 14:14:38,179.99,179.99,1.0,157,179.99,0.006329113924050633,0
9235b5fc6713b7c6c4f69975c54a8028,7e02c8933533aa2589986ed7dc51f359,18052,sorocaba,SP,1,2017-05-02 21:55:39,21.9,21.9,1.0,345,21.9,0.002890173410404624,0
08e74f467fe7b442e59c79979f4f9126,41e7f564891b2fd6a565f6db45dfae54,89253,jaragua do sul,SC,1,2017-12-08 13:21:55,251.8,125.9,2.0,126,251.8,0.007874015748031496,0
21d1c2c0b399a42369744faf573109f4,e984a97604a2b9159b22b57d5f7a8d38,13451,santa barbara d'oeste,SP,1,2017-09-04 20:10:25,72.8,72.8,1.0,221,72.8,0.0045045045045045045,0
96a68cae26d14cd164323c6bcc6eba60,a06f91da0bcf4f2ba635ee92ba3c33c6,18800,piraju,SP,1,2018-01-30 21:33:10,37.99,37.99,1.0,73,37.99,0.013513513513513514,0
64054fd2cd8632880c7ed98487b58b6b,ae8a79ce69b567fe6271e60973279185,40080,salvador,BA,1,2018-02-04 16:10:12,49.99,49.99,1.0,68,49.99,0.014492753623188406,0
c69c9c755315a1cc8e9982dbbf8ccb59,30a81e307f19e822e7199139fe52b1b0,39820,novo cruzeiro,MG,1,2017-10-23 11:49:48,27.99,27.99,1.0,172,27.99,0.005780346820809248,0
20fad7bda07c51e347aa6f947f5a6771,c6b6b60c58ee97f4536c1eba5c2d110c,74843,goiania,GO,1,2017-11-09 11:03:55,138.55,138.55,1.0,155,138.55,0.00641025641025641,0
5271dbf2466ac47f5a7cf3d845a46d1c,a09cbb7e4a26757aa3df0191bf48b0ae,33861,ribeirao das neves,MG,1,2017-04-26 09:39:23,44.9,44.9,1.0,352,44.9,0.0028328611898017,0
fe9d20bab93bc661ba9037d5bde82cc4,f3366ebc755091e690a6c17dc75de346,8391,sao paulo,SP,1,2017-08-21 18:57:12,109.9,109.9,1.0,235,109.9,0.00423728813559322,0
932855634dedea1d4afc7a247afea5d7,82f62c72ea40104e50dc613f6fc5a784,39401,montes claros,MG,1,2017-10-30 14:08:55,110.0,110.0,1.0,165,110.0,0.006024096385542169,0
28ec50f091f0e77b714b91eac5074c01,09359dad1729f1280845344ebbd6263b,36570,vicosa,MG,1,2017-11-30 16:09:24,125.0,125.0,1.0,134,125.0,0.007407407407407408,0
a0dbda9ba9675d8f5837d7d143314701,816e808e3042b39419ced774da4bbdaf,6233,osasco,SP,1,2017-05-28 20:16:50,65.0,65.0,1.0,320,65.0,0.003115264797507788,0
434578b516569304f13fbe1d24226ffc,42ae425e8f3501d833c5deb1056bbe41,20231,rio de janeiro,RJ,1,2017-06-08 17:59:16,44.9,44.9,1.0,309,44.9,0.0032258064516129032,0
4b6cc748c9b98d12cef260aa6d33d5b7,efba941329ad1c804de0de92ebe0d891,1046,sao paulo,SP,1,2017-11-16 14:12:24,140.0,140.0,1.0,148,140.0,0.006711409395973154,0
a3b4c3dae12aba9af184847b0bd58144,095bda19d5c201b54204a05275bbd9ac,23095,rio de janeiro,RJ,1,2018-01-09 12:23:00,69.99,69.99,1.0,94,69.99,0.010526315789473684,0
1ef627892521e8ab02bb728a2bb2bb65,532c0dcda57eb6d60990536317479e79,4856,sao paulo,SP,1,2017-02-22 21:31:09,49.99,49.99,1.0,415,49.99,0.002403846153846154,0
986eba2f0d54f5b350b50ffe122ec2eb,a688f49c277a0eb82f40622a59327ebd,4696,sao paulo,SP,1,2017-07-22 20:19:16,499.9,499.9,1.0,265,499.9,0.0037593984962406013,0
6d67f906ad6110359e143ccbc441073c,5ec923ab8b42bee304595138015f7a47,34800,caete,MG,1,2017-11-07 18:47:25,27.99,27.99,1.0,157,27.99,0.006329113924050633,0
7093a3faf4512a8732f8fd29c8bd9cd6,f1ff0fa5d82e03fddeb5bab56ace14a6,9120,santo andre,SP,1,2018-03-18 10:08:40,127.9,127.9,1.0,26,127.9,0.037037037037037035,0
55dacd547a813a182aa5c6033382abf8,51d894452b659d22c345da849bb27631,35774,paraopeba,MG,1,2018-02-14 10:14:46,109.99,109.99,1.0,58,109.99,0.01694915254237288,0
0096dd625383caa8afe2c028018bf4ce,8d78819a02ccaa0243dbdb0888c7ba8b,23013,rio de janeiro,RJ,1,2018-04-11 13:27:29,499.99,499.99,1.0,2,499.99,0.3333333333333333,0
058f3fdd496fc2cd91c21bf8fe4b1a29,80daff16b5c8f4ec8b89fe10a66a3cc1,60325,fortaleza,CE,1,2018-04-05 22:12:22,44.95,44.95,1.0,7,44.95,0.125,0
1927c5e53ceafe1b0d6a5ca2f20286d8,838aa2f09ee5cbf0fb2ca07b1cc2c5e4,20780,rio de janeiro,RJ,1,2017-12-18 22:40:03,120.0,120.0,1.0,115,120.0,0.008620689655172414,0
b79dae897347b6c137d63e50b5be5b1a,318b8659483e12e9cbe1e6550d97f9d9,89052,blumenau,SC,1,2017-02-09 12:53:13,309.9,309.9,1.0,428,309.9,0.002331002331002331,0
dca4146c656edd385afbab8f8e1462b1,f80242bdb5b97002ad7a221092503c3d,99040,passo fundo,RS,1,2017-12-11 21:19:09,28.9,28.9,1.0,123,28.9,0.008064516129032258,0
7890b92d81dc0d0d7325b2cda4cd14a6,ddef46cba050fd5946353e6c0db57c69,18601,botucatu,SP,1,2018-02-14 18:25:34,180.0,180.0,1.0,58,180.0,0.01694915254237288,0
428e0381c7a36540d57562f45cf9abd6,b4184ec976917fc7cb365a1a55524013,22621,rio de janeiro,RJ,1,2018-01-12 04:13:58,88.0,88.0,1.0,91,88.0,0.010869565217391304,0
b1517b4078772e718a46e03f9ea9321f,7062c39f1843312ff40c29838e4a8960,13295,itupeva,SP,1,2017-06-20 15:00:00,39.9,39.9,1.0,297,39.9,0.003355704697986577,0
e8e957a7fcefa603bbdca0f5a33db8e5,75ba8ec3ede6b7de574025a007c41f13,88056,florianopolis,SC,1,2018-01-21 14:07:05,56.99,56.99,1.0,82,56.99,0.012048192771084338,0
db1fe2ae7820e9233b572700af9930b2,f81ebcdfffa17b86ae52ba407ef69a99,4019,sao paulo,SP,1,2018-03-15 16:24:11,270.0,270.0,1.0,29,270.0,0.03333333333333333,0
3d79e35468914192eb3d1b15687d34a4,686f427fbeebfc5e7459e9d216ef1b8e,4707,sao paulo,SP,1,2018-04-10 16:06:56,459.0,459.0,1.0,3,459.0,0.25,0
916be9fbe6a29f9692b0383141e28ebf,5aabf2f00c4169c998bd00b0c1eff66f,21720,rio de janeiro,RJ,1,2018-01-26 20:31:37,19.9,19.9,1.0,77,19.9,0.01282051282051282,0
df8e6c9af17b5106918747256f7326dd,59320290aeb1ca17c488a7090a1c0944,30672,belo horizonte,MG,1,2017-05-29 23:34:35,69.99,69.99,1.0,318,69.99,0.003134796238244514,0
21d33cd24f2d3c53dac9f3ccca13d0b0,2c80b5ab9184335ff3817eb47d72ea96,3331,sao paulo,SP,1,2017-12-08 09:12:15,166.99,166.99,1.0,126,166.99,0.007874015748031496,0
59d23acdbb3055458d86a0a379571d00,8b953dc2d362eee6fa5f467ffd36001f,40285,salvador,BA,1,2018-01-03 09:50:09,389.0,389.0,1.0,100,389.0,0.009900990099009901,0
cbd97d7b036a5039e4b48265b7a7a310,1a3da3e42697a3bb6dee21ca7cfe58c8,48030,alagoinhas,BA,1,2017-04-26 14:23:00,125.9,125.9,1.0,352,125.9,0.0028328611898017,0
ba1dd8870e56a890d5a6e8a6becbe311,06ac67aef7797f7d7bca9a777136b752,37300,andrelandia,MG,1,2017-12-01 09:10:30,45.99,45.99,1.0,133,45.99,0.007462686567164179,0
0fddc72936ca7ecca93b3e77a3bece43,1de70eb12314df7468b765ae44812f0d,14021,ribeirao preto,SP,1,2018-02-18 21:44:22,36.9,36.9,1.0,53,36.9,0.018518518518518517,0
4243bdfc60a8e749ec908454e94d0b5d,d94320c3d899128c8374fa05c980f56b,78635,agua boa,MT,1,2017-09-19 11:07:54,57.8,57.8,1.0,206,57.8,0.004830917874396135,0
7a79ee1f4b2b1e45b054ef61a44f706e,06a247426fc77f880369ccb79779d3e1,13026,campinas,SP,1,2017-03-16 13:46:58,27.99,27.99,1.0,393,27.99,0.0025380710659898475,0
93516ce404b65731cecbd93db7392d33,02198c63d3e65ea299d6d8d3c7a11665,7241,guarulhos,SP,1,2018-04-11 10:58:05,14.2,14.2,1.0,2,14.2,0.3333333333333333,0
e82d6367836edabacca2a82a785e6e00,6eb453dca2505def092eb261e3a3d8d0,7950,francisco morato,SP,1,2018-03-29 18:23:50,55.9,55.9,1.0,15,55.9,0.0625,0
ab81dc95c137f31d229c1b9c4e901149,634673493639273c0801012b11364bc4,88950,jacinto machado,SC,1,2017-07-25 00:12:29,144.99,144.99,1.0,262,144.99,0.0038022813688212928,0
9436ddafba22b7bce5b50f2a4ca57246,226587d259aeca3cfe9ba63b4b4dbde9,55870,timbauba,PE,1,2017-08-06 12:21:39,205.0,205.0,1.0,250,205.0,0.00398406374501992,0
b7a710ed2201bd2cbe88944e34b40bcc,e9a79e74f1dcd2b7b6dbed7469326104,68901,macapa,AP,1,2017-10-01 16:34:38,44.95,44.95,1.0,194,44.95,0.005128205128205128,0
31982f03a9615f0b78174bd6662d4aad,17c943e1b22b34cc6bf712e9c623ef62,82810,curitiba,PR,1,2018-01-04 13:30:02,139.93,139.93,1.0,99,139.93,0.01,0
ee2d4819ce761bd16ca6692f879caf14,2b8de040fdd95ad2c9e6cacaf98c5644,20540,rio de janeiro,RJ,1,2017-09-28 21:20:56,59.9,59.9,1.0,197,59.9,0.005050505050505051,0
9a9059f7c8537c6ffb5610f5202ccfb7,189a05aa2dde9d531cb955584df08c1f,4421,sao paulo,SP,1,2017-09-16 16:25:19,270.0,270.0,1.0,209,270.0,0.004761904761904762,0
0fe659cea15a1e88642bb0723ac69e20,514e32c6841678ef0303459cd3a3c39f,89874,maravilha,SC,1,2018-02-07 12:29:42,19.9,19.9,1.0,65,19.9,0.015151515151515152,0
ecbecd6ba589b89e56db7f5b74d387d0,b0ac5b393b78a6e8185fd3acb154748d,99150,marau,RS,1,2018-02-14 11:43:40,182.0,91.0,2.0,58,182.0,0.01694915254237288,0
60a5aba7b553b44da85505197830d17f,92194b068ea27de300852fd169d8bf69,28300,itaperuna,RJ,1,2017-08-11 07:43:37,269.99,269.99,1.0,245,269.99,0.0040650406504065045,0
97976723d84afda08b4bfc980d17e2f7,5994d2b33880c3b026f1144c32947521,1526,sao paulo,SP,1,2017-12-11 12:09:34,179.8,179.8,1.0,123,179.8,0.008064516129032258,0
9786fb06d77d78eb58eb38a4d3a35ac6,3883df9b90b31b4e1782b3b751617f78,38200,frutal,MG,1,2017-08-23 12:29:54,260.0,260.0,1.0,233,260.0,0.004273504273504274,0
2dc8d638c52999a8015152034bae940c,81c6970edca6f95fe01dc74daca86022,7190,guarulhos,SP,1,2018-02-28 13:53:06,24.99,24.99,1.0,44,24.99,0.022222222222222223,0
d1eae5d8fb3c1a1472eda31a5f9ff3f0,9b79aec89c7df00d67d7a0ec8a9bbb7e,5143,sao paulo,SP,1,2017-07-24 23:29:44,49.0,49.0,1.0,262,49.0,0.0038022813688212928,0
8b20eb37b30208feef373de67fc749e0,c9d0b6cc7d9fccb750ba1cc6c4b76ecb,38627,palmital de minas,MG,1,2017-03-21 20:20:14,0.0,0.0,0.0,388,0.0,0.002570694087403599,0
d4a65aa3f22563ebd6dfa3d71eaf9f3d,8129d2ad113a6c621bef0f4e6e19209f,78099,cuiaba,MT,1,2018-03-08 17:41:50,18.9,18.9,1.0,36,18.9,0.02702702702702703,0
194bfa6e3a7191e554f24e92d2651ce4,fd6903dff2b9940dc1626ad81049a6a9,18081,sorocaba,SP,1,2017-11-28 14:09:58,30.6,30.6,1.0,136,30.6,0.0072992700729927005,0
a6e22c9df7242208bd27554da4b6ee97,211973429b3ca75e0d50d81334502de4,2878,sao paulo,SP,1,2017-11-13 19:55:04,99.0,99.0,1.0,151,99.0,0.006578947368421052,0
429f3e681a0604e810da36578f7d2808,32668a1135a7b7cb6a8462661979fdd0,26215,nova iguacu,RJ,1,2017-04-26 09:22:00,99.0,99.0,1.0,352,99.0,0.0028328611898017,0
c767121cc11b2c981fc93dc686c8c9cd,0b052dec06c1d5bdf49eb19ad47cb630,13960,socorro,SP,1,2017-09-02 18:22:11,112.9,112.9,1.0,223,112.9,0.004464285714285714,0
be3259fe9f5ca5002148b8deaf52a84e,93299b9214b83dfd27be73688fa20854,12908,braganca paulista,SP,1,2018-03-22 18:49:32,12.9,12.9,1.0,22,12.9,0.043478260869565216,0
d1926a6e8068d2bb5d6439d80a52c8df,7e988d4529e91738351be25a6cc4f36b,13405,piracicaba,SP,1,2018-03-12 11:05:17,23.0,23.0,1.0,32,23.0,0.030303030303030304,0
7cb980ea48f7332f0c397cce1a900e59,71ac63cf26120dafb6d3c73aca37376f,89260,jaragua do sul,SC,1,2017-11-26 10:24:33,16.8,16.8,1.0,138,16.8,0.007194244604316547,0
8e71dc840067c82e8b4ac32521c9bcb4,12d43aa0d63d45af21a491244b44e73e,32210,contagem,MG,1,2017-12-07 09:27:23,113.0,113.0,1.0,127,113.0,0.0078125,0
2ed09823e71fb5ae028dc8c32c3ed539,fd8abe602ce8ebd7a043782261cb6cda,5164,sao paulo,SP,1,2018-02-22 15:18:45,27.98,13.99,2.0,50,27.98,0.0196078431372549,0
3afcd4f9f9411b8cb8f1d250b0a6f6c2,b6b1da1ef61aceafc708a1f8f54d9e1c,89580,fraiburgo,SC,1,2017-07-30 21:20:32,49.0,49.0,1.0,257,49.0,0.003875968992248062,0
fa087843ff42cf337317d1f3f62fb18b,34934e77f99973267ba7e7f1ee3654a0,5612,sao paulo,SP,1,2018-01-27 10:40:48,199.0,199.0,1.0,76,199.0,0.012987012987012988,0
190bec9db381391c8fb5d55583bfaf76,1f5cf8f78d703ec25877401e90991f01,32050,contagem,MG,1,2018-02-04 19:29:46,39.49,39.49,1.0,68,39.49,0.014492753623188406,0
96e99e9c96df10ace8cb672ce133896e,b0765213c38298fb584fee79eb17099e,55900,goiana,PE,1,2017-09-09 04:43:33,119.99,119.99,1.0,216,119.99,0.004608294930875576,0
d3a8cc265821db8dcbc9fc1c6cc30ca2,375285e23c212a027d6208103a3bd6f0,70686,brasilia,DF,1,2017-07-28 12:10:15,56.9,56.9,1.0,259,56.9,0.0038461538461538464,0
ce0e4aa2edb8897873ad62d4e345aed8,39b8513b07dc4cf2299ebeb41fc2c10f,88780,imbituba,SC,1,2017-12-21 23:07:56,21.9,21.9,1.0,112,21.9,0.008849557522123894,0
8d5835c2acf4c6a7e16dc7f1ae375229,931ad7421a1ae10f94cb465c12d83e64,25680,petropolis,RJ,1,2018-01-20 07:56:02,239.8,119.9,2.0,83,239.8,0.011904761904761904,0
a979b3cbd898fd8be91a290a667fd0d4,741996aa586218efdc5169365507510d,12247,sao jose dos campos,SP,1,2017-10-16 21:13:03,200.0,200.0,1.0,179,200.0,0.005555555555555556,0
3341be95ea1ab09188c5f09f685ca08c,62e88325e64180a4f29aeda939bd23ae,6210,osasco,SP,1,2018-03-17 09:21:42,144.99,144.99,1.0,27,144.99,0.03571428571428571,0
1a22e6479387999f2ed113ba43c35c52,40b846ba26c7815324b73029c3ccbad9,28925,cabo frio,RJ,1,2017-03-20 08:32:54,50.0,50.0,1.0,389,50.0,0.002564102564102564,0
bb0fa453b48c8f4c9a4b461f14123095,017d9afa17ebea3b2a7c03ed6bc954be,5351,sao paulo,SP,1,2017-07-15 09:42:52,29.0,29.0,1.0,272,29.0,0.003663003663003663,0
0dfb5e354867126d5a1cadbe738c4456,77cde19d9149f8fbb9e207c778fcd269,29075,vitoria,ES,1,2018-03-27 10:04:30,43.9,43.9,1.0,17,43.9,0.05555555555555555,0
3d97524e491c9aba1f09141ecfde08d4,5b4f4020c6264b792133c4a42e41a0b3,13483,limeira,SP,1,2017-01-28 23:29:12,42.99,42.99,1.0,439,42.99,0.0022727272727272726,0
73f98782f67f44297697ea25d96bd871,2a11aff1149cd4eb6f3999a463681338,74620,goiania,GO,1,2017-04-12 21:33:29,89.9,89.9,1.0,366,89.9,0.0027247956403269754,0
7b4af48119080837db56a8c7d53ecc08,6e47014313b6b80ef3dd44568083862e,6472,barueri,SP,1,2017-04-26 16:23:04,1740.0,1740.0,1.0,352,1740.0,0.0028328611898017,0
f6aea23d42015e5827c45f6126bcbf76,4b2d4a25c992ae27e00ad7f7048fe99c,5006,sao paulo,SP,1,2017-12-31 12:28:54,899.9,899.9,1.0,103,899.9,0.009615384615384616,0
57ee2ef64f17a5f9a4bf30489b06326c,91a7366b39d3620ce44f85fa5d116896,24120,niteroi,RJ,1,2018-01-23 10:32:39,42.9,42.9,1.0,80,42.9,0.012345679012345678,0
7c5b076d0e0538b3a1d4899bd25f9545,5bd86f8bd79bd3de2c99a5af1699b6a1,29620,itarana,ES,1,2018-04-03 17:25:14,350.96999999999997,116.99,3.0,10,350.96999999999997,0.09090909090909091,0
905d495c51041b7d72f23d18e6060fb0,a569478fd806a92eb0fe92543705629e,13052,campinas,SP,1,2018-03-14 21:03:17,40.0,40.0,1.0,30,40.0,0.03225806451612903,0
41f91ce48b296660bfe6c74c0eb433bd,be78fe18d6d83eb21da1ebcfec038062,78360,campo novo do parecis,MT,1,2017-04-08 22:07:33,42.99,42.99,1.0,369,42.99,0.002702702702702703,0
e4ee810bc2b3c953b3a94186d5709182,e8575830deb710a62749c4d97325a67f,14770,colina,SP,1,2018-01-24 21:09:31,97.49,97.49,1.0,79,97.49,0.0125,0
5fecda646005785f0338ead4ed426198,9ad1506972e27cf782ac75246c5ee76e,24140,niteroi,RJ,1,2017-01-26 18:04:03,26.0,13.0,2.0,442,26.0,0.002257336343115124,0
dd11273e6cc22bcc6eb8258d902cb5bd,eb381bc770bf60e048765e457d4b792b,75650,morrinhos,GO,1,2018-01-16 18:22:12,69.9,69.9,1.0,87,69.9,0.011363636363636364,0
d325c94c9291ed4d4eff97bc40981b6a,a4f60f87c70d2f39dd474cbdec033310,20551,rio de janeiro,RJ,1,2018-01-22 21:45:48,79.9,79.9,1.0,80,79.9,0.012345679012345678,0
dcd8cf51c37cad018c9281d823889da8,81196f05712a31e3b612dc0056adfc9b,13273,valinhos,SP,1,2018-03-05 18:47:32,72.0,72.0,1.0,39,72.0,0.025,0
d44f8f91948d0fce5a34a2fe6c7d27c5,d530319610a3b39505027578c3d3d5f1,18230,sao miguel arcanjo,SP,1,2017-12-07 16:32:47,69.99,69.99,1.0,127,69.99,0.0078125,0
9c0f2c56f67748db1ca297a8434971b4,1134ea3972f2bd7972d475c51224ea80,32600,betim,MG,1,2018-04-04 21:58:01,99.9,99.9,1.0,8,99.9,0.1111111111111111,0
9432681221f462df34a46ddb23b6e722,a9fa065abee7aa69ab5520f67ac9a736,32400,ibirite,MG,1,2018-03-22 09:58:33,139.99,139.99,1.0,22,139.99,0.043478260869565216,0
86e497487de3cf532c87f53275ebb1cd,bc9d93b715bcf31622cd1d6df785250e,15385,ilha solteira,SP,1,2017-11-17 10:23:42,179.9,179.9,1.0,147,179.9,0.006756756756756757,0
a8b2feb6b27345e7706e17607e869eb5,51f145ebac223f064570d43d35dca418,22081,rio de janeiro,RJ,1,2017-06-04 01:07:50,131.0,131.0,1.0,313,131.0,0.0031847133757961785,0
907a616e207e060168ce482e16d3d241,0affd973ff7047918bf019d6012e5a4e,4671,sao paulo,SP,1,2017-06-28 19:31:07,99.99,99.99,1.0,289,99.99,0.0034482758620689655,0
34a53c28f4e30da0b45e69eee581a0c6,911b12b22b35d7e0a732449a0535cac7,8081,sao paulo,SP,1,2017-12-02 23:57:52,156.0,156.0,1.0,131,156.0,0.007575757575757576,0
6344d00636d39fababe43b09e0159ca2,f2259b88912a5efe2ed988413d1f923a,13419,piracicaba,SP,1,2017-03-06 00:52:32,49.9,49.9,1.0,403,49.9,0.0024752475247524753,0
928decbd71d845b2a6bf900ec9a84ffb,ed3c13cebf86c8f66d126c828eb5b945,5017,sao paulo,SP,1,2018-03-22 11:43:09,24.2,24.2,1.0,22,24.2,0.043478260869565216,0
c2a147742844075d9ecd7f1b17964a3c,d782a4eb20c1a33e026cdd576fadea73,6852,itapecerica da serra,SP,1,2018-03-22 10:01:52,57.0,57.0,1.0,22,57.0,0.043478260869565216,0
03ce4fbe5fd3c67bfa9c7b6f87dea760,d149d3c210bfa99beadbc7cc68c4f43c,18040,sorocaba,SP,1,2018-03-18 19:08:55,139.9,139.9,1.0,26,139.9,0.037037037037037035,0
112bade7b7b461df9734fb6fa2ec6b2e,9e137e66bb4189d9537ed86be226200c,4141,sao paulo,SP,1,2018-01-03 14:24:39,18.9,18.9,1.0,100,18.9,0.009900990099009901,0
29956a2d27615abad8aeb1a74d4968d6,c1d455bc2f60804d1deb27db7f1821cb,41680,salvador,BA,1,2018-02-05 21:19:07,171.8,85.9,2.0,67,171.8,0.014705882352941176,0
18976320a78fdd6d267719e22e7d0d1f,d945f8b538d3b40944c770d07feb9236,97010,santa maria,RS,1,2017-12-30 11:37:12,89.9,89.9,1.0,104,89.9,0.009523809523809525,0
a2e02f003a155f5ca89a4fd48cfe2068,37f189dbcb4d9c62cf25ffc3e16c5bc0,68908,macapa,AP,1,2018-01-04 20:17:29,173.0,173.0,1.0,99,173.0,0.01,0
511f8f1b15ae846f219dde14f0fbfd5f,62e037b825d1704b51c0e38c70d38623,23033,rio de janeiro,RJ,1,2017-08-16 01:56:09,132.9,33.225,4.0,240,132.9,0.004149377593360996,0
2b829a337fad82db503dba0855ddb3ef,35e55d54b4ad458292b297b82dd30e0e,89258,jaragua do sul,SC,1,2017-11-21 23:58:55,159.77,159.77,1.0,142,159.77,0.006993006993006993,0
927b5dc6871a9349fe880e674f2bed6d,0066b328e72fd82fd7420bf849c0e8b4,6112,osasco,SP,1,2017-09-04 14:01:22,84.94,84.94,1.0,221,84.94,0.0045045045045045045,0
00cef6d9683eaa39aaf401e3b02bdbca,90a8e532133d8d1bb8a49c3ea08aaff6,74140,goiania,GO,1,2017-08-16 22:23:32,200.0,200.0,1.0,239,200.0,0.004166666666666667,0
514c224360b5f3d898bc57052663ba38,f734a61bce870e6fd0918d29ac95d663,75908,rio verde,GO,1,2017-12-25 17:49:18,109.9,109.9,1.0,109,109.9,0.00909090909090909,0
de585d9d5ef9119705a445eb50800d81,2de37786adafb2cbac4f30b4c8f6d862,79003,campo grande,MS,1,2017-08-09 16:51:20,139.9,139.9,1.0,247,139.9,0.004032258064516129,0
10ff941e2e8aa6856dd1a89a45395fd6,ffa17ff63f95ea3c838670e61d2666e0,13212,jundiai,SP,1,2017-03-13 15:34:51,69.5,69.5,1.0,396,69.5,0.0025188916876574307,0
bc746f1c6fcd8b31f1feaf2111a780bd,781686ab28fa4aa5816b213c5a7d2a5b,1227,sao paulo,SP,1,2017-08-25 11:59:24,310.0,155.0,2.0,231,310.0,0.004310344827586207,0
607bf1e28bda8abb586b37e68ba5dc7b,d6612e3f1f61a49833a2a0e600a110cc,3277,sao paulo,SP,1,2017-10-20 14:51:17,69.9,69.9,1.0,175,69.9,0.005681818181818182,0
1d2a30627555e9f9e4948031b23ae4c7,99da07e0f4c905ababa637f19e0840e0,32060,contagem,MG,1,2017-05-07 19:13:36,26.9,26.9,1.0,341,26.9,0.0029239766081871343,0
a8982ac9d6737eaadd0c9fc308225678,4b8ed1a95bc49d9f66cd093749cb8850,17511,marilia,SP,1,2018-04-13 10:57:27,66.9,66.9,1.0,0,66.9,1.0,0
aad20e68b92b9d5989bb98698bec41d1,56d9f7e21e5646dbe8148f88453ea798,28695,cachoeiras de macacu,RJ,1,2017-02-07 11:21:12,99.0,99.0,1.0,430,99.0,0.002320185614849188,0
6f871c46ee705cbcd7e7a24a97db6c95,6d63baa010a3cc40160c265a6338464e,4149,sao paulo,SP,1,2018-04-07 17:46:46,110.0,55.0,2.0,6,110.0,0.14285714285714285,0
e787ddf38676914ffe9704e1766096ab,5e0e18fbc2af5e1582f7c30d03df2cfd,98870,girua,RS,1,2018-04-07 20:39:43,129.9,129.9,1.0,6,129.9,0.14285714285714285,0
c4d2b21d80e07bd6d1b8e170b9ae4d9d,4766c34deb79566d30d1c7a51ea898f7,7600,mairipora,SP,1,2018-03-03 14:42:08,209.0,209.0,1.0,41,209.0,0.023809523809523808,0
31bd04a70aa18c5d0a7c018476942bf7,e1bb89e184a3ee00f67e1391ac497fab,13188,hortolandia,SP,1,2017-12-10 19:30:45,87.85,87.85,1.0,124,87.85,0.008,0
39191326614629fe426ee7f7a8d6e308,70c2d396ea65224df3f901b0d0cd56c0,75110,anapolis,GO,1,2017-06-18 22:17:25,18.99,18.99,1.0,298,18.99,0.0033444816053511705,0
0a49cae060b40b5446c56ec40f7792c4,8483380368f794011993cbca25afc573,31060,belo horizonte,MG,1,2017-05-29 17:46:09,109.99,109.99,1.0,319,109.99,0.003125,0
74502fbbbd38239f24de0a6f23fb80bf,7b77acd456c2fb1a1d2d58ffedd5703f,38408,uberlandia,MG,1,2017-11-26 21:54:41,17.85,17.85,1.0,137,17.85,0.007246376811594203,0
ad4bd45f6fff9e63bc8447af2af95544,8293393fa92d4db6500fc4cda0ef3537,7500,santa isabel,SP,1,2018-02-14 13:38:46,89.8,44.9,2.0,58,89.8,0.01694915254237288,0
53031c006554e1e156ceada9024bba5b,8d967c56f48bc2433649366603cb4c1f,76465,montividiu do norte,GO,1,2018-01-18 14:13:04,17.99,17.99,1.0,85,17.99,0.011627906976744186,0
5c5900f95b97a43ce03452532b9ac643,63fb8a728fc3b74d54323163cca21f62,27534,resende,RJ,1,2017-07-08 12:31:36,159.0,159.0,1.0,279,159.0,0.0035714285714285713,0
93ce9a6cacc23c3350af92246db9ec67,37d84cb1a9131b83210f3b6b188187bc,72215,brasilia,DF,1,2017-11-28 12:08:52,83.3,83.3,1.0,136,83.3,0.0072992700729927005,0
8162c84c0c0b52ba588177cc17e384f0,46276637ad6a208abe2d21eac707c73a,62898,dourado,CE,1,2017-09-17 11:53:52,199.9,199.9,1.0,208,199.9,0.004784688995215311,0
2860ca56e5fb60bf979dbea037d34871,c1ac8671710678fddc631960cbd57121,40420,salvador,BA,1,2017-12-05 16:37:53,249.99,249.99,1.0,129,249.99,0.007692307692307693,0
11ee259027b2302ab1d54d38f5ec9b12,bab6c17a869a2f61f17e8a429e919c2c,13995,santo antonio do jardim,SP,1,2018-03-16 06:33:51,85.5,85.5,1.0,28,85.5,0.034482758620689655,0
553c6d0e5cb98f7510e2b0ae4a1acc25,badbd3514ce6acd74b4494bccd67ec1e,68500,maraba,PA,1,2017-10-12 16:48:22,40.0,40.0,1.0,183,40.0,0.005434782608695652,0
4c5307b6e161dfcaef72525344e6d663,fc96b151e3ed7bd7e6794dfe835c19b8,7807,franco da rocha,SP,1,2018-03-26 12:15:39,17.89,17.89,1.0,18,17.89,0.05263157894736842,0
c95f04df0950db371171123b5675448a,00cc7c54469f4177319d6bb12e883652,68140,uruara,PA,1,2017-04-18 12:24:29,157.9,157.9,1.0,360,157.9,0.002770083102493075,0
4e086f7e9dc0292c1e8e9e5aba786313,f04262ae7b441d112b817c6ff5dd6b60,96820,santa cruz do sul,RS,1,2017-12-08 09:35:32,59.0,59.0,1.0,126,59.0,0.007874015748031496,0
3a05feb5eaa782c7558fd51a2ad9c4f8,c226fba3eb6760cbfc223aa8daa96b0a,6730,vargem grande paulista,SP,1,2017-09-09 18:17:29,34.9,34.9,1.0,216,34.9,0.004608294930875576,0
ae9cc596d22235c547acce001f90fc33,930dfe46b364af81db0fb4828bce74c9,74675,goiania,GO,1,2017-11-02 14:51:11,189.0,189.0,1.0,162,189.0,0.006134969325153374,0
23ddf94544227d2f8d924c2051a6c0b9,725d3939caba3587f5d358c8e9cabb4d,83206,paranagua,PR,1,2017-12-05 19:05:20,99.9,99.9,1.0,129,99.9,0.007692307692307693,0
9adfdc90845f16f214dd33af84f31922,4f0e70998b3d9a87900e2fa56e87ddae,54325,jaboatao dos guararapes,PE,1,2018-03-15 22:24:24,77.9,77.9,1.0,28,77.9,0.034482758620689655,0
b563a655fd86010adaad1e9708b0c33b,3871b0ab0166a2f441fa762f5206cacc,7210,guarulhos,SP,1,2017-09-10 22:33:41,259.9,259.9,1.0,214,259.9,0.004651162790697674,0
ec19c50d2dffbbac741ae04db916de32,daa95fea6e6c81a479ab2357139c148e,88780,imbituba,SC,1,2018-01-06 21:22:25,19.9,19.9,1.0,97,19.9,0.01020408163265306,0
cd468aa55db7ae88a497a08f2f05bbd0,347db05aef50663173f7a9db451e1eaa,45790,potiragua,BA,1,2017-03-27 21:56:21,50.0,25.0,2.0,381,50.0,0.002617801047120419,0
f19b781c401819a9e33140da6fdcf8fa,e0ac4b0e56e5c5572bba260074468013,30240,belo horizonte,MG,1,2018-03-27 07:30:38,58.9,58.9,1.0,17,58.9,0.05555555555555555,0
7306c159c7f7c1dfc52c15c62530ea69,dd493718ff91bbd78cc0183714db5e41,96880,vera cruz,RS,1,2017-11-08 21:07:51,40.0,40.0,1.0,156,40.0,0.006369426751592357,0
a51e47ac951463f4271e64d41b628a7a,339f4919a71b0fc8390b936db62e85ae,96415,bage,RS,1,2017-06-07 11:41:26,9.9,9.9,1.0,310,9.9,0.003215434083601286,0
e47110abdbd56729270e9c2a8c552a72,4f09f32414a1fb26c34acc8b6397bfaa,78635,agua boa,MT,1,2017-05-05 20:59:41,237.8,118.9,2.0,343,237.8,0.0029069767441860465,0
bafd4361ea9061be4b18bbc25300f2b9,ada075db68fd3e0c522fb5a9e2b26805,4809,sao paulo,SP,1,2017-12-11 01:09:44,39.9,39.9,1.0,123,39.9,0.008064516129032258,0
3998a0d02d68754d86e5b95e2ba4add9,bca0ed496a4bfe9c91a37b11ab1444e4,18603,botucatu,SP,1,2018-01-08 11:13:11,35.0,35.0,1.0,95,35.0,0.010416666666666666,0
956d144703c3b72fcb05e587e39f3ab2,14bfccea43b3abfbfb32eda0341149eb,36165,tabuleiro,MG,1,2018-01-12 17:02:11,234.9,234.9,1.0,91,234.9,0.010869565217391304,0
d568e7d521edb18c32a390f5862b9783,8e52eb09fa2a5cb317ee70dd01372b80,4193,sao paulo,SP,1,2017-03-09 15:53:07,52.9,52.9,1.0,400,52.9,0.0024937655860349127,0
4915b5f798ba5172def6562538b6cdbd,c5b58e89d4e287e453b4a0bffcf7a025,14140,cravinhos,SP,1,2017-07-28 10:51:19,119.0,119.0,1.0,259,119.0,0.0038461538461538464,0
15c502883c5a88805a3d30df33ec577d,f4a3e4576145cd70ec4174478b00913a,25975,teresopolis,RJ,1,2017-10-01 17:52:59,182.99,182.99,1.0,194,182.99,0.005128205128205128,0
97b50939d4b8da29f262e503097841d5,efec97e785d799b02f2f8a6d54babbdf,72860,novo gama,GO,1,2017-11-24 00:41:06,198.0,198.0,1.0,140,198.0,0.0070921985815602835,0
1aa505b34fe90da06e7a0e78479942e0,06fc18bbd1fff86fb06b7d75b9b4e288,49097,aracaju,SE,1,2017-10-13 14:57:28,99.9,99.9,1.0,182,99.9,0.00546448087431694,0
49c92d0c9c958885201558d0d00f452d,39d28c99c5382bfc238c047203595443,75135,anapolis,GO,1,2017-11-20 19:57:03,12.9,12.9,1.0,144,12.9,0.006896551724137931,0
2a7b2b2d08b5bda4cdd784673a9c5fc0,a3bb825683fd40e0912a603dc155bf78,18683,lencois paulista,SP,1,2017-06-14 11:13:00,34.99,34.99,1.0,303,34.99,0.003289473684210526,0
1a2c6d2c691d8bccbfddfd90c575c6e6,53b7463825251f4e9d29d7c68d429c49,5015,sao paulo,SP,1,2018-03-15 11:13:23,467.0,467.0,1.0,29,467.0,0.03333333333333333,0
e82e30a2e3e9732eb7ee6ccfab2ed181,3172f4a1df0fed35b6fc6d99e7660d30,8340,sao paulo,SP,1,2017-08-27 19:26:46,59.9,59.9,1.0,229,59.9,0.004347826086956522,0
9c0012520fca0a89fe04dccc4188df60,5d986ad97455b613b456d4a4f5293958,79080,campo grande,MS,1,2017-11-26 23:06:41,89.9,89.9,1.0,137,89.9,0.007246376811594203,0
66c1df9a7da92f26904500c8159545c4,c4d35c6abea15b0f53150ebe9f41991f,9110,santo andre,SP,1,2017-12-25 14:32:24,55.49,55.49,1.0,109,55.49,0.00909090909090909,0
34532438b4bd25e285a454257543b521,2cb009fbb4a8d0a75b6f1226f4e6a97f,22081,rio de janeiro,RJ,1,2017-10-02 12:05:39,493.0,493.0,1.0,193,493.0,0.005154639175257732,0
e847b0edd45a9a2c2af60e1a1e34c242,2fb9fe9bc2807ec282b410038d79490f,96745,charqueadas,RS,1,2018-01-21 21:19:32,39.9,39.9,1.0,82,39.9,0.012048192771084338,0
1a8582fe2b31a03c19ea05a47f1ff106,d3853962f84915235bb0691c562135af,7161,guarulhos,SP,1,2017-04-22 17:58:59,85.0,85.0,1.0,356,85.0,0.0028011204481792717,0
46ec73876cebebf34f06e8e1d4c3cb4b,1c656c3f9e7c3ef66119dacab5b9b997,5528,sao paulo,SP,1,2017-12-04 22:14:17,10.9,10.9,1.0,129,10.9,0.007692307692307693,0
7186629c8f63f25677899ab5350688c2,bd17a745be96285f2460e659b7111c73,3605,sao paulo,SP,1,2017-10-16 12:16:46,246.62,246.62,1.0,179,246.62,0.005555555555555556,0
d30c5b4b3b5e3156670d70ec32e26476,e6e5d1f33e43552ff5762bf822e53d2d,2671,sao paulo,SP,1,2017-12-18 22:09:16,119.0,119.0,1.0,115,119.0,0.008620689655172414,0
6c57ea1c63351b81d80f31330c6ca6a8,02deaccb3c4b572f6d4fb48bcd4bbec5,21941,rio de janeiro,RJ,1,2017-09-02 09:31:14,65.0,65.0,1.0,223,65.0,0.004464285714285714,0
c561b36df059630e116a8d6594ec38b1,6819c418682df38799955dc266ed2240,88056,florianopolis,SC,1,2017-10-19 10:32:32,109.9,109.9,1.0,176,109.9,0.005649717514124294,0
3e90f772b0825fa105cc50b5b98fddfc,763f67bfd24cf201e03ceae52831eff4,6273,osasco,SP,1,2017-05-12 07:18:05,165.9,165.9,1.0,336,165.9,0.002967359050445104,0
d15ea99185ee0b8f6bd7de88a8ee9444,a236735e1c15b02067a6711bafdfb317,5007,sao paulo,SP,1,2017-08-25 13:38:17,144.0,144.0,1.0,231,144.0,0.004310344827586207,0
7cbed7bf515e961b7f7dab842f9c1627,9775c540f0a4db487f546de3cdc5eccd,95599,balneario pinhal,RS,1,2018-01-14 20:01:54,180.0,180.0,1.0,89,180.0,0.011111111111111112,0
9435f264913e96d69160e6f90380c851,405565b9106ccb1e32ab1c2b023b9e21,8461,sao paulo,SP,1,2017-08-16 04:14:00,47.8,23.9,2.0,240,47.8,0.004149377593360996,0
13a9f022db58ebf4d7dc4ba0c43824f0,5010e263bcfa26a71e8dd45d73eef498,3909,sao paulo,SP,1,2017-05-12 22:41:20,67.9,67.9,1.0,335,67.9,0.002976190476190476,0
b567379ff604724e8cd07c7ea01239c6,3e4ff24b051b3808294d9c5f0ca9678d,4026,sao paulo,SP,1,2017-05-17 19:00:56,16.99,16.99,1.0,331,16.99,0.0030120481927710845,0
c92d229c20d50e665239023196185345,190ea61dbaa0b65eb0828a3f7d6a520e,79400,coxim,MS,1,2018-01-03 16:33:03,169.99,169.99,1.0,100,169.99,0.009900990099009901,0
7ee1519a04932fc747403d9f9a88128c,809ce1ac1085b68cba28dcc31e08ac22,98170,tupancireta,RS,1,2017-11-10 16:16:24,118.80000000000001,39.6,3.0,154,118.80000000000001,0.0064516129032258064,0
a9f40b63f49d9ebff8201f4df39a3a88,609b7feab0f0c9726929ec4891447b02,23057,rio de janeiro,RJ,1,2017-07-18 19:08:27,59.9,59.9,1.0,269,59.9,0.003703703703703704,0
5f7fe825c7b61d758869be903523f6bf,a5642c7d744bd5a4732b82feacde4faf,36400,conselheiro lafaiete,MG,1,2017-10-29 20:49:54,65.0,65.0,1.0,166,65.0,0.005988023952095809,0
2a62f1b9ad1f18bf82474709ddb7dee6,6515964f6d891ee5358be2d386880f9e,23061,rio de janeiro,RJ,1,2018-03-19 14:51:25,65.9,65.9,1.0,25,65.9,0.038461538461538464,0
715d679d44d3aee77a9592f6fd8c26f9,89995a85ec4c21db428413aed387c451,68400,cameta,PA,1,2017-11-17 15:28:17,143.0,143.0,1.0,147,143.0,0.006756756756756757,0
3b97b8e5873284156a95b6b8d11a9999,a5f8c9dce5b028ebacd64a271d13cb7a,38360,capinopolis,MG,1,2017-02-15 09:14:49,45.0,45.0,1.0,422,45.0,0.002364066193853428,0
ae0385f6057d8cb0b9b9ff02285be0b1,d02c24c80c0dcdf22cf585b206dd89cf,79540,cassilandia,MS,1,2017-05-29 14:42:26,339.0,339.0,1.0,319,339.0,0.003125,0
7c6c03e06257a7db4411272575ccdf1a,4acc0fb9699727463a16e94be5670204,23895,seropedica,RJ,1,2018-02-27 12:45:13,149.9,149.9,1.0,45,149.9,0.021739130434782608,0
fc29af95ef22de1bc3dbfc54556ffb0a,2200dfa3da5be08ca704e8809eecec99,88390,barra velha,SC,1,2017-12-21 12:27:13,27.7,27.7,1.0,113,27.7,0.008771929824561403,0
4b1d9c46c5fa2de5c66bade77ba60720,49af61609cd532146e7645dafc5df836,87060,maringa,PR,1,2017-02-01 18:00:24,35.0,35.0,1.0,436,35.0,0.002288329519450801,0
5a614e662afcf66da8c7bbdf13e81c50,bfe1ecef0f01ad67e5e0cf1860e94e60,17800,adamantina,SP,1,2017-09-19 09:22:36,16.9,16.9,1.0,206,16.9,0.004830917874396135,0
ac4e6e678ad7b6c5e3f90ecb4f8b9569,dba6bc21c57ea947f85b3c17b6b409a9,96400,bage,RS,1,2017-11-25 20:34:42,699.0,699.0,1.0,139,699.0,0.007142857142857143,0
f60a773af29509beb39ce69cacbae01d,a711e9ee4b20fd85ce5bae6a96543d86,32657,betim,MG,1,2018-04-05 11:04:01,49.9,49.9,1.0,8,49.9,0.1111111111111111,0
61fe8bb74fbc2eac555010a7bbe4914f,703ac5ef51ac1e720a792f4b24d74cc8,60442,fortaleza,CE,1,2017-12-19 15:54:00,149.0,149.0,1.0,115,149.0,0.008620689655172414,0
9ad2bb40f5ee7830938a7c6147146376,a0fdeef480e75b9f153729ec4b51bfa6,24348,niteroi,RJ,1,2018-03-08 15:59:13,92.34,92.34,1.0,36,92.34,0.02702702702702703,0
02b7163ebab30c1560be4d0ead691b00,189b4604b8f7cdc22fb7291a6dd5a164,83560,itaperucu,PR,1,2017-03-21 16:47:39,19.9,19.9,1.0,388,19.9,0.002570694087403599,0
3946163f3eb34032e2d75ff2b885fb98,53a104b94e4d9f4f3b427dd6e8dee994,57540,mata grande,AL,1,2017-07-28 22:01:56,288.66,144.33,2.0,258,288.66,0.003861003861003861,0
80cf55a439bbb373aea40a08515fb39b,22770768e9c650851b78132a4d881128,22790,rio de janeiro,RJ,1,2017-08-29 13:34:52,1200.0,1200.0,1.0,227,1200.0,0.0043859649122807015,0
2c4976e1803bd84665c681555bf90dfe,b34ef4d4fb47da83dea5a84f7c01f476,29144,cariacica,ES,1,2017-05-21 10:51:23,64.99,64.99,1.0,327,64.99,0.003048780487804878,0
a07ad7b210c0679a3f6f399d7be81647,7c5220bde3705831680f688799a973d6,39190,senador modestino goncalves,MG,1,2018-02-10 22:28:49,59.33,59.33,1.0,61,59.33,0.016129032258064516,0
c4f47317fc0d0ad7ed8924267314064f,acfa08f7326c2ec19985eab0ae92054a,35290,mantena,MG,1,2018-01-16 10:29:52,370.0,370.0,1.0,87,370.0,0.011363636363636364,0
517eeef342ebffcc00ee0fa2fed5f6ef,2a34af7c4b1b83d78b14cf6b9c32c3b9,5303,sao paulo,SP,1,2018-03-25 18:27:38,129.9,129.9,1.0,19,129.9,0.05,0
7fe27842c70ec6d61ee78e748021f378,61405ade03a89e7298a508f27f7be4a7,90550,porto alegre,RS,1,2018-03-13 19:44:29,151.9,151.9,1.0,31,151.9,0.03125,0
1eea92a9a3b1c77089df534a0f53915c,47ba6a4a3f0dc0d7c2f48f80d0f7c8d7,5882,sao paulo,SP,1,2017-02-22 10:39:37,25.0,25.0,1.0,415,25.0,0.002403846153846154,0
1b14541f2e9a154f71cca55619ffc6d5,b826f5a1be01413121dd40956bfb9bda,15910,monte alto,SP,1,2017-11-04 09:58:43,59.9,59.9,1.0,160,59.9,0.006211180124223602,0
115c455ac3a2dc3e5c81ea3da5659c33,98567142d17a8d8642e89af2f6c7b9cf,95340,nova bassano,RS,1,2017-05-31 21:53:32,30.0,30.0,1.0,316,30.0,0.0031545741324921135,0
21e3291def7e45a14942cfed084ac9f5,35faaf436abbafa5452ad20dcd70d692,64606,picos,PI,1,2018-02-15 17:13:52,699.9,699.9,1.0,57,699.9,0.017241379310344827,0
de8390abbc527745eca27f23b6c4f9f8,b64000eecc614f6f937967175d083228,7084,guarulhos,SP,1,2017-02-28 17:52:26,34.9,34.9,1.0,409,34.9,0.0024390243902439024,0
ad6d4e14fbcac0ec27004560ab1d0c21,7f1efc6850b3545f8e011092447e664d,6787,taboao da serra,SP,1,2018-04-04 13:50:43,49.95,49.95,1.0,9,49.95,0.1,0
480b60f05b6caa21bd6edbea402d607b,2b48a3cec8aa23ef901b3edf2689d5c5,99500,carazinho,RS,1,2017-11-23 23:04:02,156.25,156.25,1.0,140,156.25,0.0070921985815602835,0
dcf35909bd6d59358d82224a65e18524,78ffd1163a95d8e8472ae6b457788dc9,85855,foz do iguacu,PR,1,2018-03-21 12:06:50,215.0,215.0,1.0,23,215.0,0.041666666666666664,0
b9c7a79a20537b1e943044225f0b0113,0451ef5a31cea3e14ce02d768d7c9943,41800,salvador,BA,1,2017-04-14 18:09:37,194.99,194.99,1.0,364,194.99,0.0027397260273972603,0
121c6e0fb5e68761d78dd726a77e9047,ad6e470bbf6ffdf49e9e1a709f964567,13420,piracicaba,SP,1,2018-03-14 10:56:58,159.0,159.0,1.0,30,159.0,0.03225806451612903,0
77f030ba93444a3241b1ead8a9a0dd30,e8be09550b852a11f232d0acd991d9f0,40415,salvador,BA,1,2017-12-28 13:09:57,199.0,199.0,1.0,106,199.0,0.009345794392523364,0
606ee56c24ba3bbe8db80bb73ff1dcb7,192eefceff02aa918c56d35357557d93,84053,ponta grossa,PR,1,2018-01-03 17:44:15,230.0,230.0,1.0,100,230.0,0.009900990099009901,0
874dc4a508727925e855857a24f95ee5,f4c659ec6db0bd31138440116e500c4b,59091,natal,RN,1,2017-11-15 11:45:03,42.9,42.9,1.0,149,42.9,0.006666666666666667,0
8bea0b231b8b08343ee31038e855d620,582af3879be5c1f566b1fbae2cd0e547,3455,sao paulo,SP,1,2017-11-24 14:44:13,1149.65,1149.65,1.0,140,1149.65,0.0070921985815602835,0
3eb6cbde029f25aaf299368315f7c8e8,fa024d305fc1efe7ebbabcc5f89ee6a4,19028,presidente prudente,SP,1,2017-06-07 23:32:10,99.7,99.7,1.0,309,99.7,0.0032258064516129032,0
3956d1e55818b7dc872d5a1de09e4ddc,f80c7e4cf2fa8ff3532323f19bf603ba,1422,sao paulo,SP,1,2018-01-23 15:04:18,19.9,19.9,1.0,80,19.9,0.012345679012345678,0
b29713ad67d81fee47dc6ac4d5692c68,924321e5ef902070086a077dccfafc88,11030,santos,SP,1,2018-01-30 17:52:28,99.99,99.99,1.0,73,99.99,0.013513513513513514,0
92cc70bf4106a2b161c3188087a2cbce,fda147997cc83ff1463fcc2ba842d462,36015,juiz de fora,MG,1,2018-03-16 15:13:26,119.9,119.9,1.0,28,119.9,0.034482758620689655,0
668f3fa4cc9569a5d45726242e1310b0,54e8fa81d4c5c5c2a4fa177e30573ee2,98300,palmeira das missoes,RS,1,2018-04-11 20:41:25,39.3,39.3,1.0,2,39.3,0.3333333333333333,0
cd00039f779735fae733fbefe4aaabbe,69298d2c495133fc08e9770e7b5a0c66,13175,sumare,SP,1,2017-06-14 17:06:33,89.99,89.99,1.0,303,89.99,0.003289473684210526,0
a7b8d98d59a1a44a4f78408b257b3ff1,b6988e7235a00da9d9e8cddb82d34f59,8160,sao paulo,SP,1,2017-11-14 08:29:08,30.0,30.0,1.0,150,30.0,0.006622516556291391,0
ed9905aa9b57c2aa73612f73bafc9588,fb287baeafa765720ff94422a50f94b7,21866,rio de janeiro,RJ,1,2017-10-26 10:46:21,89.99,89.99,1.0,169,89.99,0.0058823529411764705,0
b8413f7f4483d2539434ada199471a33,f94b83157ce2162d5eabd54f242d6065,96810,santa cruz do sul,RS,1,2017-10-27 09:51:37,1653.0,551.0,3.0,168,1653.0,0.005917159763313609,0
555775a9601baea5bd2e64b3a403d483,34b2f3c3cb07567280fa300dc3bbb4c3,35700,sete lagoas,MG,1,2018-03-07 07:56:12,43.9,43.9,1.0,37,43.9,0.02631578947368421,0
1fdbc491b5d027c76d77bd7c916dcd14,79795d42dd2c3eec3c375c1664723e44,88161,biguacu,SC,1,2017-05-12 13:01:18,157.0,157.0,1.0,336,157.0,0.002967359050445104,0
2a6f4afc6cfdd2096f8b3002dfb30db1,5ad9aa3b3a3f21a4c5ab9e3a8b09642f,4304,sao paulo,SP,1,2017-03-08 08:58:11,809.1,809.1,1.0,401,809.1,0.0024875621890547263,0
c8a0b7a3747bdf0764e839a4d1ec1d20,ef4b8074f8036f72703b3dad56d970a9,9010,santo andre,SP,1,2017-10-01 23:11:18,99.0,99.0,1.0,193,99.0,0.005154639175257732,0
3984ffbe9e8f2a24ecf719952d27bf08,6aa5942333e3a62f9929137bf8907ab0,45928,posto da mata,BA,1,2018-01-17 08:27:20,149.0,149.0,1.0,86,149.0,0.011494252873563218,0
4d5f7e1e4e0c9b91cb3a39737b940c93,6990e8de9ad504481fb420366ddca60b,22231,rio de janeiro,RJ,1,2018-01-11 21:19:39,199.89,199.89,1.0,92,199.89,0.010752688172043012,0
fc583cfdde5d391a98d0f17d30209677,3a3cb373edfed9973ae634f8ef6084ed,30620,belo horizonte,MG,1,2018-03-16 11:13:44,93.0,93.0,1.0,28,93.0,0.034482758620689655,0
b4c16be45fd4a77e585f1b40b51471e2,ab36bad140cc97acdd3e70a623d72819,9831,sao bernardo do campo,SP,1,2018-01-09 16:40:43,129.0,129.0,1.0,94,129.0,0.010526315789473684,0
09144539159d4b4997ce0df873b02569,766a43eaf99e9735649e36eef5f6f0b5,88220,itapema,SC,1,2017-02-24 20:40:44,39.9,39.9,1.0,413,39.9,0.0024154589371980675,0
64698a6bfdec10409f62b5842662e500,26120c89a049ba59a505f9e03fa162ac,79093,campo grande,MS,1,2017-11-20 15:24:49,69.0,69.0,1.0,144,69.0,0.006896551724137931,0
3aab22a2d4ac62420a0c388cc64a496b,ed3ccd3f89734e938f656d7944255a98,90020,porto alegre,RS,1,2018-02-14 16:12:49,129.0,129.0,1.0,58,129.0,0.01694915254237288,0
0555bacaf4d4560a75e796a6e2c1e00d,a5b1b65c37d5cb25f12ae5302f8f1adc,1424,sao paulo,SP,1,2018-03-04 21:03:07,124.9,124.9,1.0,40,124.9,0.024390243902439025,0
1161b76d1f5fb0594a3f61d42fcf9c8a,bcb2569433860f0e351a9d12cdfa038d,71515,brasilia,DF,1,2017-11-19 09:33:44,119.0,119.0,1.0,145,119.0,0.00684931506849315,0
f7ecb130fa478f9f5bee1b9a55293db4,c6b99a3f607831e0efa54fd18a05c7c9,8715,mogi das cruzes,SP,1,2017-05-19 22:46:23,759.0,759.0,1.0,328,759.0,0.00303951367781155,0
10ce4db203c8cbe350a85ad638f4d282,17f23261be013c223ae00f9e781738ad,38480,tupaciguara,MG,1,2017-06-13 12:51:51,69.99,69.99,1.0,304,69.99,0.003278688524590164,0
c1aaf0e0e10e85bae38f799abe25e88b,7c8f8d3ff715607148146c64ecb64b11,36152,goiana,MG,1,2017-03-09 10:24:00,19.9,19.9,1.0,400,19.9,0.0024937655860349127,0
5e28718800958c9b17749226df1f8b02,2e7bb3aad177a6e3bf8abd2de27c2a09,73368,brasilia,DF,1,2017-06-07 12:14:43,76.0,76.0,1.0,310,76.0,0.003215434083601286,0
3eeafe2383280a4ff135e5c06965c18b,ecef47a5c983479795ed56b3b6ae1702,82630,curitiba,PR,1,2017-03-22 14:44:14,49.99,49.99,1.0,387,49.99,0.002577319587628866,0
c822622edb0cb46e29a0a515b9c814fa,08de1b6a920e67bc6c09b4127571e497,25943,guapimirim,RJ,1,2017-06-03 15:33:58,20.9,20.9,1.0,314,20.9,0.0031746031746031746,0
c9b928a77a8b9f620c9540746d6eeefc,178e565cc7c6289b341891c7dcaa17c2,97880,sao nicolau,RS,1,2018-03-02 19:17:32,122.99,122.99,1.0,42,122.99,0.023255813953488372,0
c38c4b830f5c4a3825eea988694fb0af,05c2f0afd235cae744d0cd6c31d8813f,93280,esteio,RS,1,2017-07-15 14:01:45,52.9,52.9,1.0,272,52.9,0.003663003663003663,0
cebc471c85bf6d400cd4ee8a664f8571,7cf52fc14228a150c9d8c8c70de5a826,74354,goiania,GO,1,2017-10-04 06:37:23,16.9,16.9,1.0,191,16.9,0.005208333333333333,0
c1d2d2ee31e141c205646299371af1e1,e3f581bff8ad6919337dbe231363af0e,55680,bonito,PE,1,2017-11-24 16:37:53,649.9,649.9,1.0,140,649.9,0.0070921985815602835,0
d1317c0d26ff17cbee1cc9e90ab521ab,f3603469de1227ad310ef54f542f206b,65950,barra do corda,MA,1,2018-01-04 14:48:20,56.0,56.0,1.0,99,56.0,0.01,0
89cad968aa5731c56bb79061d08385a6,fd058656c5305071fa1a225f4afaa832,25990,teresopolis,RJ,1,2017-11-21 16:34:39,143.99,143.99,1.0,143,143.99,0.006944444444444444,0
8be9edf093070963f58d76ba9333ceca,4465b2c27023b8d20e629c7e225b314d,96255,chui,RS,1,2018-02-10 12:06:03,120.0,120.0,1.0,62,120.0,0.015873015873015872,0
62f6fda250fc0df6e11095f86f4316bc,308164cab318a5f0779afaf2ac622679,18103,sorocaba,SP,1,2017-03-31 13:32:04,143.8,143.8,1.0,378,143.8,0.002638522427440633,0
aa76f7581a203a8406159b444749d6a9,43d4072317c6d385b49969a308e7d562,14882,jaboticabal,SP,1,2017-11-12 01:57:47,58.9,58.9,1.0,152,58.9,0.006535947712418301,0
003536ce5e18f1d12b9bf76932f8a6b1,bacd3fc37792ceefcb45e0e90c9ffe42,3040,sao paulo,SP,1,2017-10-16 19:17:54,43.99,43.99,1.0,179,43.99,0.005555555555555556,0
c4eeb750bb290eee0933aa9f859721e9,6ae1442f1cd67099c402c6140b58a918,95890,teutonia,RS,1,2017-01-22 21:50:07,209.70000000000002,69.9,3.0,445,209.70000000000002,0.002242152466367713,0
385c7a465ae01748577b050c89106a04,b0615195fe397dab0ed21b38114c8951,2614,sao paulo,SP,1,2018-01-05 16:46:56,69.9,69.9,1.0,98,69.9,0.010101010101010102,0
5b1994bd2076858421ee0d203c3cd206,63910b152712df7498a16859f7113f6f,33110,santa luzia,MG,1,2017-10-12 16:16:15,39.0,39.0,1.0,183,39.0,0.005434782608695652,0
c4e9cde9ba2d7432bacf81d6b008ef78,7dfa4e199f407850bcc352e208564a29,3612,sao paulo,SP,1,2017-11-12 20:45:47,49.77,49.77,1.0,152,49.77,0.006535947712418301,0
1678c6ae6e1ee4c4b06f224f7cff0846,27dcf49025ecf5755d31f06c144cd5c6,9090,santo andre,SP,1,2017-07-23 16:39:24,51.92,51.92,1.0,264,51.92,0.0037735849056603774,0
feb56fff80908f4fe956fbd278817f59,fb44e60c3e1ecd150e6249e974c1930e,36345,lagoa dourada,MG,1,2018-03-27 19:33:01,54.9,54.9,1.0,17,54.9,0.05555555555555555,0
941053d2f2f52d39856add833ef99ea0,1dcd5cc732b10dae1cc0b43998610955,23914,angra dos reis,RJ,1,2017-08-19 17:10:17,48.9,48.9,1.0,237,48.9,0.004201680672268907,0
56b819ca6360d77781801ec530b47783,a6a0c8dce941954d5db099a5f472a1f9,18035,sorocaba,SP,1,2017-08-22 13:04:49,39.9,39.9,1.0,234,39.9,0.00425531914893617,0
07d1bea83eca0a2a6c133046390947fd,1d900b1ce211e702e4704b1bee5752fc,88803,criciuma,SC,1,2018-01-23 13:18:16,27.98,13.99,2.0,80,27.98,0.012345679012345678,0
bd0f57c02559be896fb70c75cb41b70c,f15368fc82146080a85b803b47e6a131,9725,sao bernardo do campo,SP,1,2018-02-16 15:49:08,84.0,84.0,1.0,56,84.0,0.017543859649122806,0
fad867ccc296df4399f09533c10bb693,3e37bc37821d52ca9c55e137630846da,6110,osasco,SP,1,2018-03-12 12:35:35,64.9,64.9,1.0,32,64.9,0.030303030303030304,0
845eeb91509cf49e43a6730a4edeed0a,1ca96d59cd20f495506f7e26932e5ca7,39398,olhos d'agua,MG,1,2018-01-08 20:13:14,99.9,99.9,1.0,95,99.9,0.010416666666666666,0
6c5a6b3047a0bd11c828dc61dd4b4ec1,70c2836eafbc15dd20ba80c0a15024c4,3437,sao paulo,SP,1,2017-06-11 20:23:20,109.9,109.9,1.0,306,109.9,0.003257328990228013,0
3278a540e215b737e4b44a61770dbc6f,6e5707f17296f7f8b167406b902e0643,11960,eldorado,SP,1,2017-07-26 08:48:03,19.99,19.99,1.0,261,19.99,0.003816793893129771,0
9ee50c5ffc022a4e663f5d4af3de3d75,cf36fa9b6e276c0559a4e80cf5ab44eb,36660,alem paraiba,MG,1,2017-11-22 17:47:12,59.9,59.9,1.0,142,59.9,0.006993006993006993,0
1fb653faa25a3b5aad140fd39b886bdc,77ec31993fcf90d38a101b4df9a1151c,91787,porto alegre,RS,1,2018-02-08 19:42:07,479.0,479.0,1.0,64,479.0,0.015384615384615385,0
958e287b02a53d2107c61ec4ac90943e,9c83f21126fe233bad5a62397cbc77aa,7428,aruja,SP,1,2018-03-08 07:26:51,258.0,129.0,2.0,36,258.0,0.02702702702702703,0
e150a2e1a1747aa6a13fad14bf7458f3,86c9884c2a9a70fbf1b3e78d72bb3abd,33600,pedro leopoldo,MG,1,2018-02-10 15:29:59,113.0,113.0,1.0,62,113.0,0.015873015873015872,0
d072c90b439c800b42e872641a87cc66,e35781f396229f0dfe94cf07c52a112e,4147,sao paulo,SP,1,2017-07-08 12:26:08,196.0,98.0,2.0,279,196.0,0.0035714285714285713,0
e978df5aa1ae62d8844d55cfff14c2d6,02022a08ed3a2e736777b7b71389c62c,30720,belo horizonte,MG,1,2017-11-24 13:14:18,24.5,24.5,1.0,140,24.5,0.0070921985815602835,0
c2e64d930487075593367a1ea29645aa,cc14ea7099959d91a17c9d7c3a46721d,29903,linhares,ES,1,2017-05-12 10:28:31,78.0,78.0,1.0,336,78.0,0.002967359050445104,0
be3989ffce9034d2e139160793f1db99,cf83b282f8879e44e94c917f2b2b4f8e,4851,sao paulo,SP,1,2017-12-13 19:20:31,129.0,129.0,1.0,121,129.0,0.00819672131147541,0
b527077fcf783cd4a721674ffb07931f,eeca0a04eb9335415403230a0724d062,70800,brasilia,DF,1,2018-03-23 22:04:37,1149.65,1149.65,1.0,20,1149.65,0.047619047619047616,0
cad00c68174433c042bd102e1dcdc31f,b1ba4efb4959b74f4243007376ed19fe,8773,mogi das cruzes,SP,1,2017-05-22 21:06:38,139.9,139.9,1.0,326,139.9,0.0030581039755351682,0
235702411e5214f0e4a0761bf5ce9e99,9fc089b0b6a8db40d4357e784f1e91d4,99965,agua santa,RS,1,2018-01-10 12:06:09,99.0,99.0,1.0,93,99.0,0.010638297872340425,0
15cd6d28330a079fcdcd23372d2930c6,a76755933c997e2d5a1cf81a3db71e8e,13272,valinhos,SP,1,2017-09-27 09:20:53,29.0,29.0,1.0,198,29.0,0.005025125628140704,0
ca54aaa4768b5a9c668f503810b15aca,aa1d80b858e7938cda51f9fe4335c34a,26220,nova iguacu,RJ,1,2017-10-04 21:41:08,104.0,104.0,1.0,190,104.0,0.005235602094240838,0
6755d9a5c01a3b3fd35c84dc0601ea3f,ddb57718b1bd4845685dc73a5adaa5ff,38776,luizlandia do oeste,MG,1,2017-12-31 13:42:22,24.99,24.99,1.0,103,24.99,0.009615384615384616,0
e3ce9e46e280d1ef5d646f56de37ebe5,6484b8245e206f9421a11e441ecfa5b1,6720,cotia,SP,1,2018-02-15 12:28:43,63.9,63.9,1.0,57,63.9,0.017241379310344827,0
75b1b5710c1eea5788403c6868398157,42ea884062c187dd8836a46af512c7a3,20070,rio de janeiro,RJ,1,2018-03-16 20:41:34,39.99,39.99,1.0,28,39.99,0.034482758620689655,0
5d7eb1b74d1bcff2f4c2525e549d44a3,a168274dbcb30dcd8b37fba447416251,21360,rio de janeiro,RJ,1,2017-06-19 00:06:07,189.0,189.0,1.0,298,189.0,0.0033444816053511705,0
f3309994e8de398daa7ebcd5479cf689,ce4ea52bbd9acb2f47afbc1486b0fa91,22790,rio de janeiro,RJ,1,2018-03-15 17:17:29,219.0,219.0,1.0,29,219.0,0.03333333333333333,0
96593bfdf740ec98f80d3514e2c017f1,37450a28f47f2b7305455c405591c538,22780,rio de janeiro,RJ,1,2017-09-16 21:58:40,368.9,368.9,1.0,208,368.9,0.004784688995215311,0
8e2abb68f8cb495763d94b8543aff049,35b58d5a4454d79f4e16dc5e1a22cac3,65072,sao luis,MA,1,2017-12-17 17:51:26,89.99,89.99,1.0,117,89.99,0.00847457627118644,0
b9eb6b78f19bc70a6f4cd538aac606c0,461cef89cc7b81f2ba1c0f1216719b8a,15300,general salgado,SP,1,2018-03-19 14:06:29,39.9,39.9,1.0,25,39.9,0.038461538461538464,0
b8f49557ca89e75525b81b8973f1d595,54300203f337147ddaaf0671c4161c03,13403,piracicaba,SP,1,2018-02-18 12:27:58,144.41,144.41,1.0,54,144.41,0.01818181818181818,0
03db7508ff10612b60f9198e0b33cfda,794307f7c4fd6c8325655fb3f7b89895,86803,apucarana,PR,1,2017-10-21 14:31:35,59.9,59.9,1.0,174,59.9,0.005714285714285714,0
773032786101d756fc62073bdb3fa505,f247b7fda7279d2f88147c7bd0e7867f,3059,sao paulo,SP,1,2018-03-30 21:28:48,139.5,139.5,1.0,14,139.5,0.06666666666666667,0
385826fa4890fd6d52d6db2a12991aec,cf217e0cd2f84c040999679114af062e,38401,uberlandia,MG,1,2017-12-15 12:52:08,59.0,59.0,1.0,119,59.0,0.008333333333333333,0
f6f53faac556fb2d6b5f26f80317fe3c,816d452bdeca0063091c23848e0bd403,6705,cotia,SP,1,2017-07-28 10:58:58,55.99,55.99,1.0,259,55.99,0.0038461538461538464,0
dd67e5970a7912e2057d2af99b15467d,6debdd7009de6875c0871f7359dab059,65903,imperatriz,MA,1,2017-09-09 17:12:59,299.0,299.0,1.0,216,299.0,0.004608294930875576,0
d4912628608c865230b81b506ad14c39,bcf6b31a7938288cfd932dbe883819c9,65900,imperatriz,MA,1,2017-12-06 14:30:38,84.99,84.99,1.0,128,84.99,0.007751937984496124,0
9658636e8727e0c825a97d09c9beaee5,15566172fd4a1459fc3868bf46d4b589,86812,apucarana,PR,1,2018-02-24 10:26:14,29.9,29.9,1.0,48,29.9,0.02040816326530612,0
0a1bd304aedee91a65a9692e70d91998,a8beb07b598aff188b86be92c67e0f1a,29785,vila valerio,ES,1,2017-09-18 12:21:43,396.0,198.0,2.0,207,396.0,0.004807692307692308,0
65f2c5942e588caf6ecc68c778a0ebf7,0e730550dfc5d7f1cea73484bb2e0249,20920,rio de janeiro,RJ,1,2018-03-06 08:37:03,99.9,99.9,1.0,38,99.9,0.02564102564102564,0
1353681b09bdb49c50b81bd023a2b3fa,44ee631c38054bd3331b42db304a0bd5,3067,sao paulo,SP,1,2018-03-03 01:55:29,239.0,239.0,1.0,41,239.0,0.023809523809523808,0
977266784cc0e1045bdd7f7ea2a085ab,7750817bc39f117b78361cb7e91215eb,55790,taquaritinga do norte,PE,1,2017-05-17 10:35:54,64.99,64.99,1.0,331,64.99,0.0030120481927710845,0
2034cc6d6d517007a9ba3e22ba643344,cb47d51801e7379766c5cd8ff623f37f,13052,campinas,SP,1,2017-11-11 10:44:49,89.0,89.0,1.0,153,89.0,0.006493506493506494,0
bac45e356238b5c7f36adfaae8a23c8b,139c7c613b6d284a020dfee1635284c5,6663,itapevi,SP,1,2017-07-05 20:28:29,199.0,199.0,1.0,282,199.0,0.0035335689045936395,0
77d7671f7d3cf078a7425fc3e3890b86,9c84075902d2c7cc0a2392856bc5f884,3522,sao paulo,SP,1,2018-01-06 11:34:28,89.9,89.9,1.0,97,89.9,0.01020408163265306,0
b433290fdbd7a32a08cc233d445c4692,a0361c0779cda9416bf7aba3a0f7884b,91910,porto alegre,RS,1,2017-08-11 21:08:04,118.99,118.99,1.0,245,118.99,0.0040650406504065045,0
2a79bd6b8619530d1d3cc667733b9254,0470bf3136b0be2cd577ab2d42f718cd,76450,minacu,GO,1,2018-03-21 21:33:45,29.98,29.98,1.0,23,29.98,0.041666666666666664,0
27982915123a800b423be0df3ffd8352,2f03be5e4c6fb7a4dee6f9b4b029a21a,18046,sorocaba,SP,1,2017-07-01 12:25:06,79.0,79.0,1.0,286,79.0,0.003484320557491289,0
7308c3369ae037a966d083e24201f698,ed4a2d895a3ce9ec6296edd3fd6b3339,99250,serafina correa,RS,1,2017-08-13 22:04:51,24.98,24.98,1.0,242,24.98,0.00411522633744856,0
391e5723fbe91b2ed053106d5c3dd6fe,5570e312bd641ceba38f678cf62ca055,12710,cruzeiro,SP,1,2017-08-22 15:32:50,45.9,45.9,1.0,234,45.9,0.00425531914893617,0
2db50dfe7ae7fcd6f6c1be67f24704cd,334d0235ca6f2f09dd55804a26efe952,85303,laranjeiras do sul,PR,1,2018-04-11 14:15:32,109.9,109.9,1.0,2,109.9,0.3333333333333333,0
604117cb8b10acf6a4558e7ac8a17d7b,dd4d20c4fb1f0f3706d0e1e66b049a3f,5512,sao paulo,SP,1,2017-10-10 20:44:59,589.0,589.0,1.0,185,589.0,0.005376344086021506,0
2f38c3926fb8ba143f2741e9e7adc93f,5179b7b48c149156cb51eddfaf06b712,13020,campinas,SP,1,2017-12-03 12:29:04,52.0,52.0,1.0,131,52.0,0.007575757575757576,0
6941bac1a71978b2d64de3e966331582,ee2b763c56ab856bee0314f113462791,31140,belo horizonte,MG,1,2017-09-04 17:11:32,53.9,53.9,1.0,221,53.9,0.0045045045045045045,0
6df3e1d2f32e019f4bad7640293ba4d3,c1a9251508def21d0924f9eb2ed8d3bc,14095,ribeirao preto,SP,1,2018-02-28 09:48:17,104.9,104.9,1.0,44,104.9,0.022222222222222223,0
36cf561d6c23f010a6944f0908ee6bdc,4c238e06836176bcacf75f445cd4876b,89500,cacador,SC,1,2017-07-07 16:34:43,391.8,195.9,2.0,280,391.8,0.0035587188612099642,0
0dcb15a53acff7313554506cdf66b6ae,473c779638bdbefee9d8b81d441b8bda,12490,sao bento do sapucai,SP,1,2018-03-17 09:38:13,180.0,180.0,1.0,27,180.0,0.03571428571428571,0
94747b8a0c77eb8947fecdfa5b717435,81720bfb69887fe95390723af9748e9f,22780,rio de janeiro,RJ,1,2017-08-06 19:05:45,49.9,49.9,1.0,250,49.9,0.00398406374501992,0
1ed0c832c2dd99570a59260e71768bdf,82d46759af0369aad49084bacf85a6c3,37610,bom repouso,MG,1,2017-11-14 12:04:09,167.99,167.99,1.0,150,167.99,0.006622516556291391,0
