order_id,customer_id,order_purchase_timestamp,order_approved_at,order_estimated_delivery_date,late_delivery,customer_city,customer_state,total_price,total_freight,unique_products,unique_sellers,avg_weight,avg_length,avg_height,avg_width,product_volume
d0714b92348bdff5af0cabf84ae6c2c0,27c6db37b1f4e91aa4a4c1644b904799,2017-03-10 13:16:12,2017-03-10 13:16:12,2017-03-29,0,andira,PR,169.9,17.34,1.0,1.0,4975.0,45.0,51.0,35.0,80325.0
02df7a4137081ada2a06ac6e2bca6364,9eee19151f5de68f264d26aa58c990ee,2017-09-19 13:53:09,2017-09-19 14:10:38,2017-09-29,1,jundiai,SP,109.99,27.21,1.0,1.0,14950.0,77.0,20.0,53.0,81620.0
11644b89c9bd9d27b1c1fda5307844d1,947d490e87464fc7f56c57d24b98564e,2017-06-08 16:15:15,2017-06-08 22:31:35,2017-07-03,0,vila velha,ES,139.8,28.48,1.0,1.0,125.0,17.0,3.0,12.0,612.0
37a17c5250faaeed1cd077f903e08994,1339f8ef4694fe3903a7591c5e890c22,2017-05-29 18:08:51,2017-05-29 18:22:49,2017-06-29,0,jacobina,BA,49.9,16.79,1.0,1.0,150.0,16.0,2.0,11.0,352.0
fae4552fc320d851844902535c466e92,bc83a273368964e5985028f29ccead39,2017-10-23 16:21:02,2017-10-23 17:14:15,2017-11-10,0,cunha,SP,36.99,11.85,1.0,1.0,600.0,20.0,10.0,15.0,3000.0
bd095c62d90e92cb239dcbef7421f1ec,4504555088e2e0428e4673f325031be1,2018-01-29 18:47:16,2018-01-29 18:55:27,2018-02-21,0,porto alegre,RS,34.9,15.11,1.0,1.0,1100.0,40.0,5.0,30.0,6000.0
1e8c4aa0871777d9ee5169d3a6522575,94ee6021bdba29d170096b11229abdc6,2018-02-25 19:31:36,2018-02-27 04:31:01,2018-03-21,0,sao joao nepomuceno,MG,33.9,15.1,1.0,1.0,400.0,18.0,13.0,18.0,4212.0
491c5a96f47a083b2792f1a306a5fade,5a6a4a2e451c08ff810096ed0abbcfcc,2017-06-13 09:03:46,2017-06-14 02:05:13,2017-07-04,0,blumenau,SC,89.9,12.88,1.0,1.0,200.0,17.0,13.0,13.0,2873.0
4d88d13cc873bc02567931e0c1725dd0,4c5307b6e161dfcaef72525344e6d663,2018-03-26 12:15:39,2018-03-26 12:30:29,2018-04-11,0,franco da rocha,SP,17.89,8.88,1.0,1.0,500.0,48.0,11.0,11.0,5808.0
fe5b3ffa54be85dd8cb2ad61db914ef5,2d95ed08f50028787ce6807bb7d32462,2017-12-04 17:08:27,2017-12-04 18:30:33,2017-12-20,0,sao paulo,SP,13.99,7.78,1.0,1.0,225.0,16.0,8.0,18.0,2304.0
6970a3865417daf2e16446623fe67db2,55cbadf1632a0767011855eac1eb4313,2017-06-05 07:01:35,2017-06-05 07:15:08,2017-06-19,0,sao paulo,SP,94.9,7.92,1.0,1.0,293.0,17.0,15.0,14.0,3570.0
38636a6a86131fe2c507943a16833350,f7fb63d6601b56b83781981988450f66,2017-03-15 16:38:57,2017-03-15 16:38:57,2017-04-07,0,brasilia,DF,127.99,23.19,1.0,1.0,2200.0,35.0,20.0,30.0,21000.0
ad443a68e64f21acbda949c91bbe9aff,554f93da437c4a70aed87dbd4f3dbe0f,2017-10-08 21:42:48,2017-10-08 21:56:21,2017-11-08,0,criciuma,SC,109.95,18.34,1.0,1.0,500.0,25.0,14.0,22.0,7700.0
4211e9c52967c6118ba50e4efde875a5,0ac2d5fc64bc66aaeaa727022aeb73f3,2018-01-25 11:36:13,2018-01-25 11:53:08,2018-02-09,0,osasco,SP,44.97,23.34,1.0,1.0,250.0,26.0,18.0,20.0,9360.0
dd00823b8101c67e44520dd1ecead431,b1f9668ff685337055df4dc21582320d,2017-05-06 17:51:11,2017-05-06 18:05:10,2017-06-02,0,rio de janeiro,RJ,28.9,17.92,1.0,1.0,500.0,40.0,8.0,23.0,7360.0
3e9a88f66e0a7f0a46ddf240f5370047,43c471f74a026f8c226d4f891ff93ad8,2017-07-17 21:15:52,2017-07-17 21:30:24,2017-08-08,0,americana,SP,129.9,17.16,1.0,1.0,1320.0,15.0,14.0,17.0,3570.0
3ddc07d7669b7ee4d1741132ae14302c,cb8855bae6bea36802fe3e297ea4bcf2,2018-02-01 11:41:08,2018-02-01 11:50:42,2018-03-07,0,campo bom,RS,24.99,14.1,1.0,1.0,250.0,25.0,7.0,14.0,2450.0
82c1f00b277333db6ce4f9eff5894903,44024df7d9bd0f986d18c27e73d39dd7,2017-11-24 21:51:21,2017-11-25 00:36:19,2017-12-14,0,mairinque,SP,79.0,16.18,1.0,1.0,2100.0,40.0,15.0,40.0,24000.0
6e23efed2925ed4ed5a1f1d9e14aef78,94a369742b38e698214f0c6587f324aa,2017-11-09 08:42:35,2017-11-09 08:50:36,2017-12-05,0,marilia,SP,168.88,17.84,1.0,1.0,2150.0,26.0,26.0,23.0,15548.0
f97a6e53615dfc1488e4bcf3dfe1cb2f,f3223fd3b2517fa73ebb06dd5f1b0e99,2017-09-11 09:40:11,2017-09-12 04:30:15,2017-10-09,0,sao gabriel,RS,29.0,15.1,1.0,1.0,200.0,16.0,2.0,20.0,640.0
52b8659b9d786b77d4e4f25c26ed0b91,8cc9f9d5d7b70eaee68ab729495685db,2017-07-12 20:31:22,2017-07-12 20:43:56,2017-08-11,0,salvador,BA,99.99,18.94,1.0,1.0,1200.0,42.0,25.0,15.0,15750.0
9013af48700a7fbe4c74378aa6d08ba8,707831c8480919ed888f1b026854eaf1,2017-06-20 09:39:27,2017-06-20 09:50:18,2017-07-27,0,belem,PA,19.99,17.63,1.0,1.0,100.0,20.0,15.0,15.0,4500.0
195305c593eb46e44d1b40e9fc9b99bb,5ab696699d0dd980f653aa7ff7f4242a,2018-01-14 20:48:36,2018-01-16 03:34:49,2018-02-06,0,tambau,SP,89.0,13.64,1.0,1.0,1500.0,60.0,20.0,29.0,34800.0
36bc3158d94ee7eb9405f0ac77259d07,b7145cf1615e2b7375e9d77b0406d83d,2017-09-25 19:44:56,2017-09-25 20:04:26,2017-10-17,0,sao paulo,SP,75.8,28.2,1.0,1.0,400.0,30.0,30.0,40.0,36000.0
b9ce6b3fb6996bc5690ee196a0c80888,04d410b4dfe0f11fb840a095b5f23cca,2017-11-06 08:07:10,2017-11-06 08:26:03,2017-12-08,0,bastos,SP,130.0,49.44,1.0,1.0,11700.0,59.0,59.0,19.0,66139.0
f2c623a58d325d304d567e2271dda299,28cda571c0c9c4d4eb6ffb191cce829d,2018-03-24 11:59:53,2018-03-24 12:15:54,2018-04-12,0,presidente prudente,SP,99.8,25.58,1.0,1.0,375.0,23.0,23.0,23.0,12167.0
796d7e38e13c7f6c4f227fb178fd58dc,bce8f513920e36d27e25af34061cf94c,2018-02-22 21:31:31,2018-02-22 21:48:28,2018-03-20,1,rio do sul,SC,93.0,16.41,1.0,1.0,800.0,45.0,10.0,34.0,15300.0
581df21026c7ba80ffbaa5c3c21a6788,436b199887f7e81fb5c2e059904ed20a,2017-07-31 00:26:33,2017-07-31 00:43:01,2017-08-31,0,porto alegre,RS,29.0,14.1,1.0,1.0,300.0,24.0,24.0,11.0,6336.0
e0fcccf3321e9e3cf530ac4944551958,3fd7dca808d985060e069172cd98ecf5,2017-07-16 15:48:50,2017-07-16 16:03:35,2017-08-10,0,montes claros,MG,11.9,16.79,1.0,1.0,100.0,20.0,7.0,12.0,1680.0
245b4a117bd7a1fa176d7a590b292d7b,9adfdc90845f16f214dd33af84f31922,2018-03-15 22:24:24,2018-03-15 22:35:35,2018-04-12,0,jaboatao dos guararapes,PE,77.9,22.61,1.0,1.0,1075.0,22.0,23.0,22.0,11132.0
48a043c45028f3caaabe84abb2316c51,8ccbf5bd9bdf5acf36344a7eae45eb63,2017-11-24 22:20:10,2017-11-25 01:33:39,2017-12-08,0,limeira,SP,419.0,12.15,1.0,1.0,567.0,23.0,15.0,16.0,5520.0
3fa91d0a7193cb9564de5db19fdbbd47,597b42a7a20556e77af8e237b6245b6c,2018-03-23 15:16:34,2018-03-23 15:30:26,2018-04-05,0,sao paulo,SP,60.0,8.88,1.0,1.0,950.0,25.0,25.0,25.0,15625.0
267f42757da398f66b0cc956f501f29d,045d1980b25d907232ab04bab9299c82,2018-03-27 16:37:34,2018-03-29 14:50:10,2018-04-17,0,nova iguacu,RJ,264.0,19.73,1.0,1.0,200.0,20.0,5.0,20.0,2000.0
d540bc0befa1449d8763e87cd48655c2,46f54b37f0933babe0222df0744290bd,2017-11-07 11:38:57,2017-11-07 11:46:47,2017-11-22,0,guarulhos,SP,170.0,28.4,1.0,1.0,3100.0,45.0,28.0,26.0,32760.0
85feadc22f532c19478ba1b613a1f40a,d42f9f5f246e48d21bbde0765ca3640a,2018-01-17 18:54:36,2018-01-17 19:10:35,2018-02-14,1,concordia,SC,157.77,15.85,1.0,1.0,450.0,16.0,7.0,11.0,1232.0
d31df581f4efcfd5c6f523bb0fed1bc7,64c3b046e53fead1e450ccccfbe966a6,2017-11-27 11:43:42,2017-11-27 11:55:10,2017-12-13,0,embu-guacu,SP,58.99,11.73,1.0,1.0,200.0,22.0,10.0,18.0,3960.0
40235386473717246bb2eb10fe48037a,e8db587aa035a388d29cd44a801f9092,2017-11-24 18:42:17,2017-11-25 04:15:42,2017-12-14,0,jacarei,SP,19.9,15.1,1.0,1.0,100.0,16.0,3.0,11.0,528.0
b4d46147f1aaa1a984aa0ab1cd7b2e4c,685fc2b455c29d78ce11a7cf9fe57fbd,2017-11-28 21:31:37,2017-11-30 02:22:34,2017-12-28,1,campina grande,PB,58.9,47.85,1.0,1.0,7000.0,26.0,47.0,27.0,32994.0
4e0d63d72f1cacc32d4cbc36b7d1d176,bce8476cc98277930a248e422354c4b0,2018-02-08 16:23:51,2018-02-08 17:07:05,2018-03-02,0,sao paulo,SP,49.9,11.85,1.0,1.0,2625.0,16.0,32.0,24.0,12288.0
6b65667bbce24262a05f9272420c2dce,e26029bc77a880721394cc291ab5c04f,2018-01-06 20:12:23,2018-01-09 07:17:51,2018-02-02,0,florianopolis,SC,80.5,16.81,1.0,1.0,1250.0,22.0,5.0,22.0,2420.0
891b59dfbc8a1d7b30f7fe7fe81b7d7d,14018ff56b0d7cbc692397cc71d114c2,2017-12-29 00:11:14,2017-12-29 00:31:52,2018-02-01,0,rio de janeiro,RJ,56.99,14.15,1.0,1.0,250.0,20.0,16.0,16.0,5120.0
65650a09e390bf885b72172fb90348cf,eca08a2a142685e81a822aff8d3df37b,2017-11-14 00:52:49,2017-11-14 01:06:51,2017-12-08,0,volta redonda,RJ,114.9,20.04,1.0,1.0,967.0,28.0,7.0,30.0,5880.0
907ed6a0400bc09e3982627921b633ef,e67e8a66cdd16a22e19c38d452e5f137,2017-05-30 11:54:04,2017-05-30 13:08:04,2017-06-26,0,santa maria,RS,129.99,15.66,1.0,1.0,1400.0,42.0,25.0,15.0,15750.0
96cc19379b58b51d6cae968d286bba81,d85e9495a5564a5ff27d3de828e383cd,2018-03-05 18:13:30,2018-03-05 19:00:27,2018-03-29,0,ribeirao preto,SP,160.0,27.36,2.0,1.0,167.0,21.0,11.5,12.0,2898.0
2301a0f5629f3d66f880849265f50515,13e330d6fa0e734ffda44f5b5610ed7c,2017-10-04 10:05:53,2017-10-04 10:14:25,2017-10-30,0,araxa,MG,69.0,15.23,1.0,1.0,350.0,16.0,2.0,20.0,640.0
e298159aa5f22e9d556add24a66be952,a20f368d4aa1abfd95ddf1619a7ad1e4,2018-01-26 14:36:23,2018-01-26 14:59:01,2018-02-19,0,jandira,SP,82.88,36.39,3.0,3.0,458.3333333333333,26.666666666666668,7.0,25.0,4666.666666666667
a7b99e52e5bf8862a3727ddafe014d03,0f3634092b8645824b6a6cf3468a163a,2017-11-24 01:29:43,2017-11-24 01:37:35,2017-12-14,0,santo andre,SP,55.9,13.41,1.0,1.0,1350.0,35.0,26.0,25.0,22750.0
128968a8f3d827298b66853b00d1e34e,a59b6960d20e40918470c13e6cefcd7f,2018-03-16 15:36:26,2018-03-16 15:49:49,2018-04-05,0,araguari,MG,68.0,41.24,1.0,1.0,6800.0,65.0,25.0,25.0,40625.0
f7b96bbcf705300fbb449595521d470e,3823b172dbd6ec254c91d9b6ff2f1e74,2017-09-12 00:06:46,2017-09-12 00:15:09,2017-10-02,0,florianopolis,SC,12.97,14.1,1.0,1.0,150.0,18.0,6.0,11.0,1188.0
b8834035b657b559585c6c1243e82f9b,cd8979d14712c57fc193aecac517da3a,2017-03-07 14:13:56,2017-03-07 14:25:10,2017-03-24,0,sao paulo,SP,24.75,11.74,1.0,1.0,800.0,100.0,5.0,20.0,10000.0
af19069eeb42e10ffc3f2eadee886c49,b635957da0091ef9421c4405050ca614,2017-11-26 22:11:05,2017-11-26 22:33:41,2017-12-18,0,sao paulo,SP,40.0,15.1,1.0,1.0,150.0,24.0,5.0,24.0,2880.0
2d17c499d9ed8dbdfb97368c0f322dc0,075e31dfbe61654855be4e32392358e5,2018-02-17 12:06:46,2018-02-17 12:15:25,2018-03-16,0,sao paulo,SP,57.5,25.24,1.0,1.0,1900.0,50.0,15.0,50.0,37500.0
55aa5052d111a948144ba6bcbc4016ef,236208b57e73c7feb1d9983c80982ad6,2017-07-11 19:38:14,2017-07-11 19:50:12,2017-07-31,0,sao paulo,SP,59.9,11.92,1.0,1.0,200.0,36.0,4.0,20.0,2880.0
6f4f578dc1619bddcbc6c56c9502eb74,208a1b9c48657302f6c38ea8901e2bff,2018-01-23 11:58:33,2018-01-23 12:18:03,2018-02-16,1,porto alegre,RS,249.99,16.5,1.0,1.0,350.0,26.0,5.0,13.0,1690.0
e32090de3a5936c84fa211a2b22342ad,297f627663a7f77e536fbbccbd449596,2017-09-03 22:31:16,2017-09-05 04:10:39,2017-09-28,0,recife,PE,104.9,18.01,1.0,1.0,650.0,28.0,20.0,25.0,14000.0
e99f1890d51b721509ed9db47fb0bca8,d61f410054ba09f3b01c47ddcb280529,2018-01-02 15:16:36,2018-01-02 15:28:29,2018-01-19,0,sao paulo,SP,75.0,13.08,1.0,1.0,2600.0,50.0,10.0,30.0,15000.0
0257956857cf61994611a0a19f4bc247,bc54fa7f1166c358a2053f680ebb2ac9,2017-10-16 20:29:14,2017-10-16 20:49:09,2017-11-10,0,cruz alta,RS,54.89,15.13,1.0,1.0,700.0,16.0,16.0,16.0,4096.0
b7ee003a15e0771e300ba4fa565c1cde,bb248d53ccfad4213d4cc085f4ea8605,2017-06-06 22:31:52,2017-06-06 22:45:14,2017-06-27,0,sao paulo,SP,89.9,13.65,1.0,1.0,1383.0,50.0,10.0,40.0,20000.0
0f93c58739ea2f69d93afa96a7a07855,0171707ab8e7ded84018d1172aa33c51,2017-11-21 11:44:48,2017-11-22 14:34:28,2017-12-12,0,rio de janeiro,RJ,195.0,23.24,1.0,1.0,2300.0,61.0,26.0,26.0,41236.0
1a96285240504cd5e3470a6dfed32e4d,1e47adc3adf1d905c6db3afb5592a8f8,2017-08-31 20:11:17,2017-09-02 03:04:33,2017-09-19,0,itupeva,SP,98.0,13.71,1.0,1.0,925.0,25.0,6.0,16.0,2400.0
f8853e328e43ca676354e48e5b70543b,c769ac7a0fe2aaefe3ea85249f0aee54,2017-09-04 22:15:44,2017-09-04 22:25:20,2017-09-28,0,simao dias,SE,69.0,35.8,1.0,1.0,750.0,30.0,30.0,30.0,27000.0
899da82c1aeee8fe315db6826cd9a5ee,96e99e9c96df10ace8cb672ce133896e,2017-09-09 04:43:33,2017-09-09 05:24:13,2017-10-09,0,goiana,PE,119.99,27.38,1.0,1.0,1100.0,20.0,20.0,25.0,10000.0
0dd8c916a4beb8512a85d15c9ba4c82c,8fb44e903c53eaad9c5379733823063d,2017-05-17 14:07:47,2017-05-17 14:22:03,2017-06-08,0,rodeiro,MG,155.5,16.85,1.0,1.0,700.0,21.0,8.0,18.0,3024.0
f313aef57f83601a4652dd2225bbda00,15e48dca580bb25bb8074a370b8de399,2017-10-16 17:25:29,2017-10-17 19:27:13,2017-11-07,0,pirapozinho,SP,146.0,12.52,1.0,1.0,444.0,20.0,14.0,16.0,4480.0
75450feecb51c39e54f4bd4c74b867e5,02051904557f3bb3741f7b233dfc5ae2,2017-11-17 20:39:17,2017-11-18 02:48:58,2017-11-30,0,sao bernardo do campo,SP,39.0,7.78,1.0,1.0,300.0,16.0,2.0,11.0,352.0
16d479a0c1dc7afd13f40f670ff94787,2e003756577bc36a2bebcec7691376bd,2018-01-24 10:47:49,2018-01-24 11:12:26,2018-03-28,0,itajuba,MG,370.0,14.93,1.0,1.0,700.0,20.0,15.0,20.0,6000.0
5c92575d54d9782d6f943b342d27646f,2382733f0f5edc1be5b3b4e3a6ac0e17,2018-03-20 09:40:46,2018-03-20 09:50:26,2018-04-02,0,embu das artes,SP,156.0,22.34,1.0,1.0,2300.0,30.0,12.0,16.0,5760.0
f327645eb13511d92d672ec03773b2ae,8a0c8a9b5f063ebffac115532c94cf1c,2017-06-29 12:26:11,2017-07-01 05:03:55,2017-07-27,0,goianesia,GO,97.9,21.18,1.0,1.0,2150.0,33.0,20.0,17.0,11220.0
187f46dc8413d66bb854de95b004d9b3,d0702c4f1152606a119561253565e15c,2018-04-03 15:19:27,2018-04-03 15:35:19,2018-04-26,0,sao paulo,SP,251.51,16.64,1.0,1.0,500.0,16.0,21.0,11.0,3696.0
7e1143a7f790cb46901efe6d2c3401b3,b763ab1e6ce4e740fd2c4ad17141ada2,2018-01-02 19:04:53,2018-01-02 19:31:33,2018-01-18,0,sao paulo,SP,19.49,9.27,1.0,1.0,226.0,18.0,16.0,16.0,4608.0
e1ec9566121e686526654847ac92397c,e6ffef20b193cbdbbf025b02799e075f,2017-10-03 21:23:41,2017-10-03 21:35:18,2017-10-27,0,itanhaem,SP,155.98,26.46,2.0,1.0,1375.0,40.0,5.0,30.0,6000.0
50be9eb370672ac7e49a1c1741cef069,8b6f7ba395e5eb6b7f722e8f329b25c7,2017-10-19 13:57:32,2017-10-19 14:14:19,2017-11-10,0,itabira,MG,209.9,18.72,1.0,1.0,342.0,18.0,13.0,15.0,3510.0
016dee69b3de35a39bfccee5309307c3,c508ad14bc3cde5d1e0bfca7ebdb77cd,2017-01-14 16:35:59,2017-01-14 16:50:19,2017-02-28,0,passos,MG,45.0,17.19,1.0,1.0,600.0,29.0,12.0,23.0,8004.0
001daeb0eddc45b999bad0801ad9d273,3ba02060e681d361d603d5f7ef0a730b,2017-05-17 23:19:34,2017-05-19 02:15:20,2017-06-19,0,itapicuru,BA,38.33,16.79,1.0,1.0,300.0,16.0,16.0,16.0,4096.0
8f491cf3fabf128822544c78d73acfc3,fa2871e0cb672e2ea14de8838fbfc43d,2017-10-29 22:56:42,2017-10-29 23:10:16,2017-11-21,0,rio de janeiro,RJ,59.9,17.67,1.0,1.0,1800.0,37.0,22.0,40.0,32560.0
66cbb0cde3699c5813d4ed8c9576a966,04ecafc940e602c4fd1fe544506c766d,2017-12-04 13:44:41,2017-12-04 16:47:43,2017-12-29,0,brasilia,DF,269.9,22.73,1.0,1.0,3050.0,62.0,10.0,22.0,13640.0
b75335994c32baf97dc6ab68ecc64e4f,1927c5e53ceafe1b0d6a5ca2f20286d8,2017-12-18 22:40:03,2017-12-18 23:51:34,2018-01-11,0,rio de janeiro,RJ,120.0,15.6,1.0,1.0,500.0,21.0,7.0,15.0,2205.0
874d3597cd2c8ff693902b0b5323646a,26445343c024875dba1b18ad8178b905,2018-03-27 15:40:33,2018-03-27 15:55:19,2018-04-13,0,braganca paulista,SP,57.05,20.17,2.0,2.0,330.5,17.0,12.0,12.5,2550.0
f1bc4367547388bec3e4ecf266defc71,3ce8fb2428f3fcecbca120bce8f7b253,2018-03-13 09:39:41,2018-03-15 03:10:49,2018-04-03,1,niteroi,RJ,53.9,22.96,1.0,1.0,1550.0,30.0,22.0,30.0,19800.0
e1cf4f3524c63c7e9c134666f89e722d,83bd185600ed4811ec23f273a2392dd5,2018-02-02 12:56:51,2018-02-02 14:09:38,2018-02-26,1,sao paulo,SP,86.9,13.63,1.0,1.0,1017.0,39.0,15.0,34.0,19890.0
11bbe550dfd1d9963bed46d85c6028eb,3980a868afa7d58191daf692ed61deaf,2017-06-10 03:39:17,2017-06-10 03:50:11,2017-07-05,0,rio de janeiro,RJ,99.0,15.44,1.0,1.0,283.0,22.0,12.0,21.0,5544.0
acfac8c9f94e0be9caa5f1a39e946840,8077a88989887c07d262fc34020d6fbc,2018-03-24 15:25:10,2018-03-27 04:08:34,2018-04-20,0,rio de janeiro,RJ,45.93,7.87,1.0,1.0,713.0,24.0,20.0,21.0,10080.0
ffad8105f74e3969cb02c795aa3ddd50,41ac8b87ee6dec2f7c9980f71760a0bd,2018-02-26 16:51:34,2018-02-26 17:41:05,2018-03-12,0,sao paulo,SP,23.7,8.72,1.0,1.0,150.0,30.0,10.0,20.0,6000.0
b01d2b10f2ee7aa7aad90c41c372e2b2,cdd6b7850934e9ef0662f077d0d94671,2017-10-22 12:00:02,2017-10-23 12:14:11,2017-11-09,0,guarulhos,SP,174.9,20.1,1.0,1.0,5000.0,40.0,10.0,40.0,16000.0
def5a490726da84a4e00b9abfcc9fd6f,4ed45e482abfa0e715a648c5c5070b65,2017-08-01 16:49:22,2017-08-01 17:03:44,2017-08-17,0,campinas,SP,30.0,8.27,1.0,1.0,94.0,16.0,5.0,11.0,880.0
58b87ea5983b516a65c22435901c83a5,88337e7259fff920f8bb11448c9ee2cd,2017-12-16 13:48:46,2017-12-16 13:55:20,2018-01-26,0,porto alegre,RS,144.9,20.5,1.0,1.0,4050.0,22.0,37.0,37.0,30118.0
0bf738ff836108e7a308061b6d77342d,e5d04a29bc0d884192af129acb7199ea,2018-04-05 21:32:36,2018-04-05 21:49:09,2018-04-30,0,campo bom,RS,47.9,16.32,1.0,1.0,800.0,20.0,20.0,20.0,8000.0
8240adde075daa46a7635c1fb7bc26df,9a6fd60a950b42557e63ba370a5e27c6,2017-07-15 20:30:08,2017-07-15 20:43:36,2017-08-10,0,votorantim,SP,69.9,17.74,1.0,1.0,1450.0,21.0,17.0,22.0,7854.0
8444b7e4c41755b890c97056b19e4713,cc4db88e38bc31a614fcba9423ed8c1d,2017-11-01 02:38:05,2017-11-02 02:27:30,2017-11-22,0,pindamonhangaba,SP,24.9,15.1,1.0,1.0,200.0,16.0,9.0,11.0,1584.0
a2860430c7bee71b1b90ffc78a95df6d,cc3e81acaff70da9f1f6bf9fa1430550,2018-02-14 18:27:03,2018-02-14 19:20:23,2018-03-08,0,rio de janeiro,RJ,443.0,19.84,1.0,1.0,7350.0,44.0,14.0,30.0,18480.0
6f4016e726a9987c48a94f9c2e26898a,2b829a337fad82db503dba0855ddb3ef,2017-11-21 23:58:55,2017-11-22 00:07:14,2017-12-12,0,jaragua do sul,SC,159.77,16.88,1.0,1.0,450.0,20.0,12.0,15.0,3600.0
8c3078b30ae073033c2ea0964a5ada96,1d9661a2b5132a10361202e6d79235a0,2017-11-05 16:26:43,2017-11-05 16:35:23,2017-11-29,0,fortaleza,CE,70.89,21.3,1.0,1.0,480.0,18.0,17.0,19.0,5814.0
db2c7430f7ab0de1860b953f210f67c5,549ef037d5530887209688c8bb62d4c2,2018-03-01 13:42:27,2018-03-01 13:55:30,2018-03-21,1,teresopolis,RJ,150.0,15.8,1.0,1.0,200.0,17.0,11.0,15.0,2805.0
95f9129acfa02eeb9182aea571c1854b,936d6e2a7d66d0b100ff47f821e118cc,2017-07-30 18:55:48,2017-07-30 19:10:13,2017-09-01,0,sabara,MG,149.99,18.33,1.0,1.0,500.0,23.0,7.0,15.0,2415.0
bbc781e0bdaef8ca45c32c280250567a,165cab246f7df81ab0c8f24880454aeb,2017-11-24 19:54:54,2017-11-24 23:01:02,2017-12-19,0,manhuacu,MG,299.99,17.86,1.0,1.0,2301.0,32.0,35.0,34.0,38080.0
883f2b96f6b6c7dde2a3369487fb8730,3602a1fbbb29af4c057aa49ba33fb2a8,2017-10-22 22:07:31,2017-10-22 22:26:15,2017-11-07,0,sao paulo,SP,84.99,9.41,1.0,1.0,550.0,21.0,12.0,20.0,5040.0
710f37eedfb2fb87e94a613ba119a086,0c2c4e24715435524ad8df79a4ff9c39,2018-03-15 07:22:00,2018-03-15 07:30:21,2018-04-11,0,rio de janeiro,RJ,449.99,42.09,1.0,1.0,18150.0,74.0,42.0,35.0,108780.0
791ce20aa4827ff1e05a8139eb1810b5,89c9f3d72721c993b7ef288dc6217f4b,2017-11-21 10:10:14,2017-11-21 11:08:41,2017-12-07,0,tupa,SP,29.9,11.85,1.0,1.0,150.0,23.0,14.0,14.0,4508.0
4c9030a09c44d1059676919ef4b11265,18d40b039819845ba47e637971b75735,2018-01-13 15:18:32,2018-01-13 15:29:04,2018-02-09,0,curitiba,PR,69.9,19.98,1.0,1.0,2600.0,50.0,10.0,30.0,15000.0
a6471477bb9173349168eecdc8871ed5,2c699e733aa003efaa30199d2dfc4c41,2017-09-26 10:24:26,2017-09-26 12:24:19,2017-10-16,0,marica,RJ,92.0,47.36,1.0,1.0,16050.0,60.0,40.0,40.0,96000.0
46e8348ff73e64f24843a7d2fad9fcfd,2a6f4afc6cfdd2096f8b3002dfb30db1,2017-03-08 08:58:11,2017-03-08 09:10:18,2017-04-07,0,sao paulo,SP,809.1,31.16,1.0,1.0,3407.0,28.0,22.0,23.0,14168.0
44701fee78d50ad4307eff3c630a4f24,94736ebf57b9caceb018f767340a8f59,2017-03-13 14:31:08,2017-03-13 14:31:08,2017-04-03,0,sao bernardo do campo,SP,349.99,17.66,1.0,1.0,900.0,18.0,32.0,18.0,10368.0
34ce7ddc1fbf9185fc40a6b30fdace6c,e4b3914855484b3bf77b28486d0247bc,2017-05-11 13:17:27,2017-05-11 13:25:38,2017-05-31,0,rio de janeiro,RJ,290.99,17.8,1.0,1.0,500.0,16.0,16.0,22.0,5632.0
89561bab2f540ec47002eb8e0fbec2a8,0f627b6ab38a1e8e4f2bcacb521c20da,2017-10-15 20:56:39,2017-10-15 21:14:22,2017-10-26,1,sao paulo,SP,63.0,8.27,1.0,1.0,1800.0,30.0,24.0,28.0,20160.0
ee941f6c41c8ec03c25b856432b50153,531b21f332366319dd5519bb9dd3743c,2017-10-08 21:38:21,2017-10-08 21:49:29,2017-11-10,0,timoteo,MG,184.95,36.61,1.0,1.0,1000.0,19.0,28.0,17.0,9044.0
d07c50c53231a42008862d777b261ff2,22d1ef39066f0ba1bace4f31e209d5e7,2018-03-23 17:32:32,2018-03-23 17:50:35,2018-04-12,0,sao paulo,SP,72.0,11.15,1.0,1.0,1800.0,30.0,30.0,30.0,27000.0
c31c5506867767b7649a3833086c2925,cebc471c85bf6d400cd4ee8a664f8571,2017-10-04 06:37:23,2017-10-04 06:49:10,2017-11-10,0,goiania,GO,16.9,14.1,1.0,1.0,200.0,17.0,6.0,12.0,1224.0
cac00f6d5c47ea72c4a8f62a307edcda,edf56c9b71642c3f73252ca6f3653c36,2018-03-30 22:22:40,2018-03-30 22:30:24,2018-04-25,0,nova iguacu,RJ,189.9,19.26,1.0,1.0,900.0,30.0,20.0,30.0,18000.0
67543007812c990098e0ac6c6fcb3093,55370cd0afa128c7978a0935bc865fd4,2017-02-10 20:24:30,2017-02-10 20:43:13,2017-03-09,0,grandes rios,PR,39.99,10.96,1.0,1.0,500.0,26.0,16.0,21.0,8736.0
e4a4be9057b0723c5014f56c6d4ba6ca,70866865cfb7a386f82220cc07856c8a,2017-09-18 12:16:24,2017-09-18 12:30:18,2017-09-28,0,sao bernardo do campo,SP,35.99,8.72,1.0,1.0,375.0,17.0,11.0,14.0,2618.0
6c6de9251e9be0fba786819778705796,c1a4802d6a1a6c5eac355f26af6f8f5e,2017-10-25 13:00:10,2017-10-25 13:14:42,2017-11-13,0,rio de janeiro,RJ,59.0,14.16,1.0,1.0,400.0,16.0,5.0,16.0,1280.0
7f3377932727107412b17a48648987d9,e4876ce732ecacdf9cf64c42cb1b49dd,2017-12-10 18:43:03,2017-12-10 18:50:28,2017-12-29,0,engenheiro coelho,SP,39.99,7.78,1.0,1.0,200.0,19.0,5.0,11.0,1045.0
d1a6e1e7cadfe1427229d6a8afc29222,d066605889f2209871ba356e9e602fa6,2017-07-05 00:37:32,2017-07-05 17:39:14,2017-07-27,0,brasilia,DF,149.84,18.3,1.0,1.0,922.0,30.0,15.0,17.0,7650.0
5af38cdf3451e948f042e40336b0082e,4221add5278262a337af11aa0ce3bec1,2017-06-23 08:45:22,2017-06-24 02:31:21,2017-07-06,0,sao paulo,SP,69.9,15.28,1.0,1.0,5350.0,16.0,50.0,45.0,36000.0
ce96e1f727877ff03577e45707a78265,0a89839c1ac53ef740c64b6ac372e550,2018-04-13 10:15:50,2018-04-13 10:32:33,2018-05-15,0,sao miguel do oeste,SC,101.5,23.29,1.0,1.0,1250.0,25.0,25.0,25.0,15625.0
b86790b00808be3c919f86fb5313ca08,f071fc29854206b94291632db6687bc3,2018-02-26 10:53:07,2018-02-26 11:10:16,2018-03-21,1,varginha,MG,79.9,16.32,1.0,1.0,1100.0,45.0,8.0,35.0,12600.0
78a4201f58af3463bdab842eea4bc801,d39c97549a412a82dacf30fe5f144cb0,2017-09-04 15:17:12,2017-09-05 15:24:13,2017-10-03,0,coroata,MA,229.0,96.41,1.0,1.0,12250.0,45.0,35.0,45.0,70875.0
df8282afe61008dc26c6c31011474d02,aa797b187b5466bc6925aaaa4bb3bed1,2017-03-04 12:14:30,,2017-04-10,0,castanhal,PA,,,,,,,,,
9211fd3895bb47e2540f63577341f7b3,8f1b10b11a72fe1a4fb0af954200fcec,2017-04-27 01:31:50,2017-04-27 01:45:27,2017-06-09,0,tucurui,PA,55.96,99.36,1.0,1.0,500.0,25.0,25.0,25.0,15625.0
5c932e0a181410b67c77daaed30991af,dfca6da6e209a7dd53a4d43036e8288a,2018-03-05 23:23:04,2018-03-05 23:30:32,2018-03-27,1,guarulhos,SP,449.70000000000005,42.51,1.0,1.0,200.0,21.0,14.0,15.0,4410.0
de6ed885a8151d0cee622e51585ff6c7,629fd78f7a2a5adde1ce172f44106fd3,2017-07-25 00:16:20,2017-07-25 00:30:12,2017-08-29,0,olinda,PE,39.9,26.89,1.0,1.0,1325.0,24.0,24.0,20.0,11520.0
985a31fe34d1b11e3ba6fb850c1803b3,3fa2f965d8c9e53dfdc0e65fe81846bc,2018-02-20 18:27:09,2018-02-22 11:31:52,2018-03-15,0,rio de janeiro,RJ,23.99,15.1,1.0,1.0,200.0,22.0,24.0,24.0,12672.0
60903313e31779a246b126e7e895694c,a3d5d5765cc2e17795e0bbef744c282b,2017-11-28 18:55:12,2017-11-30 18:52:33,2018-01-09,0,campo grande,MS,79.0,18.12,1.0,1.0,600.0,17.0,19.0,15.0,4845.0
1566cecea18d487c7958eb073713e8a7,299a4bad02ffd18f1bdf59f32617d8a9,2018-03-04 13:40:57,2018-03-04 14:20:22,2018-03-21,0,sao paulo,SP,53.9,13.4,1.0,1.0,1550.0,30.0,22.0,30.0,19800.0
152caeaa0e795b4b0def4ce51a118dda,2498060e3aa39980a87949fbbc7ae316,2017-10-21 16:39:45,2017-10-21 16:49:24,2017-11-16,0,sapucai-mirim,MG,169.9,16.95,1.0,1.0,756.0,34.0,17.0,18.0,10404.0
48c5c0e8b2601862cebafe7fad2142f9,92946d555e8b2d865a52a4a1943aa865,2017-12-01 03:16:01,2017-12-02 02:38:05,2017-12-19,0,sao paulo,SP,28.7,8.11,1.0,1.0,200.0,16.0,2.0,11.0,352.0
a1f115db2222fcb78c129bf36d76d4dd,1bfe620be823518320575a61861437ea,2017-11-11 09:43:39,2017-11-14 04:10:29,2017-12-05,0,itapira,SP,43.9,16.79,1.0,1.0,100.0,16.0,8.0,11.0,1408.0
14443bc93c37173e661ffab44978e546,ed9110823898cdd198055975a58f8cd4,2018-03-26 13:04:12,2018-03-27 03:55:26,2018-04-18,0,jaguariuna,SP,179.0,19.94,1.0,1.0,2841.0,40.0,23.0,26.0,23920.0
f848643eec1d69395095eb3840d2051e,4fa1cd166fa598be6de80fa84eaade43,2018-03-15 08:52:40,2018-03-15 09:09:31,2018-03-29,0,sao paulo,SP,79.99,8.91,1.0,1.0,250.0,22.0,10.0,18.0,3960.0
91b429393d223b94094f2b7671a634b9,ae37c7c2f03632d387b922d9179f3cdb,2018-04-12 09:12:37,2018-04-13 02:31:40,2018-05-21,0,rio de janeiro,RJ,49.9,19.32,1.0,1.0,950.0,44.0,3.0,33.0,4356.0
5ca376cff085294d9b8a396d8c9834ea,4fece99243598d047490d4d4ce058897,2018-04-05 17:27:00,2018-04-05 17:35:31,2018-04-17,0,sao paulo,SP,39.4,8.82,1.0,1.0,1550.0,46.0,11.0,12.0,6072.0
6a38a689d8240ba6b2e79f89a9ecf5c2,491b53d711e90db8195ba44d40bb83ac,2017-02-17 07:39:19,2017-02-17 07:45:11,2017-03-24,0,vitoria,ES,199.0,16.69,1.0,1.0,350.0,16.0,2.0,20.0,640.0
6a7dad3734ef2c19df2e8739e4ba0e77,f13780f02c055f61a1d754d88aa1711b,2017-09-14 14:38:04,2017-09-14 14:50:18,2017-09-26,0,hortolandia,SP,57.9,9.34,1.0,1.0,697.0,17.0,23.0,17.0,6647.0
30e0a586733725ef792f50d33720b961,6487f2dc75493ba7a83cc0de029e3209,2017-03-02 11:07:10,2017-03-02 11:22:32,2017-03-24,0,birigui,SP,,,,,,,,,
7e5755dcda787dcc7269f1698d6372b7,21fb2ebc5077f72af04e6ead0763eba5,2017-08-08 09:53:50,2017-08-08 10:10:15,2017-08-30,0,rio de janeiro,RJ,79.99,16.81,1.0,1.0,2500.0,50.0,10.0,40.0,20000.0
207bd7ea1f047ff2d6f2e5c70333e4b0,75b1b5710c1eea5788403c6868398157,2018-03-16 20:41:34,2018-03-16 20:55:49,2018-04-24,0,rio de janeiro,RJ,39.99,16.95,1.0,1.0,350.0,25.0,8.0,19.0,3800.0
c732a870596bb86c2a75055a13eed28b,039e439f9f8a9601b617aaf7168202fd,2017-02-24 16:09:19,2017-02-25 06:45:21,2017-03-31,0,vitoria da conquista,BA,115.99,21.26,1.0,1.0,186.0,16.0,13.0,14.0,2912.0
71a18f4279fdaf6704d2edbe33065085,ce1e86a6d856ca200eec30b35ef6f1f6,2018-02-20 21:31:57,2018-02-21 07:15:30,2018-03-16,0,contagem,MG,68.9,16.92,1.0,1.0,150.0,16.0,13.0,14.0,2912.0
ec55c591dee6e33a91fedbe64d75b475,be3259fe9f5ca5002148b8deaf52a84e,2018-03-22 18:49:32,2018-03-23 13:55:39,2018-04-04,0,braganca paulista,SP,12.9,7.39,1.0,1.0,175.0,22.0,13.0,17.0,4862.0
aca6f9ca2dac5791ddb1f8d760ec394b,09451703baf04a7c8144b467d5e0ff69,2017-02-17 12:04:05,2017-02-17 12:33:34,2017-03-30,0,ananindeua,PA,115.0,25.3,1.0,1.0,300.0,24.0,11.0,16.0,4224.0
5db9b0ad19ea0543caa70c934783946c,058f3fdd496fc2cd91c21bf8fe4b1a29,2018-04-05 22:12:22,2018-04-06 08:55:24,2018-05-08,0,fortaleza,CE,44.95,19.04,1.0,1.0,200.0,20.0,20.0,20.0,8000.0
9be011772d473c8a8c87e86029ab511c,dff0bed5a61853afcd53c726122e74bb,2017-05-15 22:05:34,2017-05-15 22:15:12,2017-06-08,0,porto alegre,RS,119.88999999999999,30.84,2.0,2.0,875.0,37.0,18.0,19.0,12654.0
9472d3c8a0ad463cbfc89897334431da,7e016f9ea275279784f42e0642214284,2017-11-20 16:21:04,2017-11-21 09:50:30,2017-12-12,1,fortaleza,CE,69.99,19.03,1.0,1.0,405.0,21.0,7.0,15.0,2205.0
4e21387c48145e5e07a1d552b1a69776,766a6dd9d0045e8462f001462976ff99,2018-02-06 16:17:58,2018-02-06 16:30:37,2018-03-02,0,sao paulo,SP,47.9,11.85,1.0,1.0,200.0,18.0,7.0,12.0,1512.0
82f29ec26f706651b906acc60ba4ab72,53e7d67eeb84c9b9c79929c6de3d1612,2018-02-09 16:49:44,2018-02-10 16:47:49,2018-03-06,0,vila velha,ES,99.0,20.18,1.0,1.0,2350.0,30.0,12.0,12.0,4320.0
92db190a97a2ab00dc878d38080537bf,493995f180abe3880781d71ee5788885,2018-03-05 10:43:16,2018-03-05 10:55:35,2018-03-21,0,botucatu,SP,159.77,13.46,1.0,1.0,450.0,20.0,12.0,15.0,3600.0
6816ae2fd8e9a4a6674dc2eb053da35b,03e3a430d50d6e1123627d133c65d5c4,2018-04-07 12:10:27,2018-04-07 12:30:09,2018-04-24,0,sao paulo,SP,149.5,38.56,2.0,1.0,280.0,16.0,5.0,15.0,1200.0
5dccc65b256263ec10925fa3a3d7ef48,3099cf51ea3765844ae0167a2d6698ad,2018-01-08 20:18:13,2018-01-10 10:32:30,2018-01-24,0,rio de janeiro,RJ,137.0,8.37,1.0,1.0,950.0,40.0,20.0,12.0,9600.0
22fe58e8a8084630f52ce3fbb02c9ac1,55432010afd9240b386a32618ff487ec,2017-11-07 12:40:52,2017-11-07 12:50:39,2017-11-28,0,sao paulo,SP,194.99,35.53,1.0,1.0,16167.0,64.0,62.0,25.0,99200.0
25a42a25fd4223696575df9383378279,d5e655381066bfb09f3c2b5bfadbcdee,2018-01-12 21:34:44,2018-01-12 21:48:35,2018-02-02,0,bento de abreu,SP,38.0,12.69,1.0,1.0,1100.0,30.0,16.0,20.0,9600.0
11ff2af78a9ec50c26f9cbbc62a10d38,a48b14b74f4daa3f589086dd35afe553,2018-02-01 08:52:15,2018-02-03 02:53:47,2018-02-23,0,mogi das cruzes,SP,216.0,31.04,1.0,1.0,1000.0,53.0,8.0,18.0,7632.0
b8db7d2782799267ee683bb2afa7f26f,0680214e013bf3ee08069f02ed2c0d80,2017-12-08 22:32:18,2017-12-08 22:52:36,2018-01-09,1,rio de janeiro,RJ,148.9,22.91,1.0,1.0,2693.0,29.0,28.0,26.0,21112.0
daf2a6548710139ae39eec18beb70a17,3832b0345716cf35407858cc6a08ea17,2017-09-20 21:48:39,2017-09-20 22:04:44,2017-10-09,0,sao paulo,SP,148.0,14.64,1.0,1.0,9750.0,35.0,12.0,30.0,12600.0
3f5abd933258e53656eb4368f0762fec,be683d7033a4881645d055afc913b083,2017-07-12 23:28:53,2017-07-12 23:43:15,2017-08-01,0,nazare paulista,SP,209.99,13.81,1.0,1.0,15267.0,17.0,10.0,13.0,2210.0
e163e5d0bd1d8d33300401819c279e06,2bc5c92da6f86fad8ec9dfdd63a2b8f2,2017-09-24 20:00:32,2017-09-24 20:15:12,2017-10-27,0,rolante,RS,250.0,54.35,1.0,1.0,11450.0,45.0,35.0,45.0,70875.0
95266dbfb7e20354baba07964dac78d5,a166da34890074091a942054b36e4265,2018-01-08 07:55:29,2018-01-08 08:07:31,2018-02-21,0,blumenau,SC,129.99,57.58,1.0,1.0,14950.0,77.0,20.0,53.0,81620.0
52dfaf3e430903d40571c0eb44d324b5,c778549cf25c2a4fb1b3a5e1874c91e9,2017-02-16 20:55:53,2017-02-16 21:05:16,2017-03-15,0,sao paulo,SP,,,,,,,,,
dd8c2ff157394afacbcc50a161e1af4e,7aa9979edeecc4c0748cfb942a7850db,2017-07-14 09:18:17,2017-07-14 09:35:11,2017-08-07,0,criciuma,SC,253.0,19.02,1.0,1.0,938.0,29.0,22.0,23.0,14674.0
cc2e56876c1e46ae38eb40eb187b23a9,f24774b99842246d43379d09c7ecec3b,2018-01-09 15:42:32,2018-01-09 16:32:22,2018-01-26,0,sao paulo,SP,29.5,13.08,1.0,1.0,1867.0,36.0,6.0,36.0,7776.0
444ba35537c4a2b24c3bf2e576ee98ac,c4dcf192d129b8388592885dd24fc476,2017-01-27 10:34:34,2017-01-28 02:32:27,2017-03-01,0,muzambinho,MG,119.99,20.92,1.0,1.0,3400.0,34.0,8.0,38.0,10336.0
86c81a5199aa303d0b44657a790f73bd,6d8c42467d463b248805d8ac8916c056,2017-11-28 18:13:19,2017-11-28 18:32:32,2017-12-19,1,niteroi,RJ,34.99,14.1,1.0,1.0,237.0,16.0,16.0,16.0,4096.0
a70cbddbc05271b2103fdd63f37034a0,26f8c9d8b0bd55432273ac668938f020,2017-10-12 15:06:17,2017-10-12 15:28:01,2017-11-01,0,campinas,SP,55.0,14.14,1.0,1.0,300.0,22.0,7.0,14.0,2156.0
57faaa762a71e0603439c7a742527524,a3bbbce815da0de197a60a066006ad75,2018-01-17 15:54:43,2018-01-17 16:11:18,2018-02-21,0,caxias do sul,RS,181.0,21.76,1.0,1.0,2000.0,23.0,16.0,18.0,6624.0
0d3361c2f225ac28b02f7a5492ed73fb,740e06c12b353bf626bb94ed662eb0ae,2017-12-02 09:45:39,2017-12-02 09:52:33,2017-12-20,0,araras,SP,449.0,54.68,1.0,1.0,23900.0,100.0,20.0,60.0,120000.0
113e41a438f06ffae6d1857e01d60c45,8210d932dc0ae881df69bc694b290b7c,2017-08-10 09:31:59,2017-08-11 04:25:38,2017-08-24,0,campinas,SP,96.0,31.12,1.0,1.0,100.0,52.0,4.0,52.0,10816.0
0c4d07bcd65a6ce95cbe8e8e228a98cf,30d6a066b7e76c8fd66610d4b36e891d,2017-02-06 12:15:34,2017-02-07 03:50:12,2017-03-03,1,rio das flores,RJ,30.0,14.52,1.0,1.0,125.0,18.0,7.0,15.0,1890.0
d5ba80d74b52c335ae36398d6159e6ee,df0f79495c6708eb945df0f91d5eada1,2017-08-15 23:23:16,2017-08-16 23:55:09,2017-09-14,0,rio de janeiro,RJ,340.0,31.88,2.0,1.0,125.0,21.0,9.0,14.0,2646.0
7b73889e40574f23f35f71c026fb141c,ae9b61a69c752fc15eb4944d0c7f0544,2018-03-31 12:09:11,2018-03-31 12:50:20,2018-04-17,0,sao paulo,SP,180.0,9.56,1.0,1.0,175.0,20.0,20.0,20.0,8000.0
c71179b21d4babaea70ded4969cd664a,a4919677ea2d5b947bb5a582c0bc7e39,2018-01-16 16:36:09,2018-01-17 03:38:33,2018-02-06,0,sao paulo,SP,62.8,23.57,2.0,2.0,450.0,37.0,10.5,29.0,11266.5
c3c8c891f706a8256fb5da39ced6ceae,4f8f6289df8456b49b78cc4ad0d7ec36,2017-10-09 19:12:40,2017-10-09 19:39:01,2017-10-27,0,belo horizonte,MG,124.9,14.62,1.0,1.0,620.0,23.0,15.0,17.0,5865.0
ec0dc4b572563095782c3e96a9f4d205,a5dbb47a11f753332945a2acdf6e84c8,2017-07-21 11:05:42,2017-07-21 11:15:22,2017-08-16,0,sao paulo,SP,139.9,20.47,1.0,1.0,2083.0,28.0,23.0,21.0,13524.0
136d740adc5aa0d3ad07f279eeb5b665,5f66fbfb3bf50be018e9aea8906bc04b,2017-07-26 15:04:07,2017-07-26 15:15:10,2017-08-25,0,salvador,BA,84.9,18.83,1.0,1.0,7500.0,55.0,18.0,45.0,44550.0
d8175252a4e35affdae9e3d36cbe3e83,fac8017d2afbb23689d675200ab9f5d6,2018-01-26 11:50:23,2018-01-27 11:39:26,2018-02-21,0,sao paulo,SP,45.0,12.48,1.0,1.0,300.0,18.0,11.0,16.0,3168.0
2a92c65417d964be9448faf2f572bbf7,9a9b364badad4eae84ed0f6e0e0fb7d4,2018-02-25 14:45:00,2018-02-25 15:07:38,2018-03-26,1,timbo,SC,53.99,15.13,1.0,1.0,200.0,16.0,16.0,13.0,3328.0
b874cad37f8aaecad0e9de14008e516b,e65dc14fa4982b68b349c8e855abb66d,2018-01-15 09:47:18,2018-01-16 03:34:33,2018-03-06,0,manaus,AM,19.99,21.15,1.0,1.0,50.0,19.0,3.0,11.0,627.0
1f252fa03fef3a7b2d16c2dd20de006d,a015288a903c5a2955b8ec9e7f470ce3,2018-02-25 12:47:36,2018-02-25 13:07:45,2018-03-12,0,sao paulo,SP,140.0,8.24,1.0,1.0,1800.0,46.0,15.0,13.0,8970.0
c2036cc87daa31d91f63b204717a9602,7411191c690609f0521c7911833402b8,2018-01-03 19:11:31,2018-01-05 02:35:30,2018-02-07,0,juiz de fora,MG,199.0,18.96,1.0,1.0,850.0,33.0,44.0,19.0,27588.0
3bd5b8bba961482f0f6c2e3502ac63bf,3747b586188c3c69c6a430658c2ae9f4,2017-09-07 13:41:37,2017-09-09 05:15:29,2017-09-29,0,sao pedro da aldeia,RJ,89.9,16.39,1.0,1.0,750.0,30.0,30.0,11.0,9900.0
cfa2b603d428bb936f63a21c3f2b99a9,7fcd6b7b791146f4809358b38920a6ee,2017-11-02 17:23:21,2017-11-02 17:35:28,2017-11-23,0,carapicuiba,SP,9.9,11.85,1.0,1.0,250.0,16.0,2.0,11.0,352.0
972de859f5e4986651981a283159a3b0,c9dbab4b73e48bd978bb5a5114ee6e3c,2018-01-09 11:53:29,2018-01-09 12:09:17,2018-02-07,0,esplanada,BA,1105.0,34.27,1.0,1.0,800.0,18.0,10.0,17.0,3060.0
30eb73d30073a32e71dd71315e9660c9,cb96e80748675729d4d3857321cacb26,2017-12-09 02:25:26,2017-12-09 02:49:57,2018-01-11,0,camboriu,SC,27.99,15.1,1.0,1.0,300.0,17.0,4.0,12.0,816.0
95ade9e6c80f923bf69bb522ba96a7d0,bceccf42d84fd8009a31e3a486b6ce89,2018-03-06 19:19:05,2018-03-07 02:15:52,2018-03-16,0,guarulhos,SP,93.0,14.26,1.0,1.0,2850.0,40.0,5.0,44.0,8800.0
214b96dbb7d479932d8b5a1957ce0e9d,00cef6d9683eaa39aaf401e3b02bdbca,2017-08-16 22:23:32,2017-08-16 23:44:56,2017-09-18,0,goiania,GO,200.0,22.24,1.0,1.0,9750.0,35.0,12.0,30.0,12600.0
4b31647c78c9dd5484852a1c9f29a14f,8c3af92a2d4a22018ee148f83dd61296,2017-11-26 13:02:50,2017-11-26 13:14:58,2017-12-20,0,corinto,MG,74.9,16.28,1.0,1.0,850.0,23.0,7.0,38.0,6118.0
e87d63870bcff2f72abfc64454bfff05,da5edefc151065bf935b9bf2c412e96b,2017-08-09 13:23:18,2017-08-09 13:44:08,2017-08-31,0,volta redonda,RJ,12.5,11.85,1.0,1.0,400.0,33.0,21.0,27.0,18711.0
b062c88d0db22ff6a4e37c2df0f85333,5def259225633d139dc0132b6454620b,2018-02-24 23:18:14,2018-02-25 00:00:19,2018-03-27,1,aramari,BA,109.9,38.32,1.0,1.0,9400.0,75.0,15.0,50.0,56250.0
ae035e1469cb0bf0ca6cd2a459277b9b,a5b1788e56a07a32ec0868df19424fb3,2017-12-29 12:37:06,2017-12-29 12:49:22,2018-01-26,0,sao paulo,SP,219.9,18.11,1.0,1.0,500.0,40.0,11.0,30.0,13200.0
bb034421133f5da6a22bc765fcf55432,f8be79366225c3a37623f18429daeb5b,2017-11-15 12:14:59,2017-11-15 12:26:32,2017-12-05,0,rio de janeiro,RJ,85.0,39.52,1.0,1.0,1700.0,70.0,10.0,100.0,70000.0
bcfb752924c7ba8161720a345e940d23,791b1f2ebf981ee9867bba35359d8d3c,2017-12-19 12:26:24,2017-12-19 12:36:23,2018-01-08,0,sao paulo,SP,69.99,8.72,1.0,1.0,350.0,17.0,6.0,20.0,2040.0
ef8e343c4abd7135c59d2a6179bd4351,e012c42980f243d89990940907be4fcb,2017-10-10 23:38:52,2017-10-11 00:03:48,2017-11-03,0,santos,SP,120.0,16.6,1.0,1.0,900.0,32.0,24.0,11.0,8448.0
5b7ffb8d013b6d0b4ae7a8f454fa9bd7,48577f823aa2ebde3bda0767a3e1b925,2017-11-20 21:52:34,2017-11-20 22:07:01,2017-12-01,0,itaquaquecetuba,SP,80.4,13.12,1.0,1.0,4825.0,61.0,34.0,36.0,74664.0
e3814831894acaf0ee4561b4a610b580,55e2db26414f3481723018e15279c9a9,2018-01-30 13:45:20,2018-01-31 13:31:59,2018-02-26,0,sertaozinho,SP,360.0,25.52,1.0,1.0,175.0,20.0,20.0,20.0,8000.0
52cba627ccdd9b94ac5a9be42d31b58a,7f8a1c90d9ee5773dbbe0d70ac48b7c9,2018-01-02 20:16:58,2018-01-02 20:28:57,2018-02-05,0,rio de janeiro,RJ,139.0,45.43,1.0,1.0,5950.0,20.0,20.0,20.0,8000.0
3e1ebea7add1c3a997a1a635b4978886,3298ab6fddfdd074bfc8d7e1f7f3da95,2017-04-05 01:12:35,2017-04-05 01:22:46,2017-05-03,0,vila velha,ES,127.48,16.59,1.0,1.0,329.0,18.0,18.0,15.0,4860.0
9a71f055d972d1ebacec9df7376ff1e3,466462055d43360841cd19a81cc12e9a,2018-03-13 13:18:23,2018-03-13 13:30:29,2018-04-04,1,uba,MG,139.8,30.38,1.0,1.0,1200.0,21.0,13.0,19.0,5187.0
157728e3687cd5012c1e732721098570,0e068d477b784dc327ce26836411eb00,2017-07-17 06:53:07,2017-07-17 07:10:12,2017-08-22,0,boa vista,RR,179.9,45.11,1.0,1.0,850.0,24.0,13.0,18.0,5616.0
0ce9a24111d850192a933fcaab6fbad3,5bb8de60ca2ca8b01a5ce471802fe10b,2017-11-24 01:40:48,2017-11-24 01:49:34,2017-12-19,0,rio de janeiro,RJ,159.9,28.5,1.0,1.0,3400.0,20.0,30.0,30.0,18000.0
55404f7c33f7e16a818555a8aafeadc6,2994be4afff3d620830bf66448ab08ff,2017-05-30 11:13:49,2017-05-30 11:25:27,2017-06-26,0,nilopolis,RJ,79.9,17.0,1.0,1.0,280.0,17.0,6.0,11.0,1122.0
f3cd6fd2bd9ec528bdd3a45d423636b9,ef81ebfc786a732f1f6df171799c30a5,2017-03-03 19:34:38,2017-03-03 19:45:16,2017-03-28,0,quedas do iguacu,PR,59.9,19.01,1.0,1.0,4100.0,89.0,4.0,42.0,14952.0
2fdd35034a62541526bee9d3f287c2e0,124bd2cd4802bd7b4f64b19d46b53bbd,2018-02-18 09:52:05,2018-02-18 10:55:31,2018-03-09,0,tremembe,SP,187.8,24.32,1.0,1.0,550.0,27.0,10.0,22.0,5940.0
bd59d6b6646e18c7a1a97a639ff49e0f,04445deee7383ac75ad3026150466867,2017-12-06 16:08:05,2017-12-06 16:31:10,2017-12-22,0,sao vicente,SP,33.0,8.72,1.0,1.0,800.0,47.0,5.0,20.0,4700.0
30fb13279028a5d1ebc47f8ace9b041f,8b36301602029ac8f28e6f14a682c089,2018-02-03 19:49:00,2018-02-04 19:49:25,2018-03-08,0,varzea grande,MT,89.9,16.07,1.0,1.0,150.0,35.0,8.0,11.0,3080.0
7de03e8d15c7de252f740627b5f666a0,e0701a06701df9dcd6281071f33893e5,2017-07-26 15:19:37,2017-07-26 15:30:21,2017-08-15,0,sao jose do rio preto,SP,19.9,11.85,1.0,1.0,100.0,20.0,13.0,15.0,3900.0
b5a1d012931f59ed905df201cf2aba80,56e7899b07b9a515442d8855a6e049b3,2017-08-07 17:41:16,2017-08-07 18:20:06,2017-08-29,0,sao roque,SP,119.35,18.09,1.0,1.0,1635.0,23.0,30.0,17.0,11730.0
de42a8e111d0e1b06aa129d163313053,375cbd7523ce85e60375cb07a0dabc63,2017-10-15 18:20:05,2017-10-15 18:35:15,2017-11-03,0,rio de janeiro,RJ,21.9,15.1,1.0,1.0,300.0,40.0,4.0,30.0,4800.0
2da878ecf6888b9ef86f601d9a8b9492,8d8822ee90f727a3355664c50dbdbfdd,2017-03-19 11:19:12,2017-03-19 11:19:12,2017-04-10,0,rio de janeiro,RJ,99.99,15.46,1.0,1.0,1200.0,42.0,25.0,15.0,15750.0
8c28df1eae513694a941565b1a0a5de8,bac7cc91caa4078e7a3e7e5547531c1d,2017-08-26 08:46:15,2017-08-26 09:04:16,2017-09-14,0,iacanga,SP,56.9,12.74,1.0,1.0,900.0,35.0,4.0,30.0,4200.0
1e906c082a3aa57596a2fa25a7e6cf25,1c0e9c6e7bde47b5745198ab7e521c1e,2018-03-11 07:54:57,2018-03-11 10:01:27,2018-03-22,0,diadema,SP,15.8,17.76,1.0,1.0,600.0,16.0,25.0,12.0,4800.0
1d41ac5f5e6002b984d0c8609f0019e3,4126088d17550e0903988d5f07b65e9f,2018-04-01 11:08:04,2018-04-01 11:50:16,2018-05-02,0,londrina,PR,18.75,19.32,1.0,1.0,250.0,25.0,25.0,25.0,15625.0
f12ef7eed107de3791b1db5b8cd4852b,a95a0af104d58114e3d3e9c52427ca7e,2017-09-26 21:12:04,2017-09-26 21:28:20,2017-10-13,0,sao jose dos campos,SP,29.9,11.73,1.0,1.0,1200.0,69.0,3.0,43.0,8901.0
0ba375898f7c9b49e9d12cdd4f4467e8,d621fbec7b4a75ca6a753abd248e9250,2017-08-24 14:53:21,2017-08-25 14:45:51,2017-09-19,0,pato branco,PR,349.9,15.47,1.0,1.0,900.0,25.0,12.0,38.0,11400.0
5e37bd369f48eb8220fb2d3460f74833,20d45783cfee5d4d288de20095fe7f9e,2017-05-24 23:38:49,2017-05-24 23:45:09,2017-06-16,0,brasilia,DF,31.9,14.1,1.0,1.0,200.0,41.0,2.0,29.0,2378.0
66bd5293331e02863f2054bf659ed2be,469de6321bc3cc06274c61d9aebeb0bf,2018-03-08 19:46:03,2018-03-08 20:09:28,2018-03-27,1,nova iguacu,RJ,79.9,21.64,1.0,1.0,1150.0,35.0,25.0,25.0,21875.0
f8207caf0d0b8d07ebb64c397a72793a,7e550164be02975a52464fc6019cac13,2017-07-19 07:31:51,2017-07-20 02:25:15,2017-08-01,0,sao paulo,SP,203.6,12.63,1.0,1.0,1450.0,25.0,22.0,19.0,10450.0
4b20ac5099cdb7bcec3f8dfa89bdbdbe,666cc18bf39036f9df73b917861a5eb8,2018-01-27 10:33:44,2018-01-30 05:31:37,2018-03-15,0,figueira,PR,233.98,31.14,1.0,1.0,13388.0,54.0,47.0,28.0,71064.0
8b56c0315e44af9a56cef82dce0aa443,11436d35136d8c9362a1438a71c7f725,2018-04-01 12:45:59,2018-04-01 12:55:32,2018-04-19,0,brasilia,DF,122.99,15.74,1.0,1.0,400.0,20.0,12.0,15.0,3600.0
d022bdad33a575ca5edb8c4d51e44310,403ac22a4f570846d684cdc9e0d47eb0,2018-01-14 18:58:26,2018-01-16 03:50:49,2018-02-07,0,santa maria,RS,54.9,15.13,1.0,1.0,300.0,16.0,16.0,16.0,4096.0
e4ab47067c4cce118537efb1938f87dc,766716773193d515bbb268dc61c8cc06,2018-04-13 21:36:34,2018-04-13 21:51:00,2018-05-15,0,jacobina,BA,53.9,25.21,1.0,1.0,1550.0,30.0,22.0,30.0,19800.0
d3feb75cb4e8d372a35e074fc1175bcd,3c041d8a707afe3117f3e7e995660a4d,2017-09-01 12:43:39,2017-09-01 12:55:16,2017-09-27,0,joao lisboa,MA,29.9,34.15,1.0,1.0,200.0,16.0,2.0,11.0,352.0
0922de4af18de92fdca6fed66b34b66f,35ad814595f534fe564bec2692ae47be,2017-03-20 15:58:31,2017-03-20 15:58:31,2017-04-10,0,herval,RS,169.9,22.66,1.0,1.0,3000.0,33.0,12.0,34.0,13464.0
e88333581538e25e87d48b2dbc1782b8,804c3fcfa00f15adc54c342c2971b2cc,2018-03-13 13:23:37,2018-03-14 09:35:32,2018-03-29,1,cajamar,SP,120.0,17.75,1.0,1.0,584.0,16.0,11.0,13.0,2288.0
704611e37204252ce312c0b0ce22ef41,1bd85c9d65bc738698fef11a58127278,2018-03-09 14:55:41,2018-03-09 15:10:58,2018-04-03,0,cuiaba,MT,97.9,20.42,1.0,1.0,1250.0,26.0,10.0,18.0,4680.0
79ee77c8f45cf57099cfe54271af1d49,7640f74e9d8d7cae31dde07a5fb6aeae,2017-05-01 18:43:06,2017-05-03 11:35:35,2017-05-25,0,curitiba,PR,34.9,14.11,1.0,1.0,150.0,16.0,7.0,20.0,2240.0
5dee8eedf4516e7562d1ec0f62833392,d266372ab3c63af5c6503c9315b213e2,2017-09-24 19:37:48,2017-09-24 19:50:17,2017-10-17,0,sao paulo,SP,186.99,16.94,1.0,1.0,1267.0,37.0,23.0,26.0,22126.0
2d695e0d0fe5d863c921713fdc1faf7b,5ca9f1e0cb1c302adb16d254b7d38b92,2018-03-07 00:39:30,2018-03-07 00:50:29,2018-03-29,1,resende,RJ,34.9,26.43,1.0,1.0,600.0,16.0,16.0,16.0,4096.0
52ed4ea43ae701531f7a3a18b16783f8,8625add91cf6b981e6fac5cd0b5d733e,2017-11-21 09:56:24,2017-11-21 10:06:52,2017-12-01,0,sao paulo,SP,19.9,7.78,1.0,1.0,50.0,18.0,6.0,11.0,1188.0
e15ab2ec1abc926192e9da8f7e04326d,c95b52873284e1f5cc5754d2e926d919,2017-11-27 22:51:32,2017-11-29 02:17:24,2017-12-26,0,teofilo otoni,MG,39.99,15.1,1.0,1.0,350.0,25.0,8.0,19.0,3800.0
c872a25ce42bdc8fe653b0cf95274608,e99bf5f6cd5edbec2d65abfa12bf3f03,2018-02-28 14:57:20,2018-03-01 14:56:56,2018-04-11,0,canoas,RS,84.0,15.34,1.0,1.0,150.0,18.0,8.0,13.0,1872.0
5156f62d18510bbdc946ebbe9846a6d4,e59ea0ab16e4c5d4e49442b7ad210ef0,2017-08-07 00:18:41,2017-08-08 03:55:47,2017-08-29,0,belo horizonte,MG,51.0,14.11,1.0,1.0,250.0,16.0,6.0,14.0,1344.0
1bdd4c66aa68cf72d2fc25b9f9e4bb48,66dc7ddbac62bcf0886576a7d05f9606,2017-12-06 17:42:49,2017-12-07 03:16:26,2018-01-02,0,niteroi,RJ,27.99,14.1,1.0,1.0,300.0,17.0,4.0,12.0,816.0
900ee0470f53ec2e4e4a50a57b06a85a,131fc1a18874ae3381d8b4d6d920bd5d,2018-01-07 10:14:42,2018-01-07 10:27:26,2018-02-08,0,sao goncalo,RJ,37.8,33.58,1.0,1.0,150.0,18.0,12.0,15.0,3240.0
555537da82b73708bc09f6b0c8fa6747,6065549b74cda90a4ffeb7da736c69c0,2017-02-19 11:03:43,2017-02-19 11:15:09,2017-03-27,0,viamao,RS,15.75,16.05,1.0,1.0,178.0,18.0,11.0,17.0,3366.0
7b53b94402ded889f5be8098bb6e2885,05775243ed704519f900b91f95b9593a,2017-02-18 01:57:33,2017-02-18 02:05:10,2017-03-23,0,rolandia,PR,739.9,20.88,1.0,1.0,1740.0,34.0,41.0,33.0,46002.0
3cbdfe7eddec3865455541546f081546,36c3e8a1f8e150fde4a148578d99a5e1,2018-04-09 10:18:06,2018-04-10 03:49:46,2018-05-10,0,nova friburgo,RJ,349.9,27.13,1.0,1.0,900.0,25.0,12.0,38.0,11400.0
26227999b191329fe62cd797aede5270,15ef8fd01187d42b5f57af41ef5a1fe5,2018-02-17 01:24:58,2018-02-17 02:07:56,2018-03-14,0,torrinha,SP,108.0,16.52,1.0,1.0,1000.0,53.0,8.0,18.0,7632.0
6aa3661755d14531db724d1af0dfbaa3,b5b3ce886b794c18d46dd2a3e75727a0,2018-04-09 22:33:14,2018-04-10 00:31:47,2018-04-19,0,santo andre,SP,119.0,12.74,1.0,1.0,1950.0,43.0,10.0,33.0,14190.0
43d640d9d8add3920e35acc0d8ca9411,a1cdd0992516e0e8a9c90b38965b47fe,2017-11-21 18:31:03,2017-11-21 18:39:31,2017-12-13,0,brasilia,DF,170.0,21.68,1.0,1.0,4338.0,17.0,12.0,14.0,2856.0
f77ea394864509e417418362e526ce60,73175bb66381e7cf02294f0a8c2ea137,2018-01-24 09:54:54,2018-01-24 10:16:18,2018-02-08,0,guarulhos,SP,13.99,7.78,1.0,1.0,50.0,16.0,5.0,11.0,880.0
47718199d2ca56a38ae8cfccc158c692,98a06a6332545015fba5269ad5dc4f5c,2018-01-30 15:54:34,2018-01-30 16:43:43,2018-02-21,0,taubate,SP,21.9,11.85,1.0,1.0,150.0,25.0,7.0,16.0,2800.0
6342949969bcfd05fe93e0de9f27494a,eed42f4f54e24cd19f809958a4735cbf,2017-05-05 18:23:07,2017-05-05 18:30:21,2017-05-30,0,rio de janeiro,RJ,15.9,14.52,1.0,1.0,133.0,17.0,6.0,12.0,1224.0
75687059537f4b53423dc1d645c6822f,239e040dfb9ecf20be36947bbea5fa0f,2018-02-28 21:28:33,2018-02-28 21:48:26,2018-03-19,0,santo andre,SP,204.0,14.45,1.0,1.0,342.0,18.0,13.0,15.0,3510.0
97f06fe395ce93098b2deafe88e888c4,547c1c5240ab52551513cdd2d3ec52a2,2017-12-05 16:24:16,2017-12-07 16:16:27,2018-01-09,0,gurupi,TO,17.5,25.63,1.0,1.0,150.0,16.0,7.0,16.0,1792.0
3f5c39e43c1ec1232676e88090d48fe7,209ad2bfbe7e0b781a5d22d92ec099f3,2017-05-02 22:11:54,2017-05-03 15:30:19,2017-05-25,0,telemaco borba,PR,141.9,19.27,1.0,1.0,4017.0,38.0,35.0,42.0,55860.0
3574fb0b39fffed3ab8ec66e6031b4a3,da6a0a54caaddc984f071918d9d30fb8,2018-02-18 13:59:04,2018-02-19 13:55:30,2018-03-13,0,sao goncalo,RJ,30.5,14.1,1.0,1.0,200.0,16.0,8.0,11.0,1408.0
d39683eb0cfa97adfec4cd9af343815e,45d76742aa38de04bc46e13624c4db61,2017-06-11 12:37:59,2017-06-13 04:42:53,2017-07-05,0,terra roxa,PR,134.17,21.43,1.0,1.0,10400.0,33.0,30.0,44.0,43560.0
1d46e93ded8b3ff059abe41e14754362,ddc49820b80baa11c1fd013d27e171fd,2017-08-23 13:58:50,2017-08-25 03:05:30,2017-09-19,0,caxias do sul,RS,119.8,32.36,1.0,1.0,1650.0,40.0,45.0,25.0,45000.0
1c4bf073acd58cd827c2ff0c97466bfa,087472c809af7a09b9cbf42d9938801f,2017-12-05 13:52:17,2017-12-05 14:31:06,2018-01-08,0,caldas novas,GO,82.99,17.83,1.0,1.0,1450.0,34.0,12.0,40.0,16320.0
ba3a3c2c3f3e81e02369b68c93922193,26202d9135bddbb2c51320f58bfbc92c,2018-01-14 23:29:25,2018-01-16 03:34:49,2018-02-06,0,niteroi,RJ,49.99,14.1,1.0,1.0,410.0,31.0,8.0,14.0,3472.0
acb77b31022128308393bdbc66e3e5bd,026cbd2abdef48032f42084a8ec122fe,2017-11-12 15:48:46,2017-11-12 16:06:40,2017-12-08,0,brasilia,DF,45.95,15.1,1.0,1.0,350.0,25.0,8.0,19.0,3800.0
737a52582de776db2631a7d53cb29eed,3f1dfe685c14112652c1765c32c99b95,2017-05-29 21:06:17,2017-05-31 06:55:34,2017-06-19,0,sao carlos,SP,49.9,11.85,1.0,1.0,200.0,16.0,20.0,16.0,5120.0
e98de168acf11b1a80cea2ad5e8a5c61,fa5aaf3631ab1075fcdb95fa8e10cad5,2017-07-06 16:33:09,2017-07-06 16:45:11,2017-08-07,0,campina grande,PB,118.9,38.38,1.0,1.0,900.0,40.0,17.0,18.0,12240.0
37b8c558c5edf11ec6b82f288bcdcf8c,bca6eaf28cd32203c825bfdf794b188d,2017-10-06 01:07:20,2017-10-06 01:24:58,2017-10-24,0,sao paulo,SP,22.99,7.78,1.0,1.0,125.0,19.0,4.0,11.0,836.0
114e12eca60507f3e3153182f258684d,a7b3bd7ba727dae2bc4a68b78b7a7c64,2017-08-15 11:14:25,2017-08-16 03:26:11,2017-09-13,0,caldas novas,GO,115.97,45.27,1.0,1.0,9750.0,27.0,15.0,92.0,37260.0
91d0935ba0d6f6300d7f5af5f2eb05ce,ec19c50d2dffbbac741ae04db916de32,2018-01-06 21:22:25,2018-01-06 21:30:26,2018-02-05,0,imbituba,SC,19.9,15.1,1.0,1.0,100.0,23.0,8.0,18.0,3312.0
23799ee0d85541263f0637d4b86d5e5b,98209b8b1b97a90f4b5028daffb1b73e,2017-05-01 10:23:49,2017-05-01 10:35:20,2017-05-23,0,praia grande,SP,39.0,10.96,1.0,1.0,300.0,22.0,9.0,16.0,3168.0
0cb617c8bf1a34cf77947ac7d8b393f0,6344d00636d39fababe43b09e0159ca2,2017-03-06 00:52:32,2017-03-06 01:05:48,2017-03-23,0,piracicaba,SP,49.9,10.96,1.0,1.0,600.0,30.0,15.0,20.0,9000.0
8bd56cbba10cec53a49503a4377ce707,bc2799ce7d11d287ada62e695e3203fc,2017-05-10 17:15:52,2017-05-10 17:25:24,2017-05-25,0,sao paulo,SP,13.99,9.34,1.0,1.0,250.0,25.0,25.0,25.0,15625.0
d95c203ba62b39ad3c3a2df8d5e7c052,b31b5ecd79d2528b3340abb86f5c2a4d,2018-02-21 23:54:14,2018-02-23 02:31:01,2018-03-07,0,osasco,SP,29.9,8.11,1.0,1.0,250.0,16.0,5.0,15.0,1200.0
ce6d6c97c681b91f6a645bf24c8da7ff,996dddfbf0751298292794a9341ceb95,2017-12-01 20:36:32,2017-12-03 20:31:30,2017-12-26,0,macatuba,SP,154.9,14.1,1.0,1.0,1200.0,80.0,14.0,14.0,15680.0
49bab3f94ce298f6fde6208f426978b4,6921224e0e53eea536125e700611b01c,2018-02-23 08:38:47,2018-02-23 08:50:25,2018-03-09,0,sao paulo,SP,143.8,16.71,1.0,1.0,5950.0,65.0,11.0,65.0,46475.0
9c907683320520537fb677e28c4b5629,0472d52fc0d9de11035845057654052f,2018-01-16 17:18:59,2018-01-16 17:33:05,2018-01-31,0,sao paulo,SP,32.5,9.94,1.0,1.0,500.0,28.0,15.0,15.0,6300.0
fb845e7ec3f9c9eec92c1f2b163a7895,cbbfac864bf228e31822cc3b8adfcf5f,2017-09-30 12:57:50,2017-09-30 13:24:45,2017-10-26,0,ribeirao preto,SP,159.9,12.62,1.0,1.0,444.0,20.0,14.0,16.0,4480.0
80c3c4405891ad9ae20692b3546aed20,17fa34113bb7197374bed266c6b35c05,2017-11-25 13:53:32,2017-11-28 03:41:19,2017-12-19,0,cachoeiro de itapemirim,ES,98.0,35.34,1.0,1.0,1500.0,30.0,22.0,30.0,19800.0
a1969d1fe556384a2064a72ff0451d4f,9f547d6d74fbd8d1e47e5639d14ac7fe,2018-03-06 11:39:05,2018-03-06 11:55:32,2018-04-09,0,rio de janeiro,RJ,90.0,18.51,1.0,1.0,1650.0,16.0,10.0,16.0,2560.0
14154a306b926b62ae99f4ad34bfb206,b768df11c1dd1aa471736252fc8780b0,2017-10-18 14:31:33,2017-10-18 14:45:40,2017-11-17,0,uberlandia,MG,139.8,41.96,1.0,1.0,2350.0,20.0,20.0,20.0,8000.0
774b04fe6502917d1952476fd1f3dd60,514dd9fb6e10790e3e4ff173318d67e3,2017-04-24 20:06:41,2017-04-24 20:22:24,2017-05-25,0,caico,RN,42.99,24.84,1.0,1.0,200.0,16.0,7.0,11.0,1232.0
8c0921d37402722b282083329db79f9b,f9e23c14e5ab7352006f43521f84b3d5,2017-04-13 16:09:20,2017-04-13 16:22:23,2017-05-17,0,ipiau,BA,129.89,41.8,2.0,1.0,350.0,29.0,7.0,16.0,3248.0
4d9a297fbfa9ba6d8d70c06d4bec9ca9,7454f64a4378ab4a3aacafdef6a1feeb,2017-02-18 14:36:48,2017-02-18 14:50:13,2017-03-27,0,presidente prudente,SP,97.9,13.27,1.0,1.0,1200.0,35.0,9.0,25.0,7875.0
26047bf46b017a9f8e502db4ef972500,30f3fadcb05c5f68e3ad4b51d093704a,2018-03-14 22:43:54,2018-03-14 22:55:34,2018-04-02,0,hortolandia,SP,61.9,13.79,1.0,1.0,625.0,29.0,20.0,24.0,13920.0
423a4ec1579258ccf1267d7414246c52,1388eca3c7f75f6038c0d636f9f3b2ca,2017-06-06 23:09:15,2017-06-07 14:25:22,2017-07-03,0,betim,MG,34.99,14.1,1.0,1.0,200.0,20.0,15.0,15.0,4500.0
0d85f60a7eb6eff92a2c8363050cc7b2,abb2c6c3156823bffa1f8100bc9d5b34,2017-12-05 15:01:00,2017-12-05 15:31:00,2018-01-18,1,araxa,MG,899.0,19.31,1.0,1.0,800.0,18.0,18.0,18.0,5832.0
2ae1a1178ebaf2ed27989112cf9f4a2d,503cd4e9dd9a0aad568b6f3af8e32948,2018-01-01 14:37:33,2018-01-01 14:47:22,2018-02-08,0,rio de janeiro,RJ,249.9,16.5,1.0,1.0,200.0,20.0,20.0,20.0,8000.0
a2aae14e6eb568f6c2f82c7cc1d5e0f2,451e697f12e5b64eae4580d365e6260e,2017-03-18 21:58:15,2017-03-18 21:58:15,2017-04-12,0,balneario pinhal,RS,12.97,16.05,1.0,1.0,100.0,18.0,4.0,12.0,864.0
716ae039823c5b809fbf98d24626922a,bc781ab7ea64681deb7a011ec776bb0e,2017-04-04 21:53:37,2017-04-05 22:02:38,2017-05-09,0,nova friburgo,RJ,66.99,17.21,1.0,1.0,1800.0,38.0,12.0,35.0,15960.0
6923051242694891e2f71ddc4eb93690,bf2cf07066dfbad334b5a59013a158b7,2017-08-25 12:33:10,2017-08-25 12:45:40,2017-09-19,0,sao joao del rei,MG,69.9,15.24,1.0,1.0,900.0,21.0,34.0,34.0,24276.0
b3edcb85453179d7aff0cc5180ef4880,a0c67776c295e9b4a2b4884c6a24c76a,2017-04-20 12:47:52,2017-04-20 13:10:28,2017-05-29,0,frei martinho,PB,159.9,40.63,1.0,1.0,2300.0,45.0,15.0,35.0,23625.0
034bc91b27d0de97e2ffa04946137764,a1d7580bed7d7f0ebe64eb1d37b01624,2017-09-18 00:48:00,2017-09-19 03:36:32,2017-10-05,0,rio de janeiro,RJ,23.8,30.2,2.0,1.0,200.0,16.0,2.0,11.0,352.0
946a24e6c014fe25b4af2d002c1b0594,8be9edf093070963f58d76ba9333ceca,2018-02-10 12:06:03,2018-02-15 03:47:53,2018-03-22,0,chui,RS,120.0,20.0,1.0,1.0,1250.0,40.0,20.0,30.0,24000.0
b48e71659903550bcf90e87f245cefbb,3e34d3a2f74fc23f3c0bef7294bb00af,2018-02-14 16:49:01,2018-02-16 08:07:10,2018-03-19,1,aripuana,MT,89.9,19.87,1.0,1.0,725.0,60.0,8.0,33.0,15840.0
ef492dce2e07e7ca0f54bb9fb1aabda2,4726470732530d99dad13c8e2a3cc1d7,2017-06-28 18:28:34,2017-06-29 02:43:51,2017-07-11,0,sao paulo,SP,11.99,7.78,1.0,1.0,150.0,19.0,14.0,19.0,5054.0
54e9f969a3aa7533dc872c7aed1f25ec,809e6813ae5c0e032f08df8c91a3f8c2,2018-03-08 16:09:36,2018-03-08 16:55:42,2018-03-27,0,sao joaquim da barra,SP,128.0,14.99,1.0,1.0,1225.0,25.0,22.0,22.0,12100.0
998b90bcfc77ff711912c1c14dcff885,0b1899150b4ee7ae778d02ecb621324f,2017-07-05 21:56:09,,2017-07-27,0,indaiatuba,SP,,,,,,,,,
6e5eb9bf354b388aac8561d04e9b0ef0,7c9bd29ba762dee02252ee11180a5f08,2017-10-25 10:11:12,2017-10-25 10:33:27,2017-11-21,0,feira de santana,BA,75.0,16.97,1.0,1.0,450.0,21.0,16.0,16.0,5376.0
e0cb1558bbe670b4cd84bf99bf93318f,956d144703c3b72fcb05e587e39f3ab2,2018-01-12 17:02:11,2018-01-12 17:13:24,2018-02-20,0,tabuleiro,MG,234.9,18.89,1.0,1.0,1000.0,33.0,32.0,38.0,40128.0
604d4cba9e93715603dd7bef8085766d,6082706302e3f662912ff2ff90d3fe91,2018-03-06 10:30:13,2018-03-06 10:49:44,2018-03-23,1,teofilo otoni,MG,36.98,36.46,1.0,1.0,150.0,20.0,18.0,20.0,7200.0
5664108fc73599db9191ed8160e0989c,28ec50f091f0e77b714b91eac5074c01,2017-11-30 16:09:24,2017-11-30 16:16:21,2017-12-27,0,vicosa,MG,125.0,21.58,1.0,1.0,2500.0,34.0,17.0,22.0,12716.0
eec9f0b827bca9150bee156780bc2989,d839eb32cea4b0c24fab82fc74b8ebe3,2018-03-11 10:39:18,2018-03-11 11:20:29,2018-03-28,0,sao paulo,SP,124.9,14.96,1.0,1.0,2500.0,43.0,8.0,33.0,11352.0
c84b383da1173fe2b3b8dc1052c66821,d452a5b89cea2506ed5d8e032964787f,2017-05-11 13:43:44,2017-05-13 03:10:07,2017-05-31,0,sao paulo,SP,24.99,7.78,1.0,1.0,600.0,20.0,10.0,20.0,4000.0
82a35d13f3b95427d47aa11e4afde83b,422d5038574e8ef4a62100750a7bd05e,2018-01-27 21:43:20,2018-01-27 21:55:36,2018-02-22,0,brasilia,DF,199.9,21.89,1.0,1.0,2450.0,41.0,8.0,36.0,11808.0
a77a378498a60424c73641a2bce561f8,a165af70cc13470e311ddcd4fd33c070,2018-02-14 19:01:46,2018-02-15 06:30:26,2018-03-13,0,campo ere,SC,45.9,16.11,1.0,1.0,650.0,20.0,8.0,20.0,3200.0
22f469f96aaa1fdd00d0ac66369a950f,3bd97ea24b16619feda927af48da9fca,2017-05-14 21:56:13,2017-05-14 22:10:16,2017-06-02,0,ubatuba,SP,52.5,15.12,1.0,1.0,700.0,16.0,2.0,11.0,352.0
6a6601cae4b43a36b3e89110c3a7f497,7ef54c008d37c1051eec1537cb44a0db,2017-08-16 17:18:48,2017-08-18 02:24:37,2017-09-11,0,piedade,SP,328.89,13.8,1.0,1.0,200.0,35.0,16.0,30.0,16800.0
7828ebfebc66999cec37ddc06c63870f,861c4eff6dcc1cd1ce85c4d47fd54509,2017-09-22 14:27:52,2017-09-22 14:45:35,2017-10-24,0,luis eduardo magalhaes,BA,49.0,16.79,1.0,1.0,1300.0,24.0,30.0,20.0,14400.0
fb362fb533a2d245c5822558de85ce16,82e41cc1f87b1074c1f4bf5c840fd4a2,2017-11-06 09:25:35,2017-11-06 09:47:02,2017-12-01,0,guapimirim,RJ,124.99,14.62,1.0,1.0,200.0,20.0,3.0,18.0,1080.0
1e0472c015f18d557d20db713af0f356,e878acf1e2ac4373cca11582ccb97184,2017-09-02 22:27:32,2017-09-05 04:15:42,2017-09-26,0,campos do jordao,SP,149.8,35.54,1.0,1.0,1500.0,38.0,7.0,28.0,7448.0
85d1f27ce2b79aafb89810ff41fc3e72,051df23b0ca41d5daa47268b5b96a450,2017-12-23 01:23:00,2017-12-23 01:29:51,2018-01-24,0,ituiutaba,MG,124.69999999999999,47.32,2.0,2.0,500.0,20.333333333333332,13.0,18.0,4758.0
fe7b642fb30e2a103d1dc36f861b44cd,afe0cb3cef1354ee82317557b902dfcc,2017-07-20 16:09:05,2017-07-20 16:25:18,2017-08-04,0,santos,SP,89.99,7.88,1.0,1.0,250.0,22.0,10.0,18.0,3960.0
4a5a57c482bf855e998fb45fc1173c83,8ea391157fd58ef50df1378e29d36df7,2018-01-19 23:09:18,2018-01-19 23:18:27,2018-02-05,0,guarulhos,SP,138.0,12.17,1.0,1.0,4867.0,70.0,16.0,50.0,56000.0
aab7f3f00c73e3e209b6e84412a3758b,c51460dcb59443d89846e238653f6002,2017-08-07 10:25:57,2017-08-07 10:35:23,2017-08-31,0,brasilia,DF,94.9,20.15,1.0,1.0,1800.0,47.0,21.0,41.0,40467.0
eec4cdb15e74c35073cc163bfd9fa2b2,dc6e272766b14662d54f4b7123e128bd,2017-08-20 22:04:21,2017-08-20 22:24:43,2017-09-01,0,gravatai,RS,29.99,8.11,1.0,1.0,200.0,16.0,5.0,15.0,1200.0
b25081e0843bf437bc7ae7edf71ccb4a,c72f69d9a10067f1ed55e5e682f9f292,2017-07-31 11:33:33,2017-08-01 10:50:18,2017-08-15,0,embu das artes,SP,299.99,13.3,1.0,1.0,1075.0,26.0,14.0,17.0,6188.0
180c04aeebcb390784f7d9c08dbd159d,02193de2a9880973fdeb02923eb5fffd,2017-09-14 16:18:12,2017-09-14 16:30:24,2017-10-06,1,brasilia,DF,44.9,15.1,1.0,1.0,400.0,20.0,2.0,15.0,600.0
03fefb6f166efd081e05a842f7def973,68c8855d1c948dff63ae6fffabb8fe5a,2018-02-20 09:02:15,2018-02-20 09:15:23,2018-03-12,0,sao paulo,SP,107.0,12.25,1.0,1.0,350.0,17.0,17.0,17.0,4913.0
cd5d3f244e0546f5fc8733139dafc597,4a2c271cbbafa1d8e842cb3975693180,2017-12-10 01:10:15,2017-12-10 01:43:06,2018-01-05,0,niteroi,RJ,79.9,14.31,1.0,1.0,600.0,17.0,12.0,12.0,2448.0
5939a276152174ff719ee375114e0775,ec03e43a7a5f7a6774a43ace6ca4f366,2017-08-05 17:11:39,2017-08-05 17:25:06,2017-08-29,0,rio de janeiro,RJ,84.9,16.35,1.0,1.0,900.0,29.0,11.0,23.0,7337.0
ac497fa7b396844289feb8bf6c8ac608,f93df0428349b10970413433e6aa5d6b,2017-03-24 22:12:48,2017-03-24 22:25:12,2017-04-20,0,valenca,RJ,69.8,29.04,1.0,1.0,800.0,30.0,10.0,30.0,9000.0
5f2e44ea1fc61083103e1a75f61d2bdf,5ce194db2a0013852fdb744ac95ef05c,2017-02-02 17:00:25,2017-02-03 07:01:30,2017-03-03,0,pocos de caldas,MG,309.9,19.01,1.0,1.0,700.0,17.0,7.0,17.0,2023.0
39e8d5883eb12c66b1d2bb1799810d05,afd8b1ca06dc456c25b4548c287ad210,2017-05-21 10:55:29,2017-05-21 11:05:16,2017-06-13,0,itabira,MG,21.9,15.1,1.0,1.0,100.0,16.0,3.0,11.0,528.0
8d053738b817a245da596c4aac057923,d7be54516b09d327e904b5bcfbe0a79e,2017-02-11 12:25:50,2017-02-11 19:31:52,2017-03-24,0,campo belo,MG,49.9,14.52,1.0,1.0,200.0,16.0,5.0,11.0,880.0
0e7ad202878ea453373e3ef15835ea33,8422c35d03577f94c15a4eed5504e09b,2018-03-05 08:58:05,2018-03-05 09:10:26,2018-03-28,0,sao joao de meriti,RJ,39.9,15.79,1.0,1.0,150.0,16.0,5.0,15.0,1200.0
d27a9ded3675317af492f9c3449b8443,3cbbf4aa377c9b40c8679e10f84f7e96,2017-11-26 17:56:26,2017-11-26 18:12:51,2017-12-20,0,uberlandia,MG,99.9,16.46,1.0,1.0,427.0,15.0,17.0,14.0,3570.0
5802a2af7adc078756b394ca9f492087,e9fd1771e8a7e1f2e502b27b061b15b8,2017-08-10 10:42:48,2017-08-10 10:55:24,2017-08-31,0,sao paulo,SP,279.9,17.59,1.0,1.0,4000.0,40.0,50.0,20.0,40000.0
a7f28fe443db7fc7f6f79297e3a18923,615d41b291075c1c126f20c616625a12,2018-01-26 11:53:56,2018-01-27 11:56:31,2018-02-20,0,itaobim,MG,299.0,53.33,2.0,1.0,6850.0,20.0,20.0,20.0,8000.0
48fcb88788cb3df0296a5dcf8f95ac68,fffb97495f78be80e2759335275df2aa,2018-01-16 14:51:35,2018-01-16 15:09:51,2018-02-06,0,belo horizonte,MG,45.9,15.11,1.0,1.0,800.0,20.0,20.0,20.0,8000.0
010b143d83a59b355cd5a75c0f0fd785,c181ea8a3ec364246642e36dae84bf30,2017-08-30 23:28:35,2017-08-30 23:44:47,2017-10-06,0,ariquemes,RO,88.0,136.6,1.0,1.0,233.0,16.0,5.0,13.0,1040.0
7f6ec42fa02aab4e3d25656e81bc7c8f,988d29f01ed741501d1f99f5e30941b6,2017-11-20 23:07:17,2017-11-20 23:14:33,2017-12-15,0,mutuipe,BA,69.9,19.73,1.0,1.0,9050.0,56.0,11.0,32.0,19712.0
d9206b6df475ed69a1f7de7ecc2d9401,dfe36f6f91b8ee76334aa784f298e3ba,2018-03-19 10:17:09,2018-03-20 03:10:46,2018-04-12,1,macae,RJ,115.0,18.69,1.0,1.0,584.0,16.0,11.0,13.0,2288.0
52c0ffe5247337047280978e84d62979,4da71b283420d156c50159242d0691e7,2017-11-25 00:19:41,2017-11-25 03:11:51,2017-12-18,0,curitiba,PR,149.0,17.29,1.0,1.0,367.0,22.0,17.0,23.0,8602.0
d7b9a152c1afa4cc6369201a7b04dc68,66941ffc0731c1c827d9a5c6121cd9cb,2018-01-16 12:37:10,2018-01-16 13:31:16,2018-02-09,0,sao luis,MA,149.0,34.84,1.0,1.0,400.0,16.0,7.0,11.0,1232.0
dfb10cbc46a4cb952de477a6ea509dfd,a75112d3f089f28b9266b0fe14b5d518,2018-03-17 15:16:22,2018-03-19 07:50:39,2018-04-19,1,brejo santo,CE,219.0,43.59,1.0,1.0,342.0,18.0,13.0,15.0,3510.0
1da63677fa1ab2793e98f11327b5756a,03651203127d40f0063e5cc08d464b64,2018-01-29 16:52:05,2018-01-29 17:17:42,2018-03-05,0,passo fundo,RS,119.8,27.16,1.0,1.0,4250.0,20.0,20.0,20.0,8000.0
d2c6f711025d9bb4a867edd51859f845,a691e2a2ac37c387c637c02eeab175a7,2018-02-18 19:39:36,2018-02-18 21:06:55,2018-03-09,0,franco da rocha,SP,86.9,13.63,1.0,1.0,1825.0,53.0,10.0,40.0,21200.0
b7d6f9e405deaa6ff82ab9d96608482f,396a8539f119f80d6df1065a04cf6595,2017-04-28 11:50:40,2017-04-28 13:03:51,2017-05-22,0,sete lagoas,MG,239.0,12.28,1.0,1.0,4000.0,36.0,7.0,27.0,6804.0
d18c62967c0e60ea439822111331f6ec,8dea975d24eb60b0de4af2e1c8488944,2017-11-25 11:40:24,2017-11-25 11:51:59,2018-01-09,0,belo horizonte,MG,56.0,15.15,1.0,1.0,1450.0,30.0,30.0,30.0,27000.0
3ec57f387771800e135888860c546cf8,3630d72b7bc768b5d2bb45844561e7f7,2017-10-03 13:28:48,2017-10-03 13:49:26,2017-10-19,0,caieiras,SP,12.0,9.34,1.0,1.0,600.0,19.0,16.0,16.0,4864.0
24cfb770f308b181cc3ae36ca3d573ad,bd1a3e41c0ddbd5cf6166db3c1c4bfc8,2017-04-02 01:12:22,2017-04-02 01:22:40,2017-04-26,0,sao paulo,SP,129.99,26.41,1.0,1.0,8950.0,40.0,30.0,40.0,48000.0
800e1eb8758f73d800f1a4c6fbad186b,8eae9b7ce7fe19155f390b90d7f1f750,2018-02-26 16:51:46,2018-02-26 17:11:13,2018-03-16,0,santo andre,SP,174.0,25.9,1.0,1.0,575.0,17.0,15.0,50.0,12750.0
c94517a93bb24f22495c95eb3f90adc5,17084ed39947b199ababfe28c0044b39,2017-08-11 17:17:17,2017-08-11 17:30:10,2017-09-08,0,rio de janeiro,RJ,91.9,30.2,1.0,1.0,350.0,25.0,8.0,19.0,3800.0
8d39667dd1c683e4a8b9dc1f16d08cb9,d3d640e9dd196770cd7e5c848e8a8152,2017-07-19 11:18:00,2017-07-19 11:25:21,2017-08-16,0,rio de janeiro,RJ,588.0,53.82000000000001,1.0,1.0,850.0,16.0,19.0,15.0,4560.0
4a8fe18e8771bd810821df6dcf3428e2,ac5bb07473c4f65c7de7b65c1374a734,2017-06-29 15:09:34,2017-06-29 15:23:50,2017-07-19,0,sao paulo,SP,59.99,13.44,1.0,1.0,1500.0,46.0,25.0,52.0,59800.0
9058bc799c3791077efb3aaa8e0d5e02,3fb83e207757e8f15ff70d937c86929b,2017-01-24 09:24:11,2017-01-25 02:45:13,2017-03-01,0,cruzeiro da fortaleza,MG,79.9,11.17,1.0,1.0,150.0,16.0,9.0,11.0,1584.0
57972ffb8a2538ed27c15464d6e7fce6,76b409766dcff895c8dcf3f3297baddf,2018-03-02 13:35:20,2018-03-02 14:23:55,2018-03-21,0,brasilia,DF,79.99,14.31,1.0,1.0,300.0,15.0,16.0,18.0,4320.0
9171d836da11db31ce6c50f2ebbbac3e,a1cd7aead5b4948681cfcf303b3b5845,2018-04-04 15:04:00,2018-04-05 02:08:33,2018-04-24,0,florianopolis,SC,104.0,24.86,1.0,1.0,11325.0,18.0,105.0,30.0,56700.0
e5e7f892785fbe21a339bcd77efdae86,eb14560bdf0397941f4146f43f653496,2017-12-01 20:48:11,2017-12-01 21:24:08,2017-12-19,0,jundiai,SP,74.9,8.72,1.0,1.0,400.0,50.0,3.0,25.0,3750.0
a3a243e267c153d4acf4c49c2c6b68d6,0ee56fa64a206a89ed83c7fa61a81132,2017-12-28 15:58:06,2017-12-28 16:07:58,2018-01-24,0,brasilia,DF,25.49,14.1,1.0,1.0,200.0,25.0,9.0,21.0,4725.0
6f51c1344ad020aefab85b67a98bebd1,4cb1a8448844265aa0e0265f8bba2d9f,2017-12-15 16:43:26,2017-12-15 16:53:25,2018-01-10,0,sao paulo,SP,124.99,14.62,1.0,1.0,180.0,16.0,7.0,12.0,1344.0
a387e3f646077e4c82508f01a8b8c63e,e337feb426fd8d688d803334c3463fba,2018-04-09 23:17:14,2018-04-10 23:15:17,2018-04-25,0,curitiba,PR,119.9,14.31,1.0,1.0,6350.0,90.0,15.0,25.0,33750.0
3affb32917f79ab66f26546e066fe5db,08dd337715b213da30e4f32bc49d8a07,2017-12-19 20:25:41,2017-12-19 21:31:06,2018-01-19,1,rio de janeiro,RJ,250.9,16.51,1.0,1.0,190.0,23.0,14.0,21.0,6762.0
3a6d41a4fe7a8e841b7c8e4b77d4e301,e0eea8f69a457b3f1fa246e44c9ebefd,2017-11-24 11:29:52,2017-11-24 13:33:05,2017-12-18,0,cachoeiro de itapemirim,ES,53.99,15.13,1.0,1.0,200.0,16.0,16.0,13.0,3328.0
71d69f67014a0966287a08bd24bb0324,cb783202236a8f0f033742f0381fc541,2017-12-28 20:35:29,2017-12-28 20:46:37,2018-01-23,0,sumare,SP,79.0,13.57,1.0,1.0,5850.0,38.0,30.0,28.0,31920.0
a2a14c3ce5305a2e20126dac4cd05a1b,52e6df27100d10fcf3d0e809345e9926,2018-03-03 20:49:01,2018-03-03 21:08:50,2018-03-21,0,sao paulo,SP,18.6,11.85,1.0,1.0,167.0,24.0,14.0,11.0,3696.0
f7d5fa83743d8d78c798e7824125ee7f,7fc27bbc53e9ed44571ffb8382b954a6,2018-03-03 16:57:52,2018-03-06 03:50:38,2018-03-27,0,santo andre,SP,76.25,12.66,1.0,1.0,180.0,17.0,10.0,13.0,2210.0
d8a0ebd040a2059ee8dbec7e4055b927,6a19aac11f8b7b0541420cfd0b4bd3a5,2018-03-26 21:47:13,2018-03-26 22:07:08,2018-04-26,0,rio de janeiro,RJ,90.0,16.6,1.0,1.0,5300.0,40.0,20.0,40.0,32000.0
3c0a046b559b573fb30e2c6b041fd544,fb2340bd42a7561ca54dfd22978d7e2c,2018-01-19 14:06:36,2018-01-19 14:16:59,2018-02-15,0,rio de janeiro,RJ,54.0,15.82,1.0,1.0,300.0,17.0,7.0,24.0,2856.0
b9e6b3135dcdfc054568883b2bcf1e5e,5d3dc874f9c79b6b16ab0a108588bd15,2018-02-28 10:35:30,2018-02-28 10:55:33,2018-04-02,0,natal,RN,13.32,34.15,1.0,1.0,250.0,20.0,3.0,20.0,1200.0
e30a7c7a102b26de0c86e424f9eada78,c21ba0e1437939ee2572b055ac33a307,2017-09-24 18:37:18,2017-09-24 18:50:10,2017-10-17,0,santo andre,SP,196.36,18.08,1.0,1.0,3400.0,40.0,9.0,34.0,12240.0
bed231219468923a99e746ad42b9ac8c,2f25c66f7e0f73597a2d4e3db9ee9162,2017-06-23 20:47:50,2017-06-23 21:03:35,2017-07-19,0,diadema,SP,64.9,17.7,1.0,1.0,1300.0,27.0,12.0,19.0,6156.0
ce1f8664cb48d6603b021058b0463368,bcfcec3fb0e0b631be6276fe010ede54,2018-03-26 18:15:51,2018-03-26 18:30:19,2018-04-12,0,carapicuiba,SP,115.0,15.69,1.0,1.0,375.0,29.0,14.0,20.0,8120.0
d8ae8292c42789ec8fa46d9abc72b493,438a48b70a56b65897fa3c42563ecde7,2017-08-21 13:43:28,2017-08-21 13:55:15,2017-09-13,0,sao paulo,SP,43.9,13.37,1.0,1.0,700.0,46.0,10.0,32.0,14720.0
4666d7a562ea830360d849b989de728e,c7a126e599b16391681b11a1ca602b51,2017-11-28 07:35:01,2017-11-30 07:33:07,2017-12-18,0,sao paulo,SP,189.99,15.08,1.0,1.0,800.0,34.0,22.0,25.0,18700.0
7bf8bf550bb28dfd0e4a5e4a69f73edd,c1536bb66dfe5a5f3f9547f58a085b8e,2018-02-18 15:29:25,2018-02-18 16:30:25,2018-03-19,0,sao paulo,SP,144.41,13.14,1.0,1.0,140.0,22.0,14.0,14.0,4312.0
a439a8612081437ade41c9820aa46aa6,7091f759f7cc565b0c2f5456d416fbc7,2018-01-28 23:27:33,2018-01-28 23:35:25,2018-02-23,0,rio de janeiro,RJ,79.98,33.58,1.0,1.0,470.0,22.0,12.0,15.0,3960.0
0ec73995908cf00519d1da725119d114,399cb3db1d7a4c442e4833b5f57a4429,2018-03-13 21:56:58,2018-03-13 22:40:30,2018-04-06,0,santa cruz do sul,RS,790.0,52.8,1.0,1.0,8500.0,50.0,10.0,41.0,20500.0
688e3c66bdfcae1321349fd70627b84c,a51e47ac951463f4271e64d41b628a7a,2017-06-07 11:41:26,2017-06-09 02:50:19,2017-07-04,0,bage,RS,9.9,15.1,1.0,1.0,200.0,25.0,2.0,17.0,850.0
4edca0186e467f58fe99ab648f604ce8,1d06482d82c32c8752f4decbbffe7623,2018-03-14 15:55:57,2018-03-14 16:10:39,2018-04-16,1,rio de janeiro,RJ,104.0,24.86,1.0,1.0,11325.0,18.0,105.0,30.0,56700.0
acc49e9dd2387ecf0a331d12c5774d52,b9dbc440e8e2b2b72d19dc88459f6794,2017-12-21 15:48:11,2017-12-21 15:55:31,2018-01-17,0,sao joao del rei,MG,299.0,14.22,1.0,1.0,5700.0,54.0,18.0,35.0,34020.0
a696ee0106068718ab158824cff6f287,3b46d71235a57822d58ba7a2e38f101e,2017-06-27 11:36:11,2017-06-28 02:30:16,2017-07-19,0,camboriu,SC,59.9,15.17,1.0,1.0,300.0,20.0,11.0,11.0,2420.0
225563d7314189cce48116ae11188371,729b8930036e5f2c3883bc38d7cae018,2017-10-26 12:44:45,2017-10-27 03:06:59,2017-11-16,0,pindamonhangaba,SP,38.4,12.69,1.0,1.0,1400.0,20.0,30.0,20.0,12000.0
cfb5c71374e62ce7dfd7688c5adcd0a9,8e1207f98d75cb9596e584860409c1d8,2018-01-05 15:19:59,2018-01-05 16:12:29,2018-02-08,0,nova mutum,MT,166.99,30.21,1.0,1.0,2425.0,29.0,30.0,19.0,16530.0
6c21f6a1d56c99f439fe378d0ac026f2,9a27f37ace12e5522df5a9d5bbedbfb5,2018-04-07 15:24:30,2018-04-07 15:35:10,2018-04-25,0,sao paulo,SP,45.9,8.82,1.0,1.0,350.0,20.0,2.0,26.0,1040.0
d089955a4f09c3d031b4a8b99017417c,1e69e7df48c7b57590cd5f3877728f54,2017-12-29 10:15:25,2017-12-29 10:26:46,2018-02-01,0,rio de janeiro,RJ,60.0,15.86,1.0,1.0,243.0,17.0,14.0,16.0,3808.0
39be447fc734f6f66df4cf138f6582dc,551a7e7fcf65c22ba1253ea5cbce639e,2017-04-27 22:05:13,2017-04-28 12:53:51,2017-06-07,0,salvador,BA,589.9,26.42,1.0,1.0,3097.0,57.0,9.0,35.0,17955.0
ca4eb4e29e846ee17d6d1b96b28acabc,394b3bfe7e36b848711599df7cd35c94,2018-02-28 18:33:55,2018-02-28 18:48:26,2018-03-13,0,sao paulo,SP,35.9,9.34,1.0,1.0,275.0,27.0,15.0,27.0,10935.0
decd51240a83290835fb78029efd1f0a,d28371caf7435596262c5c40a6a9c325,2018-01-04 11:11:33,2018-01-04 11:28:39,2018-01-29,0,sao paulo,SP,320.0,20.13,1.0,1.0,4200.0,89.0,53.0,12.0,56604.0
f09ab7ba678ff9971a9e9b52999030ea,c420271268e6755e9db3055aae7ce17b,2018-02-21 00:06:40,2018-02-21 03:20:07,2018-03-16,1,macae,RJ,119.0,20.07,1.0,1.0,1350.0,69.0,11.0,11.0,8349.0
93b3fec4ab5648e985ee7e781e0e1b6d,5af98f1851ab9a8e9e8f94d35f8fe478,2017-11-17 15:31:33,2017-11-22 02:47:28,2017-11-30,0,sao paulo,SP,269.9,33.49,1.0,1.0,20500.0,58.0,28.0,58.0,94192.0
cb392984e12bc8b50d40dbf37f39e607,0163a9517d96e283b1a883de0e71c826,2017-06-25 16:44:15,2017-06-27 04:25:13,2017-07-14,0,campinas,SP,89.9,12.13,1.0,1.0,1383.0,50.0,10.0,40.0,20000.0
63e9e738932324be5afdf33f891e4848,2046f63743ee0e7925fd2575cb194fcd,2017-11-01 18:32:13,2017-11-01 19:35:59,2017-11-27,0,araruama,RJ,57.8,30.2,1.0,1.0,139.0,17.0,11.0,15.0,2805.0
eb2dc067ee1a4eac77e2d045f01cf7f0,78101fe486eab484a8d65d53b69f4b09,2017-12-04 23:16:03,2017-12-05 10:30:41,2017-12-20,0,mogi das cruzes,SP,,,,,,,,,
a6fae08670367e0f76ce493d39681ecb,dbf2ba9913dbfa7408f6ce58ef90b4e9,2017-06-12 09:27:15,2017-06-12 09:35:20,2017-07-03,1,sao paulo,SP,129.9,13.93,1.0,1.0,1550.0,27.0,9.0,18.0,4374.0
a69ec1a52a9dc2098fa6fbe6a47545a7,909e605a5ecf709a35b217b52ac2dbf6,2017-12-11 01:05:34,2017-12-11 01:15:25,2018-01-08,0,rio de janeiro,RJ,72.8,35.839999999999996,2.0,1.0,887.5,21.0,21.5,17.0,7675.5
3163a067949a10a752bec5cca69511b2,3c7525f121305211f94be34e3e73583e,2017-05-04 15:44:25,2017-05-04 15:55:20,2017-05-29,0,barueri,SP,257.19,95.78,1.0,1.0,30000.0,59.0,68.0,52.0,208624.0
d302035b23b53abf7dadc4b6a0b62547,4c3a69a70ab3aafd4c7024377c9c9821,2018-02-16 08:15:12,2018-02-16 08:27:06,2018-03-13,0,ribeirao preto,SP,149.9,36.37,1.0,1.0,533.0,22.0,11.0,20.0,4840.0
d8cdb1ec6e73dc6a9fcf2b7700afaf3c,fcb2ef0d55a8f60738b15012aab22da7,2018-03-18 19:56:52,2018-03-18 20:10:31,2018-04-06,0,guaratingueta,SP,69.9,16.18,1.0,1.0,2600.0,50.0,10.0,30.0,15000.0
3363e330c754a732795f39079bb76d55,235702411e5214f0e4a0761bf5ce9e99,2018-01-10 12:06:09,2018-01-10 12:17:33,2018-02-08,0,agua santa,RS,99.0,45.99,1.0,1.0,9000.0,42.0,12.0,39.0,19656.0
718b42497723bf9bed7b3e37380e1a84,15f35717f8fc5167d010bdf70a86a45a,2018-01-18 11:03:24,2018-01-19 02:38:30,2018-02-14,0,vargem grande do sul,SP,47.0,13.37,1.0,1.0,1217.0,21.0,15.0,11.0,3465.0
c1dd50c37114a20341bbf901157d726d,e506618caa63a29ae2cc528536f0d11e,2017-06-16 16:29:49,2017-06-16 16:45:13,2017-07-10,0,miguel pereira,RJ,89.0,39.95,1.0,1.0,9000.0,42.0,12.0,39.0,19656.0
d9fa5ad719e1732700ccfc765c6ff6a6,c4d577a3b00d363c6a6e57d629b4b558,2018-03-19 16:21:03,2018-03-21 08:47:55,2018-04-10,0,montes claros,MG,93.9,23.24,1.0,1.0,1200.0,23.0,18.0,43.0,17802.0
5dae8914499e60f98b65ea4094c69880,de8390abbc527745eca27f23b6c4f9f8,2017-02-28 17:52:26,2017-03-09 10:04:24,2017-03-24,0,guarulhos,SP,34.9,11.74,1.0,1.0,750.0,50.0,11.0,40.0,22000.0
52e5445828db681d83dccb33a15ecac4,d42ee2c04270ba237933c8bdd5e1c761,2017-11-24 17:37:41,2017-11-24 20:56:27,2017-12-27,0,santo amaro,BA,170.0,24.06,1.0,1.0,4338.0,17.0,12.0,14.0,2856.0
9c781d427857ca8dee49b22614eb9e39,4396492d7da56955ab6c0fc9c9fceaab,2017-02-14 14:28:17,2017-02-14 14:35:24,2017-03-15,0,biguacu,SC,960.0,82.51,1.0,1.0,50.0,35.0,90.0,45.0,141750.0
e92dbc16b2df28e1edb1d957392cca07,959292edcade77d6b60dc8f49f01cd71,2017-03-25 10:13:08,2017-03-25 10:25:16,2017-04-18,0,cabo verde,MG,23.99,14.52,1.0,1.0,250.0,19.0,4.0,11.0,836.0
cc57707ca30da62fcf5d00bdf4ea143b,e650f85ff4463603337acc85ca591af2,2017-12-08 08:41:07,2017-12-08 08:50:32,2018-01-04,0,pindamonhangaba,SP,12.99,15.1,1.0,1.0,200.0,16.0,2.0,11.0,352.0
d44b754260def6c94daa9e661e530044,50c065ad9fbbc477d28bbb56dcb61600,2017-04-25 21:33:39,2017-04-27 13:15:50,2017-05-16,0,rio pardo de minas,MG,129.99,17.65,1.0,1.0,1600.0,42.0,25.0,15.0,15750.0
6c2953724cd30669e1b904e179a2346f,f5b92e56a780e1573737b5ad7d15ab19,2018-02-17 10:33:27,2018-02-17 10:49:50,2018-03-22,0,castanheira,MT,49.99,16.79,1.0,1.0,236.0,23.0,14.0,16.0,5152.0
a8e749cb4760cabeff096908c2c6779c,7c3fb02434f997155d8d65fbd22a4ed3,2017-09-27 10:34:36,2017-09-28 10:50:08,2017-10-31,0,itapissuma,PE,65.9,17.74,1.0,1.0,350.0,36.0,5.0,15.0,2700.0
d087b8e096ca051f548e29b324272834,ccd67b62873f83da80201df2bc4dcf3f,2018-03-06 12:28:34,2018-03-07 02:49:00,2018-04-02,0,ituiutaba,MG,49.99,22.06,1.0,1.0,150.0,16.0,16.0,16.0,4096.0
83a9c18344682fcbc57696019ff1ff2a,96ca69bfa1a8b97847ced6f03bed4e79,2017-08-11 17:40:19,2017-08-11 17:55:23,2017-09-13,0,santo augusto,RS,50.0,17.6,1.0,1.0,6600.0,45.0,25.0,35.0,39375.0
2ca6cbdba183a28bab6ed5d2add83f7a,f52b8336ea7f494160b13b53899ff01c,2018-02-20 22:31:15,2018-02-22 02:15:43,2018-03-06,0,sao bernardo do campo,SP,27.98,15.56,2.0,1.0,50.0,16.0,5.0,11.0,880.0
7298d065d597a754a13120239a26f458,0641b3bc0019d74041048b05c3ca68af,2018-04-03 17:39:05,2018-04-03 17:50:13,2018-04-19,0,sao paulo,SP,356.19,13.83,1.0,1.0,767.0,17.0,7.0,12.0,1428.0
aad0caf83fc9dd12e8f3f87eb37b5b6b,0d8c61ac7bb256d13971bfe77837c0af,2017-07-02 16:32:27,2017-07-02 16:43:53,2017-07-21,0,guarulhos,SP,89.9,12.13,1.0,1.0,1383.0,50.0,10.0,40.0,20000.0
1b986cc80c09e314d5989c417e4b7ac0,1eb5bb873777ad08b25770ab550adf72,2017-06-20 13:26:51,2017-06-20 13:43:05,2017-07-03,0,cotia,SP,59.9,11.73,1.0,1.0,7000.0,26.0,47.0,27.0,32994.0
27c23f89fe3b1bb3b137c7be5ae8407e,1bde0d4e3110504dff1154416342f246,2018-01-06 09:15:53,2018-01-09 07:25:40,2018-03-13,0,pindamonhangaba,SP,229.98,24.6,1.0,1.0,13388.0,54.0,47.0,28.0,71064.0
b3cb8cbd307ae353c5bed2e6eec5c58a,ed850b120dcf3049743a2ec2e015ae9f,2018-01-26 22:51:50,2018-01-26 23:18:20,2018-03-08,0,sao paulo,SP,120.0,14.45,1.0,1.0,2350.0,48.0,10.0,39.0,18720.0
e351155ff64b9c7d91161289dc6e69c2,a2e02f003a155f5ca89a4fd48cfe2068,2018-01-04 20:17:29,2018-01-04 20:28:32,2018-02-23,0,macapa,AP,173.0,31.88,1.0,1.0,340.0,17.0,13.0,13.0,2873.0
e12b5f95f957079d6d9f368c0c56a050,2681dd5a56e6af9f8f13fa055acef08e,2018-02-19 20:50:15,2018-02-19 21:55:21,2018-03-13,0,maringa,PR,122.99,15.61,1.0,1.0,400.0,20.0,12.0,15.0,3600.0
615881190acfd290a2122e6e4d6055c8,38ae66eca48b8ee852219d96d98c0b85,2018-01-13 16:33:01,2018-01-13 17:31:07,2018-02-14,0,maringa,PR,56.99,15.15,1.0,1.0,250.0,20.0,8.0,21.0,3360.0
b4c8c7add8acbdb1bebcae219ab6c141,69e8a7d6f9013e098e740ee6cf11650f,2018-02-06 10:09:22,2018-02-06 10:30:12,2018-03-19,1,rio de janeiro,RJ,139.99,28.34,1.0,1.0,8750.0,52.0,51.0,17.0,45084.0
5ca7bc597308f95f15a146dae930cb7a,a87b62ae912a22495d5f5bd919019b49,2017-12-21 13:43:16,2017-12-21 13:53:27,2018-01-19,0,salvador,BA,64.9,20.85,1.0,1.0,600.0,25.0,40.0,25.0,25000.0
7630cf9ad47735d82f65e6e87beefb73,db4581146aade4093e4c420024427dec,2017-08-19 21:36:04,2017-08-19 21:50:15,2017-09-13,0,pedro leopoldo,MG,104.9,14.48,1.0,1.0,600.0,28.0,25.0,25.0,17500.0
f0a795dac0e5cf6a6f98cdcab173ffb8,0b31586b5082359faf1b2861230a17b7,2018-03-26 19:05:56,2018-03-26 19:15:19,2018-04-12,0,sao paulo,SP,72.0,38.37,2.0,1.0,66.66666666666667,20.0,6.0,15.0,1800.0
2aab3a740da24c9c894d61330645464d,eb93503140aca4af3794c611805b35f2,2017-05-09 15:22:34,2017-05-09 16:42:35,2017-05-29,0,sao paulo,SP,16.99,15.1,1.0,1.0,200.0,19.0,9.0,12.0,2052.0
a2a2c4451f820eb26afdc913f23b318b,efd6fec8f33c64ead2d675d6c953d397,2017-06-27 11:04:34,2017-06-28 02:44:18,2017-07-10,0,sao paulo,SP,15.0,8.27,1.0,1.0,476.0,17.0,14.0,14.0,3332.0
9b44dbd50995185feff18a27d242838b,de585d9d5ef9119705a445eb50800d81,2017-08-09 16:51:20,2017-08-09 17:05:12,2017-09-04,0,campo grande,MS,139.9,16.42,1.0,1.0,5400.0,25.0,45.0,45.0,50625.0
d395487acc00973147547457dc3af3f9,243006bde78b37ee1cc3a24727e8f5de,2017-10-10 01:06:52,2017-10-11 03:14:39,2017-11-10,0,indaiatuba,SP,75.8,25.03,2.0,1.0,275.0,19.0,24.0,20.5,9348.0
795bb9f4596c758fdd4a83435bd2bcb0,b1dbcba06e3cd2a7730e15b92d39210f,2017-06-18 19:51:24,2017-06-18 20:05:18,2017-07-17,0,sao paulo,SP,34.9,16.6,1.0,1.0,1100.0,50.0,12.0,12.0,7200.0
49a8c35e52085c0a43f03250d944f2f9,f4eee7d403366b7c3262786e1e9a2823,2017-11-08 11:45:40,2017-11-08 12:31:00,2017-12-01,0,igaratinga,MG,253.52,82.86,1.0,1.0,19200.0,58.0,40.0,50.0,116000.0
e43a8e7bb3db31ab15c10dfc9ef4e419,4daf9bdbb2f515d19c4a054881982674,2017-09-14 00:12:53,2017-09-14 00:30:18,2017-10-02,0,sao paulo,SP,56.0,13.41,1.0,1.0,1350.0,35.0,26.0,25.0,22750.0
dec35be986f60651db9bd0edded4ff75,f8b4a24fe1e43e25a94ceff98545fc1e,2017-07-24 00:42:41,2017-07-25 03:43:43,2017-08-17,0,sao paulo,SP,109.9,17.02,1.0,1.0,1795.0,33.0,28.0,23.0,21252.0
f9a4ea353ce8eeffe8a1d48960268f66,3c522e772d77dc602311f4a40f14f770,2017-06-09 17:57:38,2017-06-09 18:10:19,2017-07-04,0,sete lagoas,MG,999.99,101.52,1.0,1.0,28500.0,105.0,65.0,25.0,170625.0
e56982c3ae61332bbf34639cf5362804,e00aa01b6ac59993f55498f7742a6902,2017-04-02 12:02:52,2017-04-02 13:05:30,2017-04-24,0,indaiatuba,SP,60.0,11.03,1.0,1.0,1150.0,16.0,14.0,16.0,3584.0
3f6484ca65eed5c701aa5e348623537f,f1e7fdffd7bac5ba4e53b092a314ed45,2018-04-01 23:05:58,2018-04-03 05:35:15,2018-04-20,1,sao goncalo,RJ,135.9,21.88,1.0,1.0,1350.0,27.0,9.0,18.0,4374.0
f09f3f77745d7ca1975a8c080123a68a,e6f47c1077e7bf89527cce6b7f53b275,2017-07-25 14:01:36,2017-07-26 19:43:16,2017-08-16,0,santos,SP,124.99,15.69,1.0,1.0,367.0,21.0,15.0,21.0,6615.0
32bb58472bb3798f5d511d52fc159d98,a2e2a4d271cf0c0a0ecaf089c9f57a85,2018-01-14 23:22:20,2018-01-15 10:11:00,2018-01-30,0,barueri,SP,63.99,8.72,1.0,1.0,900.0,24.0,12.0,12.0,3456.0
d0e7c11999696d6e68df274547d2bd99,47c285be8b7e2871b65807d42e6827df,2017-05-21 15:02:39,2017-05-21 15:40:06,2017-06-02,0,taboao da serra,SP,139.9,23.56,1.0,1.0,17550.0,73.0,20.0,47.0,68620.0
186fc1aa898961515ca374b0a320f6e8,673b4323290db500f41f08839f6d62eb,2018-02-12 12:44:32,2018-02-12 12:55:54,2018-03-13,1,paraiba do sul,RJ,209.9,18.72,1.0,1.0,342.0,18.0,13.0,15.0,3510.0
e9e856785fb0793e8ebc749b65858a89,e3292183ca12fd9ebb10b1599b0f9528,2017-08-21 17:46:25,2017-08-21 18:06:40,2017-09-11,0,embu das artes,SP,59.9,13.44,1.0,1.0,5300.0,78.0,4.0,47.0,14664.0
271938f6ea0f9ca385690d01dc5c3423,c5b83c9b5af60828cd494be9ee4451bd,2018-02-28 19:16:44,2018-02-28 19:30:23,2018-03-14,0,sao paulo,SP,59.0,9.34,1.0,1.0,350.0,30.0,20.0,20.0,12000.0
1cbcc355e275e5143ab1dbf260ca14f1,1110eb4465d18a9b7c632cfc80fb53ab,2017-03-12 19:04:41,2017-03-12 19:04:41,2017-03-30,0,sao paulo,SP,6.0,8.72,1.0,1.0,300.0,16.0,12.0,20.0,3840.0
663f6abf22dfaca17fa6ecdb411d1860,f7444d23b5eb50854ccec43d9ae163a4,2017-11-25 16:32:46,2017-11-25 16:51:52,2017-12-21,0,salvador,BA,200.0,17.84,1.0,1.0,350.0,19.0,11.0,23.0,4807.0
3a4e44cbd3bff237fa62857370a2214e,9e896940b0732656cf7a9689c160df44,2017-10-03 14:14:32,2017-10-03 14:35:14,2017-10-25,0,guarulhos,SP,109.9,17.02,1.0,1.0,850.0,19.0,51.0,34.0,32946.0
f8573b9bf02d001ec2885d6c8193a436,2497f94fd70c1ceb3b57e5c194efc4d2,2017-10-31 13:30:47,2017-10-31 14:31:28,2017-11-21,0,rio de janeiro,RJ,115.0,17.25,1.0,1.0,450.0,20.0,20.0,20.0,8000.0
7653f0e54956ba6711e889c7556220d8,d56e7f4b619c4e92bb318fb9543d0015,2017-10-18 16:19:20,2017-10-18 16:36:09,2017-11-06,0,sao paulo,SP,93.9,13.68,1.0,1.0,1200.0,23.0,18.0,43.0,17802.0
c6c26ee904fd7f85a965423bec883fe6,5a9b69b8d07b5b9b2b5c97df75837da1,2017-09-15 14:28:21,2017-09-15 14:44:02,2017-09-27,0,carapicuiba,SP,89.9,9.44,1.0,1.0,200.0,30.0,30.0,30.0,27000.0
8ae04dfbb6a99bc4d4871edc08bf8ee8,69669ffeb8cceacaeba748ae8e50af0b,2017-11-24 19:30:37,2017-11-24 22:54:08,2017-12-08,0,piracicaba,SP,75.8,15.56,1.0,1.0,200.0,33.0,2.0,22.0,1452.0
53e134c152888a0bc7fe1da0dd4cee0f,ecbecd6ba589b89e56db7f5b74d387d0,2018-02-14 11:43:40,2018-02-14 11:55:26,2018-03-19,0,marau,RS,182.0,52.44,2.0,2.0,9275.0,17.0,104.0,27.5,48620.0
96fa516aa67a6a9a29ed51112f357643,cfe75ab6c94e28d2fb65a562c7e729c6,2017-09-16 16:08:59,2017-09-16 16:24:27,2017-10-09,0,petropolis,RJ,158.0,25.95,1.0,1.0,2900.0,35.0,12.0,30.0,12600.0
42831051f86bdc3bea417f93d5fd981e,b4e2f9032306f3f68ef7afee47fc278c,2018-03-21 21:05:39,2018-03-21 21:15:27,2018-04-24,0,assis,SP,139.94,39.84,1.0,1.0,16617.0,101.0,8.0,57.0,46056.0
6e4f6fdc70c0d961b8597e98430b8d4f,ee0285bcfb8ab655fd93f2275a1c6321,2017-05-07 23:32:33,2017-05-07 23:42:04,2017-06-08,0,salvador,BA,13.98,15.79,1.0,1.0,225.0,18.0,4.0,12.0,864.0
d9f8dfc775170aba5d24809cc2c04058,75914cacf6734f099858d9878c05aecb,2018-03-30 20:45:52,2018-03-30 20:55:38,2018-04-18,0,sao bernardo do campo,SP,89.9,16.6,1.0,1.0,1050.0,16.0,10.0,50.0,8000.0
494984e8205ee711abf407b39548f85c,441b8206c35723f88ae1c338f274149d,2018-02-03 17:42:33,2018-02-03 19:30:28,2018-03-13,0,pedra,PE,49.9,26.89,1.0,1.0,550.0,16.0,10.0,12.0,1920.0
200f4d883fcc701355e46b8c6035743f,8c4bcd3c3737198f62421c18e0348554,2017-01-15 23:25:23,2017-01-17 03:22:00,2017-03-13,0,veranopolis,RS,119.39999999999999,50.0,6.0,1.0,366.6666666666667,37.0,15.0,27.0,14985.0
4966300fb3d0c9e8dba1bd5a62945df0,907a616e207e060168ce482e16d3d241,2017-06-28 19:31:07,2017-06-30 02:45:30,2017-07-19,0,sao paulo,SP,99.99,13.72,1.0,1.0,1400.0,42.0,9.0,36.0,13608.0
90207c312f193fbd229671833bf08d47,f66491ab775d85d3a33e23dfee765c38,2017-02-01 15:21:50,2017-02-01 15:41:40,2017-04-07,0,sao paulo,SP,269.0,13.27,1.0,1.0,424.0,25.0,10.0,19.0,4750.0
6912d1d57c7485dabdb724880c18671e,71c9eb6d4ab7aa0f41ddc13c81ca0b02,2017-11-14 11:44:27,2017-11-14 11:55:23,2017-11-28,0,sao paulo,SP,325.0,10.47,1.0,1.0,400.0,34.0,4.0,22.0,2992.0
aa78679c9f61a2896e5fe26761b6a8bf,8d51030ae02d1b7d4177c1d63683ab99,2018-02-17 12:37:22,2018-02-17 12:50:26,2018-03-09,0,rio de janeiro,RJ,69.8,26.46,1.0,1.0,650.0,27.0,10.0,23.0,6210.0
364d745d7d2b5bc2dd6348b8e71b5d03,faddb58d5de890cd191da5bb72c54a27,2017-07-06 09:01:43,2017-07-06 11:43:41,2017-07-26,0,claudio,MG,594.0,28.42,1.0,1.0,275.0,19.0,10.0,13.0,2470.0
a1ac1b3f6c83ff04fe882ec7f8bf8a1f,62f6fda250fc0df6e11095f86f4316bc,2017-03-31 13:32:04,2017-03-31 13:42:18,2017-04-20,0,sorocaba,SP,143.8,18.3,1.0,1.0,5950.0,65.0,11.0,65.0,46475.0
7ab9c55c59eaeea579d047e2d8aaed81,feca0f935fcce79dd42d409d96af9645,2017-01-22 13:04:20,2017-01-25 02:55:21,2017-03-16,0,campinas,SP,11.5,10.96,1.0,1.0,100.0,20.0,20.0,20.0,8000.0
c7a148eaa21451580d307090417eae25,6927bd0a23db4343c12b52a5687a4294,2018-01-25 19:44:53,2018-01-25 19:52:38,2018-02-09,0,indaiatuba,SP,32.9,8.27,1.0,1.0,250.0,17.0,7.0,12.0,1428.0
14001e8cd1c29d0bce5b5bfca73338af,620c2e659b5d119813362bfe4bbe8634,2018-01-31 00:04:39,2018-01-31 01:04:38,2018-02-23,0,guarulhos,SP,179.9,16.01,1.0,1.0,500.0,20.0,20.0,30.0,12000.0
9ede1353fa011bed8de24d379d612305,afc15fa2e786ed9e0c65bbbd956cb972,2018-01-17 13:34:36,2018-01-17 13:50:15,2018-02-15,0,chapadao do sul,MS,13.3,15.1,1.0,1.0,300.0,16.0,2.0,11.0,352.0
397734101cdc7f8ac3663089a968a763,a8ce91cb1dbbaddba9f7be0a9937b25f,2018-01-30 17:04:07,2018-01-30 17:29:46,2018-03-02,1,sao paulo,SP,58.0,25.25,1.0,1.0,1550.0,62.0,18.0,15.0,16740.0
4a4c3e1ff92b16c0ecf770b504693a88,0fd2a829cdb30cc3ff0ae0c398c912f6,2018-01-14 22:33:41,2018-01-16 03:36:43,2018-02-14,0,sao francisco do sul,SC,39.0,15.1,1.0,1.0,300.0,16.0,2.0,11.0,352.0
4b4d5464625e478996dffcd761c4b9a2,b8ad74fa0f4c5b9fad84af6809c95105,2018-01-06 19:32:11,2018-01-06 19:46:37,2018-01-31,0,araraquara,SP,221.99,13.05,1.0,1.0,274.0,18.0,12.0,15.0,3240.0
65744f8262c57c8b664c16aa7ec85879,e847b0edd45a9a2c2af60e1a1e34c242,2018-01-21 21:19:32,2018-01-22 14:00:17,2018-02-20,0,charqueadas,RS,39.9,15.11,1.0,1.0,950.0,40.0,2.0,30.0,2400.0
7d26f2a43dfbb0b9e5c39149593f3839,311ec637af917bce7b283b74754e2baf,2018-03-31 20:43:05,2018-03-31 20:55:19,2018-04-12,0,osasco,SP,109.9,9.12,1.0,1.0,700.0,20.0,20.0,30.0,12000.0
0be6d173c7061938d89152c036ac064a,095acc4e27efb00510101b9dbbfb4312,2017-11-20 18:10:49,2017-11-22 02:50:26,2017-12-07,0,jarinu,SP,31.98,23.7,1.0,1.0,150.0,22.0,5.0,12.0,1320.0
43de756a962b59796a31a894bf9b37df,7a89b488bf7b415c2674060d36808b4f,2018-02-23 13:56:36,2018-02-23 14:15:31,2018-03-28,0,rondonopolis,MT,59.9,28.82,1.0,1.0,1100.0,19.0,22.0,19.0,7942.0
0e696093d25ba307ef78cf0d208bf500,5fb239cb8ef28ff4b56d2e34da747f99,2017-12-04 11:46:39,2017-12-04 16:32:02,2018-01-04,0,maringa,PR,50.0,16.11,1.0,1.0,850.0,48.0,16.0,25.0,19200.0
1e90eae620cdf28010098a2159d56ebf,61609db271bd91cfbd84c080e5d6e889,2017-12-10 22:51:36,2017-12-12 22:50:56,2018-01-08,1,sao joao de meriti,RJ,59.9,20.91,1.0,1.0,2200.0,16.0,11.0,11.0,1936.0
ad18dd9246cad2f3e5f862857d1379be,0e4a0db41e5ea0f9d32ad03f0fa1759f,2018-02-03 19:02:09,2018-02-06 05:31:46,2018-02-21,0,sao paulo,SP,24.9,9.09,1.0,1.0,250.0,20.0,2.0,15.0,600.0
2a64d8d089987b76daf457aac801cd1d,885f2a948ea775297dcba2d6fb9ce7c8,2017-06-20 14:34:37,2017-06-20 14:45:15,2017-07-12,0,rio de janeiro,RJ,36.75,15.1,1.0,1.0,150.0,40.0,10.0,30.0,12000.0
4ac2b21645a33938ab26a37096fcd16e,90caca072b6ba6b23f41621fcb354449,2018-03-13 09:28:21,2018-03-13 09:47:32,2018-03-23,0,sao paulo,SP,41.9,7.39,1.0,1.0,50.0,23.0,12.0,19.0,5244.0
b34e632947c7a44b7afd9eaee92f7dbb,9436ddafba22b7bce5b50f2a4ca57246,2017-08-06 12:21:39,2017-08-06 12:43:07,2017-09-13,1,timbauba,PE,205.0,38.57,1.0,1.0,2900.0,35.0,12.0,30.0,12600.0
c2808827e6da8f333dedcd02d172fbd7,e0940b3cb5a6cd31e35f73084b3df877,2018-03-08 17:10:08,2018-03-08 17:30:30,2018-03-29,0,campo largo,PR,50.0,18.23,1.0,1.0,100.0,17.0,3.0,12.0,612.0
e54ac9a4438ed19f1367717699a2863e,d9f26e1768abce63ca633e2f3a5b8896,2017-09-22 15:39:38,2017-09-22 15:50:13,2017-10-19,0,dourados,MS,192.0,16.09,1.0,1.0,400.0,19.0,9.0,27.0,4617.0
3273805a17a78c15811a6feb489662fd,5902a1f2ea205de385670535ffd5e0a6,2017-03-07 16:07:57,2017-03-08 16:15:20,2017-04-04,0,sao paulo,SP,689.7,47.339999999999996,1.0,1.0,850.0,34.0,14.0,15.0,7140.0
d5d69378d9ce32d540e8474e6423b5b5,244f1faadf05eaeffa26feab068bfae6,2018-02-16 16:23:26,2018-02-16 17:00:22,2018-03-05,0,santo andre,SP,149.9,9.86,1.0,1.0,1000.0,16.0,16.0,16.0,4096.0
59a6a4f84e0e583a39c2f395343d27af,aaf1ff6550c1f45fa52842cc105286ed,2018-02-23 15:20:45,2018-02-27 04:31:13,2018-03-19,1,maringa,PR,29.99,15.1,1.0,1.0,50.0,16.0,5.0,11.0,880.0
eab346b68385f2b894d7d95be157085f,4b4839712f1f77b8f762b4532538ff9d,2018-02-26 20:55:59,2018-02-26 21:15:37,2018-04-17,0,belo horizonte,MG,209.98,53.48,1.0,1.0,16200.0,63.0,58.0,26.0,95004.0
cd4828e8be3a0d85aa38a986e0f4db6c,fc87af337f289b3b613626426c66d14d,2017-11-23 13:43:15,2017-11-23 13:50:30,2017-12-20,0,conselheiro lafaiete,MG,19.9,16.79,1.0,1.0,150.0,20.0,13.0,18.0,4680.0
519e5b17180d3ebefad6f7b8c1a6c7c6,ceb7e01a91f28cc8b5e10d35c7a7f376,2017-03-09 18:59:23,2017-03-09 18:59:23,2017-04-10,0,alexania,GO,113.98,35.66,1.0,1.0,300.0,16.0,10.0,20.0,3200.0
3e2c9148e8b9cca0ec6d480ee316ecb8,461ac5f6096c83246957cad38154e252,2018-03-30 10:45:33,2018-04-03 05:08:27,2018-04-20,0,ribeirao preto,SP,42.9,13.71,1.0,1.0,7550.0,25.0,25.0,15.0,9375.0
bdf323b540c69988c9baca5f74e4c3bc,deb5bcdd7bbe002ca0f1413592e2f23c,2017-10-12 16:40:49,2017-10-14 03:27:57,2017-11-13,0,duque de caxias,RJ,162.8,34.15,2.0,1.0,1100.0,30.0,4.5,20.0,2700.0
51f2bc977a4fb1086e3521f501645ddc,df54a789854ed6321831ebf6a866526c,2017-02-05 19:17:06,2017-02-07 04:10:33,2017-03-01,0,sao paulo,SP,24.9,10.96,1.0,1.0,200.0,18.0,8.0,13.0,1872.0
f5790c25979b0fd6a9125cfd745689a7,2218eb19c121b3d073793364f63dd895,2017-03-19 21:05:50,2017-03-19 21:05:50,2017-04-19,0,joao pessoa,PB,198.0,21.84,1.0,1.0,610.0,22.0,14.0,16.0,4928.0
828bedfd74953fea90c650c36afbd36a,061d8030d0f605af68c6ef004ca15700,2018-02-17 15:08:48,2018-02-17 15:26:43,2018-03-09,0,monte carmelo,MG,59.98,12.55,1.0,1.0,2000.0,50.0,30.0,30.0,45000.0
2c1ccd5d927cd108ebbdf62741bf5dc7,4b88365b45f660f21ad6d56557871ed5,2018-01-12 13:18:30,2018-01-12 13:30:22,2018-02-14,0,matelandia,PR,24.99,15.1,1.0,1.0,250.0,17.0,4.0,12.0,816.0
f256e6ae5f9bc6968eb25800d1360ab9,5e0c77608746c464f57855173086e0fa,2017-12-05 16:18:27,2017-12-08 17:30:24,2018-01-02,1,itaperuna,RJ,266.7,39.6,2.0,2.0,1850.0,43.5,13.5,33.5,19672.875
038345c4a9d21c17180f2f77e1701c69,a6e22c9df7242208bd27554da4b6ee97,2017-11-13 19:55:04,2017-11-13 20:08:11,2017-12-04,1,sao paulo,SP,99.0,33.08,1.0,1.0,9000.0,42.0,12.0,39.0,19656.0
ef91a0138a69318c86432c32ad98db82,a9b884c0cf01e7b65fd39f9d9cfa604d,2018-01-29 11:12:03,2018-01-31 13:32:35,2018-02-20,0,queluz,SP,167.84,20.05,1.0,1.0,5250.0,60.0,12.0,40.0,28800.0
c645c38b97d82c6a042adcf18df3daf3,f04a4d84ba2597da24b254fa733ebd80,2017-11-24 11:39:24,2017-11-24 13:33:46,2017-12-18,0,piracicaba,SP,23.7,16.11,1.0,1.0,400.0,18.0,19.0,14.0,4788.0
c9b2447b34e74d4e83900fb91dec3e56,688a891aab93b8694da514be412d8195,2017-03-22 17:10:13,2017-03-23 13:10:43,2017-04-10,0,francisco morato,SP,338.0,21.67,1.0,1.0,6900.0,40.0,20.0,40.0,32000.0
46162b40be0f9a769ab382cfac1d9a20,5297ee74ebc6c60b203e91782c3205d1,2017-08-15 21:43:53,2017-08-15 23:44:58,2017-09-12,0,ibipora,PR,79.9,17.81,1.0,1.0,1300.0,45.0,8.0,35.0,12600.0
260d235e25b0be20b5688b8a76ae2f09,f8fbe0a7a0f7709be3c1c8f269ab68d3,2018-02-21 13:28:28,2018-02-21 13:50:07,2018-03-23,0,sao paulo,SP,38.9,14.1,1.0,1.0,300.0,42.0,2.0,30.0,2520.0
3282bc9c548b4d233a43f5c6d96fade8,da9c8d08ff43e0e3f90bdb93eaded55f,2018-01-23 09:36:08,2018-01-23 09:52:16,2018-02-19,0,contagem,MG,65.89,17.71,1.0,1.0,1613.0,18.0,18.0,15.0,4860.0
7edf26c8a1e67ce26c2d1457302bd03e,62500b6c311fa15e3014b4a13391258d,2017-05-04 09:16:16,2017-05-04 09:30:09,2017-05-29,0,rio de janeiro,RJ,54.9,17.12,1.0,1.0,1000.0,37.0,23.0,35.0,29785.0
49d85b61244a54a41fd61ce06cca96d4,39d546b787598d01eb255ee2ce0c60c7,2018-02-23 14:58:23,2018-02-27 04:31:13,2018-03-26,0,fortaleza,CE,99.9,30.23,1.0,1.0,1900.0,17.0,13.0,31.0,6851.0
87f841bad6e9f1d515f158ac10204c3e,8bd1d01232a576982d8f182e91343d38,2017-09-18 01:59:56,2017-09-18 02:40:17,2017-10-05,0,brasilia,DF,106.0,14.49,1.0,1.0,100.0,25.0,6.0,25.0,3750.0
5bd9862e9eb167d733096279f6b353ed,027a90872a3f917170f2e2b912363e88,2017-10-03 08:05:20,2017-10-03 08:14:15,2017-10-30,0,campinas,SP,32.9,17.63,1.0,1.0,300.0,20.0,10.0,15.0,3000.0
3398d0aab09ae1ec063d32622b15b1ba,b2f930a6508108d4a877ceb27a66ff77,2017-02-12 21:19:29,2017-02-12 21:30:17,2017-03-14,0,condor,RS,98.0,29.04,1.0,1.0,3000.0,69.0,11.0,11.0,8349.0
5d00299f340746f1a331c674d4fbb211,16b4fe84e11d113214ba5bfc967bf782,2017-12-16 23:06:17,2017-12-16 23:18:27,2018-01-16,1,fortaleza,CE,29.99,17.63,1.0,1.0,300.0,17.0,4.0,12.0,816.0
22266e2f8d8084cd2b5d8488164d043a,2dae38555287b3c42938a0688936c53a,2017-01-15 00:01:45,2017-01-15 00:15:41,2017-02-24,0,itajuba,MG,20.98,29.04,1.0,1.0,150.0,16.0,4.0,13.0,832.0
c3d98859790f5ef3e0ec03a886506d35,979b8c7ddabb03954d1000d3b84b6a11,2018-03-20 22:30:20,2018-03-20 22:48:05,2018-04-16,0,palmeira das missoes,RS,119.9,18.72,1.0,1.0,200.0,22.0,14.0,14.0,4312.0
1fa3a19d9a9a74d3fdff66289fa3ae7c,9658636e8727e0c825a97d09c9beaee5,2018-02-24 10:26:14,2018-02-27 05:30:59,2018-03-22,0,apucarana,PR,29.9,19.59,1.0,1.0,200.0,16.0,16.0,16.0,4096.0
5ad82a9fb12ff34f8883ccfaddf3da4f,1715df4e75c7b532c711759cac4d4148,2017-10-26 06:12:37,2017-10-27 03:07:05,2017-11-08,0,carapicuiba,SP,110.0,15.56,1.0,1.0,250.0,16.0,2.0,20.0,640.0
f7923db0430587601c2aef15ec4b8af4,1318fd61a82a479edaff00217376c052,2018-01-20 17:38:58,2018-02-20 12:05:54,2018-02-21,1,jandaia do sul,PR,348.0,84.4,1.0,1.0,2400.0,35.0,15.0,35.0,18375.0
b3eb711b3ee8bcf03282d08691df711c,6995f12b21fdf8e6a245b17888e38a46,2017-04-12 02:35:02,2017-04-12 02:50:59,2017-05-15,1,curitiba,PR,60.9,14.6,1.0,1.0,400.0,35.0,22.0,28.0,21560.0
faeeb4eb4150e4e1246627ee36ae6f60,166cca2d65c48d84cfe64329ed713c71,2018-03-14 11:58:07,2018-03-15 03:15:53,2018-04-09,0,ceu azul,PR,48.9,19.32,1.0,1.0,600.0,20.0,13.0,13.0,3380.0
d4de2912c79702221bd12d642b18e49f,00c2781c163b9f057924ed8c45c724d4,2018-01-29 19:39:43,2018-01-30 12:31:02,2018-02-22,0,contagem,MG,513.25,45.67,2.0,2.0,2575.0,49.0,12.0,42.5,24990.0
65a97703da34703e54cac329ad6a41b0,6f33ceeabaecf0654caa006b511a62dc,2017-03-28 21:56:39,2017-03-28 22:05:23,2017-04-17,0,sao paulo,SP,129.9,11.52,1.0,1.0,400.0,24.0,9.0,16.0,3456.0
a96610ab360d42a2e5335a3998b4718a,df55c14d1476a9a3467f131269c2477f,2017-04-01 15:58:40,2017-04-03 13:25:18,2017-05-02,0,araruama,RJ,4799.0,151.34,1.0,1.0,22600.0,55.0,40.0,40.0,88000.0
95287574a39117622fd74f06cadf5eae,9d763d8a54fb8bb371f06d0ec3d9a7de,2017-08-05 08:25:09,2017-08-05 08:35:43,2017-09-14,0,joao pessoa,PB,56.99,21.2,1.0,1.0,375.0,21.0,11.0,17.0,3927.0
f192fe5e9b2eea0553f09566de94b5b6,e1b895b6ad2adfcbe4a314fcd073b344,2017-07-21 18:43:05,2017-07-21 18:55:09,2017-08-03,0,sao jose dos campos,SP,241.1,19.4,1.0,1.0,7625.0,61.0,14.0,61.0,52094.0
3ea1b4858d6688d2e95448944536e6ea,ce3e30e0a69d1fac23013ad343cb5727,2018-01-10 20:57:32,2018-01-11 20:52:23,2018-02-05,0,ribeirao das neves,MG,48.9,16.11,1.0,1.0,750.0,20.0,13.0,13.0,3380.0
18f39cbc016f34a22c870ef03cba5641,92566e623b70efba98063150b200cba4,2017-12-31 22:14:53,2017-12-31 22:26:35,2018-01-31,0,goiania,GO,219.9,18.79,1.0,1.0,342.0,18.0,13.0,15.0,3510.0
bd7ed28cedb8147c71f09e3ab23c369f,7b57816eb86d27beaec4487edb99a0b8,2017-06-19 23:24:58,2017-06-19 23:35:23,2017-07-20,0,conquista,MG,93.5,15.4,1.0,1.0,400.0,16.0,19.0,15.0,4560.0
774e1d0dad9de39af357f92c7180e21f,e84338f7bbffc375080368e46b22c37c,2017-11-12 21:31:27,2017-11-12 21:46:57,2017-12-05,0,ribeirao preto,SP,108.0,15.51,1.0,1.0,1000.0,53.0,8.0,18.0,7632.0
d172a1c2281047312e37b12be30a78b3,e63c9356c91bbacc75f86545e28b2dd8,2017-11-07 16:31:50,2017-11-08 16:47:27,2017-12-07,0,catalao,GO,339.0,65.05,1.0,1.0,6500.0,29.0,21.0,11.0,6699.0
ece8853f47b1069c213415c8b64ad6b3,e00efa08727aeec3f33c4c59e8cd6633,2017-11-18 14:27:34,2017-11-18 14:35:27,2017-12-12,0,curitiba,PR,664.4,86.09,2.0,2.0,880.75,33.0,15.0,15.5,7672.5
6c3b9813e98d409d3af5da143efbd2d7,d938f73683a2702cbef83047c31c611f,2018-03-14 22:08:40,2018-03-16 03:45:35,2018-04-10,0,lajeado,RS,64.9,18.33,1.0,1.0,200.0,16.0,5.0,11.0,880.0
c4fc1de96bdade6bff864108f4887d3d,53f5602be13a814f32672184120febca,2018-03-11 12:58:50,2018-03-13 04:30:36,2018-03-29,1,presidente prudente,SP,49.9,14.44,1.0,1.0,1050.0,36.0,16.0,24.0,13824.0
c25ada6e50a408a7219bea45738372b2,c009ac49d03a1dac5abe6b3bdb43729e,2018-01-18 10:32:05,2018-01-18 10:56:00,2018-02-15,0,rio de janeiro,RJ,50.0,16.11,1.0,1.0,750.0,48.0,16.0,35.0,26880.0
c61c0270f78b8e83946c5ea769c2cff9,655e4ac9743faf6ec2d032a75c002723,2017-05-17 10:22:14,2017-05-18 02:31:40,2017-06-13,0,sao bernardo do campo,SP,99.0,18.93,1.0,1.0,1600.0,20.0,15.0,20.0,6000.0
563a70a03f09f2174bde139fdcbd8772,d38ab5feaeb102e5990e4a27c69c2da2,2018-03-01 21:16:08,2018-03-01 21:30:52,2018-03-28,0,salvador,BA,119.9,38.39,1.0,1.0,2150.0,105.0,3.0,70.0,22050.0
c02bde150f60b4c2adcdd0c0e9d36d0d,bb715c9131b490ed9aab3540cedb7608,2018-01-31 20:59:18,2018-01-31 21:10:22,2018-03-08,0,porto alegre,RS,139.0,27.29,1.0,1.0,6950.0,47.0,23.0,37.0,39997.0
0ed863ae64e541253de34411c0b0280a,7a4bda17979cda408ede421d6f9e5337,2017-10-29 11:16:24,2017-10-29 11:50:22,2017-11-22,0,rio de janeiro,RJ,97.9,25.97,1.0,1.0,275.0,21.0,3.0,15.0,945.0
a0965651e1058585af3d91274b10886e,1d257d261370603b279e82cea790cd1b,2017-07-04 17:27:56,2017-07-05 17:36:08,2017-07-28,0,belo horizonte,MG,205.0,22.27,1.0,1.0,9750.0,35.0,12.0,30.0,12600.0
40fc1a40cf19e225f69e3790f1e33f7a,6f7df6e010787ea962389d629793ea30,2018-03-07 11:46:26,2018-03-07 12:09:47,2018-04-23,0,pindai,BA,114.9,19.95,1.0,1.0,350.0,21.0,11.0,13.0,3003.0
48065395c10ff14b3c2dc0c3b229fb5b,067c9951289da2e2468121aa6e46ec91,2018-04-04 10:54:07,2018-04-05 10:50:19,2018-04-20,0,sao paulo,SP,379.9,68.61,1.0,1.0,30000.0,60.0,66.0,29.0,114840.0
c0bfe4e5019c615b222f764dc9c20f51,e82e30a2e3e9732eb7ee6ccfab2ed181,2017-08-27 19:26:46,2017-08-27 19:35:27,2017-09-14,0,sao paulo,SP,59.9,11.92,1.0,1.0,350.0,20.0,20.0,20.0,8000.0
76174e4ebbe4b654f039d34d6e3d8a81,8c5d8ac145099d539f1019827052a582,2017-08-05 15:19:50,2017-08-05 15:30:27,2017-09-11,0,vitoria da conquista,BA,169.9,17.63,1.0,1.0,444.0,20.0,14.0,16.0,4480.0
1bf6db71e147c950fe9925e0be89ec4b,ec26ff9b46af83d9c60691c89bf24895,2017-01-26 15:37:27,2017-01-26 15:50:18,2017-03-02,0,belo horizonte,MG,65.0,17.88,1.0,1.0,1032.0,17.0,15.0,16.0,4080.0
f2597992f6da6f545223c8f3aac0a681,bcc60fefed836fce311047cb4ad6a504,2017-12-06 11:19:14,2017-12-07 03:13:09,2017-12-22,0,osasco,SP,45.99,7.78,1.0,1.0,236.0,23.0,14.0,16.0,5152.0
678e948d6ef6324c0891d0c714d23946,66b0c56bdeccde8a05900cb7efb2e1bb,2017-09-26 07:28:53,2017-09-26 07:49:15,2017-10-19,0,presidente prudente,SP,269.99,22.38,1.0,1.0,2900.0,22.0,28.0,42.0,25872.0
3f72f100dae2b5099ad6e5a486e95ec0,5d90f76c016edad7a931b49fb39b9c2d,2018-03-05 23:31:49,2018-03-06 00:35:59,2018-03-21,1,sao paulo,SP,10.0,12.79,1.0,1.0,200.0,31.0,13.0,11.0,4433.0
8e47a04b25d7a7075064e8e0bd2e0318,6809c387b18253d7e92f69dbecac26ca,2018-04-01 15:25:27,2018-04-01 15:47:52,2018-04-12,0,sao paulo,SP,29.9,7.71,1.0,1.0,250.0,16.0,5.0,15.0,1200.0
ebe6eddebae955b95268b2c70cdc019e,dba5cf7fbe92b362245b9b3d684471bc,2018-02-06 12:46:45,2018-02-06 12:56:18,2018-03-07,0,extrema,MG,92.0,17.89,1.0,1.0,1550.0,44.0,14.0,34.0,20944.0
1970f2fb4b83ff962a75b064abc37f4c,45b5b5e9424ca746ad6a3161de453e00,2016-10-06 07:53:10,2016-10-07 02:47:36,2016-11-30,0,limeira,SP,633.0,20.39,1.0,1.0,413.0,19.0,12.0,15.0,3420.0
7e666050aebcbd6feba9622558222157,87d6c74b9588d73d7295bd23d6eb1a2c,2017-11-04 09:24:45,2017-11-04 09:35:30,2017-11-17,0,sao paulo,SP,50.34,7.78,1.0,1.0,475.0,33.0,15.0,33.0,16335.0
e573bcbd71e063eb151e44500cd89360,9b6d99e4fad63c0af01caa003bf8227b,2018-03-07 13:46:57,2018-03-07 14:09:09,2018-03-23,1,taquaritinga,SP,47.49,13.71,1.0,1.0,175.0,23.0,21.0,21.0,10143.0
75580197fa1d006140091ea9e6ccdcfa,14868a65241682f256d808dfeaa38d0f,2018-03-19 11:11:59,2018-03-20 03:31:56,2018-04-11,0,recife,PE,99.0,32.61,1.0,1.0,1450.0,69.0,11.0,11.0,8349.0
933cae52f81a96867c679e5251c0a7c5,49d707c4f8c279f291fa063f2d5cba89,2018-02-25 20:10:26,2018-02-25 20:27:45,2018-03-12,0,paulinia,SP,76.0,12.49,1.0,1.0,1550.0,25.0,16.0,18.0,7200.0
4e998f9a0a0748cc381ea01aa6de635b,935e36229a981c25786b94379bcf95a0,2018-04-12 21:06:08,2018-04-13 21:09:40,2018-05-14,0,seara,SC,299.0,28.17,1.0,1.0,2800.0,69.0,11.0,11.0,8349.0
129c72226e320a7bf5b89efce442afd5,46dbd6b44084696774eb0bc59352069a,2018-02-12 03:09:04,2018-02-12 03:48:19,2018-03-12,0,sao paulo,SP,74.9,12.65,1.0,1.0,107.0,19.0,13.0,13.0,3211.0
d9f2f547b09a41a6cd964ab5e652f5ca,d88851c561082485bcd890c843893fc8,2018-03-10 21:15:26,2018-03-10 22:00:30,2018-04-05,0,salvador,BA,52.99,50.87,1.0,1.0,472.0,19.0,13.0,15.0,3705.0
49d87c28f1599b558cc93dc1115ea785,c493b8c381efad283970ab7c79624db8,2017-08-14 22:11:47,2017-08-15 03:45:16,2017-09-06,0,cabo frio,RJ,19.9,15.1,1.0,1.0,300.0,20.0,20.0,20.0,8000.0
236ae03bfee2c49ab78fa9227892c5e6,944dc66ce45739575455181a6288e2a2,2017-11-25 21:29:40,2017-11-25 22:16:46,2017-12-20,1,sao luis,MA,59.99,22.74,1.0,1.0,367.0,19.0,14.0,17.0,4522.0
059cd34e948c8025e660c89c0de2d792,4d73737f27246fd7094751652d0ee963,2018-03-07 19:01:13,2018-03-07 19:15:28,2018-03-28,0,aracaju,SE,53.49,22.87,1.0,1.0,200.0,36.0,5.0,26.0,4680.0
ef32d0ec67bd0ab2ea40c31c3f44571a,956f92f85ef93e5464e0a4e80a51d9ec,2018-04-05 07:46:23,2018-04-05 08:09:56,2018-04-26,0,santa adelia,SP,190.0,19.21,1.0,1.0,122.0,17.0,10.0,14.0,2380.0
88b09aac7b8d279dec75a3a810c21028,2ad663165e9d0bf46c7a41509af06f2f,2017-06-22 21:09:34,2017-06-24 02:30:23,2017-07-05,0,sao paulo,SP,29.9,9.34,1.0,1.0,950.0,31.0,4.0,23.0,2852.0
f408600ecfb1900d32519ca61e34e4f0,6952fcb78cb94f18e8bed5f290578f9a,2018-01-22 21:06:04,2018-01-22 21:14:39,2018-02-14,1,aracatuba,SP,22.5,11.85,1.0,1.0,250.0,25.0,7.0,14.0,2450.0
bdfe88d4db37adc80c492a6097dba6b6,85db54b09a38693e4c2ce4c613ce9ee8,2017-12-09 10:00:34,2017-12-09 12:31:12,2017-12-28,1,curitiba,PR,139.0,12.68,1.0,1.0,5400.0,20.0,60.0,50.0,60000.0
d65585ccd99c854db1f1ff1618ddaed1,65e49627d7bba63bb61dd3d9beabe1e5,2017-05-16 11:44:40,2017-05-18 02:30:21,2017-05-29,0,santo andre,SP,49.0,11.73,1.0,1.0,4800.0,22.0,63.0,22.0,30492.0
07664da4fa93862f7f2f3fd353b99e73,8a3ee8c4e7b28fbec55bb91eb788a7fc,2018-01-09 08:45:00,2018-01-09 08:56:21,2018-02-16,0,mata de sao joao,BA,129.0,20.14,1.0,1.0,6550.0,38.0,30.0,28.0,31920.0
d9dd31d18506394e89644f5e0b9664e3,525386e5496dcb6a38723359f7450144,2017-10-11 12:32:56,2017-10-11 14:43:04,2017-10-30,0,serrana,SP,131.59,12.42,1.0,1.0,548.0,20.0,10.0,16.0,3200.0
00602f25bffa1dcfb71e202fbf9824fb,d91dc5b08f5bb5e181a878580f4ec576,2017-11-01 17:45:52,2017-11-02 02:35:31,2017-12-11,0,belem,PA,39.9,54.02,1.0,1.0,700.0,24.0,5.0,24.0,2880.0
a64857875df4362cca149374111dd6f9,fad50c331c2852605dceb3e6d4f407af,2018-02-04 16:04:56,2018-02-04 16:15:27,2018-03-08,0,unai,MG,279.9,16.71,1.0,1.0,269.0,17.0,11.0,13.0,2431.0
0115d160c5fbd758a139ff90821db60d,9e593469b6f1beac77c2da4d73bf1228,2017-08-29 19:14:43,2017-08-31 04:31:53,2017-09-15,1,patos de minas,MG,389.0,22.63,1.0,1.0,14050.0,54.0,20.0,40.0,43200.0
a3a334e8cd38b52f151585bfa1e22190,014a9fe1063cfc79c804affbe855a70f,2017-12-29 21:42:31,2018-01-03 04:29:41,2018-02-05,0,campinas,SP,84.9,13.61,1.0,1.0,800.0,22.0,12.0,33.0,8712.0
e2d3e5a5b56149b36e4df4dedd8648f5,57f4770b4fc8ae0c610fd9821dc38403,2018-02-12 12:39:57,2018-02-13 13:28:09,2018-03-13,0,guaramirim,SC,169.9,31.94,1.0,1.0,5000.0,40.0,10.0,40.0,16000.0
1ecb44533ccf6974a67e7d36d913b027,9e10bfe5eb4c55263654f22bfb0af9b7,2017-08-07 09:56:09,2017-08-07 10:05:26,2017-08-29,0,rio de janeiro,RJ,75.78,15.28,1.0,1.0,500.0,52.0,6.0,40.0,12480.0
7af96e4998e17a87ca43a79b93e112c9,1c00c415c262d2dc99886b3b272bbd4f,2017-04-07 19:18:25,2017-04-07 19:30:14,2017-05-15,0,belem,PA,62.8,24.93,1.0,1.0,175.0,17.0,10.0,19.0,3230.0
67ac8397ab2a26915fadd6e3ed4250ee,b18e1cd830f8a5b16b7bb5dac8c183ec,2017-03-22 21:33:58,2017-03-22 21:33:58,2017-04-17,0,rio de janeiro,RJ,219.8,35.02,1.0,1.0,835.0,40.0,9.0,33.0,11880.0
4ef36d7c9950e291544d3a68d123992c,34c59bf3d0944d2887ee2987c2eda500,2017-06-23 18:17:05,2017-06-23 18:30:13,2017-07-21,0,parati,RJ,99.99,27.24,1.0,1.0,500.0,16.0,20.0,20.0,6400.0
be3447fe3a05a18c778da31eed242c6f,2f1c62f2de3cb661200ec441c536c20d,2017-08-22 13:52:22,2017-08-23 02:51:07,2017-09-18,0,lages,SC,89.99,15.38,1.0,1.0,250.0,22.0,10.0,18.0,3960.0
9eebd18ac02881c6c6e4f47f3642ff8b,7ea5fc79e8868ed776ebfce44c06869f,2018-01-03 16:55:29,2018-01-03 17:07:51,2018-02-09,0,sao paulo,SP,13.9,11.85,1.0,1.0,250.0,40.0,4.0,30.0,4800.0
04b037305ba882bf9510568fe6c1615b,c7f2aa41726d05bcc6db32812fbf95ba,2018-01-13 17:56:43,2018-01-13 18:09:25,2018-02-06,0,lavras,MG,120.0,15.59,1.0,1.0,475.0,20.0,9.0,14.0,2520.0
2fac5c3079ed620f52665e540fc57d66,f01d004f168186b4d834b318d9309d5d,2017-12-19 13:39:03,2017-12-19 14:32:25,2018-01-08,0,sao paulo,SP,55.0,7.78,1.0,1.0,250.0,16.0,2.0,20.0,640.0
c2d5c65518eacd599632e3d287f5f818,f1d808f68f98869730fc61e3d00af4fd,2017-12-13 15:21:33,2017-12-13 15:32:23,2018-01-09,0,curitiba,PR,27.99,14.1,1.0,1.0,350.0,17.0,4.0,12.0,816.0
cb6c7e4c5890bba3ee99ad3f97877d9a,4e5b349fbc6fa7c3f6b816de96c75420,2017-08-28 17:15:24,2017-08-29 17:25:55,2017-09-08,1,rio de janeiro,RJ,55.0,7.94,1.0,1.0,300.0,22.0,7.0,14.0,2156.0
4cb7d866ce5acba93c58383df3081469,d2d0c24e073cb688382000972536c1e2,2017-05-24 11:48:57,2017-05-26 02:30:29,2017-06-26,0,fortaleza,CE,109.9,21.57,1.0,1.0,800.0,20.0,51.0,34.0,34680.0
c17386c1faa5ab9b68b085ac90efac67,9c0f2c56f67748db1ca297a8434971b4,2018-04-04 21:58:01,2018-04-04 22:10:17,2018-04-26,0,betim,MG,99.9,21.78,1.0,1.0,1050.0,60.0,15.0,15.0,13500.0
7d9bff34ab96999cbb7b18cfe622c731,f0b859bf10be8f9953db9e34fc3baca8,2018-03-01 23:45:15,2018-03-02 17:49:30,2018-03-26,1,luzilandia,PI,49.9,34.15,1.0,1.0,100.0,16.0,5.0,20.0,1600.0
7534ce179e1751acc26f743ab22ace56,c10365a2d64f63953a17620a113352e9,2017-06-07 10:04:14,2017-06-08 02:45:27,2017-07-06,0,araguacu,TO,129.5,33.36,1.0,1.0,2300.0,20.0,17.0,20.0,6800.0
5a008db40659290cadbe2a57493bc273,abcbd85506e144160bee308811967a35,2017-09-19 23:46:28,2017-09-21 02:50:59,2017-10-05,0,sao paulo,SP,79.9,12.9,1.0,1.0,950.0,44.0,2.0,36.0,3168.0
681c2cfadee8433325e2fbab33593cd3,b2bccc82326a6f4bc22b66371c027d60,2017-04-01 15:08:20,2017-04-01 15:22:24,2017-04-24,0,sao paulo,SP,299.9,10.47,1.0,1.0,650.0,23.0,18.0,18.0,7452.0
ce2b4f2836d78829e4796213d536101e,e024c1515b1062b1e7e613f840c35ba3,2017-06-18 22:46:42,2017-06-18 23:06:00,2017-07-11,0,sao paulo,SP,97.9,57.36,1.0,1.0,13950.0,63.0,26.0,43.0,70434.0
9dd2fd0bc65b8d4b92ff4ab91cab5b28,be3989ffce9034d2e139160793f1db99,2017-12-13 19:20:31,2017-12-13 19:30:33,2018-01-11,0,sao paulo,SP,129.0,21.39,1.0,1.0,10750.0,31.0,61.0,31.0,58621.0
8a49984afb76dae66f3810e1b7093ec4,3cc640f13134a74f3bc34b9b0094d412,2018-02-15 23:27:21,2018-02-17 03:35:43,2018-03-20,0,catende,PE,89.18,27.16,1.0,1.0,750.0,25.0,15.0,35.0,13125.0
455f52f12a5c5e4dbb291823daafc2ab,d81067f5a2e50e54cb03a4a2e1294618,2018-04-10 08:12:04,2018-04-10 08:29:25,2018-04-20,0,limeira,SP,50.9,13.43,1.0,1.0,1700.0,45.0,20.0,45.0,40500.0
a911878b89655a6ca2a33ed01e1c8d3d,19f1fc491b7b350f93bb538f0cd48912,2018-03-05 09:28:19,2018-03-05 09:48:20,2018-03-19,0,campinas,SP,81.0,9.38,1.0,1.0,1825.0,33.0,19.0,45.0,28215.0
e33ae8b905bb0354b42f585bdfd3ab0d,4eccfbae6ae2126a462a53d2cda99572,2018-03-07 11:34:38,2018-03-07 11:50:27,2018-03-28,1,belo horizonte,MG,60.0,18.3,1.0,1.0,475.0,23.0,23.0,21.0,11109.0
8a8cd106c8e6e27e8832a3311755a9cc,cde31cc8cecb7f5bd25314f2a836b3d2,2017-08-14 20:51:23,2017-08-15 22:24:45,2017-09-05,0,laranjal paulista,SP,104.99,17.98,1.0,1.0,1250.0,42.0,11.0,12.0,5544.0
bc8e669b7c085a9d09f9c2b94c7693ab,0f0f0c6250a06ed825b57b8233a2bb3d,2017-12-03 20:22:55,2017-12-03 20:32:21,2017-12-27,0,guaratingueta,SP,144.9,12.51,1.0,1.0,1400.0,45.0,15.0,35.0,23625.0
99cf0f831c62dfbd52e4523910879f0d,5806d419ee655f54db1c5500c3d76a27,2017-12-26 23:03:14,2017-12-26 23:15:30,2018-01-24,0,rio verde,GO,122.99,15.61,1.0,1.0,400.0,20.0,12.0,15.0,3600.0
0577713eb945f355426be26104c26b77,e156056171de3be3501585f3146ad708,2017-04-23 01:17:39,2017-04-23 01:30:14,2017-05-19,1,rio de janeiro,RJ,79.9,17.3,1.0,1.0,1200.0,44.0,2.0,35.0,3080.0
046100ad996b1c80d13e7e90fccd0560,80aecbe9841e2594daf4211199cec79b,2017-08-07 17:35:03,2017-08-09 02:45:12,2017-08-28,0,louveira,SP,49.99,11.85,1.0,1.0,1600.0,35.0,25.0,20.0,17500.0
da395b46cb926910276c0b3ef76b7bab,874b203d77d5ee9f12214a37a6584237,2017-11-28 00:48:33,2017-11-30 16:39:57,2017-12-12,0,sao paulo,SP,69.5,11.73,1.0,1.0,1535.0,49.0,8.0,21.0,8232.0
2a8ab6971e8d4c873f768a365a9ac617,9723ee0e006c0f3ddd9fa3759078a57f,2018-04-03 17:58:15,2018-04-04 17:55:10,2018-05-04,0,rio de janeiro,RJ,159.0,8.14,1.0,1.0,2000.0,30.0,25.0,30.0,22500.0
500da3334d495dbdd1c35b6d1a33c004,bcccbf3c3d4f4b9c15bace9a340ebdd7,2017-09-26 21:25:47,2017-09-26 21:49:43,2017-11-01,0,malhador,SE,23.99,34.15,1.0,1.0,100.0,20.0,15.0,15.0,4500.0
2cbb35d23159c9f44b1e6ee4735181d2,022bdd440f8a37e8ba62d67287135a75,2018-03-28 11:29:44,2018-03-28 11:47:56,2018-04-18,0,duque de caxias,RJ,116.0,26.92,2.0,2.0,762.5,21.0,21.5,16.0,7224.0
c90563355d52a60bbfc6fd4b5bdcffc3,d7ae20bcd9dd7181c46d59b6faad8eee,2017-06-19 12:35:34,2017-06-19 12:45:23,2017-07-13,0,brasilia,DF,169.9,26.03,1.0,1.0,3450.0,30.0,30.0,16.0,14400.0
5c63934e8c852eed7a35438847d210c0,0f44902f2a6566b69e6ad61ba4664ce7,2018-04-11 19:47:16,2018-04-11 20:11:16,2018-05-07,0,pitangui,MG,55.5,22.97,1.0,1.0,1350.0,28.0,10.0,18.0,5040.0
b552e7e48327a9776efb1977f8a49a18,f2b16ed068625074fc2afe402df81384,2017-05-17 09:27:03,2017-05-17 10:02:05,2017-06-07,0,sao paulo,SP,89.9,12.13,1.0,1.0,1825.0,53.0,10.0,40.0,21200.0
ed6a309651e25df1caf213ebeaf1067b,4e48883d975d94cfbbffd16aadffdb46,2017-12-02 20:56:29,2017-12-04 20:51:40,2017-12-29,0,brasilia,DF,99.9,21.19,1.0,1.0,1825.0,44.0,14.0,34.0,20944.0
306ea671aa064b580d06e291967f18ef,0bf12a8fb9260f4cb9fd1f79618fc2ff,2017-09-24 23:32:44,2017-09-24 23:45:11,2017-10-17,0,lucelia,SP,16.9,11.85,1.0,1.0,300.0,25.0,10.0,16.0,4000.0
abd0736f947aa672d9254ad3cfaca4ff,494e06598140699017261a37e250cc52,2017-07-02 16:32:13,2017-07-02 16:43:53,2017-08-04,0,dom eliseu,PA,119.98,53.92,1.0,1.0,800.0,50.0,15.0,25.0,18750.0
60f262077cbc086086e49d225d09114a,1bee2327fc9d466e7cc69c631f6edac4,2017-11-11 13:26:34,2017-11-11 13:35:31,2017-12-06,0,monte santo de minas,MG,177.9,16.0,1.0,1.0,300.0,20.0,20.0,20.0,8000.0
9396e7b936a7db50860e1114de668210,aa545e89e0b56f447e7e088eaaee61d4,2017-12-22 12:13:55,2017-12-22 12:33:27,2018-01-12,0,piracicaba,SP,27.93,8.72,1.0,1.0,1300.0,33.0,6.0,22.0,4356.0
fa15822d98611a4ab8e33249b788ca7d,a6084fc44d5a09f247a4a2f1d49f6f58,2017-07-20 17:32:31,2017-07-20 17:45:20,2017-08-11,0,sao paulo,SP,99.8,41.68,1.0,1.0,2800.0,30.0,20.0,30.0,18000.0
6cca0cec5b4fc97f471ac73afc03ece8,615524b12e97c076f052c4fe166ecce2,2018-01-03 19:50:16,2018-01-03 19:58:43,2018-02-06,0,fortaleza,CE,19.99,18.89,1.0,1.0,300.0,30.0,30.0,30.0,27000.0
de9e0f42dd4a42ac4a00c027dc44eea9,899be4b651267f248003b1bf34fa64b7,2018-03-11 22:56:57,2018-03-11 23:06:08,2018-04-06,0,itaqui,RS,64.0,36.46,1.0,1.0,175.0,16.0,7.0,12.0,1344.0
9a31fd9d697e9670777501f720773fd9,c0a4ca941f313300f1694f4ab73b3651,2018-02-15 19:40:00,2018-02-17 03:47:14,2018-03-23,0,porto velho,RO,,,,,,,,,
cc7c5328fbf984cfac3d461dfb85de23,9050ff09700689cfe2d4ecab1008fd0b,2018-02-27 19:48:43,2018-02-27 20:09:35,2018-03-23,0,ibipora,PR,35.9,15.1,1.0,1.0,400.0,30.0,10.0,20.0,6000.0
11200294ab90161f54f7effdea8d9466,389dfb5774ff4738514d05e7165f172e,2017-09-20 12:26:50,2017-09-20 12:37:58,2017-10-17,0,sao paulo,SP,89.9,13.65,1.0,1.0,1300.0,44.0,2.0,35.0,3080.0
442651ec03ad04b3ba5cd034cc8853c8,f9c8f1adcfa05801bc411aba910a8730,2017-10-05 14:47:58,2017-10-05 15:07:14,2017-11-03,0,nilopolis,RJ,39.0,15.1,1.0,1.0,167.0,17.0,3.0,17.0,867.0
0cb32545f515420d9f3cba2c55ae3c4f,4964b245573f51603b9782d3a365caf6,2017-11-02 04:26:06,2017-11-02 04:46:47,2017-11-28,0,criciuma,SC,255.0,34.79,2.0,1.0,3402.5,59.0,13.5,45.5,36240.75
17f124568e4923bc842f832fe7fa758a,fac5d37372ed33c445aaee31a0be462f,2018-02-03 08:45:45,2018-02-06 05:31:55,2018-03-14,0,belem,PA,245.98,36.28,1.0,1.0,400.0,20.0,12.0,15.0,3600.0
a83773e7d7b0e1f26e479bd883cf744a,e98b542a840352aaf7d87f7d9f15f24a,2017-06-19 14:05:47,2017-06-19 14:23:17,2017-06-30,0,santo andre,SP,119.8,23.46,1.0,1.0,7000.0,26.0,47.0,27.0,32994.0
326056a428af991a9b566275682fe31e,13ebcb8036b0908147a1f63f062f9f6e,2017-11-01 13:44:51,2017-11-01 14:31:32,2017-11-14,0,sao paulo,SP,75.9,11.74,1.0,1.0,1300.0,32.0,16.0,22.0,11264.0
7c74b6a47ffad9deb24bd2a1f0b0acc5,95e4216612b16855852e2b9efa6174d2,2017-12-04 17:22:31,2017-12-04 18:30:27,2018-01-04,0,mineiros do tiete,SP,38.25,16.11,1.0,1.0,583.0,20.0,21.0,20.0,8400.0
080a96bd106fabe8c9a74df5cb5d8d26,abf6671124e009ac0b59ca2a8a3ecf3a,2017-07-03 00:09:17,2017-07-04 04:25:21,2017-07-21,0,sao paulo,SP,149.0,14.06,1.0,1.0,1700.0,30.0,35.0,25.0,26250.0
31b9cf3309387ffd343b19690e6985a0,b6b8e122cb92d8153a97eecba602db4d,2017-07-14 20:57:25,2017-07-14 21:10:17,2017-08-03,0,cotia,SP,187.0,12.81,1.0,1.0,4338.0,17.0,12.0,14.0,2856.0
c6b9d214855dbd27b6a58f9738425f62,70da6bf62439a98c65f757d70c6a213d,2017-11-28 16:55:41,2017-11-30 02:25:13,2017-12-19,1,rio de janeiro,RJ,49.9,15.1,1.0,1.0,150.0,42.0,4.0,14.0,2352.0
a7384426d477fd16a093284ebc51ba0b,2b26cb2b1582d5b1be9e122a56be6f43,2017-03-01 20:18:32,2017-03-01 20:30:16,2017-03-22,0,resende,RJ,59.9,20.5,1.0,1.0,16250.0,18.0,53.0,39.0,37206.0
c8dc9486538955f490d0a13d54f76fe0,d7b03ef4577510e4de7c52b45b689d81,2017-10-06 19:38:37,2017-10-06 20:49:28,2017-11-10,0,olinda,PE,169.39,33.64,1.0,1.0,2570.0,24.0,23.0,21.0,11592.0
9c0c12e4d0dc6b288f3e7755c791aa35,5e0b9890265bd8821b59a933d7eb0a58,2017-04-18 21:13:54,2017-04-18 21:25:13,2017-05-10,1,campo mourao,PR,99.9,22.17,1.0,1.0,30000.0,79.0,2.0,63.0,9954.0
60c293e54649a6dae7403487d4c21b2c,921b4d839d9b65c512648e14bd29293d,2018-03-20 21:26:59,2018-03-20 21:48:42,2018-04-17,0,itajai,SC,169.9,17.73,1.0,1.0,140.0,22.0,14.0,14.0,4312.0
356447440f7c0f7fc6bd04c27ed18216,bddc691790dafcfa373909e3571cf284,2018-01-26 16:33:49,2018-01-26 17:31:59,2018-02-19,0,rio de janeiro,RJ,69.0,16.73,1.0,1.0,700.0,26.0,14.0,24.0,8736.0
8426a61c687c38a2fb35080413ec9eb4,c3b836aea9b06d84b1b9d38b41f137e1,2017-10-25 22:52:31,2017-10-25 23:07:19,2017-11-07,0,sao paulo,SP,179.49,9.45,1.0,1.0,550.0,16.0,21.0,18.0,6048.0
b1af0e84814ea77191dddbb863dc896a,217caae919f80154b36236bc0db9f9b6,2017-08-11 09:12:37,2017-08-11 09:25:09,2017-09-11,0,governador valadares,MG,52.5,26.91,1.0,1.0,600.0,50.0,12.0,50.0,30000.0
17784b9fbb37fb0bdc230d8ed6f6b355,023cf83ac35d703a6f3c1b31bcf844d5,2018-03-08 19:06:08,2018-03-09 19:08:21,2018-04-04,0,irece,BA,840.0,502.98,1.0,1.0,9400.0,35.0,45.0,45.0,70875.0
e6717b6671df1d58c3f2435ec49eb74a,1353681b09bdb49c50b81bd023a2b3fa,2018-03-03 01:55:29,2018-03-03 02:13:20,2018-03-15,0,sao paulo,SP,239.0,8.93,1.0,1.0,7800.0,33.0,44.0,33.0,47916.0
40ef7aaf85b2ab8cf2281b9c7678468c,2bc76a59a92b61074b9ce50c9b60b96d,2017-12-18 02:00:11,2017-12-18 03:12:22,2018-01-11,0,sao paulo,SP,219.9,17.17,1.0,1.0,4050.0,40.0,15.0,23.0,13800.0
0f127f53a526c20902f9966a2a38846f,02b7bcd5dd0bbe4057aa6fb0c280a06b,2017-12-01 12:26:53,2017-12-02 02:37:06,2018-01-09,0,tatui,SP,31.9,15.1,1.0,1.0,250.0,41.0,2.0,29.0,2378.0
74040cd9562ffaf774035a7eeb2c6327,ab5ff7cc145e092e440389dea069782b,2017-10-31 18:37:48,2017-10-31 18:55:12,2017-11-16,1,rio de janeiro,RJ,219.0,41.92,1.0,1.0,9500.0,44.0,15.0,33.0,21780.0
41c350b4fbc29efe17a778365a0a5d08,42bb785f5ebc990d77c23aa2e1d6f3c7,2017-04-30 21:10:28,2017-04-30 21:25:16,2017-06-01,0,rio de janeiro,RJ,136.9,21.02,1.0,1.0,2975.0,33.0,38.0,49.0,61446.0
c6fd86af2bbfc7aa0cc902eff1ead5e4,f316bdbd553c081a873eb697e8f98be1,2017-12-28 12:01:05,2017-12-28 12:10:26,2018-01-23,0,sao paulo,SP,109.0,13.78,1.0,1.0,1600.0,60.0,20.0,29.0,34800.0
ff900ee0dc181d9cce2b0305140b60ab,01d53422b075158678043b0c49b83d66,2017-06-04 23:03:35,2017-06-04 23:15:17,2017-06-26,0,volta redonda,RJ,79.9,12.56,1.0,1.0,983.0,23.0,16.0,15.0,5520.0
5466d76b73c2c9ea826b3fc661288d0c,684e1aa246a9eadc3e6827685b10e48e,2017-08-21 13:47:03,2017-08-23 02:47:20,2017-09-11,0,sao paulo,SP,110.69999999999999,38.07,1.0,1.0,900.0,31.0,13.0,26.0,10478.0
56ddb62cd43497b05a7deb575d7547d7,03db7508ff10612b60f9198e0b33cfda,2017-10-21 14:31:35,2017-10-21 14:49:23,2017-11-16,0,apucarana,PR,59.9,17.67,1.0,1.0,1750.0,37.0,22.0,40.0,32560.0
b1a3ef26d011b2ef46b8787429aab2a8,1a3be802bda931a4f7b09c60125d2e91,2017-07-12 23:21:28,2017-07-12 23:35:13,2017-08-07,0,canoas,RS,19.9,20.84,1.0,1.0,1300.0,40.0,30.0,30.0,36000.0
90f4238d4a0d8f6371e4fbb18af5df64,6b72578e91bbfe3fbe8dc198c4d8312d,2017-05-03 23:34:55,2017-05-08 23:32:29,2017-05-24,0,osasco,SP,29.9,10.96,1.0,1.0,200.0,16.0,6.0,14.0,1344.0
e340657d4d28d54192270b3b99ba63f4,ad98dd84e944900f8cb73cc24e611d5a,2018-01-31 08:45:25,2018-01-31 13:51:37,2018-02-23,0,sao caetano do sul,SP,18.89,14.1,1.0,1.0,363.0,18.0,14.0,17.0,4284.0
f7310018040436b01ab03f81b301b5de,efec125e0fd56164c37c9f1e1c804cd7,2016-10-07 11:20:34,2016-10-07 12:14:56,2016-11-29,0,sao paulo,SP,329.70000000000005,33.69,1.0,1.0,1700.0,16.0,17.0,17.0,4624.0
61fbc4a76e5b3db28d2dd737ace32716,a4ed3677add2e1f5d0429d8822ea340d,2017-10-30 16:10:26,2017-10-30 17:31:32,2017-12-04,0,belem,PA,299.0,22.49,1.0,1.0,1175.0,45.0,19.0,34.0,29070.0
0413fe9eb0eb4aee51ef3065e9c91aa3,022d2a2e532b92556bf7cd39107fd780,2017-06-30 11:27:34,2017-06-30 11:43:10,2017-07-26,0,belo horizonte,MG,89.9,19.87,1.0,1.0,3121.0,42.0,25.0,30.0,31500.0
c870ed0988202f0b857a393392831d06,0a855770d35117e1c808629c1f4702b7,2017-08-22 11:37:17,2017-08-22 11:50:47,2017-09-04,0,campinas,SP,27.92,9.94,1.0,1.0,500.0,17.0,5.0,28.0,2380.0
847d8edecff82bfad703e42e7a849201,4195468e58442a5c7303990a744078b4,2017-12-05 20:29:14,2017-12-05 20:50:04,2017-12-29,0,cruz alta,RS,75.0,13.55,1.0,1.0,517.0,16.0,12.0,15.0,2880.0
0d404657f01231a876c9a25b6c91e329,a96720fccceba279e1b3175c96f88bdd,2017-10-01 22:49:41,2017-10-01 23:04:00,2017-11-03,0,marica,RJ,54.0,25.22,1.0,1.0,4900.0,20.0,26.0,20.0,10400.0
e1d6a83cd8b98c4eb29f2bb0f5a07138,766f0c0455e84a2e4f8b2bb5146da1dd,2018-01-14 17:07:32,2018-01-14 17:17:39,2018-02-05,0,salto,SP,89.0,13.64,1.0,1.0,5150.0,60.0,20.0,29.0,34800.0
ac4c31fcb560d160001849fc155285c3,dd11273e6cc22bcc6eb8258d902cb5bd,2018-01-16 18:22:12,2018-01-16 18:31:35,2018-02-14,0,morrinhos,GO,69.9,25.33,1.0,1.0,7075.0,56.0,11.0,32.0,19712.0
87362ced3e155e82485e17f95f7f79c6,cdc8a72f10450759bd9aafd76c7a11b5,2018-03-28 11:29:56,2018-03-29 03:29:24,2018-04-10,0,sao paulo,SP,91.98,14.78,2.0,1.0,225.0,16.0,10.0,11.0,1760.0
56a70a9c3a1a43d7c820316f0d2ed67e,c259c8db30799313c68a6d56731821fb,2017-09-28 16:55:37,2017-09-28 17:07:26,2017-10-25,0,niteroi,RJ,79.9,18.8,1.0,1.0,1850.0,24.0,36.0,23.0,19872.0
0286e258217733541e80588e29c208c1,010583f85dd55d32a6db1068f58ca6f1,2017-10-08 20:37:04,2017-10-08 20:49:20,2017-11-13,0,maceio,AL,58.9,22.73,1.0,1.0,700.0,16.0,15.0,15.0,3600.0
8b736a8b92d9cf8b26e6754141bf6657,722f3c29eca750d5eb93d5a1f67cc74c,2017-11-09 15:11:06,2017-11-11 02:50:47,2017-12-12,0,jaraguari,MS,43.0,16.11,1.0,1.0,1300.0,30.0,30.0,30.0,27000.0
f69ae31bce06a78d626762b53067c7e0,08c95eb831d93a76079d7e24a117db29,2016-10-06 00:12:47,2016-10-06 16:03:56,2016-12-02,0,porto alegre,RS,156.97,16.8,1.0,1.0,250.0,16.0,16.0,15.0,3840.0
20020569f2b852ebd114b1373fb82aa0,9b665a2a798904a4f68c8b09f08c65dc,2017-11-07 00:32:03,2017-11-07 06:31:17,2017-11-27,0,faxinal,PR,89.9,14.36,1.0,1.0,1100.0,20.0,30.0,30.0,18000.0
bc307d2f421c01c51c15f828da785142,9a9a85e7b6a53d3b2fe85bfa4b6f20f0,2017-07-07 13:18:22,2017-07-08 03:30:48,2017-07-31,0,sao paulo,SP,132.0,15.67,1.0,1.0,300.0,22.0,14.0,22.0,6776.0
c40efee56f8625b53e4d6e8a1119cbb7,7da87052aa6724fa500e8c22e3f9aa00,2017-06-20 09:22:33,2017-06-21 02:25:27,2017-07-18,0,ipatinga,MG,66.89,27.01,1.0,1.0,733.0,17.0,10.0,18.0,3060.0
256b2d808e8a564c42dfdb92b485219c,be4518ae17d2a9e4eef29c567f605563,2017-10-04 20:44:52,2017-10-04 20:56:28,2017-10-31,0,taboao da serra,SP,8.68,11.85,1.0,1.0,300.0,16.0,6.0,17.0,1632.0
ab603a1053e4be360569a5310fd35e4c,3984ffbe9e8f2a24ecf719952d27bf08,2018-01-17 08:27:20,2018-01-17 08:50:56,2018-02-19,0,posto da mata,BA,149.0,17.48,1.0,1.0,350.0,16.0,4.0,11.0,704.0
b93e694316954c82db60cf84faf9c694,719838a3dee4775a7054b8dfe43cf7a6,2017-12-09 14:21:59,2017-12-09 14:32:20,2018-01-11,0,bauru,SP,49.0,15.1,1.0,1.0,7700.0,50.0,20.0,50.0,50000.0
72bee274b97b852ee7741bfa0b924105,5fcc9e5618e149a1a40c31da01602529,2017-03-07 13:58:07,2017-03-07 14:10:09,2017-04-05,0,barreiras,BA,109.9,22.7,1.0,1.0,800.0,30.0,15.0,25.0,11250.0
8a375e54dcadd25fe7578ad54311a746,a994d209770941c5131c5c658f9370a5,2017-11-25 17:31:34,2017-11-25 17:52:51,2017-12-12,0,belo horizonte,MG,140.91,10.2,1.0,1.0,894.0,26.0,19.0,24.0,11856.0
a3670896f8c6f70396896223eb4ca8be,01c45d896d5f6343ae095f6acfc2df4a,2017-05-02 16:56:42,2017-05-03 11:45:11,2017-05-30,0,limeira,SP,59.9,13.0,1.0,1.0,3000.0,25.0,55.0,38.0,52250.0
14b01335f19b97fce1437168032ae388,10d74e1a3adaeada0d8da4a2b2891cc3,2016-10-05 19:09:33,2016-10-06 15:59:18,2016-11-29,0,campinas,SP,96.91000000000001,65.48,5.0,2.0,656.0,16.0,32.4,32.4,16796.16
f18d7bf3eb0f438dc4462cd6dd40aab8,c0839934f43d715b1433b58b86744930,2018-01-10 14:08:45,2018-01-10 14:18:24,2018-02-07,0,sao joaquim,SC,29.99,15.1,1.0,1.0,440.0,20.0,11.0,17.0,3740.0
9f188fd1c4dddf39da5a0db98006c240,74a8a3b6fe196b1c69c14c15bd62eb2d,2018-02-01 23:20:38,2018-02-02 23:10:50,2018-02-23,1,rio de janeiro,RJ,169.0,23.5,1.0,1.0,6650.0,93.0,6.0,93.0,51894.0
8337da5abde9a018a9ab51bf20aee333,3aa26b0090c89244c07c04d241eb30af,2017-12-18 10:44:33,2017-12-18 11:51:45,2018-01-11,0,bauru,SP,184.9,12.79,1.0,1.0,250.0,16.0,4.0,12.0,768.0
a00f95f6a4d527c82baeb2593ec4b5b8,36f03f3db6a48c6deab6c46066c7ba1f,2017-10-12 18:24:44,2017-10-14 18:33:55,2017-11-06,0,treviso,SC,118.9,18.08,1.0,1.0,1300.0,42.0,12.0,20.0,10080.0
00c00d5b36157595e21108ba1da2828f,2b27fae969b7d2bc173e466a742e50c6,2017-09-11 19:35:48,2017-09-13 03:25:43,2017-09-27,1,sorocaba,SP,279.7,33.22,1.0,1.0,2550.0,42.0,17.0,32.0,22848.0
6275720be53df0d94e7d7109f4f02ad2,a20eca856c890ec1eeb6d0cfffea3201,2017-02-20 23:05:53,2017-02-22 03:10:23,2017-03-21,0,agronomica,SC,8.97,14.52,1.0,1.0,150.0,16.0,4.0,11.0,704.0
72ee7eb0e76d4ca92b2cbb5fbab792a5,545d5bb570b4c8a58357fcdbe124e0bb,2018-01-04 14:11:25,2018-01-04 14:28:20,2018-02-05,0,campos dos goytacazes,RJ,144.99,18.26,1.0,1.0,1050.0,36.0,24.0,22.0,19008.0
ffa52cd169e937f7beb9cd360ea881c9,14e13233e812fef1af2d37af6c49a74e,2017-12-13 14:20:05,2017-12-15 02:30:41,2018-01-15,0,sao miguel do oeste,SC,98.99,34.49,1.0,1.0,400.0,27.0,6.0,25.0,4050.0
71ffc719d4d2f2dd4f358a699fe72fac,c081e5560f2bc273db90a62b6170d30a,2018-02-01 08:10:40,2018-02-01 08:50:42,2018-03-01,0,brasilia,DF,149.9,23.37,1.0,1.0,533.0,22.0,11.0,20.0,4840.0
4bbf3cd0e516cad47209a71b4ed02f94,21cdaaba011d5b8ff31fd69ec8604197,2018-03-16 18:48:02,2018-03-17 11:35:33,2018-04-09,0,feira de santana,BA,285.0,28.72,1.0,1.0,3050.0,50.0,20.0,20.0,20000.0
68810c6b108472c394da03666cf1fe74,28e095aecb060344b8dadb5cdc0b527c,2017-12-02 10:13:29,2017-12-05 04:18:40,2018-01-03,0,rio de janeiro,RJ,239.0,15.42,1.0,1.0,225.0,28.0,10.0,18.0,5040.0
5dd63219d314ee0914d93920e6f091c3,f8e1db79cfede6d3c2b48f217bd89a92,2018-02-05 16:12:45,2018-02-05 16:31:18,2018-03-01,0,sao paulo,SP,260.0,21.79,1.0,1.0,6350.0,51.0,31.0,31.0,49011.0
da8b28740e0c2eab5292d17c3cbb853b,36ffc4b2179b9dec36fcfe0595c28bf5,2017-05-03 08:28:44,2017-05-04 10:22:31,2017-06-05,0,lagarto,SE,49.99,20.8,1.0,1.0,200.0,16.0,6.0,14.0,1344.0
65c5c8d2e87139529c41cf8307ba1f65,7b4af48119080837db56a8c7d53ecc08,2017-04-26 16:23:04,2017-04-26 16:35:14,2017-05-15,0,barueri,SP,1740.0,66.68,1.0,1.0,27050.0,90.0,20.0,90.0,162000.0
ea974c111a2a711f43305d2968ffa86e,25cc5042606c108675729a1e2967486f,2018-02-22 23:33:58,2018-02-22 23:47:52,2018-03-12,0,valinhos,SP,89.99,9.44,1.0,1.0,250.0,22.0,10.0,18.0,3960.0
992d2942e83c306157957d54bf84fa18,8cd8dcd00b3204df8a1d464ae879c8c5,2017-07-17 16:14:02,2017-07-17 16:25:21,2017-08-21,1,maceio,AL,19.99,21.15,1.0,1.0,100.0,20.0,15.0,15.0,4500.0
ab1197da15cbff2ec70e2d58824ebaf9,ce5ffe8a8840252e27f3e8d915bb52ab,2017-09-04 20:42:09,2017-09-04 20:55:17,2017-09-22,0,sao paulo,SP,59.9,15.17,1.0,1.0,100.0,20.0,20.0,20.0,8000.0
22479f588dbf140ab4e8f3a6688c31b1,efe0b326802e3b2636f4b6b2a7466f15,2017-03-02 00:16:18,2017-03-02 01:02:17,2017-03-21,0,sao paulo,SP,89.9,9.62,1.0,1.0,625.0,35.0,21.0,21.0,15435.0
f825ff64b7a15cd4f3483fb00b6ad59c,1e1f25dd8d5d50c2c438163bfd204126,2017-09-30 23:59:15,2017-10-03 04:28:28,2017-10-26,0,itajuba,MG,109.0,16.39,1.0,1.0,2100.0,31.0,4.0,24.0,2976.0
e2d4589339629645d85a6c1a8215edab,c69c9c755315a1cc8e9982dbbf8ccb59,2017-10-23 11:49:48,2017-10-23 12:07:45,2017-11-14,0,novo cruzeiro,MG,27.99,15.1,1.0,1.0,150.0,17.0,4.0,12.0,816.0
11535aefe39f2fd8ee398d7564d50cb4,3d58b5a4896222884b74ea5074edc1b7,2017-06-12 11:47:43,2017-06-12 13:06:45,2017-07-03,0,montes claros,MG,39.9,12.48,1.0,1.0,200.0,25.0,5.0,15.0,1875.0
4208d8402138f772f9c189a1859e1f55,def8021341a1466f13686e05d39bc2c6,2017-09-22 17:01:34,2017-09-22 17:10:56,2017-10-18,0,maua,SP,59.9,13.44,1.0,1.0,800.0,20.0,7.0,20.0,2800.0
74dacb2dfb8eb52a7a5130854cb9d58e,404621e15e8d049652f4287d8757a1c6,2017-12-28 17:45:41,2017-12-28 18:30:48,2018-01-30,0,volta redonda,RJ,42.9,16.11,1.0,1.0,445.0,19.0,12.0,12.0,2736.0
4a8dd75d2cdd9cb708636e1aa5a1bb29,b13e22ce02ce3538542c89fa6d25ed79,2018-02-24 20:54:13,2018-02-24 21:28:11,2018-03-21,0,patos de minas,MG,179.9,21.75,1.0,1.0,3300.0,19.0,35.0,31.0,20615.0
b4c24344dd0972f479220d8479be6d34,8fdac518e736eec059a03fe727efd580,2017-02-02 09:23:41,2017-02-02 09:35:19,2017-03-01,0,campinas,SP,79.9,11.95,1.0,1.0,850.0,31.0,20.0,32.0,19840.0
b92777d39afa7f58503ecfdfaf255972,0d381842c7073a0180b7dd55a1bd49c1,2018-03-25 16:11:10,2018-03-25 16:27:42,2018-04-06,0,sao paulo,SP,22.99,7.39,1.0,1.0,100.0,19.0,4.0,11.0,836.0
b1adda8b2734d4a0bae4885a90722859,7fe022d44964a339398a981ce3026ea7,2018-01-21 23:34:21,2018-01-22 14:04:29,2018-02-19,0,nova serrana,MG,49.9,15.1,1.0,1.0,100.0,20.0,20.0,20.0,8000.0
d607cf247d8e19a82548c3a30cb2d173,1f286139afe2eb2040a68fee6e253eda,2017-09-13 20:23:41,2017-09-13 20:35:15,2017-09-25,0,campinas,SP,29.0,7.78,1.0,1.0,200.0,16.0,2.0,11.0,352.0
6ff5660ec1019c0a3c3f90871174467b,b63498f62744d6304da09ded0cab9677,2017-07-28 21:03:52,2017-07-28 21:15:21,2017-08-21,0,capinzal,SC,56.9,15.15,1.0,1.0,350.0,22.0,8.0,19.0,3344.0
d75e311ca4f168e93c59d95f49212320,ed8b86adb87947ef159d03a7b9268b66,2017-05-18 14:03:44,2017-05-18 14:15:12,2017-06-07,0,sao paulo,SP,56.99,13.42,1.0,1.0,2300.0,23.0,23.0,33.0,17457.0
e55d37ca80ab6c42708d1f5320ac3c7a,3dfb495ec8f6000b978490cba051c21d,2017-11-24 11:12:43,2017-11-24 13:15:58,2017-12-21,0,fortaleza,CE,159.9,19.66,1.0,1.0,500.0,23.0,8.0,15.0,2760.0
a48abf79f4b815add190fb96a34c058d,28d348bde67f80e5b6427e06648e0d59,2017-02-06 15:59:04,2017-02-06 16:10:20,2017-03-13,0,brasilia,DF,109.9,24.97,1.0,1.0,1100.0,24.0,18.0,18.0,7776.0
fac313dbb6add2eb12c5dc3cb6e6e807,c5ee29a7bd87f451fb68f5d6ee2d8cc6,2017-07-28 18:35:48,2017-07-28 18:50:18,2017-08-25,0,belo horizonte,MG,29.9,17.6,1.0,1.0,3450.0,27.0,29.0,27.0,21141.0
9a886ac42ca6eb5571fbdd1bdd8be02e,c7f920a7b4aed73af416b5fa6f5c5584,2017-04-15 23:53:50,2017-04-16 01:05:16,2017-05-08,0,campinas,SP,26.9,10.96,1.0,1.0,114.0,19.0,16.0,17.0,5168.0
4cca039d4d51fb8f0e1e302327c30de5,45d819fb81a17ea857d85c8a1fae74b4,2017-09-15 10:20:32,2017-09-19 03:37:14,2017-10-09,0,rio negro,PR,18.99,15.1,1.0,1.0,50.0,19.0,3.0,11.0,627.0
d080ae08baaaf19491c5b2d62cd02bf2,4ce8e60d4a40ea780f8db855b13eb589,2018-03-16 11:29:39,2018-03-16 11:49:14,2018-04-04,0,belo horizonte,MG,559.99,18.8,1.0,1.0,200.0,16.0,6.0,11.0,1056.0
123609d09763b3bd86c2046f54b391e6,b00f783912a7d0c7499f43d21afe63fb,2017-08-26 00:23:01,2017-08-26 00:35:25,2017-09-08,0,sao paulo,SP,43.0,16.25,1.0,1.0,14050.0,55.0,19.0,46.0,48070.0
9984214090d1d769bc272b874c88ce4a,40e9b17f9465867e5a6a6d6b6326437b,2017-03-27 09:29:30,2017-03-27 09:42:20,2017-04-20,0,carapicuiba,SP,34.9,11.74,1.0,1.0,700.0,50.0,11.0,40.0,22000.0
9cf7337281a128f4f29a2f476c733601,c606407eec8f9304dcd264811b9f0523,2017-12-13 21:00:47,2017-12-13 21:41:08,2018-01-17,0,joao pessoa,PB,69.2,47.01,1.0,1.0,1600.0,26.0,21.0,23.0,12558.0
a2ccba6b49ba609c283317d2754b4fa4,97976723d84afda08b4bfc980d17e2f7,2017-12-11 12:09:34,2017-12-11 12:17:25,2018-01-11,0,sao paulo,SP,179.8,17.51,1.0,1.0,2000.0,30.0,45.0,25.0,33750.0
90acf5654782a289ffd89f1759287595,c468f7532d2c5542841d9d75a254d8cb,2017-11-24 09:09:48,2017-11-24 10:12:24,2017-12-19,0,belo horizonte,MG,29.9,15.79,1.0,1.0,200.0,29.0,7.0,16.0,3248.0
590472757d28d7b3dc2440d99ad750fb,d5b02fce9c3b6d335a9cf3ce1163a8a4,2017-06-04 02:56:42,2017-06-04 03:05:12,2017-06-28,0,pouso alegre,MG,153.78,12.58,1.0,1.0,300.0,18.0,18.0,18.0,5832.0
e0f06a57d717562c49f91cd309be4598,52d594f502a5c3328e8ab6815bccee72,2018-01-27 18:04:23,2018-01-27 18:15:28,2018-02-22,0,goiania,GO,155.0,30.59,2.0,1.0,822.5,27.5,5.0,20.0,2750.0
780ad1f62e8addd660006ff0a20c1e57,b1774630aab83ae3db66c76544c62a6b,2017-08-18 18:13:06,2017-08-18 18:35:06,2017-09-15,0,presidente venceslau,SP,59.9,13.44,1.0,1.0,1550.0,30.0,22.0,30.0,19800.0
902ba37d10a1e1d02607e52ff3875b91,7365a02a72ecb505e9b2f199fabbdea8,2018-01-24 15:17:21,2018-01-24 15:57:54,2018-02-20,0,sao jose,SC,99.0,15.45,1.0,1.0,450.0,16.0,3.0,15.0,720.0
033bfdc56fab7dbb0a16e655b64b620d,139b2fa5344522313ccd1b544ec70ec9,2017-11-24 10:28:25,2017-11-24 11:51:42,2017-12-21,0,santa maria,RS,59.9,16.18,1.0,1.0,700.0,40.0,45.0,25.0,45000.0
265f4e28ef8cf69f8445e2951bbe7343,c572fd6cdd98e87ea2bc433b6da21078,2017-03-06 00:14:28,2017-03-06 00:33:11,2017-04-11,0,ariquemes,RO,39.9,24.84,1.0,1.0,800.0,30.0,10.0,30.0,9000.0
9858ff80b8f867c868a4c476eda9122b,cdd087251239c75444a11351151dfd21,2017-08-16 13:27:32,2017-08-16 14:10:18,2017-09-08,0,campos dos goytacazes,RJ,34.99,15.1,1.0,1.0,217.0,16.0,14.0,14.0,3136.0
24523db64c1af3f40f27cb4416fa5ea6,a6070315382f5f1e536be705f64ab209,2016-10-07 21:19:32,2016-10-07 21:32:41,2016-12-01,0,rio de janeiro,RJ,132.0,15.08,1.0,1.0,300.0,16.0,9.0,11.0,1584.0
34b630a20e82d7e009b8fd8347596cac,bf6c410fe2a50bb23239b57ee1fb8f26,2018-01-23 09:26:49,2018-01-25 02:38:12,2018-02-15,0,sao paulo,SP,124.99,14.62,1.0,1.0,375.0,29.0,14.0,20.0,8120.0
22d5102a394ed953c1d0de4a702a5f9c,6cde1d78f199f11a10ff3b1673a82cb9,2018-02-17 14:24:34,2018-02-17 14:35:29,2018-03-06,0,francisco morato,SP,169.9,8.44,1.0,1.0,300.0,16.0,11.0,11.0,1936.0
1f87ac3f856bae9e742538bc551bdf5b,2c32dba7a49f14ff6c477b91e8a7fb06,2017-10-27 12:38:18,2017-10-28 12:50:11,2017-11-13,0,sao paulo,SP,389.98,35.52,1.0,1.0,16167.0,64.0,62.0,25.0,99200.0
be09600d91e6bdef38c48814571143bf,190bec9db381391c8fb5d55583bfaf76,2018-02-04 19:29:46,2018-02-04 19:49:26,2018-03-02,0,contagem,MG,39.49,15.1,1.0,1.0,105.0,20.0,20.0,20.0,8000.0
04abf2d38859e6dfcfda69ed28a10aff,f784cd575bace953e1672518616df436,2018-03-23 00:22:35,2018-03-23 00:35:48,2018-04-20,0,primavera do leste,MT,25.0,23.28,1.0,1.0,5150.0,100.0,10.0,20.0,20000.0
c879d78c7ee446806b14557fbaff1b16,c79ff780f5fc0e20fd2ed4de186ef34c,2017-12-05 07:13:54,2017-12-05 10:51:50,2018-01-03,0,belo horizonte,MG,99.0,25.73,1.0,1.0,3850.0,52.0,7.0,55.0,20020.0
66bc92ed85c6ab828e10ff0cd1c5d026,3f6c3d9854506e3351e40a91f8b85b7d,2017-04-14 19:35:35,2017-04-14 19:45:13,2017-05-19,0,caxias do sul,RS,85.99,16.3,1.0,1.0,3050.0,30.0,30.0,30.0,27000.0
914b9f8c467264d57ba0df4ee274dd0e,cc5eb0cc159057a89bf808454eab21ca,2018-01-29 09:34:13,2018-01-31 13:32:25,2018-02-14,0,sao bernardo do campo,SP,136.3,9.77,1.0,1.0,1050.0,16.0,8.0,90.0,11520.0
5cdfbcdf87a3a8989d40dd920c8812a1,83b9b5e6f52a2d64c80056b2a8ae0789,2018-03-14 13:51:42,2018-03-15 13:49:31,2018-04-03,0,brasilia,DF,122.99,15.74,1.0,1.0,400.0,20.0,12.0,15.0,3600.0
60649d0d9e4157baeb059b34cf7d9b42,60a108918a0ccf4076b95c0614d27870,2018-02-07 09:27:34,2018-02-07 09:36:09,2018-03-06,0,belo horizonte,MG,129.9,15.66,1.0,1.0,350.0,16.0,10.0,20.0,3200.0
ad430bc59db52b1f7522b6f19e669bc6,eed07583336a218b34ffa4773126a86b,2017-03-05 19:39:34,2017-03-05 19:50:09,2017-03-27,0,rio de janeiro,RJ,189.9,16.54,1.0,1.0,800.0,21.0,8.0,14.0,2352.0
9b4115e477837d876755fb7982d10be6,eb99eaaa3f61bd19664639eaf9be9c7a,2017-11-30 16:11:39,2017-11-30 16:18:21,2017-12-28,0,curitiba,PR,59.0,17.66,1.0,1.0,1650.0,30.0,22.0,30.0,19800.0
fcf50b257e3e35c31244d4d78b760c44,f5e5fe72f9d970fc90546f2054e92c85,2018-03-07 09:44:27,2018-03-07 10:20:28,2018-04-02,0,maringa,PR,809.91,32.4,1.0,1.0,1300.0,16.0,16.0,40.0,10240.0
0fbebd49386dfce3800986434bc990c8,a61a8a7ac65e21e8b19eb23204cd9a42,2017-04-21 16:28:11,2017-04-25 07:55:51,2017-05-29,0,foz do iguacu,PR,249.89,53.3,1.0,1.0,16167.0,64.0,62.0,25.0,99200.0
89c0fa1e0faaf0980311b9a1fbd5bb4e,228e2652b503dfbd248e6a13a30447e7,2017-12-26 11:54:41,2017-12-27 04:14:46,2018-01-23,0,petropolis,RJ,69.9,16.25,1.0,1.0,475.0,18.0,3.0,11.0,594.0
d3f309d85c6d6cbd2a1775f23a5ce401,ec6a5b8c7710f3a29f879151cb3338b1,2018-02-24 08:58:07,2018-02-24 09:07:55,2018-03-21,0,almenara,MG,29.9,16.11,1.0,1.0,900.0,45.0,20.0,25.0,22500.0
76754c0e642c8f99a8c3fcb8a14ac700,f6c39f83de772dd502809cee2fee4c41,2017-10-26 09:31:45,2017-10-26 09:49:20,2017-11-22,0,ibirite,MG,1437.0,34.51,1.0,1.0,2750.0,16.0,31.0,39.0,19344.0
d66cd5f088e61b54931e6a5fd6b53198,7a0f062f324124b39f475b05b9c77177,2018-01-12 17:09:20,2018-01-12 17:30:17,2018-02-02,0,dracena,SP,249.5,66.85,1.0,1.0,1650.0,30.0,22.0,30.0,19800.0
e5f9a6228c6f504115c5a514b109aaaf,8fae727bbd9f7466b0d7169b4d5137ec,2018-02-07 15:01:58,2018-02-07 15:15:37,2018-03-06,1,santos,SP,125.0,16.5,1.0,1.0,1300.0,22.0,27.0,22.0,13068.0
5aa65b67d199200514ab0d0a701199d2,b759d83c744ff08274fb4f1e1f9362db,2017-11-25 16:32:14,2017-11-27 10:58:25,2017-12-21,1,mara rosa,GO,84.0,15.34,1.0,1.0,200.0,16.0,2.0,11.0,352.0
c8da1e97d81e786470cac73c845ff45f,7700917fd68e46178da25cb3bde42684,2017-10-15 17:36:02,2017-10-15 18:14:25,2017-11-07,0,cabo frio,RJ,95.03,17.92,1.0,1.0,1500.0,39.0,12.0,25.0,11700.0
279eab1ce88064419806859e4575a10e,dda1c4364d7687bcc98ca8984550b081,2017-04-17 07:42:23,2017-04-18 03:51:12,2017-05-10,1,jundiai,SP,12.98,14.52,1.0,1.0,2300.0,23.0,11.0,11.0,2783.0
3d07c92da0c50282dac7ad3bcf564679,a074fea93d83172d9a71ffca68feea12,2017-08-17 01:47:44,2017-08-19 02:26:26,2017-09-15,0,blumenau,SC,14.0,15.1,1.0,1.0,350.0,50.0,5.0,35.0,8750.0
0c51264bdcbe5893081232bba640dba0,db2bde8c137c06bd2b2f616b27414304,2017-09-09 13:58:18,2017-09-09 14:10:13,2017-10-03,0,juruaia,MG,78.0,16.31,1.0,1.0,1350.0,30.0,20.0,20.0,12000.0
3e5d60bbe5a6016db3afe77e64b4ea16,46ec73876cebebf34f06e8e1d4c3cb4b,2017-12-04 22:14:17,2017-12-05 10:30:47,2017-12-27,0,sao paulo,SP,10.9,11.85,1.0,1.0,150.0,21.0,34.0,34.0,24276.0
9c40b23a90b1b14a52a437c385fdd2f5,1a221d573dcd10a28057c85e2929287d,2017-12-04 23:45:51,2017-12-05 09:42:58,2018-01-05,0,cachoeirinha,RS,109.9,14.52,1.0,1.0,147.0,14.0,10.0,12.0,1680.0
4b30471e79d2d257fa289b154967b203,fecd194256ab742769c2e9ab4cf961e7,2017-08-11 16:31:00,2017-08-11 16:45:15,2017-09-13,0,salvador,BA,46.55,18.59,1.0,1.0,1100.0,28.0,3.0,21.0,1764.0
bf0f27a41317f65675192fae23e02a26,d540d60fe6d15e39c0e5e4a0467de4fc,2018-04-12 22:20:53,2018-04-12 22:35:14,2018-05-18,0,rio de janeiro,RJ,26.5,16.32,1.0,1.0,1150.0,16.0,6.0,11.0,1056.0
e1b1ed7246d40a12bdb135bcae8956cc,404a4ef274e8c7022d5488ff39bcb90d,2017-04-30 09:08:12,2017-04-30 09:15:17,2017-05-23,0,praia grande,SP,190.0,16.44,1.0,1.0,2350.0,62.0,10.0,22.0,13640.0
bf9b9000c617c6eb39e6666c98f7493d,7ea1796cd1883cc423df9b9a5483db94,2018-03-31 18:49:05,2018-04-03 05:15:28,2018-04-18,1,sao paulo,SP,119.9,13.28,1.0,1.0,1500.0,60.0,10.0,40.0,24000.0
417575a363d3c393c6dcfcbbd67890e8,6f08afe6208e54d048a3fc50e512ac7a,2017-08-26 15:59:53,2017-08-26 16:10:20,2017-09-19,0,piuma,ES,91.8,30.2,1.0,1.0,150.0,16.0,16.0,11.0,2816.0
69f645b07a409fb02369b4f665295d7f,2db50dfe7ae7fcd6f6c1be67f24704cd,2018-04-11 14:15:32,2018-04-11 14:32:20,2018-05-02,0,laranjeiras do sul,PR,109.9,15.62,1.0,1.0,5700.0,60.0,20.0,50.0,60000.0
4493ce8729200aed0eca9d3ae8bcc57c,fdb7c8642c7871242f295fde2b25bad6,2017-02-02 10:43:43,2017-02-02 10:50:18,2017-03-13,0,monte alto,SP,,,,,,,,,
5fb2e82d4258afcb90c79e2e6f0ac185,db0ce16f1da5ed3902c23e6ab85b4c75,2017-03-30 11:41:08,2017-03-30 11:50:11,2017-04-26,0,guaiba,RS,171.0,16.9,1.0,1.0,250.0,18.0,12.0,15.0,3240.0
252aabc5aca2bc51672fb4ded077dcd7,5974a7436459910a0a91a5e6cdd9c6bd,2017-12-14 00:06:50,2017-12-14 00:17:38,2018-01-26,1,porto alegre,RS,45.9,16.11,1.0,1.0,600.0,30.0,3.0,20.0,1800.0
67b5c82e01dc9ea4d82fbd3d51e41bae,8706792f42471bcdcea286b14842b5df,2018-02-05 19:14:46,2018-02-05 19:30:53,2018-03-16,1,buritama,SP,192.99,34.62,1.0,1.0,16133.0,63.0,59.0,25.0,92925.0
ecfc1ad7d40898a7862c0791430bf513,a0805912e4e6da6aa3419ac83ef9ba57,2017-11-13 17:12:35,2017-11-13 17:27:05,2017-12-06,0,oliveira,MG,16.9,15.1,1.0,1.0,300.0,17.0,7.0,12.0,1428.0
c33847415203d145000463a6976952b6,453319763d53187bead0d2aa6575ef15,2017-09-14 13:18:21,2017-09-14 13:30:22,2017-10-13,0,caxias do sul,RS,399.6,71.8,4.0,1.0,1300.0,44.75,3.75,34.75,5831.484375
1ce397b1df28355ed4f928b2b322db98,40ddde594ee634dc7553a1db8c39275e,2017-03-20 10:44:52,2017-03-20 10:44:52,2017-04-06,0,monte alto,SP,116.0,11.42,1.0,1.0,138.0,12.0,9.0,18.0,1944.0
9f87f15dfa076198ed479efbb1036dc5,be28c5ef762b3f4d0ec8280a1d6d0eb7,2017-12-19 19:50:18,2017-12-19 20:51:25,2018-01-12,0,coronel macedo,SP,69.0,11.98,1.0,1.0,350.0,16.0,2.0,20.0,640.0
a56f9a0588c3c7aaaa93f193bd7c7cd3,7942ca8baa666af529e54d8cf200d57b,2018-03-15 12:40:16,2018-03-16 03:50:08,2018-04-04,0,belo horizonte,MG,105.0,48.96,1.0,1.0,650.0,20.0,35.0,20.0,14000.0
9571cb862acb9ac518c76590d0fd79bf,8b0d13b08d69c3277aca22a774eb8f45,2018-01-21 21:09:56,2018-01-22 14:00:23,2018-02-26,0,itaborai,RJ,219.0,16.28,1.0,1.0,480.0,18.0,11.0,14.0,2772.0
6103ae4e3648137cdabab734faf4c19e,147ea8ab00e6417a666c1b9921b64be4,2017-09-27 00:26:45,2017-09-27 00:56:14,2017-10-31,0,marau,RS,15.9,15.1,1.0,1.0,150.0,18.0,6.0,11.0,1188.0
b83450671810452724ca09dc5f0c6760,40751c6f0779cbe4f55f46594eddfed2,2017-11-11 19:12:11,2017-11-11 19:30:50,2017-12-05,0,belo horizonte,MG,649.9,21.8,1.0,1.0,1550.0,20.0,50.0,20.0,20000.0
4e658409c66959a88af17ef4048b9997,6bae34986755042de9949766923fcfd9,2017-08-24 11:34:24,2017-08-24 11:45:24,2017-09-20,0,sao goncalo,RJ,54.9,17.95,1.0,1.0,850.0,18.0,21.0,15.0,5670.0
2d48e0823cd1b60fcd0653613d712e27,0a0cb67a965b9c7e35f5595053b79bd3,2017-12-01 14:16:47,2017-12-01 14:39:00,2017-12-19,0,sao paulo,SP,69.9,8.72,1.0,1.0,500.0,20.0,20.0,15.0,6000.0
5de467fc62321ccf52146c24a059da7b,018c66db66454034193517ab79423f70,2017-07-15 13:49:34,2017-07-15 14:02:55,2017-07-28,0,sorocaba,SP,52.9,9.27,1.0,1.0,350.0,22.0,8.0,19.0,3344.0
84fea092818c45e87513a303e49893ea,7718ccff59ef9aabd38d81d5f14e23ab,2017-04-27 11:58:01,2017-04-27 13:05:21,2017-06-07,0,santo antonio de jesus,BA,79.99,21.01,1.0,1.0,350.0,36.0,6.0,22.0,4752.0
d766e3aae9fe7c4abb652d767d0811d6,c95f04df0950db371171123b5675448a,2017-04-18 12:24:29,2017-04-18 12:35:25,2017-05-25,0,uruara,PA,157.9,30.04,1.0,1.0,1650.0,36.0,37.0,16.0,21312.0
4381a33db9b7771fc9ace541e507972e,19b8609422fb5136ea6a734a121c3eeb,2017-11-08 14:22:40,2017-11-08 14:36:01,2017-12-05,0,serra,ES,49.99,17.63,1.0,1.0,150.0,16.0,16.0,16.0,4096.0
d8e2d2a26010eb732a91d8b6952e2c9e,9a516f56e5f6f198350066cc99339bb0,2018-01-11 12:20:07,2018-01-12 02:35:45,2018-02-07,0,maceio,AL,69.9,29.9,1.0,1.0,2600.0,50.0,10.0,30.0,15000.0
8c759a2fd3a1de7793ba07dcd96abe4e,d3a8cc265821db8dcbc9fc1c6cc30ca2,2017-07-28 12:10:15,2017-07-28 12:23:23,2017-08-23,0,brasilia,DF,56.9,15.15,1.0,1.0,350.0,22.0,8.0,19.0,3344.0
134383561b50fa8eca9c19b2c792d74c,adb0a60bfe536590838a68ebcabe33ac,2018-02-22 14:21:59,2018-02-22 14:35:24,2018-03-19,1,rio de janeiro,RJ,145.0,15.76,1.0,1.0,444.0,20.0,14.0,16.0,4480.0
30633a14243612a15ee813ff2d6814d2,400454b87af26cd25c67f15a9e9657cd,2017-11-03 15:10:40,2017-11-04 06:46:38,2017-11-16,0,sao vicente,SP,89.9,11.83,1.0,1.0,750.0,30.0,30.0,11.0,9900.0
ab4f963cf3f826eda5b1b000a7af4de8,809dbfcce6167970c4839cebda798ce5,2018-03-12 08:36:50,2018-03-12 09:20:30,2018-03-27,0,guarulhos,SP,124.43,8.64,1.0,1.0,1834.0,32.0,26.0,35.0,29120.0
42560dfc8d7863a190293678f01f6bbd,0f3a81be69f12da7e2979fd1833e923d,2017-10-22 01:39:47,2017-10-22 01:49:12,2017-11-06,0,sao paulo,SP,29.8,15.56,1.0,1.0,200.0,37.0,3.0,11.0,1221.0
5d1dea256331e5dfde86029097cc203c,0733254820b3e1198c31e190f4f2c67e,2017-12-13 17:21:27,2017-12-13 18:31:54,2018-01-11,0,brasilia,DF,129.9,18.16,1.0,1.0,1550.0,68.0,9.0,43.0,26316.0
8277c9870ca20fd07d7d1a77992dc20d,7a39cda163dbcda9f639cc2902adc6d0,2017-11-30 10:34:35,2017-12-02 10:32:29,2017-12-26,0,pinhais,PR,140.5,23.3,1.0,1.0,7150.0,65.0,10.0,65.0,42250.0
28e69219369607a9fc2403113041677c,ac4e47076dd4ea31cfd3782f763461a6,2017-09-23 09:42:12,2017-09-23 14:30:11,2017-10-25,0,mutum,MG,796.0,51.32,1.0,1.0,2650.0,30.0,30.0,20.0,18000.0
b3ea3f6381d1b6d2683698960134fe13,fbb6b1c7deb81cb55bd3c0ccf3414912,2017-07-28 15:38:34,2017-07-29 02:23:49,2017-08-22,0,blumenau,SC,76.8,30.2,1.0,1.0,650.0,20.0,35.0,20.0,14000.0
6260a1de134b2ed0e97c3763b0c28aee,b7195944c3ced9b70bb7476dee99984a,2017-05-16 20:09:16,2017-05-16 20:21:59,2017-06-22,0,rio de janeiro,RJ,99.99,14.45,1.0,1.0,1200.0,20.0,15.0,25.0,7500.0
10010d54b0ddcd2c4ef9076ac5b16e2c,2f4f35d3e9256161a7ccd6f561707b69,2017-12-07 01:05:38,2017-12-07 01:15:26,2017-12-26,0,santo andre,SP,49.0,7.78,1.0,1.0,250.0,16.0,2.0,11.0,352.0
0a7cf771945fa809fa47399a1ba0eeaa,5da862c892972d042f5dfda14f1d6c98,2017-02-23 23:06:40,2017-02-23 23:15:18,2017-03-27,0,afonso claudio,ES,64.99,16.15,1.0,1.0,350.0,25.0,15.0,15.0,5625.0
8cf18ab59e81ce7230e9bdb5a49d4c72,f7d31256e469e23436ff58bd91018dc5,2017-08-15 22:56:06,2017-08-17 00:31:26,2017-09-12,0,imbituba,SC,23.99,15.1,1.0,1.0,100.0,20.0,15.0,15.0,4500.0
71bcd4c93050ae4b9814ed49894c2a8d,1ab8b0ccd36ea396e05cb069c66342d6,2017-10-10 21:34:56,2017-10-11 20:35:23,2017-11-03,0,belo horizonte,MG,79.27,16.99,1.0,1.0,700.0,24.0,15.0,23.0,8280.0
9345ea7f31e39f37b596a47f3a1ea203,1e292a1892337d76520a685fa78c3280,2017-12-27 22:43:15,2017-12-29 02:09:49,2018-03-12,0,japura,PR,39.9,17.92,1.0,1.0,800.0,50.0,16.0,44.0,35200.0
e18cc7fc5eb938dd26feb68acbf88642,78c752c3702250b9e50dada2aeb037cb,2018-01-04 23:09:53,2018-01-04 23:28:23,2018-02-05,0,rio de janeiro,RJ,249.9,69.21,1.0,1.0,5650.0,73.0,73.0,20.0,106580.0
367733070da9a9f5f70e9a9cceb99ea3,a5d3e93a8713730e3228a6cb80a983ef,2017-05-17 02:00:05,2017-05-17 02:15:16,2017-05-30,0,sao paulo,SP,5.9,7.78,1.0,1.0,200.0,16.0,2.0,11.0,352.0
3765a79496712d9bb7eea316cc9ff2c9,756f996447639ab93df564474cd24124,2017-08-14 15:36:18,2017-08-14 15:50:20,2017-09-15,0,barreiras,BA,360.0,56.96,1.0,1.0,13300.0,45.0,35.0,45.0,70875.0
c01a11381559251411c136d6a8b1ee48,210b08387f3c6ad661e503e31e713a72,2017-05-08 17:24:01,2017-05-08 17:35:10,2017-06-07,0,jaupaci,GO,89.9,15.38,1.0,1.0,1383.0,50.0,10.0,40.0,20000.0
53983db8677eb702d142238b8a1e8ebb,ea462ac018be4dcdfcf916373a1979df,2017-08-27 13:51:51,2017-08-27 14:04:39,2017-09-21,0,porto alegre,RS,119.8,32.36,1.0,1.0,1400.0,65.0,12.0,12.0,9360.0
a32f136cacf2a9b45eaeb507057b33f2,c8a0b7a3747bdf0764e839a4d1ec1d20,2017-10-01 23:11:18,2017-10-01 23:29:43,2017-11-01,0,santo andre,SP,99.0,16.94,1.0,1.0,1600.0,100.0,7.0,11.0,7700.0
175dce49b5ee048156291ea4dadd9f57,9f4a2688ad743c4ea190c4c4dba104e8,2017-03-02 09:43:10,2017-03-03 02:15:49,2017-03-22,0,casa branca,SP,15.9,11.74,1.0,1.0,400.0,16.0,12.0,17.0,3264.0
64cad05fe3f34277719621c70f416ad2,3576d9f3793f6dbfd0d915eb446d31c5,2017-01-26 16:20:32,2017-01-26 16:35:24,2017-03-06,0,uberlandia,MG,239.9,77.47,1.0,1.0,27800.0,40.0,50.0,70.0,140000.0
0a9de604052383d06ffc7a3390c727cc,03d3a988c4d392b88975238160a947f0,2017-08-02 22:53:35,2017-08-02 23:05:13,2017-09-04,0,sao gabriel,RS,59.9,17.67,1.0,1.0,1850.0,37.0,22.0,40.0,32560.0
66030147ffa4f133089e5b7578977ac7,4f31f3e86acb37ec0ae7101e01917335,2017-11-04 11:52:53,2017-11-04 12:10:29,2017-12-05,0,barra do bugres,MT,80.0,28.96,1.0,1.0,1500.0,20.0,30.0,30.0,18000.0
27932651c2f4be4f8c84d53c8f27ee8c,828e90e7e1e22b6152b6b1c07ae4e518,2017-06-05 10:05:05,2017-06-05 10:15:23,2017-07-06,0,goiania,GO,112.0,21.58,1.0,1.0,8875.0,40.0,14.0,43.0,24080.0
bd83663c5988e9ca4ca46398be4678b4,5811b9da44294be51b789311b0a3347b,2018-02-28 19:25:05,2018-03-01 17:35:25,2018-03-22,0,brasilia,DF,269.45,16.64,1.0,1.0,2638.0,23.0,25.0,22.0,12650.0
ee001aa82afcebbc4d2cdc1214cf276b,ff867639e5f7ca1f857b05dd3aaac021,2017-12-07 14:11:04,2017-12-07 15:29:30,2017-12-26,0,osasco,SP,12.9,7.78,1.0,1.0,175.0,22.0,13.0,17.0,4862.0
d813035bf048e38cbc188dec25b228c9,7c60c84731b8e58a42689eaab73eda48,2017-11-25 00:04:49,2017-11-25 03:10:47,2017-12-18,1,rio de janeiro,RJ,29.9,15.1,1.0,1.0,250.0,16.0,5.0,15.0,1200.0
5261141ee2f17f6a0dcb5f7aab6acaec,ec47e17cccb7d09149ab2628270be3ee,2017-09-06 12:34:47,2017-09-07 02:44:01,2017-09-27,0,osasco,SP,118.9,14.56,1.0,1.0,1400.0,42.0,12.0,11.0,5544.0
e3bd7dc2201f2a5a9a0f68bc33f92f35,0493e61ff10b220ec4799578e4cb7e96,2018-03-02 09:11:23,2018-03-03 09:10:21,2018-04-03,1,belo horizonte,MG,97.0,18.92,1.0,1.0,1550.0,25.0,20.0,15.0,7500.0
c815d1d87223385853b773269bf3410e,6e6e5580d0964735e8d947787a009ab5,2018-03-24 22:24:35,2018-03-25 11:47:39,2018-04-23,0,inhumas,GO,98.9,52.82,1.0,1.0,900.0,18.0,16.0,15.0,4320.0
ebdce44e563c1a59677857998ca312c0,610d46baa16bdd3d06be944f569b4df9,2018-03-11 16:36:42,2018-03-13 04:30:39,2018-03-28,0,ribeirao preto,SP,89.9,13.07,1.0,1.0,147.0,14.0,10.0,12.0,1680.0
d307290675e59c844ebde65696377750,8f921c03841a893f7102c58d54d431a9,2017-04-28 18:25:16,2017-04-29 06:35:39,2017-06-06,0,jacobina,BA,399.9,25.35,1.0,1.0,2500.0,30.0,28.0,30.0,25200.0
b5645b72f0e1b78b622c8a6a4cc06371,d849f901a7b414b1c55da5052501f168,2017-11-26 21:22:10,2017-11-26 21:33:17,2017-12-19,1,barra mansa,RJ,110.0,15.52,1.0,1.0,2150.0,16.0,10.0,16.0,2560.0
b9bf3ca35663e0a6418676757f04ada9,95c149336929694fcd5da2490558f63d,2017-09-24 15:40:19,2017-09-26 03:56:22,2017-10-17,0,sao paulo,SP,89.8,24.94,1.0,1.0,4267.0,46.0,39.0,22.0,39468.0
d2029f1813972cb83dd49c3c27fcd304,abf6ab643b15647ff39d48cb4bfb1019,2018-02-28 16:44:48,2018-02-28 17:21:19,2018-03-19,0,rio de janeiro,RJ,1200.0,22.15,1.0,1.0,263.0,18.0,15.0,16.0,4320.0
f3edeb6abd99f61bd94454f9e7687b67,0229d7450ba7ceb9aee1e3fcc74f7dee,2017-05-04 19:27:18,2017-05-04 19:35:22,2017-05-25,0,araraquara,SP,269.9,13.28,1.0,1.0,1200.0,28.0,8.0,18.0,4032.0
6a6f6e316fbfc5524414489d06c8533c,9207f1d43091730646697eb497a6819e,2017-11-25 00:20:41,2017-11-25 03:11:50,2017-12-28,0,crateus,CE,209.9,26.75,1.0,1.0,300.0,16.0,11.0,11.0,1936.0
a10a8370fcfb9246aea821e3a4778863,48e6b0bcf07e875ac11d750a5ca6db37,2018-03-08 21:32:47,2018-03-09 21:28:36,2018-03-22,0,suzano,SP,89.99,8.98,1.0,1.0,250.0,22.0,10.0,18.0,3960.0
df3d38bb02fc5e5bc7eb264985ca97b1,555775a9601baea5bd2e64b3a403d483,2018-03-07 07:56:12,2018-03-07 08:09:09,2018-03-27,0,sete lagoas,MG,43.9,15.23,1.0,1.0,515.0,39.0,11.0,25.0,10725.0
ae40d2ac0cd2d22399f561044c426e8a,b1d6310718897903e079bd76b7035d86,2017-08-23 18:38:22,2017-08-23 18:45:34,2017-09-13,0,taubate,SP,55.0,11.89,1.0,1.0,200.0,16.0,2.0,11.0,352.0
e484f4c3e8793e447052654990533c23,f35e64c823f62d46b6a6cab2d26f0a36,2017-09-09 12:29:54,2017-09-12 04:45:14,2017-10-06,0,marilia,SP,259.9,18.26,1.0,1.0,175.0,19.0,14.0,16.0,4256.0
feefeb75fc11328c8bd36a9e6a691cad,b7fcefc029ee36a5d424ce99e18647d9,2018-03-21 17:17:47,2018-03-21 18:09:29,2018-04-23,0,rio de janeiro,RJ,129.9,16.88,1.0,1.0,200.0,25.0,15.0,20.0,7500.0
e7a9fabed044b8b1a75e6b95dba9bd92,7e8a4fb5e9f3744859b69444b3d703d3,2017-06-11 23:15:23,2017-06-11 23:30:17,2017-07-03,1,santos dumont,MG,129.99,23.71,1.0,1.0,8950.0,40.0,30.0,40.0,48000.0
7d1195a1ae8175a0713fbeeedb018fca,6b4614b2b4a56af6749e512f9ca12941,2017-06-30 12:09:51,2017-06-30 12:23:33,2017-07-24,0,rio de janeiro,RJ,8.99,15.1,1.0,1.0,500.0,30.0,7.0,25.0,5250.0
2e964efb3431da146c9fd849e39eb86c,5b1ea921958e57b323d3bcbd9bd6ed7c,2017-12-03 17:21:20,2017-12-03 17:34:29,2018-01-08,0,caxias do sul,RS,75.0,21.02,1.0,1.0,2600.0,50.0,10.0,30.0,15000.0
7439e4bd093c2c4b6d428c40e9b50c30,57d2e8cac21d839292ba374f50f07e58,2018-01-27 11:46:24,2018-01-27 11:56:46,2018-02-20,0,rio de janeiro,RJ,54.9,16.63,1.0,1.0,1700.0,50.0,10.0,40.0,20000.0
5ade2c3932a0c4836b4eb4e16f4373db,9e44cac7574c95db25b2982fb26afd43,2017-02-20 18:50:57,2017-02-22 03:15:41,2017-03-21,0,sao goncalo,RJ,76.9,20.62,1.0,1.0,2550.0,30.0,10.0,22.0,6600.0
cfcab3d63fc144cd189d0af6e9213053,3906fa15ec054091d71e1ab2d6fdb3ee,2018-02-04 17:12:31,2018-02-04 17:29:36,2018-02-22,0,sao paulo,SP,79.99,8.75,1.0,1.0,350.0,36.0,6.0,22.0,4752.0
fedff8c18cd833ff96c2fb39874fb591,784858ab2fe13a7dbbb230885e0a6ad4,2017-03-04 15:03:13,2017-03-04 15:15:12,2017-03-27,0,campos dos goytacazes,RJ,490.0,23.51,1.0,1.0,2900.0,21.0,10.0,26.0,5460.0
1eab1ffa9531378ef38084bc19f595c6,e6bef37b9fafe1f72e911f102bbca3f4,2017-12-19 11:04:24,2017-12-19 11:14:24,2018-01-12,0,rio de janeiro,RJ,75.0,20.02,1.0,1.0,1950.0,96.0,5.0,45.0,21600.0
fbc3d892b4dad0fee10db683ae33ec25,cfd94b7371d772037e785dc4dc6d0b41,2018-04-01 19:17:43,2018-04-01 20:08:26,2018-04-24,0,cezarina,GO,13.49,18.23,1.0,1.0,100.0,16.0,10.0,11.0,1760.0
29449197055445f2fc9d9f08777b676d,8d5835c2acf4c6a7e16dc7f1ae375229,2018-01-20 07:56:02,2018-01-20 09:15:52,2018-02-15,0,petropolis,RJ,239.8,180.14,1.0,1.0,22050.0,55.0,40.0,60.0,132000.0
a01ca80edfd6ef1c7acefbef55ac7031,ec36973ada72d7c55461ad8f996586d7,2018-02-13 12:30:17,2018-02-13 13:30:29,2018-03-01,0,campinas,SP,59.99,9.34,1.0,1.0,2240.0,76.0,10.0,14.0,10640.0
4f20f374acaa47920134df2f634691da,18dbb42d3322bd536fae68ae41640e0e,2018-01-08 16:03:45,2018-01-08 16:12:27,2018-02-05,0,sao paulo,SP,97.9,20.0,1.0,1.0,1250.0,26.0,10.0,18.0,4680.0
9bc65ad3f5f3bf9731bb7c9d73ac3756,ae71b6eabceb10fc65bd4c7edb0b24a1,2018-01-03 11:17:39,2018-01-03 11:28:25,2018-01-26,0,itu,SP,79.0,13.57,1.0,1.0,1150.0,23.0,30.0,23.0,15870.0
5f4f0369b32151df633e5054d6f4a3fd,ed3e6a4bc34efc2ba21fd9a1fc6048f9,2018-01-24 11:31:35,2018-01-24 15:16:14,2018-02-16,0,praia grande,SP,213.9,13.0,1.0,1.0,263.0,17.0,12.0,13.0,2652.0
f5b582be9c6e306e36009285ca71038b,d1ef0a39a9f8e5015b05e2501b8006c2,2017-11-24 00:30:14,2017-11-24 01:10:17,2017-12-18,0,araxa,MG,49.0,17.67,1.0,1.0,1500.0,30.0,22.0,30.0,19800.0
3eeb4f7586da186783c7820e81bf90ac,49c9dbcc5c5326a91545d815205828d9,2018-01-12 16:51:23,2018-01-16 03:51:07,2018-02-05,0,sao paulo,SP,93.97,14.41,1.0,1.0,1600.0,16.0,50.0,40.0,32000.0
f3ae56eac64675deaceadab284172cb6,068d6956b4f2f9a39cfb807516f55ecb,2017-11-24 10:35:46,2017-11-24 11:57:29,2017-12-08,0,rio de janeiro,RJ,108.0,9.77,1.0,1.0,1000.0,53.0,8.0,18.0,7632.0
43bffe408178fd5389e8ab84d5dc42d9,a2f803ba61b9ef40e42612271462e903,2018-01-15 18:07:10,2018-01-15 18:17:25,2018-02-14,0,fraiburgo,SC,59.9,15.17,1.0,1.0,200.0,21.0,6.0,13.0,1638.0
f37110e24979533292f678ff6decd468,be6ebc8e1b9d59877654e5e4493976a3,2018-01-07 16:12:14,2018-01-07 16:24:24,2018-02-08,0,jundiai,SP,240.0,25.94,1.0,1.0,150.0,19.0,10.0,15.0,2850.0
aa600269bffea363cca75ad2d1908903,f89539977cb5c6e5d6ba2e662ed6496e,2018-01-14 17:46:11,2018-01-16 03:38:42,2018-02-19,0,mirassol d'oeste,MT,69.9,23.36,1.0,1.0,2600.0,50.0,10.0,30.0,15000.0
a95624561ff5062159952d1631e5b622,c54441883076342cdd91c5f17ea64ee5,2017-06-20 13:13:30,2017-06-20 13:25:24,2017-07-03,0,sao paulo,SP,59.9,11.73,1.0,1.0,7000.0,26.0,47.0,27.0,32994.0
fce62b229aadb876d9be47556c0694ed,bea0b054bee4fb73d7696824ab10084c,2017-10-21 09:09:48,2017-10-24 03:35:22,2017-11-13,0,sao paulo,SP,1479.98,55.0,1.0,1.0,11700.0,50.0,21.0,50.0,52500.0
67c8fda9d347535e923f93614f2b44e0,ec0c08af5c172f4e494932f5c75e4458,2017-11-25 02:11:32,2017-11-28 03:18:25,2017-12-15,0,taubate,SP,16.0,12.69,1.0,1.0,475.0,17.0,18.0,16.0,4896.0
cc6b24184c966c627e754fcdc80e9e53,66c1df9a7da92f26904500c8159545c4,2017-12-25 14:32:24,2017-12-25 14:49:25,2018-01-15,0,santo andre,SP,55.49,9.94,1.0,1.0,850.0,22.0,17.0,17.0,6358.0
3dfbb4a1925fb940c975dc4c5855a7d2,ae8db3ad1465ebe372f722f5d3dd5739,2017-10-25 14:35:46,2017-10-25 15:15:05,2017-11-14,0,sao paulo,SP,49.0,15.11,1.0,1.0,450.0,42.0,10.0,25.0,10500.0
1d2985e523eaab9f73fa2a2e820a6b12,4d3f111a7518b43408f6cf2d1e3979fd,2017-11-23 22:53:23,2017-11-25 22:53:55,2017-12-19,1,palmeiras de goias,GO,109.9,15.52,1.0,1.0,1900.0,45.0,15.0,35.0,23625.0
6b13656ef58757ab087064a5a263441d,9f330d42596f0b57e974509bac9c17da,2017-05-18 12:13:20,2017-05-19 02:15:22,2017-06-08,0,piracicaba,SP,335.9,14.69,1.0,1.0,867.0,30.0,17.0,21.0,10710.0
b10b53f757455227e8b972cb1faba733,da7ad15b4e8b7a4c99e41ce7a4a0a1d3,2017-08-15 20:44:01,2017-08-17 02:50:22,2017-09-19,0,marituba,PA,10.8,25.63,1.0,1.0,300.0,18.0,8.0,13.0,1872.0
9644729cf104f7870436481d24456834,4db36b53a65b2205be83987ad42f2e54,2017-08-25 16:40:54,2017-08-25 16:50:11,2017-09-08,0,mogi das cruzes,SP,24.99,7.78,1.0,1.0,150.0,18.0,4.0,11.0,792.0
dc75b1010fd4556e765a7a5bd7d2acb1,1779d71add5370bdb54259a813133543,2018-04-06 21:24:06,2018-04-06 21:35:15,2018-04-25,0,birigui,SP,320.0,44.1,1.0,1.0,15800.0,60.0,105.0,15.0,94500.0
dd9943ad7ea7581875ddc0f452c13545,7bdbc8d4be2b08e6aa4cea6662c4a3a4,2017-03-19 08:28:10,2017-03-19 08:28:10,2017-04-10,0,rio de janeiro,RJ,45.0,14.11,1.0,1.0,200.0,16.0,16.0,16.0,4096.0
a0155cdb8a6185bec753ace7d2a7453a,77d7671f7d3cf078a7425fc3e3890b86,2018-01-06 11:34:28,2018-01-06 11:47:53,2018-01-24,0,sao paulo,SP,89.9,11.83,1.0,1.0,1600.0,33.0,13.0,20.0,8580.0
3bb3f2f93941b43b0eef5618c565d650,8190a777da9fa9ca0d8e65e22cb823ca,2017-12-05 20:11:25,2017-12-05 20:36:01,2017-12-28,0,bauru,SP,79.9,12.06,1.0,1.0,268.0,32.0,15.0,30.0,14400.0
19a0bf5e25218efc09e3b4e6b9f55c0f,22097da834760ca931dadf04cae76bbc,2017-04-24 22:47:59,2017-04-24 23:02:19,2017-05-22,0,rio das flores,RJ,119.99,17.58,1.0,1.0,1350.0,41.0,10.0,35.0,14350.0
e5ca14277889553a80cd3b8379bb9389,b50f1cc40e82d3fe0a7226fe9ee7cd8e,2017-07-04 06:34:10,2017-07-04 06:45:07,2017-07-26,1,armacao dos buzios,RJ,102.9,17.97,1.0,1.0,1400.0,33.0,10.0,49.0,16170.0
84e79b84144443a29fcd4da110a8896f,90faa860db14d01d4ba25f1373e4c781,2018-01-17 10:45:34,2018-01-17 10:57:29,2018-02-08,0,sao paulo,SP,599.0,33.6,1.0,1.0,5250.0,56.0,17.0,40.0,38080.0
9783e4b24e95c1e243512f67f6e2a97e,f8989c74d32c636246efc5f2b72213b9,2018-01-22 13:24:48,2018-01-23 03:37:22,2018-02-19,0,guarulhos,SP,69.9,26.11,1.0,1.0,12300.0,40.0,40.0,40.0,64000.0
ec3321f3f4d722104c66e3935b6f1d0f,1eed103f8b907394cdd735079da8a6c9,2017-02-12 21:24:43,2017-02-12 21:35:17,2017-03-22,0,batalha,AL,59.9,20.87,1.0,1.0,550.0,20.0,14.0,14.0,3920.0
5e793b3edb0a058ff685ad346ce284de,f0737b94fe6941ef04bd183d84e8b284,2017-10-16 19:15:56,2017-10-17 03:56:30,2017-11-16,0,belem,PA,52.99,28.77,1.0,1.0,900.0,36.0,51.0,15.0,27540.0
bd84b661eb4bfa46487d94324e56dfec,fa37c71b257f8a67ce2e7018b3aeac32,2017-11-24 19:56:15,2017-11-24 22:59:55,2017-12-21,0,campos gerais,MG,83.36,16.34,1.0,1.0,650.0,60.0,10.0,50.0,30000.0
511e75993a3d9bf8c19c8e730daa49c0,221e9ab15662a1eecda80cf9768f81eb,2017-11-30 16:32:45,2017-11-30 16:51:13,2017-12-22,0,sao paulo,SP,59.8,25.38,1.0,1.0,250.0,40.0,10.0,25.0,10000.0
49bce2844ff52cac06a8478eb58e7159,066a5866635b2ff28b793b05fa7a42cb,2017-03-25 21:39:50,2017-03-25 21:50:28,2017-04-18,0,macae,RJ,492.04,18.65,1.0,1.0,550.0,21.0,13.0,16.0,4368.0
3bb17a1322700272d8886d9d5e174bd8,95e70e201e5f27dacc75e726e86f85a4,2017-12-03 23:57:30,2017-12-05 23:56:57,2017-12-27,0,sao jose,SC,495.0,15.72,1.0,1.0,279.0,16.0,12.0,13.0,2496.0
6f49fb747ca8c80ada6f548897fe134f,46a325fd27360b26342c0b0d8a279804,2018-03-15 11:39:51,2018-03-15 11:55:35,2018-04-06,0,brasilia,DF,750.0,61.51,1.0,1.0,8850.0,45.0,33.0,35.0,51975.0
37a4f672747cf7ec17050e7c1ebc1508,50811b375285c235a013d3d645d93641,2017-08-27 11:13:40,2017-08-27 11:25:20,2017-09-14,0,sao paulo,SP,91.5,12.98,1.0,1.0,1600.0,23.0,41.0,16.0,15088.0
514290e30cb76393d6623ca6d7d79ee0,a26ebecf1eada5cc98c25bfd8b36d71a,2017-03-12 19:33:03,2017-03-12 19:33:03,2017-04-03,0,uberlandia,MG,99.99,15.91,1.0,1.0,1200.0,42.0,25.0,15.0,15750.0
de6ea8b619d37e5f86f1566fb3136a15,de416864fefbc148110c3951c25fe872,2017-10-30 10:40:22,2017-10-31 10:35:21,2017-11-24,0,joinville,SC,123.43,15.61,1.0,1.0,200.0,16.0,11.0,11.0,1936.0
ef66a4451c6f9f04d3656be7e9034f1c,f85878687f6da02b2111c606896deee5,2018-01-01 20:40:57,2018-01-01 20:50:24,2018-02-02,0,campo bom,RS,129.9,16.35,1.0,1.0,396.0,18.0,11.0,14.0,2772.0
626434e11c37535d5f24e9d844249b55,7c5b076d0e0538b3a1d4899bd25f9545,2018-04-03 17:25:14,2018-04-05 02:15:14,2018-05-03,0,itarana,ES,350.96999999999997,171.24,1.0,1.0,8683.0,54.0,64.0,31.0,107136.0
51f1a03bb8aae115ea6387a8e7edc7e7,d568e7d521edb18c32a390f5862b9783,2017-03-09 15:53:07,2017-03-09 15:53:07,2017-03-31,0,sao paulo,SP,52.9,11.75,1.0,1.0,1093.0,20.0,14.0,18.0,5040.0
4c9fe44922012f11eb3505ecd89cb126,59a214c68e2eed23ea72b5cb766f8abe,2018-02-09 01:05:22,2018-02-10 01:05:26,2018-03-08,0,arapongas,PR,569.0,18.73,1.0,1.0,481.0,18.0,13.0,15.0,3510.0
6c90fc612a10cf8c7c74570e1db07aa0,8c3c65fe9b99f72cf45b51959a335c0e,2018-04-05 21:00:26,2018-04-06 09:09:20,2018-04-23,0,sao paulo,SP,524.9,17.76,1.0,1.0,1050.0,27.0,30.0,16.0,12960.0
3317db84e285d6115f358daa9351a4ba,5f0662b2fbb42916fefe7f829ccfbd99,2017-04-02 18:52:07,2017-04-02 19:05:11,2017-04-26,0,uberaba,MG,69.9,31.23,1.0,1.0,9000.0,42.0,12.0,39.0,19656.0
867b142c274783a46707af07874ac568,2efe619ed63c5be4a6a68c89cceabecb,2017-03-27 22:39:57,2017-03-28 03:43:51,2017-05-02,0,macae,RJ,239.98,36.54,1.0,1.0,600.0,23.0,6.0,15.0,2070.0
c7fcffa49558768b02ee67ce65140cc1,a857a82a40ad62cdebf6683bfa5d6858,2018-02-21 09:20:41,2018-02-21 12:03:33,2018-03-13,0,avare,SP,49.0,11.85,1.0,1.0,250.0,16.0,2.0,11.0,352.0
06ff862a85c2402aa52dc9edf150bf30,0a978c825ff7d013133ddc7f77566172,2017-11-30 13:31:08,2017-12-01 11:30:56,2017-12-28,1,fortaleza,CE,41.9,17.63,1.0,1.0,500.0,36.0,5.0,15.0,2700.0
dd1d5e5b6e4be8779186eb9cafd2f44d,f521a7efe39c29935169acd2d1074f76,2017-08-02 16:03:22,2017-08-02 16:15:11,2017-08-22,0,igaracu do tiete,SP,12.5,11.85,1.0,1.0,500.0,33.0,21.0,27.0,18711.0
3495837ea2ea4a98c76ca37122b2a933,9ad2bb40f5ee7830938a7c6147146376,2018-03-08 15:59:13,2018-03-09 02:15:45,2018-03-27,1,niteroi,RJ,92.34,18.23,1.0,1.0,1050.0,16.0,50.0,11.0,8800.0
bd1b3292531bf8f2cf14a4f448b2226e,56e1229b6007b3aae06f26bb7f564bce,2018-03-20 23:22:32,2018-03-20 23:35:35,2018-04-02,0,sao paulo,SP,19.5,8.29,1.0,1.0,500.0,17.0,11.0,11.0,2057.0
6448b940e7bdf635ae69dca1b81077bc,f9b37f6a2591a3a3ee8ebbb20196d71d,2017-05-08 19:11:43,2017-05-08 19:25:18,2017-05-31,0,assis chateaubriand,PR,49.9,15.1,1.0,1.0,450.0,20.0,20.0,20.0,8000.0
4c470bf188ec558ef3546d643bfa2713,d4cb12cb60df727e852cdcd3b6de1a32,2017-05-30 20:55:32,2017-05-30 21:05:23,2017-07-03,0,elisio medrado,BA,56.99,16.84,1.0,1.0,400.0,18.0,11.0,11.0,2178.0
ce2d26887805bd860b4ed0368e29ae95,7ff5f98578a06497fbc4570758e05eb1,2017-07-23 16:56:53,2017-07-23 17:10:16,2017-08-17,0,sao paulo,SP,69.9,17.74,1.0,1.0,6850.0,59.0,22.0,37.0,48026.0
dc281ba54d58f3a819966dc9c879241b,4e513a51bf088b776864a966b91fd79c,2017-11-18 18:52:08,2017-11-18 19:06:52,2017-12-01,0,belo horizonte,MG,71.1,12.23,1.0,1.0,1225.0,20.0,17.0,15.0,5100.0
4e0091a0a84b39634a3ecc33bdc49d09,9998c6bf5ef16b8498d0202e25a2c33c,2017-11-25 13:43:45,2017-11-25 13:53:30,2017-12-19,0,nova lima,MG,339.9,18.14,1.0,1.0,510.0,20.0,13.0,15.0,3900.0
1ae9416cc460b54e019ac44ba53f5b1b,9e3cccc4d43db2e97bb7015e1114fc92,2018-02-22 16:21:49,2018-02-22 16:30:26,2018-03-20,1,rio do sul,SC,47.0,17.6,1.0,1.0,1217.0,21.0,15.0,11.0,3465.0
4ad21bf3605a58ee53dacbad7ddae5b0,14cbf4389f8a8d726a69e3779b11b6fc,2018-03-06 15:43:14,2018-03-06 15:55:35,2018-03-28,1,fortaleza,CE,45.9,19.04,1.0,1.0,150.0,16.0,16.0,11.0,2816.0
753c4a66ef772332b78edb65a317f903,158909ef81850b0ffd25419383fcd527,2017-10-21 13:42:03,2017-10-21 13:49:35,2017-11-17,0,porto alegre,RS,45.9,15.11,1.0,1.0,800.0,20.0,20.0,20.0,8000.0
d84bc4e5bba5977de1eeadd544c9c770,9c0012520fca0a89fe04dccc4188df60,2017-11-26 23:06:41,2017-11-26 23:14:26,2017-12-20,0,campo grande,MS,89.9,21.12,1.0,1.0,1383.0,50.0,10.0,40.0,20000.0
0c21f042461cf5e64d2c087fdcc93fd7,549025fad34a0caabe89d632f0a20a88,2017-05-02 18:55:30,2017-05-03 11:32:55,2017-05-26,0,jambeiro,SP,32.29,10.96,1.0,1.0,600.0,24.0,20.0,27.0,12960.0
a68dcfa331c5289cc9a15c24e3c1e476,72b55045ba227f2f40221ee830993778,2017-11-09 00:26:50,2017-11-09 02:30:58,2017-12-08,0,sao lourenco,MG,149.9,23.92,1.0,1.0,10800.0,54.0,27.0,36.0,52488.0
2f7d729d01da93cdb12badf11a21d0e8,1502c1543977952bd2666b24f555b1e5,2017-12-18 09:44:19,2017-12-18 10:12:40,2018-01-05,0,sao jose do rio preto,SP,59.0,12.48,1.0,1.0,1550.0,30.0,22.0,30.0,19800.0
92a8bbc7ce477331df10e39cc3ac8b43,0a1127a5879366e0555a171030b885a6,2017-08-19 17:06:53,2017-08-19 17:24:27,2017-09-11,0,sao paulo,SP,59.81,13.44,1.0,1.0,1000.0,31.0,11.0,26.0,8866.0
6f532d76ec46fda0beae1633997d1409,95eed62685a983a404c317327e7799be,2017-12-11 23:38:11,2017-12-13 02:50:04,2018-01-09,0,brasilia,DF,85.0,17.84,1.0,1.0,675.0,31.0,21.0,21.0,13671.0
751f1086c0b65fab3474d11d18de115d,f9d11796f409c164ef9ed4ffe92b9ae8,2018-04-03 00:20:36,2018-04-03 01:10:16,2018-04-23,0,nova iguacu,RJ,40.5,21.43,1.0,1.0,1950.0,16.0,105.0,14.0,23520.0
98361657306551e400c1037a76c7ce44,65b63693a2ff79139a26c94f260651a3,2017-10-04 23:44:53,2017-10-06 13:14:23,2017-10-27,0,rio de janeiro,RJ,89.9,15.39,1.0,1.0,750.0,30.0,30.0,11.0,9900.0
a1d7522558e6fc188998886235fbf164,ca12a8820b7c20dead023c6604cd8f00,2017-04-24 22:28:44,2017-04-24 22:42:34,2017-05-15,0,rio de janeiro,RJ,289.99,15.79,1.0,1.0,468.0,23.0,9.0,22.0,4554.0
220e48b13b356b314da2cbc5f1dbfccf,7cbed7bf515e961b7f7dab842f9c1627,2018-01-14 20:01:54,2018-01-16 03:35:39,2018-02-09,0,balneario pinhal,RS,180.0,17.7,1.0,1.0,200.0,18.0,3.0,20.0,1080.0
55314fbf301db20ce06d233511d4fdbd,bdd1272c1c37b3cce03f2c69d68448b0,2017-04-08 18:01:28,2017-04-08 18:10:18,2017-05-02,0,sao jose dos campos,SP,279.77,13.35,1.0,1.0,594.0,20.0,15.0,16.0,4800.0
3f3f022e19c72f9c44abd54949a5d9ab,b185b126fdc8f60cb8be77078546d1e2,2017-02-14 13:18:53,2017-02-14 13:30:16,2017-03-15,0,buritizeiro,MG,99.8,29.07,2.0,1.0,350.0,17.0,8.5,15.5,2239.75
5aa16b50755d8657183ae7ea1a74543b,55c78bc29570e04ee3d2022cab98231b,2017-08-20 21:34:05,2017-08-22 03:50:23,2017-09-01,0,sao paulo,SP,49.0,7.78,1.0,1.0,250.0,16.0,2.0,11.0,352.0
3c220c0a8ae53cc9f24d007cb5b1a15d,12ddb653ddf28191dc4b375dd183febf,2017-02-13 15:36:20,2017-02-13 15:50:18,2017-03-14,0,assis chateaubriand,PR,337.69,17.57,1.0,1.0,4050.0,17.0,11.0,13.0,2431.0
f16c08511de51e22a800aa456ce47135,2065367b25b692b29bfb6b079ee1df84,2018-03-02 08:00:04,2018-03-02 08:10:26,2018-03-27,0,belo horizonte,MG,165.0,18.4,1.0,1.0,1650.0,24.0,24.0,24.0,13824.0
51c8ce1ad9c1fdebc69cc37fbff27f5a,795c01cbad1e9ef6aa33ffd9064d8df2,2017-10-27 00:12:27,2017-10-27 00:26:48,2017-11-28,0,bage,RS,59.9,15.17,1.0,1.0,400.0,60.0,8.0,50.0,24000.0
6d885151b431516792fbfc7d393c90cd,7122c24d3c0eff23bbea46f485fa0d66,2018-01-11 17:03:35,2018-01-11 17:16:30,2018-02-15,0,paraipaba,CE,129.0,34.7,1.0,1.0,400.0,17.0,7.0,13.0,1547.0
f6b803d15fa58d6e0409ce0cda40121b,5d70320029286b786d50336af0fc26b7,2018-01-13 11:16:04,2018-01-13 11:29:23,2018-01-30,0,poa,SP,44.9,9.09,1.0,1.0,400.0,20.0,2.0,15.0,600.0
d0368fa99cb0d8c87221ad122cfc24b5,166c0a9fbab75b56c9be0d08f23878ad,2017-12-08 12:16:34,2017-12-08 12:32:23,2018-01-05,1,nova iguacu,RJ,129.34,21.4,1.0,1.0,2200.0,43.0,11.0,35.0,16555.0
7a00da9515dc144e302458e696d61943,164564995667621b6653afd715ba0e6f,2018-01-16 21:51:54,2018-01-17 13:50:06,2018-02-07,0,embu das artes,SP,200.0,16.15,1.0,1.0,200.0,24.0,3.0,19.0,1368.0
547226eca04b5695f6b0b62295e16df2,36da3a8627190be6c28bff40b19acfae,2017-11-23 14:51:18,2017-11-23 15:10:43,2017-12-20,0,itajuba,MG,349.9,93.45,1.0,1.0,19600.0,45.0,50.0,45.0,101250.0
8a6bf1083cc2efc062e037e474622de6,64f0ed97c13c1388088e93454db40488,2017-03-20 21:54:34,2017-03-20 21:54:34,2017-04-10,0,juiz de fora,MG,152.72,11.68,1.0,1.0,5100.0,34.0,31.0,24.0,25296.0
6508933c739b7b3666a99f91541f3246,b88234e097f4a1587861e51d3288f500,2018-01-30 09:57:20,2018-01-30 10:14:48,2018-02-26,0,sao paulo,SP,39.99,11.85,1.0,1.0,350.0,25.0,8.0,19.0,3800.0
bff9098ed91532e554b0c12a4712546c,185cd4528ed02f7755e844caff8d7e5f,2017-04-04 18:43:32,2017-04-04 18:55:15,2017-04-27,0,sao paulo,SP,27.0,8.72,1.0,1.0,600.0,16.0,10.0,18.0,2880.0
ff850ba359507b996e8b2fbb26df8d03,219399e5496f8ca1dc6f68753131c084,2017-08-06 19:38:00,2017-08-06 20:20:07,2017-08-31,0,deodapolis,MS,16.9,16.11,1.0,1.0,350.0,16.0,35.0,25.0,14000.0
936a0b6b0c174a80b59e8357f5f94e6e,c1394c5fcba4e394bde37c4abc25388e,2017-11-24 09:14:38,2017-11-25 03:32:59,2017-12-26,0,iraquara,BA,48.9,17.92,1.0,1.0,900.0,24.0,5.0,20.0,2400.0
6d80b0865b3140d16b2ddca281931566,1bcb8bb3f3503ef8b155d64e2e9ded0c,2017-04-08 05:57:27,2017-04-09 06:02:14,2017-05-22,0,porto alegre,RS,17.9,16.05,1.0,1.0,250.0,40.0,4.0,30.0,4800.0
cf893eae56a00ef5d7a02f3db19dd687,c5c18ee97e7c295ae57a2887c946ff80,2017-07-27 11:50:33,2017-07-27 12:05:44,2017-08-22,0,nova friburgo,RJ,53.6,23.25,1.0,1.0,2350.0,29.0,34.0,16.0,15776.0
83fa07d1dc69104a4cb1468ce3fbdc49,2007223e672598a56eef0066fd02531c,2017-02-23 13:39:37,2017-02-23 13:50:13,2017-04-10,0,floriano,PI,99.0,25.18,1.0,1.0,300.0,26.0,10.0,26.0,6760.0
25b951c1d074042d59f6545470172015,a204214aaa282398288d7befac5c743f,2017-09-30 16:30:39,2017-10-03 04:23:41,2017-10-18,0,sao paulo,SP,52.99,8.72,1.0,1.0,450.0,30.0,6.0,23.0,4140.0
bc80892738aa55b49dfd74ce6d50cd97,4450850ad98de459ecea38e7a1323f56,2017-09-01 10:32:59,2017-09-01 10:45:14,2017-09-25,0,sao jose,SC,174.9,31.97,1.0,1.0,5000.0,40.0,10.0,40.0,16000.0
f1b077d44b598f5bdb44d7324e527a04,e5b4d61850970b92a6f569e238861e53,2018-03-01 13:52:51,2018-03-01 14:10:06,2018-03-21,0,londrina,PR,104.0,30.23,2.0,1.0,300.0,16.0,2.0,15.5,496.0
f1254ee692815f607bd748f1b50423db,969b1c259f71e3cff2fd83bbb41d17ea,2018-02-15 17:42:31,2018-02-15 17:55:27,2018-03-19,1,porto alegre,RS,99.0,17.94,1.0,1.0,6150.0,60.0,20.0,29.0,34800.0
bea86cb4ad19aaeb7bb4bd8f06066c03,8084cd8587e998d6d3abce1ab618e927,2018-03-25 19:15:10,2018-03-25 19:30:39,2018-04-18,0,carapicuiba,SP,56.89,18.28,1.0,1.0,1205.0,39.0,24.0,23.0,21528.0
0977997b1c07196d7d76a0d79c50117d,f5a2891493b5b415942b5e2e98ebaf11,2017-03-22 18:42:09,2017-03-22 18:42:09,2017-04-10,0,jundiai,SP,19.99,10.96,1.0,1.0,200.0,20.0,10.0,16.0,3200.0
153c105b5a1425ffa8a444fdc98f1436,7c31254de4f70f1e8c1164fd86f0c685,2018-01-03 22:24:13,2018-01-03 22:34:26,2018-02-05,0,belo horizonte,MG,276.0,18.37,1.0,1.0,479.0,21.0,15.0,17.0,5355.0
b362e77722405d304dc6fb5947ea3bea,f62c129511fd69648c45b74571444807,2017-09-05 21:43:55,2017-09-05 21:55:13,2017-09-28,0,tres lagoas,MS,99.9,17.95,1.0,1.0,1100.0,41.0,9.0,31.0,11439.0
c11a68c413a5bab666d3afe5a3ed7ef5,b7a710ed2201bd2cbe88944e34b40bcc,2017-10-01 16:34:38,2017-10-01 16:49:19,2017-11-22,0,macapa,AP,44.95,21.15,1.0,1.0,250.0,23.0,11.0,22.0,5566.0
d80e0abae74765187eb4970037b244c8,c9c15abe8d61c9b312ba5dec770a4991,2018-02-17 18:39:22,2018-02-17 18:50:34,2018-03-09,0,campo limpo paulista,SP,49.9,12.69,1.0,1.0,550.0,16.0,10.0,12.0,1920.0
c504f1f5fd54cc8398d57dc0da49de01,f5294fd3bc349e076861698912675c2e,2017-07-09 09:18:56,2017-07-09 09:30:10,2017-08-10,0,salvador,BA,49.9,19.59,1.0,1.0,1500.0,40.0,20.0,30.0,24000.0
bfdda01969e3428f5b74096b3d6081d9,aeebf5c6cd7179032edd99d413eebc08,2018-03-29 13:15:13,2018-03-29 13:30:12,2018-04-18,1,sao paulo,SP,49.9,18.23,1.0,1.0,200.0,20.0,20.0,30.0,12000.0
71853944ebfe6bd5f5de0302cba14354,57488cc627f8aef89c99cd5d8c3134f1,2017-05-16 10:49:26,2017-05-16 11:02:34,2017-05-29,0,sao paulo,SP,105.9,9.56,1.0,1.0,700.0,40.0,14.0,30.0,16800.0
dc65d81323bb8febba04644a959a6fc6,1b1aeca72c529981a8939da6859c4db9,2018-02-08 16:32:21,2018-02-08 17:32:33,2018-03-08,0,salvador,BA,120.0,50.71,1.0,1.0,5950.0,20.0,20.0,20.0,8000.0
e4792daf8d9ddb74de6985c5d6980409,f26ab0f57449753ea2109ca8b35d1034,2017-04-27 14:00:44,2017-05-02 23:32:29,2017-05-29,0,rio de janeiro,RJ,95.0,34.04,1.0,1.0,6400.0,98.0,30.0,15.0,44100.0
892633d6b7a8a6c7c0bfebddec2469bf,5285d83bc3adeb72f67ee3c6c8958403,2018-02-05 09:35:22,2018-02-05 09:49:38,2018-03-09,0,porto alegre,RS,109.9,25.61,1.0,1.0,1975.0,41.0,13.0,31.0,16523.0
6e3d694de21b9149410f92a43ece1186,bd5829a8e441e1a7ad669932cf6e8841,2017-10-10 22:35:38,2017-10-10 23:09:41,2017-11-03,0,acreuna,GO,43.8,30.2,1.0,1.0,50.0,18.0,6.0,11.0,1188.0
7d968bc979aa1c9884fb1cd6e4e76f64,37991a544e6b4464522b1b09e11ca843,2018-01-16 17:54:02,2018-01-17 03:36:36,2018-02-06,0,sao paulo,SP,8.33,15.1,1.0,1.0,500.0,25.0,25.0,25.0,15625.0
cace50e014d7f1c702acf79a12b86a55,8b58775be04ef0b69a293030dc8f2bfe,2017-08-16 19:06:23,2017-08-16 20:25:25,2017-09-21,0,rio de janeiro,RJ,149.0,19.58,1.0,1.0,1000.0,33.0,44.0,19.0,27588.0
d2a63eace67f829427a227b535bf9b5c,e3d6d9186c71175ccfb7215598b6ade1,2017-06-05 21:14:01,2017-06-07 02:45:29,2017-06-28,0,resplendor,MG,18.99,15.1,1.0,1.0,100.0,19.0,3.0,11.0,627.0
a91fed0c79559403d648c1161a2d8500,d216a2192cf1da83e57ef65366823a04,2017-10-30 11:46:41,2017-10-30 12:06:58,2017-11-10,0,sao paulo,SP,,,,,,,,,
e9c9ec206dfea33f9613e1cac82f575b,d24d71f630561a1fae69125e435ad612,2017-06-17 23:04:21,2017-06-17 23:15:07,2017-07-07,0,santa rita do passa quatro,SP,64.0,13.47,1.0,1.0,1150.0,16.0,16.0,16.0,4096.0
5448a97fc343f6f23807effd01938241,f22449ebc3dcc171a096c27de4c3a901,2018-02-28 16:47:08,2018-03-02 02:11:00,2018-04-06,1,angra dos reis,RJ,749.7,126.8,1.0,1.0,13350.0,57.0,56.0,22.0,70224.0
ec85c27a8b665a26a66f773bef603731,48cabebc3016b12079f4d41904c645b3,2017-08-03 15:41:08,2017-08-03 16:50:16,2017-08-16,0,sao paulo,SP,109.9,8.51,1.0,1.0,173.0,18.0,13.0,12.0,2808.0
5edc8e0c1ae7714730b6be87e97da686,0f3c4578cc4133c0e29cf96d0709d28d,2018-01-30 17:35:29,2018-01-30 17:58:01,2018-03-02,0,andrequice,MG,199.0,16.14,1.0,1.0,4050.0,17.0,11.0,13.0,2431.0
364ced4c215dfadfacf5ee28844f4c83,549dc007a724ed911d3dd15410a54618,2017-07-31 16:50:07,2017-07-31 17:03:32,2017-08-30,0,pelotas,RS,116.6,34.18,1.0,1.0,2600.0,40.0,45.0,39.0,70200.0
c95bd943761b792191f6966a3691fdd5,3a7c376f617c8d0e2233e6854c63d39a,2017-05-26 21:43:20,2017-05-26 21:55:16,2017-06-20,0,rio de janeiro,RJ,13.98,14.1,1.0,1.0,225.0,18.0,4.0,12.0,864.0
4e797467960184f4812ea77710c08b05,b6021af6074c8657c467992429b9a368,2018-01-25 11:45:37,2018-01-25 11:53:31,2018-02-21,0,belo horizonte,MG,29.99,15.1,1.0,1.0,500.0,16.0,17.0,17.0,4624.0
88b36969638ed8c7af9be0f985d142d1,71e684ecb0ef00675d5e102bfbd61ddc,2017-10-24 15:04:00,2017-10-26 03:08:27,2017-11-06,0,sao paulo,SP,319.0,10.98,1.0,1.0,300.0,16.0,16.0,16.0,4096.0
6b8c62c594c79c27167d9337676cd93a,4b3cff69c9076b5c9f0b5e16b5328360,2018-03-23 10:44:18,2018-03-23 10:55:31,2018-04-05,0,belo horizonte,MG,999.8,157.86,1.0,1.0,30000.0,81.0,50.0,50.0,202500.0
c5f692a4e47f015faa3f8a9b9d36aa03,eb3d937e14cd9040b4841334e8a12f0b,2017-07-31 17:36:20,2017-08-02 03:05:26,2017-08-24,0,aracruz,ES,34.9,15.1,1.0,1.0,150.0,16.0,7.0,20.0,2240.0
66d72a05add1a253c4e8390c215c8306,b3721b457de31db30b4de608d880d18c,2018-04-03 11:21:26,2018-04-03 11:35:11,2018-04-13,0,guarulhos,SP,8.9,7.39,1.0,1.0,100.0,18.0,9.0,16.0,2592.0
0d88b2392b18e01d23c582190ada0f24,9593e7814a65148fa6169732b9a9c469,2018-01-11 21:47:10,2018-01-13 04:55:21,2018-02-06,0,itabera,SP,69.9,16.12,1.0,1.0,2600.0,50.0,10.0,30.0,15000.0
81c75e6fe26085262f147cf6a6c0d367,bc9496f591b527b0b165c0f8908633a1,2017-12-30 13:43:48,2017-12-30 13:54:26,2018-01-31,0,jatai,GO,139.89,33.04,2.0,2.0,565.0,31.5,15.5,22.0,10741.5
1a269df4715562ff85e2ca1830249246,61ce49dcce76346660f215f28aa3ec82,2018-02-08 17:31:19,2018-02-08 18:32:25,2018-03-05,0,sao paulo,SP,108.99,27.61,1.0,1.0,650.0,25.0,12.0,19.0,5700.0
94a7404baf903097588d30faf47784d2,457207ed970fb24526a47a9a9a271a46,2018-02-08 23:26:46,2018-02-08 23:35:35,2018-03-07,0,embu das artes,SP,422.8,61.96,1.0,1.0,200.0,20.0,10.0,15.0,3000.0
f8332e57ea462615c306d9c51333b744,c8264ac3fe404850da5ff804eb71d719,2017-11-29 16:42:47,2017-11-29 18:12:31,2017-12-22,0,botucatu,SP,86.36,17.85,1.0,1.0,1183.0,38.0,18.0,26.0,17784.0
63d924357f70228a8bb5713b68d3b656,57dbb262002b4a7448accfbb36ed2d0a,2018-01-26 08:50:44,2018-01-30 05:31:38,2018-02-22,0,rio de janeiro,RJ,139.0,27.29,1.0,1.0,6950.0,47.0,23.0,37.0,39997.0
f334a266fb65d5d853e108b4442f1f01,beeca8af57f7cb7b42b1877824a941c2,2018-02-22 11:17:41,2018-02-23 11:30:56,2018-03-15,0,vitoria,ES,45.9,15.11,1.0,1.0,800.0,20.0,20.0,20.0,8000.0
057e8245e6408a7f5db33b517c481617,a4712004cd61cd9a1645946cadccfbb1,2018-03-04 18:57:57,2018-03-04 19:15:33,2018-03-21,0,mongagua,SP,29.99,11.85,1.0,1.0,600.0,19.0,13.0,20.0,4940.0
d2ac7fd0a36bf75505317960ab81748d,77e42141a294db586871c03ce0d9591c,2018-03-11 16:52:50,2018-03-11 17:10:32,2018-03-28,0,sao paulo,SP,49.9,13.71,1.0,1.0,600.0,39.0,30.0,29.0,33930.0
ca8f94a99a8120c559e416275a535066,165aeeded3ae717287fc0fc25a2ccf99,2017-06-19 10:27:03,2017-06-19 10:35:17,2017-07-11,0,rio de janeiro,RJ,74.99,17.77,1.0,1.0,1400.0,35.0,12.0,12.0,5040.0
760c14a17f69f500a5d012b967e1a093,fcb1f9fb9f5e108be9fbb059baf5d456,2018-02-21 16:23:02,2018-02-21 16:35:25,2018-03-14,0,belo horizonte,MG,59.99,15.18,1.0,1.0,500.0,27.0,15.0,20.0,8100.0
9050348d03b76a6157c65693742a2073,ddb3130ade3920265203853e3885d9f0,2018-03-21 15:56:34,2018-03-21 16:15:41,2018-04-19,0,manhuacu,MG,250.0,32.4,1.0,1.0,4000.0,43.0,35.0,18.0,27090.0
183e4a13a7a22a57bfd471656ec573b9,07250205a8861bb7532fea6297a2d4be,2018-03-27 10:08:44,2018-03-29 03:10:18,2018-04-13,0,belo horizonte,MG,69.9,28.8,1.0,1.0,12300.0,40.0,40.0,40.0,64000.0
659e026a4d727a811b08851934d6e5ff,ab099d9d527a7a16ae653834df241d37,2017-06-01 17:56:35,2017-06-01 19:02:54,2017-06-22,0,sao paulo,SP,69.9,11.99,1.0,1.0,2200.0,16.0,11.0,11.0,1936.0
221184b144deebdd34aa73473f31402c,d83ba54849e875e8f350178388514b0e,2018-03-21 09:47:33,2018-03-21 10:08:12,2018-04-04,0,nova iguacu,RJ,105.0,9.27,1.0,1.0,1000.0,53.0,8.0,18.0,7632.0
5f9d451c16dd5f947f00e134f0ba3c9a,8a3da20a6b870824cb0ee7be8d43732f,2017-11-15 16:48:17,2017-11-17 03:46:20,2017-12-06,0,jundiai,SP,79.0,12.05,1.0,1.0,2350.0,20.0,20.0,20.0,8000.0
3a77992e9af4cff3d2b7bffa8f0597bd,b034d086fa50e3f4ba566e002b161b89,2018-02-12 19:52:15,2018-02-13 19:47:17,2018-03-07,1,brasilia,DF,39.99,14.1,1.0,1.0,350.0,17.0,4.0,12.0,816.0
ea4ef5a01e67f61cba450e6294f0c92d,993040fb146e87d34cf90fef5dadef26,2017-03-24 20:44:41,2017-03-24 20:55:17,2017-04-19,0,curitiba,PR,229.9,17.31,1.0,1.0,414.0,23.0,15.0,18.0,6210.0
a43f06aa18fbe7db935630bd59aa0cdb,97b2b6460d59f786baf7f4b2b3ba64d6,2017-09-15 14:57:47,2017-09-15 15:10:11,2017-10-10,0,barreiras,BA,139.9,17.42,1.0,1.0,50.0,20.0,16.0,12.0,3840.0
b880d9ccc22f98deadf2e35998922699,1d47a5754e0491baeacb09c0f7bd180c,2017-06-08 16:46:35,2017-06-12 13:10:24,2017-06-22,1,sao paulo,SP,18.99,7.78,1.0,1.0,100.0,16.0,5.0,20.0,1600.0
c43af0d27028ef826111663d8a3baa33,ee631ea57c3a362e86099783950118cc,2018-02-12 11:10:56,2018-02-12 11:28:07,2018-03-06,0,pompeia,SP,52.11,11.86,1.0,1.0,2000.0,16.0,20.0,11.0,3520.0
6e8b784db4941b3dbd08146464f9f628,c0383ca8e59180009c9e765fa261d88f,2017-06-28 23:00:54,2017-06-30 03:10:25,2017-08-01,1,paragominas,PA,12.5,25.63,1.0,1.0,150.0,16.0,4.0,13.0,832.0
6c175759bc609d6fa9c693e5d24aa77d,c7c339e6571b455cb8d45a28d75cbb60,2017-09-25 22:28:43,2017-09-27 03:05:04,2017-10-20,0,miguel pereira,RJ,68.0,32.22,1.0,1.0,400.0,55.0,12.0,40.0,26400.0
4f1482e926881ff58f7384a6e6bd0771,394683dab19e214dafc244669dcc96c3,2018-02-03 23:36:46,2018-02-03 23:50:23,2018-02-21,1,sao paulo,SP,20.3,8.11,1.0,1.0,4600.0,16.0,2.0,11.0,352.0
988f13625d65d9a81777bb4d93d01e1b,5e314ae29121bbbcd0e1480d21211017,2017-11-25 09:55:39,2017-11-25 10:14:45,2017-12-27,0,sao paulo,SP,84.9,13.61,1.0,1.0,850.0,22.0,12.0,33.0,8712.0
459d4fa45d8bbb1c914f0d4bb1774a1b,613f2c0ca4e0c3c8e161fa092f9ed98b,2018-01-04 07:27:36,2018-01-04 09:02:02,2018-01-22,0,osasco,SP,149.0,8.3,1.0,1.0,300.0,16.0,2.0,20.0,640.0
1a75bc259895ab33b0c12ebf388248b1,4ac3a7aed5325218bfd84a79ff4e0611,2018-03-16 19:32:35,2018-03-20 03:28:43,2018-04-06,0,borborema,SP,209.0,13.9,1.0,1.0,725.0,19.0,14.0,15.0,3990.0
62bec84b920514dd9d777e095fb5be2b,fccc73b03ac8329be1c7b98011fd9638,2018-01-26 11:25:56,2018-01-26 11:39:35,2018-02-22,0,salvador,BA,21.9,15.79,1.0,1.0,150.0,30.0,10.0,20.0,6000.0
7585d4e21b02da91dd6b9dae232f96f8,d106918f73f119d9ebf155a753135f40,2017-10-19 22:15:23,2017-10-19 22:28:22,2017-11-08,0,sao paulo,SP,64.9,15.21,1.0,1.0,750.0,16.0,16.0,16.0,4096.0
090ece27665c1cc89eda287f8e834e11,97f6f6eb7e2173cf88b0dd5b78b80070,2017-10-30 18:25:17,2017-10-30 21:31:40,2017-11-16,0,sao paulo,SP,69.84,11.879999999999999,1.0,1.0,200.0,16.0,48.0,11.0,8448.0
e4d08950321814112909360f9dca2e3d,4700d1a6f247079a2e60dc883b4c0c16,2017-08-08 21:30:55,2017-08-08 21:45:08,2017-08-23,0,barueri,SP,200.0,15.01,1.0,1.0,9750.0,35.0,12.0,30.0,12600.0
ae90262d3192e46f6d8e68bc5843025d,9237654c3fe0c68824bb8c16c94956f9,2017-11-22 09:40:02,2017-11-22 10:39:48,2017-12-19,0,santa maria,RS,399.9,20.05,1.0,1.0,1800.0,16.0,22.0,16.0,5632.0
84c6aab1664b33eb5607e118dc4bced8,cd308a85bd46a37859726a36c43ba71f,2018-04-02 14:54:34,2018-04-03 07:08:27,2018-04-23,1,antonio pereira,MG,39.99,18.23,1.0,1.0,300.0,17.0,4.0,12.0,816.0
9aa048e5cf0be9f697cc0fe8d1e0d6db,6901dc5c2acd5cf1e428f3384d9a1938,2018-03-20 14:07:40,2018-03-20 14:29:55,2018-04-13,0,contagem,MG,49.6,51.18,2.0,1.0,266.6666666666667,34.0,13.0,26.0,11492.0
654ba98a499a03473f9780e5c7fc227b,a81d2b8ee773249a32739a766ef9d891,2017-08-04 03:06:27,2017-08-04 03:23:40,2017-08-17,0,sao carlos,SP,62.8,9.94,1.0,1.0,800.0,40.0,10.0,35.0,14000.0
db974c12004fe92ab344e63e8e4b995f,b9259ee6253d68e0d106b527cd5530d8,2017-08-24 14:36:40,2017-08-24 14:50:16,2017-09-18,0,piracicaba,SP,86.7,17.86,1.0,1.0,350.0,30.0,14.0,16.0,6720.0
4c8519cf81f11a547256d84f97e82594,bc397c0f4a4ec217c911dadb0b9da61e,2018-03-21 16:06:48,2018-03-21 16:15:35,2018-04-10,0,jacutinga,MG,120.0,35.47,1.0,1.0,12950.0,31.0,81.0,31.0,77841.0
c09395a3ba913b8f6c2594a7df7df72b,9a9059f7c8537c6ffb5610f5202ccfb7,2017-09-16 16:25:19,2017-09-17 16:30:17,2017-09-28,0,sao paulo,SP,270.0,55.35,1.0,1.0,13575.0,71.0,81.0,44.0,253044.0
5e362b5d60f22cf39bb6066118c31fae,743c1d91eb910917739b0713540a43f0,2017-08-08 20:14:46,2017-08-08 20:30:19,2017-09-08,0,crateus,CE,85.9,38.15,1.0,1.0,1250.0,49.0,10.0,34.0,16660.0
f2fe33e91924ce0b0182264712504584,3192b8d6493a72fa2b748cf450624408,2017-07-07 10:51:33,2017-07-07 11:03:42,2017-08-02,0,caxias do sul,RS,119.9,15.59,1.0,1.0,1400.0,20.0,15.0,15.0,4500.0
6512f99fc2b658abc017f8090e3d1bc9,c40a08638e25d9ff9932fbf1fec9f155,2017-11-30 10:17:54,2017-11-30 17:32:23,2018-01-15,0,jaboatao dos guararapes,PE,24.9,21.15,1.0,1.0,150.0,16.0,9.0,11.0,1584.0
bb94354031a1df0364e66b09e197bb78,97f4023f8f25a0983d253d91cf53e34d,2018-04-08 13:04:47,2018-04-08 13:30:14,2018-05-02,0,sao paulo,SP,279.9,18.87,1.0,1.0,6050.0,60.0,10.0,60.0,36000.0
f6089c47bab18faae3d90c64cfb08481,1521c5e9bf82979a6b8794e90692097d,2017-01-31 16:13:48,2017-01-31 16:25:20,2017-03-03,0,santa rita do sapucai,MG,109.99,17.51,1.0,1.0,1700.0,30.0,10.0,38.0,11400.0
583538329b34516bedbb834c9fe05325,28dd168fc770453ccc672de7c71b3813,2018-01-20 17:59:20,2018-01-20 18:30:28,2018-02-14,0,belo horizonte,MG,78.0,14.3,1.0,1.0,250.0,16.0,2.0,20.0,640.0
a8e07b5f89eea93b13c38bab2e06b185,8e89bdaf0aa7d88665f7db2745e3bb2c,2017-11-10 13:12:04,2017-11-10 13:27:37,2017-12-07,0,itai,SP,137.8,32.48,1.0,1.0,608.0,23.0,18.0,20.0,8280.0
88d0690c4598321b6166f806c2da7034,07efbcfb30cb5bc9848be5f17af8eaab,2018-01-30 14:04:57,2018-01-30 14:31:20,2018-02-26,1,rio de janeiro,RJ,84.9,17.03,1.0,1.0,321.0,19.0,14.0,13.0,3458.0
01ae5e4c5d2549f7c05000a2f5856c28,9951d99835f50c491d724e5be22150e3,2017-11-05 15:01:09,2017-11-05 15:15:23,2017-11-24,0,rio de janeiro,RJ,39.0,16.6,1.0,1.0,1100.0,16.0,15.0,15.0,3600.0
9af5f003f0da353f6c32a5c5e0c83b39,2129cc3d2764d1f9c4618f6c06f40f65,2018-01-31 09:52:29,2018-01-31 14:10:58,2018-02-20,0,seropedica,RJ,324.0,29.31,1.0,1.0,1000.0,53.0,8.0,18.0,7632.0
cc0c321766d42077807443aa4d74608c,4dc4876f7b580f0cdb9993edbd4cc975,2018-03-16 15:28:12,2018-03-16 15:49:39,2018-04-10,0,porto alegre,RS,72.0,18.38,1.0,1.0,150.0,16.0,13.0,14.0,2912.0
c35c0040e09990a95e79c617fafe8c10,3d32aac5bce2d5bde5b0645ef8b319bc,2017-07-13 19:40:00,2017-07-13 19:50:20,2017-08-10,0,cachoeiro de itapemirim,ES,38.9,40.72,2.0,2.0,150.0,20.0,15.0,20.0,6000.0
01bae920aea13b891b50bc1543634a65,57a5790d63d19ab68c8eb882a24cff8e,2017-12-21 20:04:26,2017-12-21 20:14:24,2018-01-11,0,sao paulo,SP,57.49,9.94,1.0,1.0,175.0,23.0,21.0,21.0,10143.0
b88b8337c47b229661db8279774bf6d4,21d33cd24f2d3c53dac9f3ccca13d0b0,2017-12-08 09:12:15,2017-12-09 02:35:23,2017-12-27,0,sao paulo,SP,166.99,15.92,1.0,1.0,2425.0,29.0,30.0,19.0,16530.0
e7ab20977cf6ea5cc4a63b3ecf897dd3,0938950f35a397c0373882168b080808,2018-03-11 10:27:45,2018-03-11 10:48:55,2018-03-28,1,amparo,SP,1489.0,22.86,1.0,1.0,7900.0,29.0,44.0,29.0,37004.0
1fbb942ec531150b361e6042285004f3,b24c6a66c9cd51bcfa3054b8283b4377,2018-04-04 22:17:30,2018-04-04 22:30:23,2018-05-03,0,uruguaiana,RS,28.8,18.23,1.0,1.0,500.0,30.0,15.0,20.0,9000.0
c14323552816050d396da49c9f23ae1e,7cb980ea48f7332f0c397cce1a900e59,2017-11-26 10:24:33,2017-11-26 10:36:23,2017-12-21,1,jaragua do sul,SC,16.8,15.1,1.0,1.0,200.0,16.0,2.0,20.0,640.0
c40c104dd1bde11aba73864c16a42f21,80cf55a439bbb373aea40a08515fb39b,2017-08-29 13:34:52,2017-08-29 13:45:13,2017-09-18,0,rio de janeiro,RJ,1200.0,32.85,1.0,1.0,2650.0,16.0,31.0,39.0,19344.0
b538c911276725b4521eb30417d2f4f2,f10a0728dd9a65395633cb333eead2b7,2018-04-07 16:26:45,2018-04-07 16:35:20,2018-05-14,0,acopiara,CE,199.9,38.09,1.0,1.0,200.0,21.0,11.0,13.0,3003.0
33a3edb84b9df4cb49546859b990ac6d,35ec6c1ca9e5844c5ca94214cce16dca,2018-02-21 17:15:49,2018-02-22 16:10:41,2018-03-16,1,juiz de fora,MG,49.9,17.6,1.0,1.0,1750.0,37.0,22.0,40.0,32560.0
9839df28efff4e28f25b2cebdda3aaa6,e27a055c1d7eeca7052d113324a4be62,2017-05-22 19:11:49,2017-05-22 19:25:19,2017-06-02,0,barueri,SP,260.0,10.02,1.0,1.0,900.0,20.0,20.0,20.0,8000.0
56142b6c34c40cccb3e3ee8308a4ae76,50202490acea34225b1af5cdd25f4326,2018-01-11 21:28:50,2018-01-11 21:44:29,2018-01-30,0,sao jose dos campos,SP,59.9,28.9,1.0,1.0,13050.0,55.0,40.0,40.0,88000.0
67b2796561ac2c941f6daf9881b510ae,e9624a808ce6214efe9b4b0e15d50dd1,2017-02-14 21:00:15,2017-02-15 02:45:42,2017-03-13,0,pirassununga,SP,51.4,10.97,1.0,1.0,400.0,20.0,20.0,20.0,8000.0
5b6bb420d4d6d53ae28c948c9a6b900a,4b1d9c46c5fa2de5c66bade77ba60720,2017-02-01 18:00:24,2017-02-01 18:15:16,2017-03-10,0,maringa,PR,35.0,20.43,1.0,1.0,2300.0,27.0,14.0,27.0,10206.0
07884a0d48bbdae5f9a1d8582b57e09b,44e246036793c31473a506a95d2d782b,2017-11-03 09:49:14,2017-11-03 10:05:56,2017-11-27,0,sarandi,PR,29.99,15.1,1.0,1.0,150.0,17.0,4.0,12.0,816.0
f8ebdc391ba2950e41dfd4a8385418ae,22360d91bbd2e1673d0f44a9633b2f7d,2018-01-16 17:03:48,2018-01-16 17:14:31,2018-01-31,1,itaquaquecetuba,SP,24.9,7.78,1.0,1.0,150.0,16.0,5.0,17.0,1360.0
c45c354aed442407610326035c6c44d6,98153d5b1cde47994c69ad02de498d26,2017-01-28 21:22:15,2017-01-28 21:31:40,2017-03-09,0,brasilia,DF,869.0,24.0,1.0,1.0,13900.0,34.0,93.0,34.0,107508.0
0e64431c08745e9d2d789b9e6c8acf0f,92757035e85249f3d30f26b354c8ef45,2017-11-25 15:22:23,2017-11-25 15:34:48,2017-12-21,0,vitoria da conquista,BA,29.99,16.79,1.0,1.0,150.0,18.0,3.0,16.0,864.0
73dc3e4baa93bb0d493ffa7a8d1ffad3,e5d1ab1c3818782836ea04640e49ce0d,2017-06-01 18:05:01,2017-06-03 02:25:33,2017-07-05,0,prado,BA,38.0,16.79,1.0,1.0,200.0,16.0,2.0,11.0,352.0
f417219cc64e796bb6bcd1a41d3fe308,629202920f3647c33d7e92c7d1934961,2017-09-05 20:57:30,2017-09-05 21:10:15,2017-10-03,0,aruja,SP,39.9,15.79,1.0,1.0,175.0,21.0,3.0,15.0,945.0
45f515769238adec68b3ed763acbc3b2,01208d73b8f2d0e10347aae1242a12fa,2017-06-09 23:23:45,2017-06-09 23:35:19,2017-07-06,0,brasilia,DF,49.0,14.1,1.0,1.0,150.0,19.0,6.0,11.0,1254.0
f8c830660882d73b51a825170d8ef567,bf1527fa94f9bea5592f737d50ea325d,2017-08-18 15:07:18,2017-08-18 15:30:21,2017-09-08,0,cotia,SP,259.9,13.32,1.0,1.0,3600.0,40.0,10.0,30.0,12000.0
4376d8f153985c918a99d7765693594f,f524e3df8cfc7cdbd6c87f756326756d,2018-01-31 23:44:57,2018-02-01 02:55:41,2018-03-06,0,rio de janeiro,RJ,31.9,14.1,1.0,1.0,200.0,41.0,2.0,29.0,2378.0
c8111f39ce798f7761d4f6e8f0c3a665,76fdaa48984220f3067ba4a59725a18f,2017-05-05 00:16:57,2017-05-06 02:22:56,2017-06-09,0,sao luis,MA,149.9,38.01,1.0,1.0,3400.0,27.0,21.0,21.0,11907.0
2d5058747a7287ed0678a7d65af01329,656a9a2137ff69e7b9f566af06069db7,2017-03-14 17:16:20,2017-03-14 17:16:20,2017-04-04,0,gaspar,SC,249.99,68.45,1.0,1.0,22350.0,32.0,74.0,53.0,125504.0
cee3d35c01c3ae1ed31809bdb2272afb,8bd9274e690e57552c0516b0d323af7d,2017-07-24 22:26:44,2017-07-26 02:25:30,2017-08-17,0,sao jose do rio preto,SP,319.96,99.48,1.0,1.0,8925.0,53.0,74.0,18.0,70596.0
c12b8710085638bf3b7deee3f4d14db9,b567379ff604724e8cd07c7ea01239c6,2017-05-17 19:00:56,2017-05-18 02:31:37,2017-06-08,0,sao paulo,SP,16.99,15.1,1.0,1.0,200.0,19.0,9.0,12.0,2052.0
a6017d04cfa5f1b3bda082a341338f98,c4906d9f23c3ff2deb2941f5767f88d2,2017-11-13 14:40:45,2017-11-13 14:55:27,2017-12-08,1,belo horizonte,MG,196.99,59.93,1.0,1.0,16450.0,63.0,62.0,24.0,93744.0
94b036e9c8d7275cda2d1a19c6fe11de,40a3be412130198c7617ff3e7a18612f,2017-08-05 10:48:59,2017-08-08 04:24:37,2017-09-11,0,pureza,RJ,49.9,15.1,1.0,1.0,150.0,16.0,5.0,20.0,1600.0
8ab162fc692c0698b0c3de0c76efc41b,e507d5833c9b723bad4d10a13e1d6d1c,2017-10-30 18:18:12,2017-11-01 03:35:17,2017-11-07,0,carapicuiba,SP,31.49,9.27,1.0,1.0,250.0,28.0,13.0,14.0,5096.0
2e87cd077eb729dac6f6035112105f51,2ab287664f47af4b8998ec02158469be,2017-07-22 17:55:15,2017-07-22 18:10:11,2017-08-16,0,tubarao,SC,20.0,15.1,1.0,1.0,300.0,27.0,10.0,16.0,4320.0
9a8743fed3cc7a477eb92cb0ca0e7d26,36913fd0a906fcb755745fc9641329bc,2017-07-25 00:16:14,2017-07-26 02:23:30,2017-08-16,0,americana,SP,35.0,15.1,1.0,1.0,150.0,18.0,2.0,16.0,576.0
9aeafd098ce4b1ba99079b89a2ea3d49,ce044d9d17e942154d8b9d2e45da8dc9,2018-02-06 09:12:57,2018-02-06 09:30:23,2018-03-06,0,sao paulo,SP,219.0,13.03,1.0,1.0,480.0,18.0,11.0,14.0,2772.0
410d704bdcbe2893fd5ad73fe8166f43,0424e2f81bdfb77d7c11c3f447c7b241,2017-12-10 15:25:51,2017-12-10 15:32:40,2018-01-04,0,taubate,SP,,,,,,,,,
4fc7baf99c39f26dc14168981f918554,2798733b7befaf90112c6730fcf737ce,2017-07-15 12:56:35,2017-07-18 06:15:43,2017-08-14,0,camacari,BA,31.9,15.79,1.0,1.0,200.0,41.0,2.0,29.0,2378.0
4e71d6b2e9f221c46838b30c18443f84,db1b14bc26ae944bdf0cec69ccf63398,2017-04-16 19:58:37,2017-04-16 20:05:17,2017-05-24,0,manaus,AM,57.17,26.14,1.0,1.0,767.0,25.0,13.0,16.0,5200.0
08451f484ac3dba5140399d0b7e0a829,552215a43eb8963b5ea631bde3e63bc5,2018-01-02 10:32:22,2018-01-03 04:33:26,2018-02-14,0,petrolandia,PE,65.0,25.73,1.0,1.0,200.0,20.0,10.0,20.0,4000.0
67b0f99f4462dd93418ed97b21a6c725,edac42fb2321d66c4fe98b9bde2d97b3,2017-10-06 10:48:07,2017-10-06 10:56:17,2017-11-09,0,curitiba,PR,49.87,15.11,1.0,1.0,1900.0,35.0,44.0,35.0,53900.0
12a408b60b694ab095783ea92af18e1d,33b04ed3a65920372c212f95cb9fa5ca,2017-11-24 13:58:39,2017-11-26 13:55:50,2017-12-19,0,santo antonio do monte,MG,49.0,17.67,1.0,1.0,1750.0,37.0,22.0,40.0,32560.0
9d8065ae4c6f5725ee052d02ab00f64e,cc6f32c57316a3ecd76524cc0af10794,2017-03-30 16:36:12,2017-04-04 05:50:26,2017-04-27,0,itupeva,SP,69.0,13.06,1.0,1.0,4200.0,25.0,55.0,37.0,50875.0
cf3b788513af1a4ad6085b96b4954656,98982d16ca0af3d3427aa60f68da06fc,2017-07-11 23:44:38,2017-07-12 00:03:39,2017-07-31,0,regente feijo,SP,48.9,12.69,1.0,1.0,800.0,25.0,60.0,35.0,52500.0
fe5cf33c8006e3a98776622acb39c9fe,f0d9d8e4ac3a29ef1b3382939e006298,2018-01-11 11:31:42,2018-01-11 11:38:50,2018-02-06,0,recife,PE,32.98,17.63,1.0,1.0,263.0,19.0,10.0,15.0,2850.0
768fa69faa8e49e877dd1612013472f6,ffa9419903b6e1ed6f0692ab2695de94,2017-12-07 20:52:55,2017-12-08 02:54:10,2018-01-08,0,sao paulo,SP,249.89,12.95,1.0,1.0,700.0,50.0,16.0,16.0,12800.0
73e019fdcb05a01a6a7200bce40ef5f6,9d2b23ea4db320cc61d79113c8062f0f,2017-12-03 17:39:48,2017-12-05 17:37:25,2018-01-03,0,vitoria da conquista,BA,28.99,16.79,1.0,1.0,150.0,19.0,4.0,11.0,836.0
5038599d301a92796c7e52408dd0aea3,d5308480b0869493b69ce2bec1c1d415,2017-05-04 21:33:20,2017-05-06 02:15:25,2017-05-31,0,varginha,MG,69.99,16.19,1.0,1.0,200.0,20.0,16.0,16.0,5120.0
45b0a3cd00a2eb44c271fdacffc8d859,518d97172e34c1aa7f4fcbee678c8b5c,2018-02-12 14:22:32,2018-02-16 07:55:49,2018-03-21,0,pato branco,PR,99.99,14.43,1.0,1.0,3475.0,54.0,13.0,48.0,33696.0
e550243ca45f5dc1f8c1ee12ff4a267a,c28c9e32edd814488cc6764db3066efb,2018-01-16 14:14:07,2018-01-16 14:30:24,2018-02-16,0,queimados,RJ,159.0,40.44,1.0,1.0,6550.0,20.0,20.0,20.0,8000.0
924aa21372f93d04910e55caf9237b00,1bdac4a3a34433f841a6006a6cc5a392,2018-03-22 20:51:19,2018-03-22 21:07:36,2018-04-18,0,taubate,SP,32.9,13.47,1.0,1.0,100.0,20.0,10.0,12.0,2400.0
36af952fa00b09aef1c4c6020442a819,8b2eb4ad78ddc8b18e303faa54348db7,2017-09-07 20:19:52,2017-09-07 20:30:11,2017-09-26,0,taubate,SP,7.9,11.85,1.0,1.0,121.0,17.0,4.0,16.0,1088.0
2c453858db792dfba1340601d2814b28,fc583cfdde5d391a98d0f17d30209677,2018-03-16 11:13:44,2018-03-16 11:29:28,2018-04-12,0,belo horizonte,MG,93.0,18.23,1.0,1.0,2350.0,25.0,30.0,25.0,18750.0
8c7fcfaa7131076e4b646b3977ad6633,bbf8bf3664ee1a661f3d440418622273,2017-11-28 23:04:53,2017-11-28 23:12:31,2017-12-26,0,recife,PE,59.0,17.69,1.0,1.0,150.0,16.0,2.0,11.0,352.0
4fa9bcd761fc05ff16003d340c907acc,64567be7188b03c43b27b97a4d0596fb,2017-11-02 15:46:42,2017-11-04 06:25:50,2017-11-29,0,bias fortes,MG,49.0,15.1,1.0,1.0,300.0,16.0,2.0,20.0,640.0
b6af24208d3b5b07c4f1bbbfb57dd8c2,fef067e487e9911c42d7073ced30b5de,2018-01-30 13:17:34,2018-01-30 13:35:49,2018-03-02,0,rio de janeiro,RJ,103.8,33.86,1.0,1.0,900.0,23.0,18.0,18.0,7452.0
35dfa74b22307b2c8543606b037b1685,86e497487de3cf532c87f53275ebb1cd,2017-11-17 10:23:42,2017-11-17 10:46:57,2017-12-06,0,ilha solteira,SP,179.9,13.6,1.0,1.0,700.0,22.0,7.0,15.0,2310.0
c39c97c1d22e4a4486ce849afb668211,baad4f33b8b48413580c54156a4172b8,2017-03-01 17:24:54,2017-03-03 02:25:34,2017-03-22,1,balneario camboriu,SC,127.99,20.98,1.0,1.0,1650.0,35.0,20.0,30.0,21000.0
82cb5727dfc9854c228dd5246c17b877,daabc936af60df21c9a3ce027b2665e5,2017-11-30 18:33:30,2017-11-30 18:50:44,2017-12-27,1,serra,ES,58.9,21.25,1.0,1.0,7000.0,26.0,47.0,27.0,32994.0
50cb3b5a9be182d708715a0ea7d488b0,7b198042e64fa9e4dcd07ee294f0db65,2018-03-14 15:59:17,2018-03-14 16:10:45,2018-04-05,0,belo horizonte,MG,24.9,17.06,1.0,1.0,150.0,20.0,2.0,14.0,560.0
f1b3dc829876d87a130808b76d5bacf7,f9af1b2b5f714b1c3f46b9683df2454c,2017-02-15 16:31:44,2017-02-15 16:45:15,2017-03-16,0,sao paulo,SP,159.99,33.4,1.0,1.0,6550.0,20.0,20.0,20.0,8000.0
a0e07b356a3bbcc4c780060d24bf5a10,f47753854c975a0f97892fe1ede2e688,2017-11-24 21:03:03,2017-11-24 23:56:58,2017-12-19,0,uberaba,MG,395.65,17.52,1.0,1.0,300.0,20.0,9.0,15.0,2700.0
0bece47d86c4c6000ca551001a15669d,cfd291abeecfeb65e06539b6fcf99b92,2017-10-11 11:04:43,2017-10-12 02:29:07,2017-10-24,0,porto alegre,RS,179.7,27.27,1.0,1.0,253.0,14.0,12.0,12.0,2016.0
f61b61c2cbb4192ccaf9c2c76a4cc971,525125633cfc0f64d4a991240953f2b5,2018-02-28 21:27:43,2018-02-28 21:48:27,2018-03-13,0,farroupilha,RS,39.99,9.74,1.0,1.0,350.0,20.0,15.0,20.0,6000.0
dda7f5aa048d24b2d639d470786b0564,48c73fe43ce5ef6d2be347c14ece9be3,2017-12-08 11:23:41,2017-12-08 11:31:29,2018-01-08,1,curitiba,PR,99.0,15.45,1.0,1.0,1250.0,41.0,24.0,11.0,10824.0
60587a0b83305888501192ff07ba8bb9,2f38c3926fb8ba143f2741e9e7adc93f,2017-12-03 12:29:04,2017-12-05 04:13:45,2017-12-20,0,campinas,SP,52.0,11.73,1.0,1.0,6600.0,45.0,25.0,35.0,39375.0
6c7b7abbea636930355172ccc20e3ee5,48e3a9de59a791697c8face0fb3d439c,2017-07-16 19:11:28,2017-07-16 19:25:15,2017-08-16,0,salvador,BA,22.9,16.79,1.0,1.0,300.0,24.0,12.0,12.0,3456.0
d77b625d7bd6a5b92b35d07276d9f013,dca4146c656edd385afbab8f8e1462b1,2017-12-11 21:19:09,2017-12-11 21:34:11,2018-01-08,0,passo fundo,RS,28.9,16.79,1.0,1.0,100.0,24.0,4.0,34.0,3264.0
b93e3a733006e1228ffb0f8a5550e9ab,f745cc20c9f5a199205e7f08487942a0,2017-11-03 18:19:38,2017-11-03 18:30:38,2017-11-23,0,sao bento do sapucai,SP,91.8,25.38,1.0,1.0,800.0,20.0,20.0,20.0,8000.0
3e84781202afaaf7f60c916ead71766e,4e0e75fc56e2609aa885d4305d4d07fe,2018-04-09 14:34:07,2018-04-09 14:50:45,2018-04-26,0,caieiras,SP,54.9,13.74,1.0,1.0,800.0,21.0,20.0,16.0,6720.0
709e7bb6791d4380ca6db3451e9e6a68,dc1de95ecee234f733b2ea358c00cc01,2017-08-27 19:48:58,2017-08-29 04:25:45,2017-09-15,0,santo angelo,RS,139.9,14.0,1.0,1.0,200.0,20.0,15.0,20.0,6000.0
8aee9dd7a741296bbc17f17fda6c1a57,2ee85e880c44486eddac3fc64c33b9d1,2017-11-27 23:42:00,2017-11-27 23:51:25,2017-12-20,0,pederneiras,SP,56.99,11.9,1.0,1.0,250.0,20.0,8.0,21.0,3360.0
f59ee70148bbdacff5fc0b6d1205252e,4511ae99b6e4a71562a8fff52835d251,2018-01-22 19:57:33,2018-01-22 20:16:13,2018-02-21,0,cabralia paulista,SP,19.9,15.1,1.0,1.0,1050.0,22.0,9.0,12.0,2376.0
555256eeec3c2ec4e64208bfad2ed800,60bee84236f67b60b8dc3d2322bdd1ea,2017-12-06 17:23:28,2017-12-07 03:15:39,2017-12-22,0,sorocaba,SP,5.4,9.27,1.0,1.0,600.0,16.0,23.0,11.0,4048.0
a73c3ddde7053504491569e480840e6d,e5fb6cd64fec5359007cd7aaba77ec82,2018-03-19 21:01:43,2018-03-19 21:28:32,2018-04-10,1,brasilia,DF,169.9,41.95,1.0,1.0,4950.0,40.0,10.0,40.0,16000.0
c191b759eb232bdd68e1ba7030f58a56,01abb8df2f71f7d6e087c28c6c0a8f39,2018-01-26 12:45:51,2018-01-30 03:50:25,2018-03-02,0,maceio,AL,49.9,37.9,1.0,1.0,1800.0,37.0,22.0,40.0,32560.0
f22aed5c774f9d70037e26c5a4b691bd,c1aaf0e0e10e85bae38f799abe25e88b,2017-03-09 10:24:00,2017-03-09 10:24:00,2017-03-30,0,goiana,MG,19.9,14.52,1.0,1.0,300.0,20.0,8.0,16.0,2560.0
05bf7a31e9d3eecf93db6a8e4508ed8a,17effd274d2fba6bd4b91ac477f63991,2018-03-02 13:11:03,2018-03-02 13:29:52,2018-03-22,0,vespasiano,MG,35.0,19.84,1.0,1.0,1867.0,36.0,6.0,36.0,7776.0
538e2ceda8430c002071a7f8f4bdae31,3f5b7fa73e86b9429183fcf404460935,2017-11-24 11:33:08,2017-11-24 13:32:53,2017-12-19,0,uberlandia,MG,250.0,62.49,1.0,1.0,12000.0,45.0,35.0,45.0,70875.0
fd3634dbb2f578420b7b7dc1633766ce,2b02213d249d2abc717cc1c6bb4e9cb0,2017-06-30 14:03:15,2017-06-30 14:15:12,2017-07-28,0,goiania,GO,89.9,14.38,1.0,1.0,425.0,31.0,14.0,14.0,6076.0
c6738800d95e18d66c681a8dac8e2b7f,2ed09823e71fb5ae028dc8c32c3ed539,2018-02-22 15:18:45,2018-02-22 16:00:29,2018-03-08,0,sao paulo,SP,27.98,15.56,1.0,1.0,50.0,16.0,5.0,11.0,880.0
d075def20463f58225a279f6e36d8669,ed633bdf429697a6305355676bf12644,2017-09-10 21:16:47,2017-09-10 21:25:14,2017-09-28,0,curitiba,PR,65.0,14.2,1.0,1.0,250.0,16.0,2.0,11.0,352.0
51ffb9765ad7cfe091821ebd4751dc05,e4412072d401a4c3bc29c976497e0186,2017-09-17 20:40:42,2017-09-17 20:55:19,2017-10-06,0,londrina,PR,149.0,15.79,1.0,1.0,200.0,20.0,20.0,20.0,8000.0
0de88914980b96be31b33a407f19ccfb,2397dd19bf74da4cd1fe4b5839199d91,2017-12-11 08:45:05,2017-12-11 08:52:27,2018-01-09,0,rio de janeiro,RJ,18.9,16.79,1.0,1.0,125.0,18.0,8.0,12.0,1728.0
d36a4e2b3b3896998031588f13c260d5,c64335028a4cef73ba5cda1786f497da,2017-06-23 18:26:25,2017-06-23 18:35:22,2017-07-17,0,rio de janeiro,RJ,70.0,56.4,1.0,1.0,255.0,19.0,15.0,20.0,5700.0
fa2fd7d7b1621c17e9a3e934e8e2f5a8,96e2d32c707893b312fabc1c8bf98086,2018-01-14 20:22:46,2018-01-14 20:31:30,2018-01-30,0,sao paulo,SP,25.0,7.78,1.0,1.0,250.0,24.0,15.0,16.0,5760.0
9d861ac27142c9f86a4787f50247f486,dda506e73a7b3cad2ce4b09e0ffb5e68,2017-07-20 17:32:44,2017-07-20 17:45:18,2017-08-21,0,candido sales,BA,259.9,18.26,1.0,1.0,300.0,16.0,11.0,20.0,3520.0
fc01b3ae390d2a2ed60bc4a3d68b577f,6b4e082b14e562a79465f516bd129f3b,2017-07-06 12:53:06,2017-07-06 13:05:21,2017-08-10,0,salvador,BA,159.98,55.56,1.0,1.0,14600.0,58.0,20.0,58.0,67280.0
710d9b541d2ae52ef56ef33f5e1b795c,8f9cdc2bab0d953cab1e98d25253d8fe,2017-09-27 13:45:14,2017-09-27 13:56:24,2017-10-25,0,urania,SP,279.99,28.28,1.0,1.0,10150.0,89.0,15.0,40.0,53400.0
8f4855298c9242f63d934ee48d41253f,2a62f1b9ad1f18bf82474709ddb7dee6,2018-03-19 14:51:25,2018-03-21 02:51:11,2018-04-20,0,rio de janeiro,RJ,65.9,19.43,1.0,1.0,675.0,40.0,18.0,35.0,25200.0
2c78914d7d6e6d7a648d2fcdd67e8c3c,d2af3edd6b796f2a252e76b0ecce3fc8,2017-07-13 09:57:08,2017-07-13 10:05:13,2017-08-10,0,sombrio,SC,49.9,19.59,1.0,1.0,1400.0,43.0,5.0,30.0,6450.0
9372445ddc10678e804717702a911665,1dcbfa08476cebf4fee1bc3d400389a9,2017-03-13 15:49:14,2017-03-13 15:49:14,2017-03-31,0,ribeirao preto,SP,31.5,21.92,1.0,1.0,178.0,18.0,11.0,17.0,3366.0
ed71db1a67b318e8a56778f4f380e267,e572951f62a83fa3b6dbec2cb0722cf9,2017-09-28 23:42:32,2017-09-28 23:56:07,2017-10-24,0,itumbiara,GO,45.9,15.1,1.0,1.0,150.0,16.0,16.0,11.0,2816.0
bf31be735f38663cdc8cb59406c06017,284b5f3a0e56cef507a1747582056bbf,2018-01-17 22:27:45,2018-01-17 22:35:31,2018-02-01,0,sao paulo,SP,52.0,11.73,1.0,1.0,6600.0,45.0,25.0,35.0,39375.0
153838ce98aa788f035477b4ee3b102c,253a835620b86f2b742b951a6d8ace3e,2017-07-27 09:37:26,2017-07-27 10:22:51,2017-08-30,0,recife,PE,69.0,28.88,1.0,1.0,1500.0,30.0,20.0,17.0,10200.0
56ccc1571462d48192dc45fba66fb7d5,7d6a7b972385ef00c9b4bcaa9ce6e2b9,2017-07-23 21:11:24,2017-07-23 21:25:14,2017-08-11,0,sao paulo,SP,38.0,12.69,1.0,1.0,825.0,16.0,14.0,21.0,4704.0
a9eec2aaf2814129ba011047ae8484b6,edd13a1ddf89812084c9545dadc62505,2018-04-02 20:49:48,2018-04-02 21:09:30,2018-04-18,1,sao paulo,SP,149.98,26.85,2.0,1.0,850.0,16.0,10.0,16.0,2560.0
7a1309150f5d32c660989e9fc5dbcbc4,cec0f9df31c64636ab663d68079cfb2f,2018-02-15 11:00:48,2018-02-15 11:30:27,2018-03-19,1,coronel vivida,PR,89.0,17.87,1.0,1.0,6450.0,60.0,14.0,38.0,31920.0
550e1d4daa21983f7bac6b2f83c40365,a2525dd8bdfff742ec033935e24d66ec,2017-03-05 20:49:55,2017-03-05 21:02:47,2017-03-27,0,brasilia,DF,29.9,15.56,1.0,1.0,1600.0,35.0,6.0,32.0,6720.0
4ade81c98608cbcec03c4c345efaed72,8df178ced93d8d488dfceefc8f619d9a,2018-01-13 11:40:00,2018-01-16 03:50:25,2018-02-05,0,barueri,SP,89.0,13.64,1.0,1.0,10950.0,60.0,20.0,17.0,20400.0
300222059680c43ac9e49247244f8391,fb17e35a1d45d98e720b787b53e9feea,2017-10-09 14:05:28,2017-10-10 06:33:32,2017-10-31,0,pirai do sul,PR,43.6,30.2,1.0,1.0,150.0,16.0,14.0,11.0,2464.0
1a0f86a669f41850ec641339c19c8792,d58c8453a61c2b4abcf15e051200635e,2017-07-17 22:46:31,2017-07-18 00:30:24,2017-08-14,0,sao paulo,SP,59.98,24.96,1.0,1.0,1050.0,34.0,6.0,28.0,5712.0
ae4a905f158c49a81cd20d36a52ccc4b,80dceaacd607fe2959006b3796ad8a4d,2017-06-21 17:28:49,2017-06-21 18:32:58,2017-07-04,0,sao paulo,SP,75.0,11.73,1.0,1.0,2300.0,50.0,10.0,50.0,25000.0
bde06a769a934fd5e54ef3a8019a4e72,04eec7a0a61d36a9fc40fbce299ea2a0,2017-12-18 16:45:55,2017-12-18 17:51:12,2018-01-26,1,sao luis,MA,199.9,43.81,1.0,1.0,3350.0,35.0,20.0,20.0,14000.0
9627fa80c5ea19a5c9a42409235ab2a6,4a3d5744c281ca00b0662c8d46d6c484,2017-09-20 14:40:12,2017-09-20 22:33:50,2017-10-19,0,belo horizonte,MG,159.9,22.99,1.0,1.0,3127.0,41.0,35.0,32.0,45920.0
293f88e33dd760720e689b394b3fadcb,44d7732397bb805d006dadf160428c85,2017-11-21 12:47:32,2017-11-22 16:06:46,2017-12-07,0,bauru,SP,60.0,11.92,1.0,1.0,475.0,23.0,23.0,21.0,11109.0
2671fbea1d23cb4415ae5e3902961d61,707820300c6625542265b552fbdb4700,2018-01-25 16:24:17,2018-01-25 16:34:56,2018-02-22,0,extrema,MG,87.0,15.36,1.0,1.0,995.0,27.0,6.0,20.0,3240.0
7d892708f2153d1763c61337cf6ba495,5a2e36e29494ce0f03e22c7f28df6617,2017-06-23 09:23:10,2017-06-24 02:25:15,2017-07-20,0,santa maria,RS,71.69999999999999,48.33,1.0,1.0,553.0,18.0,9.0,15.0,2430.0
5f9b2cafa834aef683c653590c8918f2,2e987291c3fad1c8a06a9a93bcc3e03d,2017-07-14 17:51:55,2017-07-14 18:05:33,2017-08-15,0,coruripe,AL,98.0,36.01,1.0,1.0,925.0,25.0,6.0,16.0,2400.0
d6f8b3535ac92252b48bd5e4c47a6593,44d347aa77b1bae4e5107c9dc3dde6f4,2018-01-04 23:18:09,2018-01-04 23:28:31,2018-01-31,1,sao mateus,ES,114.9,18.05,1.0,1.0,1800.0,43.0,8.0,33.0,11352.0
a6b961bbc6456602f652d926ee9ccd0a,925ec3754a8d9564f2c424924db3a937,2017-11-08 08:27:31,2017-11-08 08:46:14,2017-11-29,0,mambore,PR,79.9,14.29,1.0,1.0,1400.0,27.0,22.0,39.0,23166.0
0c956783114b7ac9633e16c494c191ce,7556392e5dea50250680dc5e7674cc7d,2018-01-14 20:05:34,2018-01-14 20:14:25,2018-03-02,0,rio branco,AC,88.34,52.98,1.0,1.0,2500.0,60.0,12.0,20.0,14400.0
4e1f85dd4d12e685a7cc827f2341e25c,e65b1829e83ccd4edf454c68d6b87e65,2017-12-04 09:42:14,2017-12-05 11:29:57,2017-12-28,0,sao paulo,SP,148.0,17.29,1.0,1.0,850.0,69.0,11.0,11.0,8349.0
70e51d3f5d7998b5e5dc66bf35d31425,50117c5a5e5835462f0b883c2deca4e6,2017-05-03 13:06:02,2017-05-04 10:30:39,2017-06-02,0,vinhedo,SP,59.74,18.7,1.0,1.0,1400.0,35.0,13.0,35.0,15925.0
bb61950e7ebdb94de7471ce0d4fce73b,dbe32b3853560060d8d62657f15d77ec,2018-02-05 10:50:58,2018-02-05 11:13:05,2018-03-08,0,sao paulo,SP,35.0,11.85,1.0,1.0,150.0,21.0,9.0,14.0,2646.0
fcda5efd5784446de6cc277ef91e6e2a,ef8ca6de2f90db6f28b22103b9993532,2017-11-22 00:39:48,2017-11-22 00:52:32,2017-12-14,0,belo horizonte,MG,59.9,16.99,1.0,1.0,650.0,20.0,8.0,14.0,2240.0
de1fd807103f4bbdf1bd55bcceec0276,edac083f1a20e237fc65e3c159623f76,2017-06-12 20:44:04,2017-06-12 21:20:15,2017-07-05,0,rio de janeiro,RJ,57.9,28.32,1.0,1.0,450.0,20.0,9.0,14.0,2520.0
7a52ab63cda983a2713878fc7e994277,bd96ad9d1c5bc76bc56f5becb99f39e9,2018-04-04 20:16:29,2018-04-05 20:10:22,2018-04-30,0,santo andre,SP,199.9,20.37,1.0,1.0,800.0,20.0,50.0,40.0,40000.0
64999819cdd2759997379730b8aa6e22,a55be87e0827244fc065dff0bd28b41b,2017-11-03 19:20:02,2017-11-07 07:30:45,2017-11-24,0,itupeva,SP,56.99,11.9,1.0,1.0,400.0,18.0,11.0,20.0,3960.0
65dfd5eb6f5db48fcf9b5e4f5c8f1391,c3d1f7d1843910b559fe6ea1f7f09c7d,2017-11-01 14:10:46,2017-11-01 14:31:34,2017-11-29,0,altonia,PR,175.0,21.72,1.0,1.0,5600.0,45.0,20.0,37.0,33300.0
c1efdd2d9175b13e263d77e6ff0803ff,5914948062fa3526833e5f12ad03539d,2017-10-16 19:57:19,2017-10-17 04:06:55,2017-10-26,0,santa barbara d'oeste,SP,25.99,7.78,1.0,1.0,150.0,19.0,4.0,20.0,1520.0
343ee80178e16012130cb0007eac5888,aeed83f14583aecd0c82d49c45a833a8,2017-11-25 16:16:35,2017-11-25 16:32:57,2017-12-22,0,jaboatao dos guararapes,PE,294.0,28.2,1.0,1.0,2800.0,104.0,5.0,80.0,41600.0
32e761ce606f7a8625682e65990b94ed,d7ee3bfb60f039d94e21001ab6a9a7af,2018-03-26 07:29:31,2018-03-26 07:47:22,2018-04-06,0,santo andre,SP,98.94,47.22,1.0,1.0,300.0,18.0,18.0,18.0,5832.0
57db3577cc4d6b5ab2b9849d29c3fc61,116a6192abd7a39c88a68636c0665c2d,2018-04-07 21:18:46,2018-04-07 21:30:12,2018-05-11,0,palmitinho,RS,48.9,18.23,1.0,1.0,1250.0,35.0,7.0,48.0,11760.0
fc7c515dffd4c3841716ab3f51ba3bad,445ba6c382e34aeb1d2f8ffe7b19bc78,2017-08-19 15:27:54,2017-08-21 10:04:39,2017-10-09,0,curitiba,PR,75.0,8.11,1.0,1.0,300.0,21.0,12.0,12.0,3024.0
4af5a3b197af9f20f2ad9f856fdcc301,e2fe7e66eea033448291e758ade41374,2017-10-01 22:55:25,2017-10-01 23:07:12,2017-11-08,0,pontes e lacerda,MT,109.82,20.01,1.0,1.0,7000.0,55.0,15.0,42.0,34650.0
ed836a8fccba401754e0b283c9b32f09,cd259f364efa4e2633c2d2d2dd6f25c6,2017-11-11 17:22:10,2017-11-11 17:30:44,2017-12-04,0,curitiba,PR,24.99,14.1,1.0,1.0,300.0,17.0,4.0,12.0,816.0
01b703d8365608f2b01ed9c076d0b3dc,475eec32deae43c1479b18acc1f7781d,2018-01-05 17:14:30,2018-01-06 17:08:23,2018-02-01,0,cotia,SP,46.55,12.69,1.0,1.0,550.0,16.0,14.0,17.0,3808.0
4c8649cbc5b80495a3d6df0ef599072c,a0757a9319476fb9a600286c43fb4acb,2017-07-27 13:36:29,2017-07-27 13:45:15,2017-08-24,0,sao paulo,SP,72.9,12.85,1.0,1.0,900.0,30.0,4.0,20.0,2400.0
2cd4d457a1de3adcdb9d8237cb975c6d,8e6d1663d54c1c7aac1cb0bae73df8b4,2017-10-16 17:03:04,2017-10-17 17:14:32,2017-11-17,0,aparecida do taboado,MS,1490.0,115.14,1.0,1.0,22900.0,87.0,40.0,30.0,104400.0
8505cbf7005b6ec865878f42abdb291a,435bbbf7a1d328975b15ebb8eece0d8f,2018-02-18 18:08:34,2018-02-18 19:10:25,2018-03-14,0,resende,RJ,34.9,15.1,1.0,1.0,250.0,17.0,11.0,13.0,2431.0
e39540a5cc5d31832456faa0dab449c1,bab7a84c462498deb31eef36223fd56a,2017-03-14 22:26:56,2017-03-14 22:26:56,2017-04-03,0,belo horizonte,MG,20.9,8.72,1.0,1.0,200.0,41.0,2.0,29.0,2378.0
01f11912a2c502cc940f607b1f6b2ab0,3b01c1a86716aef93f40e4136bc1866e,2018-02-05 18:40:32,2018-02-05 18:50:33,2018-03-09,0,japuiba,RJ,120.0,45.3,1.0,1.0,5950.0,20.0,20.0,20.0,8000.0
f7a1e468985217906faa7ad93b8a3f38,d4d6670e1258513bd852a41914b4f1f4,2017-12-04 12:59:29,2017-12-06 02:50:09,2018-01-09,0,passo de torres,SC,140.0,15.73,1.0,1.0,175.0,20.0,20.0,20.0,8000.0
326c5dc4aaf9daba2e0b813c4086156f,4162174e341be4246be9469de35dcce0,2018-01-14 21:58:40,2018-01-14 22:09:18,2018-02-14,0,palmas,PR,64.5,18.02,1.0,1.0,500.0,19.0,49.0,39.0,36309.0
4f04cf5f96101782fbd1b6cf9ec942ea,42262967d28e564f7c9f5cc3bd304d38,2017-07-04 20:12:16,2017-07-05 17:42:45,2017-08-01,0,varginha,MG,230.0,46.11,1.0,1.0,24400.0,50.0,50.0,45.0,112500.0
2f3187c040a5b2888773b44ae1c74c27,b4c4eac1c50f31216707a413ab2706bd,2018-01-05 21:29:54,2018-01-06 02:08:55,2018-02-02,1,florianopolis,SC,69.9,19.98,1.0,1.0,2600.0,50.0,10.0,30.0,15000.0
181777e7d3379b0f81d408dfa33487f1,d30e1ada49b2fba761241d26e815e6c9,2017-11-26 13:10:35,2017-11-26 13:31:07,2017-12-15,0,campinas,SP,33.0,13.37,1.0,1.0,650.0,16.0,10.0,16.0,2560.0
ba35a05db9ebce9e0964160badeda9b8,4c22b6fbb2fa829e31d83b4160faa4ee,2017-08-20 14:29:32,2017-08-20 14:44:21,2017-09-21,0,salvador,BA,89.9,18.2,1.0,1.0,600.0,50.0,10.0,12.0,6000.0
55d5398213ed7a57e6841a7f436872fd,6a3f54e68ac3455c4522cfed7fc7ed3c,2017-09-05 22:06:34,2017-09-05 22:15:25,2017-09-18,0,campinas,SP,40.0,8.27,1.0,1.0,50.0,16.0,16.0,17.0,4352.0
3d48d7055649a7d98f6a19f781314830,55b310ca8e15aae5537a5a579e8f26ed,2018-03-15 15:05:33,2018-03-15 15:15:41,2018-04-03,0,sao paulo,SP,70.9,13.86,1.0,1.0,1150.0,35.0,35.0,35.0,42875.0
83ce09b55f29086739212db0e38aaca1,978ab92450ae467eee081d04e8b665bb,2018-01-22 12:26:53,2018-01-23 12:29:58,2018-02-19,0,cosmopolis,SP,124.99,14.62,1.0,1.0,375.0,29.0,14.0,20.0,8120.0
14eebf4ee4861266179c58676b1bccf8,c688fdcdf9d057a81a25e0ac6e2fb5da,2018-02-16 08:37:36,2018-02-16 09:31:06,2018-03-05,0,indaiatuba,SP,69.9,9.34,1.0,1.0,700.0,68.0,8.0,13.0,7072.0
3fdefa9c3acc81330a96d4a049368155,2f2d8f0427d9d1ee0220bb26d111e5fe,2017-06-01 02:12:43,2017-06-01 02:30:11,2017-06-22,0,guarulhos,SP,99.99,9.51,1.0,1.0,550.0,100.0,6.0,50.0,30000.0
4fe73718f01ee4a8a5edb8f5c72d1994,051eca5824715d378df187a46e1005e5,2017-08-21 22:49:20,2017-08-21 23:05:30,2017-09-25,0,fortaleza,CE,29.99,17.63,1.0,1.0,100.0,16.0,6.0,14.0,1344.0
7c749191ee3a17f34cbfcf6ddd2009ac,2f58942ce22a94bab8236b05f48b2ab9,2017-05-09 12:36:05,2017-05-10 06:35:31,2017-05-29,0,taboao da serra,SP,1199.9,34.72,1.0,1.0,2600.0,38.0,18.0,23.0,15732.0
f49edcfe5848443af94ac0c4abfd567f,0f23c6bff75a40bdcb20ec9086522179,2017-06-27 14:42:12,2017-06-28 02:10:26,2017-08-02,0,boa vista,RR,31.9,31.02,1.0,1.0,200.0,41.0,2.0,29.0,2378.0
8b3bd30a8fe107026953fde99e95e351,4d842ab53e4a51551f795bcc1a742dc1,2017-11-21 23:51:33,2017-11-22 21:29:45,2017-12-12,0,petropolis,RJ,493.24,56.54,1.0,1.0,900.0,23.0,7.0,16.0,2576.0
b529b5646a76c35baa0f143c06c4362a,ae5a0cc27a6c62814813be49a79a70bf,2017-11-29 11:36:20,2017-12-01 11:31:53,2017-12-22,0,sao paulo,SP,712.5,49.45,1.0,1.0,11050.0,30.0,43.0,53.0,68370.0
8ecd4e086e06a6e3b98920c11b565fc8,76dfc9b4b9bce12fcd7523f8202f97f5,2017-12-14 01:05:06,2017-12-15 02:19:40,2018-01-17,0,curitiba,PR,29.9,15.1,1.0,1.0,350.0,16.0,16.0,11.0,2816.0
cd9d1d8f26cd28414908863fd4538ef6,a2f67e0aee80c6169e09d448c35d379d,2017-07-09 12:44:54,2017-07-11 04:04:07,2017-07-28,0,osasco,SP,45.0,12.69,1.0,1.0,5700.0,39.0,30.0,29.0,33930.0
e10b36804f91a77995a7a1f3b5454f24,0f751fe5ddfc5d40e6e4d1be087558ff,2018-01-06 13:54:10,2018-01-06 14:06:56,2018-02-06,1,rio de janeiro,RJ,160.55,25.87,1.0,1.0,6400.0,63.0,11.0,63.0,43659.0
44a95b47b4bdb74a2bb1b947e9070e2a,ee3b4b2a37bfecd113a6095902de1b0e,2017-08-03 07:27:17,2017-08-03 07:35:14,2017-08-28,0,sao paulo,SP,49.95,11.85,1.0,1.0,450.0,25.0,9.0,19.0,4275.0
a61151bf7c6ab99c973aafb3382f4781,c8e41791508ca5cf1fe0d9d49c75cf31,2017-09-11 12:00:17,2017-09-12 12:10:18,2017-10-17,0,santarem,PA,40.9,54.02,1.0,1.0,100.0,25.0,2.0,15.0,750.0
d7c877c5db825f754e75a32ac35e13b0,75cc2d098cc1aa9cb7ea863100b5c200,2018-03-04 15:23:16,2018-03-04 15:35:29,2018-03-28,0,camboriu,SC,240.0,36.18,1.0,1.0,2000.0,30.0,12.0,16.0,5760.0
2f9461545e91fb9fde10a190a2986c34,3efca0204e57fb8a63a96188d66f3891,2017-12-04 21:21:14,2017-12-05 07:30:43,2017-12-27,0,rio de janeiro,RJ,499.0,48.96,1.0,1.0,13800.0,50.0,20.0,40.0,40000.0
5abedb82bfd5944d04bd7e074f189dba,385826fa4890fd6d52d6db2a12991aec,2017-12-15 12:52:08,2017-12-15 12:58:24,2018-01-18,0,uberlandia,MG,59.0,19.65,1.0,1.0,1600.0,80.0,7.0,20.0,11200.0
e1d1213b6608018866541300bc7e095c,0a1bd304aedee91a65a9692e70d91998,2017-09-18 12:21:43,2017-09-18 12:30:20,2017-10-09,0,vila valerio,ES,396.0,37.28,1.0,1.0,1200.0,54.0,8.0,11.0,4752.0
9b402354813f3cab904867d9ca2dfc92,8557eb2ca315c2368a3bc93748fe49c2,2018-02-18 15:18:40,2018-02-18 16:26:31,2018-03-14,0,rio de janeiro,RJ,356.0,18.25,1.0,1.0,750.0,21.0,10.0,14.0,2940.0
e0f2960cae7a59eeda7cc3c30ec0fa0c,b46cba739f0049bbfd7731932a0aa987,2017-04-27 17:47:20,2017-04-27 18:03:22,2017-05-29,0,sao goncalo,RJ,35.9,15.56,1.0,1.0,600.0,47.0,13.0,13.0,7943.0
dd812caab973d1343bb8acb37736f55e,e82d6367836edabacca2a82a785e6e00,2018-03-29 18:23:50,2018-03-29 18:47:47,2018-04-17,0,francisco morato,SP,55.9,17.3,1.0,1.0,1500.0,40.0,15.0,32.0,19200.0
64ba433f9d86e1df4e9cb86b1a3884d1,b19fa13f00227b289b6d04e426f9673d,2017-01-26 21:11:42,2017-01-28 21:32:16,2017-03-08,0,porto alegre,RS,21.98,31.3,1.0,1.0,100.0,16.0,5.0,13.0,1040.0
c308d0d781ddbf00ef974e5dfd79d746,2c2c6d6306525aa4e3b0508924c7e553,2017-04-23 11:12:58,2017-04-25 07:55:48,2017-05-11,0,sao paulo,SP,84.99,11.97,1.0,1.0,2200.0,48.0,25.0,25.0,30000.0
ad495862e703fd1bd9d104eb8a8933a6,be30da9b0ffa485606a40c62df6ee7a2,2018-01-28 20:10:03,2018-01-28 20:17:31,2018-03-08,0,belem,PA,29.99,17.63,1.0,1.0,250.0,17.0,7.0,13.0,1547.0
9be42eec91e05104d84b81e71a9e6b81,89232b00f62b63711ba3be0c01a172b0,2017-10-30 19:03:45,2017-10-30 20:31:37,2017-11-07,1,santo andre,SP,219.0,29.91,1.0,1.0,10700.0,100.0,55.0,16.0,88000.0
5766a94fc9251eeea6bfe0ac7618d5b1,e0fd6912345f73936eb2dbca57e223e9,2017-12-23 21:39:19,2017-12-23 21:49:44,2018-01-19,0,santo andre,SP,115.0,16.44,1.0,1.0,2550.0,45.0,13.0,35.0,20475.0
7061cd4574453f33b42776247c247ac7,c3026de69a46c492b925e7ece4d9fc94,2018-01-22 22:42:18,2018-01-23 22:34:50,2018-02-09,0,sao caetano do sul,SP,99.0,31.0,1.0,1.0,15400.0,40.0,60.0,40.0,96000.0
42f2f38b2e99615f8fa65dd99a455294,b3721a883e1de4df72f355ec21c8620d,2017-10-21 16:13:44,2017-10-21 16:28:15,2017-11-21,0,governador eugenio barros,MA,346.32,71.13,1.0,1.0,9050.0,56.0,26.0,28.0,40768.0
f40d3749a6d621bb95be74a8ce79e06f,3689abfed7e332a5cf585915310c0056,2017-02-08 12:53:38,2017-02-08 13:15:10,2017-03-16,0,campestre da serra,RS,1323.0,24.96,1.0,1.0,600.0,23.0,19.0,15.0,6555.0
a6a5d5673d42186a8b8b94ad29b59897,f273dd8c96c0c0ae03dd3cba3014f4cb,2017-05-15 00:45:02,2017-05-16 01:00:34,2017-06-19,1,presidente prudente,SP,899.8,347.56,1.0,1.0,30000.0,60.0,70.0,60.0,252000.0
53abe7c4aed1dfb3bf25e69723fd9a4d,49b471ebcb1aff8733ec7a476bcb4a10,2017-06-09 16:13:00,2017-06-13 04:30:32,2017-07-11,0,sao paulo,SP,271.8,32.4,2.0,1.0,508.5,24.0,15.5,16.0,5952.0
8b8c17015e5e5bea026c24e0f03c9dcf,1d53f05ca91642eb19cd75a96296c152,2017-03-06 02:21:22,2017-03-06 02:30:17,2017-04-04,0,itaqui,RS,59.8,44.56,1.0,1.0,1600.0,35.0,6.0,32.0,6720.0
dda6159b6aed44fa0e12c2e7ebc710d3,6d78ed30c05532b1c9dc1c2a45cf55e4,2017-09-29 20:03:15,2017-09-29 20:14:18,2017-10-18,0,sao roque,SP,40.0,58.9,1.0,1.0,1000.0,26.0,8.0,33.0,6864.0
301c441176beabdc9ef015807d9290aa,200c580999cc1e2c937f6e2f82eb04d3,2017-06-29 00:20:21,2017-06-29 00:30:20,2017-07-12,0,sao paulo,SP,91.98,17.44,1.0,1.0,500.0,19.0,17.0,25.0,8075.0
bb7f386eccdada8610770251d6698b13,c1f792df39a09f85c4ae6258e171e1dc,2018-03-23 20:49:57,2018-03-27 03:56:00,2018-04-16,0,corinto,MG,39.0,18.23,1.0,1.0,200.0,16.0,2.0,11.0,352.0
6bc068075770cc66b2bd231aec60f1be,14f48ad16762cbf2cd2fbd4d0e8c9ffc,2018-04-02 21:47:07,2018-04-02 22:09:36,2018-04-12,0,sao paulo,SP,49.8,14.78,1.0,1.0,150.0,16.0,5.0,17.0,1360.0
41592d2f13bff6d83152f39754f78552,d06700a6178066421f3bcc4e834926c4,2017-12-11 23:55:56,2017-12-12 00:29:06,2018-01-05,0,sao paulo,SP,39.9,15.11,1.0,1.0,950.0,40.0,2.0,30.0,2400.0
4c30a2a359ec6761932ab678ab9752b4,8603ee4e79703356c59ceb07a2deb05a,2017-09-07 08:08:02,2017-09-09 05:10:24,2017-10-11,0,avelino lopes,PI,21.99,34.15,1.0,1.0,150.0,19.0,4.0,11.0,836.0
398769344b1dcb8e4c13da1adc6bb4e3,f0597df49aa2644b5ec514baa2229271,2017-10-16 21:53:59,2017-10-16 22:14:22,2017-11-01,0,caieiras,SP,108.99,16.39,1.0,1.0,2200.0,45.0,25.0,35.0,39375.0
4eb910d27cb13ee96a5e5c6dacfe4e4a,607bf1e28bda8abb586b37e68ba5dc7b,2017-10-20 14:51:17,2017-10-20 15:06:05,2017-11-08,0,sao paulo,SP,69.9,12.83,1.0,1.0,800.0,45.0,15.0,35.0,23625.0
4eb56038347ee86edd66fb4f2abb0aa5,e4cc1e7dfd86a43889911abfe12481e8,2018-02-19 08:15:50,2018-02-19 08:30:32,2018-03-13,1,sao jose,SC,65.99,16.71,1.0,1.0,700.0,42.0,25.0,15.0,15750.0
b91a17f9c1968b21a333460f687fe2a9,97acc79130760aef0e4167209d229e9c,2017-08-13 13:09:12,2017-08-14 15:31:22,2017-09-15,0,barbacena,MG,890.0,176.86,1.0,1.0,30000.0,55.0,75.0,61.0,251625.0
a28ec7941efe2655038ddb642b53c2af,522ea5848b2c1c74cc7c19c199f72564,2017-09-01 00:23:50,2017-09-01 00:48:49,2017-09-22,0,angra dos reis,RJ,129.9,16.67,1.0,1.0,550.0,33.0,28.0,41.0,37884.0
d6f83d3377bbf1697831ea355301fb87,f3e73ca7cd85db9bb9be47fc88d38bc8,2017-01-23 18:56:45,2017-01-23 19:10:11,2017-03-02,0,tres irmaos,RJ,139.8,31.4,1.0,1.0,950.0,45.0,15.0,35.0,23625.0
83167649ca3fb63d1a7daada42232e14,03a6f3a3935165f5d26f4797ba6039bb,2017-04-06 17:11:06,2017-04-07 03:10:48,2017-04-27,0,sao paulo,SP,2492.5,74.4,1.0,1.0,800.0,18.0,22.0,18.0,7128.0
643a4b4184a5186bbc7ef0a52db34906,3c0c18b834b8f01bc414c2a3f4752fd1,2017-09-29 19:26:41,2017-10-03 06:34:20,2017-10-17,0,sao paulo,SP,259.9,33.42,1.0,1.0,11600.0,58.0,20.0,58.0,67280.0
003d804eef0e1b856881cd18e0cc0d4c,1c1bfb2cd4aa789067295941c42120ff,2017-11-17 19:43:10,2017-11-18 12:15:18,2017-12-18,1,imperatriz,MA,277.0,35.74,1.0,1.0,533.0,20.0,8.0,11.0,1760.0
bcd050a34214fa492826f945e3425650,b70f1d9626c60f9f1dd1e0ecf94c7c13,2017-12-06 22:28:19,2017-12-06 22:35:23,2018-01-03,0,cariacica,ES,349.9,17.2,1.0,1.0,350.0,20.0,11.0,13.0,2860.0
347bc72bacf7a7b2b2293708ed82ff0f,8a7cb9ea3bb01a16c4b51f5735f7188d,2018-02-21 21:53:33,2018-02-21 22:10:25,2018-03-07,0,belo horizonte,MG,29.9,9.09,1.0,1.0,150.0,16.0,5.0,11.0,880.0
b6b88bb7090445219baad4d67eda6ce6,3e27365a6edfc3cbb04903981b4d9460,2017-05-02 14:07:29,2017-05-02 14:22:41,2017-06-12,0,sao leopoldo,RS,59.8,62.76,1.0,1.0,3325.0,30.0,11.0,30.0,9900.0
4e5fc24885f6bdf62a3179c0b6fd302e,1c5a18f7ecfa0ac0afbf4560a89f7dd9,2017-11-06 23:09:55,2017-11-07 23:10:56,2017-12-01,0,rio de janeiro,RJ,72.9,18.08,1.0,1.0,400.0,70.0,10.0,20.0,14000.0
467f3d18f63e2f01ade50df74d40457b,9b28e0736b3a594b4d253cb11227d360,2017-11-25 00:18:14,2017-11-25 02:18:31,2017-12-11,0,limeira,SP,49.9,9.09,1.0,1.0,400.0,50.0,3.0,25.0,3750.0
8a32a50c6b4576d818f3e7b9e077aac2,a3e6a84c624d9e25cb5ef7eb8bca4e17,2018-04-11 12:44:12,2018-04-11 13:09:55,2018-05-02,0,patos de minas,MG,65.9,19.43,1.0,1.0,500.0,50.0,5.0,30.0,7500.0
50c2a6b25b1df03eff6f7249da47f931,7186629c8f63f25677899ab5350688c2,2017-10-16 12:16:46,2017-10-16 12:34:09,2017-11-03,0,sao paulo,SP,246.62,24.05,1.0,1.0,900.0,23.0,7.0,16.0,2576.0
9c4b8eb5f1fb4f2b71018a6695171ca3,a341731cfc9dd5db5a49fea0ac04f97b,2017-09-06 20:39:57,2017-09-06 20:55:13,2017-09-25,0,cacapava,SP,18.17,11.85,1.0,1.0,150.0,43.0,13.0,14.0,7826.0
ac3ce7eda1246f39509a505242fcc169,f2507ea56d748a23037bb1214964e87d,2018-03-23 11:48:15,2018-03-23 12:09:02,2018-04-05,0,sao paulo,SP,27.0,26.64,1.0,1.0,150.0,23.0,15.0,15.0,5175.0
bf8335c7f470714a6a72b83d1fd1796c,cc7f125c5af9a10f69d05186b36fdf3b,2017-11-09 15:19:46,2017-11-11 02:55:35,2017-11-29,0,rio de janeiro,RJ,354.0,119.28,1.0,1.0,9350.0,55.0,55.0,22.0,66550.0
00bcee890eba57a9767c7b5ca12d3a1b,3cecfffcfcdbac8b85cf74dfc8a60166,2017-07-22 20:51:26,2017-07-22 21:05:07,2017-08-21,0,brasilia,DF,672.41,100.09,4.0,2.0,668.75,24.5,14.25,17.25,6022.40625
9711d75c7f14daa7b898759d42b9af64,77fa72bb31036e933952e5462cdb922c,2017-08-24 12:25:32,2017-08-26 02:11:07,2017-09-18,0,verissimo,MG,69.99,16.25,1.0,1.0,1050.0,24.0,29.0,23.0,16008.0
fd571ab12e8d263eaf309774eedfcfeb,49eb2dde34c23bd4b6c4c6a137826ac2,2017-08-02 17:13:38,2017-08-03 03:05:52,2017-08-28,0,pelotas,RS,890.6999999999999,58.0,2.0,1.0,1983.3333333333333,40.0,6.0,35.0,8400.0
814f83a0c457db5d3220e5e7367a944d,0d45bdea2b7f24d31d6d7da7a8c12d0d,2017-05-09 17:54:17,2017-05-09 18:10:09,2017-05-29,0,mesquita,RJ,79.9,14.31,1.0,1.0,400.0,30.0,10.0,30.0,9000.0
b35b7430e23fa9b3ef7dee8daadacb75,abb9325afb2095a76844fa08d71109bb,2017-06-02 11:10:09,2017-06-02 11:23:03,2017-06-27,0,sao paulo,SP,34.9,14.1,1.0,1.0,200.0,16.0,9.0,11.0,1584.0
0a80da8a2e86f5f401c7514602bc1105,351c4091b6f035cbc49b25c86db368fc,2017-03-24 16:48:47,2017-03-28 04:03:14,2017-05-03,0,boa vista,RR,34.99,28.97,1.0,1.0,200.0,19.0,3.0,11.0,627.0
332bbeb5cdd458723fa3565220c997ab,a8a23df854bb534c69e1ce1bae1ecb29,2017-05-19 10:26:04,2017-05-19 10:35:24,2017-06-12,0,taquaritinga,SP,144.99,15.76,1.0,1.0,487.0,19.0,12.0,16.0,3648.0
c3c89975672c8d80882dbd9b7b04efbc,96526ba241a6647dfdedf3468b07ef8d,2017-05-26 12:51:19,2017-05-26 13:04:24,2017-06-26,0,volta redonda,RJ,109.9,20.01,1.0,1.0,9400.0,75.0,15.0,50.0,56250.0
8dab252811afef5ef25d5cf29263f9fb,4d23236c4d3bb44a62b0693bfca5fba5,2017-07-08 14:17:21,2017-07-08 14:30:14,2017-07-28,0,iacanga,SP,17.8,12.69,1.0,1.0,275.0,23.0,18.0,28.0,11592.0
177232fa960427ae2a14f6b52a5473b1,89885df937157375f2aea4ccec60d274,2018-01-18 21:03:39,2018-01-18 21:15:27,2018-02-15,0,rio de janeiro,RJ,149.0,40.37,1.0,1.0,6550.0,20.0,20.0,20.0,8000.0
40a0fc3c21a8f455a5f8388ed46408ca,cce4c1ccdf5bcd5226a1265b9e1e9ea4,2018-02-23 18:37:23,2018-02-23 18:47:28,2018-03-26,0,limoeiro do norte,CE,29.99,28.75,1.0,1.0,250.0,23.0,14.0,28.0,9016.0
174e79bb542ecdb5565ec80e1c2d1faf,da5c8804f4a52e2e5dc883d06cef4f16,2017-10-04 01:20:14,2017-10-04 01:35:20,2017-10-30,0,rio das pedras,SP,218.0,14.55,1.0,1.0,1400.0,29.0,26.0,25.0,18850.0
7c2442a9fcc83aece6cfdc4665bba387,d109b1553c5fe3f171e2f453ea2064ef,2017-03-03 13:21:26,2017-03-03 13:30:24,2017-03-24,0,sao paulo,SP,391.8,36.22,1.0,1.0,1000.0,24.0,25.0,21.0,12600.0
7f03a9c134207b5f149bfc911469608a,ff56eb69b7e7abdebc5aa8d66c18df85,2017-06-13 14:25:07,2017-06-13 14:55:30,2017-07-18,0,porto alegre,RS,45.9,16.11,1.0,1.0,700.0,30.0,3.0,20.0,1800.0
b41cfe56ae135b607c1210cd3dd73744,1b5c7a6245081fb431cbc7e64302454f,2017-07-07 14:33:54,2017-07-07 14:45:14,2017-07-31,0,rio de janeiro,RJ,99.9,17.95,1.0,1.0,1500.0,34.0,7.0,32.0,7616.0
0d3346ede30fffc33c30740f06709025,b9502e844e5328a48bfb1f3f03bfd6f3,2017-04-11 22:01:40,2017-04-11 22:15:16,2017-05-09,0,sorocaba,SP,112.0,16.48,1.0,1.0,8875.0,40.0,14.0,43.0,24080.0
24f9740a20c8dfcb718bc68a8722d634,3998a0d02d68754d86e5b95e2ba4add9,2018-01-08 11:13:11,2018-01-09 11:09:29,2018-01-31,0,botucatu,SP,35.0,11.85,1.0,1.0,350.0,16.0,10.0,16.0,2560.0
8dd9758206f8d9c23baf77b965e1c6dc,849d4f35271a07987c6af0c676c5ca31,2017-11-28 14:20:53,2017-11-28 14:32:18,2017-12-20,0,brasilia,DF,84.99,15.35,1.0,1.0,600.0,33.0,19.0,13.0,8151.0
cb5ece4890234f69f2371e3179e42f73,977fce68136a9397a3ea45244cef6c00,2017-09-04 18:00:08,2017-09-04 18:15:16,2017-09-26,0,belo horizonte,MG,180.0,18.54,1.0,1.0,650.0,23.0,6.0,16.0,2208.0
4310dee37e09d3d73cf8c9a63f7b61fc,ed8015d79ac87082198750d415abd7b5,2017-08-03 12:17:18,2017-08-04 06:45:15,2017-08-23,0,guaratingueta,SP,72.5,13.53,1.0,1.0,2700.0,30.0,11.0,20.0,6600.0
993fe6dd93a309500171e1d3b1d9113a,d4912628608c865230b81b506ad14c39,2017-12-06 14:30:38,2017-12-08 02:54:21,2018-01-08,0,imperatriz,MA,84.99,35.91,1.0,1.0,600.0,33.0,19.0,13.0,8151.0
547c0db33c070cc0ddc35ad17750c6f3,d051e78ab899b602d57f5edaca78bfbe,2017-03-05 20:17:09,2017-03-05 20:30:20,2017-04-03,0,vicosa,MG,25.9,14.52,1.0,1.0,300.0,20.0,20.0,20.0,8000.0
f103be8682f589d58ea25909ad7d74f9,42ed17dd9dd112b5f482da819af01e08,2017-05-15 12:01:45,2017-05-15 12:18:51,2017-05-26,0,sao paulo,SP,49.9,12.48,1.0,1.0,850.0,18.0,16.0,18.0,5184.0
7dd7b30b33fdaeb2b55c29b92286627a,ccca5460b81ec0475ec8a506b25f5cbb,2018-02-24 15:42:23,2018-02-24 15:55:33,2018-03-12,0,embu das artes,SP,99.99,11.9,1.0,1.0,900.0,44.0,24.0,31.0,32736.0
2da401a4708b2c6309e7cdf0cfa5419a,c1abff35043c0e725bf14979f11a8e29,2017-07-12 19:09:27,2017-07-12 19:25:19,2017-08-03,0,coronel fabriciano,MG,65.0,15.2,1.0,1.0,100.0,28.0,13.0,12.0,4368.0
5745e260f636fdd0cef91f81a164631d,11cd32106f57df8da221ecbd88155607,2017-09-17 17:01:49,2017-09-17 17:15:09,2017-10-04,0,bananal,SP,129.45,26.939999999999998,2.0,2.0,950.0,38.0,13.0,30.5,15067.0
d82b18538d54e63389c7a2a8bf8a875d,110d1ee2a64ac0d58f0e1161569b6ae4,2017-07-19 23:00:06,2017-07-21 06:43:17,2017-08-17,0,rio de janeiro,RJ,59.9,17.67,1.0,1.0,1850.0,37.0,22.0,40.0,32560.0
14f39bb597d6744309d74e7b9daf849f,7fc4a63752bfc3f56f4b3c89afcf083a,2017-04-11 14:26:33,2017-04-12 14:30:18,2017-05-09,0,sao paulo,SP,110.0,17.51,1.0,1.0,7050.0,75.0,15.0,50.0,56250.0
6aeda8ba5566fca8c69d83795b172e2d,b6bd4e365324b11b1b4f02fd5d045e9a,2017-11-28 15:30:11,2017-11-28 15:36:26,2018-01-04,0,rio do sul,SC,22.0,15.1,1.0,1.0,200.0,20.0,20.0,20.0,8000.0
7afcff8a70c8694553a96a768b4c19c2,36eb0c57b11107352f0eeb0824bd5cbe,2017-11-28 14:12:44,2017-11-30 02:26:50,2017-12-27,0,salvador,BA,86.99,19.85,1.0,1.0,1500.0,48.0,27.0,18.0,23328.0
5a91e5de577ae1b3aa3c3cefe7181bc5,3c8296a5e7b1a8640f6e31bcfff5f41c,2017-11-13 21:36:43,2017-11-13 21:50:22,2017-11-27,0,santo andre,SP,89.9,11.83,1.0,1.0,1500.0,40.0,25.0,20.0,20000.0
7c9530126f54f0e17dc894c9ff16fa26,0363aafa9c54bf423dc9aace78f18f29,2018-02-16 14:21:36,2018-02-16 15:00:20,2018-03-12,0,sao paulo,SP,148.0,17.29,1.0,1.0,1250.0,69.0,11.0,11.0,8349.0
fdbd371c335ecb94ccb8a65c37d8ebba,021ccba47cb1118dfba3213180ffb44d,2017-12-25 20:14:34,2017-12-25 20:28:19,2018-01-15,0,sao paulo,SP,37.99,13.08,1.0,1.0,600.0,16.0,23.0,11.0,4048.0
4f5dbf6461099742aada5e5960f721c4,e3b25a8708f4f6e2f7b6fb5caa2eefe9,2017-05-23 19:02:00,2017-05-23 19:15:14,2017-06-05,0,sao paulo,SP,34.9,8.72,1.0,1.0,700.0,25.0,5.0,19.0,2375.0
1aba68837cfafa9cc4bba58efee87d4a,88bab0875c657d7167d0080bbb4e794a,2017-10-23 10:49:50,2017-10-24 03:56:28,2017-11-22,0,salto do ceu,MT,,,,,,,,,
411753995b9d6dde2c840f9b96ad946a,dbf9a1c59cf0d00800719b3c51ca2e45,2017-10-13 21:25:29,2017-10-13 21:35:18,2017-10-25,0,sao paulo,SP,79.9,11.76,1.0,1.0,8350.0,105.0,12.0,45.0,56700.0
0ba07d4c280cb853d92c8734162c1cde,f2f83fa24e988705987bf38370435056,2018-03-01 14:23:06,2018-03-01 15:11:04,2018-03-13,0,sao bernardo do campo,SP,40.0,8.72,1.0,1.0,300.0,20.0,5.0,20.0,2000.0
11c5dd2ae28c08beae350a88aa490d94,e608d750256e65c6b4f434ceab5dc7f7,2017-11-25 13:56:37,2017-11-25 14:16:42,2018-01-24,0,belo horizonte,MG,49.9,16.6,1.0,1.0,1200.0,37.0,23.0,35.0,29785.0
c344a383c1899d935f9b0123c7983658,b8c263617aa4cb9f03eddb774a49f681,2017-04-24 21:30:45,2017-04-24 21:45:10,2017-05-31,0,coracao de maria,BA,279.9,26.16,1.0,1.0,4000.0,40.0,50.0,20.0,40000.0
ea9f37dbd83c492fc3b37d6b9e6441ad,6c5a6b3047a0bd11c828dc61dd4b4ec1,2017-06-11 20:23:20,2017-06-11 20:35:29,2017-07-06,0,sao paulo,SP,109.9,13.79,1.0,1.0,1225.0,38.0,15.0,31.0,17670.0
34fae6658f6eb42ce7f68452fa39d22b,30d6003f0b75734756db08d6c362f7a7,2017-07-21 16:31:53,2017-07-21 16:45:25,2017-08-14,0,pelotas,RS,52.5,15.12,1.0,1.0,425.0,24.0,5.0,22.0,2640.0
d978b987ad3fec35e680ec4e4954c3bb,3f16a23ea2f57ab05ca7faf84886628a,2018-01-15 18:11:11,2018-01-15 18:30:30,2018-02-15,0,belo horizonte,MG,48.9,16.79,1.0,1.0,800.0,26.0,6.0,26.0,4056.0
6faf5506e03c48ca5cd8fec8b1d7d1f0,41018bdb3202b98952b12ecfc16b052e,2017-10-11 13:53:45,2017-10-14 03:28:26,2017-11-08,0,taio,SC,75.0,21.02,1.0,1.0,2600.0,50.0,10.0,30.0,15000.0
ba8ffe0231b633e2aa5526e2a070b3d3,60a5aba7b553b44da85505197830d17f,2017-08-11 07:43:37,2017-08-11 08:03:51,2017-08-31,0,itaperuna,RJ,269.99,18.2,1.0,1.0,2750.0,26.0,42.0,38.0,41496.0
d7734a834b8c2b0138d57157af28e7f1,9a3a72f79c865e8d4778890226b127ef,2017-06-04 20:28:39,2017-06-05 20:35:14,2017-07-11,0,jardim alegre,PR,22.48,19.59,1.0,1.0,800.0,26.0,21.0,21.0,11466.0
0f17366db3415102c789999a513bbd35,d2e68d3ebaf2dc8deaf4cd28ec5c9da7,2017-11-16 13:25:07,2017-11-16 13:35:52,2017-12-14,0,igarape,MG,169.79,15.95,1.0,1.0,793.0,28.0,15.0,32.0,13440.0
a9ed648a6ef557d5075c383b251b4997,1e863570fff8e93ee7db14d56d826a6d,2017-08-13 09:11:38,2017-08-13 09:25:11,2017-09-18,0,sobral,CE,179.0,26.53,1.0,1.0,460.0,20.0,14.0,20.0,5600.0
67a229f0ab226f753f52634f1e6548a8,4fe7ef3f51b83a185b617b87add5e48d,2018-03-16 12:09:23,2018-03-16 12:29:21,2018-04-13,0,luis antonio,SP,38.2,18.23,1.0,1.0,450.0,23.0,15.0,15.0,5175.0
5c79b8c0c788c246d099ed0ac689359e,de522fcdab63e8358310dd48a711be69,2017-07-17 22:09:26,2017-07-17 22:23:40,2017-08-16,0,santarem,PA,113.49,36.11,1.0,1.0,1170.0,47.0,12.0,35.0,19740.0
590fcec4757400bd9242620948a437b7,e5496e9232052f1429e8c4f5cb0a51ed,2017-06-05 12:39:44,2017-06-05 13:42:24,2017-06-28,0,santo antonio da platina,PR,59.55,16.18,1.0,1.0,950.0,31.0,11.0,26.0,8866.0
2ab0be5175c93d7e68f1d91459183a87,32224721a96f2124f81c29c03cb00f9f,2018-03-29 18:23:25,2018-03-29 18:35:50,2018-04-18,1,sao goncalo,RJ,13.65,15.23,1.0,1.0,200.0,25.0,7.0,16.0,2800.0
56137cd32ae890d2f8f4c0b770da009f,1a8a24b6904f80d445faf68aaa56ce35,2018-03-07 16:51:09,2018-03-07 17:40:21,2018-03-29,1,criciuma,SC,1005.63,63.59,1.0,1.0,1400.0,16.0,23.0,25.0,9200.0
5c2e21ced9a53930b7b52dc9efe8628b,f33b127cad2e1ad3d33db4df72ebd159,2017-11-24 13:10:02,2017-11-24 15:15:54,2017-12-28,0,brasilia,DF,714.3,43.99,1.0,1.0,2717.0,26.0,18.0,17.0,7956.0
4427836afdab8880f5ac2b25c710c822,7ef733cf0f7bb156665c627f1f5b4a5b,2018-03-09 19:08:29,2018-03-09 20:00:30,2018-03-29,1,sao paulo,SP,749.9,27.83,1.0,1.0,1575.0,19.0,51.0,20.0,19380.0
c0a1f5741cc59aa9709c497f176d6dc5,c8e2333d8f0ccaef016c6b1a1f28c0f5,2018-01-15 10:00:33,2018-01-15 10:19:20,2018-02-07,0,ribeirao pires,SP,80.0,12.69,1.0,1.0,200.0,17.0,13.0,13.0,2873.0
65492cb556d99eb900c65a4ff79fd3c4,822f09a9859163e0f042c9fb35a02b19,2018-01-28 17:39:53,2018-01-28 17:59:13,2018-02-14,0,cotia,SP,29.0,7.78,1.0,1.0,200.0,16.0,2.0,11.0,352.0
2d2df7f4bac281e16cc44e1c74e87aa1,7c245610a174ec2208ee70ca2b765c3a,2017-12-05 19:03:18,2017-12-05 19:16:28,2018-01-09,0,palhoca,SC,199.0,17.64,1.0,1.0,2000.0,35.0,45.0,19.0,29925.0
8988ef6f1858c7a5aa1615b42f874193,3c69b83927e10699539e3747cc22976d,2018-01-11 14:17:19,2018-01-11 14:27:40,2018-02-05,0,brasilia,DF,399.8,43.78,1.0,1.0,2350.0,33.0,7.0,39.0,9009.0
4b219c12fdb241d6c04908f66f8133bd,c458b7d924dbf3e547f4fe02a7229d9c,2017-07-23 15:52:03,2017-07-23 16:05:25,2017-08-07,0,santos,SP,288.0,85.78,1.0,1.0,19300.0,41.0,76.0,41.0,127756.0
5f2905e9dc8966ce170d8d5f31ba67c6,11f1b2f86c6a83e7fc3ffb49465f5d25,2018-03-12 16:38:27,2018-03-12 16:50:41,2018-04-06,0,salto,SP,29.99,18.23,1.0,1.0,150.0,16.0,16.0,16.0,4096.0
95f621764d58ab2736abbffb39a183da,ee04dd46d48e1dffe76ca651a89bd83e,2018-04-02 23:17:12,2018-04-02 23:28:08,2018-04-23,0,santa maria,RS,117.7,22.53,1.0,1.0,400.0,19.0,13.0,19.0,4693.0
468196883cd3a3d826387fe94c67c92b,a4fa643f7d9de9a32083b61cc0c362e3,2018-02-20 10:41:50,2018-02-20 11:30:52,2018-03-14,1,teresina,PI,13.99,21.15,1.0,1.0,50.0,16.0,5.0,11.0,880.0
c9971f16f56a5775573b08549b2621fb,a04fa231bd8eb0e52359e9882eb0f266,2017-12-11 17:06:48,2017-12-13 02:50:04,2018-01-04,0,marilia,SP,56.99,12.74,1.0,1.0,875.0,25.0,18.0,40.0,18000.0
d01dff4d42c2ef5bdcb2085ccf391ed4,302bd5105bfe26a95e7942e9e85d5b2b,2018-04-04 15:08:43,2018-04-04 15:30:14,2018-05-07,0,rio de janeiro,RJ,35.0,11.39,1.0,1.0,1300.0,16.0,13.0,13.0,2704.0
e4f57706cb8a6fe9b5b33f944807fa03,e160fedb0e31d9f1012c4e023162e923,2017-04-22 20:29:38,2017-04-25 08:02:33,2017-05-12,0,votorantim,SP,19.9,10.96,1.0,1.0,300.0,16.0,16.0,16.0,4096.0
bc4259cb82833f82cf7107fc67843f79,622cba8ef27cf7ad70c0952eebb569c2,2018-03-11 21:31:45,2018-03-11 21:48:33,2018-03-22,0,sao paulo,SP,14.58,8.88,1.0,1.0,150.0,19.0,3.0,13.0,741.0
a5db0385f8aea138fbbb47e6bb8c03e5,bcd1cf06eec92b0c218d121f562de5df,2017-07-30 17:18:58,2017-07-30 17:35:18,2017-08-29,0,icara,SC,59.9,17.67,1.0,1.0,1550.0,30.0,22.0,30.0,19800.0
2b8b7636f69e8dca87850024171a19fa,3f71fba37c2f425974e32151d8771e9c,2018-02-22 21:56:23,2018-02-22 22:08:21,2018-03-26,0,niteroi,RJ,99.0,17.13,1.0,1.0,250.0,16.0,16.0,11.0,2816.0
48d007b3d7183bc54336d813b1380d26,a3bfe1551d298300aa31c837568a68a0,2017-08-03 18:35:24,2017-08-05 03:03:17,2017-08-25,0,duque de caxias,RJ,47.49,16.6,1.0,1.0,1170.0,22.0,12.0,20.0,5280.0
9e06e3dc3431cfc5d70126246373fbef,821ea76972cd17c9b58d81015b797451,2018-03-03 00:53:10,2018-03-06 03:49:36,2018-03-15,0,sao paulo,SP,74.9,9.74,1.0,1.0,850.0,38.0,10.0,38.0,14440.0
8ee3616d5dd7807654cfa5658895cff9,f0c3b92019e378a971f4e17e5885a0dc,2018-04-12 11:21:09,2018-04-13 02:32:26,2018-04-30,0,campinas,SP,13.99,7.39,1.0,1.0,50.0,16.0,5.0,11.0,880.0
e4d1d4db8773f78303824f42f130c88f,e2aa60cca12f694c550a5f58ae651a9b,2017-11-13 10:11:21,2017-11-13 10:26:53,2017-11-27,0,sao paulo,SP,179.49,9.45,1.0,1.0,525.0,18.0,13.0,17.0,3978.0
739677eada57f8079787189697f71d74,60295e486ecc60549fd858f3eb8395f1,2018-03-08 12:00:34,2018-03-08 12:15:25,2018-04-02,0,sao luis,MA,149.9,21.1,1.0,1.0,533.0,22.0,11.0,20.0,4840.0
88fcb8d7dc0b10a8579590c36f370066,300d32359978b9dc15b9f3b3e469536d,2017-09-21 20:05:02,2017-09-21 20:24:50,2017-10-18,0,saquarema,RJ,59.9,17.67,1.0,1.0,1750.0,37.0,22.0,40.0,32560.0
6b33f86e78800877d42365c81cdaf0cf,52c68a7d3a462c7e1ad2fea471dc555c,2017-05-14 16:59:35,2017-05-14 17:10:12,2017-06-14,0,campinas,SP,109.99,29.56,1.0,1.0,13800.0,39.0,13.0,102.0,51714.0
c77338848d4979e1c775831208262849,c305237d42bf1fbafd47e1dd16046978,2018-01-22 14:16:34,2018-01-22 14:33:17,2018-02-20,0,salvador,BA,149.0,45.12,1.0,1.0,6550.0,20.0,20.0,20.0,8000.0
2ed2bc9ea8f27ee7a45a3434b042272d,143a4083c98eed4151715356aab75996,2018-03-21 21:47:51,2018-03-21 22:08:33,2018-04-03,0,sao bernardo do campo,SP,41.3,7.71,1.0,1.0,250.0,16.0,2.0,11.0,352.0
fc5d5be2bb37da8453e5496e7fdb033d,f1db8dd5d132de644b898613ac9a96d2,2018-03-22 11:37:34,2018-03-22 11:55:24,2018-04-12,0,brasilia,DF,89.9,35.76,1.0,1.0,5100.0,65.0,25.0,25.0,40625.0
9ae2615288bae316687074b5dfadaf46,66bedeedb8b2f83e37860634125050c7,2017-03-25 17:51:57,2017-03-25 18:05:08,2017-05-24,0,osasco,SP,43.9,10.96,1.0,1.0,840.0,37.0,23.0,35.0,29785.0
d92ec01edb4390e4a8e311202039e06a,1222ae0f15dc56dc392fa0bb0f033f6b,2017-12-01 13:01:47,2017-12-03 12:58:22,2017-12-28,0,itapetininga,SP,425.0,27.81,1.0,1.0,5800.0,30.0,30.0,20.0,18000.0
9d32c5c773eba34ff2453be229a53ca9,906fe65de139f2901f158fa1b79263de,2018-02-28 15:57:50,2018-03-02 02:29:52,2018-03-22,1,niteroi,RJ,179.0,22.09,1.0,1.0,3000.0,35.0,12.0,30.0,12600.0
2d394ce1703ceeb355e2446e4a7a6bf4,bb4bd9ae44df35a367e6adb8d37faf6f,2017-12-11 13:19:11,2017-12-13 13:15:25,2018-01-22,0,belem,PA,349.9,31.98,1.0,1.0,900.0,25.0,12.0,38.0,11400.0
8f7674bbcb64b16e52d28222db9a3263,8ef74d7f7464fef1901ef5333791ba23,2018-04-02 13:00:31,2018-04-02 13:10:17,2018-04-18,0,contagem,MG,110.0,27.04,1.0,1.0,6050.0,20.0,20.0,20.0,8000.0
b0e2da4433a10c624a9f71b187e93915,d34d3389bf81798f3e74dc622b038a95,2017-05-06 21:55:41,2017-05-07 02:10:12,2017-05-19,0,sao paulo,SP,99.9,9.51,1.0,1.0,400.0,30.0,10.0,17.0,5100.0
6a91f55a2fad58d1b580326cd07f5795,ca970e8045a80d7bfb9b994b321439f8,2017-08-14 00:22:36,2017-08-14 00:35:20,2017-09-05,0,nova iguacu,RJ,,,,,,,,,
20316f53ea8065f870f90eb423b39b1a,f6d3809fa11cfb64661d3e2a5ae87dea,2017-09-13 16:12:04,2017-09-13 16:25:08,2017-10-06,1,feira de santana,BA,399.0,19.23,1.0,1.0,600.0,16.0,11.0,11.0,1936.0
6eb4132d1d991320ff5f03a7cd28561c,7c66c8c07b65426ab12916350bf3c4f5,2017-08-22 14:05:06,2017-08-22 14:15:15,2017-09-08,0,sorocaba,SP,35.0,9.34,1.0,1.0,900.0,32.0,27.0,40.0,34560.0
79a68130386b697623d584437942d0b5,d7bb9fc2cd7917c7ba0ac4964bf7deb9,2017-11-09 09:13:24,2017-11-11 03:10:28,2017-12-11,0,timbauba,PE,144.9,33.46,1.0,1.0,1650.0,45.0,8.0,40.0,14400.0
c470c4940c653080f16ba7e4cf1eb08c,121779e79f02587b95b15ca80b9c8a6e,2017-11-24 10:42:43,2017-11-24 12:16:06,2017-12-19,1,rio de janeiro,RJ,18.9,16.79,1.0,1.0,150.0,18.0,7.0,11.0,1386.0
39eafe33a1c3c9c1a57e1326f3c3a4be,dd8d6240c3ec37c83148bb118d79cef9,2018-01-24 17:34:07,2018-01-24 17:59:10,2018-02-16,0,rio de janeiro,RJ,37.0,14.1,1.0,1.0,200.0,16.0,5.0,11.0,880.0
02c9b2b746777e4dadcf72941e5a010d,b9c7a79a20537b1e943044225f0b0113,2017-04-14 18:09:37,2017-04-14 18:22:15,2017-05-25,0,salvador,BA,194.99,23.29,1.0,1.0,550.0,22.0,16.0,16.0,5632.0
c79900d1005d1a8fdaa9f25cd94e5110,3d881d50f2933937fcaa85328d3e0af0,2018-02-23 14:15:52,2018-02-23 14:50:49,2018-03-20,1,sombrio,SC,85.9,15.35,1.0,1.0,242.0,22.0,15.0,15.0,4950.0
ecd05a067963a5b65651b89dcfda9995,b44d98adfa0a51737b0cf5e4c2bf46e6,2018-01-10 12:05:55,2018-01-11 02:38:31,2018-02-02,0,barueri,SP,169.0,13.52,1.0,1.0,500.0,23.0,13.0,16.0,4784.0
1337d5367a799babc13f9f71c63bf7ab,84bf6a4346118c8306d16b593c15176e,2017-09-09 19:36:37,2017-09-10 01:34:04,2017-09-27,0,rio de janeiro,RJ,29.9,14.1,1.0,1.0,150.0,25.0,10.0,15.0,3750.0
8e3c9254e32eaf71c2212f6cebdc24f7,873bfa2a703bc5d760b93ea19968b098,2017-09-06 11:44:23,2017-09-06 11:55:21,2017-09-29,0,rolandia,PR,249.9,22.24,1.0,1.0,2600.0,46.0,8.0,38.0,13984.0
ec258e1773b41df94290f07bccbd1ec1,aeb558923701cfd4b4ee039cecb8fa77,2017-12-30 13:46:14,2017-12-30 13:54:24,2018-01-29,0,brasilia,DF,53.0,15.12,1.0,1.0,650.0,16.0,10.0,16.0,2560.0
7307b10c1d2a536f3f07f18be33d9de7,a58271108e349e574b143bfd78c21e02,2018-02-07 22:21:56,2018-02-07 23:32:16,2018-03-08,1,chapada do norte,MG,269.9,19.14,1.0,1.0,3600.0,70.0,20.0,30.0,42000.0
9539ef8ecac29b0493590ef16cb8344b,9233e7930b00fb3cea4494cb15cfcb08,2017-05-19 13:35:36,2017-05-19 13:50:18,2017-06-12,0,sao paulo,SP,89.99,16.39,1.0,1.0,850.0,35.0,6.0,37.0,7770.0
1c3cc69b45823b560a77c0d36740714b,8bea0b231b8b08343ee31038e855d620,2017-11-24 14:44:13,2017-11-24 16:53:19,2017-12-15,0,sao paulo,SP,1149.65,22.8,1.0,1.0,500.0,24.0,6.0,12.0,1728.0
a0ad7865ea22bbaa2f026e3aee583484,6a88bd2686e68eb067b2cd308762b1e5,2017-09-08 23:39:19,2017-09-08 23:55:16,2017-10-02,0,belo horizonte,MG,168.0,35.67,2.0,1.0,6900.0,44.0,37.5,33.0,54450.0
2d86dca31adc614ff712e9900f70c395,7372613925550707111577db9b67af2e,2018-02-10 20:01:43,2018-02-10 20:10:23,2018-03-06,0,sao sebastiao,SP,18.9,11.85,1.0,1.0,225.0,18.0,5.0,16.0,1440.0
8ff1992743a7f3a6daffc9ec9db05cbc,a779b6c2195363f9d7da1e5b3934cb3c,2017-06-05 21:20:51,2017-06-05 21:30:13,2017-06-28,0,ponte nova,MG,259.0,16.56,1.0,1.0,500.0,22.0,11.0,11.0,2662.0
c4b7a58ef60f4839159cd08137d4a18d,a90c0553da200832991f1db0e9ca75dd,2017-07-31 19:55:17,2017-07-31 20:10:18,2017-08-22,0,belo horizonte,MG,119.9,16.6,1.0,1.0,800.0,24.0,13.0,18.0,5616.0
34e0517759f61ad4194136f63ab3f3cb,c52e38620240ce2fe6550e41f64fcdf4,2017-06-03 13:59:31,2017-06-04 14:05:26,2017-06-26,0,sao paulo,SP,28.299999999999997,11.85,2.0,2.0,291.5,22.5,6.5,16.0,2340.0
ee7560a748685ea9c6d3bb5341f4e97e,29fe5fbfb6d35ec13954cacf85e3e341,2017-12-01 17:17:29,2017-12-01 17:29:49,2018-01-03,0,sao miguel do iguacu,PR,209.9,21.96,1.0,1.0,1815.0,29.0,21.0,23.0,14007.0
681fc152c63481373cecdd46e390fe6b,efabb2b271a2d7ced97c99c3cbbe3870,2017-10-09 16:41:37,2017-10-11 03:35:21,2017-10-30,0,bauru,SP,110.0,40.1,1.0,1.0,8325.0,43.0,14.0,33.0,19866.0
2e699b7e112d1e8013c93a50c27a3973,5f31c34eae6894ae0b62423bdce88bcc,2017-11-10 13:43:11,2017-11-10 13:55:25,2017-12-04,0,itapetininga,SP,75.0,16.16,1.0,1.0,2600.0,50.0,10.0,30.0,15000.0
eb72ac18675db60b2a155952fb89e3d9,af959a566c69d8a74b81ba90648f6cd8,2017-11-30 10:48:32,2017-11-30 11:02:38,2017-12-21,0,sao paulo,SP,140.0,9.73,1.0,1.0,175.0,20.0,20.0,20.0,8000.0
509b3c9816121d1f5ac14d58ca482170,ba47d58ee731ce8d729dc0fcccfb2739,2017-12-31 00:57:27,2017-12-31 01:07:23,2018-01-24,0,sao paulo,SP,195.9,12.87,1.0,1.0,400.0,18.0,12.0,14.0,3024.0
673b85fc62a811fd9de6f499d5a4c9c4,7d5bb66a437018329f3c334e0b1d305a,2018-02-17 21:41:21,2018-02-17 21:50:30,2018-03-21,0,trindade,PE,169.9,46.78,1.0,1.0,5000.0,40.0,10.0,40.0,16000.0
942a2811a7a6e202eec1790c6b69be88,6b18fa3dced515841e3d09e216f4974a,2018-01-09 09:51:36,2018-01-09 10:09:48,2018-02-14,0,sao paulo,SP,190.32,13.46,1.0,1.0,800.0,16.0,11.0,37.0,6512.0
90594e2a39ba4a93cae555437837e9a0,57177102f8cf83694e6a7300df6471a3,2018-04-01 17:28:15,2018-04-01 17:47:49,2018-05-10,0,rio de janeiro,RJ,121.9,18.73,1.0,1.0,444.0,20.0,14.0,16.0,4480.0
957d3d3a63d9662641f1b2f6d01561ff,f517420b84edb19f3a8ce6f60edcac12,2018-01-30 19:23:29,2018-01-30 19:35:31,2018-02-15,0,sao paulo,SP,58.0,9.34,1.0,1.0,1450.0,20.0,20.0,20.0,8000.0
ce6f24ccb16af897b7650022beead374,3052a181fab0411b6f3dc1863ec8ac69,2017-05-25 08:48:19,2017-05-25 09:02:15,2017-06-21,0,itaguacu,ES,207.94,90.38,1.0,1.0,9750.0,27.0,15.0,92.0,37260.0
6c9fa8bfb266b4c7de3e162fb28f46d8,e57b35089f3e6a0d985ed0cd3579df5e,2017-10-18 12:34:11,2017-10-19 02:49:13,2017-11-07,0,sao paulo,SP,199.99,35.56,1.0,1.0,16167.0,64.0,62.0,25.0,99200.0
1e7c4d7f10431cde9911c1c659a6e3fd,6fcf9bc0b844ced66aabad3c2c962d7b,2017-08-20 18:35:01,2017-08-20 18:50:12,2017-09-25,0,natal,RN,45.9,21.15,1.0,1.0,500.0,26.0,5.0,18.0,2340.0
27f3ee911b46e671b6393093afebc222,c1f69ef3484dda2abe3bbe712c027f68,2017-04-23 12:01:53,2017-04-23 12:10:32,2017-05-15,0,sao paulo,SP,9.9,14.52,1.0,1.0,600.0,50.0,2.0,40.0,4000.0
3d521dbaec823d745bc7657d32442975,e5bb64b888dec067eb20346a00345960,2017-11-24 13:16:22,2017-11-24 15:15:49,2017-12-15,0,sao paulo,SP,119.99,34.2,1.0,1.0,3900.0,63.0,11.0,43.0,29799.0
1f7b0324ef30f1bb6e2d6482833fb9d9,d8863cabfe51278718a9920aa867c67b,2017-06-07 20:55:27,2017-06-09 02:42:27,2017-06-28,0,peruibe,SP,89.9,13.65,1.0,1.0,1383.0,50.0,10.0,40.0,20000.0
b8e5479aa8fa4ce67ffdd5bdd92c2303,27cd74c2fb9278dc9a872029a1edc6c1,2017-03-23 18:45:20,2017-03-23 18:55:15,2017-04-20,0,campo grande,MS,449.0,24.12,1.0,1.0,1400.0,22.0,29.0,13.0,8294.0
adf36df4c22d10f6df56aa465a4cd301,781aba8df3b1bb0efe7657a98f7412da,2017-09-03 16:57:48,2017-09-03 17:10:13,2017-09-26,0,manhuacu,MG,89.9,17.88,1.0,1.0,1825.0,53.0,10.0,40.0,21200.0
ee74d6d02ebb3a2ec7b9038dbb0748e8,ce5b62e98a5241ad9d691700a0b0c47c,2017-08-08 14:20:27,2017-08-09 12:35:22,2017-09-12,0,mossoro,RN,19.9,42.38,1.0,1.0,100.0,25.0,3.0,19.0,1425.0
ba0d5e0e81059283cf50ae9d9d43e4d5,422ab037d254fc398f1f0c44fe05d7d6,2018-02-22 03:14:54,2018-02-22 03:30:28,2018-03-15,0,rio de janeiro,RJ,69.9,25.33,1.0,1.0,6975.0,56.0,11.0,32.0,19712.0
90f5df4b93545613368423eabb62c169,f0e0dbba81ddae5b144193ac233c2265,2017-05-07 10:06:51,2017-05-07 10:15:13,2017-05-31,0,contagem,MG,68.8,15.23,1.0,1.0,513.0,23.0,27.0,21.0,13041.0
80f94a476554543da8d73964e2486102,901421ae0b470ecdd15c3bd4c880e8e9,2018-02-06 00:17:56,2018-02-06 00:30:41,2018-03-12,0,guaratinga,BA,12.99,16.79,1.0,1.0,150.0,16.0,4.0,16.0,1024.0
70e218295bdf5efe77ddb143b1b3c0b4,409021a104c22b3c6f9fad25a36f26f5,2017-12-04 11:49:02,2017-12-04 16:32:07,2017-12-21,0,canoas,RS,119.0,16.56,1.0,1.0,6450.0,48.0,18.0,48.0,41472.0
61169b5b065635c60de8c284ff59474f,f3f04ca677b9e1062c2a5fad64c046cf,2018-04-11 10:48:02,2018-04-11 11:10:53,2018-05-09,0,jaragua do sul,SC,150.0,34.59,1.0,1.0,4000.0,30.0,35.0,30.0,31500.0
1ee3f6b3f68027bf18b0a9e356edc4f3,763117fb7b230036eb6217e0a8b801e2,2017-09-15 16:40:35,2017-09-15 16:50:17,2017-09-27,0,campinas,SP,102.9,11.93,1.0,1.0,1700.0,36.0,18.0,27.0,17496.0
fdfd424dfca9dd4e5e8a895e20bc97e3,ba15a56648e741b218314296f9647e01,2017-10-09 12:15:42,2017-10-09 12:28:13,2017-11-01,0,goiania,GO,139.86,18.23,1.0,1.0,1183.0,24.0,22.0,21.0,11088.0
4780df3ccba2421e8403792f2a8a0d67,74756ce04db42d46a954f2f687b7686d,2018-03-01 10:48:09,2018-03-01 11:14:34,2018-03-19,1,rio de janeiro,RJ,7.9,14.1,1.0,1.0,200.0,51.0,15.0,15.0,11475.0
572060f1be47253575daf3b88019195d,79a44abc3163fc1830f6afd0dc9acfc7,2017-11-10 11:05:17,2017-11-10 11:27:15,2017-11-24,0,guarulhos,SP,14.9,9.27,1.0,1.0,150.0,60.0,11.0,16.0,10560.0
36ddc5f19d31a8d744d01bbbd1d11321,0c899011c2b518fac4cf807a57f4fd7f,2017-04-10 11:58:16,2017-04-11 03:55:16,2017-05-11,0,sao paulo,SP,209.5,15.64,1.0,1.0,600.0,23.0,17.0,15.0,5865.0
c05959bbcc139450377c258a39f80602,e255bea28fdeb105b85a23947349cca5,2017-11-28 08:43:12,2017-11-30 02:25:23,2017-12-28,1,rio grande,RS,149.99,25.89,1.0,1.0,3250.0,41.0,15.0,25.0,15375.0
30fb68ec9b460ddad4e36bf5b4c457e4,a5f34beea57219eee3220430d5f2f9ba,2017-10-25 15:08:44,2017-10-25 15:34:20,2017-11-23,0,joao pessoa,PB,49.3,29.76,1.0,1.0,3000.0,40.0,12.0,40.0,19200.0
5ab00c62f565cf0916a6fc76adf016ad,b83b879379e0ab1a9d8cf0143da28142,2017-06-25 22:39:01,2017-06-27 04:15:31,2017-08-01,0,palmitos,SC,79.9,17.81,1.0,1.0,200.0,25.0,40.0,25.0,25000.0
17dc275426dc4430d983cdd5280e9414,779a4dbe2c7972c54b324e89494644a3,2017-03-20 19:52:56,2017-03-20 19:52:56,2017-04-10,0,rio de janeiro,RJ,186.15,15.47,1.0,1.0,340.0,47.0,13.0,13.0,7943.0
5851a5db9fdbecd7306fcb30f6a8e2d2,bdf180a76130c328884372594844f849,2018-02-22 22:17:26,2018-02-22 22:30:23,2018-03-21,0,palmeira,PR,56.99,16.16,1.0,1.0,875.0,25.0,18.0,40.0,18000.0
dc8a41c3b06bd915d57fcd0e89973744,90c5c0ff339811cdbf13a8a618821c68,2017-10-04 11:26:24,2017-10-04 11:40:17,2017-10-30,0,rio de janeiro,RJ,116.0,15.56,1.0,1.0,300.0,16.0,14.0,15.0,3360.0
711dc5c7f9864e658ee30f5122e40533,cec6b62ab6844c0bb8234d8fb47e8c19,2017-11-09 14:24:42,2017-11-09 14:36:27,2017-12-06,0,guapore,RS,69.9,16.25,1.0,1.0,400.0,33.0,20.0,20.0,13200.0
507920861be390ea5beb588607e4b0ab,31982f03a9615f0b78174bd6662d4aad,2018-01-04 13:30:02,2018-01-04 13:37:32,2018-01-30,0,curitiba,PR,139.93,14.73,1.0,1.0,300.0,16.0,16.0,16.0,4096.0
8c11e7320d48d441627a82aa47d9afc1,248c47650075a87ff142d4227837be6c,2017-02-10 11:11:05,2017-02-10 11:23:08,2017-05-11,0,rio de janeiro,RJ,234.8,15.4,1.0,1.0,349.0,19.0,14.0,14.0,3724.0
d74fca7ee2ce7587c45eefb0fea95ed8,694fe0bdcd5d601ee81dba97d4ec8cba,2017-11-28 09:34:06,2017-11-28 09:58:18,2018-01-10,0,brasilia,DF,1050.0,49.0,1.0,1.0,12300.0,33.0,20.0,80.0,52800.0
dac85d3cab0888e36afc2fdc41ecf316,2dcab4404892ffbd359bab47cb5898d8,2017-12-11 19:17:49,2017-12-13 19:12:23,2017-12-28,0,rio de janeiro,RJ,683.38,16.24,1.0,1.0,4073.0,23.0,16.0,19.0,6992.0
e5d4c985cfb24d8e62045041e4df6087,e529a06a810f06219aa64991c7df84c7,2017-11-21 22:03:24,2017-11-21 22:11:19,2017-12-01,1,sorocaba,SP,252.0,10.58,1.0,1.0,2650.0,20.0,10.0,25.0,5000.0
f18c6aa6a5d583e8ec36beaabb81d9a0,fa7ec8b2b45b5b6517357a5c5e82740d,2017-03-17 11:37:13,2017-03-17 11:37:13,2017-04-18,0,cordeiros,BA,322.75,40.89,1.0,1.0,5400.0,21.0,39.0,41.0,33579.0
fe6de2a2f0a13307c3b9718817d14c7c,a2149ebf1a15e45e7b38fd8e2d97c704,2017-07-09 19:01:26,2017-07-10 21:35:18,2017-08-04,0,canoinhas,SC,50.1,16.11,1.0,1.0,900.0,35.0,4.0,30.0,4200.0
ba5c52c56c0bc95c960451d9ce7205fe,29dbe7f526894b88b0404a0c9c396150,2017-05-18 19:41:13,2017-05-18 19:55:16,2017-06-12,0,santos,SP,169.0,16.36,1.0,1.0,415.0,26.0,12.0,18.0,5616.0
2e798d923f1fa1373bef8fb916af50d2,37b4b2b0dde094b04111c92ef29e7cf5,2017-12-20 11:17:29,2017-12-20 11:31:44,2018-01-18,0,salvador,BA,64.02,17.73,1.0,1.0,100.0,16.0,6.0,20.0,1920.0
e615a2b8229ae8a3b78cc267735d538f,6c19b963865a774d1b04973983b97f72,2018-01-27 21:00:21,2018-01-27 21:17:13,2018-02-21,1,volta redonda,RJ,249.0,16.49,1.0,1.0,300.0,24.0,7.0,14.0,2352.0
cf929d9ea864fa89b752c5cf0b98cd25,9cc241dd34d97a4c8a2d0b63b3ec8105,2017-06-29 13:01:41,2017-06-29 13:10:19,2017-07-19,0,jundiai,SP,89.9,12.13,1.0,1.0,1383.0,50.0,10.0,40.0,20000.0
32a95b7b9e16b0e4ac4e9a279ba5c10d,b3765dbcb1552872f10dc638104f6598,2017-11-13 15:06:58,2017-11-13 15:15:47,2017-12-05,0,rio de janeiro,RJ,65.0,16.7,1.0,1.0,1050.0,22.0,22.0,24.0,11616.0
7741a0c0ccbb42c74fb27c570c7e5354,07cbe547b6dec2535abda65b57733754,2018-03-04 13:00:43,2018-03-04 13:40:28,2018-04-02,0,sao paulo,SP,89.98,18.34,1.0,1.0,7480.0,53.0,48.0,26.0,66144.0
54abf521e33bacc71760b64de5b06e4d,2dc678eee633bd28a1552820a8fa6b26,2017-10-18 08:46:18,2017-10-18 08:56:29,2017-11-08,0,betim,MG,165.0,15.91,1.0,1.0,950.0,41.0,45.0,11.0,20295.0
7f97f025c45cac922275120fdee4e062,695449e690b9ed39a1afa2dc5f3e900f,2017-02-07 12:01:07,2017-02-09 02:43:09,2017-03-02,0,cacapava,SP,23.9,10.96,1.0,1.0,225.0,45.0,10.0,14.0,6300.0
eb92f6fdb8dcd9a9ab21c341b4a3ca5f,78a0a4fe355394a8f2ab9efd5fa38206,2018-02-09 02:14:32,2018-02-10 02:10:23,2018-02-23,0,guarulhos,SP,13.99,7.78,1.0,1.0,200.0,16.0,4.0,14.0,896.0
ac1dba444101ac145dfc7ab406b4fd56,1db6fd71da6b8e8ddc494d957697922c,2017-08-30 14:34:40,2017-08-30 14:45:14,2017-09-28,0,girua,RS,69.9,16.25,1.0,1.0,950.0,45.0,15.0,35.0,23625.0
bf1f33df43577a77207c702c39eb3056,844bdaca34a0e59b9476ad8f38ff1390,2017-06-08 16:35:57,2017-06-10 02:50:13,2017-07-03,0,videira,SC,42.9,15.1,1.0,1.0,350.0,23.0,7.0,18.0,2898.0
333c80174d4ab24df54210511f4ecbd0,782a99fb3433351a685f44522050331d,2017-03-11 17:51:25,2017-03-11 17:51:25,2017-04-06,0,sao jose do rio preto,SP,314.99,12.81,1.0,1.0,600.0,22.0,16.0,16.0,5632.0
e8899387e52fb6a10ae971c69eb09bf5,49ee772ae3757a7a5a306a582d2907a5,2017-09-09 15:40:34,2017-09-09 15:50:23,2017-10-04,0,recife,PE,79.9,20.96,1.0,1.0,1500.0,40.0,25.0,20.0,20000.0
969791845aebad4fe9d49530189384b9,bfea4a98ad57e429a31dab20bfe4375f,2018-02-06 15:50:36,2018-02-08 07:35:59,2018-02-22,0,sao paulo,SP,759.6,59.72,1.0,1.0,3000.0,60.0,15.0,15.0,13500.0
29a143cd68f669f10fd6d4a020eb7f38,2a0d54a46700eac893ae93c57391536a,2018-01-10 10:27:03,2018-01-10 10:35:34,2018-01-29,0,sao jose dos campos,SP,122.1,8.11,1.0,1.0,3499.0,29.0,37.0,30.0,32190.0
b67e02ea060b19daa2f506a1357b29ac,3d25dcab79dd4d05a92125f189ca327b,2018-03-12 18:55:23,2018-03-12 19:09:54,2018-05-07,0,nova iguacu,RJ,38.9,22.95,1.0,1.0,550.0,40.0,5.0,30.0,6000.0
1fb143495c17f9d09e20b8016a8e5430,6f0faf0c625f77d650d4f31b80363617,2018-01-07 10:24:26,2018-01-07 10:32:20,2018-02-07,0,porto alegre,RS,199.9,17.65,1.0,1.0,1100.0,40.0,2.0,40.0,3200.0
7602bfb77ab1d67fd9412ad0a048a221,36e20e5f3794cf014fef196438092c98,2018-01-12 23:06:52,2018-01-12 23:45:59,2018-03-02,0,salvador,BA,18.9,17.0,1.0,1.0,133.0,18.0,11.0,14.0,2772.0
6f295b89fc3e13345e3d9748140bfec7,f775aeb6ab62c3044f1f717dbdca6923,2017-06-05 02:09:00,2017-06-05 02:22:04,2017-06-28,0,camaqua,RS,147.0,45.3,1.0,1.0,400.0,69.0,11.0,11.0,8349.0
bac8ca7a0aea7f37457fb19140d2c5fb,fdfbe88380f4eec04babf18396a62e6a,2018-01-04 11:42:53,2018-01-04 15:27:22,2018-01-22,0,rio de janeiro,RJ,,,,,,,,,
19f05b5a76e0e3f1df1ebaeef9bd2f8d,068830daf2867cadbfc655e6a413388e,2018-03-31 20:23:22,2018-04-01 20:15:24,2018-04-12,0,sao paulo,SP,1895.0,56.95,1.0,1.0,680.0,18.0,15.0,17.0,4590.0
ecc4c3f49c7e63c6fc8b2036fd78a185,f975bf6848e2b14caf976bece4dac690,2018-02-01 22:12:14,2018-02-01 22:29:12,2018-02-19,0,sao paulo,SP,299.0,9.35,1.0,1.0,346.0,18.0,10.0,13.0,2340.0
1066ee7e50cd5ffa03605d4bddb316cf,b05a9ed4f2b97559aa957545915d0c16,2018-02-26 11:40:04,2018-02-27 11:35:49,2018-03-12,0,sao paulo,SP,325.0,10.47,1.0,1.0,400.0,34.0,4.0,22.0,2992.0
ed3b1288663333783b30c22397f44b36,6a66c358fee2cf939437c490b2f408ef,2018-02-18 13:54:27,2018-02-18 14:55:30,2018-03-07,0,nova odessa,SP,120.0,23.43,1.0,1.0,9400.0,35.0,45.0,45.0,70875.0
fa1d2f55776a28be054d1b1b3c12bb51,655c2888fe0422dbdcc2559caa57d60a,2017-03-21 13:50:46,2017-03-21 13:50:46,2017-04-07,0,itapeva,SP,198.0,12.0,1.0,1.0,500.0,25.0,16.0,20.0,8000.0
0ac51a16347f7a7497b799596ad5fab7,0107ed88ec010416e20cacf67d2c905c,2017-05-08 13:05:01,2017-05-08 13:22:10,2017-06-01,0,curitiba,PR,99.0,16.94,1.0,1.0,1600.0,20.0,15.0,20.0,6000.0
c920c9b4a0fbe334f146d3b9822f3cce,b79dae897347b6c137d63e50b5be5b1a,2017-02-09 12:53:13,2017-02-09 13:15:17,2017-03-14,0,blumenau,SC,309.9,17.87,1.0,1.0,449.0,19.0,14.0,14.0,3724.0
e6d0bbe2424dd2fc97db5851253f90d3,5880e46677c68394bda62479fd673340,2018-02-17 21:51:05,2018-02-17 22:07:15,2018-04-06,0,rio branco,AC,109.18,44.61,1.0,1.0,900.0,39.0,4.0,27.0,4212.0
4556e8c7a1fb280f57f939007f33c799,b944c2dcd9aa58a6defedda9e0d72ea0,2017-12-10 09:18:07,2017-12-10 09:30:25,2017-12-28,0,rio de janeiro,RJ,249.99,22.85,1.0,1.0,3075.0,44.0,45.0,23.0,45540.0
c867dd64bd728f7a87d1c868c7c2c33f,7203adde3a9d76f21c2b01223d07c2b0,2017-02-09 20:56:00,2017-02-09 21:05:23,2017-03-20,0,aracaju,SE,19.99,20.4,1.0,1.0,100.0,19.0,3.0,11.0,627.0
bcb761f4d8fa749e23ae01bebabe8b78,493f02406fba095160b473a15cf9f9b9,2018-01-11 08:25:00,2018-01-11 08:32:25,2018-02-05,0,belo horizonte,MG,21.9,14.1,1.0,1.0,150.0,30.0,10.0,20.0,6000.0
acc2a63ccf0116a0851f085f5f19b7a0,b19f542d676ea384dc2bfe700115e09e,2017-05-31 00:28:32,2017-06-01 03:55:20,2017-06-23,0,tres rios,RJ,49.9,15.1,1.0,1.0,300.0,16.0,7.0,20.0,2240.0
f87af4a276a00d935b34c0d42c3fcfc3,15227c626cb65b59e12a8bd141e85247,2017-02-10 15:29:29,2017-02-11 15:32:29,2017-03-09,0,campinas,SP,24.99,11.74,1.0,1.0,300.0,36.0,6.0,26.0,5616.0
d57eab70175d8611d6a811d6c2af63ae,887ca7d0cff5d23c72093beb83c55da8,2017-03-08 00:29:33,2017-03-08 01:30:25,2017-03-29,0,jaguariaiva,PR,69.9,29.04,2.0,1.0,150.0,16.0,8.0,11.0,1408.0
884245b62173977a377007d7c62cf9f2,3bec57f51a23b4e63d691df3ab023cc5,2017-10-04 13:58:33,2017-10-04 14:14:10,2017-11-03,0,goiania,GO,73.39,17.76,1.0,1.0,900.0,29.0,30.0,23.0,20010.0
1c3ff8273ec39c058ff80da86f9ca2c4,6f9a964fa04ebecf999971e89b370a1e,2017-07-25 22:14:11,2017-07-25 22:25:16,2017-08-09,0,cotia,SP,34.99,7.78,1.0,1.0,200.0,20.0,15.0,15.0,4500.0
464c56c0e9eba538c9ca10f000cdb6d3,1368039bfe97fbfba5f35b31d710ff21,2018-03-24 14:33:17,2018-03-24 14:48:18,2018-05-18,0,rio de janeiro,RJ,299.99,32.75,1.0,1.0,1900.0,28.0,19.0,21.0,11172.0
5a0d3e375b4f44ea40854520a34cb7b4,ef13317ce9921eab2057cb68fe99a912,2017-11-25 21:55:55,2017-11-25 22:39:30,2017-12-15,0,sao paulo,SP,49.0,13.41,1.0,1.0,1550.0,30.0,22.0,30.0,19800.0
90e5ad6118ea4ea07eb9de3aa9c698d2,8a9a1deb4c40a5a158bbb0db08c821d0,2017-09-27 06:56:34,2017-09-27 07:07:13,2017-10-19,0,vitoria,ES,75.0,16.78,1.0,1.0,1950.0,35.0,29.0,12.0,12180.0
768a7c234c6cd1715bde13496e5cfc26,af638847a50c6199479a15a219e1fa53,2018-02-20 23:28:18,2018-02-20 23:35:34,2018-03-26,0,barreiros,PE,204.0,29.83,1.0,1.0,342.0,18.0,13.0,15.0,3510.0
c537dcd8b3ea902501cfa7610144a641,8b4624f3ea37544e144ff4664eca38c0,2018-02-24 19:22:24,2018-02-24 19:35:26,2018-03-16,1,rio de janeiro,RJ,261.0,15.58,1.0,1.0,1850.0,28.0,35.0,15.0,14700.0
4eedbea06033407253ea131738b99a5d,9023f21bb5ec09efe6bfb4e8cf09196d,2018-02-15 00:25:44,2018-02-15 00:47:17,2018-03-13,1,juiz de fora,MG,55.9,12.39,1.0,1.0,100.0,20.0,20.0,20.0,8000.0
db6c4c19928d9acc355a54ee897bfdbb,932855634dedea1d4afc7a247afea5d7,2017-10-30 14:08:55,2017-10-30 14:15:18,2017-11-27,0,montes claros,MG,110.0,20.01,1.0,1.0,1200.0,75.0,15.0,50.0,56250.0
9978e0dbae7672b5995553acd12ea6f0,9077d1906497e0ebf4d30e38ca07c5a0,2018-03-10 11:16:54,2018-03-10 11:28:48,2018-03-22,0,bento goncalves,RS,126.12,8.07,1.0,1.0,100.0,16.0,16.0,16.0,4096.0
4c77961d5a6909826862fe6d8881f1b3,2c0f7357417a5ffbe649bd35a797804e,2017-09-22 22:33:22,2017-09-22 22:45:36,2017-10-16,0,cruzeiro,SP,19.9,11.85,1.0,1.0,250.0,20.0,18.0,20.0,7200.0
79ba9ff956399f8ca9eaa802139851fd,c655482e341138b41ea3240ccc43132c,2017-06-02 13:45:50,2017-06-03 02:35:37,2017-06-29,0,petropolis,RJ,99.99,15.45,1.0,1.0,633.0,26.0,9.0,22.0,5148.0
656990431532493653f3cabd289b023e,6b90d343a7ee3bf7bac6f825ba4323b0,2017-09-21 13:17:36,2017-09-21 13:30:25,2017-10-13,0,guarulhos,SP,20.3,11.85,1.0,1.0,850.0,16.0,2.0,11.0,352.0
91c96626f9e13b1b71a1f3e7ed52dd7a,45442979a333bc62efccd8a2481481fe,2016-10-08 21:04:27,2016-10-09 02:33:03,2016-12-14,0,recife,PE,75.9,26.79,1.0,1.0,700.0,16.0,16.0,15.0,3840.0
1c8320ef825c18190be58cff7d6afb97,edba4f48ae2f681997110ce88ede849e,2017-05-07 11:40:48,2017-05-09 09:45:30,2017-05-29,0,sorocaba,SP,29.99,11.85,1.0,1.0,700.0,26.0,8.0,22.0,4576.0
1aa06061f2abdc063d3ab58ff9e86cde,7fe9ea575758e6ab4e34b67eb1015c48,2018-03-07 21:39:17,2018-03-07 22:20:26,2018-03-19,0,limeira,SP,30.0,18.84,1.0,1.0,150.0,25.0,7.0,16.0,2800.0
200776f536a4425ab4212e0b0fe05562,6e12f38afc4e79112838fc9d478e88e4,2018-02-28 21:47:21,2018-03-01 15:15:29,2018-03-13,0,ribeirao pires,SP,15.9,7.78,1.0,1.0,150.0,18.0,6.0,11.0,1188.0
1b0bc086985717610dbca11d3324771c,fbeb150ba4aab5ae80d426ce53e71fa4,2017-10-22 14:12:23,2017-10-22 14:21:18,2017-11-10,0,paraisopolis,MG,129.0,18.52,1.0,1.0,9950.0,31.0,61.0,31.0,58621.0
b86149c8139bc8a77792c2b24942a0db,d08fccfa54819f3ddc4a30e30b4a0565,2017-06-05 18:44:05,2017-06-05 18:55:17,2017-06-26,0,sao paulo,SP,71.0,9.34,1.0,1.0,5300.0,30.0,35.0,30.0,31500.0
c9bd5b826046d7a922af1b95bdd4d39f,5a86f91f644f261e5d90e015e2d45636,2018-01-29 22:20:16,2018-01-31 14:31:54,2018-02-22,0,cariacica,ES,29.99,14.1,1.0,1.0,150.0,17.0,8.0,14.0,1904.0
b9fc3fbace8f69b00c2f461cd3422459,69b4b187cdc035cfa618ffb2649c4260,2017-05-10 12:00:48,2017-05-10 13:02:38,2017-05-30,0,sao paulo,SP,97.0,14.43,1.0,1.0,115.0,16.0,13.0,11.0,2288.0
cd22ef4012ae92aa8729264045bee0eb,9d4b974d83fb824294f7dc65f90c621b,2017-12-17 10:50:19,2017-12-17 11:14:15,2018-01-10,0,sao paulo,SP,250.0,30.12,1.0,1.0,12250.0,45.0,35.0,45.0,70875.0
65a922b4c66d6c7389088e16d37a85e9,7f6b2e3e2f12b066757ab8e9f5795d33,2017-06-02 10:14:17,2017-06-03 08:55:11,2017-06-29,0,raposos,MG,39.0,15.1,1.0,1.0,138.0,19.0,17.0,16.0,5168.0
d800296ed7f572eaa43c580857d3674d,71b06680c1a73b4477a3a43863284cb5,2017-10-06 17:32:43,2017-10-06 17:49:16,2017-11-07,0,sao jorge do ivai,PR,352.52,43.44,1.0,1.0,1900.0,21.0,31.0,25.0,16275.0
17a64f4aa50ee9ab751db1cfb720776f,8c3cd248a2635e7b2e32ecc118d8fdb2,2017-11-15 20:20:11,2017-11-17 03:35:46,2017-11-29,0,sao bernardo do campo,SP,13.99,7.78,1.0,1.0,50.0,16.0,5.0,11.0,880.0
8baf86c7fd7462703a46b07ed2c3c3c3,44413aff0a87eac35ad5f773c7ba99d8,2017-12-15 05:39:06,2017-12-15 05:49:44,2018-01-18,0,recife,PE,49.99,20.75,1.0,1.0,3500.0,55.0,5.0,40.0,11000.0
d27e244ebc24f5dccc83996e2ba9abdd,6608a051ed8bb2a7d20e11032af0ae5a,2017-10-09 20:14:46,2017-10-09 20:28:37,2017-10-26,0,rio de janeiro,RJ,450.0,18.91,1.0,1.0,483.0,26.0,10.0,14.0,3640.0
041fd411ba3cebfe101d1dadc0666ce6,f9744f196723a6eaf6810ba6b7432532,2018-02-12 21:47:28,2018-02-12 21:55:23,2018-03-14,0,santa maria,RS,119.9,25.68,1.0,1.0,1750.0,30.0,30.0,30.0,27000.0
ac710ab76d5651200cb6082f2c294d29,978d898c9286d9d5dc9dbfcc0e0128a7,2018-02-23 05:29:01,2018-02-23 05:48:05,2018-03-16,0,curitiba,PR,29.99,14.1,1.0,1.0,600.0,19.0,13.0,20.0,4940.0
37297c70ff1867f5ad4b215cc27fbe81,8011a155cb0947b59d0e199dd4474428,2017-11-03 13:26:21,2017-11-03 13:46:03,2017-11-16,0,sao paulo,SP,58.9,14.13,1.0,1.0,7000.0,26.0,47.0,27.0,32994.0
0198e0de42189b3941d46857a87fac91,bc057e26a901167220c6e4a0b0c3ec5d,2017-11-04 12:33:53,2017-11-06 11:31:01,2017-11-23,0,sao bernardo do campo,SP,56.99,8.72,1.0,1.0,250.0,20.0,8.0,21.0,3360.0
0a9fc736e210f495e2023d3a9e10319a,b7af91e583caf05ac071ad39e1d86700,2017-11-27 18:39:50,2017-11-27 19:12:02,2017-12-14,0,guaruja,SP,179.8,24.66,2.0,1.0,1325.0,44.0,2.0,35.0,3080.0
f06e135f2a783426a58b29014f2346b3,ca77bde16eec6e0f47598d105c08899c,2017-02-11 20:41:14,2017-02-13 11:43:14,2017-03-24,0,toledo,PR,9.9,14.52,1.0,1.0,200.0,16.0,4.0,11.0,704.0
327cce1fcc02fedef63c30dbde323402,e43b79f4e4752adf6887f7d9b7396cec,2017-05-04 07:48:30,2017-05-05 02:23:05,2017-06-08,0,joaquim pires,PI,12.97,24.84,1.0,1.0,100.0,18.0,4.0,12.0,864.0
7449beca42d01504e128802e11560201,577ebb5b9d8b9c4f42a89430683dc032,2017-02-09 20:03:28,2017-02-09 20:25:26,2017-03-16,0,goiania,GO,23.89,17.35,1.0,1.0,100.0,29.0,5.0,15.0,2175.0
99f48f57d8e3a6f6bcc13902ee0067c7,5e87f5c6305f7fdd1ce6d022d2b997a7,2017-07-20 21:55:16,2017-07-20 22:05:43,2017-08-15,0,lajeado,RS,59.9,16.18,1.0,1.0,550.0,36.0,15.0,25.0,13500.0
42418c42293aca63852695004c162627,781fc3c9b34441add54ca7b29ba3e52c,2017-11-28 11:25:45,2017-11-29 02:18:30,2017-12-18,0,osasco,SP,66.0,12.14,1.0,1.0,200.0,18.0,8.0,14.0,2016.0
6605d4026bc07926d30228dc4de3f89c,cce86266bfd092e3938fe969666f1534,2017-04-23 12:21:06,2017-04-23 12:30:23,2017-05-23,0,salvador,BA,59.99,22.35,1.0,1.0,800.0,30.0,20.0,40.0,24000.0
666ecb70d41cfad51e40ba2aa0b60f1e,26adf926f98621938dc6fa94af24bd4d,2017-03-31 16:07:18,2017-04-04 05:55:21,2017-04-20,0,belo horizonte,MG,129.9,18.2,1.0,1.0,10800.0,56.0,16.0,55.0,49280.0
aa22c8b8e14d747a83a7a8876837fc82,3cdc0173943f051e46d6f1d616a70609,2017-08-12 22:35:47,2017-08-12 22:50:14,2017-09-08,0,pinhais,PR,89.99,14.38,1.0,1.0,250.0,22.0,10.0,18.0,3960.0
484dd80590c70c987e3f3a2690673090,861f85fede6656786fc1d793f85db16e,2018-03-20 15:19:46,2018-03-22 02:51:00,2018-05-02,0,codo,MA,319.96,291.72,1.0,1.0,11880.0,50.0,60.0,27.0,81000.0
3a67e05f7b4f7fe736e90e6acc8689b3,7cf767e41998204e0dc91c2270542d83,2017-12-01 09:54:21,2017-12-01 11:31:59,2018-01-04,1,gilbues,PI,296.0,60.51,1.0,1.0,12750.0,28.0,75.0,28.0,58800.0
10ee2109b7e3f168330447c3be610ff0,d1176ff41d4334e95bc110c2c76ade62,2017-11-30 09:51:26,2017-12-01 11:31:27,2017-12-19,0,sao paulo,SP,84.99,13.15,1.0,1.0,900.0,33.0,17.0,12.0,6732.0
82e4b3860c24cc8666af61137efef18c,0b6131ef78d7b110b236c4e98bf65fd9,2017-08-07 08:24:29,2017-08-07 08:35:18,2017-08-22,0,jaguariuna,SP,200.0,15.01,1.0,1.0,9750.0,35.0,12.0,30.0,12600.0
7dccc310577a4bbf99e57f1ae7ac587b,1054024bd1fa65debe204930503ed5a2,2017-08-05 20:56:20,2017-08-05 21:23:36,2017-08-30,0,frei inocencio,MG,139.99,21.47,1.0,1.0,2374.0,42.0,11.0,36.0,16632.0
03e327642028582cff3316f1726a9f00,ec502d64c6fc7492e3957073459f1d00,2017-10-27 07:55:57,2017-10-27 08:10:08,2017-11-22,0,uberlandia,MG,50.0,15.1,1.0,1.0,100.0,17.0,3.0,12.0,612.0
acbcf9f01dae9955841ae74fa15840fc,ab3f362c25285fc675fce6743239026b,2017-12-06 10:42:54,2017-12-06 11:31:04,2018-01-03,0,macae,RJ,68.6,30.2,1.0,1.0,200.0,16.0,2.0,11.0,352.0
fb76ca91d6aa4a18429f91a8991355c9,a5d66cfedb4fede833ea22d0d53a8a84,2017-08-19 20:46:24,2017-08-19 21:04:25,2017-10-02,0,feira nova,PE,69.9,28.89,1.0,1.0,1500.0,20.0,15.0,35.0,10500.0
a4163ebff79ff34a631c57d5350215ae,0b70134d7e2d9773897833e933c6ec5b,2018-03-30 20:27:16,2018-03-30 21:27:23,2018-04-27,0,maringa,PR,97.0,51.18,1.0,1.0,150.0,17.0,5.0,18.0,1530.0
2bfa7e40282f34e7c06a00cfd2cbe1ab,36c4ffeeede9b0c538acb8d23fa6988c,2017-12-30 14:42:08,2017-12-30 14:51:29,2018-02-05,0,alem paraiba,MG,259.9,18.26,1.0,1.0,2600.0,33.0,12.0,26.0,10296.0
fbf096edf8034d915770443bb21bfad4,1a8552b5f5ee891178aecf797f750d6b,2017-04-17 20:55:31,2017-04-17 21:10:14,2017-05-16,0,caxias do sul,RS,139.9,21.61,1.0,1.0,1167.0,36.0,20.0,28.0,20160.0
e462b9c1dbe3c306a5b7b78d72dd7f79,ab81dc95c137f31d229c1b9c4e901149,2017-07-25 00:12:29,2017-07-26 02:23:18,2017-08-22,0,jacinto machado,SC,144.99,38.85,1.0,1.0,9725.0,53.0,52.0,17.0,46852.0
0f266223a9b8d9e61f09b6e50bf8a757,b83d81162b634d3fd3dafcc76039dc18,2017-07-18 23:16:31,2017-07-18 23:30:17,2017-08-09,0,porto uniao,SC,49.9,15.1,1.0,1.0,300.0,16.0,7.0,20.0,2240.0
509a52223ecac6d67fb765b3b37c6974,efc07f50d0a9346ec00e1c37b5b10748,2016-10-06 18:11:11,2016-10-06 18:50:35,2016-12-08,0,goiania,GO,44.9,20.8,1.0,1.0,400.0,27.0,10.0,28.0,7560.0
e0ff8fbdba29b1192269bb50ef72245e,02acb1d49edb6c09b61d2f496afc61b5,2018-02-04 21:02:18,2018-02-04 21:15:32,2018-03-05,0,cariacica,ES,199.9,26.15,1.0,1.0,5450.0,23.0,7.0,20.0,3220.0
84115cf79df5dc6736a1c4ce08daf081,5e08b0deb0e41e0e43823ddd9d33ef10,2017-03-11 15:57:43,2017-03-11 15:57:43,2017-04-03,0,duque de caxias,RJ,23.9,14.52,1.0,1.0,100.0,16.0,3.0,11.0,528.0
d699f9002b554ba113242e137107125a,b7e54c39cd257eee0fbfea32e550d84b,2018-02-28 23:30:36,2018-02-28 23:48:19,2018-03-27,1,bage,RS,76.0,16.29,1.0,1.0,650.0,36.0,6.0,29.0,6264.0
293ce7e1d3220058be631162721ba82f,b9e06a1af0969890a829b391cc05cacb,2017-09-17 22:35:47,2017-09-17 23:20:41,2017-10-05,0,rio de janeiro,RJ,16.55,15.11,1.0,1.0,250.0,25.0,25.0,25.0,15625.0
962d7424fa1ac4663ef72969ce322fd8,9c92386cbe5876b71907d3bc7a17a6df,2018-01-18 14:29:05,2018-01-20 09:10:52,2018-02-21,0,sao paulo,SP,320.0,26.5,1.0,1.0,1133.0,27.0,19.0,19.0,9747.0
7634f2019b1d08e44a15dd3214c57182,02e9b79160de108ec112581e2e4eeed4,2017-05-21 12:46:50,2017-05-21 13:06:32,2017-06-13,0,niteroi,RJ,129.99,17.16,1.0,1.0,1600.0,42.0,25.0,15.0,15750.0
31926e0737274f789b936c32798f109c,757336b19576e72b70a7e2152a167792,2018-03-22 13:31:58,2018-03-22 13:49:40,2018-04-27,0,rio de janeiro,RJ,99.9,23.28,1.0,1.0,13100.0,42.0,45.0,30.0,56700.0
ee5e794b783fcf28dc28ff987a6f08b2,da23d4ed5cb0efe5ea22d93e26a0924d,2018-03-09 07:40:46,2018-03-09 07:50:28,2018-04-02,1,cariacica,ES,78.9,26.63,1.0,1.0,7450.0,23.0,80.0,12.0,22080.0
edc3e43c9acea4a673df5f0dec3d7051,8939553de56703df40f815afc4786730,2017-08-09 12:13:32,2017-08-10 12:10:26,2017-09-13,0,ouricuri,PE,129.99,29.31,1.0,1.0,1450.0,42.0,25.0,15.0,15750.0
f3239f4f6c8cdfc9043534b20c0b6179,94747b8a0c77eb8947fecdfa5b717435,2017-08-06 19:05:45,2017-08-08 04:23:53,2017-08-29,0,rio de janeiro,RJ,49.9,14.1,1.0,1.0,220.0,23.0,9.0,17.0,3519.0
312706db2e689abc71142bbcb1b6eb34,120ecc99ef409f1f02753d3ad88a9746,2017-12-20 21:23:20,2017-12-20 21:32:26,2018-01-15,0,sao paulo,SP,112.5,31.82,1.0,1.0,1700.0,35.0,60.0,40.0,84000.0
8dc7d1029415223a0367067aeebe711f,7ededb8426467b84329d3114a37d81a3,2017-09-07 16:06:29,2017-09-07 16:23:28,2017-10-06,0,alto jequitiba,MG,59.9,17.67,1.0,1.0,1500.0,30.0,22.0,30.0,19800.0
f1392a30909dbd81bbe5973e40ebba37,360ba15086ef8c818aa096d3480463bc,2017-09-17 20:39:36,2017-09-17 20:50:15,2017-10-09,1,florianopolis,SC,79.9,23.43,1.0,1.0,2300.0,59.0,9.0,42.0,22302.0
4e89a19cd340e7e72a5ad89b2fdf1642,ed5de0bdaed5e7afbe3fd0ef2a2e6569,2018-01-19 23:15:27,2018-01-20 23:20:15,2018-02-20,1,olinda,PE,27.99,17.63,1.0,1.0,300.0,17.0,4.0,12.0,816.0
9365c8c75027cd5e429a9355f1e088b8,0491083e2ce781339e49382f4ccee438,2017-11-22 21:41:58,2017-11-22 21:53:37,2017-12-08,0,guarulhos,SP,24.5,11.85,1.0,1.0,100.0,16.0,12.0,12.0,2304.0
ce44f44ee93f1deea42e493e84b5cd63,ebee8a6050baa684aa8ed76b90c0cecf,2017-10-06 23:13:21,2017-10-06 23:28:07,2017-11-08,0,cachoeirinha,RS,119.8,35.34,1.0,1.0,1500.0,30.0,22.0,30.0,19800.0
b68feda578fe41870ba7a14082ce03fa,5fce67dca9a87b02a48c4c507abb355b,2017-03-31 07:18:02,2017-03-31 07:30:07,2017-04-26,0,sao paulo,SP,64.58,17.44,1.0,1.0,600.0,24.0,20.0,27.0,12960.0
41af28fe8d828495ccf17c4a26e177f8,b61b31a4b4b06a01b674b4a23d4d65b1,2018-01-12 23:07:35,2018-01-16 03:50:06,2018-01-31,0,sao paulo,SP,29.5,13.08,1.0,1.0,1867.0,36.0,6.0,36.0,7776.0
87d65accbbf482b8a87bd13bb444cf6d,6c9fa2988ebdbc1b1af97d9f21e7ad37,2018-03-06 15:57:28,2018-03-08 02:50:29,2018-03-26,0,nova iguacu,RJ,250.0,114.65,1.0,1.0,6450.0,35.0,30.0,35.0,36750.0
ca4670b0ef79d3821a94001e51a0becd,754e43d7f87712e5c6b652f9a02227d3,2018-03-27 20:05:42,2018-03-28 20:07:32,2018-04-19,0,sao paulo,SP,72.0,13.62,1.0,1.0,150.0,16.0,13.0,14.0,2912.0
feec317d7127a4dc69cfb507f08c8759,8a0108267d9258a0ec9f74381bc9b0de,2018-03-04 23:38:00,2018-03-06 03:50:28,2018-04-11,0,rio branco,AC,69.9,35.85,1.0,1.0,2600.0,50.0,10.0,30.0,15000.0
626364b566711c4fb17291425360b470,d8a80fca5d64fffc7ff51bc538b19930,2017-08-02 20:49:12,2017-08-02 21:03:36,2017-08-17,0,sorocaba,SP,112.49,11.99,1.0,1.0,1200.0,25.0,11.0,15.0,4125.0
6b256beca574a0dfeb3cb16afb216061,46ad2a4627eaff989f09ed085a63f0f8,2018-02-03 18:07:36,2018-02-03 20:10:19,2018-03-01,0,sao paulo,SP,46.4,15.11,1.0,1.0,180.0,16.0,13.0,11.0,2288.0
f30d36b6eb144a416117bc67041fb160,b8f49557ca89e75525b81b8973f1d595,2018-02-18 12:27:58,2018-02-18 13:30:27,2018-03-21,0,piracicaba,SP,144.41,13.14,1.0,1.0,140.0,22.0,14.0,14.0,4312.0
337ed97aec5fea9e7e8169cf04876433,e465c6ea4029a5ac79cff9d1d8a73755,2017-10-09 20:23:03,2017-10-09 20:35:51,2017-10-31,1,salvador,BA,24.9,15.79,1.0,1.0,250.0,27.0,5.0,20.0,2700.0
5a8badb776e5585c274fe19201012249,ef22056dc8495090cdc55992aa9ef1a5,2018-03-07 21:02:00,2018-03-07 21:10:36,2018-04-05,1,morrinhos,CE,49.9,37.04,1.0,1.0,1110.0,19.0,11.0,18.0,3762.0
98ffd20f7510aafde026fc41c46876b1,2992f232ff17cb4cab17dc4cd2922251,2018-04-06 11:46:03,2018-04-06 11:55:18,2018-04-24,0,penapolis,SP,444.0,98.96,2.0,2.0,21775.0,63.5,41.5,37.5,98821.875
1a82675c731e609f7adc4c93898a6321,e0e0469747218021e8f9b9a240ebb93e,2018-01-31 19:20:31,2018-01-31 19:30:47,2018-02-22,0,barretos,SP,848.9,17.44,1.0,1.0,536.0,20.0,13.0,18.0,4680.0
90a0728a1ce3a04e661798e3db7d842b,d050ccd8fa4f60813134f7bb409ca04e,2017-11-24 19:31:32,2017-11-24 22:53:55,2017-12-22,1,caratinga,MG,49.95,15.1,1.0,1.0,350.0,25.0,9.0,19.0,4275.0
20012c4dba68323c61f4536de28ed1bb,e26e08c2affcb04408e2f30cb37abbaa,2018-01-25 16:27:59,2018-01-25 16:39:25,2018-02-22,0,paraguacu paulista,SP,180.0,12.76,1.0,1.0,175.0,20.0,20.0,20.0,8000.0
b786694b440fb6943dad1dcbffb42da9,0cd37b96e1f5c5d8152914365a58ba0a,2017-10-22 13:01:29,2017-10-22 13:14:47,2017-11-13,0,goiania,GO,145.95,17.27,1.0,1.0,2750.0,25.0,16.0,18.0,7200.0
f647bd085f1616eb4a272bda4d3f8045,4672ca9dfaf87835eea705f786d3dea7,2017-02-04 02:29:03,2017-02-07 03:50:19,2017-03-01,0,tatui,SP,239.0,12.28,1.0,1.0,500.0,16.0,13.0,13.0,2704.0
828cb23d35630c92b140ab22ff23c485,469884f267ad928b17fa5cc2751ef2c9,2017-10-24 22:10:39,2017-10-24 22:28:15,2017-11-21,0,arraial do cabo,RJ,89.99,16.39,1.0,1.0,250.0,22.0,10.0,18.0,3960.0
a8d69f3045be9fa0ea3aac3971741980,7a421bb11d92f1a08e384f216250afa8,2018-01-13 21:01:40,2018-01-16 03:40:05,2018-02-07,0,belo horizonte,MG,21.9,14.1,1.0,1.0,150.0,25.0,7.0,16.0,2800.0
a97d547ad23f485c9fb7b0eade5f7f18,a6a41ff534ddaa09d1e9cb71ca9613be,2018-02-24 10:44:16,2018-02-24 10:55:42,2018-03-21,0,brasilia,DF,84.9,25.87,1.0,1.0,321.0,19.0,14.0,13.0,3458.0
06dc4c865466794eb744032dc81b2c3f,91fa40257e77a974dc662e0012ae90c4,2017-04-24 00:15:05,2017-04-25 07:56:14,2017-05-15,0,miguel pereira,RJ,99.99,14.87,1.0,1.0,300.0,20.0,2.0,14.0,560.0
34d3746ff00ec19dffcf5a7f6761a1eb,0e481f23c930890042610bab117fe8af,2017-04-07 11:05:48,2017-04-07 11:15:17,2017-04-28,0,sao paulo,SP,12.9,10.96,1.0,1.0,700.0,65.0,18.0,28.0,32760.0
8c64e3e8dd3f04f78d3b5c994ae506f3,0474f888bb532eb4cc657abfd37c9d44,2017-04-25 18:51:59,2017-04-25 19:05:08,2017-05-12,0,sao paulo,SP,39.9,8.72,1.0,1.0,300.0,16.0,4.0,11.0,704.0
1bb89d713790b13c538111b4e0e8c80f,89f02b0138f4585547efe6007692639f,2018-01-27 17:29:35,2018-01-27 18:31:27,2018-02-14,0,praia grande,SP,39.99,8.72,1.0,1.0,317.0,22.0,14.0,22.0,6776.0
ebddf8921a89c56e1f375877575aecbd,902a5ba1843ce46c17022d8440b723ab,2017-12-18 14:55:09,2017-12-18 15:39:32,2018-01-16,0,vila velha,ES,69.9,15.25,1.0,1.0,662.0,21.0,26.0,18.0,9828.0
7b7b366f9d788aefadee50f44974b9d9,0a80c615ad59007c4745f7b74a9759c5,2017-11-11 14:47:09,2017-11-11 15:06:37,2017-11-27,0,rio de janeiro,RJ,388.5,18.76,1.0,1.0,5908.0,35.0,46.0,35.0,56350.0
b6d8ffb86091833de0d17a93f919a4e8,e19fb725a29dccd777bda66e5d680bc2,2018-01-12 22:34:44,2018-01-13 04:54:47,2018-03-15,0,porto alegre,RS,339.98,119.48,1.0,1.0,22500.0,79.0,12.0,40.0,37920.0
a6f21373862ef61c2aba41794c9caf3b,814b41afcb94cb533af057e10587da20,2018-03-06 13:46:25,2018-03-06 13:55:46,2018-03-16,0,artur nogueira,SP,59.99,8.4,1.0,1.0,200.0,16.0,18.0,16.0,4608.0
6f93bc498e872d1fceb5926df3b9bd54,ed891c42d02a927e5dbca628abcb9ba6,2017-06-28 14:31:13,2017-06-28 14:44:08,2017-07-11,0,nova odessa,SP,32.9,12.48,1.0,1.0,950.0,25.0,11.0,15.0,4125.0
6ed97d236b7eb297787b4002f3efee17,d6d256a476e32cfc2b4b0bb56142c7df,2017-05-09 08:08:31,2017-05-09 08:22:06,2017-06-01,0,garibaldi,RS,125.0,16.63,1.0,1.0,700.0,26.0,9.0,24.0,5616.0
052ad30f046f581349410a7b366ef674,ad9b393f25ebd743df490421048e5c91,2017-06-05 22:43:39,2017-06-06 13:25:34,2017-06-19,0,sao paulo,SP,14.0,8.72,1.0,1.0,2150.0,52.0,12.0,42.0,26208.0
64b6860d0ff4339bec73a08ed44a99f2,8f08b29cda61da37f0bb4c06d4090fb0,2017-02-15 11:04:52,2017-02-15 11:15:19,2017-03-24,0,sao paulo,SP,49.9,8.72,1.0,1.0,150.0,16.0,5.0,20.0,1600.0
69264247c0a6cc0003e9c47fda4c4693,e5965ae365a0c0595e3eede0d156d975,2017-12-03 19:46:19,2017-12-04 18:30:31,2018-01-09,0,sao goncalo,RJ,45.9,16.11,1.0,1.0,600.0,30.0,3.0,20.0,1800.0
9386d40609a844441d3fc71a2d763aeb,7743f235e69a51423e995b0682ac8c95,2018-02-06 09:43:59,2018-02-06 13:35:05,2018-03-12,0,erechim,RS,119.98,31.349999999999998,2.0,1.0,350.0,20.5,28.5,18.0,10516.5
d6d3a9a70b71224f7942c947d177aedc,444c429371782af5829148720a40e538,2018-04-12 10:47:58,2018-04-13 02:31:42,2018-05-03,0,gravatal,SC,45.0,13.61,1.0,1.0,225.0,18.0,15.0,16.0,4320.0
d851a0d54dfe11f32ecb35bb6c8b8e59,2e320174b3ab5bdd0bf8e2fe27e72b43,2018-03-15 17:59:54,2018-03-15 18:15:36,2018-04-05,1,juiz de fora,MG,45.99,18.23,1.0,1.0,200.0,16.0,10.0,11.0,1760.0
ae85b9887d49eb8e4e35cea1435a52d8,6efaf0b3597440cb86693d1fe9aad5fc,2018-03-18 19:20:24,2018-03-18 19:35:24,2018-04-18,1,fortaleza,CE,349.9,31.96,1.0,1.0,900.0,25.0,12.0,38.0,11400.0
481a51f75cdfb2f0a592648739dfb8cf,dc4dbafb39aecfe8d561171fb2793d5e,2017-12-28 16:26:41,2017-12-28 16:38:26,2018-01-23,0,cabralia paulista,SP,47.49,11.85,1.0,1.0,350.0,35.0,3.0,12.0,1260.0
2c70c146dab57932ffc2ffe38cd57d8d,49aca3f38ce32b651920b1a706754fa2,2018-02-21 10:28:51,2018-02-23 02:31:15,2018-03-07,0,sao paulo,SP,144.99,12.22,1.0,1.0,1050.0,36.0,24.0,22.0,19008.0
445a17ac1fde5a5ac27faedc9b38318d,9e925aa5944b07603d9db492ec1455ee,2017-12-11 09:15:28,2017-12-12 03:50:14,2017-12-28,0,sao paulo,SP,16.9,7.78,1.0,1.0,50.0,16.0,5.0,11.0,880.0
f5f7452f238f50e76a6fc959df850def,5e28718800958c9b17749226df1f8b02,2017-06-07 12:14:43,2017-06-07 13:25:08,2017-07-04,0,brasilia,DF,76.0,14.28,1.0,1.0,1300.0,22.0,36.0,22.0,17424.0
97a475450ceb764b03982eeb9bfc10a8,3aacb368d6b1db2b137d99daf9b3a05a,2017-11-26 23:26:23,2017-11-26 23:38:28,2017-12-27,0,cumari,GO,20.9,15.1,1.0,1.0,260.0,18.0,11.0,14.0,2772.0
08f47d708b29e500be7ee1576343f2f9,ae8dce2bd3be3a25622d54adbaf92a27,2017-10-17 10:30:04,2017-10-18 03:14:39,2017-10-27,0,cajamar,SP,44.5,7.78,1.0,1.0,300.0,21.0,16.0,15.0,5040.0
51b808ed0e75c3a1106b08d3afe4f655,6995a9f0b24e058dc141caeac9320539,2018-04-11 17:54:26,2018-04-11 18:10:59,2018-04-27,0,sao bernardo do campo,SP,12.0,7.39,1.0,1.0,550.0,16.0,9.0,11.0,1584.0
762e43a4ec270117f892451cad4a1bb7,6a6540fb91f94cfd5d51360f75900de5,2017-09-19 12:44:23,2017-09-19 12:55:16,2017-10-05,0,rio de janeiro,RJ,9.6,16.11,1.0,1.0,700.0,16.0,23.0,11.0,4048.0
ed0bd11dccfe74e31019ba133badf088,45537bfbebb450f1f4b50fee812ecec4,2017-03-03 19:26:52,2017-03-03 19:43:09,2017-03-24,0,ubatuba,SP,399.0,13.4,1.0,1.0,300.0,16.0,16.0,16.0,4096.0
20ed4cb22ba9f7978081410cd6400ba7,4fa12f3ae394aa81c4ac1faaa5a52276,2017-04-02 22:06:05,2017-04-02 23:10:13,2017-04-24,0,sao paulo,SP,98.99,15.8,1.0,1.0,2100.0,15.0,18.0,25.0,6750.0
5b53d58d5ca32220fd0eabaa0eeecb76,377d526461ee7bdfb44dff97141d6e40,2018-01-24 11:17:38,2018-01-24 15:15:57,2018-02-16,0,lencois paulista,SP,135.9,22.58,1.0,1.0,5700.0,20.0,15.0,13.0,3900.0
11ff39d90a8e9d316353b0a516c7a508,4db1727486f69718caa8e66ce168e48c,2017-12-20 11:47:04,2017-12-20 12:10:14,2018-01-17,0,rio de janeiro,RJ,185.9,29.82,1.0,1.0,8975.0,60.0,48.0,17.0,48960.0
5bbc94ad182b8b20ea955b1c3cae7d60,89fcf5e5b0b9a32db1cadbcc8c3eec9a,2017-09-11 17:47:24,2017-09-11 17:55:16,2017-10-04,0,belo horizonte,MG,519.0,19.07,1.0,1.0,429.0,18.0,12.0,12.0,2592.0
c556be66c245e4bfc475064dbe859d61,9b2ba7cb3cb15bba2ada6a34cb7188ea,2017-03-27 14:58:55,2017-03-27 15:10:20,2017-04-13,0,fervedouro,MG,139.0,11.58,1.0,1.0,300.0,18.0,4.0,13.0,936.0
400b234a2cb11507d9c6fe2ff08b5035,3e1f1aa69a22f10ddae5056275448e29,2018-04-06 11:14:10,2018-04-06 11:29:08,2018-05-09,0,goioere,PR,100.0,23.28,1.0,1.0,1400.0,28.0,21.0,23.0,13524.0
f368c3e5edb7b7db5296654ed37464b2,f4d64a735d1f90f13a057ca7f7b5ff87,2017-11-17 19:46:56,2017-11-18 19:45:55,2017-12-07,0,franca,SP,702.0,116.01,1.0,1.0,1350.0,30.0,20.0,20.0,12000.0
03c939fd7fd3b38f8485a0f95798f1f6,2a35ad9f439dfc62d35a0202e71d6c66,2018-02-25 21:01:08,2018-02-26 09:35:46,2018-04-02,0,rio de janeiro,RJ,26.0,16.11,1.0,1.0,100.0,30.0,10.0,15.0,4500.0
84d151f7573342933c5d715a7911895c,2397863318f443e6971e4c13ec92ea1c,2017-06-18 23:41:52,2017-06-18 23:50:19,2017-07-11,0,sao jose dos pinhais,PR,130.0,15.66,1.0,1.0,120.0,30.0,15.0,15.0,6750.0
23259ed6c735fe1c3e748d9400ff4a79,79f96d2cbe80d476674fe8df8bc4d5f9,2017-11-24 08:29:46,2017-11-24 14:32:47,2017-12-15,0,rio de janeiro,RJ,60.0,15.17,1.0,1.0,150.0,17.0,4.0,14.0,952.0
bc64222f8431b055190650c8778f6efa,0e75ea874d514eed9be0dcbc2d02debe,2017-12-27 13:22:54,2017-12-27 13:31:26,2018-01-22,0,sao paulo,SP,89.9,12.97,1.0,1.0,550.0,34.0,6.0,23.0,4692.0
41028caaf199df18f6fbf94e3ba6180c,d325c94c9291ed4d4eff97bc40981b6a,2018-01-22 21:45:48,2018-01-22 21:55:30,2018-02-14,0,rio de janeiro,RJ,79.9,16.81,1.0,1.0,2400.0,50.0,6.0,50.0,15000.0
3b4a1c677a8c6c11d2564b52b6eb636b,109e52a36c54ff5c530df98a75fb1db8,2017-10-03 16:44:16,2017-10-03 16:56:42,2017-10-30,0,sao jose dos campos,SP,69.9,17.74,1.0,1.0,9575.0,61.0,41.0,21.0,52521.0
64478c0495ed9d0c628e8cfa896b83f7,e75f582835be082b8ead72b1c7231f72,2017-12-05 19:43:24,2017-12-05 19:56:28,2018-01-05,0,anchieta,ES,89.0,15.37,1.0,1.0,600.0,20.0,20.0,20.0,8000.0
1594082890bd7c4672ab9c9e4949f305,b47bc65b0868e4d9d38891686c30d68d,2017-09-11 14:54:34,2017-09-11 15:10:29,2017-10-03,0,salvador,BA,116.0,18.09,1.0,1.0,450.0,16.0,19.0,15.0,4560.0
93dac07d310a7f6ef301a01a2bd2e33d,44409872f7096ce7249629450da5e2a6,2017-11-30 10:41:53,2017-12-02 10:35:47,2017-12-26,0,belo horizonte,MG,59.0,17.66,1.0,1.0,1550.0,30.0,22.0,30.0,19800.0
b415a35a700ab8411988f58b4db6daf4,02752ad42b3d725c49a1194731564a0a,2018-01-08 18:19:20,2018-01-10 10:32:50,2018-02-09,0,saquarema,RJ,86.9,21.1,1.0,1.0,1383.0,50.0,10.0,40.0,20000.0
e2cbd2d1481ec11ea5c4b7060296548f,d1926a6e8068d2bb5d6439d80a52c8df,2018-03-12 11:05:17,2018-03-12 11:15:33,2018-04-05,0,piracicaba,SP,23.0,18.23,1.0,1.0,250.0,17.0,3.0,10.0,510.0
7b7dfd05d2c719dee808c63d56b8f218,3509c843a061d65a8ab7ec2937d39e2f,2018-01-22 14:26:35,2018-01-22 14:36:30,2018-02-21,0,missal,PR,32.98,15.1,1.0,1.0,150.0,20.0,6.0,15.0,1800.0
788dadfe475fc16d5e7562f1a5fa8e82,2d6fc313e9b54c69f0e3145d19ec6894,2017-07-20 10:34:12,2017-07-20 10:45:21,2017-08-09,0,rio claro,SP,119.9,13.18,1.0,1.0,750.0,30.0,40.0,50.0,60000.0
6b6ce8cba846c77f4ce5f752e1401c54,071ceec1efc0edc2d11c7401d4a1dfc4,2018-03-18 13:50:06,2018-03-18 14:08:51,2018-04-05,0,sao paulo,SP,86.5,13.05,1.0,1.0,188.0,16.0,16.0,12.0,3072.0
9f6183228aa32e890cd753d3efab7178,7a79ee1f4b2b1e45b054ef61a44f706e,2017-03-16 13:46:58,2017-03-16 13:46:58,2017-04-04,0,campinas,SP,27.99,10.96,1.0,1.0,100.0,19.0,3.0,11.0,627.0
64958fed45ad3cd3b84be03fd9ac01cd,51dcfe10205819fd2d3294782a1065cc,2018-02-14 12:14:39,2018-02-14 12:30:26,2018-03-06,1,sao paulo,SP,45.0,11.85,1.0,1.0,367.0,17.0,12.0,12.0,2448.0
262b756fedea5f6b366d4b2502305836,8dc05898bdb12786a2bf61bcea1c5f74,2017-09-22 22:44:09,2017-09-22 22:55:18,2017-10-09,0,osasco,SP,38.9,8.72,1.0,1.0,600.0,18.0,9.0,12.0,1944.0
2c81e6aa6ff35dc1927f3002b02c7066,f31d0ce927351196bc937833455c3185,2017-06-27 19:39:10,2017-06-27 19:50:17,2017-07-24,0,sao bernardo do campo,SP,190.0,12.83,1.0,1.0,100.0,21.0,9.0,14.0,2646.0
0961e67affdacb23a647b67618e2bc70,1e98ef30dc6e4aebf3cedcf0bc5abeff,2017-09-09 20:33:21,2017-09-09 20:43:29,2017-10-05,0,santa maria madalena,RJ,229.0,54.2,1.0,1.0,12250.0,45.0,35.0,45.0,70875.0
fe492b94021fc809f9fd371ca4162c51,f7b168a3506088397cd2d771c1553a9e,2017-08-27 14:15:47,2017-08-27 14:25:11,2017-09-14,0,rio de janeiro,RJ,60.0,14.17,1.0,1.0,200.0,16.0,5.0,20.0,1600.0
8af74b9528c1d75ba1b3e3dd0af6e9c0,674c04904747c07295ee1e256c6f4dcb,2017-09-15 09:21:45,2017-09-15 09:30:28,2017-10-04,0,sao paulo,SP,119.99,25.68,1.0,1.0,3900.0,63.0,11.0,43.0,29799.0
c3197d78e42b450c28ecee747e96c807,b8cfb3955dc7967625be1f2b0f0db7a3,2017-12-09 10:01:50,2017-12-09 12:37:19,2018-01-05,0,belo horizonte,MG,59.0,17.66,1.0,1.0,1750.0,37.0,22.0,40.0,32560.0
c58118a3ddd13cf8d8ed345485f5ba28,37bfa4d2789f73ee5dede363eca1d3e3,2018-01-19 10:38:55,2018-01-19 10:55:46,2018-02-09,0,rio de janeiro,RJ,99.49,16.95,1.0,1.0,1200.0,24.0,11.0,15.0,3960.0
535981e0e0cb431bfd3a85a4279f03d9,0d04d26561b023e838cb99c83a55bfbf,2017-10-13 12:37:17,2017-10-13 12:49:24,2017-10-31,1,rio de janeiro,RJ,49.8,14.1,1.0,1.0,250.0,16.0,22.0,11.0,3872.0
0cbd2aa629e9ecbbcf518a10e247414f,b777e264df0b508f453971fb87c2a0b7,2017-03-27 20:40:27,2017-03-27 22:15:18,2017-04-18,0,itabira,MG,316.9,48.2,2.0,1.0,6775.0,64.0,10.5,64.0,43008.0
2545865a7855db1c3ffd110faf83261a,ff8f6d3e8686235229636f5b388e3b44,2018-01-03 20:40:15,2018-01-03 20:50:30,2018-02-01,0,niteroi,RJ,219.78,33.06,2.0,1.0,193.5,18.0,10.5,13.5,2551.5
079f102825b0dc326dd6cb10f33eeb21,1e2322453e139f015d7a024b4eb6dbaf,2018-02-23 09:39:36,2018-02-23 09:55:27,2018-03-19,0,niteroi,RJ,759.9,20.08,1.0,1.0,600.0,16.0,11.0,11.0,1936.0
03ba7e127b7a5243620b6c62c740d722,e70246c90e6f47e10fa5d8577d5beb17,2018-02-23 20:41:46,2018-02-23 20:50:32,2018-03-27,0,catole do rocha,PB,139.8,68.58,1.0,1.0,600.0,16.0,9.0,11.0,1584.0
c02ba990f9573a840c307babf93b3416,fac62f659b6e79c9004f4df20f81e56c,2017-09-03 18:42:46,2017-09-05 04:36:04,2017-09-27,0,tres coracoes,MG,59.9,16.86,1.0,1.0,3000.0,69.0,11.0,11.0,8349.0
4ba3f21bd638fd2e98fc97de01b63a34,c4ac881f58db1a55366d4fd58128f7f0,2018-03-25 15:22:52,2018-03-25 15:30:33,2018-04-13,0,itaguai,RJ,14.99,18.23,1.0,1.0,150.0,16.0,23.0,13.0,4784.0
e662f080948818831b03ae9386ddab42,937fcb3744fe04fe6197aaaf2b1a0c94,2017-07-28 08:27:03,2017-07-28 08:43:52,2017-09-13,0,sao paulo,SP,54.9,16.63,1.0,1.0,1050.0,21.0,29.0,29.0,17661.0
8711deabc099e5d2c3c89afd73e485a6,8e7f8c397aa4a27f05e44625e5b9f9fd,2017-11-30 18:26:24,2017-12-01 12:31:33,2017-12-27,0,barra mansa,RJ,299.98,28.42,1.0,1.0,4000.0,27.0,12.0,22.0,7128.0
b31deef3cfc53bbbf26964becc186cee,55cea14130c28e3aff86b47a695a0f13,2018-02-14 22:47:32,2018-02-16 14:30:32,2018-03-09,0,bauru,SP,82.9,12.71,1.0,1.0,225.0,17.0,14.0,13.0,3094.0
5f259af82fc248ddda092d4abe371ff1,45c20449fa0e246600a384e74176e43d,2017-06-30 21:48:50,2017-06-30 22:03:29,2017-07-24,0,verissimo,MG,55.13,15.14,1.0,1.0,150.0,16.0,2.0,11.0,352.0
357f2ad2d9ea3e63b225cfee8ad3b2a1,7113efb0ff417de3c22fc3dec35f5b3c,2018-01-09 22:02:44,2018-01-10 10:32:05,2018-01-26,1,itapevi,SP,115.9,12.02,1.0,1.0,1475.0,40.0,33.0,24.0,31680.0
7cd7446904e8e1b7bf7ca80444f1dffa,b32bbbb56d8b6e00aa05998e66daf749,2017-08-26 17:49:31,2017-08-26 18:41:25,2017-09-19,0,lavras,MG,169.99,16.95,1.0,1.0,1550.0,16.0,10.0,20.0,3200.0
e328a6bcc5577fb747cb1c2a16bd07ea,d23e3624d75a5bde49758e281e470174,2017-11-10 20:54:34,2017-11-10 21:27:15,2017-12-12,0,santo angelo,RS,29.0,15.1,1.0,1.0,67.0,16.0,4.0,11.0,704.0
2e21f1cfb4d53ac6710fdd9956f35f54,75c8bc2109f5fb856317aad61dca2dfe,2017-12-10 19:16:56,2017-12-12 03:51:25,2018-01-18,0,belem,PA,150.0,26.33,1.0,1.0,200.0,17.0,11.0,15.0,2805.0
e939c92235a2317f8222c7e4585a6255,e407ccb33c52d1292bdc4cb44619eb19,2017-05-27 22:10:24,2017-05-29 22:45:18,2017-06-28,0,florianopolis,SC,37.0,14.1,1.0,1.0,2000.0,20.0,21.0,15.0,6300.0
3e03b1d83d3900b822663724a388a410,5c460be259c9a70a1553efa96b294e8a,2017-06-02 09:28:25,2017-06-03 02:15:19,2017-06-23,0,sao paulo,SP,179.0,12.46,1.0,1.0,950.0,30.0,20.0,30.0,18000.0
bfc39df4f36c3693ff3b63fcbea9e90a,53904ddbea91e1e92b2b3f1d09a7af86,2017-10-23 23:26:46,2017-10-25 02:14:11,2017-11-13,0,florianopolis,SC,29.99,14.1,1.0,1.0,500.0,19.0,8.0,13.0,1976.0
f862cc760ea45f37e508061af8392161,47192afca0ea2f6927f782257e18fe4e,2018-04-08 19:27:48,2018-04-08 19:35:22,2018-04-25,0,sao paulo,SP,54.99,11.86,1.0,1.0,2250.0,20.0,20.0,20.0,8000.0
eeb395f21c0508f1593722cd5058462b,3afcd4f9f9411b8cb8f1d250b0a6f6c2,2017-07-30 21:20:32,2017-07-30 21:36:17,2017-08-22,0,fraiburgo,SC,49.0,15.1,1.0,1.0,250.0,16.0,2.0,11.0,352.0
25a404f22637eb472d87aea1b5358908,37477516d7b6f959ce137f49f1842a72,2018-02-08 10:08:50,2018-02-09 02:50:40,2018-03-06,0,rio grande da serra,SP,39.0,11.85,1.0,1.0,550.0,30.0,3.0,19.0,1710.0
bde4e874383e1817284c013ec6a2d72e,73cc6855993434b678f45020e7389ff8,2018-02-07 23:24:06,2018-02-08 01:35:26,2018-03-08,0,governador valadares,MG,52.0,15.11,1.0,1.0,300.0,26.0,10.0,26.0,6760.0
5622ad01924109b081d3f0f7fdd45f71,91fc7465107d197ce60e483d9f601dc8,2017-03-31 10:53:45,2017-04-04 06:05:09,2017-05-04,1,hortolandia,SP,69.99,11.1,1.0,1.0,100.0,16.0,16.0,16.0,4096.0
8ef805f6b95cf7f7e95c49e91050920a,dacd221c6e61590fc4e70e6a64926dd4,2017-06-26 17:43:29,2017-06-26 17:55:22,2017-07-27,0,sorocaba,SP,149.0,18.61,1.0,1.0,1000.0,33.0,44.0,19.0,27588.0
87440684f2020256690b3267299053f6,c0145549d5066a5299cb6d25f4bb3d36,2017-05-13 11:35:32,2017-05-14 11:42:41,2017-05-24,0,belo horizonte,MG,278.9,9.54,1.0,1.0,400.0,19.0,7.0,12.0,1596.0
72af4684a55d706d5e011f13870c0648,7d8d274c36de5111d141260b020d51a9,2017-02-08 10:44:52,2017-02-08 11:02:47,2017-03-07,0,sao caetano do sul,SP,35.9,10.96,1.0,1.0,200.0,16.0,9.0,16.0,2304.0
21ca56b276a6b8d082a1261f33786085,46898c46b3a1f1a811de916fb77e5659,2017-12-13 15:11:03,2017-12-13 15:19:27,2018-01-10,0,ribeirao das neves,MG,49.9,14.1,1.0,1.0,200.0,16.0,16.0,11.0,2816.0
6d8d35fe33dba5876a6748e641de5058,e18a73e99813ab848fe50a216642fbb5,2017-12-16 23:02:31,2017-12-19 09:50:45,2018-01-11,0,sao jose do rio preto,SP,29.99,11.85,1.0,1.0,300.0,17.0,4.0,12.0,816.0
8418f6b2abe992eedc0c136424fa139e,848ffdeb191369d63983e8391411cbc0,2017-10-11 13:14:45,2017-10-11 13:28:36,2017-10-30,0,santo antonio de posse,SP,454.0,11.99,1.0,1.0,600.0,20.0,15.0,20.0,6000.0
b9eb8b76c59fb1d0c2bd45104f5a9cba,a8f264ba33c417425b9f36b3087fbb6d,2018-02-28 09:08:07,2018-03-01 02:49:14,2018-03-20,0,resende,RJ,25.9,30.2,1.0,1.0,200.0,19.0,22.0,13.0,5434.0
742ba39f629d08705cf64769ff41dd3e,3453cda7c1f2565886229607f31e7ce1,2017-12-28 16:34:07,2017-12-28 16:47:22,2018-01-19,0,salvador,BA,599.0,27.76,1.0,1.0,12050.0,27.0,50.0,53.0,71550.0
c7e5dcc08eec0d2beca3642ca762a0b7,8779b7dd61306e3fb566468b116c1289,2017-11-24 00:31:58,2017-11-24 01:09:57,2017-12-18,1,macae,RJ,599.8,18.95,1.0,1.0,240.0,13.0,12.0,14.0,2184.0
b2a04f1e9c3932855c266b1c8ba7b7c5,2c08cc5dfb684e0bb4d3846b3171f81b,2017-05-09 08:42:15,2017-05-09 08:55:14,2017-05-30,0,marechal candido rondon,PR,119.0,14.56,1.0,1.0,1550.0,69.0,11.0,11.0,8349.0
9bc3c553892cef890732e8688293dc9d,e0f0e573de9eed01f4dbde5f9323c48b,2017-09-23 10:33:21,2017-09-23 10:45:39,2017-10-23,0,carapicuiba,SP,16.9,17.63,1.0,1.0,833.0,17.0,12.0,16.0,3264.0
e49a1046c2917c7dd73d6f9ae9a94afb,ebb969bbf53ce29792e48048edf27f90,2017-10-24 21:19:57,2017-10-24 21:28:26,2017-11-21,0,gloria do goita,PE,427.0,45.02,1.0,1.0,1050.0,27.0,22.0,39.0,23166.0
71f344dcca43baaa095dc61c9a998917,2dbe392b39bfc3fc6080a23ca79790bf,2017-06-28 11:19:15,2017-06-28 11:30:17,2017-07-24,0,porto alegre,RS,207.97,30.089999999999996,2.0,1.0,800.0,20.5,27.5,14.0,7892.5
2873081ab29eb52a684fc606e602f2a6,e748bee251c369a98cd9b20671605f10,2017-12-29 14:28:27,2018-01-03 04:17:38,2018-01-24,0,campo limpo paulista,SP,41.99,13.37,1.0,1.0,8500.0,16.0,15.0,25.0,6000.0
b19f25f057ac96ff8c7746e9590989b3,ab66e397db1b48e3bde13be7bc47aaf2,2018-02-21 08:39:02,2018-02-21 11:56:48,2018-03-16,1,guaxupe,MG,63.14,16.2,1.0,1.0,200.0,16.0,35.0,25.0,14000.0
afced00eb2f0134a2c5173999ca5086d,800967a7a5167197fb9b1d50a2ef8075,2018-02-05 10:21:07,2018-02-06 10:30:10,2018-03-13,0,curitiba,PR,1561.0,67.6,1.0,1.0,14400.0,55.0,15.0,36.0,29700.0
d487b6355486e731b46ab592494f65e9,c4776e481ae20a17b45fdb45497a6874,2018-04-12 10:20:46,2018-04-12 10:35:14,2018-05-17,0,marau,RS,89.49,18.54,1.0,1.0,650.0,16.0,10.0,11.0,1760.0
bf013ab8da2ddc44737310fb1f58361e,9b3ed5485c93de1b23d2ad381283fd9d,2017-06-10 13:45:16,2017-06-10 14:02:22,2017-07-05,0,campos dos goytacazes,RJ,419.9,23.43,1.0,1.0,3100.0,38.0,99.0,14.0,52668.0
ac7a92560a9e99f0a0ab4988102f491b,6abf781c5304890987047e9aa239caa8,2018-03-04 15:58:09,2018-03-04 16:10:35,2018-03-23,0,londrina,PR,89.99,17.88,1.0,1.0,1200.0,36.0,8.0,26.0,7488.0
39627a21dc26dd7c2810548c6b6e1e90,3d4b571062a7bb528ced4e8e11f095c0,2017-06-01 10:10:24,2017-06-01 10:25:13,2017-07-04,0,parauapebas,PA,230.0,35.41,1.0,1.0,1200.0,16.0,19.0,15.0,4560.0
42fbec9b92de96f320334c91f47e8b6a,c19ce4ec557c4b0d86dc3fa47a542502,2018-01-14 08:09:08,2018-01-14 08:17:23,2018-02-06,0,itapetininga,SP,9.9,11.85,1.0,1.0,100.0,21.0,9.0,13.0,2457.0
26ccd00e36dcb6270f76feff4f6dd560,4b14bf7f9a0fd13d8e7073cd3de6b3e7,2017-11-27 20:02:16,2017-11-27 20:18:44,2017-12-15,0,campinas,SP,45.65,11.85,1.0,1.0,200.0,16.0,12.0,11.0,2112.0
0ab4790a52443a30df72f298b03077db,6cdcd721d17f36e52099be0d2a99e25b,2017-08-02 07:26:53,2017-08-02 07:35:18,2017-08-15,0,blumenau,SC,205.98000000000002,18.85,2.0,1.0,1425.0,49.0,5.5,16.5,4446.75
d1292690e5d721165cfcbc331e8c46ca,20fad7bda07c51e347aa6f947f5a6771,2017-11-09 11:03:55,2017-11-09 11:15:51,2017-11-23,0,goiania,GO,138.55,12.67,1.0,1.0,2300.0,30.0,13.0,25.0,9750.0
a0e4b2e02fc8b8fb212ac357f28ec9c3,832916e9b7e8b6e2cbed9dab37b12efc,2018-02-22 22:42:40,2018-02-22 22:55:24,2018-03-16,0,sao paulo,SP,89.99,13.65,1.0,1.0,1350.0,40.0,5.0,30.0,6000.0
121766cf55ce1689e216b6d3c4e95c72,c3a998f9bf142fb0f745c8a7ada028f2,2017-11-24 15:15:42,2017-11-24 17:54:16,2017-12-11,0,sao paulo,SP,84.99,13.15,1.0,1.0,900.0,33.0,17.0,12.0,6732.0
42d18cc0399f54454215946af6ef3252,9b3cb84abc5c1cec3d856dd6c807b13c,2018-01-06 21:31:55,2018-01-06 22:31:29,2018-01-31,0,porangaba,SP,89.9,16.26,1.0,1.0,2300.0,45.0,15.0,35.0,23625.0
ea07fcd3f9385395f50217c8ca1eaa45,a7b8d98d59a1a44a4f78408b257b3ff1,2017-11-14 08:29:08,2017-11-14 08:46:24,2017-12-05,0,sao paulo,SP,30.0,15.1,1.0,1.0,150.0,21.0,3.0,18.0,1134.0
cce72bec497212f4c37a044860358035,05468ef54e8b2f92bd33ae272753e35d,2017-06-28 16:31:00,2017-06-28 16:44:06,2017-07-26,0,porto alegre,RS,205.0,22.27,1.0,1.0,9750.0,35.0,12.0,30.0,12600.0
ee234bfd26ca588915483995d811c1d0,b0232f62bd310b605fc9ba834860ce2c,2017-11-29 08:39:03,2017-12-01 14:11:36,2017-12-21,0,sao paulo,SP,,,,,,,,,
29378d5129c88c97f152331affe2ed00,928decbd71d845b2a6bf900ec9a84ffb,2018-03-22 11:43:09,2018-03-22 11:55:40,2018-04-13,0,sao paulo,SP,24.2,15.23,1.0,1.0,600.0,36.0,6.0,19.0,4104.0
c4dfe85811ecda8bbc7002dfbffc468c,485760799b2cd07783a674fb73c5cc96,2017-11-25 12:00:25,2017-11-28 03:43:34,2017-12-22,0,suzano,SP,238.9,18.92,1.0,1.0,1150.0,30.0,5.0,30.0,4500.0
51a73c564f9cc803ec067dd3a0381997,f3abd9d838b32ae720c958d71b5261b0,2017-09-05 20:55:39,2017-09-05 21:10:47,2017-09-19,0,sao paulo,SP,26.5,7.78,1.0,1.0,200.0,22.0,6.0,15.0,1980.0
57c69ed198726d2114eb47ca8c2d64c4,3bf7096ca4aa72588b26d99acfc1a823,2017-08-31 17:47:19,2017-08-31 18:05:09,2017-10-02,0,mesquita,RJ,149.8,35.54,1.0,1.0,1350.0,37.0,10.0,31.0,11470.0
14d64059935405be1dc46f30f7a123ac,4d5f7e1e4e0c9b91cb3a39737b940c93,2018-01-11 21:19:39,2018-01-11 21:28:21,2018-02-09,0,rio de janeiro,RJ,199.89,17.65,1.0,1.0,2134.0,25.0,22.0,16.0,8800.0
4a35349fd1d8617da52d19a95fcd95e8,27e8c3e96456389b7fa9c1037960ee64,2018-03-07 18:53:08,2018-03-07 19:09:58,2018-03-29,0,fortaleza,CE,44.99,19.04,1.0,1.0,300.0,17.0,4.0,12.0,816.0
37d69379ae52462d505e0711aed2c296,a86e0ea205c29c956c48693f8072414d,2017-03-26 17:54:57,2017-03-26 18:05:15,2017-04-13,0,sao paulo,SP,24.99,8.72,1.0,1.0,50.0,16.0,2.0,11.0,352.0
3712671af76fe8fa80631e4407cc6ab1,4ada596bb18a812d50553dc2ecdda9c2,2018-04-07 17:55:10,2018-04-07 18:08:19,2018-04-19,0,sao paulo,SP,81.99,7.92,1.0,1.0,207.0,17.0,12.0,13.0,2652.0
871d475aeaf2288a225fe1ade32d1b44,61cfdf9916a5a215dfe42663648b99c9,2017-09-08 14:44:39,2017-09-09 17:28:53,2017-09-28,1,sao luis,MA,19.9,21.15,1.0,1.0,100.0,18.0,6.0,11.0,1188.0
7955a52aeb9d87cd04d970f6cc22c98e,b7dc27ac1b54155804e7550da93aaa01,2017-06-22 11:14:21,2017-06-23 02:30:46,2017-07-14,1,rio de janeiro,RJ,40.0,15.1,1.0,1.0,500.0,22.0,11.0,16.0,3872.0
92d731517f17c26f16182d45498c4c3d,95c44daefa7bfb91c6bb0665a0cd22fc,2016-10-05 11:23:13,,2016-11-14,0,rio de janeiro,RJ,,,,,,,,,
bae1ccf3fe7baf222a4240bab9c095ca,b7914f4692aa83f8c4cce8ed7a957634,2018-01-12 14:05:41,2018-01-12 14:18:26,2018-02-09,0,mariana,MG,24.9,15.1,1.0,1.0,200.0,19.0,13.0,17.0,4199.0
8a5b38ec15fb5bb88a060a17587a2590,089525d394be31397b994bcf92c6b31a,2017-11-17 19:49:26,2017-11-17 21:15:44,2017-11-30,0,americana,SP,26.9,9.34,1.0,1.0,525.0,18.0,15.0,17.0,4590.0
a455dc7b8d6735fa6ef94adaa7b849b7,9502835f586a82df0f723afcf4ce8350,2018-01-21 13:47:57,2018-01-22 13:50:29,2018-02-15,0,serra,ES,299.9,18.35,1.0,1.0,5650.0,36.0,26.0,36.0,33696.0
5c12a7dbc8a84fd45bcd6c752b0f39c7,291d88320a4586c8102b11eb0cacc89e,2017-08-15 00:39:44,2017-08-15 00:55:13,2017-09-06,0,belford roxo,RJ,39.99,14.1,1.0,1.0,450.0,30.0,10.0,25.0,7500.0
a2a91e0cab81f50fd109a557ee1d92c8,d2be4369263b5ac03ffff07e2aa63967,2017-04-27 10:42:30,2017-04-28 11:44:46,2017-05-29,0,piedade dos gerais,MG,17.89,14.52,1.0,1.0,350.0,19.0,4.0,11.0,836.0
ab8c4bf0204081a450dae1139f6eacb5,52003bd1d28ef8b5dcbc44f335efd98d,2017-12-11 15:13:03,2017-12-11 15:32:05,2017-12-28,0,rio de janeiro,RJ,179.99,9.63,1.0,1.0,1000.0,18.0,23.0,20.0,8280.0
864eedd447e159c27f86ff87932205dc,37745fa479f6b3130fea21ac6f375d24,2018-03-25 19:08:17,2018-03-27 03:49:01,2018-04-23,0,quedas do iguacu,PR,99.97,38.99,1.0,1.0,8750.0,16.0,50.0,40.0,32000.0
9584de98c3062bc5d9be7780f9dbf41d,2fc636a28e985f64337f1766b033a3e6,2017-12-19 23:54:56,2017-12-20 00:56:22,2018-01-24,0,vale do sol,RS,21.99,15.1,1.0,1.0,200.0,19.0,4.0,11.0,836.0
5e0a798e395c3be05f7b2cc9f7ceb6b4,3119195c7ca0da07f02a118f1fd13499,2018-03-21 12:08:41,2018-03-22 02:55:33,2018-04-03,0,bauru,SP,27.9,8.82,1.0,1.0,300.0,30.0,6.0,20.0,3600.0
7364c719f78ceaaa61ca4e933a4e6022,554df975298823cc6dec4fe5334583e6,2017-08-01 18:57:56,2017-08-01 19:15:10,2017-08-31,0,ilheus,BA,119.0,18.4,1.0,1.0,700.0,38.0,35.0,38.0,50540.0
38526edd44a1d0ae9f1bab48804da5e0,fd905acc8e4322baccc7e50efb4b8947,2017-02-21 21:27:33,2017-02-21 21:35:17,2017-04-13,0,alem paraiba,MG,159.9,21.2,1.0,1.0,2350.0,33.0,7.0,37.0,8547.0
25dbc50976d47cd055b0317ac694c574,f8f20eeb0195d8943f36a69f94c09268,2018-01-05 12:49:48,2018-01-05 13:32:10,2018-02-08,0,mundo novo,BA,129.0,28.28,1.0,1.0,9950.0,31.0,61.0,31.0,58621.0
62df2a6e81f275396c8f6b0dbef9b091,cf9ccaedb1a62b0d6debd90aa491cff9,2017-12-18 15:58:48,2017-12-18 17:18:28,2018-01-17,0,ubirata,PR,37.99,15.1,1.0,1.0,250.0,21.0,4.0,14.0,1176.0
1a7ee01992a69255a005e9db8a96d898,6ba47b28c84367f0c27769d78f1c3adb,2017-05-31 20:57:49,2017-06-02 20:05:12,2017-06-23,0,planalto,PR,243.0,35.06,1.0,1.0,7100.0,74.0,10.0,20.0,14800.0
59fa27082bb77c5dbd8a6568f3b34380,1013b3cb87e89aa951b7f556f8c26d33,2016-10-06 11:32:00,2016-10-06 16:05:17,2016-11-28,0,charqueada,SP,128.9,16.04,1.0,1.0,5470.0,48.0,27.0,42.0,54432.0
7bdefc5deecbdd28629a32451fef120d,23b672646bb77ec71ce0c7f3161bd131,2017-11-24 11:11:58,2017-11-24 13:14:01,2017-12-19,0,congonhas,MG,52.99,15.12,1.0,1.0,450.0,30.0,6.0,23.0,4140.0
fe751fb989fdd6ff6c21a0b708da0d13,caf69cb2c6e8252358df8fabdc9544f7,2017-12-28 23:14:50,2017-12-28 23:27:09,2018-01-29,0,fortaleza,CE,59.99,18.96,1.0,1.0,350.0,19.0,22.0,17.0,7106.0
ceff388a23c12ac5dce0b56dad25602a,cc991d49b1c85603387b0e1f16c57474,2018-02-19 14:02:29,2018-02-19 14:15:21,2018-03-19,0,ponto dos volantes,MG,19.5,16.79,1.0,1.0,150.0,24.0,9.0,18.0,3888.0
4550a99f6056026fc76c5030f0f45fe6,53b6d45cb9684a4b93e0ba2030222456,2017-06-24 13:10:07,2017-06-24 13:23:15,2017-07-18,1,sao goncalo,RJ,45.96,16.11,1.0,1.0,700.0,22.0,11.0,16.0,3872.0
6f99460a3922c5c8fa61c49fa488a858,b6302ec7c7b78367c0f804f88b7b8461,2018-04-06 11:36:30,2018-04-06 11:50:19,2018-04-24,0,presidente prudente,SP,80.5,13.0,1.0,1.0,1183.0,20.0,24.0,19.0,9120.0
63fd40b25ac9dbeea8ec6b26558a1add,23e74e2cca6193a0e238483464222068,2018-02-11 17:49:44,2018-02-11 18:08:18,2018-03-09,1,rio de janeiro,RJ,227.99,50.34,1.0,1.0,13300.0,32.0,90.0,22.0,63360.0
c8897b5891a3195ee9cecf410341b589,c5ad44e41c6bb1195a7cbe476af25449,2017-10-17 01:24:28,2017-10-17 01:49:13,2017-10-27,0,sao paulo,SP,25.8,15.559999999999999,2.0,2.0,250.0,18.0,12.5,13.0,2925.0
42292e831d26e43153b9bc1e5e440681,e1ffcf6864bd61cd2bd1ab8619d914f2,2018-01-24 13:46:31,2018-01-24 15:16:00,2018-03-02,0,arapiraca,AL,49.99,34.15,1.0,1.0,250.0,17.0,4.0,12.0,816.0
54e5702667dea09e5e5c511966be57f2,ddbed7a357c10ca2180079c97f655a98,2017-07-03 15:38:36,2017-07-05 03:03:57,2017-07-27,0,belford roxo,RJ,59.9,19.66,1.0,1.0,1700.0,28.0,14.0,22.0,8624.0
786a54ce0cf9dab273f41727d56f96ec,470cff54aa86be3ce142cc8406ad2084,2017-11-01 20:10:34,2017-11-02 20:10:23,2017-11-30,0,senhor do bonfim,BA,198.0,46.0,1.0,1.0,9000.0,42.0,12.0,39.0,19656.0
090cb921c3319702919eabe80bc9f5ff,2947b1f5493e916b287414dc93e1e6b0,2017-04-19 12:38:31,2017-04-20 02:45:35,2017-05-12,1,sao paulo,SP,29.5,8.72,1.0,1.0,200.0,20.0,20.0,20.0,8000.0
199c3d5d5456786637603c3975e504f3,526441615839170e46ce165be2760060,2018-02-25 16:35:44,2018-02-25 16:50:22,2018-03-12,0,jundiai,SP,157.49,12.31,1.0,1.0,6850.0,51.0,39.0,43.0,85527.0
76d1d5d9e614ab4fc54310fda49855b2,8bbd3bb0796450a7bea0922e51e3aa6c,2017-09-18 13:24:40,2017-09-18 13:35:16,2017-10-06,0,brasilia,DF,56.99,16.16,1.0,1.0,875.0,25.0,18.0,40.0,18000.0
8dc7f5f2024708be4f36e4b1811cdd97,d374f2ed1fbdeceaf653e5a48796c12d,2018-01-22 17:16:37,2018-01-22 17:36:46,2018-02-20,0,curitiba,PR,89.5,12.76,1.0,1.0,207.0,19.0,11.0,14.0,2926.0
fdb3ef83ea6f7bef7d13bdd9b38da661,fbc1bec47970c387d5f4962d518dd268,2017-01-17 21:09:40,2017-01-17 21:21:39,2017-03-13,0,embu-guacu,SP,109.2,13.34,1.0,1.0,1300.0,20.0,20.0,20.0,8000.0
5ef3a01aff74727ebbcf7175c68f51d4,e65366d6108f8f7456d6c14f330ccfc9,2017-05-19 20:46:52,2017-05-19 21:02:50,2017-06-12,0,itaperuna,RJ,59.9,17.67,1.0,1.0,7000.0,26.0,47.0,27.0,32994.0
a19b1e8a877c19f80257b15207bd186f,02f8e44a560ff53db97e57913234593b,2017-08-04 22:51:08,2017-08-04 23:05:26,2017-09-01,0,paranaiba,MS,259.99,51.69,1.0,1.0,9850.0,58.0,9.0,27.0,14094.0
723e240c9c7fab76e64b2c232afb8bd8,bcf1316f0bc85a5626519e9bb1205c1b,2018-04-06 14:35:56,2018-04-06 14:50:23,2018-04-24,0,sorocaba,SP,120.0,11.47,1.0,1.0,1550.0,18.0,16.0,18.0,5184.0
e9e76f41dadb7c83d5f8dcbd2ca7473a,2e0bfa6011ac97514219d751ffb3e086,2017-07-19 14:08:55,2017-07-19 14:23:31,2017-08-14,0,itapevi,SP,15.98,23.7,1.0,1.0,710.0,16.0,15.0,14.0,3360.0
77af7c6e42549e58f42977d5be538d0d,fbf8e675c5adcf8c482b04c517814924,2018-03-07 16:27:30,2018-03-08 17:40:32,2018-03-28,0,curitiba,PR,109.9,18.65,1.0,1.0,350.0,16.0,6.0,11.0,1056.0
a436479c10d07646de88aac101c689df,bad02fa91ee4c30b713b2be4d4a15650,2017-04-02 10:30:10,2017-04-02 10:42:48,2017-04-26,0,varginha,MG,288.0,75.63999999999999,2.0,1.0,1450.0,50.0,9.0,35.0,15750.0
3b0a023614a9b0c9d8f4bdbc98bd7b0c,713477f27e9bcb84f9449e11fb6378ec,2017-05-22 15:14:26,2017-05-22 15:25:15,2017-06-14,0,duque de caxias,RJ,89.9,15.38,1.0,1.0,1383.0,50.0,10.0,40.0,20000.0
c152d21bf4fc58f89b8644af56cdc116,225c0949be781e5efb085b4dacb0a4a8,2018-01-13 13:26:35,2018-01-16 03:50:13,2018-02-05,0,sao paulo,SP,150.0,12.55,1.0,1.0,200.0,17.0,11.0,15.0,2805.0
8c006b6688741e47144a6f79f96e225d,39a7c80a979c7dd2a212d30f216d9a87,2017-03-20 10:40:52,2017-03-20 10:40:52,2017-04-18,0,recife,PE,67.9,14.24,1.0,1.0,300.0,16.0,6.0,11.0,1056.0
5404828155a6ed66ac6bb53e05525d39,85f811b6af8146949931a11913719763,2017-09-19 18:51:06,2017-09-19 19:04:16,2017-10-10,0,icara,SC,179.99,27.58,1.0,1.0,4000.0,30.0,21.0,24.0,15120.0
18e404d32cdbd8bd2886579e59240685,a151d0a2241b8c783549d938fc850ad8,2017-07-27 18:11:15,2017-07-27 18:25:12,2017-08-30,0,lagoa de velhos,RN,199.0,35.19,1.0,1.0,400.0,16.0,2.0,20.0,640.0
2e320ab86de835aa42cf9e69f54f9380,6bb8f8549532be3e4fc1df6f7b281ed9,2017-11-18 19:50:31,2017-11-18 20:07:24,2017-12-11,0,vitoria,ES,240.0,17.93,1.0,1.0,16200.0,50.0,35.0,30.0,52500.0
c442924838668a8f207a02063556d814,9346c5bf5e6eac10f0c9feaff3eb306e,2017-11-16 19:37:21,2017-11-16 19:56:44,2017-11-29,0,sao paulo,SP,184.0,13.84,1.0,1.0,6300.0,50.0,25.0,30.0,37500.0
916f6a4c3dcd2f31f59a340a281e888e,488c8314a03fa7c3856db52fd016cce2,2017-10-15 22:06:05,2017-10-18 02:53:29,2017-11-06,0,ponta grossa,PR,59.9,13.44,1.0,1.0,1650.0,40.0,45.0,25.0,45000.0
c44a36aa1770cc41a8fb130dfa1bba3b,83d91af0a4ef20bdf35482111320f447,2018-01-15 09:00:52,2018-01-16 03:51:09,2018-02-07,0,sao paulo,SP,174.8,25.48,2.0,1.0,264.0,19.0,12.5,13.5,3206.25
e169b880e5f68fbd4500941ac7107168,d003364cdc8beb1c87e73780d7fc9d13,2017-09-11 13:19:46,2017-09-11 13:37:57,2017-09-27,0,rio de janeiro,RJ,39.9,14.1,1.0,1.0,350.0,24.0,4.0,14.0,1344.0
87ec7a9f029ae04e1e43ffc7bba7bfa5,1fdbc491b5d027c76d77bd7c916dcd14,2017-05-12 13:01:18,2017-05-13 13:03:02,2017-06-02,1,biguacu,SC,157.0,21.59,1.0,1.0,5300.0,20.0,45.0,35.0,31500.0
7afff8cad4526f9932fecee92be8507a,6ffd4f294fd7e52f4fb63343912fc6fa,2018-04-02 10:24:47,2018-04-02 10:35:17,2018-04-20,0,angra dos reis,RJ,36.99,19.32,1.0,1.0,1200.0,55.0,3.0,42.0,6930.0
4dadcd5f9e682c17fdc6dded70c048e0,e40265c6ceebf38ea830b695d9340bda,2017-05-07 13:53:39,2017-05-07 14:05:12,2017-05-31,0,liberdade,MG,26.33,15.1,1.0,1.0,163.0,16.0,9.0,12.0,1728.0
46cce235fa3f299c3093aedae4396900,6fa98fa8dfe234b37dffdf3faf2986c9,2017-11-24 10:08:07,2017-11-24 10:30:43,2017-12-22,0,santa maria,RS,299.98,33.62,1.0,1.0,100.0,16.0,10.0,15.0,2400.0
ca759ab8f22c84329b8dbcb5192ef923,fed6164eb076a32849ac5d4d3cf14480,2017-11-24 13:38:06,2017-11-24 16:16:01,2017-12-18,1,sao paulo,SP,159.9,25.96,1.0,1.0,3400.0,20.0,30.0,30.0,18000.0
5599a0eebfc7ecac5cffa25fe2d57e47,905b68aed6177b504cdce690e4e85575,2017-10-31 10:44:55,2017-10-31 11:06:18,2017-11-14,0,sao paulo,SP,84.0,13.61,1.0,1.0,1450.0,45.0,15.0,35.0,23625.0
39bb6b8fd2355d062fb76cac478fe497,cff1a732b941ddbd23d5077665a42e93,2018-03-30 23:32:46,2018-03-31 10:48:08,2018-04-18,0,campinas,SP,145.0,14.37,1.0,1.0,650.0,16.0,7.0,13.0,1456.0
9c5dedf39a927c1b2549525ed64a053c,39bd1228ee8140590ac3aca26f2dfe00,2017-03-09 09:54:05,2017-03-09 09:54:05,2017-03-28,0,sao jose dos campos,SP,72.0,13.08,1.0,1.0,1175.0,22.0,13.0,18.0,5148.0
084aeb6e79318fd38a5129da7db217d2,a9d615d6c2f115660b61898530fe393e,2018-03-05 12:28:59,2018-03-05 13:31:10,2018-04-02,0,aracruz,ES,129.0,44.98,1.0,1.0,6550.0,20.0,20.0,20.0,8000.0
32b75a504adac9e56f590b0561a5fcc6,61a03311eb27298ca1cba139fe4f553f,2017-11-12 21:43:34,2017-11-12 22:06:37,2017-12-08,0,curitiba,PR,196.99,63.2,1.0,1.0,16400.0,63.0,60.0,25.0,94500.0
7835854d5e472c92de2a34543f57f53c,2b36b6d5af0e2849f49bfb53c588c690,2017-02-25 10:18:08,2017-02-25 10:30:22,2017-03-24,0,uruguaiana,RS,27.99,16.05,1.0,1.0,100.0,19.0,3.0,11.0,627.0
421cf19961f42317267a94c6ed066cf9,999788208f06927b5253b8251117bc44,2018-02-08 17:24:08,2018-02-08 18:32:21,2018-03-05,0,rio de janeiro,RJ,38.99,16.11,1.0,1.0,550.0,16.0,10.0,16.0,2560.0
89c79b8e224ee3fb7c73bb47b6074891,9a3cefd7682653a40d7301eed503fa8c,2017-12-18 20:42:39,2017-12-20 06:57:45,2018-01-19,0,salvador,BA,79.0,19.79,1.0,1.0,5850.0,60.0,20.0,29.0,34800.0
df3a7600e4fd0a2c595fa7ad6e2e622e,8b82938b643c15649685382d619f2db6,2017-10-06 16:44:05,2017-10-07 02:28:11,2017-10-30,0,birigui,SP,32.0,11.85,1.0,1.0,150.0,16.0,13.0,11.0,2288.0
77e548d1df3a7054cc11757ec6a0af59,3dfc54c80465a34e894278f7dde57435,2018-01-16 18:45:15,2018-01-17 03:38:28,2018-02-14,0,nova prata do iguacu,PR,12.98,15.1,1.0,1.0,275.0,18.0,4.0,12.0,864.0
8fa32d2fb129f27c9ba8eb9d8340d5a7,3eeafe2383280a4ff135e5c06965c18b,2017-03-22 14:44:14,2017-03-22 14:44:14,2017-04-12,0,curitiba,PR,49.99,15.56,1.0,1.0,1200.0,30.0,30.0,16.0,14400.0
fe51eca8b5e241e101a5bc2e9720f877,e066b0d4111159d21f74325789a1e841,2017-07-30 03:01:54,2017-07-30 03:22:52,2017-08-11,0,sao paulo,SP,29.9,9.34,1.0,1.0,1207.0,20.0,10.0,20.0,4000.0
d71eba34205e5f3291c2360f8c64f5f8,67fbf3bfb27abed847924106a7458acc,2017-03-28 19:29:58,2017-03-28 19:45:09,2017-04-24,0,brasilia,DF,184.0,16.59,1.0,1.0,200.0,24.0,7.0,14.0,2352.0
835bf4777ad72891587719f1098e3528,dbfc2fb6a9424037815a3a887c10be61,2016-10-07 08:28:29,2016-10-07 09:09:12,2016-11-29,0,diadema,SP,30.97,10.96,1.0,1.0,443.0,21.0,13.0,17.0,4641.0
bfbf45695ada6f6c2b2bbf14d224aeb1,911f537925bba457f30e1d49322c649b,2017-10-05 11:55:04,2017-10-06 02:35:29,2017-10-30,0,ituverava,SP,49.0,11.85,1.0,1.0,200.0,16.0,2.0,11.0,352.0
4810bc72b32b9b06d7962b3c645faea2,7f2b3135700ee34aabe5bb580cd04ddd,2018-03-26 18:36:31,2018-03-26 18:47:25,2018-04-24,0,carire,CE,49.9,37.04,1.0,1.0,150.0,16.0,5.0,20.0,1600.0
2f715a4ad1e86b20a19e070acf516b38,94a11bc09eae9dd2cb87ae221efcc0a3,2018-04-09 15:50:11,2018-04-10 04:11:11,2018-04-24,0,sao roque,SP,52.9,9.44,1.0,1.0,700.0,55.0,7.0,39.0,15015.0
1619ac7c95b1d3968cc98be483959b2c,f3e70dbef3c069f99b47ef74148d6d58,2017-04-15 15:14:09,2017-04-15 15:25:08,2017-05-15,0,rio de janeiro,RJ,449.9,19.99,1.0,1.0,471.0,18.0,12.0,15.0,3240.0
be9ee147c9dd269d227ae37839d3493a,801e6d59e9665f5ed9fac67b7a5ba67d,2018-02-21 00:49:56,2018-02-21 05:50:08,2018-03-07,0,sao paulo,SP,29.9,8.11,1.0,1.0,250.0,16.0,5.0,15.0,1200.0
32a5bc9d3f2a71d05c275cfb8d2adccf,94dbca303a9992cbe54a1a2cb78df2a5,2017-07-20 13:38:18,2017-07-20 13:55:10,2017-08-18,0,belford roxo,RJ,119.8,35.34,1.0,1.0,1750.0,37.0,22.0,40.0,32560.0
4a90af3e85dd563884e2afeab1091394,9d6837f9700a3441e7183bff3bc4eef0,2017-08-21 20:35:44,2017-08-21 20:50:19,2017-09-01,0,sao paulo,SP,106.2,9.56,1.0,1.0,700.0,43.0,15.0,35.0,22575.0
a1237d295641cb8fec0be746ab923b79,02bfa7864b9a06a122b976e47a743353,2017-03-02 09:23:19,2017-03-02 09:35:18,2017-03-29,0,goioere,PR,89.0,23.87,1.0,1.0,1850.0,24.0,36.0,23.0,19872.0
cf72ba515bbb8a0ee1723579cc7d0380,91567d33ff85c9c6b6b6d244870bcb01,2017-10-18 16:20:32,2017-10-18 17:06:35,2017-10-30,0,sao paulo,SP,69.9,8.72,1.0,1.0,385.0,25.0,20.0,20.0,10000.0
71bd50400074bcb6afdacdccb82a5478,1071adb636fc88d3329940274c15ac17,2017-05-14 16:08:22,2017-05-14 16:22:10,2017-05-24,1,sao bernardo do campo,SP,161.9,8.88,1.0,1.0,1083.0,48.0,20.0,47.0,45120.0
5fa78e91b5cb84b6a8ccc42733f95742,c15eed3881abc9e06763c989679c5094,2017-11-30 01:51:23,2017-12-08 16:33:14,2017-12-18,0,sao paulo,SP,16.9,7.78,1.0,1.0,400.0,27.0,5.0,20.0,2700.0
d201c804379d3dcf1d7c9047b3abcf92,bbe9ac5f763035eac1cd266700e17d7a,2018-03-20 16:04:10,2018-03-20 16:50:23,2018-04-06,0,santo andre,SP,79.9,19.9,1.0,1.0,4500.0,50.0,8.0,45.0,18000.0
21608598d187cb9b14e7b81978c0e6bb,e5d7a41225348988930f7e38c2b5a434,2018-03-24 19:02:15,2018-03-24 20:08:25,2018-04-13,1,vila velha,ES,130.0,26.99,1.0,1.0,6300.0,90.0,10.0,40.0,36000.0
7fcbbecf54e494a7d5a39799686b289a,40da9a7b799e50dd20d3866e59ea7156,2017-08-08 20:42:39,2017-08-08 21:03:14,2017-08-30,0,uberaba,MG,76.99,17.79,1.0,1.0,992.0,34.0,13.0,31.0,13702.0
74d2901d06590ded0f5de058f78bc500,7a11dd385852e7c6d60e1a25c8c37a9e,2018-02-28 22:41:29,2018-03-02 02:11:04,2018-03-27,0,santa barbara,MG,89.0,25.9,1.0,1.0,150.0,17.0,5.0,19.0,1615.0
1cfced67fb82caa7fb2b4521de6e18e7,6bbe6939dc1b42b2e1d8622e5dbc0649,2017-11-27 09:02:55,2017-11-27 09:16:12,2017-12-15,0,bauru,SP,120.0,12.34,1.0,1.0,475.0,20.0,9.0,14.0,2520.0
87cbf27ac970c7423f11157c2ef6ec26,eeee9d1c48539af62348268fab136e2e,2018-01-21 18:34:51,2018-01-22 13:56:45,2018-02-20,0,diamante d'oeste,PR,289.9,17.79,1.0,1.0,1000.0,40.0,35.0,28.0,39200.0
7708348e3397bde852e5dade4c632d8e,5a4ee1320c445a642238d915249864ac,2018-02-15 02:20:14,2018-02-15 02:35:19,2018-03-07,0,osasco,SP,49.99,12.69,1.0,1.0,1050.0,32.0,5.0,30.0,4800.0
f9466c5c1ba729ca78ab94232fd4e8de,f296f88c13ab7f40770c56810e4fcfcb,2017-11-24 20:44:16,2017-11-24 23:53:26,2017-12-15,0,ibitinga,SP,56.99,11.9,1.0,1.0,400.0,18.0,11.0,20.0,3960.0
5ab5ab13fd02495f204ffe2724aecf49,07402722a2b316e79dbd20301ba2b345,2017-07-21 15:26:07,2017-07-21 16:10:18,2017-08-14,0,mogi das cruzes,SP,39.9,7.78,1.0,1.0,200.0,26.0,3.0,21.0,1638.0
3e6cebc1c7e80e0a04824f7bf40eb239,afc7e7baf3a9a8ca3e8bc623ceb4c7bb,2017-04-30 21:06:42,2017-05-03 14:25:47,2017-06-07,0,salvador,BA,39.9,17.35,1.0,1.0,200.0,25.0,5.0,15.0,1875.0
a35b086d9dfac1991ee12dd08387c3df,5d146952f0acdbd826edb7fd2fe0e7b0,2017-12-08 23:08:08,2017-12-08 23:18:24,2018-01-16,0,rio de janeiro,RJ,279.99,73.59,1.0,1.0,16000.0,74.0,68.0,26.0,130832.0
0c6e84e1109b6c5630774291a85fef1c,6eebd7db95271b1824660c5e7ff53a5b,2018-01-12 18:30:53,2018-01-12 18:48:38,2018-02-19,0,marechal candido rondon,PR,71.0,20.99,1.0,1.0,2850.0,30.0,30.0,30.0,27000.0
cd8658f10db66a4b712a7a0dce0d1bb5,c3ad6ed760937161a511dce97b58feb6,2018-01-13 16:37:53,2018-01-13 16:49:30,2018-02-09,0,rio de janeiro,RJ,39.9,16.6,1.0,1.0,750.0,37.0,23.0,35.0,29785.0
8a6b15db7cea5a4cd260873d4489bfb0,d402764a7ce0b2bc443330e94523f26f,2017-09-03 22:09:54,2017-09-05 04:15:26,2017-09-21,0,rio de janeiro,RJ,49.0,14.1,1.0,1.0,300.0,16.0,2.0,20.0,640.0
b0dd70806e7372c35f599726cb3170cb,58dcb42af4f9db51ba00c28ddf479b3f,2017-11-26 16:45:47,2017-11-28 03:32:45,2017-12-15,1,contagem,MG,49.9,14.1,1.0,1.0,575.0,63.0,11.0,11.0,7623.0
0da1e80855b93d954fd8f95c571cb191,55dacd547a813a182aa5c6033382abf8,2018-02-14 10:14:46,2018-02-14 10:27:19,2018-03-12,1,paraopeba,MG,109.99,16.53,1.0,1.0,20450.0,35.0,35.0,35.0,42875.0
c0141f939a5a2e130bb9e329eaa20e2a,329fcf50087d2f2fae1b09d0e10baa00,2017-07-25 16:10:21,2017-07-25 16:23:23,2017-08-16,0,curitiba,PR,55.0,16.15,1.0,1.0,5700.0,39.0,30.0,29.0,33930.0
c0fce14fbbfc6d14305f78a28d145c4b,8cefff339e8656166d7bc46b696a986b,2018-04-04 11:25:43,2018-04-06 03:15:39,2018-04-27,0,fortaleza,CE,39.9,24.48,1.0,1.0,285.0,17.0,10.0,13.0,2210.0
6c673e7f0e59af3f88e62db4bde6b126,b3e798968d182062a9ced85f8143dde0,2017-12-26 10:26:17,2017-12-26 10:37:31,2018-01-15,0,guarulhos,SP,180.0,12.47,1.0,1.0,1650.0,40.0,20.0,20.0,16000.0
727732b8eb487f1ff4dbd15c610f994e,daf581655538cc0774648e29c1361163,2017-07-17 03:37:39,2017-07-17 03:50:10,2017-08-10,0,chui,RS,259.9,17.58,1.0,1.0,1200.0,20.0,12.0,12.0,2880.0
ab4fc7cc026a9ea1a616584f9cfe4b9a,963544f76b9088090629e464c5947091,2017-10-08 20:32:53,2017-10-08 20:45:21,2017-11-03,0,niteroi,RJ,179.9,15.01,1.0,1.0,250.0,16.0,11.0,11.0,1936.0
95e19f10a6f514fa5e093e74d2e3f58b,33c39ed7b6362b7ea09ca4acc6f293e7,2017-10-06 16:56:47,2017-10-07 02:28:33,2017-10-30,0,maua,SP,495.0,15.81,1.0,1.0,650.0,16.0,7.0,12.0,1344.0
1d534aca5a08cf7ab416a278efb8fc4d,aa9b819478f905f30084bbe6bf305687,2017-12-26 14:47:27,2017-12-26 14:59:23,2018-01-24,0,timbe do sul,SC,84.9,15.34,1.0,1.0,240.0,20.0,16.0,15.0,4800.0
e9f590ae043019d94174150d8acbc07d,87a7cb4170bba4f9dcebda6c77903f11,2017-11-14 07:56:30,2017-11-15 02:35:37,2017-12-19,0,vila velha,ES,31.9,15.79,1.0,1.0,250.0,41.0,2.0,29.0,2378.0
e72e22dce48aaee824371b8e02641f15,d1ea8164411774eb6b46718f894eaace,2017-10-16 10:31:44,2017-10-16 10:49:22,2017-11-03,0,rio de janeiro,RJ,1437.0,34.51,1.0,1.0,2750.0,16.0,31.0,39.0,19344.0
09aea357bd7fde763e2358cc9e413513,f1821c00b393147f35773641d2b53cd3,2017-04-04 23:45:19,2017-04-05 01:01:20,2017-04-25,0,sao paulo,SP,29.9,9.34,1.0,1.0,850.0,17.0,12.0,12.0,2448.0
7c17ce8cf9a32d634076a4b31ab03f8a,39191326614629fe426ee7f7a8d6e308,2017-06-18 22:17:25,2017-06-20 11:05:26,2017-07-17,0,anapolis,GO,18.99,15.1,1.0,1.0,167.0,18.0,4.0,11.0,792.0
f69d0a58330775f717bb47e9640e4c04,8fb6b9575e3431297555c4a59b070768,2017-07-11 23:32:40,2017-07-12 00:35:14,2017-08-02,0,angra dos reis,RJ,39.9,15.1,1.0,1.0,200.0,25.0,5.0,15.0,1875.0
8ace197d57084cf99d770809ef26dab7,0a4c9f486aaecf0f40738a4306c1d552,2018-04-11 08:54:56,2018-04-13 02:11:12,2018-05-04,0,tatui,SP,499.99,15.94,1.0,1.0,425.0,17.0,11.0,14.0,2618.0
3e4a2b96719ecae342e5d413e97a1be2,a93e6e1bad3b9d95239b7dd652a1ff13,2018-02-27 11:06:32,2018-02-27 11:15:32,2018-03-21,1,sao paulo,SP,142.8,25.259999999999998,2.0,1.0,193.5,18.0,10.5,13.5,2551.5
526404bb2c3943e843e39ff556ce5f71,3fff0b30168471f40305903a717a1a17,2017-12-27 15:34:00,2017-12-27 16:09:58,2018-01-30,0,rio claro,SP,58.0,25.25,1.0,1.0,1550.0,62.0,18.0,15.0,16740.0
881dbb4e5e7c4118f6958b3ef811ffe4,6d4479750803f07d57b65c8cf84d24eb,2017-09-04 19:01:18,2017-09-04 19:15:11,2017-09-25,0,florianopolis,SC,59.9,17.67,1.0,1.0,5400.0,78.0,4.0,47.0,14664.0
9099fbdbf8ce8489a7546442a0881f93,9a7326193749abbeb741641ddc15b222,2017-07-07 20:17:47,2017-07-08 18:45:13,2017-08-04,0,sao goncalo,RJ,279.99,73.59,1.0,1.0,22900.0,74.0,68.0,26.0,130832.0
810190f42a178c26e28a932e70533d32,04a4616473f68f368a666ddddfcc9e59,2018-01-23 11:54:32,2018-01-23 12:18:02,2018-02-07,0,piracicaba,SP,89.18,9.44,1.0,1.0,750.0,25.0,15.0,35.0,13125.0
52b72b336dbd155b3d75bb3fcc799ac3,d1eae5d8fb3c1a1472eda31a5f9ff3f0,2017-07-24 23:29:44,2017-07-25 00:43:01,2017-08-04,0,sao paulo,SP,49.0,7.78,1.0,1.0,200.0,16.0,2.0,11.0,352.0
067546963d2dc6275eb550df0482c460,a08ac24c7188aae96f09570ffde66b40,2018-02-11 23:26:19,2018-02-15 03:56:07,2018-03-09,0,mendes,RJ,27.98,30.2,1.0,1.0,50.0,16.0,5.0,11.0,880.0
3485750732f5130f210ecbed8073213a,258e996a14e61bfb2f47235c39bb415a,2018-04-12 13:16:28,2018-04-12 13:30:54,2018-05-08,0,chapeco,SC,84.9,19.56,1.0,1.0,850.0,38.0,7.0,28.0,7448.0
661ec1598023dc06dccfa4506ed13123,10ce4db203c8cbe350a85ad638f4d282,2017-06-13 12:51:51,2017-06-13 13:02:46,2017-07-06,0,tupaciguara,MG,69.99,17.74,1.0,1.0,1050.0,42.0,25.0,15.0,15750.0
4f8e380dcdc0ff7f92479a8d9c950490,2deb1b71301af93562fe892026531417,2018-02-21 18:21:12,2018-02-21 18:35:25,2018-03-20,0,itau de minas,MG,199.0,16.14,1.0,1.0,335.0,17.0,11.0,16.0,2992.0
2ef9f67ab5c8d09b5d54c37f30941cf1,c112aadf98e6f6589129f78d3277be8f,2018-02-27 18:44:21,2018-03-01 02:35:41,2018-03-13,0,sumare,SP,49.9,7.78,1.0,1.0,1110.0,19.0,11.0,18.0,3762.0
de3e0df5f571319433fe7a4843f90587,9797f235d77daa2d4bb88ad6a848497d,2017-06-20 21:03:19,2017-06-20 21:15:16,2017-07-10,0,sao bernardo do campo,SP,79.0,33.54,1.0,1.0,5550.0,28.0,55.0,37.0,56980.0
c87aeaf4ab89100adcaee5b3123408fe,e234a6c8da98ead2209ef309a41a7820,2017-10-18 11:18:36,2017-10-18 11:35:26,2017-11-06,0,santa fe do sul,SP,48.9,12.69,1.0,1.0,600.0,20.0,13.0,13.0,3380.0
3bcf5ba4eec8b84af7663e2e261957cc,367163bdcc25d2ab5b6748c0068e0e32,2017-01-24 14:23:45,2017-01-24 14:35:17,2017-03-03,0,belo horizonte,MG,25.0,14.11,1.0,1.0,350.0,45.0,45.0,12.0,24300.0
603a0efaa57d08690507c9492973822a,f1a1772548b4c5024ef6bfad4a24d351,2018-03-04 21:56:16,2018-03-04 22:10:31,2018-04-06,0,ouro preto,MG,398.0,19.23,1.0,1.0,3100.0,27.0,27.0,27.0,19683.0
019edbdfeb6923e55558362c2b84ec37,2ec93611c4a36c30917dcc0ba589d5d9,2018-04-01 07:31:49,2018-04-03 05:28:16,2018-04-13,0,carapicuiba,SP,69.9,8.88,1.0,1.0,700.0,68.0,8.0,13.0,7072.0
8ea0b79c236245df6eee59b3ff482763,0b7d758a3562abc14d8d39a2b66afdfb,2017-08-10 17:25:40,2017-08-10 17:43:43,2017-09-11,0,itumbiara,GO,19.9,15.1,1.0,1.0,350.0,33.0,4.0,20.0,2640.0
9df4cca73d4b09f1e153a3767cda18e6,418398a534ddffb19a62d282e8285db4,2017-09-04 15:12:27,2017-09-04 15:25:21,2017-09-26,0,machado,MG,24.99,15.1,1.0,1.0,100.0,21.0,8.0,14.0,2352.0
e864c88c30cc7fb46f79e88de8b6397d,c9fe92fa60e20c4175118d51cf0cdd9c,2017-12-21 15:51:55,2017-12-22 02:50:56,2018-01-18,0,ipatinga,MG,47.4,30.2,1.0,1.0,250.0,25.0,7.0,14.0,2450.0
b14d78f87f74ceb20b968d853cac66cb,b619b19ef9db35dde9e6e01483e204d7,2017-06-27 14:33:15,2017-06-28 02:44:19,2017-07-17,0,araras,SP,69.9,11.99,1.0,1.0,950.0,45.0,15.0,35.0,23625.0
9b4fc5c379134e1329bd48641ba285e3,cda60b855f79e10246781d30a9fd7be7,2017-07-24 13:22:29,2017-07-27 10:10:15,2017-08-04,0,itajai,SC,650.0,20.04,1.0,1.0,4236.0,68.0,20.0,23.0,31280.0
6ea7e442800f9312afc0f2a43b3d0913,7680649ca55bb9b7db24eeebf055a87b,2018-01-06 12:37:10,2018-01-06 12:48:23,2018-02-09,0,itirucu,BA,49.9,19.59,1.0,1.0,1650.0,30.0,22.0,30.0,19800.0
3859925b9b809beadf83a70aabfca3ce,fa76ef69ae16b2d6fc69cf17ac133e22,2017-06-19 20:14:21,2017-06-21 02:30:35,2017-07-14,0,curitiba,PR,61.9,12.56,1.0,1.0,156.0,18.0,12.0,15.0,3240.0
0b555f0e6493540531a30e6cf25fb030,058d38732ce7f213cc8f62ffcf8fa0c5,2017-05-25 10:43:21,2017-05-25 10:55:17,2017-06-21,0,santo andre,SP,155.0,17.37,1.0,1.0,1143.0,24.0,22.0,19.0,10032.0
815f08745d6a759deb919c5e1bce8301,d0cc28a5ac316de296f6cb3babc9e665,2018-02-08 09:41:47,2018-02-08 09:55:25,2018-03-07,1,cerqueira cesar,SP,59.9,13.44,1.0,1.0,3890.0,36.0,28.0,36.0,36288.0
e0e79f987715dab211e5e31e5e9c95e8,1130a7b0de3b712d1025595e41893015,2017-10-07 11:52:52,2017-10-07 12:07:42,2017-11-08,0,cachoeirinha,RS,99.0,37.99,1.0,1.0,9000.0,42.0,12.0,39.0,19656.0
31fbde650320b9ce55813e075a78aee2,6bebac2b80effd654b22673ae0b91570,2018-03-01 15:24:52,2018-03-01 16:31:17,2018-03-21,0,vitoria,ES,82.0,18.81,1.0,1.0,1425.0,17.0,28.0,15.0,7140.0
96d725684b5d02f6a5ee7a58c17296d8,802ddb120082372c8e8b2779a00f5553,2017-12-07 22:29:08,2017-12-07 22:36:20,2017-12-26,0,mogi das cruzes,SP,104.0,9.29,1.0,1.0,1750.0,40.0,16.0,30.0,19200.0
4ae799c0965abd10cced20e74295101d,e13b0fd350de97656a7df959c705ea64,2017-08-04 09:49:27,2017-08-05 12:43:23,2017-09-08,0,crateus,CE,899.99,31.58,1.0,1.0,710.0,19.0,13.0,14.0,3458.0
0cfc5b8b63bf71f738f96e68adb96b3d,f9627108e19721bd9781efd9f559abf0,2017-12-05 20:48:42,2017-12-07 03:15:48,2018-01-10,0,sao domingos do sul,RS,,,,,,,,,
901eda457aecf2fcb2639e4175bbbc6a,fd93589182d64ac656e98cacba848fcd,2017-06-27 23:02:06,2017-06-27 23:10:22,2017-07-19,0,goitacazes,RJ,35.06,15.1,1.0,1.0,400.0,16.0,3.0,29.0,1392.0
cc0c05a1ab5fad72c351bd0ca1b10fc8,163268204f062d206d34096330db60f6,2017-06-29 18:49:58,2017-06-29 19:35:20,2017-07-12,0,sao paulo,SP,159.9,12.32,1.0,1.0,983.0,28.0,15.0,29.0,12180.0
1e2fdbfa655daff7faa277e05f608081,094aac58ed371b7e3af7746d5319cae1,2017-11-10 19:57:05,2017-11-10 20:10:36,2017-12-05,0,curitiba,PR,18.0,33.58,1.0,1.0,450.0,30.0,7.0,25.0,5250.0
fe4d047054ccd209fd41ae16f2f8313b,59c7cd4620d300ef5161fa43d8a02937,2018-03-16 13:19:41,2018-03-17 02:55:29,2018-04-10,1,porto seguro,BA,99.0,27.42,1.0,1.0,1050.0,21.0,10.0,16.0,3360.0
228854f82259e0bcba1d3a55fd6d955b,14eb94d576ec3079b4db18114262d106,2017-09-29 17:18:01,2017-09-30 17:24:14,2017-10-30,0,porto alegre,RS,199.99,17.65,1.0,1.0,2100.0,42.0,25.0,15.0,15750.0
a2e41b2178698dc2a57817361a869d1d,f1e670dc0f4e42fa6931d6f01d7b479d,2018-03-20 18:15:18,2018-03-20 18:28:17,2018-04-09,0,santos,SP,13.69,22.06,1.0,1.0,200.0,22.0,11.0,16.0,3872.0
bca67f1d036be009d17824489da2f178,4e26ab9c4d5ac920bde76fe5979962e2,2017-12-07 20:14:56,2017-12-07 20:30:53,2017-12-26,0,sao paulo,SP,134.9,10.16,1.0,1.0,650.0,24.0,14.0,18.0,6048.0
db640157e1dcec75f26ab07653111cf2,3cc066496f34fb2db4ab8dc3b4fbec68,2017-12-31 10:42:54,2017-12-31 10:50:21,2018-01-24,0,pindamonhangaba,SP,122.99,12.36,1.0,1.0,400.0,20.0,12.0,15.0,3600.0
b645d720bd6caa9606b492b81c3f537b,5e78f8af6f430ad990614cd6a8c882d3,2018-01-26 17:46:58,2018-01-26 18:31:26,2018-02-19,0,rio de janeiro,RJ,89.18,15.38,1.0,1.0,750.0,35.0,15.0,35.0,18375.0
dbe195a43ea7995d3af77d9cce165f89,8cf5e488e3ca60e1a6637dc74a2e772f,2018-01-22 15:44:56,2018-01-23 13:12:20,2018-02-20,0,fatima do sul,MS,105.99,25.58,1.0,1.0,2500.0,22.0,14.0,22.0,6776.0
de600694e63dc521b56a7fc6f01576d7,f4cdd4fc25b538733574c54d02784e3b,2018-03-24 22:02:22,2018-03-27 04:08:25,2018-04-23,0,sao paulo,SP,81.99,7.92,1.0,1.0,207.0,17.0,12.0,13.0,2652.0
a5a76b3c38acb63a4d867b5f3f59f941,83d0d1b5d2c740607c17530494a5cf88,2017-10-19 15:46:52,2017-10-21 02:49:31,2017-11-14,0,morro vermelho,MG,31.9,9.09,1.0,1.0,250.0,41.0,2.0,29.0,2378.0
32c0f2887a1713ac4c720ebd9a65bae9,7306c159c7f7c1dfc52c15c62530ea69,2017-11-08 21:07:51,2017-11-08 21:26:57,2017-12-08,0,vera cruz,RS,40.0,17.6,1.0,1.0,1100.0,50.0,12.0,12.0,7200.0
8b73eaf0b3285e63a85d59785dda1605,bcbd2c2421ec0c9b4d893d069b789bef,2018-01-23 14:46:29,2018-01-24 02:37:39,2018-02-20,0,nossa senhora do socorro,SE,52.9,22.69,1.0,1.0,700.0,43.0,16.0,27.0,18576.0
91750e4d3d89e619cd557a6da400be06,a509c0faf10ecf2d74c38e3945b25496,2017-01-17 14:23:56,2017-01-17 14:30:17,2017-03-02,0,rio de janeiro,RJ,45.9,15.56,1.0,1.0,1000.0,30.0,4.0,20.0,2400.0
e4d9e2f02a048ae46330e966d1a8caa3,4dbecd3de51e8626f26c0210b5258327,2017-12-17 16:04:26,2017-12-17 17:13:36,2018-01-05,0,carapicuiba,SP,122.99,9.06,1.0,1.0,400.0,20.0,12.0,15.0,3600.0
2631dba338efbcea9c3ace77ce210c01,8e941206a8be5ff6eff0de04fa1629e5,2016-10-06 08:28:19,2016-10-06 15:49:04,2017-01-09,0,fortaleza,CE,499.99,94.47,1.0,1.0,17400.0,50.0,40.0,40.0,80000.0
95606e8113c2e8087c09cffe458fbf82,ac3d7f758530a079398af1d277f48d22,2017-05-16 10:15:30,2017-05-16 10:25:16,2017-06-08,0,jaguariaiva,PR,109.0,18.01,1.0,1.0,1110.0,54.0,10.0,31.0,16740.0
d347a4ddae83c0b8a9438522ecb7dfb6,916be9fbe6a29f9692b0383141e28ebf,2018-01-26 20:31:37,2018-01-26 20:53:15,2018-02-22,0,rio de janeiro,RJ,19.9,16.79,1.0,1.0,100.0,23.0,8.0,18.0,3312.0
1b55d5825b9f0ea76d9f105222eb6910,7230de3e56839c3629d3f5112470b85a,2018-02-22 22:46:46,2018-02-22 23:28:08,2018-03-08,0,sumare,SP,21.9,7.78,1.0,1.0,150.0,30.0,10.0,20.0,6000.0
0758aeea44cefb9c7f59333c7c691714,b4102b1f4dd2766f109baaebb5a946e4,2018-02-07 08:53:42,2018-02-07 09:09:46,2018-02-23,0,taboao da serra,SP,349.9,34.05,1.0,1.0,16800.0,58.0,28.0,58.0,94192.0
636fac4217a01ca1f468baf22a52e945,45d196ca62eb0b8f5f2f3037e417425d,2017-03-11 09:26:18,2017-03-11 09:26:18,2017-04-06,0,franco da rocha,SP,239.2,22.9,1.0,1.0,2600.0,40.0,45.0,39.0,70200.0
741fd1b80f015f170a7f458cf86769b8,df5c9e02596851fcbfc98804e4108bbd,2017-12-02 14:28:03,2017-12-02 14:38:30,2018-01-04,0,capelinha,MG,89.99,16.39,1.0,1.0,250.0,22.0,10.0,18.0,3960.0
405b235ca935c45dbff98550512b37d2,5928fad2f857413a13a6bb69e268a49c,2017-11-26 10:42:55,2017-11-26 10:52:30,2017-12-18,0,volta redonda,RJ,39.9,16.11,1.0,1.0,400.0,29.0,18.0,17.0,8874.0
2bfe277962b8f188066de6db159a6fab,b0841b9f20c317181a978f2a2c856755,2017-06-11 14:33:01,2017-06-11 14:45:12,2017-07-05,0,rio de janeiro,RJ,129.0,21.39,1.0,1.0,1350.0,45.0,15.0,35.0,23625.0
b574f97b093ad4bc022f420344327e12,36d39e3b372efc3bbed5188c23d0d1ca,2018-03-04 11:13:39,2018-03-04 11:29:19,2018-03-23,1,itaperuna,RJ,89.9,17.88,1.0,1.0,1850.0,45.0,15.0,35.0,23625.0
57b9cf4a37a14014639920e1f6d81e52,7ae471bc92b0ecb06c812292ffef849b,2018-01-23 22:47:46,2018-01-23 22:57:25,2018-02-16,0,varginha,MG,277.0,17.7,1.0,1.0,532.0,21.0,12.0,17.0,4284.0
d4861d672cf3a6d906cb2451d9265211,976c466e2a94060328caf22c01f3eae4,2018-03-31 20:39:19,2018-03-31 21:27:44,2018-04-19,0,sete lagoas,MG,119.0,24.77,1.0,1.0,7250.0,45.0,19.0,45.0,38475.0
29e12a2232dff5d6c78392998b660f42,bd7dc1694b09e3cef45723eb8a5d579f,2017-08-11 22:40:25,2017-08-11 22:50:16,2017-09-04,0,santana do paraiso,MG,69.0,17.73,1.0,1.0,6900.0,28.0,55.0,37.0,56980.0
78d1bb8db7414297b33c18163f8308ec,aaf8f07973765aa793625691d7cfc784,2017-08-16 11:04:16,2017-08-16 11:35:14,2017-09-12,0,uruguaiana,RS,69.9,17.74,1.0,1.0,600.0,80.0,8.0,15.0,9600.0
1443dcd001241a655df59fc728c2c9ce,60060c861ce6e32e7957dbc229685c9d,2017-08-17 11:42:36,2017-08-17 12:04:58,2017-09-11,0,sao paulo,SP,109.9,14.5,1.0,1.0,9400.0,75.0,15.0,50.0,56250.0
48275cf565f4ea4f291da07bbbc7d330,48feef90ef337d61dbd501ba9fdec246,2017-02-12 17:28:07,2017-02-14 04:15:24,2017-03-16,0,barra mansa,RJ,84.99,16.29,1.0,1.0,450.0,21.0,9.0,16.0,3024.0
069514f19868af8a75ebe98f43d33900,7740afacd97ed42230c2d780d50f9936,2018-03-26 17:30:10,2018-03-26 17:47:43,2018-04-25,1,penedo,AL,61.99,37.12,1.0,1.0,350.0,19.0,12.0,13.0,2964.0
f5a3eb7fb74526595623599e391ef6fd,8ef98506a1de4da22a3fa9dada1de99d,2017-10-03 16:44:09,2017-10-03 16:56:35,2017-10-27,0,teresina,PI,119.9,23.16,1.0,1.0,1200.0,16.0,9.0,31.0,4464.0
2d03cd6c5d4ef95593a9f4ecff1b48cb,00bf225ae2b2d6a141e31acf971c4a03,2018-03-14 22:12:44,2018-03-14 22:29:51,2018-03-26,0,sao paulo,SP,34.99,7.39,1.0,1.0,175.0,19.0,5.0,11.0,1045.0
6cdb9c6dd8a5888b4dfc2ca57c8fb500,c96136313df64c4c19f3b9cf172f6b88,2017-09-15 23:02:56,2017-09-19 03:45:14,2017-10-03,0,mogi das cruzes,SP,49.0,23.7,2.0,1.0,275.0,16.0,2.0,11.0,352.0
846b7ad2c4d3f41185c508376fd86c3f,8a6d9c909753f171131d459c4d86776d,2018-03-22 20:40:12,2018-03-22 20:56:19,2018-04-13,0,tombos,MG,135.0,25.14,1.0,1.0,1850.0,40.0,10.0,30.0,12000.0
0e98b09e43ae533343cdcb8b766dc4f1,8de9f19b9ae067619053a1bdc8dd73c1,2017-08-07 08:52:22,2017-08-09 03:04:11,2017-08-29,0,borda da mata,MG,249.0,54.34,1.0,1.0,11500.0,22.0,21.0,18.0,8316.0
4b1e9e86e377397f8b305cc26fb038a9,23ddf94544227d2f8d924c2051a6c0b9,2017-12-05 19:05:20,2017-12-05 19:30:53,2018-01-02,0,paranagua,PR,99.9,16.46,1.0,1.0,550.0,16.0,30.0,20.0,9600.0
d9f675dafee2a1d2b4a04045a9c5afc1,ce77075ed8a9f941a7d9a3f6e6aaffb9,2018-03-23 14:07:06,2018-03-24 02:11:07,2018-04-05,0,vinhedo,SP,99.9,12.03,1.0,1.0,1050.0,38.0,10.0,38.0,14440.0
731f1b5ebfacba1715ccc2efb20d50b0,a60e479a3fc936109dc7eec87f4bcfd6,2018-04-04 14:44:22,2018-04-04 14:55:25,2018-04-26,0,porto alegre,RS,299.99,28.18,1.0,1.0,1900.0,28.0,19.0,21.0,11172.0
9565cc0d085fdd4b53d39d15811ec913,945919cfe317442500d71b4d706f29a6,2017-09-12 23:15:46,2017-09-12 23:25:15,2017-09-29,0,belo horizonte,MG,299.9,57.38,1.0,1.0,12400.0,66.0,35.0,78.0,180180.0
a30f5af56b85e9f22df0e5686c66a627,5ef1f0dcf26b5aa4f4838ea2e1a9634c,2017-12-04 15:58:53,2017-12-06 02:39:26,2018-01-02,0,santos,SP,258.0,47.129999999999995,2.0,1.0,10350.0,31.0,61.0,31.0,58621.0
45209aac6a969b88fd706d4e10804b8a,15515c398e52f41ea2dd84fb77461e56,2017-06-22 21:56:08,2017-06-22 22:05:16,2017-07-26,0,fortaleza,CE,254.9,19.06,1.0,1.0,300.0,16.0,8.0,11.0,1408.0
c435a12c69420ebee5a5e0f5cfded1e0,d8f36d0b4ad0276f450d447c5e9d5fdd,2018-01-25 13:11:59,2018-01-25 13:38:45,2018-03-02,0,viamao,RS,86.9,21.1,1.0,1.0,1383.0,50.0,10.0,40.0,20000.0
c805a38699c19dd700dc3215d25ed7f5,5af2a18351fbd81159881d394366f8f7,2017-04-08 19:06:55,2017-04-08 19:22:25,2017-05-09,0,nhandeara,SP,138.9,17.12,1.0,1.0,2950.0,53.0,21.0,36.0,40068.0
b7500da4a02eac89b7dcbeaf4efaf00b,9b1f58aaf85fa158888a1f21ef45d26a,2018-01-13 15:14:06,2018-01-13 15:28:49,2018-02-16,0,cachoeiras de macacu,RJ,86.99,17.86,1.0,1.0,4400.0,42.0,26.0,33.0,36036.0
b211f8c759ee7993a37f65cf5c9fa72e,34ad05299797f7e5c773526e1c5e9b8b,2017-07-06 16:34:55,2017-07-06 16:45:10,2017-07-19,0,niteroi,RJ,109.9,8.51,1.0,1.0,545.0,21.0,14.0,17.0,4998.0
0246b043b8ae041912cc7651ceb1ba2f,e412443072bf2656a463473f5c9802c1,2017-10-26 10:54:50,2017-10-26 11:16:37,2017-11-16,0,belo horizonte,MG,45.9,15.11,1.0,1.0,800.0,20.0,20.0,20.0,8000.0
a0034faea6e79d2ed8d8e99279c443b8,ce705dc93f963a4955ad071b24a8fbd5,2017-08-29 11:47:19,2017-08-29 11:55:26,2017-09-26,0,rio pomba,MG,65.0,25.73,1.0,1.0,1032.0,17.0,15.0,16.0,4080.0
9646b5afa783a0861b20b9b106229076,8ce7e88df97ba2a54e3b4b6f3ccf757b,2018-01-01 22:54:24,2018-01-01 23:07:07,2018-01-22,0,sao paulo,SP,107.9,9.57,1.0,1.0,683.0,18.0,14.0,15.0,3780.0
204db9688bc8186b733dc3104b6616bc,448c2fc1c28370b7fd12f611282d4dd1,2018-03-26 22:10:11,2018-03-26 22:27:37,2018-04-06,1,sao paulo,SP,104.0,14.72,1.0,1.0,11325.0,18.0,105.0,30.0,56700.0
58373cef6a0a70e65f59d65a757fb2a7,735cdc6f61c25a60d0c9436b6205eda4,2017-09-14 10:47:07,2017-09-14 11:04:29,2017-10-05,0,sao paulo,SP,139.0,21.46,1.0,1.0,9950.0,31.0,61.0,31.0,58621.0
6283d2cb264f76928dffd1faf0f5ff33,ef2e071d3b46a10875216b8b4feb9667,2017-11-26 00:50:30,2017-11-26 00:58:29,2017-12-15,1,sao vicente,SP,422.0,22.92,1.0,1.0,6250.0,60.0,10.0,40.0,24000.0
5eca2113141f2c0e048b11bdcb7a0371,aa1fd99d3fa9ef872384623522665eb2,2018-01-07 15:20:44,2018-01-07 15:33:40,2018-01-24,0,sao paulo,SP,32.9,8.27,1.0,1.0,250.0,17.0,7.0,12.0,1428.0
8f403b0cd8695918b7937e91e5b39c5e,6b6ce6c8cd50fb6696add6fdecb1a574,2018-03-12 13:30:51,2018-03-12 13:45:30,2018-03-28,1,cananeia,SP,109.99,14.86,1.0,1.0,3775.0,35.0,30.0,30.0,31500.0
317bfcd79627d89d54a917da6e066beb,124ea0ac4cadfffc49227a24235871fe,2018-03-12 09:48:20,2018-03-12 10:15:50,2018-04-10,0,santana de parnaiba,SP,110.0,13.89,1.0,1.0,188.0,20.0,16.0,15.0,4800.0
5451dcf8797facb072201af54921f04a,63ca9e5b1b7438892210e079c71ca22a,2017-09-11 12:26:35,2017-09-11 12:43:24,2017-10-02,0,porto ferreira,SP,79.08,17.8,1.0,1.0,1183.0,38.0,18.0,26.0,17784.0
d13130a0433949ba242b2f0632fd49a2,df85b96ba2ce3e49bde101b1614f52ac,2017-11-26 11:43:57,2017-11-26 11:55:36,2017-12-20,0,sao jose dos pinhais,PR,153.0,18.32,1.0,1.0,1850.0,45.0,15.0,35.0,23625.0
c75f4211fdf83ec2f56c89a1f41bf3ec,f9f0cae6f72ac7bcdace53158b1712ef,2017-04-22 14:04:00,2017-04-22 14:15:18,2017-05-17,1,joao monlevade,MG,385.0,59.23,1.0,1.0,15300.0,98.0,32.0,28.0,87808.0
fa6b45bf2faae7dd3bfdad05a28e91fa,59ccd68b1552f41045c3fa7e6402144d,2017-04-17 07:25:25,2017-04-17 07:35:17,2017-05-19,0,vila velha,ES,199.0,17.09,1.0,1.0,600.0,18.0,9.0,13.0,2106.0
5bd6d7a2a88f8150d8fa5b7e9158ec7e,8aed5e76471af1470607b27d670075a6,2017-05-25 15:11:45,2017-05-25 15:25:09,2017-06-27,0,ilheus,BA,160.99,24.0,1.0,1.0,2250.0,35.0,20.0,30.0,21000.0
c8a4aa3a9990bffa86204adb8fa2dc37,e805a2d89df2d760a6ad978b424cd561,2017-11-29 18:06:16,2017-12-01 17:59:31,2017-12-19,0,barretos,SP,99.0,16.32,1.0,1.0,7050.0,20.0,105.0,20.0,42000.0
cc72dd3008f4752e05206e1fdd08cc57,9d7aed3437d31b255183e58f999509f9,2017-05-11 00:36:48,2017-05-11 01:42:39,2017-05-31,0,niteroi,RJ,34.89,42.3,1.0,1.0,300.0,20.0,6.0,26.0,3120.0
f9d9fcf57feb770b0ea568f6a92bb2f2,127b82d6bde5446b1193941efd6d1200,2017-10-20 06:55:49,2017-10-20 07:07:16,2017-11-09,0,orlandia,SP,69.0,13.5,1.0,1.0,1500.0,25.0,50.0,35.0,43750.0
b3ccff708b4d00e9f5ddbbadfdf427b3,aeb04df5f92479711fd4d147f5a993c3,2017-07-05 13:45:16,2017-07-05 17:41:10,2017-07-31,0,rio de janeiro,RJ,31.9,16.79,1.0,1.0,200.0,35.0,4.0,25.0,3500.0
4c4f5be51183d9cebf3ce5a81a43e38a,1ef627892521e8ab02bb728a2bb2bb65,2017-02-22 21:31:09,2017-02-22 21:45:13,2017-03-22,0,sao paulo,SP,49.99,10.96,1.0,1.0,50.0,16.0,16.0,17.0,4352.0
7ce28e928543c294c8624ce9744e574e,3669479a4da285481951d1365f3f2817,2017-12-30 11:12:56,2017-12-30 11:19:21,2018-01-24,0,tabapua,SP,57.49,12.74,1.0,1.0,175.0,23.0,21.0,21.0,10143.0
4cdeeb4be90a4bde94dc058f50a4d8c2,868fae7c2907bb21e97dc003ab746c71,2017-04-23 16:01:16,2017-04-23 16:10:20,2017-05-15,0,rio de janeiro,RJ,139.99,15.74,1.0,1.0,1167.0,22.0,22.0,22.0,10648.0
7e2dddf174cc4d2768bf39c43ab2bd7a,accfbaa1f092fdf6db1d8fcdad351b50,2016-10-09 15:10:41,2016-10-10 05:54:51,2016-12-02,0,nanuque,MG,129.97,29.38,1.0,1.0,8975.0,35.0,52.0,36.0,65520.0
5b02e3190400ea2755927d0ee0647d73,a54c000c261e820c31699fe7bd16046f,2017-10-14 20:53:48,2017-10-14 21:07:17,2017-11-07,0,santo andre,SP,483.82,34.900000000000006,2.0,1.0,925.0,25.5,13.5,22.0,7573.5
d8fdddcd258b88c4919c52ce44756a39,c796c9785a45472c03b45277e6e4c2c3,2017-09-30 10:43:41,2017-09-30 11:20:12,2017-10-24,0,caieiras,SP,29.9,14.1,1.0,1.0,200.0,25.0,5.0,15.0,1875.0
fe36a827e3e9e0a6f5e11b0be2055727,3f08de414e86c589d3f085630f5f7f69,2018-02-12 19:22:50,2018-02-13 19:27:10,2018-03-06,1,campinas,SP,43.0,12.69,1.0,1.0,650.0,30.0,4.0,19.0,2280.0
ebe03df05336a64593a9d06ed6b09db5,e965077e709d4f5097fbb5b20651ee44,2017-10-09 19:02:53,2017-10-09 19:14:40,2017-10-30,0,sao paulo,SP,168.9,14.2,1.0,1.0,667.0,27.0,19.0,20.0,10260.0
1051983b1aca1ef8f4f6827378c12c8a,67f09d85ed01fef44ba9733eb5d9df59,2017-10-16 19:11:16,2017-10-16 19:35:18,2017-11-03,0,brasilia,DF,399.99,17.56,1.0,1.0,458.0,18.0,11.0,14.0,2772.0
989b7ba45085e6ea528e597dafb40f99,aee140539d699da4a18bbea33883c861,2017-03-04 14:08:26,2017-03-06 06:42:50,2017-04-11,0,araripina,PE,1099.0,251.5,1.0,1.0,5000.0,64.0,48.0,22.0,67584.0
b6bc19f6d8e96c942441bf9f4d155c1a,c7c5b46bed1f822b95dd5c188664e345,2017-08-05 16:53:32,2017-08-05 17:05:11,2017-08-31,0,campos dos goytacazes,RJ,59.9,15.17,1.0,1.0,350.0,70.0,8.0,45.0,25200.0
739bb836f89badf6feddbbb049eef241,4f45750d162d7f0bed9188422896ecdc,2017-10-29 22:50:59,2017-10-29 23:05:56,2017-11-28,0,carazinho,RS,142.5,15.75,1.0,1.0,563.0,20.0,12.0,14.0,3360.0
8dc2ffdf42cced0aea6a7e723bda3942,f602d75dc9a8c13a7fdfd77523be7307,2017-09-19 17:23:49,2017-09-19 17:35:23,2017-10-17,0,santa maria,RS,59.9,17.67,1.0,1.0,1850.0,37.0,22.0,40.0,32560.0
5f944775bd47e27388f34caaac31649a,d44f8f91948d0fce5a34a2fe6c7d27c5,2017-12-07 16:32:47,2017-12-09 02:49:46,2018-01-09,0,sao miguel arcanjo,SP,69.99,12.83,1.0,1.0,500.0,19.0,11.0,20.0,4180.0
31d2d973ab3772f718de008bfacc3d07,9d408eba773d0ed51cf8e3c398bbd72f,2017-08-15 18:51:26,2017-08-16 03:30:18,2017-08-30,0,sao paulo,SP,200.0,15.01,1.0,1.0,9750.0,35.0,12.0,30.0,12600.0
b5195225c11fc325d686d24fe14eedbb,7fc191973597f7e5c232ecee9d7922ff,2018-03-02 10:35:38,2018-03-02 10:50:47,2018-04-04,1,rio de janeiro,RJ,119.9,14.59,1.0,1.0,1000.0,16.0,4.0,11.0,704.0
a6d23aa5f1190c09129345b363de8e37,987195b161f45601493edb92ba2c831e,2018-04-10 17:34:43,2018-04-10 17:51:59,2018-05-16,0,rio de janeiro,RJ,36.5,17.93,1.0,1.0,1200.0,33.0,10.0,30.0,9900.0
41e47610109145bc25aeee4c9fa9f9ac,e92b9d4a6308ebcd6cd5054b7772eae1,2018-03-04 22:30:57,2018-03-06 08:50:26,2018-03-29,0,caratinga,MG,31.9,12.48,1.0,1.0,200.0,41.0,2.0,29.0,2378.0
ba41c48ea14a8b704c1645f32aedefa8,c6dafa651522bb3afcb52a2b558f3236,2017-10-31 13:15:31,2017-10-31 13:36:05,2017-11-28,0,satiro dias,BA,24.5,16.79,1.0,1.0,100.0,16.0,12.0,12.0,2304.0
64a34c8ee5041e4d48d904db6dade006,3cf4a26ded6ca887cdf90556c5f8de9d,2017-07-06 09:52:53,2017-07-07 02:51:12,2017-07-28,0,rancharia,SP,14.9,15.1,1.0,1.0,150.0,18.0,7.0,11.0,1386.0
311155a0f4009bd8e4936e0ce45324ae,421d65b7d24e669c0d728b6ad9c0742c,2017-11-20 18:11:05,2017-11-21 03:46:21,2017-12-07,0,sao paulo,SP,791.7,40.02,2.0,1.0,733.3333333333334,20.0,20.0,20.0,8000.0
672bf50de46d0642f77ef0d01a96bf06,d1317c0d26ff17cbee1cc9e90ab521ab,2018-01-04 14:48:20,2018-01-04 14:56:20,2018-02-06,0,barra do corda,MA,56.0,34.19,1.0,1.0,300.0,16.0,2.0,20.0,640.0
f6d9acdd7ca0c1bc3caad5661a1be806,f1283a7855d9e8e2426f243e01b827e1,2018-02-21 22:25:36,2018-02-21 22:48:19,2018-03-19,0,laranjeiras do sul,PR,47.21,15.1,1.0,1.0,1110.0,19.0,11.0,18.0,3762.0
66e7b21711a5ac0d6b6a5f60e4c79a75,7f6e0647dfddaccdf6e140f98e0945bd,2017-11-28 14:31:04,2017-11-29 02:20:34,2017-12-21,1,rio de janeiro,RJ,83.23,15.33,1.0,1.0,225.0,16.0,15.0,13.0,3120.0
e8a7d3a84c7c313494dde4ab9d4d944f,b52f2910ff36fe94d5d1a2d96ac1ce43,2018-01-27 16:04:35,2018-01-27 16:13:16,2018-02-23,0,rio de janeiro,RJ,179.0,45.71,1.0,1.0,7650.0,20.0,20.0,20.0,8000.0
07d3db06b53989748df4ae194f6b0fde,4a1f4837b9cceab1e8831e832f487061,2017-06-17 21:01:39,2017-06-18 21:03:41,2017-07-11,0,juiz de fora,MG,379.99,18.42,1.0,1.0,286.0,18.0,11.0,14.0,2772.0
45ec085d1fc0e1539bd857ad32f45c99,19d3b4fd08a486d08ad689b78d9e489a,2018-02-14 16:55:09,2018-02-15 04:11:18,2018-03-01,0,americana,SP,19.99,7.78,1.0,1.0,249.0,20.0,14.0,16.0,4480.0
3b2285d4d80f742f34cc959e041722a9,e908b924226c39f055d910e21acdef87,2018-01-22 14:29:31,2018-01-22 14:38:22,2018-02-16,0,brasilia,DF,174.75,35.72,2.0,2.0,1662.5,50.5,8.0,39.5,15958.0
39dab0c9ea1c7c66a1a516423f50c97a,33f7e823808ce786ac284e32b07cf6e4,2017-05-08 17:51:05,2017-05-09 09:45:19,2017-06-12,0,treze tilias,SC,49.9,15.1,1.0,1.0,150.0,16.0,5.0,20.0,1600.0
665a5fdd34c24a956e9b6194e822d222,752f76ff8ec253dd68c8071b8dd06073,2017-11-21 23:34:05,2017-11-21 23:46:49,2017-12-18,0,curitiba,PR,35.18,15.1,1.0,1.0,200.0,20.0,20.0,20.0,8000.0
d6d8d3958008d2514a3a9ef0a43edc56,ba229cac800645c5c7960de7bb42b777,2017-09-05 21:31:49,2017-09-05 21:45:19,2017-09-26,0,marilia,SP,149.9,21.54,1.0,1.0,2400.0,62.0,7.0,35.0,15190.0
15fb8208682172544e82b96aeb5229fa,ccef1b0140b0978b6b1bbc28e54262e7,2018-03-23 10:10:19,2018-03-23 10:29:05,2018-04-05,0,sao paulo,SP,69.9,12.43,1.0,1.0,2600.0,50.0,10.0,30.0,15000.0
20cc195f7abe525abd0697163e2c8e0d,8e8d4784516e71494188748e6f45f260,2018-02-16 16:35:17,2018-02-16 16:46:59,2018-03-08,0,sao paulo,SP,149.99,16.68,1.0,1.0,2200.0,35.0,10.0,18.0,6300.0
f525c0ecd4bf2ca6f355b416fdea988d,332fa01da1b4e11dfbc8df1ed883a467,2017-12-12 12:51:06,2017-12-13 02:50:04,2017-12-29,0,belo horizonte,MG,49.97,13.64,1.0,1.0,4800.0,20.0,50.0,40.0,40000.0
a3e6136894621db402a772c6bc72a12a,f102cb15ec41ca30fa2902da06495f6b,2017-01-30 17:00:09,2017-01-30 17:31:25,2017-03-07,0,itapevi,SP,238.9,18.0,1.0,1.0,7225.0,61.0,13.0,61.0,48373.0
b890948d89b295933a81032d4d4b9c74,86c0cb42009c2e2a0a59969b0d8e1ad7,2017-05-23 16:27:15,2017-05-24 03:03:04,2017-06-19,0,mage,RJ,89.99,18.2,1.0,1.0,850.0,35.0,6.0,37.0,7770.0
8867156d46ee1ee4342aac2b072b300f,56193005c66b353063ef884af203336e,2018-04-13 13:09:06,2018-04-14 02:30:46,2018-05-14,0,niteroi,RJ,40.5,22.06,1.0,1.0,400.0,44.0,13.0,44.0,25168.0
94db8945405f2a5bfa3b93346ff1f3ab,89df6e912cbda4fa44bb1a7b4d26f21c,2017-04-26 15:24:58,2017-04-26 15:35:13,2017-05-22,0,paraguacu paulista,SP,39.0,10.96,1.0,1.0,88.0,16.0,7.0,12.0,1344.0
7533c29b86f583d04968e271bf52fc3e,e4439a1e9e726f5cd5f1716951ccb61f,2018-01-17 02:18:14,2018-01-17 02:30:15,2018-02-07,0,morro agudo,SP,39.99,11.85,1.0,1.0,150.0,17.0,4.0,12.0,816.0
5c046e4039e459e61961dce13fdf1d7b,ac90434fffc6303325c5f0e3f7077131,2017-10-19 12:24:50,2017-10-19 12:35:17,2017-11-08,0,rio de janeiro,RJ,118.9,15.58,1.0,1.0,200.0,17.0,7.0,12.0,1428.0
c24e1ca06df82199a5041274b7c33643,aa0e4697be6ef9ac1fe98b04ba32acca,2018-02-20 15:15:22,2018-02-21 11:31:48,2018-03-12,0,campinas,SP,86.9,16.24,1.0,1.0,1383.0,50.0,10.0,40.0,20000.0
5a18318628961a2982d19b5ef6026e2b,25b1719c0299fd49ac7adcda9e05da38,2018-02-24 17:49:15,2018-02-24 18:07:25,2018-04-03,0,rio de janeiro,RJ,159.94,30.96,1.0,1.0,14925.0,53.0,54.0,18.0,51516.0
84df70f03a2be7d8a483d02c5b596fbc,ea11bf0c8fca4333b3f7faf02b228c3e,2017-05-16 15:09:18,2017-05-17 04:05:21,2017-06-13,0,santa barbara,MG,169.9,20.43,1.0,1.0,1238.0,26.0,18.0,19.0,8892.0
b2a7488d3bfedd8a8abd53fff6127807,4596b32d78313ebf60d4b14a6a95ff87,2017-11-24 07:04:41,2017-11-24 07:14:32,2017-12-21,0,mairinque,SP,76.5,32.22,1.0,1.0,583.0,20.0,21.0,20.0,8400.0
146f83fbe74a8608adecd4b19c1597fb,5632f9bcf2b8dbec21e40b4a3a9fe7cf,2018-03-22 13:41:17,2018-03-23 02:27:58,2018-04-04,0,santa barbara d'oeste,SP,95.3,14.78,1.0,1.0,1110.0,19.0,11.0,18.0,3762.0
fa609e805ef70799ce6c12d7d0763545,be94819d23e284279425496d0e695777,2017-04-14 23:56:08,2017-04-18 04:03:13,2017-05-08,0,sao jose dos campos,SP,126.2,15.99,1.0,1.0,2700.0,22.0,14.0,22.0,6776.0
544d4de462a8ad0d9492999b6708ebcc,c6bd3c920258b9d27dc6d8766cfa0b90,2017-05-23 17:12:01,2017-05-23 17:23:09,2017-06-06,0,sao paulo,SP,329.9,11.72,1.0,1.0,1100.0,16.0,16.0,16.0,4096.0
be2ccfa019a7d426556d4bf4691f7c3a,ce0e4aa2edb8897873ad62d4e345aed8,2017-12-21 23:07:56,2017-12-21 23:17:27,2018-01-24,0,imbituba,SC,21.9,15.1,1.0,1.0,145.0,26.0,7.0,16.0,2912.0
2c1c4a8d435d8080c8e01dae4d7a5af3,c8c4e5f83e41a1c32b287793785cf3f7,2017-08-03 22:43:12,2017-08-03 22:55:16,2017-09-04,0,passo fundo,RS,39.9,25.63,1.0,1.0,200.0,25.0,5.0,15.0,1875.0
11c2867ad1d8599464e84641b31338f1,a5e340022b43d330e212a92a503ec380,2017-10-16 18:09:21,2017-10-16 18:24:27,2017-11-07,0,guariba,SP,259.99,17.58,1.0,1.0,3100.0,30.0,42.0,20.0,25200.0
338fbd3c36de682efeb03bf89d62ae95,c54724802874343ade44ba9e89f5d6d6,2017-11-20 23:27:27,2017-11-20 23:34:44,2017-12-01,0,caieiras,SP,89.9,12.33,1.0,1.0,1200.0,44.0,2.0,35.0,3080.0
d30cd4d738037d90f4ff23fd3805d278,80cac977e2c0f7c86d46ba03d8a6ccce,2018-03-19 13:06:41,2018-03-19 13:55:47,2018-04-09,0,nova iguacu,RJ,169.0,19.06,1.0,1.0,6450.0,20.0,20.0,20.0,8000.0
248f977b0cbdc09f2c33465578b76873,e3927d011a411c732fa0a9037ceb8737,2017-08-21 12:42:00,2017-08-22 13:06:57,2017-09-19,0,arraias,TO,98.0,27.23,1.0,1.0,925.0,25.0,6.0,16.0,2400.0
6faf343915ba58482055ea7f62e192d9,25bf4bb4d77019e2eadc14ac245225e2,2018-03-24 17:26:26,2018-03-25 17:27:40,2018-04-12,0,cascavel,PR,299.0,16.94,1.0,1.0,1050.0,27.0,22.0,39.0,23166.0
756e696d1e7ff7fd6728f59e92e22651,82187afcec1f653bd7424ab915194a0a,2018-03-11 16:39:02,2018-03-11 17:20:30,2018-04-12,0,sao paulo,SP,81.9,8.34,1.0,1.0,150.0,16.0,16.0,16.0,4096.0
73435a60acd2fe1260eb7bb6587465ed,d5eb02a8c975623581be64cdfc05d1ce,2017-03-01 22:05:27,2017-03-01 22:22:03,2017-03-27,0,ponta pora,MS,89.0,22.96,1.0,1.0,2500.0,36.0,20.0,28.0,20160.0
7f9e3a613e4d2212870577798bc8965a,543000d24bdcd4410f2e0c13b7a0b4f7,2018-04-02 22:03:20,2018-04-02 22:35:31,2018-05-03,0,porto xavier,RS,282.0,55.62,1.0,1.0,173.0,18.0,13.0,12.0,2808.0
0dba8cb0559eb37cc0217a28496b5f07,f6243ddedb1bf96ae357422c43bb883b,2018-01-09 22:50:43,2018-01-10 10:32:05,2018-02-09,1,rio de janeiro,RJ,54.9,17.95,1.0,1.0,900.0,35.0,10.0,22.0,7700.0
87d24c5a20d8d416def2c6ef81d4045e,49f218b2505aac7db523e8b1432f7915,2017-07-14 10:37:08,2017-07-18 06:03:37,2017-08-15,0,sananduva,RS,125.9,39.87,1.0,1.0,4950.0,47.0,12.0,45.0,25380.0
c8ccac7f59cb2c602959eb4586aa9b15,dbd46952d895ea4b8aecd9bafd411def,2017-12-18 16:19:00,2017-12-20 07:18:30,2018-01-12,0,brasilia,DF,122.99,14.61,1.0,1.0,400.0,20.0,12.0,15.0,3600.0
ca98afe572ee9754ef0cd28c6b97758a,4ee37274d091e7e0ae7d61d1ae0a37f8,2017-03-21 01:35:08,2017-03-21 01:35:08,2017-04-20,0,fagundes,PB,198.9,21.84,1.0,1.0,610.0,22.0,14.0,16.0,4928.0
4c2bda2a65cf17bca1d9c00daa0f8790,3a0557c5236d866291795f7a4ee3c2c7,2018-03-29 15:27:11,2018-03-29 16:35:35,2018-04-17,1,sumare,SP,39.9,12.79,1.0,1.0,117.0,19.0,4.0,14.0,1064.0
2e8e21db96a8ab922e51cd297678c6b2,6a58b195be76f8ad6544e032b6c7316b,2016-10-09 12:13:58,2016-10-10 01:16:09,2016-12-02,0,curitiba,PR,72.9,14.39,1.0,1.0,600.0,23.0,7.0,16.0,2576.0
1fc96c24536a72f7707e0684d6886610,0e02bdf960198a4a18cde1eb87c230b3,2018-02-27 14:12:54,2018-02-27 14:29:13,2018-03-26,0,rio de janeiro,RJ,259.0,18.25,1.0,1.0,267.0,14.0,19.0,16.0,4256.0
e670c857f8a70c9aacdf644c59980d17,9046e54eb6f0639a45d278973bad06ab,2018-04-11 20:38:34,2018-04-11 20:50:54,2018-05-07,0,teresopolis,RJ,45.0,19.32,1.0,1.0,800.0,42.0,8.0,26.0,8736.0
b0ef007a9f33ffd24dcfba02178afed5,46892c9ab706c93de01025d07b029234,2018-04-09 11:00:52,2018-04-10 10:55:25,2018-05-02,0,sao paulo,SP,199.9,13.84,1.0,1.0,200.0,21.0,11.0,13.0,3003.0
f73a22bddb155350e16a991b2510fa64,958e287b02a53d2107c61ec4ac90943e,2018-03-08 07:26:51,2018-03-08 09:48:16,2018-03-26,0,aruja,SP,258.0,29.119999999999997,2.0,2.0,250.0,18.0,6.5,17.0,1989.0
0c8d2195cb6aab1034f95a0f87b149dd,fe7bee92681d1c9369a084e14683ab78,2018-03-14 23:00:37,2018-03-14 23:10:42,2018-04-06,0,maringa,PR,105.9,19.71,1.0,1.0,1600.0,30.0,5.0,30.0,4500.0
1a0e54c67a7d784f932f5cc4f953fbaf,baca33004aa726524d5a891853100559,2017-06-16 21:56:39,2017-06-16 22:06:26,2017-07-13,0,brasilia,DF,56.99,14.15,1.0,1.0,400.0,18.0,11.0,11.0,2178.0
8e0167d93d1c6bdf4595ee876ac8a842,1842c33f1a49f4a3f653e28a75254e38,2017-12-11 13:03:12,2017-12-11 13:13:26,2018-01-05,0,santo andre,SP,39.9,14.1,1.0,1.0,150.0,16.0,5.0,11.0,880.0
061b74bca735bb2c1953e40bc098101d,0c8050459705eab48d6faf4b118109be,2017-11-22 20:40:31,2017-11-22 20:48:26,2017-12-07,0,mogi das cruzes,SP,51.96,46.92,1.0,1.0,1200.0,40.0,8.0,40.0,12800.0
be560e55f6098370a75dae48230f049a,ddf0fc4e5538bd1eef22bd8c2fb726a4,2018-01-19 11:24:21,2018-01-20 09:09:04,2018-02-19,0,teixeira de freitas,BA,49.9,16.79,1.0,1.0,450.0,25.0,15.0,25.0,9375.0
05739db46faf3be7dfe1b0f0ec37689f,5a39602202cb2bb7fe86f395f7f25252,2018-02-22 13:18:58,2018-02-22 13:35:21,2018-03-19,0,sao paulo,SP,129.0,21.39,1.0,1.0,10750.0,31.0,61.0,31.0,58621.0
ef22314f23b0d51d6d5566207622a6c0,52518ec19d39f15886aeacc964c20129,2017-07-08 14:30:14,2017-07-08 14:43:15,2017-07-28,0,mogi-guacu,SP,89.9,12.13,1.0,1.0,1383.0,50.0,10.0,40.0,20000.0
cc2e6cf82767599713d657cd5cf8b300,fb5a37c5751065b31f48a501d47eb1bc,2017-09-12 00:31:07,2017-09-12 00:44:04,2017-10-20,0,cujubim,RO,89.9,43.04,1.0,1.0,1383.0,50.0,10.0,40.0,20000.0
733f26eccfda637ff829bb51444ac13b,23c9a4af50b6e7ca6d5843acb4632f71,2017-12-27 16:02:37,2017-12-29 02:08:39,2018-02-02,0,curitiba,PR,30.0,15.11,1.0,1.0,450.0,25.0,25.0,25.0,15625.0
142c8688b5b13e21ac5a448a1688b9d7,96c6d161a734e063fba237c7d58f75d6,2017-01-27 12:31:05,2017-01-27 14:31:16,2017-02-27,0,santo andre,SP,299.9,27.6,1.0,1.0,7200.0,43.0,23.0,33.0,32637.0
274c63b06327262e50b1798060d9dea9,0e6d60787086ed1ea9f8b96bda67da49,2017-05-04 13:48:12,2017-05-04 14:02:42,2017-05-29,0,maringa,PR,79.8,29.04,1.0,1.0,400.0,16.0,5.0,16.0,1280.0
93483f560d46ab6fb3fbf571c59d78dd,6ce9b26c054b6e299e017f732a862b87,2017-12-17 22:49:34,2017-12-17 23:53:53,2018-01-19,0,salvador,BA,129.0,20.14,1.0,1.0,6550.0,38.0,30.0,28.0,31920.0
faa911f9ff46e53aedc9408c5d6a24ad,77dccd21b005b20fc1f1418c979ca354,2018-03-07 16:42:57,2018-03-07 17:20:24,2018-04-04,0,brasilia,DF,74.78,38.08,1.0,1.0,750.0,40.0,11.0,35.0,15400.0
f6eb8b6dbe3e8d62dfa502ba34413b4c,0efdf64a4ce7cdf1560f30c1aaf777db,2017-12-18 15:04:49,2017-12-18 15:37:27,2018-01-16,0,arcos,MG,119.9,15.59,1.0,1.0,483.0,21.0,13.0,20.0,5460.0
f8276f728f18fb120f0404c7444fdc30,c330e15c594fba46d26cc80beb73b06f,2017-07-01 09:25:44,2017-07-01 09:43:41,2017-07-21,0,sao paulo,SP,89.9,12.13,1.0,1.0,1383.0,50.0,10.0,40.0,20000.0
be9ea35dd2b7d3973f1f6e0f0cc6f39b,53d7f82516d4a6e86839d3bc7194b877,2018-01-07 08:53:53,2018-01-07 09:07:09,2018-01-24,0,ferraz de vasconcelos,SP,169.9,8.44,1.0,1.0,300.0,16.0,11.0,11.0,1936.0
03ea970e60ecfa4b84a69ddc665262a5,7d4bcc989710ee664b406819ce808a90,2017-09-20 16:14:30,2017-09-20 16:30:23,2017-10-20,0,cascavel,PR,117.0,15.57,1.0,1.0,396.0,18.0,11.0,14.0,2772.0
041cbce90c076b8e9eb9f79112a59899,e38db46321e8a8652cba6569860e5902,2018-03-24 21:26:30,2018-03-24 21:47:39,2018-04-19,0,guara,SP,139.0,54.72,1.0,1.0,6550.0,20.0,20.0,20.0,8000.0
f26c31dc999a7994a4369c805f0bd029,a544f53bd4ce0d11de2d68e3675ecfab,2018-03-16 11:19:46,2018-03-16 11:30:46,2018-04-09,0,jaragua do sul,SC,450.0,159.66,1.0,1.0,2550.0,30.0,35.0,30.0,31500.0
10a419c662c88c75ed796f78bc88d31b,42e4ba168ec81ad850d53a5cfd176cf2,2018-03-07 10:35:14,2018-03-08 02:15:57,2018-03-23,1,sao paulo,SP,41.5,16.32,1.0,1.0,570.0,33.0,21.0,32.0,22176.0
cc3336764b2bc18f4eaa8f17f86bfd53,bddabc9e266194149ea15a62de9e55a8,2017-06-11 17:43:18,2017-06-11 17:55:17,2017-06-29,0,vinhedo,SP,56.99,7.78,1.0,1.0,350.0,25.0,15.0,15.0,5625.0
a048e5da1c33fe118dd9627eb8d35d16,7890b92d81dc0d0d7325b2cda4cd14a6,2018-02-14 18:25:34,2018-02-14 18:47:53,2018-03-08,0,botucatu,SP,180.0,16.01,1.0,1.0,200.0,18.0,3.0,20.0,1080.0
14385cf799c6efba6a9a6d51ea9a1a36,732272e96e63085706cd8920ca92faf7,2017-12-08 22:48:37,2017-12-08 23:38:20,2018-01-03,0,betim,MG,81.9,16.82,1.0,1.0,1350.0,26.0,18.0,11.0,5148.0
c1b4f595f1ad8978da4537431bfe143f,3c008d3dc45ecee73703f2846ef4cf33,2018-02-28 13:35:46,2018-02-28 13:55:38,2018-03-22,0,santo antonio de padua,RJ,457.99,17.96,1.0,1.0,277.0,17.0,11.0,13.0,2431.0
8a1afda75a802a8a5dd950aa81756f49,216ca7984f36f840df4e983b578856d4,2018-01-03 16:05:40,2018-01-03 16:31:29,2018-01-26,0,piracicaba,SP,195.9,34.64,1.0,1.0,8917.0,36.0,27.0,50.0,48600.0
b0df6117e4e96271f505589dcd78b944,ef8d10671b9af3eca67b9d4024d50070,2017-11-14 07:30:44,2017-11-14 07:46:15,2017-12-05,0,rio de janeiro,RJ,99.9,21.19,1.0,1.0,1825.0,44.0,14.0,34.0,20944.0
f6a0e9f2ee368264a84d69d92c9a5b3f,3c5a39f999c141a42792a0f2e1c7726d,2017-07-09 15:19:58,2017-07-09 15:30:16,2017-08-15,0,uba,MG,38.9,16.11,1.0,1.0,550.0,40.0,5.0,30.0,6000.0
524a77411e47956b583e344545abf653,53c009899356b1d516fce2ccc4831a6c,2018-04-03 16:14:10,2018-04-03 17:10:43,2018-04-25,0,brasilia,DF,389.0,18.69,1.0,1.0,200.0,18.0,9.0,16.0,2592.0
bc792ace04233efedd8f161fb4b7b207,a480d7510ff88ed0d99ea92591143f07,2018-02-21 15:12:29,2018-02-21 15:30:09,2018-03-07,0,sao paulo,SP,39.0,8.27,1.0,1.0,167.0,22.0,14.0,14.0,4312.0
a3aa23c77d6830dd5cb7ad473c8df492,2ca0ca2b7b63b62a682e006a9f55942a,2017-05-06 14:12:27,2017-05-06 14:22:19,2017-06-06,0,rio de janeiro,RJ,329.9,24.18,1.0,1.0,2650.0,33.0,25.0,25.0,20625.0
1c68f342af2c9f303a048d365b0153b7,487bb71e40189a3438a469f316013dd8,2017-11-28 13:23:52,2017-11-28 13:42:02,2017-12-21,0,ipatinga,MG,109.9,15.52,1.0,1.0,550.0,19.0,13.0,18.0,4446.0
9b667954862fd67b43075ae4861454af,553ebb0d7bef0d8be08b4bcd9c3a679b,2017-10-27 20:52:38,2017-10-28 03:06:23,2017-11-21,0,resende,RJ,85.0,12.93,1.0,1.0,900.0,20.0,8.0,11.0,1760.0
ad1958db0db2e99c3c93a66955396d7f,e4ee810bc2b3c953b3a94186d5709182,2018-01-24 21:09:31,2018-01-26 03:16:05,2018-02-16,0,colina,SP,97.49,12.18,1.0,1.0,775.0,28.0,12.0,14.0,4704.0
0c897c38d294bbc817bc78528cb47e27,b047a1af40cee55a815fe7075e4f1a74,2017-09-20 22:51:48,2017-09-20 23:05:34,2017-10-20,0,alagoinhas,BA,94.0,17.1,1.0,1.0,300.0,24.0,7.0,14.0,2352.0
fffb9224b6fc7c43ebb0904318b10b5f,4d3abb73ceb86353aeadbe698aa9d5cb,2017-10-27 16:51:00,2017-10-28 02:55:58,2017-11-27,0,serra talhada,PE,220.0,136.76,1.0,1.0,350.0,16.0,14.0,11.0,2464.0
e12700852c7af5cdea9d85282cf65ef3,1c407e8ac340a7e03e373f42afd8586f,2018-04-04 13:14:40,2018-04-05 13:10:14,2018-04-24,0,ribeirao preto,SP,49.3,11.89,1.0,1.0,500.0,36.0,5.0,15.0,2700.0
7da444f9eb27358bfecfff2aa071e457,a394aa1decd1324c76593baffaf2b6ed,2017-12-11 09:27:40,2017-12-11 09:37:38,2017-12-28,0,mogi mirim,SP,325.0,10.47,1.0,1.0,400.0,34.0,4.0,22.0,2992.0
343c609ca3ddf3294e1e2d54ce6d9a76,6284b8ac7b0fae398f24ed57339cf072,2018-01-20 23:23:21,2018-01-20 23:42:25,2018-02-16,0,sao paulo,SP,49.0,12.69,1.0,1.0,833.0,19.0,12.0,17.0,3876.0
8d9a9808c4a5546adb15d524d6ab2e91,3bb0f1d5881cfaf2de8eacdbe88b2d58,2017-01-26 16:44:35,2017-01-26 17:02:23,2017-02-24,0,franco da rocha,SP,3.9,10.96,1.0,1.0,200.0,22.0,3.0,22.0,1452.0
c0c48daac5ca760ce57d4e500886dc56,eb6c184537730dfd01497567b6dd15da,2017-01-22 14:13:58,2017-01-22 14:30:42,2017-02-28,0,jundiai,SP,29.99,10.96,1.0,1.0,500.0,35.0,7.0,27.0,6615.0
9111147b969505cb43b47663779162d0,32a2e01de91e849b9869ea5f59fdbd29,2017-10-02 21:54:34,2017-10-03 04:14:28,2017-10-25,0,conchas,SP,58.99,13.43,1.0,1.0,200.0,22.0,10.0,18.0,3960.0
4db7592df9b6ac416a36fe91e06682ea,7d70fd59b16bee6236b91d30b91459dd,2017-09-11 15:34:49,2017-09-11 15:45:32,2017-09-29,0,brasilia,DF,29.9,14.1,1.0,1.0,200.0,25.0,5.0,15.0,1875.0
5b48b14e0505d83666e7e938caeec89a,9db5a77b7d8772e36d6aa22ff9a65e97,2017-04-24 21:01:21,2017-04-26 09:36:12,2017-06-01,0,piracicaba,SP,48.9,31.95,1.0,1.0,1750.0,20.0,16.0,30.0,9600.0
9827713c2434c817eacd058f8dcc5628,4bec36f049ff3fbeaca9ecafcfd3baaa,2017-09-24 22:09:17,2017-09-24 22:25:52,2017-10-18,0,guaranesia,MG,55.9,14.12,1.0,1.0,1050.0,40.0,10.0,35.0,14000.0
e077d52f6cbef7bb5e3e3e147e44a189,7569ca3fd4cac49c36300b217d638628,2017-11-05 19:45:10,2017-11-07 07:30:48,2017-11-24,1,rio de janeiro,RJ,49.9,14.1,1.0,1.0,200.0,16.0,16.0,11.0,2816.0
a6a1840fec3ecb04c489ffa4b2354631,c15b8062b4d0c30fbce33bce7715eae4,2018-03-04 21:58:12,2018-03-05 21:55:25,2018-03-21,1,belo horizonte,MG,11.55,14.1,1.0,1.0,175.0,22.0,12.0,15.0,3960.0
775eb0ae1891c8dd8f12c2f8c6850006,a47703d55341244bf9e82521834ad64a,2017-01-27 09:20:04,2017-01-28 10:32:02,2017-03-16,0,santa fe de goias,GO,1299.0,27.79,1.0,1.0,740.0,18.0,12.0,15.0,3240.0
4ef8fef15b3a1986d266d349b21ab021,8ad2cd280907b0111796b6218d3fe67c,2017-03-09 20:16:03,2017-03-09 20:16:03,2017-04-03,1,niteroi,RJ,67.91,19.07,1.0,1.0,1600.0,24.0,13.0,16.0,4992.0
9ac9cdfc539eaa872e8d0c652d660e6b,dc099664976e53ce3c32de9b9d7b321b,2017-11-19 14:03:22,2017-11-19 14:15:23,2017-12-15,0,limeira,SP,129.8,49.44,1.0,1.0,7000.0,20.0,62.0,35.0,43400.0
3d0fabe57f53334a24d36872a001f23c,ad41e67f80ad7ac61ec5b605751c56d0,2017-12-03 13:19:25,2017-12-03 13:33:12,2017-12-27,0,sao paulo,SP,87.0,25.25,2.0,1.0,525.0,16.0,11.0,16.0,2816.0
2b4b69b119c4446626f617bd54ff3147,456664e611e20956682bafced4ecdb19,2017-09-05 18:28:30,2017-09-05 18:44:08,2017-09-26,0,teresina,PI,16.9,21.15,1.0,1.0,100.0,18.0,6.0,11.0,1188.0
0dac831729de109c5f878882316eb43f,865ac93cc703fbbe0d4c1d7fdd62b78d,2018-03-30 12:26:42,2018-03-30 14:07:57,2018-05-02,0,sento se,BA,53.99,22.09,1.0,1.0,200.0,16.0,16.0,13.0,3328.0
5f8f11858f0aa38dd3dac7d851aced95,503f0e722a93ef93328c4f358b7c0c92,2017-10-11 15:12:34,2017-10-12 15:27:52,2017-11-09,1,nossa senhora do socorro,SE,18.9,42.38,1.0,1.0,150.0,22.0,12.0,14.0,3696.0
27933786ce1d3fe5a2ce6243ff08754f,1d35081c83698d93ec64ebe2d6cfec9c,2018-04-09 16:49:32,2018-04-10 07:35:15,2018-04-26,0,brasilia,DF,102.0,44.48,1.0,1.0,27000.0,105.0,18.0,35.0,66150.0
0347673d14e454a696bca6aebe61f23e,f1d2dccf40e047efb9b678cde4a123cc,2017-11-27 14:54:37,2017-11-27 15:18:03,2017-12-19,1,novo hamburgo,RS,69.99,15.93,1.0,1.0,2197.0,37.0,28.0,30.0,31080.0
9296285ad7fc6a1f332b14294d846de7,df8e6c9af17b5106918747256f7326dd,2017-05-29 23:34:35,2017-05-29 23:45:13,2017-06-21,0,belo horizonte,MG,69.99,16.74,1.0,1.0,1050.0,42.0,25.0,15.0,15750.0
cc9b441239dbd3786773a5c8724547ba,a6285be7dd7e1b07774569d472e942f6,2018-03-31 16:31:09,2018-04-01 16:30:19,2018-04-26,0,salvador,BA,572.9,30.74,1.0,1.0,710.0,19.0,13.0,14.0,3458.0
462240cb1ec4e5db517e73fff57ebfc0,143fdaaf1a8b9e8905183ee2714d3647,2017-11-27 18:39:56,2017-11-27 19:12:04,2017-12-20,0,curitiba,PR,37.79,14.1,1.0,1.0,450.0,20.0,13.0,33.0,8580.0
9526afac09af0c00e87b74eb7290b6ec,020a406d49fb26441c5cab66fb8309bb,2017-12-06 12:41:52,2017-12-06 12:51:30,2018-01-02,0,atibaia,SP,14.9,16.11,1.0,1.0,500.0,34.0,2.0,24.0,1632.0
27dc63ff0d925a8edb761ba595e543ef,85e3bad84251738643dbfdc9baa3e535,2017-09-26 15:15:34,2017-09-26 15:28:16,2017-10-11,0,mogi das cruzes,SP,89.99,8.82,1.0,1.0,500.0,25.0,25.0,25.0,15625.0
a9c323b00a97a60deb81c33473090eff,265106dcf47e77b56e7d67dbfcc3ccf7,2017-05-08 06:06:35,2017-05-08 06:15:12,2017-05-31,0,blumenau,SC,59.9,17.67,1.0,1.0,7000.0,26.0,47.0,27.0,32994.0
b89abfd3664f6d278d90b13536d52364,0ff949bd20e11b2beacce8d14c1339b8,2017-03-12 17:35:58,2017-03-12 17:35:58,2017-04-10,0,seropedica,RJ,430.0,17.18,1.0,1.0,9300.0,38.0,36.0,35.0,47880.0
8d04cc6c75bba21874268deda821055d,424b42e2d01114b7af0d3950259acb27,2017-07-15 20:34:24,2017-07-18 06:10:25,2017-08-16,1,salvador,BA,193.0,23.67,1.0,1.0,1100.0,34.0,11.0,25.0,9350.0
deb805b3a0cb1a415c66ddda0f92e0a0,a0ff04ef67911eae8a588690b2149379,2018-03-02 16:37:13,2018-03-02 16:50:34,2018-03-20,1,california da barra,RJ,43.8,24.7,1.0,1.0,100.0,16.0,6.0,11.0,1056.0
7477cb986eef32aa23035fdd22ed27d8,282145334ce859131410fef262f98bfe,2017-06-22 22:41:57,2017-06-22 22:55:13,2017-07-14,0,queimados,RJ,142.0,79.16,1.0,1.0,20100.0,43.0,79.0,41.0,139277.0
af8822dc30a41edce5b644f195e3f269,9fcfab0ef8326a8e5d435076772086c4,2017-02-13 15:55:09,2017-02-13 16:05:23,2017-03-20,0,barrolandia,TO,10.99,17.78,1.0,1.0,100.0,16.0,5.0,13.0,1040.0
e3ad77f2683cf57ced740ece64eea3b7,ea665ac5a97f1a3987a5f9629be6e9c0,2017-07-29 22:17:46,2017-07-29 22:25:10,2017-08-18,0,sao paulo,SP,48.9,11.85,1.0,1.0,1150.0,45.0,15.0,35.0,23625.0
aefd4f1e5f6dc055f7a57ff5d884071e,e7efe6bb17180833851f8987a6ce0f1b,2017-04-22 10:28:31,2017-04-25 07:55:19,2017-05-17,0,brasilia,DF,13.98,15.65,1.0,1.0,275.0,18.0,4.0,12.0,864.0
6740c73dc204155d7ea39a1c893b48c2,08ec4e081721ef212d38b5fec3c38ccb,2018-03-27 19:48:12,2018-03-28 07:10:12,2018-04-25,0,osorio,RS,329.9,20.19,1.0,1.0,5500.0,29.0,37.0,25.0,26825.0
c72c794309b49932e42cf11c75b22c45,258b5a6816fdca7a218868c01b0e6bef,2017-09-11 07:12:41,2017-09-12 04:44:59,2017-09-21,0,santos,SP,90.0,8.82,1.0,1.0,500.0,20.0,30.0,20.0,12000.0
60d7b5480cf32dcb95bbd0155f6c6e36,794b8e1820dacb6050f7c374fdaf5515,2017-12-12 22:57:21,2017-12-12 23:12:36,2017-12-29,0,araras,SP,143.8,16.71,1.0,1.0,5950.0,65.0,11.0,65.0,46475.0
666a6228ea2363c308924bc929101d7f,b8b9cd163d230f13301c8ece6f71eb58,2017-08-22 13:18:25,2017-08-22 14:26:49,2017-09-18,0,paraiso do tocantins,TO,32.9,15.1,1.0,1.0,600.0,20.0,22.0,14.0,6160.0
85f8ffb0071e850ecba540ba938f32a9,f388da80d7f9a29735dd482be3995dc2,2017-03-16 20:04:07,2017-03-16 20:04:07,2017-04-06,0,maua,SP,289.9,16.2,1.0,1.0,425.0,23.0,14.0,17.0,5474.0
00418a49a685c6bb60633291c3fab17a,7d9edced80af5c9503cbf88a9e5f2a3e,2017-10-03 20:43:03,2017-10-03 20:50:45,2017-10-19,0,osasco,SP,49.0,7.78,1.0,1.0,200.0,16.0,2.0,11.0,352.0
54d84dc0eff0132dfeae935a6c27eb45,b796e0c31028cfd17967cb1cb6b5dfc9,2017-07-27 11:45:11,2017-07-28 10:23:43,2017-08-09,0,suzano,SP,74.99,11.73,1.0,1.0,1300.0,25.0,30.0,40.0,30000.0
ca7a62dce548a9bd31b4fd4f12af30d8,0658798436373ff6997afab7a5e29494,2017-05-22 15:24:05,2017-05-22 15:35:16,2017-06-13,1,holambra ii,SP,64.9,15.2,1.0,1.0,233.0,17.0,10.0,19.0,3230.0
94cb35fbdd88c96b0718527f8e843feb,ee3dd978021aef55ba8a583afd608049,2017-12-04 12:46:39,2017-12-04 16:33:40,2017-12-27,0,sao paulo,SP,79.9,13.58,1.0,1.0,600.0,80.0,8.0,15.0,9600.0
c0d51e9a78ec5b240836342d1ada7d1c,e0ac205752138fe132560b033be7f9d4,2018-02-23 12:46:42,2018-02-23 13:10:10,2018-03-16,0,montenegro,RS,89.1,16.87,1.0,1.0,967.0,21.0,24.0,19.0,9576.0
5eaf68e00853a2cdef0e961bcf5aeab4,35bf42c9aedfbb7735a9cd711296f57f,2017-11-24 13:30:59,2017-11-24 15:51:40,2017-12-08,0,piracicaba,SP,150.0,8.3,1.0,1.0,125.0,13.0,7.0,9.0,819.0
097d716d21f2b46bb265aacacb716dc8,97908817f277b94fa3948e5e7387a798,2018-02-28 08:05:57,2018-02-28 08:15:25,2018-03-28,0,viamao,RS,43.98,30.2,1.0,1.0,550.0,22.0,4.0,28.0,2464.0
287bda09a531679f371192ec2567ff71,ead5b1c1525972ec23a1c9bb49ebae1f,2017-11-23 20:01:25,2017-11-23 20:14:22,2017-12-19,0,chapeco,SC,147.9,78.06,1.0,1.0,17550.0,73.0,20.0,47.0,68620.0
53c7592439c12d02630c4f0da48614bc,f89b63fb70a7ec9b7740ca031accb0cd,2017-12-18 12:55:41,2017-12-18 13:54:44,2018-01-17,0,osasco,SP,99.9,15.46,1.0,1.0,750.0,30.0,17.0,30.0,15300.0
304ef13cd0c4ae3f7b5f11380f8176b4,cf30c6199e7242dbdd316851a3ac1321,2017-08-20 00:24:52,2017-08-21 00:30:10,2017-09-21,0,fortaleza,CE,114.9,21.6,1.0,1.0,300.0,16.0,23.0,19.0,6992.0
6fe56ea74b5cf6242766596550cd2d0c,75b4bac0d49ed3e3717aeb79f80ffc97,2017-07-18 00:28:15,2017-07-18 00:45:13,2017-08-23,0,uruacu,GO,120.0,17.28,1.0,1.0,9800.0,65.0,60.0,15.0,58500.0
26a4525518bf2e891e2cdffef0742346,9ba9c35fa0972a58c9397672fd9e0111,2017-09-20 17:12:10,2017-09-20 17:24:19,2017-10-17,0,montes claros,MG,159.9,15.87,1.0,1.0,792.0,19.0,14.0,16.0,4256.0
746b06a44d14deca5f655b036a47ed0f,bef5c0e0b094f0abf4f9bc96e9e546dd,2018-02-15 10:28:39,2018-02-15 10:47:51,2018-03-02,0,sao paulo,SP,29.9,8.72,1.0,1.0,350.0,25.0,15.0,25.0,9375.0
d631ccd9440f35c118e56f598ebb0261,24e440e12a72cd7915b6353c325e9305,2018-03-08 18:54:17,2018-03-08 19:10:27,2018-03-28,0,brasilia,DF,48.9,19.32,1.0,1.0,600.0,20.0,13.0,13.0,3380.0
a6d4b394346af973163c403b372e56c2,dadb55e81d2b364625d25ec798cec62a,2018-01-24 08:45:48,2018-01-24 08:56:34,2018-02-20,1,brasilia,DF,13.9,15.1,1.0,1.0,200.0,17.0,27.0,18.0,8262.0
c5f424c38dfa71a2340c9a98e4d6f48d,439ffed37d33decb0333fa07d362bad5,2017-08-21 21:34:39,2017-08-21 21:45:42,2017-09-21,0,salvador,BA,8.9,15.79,1.0,1.0,400.0,20.0,5.0,20.0,2000.0
f0cefee84b19e4a0f9a56b147e89eb2c,7ac14fa8a3597d612e0c45f195d05988,2017-03-14 15:27:18,2017-03-14 15:27:18,2017-04-06,0,duque de caxias,RJ,169.9,25.01,1.0,1.0,3000.0,33.0,12.0,34.0,13464.0
dec8a288bd6ae97892bacfc5574a451c,07ae5e78d3f125fb413ccd2e37b7206c,2017-10-26 18:11:21,2017-10-26 18:31:28,2017-11-21,0,suzano,SP,118.5,23.34,1.0,1.0,250.0,16.0,11.0,11.0,1936.0
e7cb94c5e7b7ce7ea2e83e7e461662f9,757be9f0f57d1863fb62a6d4b08ad287,2018-03-27 15:21:33,2018-03-29 03:28:48,2018-04-09,0,sao paulo,SP,119.9,13.74,1.0,1.0,1750.0,30.0,30.0,30.0,27000.0
135cf1fc795c1f5d5bde462f3bc10c40,49728ab3ca97268c16b1bc1205212d04,2017-06-21 18:27:41,2017-06-21 19:31:56,2017-07-12,0,varzea paulista,SP,47.9,27.5,1.0,1.0,200.0,18.0,7.0,12.0,1512.0
8f677798a3e80c02adf52911bf8d145d,17b723f5c85b44a1dcf96dca43d3eb89,2017-03-20 17:01:26,2017-03-20 17:01:26,2017-04-11,0,duque de caxias,RJ,49.0,14.52,1.0,1.0,250.0,16.0,2.0,11.0,352.0
4a631d69e25800fdf31d9e2d0e08b1ba,9786fb06d77d78eb58eb38a4d3a35ac6,2017-08-23 12:29:54,2017-08-23 12:55:28,2017-09-15,0,frutal,MG,260.0,22.31,1.0,1.0,3050.0,62.0,10.0,22.0,13640.0
8aa1b241d97b02dbdb9a617b54added8,32e9cd29933427903b9a2a0f2d6812fe,2018-02-22 09:40:07,2018-02-24 02:35:49,2018-03-08,0,sao paulo,SP,75.0,36.62,1.0,1.0,1700.0,70.0,10.0,100.0,70000.0
ef24d89a1994d468c2903e3d2dbfae56,b16866ec831fa280adc36a71f6a30dbe,2017-12-16 09:25:10,2017-12-19 09:37:28,2018-01-12,0,curitiba,PR,69.77,14.24,1.0,1.0,100.0,16.0,7.0,11.0,1232.0
0714c5e5a4887535cbf5a60cbab73fe4,04cb06222199f8e9a1691ef028e88a28,2018-03-24 18:20:15,2018-03-24 18:30:37,2018-04-06,0,sao paulo,SP,29.9,7.71,1.0,1.0,250.0,16.0,5.0,15.0,1200.0
7a8f034a4006e2540a2026e25f9534b1,279bc74323fbd113f3ead45b2887faf6,2017-06-02 22:57:03,2017-06-03 00:00:06,2017-06-27,0,rio de janeiro,RJ,246.9,18.98,1.0,1.0,3300.0,21.0,34.0,34.0,24276.0
7f52fe36580dffc15fb684d226b12f32,9af15d3746688c85fe8c47cc68caf0f0,2017-09-12 17:33:41,2017-09-12 17:45:23,2017-09-29,0,niteroi,RJ,65.9,16.71,1.0,1.0,1550.0,20.0,30.0,25.0,15000.0
b5abb8bf256812ff9e3632e72e6e9bc1,86d6acc63819436badea3a80f627baec,2017-05-03 13:36:01,2017-05-04 03:03:04,2017-05-26,0,rio de janeiro,RJ,179.9,24.25,1.0,1.0,3850.0,60.0,20.0,20.0,24000.0
fe198069c03f548e40276d7c9d67c9a3,c8c67eae0994c44a07fe8cd2c5e54caf,2017-10-03 17:57:29,2017-10-03 18:14:38,2017-10-26,0,brasilia,DF,99.9,20.19,1.0,1.0,1000.0,60.0,15.0,15.0,13500.0
f23cbffef931c76fb5231f8b292d457d,b884055664707073d218e5faa9c10f8f,2017-05-09 23:19:29,2017-05-09 23:30:20,2017-06-06,0,salvador,BA,59.99,16.99,1.0,1.0,800.0,50.0,15.0,25.0,18750.0
f8f39c04af57100b2067941cddcb9376,a08554ba3f0715d9ada0d693dc036a3c,2018-03-18 16:34:18,2018-03-18 16:45:35,2018-04-16,1,viamao,RS,139.9,20.52,1.0,1.0,5650.0,40.0,16.0,50.0,32000.0
dbd4885aa71d304f95eb40c67bfbec35,323a81cf20fb536503c017cfd5c2d54f,2017-01-23 18:40:23,2017-01-23 18:50:18,2017-03-02,0,belo horizonte,MG,859.0,97.27,1.0,1.0,12000.0,105.0,46.0,46.0,222180.0
26bb01f8da89d1db61bdb339788731b8,91bb51bb101920d40690c2275e630cf1,2017-03-09 10:49:48,2017-03-09 10:49:48,2017-04-03,0,campo grande,MS,113.0,33.09,1.0,1.0,5950.0,20.0,30.0,80.0,48000.0
a8b9282d0c831ea24e2884c9620c38c9,cc77edfcc062dfe56fbd88294db0a425,2017-11-08 20:58:57,2017-11-09 05:31:35,2017-11-30,0,sao paulo,SP,59.9,13.44,1.0,1.0,800.0,20.0,7.0,20.0,2800.0
6f32b46fc3b01903852f3bcc592c5687,a9700e72b6899dd6301b5ef0c7d65049,2017-09-07 13:27:09,2017-09-09 06:34:44,2017-09-26,0,caraguatatuba,SP,48.9,12.69,1.0,1.0,900.0,28.0,5.0,20.0,2800.0
9abcbe39820292dab15332cef33e7a3c,8fc079be60df7208407f6cad7ba33bdf,2018-01-04 01:56:56,2018-01-04 04:55:33,2018-02-05,0,porto alegre,RS,81.9,16.82,1.0,1.0,1350.0,26.0,18.0,11.0,5148.0
73dfec91f44d4356d6abcf6cbbbcfe90,8c699d5d2606b7cbfe0e3a8bbf1a3fec,2017-11-21 22:55:37,2017-11-22 15:26:47,2017-12-13,0,brasilia,DF,699.9,22.15,1.0,1.0,1550.0,20.0,50.0,20.0,20000.0
a31768d1614db23dfc711f738b2b774f,774aa06c60fb3845b46b5d97508521f3,2017-12-01 21:25:52,2017-12-01 21:37:31,2017-12-26,0,ribeirao pires,SP,149.0,16.67,1.0,1.0,584.0,16.0,11.0,13.0,2288.0
9966919513b173e92155677f14ec8a67,05f830d6d4afd135824b04ce45d20f00,2017-12-05 21:26:28,2017-12-05 21:36:23,2018-01-09,0,cachoeirinha,RS,22.8,16.11,1.0,1.0,850.0,16.0,11.0,11.0,1936.0
300a0fb67e14c56475f361381f629060,34a181fed533272fed37fddcd45625a3,2017-11-13 17:05:52,2017-11-14 17:30:30,2017-12-04,0,nova iguacu,RJ,79.9,14.31,1.0,1.0,700.0,30.0,30.0,30.0,27000.0
61b8f80f57eb27a3d6f27f6578b6b3c9,1290b1ab54f6ca32787bdd4b092797aa,2018-02-03 20:26:01,2018-02-04 20:30:24,2018-03-06,0,rio de janeiro,RJ,78.0,15.3,1.0,1.0,300.0,18.0,10.0,14.0,2520.0
5a02cf91e6ef1031cf794d1cb430fecc,27770084d4e5308bcaecc64498773c9a,2018-04-06 09:18:05,2018-04-06 09:30:23,2018-04-24,0,sao paulo,SP,339.0,10.14,1.0,1.0,440.0,19.0,13.0,21.0,5187.0
b4a38163bca1ff981f0ccbfdbaca0a20,4db85f54c09882d9f1e37774934551be,2018-01-29 18:40:56,2018-01-29 18:55:24,2018-02-22,0,brasilia,DF,329.4,105.96000000000001,1.0,1.0,300.0,16.0,16.0,16.0,4096.0
d062df7045ef15cdfd841bb52d798a0e,e9c9e8edea5b2c31b8ce06f9ff086ce4,2017-07-09 19:10:21,2017-07-11 03:50:41,2017-08-11,0,sao luis,MA,75.9,21.33,1.0,1.0,188.0,20.0,6.0,13.0,1560.0
6a2cd48884fcfc672cc393f247c04a19,d64874264dadc5194c74b21d992eaec2,2017-12-24 17:32:38,2017-12-24 17:48:11,2018-01-26,0,salvador,BA,149.9,20.29,1.0,1.0,1200.0,28.0,10.0,18.0,5040.0
bbe5ef6ae6b2bb765568934d34dca44d,3328aef5f5f9e3ab64e01691eedaebaf,2017-06-30 10:14:42,2017-07-01 05:05:22,2017-07-20,0,caieiras,SP,572.0,37.27,1.0,1.0,15350.0,47.0,40.0,47.0,88360.0
b4371384ac6d51fe934e4f50b8b61e4c,7ffef7ba261467851a207fb18744f4f4,2018-04-05 15:52:01,2018-04-05 16:10:49,2018-05-03,0,curitiba,PR,140.2,14.1,1.0,1.0,2200.0,18.0,20.0,22.0,7920.0
fa7350560340db860366a72e01c37687,28e7a5a8bd86ddcced4e8c761df469ce,2017-06-30 19:25:11,2017-06-30 19:43:32,2017-07-24,0,contagem,MG,260.0,21.31,1.0,1.0,3050.0,62.0,10.0,22.0,13640.0
6aa95a55a7192fafe9f44fd9dfad3523,6f9141462d41d0efaec49dc8a76a3479,2017-12-25 22:54:49,2017-12-27 04:07:42,2018-01-19,0,santo andre,SP,49.9,13.37,1.0,1.0,1650.0,30.0,22.0,30.0,19800.0
3403737b992c9f33385088e482793274,58931b4b7f3aaf9269ac4ee1c3d42e28,2018-01-06 17:39:26,2018-01-06 17:52:18,2018-01-31,0,carapicuiba,SP,89.0,13.64,1.0,1.0,1500.0,60.0,20.0,29.0,34800.0
df01064b1830e79d98304217aaccbac0,0672e3c3c00569fd0824ee72f92073a4,2018-01-29 21:54:54,2018-01-31 13:32:05,2018-02-14,0,sao paulo,SP,104.9,9.55,1.0,1.0,950.0,16.0,25.0,20.0,8000.0
c228fb80043a1ebf0ab361c676972a34,753bcbb77173dfa6ebba16f4dedc2eb2,2017-11-23 21:55:07,2017-11-23 22:06:27,2017-12-13,0,sao paulo,SP,24.5,11.85,1.0,1.0,100.0,16.0,12.0,12.0,2304.0
fade3e37b5640d2582de9aacb77f9758,7d9694032de35cf2f781e1b31b3ac923,2017-12-06 16:16:52,2017-12-06 16:32:10,2018-01-04,0,guaxupe,MG,83.5,23.38,1.0,1.0,8500.0,23.0,16.0,24.0,8832.0
00f6dbc6195397197ee147ee45607a2c,69a24d8e0de91f88acc612cb7d70dc1b,2017-05-01 17:23:57,2017-05-03 11:15:30,2017-05-25,0,jaboticabal,SP,49.9,14.52,1.0,1.0,133.0,18.0,5.0,13.0,1170.0
ccc4274862635573537b10ab2e055926,e7ba4647b3f1a9a08dcf8205ce6ad1f1,2017-10-09 15:35:13,2017-10-09 15:49:26,2017-10-31,0,teresopolis,RJ,195.9,16.12,1.0,1.0,1600.0,60.0,14.0,14.0,11760.0
1bd87f39c9bb8c699ef042b3e79ac18d,bcda0127e53e823248ef84c3f6869b78,2018-03-19 21:19:53,2018-03-21 09:48:04,2018-04-24,0,rio de janeiro,RJ,129.0,54.65,1.0,1.0,6550.0,20.0,20.0,20.0,8000.0
5590b02a48dbcd875b82f7e97c4c5ddd,d076efdb7799c038d147359520222208,2017-02-04 18:51:41,2017-02-04 19:31:42,2017-03-15,0,sao paulo,SP,94.76,29.59,1.0,1.0,1075.0,30.0,30.0,14.0,12600.0
9cd28af4a02dd368c02825e1bf9ea210,0bd2dd26ea71e853a5c95cf31a7a9c8d,2017-11-25 17:17:57,2017-11-25 17:32:26,2017-12-20,1,sao jose do vale do rio preto,RJ,139.99,57.65,1.0,1.0,10700.0,40.0,40.0,40.0,64000.0
2b6f54b1e447bf7916396c36596c4e9e,3aa168bfad024da059211a55f98f4508,2018-02-21 15:59:28,2018-02-21 16:15:45,2018-03-14,0,brasilia,DF,99.9,14.45,1.0,1.0,400.0,54.0,6.0,11.0,3564.0
900b219f880b29fe2643dfcf67b73595,30e32fe96c525e48a18f2595a273b5d2,2018-01-10 18:49:37,2018-01-10 18:58:19,2018-02-16,0,rio de janeiro,RJ,188.0,17.76,1.0,1.0,4700.0,25.0,8.0,25.0,5000.0
1b2e44e830918f5c5e04b447ba4e9060,a5a6d4a071449fd27f47387b98e3b76b,2017-10-31 00:01:18,2017-10-31 00:15:21,2017-11-08,0,sao paulo,SP,70.0,11.73,1.0,1.0,6038.0,68.0,17.0,47.0,54332.0
ab7247404a9215230d6977f0e1dfe5fb,bbab0e16e150f2c43a5250b0e586f839,2017-09-06 21:30:23,2017-09-06 21:43:44,2017-10-04,0,itamari,BA,29.0,16.79,1.0,1.0,250.0,16.0,2.0,20.0,640.0
9052586928b38e6da1b27a7a467307e2,997b756a4a3c8cb582152647c7dd57c9,2017-11-14 15:00:26,2017-11-14 15:10:45,2017-11-28,0,sorocaba,SP,13.99,7.78,1.0,1.0,50.0,16.0,5.0,11.0,880.0
ad7bbcbf26e12680c3f6a5f273235f11,e76a54bc0d393fd9e7d558e9f981e426,2017-03-31 16:21:58,2017-03-31 16:35:17,2017-05-02,0,belo horizonte,MG,159.9,19.82,1.0,1.0,1200.0,28.0,13.0,21.0,7644.0
7adfa2538df2fd9114e6b1455a904bb3,d4fb5e0c3c6784e683f2e94ef85c7708,2017-12-14 17:41:12,2017-12-16 02:36:37,2018-01-11,0,aparecida,SP,84.99,12.93,1.0,1.0,550.0,21.0,12.0,20.0,5040.0
457dbdc9e1ced1274472af8b6fd00be8,9c24c996759c0865e07e4fe69506e151,2018-01-11 12:07:15,2018-01-11 12:15:24,2018-02-20,0,porto alegre,RS,23.99,16.6,1.0,1.0,7350.0,25.0,62.0,25.0,38750.0
1c58d792be884eb5776e16738425d8cf,796e0ca56ae41eb667c3e18eba2af915,2017-08-29 10:46:21,2017-08-29 11:04:39,2017-09-26,0,contagem,MG,59.9,17.67,1.0,1.0,1550.0,30.0,22.0,30.0,19800.0
85a0537b1cab74ec5a1525c3e60c6467,46c848799c224c04ce2958810c0240c8,2017-11-23 14:40:52,2017-11-23 14:49:12,2017-12-19,0,sumare,SP,120.0,21.33,1.0,1.0,2350.0,20.0,30.0,30.0,18000.0
ad3653ed7fa95d0e6ed3c9748c66e86e,ff321454b4ea8fda58a0d3a0ab2609cb,2017-05-29 23:13:05,2017-05-29 23:25:16,2017-06-20,0,braganca paulista,SP,89.9,12.13,1.0,1.0,1825.0,53.0,10.0,40.0,21200.0
705c7fd61dcb0c54b80538158eec1f4a,0051337a96842850e1ec728dd158f4b3,2017-01-30 16:52:41,2017-02-01 04:32:28,2017-03-21,0,santa cecilia,SC,219.99,18.0,1.0,1.0,5150.0,40.0,10.0,40.0,16000.0
2de6bd1e34af702eb3e73c1047807cda,59dafb756573fabe8b9e507b2c220f69,2017-09-17 23:54:20,2017-09-18 00:50:09,2017-10-05,0,barra mansa,RJ,139.84,60.4,1.0,1.0,229.0,18.0,10.0,16.0,2880.0
5eea381f40f56777b0c400d71b850ee1,18976320a78fdd6d267719e22e7d0d1f,2017-12-30 11:37:12,2017-12-30 11:48:23,2018-02-02,0,santa maria,RS,89.9,17.88,1.0,1.0,750.0,30.0,30.0,11.0,9900.0
89875030a35679ca3bb457e3e89dd7f1,ec315ee859b4a10e3c820cd713484239,2017-10-18 13:34:39,2017-10-20 02:49:27,2017-11-13,0,chapadao do sul,MS,25.0,15.1,1.0,1.0,300.0,21.0,10.0,18.0,3780.0
42682e26483a7308854ae17e8ff408dc,079398086249945a3ef432ae14ecac00,2017-07-07 12:48:06,2017-07-07 12:55:14,2017-08-07,0,garopaba,SC,23.98,14.1,1.0,1.0,250.0,25.0,25.0,25.0,15625.0
f6810461afa54491e406413c2328e6b5,9b609c18b93afde20a1389f4882a6fe7,2018-03-25 09:49:37,2018-03-27 03:49:01,2018-04-17,1,tubarao,SC,75.0,26.61,1.0,1.0,2550.0,30.0,35.0,30.0,31500.0
66baffa0f3497a9c772b66a607bd8c11,3efb8f2e2198b482a4cb83987c2a0024,2018-02-11 19:51:24,2018-02-12 13:48:26,2018-03-14,0,londrina,PR,179.0,51.12,1.0,1.0,7650.0,20.0,20.0,20.0,8000.0
5999d0076050549364f1df892e1aeaa5,28c0c209da1b812e1f01a311024a61c5,2018-03-22 10:14:00,2018-03-23 10:08:45,2018-04-13,0,guaxupe,MG,20.89,22.93,1.0,1.0,1650.0,30.0,30.0,15.0,13500.0
4bb508ed8217864a44341f4e5e41e04e,865293243bd058d40776ed211b54174c,2017-11-25 00:29:04,2017-11-25 03:11:59,2017-12-22,0,guarulhos,SP,79.0,16.8,1.0,1.0,1167.0,18.0,17.0,23.0,7038.0
ac0b40db773fed894ef5646453a38544,788a2e681b4dda11b40f137041045bbf,2017-02-07 19:45:53,2017-02-07 19:55:20,2017-03-10,0,aracatuba,SP,65.0,14.62,1.0,1.0,1032.0,17.0,15.0,16.0,4080.0
050c064324e4ea0fd891e928b776a24a,50fa7b568bb20a89723d9e7361ea6455,2018-01-09 16:43:47,2018-01-09 16:53:49,2018-02-15,0,sao joao da barra,RJ,69.2,23.35,1.0,1.0,1575.0,26.0,21.0,23.0,12558.0
d38cfff41619a58ae9fb4bb3be5cdfa6,17eb76b7c89a006386dc854560588172,2017-06-06 21:24:23,2017-06-06 21:35:17,2017-07-04,1,marica,RJ,45.95,15.1,1.0,1.0,350.0,25.0,8.0,19.0,3800.0
f42f2fb14ae6dc794ca8024222f22539,cbf7ae8bd29c80d2aa52706ab5858a74,2017-12-15 15:13:05,2017-12-15 15:32:35,2018-01-04,0,guaruja,SP,25.0,7.78,1.0,1.0,250.0,24.0,5.0,11.0,1320.0
5f77c667e359b2c0f82926620943feb0,b90eabb7b2444e27e85d007ebd63c8a6,2018-02-23 12:38:24,2018-02-24 03:20:27,2018-03-15,0,santos,SP,53.9,13.4,1.0,1.0,1550.0,30.0,22.0,30.0,19800.0
3a1b7d917cc04f710c5afdd8fbbabe85,de1bf47c6fadd8c028c7834a6ac27a1d,2017-11-26 01:18:42,2017-11-26 01:35:18,2017-12-20,0,rio de janeiro,RJ,82.99,17.83,1.0,1.0,1450.0,34.0,12.0,40.0,16320.0
60566939937556f587e9c32e761f794b,90349bba553ae62bed5e5d3220deb5db,2017-09-12 11:38:22,2017-09-13 17:27:51,2017-10-05,1,joao pessoa,PB,325.0,23.07,1.0,1.0,400.0,34.0,4.0,22.0,2992.0
4cf27cd829748acdd11dfe19fe746e8b,585ea62b22e7805f0300e27a091c9d52,2018-02-12 22:05:11,2018-02-15 03:55:42,2018-03-12,1,aluminio,SP,139.0,16.73,1.0,1.0,900.0,22.0,15.0,20.0,6600.0
85728ab380c0bb7e1c0f5f26d1e48cd3,6634a05c21ba8cc1b041d1793dd8100a,2018-01-08 18:43:10,2018-01-08 18:54:30,2018-02-06,0,serrinha,BA,229.99,24.48,1.0,1.0,2150.0,42.0,25.0,15.0,15750.0
ba95b4f24ad0bbb40a753470c555727a,4a49dc2c0c4fb4afd6f8e9ddcd86f596,2017-11-26 19:39:49,2017-11-26 19:54:07,2017-12-18,0,taquarituba,SP,79.0,13.57,1.0,1.0,7050.0,30.0,20.0,17.0,10200.0
fc0933f59ece039ad7fd014c0464b77e,5e0f4ae7f2f6850f4a30b16c0a24a732,2017-06-01 13:40:17,2017-06-02 04:32:30,2017-06-28,0,barra da estiva,BA,224.0,34.44,1.0,1.0,8875.0,40.0,14.0,43.0,24080.0
e747b099854432937d27178c640102bf,15cd6d28330a079fcdcd23372d2930c6,2017-09-27 09:20:53,2017-09-28 03:34:20,2017-10-13,0,valinhos,SP,29.0,7.78,1.0,1.0,200.0,16.0,2.0,11.0,352.0
97d0a7726f58ed266c7501929e1ea81d,a5870c43e5dc9630238f6e1af26c5b3a,2018-01-03 22:28:58,2018-01-05 02:34:50,2018-01-26,0,santa cruz do rio pardo,SP,69.77,11.99,1.0,1.0,100.0,16.0,7.0,11.0,1232.0
acc5c9844167d3c176f5f31fb0b06bce,4ff7f668c597d7e4538c5ec4d4fe7b65,2017-11-09 17:16:38,2017-11-09 17:31:12,2017-12-01,0,osasco,SP,59.9,15.18,1.0,1.0,650.0,20.0,8.0,14.0,2240.0
fa8ba64335831e92f3a3866f8fdc9e56,d76d31867325831b69004537e58f7e2f,2017-11-24 18:28:18,2017-11-24 21:37:47,2017-12-14,0,rio de janeiro,RJ,599.9,17.08,1.0,1.0,925.0,20.0,41.0,15.0,12300.0
26343f9d74c00cf82b588331730367e9,0d47b685e9e483c338f38fac97429145,2017-08-23 18:46:17,2017-08-23 19:05:42,2017-09-05,0,nova odessa,SP,185.0,23.88,1.0,1.0,7003.0,52.0,30.0,46.0,71760.0
9bdc4d4c71aa1de4606060929dee888c,a7693fba2ff9583c78751f2b66ecab9d,2018-02-21 11:45:07,2018-02-22 11:48:42,2018-03-07,0,indaiatuba,SP,419.85999999999996,108.92,1.0,1.0,300.0,20.0,20.0,13.0,5200.0
4e2451cb6e8ca4428c8f7e305bbfbbea,f660f1eb95ba1b9b20451d71725efc67,2017-08-07 09:55:21,2017-08-07 10:10:14,2017-08-31,0,serra,ES,59.9,17.67,1.0,1.0,10600.0,78.0,4.0,47.0,14664.0
c304f3e442b44b23d4623712988c3734,6c57ea1c63351b81d80f31330c6ca6a8,2017-09-02 09:31:14,2017-09-02 09:45:13,2017-09-26,0,rio de janeiro,RJ,65.0,16.89,1.0,1.0,1032.0,17.0,15.0,16.0,4080.0
4af03386addb99dc44451b81b470a609,58e1ef40232ef2763c4a770d2cff4b49,2018-03-09 11:32:48,2018-03-09 11:55:44,2018-03-21,0,sao bernardo do campo,SP,29.99,8.64,1.0,1.0,250.0,16.0,5.0,20.0,1600.0
e3f8abc096c0c9e9ed6ad825641971ec,62f0085d64cec3690ecb29ab182952d4,2017-11-09 18:53:35,2017-11-09 19:07:20,2017-12-01,0,guarulhos,SP,109.9,14.5,1.0,1.0,9400.0,75.0,15.0,50.0,56250.0
3c3df3dd2afaabb39a53131f9ce98116,e943fd415548e057fd54798f8c6b49fb,2018-01-25 14:52:00,2018-01-25 15:09:44,2018-02-19,0,vargem grande do sul,SP,,,,,,,,,
111cad04d7595482f30e12764539fcbc,9318d7ebeca20debca17481db66bfe65,2018-04-06 18:14:21,2018-04-06 18:29:20,2018-04-23,0,osasco,SP,13.99,7.39,1.0,1.0,200.0,26.0,18.0,11.0,5148.0
1be274b004c97a574419e7d7caeebdbf,100e7030e29e676a2266d7b3996ac4f9,2017-08-20 19:28:57,2017-08-20 19:45:13,2017-09-28,0,salvador,BA,849.9,37.47,1.0,1.0,30000.0,30.0,88.0,22.0,58080.0
a0b44209913b27635b5d9813244b7f87,a1c66b94797658e934a9fdc38ccd2106,2017-11-25 10:49:51,2017-11-25 11:10:30,2017-12-19,0,araxa,MG,71.69999999999999,45.28,2.0,2.0,306.6666666666667,80.66666666666667,14.666666666666666,21.0,24845.333333333332
942ca92b6dd15a40d979cc95c6b8c761,433f70f1d652d249dd045f7922c5169c,2017-09-12 18:03:22,2017-09-13 03:30:13,2017-10-03,0,sao paulo,SP,83.48,12.08,1.0,1.0,200.0,16.0,14.0,16.0,3584.0
923e0c030350975afcfa4ffbc70c0146,30499bd0b4374d37074cfabc399c9f85,2017-04-29 20:51:41,2017-04-29 21:05:17,2017-05-23,0,contagem,MG,39.9,10.96,1.0,1.0,150.0,16.0,9.0,11.0,1584.0
6925682cc441a2514cd15f7f17ece7b2,0f067484e64242cf92f86c358300fc97,2017-05-24 14:10:06,2017-05-24 14:22:56,2017-06-13,0,sao luis do paraitinga,SP,669.0,17.02,1.0,1.0,485.0,18.0,12.0,15.0,3240.0
6ef7236f77012f10ce40fccc912d7f4f,47f220b95a6c2d2c582794485465a9cf,2018-01-15 09:33:37,2018-01-15 09:50:00,2018-02-05,0,jau,SP,816.9,17.22,1.0,1.0,536.0,20.0,13.0,18.0,4680.0
9b284089759cd14dac2d44b34b985990,ffe509f377a33554f5a677dcd83e669e,2017-12-27 17:38:31,2017-12-28 02:35:54,2018-01-24,0,apucarana,PR,190.0,21.82,1.0,1.0,1350.0,30.0,20.0,20.0,12000.0
a50966cf1b4f30449fcd368e0041af99,085b2a422d36a53c027062f47b3b5238,2017-11-13 00:37:15,2017-11-13 00:46:48,2017-12-05,0,recife,PE,299.9,22.9,1.0,1.0,188.0,22.0,12.0,21.0,5544.0
ead37570583efe55df28edc4f2470bd2,c9dbe3e1a4c214c3108f070b12699783,2017-03-26 17:12:37,2017-03-28 03:50:24,2017-04-20,0,santa maria,RS,137.98,17.81,1.0,1.0,300.0,30.0,15.0,30.0,13500.0
70cd45f4715c8840b197efee2b9d533c,af990140f8d86900f33c6d996b9eeae4,2017-10-31 23:50:58,2017-11-01 00:05:57,2017-12-04,0,fortaleza,CE,135.98,33.36,1.0,1.0,900.0,71.0,13.0,11.0,10153.0
65c96731ae030b052acda14e142e2a3f,9559221419cf73261de39b024545b1b3,2018-02-26 14:21:09,2018-02-26 14:35:30,2018-03-22,1,rio de janeiro,RJ,135.0,18.2,1.0,1.0,1600.0,30.0,30.0,35.0,31500.0
57c18f4284e896f80e8b81086c4f95ef,fbfdd7fe2c8685586b7e44a2970d0727,2018-02-01 06:55:18,2018-02-01 07:10:39,2018-02-19,0,sao paulo,SP,29.9,8.11,1.0,1.0,250.0,16.0,5.0,15.0,1200.0
08f016204423b6b70f37abfa64ecbc64,fd0155e73e71f879a2079171afacc7c8,2017-05-27 01:55:51,2017-05-27 02:10:15,2017-06-19,0,itanhaem,SP,176.9,19.13,1.0,1.0,5150.0,60.0,12.0,60.0,43200.0
e57742f8afd4fa79d5d6b11a85f9c64f,9cc370519577c55b9dfa3641b59df63a,2018-03-24 04:55:49,2018-03-24 11:48:06,2018-04-17,0,campo belo,MG,57.6,19.37,1.0,1.0,1050.0,26.0,40.0,20.0,20800.0
e3f172aaf1f60065be92d36fc71fab65,7d622173e13aab026b87c0cb81c16ab6,2017-07-29 15:52:10,2017-07-29 16:05:48,2017-08-22,0,belo horizonte,MG,89.9,15.38,1.0,1.0,1383.0,50.0,10.0,40.0,20000.0
b2a9ead363294c50ba001adc7b811756,91afedb8e47673f4190946478dcb74c2,2017-04-19 16:38:00,2017-04-19 16:45:15,2017-05-15,0,rio de janeiro,RJ,29.9,16.05,1.0,1.0,365.0,20.0,10.0,20.0,4000.0
de043cb17ef1ed9caf701f28478dfdfb,de896fd50d3dc50189c151961744b66c,2017-11-14 22:54:31,2017-11-14 23:06:33,2017-12-04,0,taubate,SP,9.9,11.85,1.0,1.0,121.0,17.0,4.0,16.0,1088.0
88298d252bed01a2c1f80676edc1d2b9,c8c205b130f46434844534e728a14046,2017-11-25 19:45:05,2017-11-27 19:56:55,2017-12-20,1,paracatu,MG,144.99,18.26,1.0,1.0,1050.0,36.0,24.0,22.0,19008.0
7ffcf0c67ae44cd430cf6dae850cb79b,a0000ce2fe61df5f6fbf6d47eecef0b4,2017-07-10 23:18:33,2017-07-10 23:30:13,2017-08-08,0,porto alegre,RS,29.99,14.1,1.0,1.0,225.0,19.0,27.0,27.0,13851.0
6af0669bfc3cbdfbc6559919441da2e8,899d314e0ceb5d259c42293077eb5102,2017-11-23 21:41:25,2017-11-23 22:12:35,2017-12-14,0,sao vicente,SP,29.0,16.79,1.0,1.0,200.0,16.0,8.0,14.0,1792.0
ed6d45b167eb69d46908edf490f396b1,719c87a4b983b44744b888450aad4093,2018-01-05 09:38:46,2018-01-05 09:48:24,2018-01-26,0,natal,RN,34.0,8.27,1.0,1.0,300.0,30.0,2.0,25.0,1500.0
1da92dd75ffc36cc14317d51cabcc67e,02fa11df400d8458c3bfe07f7273c894,2017-10-06 16:57:08,2017-10-06 17:14:11,2017-10-31,0,rio de janeiro,RJ,95.98,32.22,1.0,1.0,650.0,20.0,16.0,20.0,6400.0
e2da042c42ce790c81ef3a9f666a92b6,cec841303d49ca5ab4756e8fee1fc554,2017-12-21 16:15:32,2017-12-21 16:30:09,2018-01-31,0,cachoeira do sul,RS,79.0,17.8,1.0,1.0,7000.0,60.0,20.0,30.0,36000.0
0267556bb9e07f6184470cf755f5b5da,aae14cc68c254aa377d8a2139e3c7c72,2017-05-06 22:56:18,2017-05-06 23:10:09,2017-06-02,0,sao goncalo,RJ,74.9,16.96,1.0,1.0,233.0,17.0,10.0,19.0,3230.0
621072862bc6de6626af8ce049533638,6ea7c557e13c73169ee461b123bc254c,2017-12-03 16:05:02,2017-12-03 16:15:29,2017-12-28,0,guarulhos,SP,10.95,17.63,1.0,1.0,100.0,28.0,10.0,24.0,6720.0
5c7ec55f4ff082a66c4ed58a2634af16,34fd70c1a2c8eb090994690ff3cfdd0c,2017-11-24 22:38:15,2017-11-28 03:33:09,2017-12-11,1,sao paulo,SP,32.99,9.34,1.0,1.0,950.0,20.0,35.0,20.0,14000.0
2b4cbb171fffb2fac96f67bc9425ad55,1c6e766d755506bb1e7a7dfc0fe44bea,2018-01-02 15:06:02,2018-01-02 15:16:24,2018-01-18,0,sao paulo,SP,55.49,9.94,1.0,1.0,850.0,22.0,17.0,17.0,6358.0
aaeaacef40234696ca54078fe46acd5a,6343ffafd1f78f6c90bc1a81c2fe1175,2018-03-02 12:59:08,2018-03-02 13:40:22,2018-03-20,0,cafelandia,SP,94.9,13.0,1.0,1.0,700.0,43.0,16.0,27.0,18576.0
cceef4fb6d7807d091651d4f6bd0502e,cdd203a140fbf5320bd06b0aa17aba3b,2018-02-17 17:39:00,2018-02-20 07:06:53,2018-03-19,0,sao paulo,SP,84.0,12.72,1.0,1.0,180.0,17.0,10.0,13.0,2210.0
f939e05d2451cd2ababeb205da768278,6755d9a5c01a3b3fd35c84dc0601ea3f,2017-12-31 13:42:22,2017-12-31 13:50:22,2018-01-30,0,luizlandia do oeste,MG,24.99,15.1,1.0,1.0,250.0,17.0,4.0,12.0,816.0
d9b0d609decccee6466fb61adbc03f3d,a93ecb25af3098a03757b08506516a7d,2017-11-12 19:15:22,2017-11-12 19:30:25,2017-12-04,0,brasilia,DF,21.99,14.1,1.0,1.0,150.0,19.0,4.0,11.0,836.0
879789a8903f3f832bf5ab0417ea3a31,6a8ab1cd5158c7451562253ad39e8eda,2017-07-26 18:55:40,2017-07-26 19:10:14,2017-08-25,0,sao luiz gonzaga,RS,159.94,38.96,1.0,1.0,14925.0,53.0,54.0,18.0,51516.0
184097b43d72bf0d851d9b82e3164c6b,7b821c645166a6c605f622bc92cb4864,2018-01-29 18:40:59,2018-01-29 18:55:24,2018-02-14,0,sao paulo,SP,49.0,9.27,1.0,1.0,250.0,18.0,3.0,28.0,1512.0
76c2392adf98db7d40886a6b4a584bd3,76c0fa129e051872153968790fd8b635,2017-09-18 13:26:47,2017-09-18 13:35:20,2017-10-09,0,porteirinha,MG,42.0,17.6,1.0,1.0,6850.0,30.0,30.0,30.0,27000.0
084ba8afde2ae7dcc7610239f97b7d43,5d1f4036c008db431004d390d7920638,2018-03-12 14:56:44,2018-03-12 15:10:30,2018-04-05,0,sao jose dos campos,SP,435.19,20.93,1.0,1.0,200.0,17.0,7.0,17.0,2023.0
18937b40506fdcbd3016fa5dea59cbd5,cad00c68174433c042bd102e1dcdc31f,2017-05-22 21:06:38,2017-05-22 22:10:19,2017-06-14,0,mogi das cruzes,SP,139.9,29.77,1.0,1.0,9900.0,56.0,36.0,37.0,74592.0
0a2c8538b97333899a075ae94b85b037,7224fe0e862b9561bca105d385baccca,2018-03-12 11:37:48,2018-03-14 02:55:38,2018-03-22,0,guaruja,SP,280.0,24.28,1.0,1.0,9450.0,85.0,10.0,33.0,28050.0
ab23407c84b934f452124bc5b5453123,e22c4672d1f7767da4ef71549feff7c8,2017-11-28 15:10:53,2017-11-28 15:19:38,2017-12-19,1,rio de janeiro,RJ,79.0,18.79,1.0,1.0,1644.0,16.0,19.0,16.0,4864.0
1968d312d61f3cd40b17ca0846ae3e90,8d397f2b636a37d80fe6a2c327cc7d43,2017-05-14 20:24:01,2017-05-14 20:35:13,2017-06-14,0,crateus,CE,99.99,27.24,1.0,1.0,1200.0,42.0,25.0,15.0,15750.0
30028e2a89c8feb5f30ce00c5f3f2cf3,c039ce7bf9765930a077d3a0c2d0dacd,2018-03-10 16:15:40,2018-03-10 17:27:56,2018-04-02,0,goiania,GO,144.99,18.59,1.0,1.0,1050.0,36.0,24.0,22.0,19008.0
dd1bd072c709a5e654fd047560eba5aa,71b5cbb958bd657c21d085a0d8d93ed4,2017-08-22 22:37:13,2017-08-22 23:06:54,2017-09-15,0,ipatinga,MG,15.0,15.1,1.0,1.0,250.0,30.0,20.0,32.0,19200.0
00bd8cf08fa3998ea6ad6d16c2165822,03e0ca8ff692a46af071866422dded4c,2017-12-01 10:47:44,2017-12-01 11:31:16,2017-12-26,0,tocantins,MG,21.8,12.48,1.0,1.0,400.0,16.0,17.0,11.0,2992.0
e936ad2dc09aa59fa1d6647ee72f1ead,74a7d1d3922d5c9d87683edf0be614f6,2017-11-09 10:22:36,2017-11-11 03:10:42,2017-11-23,0,santo andre,SP,299.9,42.05,1.0,1.0,22350.0,32.0,74.0,53.0,125504.0
e2a34138116519cb702c72c12aeb99fc,1976d7f092d9e30dc6f65e2b890f67f5,2018-04-04 14:19:07,2018-04-04 15:30:20,2018-05-02,0,itueta,MG,278.99,42.42,2.0,2.0,2050.0,30.5,12.5,25.5,9721.875
e26e9f6ac81aba6e29fb44def001d695,254b177b6a8e7c54a3216c70c77453d4,2017-06-23 04:46:53,2017-06-23 05:03:06,2017-07-27,0,rio branco,AC,25.99,25.38,1.0,1.0,150.0,18.0,4.0,16.0,1152.0
6182a6a2883cf658f3a1988d3b962361,4529b4ef395aedf9efb99f2e529742b4,2017-11-24 00:23:23,2017-11-24 00:56:42,2017-12-27,0,sao paulo,SP,310.0,16.92,1.0,1.0,400.0,16.0,18.0,11.0,3168.0
75ac904a1ba87fab8d6d93751d68ddb1,9c033575d6b8818ce82640aa5674494c,2017-10-20 22:02:06,2017-10-20 22:14:22,2017-11-21,0,fernandopolis,SP,96.5,14.41,1.0,1.0,1350.0,41.0,10.0,35.0,14350.0
8ff6ced519949488b47afc0e5af711f7,c2a1dac9fa3a12d8b2366fa901f0459a,2018-03-23 13:54:56,2018-03-23 14:15:29,2018-04-18,0,recife,PE,190.0,36.56,1.0,1.0,4700.0,35.0,25.0,25.0,21875.0
3b2ed015a009d565797abd448a431da5,ff1aa5b5c7890d273cc15e9ab91393d2,2018-01-26 20:15:00,2018-01-27 02:40:14,2018-03-01,0,sao paulo,SP,499.0,20.74,1.0,1.0,1450.0,24.0,24.0,24.0,13824.0
a7c94ed332c0c561f69399316f9eca6d,bbf97a03667b4f6f728bd541f565e342,2018-03-20 07:33:21,2018-03-20 07:47:36,2018-04-11,1,valenca,RJ,31.9,19.32,1.0,1.0,600.0,26.0,2.0,20.0,1040.0
46c5390f7670fb920f4ae9475c41cc5b,dcdbef6bf82b96189946e4eeea97cf24,2017-11-21 09:24:21,2017-11-23 02:47:32,2017-12-08,0,curitiba,PR,18.8,14.1,1.0,1.0,300.0,21.0,10.0,18.0,3780.0
bdbc09409e30b5ab9defc74def1e58d3,a935ffdd253b64c93207ca2419e6f95f,2017-05-06 20:57:08,2017-05-06 21:10:09,2017-06-02,1,sao goncalo,RJ,28.7,16.79,1.0,1.0,550.0,16.0,2.0,11.0,352.0
e5507d205012f77887831308321ac9e3,53b5ac878e3b5f8a94af4dfe5cf6e8b8,2017-11-24 23:49:30,2017-11-25 02:38:20,2017-12-22,0,novo hamburgo,RS,194.9,18.61,1.0,1.0,1600.0,80.0,20.0,25.0,40000.0
fff7c4452f050315db1b3f24d9df5fcd,dec8952e97ef6124259c56914fb3569c,2017-06-01 16:53:03,2017-06-01 17:05:23,2017-06-26,0,volta redonda,RJ,736.0,20.91,1.0,1.0,400.0,19.0,9.0,15.0,2565.0
d1b501557cbea543fbaeba346ba6ca8d,662906073a9bafaa8a9c671c1112857a,2017-12-24 13:25:02,2017-12-27 04:07:45,2018-01-15,0,sao paulo,SP,25.9,8.72,1.0,1.0,150.0,43.0,16.0,27.0,18576.0
643e340c6c562d108526c36d5a94c027,d268eb5ab77b7f0837b538ea3856884a,2017-12-05 20:11:04,2017-12-05 20:18:24,2018-01-05,1,joao pessoa,PB,139.0,30.5,1.0,1.0,5400.0,20.0,60.0,50.0,60000.0
b7077d240d1449882a2aa143b428b8b2,db41b8d7ff23d40f4002903e0109a136,2017-10-19 12:50:23,2017-10-21 03:07:34,2017-11-08,0,curitiba,PR,48.9,16.6,1.0,1.0,1650.0,30.0,4.0,30.0,3600.0
e5ea36284ceebc6c0ee38a30f70e357a,35f09e03979308b23060cf03c2006373,2017-10-14 22:26:22,2017-10-14 22:35:24,2017-11-09,0,porto alegre,RS,29.0,14.1,1.0,1.0,250.0,16.0,2.0,20.0,640.0
bebb91d877e74fcb3c9b0cf03d7f6e4e,85a686a0ab11d3e40ea19dbe75a457fb,2017-08-03 15:28:47,2017-08-04 02:15:13,2017-08-28,0,saquarema,RJ,38.9,16.11,1.0,1.0,500.0,25.0,38.0,30.0,28500.0
f7f27a0b991c58f8f3287801b9b26802,2a7b15aee777934aec99a1046e8f13aa,2017-06-28 02:56:16,2017-06-28 03:10:12,2017-07-20,0,rio de janeiro,RJ,46.9,16.6,1.0,1.0,1300.0,30.0,5.0,22.0,3300.0
6bf14ce96e0c6026fe21f80a498bb446,82ccacbefc4bf6143a989f42785134b4,2017-11-24 14:18:01,2017-11-24 16:32:20,2017-12-27,1,sao joao de meriti,RJ,559.0,41.43,1.0,1.0,17600.0,49.0,49.0,23.0,55223.0
7ec6021176941588f1d92734b1b35cce,ea43222bd95135bcbbd7359921c793b1,2017-08-04 15:12:56,2017-08-04 15:30:19,2017-08-28,0,rio de janeiro,RJ,339.9,16.13,1.0,1.0,400.0,16.0,11.0,20.0,3520.0
50cfface6cf1a49abc9e3aeb6f13d995,e7b1f02127057dc98b5871162ee066fb,2017-08-21 10:30:19,2017-08-21 11:04:38,2017-09-11,0,guarulhos,SP,59.55,13.44,1.0,1.0,950.0,31.0,11.0,26.0,8866.0
b3e1af57e0cb89557abec0fd31d47c37,e1082da721695c572e703381e22ddb91,2018-01-10 18:34:03,2018-01-10 18:48:38,2018-02-05,0,novo hamburgo,RS,33.9,15.11,1.0,1.0,613.0,26.0,15.0,21.0,8190.0
6bb6e95feeb71b908320267ca30d6bcb,cb67d30fd05843c145ebfa22c1bfe3fe,2018-02-05 14:02:26,2018-02-05 14:15:31,2018-03-09,0,santa luzia,MA,67.7,35.79,1.0,1.0,700.0,22.0,6.0,11.0,1452.0
5c69ba235cf7367ca4d4c38d8492ffc3,8e0d53f24ac9d60553a339b27c9276e2,2017-12-03 23:51:39,2017-12-04 00:01:26,2017-12-20,0,sao paulo,SP,16.9,7.78,1.0,1.0,50.0,16.0,5.0,11.0,880.0
113a4f0ccb14984c0e48ae43a43d0214,e0971b72a2d7a7d471ea3122bbccf9a5,2017-05-20 09:12:14,2017-05-23 04:22:36,2017-06-02,0,diadema,SP,94.9,7.92,1.0,1.0,400.0,17.0,10.0,12.0,2040.0
3f2319ebb0d43c639d1f768216d5edf7,9c119140512ebdd0f4702dafb7c4258b,2017-11-08 00:46:50,2017-11-08 01:26:30,2017-12-06,0,porto alegre,RS,99.9,21.19,1.0,1.0,1825.0,44.0,14.0,34.0,20944.0
ff2a353ee8dfd97ba95c73cca4ed2636,1de2c9cd88fa2491be39710a830eedc4,2018-01-23 23:20:35,2018-01-23 23:34:03,2018-02-15,0,rio de janeiro,RJ,79.99,31.71,2.0,2.0,375.0,35.0,12.0,32.0,13440.0
a543320aceee9be9a814f4808aacaf3f,725ab1386add4f257ae6b635da68daa5,2017-11-12 01:39:16,2017-11-12 01:51:08,2017-12-13,0,sao leopoldo,RS,109.0,18.01,1.0,1.0,6550.0,38.0,30.0,28.0,31920.0
d0e25f97b5c712b13e725c274a17f44c,3cbc10c378a99a32e776a9f5798ddc2e,2017-10-17 20:16:38,2017-10-18 20:26:21,2017-11-13,0,almirante tamandare,PR,115.0,27.13,1.0,1.0,5700.0,97.0,3.0,47.0,13677.0
91d3db538cfff9a4f1cd5d5ad9481b05,93398976408677d44139e085d01c41a3,2018-02-01 16:32:15,2018-02-01 16:57:04,2018-02-19,0,sao paulo,SP,16.9,8.72,1.0,1.0,600.0,16.0,24.0,22.0,8448.0
c1e01caa64164c2b4c54633ef42d032b,ea9d1a8e7a07a876deed9c4a822df5da,2017-03-24 22:00:38,2017-03-25 02:15:16,2017-04-17,0,sao paulo,SP,169.9,22.66,1.0,1.0,3000.0,33.0,12.0,34.0,13464.0
461db8ff8e4b904c586c0547afe2b8fd,e4e92c8f4fd945a7c43fe7c78e643218,2017-07-19 08:32:57,2017-07-19 08:45:13,2017-08-10,0,rio de janeiro,RJ,179.94,28.62,1.0,1.0,5350.0,16.0,50.0,40.0,32000.0
b6cc6c3ee09a6542d7cb6fa9a4e13a9f,112bade7b7b461df9734fb6fa2ec6b2e,2018-01-03 14:24:39,2018-01-03 14:31:31,2018-01-19,0,sao paulo,SP,18.9,7.78,1.0,1.0,200.0,25.0,7.0,16.0,2800.0
387d6eb2681cc0d53bf68df6845a729a,a32a92d1ce4dbb02613186c1bb03a16f,2017-02-11 16:52:47,2017-02-11 17:05:13,2017-03-14,0,porto alegre,RS,159.9,16.33,1.0,1.0,1200.0,28.0,13.0,21.0,7644.0
2d3ae8314361346376456addbeb7e5ed,99895a9b5ea7a5e7b2bd960ade35f89a,2018-02-12 11:28:47,2018-02-12 12:28:03,2018-03-15,0,jardinopolis,SP,92.0,17.0,1.0,1.0,1550.0,44.0,14.0,34.0,20944.0
8f6d0c386da6a68373cf241e092c7331,4062224126cdccbd9ecdafa4b41b4e45,2017-08-04 17:42:38,2017-08-08 04:40:07,2017-09-01,0,bento goncalves,RS,254.9,16.53,1.0,1.0,300.0,16.0,4.0,20.0,1280.0
732cc391e9ed0eb247bc25c02a19af0e,423f4e3813558c94cb405a508fc9467d,2017-11-24 16:39:08,2017-11-24 20:32:48,2017-12-08,0,sao paulo,SP,369.98,24.98,2.0,1.0,1200.0,84.0,4.5,15.0,5670.0
49bd813b3976d7df68484922185f646d,1e963b5f838512cd33a77e603b7098fe,2017-07-04 07:43:46,2017-07-05 07:43:39,2017-08-07,0,joao pessoa,PB,144.9,43.42,1.0,1.0,8750.0,50.0,8.0,45.0,18000.0
c0a5ad81be45e1a04365870aab5cfb4f,1bb9aec4f2cee2853d9083e747f00db4,2017-09-26 12:57:49,2017-09-27 02:49:14,2017-10-11,0,florianopolis,SC,320.0,11.66,1.0,1.0,8225.0,40.0,19.0,36.0,27360.0
3e05465a5e1bf9c38832ed79a795e04c,d78b10aa6001a8a94c47d2ab0d8291c3,2017-05-23 12:55:16,2017-05-23 13:10:18,2017-06-14,0,sao paulo,SP,40.0,28.2,1.0,1.0,500.0,20.0,7.0,20.0,2800.0
8f6d779c78b777b6e9c03cd848b87acd,5e268a2b106c3c6a1e57dbcaa12a4013,2017-09-15 17:15:08,2017-09-15 17:30:30,2017-10-16,0,gandu,BA,58.9,35.73,1.0,1.0,600.0,25.0,6.0,24.0,3600.0
47c3922747c2990080644decd9ab23c4,e8e957a7fcefa603bbdca0f5a33db8e5,2018-01-21 14:07:05,2018-01-22 13:50:42,2018-02-19,0,florianopolis,SC,56.99,16.16,1.0,1.0,850.0,25.0,18.0,40.0,18000.0
a230831f141fb1ecd55fad0ccf993ee6,b5ee7c7591fdcbe0ae67b9b4cd18ba8f,2018-01-14 17:09:25,2018-01-14 17:17:38,2018-02-19,0,governador valadares,MG,278.0,34.82,1.0,1.0,467.0,22.0,34.0,21.0,15708.0
ea9c6e10bc27bfe0cf86e4cda482979a,45a1e42954c59f20f1107ddb8c3f1de1,2017-10-17 14:10:06,2017-10-17 14:32:12,2017-11-08,0,ponte nova,MG,499.0,26.05,1.0,1.0,8400.0,25.0,23.0,37.0,21275.0
2f4cdf6f142e65ba622a85fd90b8c3a8,3339e961a42d66ab7c01613b22d6e943,2018-03-29 17:50:53,2018-03-29 18:08:35,2018-04-23,0,brasilia,DF,149.9,25.18,1.0,1.0,533.0,22.0,11.0,20.0,4840.0
2112e59b69d2f316f9fe16796ca0db5e,d5cca9a06792efce47d8a9aaf94446ec,2017-07-02 00:25:04,2017-07-02 00:35:15,2017-07-14,0,rio de janeiro,RJ,89.9,8.04,1.0,1.0,200.0,19.0,11.0,15.0,3135.0
8a73d5c259820a920b0a1bdd8dbaa6af,d9cc456ec33e4fd2894879a6c285c37e,2018-03-09 11:12:29,2018-03-09 11:29:48,2018-04-02,1,sao francisco,MG,29.99,18.23,1.0,1.0,250.0,16.0,5.0,20.0,1600.0
c701c8464f3e67c08ab16e0e972f303e,19f4e983f8f05b7de16670f8a0cf0ac7,2018-01-20 17:36:26,2018-01-22 13:55:07,2018-02-19,0,taquarituba,SP,56.99,11.9,1.0,1.0,250.0,20.0,8.0,21.0,3360.0
20b6d93cb808407fbfa6438a2582538c,9ba5995f589c7b34e63b60f5c5636a89,2017-05-20 17:52:48,2017-05-20 18:05:36,2017-06-02,0,sao jose dos campos,SP,99.99,9.51,1.0,1.0,1200.0,42.0,25.0,15.0,15750.0
7159096c5aa9be77f7f0c26c01ee9793,d8f3aacf5cf5ddf9ceef4ad39e874c98,2018-03-15 10:06:35,2018-03-15 10:29:39,2018-04-06,0,campo grande,MS,,,,,,,,,
684efbf26d410566cf8506a4ab01bdab,62c11d5a0b49aaf81297d26b0bd9fb8f,2017-09-26 19:30:58,2017-09-26 19:49:13,2017-10-20,0,cariacica,ES,56.99,14.15,1.0,1.0,400.0,18.0,11.0,20.0,3960.0
fb8691657006882157a1c0c0f380a585,51edd3e2ce3240854fe38ea1a71883e1,2017-10-14 17:07:44,2017-10-14 17:24:23,2017-11-06,0,vila velha,ES,299.0,21.58,1.0,1.0,1582.0,31.0,31.0,35.0,33635.0
30e608f69bcd3b2758cc9f28c8af087f,7f10cfc70e5b4e8c9910f6d294d4bee1,2018-02-13 12:21:14,2018-02-13 13:28:02,2018-03-12,0,niteroi,RJ,84.0,17.03,1.0,1.0,167.0,16.0,11.0,15.0,2640.0
7aec44a29db806091272db5aeb0007d4,b1cab246c245455519a3cd45d8d5b3da,2018-03-15 19:54:03,2018-03-15 20:08:26,2018-04-13,0,sao vicente,SP,35.7,54.69,1.0,1.0,200.0,24.0,18.0,18.0,7776.0
5297d2383ed2427349be6b01e151ddf7,af9b97ed135fd52d2ada64faf8a659a5,2018-02-07 09:24:28,2018-02-07 09:35:34,2018-03-08,0,salvador,BA,49.99,16.92,1.0,1.0,900.0,40.0,20.0,30.0,24000.0
8b109a282174ec781c7c0793eda8be06,bd4f8a3189df658a5278e99ce0d6e94d,2018-03-16 10:33:10,2018-03-16 10:49:00,2018-04-12,0,santa maria,RS,89.9,18.51,1.0,1.0,650.0,16.0,4.0,11.0,704.0
c4f5504eb498132dfe82275f26005459,979a8aa060214efede0c9c0ee7915325,2018-03-19 16:47:59,2018-03-19 17:09:48,2018-04-16,0,barra do garcas,MT,152.0,27.79,1.0,1.0,1200.0,30.0,20.0,20.0,12000.0
1e4ba03d696d7e2a105b4f5d5d68ba5b,f1913159750548eb81dca4b69fbd5e0c,2017-11-23 15:21:55,2017-11-23 15:33:00,2017-12-20,0,recife,PE,139.99,19.52,1.0,1.0,700.0,44.0,12.0,22.0,11616.0
11553350b61a44e1a53b118b920e2e3c,971d3c042d4f75a7dca4383881b21072,2017-04-28 21:32:25,2017-04-28 21:45:08,2017-05-22,1,campinas,SP,39.9,10.96,1.0,1.0,200.0,16.0,8.0,11.0,1408.0
22d62716773a7a0f7e8f98b15087ae22,dbdbb27ba991f2961a775386820753c5,2017-03-23 16:28:26,2017-03-25 02:34:20,2017-05-02,0,santa luzia,MG,27.8,29.04,1.0,1.0,250.0,40.0,4.0,30.0,4800.0
2f1190c795ae566cafa5e988601a84b7,f785a4fc69eb2ba079b0076cd0cfa5a9,2017-08-31 07:31:06,2017-08-31 07:44:00,2017-09-19,0,barretos,SP,3.99,11.85,1.0,1.0,150.0,17.0,3.0,12.0,612.0
45b888816ea926cda441a7e65e7c1b9f,5c6883845330d5c96c5447279c330b41,2017-11-28 13:17:30,2017-11-29 02:21:32,2017-12-22,0,cardoso,SP,235.9,35.45,1.0,1.0,450.0,17.0,3.0,11.0,561.0
b4abb149fb1b128bbd21db842a86e891,18c600236647ceb2919a8f9adc3ab76f,2017-09-11 11:48:37,2017-09-11 12:05:25,2017-10-06,0,itapira,SP,63.84,30.2,1.0,1.0,800.0,30.0,40.0,30.0,36000.0
f964282723f7e8deef2e3054f5f790d4,f1c8bca25ab72158e4721761b51d7256,2018-03-23 17:45:48,2018-03-23 17:55:26,2018-05-02,0,gouveia,MG,296.98,154.15,2.0,1.0,9366.5,77.0,54.5,25.5,107010.75
c10ff28c81d0b9bd2a265bb0836c8b0c,05535d34af5324aaf6988e1d890a0d6e,2017-10-05 05:23:47,2017-10-05 06:21:20,2017-10-30,0,sao paulo,SP,60.0,16.67,1.0,1.0,850.0,30.0,20.0,30.0,18000.0
a8f2b9f64cddf499563efdb804537781,ff1ccb6180f6464516836891ce1f2ca1,2018-02-23 12:58:28,2018-02-23 13:15:39,2018-03-21,0,piracicaba,SP,149.9,13.18,1.0,1.0,200.0,21.0,14.0,15.0,4410.0
0fe8b4edfb85dd0eb662345e71b30378,4ae24933ab2c07bc898c41418910a9ce,2017-12-27 14:29:52,2017-12-27 14:48:47,2018-01-26,0,joinville,SC,39.9,16.11,1.0,1.0,750.0,101.0,15.0,15.0,22725.0
faad6ca77667506aa6ca0fcb8a85e1c2,15f0a9d284218264647a2317760f06b6,2017-11-22 12:40:24,2017-11-22 12:48:58,2017-12-18,0,fernando prestes,SP,149.9,23.92,1.0,1.0,2233.0,16.0,13.0,10.0,2080.0
a60a341474b10163591c7c089b348584,7b19ed27fa54710bbf4ecc1c5747a9bd,2018-03-19 19:42:46,2018-03-19 19:55:38,2018-04-09,0,alvorada,RS,49.9,22.93,1.0,1.0,1200.0,25.0,20.0,20.0,10000.0
07bfea8893b7262f7d61cfb2068b12c3,5ff12b5d7429e2bfde8594ee4ebf0ab0,2018-03-07 09:55:02,2018-03-07 10:40:24,2018-03-28,1,miguel pereira,RJ,29.98,18.23,1.0,1.0,250.0,17.0,7.0,13.0,1547.0
f6cf8d4fd766fb0bd2d664fbbc94e9b7,e99710ea43d809eeed53ce8abdfadd7c,2018-03-24 10:16:33,2018-03-24 11:28:40,2018-04-13,1,praia grande,SP,359.9,20.4,1.0,1.0,552.0,23.0,14.0,19.0,6118.0
04db86e3493b3724ac4bd3c9a397e23c,ad1e6b608a4dca0dd25bf862939cf3aa,2017-08-28 12:12:38,2017-08-30 02:15:23,2017-09-14,0,sao jose do rio preto,SP,86.69999999999999,35.55,1.0,1.0,266.0,28.0,5.0,16.0,2240.0
143c703ed417ebaa64077dcdc2c820a9,2741ad6328c6501b09950d15a0590167,2017-03-27 17:11:10,2017-03-27 17:25:14,2017-04-24,0,sao paulo,SP,34.99,8.72,1.0,1.0,100.0,19.0,4.0,11.0,836.0
e6e4c9655778e65e9552db273eff3852,1cfbebf382876a6c3600d143776e8dff,2017-08-12 16:59:16,2017-08-12 17:15:10,2017-09-05,0,atibaia,SP,550.0,70.82,1.0,1.0,30000.0,50.0,75.0,56.0,210000.0
4aea71163dbc64882fae599a2ce103d2,cbd55dff082c38949f4a03a3719c3422,2017-06-06 18:09:37,2017-06-06 18:25:21,2017-06-27,0,sao paulo,SP,399.6,48.8,1.0,1.0,1000.0,31.0,21.0,24.0,15624.0
d3458eb6736b9c95163fd28cf79e4769,47635932256cd809207e385adafc9a88,2018-02-04 23:06:31,2018-02-05 23:10:38,2018-03-06,0,itapema,SC,174.0,18.47,1.0,1.0,500.0,21.0,16.0,17.0,5712.0
ae443cb420061bab1f2c5e3ad279fde8,3d59638a168c209ccb33a27424fc06da,2018-03-03 09:32:36,2018-03-03 09:48:36,2018-03-28,0,holambra,SP,,,,,,,,,
701a4ca3334d676567d4e5016a02cac7,fc65dbc709777157c273bdd7057565d0,2018-02-07 22:36:19,2018-02-07 22:50:29,2018-03-09,0,sao paulo,SP,149.9,21.54,1.0,1.0,10800.0,54.0,27.0,36.0,52488.0
7bc9425754bf6e2275442bcde2337180,039e022bbbf82354bd7ea61f3d2d8339,2017-06-23 13:10:13,2017-06-23 13:24:20,2017-07-17,0,muriae,MG,149.9,25.89,1.0,1.0,3400.0,27.0,21.0,21.0,11907.0
1f9624a22a45c44073523bcf6f1c47a2,bbdbc21c0d067bd705b5aaff781709c9,2017-07-31 16:05:08,2017-07-31 16:23:27,2017-08-18,0,candeias,MG,99.9,14.43,1.0,1.0,500.0,30.0,26.0,22.0,17160.0
a713bcbeca6421f5c01ea32964ac2b94,f452a1351e76f144ffc4ca01bef3bc44,2017-09-30 15:56:36,2017-09-30 16:24:36,2017-10-25,0,franca,SP,53.99,15.13,1.0,1.0,325.0,46.0,8.0,20.0,7360.0
ba3f824b4ebed08a7a4bf92937017703,f0413d0db87e22a35ae1cbdba85acb9d,2017-07-21 08:50:03,2017-07-21 09:02:54,2017-08-14,0,rio de janeiro,RJ,69.99,16.74,1.0,1.0,1050.0,42.0,25.0,15.0,15750.0
1449e2bfe7a48a4534cd242f0d60e414,9e6512d352103b6ecbbfebfe637ab5df,2017-12-30 16:52:49,2017-12-30 17:06:51,2018-01-31,0,salvador,BA,235.92,19.22,1.0,1.0,1217.0,27.0,22.0,25.0,14850.0
197979ae89666596c6a65ba20fb220ce,6f66591b4efe7a98a0886c99fb778133,2017-09-16 20:30:50,2017-09-16 21:04:58,2017-09-28,0,campinas,SP,9.9,7.78,1.0,1.0,700.0,27.0,10.0,12.0,3240.0
f10195234ad39996bec1241fe706e49b,e018efe31a675270f8e48eeb12b2c291,2018-02-15 22:13:45,2018-02-16 14:32:01,2018-03-13,0,sao bernardino,SC,189.9,18.58,1.0,1.0,1175.0,31.0,22.0,19.0,12958.0
6fd59e3ae7e24c50131f6bc97c4c7776,f41666558f4e35056a445c27c2ac3d8b,2017-10-31 20:32:39,2017-11-01 20:45:15,2017-11-21,0,sao paulo,SP,2874.0,39.48,1.0,1.0,2750.0,16.0,31.0,39.0,19344.0
8f61e12de83228fa74304ec5096cb79d,3b63b6bf1640794c17a79ea7c2cb11c3,2017-09-20 22:34:43,2017-09-20 22:45:38,2017-10-16,0,governador valadares,MG,200.0,21.89,1.0,1.0,2150.0,42.0,10.0,22.0,9240.0
a8d5b616150d16469de71f4099a76148,8d3715cd0e1d49020db4ecb2812f68cc,2017-07-01 19:32:46,2017-07-01 19:45:14,2017-07-21,0,votuporanga,SP,149.0,14.06,1.0,1.0,1700.0,30.0,35.0,25.0,26250.0
ea88c2a0257950a370dc5a14925d3871,ec3ee99a57612737fc00398d2367be24,2018-02-26 12:47:29,2018-02-27 05:30:53,2018-03-20,0,sao leopoldo,RS,18.9,15.1,1.0,1.0,150.0,18.0,12.0,15.0,3240.0
1905a6fa69b8fe273cc0ec81f8ec31b5,7ae85381c48ff61620b51be6c33eded9,2017-12-18 18:12:58,2017-12-20 07:18:18,2018-01-12,0,jau,SP,179.0,16.0,1.0,1.0,1563.0,20.0,16.0,17.0,5440.0
ccbb95ac0f7ba15b0f097df2736d9a46,9140f6b8dabc82d5bc6f94b76b50e7b8,2017-12-11 16:22:48,2017-12-11 16:34:21,2018-01-04,0,taboao da serra,SP,79.0,13.57,1.0,1.0,7750.0,28.0,55.0,37.0,56980.0
7bba6be8b33b014bb9523db5f992d070,fd5e7ef8ebb833e81b09dc6c1afc92fe,2017-07-03 20:08:35,2017-07-03 20:23:48,2017-08-08,0,piau,MG,99.99,17.95,1.0,1.0,1200.0,20.0,15.0,25.0,7500.0
50d00c9680bdca4f471658f02ca144c3,87a588f4d6a77083c035a56a392b1f56,2017-08-06 20:13:47,2017-08-06 20:30:13,2017-08-25,0,sao paulo,SP,300.0,26.78,1.0,1.0,1000.0,36.0,9.0,20.0,6480.0
84d965c9482e83de042bcb2ed7330012,60fe1393f116cdef02aa0dddaef478c1,2017-09-25 06:38:35,2017-09-26 06:33:44,2017-10-24,0,paraibuna,SP,185.81,17.06,1.0,1.0,350.0,28.0,6.0,20.0,3360.0
cc02601c19d68cb1a4cde5a11aec694e,751a05b324683e65537d345c3933a9de,2017-09-10 00:06:13,2017-09-10 00:30:19,2017-09-28,0,embauba,SP,399.0,15.81,1.0,1.0,875.0,28.0,21.0,25.0,14700.0
12fd4ba303cb9951f45b3ce9b6ba764b,8b4639324f4de248b5196a893aaad0eb,2018-03-18 21:13:46,2018-03-18 21:30:28,2018-04-13,0,joao pessoa,PB,35.9,22.85,1.0,1.0,247.0,18.0,12.0,14.0,3024.0
0c7ccdb239bd524a31dc66094fa59626,b08eed69a3c73eee40d52bed298482ef,2017-11-23 15:11:45,2017-11-25 05:10:57,2017-12-15,0,matao,SP,40.0,15.1,1.0,1.0,150.0,24.0,5.0,24.0,2880.0
6b5a2cfa488fc5324f22cafe995bd8eb,ea0b4bff98df39909d0bab62c60e0725,2017-09-16 17:43:25,2017-09-16 17:55:17,2017-10-02,0,sao bernardo do campo,SP,157.0,14.7,1.0,1.0,9750.0,35.0,12.0,30.0,12600.0
505a00852bc2f5b6d0b53b7a04c2fbad,075560cf9df80d1ad1d32ad2e972dc29,2018-03-09 10:14:36,2018-03-09 10:29:24,2018-03-27,0,diadema,SP,86.9,17.52,1.0,1.0,1383.0,50.0,10.0,40.0,20000.0
ca16493fe5b61d25c22f1c751a181fab,5044f39d92b86919a2a5ac6f7149f1a5,2017-12-06 15:50:03,2017-12-06 16:12:21,2017-12-29,1,rio de janeiro,RJ,59.9,16.18,1.0,1.0,400.0,35.0,5.0,24.0,4200.0
36d86e93a8ee82cc4a557ab486743d88,151d22e83155b177a9c09441a522242e,2018-01-16 11:57:09,2018-01-16 12:26:03,2018-01-31,0,sao paulo,SP,199.9,14.51,1.0,1.0,2700.0,41.0,8.0,36.0,11808.0
94f98ffd128d56e74dac7bb1b700666b,9c3a2de4bd076318646ffd3b7677e135,2017-10-23 22:03:54,2017-10-23 22:25:46,2017-11-17,0,guaratuba,PR,159.9,18.37,1.0,1.0,1000.0,33.0,14.0,14.0,6468.0
4b7472650d90b16f5169d774d1e32292,c9c813b7dbdf3fddd1e25b8581a58f19,2018-03-01 17:15:24,2018-03-01 17:30:37,2018-03-14,0,santos,SP,1060.0,19.98,1.0,1.0,2144.0,19.0,19.0,23.0,8303.0
6d511fb14f71de9ba65c6651774e75d9,e9898e0e0e75fbd709f47cafb8118592,2018-03-05 22:32:41,2018-03-05 22:48:55,2018-03-15,0,santo andre,SP,99.9,13.38,1.0,1.0,1300.0,44.0,2.0,35.0,3080.0
16ec5f5b0b5245798a6334e4c239d13a,78463bfeb649747e91ee9a424d0edc3c,2018-01-22 10:46:14,2018-01-22 14:16:44,2018-02-15,0,belo horizonte,MG,108.0,15.52,1.0,1.0,1000.0,53.0,8.0,18.0,7632.0
71269bfaff77cbd93b48e1dc0f548f69,ff6f39a2a4be2c5fe2e1f334a984361c,2017-03-06 11:23:04,2017-03-06 11:35:20,2017-03-27,0,rio de janeiro,RJ,24.0,14.11,1.0,1.0,200.0,18.0,15.0,15.0,4050.0
4d348f6d947bef596a6e5e0d3212e8aa,c3d665a278af5874f95836cde559223c,2017-12-16 15:43:37,2017-12-16 15:55:23,2018-01-12,1,curitiba,PR,41.99,16.6,1.0,1.0,8500.0,16.0,15.0,25.0,6000.0
071251fe3b3493294536f03737a8a679,e0a1d2de2e8046564b9c4de4a47ceb50,2017-10-26 12:26:44,2017-10-28 02:56:07,2017-11-21,0,campinas,SP,24.98,30.2,1.0,1.0,150.0,16.0,2.0,11.0,352.0
0f42926c2892dcd8785fd0c27c5876aa,88d1842f65010040a5a222a756260d64,2018-02-24 17:22:11,2018-02-24 19:27:16,2018-03-16,0,rio de janeiro,RJ,53.33,16.13,1.0,1.0,250.0,16.0,2.0,11.0,352.0
44b218c956eb8b585056872617ba3577,98a0a36529eae71762c1f3c388b4ec61,2017-07-11 16:06:03,2017-07-12 15:05:16,2017-08-08,1,goiania,GO,108.0,15.51,1.0,1.0,525.0,16.0,15.0,16.0,3840.0
60f16b97103e0807b8d60b9c76a95f5f,276d62910831dae81507e02314fd5a20,2017-12-02 08:48:54,2017-12-02 09:00:05,2018-01-05,1,cuiaba,MT,29.9,16.79,1.0,1.0,200.0,16.0,5.0,15.0,1200.0
7f9e9b2e718f5703d72e3f5dc70dfc92,11f20336bf8c6e71de9a6bd7171bd491,2018-03-31 19:17:03,2018-04-01 19:10:09,2018-04-18,0,sao paulo,SP,572.9,18.1,1.0,1.0,710.0,19.0,13.0,14.0,3458.0
8a77c13015238c33f75ceca24b5392a6,1d2f29cf60dd1b256e7c0c5fe02261c2,2018-02-02 16:01:58,2018-02-02 16:10:33,2018-03-12,0,almenara,MG,59.0,15.16,1.0,1.0,2050.0,20.0,30.0,20.0,12000.0
9147c16fab80dbd17a45d97f65196491,2bb8c7fefc71b1cd9133f15dcf9941ef,2018-03-06 11:11:30,2018-03-07 02:10:25,2018-03-22,0,sao paulo,SP,48.0,12.79,1.0,1.0,550.0,40.0,7.0,50.0,14000.0
6f23c3c5a508f83e3068eb9f6d16d4b1,15b99f656b8a2b6a316dbe3b45c671ea,2018-03-17 15:41:13,2018-03-18 15:35:25,2018-04-11,0,icarai de minas,MG,199.9,34.94,1.0,1.0,2450.0,30.0,30.0,30.0,27000.0
389d99caa7584786ee8a27df1638f6ad,eb9607b7a646c48a5c0a94e6ef3c4dfa,2017-07-08 17:41:42,2017-07-08 17:50:21,2017-07-28,0,ribeirao preto,SP,51.9,12.7,1.0,1.0,600.0,18.0,14.0,15.0,3780.0
2f1a0775fbeb87d4cc9d66070ce0f897,3cebb5418614be0993ffaab8fd88b066,2018-02-07 11:26:49,2018-02-07 11:51:18,2018-03-06,0,lagoa santa,MG,34.3,15.1,1.0,1.0,100.0,16.0,2.0,11.0,352.0
a84f2bf7fd1e2c2f29199f76c46d5238,361b489a269ec4bfcd217ab600c15a48,2017-11-24 21:03:58,2017-11-24 23:59:25,2017-12-21,1,rio negrinho,SC,79.0,16.31,1.0,1.0,700.0,16.0,7.0,12.0,1344.0
67b1dc65d26c33458a65a0dc85c2d682,30e74714b11f5396bc7c316578129f4f,2017-05-02 01:58:38,2017-05-02 02:05:12,2017-05-23,0,campinas,SP,620.1,16.92,1.0,1.0,1374.0,29.0,23.0,24.0,16008.0
c20b8787cc61fb390fe578ddf1995933,b33f12eb84ce2fd376a58202dcbb8a67,2017-09-22 23:13:00,2017-09-26 04:04:31,2017-10-16,0,sao paulo,SP,153.0,12.57,1.0,1.0,1900.0,45.0,15.0,35.0,23625.0
828c3114b783f896fba059433600c471,269dc95fb2e86fc9f8fdee385fd66e93,2017-10-29 12:19:51,2017-10-29 13:55:15,2017-11-21,1,rio de janeiro,RJ,59.9,17.67,1.0,1.0,1650.0,30.0,22.0,30.0,19800.0
b9a9e9876a24264089b78553266b219f,e6284a431f7260e6418bb080d3176809,2018-01-17 14:42:01,2018-01-17 14:52:31,2018-02-01,0,santo andre,SP,29.5,13.08,1.0,1.0,1867.0,36.0,6.0,36.0,7776.0
4802922b16a37af8db6fb3df54b07860,f078095ff04dedf7d217df058773668b,2017-12-01 11:25:38,2017-12-01 12:31:27,2017-12-28,1,sao joao de meriti,RJ,56.99,14.15,1.0,1.0,400.0,18.0,11.0,20.0,3960.0
d6d22504739cdf3c8ebce460d0a08199,c16e0e88c09984e5956c444275f35f67,2017-04-12 14:59:43,2017-04-14 02:45:56,2017-05-08,0,curitiba,PR,159.0,16.32,1.0,1.0,588.0,20.0,17.0,15.0,5100.0
0d45ab2386ccad30dbd572201b2a70c9,6dd15070c10001e058f36f2c455e1b1b,2017-12-06 21:24:45,2017-12-06 21:31:29,2018-01-05,0,canapolis,MG,199.9,16.15,1.0,1.0,337.0,16.0,13.0,13.0,2704.0
dcc94a4d78476fb4123a1cfc3c8669f6,ef70585eef557ba48b24ea28f74726e4,2017-07-17 17:14:41,2017-07-17 17:25:19,2017-08-22,0,porto alegre,RS,117.4,48.62,2.0,2.0,1541.5,33.0,14.0,27.5,12705.0
0db84a5169c0effbdd6695e38e354ada,5d520b662ecaa32220bf59704b797c67,2018-02-27 18:58:14,2018-02-27 19:10:52,2018-03-14,0,americana,SP,129.9,15.66,1.0,1.0,2950.0,18.0,25.0,18.0,8100.0
677d1a451e724a484b806dcad91e266e,96593bfdf740ec98f80d3514e2c017f1,2017-09-16 21:58:40,2017-09-16 22:10:14,2017-10-05,0,rio de janeiro,RJ,368.9,27.42,1.0,1.0,3500.0,86.0,26.0,18.0,40248.0
525c4dbcaecd35a5fac2e4053589df08,968e561e3d26d0ab0eba0978942f2806,2018-03-15 11:54:21,2018-03-15 12:15:40,2018-04-09,1,salvador,BA,829.0,32.86,1.0,1.0,360.0,21.0,10.0,15.0,3150.0
46ab5f4b3a88ae05be005f9736c0e9e6,1a455c3578447cae5fde99531bb7dc8d,2018-01-10 19:48:48,2018-01-12 02:36:41,2018-02-22,0,porto franco,MA,250.0,35.0,1.0,1.0,13650.0,45.0,35.0,45.0,70875.0
dc8ffb2856b34d44541032dff3d0eb5c,e978df5aa1ae62d8844d55cfff14c2d6,2017-11-24 13:14:18,2017-11-24 15:52:46,2017-12-18,0,belo horizonte,MG,24.5,15.1,1.0,1.0,150.0,16.0,12.0,12.0,2304.0
5e002a958f5d0bd67227e52e2de7b450,3c0e79dd7a2fb999607a27161a484efb,2018-02-20 15:29:45,2018-02-20 15:48:44,2018-03-13,0,lavras,MG,325.0,17.02,1.0,1.0,400.0,34.0,4.0,22.0,2992.0
09b8c1e504ab1fce7031c710bd8558d6,53344341e1300beda6e4cdae3b6b3496,2017-09-13 17:04:49,2017-09-13 17:27:41,2017-10-02,0,sao paulo,SP,69.0,8.72,1.0,1.0,600.0,18.0,13.0,15.0,3510.0
58b67f446540a1c1819147153c99297c,4b275d19c7abd9fc3d9904b0607d169a,2018-02-11 13:41:56,2018-02-11 13:55:20,2018-03-06,0,sao paulo,SP,49.9,13.37,1.0,1.0,1650.0,30.0,22.0,30.0,19800.0
bcdbca456c84595f3dadfbef9eeeaf51,59cf1a479d104e38587b9fe9d60febe3,2017-04-03 22:19:08,2017-04-03 22:30:18,2017-05-04,0,pelotas,RS,34.9,16.05,1.0,1.0,800.0,30.0,10.0,30.0,9000.0
9cbbee2d6fc84610e720368c09517556,8a067839d9b32272550844562ec03d14,2018-04-04 16:51:45,2018-04-06 03:28:37,2018-04-30,1,presidente prudente,SP,489.0,84.51,1.0,1.0,11400.0,44.0,38.0,44.0,73568.0
92334fdb7655bac1a99685a2a4c09d25,ca3287cb9c0f12ead0bba50eecfd5c2e,2017-07-10 23:17:32,2017-07-10 23:25:08,2017-08-01,0,rio de janeiro,RJ,89.9,17.88,1.0,1.0,1100.0,44.0,2.0,35.0,3080.0
92b8d0b30483bd64c2548331777e52a3,d2a2e802df597dca467a3bef01ae131d,2017-08-02 17:30:01,2017-08-04 02:25:17,2017-08-24,0,vicosa,MG,37.99,15.1,1.0,1.0,150.0,19.0,4.0,20.0,1520.0
a69a5c4111d73ce3dcdf4f24e97ef673,df3b3047bc5c1a8f41b128b649d37d83,2017-11-01 10:59:19,2017-11-01 13:06:27,2017-11-27,0,bom sucesso,MG,146.99,21.52,1.0,1.0,2350.0,16.0,40.0,16.0,10240.0
f28357a486107b748dfedd0fb138ca55,c83917f687bafbad026f914da0515ada,2018-04-03 10:56:17,2018-04-05 02:10:45,2018-04-27,0,sao luis,MA,52.9,27.43,1.0,1.0,593.0,41.0,13.0,14.0,7462.0
7579e83c4b3105eb739458f2e6fee4f8,1678c6ae6e1ee4c4b06f224f7cff0846,2017-07-23 16:39:24,2017-07-23 16:55:10,2017-08-11,0,santo andre,SP,51.92,12.7,1.0,1.0,700.0,35.0,4.0,30.0,4200.0
4ce23a326d80951e2de85a1870483eed,26b8d706ae17092e81e600c7ef41148b,2017-12-15 15:55:59,2017-12-15 17:00:50,2018-01-11,0,serra,ES,49.0,14.1,1.0,1.0,200.0,16.0,2.0,20.0,640.0
03330e2f4e93c51662a7c77d92a4e0fd,cc6a4635d81132a30bd989836fe9ff82,2017-09-17 10:15:49,2017-09-17 10:30:09,2017-10-10,0,uberlandia,MG,52.64,15.12,1.0,1.0,417.0,45.0,4.0,37.0,6660.0
f7b820ea870eadff426970af299e9384,82c13b27571f530d4e03109dc6605536,2017-10-09 16:17:48,2017-10-09 16:49:25,2017-10-27,0,niteroi,RJ,179.98,33.76,1.0,1.0,750.0,16.0,15.0,15.0,3600.0
a40502ef2029080537a03312ad509b69,351b2fd3a7f9c5580287edfbd6e98a7c,2018-01-29 16:45:15,2018-01-29 16:55:50,2018-03-01,0,laurentino,SC,119.0,18.08,1.0,1.0,1700.0,30.0,30.0,30.0,27000.0
43f1558f9eec3596990432207c65c146,e4d20765e70b7bdc41584e4f7b53b530,2017-08-28 20:03:11,2017-08-29 04:35:50,2017-09-08,1,guarulhos,SP,79.9,11.76,1.0,1.0,1500.0,40.0,25.0,20.0,20000.0
894619d2fc0479d115a9bd72bfa0df34,f3b3891ff0afe3e2d70489634fb1bfbd,2017-06-24 11:59:58,2017-06-27 03:55:23,2017-07-18,0,rio de janeiro,RJ,54.9,16.14,1.0,1.0,1200.0,16.0,49.0,32.0,25088.0
edc39c747837ab7258f382372e798824,2017aa1d9a2706825014b8d3aece07d6,2018-02-26 09:24:33,2018-02-26 09:50:01,2018-03-26,1,urbano santos,MA,69.9,38.04,1.0,1.0,5100.0,47.0,19.0,23.0,20539.0
eee0d370c2154116eb2fe9e4c75532e6,3f4c0f7e7fb59e7411dfb858748e45c3,2018-02-04 19:17:03,2018-02-04 19:30:21,2018-02-21,0,brasilia,DF,257.87,10.37,1.0,1.0,365.0,44.0,16.0,18.0,12672.0
4cb3d457db54c2facba2120257f1dc8d,0dcb15a53acff7313554506cdf66b6ae,2018-03-17 09:38:13,2018-03-17 09:50:33,2018-04-10,0,sao bento do sapucai,SP,180.0,12.74,1.0,1.0,175.0,20.0,20.0,20.0,8000.0
ca7c7cc82b6d5531b6ff87a7e232357c,438ad6d81467ace11850c8a96818ff42,2017-10-11 14:36:25,2017-10-11 14:49:22,2017-11-07,0,sumare,SP,147.5,16.79,1.0,1.0,600.0,20.0,20.0,20.0,8000.0
1f7b1777ff930e68714185203983f11c,1acfc461171cf780ba4bec023da997aa,2017-07-26 17:25:21,2017-07-26 17:43:08,2017-08-22,0,florianopolis,SC,19.99,14.1,1.0,1.0,100.0,20.0,15.0,15.0,4500.0
bae83a08b2c4fe52762acbf4b99ccbe6,f8b61dc0db201feed59e23ed0b26d2c4,2018-03-27 12:06:45,2018-03-27 12:15:24,2018-04-13,0,sao paulo,SP,199.9,13.84,1.0,1.0,200.0,20.0,20.0,20.0,8000.0
719a96d91d44ae214ba638b02db33331,b5d5a9c1b46698fde8e82171124dcf4a,2017-11-24 20:36:18,2017-11-24 23:34:29,2017-12-08,0,santo andre,SP,19.9,9.34,1.0,1.0,800.0,30.0,30.0,20.0,18000.0
92515c13ea7bcf398a6d73f2558f08fb,4ffb336c1ec482582982fbbeaa7d94fc,2017-12-30 12:47:40,2017-12-30 12:55:24,2018-01-26,0,resplendor,MG,299.99,46.6,1.0,1.0,17300.0,26.0,26.0,26.0,17576.0
840fba0867d6686cd4a428f76d01f97e,7facd235e6759b64f900b3a24f71a2a6,2017-10-10 08:11:26,2017-10-10 08:26:21,2017-11-03,0,chapeco,SC,217.01,17.28,1.0,1.0,825.0,18.0,26.0,22.0,10296.0
7b7fe8c6f46917f4ade39f8aaa0d02ef,5cc1c9ac89cd78e5706b1a1a67a5313b,2018-03-19 11:31:57,2018-03-19 11:49:05,2018-03-29,1,sao luis,MA,100.99,9.62,1.0,1.0,850.0,25.0,12.0,19.0,5700.0
76de574e14e58baded25a12dce8075c1,3dc99b2fcf41c0898cfc7f38c2fefe5e,2017-06-18 10:26:33,2017-06-18 10:42:57,2017-07-11,0,belo horizonte,MG,89.0,16.38,1.0,1.0,700.0,18.0,18.0,18.0,5832.0
2011a926846f9fa10088488fca493f95,e3f8a41dc8def48711c086dad89ab9fd,2017-11-24 13:25:13,2017-11-24 15:52:31,2017-12-22,0,capim grosso,BA,19.9,16.79,1.0,1.0,200.0,16.0,6.0,20.0,1920.0
3f9c0ca2b7837ae6d1c8fa78e9b8e139,2f6e0e86487c0ad0b6bffb35ddff9644,2018-04-08 01:39:07,2018-04-08 01:55:09,2018-05-07,0,propria,SE,101.0,79.76,1.0,1.0,9000.0,42.0,12.0,39.0,19656.0
155ae5022b395750b8b77ba1b6e99242,c4e9cde9ba2d7432bacf81d6b008ef78,2017-11-12 20:45:47,2017-11-13 08:30:28,2017-11-27,0,sao paulo,SP,49.77,7.78,1.0,1.0,100.0,16.0,11.0,12.0,2112.0
6ad644c08b98d152d28f183097633d41,8b822fa56bbe10f4f14af6500eeed98b,2016-10-08 04:01:53,2016-10-08 05:07:44,2016-11-30,0,praia grande,SP,49.9,10.96,1.0,1.0,150.0,16.0,5.0,20.0,1600.0
28ea88a8bad588a92fdc8933affa2d09,2d9491955f2aaa6964262a95b669b034,2017-12-11 15:30:13,2017-12-12 03:54:27,2017-12-28,0,sao caetano do sul,SP,14.0,18.68,1.0,1.0,1500.0,23.0,15.0,15.0,5175.0
9c9b21a2db3ef4c7109f69f7f3614d71,0b5ed41783e17d8e75af1284dff5b43d,2017-09-23 15:56:48,2017-09-23 16:10:13,2017-10-27,0,belem,PA,279.99,37.32,1.0,1.0,2900.0,22.0,28.0,42.0,25872.0
67adba02e0955286954975ea56f9d17f,aaf6d77cd0756a4e878472c3efc65308,2016-10-09 22:38:35,2016-10-10 11:02:06,2016-12-02,0,sao jose,SC,79.99,18.84,1.0,1.0,2000.0,37.0,30.0,24.0,26640.0
5ec91483e95a827de47b9b592f44d893,3b56ff9de63e4c2fa73c05d315e51720,2018-03-29 15:57:41,2018-03-29 16:10:08,2018-04-20,0,montes claros,MG,85.0,18.47,1.0,1.0,333.0,16.0,5.0,11.0,880.0
c5f9505b4bf9db0433b371002f7be6ff,d7837537f0fbe29cade1ee024539bbbc,2017-04-23 18:02:49,2017-04-23 18:10:16,2017-05-11,0,sao jose do rio preto,SP,239.8,22.9,1.0,1.0,500.0,27.0,5.0,27.0,3645.0
71e2f7733505074179563ccd72d93d15,28cf24314e32e953bfab6bd5c19d2440,2017-05-15 16:39:17,2017-05-16 16:50:10,2017-06-08,0,maringa,PR,42.9,16.79,1.0,1.0,283.0,18.0,7.0,13.0,1638.0
a7e71dd247a252f0f215e6230cdd5d1e,6e119961531891f055b01aeb4f93552e,2018-01-13 09:38:07,2018-01-13 09:48:35,2018-02-01,0,itaquaquecetuba,SP,41.99,11.73,1.0,1.0,8500.0,16.0,15.0,25.0,6000.0
d21d7411b251f35ead1b210dc946ca70,cff157deadf46de66ac1eb7ead76deb0,2018-01-15 22:54:08,2018-01-15 23:10:45,2018-02-16,0,indaiatuba,SP,248.9,28.0,1.0,1.0,23300.0,56.0,48.0,40.0,107520.0
923cf1bc71993b447259c9e8bf54eb07,ff03c28afb14c93650bf591cb49fe327,2018-03-01 14:20:46,2018-03-01 15:15:43,2018-04-04,0,sales,SP,89.97,24.94,1.0,1.0,8809.0,52.0,52.0,17.0,45968.0
051fa5d5438a17a06ebfd7b77c020e2c,0ae502ab7e72dc3b0a512dfa96baf3f4,2018-02-24 12:02:55,2018-02-24 12:15:36,2018-03-21,0,londrina,PR,52.99,16.81,1.0,1.0,50.0,16.0,18.0,14.0,4032.0
dae94a5945b5feabdfe04e2ae8d3d3bf,d976b7f96ffd6afe91ee9f725d70ed19,2018-02-14 11:26:08,2018-02-14 11:47:34,2018-03-09,0,serra,ES,194.0,21.85,1.0,1.0,2500.0,36.0,38.0,36.0,49248.0
14fda766f6a1e0a37886b3e8fcf8bde1,0e1cf9332ab9b502f469458da2a5e7e9,2018-04-01 22:38:52,2018-04-01 22:50:16,2018-05-04,0,caririacu,CE,129.0,37.59,1.0,1.0,425.0,21.0,4.0,16.0,1344.0
10938b7ea022f888b8a2683a6a0fc533,3d79e35468914192eb3d1b15687d34a4,2018-04-10 16:06:56,2018-04-10 16:31:09,2018-05-02,0,sao paulo,SP,459.0,35.47,1.0,1.0,8850.0,56.0,30.0,34.0,57120.0
90214a4751f75ee8783bed5037f9b0db,a782abb7735faf6aae9beef3c0fb03eb,2017-08-07 19:27:17,2017-08-07 19:35:16,2017-09-06,0,aracaju,SE,19.99,25.63,1.0,1.0,600.0,66.0,10.0,11.0,7260.0
ccffb7374c0c5619226394e8b85e0746,c5cb631ed666b1d427ba3c4cfc761c3c,2017-10-26 11:05:47,2017-10-27 10:31:06,2017-11-28,0,graccho cardoso,SE,610.0,113.72,1.0,1.0,15350.0,47.0,40.0,47.0,88360.0
1927dede91841ae67045915ce6fd11f1,66446be15e059663cab1f9b17cf6d3a2,2018-02-27 16:44:08,2018-02-27 16:56:17,2018-03-22,1,nova iguacu,RJ,142.8,33.88,2.0,1.0,193.5,18.0,10.5,13.5,2551.5
0c0432a85e60b5eae5f6b1e0c3ea9e0b,b6f5c3a185c33b9c12a722c46f5215c8,2017-11-29 14:25:30,2017-11-29 14:34:40,2017-12-20,0,rio de janeiro,RJ,69.9,15.24,1.0,1.0,400.0,45.0,15.0,35.0,23625.0
6135fc4ab256125c58f748b31c692ef4,d6f0573b711861f4999b9dcf22903bd0,2018-03-23 15:24:26,2018-03-23 15:48:22,2018-04-16,0,sao paulo,SP,89.1,18.2,1.0,1.0,967.0,21.0,24.0,19.0,9576.0
c7740e0a4fdfedf93d82593caadc5640,6a842e6565c1a29ed2d1f486297224ac,2018-04-10 16:46:48,2018-04-10 16:55:41,2018-05-02,1,sao paulo,SP,22.9,19.32,1.0,1.0,515.0,98.0,8.0,16.0,12544.0
913f18fcb317f3eee87b26f9b241c683,cdb2d7e08c5243701392d8b232a8a6b9,2018-01-30 18:02:00,2018-01-30 18:15:30,2018-03-01,1,mesquita,RJ,179.8,34.27,2.0,1.0,1125.0,44.0,2.0,35.5,3124.0
5ddfffa95cf4bfa61a2ffa97f3dab85f,9416fd574eecfbb1d043759c93c70b7c,2018-01-16 16:08:48,2018-01-16 16:15:32,2018-01-31,0,sao paulo,SP,29.99,7.78,1.0,1.0,99.0,21.0,3.0,14.0,882.0
0245631f7bd55dbee7c6b441629bba94,4d82e79f5404e8c3f059ab099fbe5dda,2017-10-05 18:26:36,2017-10-05 18:45:20,2017-11-01,0,rio de janeiro,RJ,849.5999999999999,90.12,4.0,1.0,2612.5,38.25,8.75,37.0,12383.4375
598b41f7e6530d25a72da2cc18223cf7,516a60cbb0bc2784ea93313fed99ea77,2018-04-06 23:51:05,2018-04-07 00:10:26,2018-05-18,0,manaus,AM,18.0,22.85,1.0,1.0,150.0,25.0,7.0,16.0,2800.0
fc664ce755b461e5eaa3acd0be4e2118,3f85552d6e82f0d5ec4a1c82bc4dffa8,2017-09-27 12:56:13,2017-09-27 13:07:25,2017-10-25,0,rio das ostras,RJ,199.96,70.4,1.0,1.0,1100.0,29.0,14.0,16.0,6496.0
a4f587088f6fd162bb6ccf903d7dd582,5a3dff5b019c56fb6a8f16b5bfa25833,2017-07-30 04:33:28,2017-08-02 02:34:31,2017-08-24,0,porto alegre,RS,179.98,82.35,1.0,1.0,9750.0,59.0,45.0,43.0,114165.0
aa9df3f4f57834f6997ff9c958411ce3,c1b779122d300719d8b8462a6e8d566d,2017-07-19 19:06:38,2017-07-19 19:15:14,2017-08-01,0,sao paulo,SP,79.9,7.81,1.0,1.0,400.0,30.0,10.0,30.0,9000.0
755fdf89024021c6324864182b6657b5,071130e3d980f8327e5348b9ed889fc4,2018-03-02 14:06:12,2018-03-02 14:15:46,2018-03-23,1,santa cruz do sul,RS,109.9,18.34,1.0,1.0,427.0,15.0,17.0,14.0,3570.0
189b3afbf782ff8ab44477e006153155,9ec7a3fd9d3597aff2900e7a102f3653,2018-02-11 19:42:18,2018-02-11 20:20:19,2018-03-09,0,itau de minas,MG,39.0,16.11,1.0,1.0,550.0,51.0,4.0,41.0,8364.0
5188cf1701fceace6ec6f14b40773f97,604117cb8b10acf6a4558e7ac8a17d7b,2017-10-10 20:44:59,2017-10-10 20:56:34,2017-10-27,0,sao paulo,SP,589.0,15.62,1.0,1.0,485.0,18.0,12.0,15.0,3240.0
1aefa599718889d91d33240e5b8eb62e,6a42e10379280f1290c9d5cfbe39b3f4,2018-03-23 11:43:24,2018-03-23 11:55:30,2018-04-18,0,barueri,SP,145.0,57.56,1.0,1.0,1300.0,27.0,21.0,11.0,6237.0
cdf9bca93f8e79363ad001dbc570d854,bd2e6223ef80789bab4a7b8e50db1991,2018-01-13 22:27:18,2018-01-14 22:18:32,2018-02-09,0,muriae,MG,128.56,18.15,1.0,1.0,1350.0,16.0,16.0,16.0,4096.0
ceb992824b749348734de15eaca939ac,93516ce404b65731cecbd93db7392d33,2018-04-11 10:58:05,2018-04-12 04:50:07,2018-04-27,0,guarulhos,SP,14.2,7.39,1.0,1.0,150.0,16.0,17.0,22.0,5984.0
4a111e830982efaa7fcd45ff081543ec,b99848d1213931d9f3caebaed06b8111,2017-09-15 13:21:22,2017-09-15 13:35:20,2017-10-05,0,jales,SP,165.99,17.87,1.0,1.0,2900.0,35.0,12.0,30.0,12600.0
dd12d75147243738f174edd9249b4d31,6b3bb3efa85c5b14ee91bc7227bdf0c4,2017-11-23 20:39:22,2017-11-23 20:48:28,2017-12-19,0,rolandia,PR,84.99,16.35,1.0,1.0,550.0,21.0,12.0,20.0,5040.0
0b398dbb3e7c81005f3c69b01488c4c9,d5a8b5d8ed21f5234e1278a477e751a9,2017-09-27 20:51:53,2017-09-27 21:07:13,2017-10-24,0,sao jose dos pinhais,PR,,,,,,,,,
a2f7984f0b3604184f39c1d5a93813fb,aa76f7581a203a8406159b444749d6a9,2017-11-12 01:57:47,2017-11-12 02:10:26,2017-12-01,0,jaboticabal,SP,58.9,17.12,1.0,1.0,7000.0,26.0,47.0,27.0,32994.0
15764eae87fb040c4ce2bf75f6670a77,ee2d4819ce761bd16ca6692f879caf14,2017-09-28 21:20:56,2017-09-28 21:28:23,2017-10-23,0,rio de janeiro,RJ,59.9,17.67,1.0,1.0,1850.0,37.0,22.0,40.0,32560.0
750d41eea698eb46b84a70de18de2a5f,b0c50b7b62fb053d5cc61ac72510db81,2017-09-11 16:11:29,2017-09-12 22:55:15,2017-10-05,0,rio de janeiro,RJ,69.36,16.74,1.0,1.0,5150.0,30.0,30.0,30.0,27000.0
5226003c0580585a8fe4e9b6d2935c2a,1dbf434ac2c0271c0a5222be25c8fe62,2017-07-19 10:28:38,2017-07-21 02:45:08,2017-08-14,0,tres lagoas,MS,155.0,16.85,1.0,1.0,856.0,25.0,16.0,18.0,7200.0
3c5d259b3ebc0be37007e40161e87808,c994d6b0515f1e1fd246d40214d32fa6,2018-03-16 21:13:49,2018-03-16 21:30:35,2018-04-04,0,campinas,SP,165.0,13.59,1.0,1.0,335.0,17.0,11.0,16.0,2992.0
55b360b9aeaf1fcec58a18a82b21b957,57205a3f55644a1df9ea81f81aaba2c9,2018-01-03 16:29:43,2018-01-03 16:46:46,2018-02-07,0,lavras do sul,RS,194.9,16.11,1.0,1.0,250.0,16.0,11.0,11.0,1936.0
d8d5cc8b2d42cce90b7ea35e5691a7b1,ae0709e51a6229f894ccafc894ea4cfe,2017-11-25 00:23:14,2017-11-25 02:33:01,2017-12-13,0,salvador,BA,578.0,21.18,1.0,1.0,450.0,17.0,3.0,11.0,561.0
e83d7904c216c3a03eb6c215d82b7fec,796e122145d49e4242c7f69df20f0aaa,2018-01-03 00:33:26,2018-01-05 02:34:02,2018-02-06,0,barra do garcas,MT,29.99,16.79,1.0,1.0,350.0,17.0,4.0,12.0,816.0
ff36cbc44b8f228e0449c92ef089c843,ac4e6e678ad7b6c5e3f90ecb4f8b9569,2017-11-25 20:34:42,2017-11-25 20:51:36,2017-12-28,0,bage,RS,699.0,57.49,1.0,1.0,4920.0,65.0,11.0,33.0,23595.0
afb017b44cd7d15bc0cf9dbe0018de4b,bf0d7939fd697b55f7818ac5f364d6de,2017-12-15 12:12:05,2017-12-15 12:32:37,2018-01-29,0,crato,CE,239.9,28.22,1.0,1.0,530.0,67.0,37.0,15.0,37185.0
50cf0f713c1a9c9c9bdfbbf31b00eb48,bdf6da5d10ff52dbc752045458fbd9c1,2018-01-10 20:52:38,2018-01-10 21:08:31,2018-01-29,0,sao paulo,SP,198.99,10.21,1.0,1.0,538.0,23.0,12.0,34.0,9384.0
8046235d64b3479dfce835281a85c0d6,9aeead5285b1635b4c0a55a8496e998d,2018-03-03 21:20:20,2018-03-03 21:35:29,2018-04-03,0,torres,RS,36.0,15.1,1.0,1.0,550.0,29.0,7.0,22.0,4466.0
6c4e90e5210c8bb1f66613dc9a932010,8cfd4d3fc72d6f46f8534bc290c0b398,2018-01-17 14:52:50,2018-01-17 15:10:07,2018-02-01,0,osasco,SP,120.0,23.43,1.0,1.0,9400.0,35.0,45.0,45.0,70875.0
00ed64bc080d87b4ab7f0c433bc5e98f,3e49d94c6d8ad4a1f5589db832772317,2017-05-30 18:18:36,2017-05-31 18:22:47,2017-06-22,0,rio de janeiro,RJ,44.9,16.11,1.0,1.0,800.0,35.0,15.0,20.0,10500.0
1234a83b9c1d13b6d3308dd2000d60b3,f71aed45047f9c67240fe76a11fe3343,2017-09-11 12:52:19,2017-09-12 13:04:22,2017-09-29,0,sao paulo,SP,89.9,16.39,1.0,1.0,450.0,28.0,13.0,24.0,8736.0
7ef1629063a04bbeadf9410dcf689ef2,49c92d0c9c958885201558d0d00f452d,2017-11-20 19:57:03,2017-11-20 20:09:13,2017-12-12,0,anapolis,GO,12.9,15.1,1.0,1.0,700.0,65.0,18.0,28.0,32760.0
4c7e0a5ac91085b463608e9c32589610,533697c445aa1e22114261e14760499c,2018-03-05 06:17:17,2018-03-06 03:49:07,2018-03-22,0,angatuba,SP,125.0,12.37,1.0,1.0,584.0,16.0,11.0,13.0,2288.0
a32e794aa3f7df03d1a3848213b24346,5d265f8913e710c0156ad1edc1e2e09d,2017-02-11 17:23:59,2017-02-11 17:31:50,2017-03-27,0,macaparana,PE,9.88,24.84,1.0,1.0,200.0,19.0,4.0,11.0,836.0
45dcb58c5c287e7fdf32ba72e75bc177,896dadd858fde9124a92d3a71f046d07,2017-11-23 17:06:28,2017-11-25 06:16:20,2017-12-19,0,joinville,SC,49.0,17.64,1.0,1.0,1800.0,37.0,22.0,40.0,32560.0
2d40e4509fd3b132931c957812969adc,f3f8de553908bdd20818ca14138343c7,2017-10-02 18:14:49,2017-10-02 18:28:09,2017-11-07,0,fortaleza,CE,318.0,27.51,1.0,1.0,642.0,20.0,13.0,16.0,4160.0
24c087010167127767add9f02f8b2019,d2a90be3e7253852568d80763b2df91e,2018-03-19 00:06:31,2018-03-19 00:15:37,2018-04-09,0,mogi mirim,SP,64.89,22.16,1.0,1.0,350.0,16.0,22.0,17.0,5984.0
fb5d8b462dc9570527eff204b8a1a57b,728e136fca2819b62d610743ae2904b8,2017-04-24 13:36:48,2017-04-24 13:50:18,2017-05-25,0,goianesia do para,PA,269.0,28.14,1.0,1.0,200.0,18.0,8.0,16.0,2304.0
04ad6306c963b60d59a354f6cb9a3e13,1f20251f6c6f041933cb5b7d996795d6,2018-03-19 13:21:27,2018-03-19 13:35:35,2018-04-09,0,cunha,SP,219.0,13.97,1.0,1.0,725.0,19.0,14.0,15.0,3990.0
0af28d87520565eb3b57c9b2abe1a2cc,0a209a88c2e3dc2981c79ad85c558059,2017-10-05 19:23:16,2017-10-05 20:28:06,2017-11-06,0,curitiba,PR,2999.99,126.51,1.0,1.0,25950.0,39.0,95.0,42.0,155610.0
9e528d40350e823ff188831cb38696c3,25a6d4599c06263efe994de519d09ea4,2017-07-26 11:58:49,2017-07-26 12:10:11,2017-08-21,0,brasilia,DF,79.8,28.2,1.0,1.0,150.0,16.0,16.0,11.0,2816.0
e58d507c1730fdc2137d1fd497049a68,0aceb04f65bcdbef8dbda04e2a8f9e30,2017-12-11 21:14:53,2017-12-13 02:50:50,2018-01-08,0,perdoes,MG,39.9,12.48,1.0,1.0,200.0,28.0,2.0,40.0,2240.0
10bce195e3966122a3dd0e2aa676f761,0280e2736a179aa87a59447236a797fa,2017-01-19 13:38:16,2017-01-20 13:45:08,2017-02-21,0,itu,SP,104.9,15.84,1.0,1.0,4000.0,60.0,18.0,48.0,51840.0
85e7df94996cce9657127b63f379ac14,bc7342cd2513951daf6234923692eb2d,2017-12-15 18:18:38,2017-12-15 18:32:35,2018-01-18,0,sao simao,GO,129.9,15.66,1.0,1.0,300.0,16.0,5.0,12.0,960.0
cad08f9cafe86a00a19ad9376c356779,47904533b073544ff4554e7bf27003ea,2018-01-15 10:06:38,2018-01-15 10:30:57,2018-02-15,0,aracaju,SE,35.9,34.15,1.0,1.0,329.0,20.0,16.0,18.0,5760.0
9c4dfa7a4f01d5042e9363edd0c7c7b9,176e4214bb992cb6ecb6d426f39db3b1,2017-03-13 14:00:28,2017-03-13 14:00:28,2017-04-10,0,juiz de fora,MG,99.99,28.89,1.0,1.0,8450.0,53.0,50.0,16.0,42400.0
6719ad7e3fe40d976c5db31f716bb5ec,07d91ab1cc12928c32ff2120bdf6b6d1,2018-03-17 11:48:28,2018-03-17 12:09:04,2018-03-29,0,sao paulo,SP,42.0,7.39,1.0,1.0,150.0,16.0,7.0,12.0,1344.0
b98c5a8bd8fcbb53d6d1189d07279780,624aca1ca85903e1ddc3f825552925d1,2018-03-25 10:50:20,2018-03-27 04:08:47,2018-04-13,1,serra,ES,95.2,16.64,1.0,1.0,1250.0,23.0,30.0,15.0,10350.0
9b3c2b8781519d1fe7fe363c5a0e573f,7b6b52357ea318f79f31e816bb6a98e9,2018-02-05 09:24:21,2018-02-05 09:35:29,2018-03-01,0,belo horizonte,MG,59.0,15.17,1.0,1.0,1000.0,16.0,12.0,13.0,2496.0
d529d4dc2eeac6ba7abe986a604d7deb,fb8ac10d5e8b76988d085ca9f7c01759,2017-03-26 20:04:35,2017-03-26 20:15:19,2017-04-13,0,sao paulo,SP,28.0,10.96,1.0,1.0,300.0,20.0,15.0,15.0,4500.0
3e10da3f366b635d6a1e0d380b32da95,1b056cf6b6263ba5fb8067b76857b66f,2017-07-25 16:48:08,2017-07-25 17:03:29,2017-08-28,0,parnaiba,PI,59.9,44.27,1.0,1.0,800.0,69.0,11.0,11.0,8349.0
addef08806ad9aecf14f8577435cc798,7f17dd631b8dc8b6c16c9d6f98b3677a,2017-07-19 12:10:26,2017-07-19 12:25:18,2017-08-10,0,guarulhos,SP,105.9,13.76,1.0,1.0,835.0,40.0,9.0,33.0,11880.0
e2a4e699c1ba4cf1036be1ca8851b2f4,49c6a9bd8786031fa02ef67014dd2bc1,2018-04-07 00:49:37,2018-04-09 08:09:33,2018-05-02,0,sao paulo,SP,164.0,14.51,1.0,1.0,700.0,18.0,18.0,18.0,5832.0
f779310b7f128b2b1eebc444c867c5cb,1ad85378f72ecb62694df328c7ebca32,2018-01-22 10:40:57,2018-01-22 14:16:51,2018-02-06,0,guarulhos,SP,29.5,13.08,1.0,1.0,1867.0,36.0,6.0,36.0,7776.0
757cda7c87b31e672c1f98dc9cfe86ea,2252a8e7351a7c00efa61874788b7cfa,2017-05-17 14:16:24,2017-05-17 14:25:09,2017-06-08,0,belo horizonte,MG,149.7,28.54,1.0,1.0,1100.0,55.0,5.0,40.0,11000.0
beb0c6412a4fab0bc73cbebe972365b2,6d55eafc87c38d4ddeba83f97f62cf77,2018-03-09 23:25:28,2018-03-09 23:35:24,2018-03-27,0,sao paulo,SP,151.9,17.97,1.0,1.0,4338.0,17.0,12.0,14.0,2856.0
8ddd550f59752f7efbbf0284aee4631b,dc51d4a03b2448771b76837517052d68,2017-12-09 17:16:54,2017-12-09 17:30:31,2017-12-28,0,sao paulo,SP,239.99,14.23,1.0,1.0,2400.0,42.0,25.0,15.0,15750.0
a9a75c64cb5e9f7bc92e68ec13f05c45,2bd2bb24b32d017bb23235299984f0b7,2018-04-03 12:39:58,2018-04-04 03:15:30,2018-04-20,0,santos,SP,59.0,17.32,1.0,1.0,2150.0,28.0,32.0,11.0,9856.0
759fc8b3cef1012f6d8c6fc9db642fbe,2a786d13278ec66a602d028cbccde4b6,2017-04-06 20:39:53,2017-04-06 20:50:20,2017-05-10,0,ilheus,BA,69.0,22.41,1.0,1.0,800.0,50.0,10.0,40.0,20000.0
9f88232659bf1587e06ac5ab1aa2d62a,b5e3fbd21cbfbe8300596115c3fcc624,2017-06-25 13:11:03,2017-06-27 13:10:20,2017-07-07,0,sao goncalo,RJ,59.8,49.16,1.0,1.0,1029.0,20.0,15.0,17.0,5100.0
2b02cfd07deb1e5bf28fea9334be0b9b,650ce1306fd481b41aa8860f021050a0,2017-07-14 23:01:23,2017-07-14 23:10:20,2017-08-03,0,campo limpo paulista,SP,184.9,16.92,1.0,1.0,2350.0,45.0,15.0,35.0,23625.0
c5388edf36f442414419c24e6c65ee6b,e2a164a42f91a5ade4e93c5f07a87987,2017-11-11 20:22:10,2017-11-11 20:30:50,2017-12-04,0,sao paulo,SP,98.0,21.09,1.0,1.0,1200.0,28.0,10.0,24.0,6720.0
1cdeb72a3ac42cd76c1fad6af0b4b317,87bc71f87d3fc89b153c47b651b7cf8f,2017-05-15 20:09:57,2017-05-15 20:25:17,2017-06-29,0,maceio,AL,569.95,44.43,1.0,1.0,7600.0,52.0,15.0,52.0,40560.0
9ec41066fe9773c225c01e1a10bee705,88d28eeeb569b3f9acf4a1201b8cc38f,2018-02-28 21:31:09,2018-02-28 22:07:42,2018-04-03,0,olimpia,SP,14.45,11.85,1.0,1.0,400.0,55.0,13.0,12.0,8580.0
63014d31686df70fb6eae36739a89d52,07cc013860ca92f60025946a39f80679,2017-12-25 18:16:34,2017-12-25 18:29:42,2018-01-19,0,sao joao del rei,MG,56.99,12.53,1.0,1.0,100.0,40.0,2.0,24.0,1920.0
65f6a8dfb1cacec52fa3c48df189b80d,f7b249c9618f84a66a70a8c127d06105,2017-05-01 15:00:55,2017-05-01 15:15:21,2017-05-25,1,florianopolis,SC,99.89,14.87,1.0,1.0,200.0,16.0,10.0,20.0,3200.0
082b39e89779891345c6ebc6def4822d,b1ad9ed44c9f38c75ddabd01eb6f6585,2018-01-29 17:54:40,2018-01-29 18:12:27,2018-02-14,0,sao paulo,SP,144.99,12.22,1.0,1.0,1050.0,36.0,24.0,22.0,19008.0
bd4b5585c4d7c16db3fe69d062fcafb0,180c7a296ff543e42cdb420d915588c7,2017-02-03 13:32:11,2017-02-03 13:45:08,2017-03-14,0,teresina,PI,24.9,24.84,1.0,1.0,200.0,18.0,8.0,13.0,1872.0
ab6087eb8ea6d8f8a36d6e787567bc64,955719867f907f671d614150a5436c10,2017-08-17 20:12:07,2017-08-17 20:55:15,2017-09-13,0,carazinho,RS,28.99,15.1,1.0,1.0,200.0,18.0,6.0,20.0,2160.0
e2cd740333fe4585ead5c50c61edb6a5,4a51cb396dec2a0c8395363ebae19916,2018-01-08 21:24:09,2018-01-08 21:50:29,2018-02-07,0,orizona,GO,144.99,18.26,1.0,1.0,975.0,37.0,31.0,17.0,19499.0
e583169435fd3724212034fc16805ee0,db09d0bb5f4653a481b7b26f723d23ec,2017-08-09 20:53:41,2017-08-09 21:05:18,2017-08-31,0,ponta grossa,PR,29.99,15.1,1.0,1.0,200.0,16.0,16.0,16.0,4096.0
7743b506a4c2e87e3f5af919334ea71a,b0b613e9e97d82c42795abe6687ab472,2017-11-07 14:14:38,2017-11-07 14:30:47,2017-11-30,0,volta redonda,RJ,179.99,45.72,1.0,1.0,7650.0,20.0,20.0,20.0,8000.0
94153bbf95f273c5b6c342d2acc6d017,05838d97b4a3948e120c9fb440374691,2017-07-10 12:19:09,2017-07-10 12:30:16,2017-08-04,0,lagoa santa,MG,45.95,15.1,1.0,1.0,350.0,25.0,8.0,19.0,3800.0
40516474d4dead1446fa9e9ae60d233a,59e7eac5aa0ac369fae8fd25b9248058,2018-02-08 08:39:50,2018-02-09 10:11:51,2018-02-26,1,sao paulo,SP,60.0,32.78,1.0,1.0,11100.0,100.0,73.0,13.0,94900.0
2d7c53f72873bc693d040a48c3f2b5e1,1aa505b34fe90da06e7a0e78479942e0,2017-10-13 14:57:28,2017-10-13 15:35:52,2017-11-06,0,aracaju,SE,99.9,21.5,1.0,1.0,210.0,17.0,9.0,12.0,1836.0
b31ea01e4109e29d10d43b5aa917f65d,7a89fff116b1d5d95621c5f8954657b7,2017-11-30 10:49:06,2017-11-30 11:02:35,2017-12-18,0,mogi das cruzes,SP,65.08,9.34,1.0,1.0,600.0,31.0,3.0,14.0,1302.0
b6f445cf5a3df2567435ce41a1ad3708,8dfffab81aa1ae858598d70c91b69122,2017-07-24 13:40:42,2017-07-25 21:45:10,2017-08-25,0,joao pessoa,PB,64.9,38.0,1.0,1.0,5950.0,77.0,4.0,47.0,14476.0
77ca6260968df56621a018444bec0e59,072d324b57768cb953eb7f70c04d25c6,2018-04-04 16:32:31,2018-04-05 02:28:23,2018-04-26,0,cornelio procopio,PR,59.6,19.39,1.0,1.0,650.0,20.0,10.0,15.0,3000.0
d1d85d0d469cb9c26d7f8ee944c92cf1,7e88bddedab5603be5bb50ec9025080e,2017-10-03 15:54:15,2017-10-03 16:07:14,2017-10-19,0,itu,SP,19.9,7.78,1.0,1.0,50.0,18.0,6.0,11.0,1188.0
f0b2f79f97e12f27b91c3570c725a81c,a0822dff344a63f5484f6f09dc6942e3,2017-04-21 20:05:33,2017-04-21 20:15:07,2017-05-15,0,rio de janeiro,RJ,139.9,40.41,1.0,1.0,17550.0,73.0,20.0,47.0,68620.0
2276cb38c742033aac3f4a4d67b57ab3,39ecef3d8a542ee6b91e7bfd7e9a6b87,2016-10-06 17:42:49,2016-10-06 18:11:59,2016-11-30,0,carmo da mata,MG,89.9,15.49,1.0,1.0,341.0,20.0,18.0,16.0,5760.0
4d9ec9c5440b083e87ee872dec1b32fb,3898ff50da10264026af32549f7fb3b0,2017-12-04 15:08:11,2017-12-06 02:50:22,2017-12-28,0,rio de janeiro,RJ,99.9,17.95,1.0,1.0,1350.0,46.0,2.0,36.0,3312.0
5edee244fe02fdbeb9a2d97a4e8cf17c,115c455ac3a2dc3e5c81ea3da5659c33,2017-05-31 21:53:32,2017-06-02 04:33:46,2017-06-27,0,nova bassano,RS,30.0,15.1,1.0,1.0,700.0,30.0,12.0,20.0,7200.0
91a31ae0b2ceeff70549db4b68d0a11e,a7e7ac71f48352503ff2a018aa31002d,2017-06-08 17:50:37,2017-06-09 02:42:40,2017-07-12,0,guacui,ES,349.9,28.99,1.0,1.0,900.0,25.0,12.0,38.0,11400.0
f3cb950f0d57842dbbd55317ceaeaa71,80bbbe390ca6d4bbd1d21f50093e2a34,2017-07-25 15:02:02,2017-07-25 15:40:12,2017-08-23,0,aparecida de goiania,GO,360.0,41.45,1.0,1.0,12000.0,45.0,35.0,45.0,70875.0
33797bbcfc4f22d40110f77692f83c78,6aab0c0683221c586fec4f82bd36edd8,2017-12-10 11:29:35,2017-12-10 11:36:28,2018-01-04,1,rio de janeiro,RJ,12.25,14.1,1.0,1.0,175.0,22.0,11.0,16.0,3872.0
4a422e8c9f64de121752b33d4571f783,429af1faa9c02097973cbcc46dcb148f,2018-02-19 13:27:53,2018-02-19 13:35:33,2018-03-16,1,maceio,AL,149.9,14.2,1.0,1.0,533.0,22.0,11.0,20.0,4840.0
ba09602fc04f661e829787eb7ac331e7,ca78e91b282bb706105233eb5762441d,2017-04-11 14:27:51,2017-04-11 14:42:32,2017-05-05,0,osasco,SP,69.9,11.1,1.0,1.0,350.0,33.0,4.0,28.0,3696.0
189a53cf93264d51ff7b5a92601c7a34,ddf33cdfb2eb21f708dca32e2bf4299f,2017-10-21 11:52:47,2017-10-21 12:07:16,2017-11-03,0,guaruja,SP,39.98,15.56,1.0,1.0,200.0,20.0,20.0,20.0,8000.0
5bab7c4dc62f5bae4f349ceb09639444,6318e5484de466af8092d9d252c3d6a2,2018-03-29 22:59:32,2018-03-29 23:15:11,2018-04-19,1,araguari,MG,139.99,27.06,1.0,1.0,3850.0,47.0,15.0,45.0,31725.0
d3221f47eb4afb028ea89bf72bdc8bc8,cc9ff086a2bd5f8a324fce11bcd7055a,2017-05-02 20:56:43,2017-05-03 15:22:47,2017-05-23,0,nova friburgo,RJ,139.9,13.56,1.0,1.0,1600.0,25.0,6.0,18.0,2700.0
5691a076ef144cb3bb777a3eb18b77d1,20f758e9dba50eff29eb3fdfb3bae053,2017-08-24 08:44:17,2017-08-24 08:55:19,2017-09-18,0,rio de janeiro,RJ,59.8,30.2,1.0,1.0,117.0,23.0,14.0,14.0,4508.0
d8b1b374baabf8ba477823087ddfb1a2,a27ccd54971ea41b405fd5560b6cb8f1,2017-10-15 17:10:15,2017-10-16 12:56:32,2017-11-07,0,salvador,BA,269.99,26.34,1.0,1.0,2900.0,22.0,28.0,42.0,25872.0
5295794ed329bd3ffd4581bc4a0627a5,bce1676dd0edb9474cba3d3aa9067024,2017-05-16 13:58:54,2017-05-16 14:05:23,2017-06-20,0,fortaleza,CE,118.9,37.97,1.0,1.0,3300.0,72.0,12.0,55.0,47520.0
eaaee645b1c3232e02feea76ef993a9e,a02c3848a807fdc92f85e7f72225e1f9,2017-05-10 18:13:04,2017-05-12 02:50:30,2017-05-30,0,coroaci,MG,69.9,15.24,1.0,1.0,700.0,20.0,20.0,20.0,8000.0
245b2a09d0f787df368d4a370a63eb58,024dad8e71332c433bc9a494565b9c49,2017-12-06 19:26:02,2017-12-06 19:33:19,2018-01-11,0,campina grande,PB,599.0,58.63,1.0,1.0,12050.0,27.0,50.0,53.0,71550.0
ffa5e4c604dea4f0a59d19cc2322ac19,665fe3b7ab435cda0fad0c3cbb1c51dd,2017-12-04 21:45:30,2017-12-05 08:41:20,2018-01-02,1,goiania,GO,59.98,30.2,2.0,1.0,250.0,16.0,4.0,11.0,704.0
28136596c0ceb5c43000c1776348b72b,0761a5ba0468e259dcc1cff863eeb3a9,2018-03-13 06:48:40,2018-03-13 07:27:46,2018-04-19,1,balsas,MA,199.9,63.2,1.0,1.0,3350.0,35.0,20.0,20.0,14000.0
0fc71b3c90422c26bdc5df9d7417b505,394a520dc01e2dbf992d1bab7ab6d95e,2017-11-09 18:22:26,2017-11-09 18:35:42,2017-11-29,0,taboao da serra,SP,145.0,15.77,1.0,1.0,200.0,16.0,16.0,11.0,2816.0
c8be1a5ee02f0d4bfb401c7194b607e7,e1eb245dd677f80c7f2248aec3aa6bfe,2018-02-20 12:30:30,2018-02-20 12:45:25,2018-03-12,0,sao paulo,SP,33.0,15.98,1.0,1.0,1950.0,30.0,20.0,20.0,12000.0
e82d894886abcae9bc58caf489ef9cdc,2780a5c4a40f30e3fb695bc67c9c782d,2018-03-05 04:54:52,2018-03-05 05:08:27,2018-03-15,0,sao paulo,SP,45.0,9.34,1.0,1.0,800.0,42.0,8.0,26.0,8736.0
2a2facd836dcb344b5af3736c563b1ac,2543c80010d02dc24fe29ea907085409,2017-08-23 09:11:03,2017-08-23 09:25:47,2017-09-13,0,espirito santo do turvo,SP,59.9,11.92,1.0,1.0,200.0,16.0,2.0,20.0,640.0
925f43c2d4991e4360c5a7435c5431a3,51099d172d85ee8e5693acfcbbd0f0a9,2017-03-30 22:38:45,2017-03-30 22:50:19,2017-04-24,0,taruma,SP,65.9,21.93,1.0,1.0,3050.0,30.0,12.0,30.0,10800.0
b0afae22d864d70e1af1d87a017c71d0,f489398e8dfad1028b7e94874dc9fa29,2018-03-06 01:05:27,2018-03-06 01:48:39,2018-04-03,0,piranguinho,MG,155.55,18.97,1.0,1.0,4338.0,17.0,12.0,14.0,2856.0
d582acccde83cb5e07d2fe4fc8d00798,578d1924371af5bd50a63c3530017b8c,2018-02-07 13:32:59,2018-02-07 13:51:22,2018-03-13,0,taubate,SP,79.9,21.05,1.0,1.0,6850.0,59.0,22.0,37.0,48026.0
08ea65e91550ee222548404d16eb06b4,10991df83f792039271d758081a2aca8,2017-11-14 23:59:15,2017-11-17 04:15:38,2017-12-04,0,florianopolis,SC,,,,,,,,,
bfb8512783ccd2271d2e96d3b856bf2b,4ee7fc32553f4f1cda85112b9a2719e3,2017-09-16 12:37:51,2017-09-16 12:45:16,2017-10-06,0,recife,PE,1649.99,33.42,1.0,1.0,2600.0,16.0,31.0,39.0,19344.0
666642b8ede81bde2dfe4365b47b1ba8,2ee6a7340934c1c8c08bd9ec1187e919,2017-12-07 11:37:39,2017-12-07 15:01:36,2017-12-26,0,sao paulo,SP,49.0,7.78,1.0,1.0,400.0,16.0,2.0,20.0,640.0
9003cc0e30b2b21adb912a390fe9bb68,d6243b98d81e3ac0330d5aeca2b78b5d,2017-05-16 09:38:45,2017-05-18 02:30:48,2017-06-05,0,paulinia,SP,219.8,27.58,1.0,1.0,800.0,78.0,3.0,52.0,12168.0
32db4da13d5f0ad10781de19e0973e88,a087f4c8f28a68fda9ee625b34e41b7b,2017-05-15 11:03:40,2017-05-15 11:15:17,2017-05-31,0,piracicaba,SP,10.99,11.85,1.0,1.0,100.0,16.0,4.0,11.0,704.0
096b88181e326e47c571be4560692555,8ec2ff0f89db489ab703d4be25831be6,2017-08-21 13:14:42,2017-08-21 13:25:16,2017-09-01,0,sao paulo,SP,7.59,7.78,1.0,1.0,100.0,16.0,2.0,12.0,384.0
862aee1420df82c0e95e06c154aef9ce,4a1d04ab251480dcdcb41df0c5e41e92,2018-03-27 16:47:09,2018-03-27 17:11:17,2018-04-09,0,poa,SP,169.98,22.44,1.0,1.0,1400.0,30.0,20.0,26.0,15600.0
7f949bbc94c8580ad60e90fd93358395,236ec63256bb9c3e17bf8a07a310e353,2018-02-14 23:28:31,2018-02-15 20:46:36,2018-03-13,0,niteroi,RJ,199.0,16.14,1.0,1.0,4050.0,17.0,11.0,13.0,2431.0
51c1232b13f85df0b7704af559d49c07,0230afeb8b53c8833e1cfc3a17ee2016,2017-07-15 16:28:04,2017-07-15 16:43:38,2017-08-01,0,sao paulo,SP,32.9,12.48,1.0,1.0,950.0,25.0,11.0,15.0,4125.0
891aa648b48d27ce10d74e86d312d411,ba9a9f680e0ce9c248e43df637331ff6,2017-03-30 19:40:29,2017-03-30 19:50:18,2017-04-27,0,cubatao,SP,90.0,11.24,1.0,1.0,400.0,25.0,12.0,32.0,9600.0
a663eb567d6e0db6362cc10977fef5a2,4cad8026a6d4456f6dca8c9c40e0f349,2017-10-13 08:57:11,2017-10-13 09:14:30,2017-11-10,0,floriano,PI,70.9,34.3,1.0,1.0,250.0,16.0,4.0,20.0,1280.0
ac9394e6566c5245be91e3dd87c8d5e9,1b373354ee8504335880567cbc6447f4,2017-11-24 14:33:35,2017-11-24 16:35:24,2017-12-18,1,belo horizonte,MG,199.8,34.4,2.0,1.0,1387.5,32.5,10.0,34.0,11050.0
60180f4646c22066c948bddfa24cb0c7,34b00598403adaca9fad22b7d6ceb960,2018-01-06 11:05:53,2018-01-06 11:19:52,2018-01-24,0,americana,SP,45.0,9.34,1.0,1.0,800.0,42.0,8.0,26.0,8736.0
d4181bfdc2de0b7a83418bb197ca5334,c2858ae4e6680baa31f5a6cabe4b8055,2017-07-25 16:56:59,2017-07-26 16:50:17,2017-08-16,0,florianopolis,SC,127.48,15.64,1.0,1.0,442.0,20.0,19.0,17.0,6460.0
977c422fe0aba1010810e690cf725b20,45f6cd0d5df906042e1828a4cd5a095f,2017-10-22 18:57:54,2017-10-22 19:14:13,2017-11-09,0,varzea paulista,SP,65.0,11.95,1.0,1.0,491.0,19.0,12.0,16.0,3648.0
cc91697062f893c9903a248153c34e8d,553c6d0e5cb98f7510e2b0ae4a1acc25,2017-10-12 16:48:22,2017-10-13 19:49:13,2017-11-16,0,maraba,PA,40.0,25.63,1.0,1.0,50.0,16.0,16.0,17.0,4352.0
5a962ab275ff0511438ef6b791d5d31b,f0c86121ca6c4e73fcb22877d2a0d35a,2017-10-22 11:20:45,2017-10-22 11:35:18,2017-11-29,0,sao paulo,SP,220.33,26.38,1.0,1.0,3250.0,24.0,30.0,24.0,17280.0
c41906f7053eefe5d449b6b4507fb216,383336a9e5a474511f40c413fe6db79d,2018-03-19 12:50:41,2018-03-19 13:09:19,2018-04-11,0,fortaleza,CE,12.6,19.04,1.0,1.0,125.0,22.0,11.0,16.0,3872.0
4955ee3a893b3b780fedd621473486b7,2e5e8c70b061b9754a3421dfea97bc07,2017-12-05 19:32:40,2017-12-05 19:54:55,2018-01-04,0,bom jardim de minas,MG,49.9,16.11,1.0,1.0,1100.0,54.0,18.0,18.0,17496.0
75b7d764765f4cf3a5f03e7f3f35319f,f680ea76654a400d48f8ca6d16a20442,2018-01-22 15:54:09,2018-01-23 03:52:57,2018-02-19,0,ilhabela,SP,8.99,15.1,1.0,1.0,150.0,17.0,4.0,13.0,884.0
77e1cc2ffec141e9953220a084af5951,873d4758d873a2b0ac64c037870a27c5,2018-02-05 21:26:21,2018-02-05 21:50:25,2018-03-01,0,mongagua,SP,499.99,39.01,1.0,1.0,15100.0,59.0,32.0,22.0,41536.0
b7db45f8be850ed08d9790e874772966,61fe8bb74fbc2eac555010a7bbe4914f,2017-12-19 15:54:00,2017-12-19 16:10:16,2018-01-23,0,fortaleza,CE,149.0,26.32,1.0,1.0,444.0,20.0,14.0,16.0,4480.0
e1090e366ab626c68ca02d56a6dd1821,1bd7e7f56fdc321a90128087e3e3e220,2017-11-05 10:22:00,2017-11-07 07:30:38,2017-12-04,0,porto alegre,RS,189.9,20.82,1.0,1.0,3000.0,85.0,15.0,23.0,29325.0
14ac73e061a88e655cc2d6b984f3c81d,8ff463c5677e1f1ccedabe1c90d3d53e,2018-01-26 21:18:51,2018-01-26 21:32:07,2018-03-02,1,rio grande,RS,29.9,28.75,1.0,1.0,200.0,16.0,16.0,16.0,4096.0
39d0bd05538b0d573193744390e86223,0b0290e3b438fc7f16a9b256a7409bfa,2018-02-27 09:51:00,2018-02-28 09:30:56,2018-03-22,1,bom jesus do itabapoana,RJ,139.9,15.73,1.0,1.0,100.0,16.0,5.0,11.0,880.0
6c59866fa177b6a7321592a88b0dc718,5f5807b2902d221edab3af4b1268ab00,2017-09-05 10:05:42,2017-09-05 10:15:12,2017-10-03,0,sao paulo,SP,97.9,17.17,1.0,1.0,1700.0,41.0,10.0,35.0,14350.0
164dbb4002232a772ca7a4c9b51eec97,3cf85202261badd2a310a9add67b7cce,2017-11-08 22:53:22,2017-11-08 23:11:11,2017-11-28,0,teodoro sampaio,SP,20.3,11.85,1.0,1.0,200.0,16.0,2.0,20.0,640.0
1b307ea4f5d5bdc7289afe051242dc2f,64371168bfc7897e0e911783d3de0a3c,2018-04-11 13:34:57,2018-04-11 13:50:43,2018-04-26,0,santo andre,SP,259.54,18.52,1.0,1.0,450.0,20.0,12.0,15.0,3600.0
1566b03e9df5420213f4e45d3b753aa2,016784346c1119828280815c2c6dda98,2017-12-17 20:45:17,2017-12-19 09:50:56,2018-01-12,0,sao simao,SP,38.9,13.37,1.0,1.0,1106.0,19.0,22.0,18.0,7524.0
82f4132e89e21a9294ff6bee8e6a9a3a,3dbac935fb077003b3cd7b6e9ae9ecb7,2017-04-01 11:23:53,2017-04-04 05:45:13,2017-05-12,0,arapiraca,AL,15.0,20.8,1.0,1.0,200.0,17.0,5.0,14.0,1190.0
342aec7e6313f37e8c61478fa378b7dc,5b1994bd2076858421ee0d203c3cd206,2017-10-12 16:16:15,2017-10-12 16:35:19,2017-11-08,0,santa luzia,MG,39.0,16.11,1.0,1.0,600.0,40.0,10.0,25.0,10000.0
d53c5f1bf34ccafbdf3606104e7c1c8b,e747a1f3f5d2a25522b4d67db7cc6a13,2018-01-21 16:06:23,2018-01-22 13:53:13,2018-02-23,0,olinda,PE,249.7,19.03,1.0,1.0,620.0,20.0,13.0,13.0,3380.0
23ad1ae9db6999293449603e1a247803,d71a8cffeb2a8ca4ad2375b72d94c8ad,2017-01-26 16:25:37,2017-01-26 16:35:23,2017-02-22,0,sao carlos,SP,139.9,11.59,1.0,1.0,5050.0,45.0,15.0,35.0,23625.0
99beb0ca1e257ea579db2f8e68d0165c,b9d25a78c4295ec207824ac5dc4d327b,2017-03-14 11:32:40,2017-03-14 11:32:40,2017-04-06,0,cachoeiro de itapemirim,ES,49.0,20.67,1.0,1.0,4800.0,22.0,63.0,22.0,30492.0
8c5c95d76d1bd802cde533288848d786,b3a679397fd9fc5140a33c5033458395,2018-01-20 12:38:11,2018-01-20 12:50:59,2018-02-15,0,juiz de fora,MG,54.9,16.14,1.0,1.0,600.0,30.0,12.0,20.0,7200.0
ebc54f9d25f320184ed5cd3953e6a2cc,b0b902bc9c7f025dfdcfe2095f6c189f,2017-07-18 13:44:15,2017-07-18 13:55:15,2017-08-07,0,sao paulo,SP,65.9,12.8,1.0,1.0,900.0,25.0,5.0,17.0,2125.0
192c5379ad41152204eac37621f9b8b5,c08931eb5c4bf40f48501b0d434f8c40,2017-12-13 12:59:04,2017-12-13 13:11:54,2018-01-17,0,passo fundo,RS,243.89,17.47,1.0,1.0,900.0,28.0,20.0,20.0,11200.0
e3a456432c2847da83a3cfb4fa72d9db,fd79d84ccc418c200ac0633a12166a71,2017-11-21 21:40:05,2017-11-21 21:52:57,2017-12-08,1,niteroi,RJ,24.62,14.1,1.0,1.0,490.0,20.0,18.0,16.0,5760.0
f0107a10578d0418c07ddd6bbec0f94c,be10f8d6a8eaf7abc4b481e668f080ce,2017-07-04 10:48:43,2017-07-04 10:55:17,2017-07-24,1,uba,MG,39.9,14.08,1.0,1.0,400.0,17.0,8.0,17.0,2312.0
bb00eb2dd9a64942be2a153901aae546,1c45c50d6eeeb77c888f37596c99ba5c,2017-08-20 20:50:18,2017-08-22 04:06:47,2017-09-11,0,sabino,SP,325.0,13.77,1.0,1.0,400.0,34.0,4.0,22.0,2992.0
689338a5ff7fc20c596ee2695dfac8c3,2254b94e0f630fbf407e03563b0747c5,2018-01-21 16:34:52,2018-01-24 08:31:52,2018-02-14,0,ubatuba,SP,49.9,13.37,1.0,1.0,1750.0,37.0,22.0,40.0,32560.0
d46993f8bb61402cf53ed368bfca017e,5964c075c70c23bd07753f8cd1503c55,2017-05-23 08:19:07,2017-05-24 02:50:22,2017-06-14,0,sao paulo,SP,49.9,17.6,1.0,1.0,1300.0,43.0,5.0,30.0,6450.0
e985dab0862fa067f40e4c0d54a7405f,384d79f1020310fdeecaf440abd4f0ca,2017-03-18 17:27:44,2017-03-18 17:27:44,2017-04-17,0,sao bernardo do campo,SP,34.2,14.12,1.0,1.0,4900.0,25.0,60.0,25.0,37500.0
7a73fa784937ecc3d3f4a6fdd795ee1c,f698ecbcdf5e7530bc1fb607f8407479,2018-02-21 20:46:03,2018-02-22 02:15:49,2018-03-20,0,macuco de minas,MG,199.0,16.14,1.0,1.0,335.0,17.0,11.0,16.0,2992.0
189711984919a2bdda375153d796d096,69c095e20533ed0e7245ab4ad0282fac,2017-07-01 20:13:01,2017-07-01 20:25:11,2017-08-02,0,salvador,BA,26.0,17.92,1.0,1.0,500.0,30.0,12.0,17.0,6120.0
d6de1a325f87726ee52e1ffe80c35a1a,edcefb33e1e2137e0bd7c05764a99f84,2018-04-10 14:42:59,2018-04-11 05:50:33,2018-05-17,0,rio de janeiro,RJ,29.9,15.23,1.0,1.0,250.0,20.0,5.0,30.0,3000.0
6fbee8112bd7aa6e40520d182952bee3,b77d8b017bee4578bb65581f09c6167c,2017-11-11 23:20:35,2017-11-11 23:30:38,2017-12-13,0,brejo santo,CE,49.99,26.89,1.0,1.0,400.0,16.0,2.0,11.0,352.0
c830cc216aadfbfc979193cf372cae2d,9bbbd8b1e256e236f1d77b4fc5f4a17d,2017-08-09 15:02:38,2017-08-09 15:15:09,2017-08-29,0,caraguatatuba,SP,51.8,23.7,1.0,1.0,150.0,16.0,16.0,11.0,2816.0
f7d960d092a081a1124e6f27cdeb2130,41f91ce48b296660bfe6c74c0eb433bd,2017-04-08 22:07:33,2017-04-11 03:45:19,2017-05-12,0,campo novo do parecis,MT,42.99,22.28,1.0,1.0,700.0,35.0,7.0,27.0,6615.0
85753864d88f4986b209b6e2b035fd3b,f3eadc8ea3f4d94285eaa4e05a0a7c6e,2018-01-05 15:22:44,2018-01-05 16:13:31,2018-02-05,0,rio de janeiro,RJ,250.0,19.0,1.0,1.0,3400.0,55.0,50.0,11.0,30250.0
70e1e65e23050b71f1357ebf72506b73,c41f490cc00d7e860ba2f20d525fca3b,2018-01-21 17:44:36,2018-01-22 13:55:27,2018-02-15,1,rio de janeiro,RJ,179.99,21.75,1.0,1.0,2175.0,17.0,17.0,50.0,14450.0
1b3190b2dfa9d789e1f14c05b647a14a,d306426abe5fca15e54b645e4462dc7b,2018-02-23 14:57:35,2018-02-23 15:16:14,2018-03-15,1,rio de janeiro,RJ,144.99,17.26,1.0,1.0,1050.0,36.0,24.0,22.0,19008.0
5b16a0b742790fb2d2d775808a9d54a5,a7d883e36372d36485c93fd1fd7cbe9d,2017-04-26 19:25:47,2017-04-26 19:35:15,2017-05-26,0,imbituva,PR,69.9,14.66,1.0,1.0,304.0,27.0,17.0,27.0,12393.0
295f0c892077fab482adb25cfc37aa79,f89b57f80359481e71b0cd3001268136,2017-07-06 13:31:05,2017-07-08 00:15:34,2017-08-07,0,anta,RJ,,,,,,,,,
92b56c79ee136de9db64ceafdf002f72,94c83c89df9c4e9fd402f2b6a4316391,2017-05-08 15:58:21,2017-05-08 16:10:22,2017-06-08,0,figueiropolis d'oeste,MT,18.99,16.79,1.0,1.0,100.0,18.0,3.0,12.0,648.0
893f7dbf0468472c94499e6143a45541,bd67767321f1daabd54569875f9a74cb,2018-01-15 16:02:22,2018-01-15 16:12:34,2018-02-06,0,sao paulo,SP,329.93,22.71,1.0,1.0,1087.0,39.0,28.0,33.0,36036.0
e67084522c92fecab73ff064333c4d62,71c5de0f94eacd6a175c1359ffb7f10c,2017-05-15 10:14:17,2017-05-16 03:42:35,2017-06-14,0,parambu,CE,18.99,25.63,1.0,1.0,75.0,18.0,3.0,12.0,648.0
ff0286485ce9c3f1d6ed22a4c7402060,f2b7b740f0eec308afa55f1a994f21b8,2018-02-14 16:06:44,2018-02-14 16:30:38,2018-03-07,0,rio de janeiro,RJ,239.6,79.64,1.0,1.0,8525.0,27.0,58.0,28.0,43848.0
0608b2d283db5e818a5056e8afc122b5,7236ccefd5966e8c04b55d723fbd0ad6,2018-03-14 11:26:07,2018-03-14 12:40:27,2018-03-26,0,campinas,SP,46.0,7.39,1.0,1.0,10000.0,40.0,34.0,44.0,59840.0
e0ba4b3c107e06a39d608c7442467d85,08d7418c7329e60d4537f2218b4c8b49,2017-12-09 23:52:16,2017-12-10 00:47:52,2018-01-15,0,ijui,RS,122.0,32.38,1.0,1.0,900.0,25.0,5.0,25.0,3125.0
c0603a22603d11f1236324c7e8da1478,3d721df95ee50e67024b60dc2f968ae9,2017-06-10 21:01:55,2017-06-10 21:10:14,2017-07-12,0,maua,SP,71.82,13.52,1.0,1.0,1400.0,22.0,12.0,33.0,8712.0
2eb223bca7f1fae261d99669d7e8b20d,a77fbe2826d37bc0d1c1965291a08956,2017-08-07 13:39:33,2017-08-07 13:50:20,2017-08-18,0,pindamonhangaba,SP,190.0,10.74,1.0,1.0,1000.0,34.0,15.0,15.0,7650.0
1db142fdab73b764609d8a15e7dd5a38,b7f840ef94a2311ac205dce9a1aac7bc,2017-06-08 16:14:56,2017-06-08 22:31:16,2017-06-22,0,sao caetano do sul,SP,379.9,13.86,1.0,1.0,1525.0,27.0,23.0,24.0,14904.0
1753e585ae25cd90fd3e8adfeaff0feb,e66b97f27c737e80c69d24094d6038ee,2017-05-19 17:27:49,2017-05-19 17:35:20,2017-06-20,0,contagem,MG,130.0,51.46,1.0,1.0,1032.0,17.0,15.0,16.0,4080.0
eabcc26c288f8e0b366520f24014f8b0,b46f53945d890c2f7ab73763bb6fca0f,2017-05-29 15:42:48,2017-05-29 15:55:23,2017-06-19,0,nova odessa,SP,139.9,14.0,1.0,1.0,1700.0,34.0,7.0,32.0,7616.0
2430ed6f30289e7500af6662d22f14c1,a5721a359e975fa760eed74e21cc4bc1,2017-11-07 18:29:08,2017-11-07 18:46:36,2017-11-30,0,teofilo otoni,MG,36.79,17.6,1.0,1.0,888.0,25.0,21.0,20.0,10500.0
08cdab6e94bb86120c0041ba5ce8697a,18ac7a8656ad6df90d87898357a8a85d,2017-10-02 11:22:04,2017-10-04 02:44:04,2017-10-31,0,itinga,MG,189.8,28.78,1.0,1.0,1350.0,41.0,10.0,35.0,14350.0
a67c02dc9c53a5bae76418bff0a534cf,e61ea22e533a289c47e88ab43d594bb8,2018-02-26 19:21:16,2018-02-27 19:15:20,2018-03-21,0,andradina,SP,750.0,43.09,1.0,1.0,9050.0,45.0,33.0,35.0,51975.0
de70c6f08877949ed4973bb0e4aaaa77,fb669b7a4d4ea214fb00d2e4cd70b321,2017-07-19 01:26:50,2017-07-19 01:43:46,2017-08-11,0,rio de janeiro,RJ,150.0,15.81,1.0,1.0,800.0,35.0,30.0,40.0,42000.0
da76e3c8bc4ce67a5b382cfdeb67edde,df8f16eb33e87d3426aefccf7e3c4ecf,2017-05-29 20:47:13,2017-05-31 06:55:39,2017-06-26,0,sorocaba,SP,28.9,11.85,1.0,1.0,200.0,16.0,7.0,11.0,1232.0
df537c849af44beef86a7ef7de12126a,e97a76910029690bc1f5b67376c38af5,2017-01-19 21:48:41,2017-01-19 22:01:56,2017-03-15,0,cesario lange,SP,29.4,10.96,1.0,1.0,100.0,17.0,17.0,17.0,4913.0
4ba72d2e0a210b56b5635bbc33599cf2,9bc337d75d1f580b3a4a3af1090ec8f0,2017-05-22 14:58:57,2017-05-22 15:05:20,2017-06-13,0,francisco beltrao,PR,193.0,16.1,1.0,1.0,200.0,24.0,7.0,14.0,2352.0
fee04510f8e4bd36d10789bdbe55eae2,355acc2c291066f4d41f954918f11eef,2017-08-24 19:56:08,2017-08-24 20:10:15,2017-09-15,0,sao jose do rio preto,SP,56.99,11.9,1.0,1.0,400.0,18.0,11.0,20.0,3960.0
e0ffd1287f544946a6a6a2dca083e37f,cc12f903cb4dfe438e7cda0765a8cbdb,2018-02-08 19:45:42,2018-02-08 19:55:31,2018-03-02,0,rio de janeiro,RJ,219.0,40.46,1.0,1.0,5350.0,40.0,20.0,40.0,32000.0
2c7166305c873b61875185c04a58fce5,6eefcbb934fc4db2d70ac7fa4759afb3,2017-10-10 09:27:07,2017-10-10 09:45:48,2017-11-13,0,capoeiras,PE,143.0,47.53,1.0,1.0,1250.0,26.0,21.0,20.0,10920.0
5519f6280de7d1712691ab0654fbd0c0,4b6cc748c9b98d12cef260aa6d33d5b7,2017-11-16 14:12:24,2017-11-16 14:27:08,2017-12-04,0,sao paulo,SP,140.0,9.73,1.0,1.0,175.0,20.0,20.0,20.0,8000.0
df408c5fd9ac041cb84e393a6ff9e75c,501da9e5d17a0a47149b7c9c6fcfe392,2018-01-19 23:04:51,2018-01-23 03:37:39,2018-03-28,0,salvador,BA,79.99,41.63,1.0,1.0,8000.0,53.0,74.0,18.0,70596.0
f9542e833e765ebde05fa8449989fc83,26f548cf7e36c8ff56020cc845f5df8c,2017-04-05 21:40:45,2017-04-05 21:50:12,2017-04-28,0,nova iguacu,RJ,29.0,14.52,1.0,1.0,250.0,16.0,2.0,20.0,640.0
3f925ae7ffff56f13e03e8bd5711ca70,2f55c214219aff9e61c70c1edba35df8,2018-02-28 19:35:02,2018-02-28 19:50:02,2018-03-20,0,areal,RJ,239.99,15.27,1.0,1.0,2000.0,50.0,17.0,30.0,25500.0
aee4a272cfe5c5e7d83360d9ad2206e7,1c0c100dbd7780831a70ab4e78c5a584,2018-01-16 12:07:53,2018-01-16 12:19:21,2018-02-06,0,cajati,SP,39.0,11.85,1.0,1.0,250.0,23.0,26.0,15.0,8970.0
39948b49e7e68844f9f5a31d12a3c4c6,810d6e6ff6e67c94075b39488b77632c,2018-03-20 17:23:39,2018-03-22 02:50:09,2018-04-06,0,paulinia,SP,258.68,35.64,2.0,1.0,2125.0,43.0,11.0,35.0,16555.0
fc3aa05d6850a6420531377b15473f98,6ba6cff11767c3af78bebf58fe6e6cba,2017-08-28 19:47:20,2017-08-28 19:55:25,2017-09-08,0,sao paulo,SP,219.99,8.79,1.0,1.0,400.0,22.0,12.0,17.0,4488.0
b1bd04a7557894a01ad5bd542caa8468,bda00833104c70fdb43e0de7e44599cf,2018-01-08 23:03:22,2018-01-08 23:15:34,2018-02-08,0,caxias do sul,RS,47.9,16.11,1.0,1.0,650.0,16.0,10.0,11.0,1760.0
e27f8086e3d62693b719af33a78cffdc,95129f5993ceb68c165a5d9be08c1926,2017-04-12 16:39:44,2017-04-12 16:50:20,2017-05-04,0,sao jose dos campos,SP,69.9,11.1,1.0,1.0,400.0,16.0,16.0,16.0,4096.0
f5d086ba1ba04aa3f5417e0b6961348a,fce713ce55413765136bfd209d5a6542,2018-01-25 17:47:37,2018-01-26 03:16:46,2018-02-20,0,belo horizonte,MG,115.19999999999999,45.33,1.0,1.0,650.0,20.0,35.0,20.0,14000.0
4722880b47a0cc081c878a5a1ba8fc21,f60469d80235aa2920161757357321ac,2017-10-04 09:10:06,2017-10-04 09:28:11,2017-10-31,0,palmas,TO,8.5,17.63,1.0,1.0,150.0,16.0,6.0,14.0,1344.0
150dc175b7b194d73dcf47f08fba98c1,3abab18d333632bb552ef5bb5ab8cc25,2018-02-20 20:27:07,2018-02-20 20:35:34,2018-03-15,0,volta redonda,RJ,19.9,15.1,1.0,1.0,250.0,35.0,13.0,19.0,8645.0
7b2a59ac3925f388c847aa4b8c3b9cd7,9a08d4100860cb1c8033a2c80f45c3e0,2018-02-09 18:34:05,2018-02-09 18:48:24,2018-02-23,0,sao paulo,SP,47.49,9.94,1.0,1.0,175.0,23.0,21.0,21.0,10143.0
60b8f5496f3fa2d3dbe08692dc63b4b3,ad8653edd19b5fce6af3a75366bcb7b2,2017-03-18 09:39:29,2017-03-18 09:39:29,2017-04-19,0,rondonopolis,MT,24.9,20.8,1.0,1.0,100.0,21.0,9.0,13.0,2457.0
6abb2dd22e301e03c68d0b4e55cf5560,d652330fde451d2476a123ad0650bd20,2017-02-04 19:47:02,2017-02-07 03:55:10,2017-03-01,0,rio de janeiro,RJ,99.99,9.69,1.0,1.0,704.0,25.0,22.0,23.0,12650.0
78532828d00531b29b635848828001f9,a32c679c1442b98bedec979ba6015019,2017-07-20 08:41:22,2017-07-21 02:45:12,2017-08-31,0,uberlandia,MG,49.9,26.89,1.0,1.0,800.0,16.0,16.0,11.0,2816.0
fc7751d45cde74709da50019543e755e,a3a1aad42cd8cf0be115ba5dd3b49db5,2017-04-28 20:13:41,2017-04-28 20:25:12,2017-06-08,0,olinda,PE,59.9,20.87,1.0,1.0,500.0,17.0,5.0,13.0,1105.0
c05a69ea679c56b6437490f5d8eb7a77,8162c84c0c0b52ba588177cc17e384f0,2017-09-17 11:53:52,2017-09-18 11:51:28,2017-10-17,0,dourado,CE,199.9,18.68,1.0,1.0,250.0,16.0,11.0,11.0,1936.0
89df20c6ed881fc9d841a717c76a212b,dc0601b04f43f219b2cefc8025fe4673,2017-06-16 10:33:12,2017-06-17 10:25:15,2017-06-29,0,belo horizonte,MG,31.9,8.11,1.0,1.0,200.0,41.0,2.0,29.0,2378.0
2da58e0a7dcfa4ce1e00fad9d03ca3b5,dd9e6825c25b74726720391d01006dfc,2018-02-21 14:02:31,2018-02-21 14:30:36,2018-03-14,0,rio de janeiro,RJ,97.07,61.42,1.0,1.0,3550.0,16.0,60.0,90.0,86400.0
c6dfaf0f0cbfbb5e1f2964e4feb57160,8a6fc2f3ec46301a9bafbbf99b013157,2018-03-28 19:41:03,2018-03-28 19:55:17,2018-04-16,0,sao paulo,SP,28.9,15.23,1.0,1.0,100.0,24.0,4.0,34.0,3264.0
a3beebf1efa956ba70cf01a80c483367,9da570dd0f573074ad3458b7ba281a62,2017-10-12 15:15:50,2017-10-12 15:28:10,2017-11-06,0,pocos de caldas,MG,,,,,,,,,
75f6ded14ff770cff5dab61532421db4,bbf5e98dabf1bdac752afc68f8032bda,2018-04-03 08:37:21,2018-04-03 08:50:14,2018-04-20,1,sao mateus,ES,15.0,18.23,1.0,1.0,150.0,25.0,7.0,16.0,2800.0
9770c3f4247444a2eee4669344bc4955,e71691d525acc2491f67ddcdf86ea428,2017-04-20 09:48:42,2017-04-25 08:23:10,2017-05-12,0,lagoa santa,MG,31.0,14.52,1.0,1.0,390.0,23.0,14.0,17.0,5474.0
b21c9bac60c92e8b6ba770accf270445,49458e71378c6be16ff3b21b6e83676c,2018-03-01 13:15:46,2018-03-01 13:30:32,2018-03-22,0,rio de janeiro,RJ,175.0,15.98,1.0,1.0,6663.0,17.0,11.0,13.0,2431.0
5f4a93e06fbb6c09a0f4afec6a1ea960,178e7d9d5737485a7a3fc47c9bc32f36,2017-11-15 19:19:02,2017-11-15 19:35:36,2017-12-06,0,sao goncalo,RJ,119.84,15.6,1.0,1.0,1000.0,55.0,3.0,11.0,1815.0
263282727ab0aad6f73aa81e70ba88c4,d4f12ccbfe1440f1b0b653884eedfaf8,2018-01-13 14:25:15,2018-01-16 03:50:19,2018-02-01,0,campinas,SP,189.99,17.03,1.0,1.0,8050.0,55.0,35.0,25.0,48125.0
05fcd933547be81890bc4d62357fdf3f,a38a9ffb610562b589318c8b263e0d5b,2017-07-19 10:17:34,2017-07-19 10:30:13,2017-08-08,0,sao paulo,SP,359.6,48.52,1.0,1.0,300.0,16.0,16.0,16.0,4096.0
c84ef2a01e44394c9dfef910a4c70df5,2807ccb86c70a612c783f4d658dd8848,2017-11-10 11:45:58,2017-11-10 12:09:45,2017-12-06,0,cuiaba,MT,129.9,16.35,1.0,1.0,400.0,21.0,7.0,15.0,2205.0
113035b11296fba96615d97215b9e301,c76b3c74f7a361753f9b9cae17614acc,2018-01-08 14:23:44,2018-01-08 14:35:21,2018-01-31,0,lorena,SP,134.9,13.28,1.0,1.0,1600.0,35.0,50.0,20.0,35000.0
1cc4e549e16c732db4d9228fce789407,3146904311eaf296187c7c7768d78210,2018-02-27 09:57:31,2018-02-28 13:15:30,2018-04-06,0,nova brasilandia d'oeste,RO,88.9,42.65,1.0,1.0,210.0,17.0,9.0,12.0,1836.0
18ef2a64141eab548a2c46df2545b1ee,b2df53a0d86cbc9c48616392a6e57c57,2017-02-08 14:41:53,2017-02-10 02:43:14,2017-03-27,0,mineiros,GO,10.0,17.78,1.0,1.0,300.0,16.0,10.0,11.0,1760.0
7e981abcf7b25747fb198f5befcae28f,2053c4249878bd1b9a6f4a22d25dba09,2018-01-10 22:34:01,2018-01-12 02:48:26,2018-01-31,0,carapicuiba,SP,24.9,11.85,1.0,1.0,300.0,25.0,2.0,17.0,850.0
621eb879252e1ef32bfbe6f3eab23b57,a148326eadacadc17eb9594a5617ea83,2017-10-05 20:26:25,2017-10-07 02:45:06,2017-10-30,0,rio de janeiro,RJ,99.9,21.19,1.0,1.0,1825.0,44.0,14.0,34.0,20944.0
6afa0491e7c2b7661f8371616e639c04,dc1f783ac937326cdee2b4d99c366d46,2017-11-16 12:34:01,2017-11-16 13:35:49,2017-12-12,0,ibirama,SC,59.9,17.67,1.0,1.0,1500.0,30.0,22.0,30.0,19800.0
3b7a97d5bd2789c9087188dbfa105445,7c30c73dff64648fbc10d968e6a134ff,2017-05-18 09:03:32,2017-05-19 16:02:56,2017-06-09,0,braganca paulista,SP,490.0,32.08,2.0,1.0,2575.0,30.0,20.0,20.0,12000.0
019aaee09698daf81dcffe9d94a18b5c,e3893e579755de4feb1a4d0313c103fa,2017-08-10 14:04:58,2017-08-10 14:23:38,2017-08-23,0,campinas,SP,75.9,7.79,1.0,1.0,238.0,20.0,10.0,15.0,3000.0
566fe59dc8f089f27c0e739a3891581a,38d54a9478904bfa6d7fca2b36be9fdf,2017-08-03 11:03:47,2017-08-03 13:55:07,2017-08-16,0,sao paulo,SP,40.0,8.72,1.0,1.0,500.0,30.0,20.0,40.0,24000.0
a62de6fa1ce225032f7220425c941b50,d653adc18616e3bf4070236ee0041627,2017-05-24 11:39:16,2017-05-24 12:03:48,2017-06-16,0,artur nogueira,SP,90.8,32.22,2.0,1.0,575.0,30.0,14.0,21.0,8820.0
be74db37c6be2764570dc81e103dc60b,35e459cd733a3cb6d98f593fcc9d67db,2018-01-29 06:24:06,2018-01-29 07:08:57,2018-02-20,0,campinas,SP,4.99,11.85,1.0,1.0,100.0,16.0,4.0,16.0,1024.0
d120a708fb38c8232ca1d0ca112731c5,5380c5d416978c6db0a431ad809ae4a2,2018-01-15 17:26:49,2018-01-15 17:36:25,2018-02-16,0,rio grande,RS,317.99,39.78,1.0,1.0,2300.0,26.0,25.0,47.0,30550.0
c79a29817509b8122a3b3c3a24414866,d08fb3f54daea61a14946491f8cd4ad2,2017-10-11 13:57:07,2017-10-11 14:14:20,2017-11-06,0,jundiai,SP,92.9,14.38,1.0,1.0,2150.0,41.0,10.0,35.0,14350.0
48a6a2ea9e635b0f27e8211023213a25,6d22de51ac143b9d3c0f64d53788ea12,2018-02-05 20:43:03,2018-02-05 20:50:29,2018-03-13,0,rio grande,RS,1561.0,74.51,1.0,1.0,14400.0,55.0,15.0,36.0,29700.0
fb19ce6d26a3e32f5effb9e33c18ebd8,292b3cbe5cdebd3b58ff02871712f7fc,2018-02-06 14:21:01,2018-02-08 07:55:27,2018-03-12,0,monte siao,MG,257.42,18.24,1.0,1.0,11550.0,33.0,12.0,33.0,13068.0
7d000307a29338a053287f79e225e09a,9e684293d3dee5021bfc836040e02a19,2017-09-07 11:53:21,2017-09-07 12:05:44,2017-09-29,0,campinas,SP,129.0,36.98,1.0,1.0,9100.0,42.0,13.0,39.0,21294.0
390d4039e108e33c6a93031f5f3f9e0d,f33b3d6c9af33c35f9a32f66285a6b7a,2017-11-20 11:44:11,2017-11-20 11:56:31,2017-12-08,0,montes claros,MG,419.0,36.29,1.0,1.0,6150.0,30.0,30.0,20.0,18000.0
937f5e59b0d9e52742045419a31f2000,862c73c7b3989c2ceb05f091745a16ca,2018-02-23 22:51:45,2018-02-26 16:15:35,2018-03-20,0,chale,MG,53.9,17.63,1.0,1.0,1800.0,37.0,22.0,40.0,32560.0
4ef814b619124dbb1a4d972c5c8c5446,9d4f80182bcd5568a9a1df457fdde24b,2017-04-11 15:53:25,2017-04-13 02:42:26,2017-05-03,0,sao bernardo do campo,SP,99.9,12.09,1.0,1.0,900.0,20.0,20.0,20.0,8000.0
232a2ccad012f3cb2ebe4ea479e0b1af,ddd680886f3e0df8eceaf99bd327495e,2017-10-09 10:51:59,2017-10-11 03:49:34,2017-11-01,0,sao goncalo,RJ,19.99,14.1,1.0,1.0,50.0,19.0,3.0,11.0,627.0
f05099a928d90c394963b1f0d8360149,511f8f1b15ae846f219dde14f0fbfd5f,2017-08-16 01:56:09,2017-08-16 02:45:10,2017-09-08,0,rio de janeiro,RJ,132.9,62.900000000000006,2.0,1.0,625.0,20.0,30.75,30.25,18603.75
25b5031c6f1b02a190624b01069627c3,b6b658d58a60c4bedf0c112f80e7bcb6,2018-01-24 11:34:34,2018-01-24 15:07:29,2018-02-26,0,firminopolis,GO,37.9,15.1,1.0,1.0,350.0,27.0,8.0,21.0,4536.0
985dbac2172bbf6b32bcca35da50d7a0,3118aefef04e5e97d0e339cd75d6d775,2018-03-26 17:56:18,2018-03-28 17:35:11,2018-04-23,1,natal,RN,987.0,38.71,1.0,1.0,15800.0,38.0,62.0,57.0,134292.0
81a3c1a0ea3b09bad9d4e0a6a3683f4e,e05bcc70a42c95be8c4ba141fc5830e2,2017-12-31 10:07:18,2017-12-31 10:14:30,2018-01-18,0,sao paulo,SP,94.0,15.56,2.0,1.0,200.0,16.0,2.0,15.5,496.0
6b36a70905c0109222b7b3185a1aaa4e,231ab7a5eba5d3bb4cd2219ed9c25515,2017-03-27 08:52:56,2017-03-27 09:05:17,2017-04-18,0,campinas,SP,64.99,14.62,1.0,1.0,245.0,19.0,14.0,14.0,3724.0
c4d7d5a8e5e6c168142085d231c65b79,64a7d42cdb49cee6490de85c12d56403,2017-12-06 13:56:13,2017-12-06 14:12:30,2017-12-26,0,guaiba,RS,1098.0,37.89,1.0,1.0,12950.0,40.0,30.0,40.0,48000.0
2c16fd106856fc1209898f20b68c943c,bb205b0f9f296e7cbb610b231dc401d3,2018-01-20 14:41:44,2018-01-22 13:50:55,2018-02-19,0,armacao dos buzios,RJ,94.0,25.5,1.0,1.0,16550.0,22.0,65.0,40.0,57200.0
27f2fc5cc614685907cc6814ab7701ce,6b954f8f6a637e8f3e2b8174a4fa6c26,2017-11-02 17:38:40,2017-11-02 17:50:32,2017-11-23,0,santa fe do sul,SP,89.9,16.26,1.0,1.0,1383.0,50.0,10.0,40.0,20000.0
76507bbf7372c5261e9cecab5d23c252,ad4a181dcbfd84ad41fbba776d1ea5f1,2017-11-20 15:45:23,2017-11-21 10:16:30,2017-12-18,0,santo andre,SP,179.0,17.01,1.0,1.0,450.0,16.0,16.0,11.0,2816.0
5f4942fc3a59f2e62ae534f981105954,887b8a65e05f6ac52b0084002f88b30d,2018-03-01 08:07:37,2018-03-01 08:29:07,2018-03-21,0,campinas,SP,45.0,12.48,1.0,1.0,300.0,18.0,11.0,16.0,3168.0
844e12775ac8e461b63b4b1d225bb53e,0aff8fa1aa20ee1c70cbce19d7012a70,2018-01-27 10:35:58,2018-01-27 10:55:01,2018-02-14,0,sao paulo,SP,24.9,9.09,1.0,1.0,200.0,20.0,2.0,15.0,600.0
fce8ff96dc39e6ad674a20032e22b435,74bafbdf42aa593dae40b106baaf020a,2017-09-15 14:52:46,2017-09-15 15:05:40,2017-09-27,0,rio de janeiro,RJ,38.9,8.27,1.0,1.0,225.0,16.0,3.0,13.0,624.0
89f6cc8eda8f3816bc27f9ec621ae6e7,ee3887e1bec435a943e9c40e556007b8,2018-01-10 10:53:49,2018-01-10 11:31:43,2018-02-06,0,itumbiara,GO,13.65,15.1,1.0,1.0,200.0,25.0,7.0,16.0,2800.0
f400946403a78fdd034cf522d3f85512,be552266bf47bfc6fa6c793fd74006bf,2017-01-26 10:00:37,2017-01-26 10:10:15,2017-02-28,0,primavera do leste,MT,29.8,35.56,2.0,1.0,200.0,16.0,2.0,11.0,352.0
98851e1a5afa44197e521fc8656fa598,15c502883c5a88805a3d30df33ec577d,2017-10-01 17:52:59,2017-10-01 18:07:19,2017-10-30,0,teresopolis,RJ,182.99,18.85,1.0,1.0,390.0,22.0,12.0,15.0,3960.0
13fd61236a6baeb00aba9df344275a78,4fbd4b0638090bdcac4bd0a0add76ed5,2018-02-02 19:46:27,2018-02-02 20:12:06,2018-02-20,0,sao paulo,SP,29.9,8.11,1.0,1.0,250.0,16.0,5.0,15.0,1200.0
97553c366fcbfb1a3cd27514c50b34d5,eb1ef5f9f5bfd84a2fe58ee9274cc31f,2017-12-05 10:58:54,2017-12-06 02:39:38,2017-12-21,0,diadema,SP,229.99,14.16,1.0,1.0,1700.0,43.0,24.0,31.0,31992.0
04f7b342a4b3d7b33bdf6aade899d685,88d6b2fc68f377ccaf29bfa20fb5064a,2017-08-29 20:25:43,2017-08-29 20:44:19,2017-09-19,0,vitoria,ES,15.48,15.1,1.0,1.0,200.0,18.0,13.0,13.0,3042.0
c6b85930220a1a577a8a8352c7dba78f,715d679d44d3aee77a9592f6fd8c26f9,2017-11-17 15:28:17,2017-11-17 15:47:45,2017-12-27,0,cameta,PA,143.0,38.55,1.0,1.0,1250.0,26.0,21.0,20.0,10920.0
811155730c44e9b55e98d5bfc5e521d7,f524cd02ed38d4ed250fde7e49e4b9d4,2017-02-28 13:40:03,2017-02-28 13:50:16,2017-03-22,0,alfredo vasconcelos,MG,145.0,15.18,1.0,1.0,800.0,36.0,8.0,16.0,4608.0
9fa2b518229715cade50be6375126ebf,6116ca30253940aa1f3a6ae5ce2e624f,2018-03-30 11:08:04,2018-03-31 08:48:04,2018-04-19,0,belo horizonte,MG,109.0,23.3,1.0,1.0,3700.0,50.0,10.0,40.0,20000.0
38e80d72b34e2f2812529ccf6edbdbb4,09dc6ab8331acc30ed0e578301d5fd12,2017-09-27 21:41:08,2017-09-27 21:56:21,2017-10-20,0,contagem,MG,143.8,23.33,1.0,1.0,5950.0,65.0,11.0,65.0,46475.0
dcf4c7f221833bff3e0167a4dee18489,35edc4a10a59c8a8224feb8c19a4a864,2017-11-21 02:03:56,2017-11-21 02:13:24,2017-12-01,0,sao jose dos campos,SP,82.9,9.4,1.0,1.0,600.0,16.0,35.0,25.0,14000.0
cf9df38ea8a894e959f635c3fce5b739,6a24075730b9c1400e48548a5cbd2738,2017-04-06 09:05:53,2017-04-06 10:02:24,2017-05-02,0,sao bernardo do campo,SP,195.99,18.66,1.0,1.0,3600.0,40.0,15.0,35.0,21000.0
d59990b8113b909332b7eb63d417c86a,1a22a929e1167b7a71cc69544814526e,2017-11-26 15:39:40,2017-11-26 15:54:47,2017-12-15,0,sao paulo,SP,24.5,11.85,1.0,1.0,150.0,16.0,12.0,12.0,2304.0
36ea02534d94c9d58bbbd06fddb3fa9a,0446b2b06900bd31f919292a4379ffb0,2017-12-03 17:36:49,2017-12-03 17:52:21,2018-01-02,0,sao paulo,SP,89.99,45.09,1.0,1.0,6050.0,20.0,20.0,20.0,8000.0
1a46be998b91e96ff9bdd066816556d7,2b67890640821ea4b35b9c834c41913a,2018-02-04 15:17:16,2018-02-04 15:30:24,2018-03-07,0,alto paraiso de goias,GO,113.98,32.32,1.0,1.0,850.0,25.0,18.0,40.0,18000.0
2683346722c6565c6c79e08c8264f25f,2a7ba63c9e507356e5670b795ed56a18,2017-09-09 11:45:33,2017-09-10 11:55:13,2017-09-28,0,belo horizonte,MG,88.9,17.87,1.0,1.0,850.0,25.0,15.0,15.0,5625.0
faf6d4b65126b7e12030723b3c8373bb,6718956c40e3a0334742b91dfc8e7ee0,2017-07-02 17:09:41,2017-07-03 20:25:17,2017-08-02,0,salvador,BA,21.99,21.15,1.0,1.0,300.0,29.0,10.0,12.0,3480.0
f3a34019663003872f3892902d2b7b2d,a01d15466cc19da855ba754cafae38ae,2017-12-14 20:46:27,2017-12-14 20:59:25,2018-01-09,1,rio de janeiro,RJ,714.0,82.02,1.0,1.0,1850.0,39.0,12.0,22.0,10296.0
d2625960105421250d7c067b24b462b2,03ce4fbe5fd3c67bfa9c7b6f87dea760,2018-03-18 19:08:55,2018-03-18 19:27:44,2018-03-29,0,sorocaba,SP,139.9,9.33,1.0,1.0,500.0,16.0,12.0,22.0,4224.0
db2745f7e368d3ea3c5423712084795b,b8ad176ac832668fad192c928fe5a40f,2017-12-13 02:49:28,2017-12-14 16:18:22,2018-01-18,0,maceio,AL,349.9,31.98,1.0,1.0,900.0,25.0,12.0,38.0,11400.0
878c411445b7128a9715f6f06ca14bea,ab90a48c16d5533595fc9f34949a8170,2017-05-13 22:46:15,2017-05-13 22:55:13,2017-06-09,0,general carneiro,PR,199.0,18.64,1.0,1.0,2000.0,33.0,44.0,19.0,27588.0
4f5a529c594b7fb29daf6b077313ebcb,d0ded10ea1879d9144131c80f05be330,2017-12-06 16:56:37,2017-12-08 02:39:32,2018-01-02,0,belo horizonte,MG,149.0,14.79,1.0,1.0,350.0,16.0,4.0,11.0,704.0
dba1b6fd34a7fd5961e829fa902ca702,3d97524e491c9aba1f09141ecfde08d4,2017-01-28 23:29:12,2017-01-29 00:36:10,2017-03-15,0,limeira,SP,42.99,18.0,1.0,1.0,200.0,16.0,7.0,11.0,1232.0
70623d7ff2e126f3688dba1042ec9531,fe5113a38e3575c04f5a3413100d4e48,2017-10-23 16:09:25,2017-10-23 16:38:36,2017-11-14,0,niteroi,RJ,1437.0,34.51,1.0,1.0,2750.0,16.0,31.0,39.0,19344.0
9f97d58ef622c6157a17950ab866a5c9,f19b781c401819a9e33140da6fdcf8fa,2018-03-27 07:30:38,2018-03-27 07:46:50,2018-04-13,0,belo horizonte,MG,58.9,13.53,1.0,1.0,6250.0,30.0,10.0,30.0,9000.0
b830f1009892772f1ef2dafa14f4d937,73f18be2e5cfa08095fe3f24975d1b0a,2017-10-09 16:58:37,2017-10-09 17:09:47,2017-10-31,0,jundiai,SP,174.0,13.35,1.0,1.0,125.0,16.0,12.0,12.0,2304.0
771fc969d198bd5102b42e8d8db12364,c78bc72d6f37cf261d7a381fda4bcc82,2017-11-12 09:22:43,2017-11-12 09:35:28,2017-12-12,0,luiziana,PR,109.95,18.34,1.0,1.0,500.0,25.0,14.0,22.0,7700.0
b78ba2e791199cc6293f8abf411fa386,618b370ac43ca5311d8d39d8a466332c,2017-07-09 10:29:21,2017-07-09 10:43:39,2017-07-28,0,taquari,RS,138.9,13.99,1.0,1.0,695.0,30.0,33.0,27.0,26730.0
b0d704a2823bd5fc86a8b47a4671d219,b922bec3f09f25b13a8a646fb8585fb6,2017-11-04 16:37:45,2017-11-07 07:30:50,2017-11-29,0,salvador,BA,49.9,15.79,1.0,1.0,200.0,16.0,7.0,11.0,1232.0
88898c8b7a5b7d3e2291e990f93d274a,767f554678ccdff4206b3fb34329219b,2018-03-04 18:43:35,2018-03-04 18:55:33,2018-04-02,0,sao paulo,SP,192.99,35.52,1.0,1.0,16450.0,63.0,62.0,24.0,93744.0
587ed74a3001b5f1083b78c5bb0090c2,8e6524e5a9d3b947669c4202dcca38c4,2017-05-06 00:20:48,2017-05-06 00:30:26,2017-05-29,0,jundiai,SP,49.9,14.12,1.0,1.0,1300.0,30.0,5.0,22.0,3300.0
06f9b3a828a976a2fca71a4ebf55b1b2,62ec2ffac596b132bb32e5c1b97c604d,2017-12-04 13:31:13,2017-12-06 02:35:46,2017-12-28,0,niteroi,RJ,39.99,14.1,1.0,1.0,115.0,19.0,5.0,11.0,1045.0
71605d625856f93b1ef29569d3cb9c87,869e2244009c6cc7cd52d16f0ce9fd8d,2018-03-19 10:57:52,2018-03-19 11:15:16,2018-04-26,0,rio de janeiro,RJ,115.0,18.69,1.0,1.0,584.0,16.0,11.0,13.0,2288.0
eaa327106ae5437fcdfca397f45beca9,cb93948c1a93db0f9f2ccb86b85efa6e,2017-12-29 14:22:35,2017-12-29 14:28:22,2018-01-18,0,sao bernardo do campo,SP,18.0,7.78,1.0,1.0,317.0,19.0,8.0,16.0,2432.0
c4935bcfe1d63ab17b37fac83c9f05b8,bb0fa453b48c8f4c9a4b461f14123095,2017-07-15 09:42:52,2017-07-18 05:50:33,2017-07-31,0,sao paulo,SP,29.0,8.72,1.0,1.0,500.0,25.0,15.0,20.0,7500.0
5f0d1267a27284c0f27b7bfe756b59b4,a37df39416b121779940a16d0b43178b,2017-11-24 16:12:54,2017-11-24 20:13:31,2017-12-28,1,barro,CE,49.0,28.79,1.0,1.0,1550.0,30.0,22.0,30.0,19800.0
7b2f3756c235e93b2ad6330c54805401,d79764082a836f215312d98c964ce478,2018-03-12 16:54:01,2018-03-12 18:00:56,2018-04-03,1,anapolis,GO,63.99,18.33,1.0,1.0,8450.0,53.0,20.0,33.0,34980.0
3f8ef8494797fd747668dde5870c1a76,b3b7a79be761431b60e2945100e694cb,2017-12-11 19:56:32,2017-12-11 20:11:47,2018-01-05,0,taboao da serra,SP,19.9,14.1,1.0,1.0,364.0,20.0,25.0,11.0,5500.0
5d5b6b66aff814c78983f7f220014db9,32280a7cfdc367286166cb31eb81b8b6,2018-02-05 00:46:08,2018-02-05 01:50:17,2018-03-05,0,cachoeira paulista,SP,56.97,12.74,1.0,1.0,750.0,16.0,12.0,15.0,2880.0
8595563cdfdd7b6274ba3dfef7ab6ed8,d61ef81ec4518a527d7fc8cfd015e0ab,2017-08-19 20:25:59,2017-08-22 04:05:17,2017-09-21,0,morro do chapeu,BA,249.79,60.28999999999999,3.0,2.0,1211.0,41.666666666666664,15.0,33.333333333333336,20833.333333333336
65f87722388463aa7d02023c8f5b11ab,92c2c5b759c20b4d91edd17b0b8572c7,2017-12-05 16:00:46,2017-12-07 15:54:29,2017-12-21,0,ribeirao das neves,MG,,,,,,,,,
0e8b07d6fde25fe5cd3d67ad93943b4e,fc88f088d243fe889616273a5256d9a9,2018-03-26 16:14:32,2018-03-26 16:30:11,2018-05-04,0,porto velho,RO,349.0,29.5,1.0,1.0,200.0,16.0,7.0,21.0,2352.0
9bfee44b6fa92f64b8dcc72d2170686b,29e0e64fe43d5a03a37dc252ba6a1682,2018-01-09 09:21:28,2018-01-09 09:31:31,2018-01-30,0,pouso alegre,MG,26.0,15.1,1.0,1.0,250.0,28.0,4.0,16.0,1792.0
3d149bdb5aeabeaa605acc0cf58f1157,0a49cae060b40b5446c56ec40f7792c4,2017-05-29 17:46:09,2017-05-29 17:55:14,2017-06-21,0,belo horizonte,MG,109.99,17.02,1.0,1.0,1500.0,42.0,25.0,15.0,15750.0
cec8f5f7a13e5ab934a486ec9eb713c8,6be61d704faaff9b97ccf47289ce94f5,2017-03-17 15:56:47,2017-03-17 15:56:47,2017-05-18,0,rio de janeiro,RJ,65.8,29.04,1.0,1.0,800.0,37.0,23.0,35.0,29785.0
3591b137120676965cee41e9cdb29cd0,b20d566928943834c831f5db761cae5e,2017-11-20 10:59:31,2017-11-20 12:15:23,2017-12-14,0,barra do pirai,RJ,146.0,15.77,1.0,1.0,444.0,20.0,14.0,16.0,4480.0
1f01fe794c7b4f7066b38ad326c4bfa2,385a256091b789214a0bfbd295406bf8,2017-11-28 20:04:41,2017-11-28 20:17:23,2017-12-20,1,corumba,MS,89.9,17.88,1.0,1.0,1500.0,40.0,25.0,20.0,20000.0
80ee0a82f590558e393bafe1232ae1f9,23cc364ad40066c905c1a07e4971621a,2017-05-18 11:00:04,2017-05-18 11:10:17,2017-06-14,0,brasilia,DF,95.0,14.42,1.0,1.0,4200.0,30.0,25.0,25.0,18750.0
232a9b3063429a6ae5079afb994164e4,a87ae15da100fdfd87ebfbbbc3b1c3f4,2018-01-10 15:14:37,2018-01-10 15:27:17,2018-02-05,0,porto alegre,RS,109.9,17.02,1.0,1.0,600.0,30.0,40.0,50.0,60000.0
4a8a7a258a9aea5f2d644c863f0c1450,3ef9db9d27ff41f65a8d8cc8aea159c6,2017-03-30 08:35:41,2017-03-30 08:45:16,2017-05-02,0,sao jose,SC,23.9,17.78,1.0,1.0,200.0,39.0,2.0,30.0,2340.0
30a022caf1ba5b86f28124ed216c859f,796ce94893586f6db66268eab548a442,2018-03-06 22:50:41,2018-03-06 23:09:15,2018-04-17,0,colatina,ES,240.0,21.0,1.0,1.0,169.0,16.0,10.0,12.0,1920.0
96e5187ccb9753392e2dcd3beff8f85f,b3aaa85c9690e3e133f5c83529fdb16e,2017-02-10 00:17:54,2017-02-10 00:32:11,2017-03-13,0,curitiba,PR,42.99,14.11,1.0,1.0,200.0,16.0,7.0,11.0,1232.0
db52d0bad6e4192503aaeea87004ed6a,f0331bc1c4f9bb06fcbb14170f225284,2018-03-04 21:38:45,2018-03-04 21:50:29,2018-04-02,1,ribeirao das neves,MG,916.0,23.98,1.0,1.0,600.0,23.0,18.0,20.0,8280.0
b3b4fa618f64e34ba2f7279eceb646e8,35c922a335b8a914109d58b13b9b36cb,2017-07-06 13:55:45,2017-07-08 03:25:23,2017-07-19,0,betim,MG,39.0,8.11,1.0,1.0,200.0,25.0,5.0,15.0,1875.0
118b09c1cf1b29c8401cb7833d29c10a,c5ef4b508381ea9766c2d7e798985bae,2018-01-09 22:03:32,2018-01-10 10:32:05,2018-02-08,0,ituverava,SP,196.9,26.22,1.0,1.0,3100.0,19.0,16.0,19.0,5776.0
53a75d669529740dbfecbfc99b5c13cd,47aa15d805a354b4586f613823305a78,2017-11-29 11:58:07,2017-11-29 12:18:39,2017-12-26,0,barra do pirai,RJ,75.0,21.02,1.0,1.0,2600.0,50.0,10.0,30.0,15000.0
3022b6c855879429f3e89d2927384d91,eb9ecb224ea727eff79b0c19b063da3b,2017-11-27 11:49:59,2017-11-27 11:59:29,2017-12-18,1,rio de janeiro,RJ,99.0,17.94,1.0,1.0,1550.0,44.0,14.0,34.0,20944.0
a8d8d5a9d86caae99bb5bb7b7dadaf00,f0ec95ed700893b211430d1348f6846d,2017-12-28 18:21:09,2017-12-28 18:32:28,2018-02-02,0,mesquita,RJ,248.99,60.29,1.0,1.0,18050.0,75.0,20.0,50.0,75000.0
c756513ece003700723bfa5e6f8abc65,bff87edaf15e6cfa480094a5717d9f0b,2018-03-12 09:39:19,2018-03-12 09:55:33,2018-03-28,0,sorocaba,SP,429.9,17.1,1.0,1.0,7450.0,53.0,43.0,11.0,25069.0
3c664925dceff7ac6d1ce0533c40e07e,520e97ba4dce3dfef4304e6c5afecff9,2017-10-27 17:21:53,2017-10-27 17:35:15,2017-11-27,0,franca,SP,99.7,12.2,1.0,1.0,545.0,21.0,14.0,17.0,4998.0
028e069ddb78a5a7179f1e6734e226c6,7475f775af7286fdb7c6802eade228bf,2017-08-20 12:10:57,2017-08-22 03:45:54,2017-09-13,0,lages,SC,20.99,15.1,1.0,1.0,200.0,18.0,4.0,16.0,1152.0
c2478e79c7727fe8e2b477e3d79ca802,dfee2ea12281e7921e027345be978886,2018-02-21 22:57:00,2018-02-23 02:29:11,2018-03-13,0,tiete,SP,43.0,11.85,1.0,1.0,300.0,16.0,19.0,11.0,3344.0
b03b2909d81f43ae819ad1bce8c47e45,48cf8890c6baa95976ac76bf4be30cfe,2017-06-05 21:01:22,2017-06-05 21:10:19,2017-06-28,0,ivai,PR,590.82,19.9,1.0,1.0,300.0,19.0,9.0,15.0,2565.0
cd23f3689cab3a020096a36f849bcd20,869d14fde517fd8a5fa8016fbf4f7103,2017-12-14 16:34:00,2017-12-14 17:32:32,2018-01-12,0,maria da fe,MG,45.65,15.1,1.0,1.0,200.0,16.0,12.0,11.0,2112.0
e871719502deacb16343832ef4623a07,80a56c8941df38a1adeaf9183c112609,2017-06-27 22:45:09,2017-06-27 23:04:32,2017-07-19,0,passo fundo,RS,104.0,15.48,1.0,1.0,450.0,18.0,13.0,13.0,3042.0
bba6a2e9b906e6d432207b56db6b1452,e1e4a4ce47ab717fed8adc191b1de674,2018-01-16 18:37:26,2018-01-16 18:51:15,2018-02-07,0,rio de janeiro,RJ,69.9,17.74,1.0,1.0,950.0,45.0,15.0,35.0,23625.0
3ac4f30b6ba23f340792aeebba73158b,45b2e2f0f6fc93eecf7802eb6be9a91a,2018-01-27 20:14:42,2018-01-27 20:36:58,2018-02-20,0,assis,SP,579.0,15.55,1.0,1.0,4381.0,18.0,14.0,14.0,3528.0
75a4ec6f4a98993df22205b1ad4da5c5,0f642db7c00e30f1b9182cf2611391d3,2018-02-27 21:26:44,2018-02-27 22:07:48,2018-03-21,0,araraquara,SP,19.89,16.79,1.0,1.0,150.0,18.0,12.0,15.0,3240.0
8f7d40ce4fdd837cf8c757a14fa92154,95c6b1512c5abd1deb0e1d8182d5c32d,2018-03-26 09:37:14,2018-03-26 09:50:32,2018-04-12,0,caratinga,MG,99.9,14.78,1.0,1.0,817.0,33.0,22.0,39.0,28314.0
0af96849112c968e7764ac7f17e4f9f7,83921c0d0f7fbb56e05892c41d5a2445,2017-02-23 16:55:51,2017-02-24 06:50:49,2017-03-16,1,assis,SP,39.99,10.96,1.0,1.0,200.0,20.0,3.0,30.0,1800.0
ad1c49d96d60ad32cea5220dbe6aafda,762e8ea539165da0ae00470a4f8e477e,2018-02-02 17:57:48,2018-02-02 18:31:22,2018-03-01,0,brasilia,DF,23.99,14.1,1.0,1.0,300.0,17.0,4.0,12.0,816.0
ffd3ff583dec4975e6443d6a396f2f36,480b60f05b6caa21bd6edbea402d607b,2017-11-23 23:04:02,2017-11-23 23:12:31,2017-12-22,0,carazinho,RS,156.25,15.84,1.0,1.0,200.0,27.0,13.0,17.0,5967.0
8f89a91120f6ee124abbabe2b1408c2f,0880c134c210f2ac6c3b925bdd4cea3b,2017-12-02 10:03:10,2017-12-02 10:18:36,2017-12-28,0,sao joaquim da barra,SP,89.0,13.64,1.0,1.0,1500.0,60.0,20.0,29.0,34800.0
4ce042e8a6468ee3e7090d9687228184,fe476fb992cfac604d990a6e8b50a434,2018-02-19 14:48:00,2018-02-21 06:05:38,2018-03-05,0,hortolandia,SP,18.99,7.78,1.0,1.0,113.0,18.0,4.0,11.0,792.0
d1e799b4645be8aef2337253468a31f7,4423670dab211b3b055c27e5c310d36e,2017-09-13 08:19:01,2017-09-22 17:10:33,2017-10-06,0,sao gabriel da palha,ES,121.9,18.1,1.0,1.0,1350.0,27.0,9.0,18.0,4374.0
1442b25f1cb6b0dd05c29b7df04aa0aa,1c8fcbabbadcab634eaf27c4fe94e6b7,2017-06-29 20:51:39,2017-06-29 21:55:13,2017-07-21,0,varginha,MG,50.4,15.1,1.0,1.0,2900.0,45.0,15.0,35.0,23625.0
31ac77590bcdea7aa29b868757084904,a56ca9095e2e7e3dc2d068c86fa81d68,2018-02-08 09:31:51,2018-02-09 02:49:54,2018-02-26,0,sao paulo,SP,29.9,8.11,1.0,1.0,250.0,16.0,5.0,15.0,1200.0
f325e51d89497ec9679f6419ab7a3c13,493cbc38a238479a61a6f6a5fdd90ff5,2017-09-08 23:32:18,2017-09-08 23:45:14,2017-10-03,0,sao paulo,SP,59.9,13.44,1.0,1.0,1850.0,37.0,22.0,40.0,32560.0
9705d2eb2b203788b10e2cab9c3598cd,f57991014cde59432cc7c71901b1f32c,2017-08-12 08:19:12,2017-08-12 08:30:14,2017-09-05,0,belo horizonte,MG,139.8,32.5,1.0,1.0,950.0,45.0,15.0,35.0,23625.0
00a9536682ecb394a3794c1608200803,3d64d81cb7d22325994c3ef4ad93d2e0,2017-05-12 23:38:09,2017-05-12 23:50:08,2017-05-31,0,capao bonito,SP,109.9,12.27,1.0,1.0,2000.0,45.0,15.0,35.0,23625.0
a79f746e8d63ce9fc519a61a485e39a3,6277bcb4dd0c639774402e4e926ca789,2018-03-15 00:44:29,2018-03-15 00:56:13,2018-04-03,0,ribeirao branco,SP,24.99,12.79,1.0,1.0,300.0,17.0,4.0,12.0,816.0
abd3f51d3ea91685824a0975e07ab463,15d8ee1ac59990d69adc0a39e9de090f,2018-03-19 23:27:29,2018-03-21 02:48:21,2018-04-19,1,rio de janeiro,RJ,34.9,16.32,1.0,1.0,750.0,101.0,15.0,15.0,22725.0
4f4df0a17ade1a35eec2f9e2ea067af1,a440a578b23acd9e967fbe6f2b0551a9,2017-08-13 12:28:07,2017-08-13 12:45:11,2017-08-25,0,indaiatuba,SP,109.9,9.58,1.0,1.0,800.0,30.0,15.0,25.0,11250.0
0645ff0009ebb4d475c7e9d30520dd21,087f9b43add509b918c1152191f2d243,2017-11-10 20:39:54,2017-11-10 20:50:33,2017-12-01,0,governador valadares,MG,39.9,12.48,1.0,1.0,200.0,16.0,9.0,11.0,1584.0
dfacafa5fce5542f18db6d6bb7ed5d16,11ee259027b2302ab1d54d38f5ec9b12,2018-03-16 06:33:51,2018-03-16 09:05:53,2018-04-05,0,santo antonio do jardim,SP,85.5,13.04,1.0,1.0,1372.0,28.0,12.0,26.0,8736.0
dd21beb23190fb08c8532bb31cd28b34,ae90fb51bbb3bc7230dae1122a4e1e24,2017-10-13 11:30:09,2017-10-13 11:49:27,2017-11-01,0,brasilia,DF,29.0,14.1,1.0,1.0,250.0,16.0,2.0,20.0,640.0
93d59619dd0d3db962c4c8d0db7d88b4,e150a2e1a1747aa6a13fad14bf7458f3,2018-02-10 15:29:59,2018-02-10 15:48:22,2018-03-09,0,pedro leopoldo,MG,113.0,16.55,1.0,1.0,650.0,18.0,18.0,18.0,5832.0
adaf9c2200eccede886e041415e89df1,e72b9285149c7929bf099a373a3e2ad8,2017-10-09 20:57:37,2017-10-11 03:14:25,2017-10-23,0,sao paulo,SP,43.5,9.34,1.0,1.0,625.0,21.0,13.0,13.0,3549.0
4f9b6a9b3216925859301fc767b0fece,8bc8cb1dff878240d081ac6d1e4260df,2018-03-26 13:16:17,2018-03-26 13:27:33,2018-04-13,1,pocos de caldas,MG,37.0,14.44,1.0,1.0,500.0,35.0,14.0,23.0,11270.0
3dfb708634f7341447767f4ee59fce95,fd0e05528dd6037d245eee7d42ba837b,2017-08-30 21:21:00,2017-08-30 21:35:11,2017-09-18,0,chavantes,SP,39.49,12.69,1.0,1.0,800.0,16.0,3.0,19.0,912.0
d63fe1f1621db3763f40ec20a4a8b338,a20526ca1aa3ca00b2292925398750b4,2017-02-25 20:55:27,2017-02-26 21:01:57,2017-04-03,0,pocos de caldas,MG,19.99,14.52,1.0,1.0,65.0,19.0,3.0,11.0,627.0
06efe66e043ee5d43f8d6edcba44d653,c105b81d3a6a33851246796a88ff749e,2018-02-04 08:59:46,2018-02-04 09:10:35,2018-03-08,0,porto alegre,RS,50.0,14.1,1.0,1.0,750.0,16.0,16.0,16.0,4096.0
3fe7c5853b6def3524128a2d44fb3d24,aa5b7785199c225fb6938bf1372d6026,2017-12-15 15:09:44,2017-12-15 15:16:22,2018-01-08,0,parnamirim,RN,34.0,8.27,1.0,1.0,300.0,30.0,2.0,25.0,1500.0
9c8b3e3a0c6ba4c5497158fe7aa2a1d6,dd0329246296428beec510ea36313e31,2017-11-16 12:13:06,2017-11-16 13:15:59,2017-12-19,0,goiania,GO,31.9,15.79,1.0,1.0,250.0,41.0,2.0,29.0,2378.0
b58d52e3a578620cf3e4cd9b2b5a0516,fe7217b7ff946d143c80fd4852c32836,2017-12-04 13:15:11,2017-12-04 16:49:18,2018-01-10,0,recife,PE,40.0,28.75,1.0,1.0,1200.0,21.0,14.0,14.0,4116.0
4df721b8d3b3a4803b1704f3676a420f,3a05feb5eaa782c7558fd51a2ad9c4f8,2017-09-09 18:17:29,2017-09-12 04:55:18,2017-09-22,0,vargem grande paulista,SP,34.9,7.78,1.0,1.0,350.0,20.0,10.0,11.0,2200.0
2f2f32084f6b6ffff53044b351790b7f,5121084fdade95f1a14190925415cfe7,2017-03-07 10:50:10,2017-03-07 11:03:28,2017-03-30,0,ipanema,MG,339.99,17.59,1.0,1.0,1075.0,26.0,14.0,17.0,6188.0
8dd1e8dc5df5298f67ade481b8b652c8,dad0f2e41b6b4b85070b49287a994d37,2018-01-28 18:43:24,2018-01-28 18:51:26,2018-02-21,0,belo horizonte,MG,20.3,15.1,1.0,1.0,200.0,16.0,2.0,11.0,352.0
1bfa3dbef549cf9ba5c5661ef1b63168,e22bab8950872ef60d229f7d6926b58c,2017-01-15 14:35:54,2017-01-15 14:45:12,2017-02-24,0,divinopolis,MG,380.0,39.06,1.0,1.0,10700.0,32.0,63.0,32.0,64512.0
eb7ff80dafc8d0ed8bcba5b21aef9da7,524d40cf543096d912f74f5e21cf3e1b,2017-12-13 19:58:00,2017-12-13 20:06:47,2018-01-10,0,linhares,ES,104.9,17.98,1.0,1.0,1300.0,30.0,10.0,30.0,9000.0
7bd62497a7402220bd5006cec2c7b749,977266784cc0e1045bdd7f7ea2a085ab,2017-05-17 10:35:54,2017-05-18 02:22:39,2017-06-26,0,taquaritinga do norte,PE,64.99,25.73,1.0,1.0,200.0,22.0,10.0,18.0,3960.0
bb39cd2f2f58e93ae10568be5cad1b58,ddf98a7aaeadf47dbd2a7fa2e82eb3ed,2018-01-03 22:50:18,2018-01-03 23:23:12,2018-01-19,0,suzano,SP,179.99,8.51,1.0,1.0,338.0,18.0,11.0,13.0,2574.0
9e5e54c4be8f6625005c76b7f8801ee8,6bfd1870443dc5b9f1297214b35e865b,2017-03-31 11:30:55,2017-03-31 11:42:29,2017-05-03,0,rio de janeiro,RJ,69.9,17.23,1.0,1.0,10600.0,60.0,20.0,29.0,34800.0
a542a9cfa2781b4971db13cbb7ac88e2,13c42b04f9582eada34a2cb0401c76f0,2018-03-13 23:04:33,2018-03-13 23:15:33,2018-03-29,0,sao paulo,SP,199.0,13.83,1.0,1.0,4250.0,40.0,15.0,23.0,13800.0
80dc6c8aaa5334db08944aab012bb8a7,5808329098f8f532ff43033ec188a072,2018-02-10 10:20:06,2018-02-10 10:30:42,2018-02-26,0,embu das artes,SP,19.9,7.78,1.0,1.0,250.0,27.0,5.0,20.0,2700.0
bbc82e918e96057462aa6983e7035fe5,79c719bd423a3670aad59272146350d7,2018-03-17 16:05:06,2018-03-17 16:36:27,2018-04-11,0,viana,ES,13.69,19.04,1.0,1.0,200.0,22.0,11.0,16.0,3872.0
6d67e84d12d1216ea08f95b805d1848a,8fb481b4f5b2ee031391617a491a3753,2018-03-17 09:27:55,2018-03-17 09:35:22,2018-04-09,0,ribeirao preto,SP,34.89,12.79,1.0,1.0,450.0,16.0,2.0,11.0,352.0
3218aff04047889f8c6eaafbbcb4ea4e,0ec1d2c13f8309ab79e431af6dc72245,2017-12-10 18:33:37,2017-12-10 18:50:10,2018-01-05,1,rio de janeiro,RJ,21.9,15.1,1.0,1.0,214.0,18.0,15.0,15.0,4050.0
f837f3ebff8ee27bdac13d56cb22e5be,20bf7628a9208e11a8d7189b693cbd3f,2017-09-21 20:02:44,2017-09-22 20:10:11,2017-10-19,0,marica,RJ,71.0,16.75,1.0,1.0,1800.0,30.0,30.0,30.0,27000.0
194a9f43598155086b091e0c827ad480,ceecf302e4a8a4018810a27e9501d422,2017-02-12 19:08:25,2017-02-12 19:15:12,2017-03-14,1,vila valerio,ES,99.9,18.98,1.0,1.0,2350.0,47.0,9.0,38.0,16074.0
148540b1480015f3bc53f7f534d42652,a103e83f0190404e10491c929ba9dc74,2017-11-25 16:35:48,2017-11-25 16:51:54,2017-12-19,0,maringa,PR,143.8,31.76,1.0,1.0,5950.0,65.0,11.0,65.0,46475.0
0bf673675c563f37ba07ff5f1210e771,5709985b6b8934c5e58d49d8b54ddaca,2017-12-26 10:46:23,2017-12-26 10:55:18,2018-01-24,0,osasco,SP,255.0,21.52,1.0,1.0,4900.0,36.0,31.0,31.0,34596.0
6a840170ff9f5c99f069b8526d8c21a9,8ca7c9ebd7fe862bbe3af6866f1b2d20,2018-03-14 09:52:07,2018-03-14 10:08:29,2018-03-27,0,sao paulo,SP,64.99,7.39,1.0,1.0,200.0,18.0,16.0,13.0,3744.0
3f695ee2567af0b169e482d825ec8e31,03f7c28100418ce57927a01d62a6cdf3,2017-11-28 16:15:04,2017-11-30 02:21:45,2017-12-22,1,rio de janeiro,RJ,78.98,39.48,1.0,1.0,7463.0,56.0,64.0,35.0,125440.0
e4380a38a218569eb949095e934047fd,e6e0618de2bf52a7ee1cad143de4046a,2017-11-08 14:04:19,2017-11-08 14:16:12,2017-12-01,0,barueri,SP,50.9,13.38,1.0,1.0,700.0,45.0,10.0,33.0,14850.0
098a17af931400d21917fe24f3346b53,e68621623204cede934062122606c445,2017-08-17 22:22:29,2017-08-17 23:15:14,2017-10-05,0,araxa,MG,138.0,30.0,1.0,1.0,220.0,21.0,11.0,16.0,3696.0
0db1181e0778609b581bf9a95b17f313,87c195c16ba427c0f0f60d6d6d67a312,2018-01-13 14:50:01,2018-01-16 03:50:01,2018-02-15,0,sao paulo,SP,99.56,12.83,1.0,1.0,180.0,17.0,10.0,13.0,2210.0
f454701e5160f7518990fcac29a81932,dc47946c59cec7bb8590aadf5f667ac6,2017-02-09 22:25:41,2017-02-10 06:50:09,2017-03-10,0,rio de janeiro,RJ,119.4,34.32,1.0,1.0,1200.0,20.0,35.0,20.0,14000.0
2a41e607e8c88abf9f0b0f8f982dce13,666757864a60a4cb22fc360c7078612e,2017-08-10 20:08:15,2017-08-12 02:51:17,2017-08-23,0,guarulhos,SP,99.89,16.5,2.0,2.0,425.0,31.5,36.5,34.0,39091.5
023aa4b0585594124bc50e55e0e11a5f,678c7714cdd189c7aca5cd7e6c70fb94,2018-04-01 23:03:34,2018-04-03 05:48:29,2018-04-18,0,sao paulo,SP,69.0,13.84,1.0,1.0,850.0,36.0,20.0,20.0,14400.0
860455aa7b45766b3d33b051cebc6e27,efbc3a1137c497705f0615f57e253f32,2017-05-14 21:16:54,2017-05-16 03:30:32,2017-06-02,0,claudio,MG,26.9,15.1,1.0,1.0,200.0,16.0,3.0,11.0,528.0
a97966f92eb3e752eb75d29b3dadca1d,cb747ff2bbd153974250e103487644e5,2018-04-12 11:26:28,2018-04-12 11:51:38,2018-05-09,0,sao paulo,SP,79.99,8.32,1.0,1.0,3367.0,67.0,16.0,48.0,51456.0
210c564437a3ed150b4ac174eb4282fa,62c9bb5ecd888b1b131f6043dce494c9,2017-07-25 21:16:30,2017-07-25 21:25:10,2017-08-10,0,sao paulo,SP,19.99,7.78,1.0,1.0,100.0,20.0,15.0,15.0,4500.0
7c29f6fa9efcbf410b4bbb9362b9f7c9,aa179ef3bea6245ec335cd5f2c65044c,2017-10-21 22:51:11,2017-10-22 18:35:04,2017-11-21,0,porto alegre,RS,207.29000000000002,48.370000000000005,3.0,3.0,883.3333333333334,31.0,12.333333333333334,27.0,10323.000000000002
5411157481132a0783dbf080096a4c96,965d1f24bce3dd938f7e63fbf7e0a0b6,2017-11-26 23:20:43,2017-11-28 03:20:16,2017-12-19,1,brasilia,DF,159.9,23.44,1.0,1.0,5400.0,25.0,45.0,45.0,50625.0
cba1b88e10f4504583b2b9750ac67e03,ad35def6d6e9fb6f4c678377fbf8843c,2018-01-15 12:20:42,2018-01-15 12:28:19,2018-01-30,0,sao paulo,SP,32.98,7.78,1.0,1.0,263.0,19.0,10.0,15.0,2850.0
e1da6a380c23eec0e20231c7b695f47e,225c6e6a5627029ce77a11c6d501eb6a,2018-02-26 14:12:39,2018-02-28 09:29:16,2018-03-23,1,monte mor,SP,14.9,15.1,1.0,1.0,150.0,35.0,2.0,25.0,1750.0
d17cbd88da86748917f52864d1be98d0,bf3a896f3dd013f63ca58bb72b813fc5,2018-02-20 19:08:46,2018-02-20 19:28:37,2018-03-15,0,bom jesus dos perdoes,SP,,,,,,,,,
a7f40c756eea5c4a37cc8f459df6b8ad,62706c69dffb58ed1f0837001386a5bc,2017-03-27 23:22:29,2017-03-29 02:10:55,2017-04-19,0,herval d'oeste,SC,89.9,14.8,1.0,1.0,1825.0,53.0,10.0,40.0,21200.0
ec149fdcafd89d783f2942078e182e1e,e72eaa64d93891becb7b33bcbb385b11,2018-03-15 22:45:30,2018-03-16 16:30:44,2018-04-06,1,rio das ostras,RJ,120.0,18.72,1.0,1.0,300.0,16.0,16.0,16.0,4096.0
906fa2ba215b24e3888dc3f8c0950f78,3ee82f4a953ea7f018f21457044917f3,2017-07-15 19:04:37,2017-07-16 19:03:20,2017-08-14,0,montenegro,RS,667.0,20.43,1.0,1.0,550.0,18.0,12.0,13.0,2808.0
eb25b57cce5990ecc259c59e8052fece,927b06f5ce969c33aa974d38b1a49de3,2017-07-12 17:17:00,2017-07-12 17:30:22,2017-08-03,0,piracicaba,SP,119.99,27.39,1.0,1.0,9080.0,57.0,24.0,45.0,61560.0
b289f5ff8eeb0ac36ba7d2b507767d44,64054fd2cd8632880c7ed98487b58b6b,2018-02-04 16:10:12,2018-02-06 04:32:41,2018-03-06,0,salvador,BA,49.99,16.92,1.0,1.0,650.0,90.0,5.0,11.0,4950.0
be255c29d745dad22bed17e8e2731706,73c27cdc4de9cfdc9ecb90ab01acfdcf,2017-12-03 13:40:51,2017-12-03 13:52:21,2018-01-08,0,estancia,SE,235.0,35.45,1.0,1.0,250.0,20.0,8.0,11.0,1760.0
ac13993b49f8254ca1d6ab536c035473,e945178aa027f0306eb1da1f5dff2dd8,2018-01-04 22:36:32,2018-01-04 22:48:17,2018-01-30,0,macatuba,SP,69.9,16.12,1.0,1.0,2600.0,50.0,10.0,30.0,15000.0
7b27aa8a07339a1e651fce232621d0cf,21e3291def7e45a14942cfed084ac9f5,2018-02-15 17:13:52,2018-02-15 17:27:13,2018-03-21,0,picos,PI,699.9,46.93,1.0,1.0,500.0,30.0,14.0,16.0,6720.0
b96b0b54d61e5b82857b8d29f7411012,e61aa74044e35b21d8f2219a4d6a7dad,2018-03-20 16:53:38,2018-03-21 17:49:31,2018-04-06,0,araraquara,SP,29.9,13.71,1.0,1.0,190.0,17.0,22.0,17.0,6358.0
47c343d8d62ab013486081084cdffa2d,84dbc8cadf81995826879280316b6397,2017-08-14 12:00:32,2017-08-14 13:03:59,2017-09-14,0,salvador,BA,261.0,24.7,1.0,1.0,2625.0,34.0,25.0,18.0,15300.0
a748ecf209b624243632301df6c0fb6b,efad2f4f28b98cd11ce8d08cdb0ba510,2017-11-22 23:45:36,2017-11-24 03:11:28,2017-12-04,1,sao paulo,SP,29.4,8.11,1.0,1.0,150.0,16.0,2.0,20.0,640.0
c81450deea020167372bd36d6af3073b,7ad2923d155f5b99d26250b4fe0acb3f,2017-12-07 10:16:49,2017-12-07 10:30:25,2017-12-26,0,sao paulo,SP,149.9,12.75,1.0,1.0,1200.0,28.0,10.0,18.0,5040.0
733a314aba3d2c8dae43f32bacb087d4,18d8c43eed6c7199de077013a90c84a9,2018-01-22 23:37:29,2018-01-22 23:53:10,2018-02-16,0,petropolis,RJ,248.9,16.49,1.0,1.0,310.0,16.0,10.0,12.0,1920.0
823543bada3fd3a5ba1f68e7a35fb9eb,a3413efece911dfc80dd67c37ed1fa30,2018-01-30 13:04:47,2018-01-30 13:15:33,2018-02-21,0,franca,SP,279.9,19.85,1.0,1.0,3950.0,40.0,12.0,40.0,19200.0
af7849588d1bc245d9c07492a05db887,4f0a80cfa4a5eaab069330b6941fd9fd,2018-03-17 01:47:28,2018-03-19 11:28:05,2018-04-05,0,itanhaem,SP,110.0,14.13,1.0,1.0,750.0,23.0,30.0,30.0,20700.0
d4bf1286601648f75bf89839e7991d17,991b6e88c5c983654861053d33fd7e16,2017-07-18 09:21:45,2017-07-18 09:30:19,2017-08-09,0,governador valadares,MG,150.49,21.54,1.0,1.0,400.0,19.0,19.0,16.0,5776.0
644d53f0bf14fc2b7b89008c00ef5f45,b61cd933d2e2773e0a843e3ec1deeda0,2017-03-15 12:21:55,2017-03-15 12:21:55,2017-04-18,0,pontalinda,SP,13.9,10.96,1.0,1.0,250.0,40.0,4.0,30.0,4800.0
65dfa8121b10dd8bbb055a2afeafc9ee,1a22e6479387999f2ed113ba43c35c52,2017-03-20 08:32:54,2017-03-20 08:32:54,2017-04-10,0,cabo frio,RJ,50.0,14.52,1.0,1.0,300.0,16.0,20.0,11.0,3520.0
a437b04047ac97f23b5baf153991372b,44a89ae5208fbe0ca6280cead9622fda,2017-04-23 18:54:11,2017-04-25 07:55:35,2017-05-11,1,atibaia,SP,163.99,12.54,1.0,1.0,400.0,19.0,19.0,16.0,5776.0
d8970edba4396fca8d53449f1942a530,b48e9a32f934ca879a11ccc405e5d694,2018-03-13 17:10:16,2018-03-13 18:09:58,2018-03-23,1,sao paulo,SP,144.99,11.64,1.0,1.0,1050.0,36.0,24.0,22.0,19008.0
92b16e4bf4524a212222c92e9114f55c,bc418db9d598dfdd2b30fdd33bf541d0,2017-06-04 01:12:31,2017-06-04 01:25:06,2017-06-28,0,niteroi,RJ,34.9,14.1,1.0,1.0,700.0,25.0,5.0,19.0,2375.0
824fa8179b9911d58831e0b09eedde13,21e3335e3f6a66b540ade23f25b6bb41,2017-07-22 00:37:21,2017-07-22 00:50:16,2017-08-08,0,sao paulo,SP,30.0,9.34,1.0,1.0,800.0,24.0,14.0,24.0,8064.0
47796e6b4e22f9fff93a657a183ff912,6c8c605045c020dda4236ffeea583444,2018-03-12 17:19:51,2018-03-13 04:10:35,2018-04-23,0,manaus,AM,54.4,24.51,1.0,1.0,800.0,38.0,38.0,22.0,31768.0
248ed74704a24435e9ee328132047c41,50951904082363f9436bfc5e535194a8,2018-04-13 17:11:33,2018-04-13 17:31:44,2018-05-16,0,serra,ES,697.9,20.86,1.0,1.0,900.0,22.0,7.0,18.0,2772.0
7cd48500c7fb8fb359e9b91fbb2a23e5,f272f062d84c339be94ffff26f582723,2017-07-10 20:27:30,2017-07-10 20:43:36,2017-07-28,0,ventania,PR,59.9,13.44,1.0,1.0,300.0,20.0,20.0,20.0,8000.0
5e8dbd76385140aefb062d9ed31c7a75,19fd0868f95ae82311ca792f5f62a0cc,2017-05-19 17:07:52,2017-05-20 17:10:13,2017-06-26,0,vitoria,ES,550.0,117.99,1.0,1.0,30000.0,50.0,75.0,56.0,210000.0
d6c0642f2b29bbf0b2dba5bcee57c3b3,dd723c931e059fd21ee30dd8b1cf9870,2018-03-17 16:03:49,2018-03-17 16:15:33,2018-04-05,0,betim,MG,59.9,15.3,1.0,1.0,200.0,16.0,16.0,11.0,2816.0
79c0fac13b3965c6b73c3fa600059b36,c34a5917571c7ffe960785111bfa4061,2018-02-20 22:32:06,2018-02-20 22:47:30,2018-03-16,0,saquarema,RJ,119.9,25.68,1.0,1.0,3550.0,46.0,7.0,46.0,14812.0
3e7a5341d84707eefa28c4d2273e60ae,823f621f5037d971a15b0cb861f8c554,2017-11-24 10:31:52,2017-11-24 13:57:35,2017-12-08,0,sao paulo,SP,19.99,9.34,1.0,1.0,650.0,65.0,7.0,11.0,5005.0
e98379ee17e55f764423de1d693daf42,9d8a8652100cbf0cdcfbb06ce031c9ac,2018-01-30 10:37:04,2018-01-30 11:15:31,2018-02-15,0,sao paulo,SP,12.9,7.78,1.0,1.0,150.0,25.0,7.0,16.0,2800.0
5adb95fe0aa8a0d29d029194724df6b7,189a9545272771a0c7b0d302f8361b3f,2017-09-10 19:08:15,2017-09-10 19:23:30,2017-10-16,1,monte gordo,BA,199.9,24.27,1.0,1.0,3800.0,35.0,20.0,20.0,14000.0
5d8955bd4f20188cffeee997c68e0244,b29cd4b6b9a32a9071f8ef282588b18b,2017-11-25 06:48:16,2017-11-25 06:56:23,2017-12-18,1,rio de janeiro,RJ,156.9,18.35,1.0,1.0,2600.0,43.0,8.0,33.0,11352.0
22aa38d79daf931ecd4c115fdb1f9c05,1f849b0c9d0b1d49cfaf183090f9f2c1,2017-08-27 11:29:23,2017-08-27 11:45:10,2017-09-27,0,taio,SC,59.9,17.67,1.0,1.0,1750.0,37.0,22.0,40.0,32560.0
faa1515e28c5d45a5bb6fa57bffcfb0b,c27c1ed0d6a18c5bacc8ee239f5717d7,2017-02-01 17:21:33,2017-02-01 17:33:02,2017-03-08,0,sao paulo,SP,6.57,8.72,1.0,1.0,300.0,20.0,11.0,16.0,3520.0
f55dda7072d923a3191dbca61f40d8e3,d47f8741df1a3ff838352d123a9c0a0e,2017-11-05 09:53:54,2017-11-05 10:10:21,2017-11-24,0,lins,SP,16.48,15.98,1.0,1.0,1182.0,21.0,16.0,17.0,5712.0
83497c05dd75dfe740fb8b0c5482da3b,0660653f7367d760f49c8430de9c6263,2018-04-08 21:54:08,2018-04-10 04:15:42,2018-05-11,0,rio de janeiro,RJ,198.0,19.32,1.0,1.0,550.0,22.0,6.0,22.0,2904.0
4f5b17a084374aefa986a762eb8a7de2,7622d1fc55809b6109b7decf63dd8529,2017-04-24 10:02:13,2017-04-25 08:05:17,2017-05-17,0,araruama,RJ,175.0,61.3,1.0,1.0,1181.0,30.0,17.0,24.0,12240.0
3ee6e5e6102ff07835f4a20e28caf3c7,0b6b18ebc85a97f659fa13bd9c05be58,2018-02-20 20:33:39,2018-02-20 20:50:28,2018-03-20,0,caxias do sul,RS,75.0,15.28,1.0,1.0,250.0,16.0,2.0,11.0,352.0
901fa9040bdb5022b65e359c25dcf76a,57ce584c0a8742956ee423f2f0b488b4,2017-11-21 17:35:26,2017-11-21 17:47:06,2017-12-01,0,sao paulo,SP,699.99,13.09,1.0,1.0,3711.0,17.0,12.0,15.0,3060.0
7c6de5f0eea0d2f823e3dc3dc6e3ef4c,93bfec941b9c7d59bd6bf995d844a214,2018-04-01 12:30:13,2018-04-01 13:10:10,2018-04-19,0,lavras,MG,149.69,32.04,2.0,2.0,306.5,23.0,12.0,22.0,6072.0
492b48333a37f2f70213b81672d4aa06,4e2e8191d9ba87e497ba547c6354a87a,2018-04-09 15:14:31,2018-04-09 15:30:30,2018-04-19,0,osasco,SP,39.8,7.87,1.0,1.0,100.0,27.0,13.0,17.0,5967.0
df67039c09c08afbaf0e4c2d7cafe9d7,2dc8d638c52999a8015152034bae940c,2018-02-28 13:53:06,2018-02-28 15:00:39,2018-03-13,0,guarulhos,SP,24.99,7.78,1.0,1.0,250.0,17.0,4.0,12.0,816.0
7227b55a59343b63b3b4520725996301,80ff1923dab20bed7da50c8604a6ec9d,2017-03-20 21:35:37,2017-03-20 21:35:37,2017-04-10,0,atibaia,SP,37.9,14.52,1.0,1.0,400.0,29.0,7.0,16.0,3248.0
d694c1f3e3e0bd20d4673555d43c875a,faadd91de8b5f0d5487aad688f998014,2018-03-09 05:51:28,2018-03-10 03:50:34,2018-04-03,0,vianopolis,GO,159.77,20.09,1.0,1.0,450.0,20.0,12.0,15.0,3600.0
100a49c427277ff7294eee9c133f718d,5bc21bc57bdda0f158cf209e4a595ae4,2017-08-04 12:50:57,2017-08-04 13:05:17,2017-08-28,0,ribeirao pires,SP,48.9,13.37,1.0,1.0,700.0,34.0,24.0,21.0,17136.0
cea2d13406a9f18e04f5d57fae9929da,b4ca85bae934dd7e0ae4a60388f35638,2017-10-22 18:05:08,2017-10-22 18:14:32,2017-11-09,0,rio de janeiro,RJ,58.0,28.2,2.0,1.0,225.0,16.0,2.0,15.5,496.0
17b18aa0bfdcebddefdf2d7da5718181,3070d64dbd2b2eb531bd394fca72a9d1,2018-01-03 20:40:17,2018-01-03 20:50:27,2018-02-01,0,blumenau,SC,84.99,16.35,1.0,1.0,600.0,33.0,19.0,13.0,8151.0
075b7434a196cea1b664c1446bee2ff7,8d09dc54480f245a3f60ac491bbc2cdb,2017-10-11 13:36:30,2017-10-11 13:49:16,2017-11-01,0,brasilia,DF,35.8,30.189999999999998,2.0,1.0,325.0,40.0,4.0,30.0,4800.0
73d7d0526bf2242f422fb6c85751dce4,b540f2ed0a81891a303aab176a4f21b3,2018-02-11 12:28:50,2018-02-15 04:07:09,2018-03-15,0,santa fe do sul,SP,74.9,15.27,1.0,1.0,107.0,19.0,13.0,13.0,3211.0
55e2d723733c45033e71cb4d44690234,32a68880c3edfc878276ca3ffb8c084d,2017-10-13 07:17:42,2017-10-14 03:46:30,2017-11-07,0,vitoria,ES,69.9,19.73,1.0,1.0,1000.0,45.0,16.0,16.0,11520.0
b1746c7d13f52567b4cd6710249240c9,0ebf4ea5d562d47342359187bc4a1dd3,2017-07-14 14:04:02,2017-07-14 14:15:11,2017-07-27,0,osasco,SP,49.0,7.78,1.0,1.0,250.0,16.0,2.0,11.0,352.0
bd37a8e6c071459b0c45ad8337225d89,5ebc6424b55d612d20110789bbe0d748,2018-02-03 09:27:17,2018-02-03 09:35:28,2018-03-08,0,minacu,GO,139.99,18.27,1.0,1.0,1600.0,33.0,27.0,26.0,23166.0
9d27094c5a72cbf877d632e2d03356e4,acb4334d42e78620fd025c2da7847bd0,2018-03-03 20:24:24,2018-03-03 20:35:31,2018-03-29,1,maracanau,CE,154.08,27.62,1.0,1.0,817.0,22.0,22.0,25.0,12100.0
23ef69b3ace250bf5783e918620f3919,1bf39be5be5d9dbf2a3ab9338e5d3f75,2018-01-10 18:54:07,2018-01-11 02:48:37,2018-02-09,0,rio bonito,RJ,426.99,36.35,1.0,1.0,6150.0,30.0,30.0,20.0,18000.0
f91346a89554e0c864ce1007a89eaad9,8bb04acf8749d480b0952313c6226bd8,2017-11-24 13:31:04,2017-11-24 15:52:49,2017-12-18,0,rio de janeiro,RJ,296.9,77.08,1.0,1.0,19500.0,45.0,50.0,45.0,101250.0
e9f0845a93b13f1114e08ddc3ddbc60c,7155db0555447b6140ddd3e2a9399525,2017-11-19 14:55:44,2017-11-19 15:10:34,2017-12-08,0,ribeirao preto,SP,75.0,16.16,1.0,1.0,2600.0,50.0,10.0,30.0,15000.0
b0d7b6944026251e2bb069eeef3c647d,2716c45b429d01350503e72e20c1a88a,2018-01-10 06:07:01,2018-01-10 10:31:47,2018-02-05,0,varzea paulista,SP,108.0,16.52,1.0,1.0,1000.0,53.0,8.0,18.0,7632.0
4d5b79c88c8dba7bccfd90eb531c21be,a8982ac9d6737eaadd0c9fc308225678,2018-04-13 10:57:27,2018-04-14 02:30:20,2018-05-08,0,marilia,SP,66.9,17.38,1.0,1.0,1650.0,40.0,15.0,32.0,19200.0
b9aa04fee730826d066fd6b7f63def15,824586bf0c5be85cf4295256c5693f37,2017-07-15 17:27:36,2017-07-15 17:43:45,2017-07-28,0,itapevi,SP,34.66,16.54,1.0,1.0,250.0,16.0,8.0,12.0,1536.0
4f9f24f1dd52ecdf0684a63eaf36c51b,feca784ce427334208c8df149c58bee4,2017-03-28 17:24:46,2017-03-29 02:22:50,2017-04-18,0,sao caetano do sul,SP,45.0,10.96,1.0,1.0,225.0,17.0,5.0,20.0,1700.0
bb2481cfc7467d4d8ee14699270dd7e8,2a7b2b2d08b5bda4cdd784673a9c5fc0,2017-06-14 11:13:00,2017-06-14 11:23:15,2017-07-06,0,lencois paulista,SP,34.99,11.85,1.0,1.0,400.0,25.0,8.0,11.0,2200.0
62fc42cf39543a45aa577931a1665228,c5f89253313f856b87d324ca590172e7,2018-04-03 17:19:44,2018-04-03 17:35:10,2018-04-19,0,sorocaba,SP,53.699999999999996,22.169999999999998,1.0,1.0,100.0,18.0,5.0,20.0,1800.0
2b9f8ad9f32e83a7cc84270f04858de6,628c270864d9dfcec3756dcd5632bf3a,2017-08-08 19:18:54,2017-08-08 19:35:14,2017-09-20,0,recife,PE,29.99,37.9,1.0,1.0,1050.0,34.0,6.0,28.0,5712.0
90fd0d95d644b8e0123d395285746e82,1eea92a9a3b1c77089df534a0f53915c,2017-02-22 10:39:37,2017-02-22 10:50:13,2017-03-21,0,sao paulo,SP,25.0,8.72,1.0,1.0,200.0,16.0,4.0,21.0,1344.0
a1e9b3d43fb2498d663c7b598876614b,a0434fbe9ea51d8b38cf323354a31393,2017-12-07 00:37:54,2017-12-09 02:36:30,2018-01-05,1,rio de janeiro,RJ,70.97,17.75,1.0,1.0,3008.0,32.0,45.0,32.0,46080.0
c12f6da2e568142b38a24c3c2bcf13a2,64642aa123af222fbb120c610625f2ae,2018-03-07 18:04:25,2018-03-07 18:15:47,2018-03-23,0,sao jose do rio preto,SP,32.9,12.79,1.0,1.0,463.0,23.0,18.0,16.0,6624.0
9eb45b0aa6ff6baf71a20c68414f8089,86ebcb053082767a38cca1338ea45084,2017-07-19 23:29:07,2017-07-20 23:35:19,2017-08-22,0,ipira,BA,,,,,,,,,
e1f7fd4580eedbf377860d89efe997d5,bba4cecac73ec3d2e47ad263c28fb1dd,2018-03-04 14:53:20,2018-03-04 15:09:02,2018-03-15,0,carapicuiba,SP,239.0,10.49,1.0,1.0,700.0,22.0,6.0,18.0,2376.0
a1597cc7eca8c8d095e5de327444d9d0,e10996551bb1897b97c37e1f771e34af,2017-01-25 17:35:24,2017-01-26 06:55:26,2017-03-10,0,itaberaba,BA,45.89,17.78,1.0,1.0,1000.0,29.0,13.0,13.0,4901.0
7c6b6a9c3d77dcb56f9d216b3edbb1a9,6d85a3ac7c668a1b826400ae9879c06e,2017-02-15 09:34:07,2017-02-15 09:45:14,2017-03-16,0,campinas,SP,89.99,17.37,1.0,1.0,1900.0,49.0,32.0,11.0,17248.0
c1430335dd0a7398955a56bcd1ecb510,19a5ad83696253b7997c545cb5a3130c,2017-12-27 09:20:18,2017-12-27 09:28:26,2018-01-23,0,belo horizonte,MG,179.9,31.1,1.0,1.0,8600.0,38.0,28.0,32.0,34048.0
6cbe792e9ab88ffb6579d0b28088a988,961a23e97556fd80b1cad9d03d6fb0b1,2017-09-04 18:46:38,2017-09-04 19:15:14,2017-09-26,0,rio de janeiro,RJ,23.99,14.1,1.0,1.0,100.0,20.0,15.0,15.0,4500.0
eccf3572dd199488a18da264de60e1b0,a80a06dc6c8e09869e3d62105a0a53fd,2017-05-16 15:42:43,2017-05-16 15:55:22,2017-06-05,0,uberaba,MG,79.99,12.69,1.0,1.0,300.0,20.0,6.0,13.0,1560.0
16b8cfa26ae224399e457bd5aa7918b8,c1e72004ebab4f632d1fd8c7fec05552,2018-01-31 16:28:53,2018-01-31 16:51:27,2018-03-02,0,japaratuba,SE,99.99,38.25,1.0,1.0,900.0,44.0,24.0,31.0,32736.0
cd0898805c856f3bd20017a200c6f581,a05532617ca345a59cb6fdc127472a63,2017-07-20 08:16:38,2017-07-21 02:55:33,2017-08-17,0,valparaiso de goias,GO,100.13,16.46,1.0,1.0,925.0,52.0,21.0,33.0,36036.0
8dca7901c45e1525ad654814a7db9eea,043e1a8a42664d4e6fd092d4b1f878e7,2018-01-05 01:35:24,2018-01-05 01:47:53,2018-01-23,0,santos,SP,255.0,9.98,1.0,1.0,292.0,18.0,10.0,15.0,2700.0
935c371b7a2e36eb22eb8e1031186ec4,eda568e61068a95e0c5d8f13b52e190d,2017-07-16 01:04:02,2017-07-16 01:15:39,2017-08-16,0,cuiaba,MT,35.0,15.79,1.0,1.0,250.0,16.0,2.0,20.0,640.0
9fa33f47b8defffcb858b25dff6c55e6,b8e0b0edff2de6181d492311d927769e,2018-01-22 10:10:44,2018-01-22 14:15:52,2018-02-15,0,rio de janeiro,RJ,69.9,19.98,1.0,1.0,2600.0,50.0,10.0,30.0,15000.0
26a95c7a47327bed47c5651221bfcb18,4a6e1c44e2055e46c2e15d69edb81be7,2017-09-12 19:37:09,2017-09-12 19:50:24,2017-09-29,1,santos,SP,160.0,16.88,1.0,1.0,550.0,17.0,15.0,22.0,5610.0
aeef04fa986be504dfc33b096ac921df,552e5dad0a117d4b2f536700db6cb60f,2017-11-06 21:00:16,2017-11-07 04:31:33,2017-11-27,0,belo horizonte,MG,79.0,15.31,1.0,1.0,700.0,26.0,14.0,24.0,8736.0
ac67d8fc34e7d40fe10f3f99609eea60,74dd658e3cc47fad8588e6f48f6a6075,2017-09-25 15:31:13,2017-09-25 15:44:22,2017-10-26,0,caceres,MT,31.0,16.79,1.0,1.0,275.0,16.0,16.0,13.0,3328.0
adc8df919d6fe4d55a9e8fd9e14e013c,54b4870b180756dd1067656274e73bdc,2017-11-06 07:03:41,2017-11-07 07:30:34,2017-11-17,0,sao paulo,SP,62.99,11.73,1.0,1.0,1000.0,42.0,25.0,15.0,15750.0
6f7bb8ed3fa820411a624a11677ddd9c,1d7e831db788682b2ed3a961e3c3ca8d,2018-02-02 18:30:42,2018-02-02 19:31:18,2018-03-05,0,perdigao,MG,45.9,16.11,1.0,1.0,800.0,20.0,20.0,20.0,8000.0
799236014ffd7f07bb4ab4172f2f9a56,159ac2552bf49fe290890620c02d767a,2017-07-19 21:06:53,2017-07-19 21:15:28,2017-08-08,0,guarulhos,SP,99.0,13.71,1.0,1.0,6550.0,38.0,30.0,28.0,31920.0
6e1544fdf72a0f33f9d87bc0a3c6aefe,96c6a3143d7cc33bbebf14ab6abed0ce,2018-02-15 10:37:28,2018-02-15 10:50:29,2018-03-02,0,sao paulo,SP,144.99,12.22,1.0,1.0,1050.0,36.0,24.0,22.0,19008.0
93bd7dc1455d3109c84703ed2186cb35,b0a35e98a28ce055c5090da452a82973,2017-12-18 23:52:38,2017-12-19 01:13:20,2018-01-18,0,curitiba,PR,149.0,15.79,1.0,1.0,444.0,20.0,14.0,16.0,4480.0
cda166f7dae2993118f807e7215c7faf,1dbb6a2e118d81461c712bdb93398726,2017-09-13 08:10:50,2017-09-13 08:24:42,2017-09-29,0,rio de janeiro,RJ,119.69999999999999,49.800000000000004,1.0,1.0,1000.0,35.0,8.0,25.0,7000.0
e9e4f6c97c6b2d1844e0ab40e5c3a9d6,26e1d3ea21548a63b4679f4e93f807cf,2017-10-25 22:06:10,2017-10-25 22:25:40,2017-11-13,0,sao paulo,SP,139.99,21.63,1.0,1.0,9725.0,53.0,52.0,17.0,46852.0
674b6e620b3996a9a6267267aec7516e,24e735f8e286da301a91d26b847530b6,2017-04-26 16:51:34,2017-04-26 17:05:16,2017-05-24,0,brasilia,DF,199.4,29.74,1.0,1.0,400.0,22.0,18.0,12.0,4752.0
71d27026352e4ce6f225aa02cd8bacc3,ee8ccd2ba674c9e779e88e96a2595936,2017-12-03 17:11:47,2017-12-03 17:34:15,2017-12-20,0,sao paulo,SP,48.99,7.78,1.0,1.0,250.0,23.0,11.0,22.0,5566.0
6902085f87f26d8b456a15744f9f02be,08275aa40053e112fa7e680aa99534c6,2017-08-06 14:12:45,2017-08-06 14:25:08,2017-08-29,0,rio de janeiro,RJ,223.9,18.82,1.0,1.0,2025.0,50.0,27.0,27.0,36450.0
cffd2e0d6321d2d79aac6c8166a55085,4cc3ed3fc6926d0c87ca70e1ed88ca8e,2017-11-24 01:03:34,2017-11-24 01:29:45,2017-12-18,1,cachoeiro de itapemirim,ES,99.9,17.95,1.0,1.0,1225.0,35.0,15.0,38.0,19950.0
fa350da9efbba83c2957b629bf6c2c7c,7497a06928794c94a04ed924922922e5,2017-04-22 11:35:34,2017-04-24 16:45:13,2017-05-26,0,belem,AL,19.99,20.8,1.0,1.0,100.0,20.0,15.0,15.0,4500.0
818f7c870fbe03dd57e214684293e74c,1f7eb278ac36577f745414be0edd1b67,2017-10-16 11:32:15,2017-10-16 11:49:12,2017-11-01,1,vitoria,ES,129.78,17.16,1.0,1.0,1100.0,25.0,13.0,20.0,6500.0
c3547ff2a0fb9751d7b6aa7f7346695f,f7c04dbf91899845f2895f676b366212,2017-03-26 13:16:52,2017-03-26 13:30:10,2017-04-18,0,nilopolis,RJ,14.99,14.52,1.0,1.0,200.0,19.0,9.0,12.0,2052.0
41738c6711aba76aa0f4f07640600772,f28f26eb918e84f08cc0934f23d08ff1,2017-11-14 09:17:29,2017-11-14 09:30:45,2017-12-06,0,sao paulo,SP,83.23,12.08,1.0,1.0,250.0,17.0,14.0,16.0,3808.0
80e86c7e6fc52912703025d155635dee,99052d6a0c03fdd14cb3556a045ec3e2,2017-12-12 22:26:30,2017-12-12 22:35:47,2018-01-10,0,jacutinga,MG,119.9,15.59,1.0,1.0,400.0,18.0,25.0,11.0,4950.0
eaa755795bc07ae1c3d55d7f6efe1dfc,4f6d55f91cc55993f83d3f289af748ff,2018-02-09 09:45:41,2018-02-10 02:35:47,2018-03-07,0,serra,ES,19.89,17.63,1.0,1.0,150.0,18.0,12.0,15.0,3240.0
3b0d3aa4a3663e2dfe9db5717d70d5a9,d473db85c392fee4f94c300cf4ddc792,2018-01-14 20:08:00,2018-01-14 20:15:30,2018-01-30,0,carapicuiba,SP,47.49,9.94,1.0,1.0,175.0,23.0,21.0,21.0,10143.0
f5634bb229469454dc416165c748320e,b277a176a8b8fe4f944d7df34c50259f,2018-03-18 13:06:32,2018-03-18 13:15:27,2018-04-05,0,sao paulo,SP,151.9,17.97,1.0,1.0,4338.0,17.0,12.0,14.0,2856.0
682a559cf108e6f3762213dca3402805,d5d283ecd2ff8e6ade52ffd58cdcbf28,2017-08-21 21:06:36,2017-08-21 21:25:46,2017-09-25,0,recife,PE,199.9,41.86,1.0,1.0,9950.0,105.0,15.0,25.0,39375.0
e66a74734acaddadf5cfd457c01cb10d,18f5e10a8304a6dc7571a8e8c527be5c,2017-04-17 17:27:03,2017-04-17 17:42:33,2017-05-10,0,juquia,SP,39.9,14.52,1.0,1.0,200.0,16.0,16.0,16.0,4096.0
8eeb383cc53ee78dfc385629602dfff7,73f98782f67f44297697ea25d96bd871,2017-04-12 21:33:29,2017-04-13 02:45:37,2017-05-15,0,goiania,GO,89.9,18.06,1.0,1.0,1383.0,50.0,10.0,40.0,20000.0
7f9418ca35e76d5071b5906780d62874,3d3f936e07349832a8620f07ed29640c,2018-01-23 22:06:31,2018-01-24 02:35:02,2018-02-16,0,sao paulo,SP,47.01,11.73,1.0,1.0,1400.0,25.0,35.0,25.0,21875.0
204e562a760b68ad78d5032698bf6840,4c5f600b0af36d34eecc8e2b1bb63ff8,2017-06-12 13:50:44,2017-06-12 14:02:42,2017-07-05,0,rio de janeiro,RJ,160.0,70.4,4.0,1.0,925.0,38.0,6.0,29.0,6612.0
593732bc7133b31a809050a3df77f34c,e898665675636de89a1bead880858c95,2017-07-10 18:11:32,2017-07-12 02:10:54,2017-08-11,0,porto velho,RO,14.9,42.38,1.0,1.0,150.0,24.0,12.0,18.0,5184.0
18d8bd3eba0ea9aa893dd85b593a3495,ef6241c94ec298e06091fbafec584539,2017-06-03 00:08:15,2017-06-03 01:10:21,2017-07-28,0,bayeux,PB,143.64,76.1,2.0,1.0,1150.0,22.0,12.0,33.0,8712.0
ca7d7c95b0f170aae8a2ee59e2f24f66,021e3ddcc0581de5bf087b1d87e4b136,2017-02-09 16:09:42,2017-02-09 16:23:37,2017-03-10,0,vargem alegre,RJ,28.9,10.96,1.0,1.0,500.0,16.0,11.0,11.0,1936.0
6e98de3a85c84ead6689189b825d35b5,f34a6e874087ec1f0e3dab9fdf659c5d,2018-03-15 10:07:02,2018-03-15 10:29:33,2018-04-09,0,ituiutaba,MG,,,,,,,,,
b6c8f27c95a4bcee39ea806f4e059ce9,5dd942894bdbcdaa6721a9f078741749,2017-12-15 09:06:25,2017-12-19 09:33:30,2018-01-18,0,terra boa,PR,74.9,15.27,1.0,1.0,575.0,20.0,10.0,15.0,3000.0
7f2b0346e93196f248181eccd7cba58d,1a2c6d2c691d8bccbfddfd90c575c6e6,2018-03-15 11:13:23,2018-03-15 11:29:14,2018-04-03,1,sao paulo,SP,467.0,15.71,1.0,1.0,425.0,17.0,11.0,14.0,2618.0
5e3e20f7b30f0f66aa9dccc8e30cfb1e,6ec09f6887b146bb77c576f4f07c6f1d,2018-02-02 00:35:13,2018-02-02 00:52:14,2018-03-05,0,sao paulo,SP,155.0,17.34,1.0,1.0,300.0,22.0,6.0,11.0,1452.0
b41304e99b5c1abf0181ee31c8b17146,014ea662e1cd7ed36b3c44a9539bb34a,2017-09-04 14:40:44,2017-09-04 14:55:17,2017-09-22,0,rio de janeiro,RJ,70.9,26.82,1.0,1.0,5150.0,90.0,4.0,42.0,15120.0
a459432bc27a00685ec5bec4367f56f4,6e6795552714215c0204565bb50fc7d2,2017-06-20 16:45:03,2017-06-22 02:42:59,2017-07-14,0,sao paulo,SP,20.0,15.79,1.0,1.0,100.0,16.0,5.0,16.0,1280.0
a0a8509664c6583fbd77dc8ffa673662,c6ed2e16266071745f007c94a8c009ea,2017-07-22 13:36:00,2017-07-22 13:45:12,2017-08-04,0,sao paulo,SP,49.99,11.73,1.0,1.0,1900.0,38.0,19.0,35.0,25270.0
7729e4f24027d10a411f2ca08df03327,094deb5213c87322748379ec26ebd971,2017-07-13 21:08:56,2017-07-13 21:24:27,2017-08-02,0,sao paulo,SP,99.0,38.44,1.0,1.0,15200.0,37.0,55.0,37.0,75295.0
eba78f5ad48cd2dc7f836491fd62e335,f4e7ab7598cbef510a638a6068fbc56a,2018-04-12 17:54:28,2018-04-13 17:31:33,2018-05-11,0,itaborai,RJ,169.0,18.76,1.0,1.0,1450.0,24.0,18.0,18.0,7776.0
ad81810596aa59ceb988de37dc47926c,9576cf68fcb03b4112bbc35d5b9146e5,2018-01-25 21:47:54,2018-01-25 21:56:22,2018-02-20,0,recife,PE,124.99,21.67,1.0,1.0,375.0,29.0,14.0,20.0,8120.0
769214176682788a92801d8907fa1b40,2b01b5fb8141bbb9fcdc853a0e26da83,2017-06-29 21:26:38,2017-06-29 21:35:09,2017-07-25,0,serra,ES,89.9,15.38,1.0,1.0,1383.0,50.0,10.0,40.0,20000.0
045524a5ae6c874b746523a6fd79f4f9,c767121cc11b2c981fc93dc686c8c9cd,2017-09-02 18:22:11,2017-09-02 18:30:21,2017-09-21,0,socorro,SP,112.9,13.13,1.0,1.0,966.0,22.0,45.0,27.0,26730.0
36cdcd48e9697951eef9c32ef39dc9f3,e277b8e4745cacd511e18bd6d7686227,2017-11-24 14:35:10,2017-11-24 16:35:13,2017-12-15,1,nova iguacu,RJ,599.0,17.94,1.0,1.0,550.0,20.0,16.0,17.0,5440.0
8a110d52eb3b463368987e55a3762fa2,183c36801d485972dce2562441fbaf1d,2018-02-15 11:04:27,2018-02-15 11:30:29,2018-03-12,0,pouso alegre,MG,129.0,15.65,1.0,1.0,400.0,17.0,7.0,13.0,1547.0
9201f7a169a49789138b5f56b5190362,f07241bfd895f4dfc8728bf7753dd0eb,2018-01-20 18:36:15,2018-01-20 19:09:32,2018-02-19,0,campo grande,MS,118.89,31.3,2.0,2.0,175.0,17.5,5.5,14.0,1347.5
5923263d49d190dc167b702f6dfc0c4d,d15ea99185ee0b8f6bd7de88a8ee9444,2017-08-25 13:38:17,2017-08-29 05:32:51,2017-09-28,0,sao paulo,SP,144.0,18.26,1.0,1.0,1033.0,31.0,17.0,22.0,11594.0
314c025c229f30a1b32658c7555269b8,8d5db117378b874eb1894bbd190f03f6,2017-01-25 12:48:49,2017-01-25 13:02:08,2017-03-06,0,taquaritinga,SP,59.9,17.16,1.0,1.0,4100.0,89.0,4.0,42.0,14952.0
ae27a50cb9ab15aabfe66ad3b4020a91,c770815b9523cc958ee5ba09819fcbc0,2017-02-21 21:19:19,2017-02-23 02:45:30,2017-03-22,0,imbituba,SC,49.9,15.7,1.0,1.0,756.0,32.0,21.0,24.0,16128.0
d6dae36830ffe3962efff0e91cc64127,3528b0f4fc89cd237f14b2ef3fa1530d,2017-12-12 12:23:11,2017-12-14 12:18:29,2018-01-18,0,maurilandia,GO,69.99,16.25,1.0,1.0,500.0,19.0,11.0,20.0,4180.0
1fac4d3f34c72501c48ff0db90773dda,20fbb63a03f5c997b94b54a007f52af0,2018-02-13 18:46:00,2018-02-15 04:11:10,2018-03-07,1,rio de janeiro,RJ,49.9,17.6,1.0,1.0,1650.0,30.0,22.0,30.0,19800.0
972d0ed6eecb690d07910ee2dbaccb19,9f1174fee9ddc446660a9131d5c23923,2018-02-23 11:15:00,2018-02-23 11:31:04,2018-03-09,0,sao bernardo do campo,SP,91.8,15.56,1.0,1.0,150.0,16.0,16.0,11.0,2816.0
f0fc39347a86802c8df13bde9111b01a,ced8cf14f3a428194fe15bb151edec3d,2017-03-12 17:42:52,2017-03-12 17:42:52,2017-03-30,0,braganca paulista,SP,69.99,13.07,1.0,1.0,700.0,42.0,25.0,15.0,15750.0
f2e891dfdc747b73c508d7a5689e82bf,39d5be86f1b2c886e37fde07eaffd537,2018-03-07 22:16:44,2018-03-07 22:30:50,2018-03-26,0,jau,SP,119.8,18.72,1.0,1.0,560.0,19.0,13.0,17.0,4199.0
af42bbea9252f168ff8d25072a1b9fb1,22a6db51b1357ce5f7a02fc19e677390,2018-01-08 20:16:33,2018-01-09 07:24:11,2018-01-31,0,suzano,SP,150.0,12.55,1.0,1.0,200.0,17.0,11.0,15.0,2805.0
5f0fe7d686b2878d9aa1a72dbd9b72ce,858fc2fddb068b36f31568f7c9f2422a,2017-03-15 12:25:24,2017-03-15 12:25:24,2017-04-03,0,promissao,SP,299.0,37.08,1.0,1.0,19250.0,55.0,50.0,38.0,104500.0
7582b8c10039cceafcfe7b13e41a91e2,57bb0f2ff265139687180b2fb387e198,2018-02-07 14:27:34,2018-02-07 14:35:40,2018-03-08,0,governador valadares,MG,24.9,15.1,1.0,1.0,300.0,25.0,2.0,17.0,850.0
02ed3b96772956405d25c2d35c766c68,526e982e0217539da2d43a01848404a6,2018-04-11 08:00:56,2018-04-11 10:35:37,2018-04-25,0,belo horizonte,MG,89.9,9.36,1.0,1.0,950.0,16.0,10.0,50.0,8000.0
ca1aeded94b48bff9b434a7512cee7ce,8e2f6ac5748f3612e7b6662b99f7a7c3,2017-06-07 16:36:57,2017-06-07 16:45:17,2017-07-14,0,boa vista,RR,16.5,25.38,1.0,1.0,350.0,19.0,4.0,11.0,836.0
cb5c4ea12e93c16a94c2bf3dbafa0fe1,b66e464c6bbb6acb17a4bbb1c1c99bc3,2017-05-23 14:00:59,2017-05-23 14:15:25,2017-06-19,0,sao jose,SC,36.8,14.1,1.0,1.0,1700.0,50.0,30.0,33.0,49500.0
4900f8f1421400535834a94765872825,f7e528a6685f32dd35e5c47b81e93912,2017-10-16 11:39:13,2017-10-16 11:49:37,2017-11-07,0,goiania,GO,145.0,30.52,1.0,1.0,650.0,45.0,15.0,35.0,23625.0
70c50ba283cdd637ec95a4c0b0821a7b,8e017b4671087e525f876be6b8a73938,2018-02-09 19:30:28,2018-02-09 19:47:55,2018-04-03,0,sao paulo,SP,79.0,13.57,1.0,1.0,450.0,18.0,18.0,18.0,5832.0
66d762e0419035dd8b19815070a2b8dd,179e76d91b4cd478d401bf51007fe61a,2018-02-06 21:59:22,2018-02-06 22:10:34,2018-02-23,0,cosmopolis,SP,104.9,27.18,1.0,1.0,11850.0,50.0,35.0,40.0,70000.0
bf8a5f3ed4349bd5873e69a7bf24afdd,265e3c18ceed2964038497b11ef3e4c7,2017-12-01 10:30:46,2017-12-01 11:31:08,2017-12-28,0,sao paulo,SP,98.9,13.71,1.0,1.0,173.0,18.0,13.0,12.0,2808.0
c826a07d5cb930694861c4478383e5da,35ea9919e33272ab715f8c1964693b91,2018-03-28 16:20:37,2018-03-28 16:30:13,2018-04-20,0,itapecerica da serra,SP,45.6,15.2,1.0,1.0,1250.0,22.0,17.0,20.0,7480.0
8619606361a2ff5ac09a8da0f221e540,7052a685364032f7d7c6d9f6e1e991fa,2018-03-08 12:54:55,2018-03-08 13:10:47,2018-04-04,0,conceicao do coite,BA,125.8,22.59,1.0,1.0,5775.0,25.0,25.0,25.0,15625.0
0a308be0b454b3664e06318c9bd6a5be,68914b86fecc505772fc79427f0cbb29,2017-02-28 22:12:55,2017-02-28 22:25:09,2017-04-07,0,santana,AP,199.95000000000002,124.2,1.0,1.0,100.0,16.0,2.0,11.0,352.0
867effa42bd3592c4dbada5a0ebc42bc,ec05463bee705c8b30f418e28a9c0083,2017-06-11 20:27:59,2017-06-13 04:55:35,2017-07-07,0,sao jose,SC,329.9,24.18,1.0,1.0,1582.0,31.0,31.0,35.0,33635.0
a0bd30e5d025046a3a4bc67e02ca6a3a,def8a94426e0c4056edba77cd10b8159,2018-03-20 07:41:45,2018-03-21 02:56:03,2018-04-10,0,pato branco,PR,19.9,13.47,1.0,1.0,125.0,20.0,13.0,18.0,4680.0
21af7328b2a40a3ece5491affde104fe,c29b0e9ba74c0fca0189b1b68436daf1,2018-02-14 21:24:49,2018-02-14 22:00:20,2018-03-07,0,itapecerica da serra,SP,79.9,18.45,1.0,1.0,4500.0,50.0,8.0,45.0,18000.0
f46198db9ff29316c3d930efbef08666,0dc132dd6a84ba32be100a29704baa6b,2018-03-06 21:50:21,2018-03-06 22:09:26,2018-04-11,0,manhuacu,MG,539.9,19.95,1.0,1.0,583.0,30.0,15.0,16.0,7200.0
bb18523b647231a531a5d3e5fe1687fe,1cdfd76e4dd6e176d18ac6365c083ee1,2017-07-10 08:27:10,2017-07-12 12:55:08,2017-08-10,0,brasilia,DF,499.9,19.75,1.0,1.0,1550.0,28.0,36.0,27.0,27216.0
23bd3ea8478099ea89638b5514a1198b,4293c2b68d5b7247d658d304c8670eaa,2018-03-03 00:42:02,2018-03-03 01:20:30,2018-03-21,1,sao paulo,SP,30.21,11.85,1.0,1.0,1583.0,18.0,15.0,12.0,3240.0
23ac58266e694557a7c7da266ed6c316,ba1dd8870e56a890d5a6e8a6becbe311,2017-12-01 09:10:30,2017-12-01 11:31:42,2017-12-29,0,andrelandia,MG,45.99,15.1,1.0,1.0,236.0,23.0,14.0,16.0,5152.0
4dcfdc517f6df36a4704bfb8e33688d7,982d23699a9acb87bf7e67f965918846,2017-12-27 21:33:57,2017-12-27 21:46:54,2018-01-23,0,araucaria,PR,13.65,14.1,1.0,1.0,150.0,25.0,7.0,16.0,2800.0
c5d9ec893ee95eb55c4fa513cc606582,7fbab63e32d93d7b9b707e9e97bc5b94,2017-11-30 17:30:28,2017-11-30 17:58:40,2017-12-22,0,fartura,SP,125.0,13.21,1.0,1.0,400.0,21.0,7.0,15.0,2205.0
9e5fd9b33580d845c54855ee2e3965b0,46ad19d390527ea247f395322d167aec,2017-07-30 14:54:30,2017-07-30 15:10:06,2017-08-28,0,nova iguacu,RJ,134.9,23.81,1.0,1.0,8350.0,50.0,27.0,38.0,51300.0
bed08d809ce385e99da63ae043f7e786,f5c85dfdc9f8a3de031505da6472580d,2017-03-23 21:33:09,2017-03-23 21:42:59,2017-04-11,0,urupes,SP,169.98,28.72,1.0,1.0,2200.0,48.0,25.0,25.0,30000.0
e0e2dd62e7153d8f3f03e62b4b476392,ea58ba76f07c7e170630ae1ef2c7b66a,2017-02-21 21:50:47,2017-02-21 22:02:21,2017-03-28,0,itajuba,MG,969.0,128.17,1.0,1.0,30000.0,86.0,67.0,35.0,201670.0
76927b562beef6d31416c21778b2b4e5,68d3e5d419a75d87677d27f67c5b2a04,2017-05-03 20:03:35,2017-05-03 20:15:12,2017-05-24,0,contagem,MG,99.8,25.86,1.0,1.0,1300.0,43.0,5.0,30.0,6450.0
22fbdd6f729be005701007029d8e0d16,7f4b051e8b634cd50f385125b0288dd6,2017-10-02 16:55:39,2017-10-02 17:07:24,2017-10-27,0,taubate,SP,59.9,16.18,1.0,1.0,600.0,20.0,9.0,14.0,2520.0
15e12d9cfb0958b1edd456f8ff11fcc8,45e541f36bb1209909900413545c9a82,2018-03-04 13:10:50,2018-03-06 03:51:11,2018-04-03,1,mirassol d'oeste,MT,69.9,23.36,1.0,1.0,2600.0,50.0,10.0,30.0,15000.0
14a206c35ee9f241453e58a9b26bdc76,3b3702fc4b46a726bdfd0b51733f6f69,2018-03-10 11:13:59,2018-03-10 11:48:16,2018-03-22,0,sao paulo,SP,179.49,9.02,1.0,1.0,500.0,16.0,21.0,18.0,6048.0
28d6266168cfd43a9f7d1f2f2f07f54a,346cf831cf5480e8955e249de733c9e9,2017-05-10 15:34:32,2017-05-10 15:45:11,2017-05-26,0,paranapanema,SP,27.9,11.85,1.0,1.0,600.0,25.0,37.0,36.0,33300.0
139fda452e8ac63db51c90f3995dc480,f30226ef42eaa266905c938a2ac58809,2017-11-24 13:21:09,2017-11-25 03:15:39,2017-12-14,0,sao paulo,SP,158.1,13.45,1.0,1.0,583.0,28.0,14.0,19.0,7448.0
a994e6b51de39d9a263918e2b37c859e,31c11dc04a7d1ebdedc4cdb2571b289c,2017-03-18 15:15:05,2017-03-18 15:15:05,2017-04-10,0,sao paulo,SP,199.9,16.61,1.0,1.0,875.0,31.0,22.0,33.0,22506.0
6a40b826639898f295c28154b2adf921,c38d55780eb6ab54ade6029dfbac6ddb,2017-03-22 18:39:20,2017-03-22 18:39:20,2017-04-11,0,suzano,SP,34.0,10.96,1.0,1.0,250.0,16.0,2.0,20.0,640.0
2176f1406c11f07dcdea94931730770d,b1d18515040386d031ad7d7d73a32fb9,2017-08-04 19:00:59,2017-08-05 03:03:19,2017-08-18,0,sao paulo,SP,75.0,13.08,1.0,1.0,2600.0,50.0,10.0,30.0,15000.0
012f255bd5034b8e7fb3c91566a91cc8,87eccba53579db5563b0588f8943373d,2017-10-06 09:42:12,2017-10-06 09:49:37,2017-10-30,0,botucatu,SP,79.9,12.9,1.0,1.0,900.0,44.0,2.0,36.0,3168.0
6b4186f5efd99b748d530675413ef6cb,b1c0bd0ef7a4ac0bb37c4f2cdc9c30e6,2017-08-01 12:56:09,2017-08-03 03:10:42,2017-08-29,0,vitoria,ES,44.99,25.63,1.0,1.0,338.0,32.0,6.0,36.0,6912.0
fa5a7d839b49e173198586f7366939cb,e460ba12cfe10be96050e2857acf1486,2017-06-03 21:20:21,2017-06-06 13:23:24,2017-06-28,0,aracruz,ES,31.9,16.79,1.0,1.0,250.0,41.0,2.0,29.0,2378.0
3749ffb24b4dec6d0cab14cb31e4fa94,c778451490bd2d62f6748492ed4068ac,2017-11-15 13:09:18,2017-11-15 13:26:53,2017-12-07,0,belo horizonte,MG,196.5,17.2,1.0,1.0,475.0,16.0,16.0,17.0,4352.0
35ae4b5e235b60c40502a1a5cab8f2c3,4d24fe94ae4785cfb2ccc99c7e6e310b,2017-07-11 11:12:29,2017-07-11 11:24:06,2017-08-02,0,sao paulo,SP,139.0,13.1,1.0,1.0,8200.0,45.0,2.0,45.0,4050.0
487243d388612209472c309efc5e6442,57cc8bffffb6658309f62558280029dd,2017-12-20 00:56:36,2017-12-20 01:54:21,2018-01-16,0,embu das artes,SP,71.0,11.73,1.0,1.0,1800.0,30.0,30.0,30.0,27000.0
9e7137975355579bd52d6ad4e682f833,d7f9d42d9ed5c5d53824a2c8be1b64b5,2018-02-02 13:45:00,2018-02-02 14:51:46,2018-02-21,0,sao paulo,SP,53.99,7.78,1.0,1.0,200.0,16.0,16.0,13.0,3328.0
bbd3497e622456fd8b79ba59de1c3ab6,34a89d90c29c3821d671059d12216ba0,2018-03-02 14:59:29,2018-03-02 15:15:24,2018-03-27,0,curitiba,PR,79.0,17.8,1.0,1.0,5150.0,60.0,20.0,29.0,34800.0
3a88a0ff2f9fa0ef19d7cff072c2f84e,ed5d382ad64bfb554932d5d64a698c93,2018-03-13 10:03:51,2018-03-13 10:40:30,2018-04-10,0,florianopolis,SC,94.0,18.54,1.0,1.0,321.0,19.0,14.0,13.0,3458.0
d9f95380355620563827773435496b67,96a68cae26d14cd164323c6bcc6eba60,2018-01-30 21:33:10,2018-02-01 08:31:51,2018-02-21,0,piraju,SP,37.99,11.85,1.0,1.0,300.0,17.0,4.0,12.0,816.0
761d2a6c3fc081b13c3cbfa01c4a8c37,eeb1a37e2e928ef2bacdb4b6382badc6,2017-08-17 00:19:21,2017-08-18 00:30:15,2017-09-11,1,sao paulo,SP,69.9,16.25,1.0,1.0,800.0,42.0,36.0,25.0,37800.0
9371ddc98fdf148feec83c1ddbdaaef5,c4f47317fc0d0ad7ed8924267314064f,2018-01-16 10:29:52,2018-01-17 03:39:33,2018-02-09,0,mantena,MG,370.0,23.08,1.0,1.0,1500.0,35.0,40.0,35.0,49000.0
1d8841983fcfb57aa949d484e7009912,7640595377bfccfde8539b69fa0efd98,2018-01-24 14:35:06,2018-01-24 15:38:42,2018-02-08,0,sao paulo,SP,149.9,12.75,1.0,1.0,1700.0,34.0,7.0,32.0,7616.0
97bf52f3429b21123c9465fecfb66162,a8399935e7f14e2c955e1cea8fb2efff,2018-02-28 09:49:55,2018-02-28 10:11:33,2018-03-20,1,serra,ES,45.9,14.1,1.0,1.0,150.0,16.0,16.0,11.0,2816.0
5a63a60ea2852393994270157cd61e0a,e615ca09613c8f72bf3a0bd5e2d349fb,2017-08-10 19:47:29,2017-08-12 02:45:50,2017-09-01,0,guanhaes,MG,59.99,17.67,1.0,1.0,700.0,42.0,25.0,15.0,15750.0
5f30e7c17d977e49359a52eb6ea0f738,efdd6452a79503982f6a81742a33d2bb,2017-05-04 22:11:21,2017-05-04 22:25:16,2017-06-02,0,novo gama,GO,52.3,19.07,1.0,1.0,750.0,100.0,5.0,20.0,10000.0
4f1330720e5aa2d61a474c63620fc42b,428e0381c7a36540d57562f45cf9abd6,2018-01-12 04:13:58,2018-01-13 05:04:23,2018-02-15,1,rio de janeiro,RJ,88.0,16.87,1.0,1.0,550.0,20.0,20.0,20.0,8000.0
83a022cc4e851507e14012a90fedcd0e,0c3060b6e196ea68986b130a86c8ea08,2017-12-04 17:06:08,2017-12-07 15:31:53,2018-01-04,0,rio de janeiro,RJ,1299.9,25.54,1.0,1.0,683.0,31.0,16.0,16.0,7936.0
b64694f8da34c98dc8734f15ad74ba86,56ecd08a6f16747959f7d6dc46d559ed,2017-09-06 00:20:57,2017-09-06 00:50:13,2017-10-06,0,camboriu,SC,119.8,35.34,1.0,1.0,1850.0,37.0,22.0,40.0,32560.0
6c60fad7f5361149be76272428814d7e,47b829330c5a0c6c89cad9cb0ac6aa3c,2018-03-15 08:01:37,2018-03-16 09:42:30,2018-04-05,1,brasilia,DF,22.33,18.23,1.0,1.0,166.0,17.0,10.0,13.0,2210.0
91b672da38fda8fcd61163ab133f7fe0,070ca12a62752e5464182d78c6fac033,2017-10-18 15:14:16,2017-10-18 15:32:36,2017-11-21,0,sinop,MT,109.9,17.21,1.0,1.0,396.0,18.0,11.0,14.0,2772.0
dcfdded3a6760b4e0ce1ef27aaf65b89,6b21a323b942df56524b937b5b063953,2018-01-11 16:20:12,2018-01-11 16:30:32,2018-02-21,0,barra bonita,SP,508.72,18.31,1.0,1.0,1175.0,35.0,21.0,16.0,11760.0
fcbde30c46201f8fb244724e710ccd57,14e7179a159cd1022234f28516fd823c,2017-11-25 20:12:05,2017-11-28 03:39:49,2017-12-22,1,xaxim,SC,494.99,20.71,1.0,1.0,1200.0,22.0,13.0,22.0,6292.0
e9d5fd7f8cef3acbe54ba2b771856038,018184ac5f52a821bb00f3ef21d75799,2017-04-15 17:31:55,2017-04-15 17:45:10,2017-05-22,0,ico,CE,29.9,24.84,1.0,1.0,150.0,23.0,14.0,14.0,4508.0
fd320d88b0222a59b4216257f02f6aa2,1a2fc84ac9642ad8a3cd748716e498f0,2018-01-29 22:03:02,2018-01-29 22:15:29,2018-02-20,0,belford roxo,RJ,127.0,12.34,1.0,1.0,1900.0,49.0,12.0,36.0,21168.0
acc0f8df9ebef09c7aeb9191e65dcf9d,40a9f7530f5b05737ed97fda2e03e6df,2017-11-23 17:40:25,2017-11-23 18:25:15,2017-12-07,0,sao paulo,SP,49.9,8.72,1.0,1.0,400.0,50.0,3.0,25.0,3750.0
82d1cc65b6ffc4c9eec8803be7132040,ef5e03b25d6991bbbcf88c60e6214151,2017-07-17 19:05:54,2017-07-17 19:23:17,2017-08-04,0,guaira,SP,114.9,13.14,1.0,1.0,1084.0,26.0,18.0,27.0,12636.0
651942ee572f34e1e6a5567ff8171711,ac34ec78db0c2b972ae79678343d6978,2017-06-04 13:01:10,2017-06-04 13:15:16,2017-07-04,0,pocos de caldas,MG,50.0,12.69,1.0,1.0,550.0,99.0,3.0,65.0,19305.0
1daecbe2a13ab0881c418e978f1e08c1,b751fcae2274aac027b38ae2b7e8b009,2017-10-18 12:36:56,2017-10-18 12:49:41,2017-10-30,0,sao jose dos campos,SP,194.5,46.69,4.0,2.0,141.66666666666666,16.166666666666668,7.166666666666667,16.166666666666668,1873.0879629629633
6f239f76247919dca754f858fe95c617,0e412c1195ed573a27be9b22ca5a03cb,2018-03-22 20:27:41,2018-03-23 02:10:33,2018-04-04,0,sao paulo,SP,5.49,7.87,1.0,1.0,125.0,19.0,14.0,15.0,3990.0
e40339cd43c38724ea64647be58ae59e,7ef6e35412db5a85693dc0909481ee07,2017-10-21 20:12:40,2017-10-21 20:28:08,2017-11-06,0,jandira,SP,149.99,12.25,1.0,1.0,975.0,37.0,31.0,17.0,19499.0
ea13768d97ab79edb0d45803896a5c86,1ab6125543a9b83c86116e3facec012a,2018-01-17 13:06:13,2018-01-17 13:15:30,2018-02-16,0,paranapanema,SP,39.99,35.86,1.0,1.0,2000.0,30.0,104.0,30.0,93600.0
15e59b8fd2802ac2c5e6d7571775b661,3afd37d52008fa63a8f8872bd5af223c,2018-01-09 22:33:08,2018-01-10 10:31:31,2018-02-05,0,caruaru,PE,62.9,28.84,1.0,1.0,450.0,22.0,15.0,15.0,4950.0
bec6c8437e350113789da9c0bc9c2566,4ce0c6e4d7b908ea1a35aee4fbbda890,2018-03-26 22:17:15,2018-03-26 22:30:13,2018-04-17,0,juiz de fora,MG,151.9,27.14,1.0,1.0,4338.0,17.0,12.0,14.0,2856.0
ffbe8a51afd59fa93224d1c6bc987aee,a6195f49275f8f8b2e54557531722145,2017-11-02 16:31:52,2017-11-02 16:45:37,2017-11-24,0,belo horizonte,MG,169.9,15.95,1.0,1.0,700.0,22.0,7.0,15.0,2310.0
5c60201855c651a0c7a1709102d55942,cc27bf63205ccfdc2bd7bc007c8b775a,2017-11-19 20:13:45,2017-11-21 03:48:25,2017-12-18,0,santaluz,BA,84.99,18.16,1.0,1.0,600.0,33.0,19.0,13.0,8151.0
393c4be3908441526fd75379ec8a6fdf,d2a1ddd88d7fe00e725ff1b57aa1778f,2017-06-05 17:05:52,2017-06-05 17:15:21,2017-06-27,0,sao paulo,SP,89.9,12.13,1.0,1.0,1383.0,50.0,10.0,40.0,20000.0
05580ea6005bac590a3f143473c9b296,b22929060c67ae572e2e82d531af2fc4,2017-11-25 21:45:35,2017-11-25 22:33:48,2017-12-22,0,braco do norte,SC,189.9,21.82,1.0,1.0,2700.0,60.0,15.0,15.0,13500.0
fb63c6ffdd965418ce463c165f2f0efc,e286acbf69751918e6e445bc1e8f07fc,2017-10-22 07:28:18,2017-10-22 07:49:10,2017-11-07,0,sao paulo,SP,56.9,8.72,1.0,1.0,600.0,30.0,12.0,15.0,5400.0
666a7787fe64880d1ad7dad0e4988ab3,8ec6e1c246b0c22bdf1527235f6e137c,2017-03-06 22:48:54,2017-03-08 03:45:18,2017-03-23,0,contagem,MG,69.0,11.09,1.0,1.0,107.0,7.0,7.0,10.0,490.0
a9c0a9c746e342b36428283561c3ed34,67268d8c06be1ef20f52460e7992dedf,2017-08-21 10:31:19,2017-08-21 11:04:35,2017-09-11,0,vinhedo,SP,19.8,18.68,2.0,1.0,275.0,16.0,9.5,12.5,1900.0
3f1e0bf4672b0acb6072aa40b0f99cfc,3500a1438f295a3fc24450868008c78d,2018-03-20 10:32:28,2018-03-21 02:56:12,2018-04-13,0,xaxim,SC,29.9,16.95,1.0,1.0,250.0,16.0,5.0,15.0,1200.0
bc53c8f21c0b72e517882835cd767c69,42ca85e026223ad7fdfcc4bd3c55c9d9,2017-12-21 11:27:11,2017-12-21 11:33:24,2018-01-19,0,rio de janeiro,RJ,79.0,17.8,1.0,1.0,7000.0,60.0,20.0,30.0,36000.0
253c8653b64a17c18b729399e14c42cb,6d91da53c1c48b756d84ef4eb54550ab,2017-06-29 11:51:38,2017-06-29 12:04:25,2017-08-03,1,joao pessoa,PB,569.0,26.3,1.0,1.0,933.0,28.0,15.0,25.0,10500.0
65693e3a7937ea70a977e883a08de8b8,497ccac91e19ea5df7516a1fc06735d5,2018-02-22 16:51:30,2018-02-23 02:30:26,2018-03-09,0,suzano,SP,52.0,8.72,1.0,1.0,300.0,26.0,10.0,26.0,6760.0
4314a231faafb2397df995a2fe22618f,e9c53bc9bc8e4fa86eec3cc712c42c51,2018-03-08 16:24:48,2018-03-09 02:31:06,2018-03-29,0,campo largo,PR,39.9,16.32,1.0,1.0,650.0,18.0,12.0,12.0,2592.0
0fc34e566d3273325c404c113f4a8b2a,ae9cc596d22235c547acce001f90fc33,2017-11-02 14:51:11,2017-11-02 15:10:35,2017-11-27,1,goiania,GO,189.0,16.07,1.0,1.0,500.0,16.0,7.0,13.0,1456.0
3138d38716dc5218c15ef572927fa93e,08df78f80a35d0c06744bf5cb0c1402d,2017-10-26 16:03:37,2017-10-26 16:31:10,2017-11-23,0,juazeiro,BA,168.0,34.98,1.0,1.0,400.0,16.0,11.0,12.0,2112.0
4a53124ff0021d4eb276c76766d45f71,aa850ff40d565e7dd78c9531f875b32f,2017-10-09 15:53:41,2017-10-09 16:07:26,2017-10-26,0,rio de janeiro,RJ,59.9,15.18,1.0,1.0,600.0,68.0,8.0,13.0,7072.0
2d6e7665b6e34b4c1531c9e06517b1f9,8133147c1bfe4c00340064eaa286d0b7,2017-12-04 16:28:25,2017-12-04 17:32:13,2017-12-27,0,lins,SP,177.0,40.29,1.0,1.0,1550.0,30.0,22.0,30.0,19800.0
00af53fdc2002f5b6a8f16db648e003b,b1517b4078772e718a46e03f9ea9321f,2017-06-20 15:00:00,2017-06-20 15:15:17,2017-07-10,0,itupeva,SP,39.9,11.85,1.0,1.0,150.0,16.0,16.0,11.0,2816.0
5d8d75278e117304f2e8c3df4ce3c41c,585efd953bdf0c0feed085f3a757c9d0,2018-04-05 12:28:28,2018-04-07 02:50:24,2018-05-10,0,rio de janeiro,RJ,129.0,32.33,1.0,1.0,8325.0,43.0,14.0,33.0,19866.0
1330176f6500125ff6e8e10922fb714c,89479f50ebac0687b3d8d0ac9f1193b1,2017-10-18 23:24:58,2017-10-19 00:05:28,2017-10-30,0,guarulhos,SP,48.89,15.56,2.0,1.0,75.0,18.0,6.0,11.0,1188.0
d4d7c1beb2c6dc87bb984a3179558ac4,e47110abdbd56729270e9c2a8c552a72,2017-05-05 20:59:41,2017-05-05 21:10:13,2017-06-07,0,agua boa,MT,237.8,49.1,1.0,1.0,900.0,45.0,15.0,16.0,10800.0
4aaae2aa1aaf68062749b93fbe24d6cc,73c42df75ba6c72886b7dc426d3db891,2018-04-05 22:23:29,2018-04-05 22:35:14,2018-05-08,0,barra do corda,MA,68.9,52.61,1.0,1.0,950.0,40.0,4.0,30.0,4800.0
ce8f5eddac46e002a057f440c9bde458,4c0048f0a288bf5711513c19ed659dc4,2017-05-02 18:31:54,2017-05-03 15:02:35,2017-06-09,0,eunapolis,BA,19.9,20.8,1.0,1.0,250.0,40.0,10.0,25.0,10000.0
aaab96ab260f2839451f9c2839d59109,ca54aaa4768b5a9c668f503810b15aca,2017-10-04 21:41:08,2017-10-05 03:07:15,2017-11-03,0,nova iguacu,RJ,104.0,17.98,1.0,1.0,1150.0,26.0,31.0,26.0,20956.0
2e157e2216996cc38981cc6b4d26b9f2,eb0531889b546c683fa11282442f6233,2017-11-16 23:56:42,2017-11-18 02:30:42,2017-11-29,0,campinas,SP,27.98,15.56,2.0,1.0,50.0,16.0,5.0,11.0,880.0
90ec7e058a164b8dccce02591de2f99a,362bebb0ae1bae65c56e89f183346627,2017-02-15 12:03:50,2017-02-15 12:32:17,2017-03-29,0,capao do leao,RS,890.0,116.87,1.0,1.0,30000.0,55.0,75.0,61.0,251625.0
727c209cf1bf38111a8f69422ad7fab7,205a1b52104efa306fb9a38c0cffdace,2017-09-18 17:54:27,2017-09-18 18:15:31,2017-10-04,0,sao paulo,SP,355.9,13.99,1.0,1.0,250.0,17.0,11.0,15.0,2805.0
e6b52c8a1736370e10c2f79a52fe0129,dac71d5847f06ec0fd6cf435ab87f85e,2017-10-02 14:40:53,2017-10-03 04:05:19,2017-11-03,0,belford roxo,RJ,39.83,14.1,1.0,1.0,350.0,24.0,5.0,22.0,2640.0
c3a151fc45138447691e8231ffbca189,86538da58e1e43ea22d93b6fc3c8ac1f,2018-03-03 21:12:51,2018-03-06 03:55:51,2018-03-22,1,carapicuiba,SP,119.9,15.59,1.0,1.0,350.0,16.0,10.0,20.0,3200.0
08acb70a4f06f300068802d8776fefaa,d95c4eb894db9fa73c355006bfa2534b,2017-07-28 10:29:15,2017-07-28 10:45:20,2017-08-14,0,santa isabel,SP,45.33,9.94,1.0,1.0,250.0,16.0,2.0,11.0,352.0
ec4dd77cb91b7689d123349c0e06f121,0535ae315864cfff5c19849a12720b7f,2018-02-05 08:19:45,2018-02-05 08:35:22,2018-03-05,0,petropolis,RJ,79.99,15.31,1.0,1.0,1813.0,67.0,12.0,47.0,37788.0
23fb82faac9266fd7373286d1d2fc02a,46b9f480dd3a334d6482b9663c46ba71,2017-11-24 14:40:32,2017-11-24 16:37:30,2017-12-11,1,indaiatuba,SP,98.97,28.02,1.0,1.0,950.0,20.0,35.0,20.0,14000.0
dafd4cd63e908de9d1d745fee1c89637,0f861f51e8b8cad6206f2942881bbb56,2017-10-03 16:03:14,2017-10-04 03:07:12,2017-11-07,0,itubera,BA,29.0,16.79,1.0,1.0,450.0,20.0,31.0,30.0,18600.0
858dc2838532d6ec487b622925f25c56,8a70aa71714e9dacc4dac1a4c4b336b9,2017-05-15 09:49:01,2017-05-16 03:42:32,2017-06-02,0,cianorte,PR,39.9,15.1,1.0,1.0,200.0,16.0,16.0,13.0,3328.0
6e0b92bf7f849a26ecbd65716cf5d610,ec129cc1eae905b8a97bd912589a9783,2017-08-17 22:45:26,2017-08-18 00:44:23,2017-09-26,0,tabira,PE,110.0,26.05,1.0,1.0,900.0,28.0,3.0,12.0,1008.0
84e3112c2a4f1708a00c880218f52886,b58f4730e9310e940e9f674b4cdc936a,2017-11-27 21:55:05,2017-11-27 22:17:48,2017-12-20,0,palestina,SP,56.99,11.9,1.0,1.0,350.0,25.0,15.0,15.0,5625.0
cc95d1ba07d976d27802ccd9e8f15db1,7c58c07718ba7a706dc41ef3d4702a18,2017-10-06 09:46:17,2017-10-06 09:56:23,2017-10-24,0,brasilia,DF,39.9,8.11,1.0,1.0,100.0,18.0,7.0,11.0,1386.0
be929febed86ae91848b45a84c499e44,8b8c47170df5dd2207aca5ce4d9cd608,2017-12-06 13:12:24,2017-12-06 13:19:33,2018-01-05,0,ribeirao preto,SP,19.9,12.48,1.0,1.0,150.0,24.0,12.0,18.0,5184.0
a76350c88470281e23e8fb2a32fecd2e,a250f613f6bcde8c736ed7d5e04c26b0,2017-10-12 18:22:30,2017-10-14 18:34:49,2017-10-25,0,sao bernardo do campo,SP,78.99,7.81,1.0,1.0,150.0,20.0,3.0,18.0,1080.0
4c3499a7df623b40778ee01a90811a2f,7422267f46a52991b0a78f0e10e1ca65,2017-06-12 13:49:41,2017-06-14 02:30:19,2017-07-05,0,sao paulo,SP,149.84,18.3,1.0,1.0,922.0,30.0,15.0,17.0,7650.0
e75f1bbf23dbdb449cd179f07abb8eaf,4cd4385c6ceedefe721666249895d5b7,2017-12-05 17:16:48,2017-12-07 16:31:41,2017-12-29,1,rio de janeiro,RJ,59.0,17.66,1.0,1.0,1750.0,37.0,22.0,40.0,32560.0
166456efeff39afc75c0ae8580db1318,5601306a3ab8ff0784dfb5fab690bde1,2017-03-24 20:06:57,2017-03-24 20:22:54,2017-04-28,0,belem,PA,49.0,24.84,1.0,1.0,250.0,18.0,3.0,28.0,1512.0
782c3666584e68ee1fe25859e30cfbe8,950aed4cf173ac2b9b4985377039adcf,2017-07-26 16:04:07,2017-07-26 16:15:21,2017-08-17,0,sao paulo,SP,70.24,32.22,1.0,1.0,800.0,30.0,20.0,20.0,12000.0
d44edbc930d60ec8a8d787bdda46334f,bd62fc1db68f47113dd1f9d700eac3bd,2017-09-20 23:26:02,2017-09-20 23:35:17,2017-10-16,0,taubate,SP,70.9,26.82,1.0,1.0,5150.0,90.0,4.0,42.0,15120.0
c39b4b096477122be2548ca4b4462b21,cc4d7af7a584bf8b5bca2dca7e2200c5,2017-12-24 19:01:26,2017-12-24 19:12:23,2018-01-30,0,natal,RN,49.99,31.02,1.0,1.0,150.0,16.0,16.0,16.0,4096.0
a742e3a941299687aed413c581a7dce9,f1e6293b21eebd4e0cd6828301c669b1,2017-06-04 14:53:58,2017-06-06 13:10:20,2017-06-19,1,campinas,SP,39.9,8.27,1.0,1.0,400.0,32.0,15.0,15.0,7200.0
6fb6e809fba02aa50058be7a0e3ad532,9ebe376b5d3f517c3d18461079c1cc4f,2018-03-07 16:14:54,2018-03-07 16:30:44,2018-03-28,0,miguel pereira,RJ,139.9,58.84,1.0,1.0,5700.0,20.0,15.0,13.0,3900.0
e0aadee588e476e3a004e56c8fc3c645,6a85222aa87619e9aef296bb6166970a,2017-07-01 11:00:49,2017-07-02 11:05:09,2017-07-25,0,curitiba,PR,999.99,101.52,1.0,1.0,28500.0,105.0,65.0,25.0,170625.0
b73095e1b4a660f696d90a6f5446b58c,f6f53faac556fb2d6b5f26f80317fe3c,2017-07-28 10:58:58,2017-07-28 11:15:21,2017-08-10,0,cotia,SP,55.99,8.72,1.0,1.0,100.0,20.0,20.0,20.0,8000.0
252a85fbb824c236e3b232f556edfc68,519579a0b1843161c9ac5cac2376caec,2017-12-04 09:47:00,2017-12-05 11:30:01,2017-12-27,0,rio de janeiro,RJ,145.0,14.76,1.0,1.0,200.0,16.0,6.0,11.0,1056.0
a5de8a72ffd64d3a73ae50d6fdac540a,74502fbbbd38239f24de0a6f23fb80bf,2017-11-26 21:54:41,2017-11-26 22:12:04,2017-12-21,0,uberlandia,MG,17.85,15.1,1.0,1.0,200.0,16.0,7.0,16.0,1792.0
8b4bddf7147c2e258a07697c3db41203,7994fb833e6c8f40ad229e30fba8ad46,2018-02-23 14:03:50,2018-02-23 14:15:52,2018-03-16,0,patrocinio,MG,463.0,15.37,1.0,1.0,750.0,20.0,15.0,15.0,4500.0
320a231a883ad030cfb2dead6f7bce85,cf6ebe00d7f37554fa8c871f776dd0bd,2017-09-20 21:12:23,2017-09-22 04:11:08,2017-10-17,0,prata,MG,109.9,18.02,1.0,1.0,2000.0,45.0,15.0,35.0,23625.0
6878dd8f91f3b3ee7fa8edbea6c3af45,86c9a39c17fae370a496545e5d9a324c,2017-09-02 16:57:50,2017-09-05 04:25:48,2017-09-21,0,jundiai,SP,79.9,13.58,1.0,1.0,1100.0,21.0,29.0,17.0,10353.0
bf11d6d45abb67220dbfb9b1f8c09efe,b474f5d2fa522b1ab235ad78afcc17ee,2017-11-19 10:29:28,2017-11-22 03:06:52,2017-12-11,0,nova friburgo,RJ,83.41,17.83,1.0,1.0,4600.0,102.0,33.0,30.0,100980.0
2dc8ae13ff86f4dcefb60ddfbaf43df8,20e9296ee6e31e906dd832d82eed92ba,2017-04-24 22:09:33,2017-04-24 22:22:20,2017-05-19,0,porto alegre,RS,139.9,19.57,1.0,1.0,1400.0,40.0,10.0,34.0,13600.0
57287b46dc0f2bbc56c73b239cbc425c,f4d603262cb2ec87b7b6fc431853f3e7,2018-03-19 16:29:25,2018-03-19 16:50:43,2018-04-05,1,belo horizonte,MG,139.99,16.95,1.0,1.0,300.0,21.0,10.0,15.0,3150.0
43d3cc829a59f03af73f2a7fc9542ee6,b790f6cf634604f558fc6b9bf5f976be,2017-05-03 21:31:55,2017-05-03 21:42:23,2017-05-29,0,rio de janeiro,RJ,271.0,21.98,1.0,1.0,2600.0,16.0,16.0,16.0,4096.0
0f44bed17f819c79f48b9d260406a445,e23daca049a52fb8f925cd236f37283b,2017-05-28 20:41:16,2017-05-28 20:55:18,2017-06-23,0,sao joao da urtiga,RS,139.9,16.74,1.0,1.0,500.0,16.0,12.0,22.0,4224.0
33eefd3aa85eebe6a110e9fcd67e8be7,57560919e8c83fdaa81575a5ab74d0a8,2018-03-01 16:04:27,2018-03-01 16:15:41,2018-03-22,0,contagem,MG,79.0,14.3,1.0,1.0,350.0,16.0,11.0,11.0,1936.0
bfca7413b79272dc5ed993b4e90c53ce,7f17b542f4d09af6377365917101cf5e,2017-06-19 02:03:15,2017-06-21 02:15:56,2017-07-18,0,teofilo otoni,MG,20.0,15.1,1.0,1.0,498.0,18.0,18.0,18.0,5832.0
b9ecce1bcd409855fc37729cae69239f,b0f8e245a39d12379abcc27aea0bb688,2017-06-02 19:55:51,2017-06-02 20:05:15,2017-06-23,0,betim,MG,109.9,8.35,1.0,1.0,150.0,16.0,6.0,20.0,1920.0
e0c12aa623c335d47b20986efb7bbd74,fc057bc7c190883369794b851d6f3ab0,2017-09-14 09:44:40,2017-09-15 02:15:15,2017-10-10,0,colina,SP,59.9,16.18,1.0,1.0,1650.0,40.0,45.0,25.0,45000.0
01643942766bdec224d5593041f714e6,35b6010ad8b185e27365ae8366cbb76d,2017-08-05 00:17:35,2017-08-05 00:30:20,2017-08-31,0,brasilia,DF,32.5,15.1,1.0,1.0,200.0,16.0,12.0,20.0,3840.0
7ae9706fae7d40d10193ccda71fd0a62,8651fcbb0eaad7b6ffe7a7b2dad93ca7,2017-07-15 00:52:01,2017-07-15 01:05:10,2017-08-17,0,aguas lindas de goias,GO,19.99,14.1,1.0,1.0,100.0,20.0,15.0,15.0,4500.0
cb4980b31efc7af3ee819aa60582c31b,dc0c77cca2f6acb682827975536a6dc7,2017-01-17 12:42:06,2017-01-17 12:55:27,2017-02-17,0,campos dos goytacazes,RJ,44.95,14.52,1.0,1.0,250.0,23.0,11.0,22.0,5566.0
2307f3782fd14d75b1098608959769ff,834fbe386c3ff163d252b37b5487e118,2018-02-21 22:53:10,2018-02-23 02:31:11,2018-03-13,0,sao paulo,SP,117.8,15.58,1.0,1.0,400.0,19.0,13.0,19.0,4693.0
eca26a0368445f56cdb3c5bac1754848,06bca569f6bd4833c89416af4672db63,2017-12-29 07:43:35,2018-01-03 04:32:28,2018-02-01,0,rio de janeiro,RJ,150.0,15.8,1.0,1.0,200.0,18.0,9.0,14.0,2268.0
ffdee14e5cab83563d890d93e1d16f74,31a8f6d679715fe19892aef333993c5b,2017-04-29 09:57:46,2017-05-03 11:15:32,2017-05-23,0,florianopolis,SC,29.5,10.96,1.0,1.0,350.0,67.0,15.0,15.0,15075.0
9e81d4269968920518a1fe5a8a96505c,5e86df719b4c7d4d72ffe697dd458e4c,2018-03-16 13:24:27,2018-03-16 13:35:38,2018-04-13,0,itajai,SC,165.0,19.03,1.0,1.0,335.0,17.0,11.0,16.0,2992.0
1c300b10263fefc0edc45c99921586a7,96abf0d6ed5581dcb89480606bd1b729,2018-03-26 21:05:48,2018-03-26 21:15:25,2018-04-09,0,santos,SP,35.0,8.29,1.0,1.0,2850.0,20.0,35.0,20.0,14000.0
caac03dc57366d1423cbfe4bfcd8d18f,05cf99f3501b95c29357f026d4383c6e,2018-01-04 23:12:32,2018-01-04 23:28:24,2018-01-29,1,sao paulo,SP,79.0,13.57,1.0,1.0,10950.0,60.0,20.0,17.0,20400.0
c0412e955e8866bd36d56c196d1c9d82,f66f2668857fa2ede0a1d2147fe10bde,2017-10-19 10:17:18,2017-10-19 10:35:19,2017-11-07,0,campinas,SP,119.9,12.34,1.0,1.0,2100.0,60.0,10.0,40.0,24000.0
21eaec27338dab3006319241bff4c002,a664eb820c2169b80e2999b80f22f960,2017-11-22 14:14:38,2017-11-22 14:26:49,2017-12-14,0,belo horizonte,MG,69.9,19.73,1.0,1.0,1300.0,20.0,30.0,30.0,18000.0
c31155a9b6de97ba99fe346647cf993c,2b2806da6dc394562e9de965a3a11ac9,2018-03-28 14:42:51,2018-03-29 14:35:20,2018-04-20,0,curitiba,PR,278.99,28.03,1.0,1.0,1758.0,35.0,25.0,25.0,21875.0
295ad751198b4f1a2651400773795227,094c6b161507d7a620db1174dd826493,2017-07-27 13:53:53,2017-07-27 14:05:15,2017-08-11,0,votorantim,SP,79.9,7.81,1.0,1.0,400.0,30.0,10.0,30.0,9000.0
fc80ec53e727cdf78992749b30d5af3a,50f685a3459979901d080e6d5efa0bc4,2018-01-31 16:50:37,2018-01-31 17:13:43,2018-03-07,0,ibiuna,SP,519.9,72.52,1.0,1.0,30000.0,31.0,105.0,31.0,100905.0
b866af202be0692766081310cd4085e1,d1800078046ed2e5ae1b0792b695c56e,2017-01-27 14:59:17,2017-01-27 15:30:46,2017-04-17,0,sao paulo,SP,188.65,18.0,2.0,2.0,1050.0,28.0,11.0,23.0,7084.0
59118abb5690ca1f5c31a26b1b7b7534,6d418d791c35525053afac2ad7fc0b5b,2017-11-30 19:12:21,2017-12-01 09:30:51,2017-12-26,0,sao paulo,SP,178.99,25.77,1.0,1.0,12200.0,33.0,10.0,93.0,30690.0
cbbadd3919b803b6cdeaa2e7811bc47b,3ce94b5a344798830d5641dda2b05195,2018-03-05 12:51:15,2018-03-05 13:09:43,2018-03-28,0,brasilia,DF,199.9,48.32,1.0,1.0,9950.0,105.0,15.0,25.0,39375.0
52932a42bc7180b8f5cea527f7e27a34,b5de40d2baddfd6a1e20226ed8b7db0d,2018-01-19 13:10:46,2018-01-23 03:36:52,2018-02-09,0,ipumirim,SC,38.25,13.5,1.0,1.0,583.0,20.0,21.0,20.0,8400.0
5aa679d2c208fcb3b9f320f430345439,88b566aedeab6f04bb3e215db9ac9789,2017-06-18 21:01:07,2017-06-18 21:10:16,2017-07-11,0,piracicaba,SP,26.69,15.1,1.0,1.0,567.0,26.0,12.0,26.0,8112.0
f5612a72c48893e663d7f53ed8474dac,c034386c62e4c60320463e89cf90bd08,2018-03-25 18:28:25,2018-03-27 03:51:21,2018-04-13,0,muriae,MG,19.99,19.32,1.0,1.0,650.0,65.0,7.0,11.0,5005.0
4c38dc6e460b5c6de2b1acf65e646cdd,31bc2ab4be7965c0d6c9c1852ad9875a,2018-04-06 14:59:25,2018-04-07 02:47:56,2018-04-25,0,sao paulo,SP,69.9,13.85,1.0,1.0,600.0,30.0,25.0,20.0,15000.0
d295fdedde1742dab056f335be894679,f0dc368b018c4102a459934a02118a1c,2017-04-26 15:31:06,2017-04-26 15:42:29,2017-05-25,0,curvelo,MG,45.0,22.28,1.0,1.0,400.0,25.0,10.0,30.0,7500.0
607d3bb7a9446cd716e0fe3689dfcdaf,914fa7179e73f1d63eb0633c566217d7,2017-09-02 14:38:20,2017-09-03 14:45:15,2017-09-25,0,belo horizonte,MG,690.0,53.57,1.0,1.0,15100.0,45.0,20.0,100.0,90000.0
c9f8b15e667ca2f541bf3e608b5c1192,bdb07c4ef56b510b835265bfdfbe8319,2018-01-08 13:14:48,2018-01-09 07:27:34,2018-02-14,0,taio,SC,89.9,17.88,1.0,1.0,1650.0,44.0,2.0,35.0,3080.0
5c5bbd6db76559427661810d806bae25,efc63ad0c52f8bc3823f66b70616a280,2017-09-13 22:56:40,2017-09-13 23:05:42,2017-10-03,0,brasilia,DF,56.99,14.15,1.0,1.0,400.0,18.0,11.0,20.0,3960.0
8907bb31267526a99da12076a84a87b6,ad21255ff9650ff11d50513eff3eed15,2018-04-01 22:07:00,2018-04-02 22:09:37,2018-04-26,0,rio de janeiro,RJ,1561.0,39.51,1.0,1.0,14400.0,55.0,15.0,36.0,29700.0
78ef246c8a753452a6464f1f66603fac,5fc71ad3dce68409800df24dcad0288a,2017-09-25 16:06:20,2017-09-27 03:05:55,2017-10-19,0,sao paulo,SP,75.9,12.66,1.0,1.0,200.0,23.0,16.0,16.0,5888.0
adf5a3d223336c6b7965f3027bb7ddc2,6c40dd1882be5ee6caadaa356563ef0d,2017-11-13 20:54:32,2017-11-13 22:51:08,2017-12-06,0,ibia,MG,,,,,,,,,
1fb19f4cd7486d32cfc488577cc28235,2009e285643a9f9aaa39ab0b1a680882,2017-02-02 11:15:31,2017-02-02 13:30:18,2017-03-13,0,manaus,AM,343.4,26.89,1.0,1.0,483.0,24.0,17.0,23.0,9384.0
f255dee03c0e577afd1457dbcfe7c264,4516d9bb34161f0c224eed49b1e0aee2,2017-07-12 13:15:37,2017-07-12 14:03:38,2017-08-01,0,lencois paulista,SP,36.9,12.69,1.0,1.0,650.0,24.0,10.0,20.0,4800.0
4e1679640c29ba05f498ac20e026213e,f25bd233d365ab0119f6bf5f397a955e,2018-01-15 01:58:50,2018-01-15 02:12:44,2018-02-14,0,recife,PE,95.0,21.07,1.0,1.0,1400.0,22.0,9.0,16.0,3168.0
ed2fd29485ba0cce066d8a1e5fcd8bbc,c30d6ff9e2fca6659a28c1c9e89ef661,2018-01-22 18:27:32,2018-01-22 18:36:28,2018-02-14,0,belo horizonte,MG,138.0,17.22,1.0,1.0,4867.0,70.0,16.0,50.0,56000.0
10c5eb3ea9a23055a311c44022b574eb,573dc06cd01ce38087680e66d886a1c0,2018-01-31 09:21:15,2018-02-01 03:12:41,2018-02-16,1,maua,SP,38.9,7.78,1.0,1.0,100.0,17.0,2.0,11.0,374.0
79628bec05987a8b38465bfb42775c11,0bc0e9e36ef7cc3a227078978ea75d43,2017-09-20 00:01:18,2017-09-20 00:24:42,2017-10-09,0,rio de janeiro,RJ,117.99,21.32,1.0,1.0,2150.0,45.0,13.0,35.0,20475.0
0297a2a062d136015afa9f5d9623818f,2741d30aa289cae1b78c923cf31e6470,2018-01-28 15:27:43,2018-01-28 15:34:32,2018-02-20,0,guaratingueta,SP,13.65,11.85,1.0,1.0,200.0,25.0,7.0,16.0,2800.0
a322a4aa3b0a9b47a6760a03ee17ffe8,d312c73308e9c429a61aab82e16b7f6a,2018-01-07 11:53:56,2018-01-08 13:01:21,2018-02-09,0,pilar,AL,23.8,21.15,1.0,1.0,283.0,24.0,23.0,20.0,11040.0
d22b9cdf085b4c46374d974de5b98296,5a614e662afcf66da8c7bbdf13e81c50,2017-09-19 09:22:36,2017-09-20 02:15:18,2017-10-05,0,adamantina,SP,16.9,12.69,1.0,1.0,650.0,33.0,4.0,33.0,4356.0
61782adcbc7367ccf0c14043586c9495,e415222b4abe172614ed6c78d9d96994,2017-02-10 12:11:25,2017-02-10 12:32:24,2017-03-13,0,franca,SP,104.99,20.81,1.0,1.0,6133.0,44.0,35.0,48.0,73920.0
483b5f97bce04a756b79be80fa294a95,1add7aecea2a636b86f6c2dfdc40dcf9,2017-11-13 14:54:36,2017-11-13 15:10:41,2017-12-07,0,florianopolis,SC,299.82,71.14,1.0,1.0,1067.0,32.0,13.0,22.0,9152.0
eb89fab6743f52417dec1e885261e10a,7bff96d37d8c7bf818e55b9d72a1b204,2017-12-12 13:26:09,2017-12-14 02:12:06,2018-01-12,0,venda nova do imigrante,ES,136.68,18.21,1.0,1.0,1900.0,19.0,15.0,13.0,3705.0
9c402f04e5ead60c0a79746ecaa35aa8,eb23a78ca4ccf2c917d46875fc553c59,2017-12-19 20:57:04,2017-12-21 02:11:56,2018-01-16,0,brasilia,DF,59.8,30.2,1.0,1.0,300.0,16.0,5.0,15.0,1200.0
8afe93422f74d4eb5b74349a643d94e3,655db910cac0a44e6528240243b2f5cf,2018-02-23 18:57:41,2018-02-24 13:55:28,2018-03-16,0,paulinia,SP,44.7,49.09,1.0,1.0,10750.0,40.0,46.0,35.0,64400.0
59d227c2a7283050197703ca057505d9,6b025dc026b0c04adcc72779f048826f,2018-03-06 12:29:50,2018-03-06 12:49:45,2018-04-02,1,recife,PE,49.99,38.4,1.0,1.0,650.0,18.0,8.0,12.0,1728.0
938e650cbf8099b9464bdfb48c457129,2872fca71254241e3d2879ab4f37ba01,2018-01-31 12:26:17,2018-01-31 14:10:14,2018-02-22,0,sao jose do rio preto,SP,22.0,11.85,1.0,1.0,367.0,18.0,5.0,15.0,1350.0
1d432ff6ecb6a501752815ce48038a89,5036f826fada2fdba151a9112545e883,2017-06-14 15:47:06,2017-06-14 16:05:12,2017-07-27,0,novo hamburgo,RS,59.8,30.2,2.0,1.0,475.0,24.0,2.0,24.0,1152.0
96f7907d370d310cc46c4875701cb40f,b094f9d22537cb4892ecff5504dd8172,2017-02-01 18:29:23,2017-02-01 18:41:29,2017-03-14,0,arapiraca,AL,514.99,24.86,1.0,1.0,750.0,30.0,30.0,30.0,27000.0
30241f57ca64887323c3cb0c63b407bb,c564db557272ef1abfc07e5c2bd69c8a,2017-07-04 13:57:39,2017-07-04 14:10:19,2017-07-28,0,sao paulo,SP,29.9,13.37,1.0,1.0,3450.0,27.0,29.0,27.0,21141.0
e54f60001872f7fc5d8d6d919aa0d925,106dc4cd0c6de742ecbe154db2be1ae4,2017-12-05 22:40:35,2017-12-07 03:10:57,2017-12-21,0,sao paulo,SP,65.99,11.73,1.0,1.0,700.0,42.0,25.0,15.0,15750.0
d5af7f6e2db2c527fe19decfc2d37a83,bf59771b1ab3559105d03691c8c99794,2017-07-31 20:47:50,2017-07-31 21:15:09,2017-08-25,0,ouroeste,SP,179.7,40.32,1.0,1.0,1750.0,37.0,22.0,40.0,32560.0
86e806df199739693f45c9cd596771ea,c7282ae2ff7ef253197c18a28d80fdfa,2018-02-07 14:23:10,2018-02-07 14:35:29,2018-03-08,0,braganca paulista,SP,59.9,17.67,1.0,1.0,431.0,19.0,17.0,15.0,4845.0
d0c74e12dbbf527b5557190c591ac98c,688f35cb57847aae242f01cac66e6137,2017-07-11 09:31:56,2017-07-11 14:30:21,2017-07-26,0,sao paulo,SP,52.9,9.27,1.0,1.0,350.0,22.0,8.0,19.0,3344.0
01428962dce3b65e5433eaeb16c0f48f,62a31d294c310db1ce08d21a575c4144,2017-07-13 14:39:29,2017-07-14 02:24:20,2017-08-14,0,passo fundo,RS,309.82,93.34,1.0,1.0,1067.0,32.0,13.0,22.0,9152.0
2ab88224f93f4cc491bf62def6bb9bd0,a1776ddc59dd25127aa556fc6b69958b,2018-01-11 23:19:35,2018-01-11 23:28:29,2018-02-14,0,kalore,PR,199.99,51.27,1.0,1.0,7650.0,20.0,20.0,20.0,8000.0
3a81f00da2cf9c1ef4f30b34bf435c62,13ca5bcb48b28bfac0cff36a30b293db,2018-03-01 20:13:18,2018-03-01 20:35:30,2018-03-22,1,sao paulo,SP,62.7,25.28,1.0,1.0,4300.0,92.0,14.0,21.0,27048.0
d34f01a9355c71adcc41fbc504e8609f,90e4610234a323a0a7a5b1aa7e936d9e,2018-01-20 17:20:34,2018-01-20 17:41:33,2018-02-21,1,arraial do cabo,RJ,129.0,21.39,1.0,1.0,10750.0,31.0,61.0,31.0,58621.0
c285661a8320d062c60574830bae4199,537b2215fad860dff368ec7bcf1dce65,2018-01-03 10:50:21,2018-01-03 10:58:21,2018-02-01,0,registro,SP,599.0,91.68,1.0,1.0,12050.0,27.0,50.0,53.0,71550.0
44e608f2db00c74a1fe329de44416a4e,a81ebb9b32f102298c0c89635b4b3154,2018-02-28 11:15:41,2018-02-28 11:32:42,2018-03-26,0,curitiba,PR,382.0,37.18,2.0,1.0,1133.5,30.5,24.0,20.5,15006.0
bb102364b6a29f9f8683f21e5825595a,229d046873d7452a773c42e0f35916f9,2018-01-18 10:20:43,2018-01-18 10:31:31,2018-02-02,0,piracicaba,SP,12.3,7.78,1.0,1.0,200.0,25.0,7.0,25.0,4375.0
b2119fc1abe3ce8896e2e0e951ec8d9e,62b1788eb836d7afcfc0c229b9a68887,2017-03-23 13:54:11,2017-03-23 14:05:08,2017-04-11,0,sao roque,SP,98.99,15.8,1.0,1.0,2200.0,30.0,20.0,25.0,15000.0
e9f267751db5678db874f632592a2c0d,c2c4da97389cc67625777ddca20faa00,2017-07-28 22:00:31,2017-07-28 22:15:12,2017-08-21,0,curitiba,PR,629.0,34.24,1.0,1.0,8100.0,36.0,47.0,32.0,54144.0
c69c8612c1fa919f232d370c41cbffd7,0241277be857dc59ae544ccac12b3e19,2017-04-19 08:56:39,2017-04-19 09:05:16,2017-05-11,0,marilia,SP,49.99,14.52,1.0,1.0,300.0,18.0,15.0,13.0,3510.0
1c1f7eae34c850ca47fe6b8305995c79,5f2084f0ea46590ba9155c03bb9dc978,2017-10-31 18:15:49,2017-10-31 18:31:11,2017-11-17,0,brasilia,DF,167.0,14.92,1.0,1.0,207.0,19.0,11.0,14.0,2926.0
04d95724f8e595ca13c0806541d39973,e95994d81b2fd9150bace0cd8a7b8024,2018-03-19 10:05:40,2018-03-19 10:27:03,2018-03-29,0,cotia,SP,130.5,7.78,1.0,1.0,463.0,17.0,14.0,13.0,3094.0
1f61454f0be6c852699c3711101eab74,0470a8d9b6a4161506860bbd6256fd0e,2017-11-12 20:29:28,2017-11-12 20:46:17,2017-11-28,0,sao caetano do sul,SP,38.4,9.34,1.0,1.0,950.0,20.0,35.0,20.0,14000.0
f11a42c865e929c2b7709f3390d1bc7f,02b7163ebab30c1560be4d0ead691b00,2017-03-21 16:47:39,2017-03-21 16:47:39,2017-04-11,1,itaperucu,PR,19.9,15.56,1.0,1.0,1400.0,26.0,9.0,16.0,3744.0
a762b5e99e0962bc51711998c7be8280,363133bedba50bf6ad398ce661dec61a,2017-02-28 12:10:29,2017-02-28 12:21:49,2017-03-22,0,guarulhos,SP,69.5,14.66,1.0,1.0,850.0,19.0,15.0,18.0,5130.0
e2007b2e0b236f254ac322260a2dcb1d,f05935d3c717a26361221ca371ed65ee,2017-05-18 14:38:08,2017-05-18 15:55:19,2017-06-09,0,rio claro,SP,79.0,15.3,1.0,1.0,200.0,16.0,5.0,11.0,880.0
b077097dbd461edeee6d08a444ef1466,5b1963a41a8f4a39f4d40e6e5ed70f94,2017-05-08 19:11:58,2017-05-08 19:25:19,2017-06-02,0,porto alegre,RS,69.9,16.25,1.0,1.0,1500.0,38.0,30.0,28.0,31920.0
1a949e19da7e100bd8220d2b47db7eec,89cad968aa5731c56bb79061d08385a6,2017-11-21 16:34:39,2017-11-21 16:51:18,2017-12-08,0,teresopolis,RJ,143.99,15.76,1.0,1.0,3600.0,48.0,22.0,11.0,11616.0
f8165cb41863e5548cdf01f1463b405c,0e40e144fff28a4a3ecb37bb48f201aa,2017-09-17 13:14:32,2017-09-17 13:25:51,2017-09-29,0,sao paulo,SP,56.99,8.72,1.0,1.0,400.0,18.0,11.0,20.0,3960.0
f1a65ff2fd9cc2759b0f9a3b78ac033a,4cb7699cf045e230d2a942055c88a0e1,2017-12-08 14:09:38,2017-12-08 14:33:53,2018-01-03,0,sao paulo,SP,69.9,13.51,1.0,1.0,4750.0,56.0,11.0,32.0,19712.0
11bc240af3d9e1f77218715480a65b77,2ff113091fe089cc6bef22f38a9f3a07,2017-06-02 16:42:13,2017-06-02 16:55:12,2017-06-19,0,sao paulo,SP,248.0,9.93,1.0,1.0,431.0,20.0,11.0,13.0,2860.0
8fc1991bfbb78b4d939d11ffef79c398,d63ebc611617ecd6acb37f274224062d,2017-10-26 22:41:09,2017-10-26 22:55:10,2017-11-22,0,dias d'avila,BA,139.9,29.38,1.0,1.0,1167.0,36.0,20.0,28.0,20160.0
10bc94fc052750e8053c44b8a0cdab8d,74739c82729e0172c2449caa51f42122,2017-12-11 13:32:50,2017-12-11 13:50:16,2018-01-11,0,brasilia,DF,349.9,22.85,1.0,1.0,900.0,25.0,12.0,38.0,11400.0
d2dec7f70a6ba38a5391914f927ec6c9,30956f750c3184a07f887007009d003d,2017-02-01 14:45:46,2017-02-02 02:45:35,2017-03-10,0,godoy moreira,PR,1049.0,52.83,1.0,1.0,14100.0,46.0,33.0,27.0,40986.0
0ff4f1ed797bbfac9a16714dfa5162aa,0e7292b365653509f4f2f1953fdd2ced,2018-02-26 12:58:20,2018-02-27 12:55:37,2018-03-23,0,rio de janeiro,RJ,329.9,24.18,1.0,1.0,2140.0,38.0,38.0,36.0,51984.0
e3bdef3908e4c6a22a657b3786f89d4d,3003e2cad13e2943dcfadd1cf73e418f,2017-11-29 23:41:08,2017-11-29 23:56:36,2018-01-05,0,mage,RJ,234.9,17.89,1.0,1.0,1000.0,33.0,32.0,38.0,40128.0
5a65cedc025f607cbdb4c5219f648ae3,9eb85dfb61032b308cd9dafec6fcb3ee,2017-09-30 11:11:25,2017-09-30 11:24:47,2017-10-18,0,rio de janeiro,RJ,42.9,9.94,1.0,1.0,550.0,27.0,10.0,15.0,4050.0
95ebea26504e0c4e028d5cdd035c6f7a,2d06aa2dfce404eda03c5950c4a35960,2017-09-30 11:35:01,2017-09-30 11:49:24,2017-10-31,0,sao pedro da aldeia,RJ,49.99,15.1,1.0,1.0,250.0,19.0,11.0,23.0,4807.0
378e9f1b518253964f1e82f349d90b7b,2d4f85e2a666df7f87ce6af544523dc3,2017-04-29 16:33:16,2017-04-29 16:45:17,2017-05-24,0,sumare,SP,12.97,10.96,1.0,1.0,150.0,18.0,6.0,11.0,1188.0
c50f3e0160539b3da33e3cea55871c05,f3309994e8de398daa7ebcd5479cf689,2018-03-15 17:17:29,2018-03-16 17:10:51,2018-04-18,0,rio de janeiro,RJ,219.0,60.54,1.0,1.0,9700.0,44.0,15.0,33.0,21780.0
8c3b7297f4d519ec5e4dc1f72b6165b1,e45233d12353c37d9a47b0e9d1416ab1,2017-11-25 16:14:20,2017-11-25 16:31:20,2017-12-11,0,sao paulo,SP,27.99,7.78,1.0,1.0,350.0,17.0,4.0,12.0,816.0
a1102ae16d394581791ecaf53f5aec6f,e3ce9e46e280d1ef5d646f56de37ebe5,2018-02-15 12:28:43,2018-02-17 03:47:59,2018-03-02,0,cotia,SP,63.9,11.73,1.0,1.0,800.0,38.0,4.0,19.0,2888.0
576a4c1c23fdba52cef2228ad0232cc6,02aba7ae34101544b479f4487f53fb28,2017-08-21 22:05:18,2017-08-21 22:25:58,2017-09-11,0,presidente prudente,SP,51.92,12.7,1.0,1.0,700.0,35.0,4.0,30.0,4200.0
7a73dbb7b879e915cfd13e75852d910d,2fc18e96c5987ff9e0f2e3ca600cd075,2017-10-03 13:05:20,2017-10-05 02:49:30,2017-10-20,0,sao jose dos campos,SP,39.9,7.78,1.0,1.0,200.0,16.0,8.0,11.0,1408.0
90a9fea4de623b810e0b0c5226e21884,613578dd20ddb4ec94a6aaeb3ad67dce,2018-03-22 16:08:37,2018-03-22 16:50:20,2018-04-18,0,triunfo,RS,940.5,21.46,1.0,1.0,400.0,17.0,8.0,12.0,1632.0
616e6d0ca11adb3e6d834612726f67f0,5ea02a7e688f1ce6dbeccc48a7d45003,2017-11-24 15:54:19,2017-11-24 19:39:20,2017-12-19,0,niteroi,RJ,89.9,22.5,1.0,1.0,2500.0,20.0,70.0,15.0,21000.0
eb7ad8aef38707da6cf8a476dd47198e,7e27f4fc651dbbb8ef84aa9450dae2a5,2018-01-09 19:59:13,2018-01-10 10:32:18,2018-02-07,0,sao paulo,SP,155.0,8.83,1.0,1.0,350.0,27.0,13.0,17.0,5967.0
1d2518947fc063827004a375094fb10e,3c5671aa7639d2fb63452327a4664704,2018-01-10 16:42:22,2018-01-10 16:49:36,2018-02-02,0,sao joaquim da barra,SP,12.9,11.85,1.0,1.0,250.0,32.0,2.0,15.0,960.0
b330ac45859df51adcd01c1c5257b231,30a950c5bfeb5af9fa8ecb7bbb0f38f6,2017-05-16 09:53:59,2017-05-17 09:50:18,2017-06-08,0,juiz de fora,MG,889.9,123.95,1.0,1.0,19200.0,40.0,77.0,55.0,169400.0
48139821eca38783cb43c48d98c0246d,fa4806deb2b4135ae3708a87c6279302,2017-05-02 18:52:57,2017-05-03 15:55:28,2017-05-31,0,itapema,SC,89.0,18.05,1.0,1.0,200.0,16.0,5.0,11.0,880.0
eb3c2af8fb549b98c453e7bfb641da91,9323fd17ec223b6127816f5a6b2e99bf,2017-05-09 09:37:25,2017-05-09 09:55:25,2017-06-05,0,divinopolis,MG,,,,,,,,,
a8c17d4b336d73e8162c709bc88b7c18,ec6603dfa8747baf79ebcf7f7b767d2b,2017-09-28 20:51:51,2017-09-28 21:14:15,2017-10-27,0,palhoca,SC,99.8,35.84,1.0,1.0,700.0,49.0,4.0,50.0,9800.0
51f06300798e14c37af5f5ea107db194,fae404931d0ce02b3ba34f98c86e3b92,2018-03-03 11:29:23,2018-03-03 11:49:18,2018-03-27,1,mairipora,SP,76.25,12.66,1.0,1.0,180.0,17.0,10.0,13.0,2210.0
603e15b90edc4dbafc68def34a24d4a7,50a60363567e35381870faeee394c06d,2017-02-03 11:05:08,2017-02-03 11:21:47,2017-03-06,0,sao jose,SC,59.9,16.12,1.0,1.0,100.0,20.0,20.0,20.0,8000.0
66ef8af8edec04b75469fd942a8ad66e,b471c2f8fad20b84d2b631c8112b0b26,2017-12-11 18:25:17,2017-12-11 18:34:30,2017-12-28,0,hortolandia,SP,45.49,8.27,1.0,1.0,50.0,16.0,8.0,11.0,1408.0
f73b193902ce4f3e76aaca23014c9244,b429f06acc228da3b748c7022f6cf56b,2018-01-08 22:59:36,2018-01-08 23:08:31,2018-02-07,0,arapoti,PR,96.0,16.43,1.0,1.0,900.0,30.0,9.0,20.0,5400.0
9264772e1e557706d0a81e9addf98362,6f2e4ee9557a5ad3d44831d5bf37cc3f,2018-02-06 21:57:47,2018-02-08 07:50:37,2018-02-22,1,hortolandia,SP,30.5,7.78,1.0,1.0,200.0,16.0,8.0,11.0,1408.0
05a17f243132acec3b0146b1b9b77720,c2e5e2f8efd3c8ec18e0c21d845d3667,2017-04-23 14:18:45,2017-04-23 14:30:18,2017-05-18,0,ribeirao bonito,SP,98.99,31.78,1.0,1.0,16800.0,30.0,60.0,50.0,90000.0
7afce0931219b60595f42a39594359d5,8e456d61973f2ca2ecce69f15d0af070,2018-01-15 10:37:13,2018-01-16 03:38:39,2018-02-14,0,irani,SC,27.99,15.1,1.0,1.0,300.0,17.0,4.0,12.0,816.0
19638eaf909ee58b9c2e68fcbe112d11,a604311066ce6dfd1912532a2b7266d2,2018-02-24 14:37:03,2018-02-24 14:50:24,2018-03-20,0,januaria,MG,120.0,17.32,1.0,1.0,2850.0,70.0,8.0,17.0,9520.0
3f9b6f8b34537b09fecc693148454b85,ac9003f42265dbb7e2062aae6911d535,2018-02-21 20:02:16,2018-02-21 20:15:28,2018-03-07,0,taboao da serra,SP,29.9,8.72,1.0,1.0,475.0,25.0,28.0,25.0,17500.0
ea47d67848331b928432c6a94c2f543a,4dc69f5a7144b4414b97fbe35696af97,2018-01-20 02:48:11,2018-01-22 15:12:52,2018-03-14,0,macapa,AP,49.99,21.15,1.0,1.0,250.0,17.0,4.0,12.0,816.0
2f371d97b4ea52be4c04ef49bb4f31ff,d782082d67302107f082c112b324aebb,2017-01-23 22:55:07,2017-01-23 23:10:11,2017-02-20,0,valinhos,SP,329.9,16.48,1.0,1.0,400.0,25.0,5.0,23.0,2875.0
8482db481fb923fa01849e765265eeef,64698a6bfdec10409f62b5842662e500,2017-11-20 15:24:49,2017-11-20 15:32:32,2017-12-11,0,campo grande,MS,69.0,17.05,1.0,1.0,700.0,16.0,16.0,16.0,4096.0
63cb2376233663b05e9beb6bd9206c65,3485f92e08e0edca25ef4e62b4566631,2017-07-03 23:02:33,2017-07-04 23:10:18,2017-07-21,0,piquete,SP,59.5,13.44,1.0,1.0,1720.0,33.0,36.0,27.0,32076.0
fbb12f53a3985ca2a92e718f7b6a8162,f58a7bbf2c58573b67632dcdcf9c0d40,2017-09-21 13:40:39,2017-09-21 13:55:20,2017-10-25,0,pereiro,CE,76.9,28.94,1.0,1.0,1550.0,45.0,15.0,35.0,23625.0
c1a86ab051ab4567d31bd8ffc3feec55,035fdb541390672b9938ad46570dad75,2017-03-20 14:39:19,2017-03-20 14:39:19,2017-04-19,0,salvador,BA,139.85,43.980000000000004,2.0,1.0,637.5,24.0,12.5,14.5,4350.0
1b7d6a3703a98513b60768df8d6c30b7,150c000d94442e397f21cc978f925d40,2017-07-05 22:40:50,2017-07-07 02:45:50,2017-08-04,0,santa cruz do sul,RS,139.9,26.26,1.0,1.0,10225.0,19.0,11.0,11.0,2299.0
3d12931b79aac8b5936c7845d6e997ef,3e90f772b0825fa105cc50b5b98fddfc,2017-05-12 07:18:05,2017-05-13 03:02:54,2017-06-09,0,osasco,SP,165.9,9.98,1.0,1.0,1000.0,40.0,16.0,30.0,19200.0
48f30fbf8d879b0216be9be4a1fca6e4,a8b345d55f94ab20a00864ee6a0642ce,2017-03-27 08:45:13,2017-03-27 09:01:54,2017-04-13,0,sao paulo,SP,54.9,10.99,1.0,1.0,800.0,20.0,35.0,20.0,14000.0
c41fcb90e5c4e310d014634135fb1279,f15502451cc5bdea5784089fec299f8b,2017-05-10 14:04:15,2017-05-12 02:45:12,2017-05-30,0,niteroi,RJ,439.8,34.6,1.0,1.0,875.0,35.0,14.0,14.0,6860.0
5f76e267fa835332eb9d18afad1a1511,09144539159d4b4997ce0df873b02569,2017-02-24 20:40:44,2017-02-25 02:10:28,2017-03-24,0,itapema,SC,39.9,14.52,1.0,1.0,800.0,30.0,10.0,30.0,9000.0
3262303e2eba3a73ec669ac0bb7411cd,013e49bb711629177d848e409b7566c5,2018-01-30 07:15:03,2018-01-30 07:32:44,2018-02-23,0,sao paulo,SP,55.9,12.52,1.0,1.0,400.0,27.0,10.0,28.0,7560.0
0c4a286213e6b3657aa94773d386a229,082494e1ad97fbe3fd2efb729b24e252,2018-03-20 13:43:33,2018-03-21 13:47:46,2018-04-06,0,leme,SP,42.0,13.71,1.0,1.0,650.0,52.0,4.0,42.0,8736.0
ff38e180176d38e46f43488a0571d6c2,f3bd6b976e5545bb49c4b004c37c21ff,2017-11-08 15:38:42,2017-11-09 04:31:07,2017-11-29,0,sao paulo,SP,159.9,18.37,1.0,1.0,792.0,19.0,14.0,16.0,4256.0
ba5d446046c4678d335a1e3933460193,1b67338cfe3266cc110de1e402aa6220,2017-11-15 22:16:39,2017-11-15 22:30:42,2017-12-19,0,campo grande,MS,31.9,15.79,1.0,1.0,200.0,41.0,2.0,29.0,2378.0
549a64c18685183a33b68184178807fa,34bbcae303fcd2a8e8a9d7493e01e745,2018-03-31 20:55:30,2018-04-03 05:48:38,2018-04-24,0,vitoria da conquista,BA,131.99,25.71,1.0,1.0,1050.0,36.0,24.0,22.0,19008.0
2cb14cadfd564d88f59990e80cd4e81b,8da4bc4c88bd4d9eb151bd086048f7e7,2018-03-12 09:44:23,2018-03-12 10:20:31,2018-03-28,1,sao paulo,SP,227.0,15.68,1.0,1.0,1600.0,80.0,20.0,25.0,40000.0
b61f906e4d28111f250cdf42a93a5967,b89f8b2159cc4f80617c22f0b0ee17e3,2017-11-19 15:38:53,2017-11-19 15:50:44,2017-12-01,0,sao paulo,SP,115.0,25.839999999999996,3.0,1.0,533.3333333333334,23.0,19.333333333333332,15.666666666666666,6966.444444444443
d0187cf305e08f85775b03f6de2cff7b,595ac4d9648f78c1f8e00308962ad569,2018-01-17 16:46:29,2018-01-19 02:37:22,2018-02-09,0,jaragua do sul,SC,30.0,12.6,1.0,1.0,200.0,16.0,26.0,11.0,4576.0
b301751e61d9c2d768c0e4cd484844c2,2fd2ac7a82e4a187eaf6b9570b2ec301,2018-01-11 14:15:01,2018-01-12 03:32:26,2018-02-08,0,paraguacu,MG,69.77,15.24,1.0,1.0,100.0,16.0,7.0,11.0,1232.0
765388e7b3d416ffe810ade706854872,a7288cab9fc524abf65915630e66c73b,2017-02-09 13:52:13,2017-02-10 02:45:27,2017-03-14,1,rio de janeiro,RJ,109.99,38.26,1.0,1.0,7950.0,30.0,35.0,30.0,31500.0
d280ffa94ba8d94d4fc416ee85612a52,00796be07bfc87dad2e31ef15490a718,2017-11-09 14:07:54,2017-11-10 03:11:04,2017-12-01,0,belo horizonte,MG,89.97,46.31,3.0,1.0,533.3333333333334,16.0,10.0,16.0,2560.0
bf593abe2928b23b60cee1ff3471a4dd,9deff18f168c804c9ef00f47ccb2f6c4,2017-06-08 23:17:57,2017-06-08 23:25:16,2017-07-06,0,sao paulo,SP,39.9,14.1,1.0,1.0,550.0,25.0,15.0,15.0,5625.0
793c2f0661686b1d7e18efec8c4b43be,580414edf10e54926b0b40b5e9bbfdd0,2017-07-22 15:14:36,2017-07-22 15:30:13,2017-08-17,0,cianorte,PR,84.9,19.83,1.0,1.0,1300.0,33.0,10.0,49.0,16170.0
f70a0aff17df5a6cdd9a7196128bd354,456dc10730fbdba34615447ea195d643,2017-08-10 11:58:33,2017-08-12 02:45:24,2017-08-23,0,sao paulo,SP,279.0,34.19,1.0,1.0,16450.0,44.0,70.0,32.0,98560.0
fec903f8ec1c6bd437fa8abafc20d378,22d8ce67d81d6155f428db48eeb6bc7c,2018-02-23 21:11:19,2018-02-24 21:07:33,2018-03-23,0,jaboatao dos guararapes,PE,49.0,25.63,1.0,1.0,250.0,18.0,3.0,28.0,1512.0
cecc2adb5fc43cab2bebdc7c23906c0d,7d8666e0148b50e626e90245b6583f54,2017-11-28 12:15:01,2017-11-28 12:37:17,2017-12-18,0,sumare,SP,238.98,14.01,1.0,1.0,600.0,19.0,17.0,19.0,6137.0
884fc1672d7c26265ce8f3b2e2369b32,138a01aa92239376fe0599ebb07a2c1e,2017-12-18 15:09:06,2017-12-18 15:19:27,2018-01-15,0,belo horizonte,MG,86.9,21.1,1.0,1.0,1383.0,50.0,10.0,40.0,20000.0
eabb26aeb1ce1147b26952c40f719f0f,65d7321f062eb5569225c13c721fc8cc,2017-11-30 18:37:18,2017-11-30 18:50:51,2017-12-18,0,sao paulo,SP,45.0,9.27,1.0,1.0,850.0,16.0,13.0,15.0,3120.0
6b7f286d1c41eb87f19bc62c31043740,a74b3f14183cc1bcbcad43ae2dc89bd2,2017-10-25 20:24:11,2017-10-25 20:35:23,2017-11-24,0,mogi mirim,SP,44.9,15.1,1.0,1.0,200.0,16.0,17.0,11.0,2992.0
0d72ea72bb291e23fc4da4324144fe24,b1bb127ce792d5bd572bcfecc6adb9ed,2017-08-11 14:14:14,2017-08-12 02:50:23,2017-09-04,0,sao goncalo do sapucai,MG,49.0,15.1,1.0,1.0,300.0,16.0,11.0,11.0,1936.0
2b4da54d791ba338407fa772e336b880,ea2196dc456ba36fe4f6b81dca4867d4,2017-10-06 08:37:41,2017-10-07 08:44:25,2017-11-07,0,feira de santana,BA,214.0,39.05,1.0,1.0,2313.0,45.0,11.0,32.0,15840.0
aa074a04e180e1202a8e0500297a2570,356c120cc0f5c573bc74d453e0879494,2017-07-13 20:00:24,2017-07-13 20:15:09,2017-08-16,0,feira de santana,BA,205.0,28.81,1.0,1.0,9750.0,35.0,12.0,30.0,12600.0
2b4fba1ac5c3564ba60d37e66fa5e62e,dddf4f7d4ee2cd254527d7e9078c4483,2018-01-29 21:57:06,2018-01-29 22:13:30,2018-02-20,0,sao paulo,SP,29.9,12.69,1.0,1.0,250.0,40.0,10.0,25.0,10000.0
5cddc0e7aa59980c2f6018bbbde4b776,3414c83e2c90da70206c954609868183,2017-05-26 07:04:37,2017-05-26 07:15:11,2017-06-22,0,vila velha,ES,59.99,14.17,1.0,1.0,525.0,29.0,16.0,20.0,9280.0
c9a54f6ed83e951ec2cbec315d2333cd,05fd3454ddf16d297616f9167700ab80,2017-02-09 14:00:53,2017-02-09 14:10:19,2017-03-15,0,osasco,SP,176.99,53.79,1.0,1.0,23500.0,66.0,43.0,66.0,187308.0
ef4927f51923ddcf7b75fb84f51126b7,98c06da4bc9caeddc4b8d92ab42b6bc7,2017-09-11 23:30:04,2017-09-11 23:43:23,2017-09-21,0,sao paulo,SP,55.0,7.78,1.0,1.0,250.0,16.0,2.0,20.0,640.0
5c1bb17af6206762f786319af540cd0a,bc45a57dc2dd1214356af83eb57a46f3,2017-04-10 15:14:47,2017-04-10 15:25:16,2017-05-04,0,valinhos,SP,299.99,17.31,1.0,1.0,1538.0,25.0,36.0,31.0,27900.0
fd966686fa519b004275d0f422800a60,c227131c0e81dd2b7daa8be05cd99258,2018-03-15 08:38:34,2018-03-17 02:50:47,2018-04-05,1,valinhos,SP,128.0,30.66,1.0,1.0,200.0,21.0,5.0,15.0,1575.0
545b9d98685b98a2203d2ba6e56b8e3a,c1c485afcd2871d243f7f3282b3366a2,2017-05-02 13:35:51,2017-05-02 13:45:19,2017-05-25,0,bariri,SP,48.0,11.74,1.0,1.0,540.0,17.0,10.0,14.0,2380.0
796815d64065ff9881199a4807c02415,097e8c3630bf6bfdcd8c9d3d3c7e5eb0,2017-10-18 09:50:30,2017-10-19 03:40:16,2017-11-07,0,teresopolis,RJ,99.99,17.95,1.0,1.0,900.0,44.0,24.0,31.0,32736.0
f8b625b1a8ae63614f1c171fb18c7a49,28de693affea36d16d7d74bb663f7c7c,2017-11-20 18:43:00,2017-11-21 18:34:22,2017-12-07,1,rio de janeiro,RJ,220.0,16.29,1.0,1.0,800.0,20.0,20.0,20.0,8000.0
0df120be8a76db470b19ce0fbcf170da,276b9e5886dacbd1a37c6d7c55ab0220,2017-11-28 11:39:04,2017-11-28 12:27:18,2017-12-20,0,uberlandia,MG,63.14,16.2,1.0,1.0,200.0,16.0,35.0,25.0,14000.0
38ca323a7d4915303945481eb5a7e9e2,33ebaf9f5391d51bfc9fda523a759620,2017-11-28 11:40:40,2017-11-28 11:58:35,2017-12-18,0,assis,SP,21.9,11.85,1.0,1.0,150.0,30.0,10.0,20.0,6000.0
a7d6efcf25cbcbce23dbef446eb827d6,9b684ecb3042a93d9476416aa979f289,2018-02-17 10:04:31,2018-02-20 07:27:42,2018-03-19,1,mercedes,PR,97.0,16.44,1.0,1.0,900.0,35.0,15.0,24.0,12600.0
a3cb71ba35d4d8ef1f5661769d7c9915,810f7773cc54bb6e0e737bc0e21d6765,2017-04-19 15:51:24,2017-04-24 23:33:19,2017-05-11,0,sao paulo,SP,59.9,15.63,1.0,1.0,600.0,20.0,8.0,14.0,2240.0
941d226d049bdb705438d2df05047b54,054768a77848b10d24141691cddd0ed1,2017-09-21 22:27:12,2017-09-23 02:26:18,2017-10-25,0,espumoso,RS,35.0,15.1,1.0,1.0,100.0,16.0,3.0,11.0,528.0
51248b88b0b4821b2e8eb524d990140e,1765717276473594d6231f90c621ea9d,2018-03-20 14:32:28,2018-03-21 02:55:59,2018-04-02,0,sao paulo,SP,95.4,14.77,2.0,1.0,225.0,16.0,7.5,11.0,1320.0
4b2dd087c84d86e1b2ed309171ee0f96,c9b928a77a8b9f620c9540746d6eeefc,2018-03-02 19:17:32,2018-03-02 19:30:25,2018-04-02,0,sao nicolau,RS,122.99,15.61,1.0,1.0,400.0,20.0,12.0,15.0,3600.0
a2a7169e4204a769d0c0f85581e7f139,809826f29570a931ea16432d3d55b167,2017-03-12 00:06:45,2017-03-12 00:06:45,2017-04-03,0,rio de janeiro,RJ,105.9,15.95,1.0,1.0,2500.0,38.0,16.0,33.0,20064.0
08af87fbe33eeebc7840433d94718046,0281f03348b06722b7e0f92455daafd4,2017-04-20 13:01:53,2017-04-20 13:10:48,2017-05-12,0,balneario camboriu,SC,244.5,52.230000000000004,2.0,1.0,1183.3333333333333,83.0,7.666666666666667,27.0,17181.0
51cf34bf04cc3cbf0fddfb13c6245c43,0ce488af82f1ec50f3bcd08795f65a0c,2018-03-08 22:47:28,2018-03-10 04:08:48,2018-03-20,0,sao jose dos campos,SP,45.99,7.39,1.0,1.0,250.0,16.0,10.0,11.0,1760.0
37c784fc18298a8c578de2bf806fdcff,39623b729aa1b91a230f0390b610271d,2017-11-07 17:16:07,2017-11-08 03:26:37,2017-11-27,0,sao paulo,SP,55.0,17.1,1.0,1.0,3400.0,36.0,41.0,36.0,53136.0
de1f470a407aead094cd885293ea9ba1,356d32392e15a3d6bd13fe57ba72af7e,2018-02-06 01:12:43,2018-02-06 01:31:14,2018-03-09,0,toledo,PR,224.9,22.06,1.0,1.0,4625.0,40.0,15.0,23.0,13800.0
aab057eadca2981f30e045529272020c,f17dc22845da7354c2279806c5c5483e,2017-07-11 20:54:38,2017-07-11 23:23:38,2017-08-04,0,nova friburgo,RJ,239.0,69.82,1.0,1.0,16200.0,55.0,40.0,40.0,88000.0
a00f891df81b2ee87c6c5eb73c81c571,60f4e882b701ca5aea3378dfd8dc55d9,2017-02-08 21:38:50,2017-02-10 02:50:14,2017-03-07,0,sao paulo,SP,9.99,8.72,1.0,1.0,200.0,16.0,16.0,16.0,4096.0
b785f684c6c23dbfaa4467caac850e82,4238889e66ea1c168b033007db7cdafd,2017-06-07 17:43:32,2017-06-07 17:55:12,2017-06-30,0,sao goncalo,RJ,69.0,14.23,1.0,1.0,107.0,7.0,7.0,10.0,490.0
7ac91e0f915f57f3e9e3986b7c448289,748408d5f1ac7ed2b6fcc8a3aeea25cc,2017-11-19 13:23:00,2017-11-19 13:46:18,2017-12-13,0,bandeirantes,PR,429.9,18.77,1.0,1.0,700.0,30.0,20.0,30.0,18000.0
d577aed1e75cd02852482ded774ecf26,259a820d067858fdd33aad502d61c2be,2017-11-12 13:36:04,2017-11-12 13:50:52,2017-12-06,0,belo horizonte,MG,64.0,17.02,1.0,1.0,1050.0,18.0,8.0,20.0,2880.0
c1e8a7211f3b7ecb71cf5e740ad0e3ad,40d72d9a2f89a765b140530775e75495,2018-04-09 19:32:06,2018-04-09 19:50:54,2018-05-07,0,avanhandava,SP,59.9,19.39,1.0,1.0,1275.0,19.0,17.0,23.0,7429.0
14056d7cad6fbef25503befcd851fc72,b75bc7bae07714f99400b0556dd05ff4,2017-05-06 15:13:22,2017-05-06 15:25:10,2017-06-02,0,aracruz,ES,89.18,17.87,1.0,1.0,700.0,36.0,21.0,36.0,27216.0
c6ad9ae898bc6bc0f0ac50109d8e45cc,43f00561c2493b127004fd24ce4661ad,2018-04-13 17:38:31,2018-04-13 17:52:22,2018-05-18,0,alto do rodrigues,RN,999.9,57.5,1.0,1.0,600.0,16.0,11.0,11.0,1936.0
9079f0a7009de87ec70254bdf060369f,1c476e17222ee78216feb6a315ef6be1,2017-07-13 14:51:58,2017-07-13 15:04:12,2017-08-04,0,guara,SP,44.9,16.11,1.0,1.0,500.0,27.0,10.0,15.0,4050.0
937a3346c9e90b215e5fe19119a0d4d5,50a7be6f38894cc62d45f7df9a48d436,2017-09-14 11:19:55,2017-09-14 11:30:20,2017-09-26,0,sao paulo,SP,49.8,8.72,1.0,1.0,280.0,25.0,5.0,20.0,2500.0
1fda8d2bffbac0b2c801d71efbd710bf,ca642c7f935ab921b7a1b5cd397b2372,2018-03-29 17:12:26,2018-03-29 17:31:04,2018-04-27,0,diamantina,MG,149.9,22.76,1.0,1.0,233.0,16.0,14.0,15.0,3360.0
0e8b6c11a73010fcf68119448a6182cb,121c6e0fb5e68761d78dd726a77e9047,2018-03-14 10:56:58,2018-03-14 11:15:45,2018-03-28,0,piracicaba,SP,159.0,13.55,1.0,1.0,2600.0,28.0,28.0,20.0,15680.0
827b21495b95bc672dfaa1fd55d7025f,943dfe8d4ad25b86e1d05cf6ed029772,2018-02-19 14:26:27,2018-02-19 14:35:28,2018-03-15,0,feira de santana,BA,29.9,16.79,1.0,1.0,350.0,21.0,2.0,14.0,588.0
0c5229491f40a024f07dacd49b445b64,eb2222308ec066485ecffca88d08df46,2017-08-13 22:34:38,2017-08-13 22:50:16,2017-09-08,0,porto alegre,RS,184.8,16.04,1.0,1.0,250.0,18.0,8.0,13.0,1872.0
6266738a4093bcd12c6933661ba529c6,38e7cc6d0d44f9359780816a0e29a25f,2018-01-12 20:29:11,2018-01-16 03:50:23,2018-02-19,0,pontal,SP,99.56,15.45,1.0,1.0,180.0,17.0,10.0,13.0,2210.0
9102c4cce353ccf061738fc045c2e27d,2db1314a679d8c3199d69bca0596b88a,2017-08-14 10:12:24,2017-08-14 10:25:19,2017-09-05,0,rio de janeiro,RJ,299.99,18.35,1.0,1.0,838.0,28.0,14.0,21.0,8232.0
caa881436bb7c0b6363644399398232b,ebdbfeeacdf735db5d354e2166254591,2017-12-13 18:11:29,2017-12-13 18:31:10,2018-01-16,0,rio de janeiro,RJ,169.9,17.63,1.0,1.0,463.0,18.0,10.0,14.0,2520.0
1ec53891c581322d7f3a17fb5835b857,bc746f1c6fcd8b31f1feaf2111a780bd,2017-08-25 11:59:24,2017-08-29 04:26:04,2017-09-08,0,sao paulo,SP,310.0,17.66,1.0,1.0,610.0,27.0,12.0,20.0,6480.0
908e192e4db399ba3df7c844bbafa304,b563a655fd86010adaad1e9708b0c33b,2017-09-10 22:33:41,2017-09-10 22:45:14,2017-09-28,0,guarulhos,SP,259.9,15.57,1.0,1.0,300.0,16.0,10.0,19.0,3040.0
04a5e3a44cf4310b56f1a18f38f103e6,bcae9ddbea097677bef7b6857d0afb1a,2018-01-19 03:33:15,2018-01-20 09:09:15,2018-02-09,0,rio de janeiro,RJ,29.0,14.1,1.0,1.0,250.0,16.0,2.0,11.0,352.0
bfd2ea548fb820f759a902c9b04415e3,d23dbe35b79ea70cff4cc930c890ffc5,2018-03-09 20:23:20,2018-03-09 20:35:32,2018-03-21,0,santo andre,SP,140.0,23.3,1.0,1.0,8500.0,35.0,45.0,45.0,70875.0
8912983ff47de54fb2cf774efebd8f09,02e04e4adf1a4ec2e262f8f942b4b315,2018-03-24 10:34:27,2018-03-24 11:48:18,2018-04-30,0,campinas,SP,139.9,16.95,1.0,1.0,1000.0,70.0,10.0,11.0,7700.0
c1e204186043302a0a6e1f4d955460fe,81840cabffc6c79f0f88fdbac5853531,2017-11-16 17:21:21,2017-11-16 17:38:40,2017-12-11,0,sao paulo,SP,270.0,14.02,1.0,1.0,158.0,18.0,6.0,13.0,1404.0
4461c3982eae2b994600292df19e6ae6,afc92b5c6073340256875a4e1dc3d7a8,2018-01-10 22:25:01,2018-01-10 22:34:21,2018-02-02,0,cariacica,ES,29.5,19.84,1.0,1.0,1867.0,36.0,6.0,36.0,7776.0
c186ae09d4d6b5291940be29b05cc169,4ec0d2cb28f8990b106ace8fe8b80cd5,2017-09-20 15:29:33,2017-09-21 03:04:59,2017-10-05,0,pinhalzinho,SP,75.5,13.55,1.0,1.0,1500.0,45.0,15.0,35.0,23625.0
0d78ff8b7d8f2a3590a2e4745240f97b,2bd3ae402537c443ec6aab0feb74cd65,2018-01-27 12:32:23,2018-01-27 12:53:25,2018-02-14,1,guarulhos,SP,389.0,29.17,1.0,1.0,3450.0,40.0,100.0,20.0,80000.0
804e5ddab73def7d5e86b8ae6f27e83b,ae9d8bf13681f31ec761764094e6ab95,2017-06-15 14:51:11,2017-06-17 03:43:54,2017-07-20,0,gravata,PE,129.99,26.19,1.0,1.0,2839.0,19.0,16.0,18.0,5472.0
063bbb83c80ba8c04934c9ff389be77a,2219a3cc521a24bad7f19a67dc498e5d,2018-02-07 08:52:01,2018-02-07 09:09:39,2018-03-07,0,juiz de fora,MG,53.99,15.13,1.0,1.0,200.0,16.0,16.0,13.0,3328.0
be4f77184693f359b47e0d555b7d584b,97a042d0a8b96a3b65900c89845bf2f5,2017-03-16 10:49:27,2017-03-16 10:49:27,2017-04-18,0,rio de janeiro,RJ,289.9,18.87,1.0,1.0,495.0,20.0,15.0,18.0,5400.0
b8f1089ec747d0bc2fada1ac19b66260,8562f88633b4e552155fc2476c0247af,2017-04-02 22:05:09,2017-04-02 22:22:37,2017-05-16,0,araripe,CE,129.6,25.4,1.0,1.0,2600.0,40.0,45.0,39.0,70200.0
4200e64fc68666999e2a696dfb2661a1,7c7856f9a967460c46d270ec2e67dd7c,2018-02-13 21:51:49,2018-02-16 07:47:05,2018-03-06,0,mogi mirim,SP,99.8,26.74,1.0,1.0,1500.0,30.0,22.0,30.0,19800.0
4150ef14f79d08c4772445de6db77c0d,569bdc5b541b747c421b3618ddac0884,2017-09-08 19:33:47,2017-09-12 04:44:23,2017-09-27,0,rio de janeiro,RJ,19.9,15.1,1.0,1.0,150.0,16.0,12.0,12.0,2304.0
ebe76afae9242fc70b0b807b78f17adb,0088395699ea0fcd459bfbef084997db,2017-04-02 16:33:30,2017-04-02 16:42:25,2017-05-11,0,extrema,MG,13.9,14.52,1.0,1.0,200.0,30.0,4.0,40.0,4800.0
f2b9ba22ee2c63afa897fbd904851168,768233c1b23f5b36d4c6ade6538027f6,2018-03-29 09:28:06,2018-03-29 09:47:53,2018-04-11,0,sao paulo,SP,78.0,13.45,1.0,1.0,11950.0,16.0,103.0,25.0,41200.0
efff0f02714bda94c05b552d6603f6f9,8cad893a6771fcbf107ffedd147bc71d,2018-02-06 07:02:11,2018-02-06 07:10:24,2018-03-02,0,piracicaba,SP,59.99,11.92,1.0,1.0,400.0,20.0,11.0,12.0,2640.0
0220b52f0b019739726d80c64bd4bf08,3f887ff09d642f0cfc712a5f6751c5c7,2017-12-20 08:36:49,2017-12-20 08:50:02,2018-01-23,0,itapejara d'oeste,PR,24.99,15.1,1.0,1.0,250.0,18.0,4.0,12.0,864.0
a7c17d3f5f5c9612a2bc81be1aadcdeb,641ab097b6b9e0e84304f759f2b6f78e,2018-02-21 14:55:39,2018-02-21 15:10:25,2018-03-28,0,sao bernardo do campo,SP,49.9,13.37,1.0,1.0,517.0,23.0,21.0,23.0,11109.0
0de906f0c72deaf1a1d5f7c23ded9f35,4ba8c08de7fa81bb7c3ccbd2918e608f,2018-03-20 00:57:44,2018-03-20 01:10:21,2018-04-06,0,sao paulo,SP,100.0,13.14,1.0,1.0,167.0,16.0,16.0,11.0,2816.0
43d1fe9178de269c073056a519bac11f,161f3380ccb34f88074059e8cc916863,2018-03-19 14:33:11,2018-03-19 14:49:37,2018-04-30,0,rio de janeiro,RJ,989.0,21.8,1.0,1.0,408.0,14.0,16.0,15.0,3360.0
2c60bc71e6da917194c35fa7c8477e7f,c14ee009789095771e86aece808515aa,2018-03-05 14:02:30,2018-03-06 03:49:18,2018-03-26,1,barra de sao joao,RJ,27.99,15.1,1.0,1.0,300.0,17.0,4.0,12.0,816.0
222e2f45e2970908ca9c29309b7452c5,94022ff13dd60ec046554d25daf2a926,2018-03-12 22:49:15,2018-03-14 02:55:32,2018-04-05,0,witmarsum,SC,16.99,18.23,1.0,1.0,100.0,18.0,6.0,11.0,1188.0
023a60303ff8d9e08b99e7474f7416ce,3570b59a7408f4a3aaa95d2c0485f243,2017-06-12 21:16:00,2017-06-14 02:15:17,2017-07-07,0,curitiba,PR,59.0,16.17,1.0,1.0,650.0,60.0,11.0,11.0,7260.0
531e665dc22a8076daa802634cebfea1,ca72bae56a62ab7ef618c2d480419281,2017-03-17 19:59:42,2017-03-17 19:59:42,2017-04-24,0,sao paulo,SP,69.9,17.92,1.0,1.0,500.0,17.0,5.0,13.0,1105.0
d56a6e6511ca428852199722032e8fe6,9666b03410dc81655aabf99feea813ba,2017-07-28 14:15:36,2017-07-28 14:25:13,2017-08-28,0,santo amaro da imperatriz,SC,59.9,17.67,1.0,1.0,1750.0,37.0,22.0,40.0,32560.0
c3a6dc9afef5794ea4a867b5a18e0ad1,0c305f688ce08dc9402a2164fd6f29d6,2017-11-25 14:10:20,2017-11-25 17:32:57,2017-12-19,0,goiania,GO,39.99,14.1,1.0,1.0,450.0,16.0,40.0,30.0,19200.0
343348b1e29e9fa9e7b6ab1027f9177d,017395cf7b4c0be4fa72650f0a8184ed,2017-02-21 17:11:24,2017-02-21 17:25:12,2017-03-28,0,jatai,GO,25.99,17.78,1.0,1.0,200.0,19.0,3.0,11.0,627.0
07dedb9d22cef1af1540ab753c537c4c,ca618abc1a2b015a670d47a8f7694612,2017-09-13 10:19:09,2017-09-13 11:34:34,2017-10-04,0,rio de janeiro,RJ,99.0,34.05,1.0,1.0,5950.0,20.0,20.0,20.0,8000.0
8702ed75cfdc160f18e7e687371818f1,6d7c9077051d631aa0e2181600e7a0ca,2017-12-14 19:39:41,2017-12-14 19:51:22,2018-01-10,0,belo horizonte,MG,144.0,18.26,1.0,1.0,2000.0,33.0,8.0,23.0,6072.0
d2ef78d642086d0cea1193953c8732be,6d54acc72b9bb27db5e46f04fe577e74,2017-11-24 19:46:05,2017-11-25 05:16:33,2017-12-18,0,sao pedro,SP,179.98,27.3,2.0,1.0,1600.0,40.0,5.0,30.0,6000.0
fe933df0fd385b69db30d4d517d67853,c23799a7a4ab562338447cd8446bdb95,2018-01-19 00:22:17,2018-01-20 00:18:57,2018-02-16,0,rio de janeiro,RJ,149.0,40.37,1.0,1.0,6550.0,20.0,20.0,20.0,8000.0
46300fb44bc5e5cc05d54d33cbc243fc,56e48a07ed300dcb0e37986fde979433,2018-02-20 11:06:39,2018-02-21 06:10:29,2018-03-13,0,sao paulo,SP,149.9,23.37,1.0,1.0,533.0,22.0,11.0,20.0,4840.0
1a20ab8b4c6dc17ffd5ec843d425e039,61796c6f77ebcb1897edf4a87ad5fa2a,2018-01-26 08:17:40,2018-01-26 08:29:50,2018-02-09,0,guarulhos,SP,330.0,26.880000000000003,1.0,1.0,350.0,18.0,9.0,14.0,2268.0
e8606bd877aee06d98501a6436ee8576,20c6e80eac41498aa2df150ffd6b4acb,2017-09-18 18:09:20,2017-09-18 18:25:13,2017-10-04,0,osasco,SP,35.5,11.85,1.0,1.0,500.0,30.0,30.0,30.0,27000.0
7db9af6a773040b8776d2c4ab7f7b7ef,0e7752ccbc011470fba6ea7c84499e32,2017-04-05 17:28:55,2017-04-05 17:43:07,2017-04-28,0,rio de janeiro,RJ,15.99,14.52,1.0,1.0,200.0,19.0,9.0,12.0,2052.0
0cb316841c24af560f6af0e3fb36137a,e688102208c1564afce92d987656bf29,2017-01-23 21:33:15,2017-01-23 21:45:16,2017-03-02,0,cuiaba,MT,289.98,53.9,1.0,1.0,1900.0,20.0,20.0,20.0,8000.0
e3d7c52182ad0917d1d2dd351dc1ef3a,a66532abc4d021fe04fa2a8e8ad63381,2018-03-01 00:15:48,2018-03-01 00:31:17,2018-03-21,0,sao bernardo do campo,SP,64.9,17.16,1.0,1.0,5508.0,62.0,43.0,56.0,149296.0
4b8332fdbf824168f691498b79e5e556,6d1fe6ac78f6c088409c33ab54124a35,2018-02-23 11:55:55,2018-02-23 13:00:33,2018-03-22,0,sorocaba,SP,187.2,17.07,1.0,1.0,850.0,45.0,10.0,35.0,15750.0
57e7266082ceac10484f5aa2da2dd90e,9e7843064b6d598a3835a6c25da3a412,2017-12-01 22:25:12,2017-12-01 22:34:51,2018-01-02,0,serra,ES,899.0,26.69,1.0,1.0,16900.0,40.0,30.0,30.0,36000.0
b3e176098b9f9f6122d37fa3cb06279b,4922363693e673167789c03faf24a66d,2017-02-08 23:08:53,2017-02-08 23:23:27,2017-03-09,0,rio de janeiro,RJ,46.22,20.43,1.0,1.0,2700.0,40.0,15.0,40.0,24000.0
6c3b48207e30c29cf9d521795daaa5e7,c30ef5697173679058dc8495d53c2e19,2018-01-22 22:45:17,2018-01-24 02:35:00,2018-02-06,0,sao paulo,SP,24.9,9.09,1.0,1.0,200.0,20.0,2.0,15.0,600.0
c96e714ca972a71e1e1b2c77c6cfea86,d9bb214d770804e006962de56667ef2e,2017-06-01 16:56:43,2017-06-01 17:05:18,2017-06-14,0,araraquara,SP,149.9,8.79,1.0,1.0,300.0,20.0,20.0,20.0,8000.0
af3f498fca7722127e186f59f88fc4c3,79c8d122abdecd4dd9be27517307faf3,2018-01-31 15:13:42,2018-01-31 16:00:37,2018-02-16,0,sao paulo,SP,49.99,9.34,1.0,1.0,650.0,38.0,10.0,28.0,10640.0
bf9a3a8d9db6be5e4dfcfe2f071ef405,26fdb52d0382ebe750a8866b5bf9e5db,2017-12-02 08:50:34,2017-12-02 09:09:15,2018-01-02,1,salvador,BA,55.0,15.83,1.0,1.0,350.0,16.0,2.0,20.0,640.0
84f61de0b1993beb8c361f2b2d84c16f,3520a938f7623a878a5c86cb2c3842f6,2017-12-12 15:27:21,2017-12-12 15:50:55,2018-01-18,0,presidente prudente,SP,269.99,53.08,1.0,1.0,22900.0,74.0,68.0,26.0,130832.0
4d938cb9756669aa9adb5e4e06db4850,ee9f244fe735d376a5a7a755431cd494,2017-10-09 13:29:10,2017-10-09 13:49:19,2017-10-30,0,teresina,PI,69.99,22.81,1.0,1.0,500.0,18.0,6.0,21.0,2268.0
ec328869ec9d309e95ca9e78b1e81b4b,399f770d21c854e81fde65dd3406b987,2018-04-07 20:14:01,2018-04-07 20:28:25,2018-04-27,0,vera cruz,SP,20.4,12.79,1.0,1.0,150.0,25.0,15.0,15.0,5625.0
ab8aefb183a8140b544a1eba6a139101,d14027a730cc5d88a590a3f064637591,2018-03-23 20:31:27,2018-03-23 22:47:38,2018-04-11,0,louveira,SP,23.7,12.79,1.0,1.0,150.0,30.0,10.0,20.0,6000.0
75726bd0f5bacd31edbf656514778805,99dc64f03cfca5952f1ea7dd668bf7b3,2017-11-23 18:41:44,2017-11-23 18:49:28,2017-12-18,0,salvador,BA,24.99,15.79,1.0,1.0,150.0,17.0,4.0,12.0,816.0
c160f6700bd4211635ad29e7f0ae6626,475b253f80a34edfa6229af20a56914e,2017-07-28 23:56:31,2017-08-02 08:34:22,2017-08-25,0,campinorte,GO,220.0,16.29,1.0,1.0,3500.0,45.0,15.0,35.0,23625.0
ce702ac732df2f01cb1dd548866ae56e,776c9eaa90ce902fedd2ff4aed3a4d40,2018-03-11 15:24:27,2018-03-11 15:35:40,2018-04-03,0,sao paulo,SP,149.9,25.18,1.0,1.0,533.0,22.0,11.0,20.0,4840.0
29b354bf7c5d99aba28b180fa56a2aef,42aceeb2ec87fe876c4c0ef9721d3623,2017-09-27 09:11:49,2017-09-27 09:24:51,2017-10-19,0,guarulhos,SP,199.99,17.65,1.0,1.0,1700.0,28.0,50.0,24.0,33600.0
a0f2abd22194d771e11728852ff988bd,1f26a8a77f3a3ba3fe836e46e4990c36,2018-03-25 21:05:14,2018-03-25 21:15:27,2018-04-12,0,sorocaba,SP,124.99,14.96,1.0,1.0,1750.0,35.0,15.0,25.0,13125.0
d475cd99eba7eab0c735010e849c0376,49e406aff4c253ebf653e56898e21705,2018-04-10 23:51:54,2018-04-13 09:11:47,2018-05-02,0,guaruja,SP,24.89,22.06,1.0,1.0,100.0,18.0,16.0,16.0,4608.0
2f78724a34b125e8d8a5f731116bc5ad,5140a58e94f23985287e8f5f565b7c27,2017-06-18 14:32:38,2017-06-18 14:45:19,2017-07-14,0,curvelo,MG,19.99,15.1,1.0,1.0,100.0,20.0,15.0,15.0,4500.0
f3c69e6269c6f234b356b832442c1621,940f8b3cc679eccb8b8595670a19bdeb,2017-12-27 20:20:38,2017-12-27 20:29:21,2018-01-16,0,sao paulo,SP,55.49,9.94,1.0,1.0,850.0,22.0,17.0,17.0,6358.0
32b88a9584e3facf4a7eda6c22b11219,e9a09c7c5f699f95b7bae10f94cac398,2017-12-05 15:26:00,2017-12-05 16:30:58,2018-01-05,0,pontes gestal,SP,89.99,45.09,1.0,1.0,5950.0,20.0,20.0,20.0,8000.0
f7614e634874a2b92d65dda076f0bab5,2067794c960bc6a1705e94651086144d,2018-04-09 15:04:30,2018-04-09 15:30:24,2018-04-25,0,cotia,SP,102.0,13.15,1.0,1.0,193.0,16.0,16.0,13.0,3328.0
75ceee59b8189aba5543675b806600ae,e92cf12c7abcfda93511da666ac2240f,2017-07-02 19:49:55,2017-07-02 20:03:56,2017-07-14,0,sao paulo,SP,49.9,7.78,1.0,1.0,300.0,16.0,7.0,20.0,2240.0
4e6aa298577f90f026cfb1d07e86509e,9aba1be6a33b379bcc4da86e75b731d3,2018-03-07 20:21:18,2018-03-10 14:35:39,2018-04-12,0,rio de janeiro,RJ,22.9,19.04,1.0,1.0,500.0,25.0,16.0,16.0,6400.0
3c90356d0505af8fad4231e48886ba3e,daf4042731b64089418398dd25e8e80b,2017-08-29 18:24:42,2017-08-29 18:35:11,2017-09-11,0,sao paulo,SP,59.0,9.34,1.0,1.0,600.0,16.0,6.0,15.0,1440.0
965755dbb84ff452c0e084ef9d1f21a3,b167a5e662ef9b2ac117c7e7ebb8b304,2017-10-10 18:40:36,2017-10-10 18:49:24,2017-10-27,0,piraju,SP,105.43,12.24,1.0,1.0,400.0,22.0,16.0,16.0,5632.0
96139d82556aff8edd1cfcfdc11a632b,a10bf76efea959603e21cbfc13bbf221,2017-09-21 19:19:32,2017-09-21 19:30:16,2017-10-16,0,rio de janeiro,RJ,166.0,16.92,1.0,1.0,11500.0,48.0,30.0,35.0,50400.0
4b46a88e1ef489d0f8a7d454153636c3,3965165ab8b8cf34df2fb0a088492e5c,2017-09-01 07:59:19,2017-09-01 08:10:11,2017-09-25,0,monte santo de minas,MG,46.0,16.11,1.0,1.0,950.0,33.0,16.0,20.0,10560.0
420b64be551875169e87fb4a82d5fe13,43be7f68acb621076bde97c734132eb6,2018-04-02 09:25:04,2018-04-02 09:35:20,2018-05-04,0,rio de janeiro,RJ,59.99,16.39,1.0,1.0,600.0,20.0,19.0,20.0,7600.0
bfb252b3dd3e56fde4d0c9a31618323f,264ccafa6c46b43174bce09f9f63228f,2018-02-15 15:33:13,2018-02-15 15:46:48,2018-03-07,0,belo horizonte,MG,39.9,14.1,1.0,1.0,525.0,15.0,29.0,33.0,14355.0
d39cd8aec30c3829bad1c1b4194b4fd8,87c10876090200b63f130ffb699b2e82,2017-08-25 14:34:50,2017-08-25 14:45:50,2017-09-21,0,cariacica,ES,119.9,19.38,1.0,1.0,300.0,21.0,19.0,19.0,7581.0
a9d045793a3a75774ac0fedb5d7d46c6,2467f4b55c35ab6b015f09d0312570a3,2017-07-04 10:50:11,2017-07-04 11:05:16,2017-08-03,0,sao paulo,SP,139.0,21.81,1.0,1.0,4200.0,38.0,38.0,38.0,54872.0
357e8bcc302e3f48f4d578d3e3f239db,b741f49aea8e2c104fd2f5e29d012d9d,2018-03-18 00:40:55,2018-03-18 00:50:26,2018-04-10,1,criciuma,SC,19.9,18.23,1.0,1.0,200.0,22.0,8.0,15.0,2640.0
0b0bd9b754737f8954ee14d15c7acb85,f921671e530fb8699e967a93163e6f3a,2017-11-29 09:03:43,2017-12-01 11:31:36,2017-12-22,1,itapeva,SP,89.9,13.65,1.0,1.0,1650.0,44.0,2.0,35.0,3080.0
d3c64cf55752f7821e85e7ea9b9b3f30,a14b17e55f117e4bf24cdd9d0e586c35,2017-05-06 11:20:18,2017-05-06 11:30:19,2017-05-30,0,votuporanga,SP,328.9,10.96,1.0,1.0,3763.0,49.0,45.0,34.0,74970.0
5defd0236f15e552d007f413fd3bf85a,11394c09fa2c70c4c2d64e368e227378,2018-02-11 16:42:12,2018-02-15 03:55:46,2018-03-09,0,sao paulo,SP,68.9,12.61,1.0,1.0,150.0,16.0,13.0,14.0,2912.0
a4ec07f740626256a023968312b84b02,daef7f39adab43b9c061c3845c9abeee,2018-04-10 10:22:55,2018-04-11 05:50:11,2018-05-03,0,rancharia,SP,33.99,13.71,1.0,1.0,900.0,16.0,10.0,16.0,2560.0
24b08ea637db67e116dabc26306710db,f408514ea6598d6b04a3ff8f2a2ae7aa,2018-02-26 19:47:11,2018-02-26 20:28:32,2018-03-12,0,sao paulo,SP,43.0,9.34,1.0,1.0,1300.0,46.0,7.0,26.0,8372.0
d2d3a710d923a0349be09988ab8d5ae3,9809326653e1008fc1612f14d9b35970,2017-07-07 16:43:48,2017-07-07 16:55:11,2017-08-07,0,rio de janeiro,RJ,21.8,14.1,1.0,1.0,800.0,16.0,25.0,11.0,4400.0
34c419515123f11b048d07c0f8e4cf4c,fd8a857412d572142654875ac852e343,2017-05-04 15:27:52,2017-05-06 02:22:52,2017-05-29,0,sao paulo,SP,219.8,29.06,1.0,1.0,800.0,22.0,44.0,38.0,36784.0
06263a9c3476eea0ca0fd70081bc7cda,1867fd3a705e13f9043a5411e03958f9,2018-02-20 09:50:20,2018-02-20 10:07:37,2018-03-12,0,sao paulo,SP,149.9,16.68,1.0,1.0,2450.0,20.0,12.0,28.0,6720.0
f9d9c91f3bc0804469f897454dcf2a78,299d84d9cf972bb72487b9e76f02eee3,2017-06-06 17:45:39,2017-06-06 17:55:21,2017-07-03,0,campinas,SP,159.9,20.68,1.0,1.0,2438.0,28.0,31.0,24.0,20832.0
609d36dbce43c3ba5232f83d58381f00,e5cf95241d6cdc36468f1d12efe96d04,2018-03-26 05:47:36,2018-03-27 19:50:22,2018-04-16,1,sao luis,MA,226.97,108.61,1.0,1.0,14000.0,50.0,40.0,50.0,100000.0
33712c34fc0af28b0b57a36f2b26cba8,b59e0225e129db63977b9c728349210c,2018-02-13 19:09:30,2018-02-13 19:27:13,2018-03-09,0,montes claros,MG,138.0,18.22,1.0,1.0,4867.0,70.0,16.0,50.0,56000.0
36fe204caef0ee36f62366de0896a87f,8bf4138fe28c4cdbe9e5ded6940cd844,2018-01-19 21:53:38,2018-01-19 22:16:19,2018-02-16,0,rio de janeiro,RJ,74.9,16.96,1.0,1.0,117.0,21.0,12.0,13.0,3276.0
edd733119bc50e9804ce6c4cadce3334,6139e49bfb539c18b01ef2d7da91a863,2017-06-04 00:27:19,2017-06-04 01:22:10,2017-06-26,0,itanhaem,SP,89.9,12.13,1.0,1.0,200.0,16.0,12.0,12.0,2304.0
3dad0905a583dc80815b7666efddc84d,e17dbbd9f659bf72e9d742658f9f3d6f,2018-03-19 12:57:59,2018-03-21 17:30:21,2018-04-11,0,sao paulo,SP,260.0,55.24,1.0,1.0,200.0,19.0,7.0,15.0,1995.0
cb2acc8f1def3d443b4716cdc8188102,cd66c6ddcfc749e99c24294f5c10d76d,2017-11-22 21:55:47,2017-11-22 22:07:26,2017-12-20,0,rio de janeiro,RJ,18.9,16.79,1.0,1.0,200.0,16.0,16.0,11.0,2816.0
58ce513a55c740a3a81e8c8b75e2582a,530d41b47b9dda9bc6f31d856f11a527,2017-07-29 18:05:07,2017-07-29 18:15:17,2017-08-14,0,hortolandia,SP,56.99,8.72,1.0,1.0,400.0,18.0,11.0,11.0,2178.0
78b0551ae57e69c46a4e611580a87758,7d8e9609c6d42c59d166f7abaa03a518,2018-03-06 14:57:33,2018-03-07 02:10:36,2018-03-27,0,sao paulo,SP,45.0,12.79,1.0,1.0,100.0,21.0,9.0,14.0,2646.0
8c2fd1f7359cea19f4ec43436b8850be,0fd9ea9bd342abe74db14762466e1b48,2017-09-09 22:15:52,2017-09-09 22:30:20,2017-10-03,0,belo horizonte,MG,14.9,20.84,1.0,1.0,800.0,20.0,20.0,20.0,8000.0
798f872475163b012f68c583819f0a39,c593a1dca86a74c12b9929d08e6c4330,2017-11-24 08:57:10,2017-11-24 09:11:59,2017-12-14,0,santa fe do sul,SP,12.88,11.85,1.0,1.0,180.0,16.0,9.0,16.0,2304.0
774b695881d6fca884c8d52df7a3ccb2,6574ca38b40efa458f1e7c08c701318b,2018-03-08 16:06:25,2018-03-10 04:09:06,2018-03-29,1,iuna,ES,26.0,18.23,1.0,1.0,370.0,34.0,17.0,28.0,16184.0
d20776b7190e9d5d49a3703226c4fd24,ad86ee88e13f543b00f6766c14b09496,2017-08-11 17:01:45,2017-08-11 17:15:18,2017-09-06,0,campinas,SP,134.9,21.43,1.0,1.0,8350.0,50.0,27.0,38.0,51300.0
a7014e8529a3c8fb841862e33476d9fe,8a720123cd5c180513f6340bc717824e,2017-03-12 16:26:20,2017-03-12 16:26:20,2017-04-03,0,belo horizonte,MG,109.99,17.51,1.0,1.0,6050.0,40.0,30.0,30.0,36000.0
84d69a23359293cc4fe3cea41ef46c58,94dff73515858def7975ae5c2ec9e752,2018-02-28 11:19:13,2018-03-02 02:10:41,2018-03-26,0,porto alegre,RS,59.9,14.17,1.0,1.0,600.0,68.0,8.0,13.0,7072.0
1a13ca44eb6a81849dac4aca572b5694,cde45df48b2265ad922b9d820ef49323,2018-01-20 18:56:44,2018-01-20 19:20:37,2018-02-20,0,gaspar,SC,49.9,17.6,1.0,1.0,1750.0,37.0,22.0,40.0,32560.0
27214261769c9a48e5294cfe2d9869d4,060f7a94f04291ec1ec79d0d61eda142,2018-04-10 12:36:59,2018-04-10 12:50:17,2018-04-24,0,itatiba,SP,99.0,12.6,1.0,1.0,2900.0,67.0,3.0,31.0,6231.0
6b20cc3647e96150f914350d12208e9d,24942dcaa62f0890aa97a575367249b3,2018-01-29 13:52:40,2018-01-30 18:49:56,2018-02-21,1,rio de janeiro,RJ,59.99,16.18,1.0,1.0,700.0,16.0,5.0,20.0,1600.0
8fdc42676c9c6c74c4f8f062b53ebafa,54545530685ab329b0d79c2e40ee3aca,2017-12-03 21:20:17,2017-12-03 22:32:13,2017-12-29,0,contagem,MG,125.5,16.64,1.0,1.0,1087.0,29.0,29.0,22.0,18502.0
92b30d7bdeeac47d9fdea335ae0536b4,664feac03a82f2dd6e04fdc6d9664df1,2017-11-07 14:07:03,2017-11-08 03:46:19,2017-11-27,0,santos,SP,369.49,35.86,1.0,1.0,26100.0,52.0,40.0,42.0,87360.0
24d52353931e776449868f02026e7e52,4f82808559a055256519a591e63b776f,2017-11-13 10:28:49,2017-11-13 10:46:45,2017-12-12,0,araruama,RJ,229.98,68.32,1.0,1.0,8375.0,52.0,51.0,17.0,45084.0
badf5ea923341f29be3b4a8c59789a2c,8b17c3136acaa0d568207f282c9434e3,2017-04-20 18:39:41,2017-04-20 18:50:11,2017-05-10,1,santos,SP,49.9,10.96,1.0,1.0,300.0,16.0,7.0,20.0,2240.0
e1d4d1e4e8f00e0b9ac69e656d7f2db0,18f3077d69b15607009c3d0d581f5015,2017-05-01 10:53:02,2017-05-03 11:33:33,2017-06-06,0,sao paulo,SP,179.96,22.17,1.0,1.0,12275.0,40.0,54.0,38.0,82080.0
12bab4379a646f08ae89ed0561f5481e,347a3a624ac043af4bc49c2da5b01d95,2017-10-18 19:41:56,2017-10-20 02:49:34,2017-11-09,1,nilopolis,RJ,70.9,14.25,1.0,1.0,250.0,16.0,4.0,20.0,1280.0
4b41b73ec809497c577cc1f085ad38a3,0e884a28dccf5fb788d41bf954eb7b11,2017-08-02 12:23:46,2017-08-02 12:36:50,2017-08-16,0,sao paulo,SP,38.9,9.34,1.0,1.0,500.0,25.0,38.0,30.0,28500.0
8d1d09cecb392f024da77ada654625c5,4608ffc5f70a8c67bf129d6770948fb3,2017-10-23 17:11:15,2017-10-23 17:35:33,2017-11-09,0,avare,SP,64.99,11.95,1.0,1.0,450.0,16.0,4.0,20.0,1280.0
b2b4ad3f3df69da791d642a9bfc387e6,30810a37ce547250cbb4f6be12dd8e36,2017-07-02 15:47:45,2017-07-02 16:03:29,2017-07-21,0,sao paulo,SP,89.0,31.65,1.0,1.0,13100.0,37.0,50.0,37.0,68450.0
08ab4cd4d921b31bd7719eec989aee97,7e2fc634b12c4c3779cdcbe1e8c9bbc4,2018-02-24 18:22:14,2018-02-27 04:31:10,2018-03-12,0,sao paulo,SP,324.5,61.18,1.0,1.0,17533.0,58.0,58.0,59.0,198476.0
6257efd6f6189754247b7a4fe4a1fe0f,929895edb644a1fbb7636ae6555fdf43,2018-03-23 19:24:16,2018-03-24 02:11:01,2018-04-16,0,londrina,PR,349.9,16.09,1.0,1.0,900.0,25.0,12.0,38.0,11400.0
2772cb7ffe44f20a3bcb6fc52a9c3370,d1af1251ff8b9109624062f710192be5,2018-01-11 22:03:32,2018-01-11 22:10:37,2018-02-09,0,cambara,PR,169.9,15.94,1.0,1.0,1128.0,19.0,39.0,32.0,23712.0
84ca1ce0b502782387a2afcd5a8e9356,52a893aacffbc06f9c3016e3664c745b,2018-03-02 13:08:30,2018-03-03 02:51:11,2018-03-20,0,campinas,SP,7.78,14.1,1.0,1.0,100.0,20.0,3.0,15.0,900.0
68650dcbe7ea36df21a504e095d3d063,f058edb3bbbcfbdb48a94999c90a7ed8,2018-01-15 13:03:26,2018-01-15 13:11:26,2018-01-30,0,sao paulo,SP,79.9,9.37,1.0,1.0,980.0,40.0,31.0,28.0,34720.0
64104832b73ed5ba84d57f80a05cf01d,4e23dfc538f90d9b4407f71bc6a797bd,2017-07-24 20:01:16,2017-07-24 20:15:17,2017-08-21,0,curitiba,PR,219.54,13.67,1.0,1.0,450.0,23.0,12.0,20.0,5520.0
dec95374a1bf2366249bf770e0568a85,378d61367c6ec285314c674bb3398b4c,2017-08-07 20:16:06,2017-08-07 20:55:08,2017-08-18,0,ribeirao preto,SP,65.63,12.48,1.0,1.0,1300.0,16.0,20.0,20.0,6400.0
f6d9a259f1d0e93273707909a8e59fc6,30fcc8d14dbfeb74241a95b353c42cb1,2017-11-20 18:09:45,2017-11-20 18:26:33,2017-12-07,0,sao bernardo do campo,SP,24.5,11.85,1.0,1.0,150.0,16.0,12.0,12.0,2304.0
587379acca182c8e157e4dc7c8923131,54c7caa736af6a506044c72c0559537c,2017-08-15 10:12:12,2017-08-15 10:35:15,2017-09-06,0,sao paulo,SP,201.8,30.91,2.0,1.0,1400.0,16.0,16.0,16.0,4096.0
62b7574be0b7a8465822312be8cb07b8,fd946ecdd7c1eab8dbed2c8f330cf2e7,2017-07-19 16:44:13,2017-07-20 02:16:02,2017-08-29,0,sao jose do rio preto,SP,275.93,16.44,1.0,1.0,4683.0,30.0,40.0,31.0,37200.0
ba3cb1f2bc2a8f69d175320c1ce21274,4c61ff94fd292ee9fb6e810ce986f5b7,2018-03-29 12:48:18,2018-04-03 05:28:02,2018-04-20,0,santos,SP,199.0,46.54,2.0,1.0,1450.0,69.0,11.0,11.0,8349.0
dbc59da30205f3f5f7b3b0259e89b622,07bd847cf908eef9d0191a253bca90a2,2017-05-16 15:09:52,2017-05-16 15:22:18,2017-06-08,0,rio de janeiro,RJ,139.99,21.47,1.0,1.0,2400.0,42.0,11.0,36.0,16632.0
11a6ea18f3646c6e6dcbadbd0207b35d,8f99d406f72a8339a5507e598bb187de,2017-01-28 10:26:06,2017-01-28 11:31:33,2017-03-08,0,jatai,GO,117.3,18.0,1.0,1.0,4105.0,67.0,10.0,67.0,44890.0
e49d66c37f294666b5c6ef847567226d,767b8065b92f5174f0a6f5ecd40cdf7e,2017-09-19 07:54:34,2017-09-19 08:06:01,2017-10-06,0,caetanopolis,MG,86.9,14.34,1.0,1.0,1400.0,33.0,10.0,49.0,16170.0
409bb100cf5efeb2ee6789b1a63589f2,12d61ba72600fbee1886879f039ae8fe,2018-02-23 13:35:05,2018-02-23 13:50:32,2018-03-21,1,salvador,BA,10.99,16.79,1.0,1.0,200.0,16.0,4.0,16.0,1024.0
0a32c98faaa09357e357a60d02704a3c,e4b0c4c6ec684f615278f2dd9d7e0bbd,2017-12-14 09:36:10,2017-12-15 02:19:42,2018-01-03,0,osasco,SP,45.9,9.34,1.0,1.0,800.0,20.0,20.0,20.0,8000.0
66621d845162fdab12e4ba918411eb97,ba6d7660aeee1f85045003b1c0c8b5b1,2017-11-24 15:41:03,2017-11-28 03:43:37,2017-12-18,0,goiania,GO,15.9,15.1,1.0,1.0,220.0,32.0,4.0,23.0,2944.0
04f15733e3974c4127cb066cb835cdc9,3295b6a10cfd0a5364458e7aad6a8ed0,2018-02-05 14:04:53,2018-02-05 14:15:39,2018-03-07,0,sao marcos,RS,260.0,36.32,1.0,1.0,4750.0,60.0,20.0,50.0,60000.0
6f56d701fdaa7fc3575ddda3bed5fbbb,798bc99c248e680bbc7160f0f3bff68e,2018-02-16 14:41:35,2018-02-21 13:35:37,2018-03-15,1,fortaleza,CE,114.9,29.2,1.0,1.0,1800.0,43.0,8.0,33.0,11352.0
3e64ee45a339ce09c4e27564b45ba09e,530220145a68ef57f0cc54faf1061f8c,2017-08-07 20:11:56,2017-08-09 02:50:33,2017-08-25,0,divinopolis,MG,94.9,14.39,1.0,1.0,1400.0,33.0,10.0,49.0,16170.0
776ea29061e4670020bc84470311cc4d,bd1cd40d508c2fa2726df9ee675d2a06,2017-12-21 21:18:08,2017-12-21 21:31:09,2018-01-22,0,rio de janeiro,RJ,89.99,45.09,1.0,1.0,5950.0,20.0,20.0,20.0,8000.0
a6b4e78fd33ff998a908e7251bb769d1,4dcfcb543312afef7bde0fcfdad4aec8,2017-07-11 16:16:11,2017-07-11 17:24:16,2017-08-02,0,ribeirao preto,SP,205.0,18.14,1.0,1.0,9750.0,35.0,12.0,30.0,12600.0
d71d788e16267fd619e7cbaaa86e966a,c125af60bd62644995ab41addb188add,2017-12-19 21:21:02,2017-12-21 02:12:02,2018-01-19,0,schroeder,SC,209.99,18.72,1.0,1.0,1800.0,42.0,25.0,15.0,15750.0
38b5e5b5e96a6cf2a6aa7b93542a0c29,09fe2879d6e51ec7b16ec794dce544fb,2017-10-17 17:49:33,2017-10-17 18:08:27,2017-11-07,0,patos de minas,MG,119.9,15.59,1.0,1.0,2350.0,16.0,10.0,20.0,3200.0
14c99dc23c614159bed88378c219456d,9f340837a355b99272f81b612f396566,2017-08-06 22:22:24,2017-08-06 22:35:16,2017-08-18,0,sao paulo,SP,46.99,13.08,1.0,1.0,3000.0,40.0,29.0,29.0,33640.0
49db7943d60b6805c3a41f5474772a09,9cff8d557e02418fe939f23fafe35735,2017-05-13 21:23:34,2017-05-14 02:10:09,2017-06-27,0,campina grande,PB,89.99,35.95,1.0,1.0,500.0,20.0,10.0,20.0,4000.0
954992d55d1d6251c24b9ccc3121ac1d,a1f05275483aa467edf3f2fac97de790,2017-12-14 10:13:08,2017-12-15 02:16:04,2018-01-15,0,chapeco,SC,118.0,35.32,1.0,1.0,1650.0,30.0,22.0,30.0,19800.0
c53d2f2ce4d10360456c69e19f991aff,583f0880f0da846ee41ecaa197a19a8e,2018-02-07 11:37:24,2018-02-09 02:50:38,2018-03-08,0,sao paulo,SP,449.0,23.63,1.0,1.0,3750.0,36.0,16.0,36.0,20736.0
2ce78bb2c1b4f43ed4cbdb05d6c87907,638f52c07d956bf960e34befb98a0657,2017-05-18 15:14:03,2017-05-18 15:22:46,2017-06-13,0,travessao,RJ,29.5,16.79,1.0,1.0,350.0,67.0,15.0,15.0,15075.0
464cd296e96f72dc09a9601842cc0893,c561b36df059630e116a8d6594ec38b1,2017-10-19 10:32:32,2017-10-19 10:46:22,2017-11-10,0,florianopolis,SC,109.9,14.52,1.0,1.0,1067.0,34.0,15.0,15.0,7650.0
d79ddb434f71cfac3f5307ba5bed7fa4,2d2622ca8b7ae3317a869976c5513dc5,2018-01-09 09:33:17,2018-01-09 09:48:56,2018-02-02,0,braganca paulista,SP,129.0,13.92,1.0,1.0,6550.0,38.0,30.0,28.0,31920.0
4d20a88009a1ccbe54db2c4c7e184228,a09aef99fd6e0230ce42e23c26e6d622,2017-10-28 11:55:04,2017-10-28 12:10:19,2017-11-23,0,uberlandia,MG,283.2,27.26,1.0,1.0,450.0,23.0,7.0,16.0,2576.0
9da99352a27f7bbe1fdbc9b036749172,4a5e97c2daed37ddfb41657123120899,2017-09-04 16:39:25,2017-09-04 17:15:22,2017-09-26,0,paranavai,PR,109.99,57.44,1.0,1.0,14950.0,77.0,20.0,53.0,81620.0
8febb29840d98fdfb4f00b2b26e4000c,7f570d720bbdcb41c7d97a5562a4ea98,2017-11-26 22:38:55,2017-11-28 22:37:34,2017-12-11,0,sao paulo,SP,34.9,9.34,1.0,1.0,700.0,23.0,15.0,20.0,6900.0
2057a9d9d1c17e9a230010d67164fe31,ff2115ad55e342ae746a65ed647d841f,2018-03-28 10:59:13,2018-03-28 11:10:24,2018-04-26,0,querencia,MT,78.0,38.84,1.0,1.0,4350.0,16.0,103.0,25.0,41200.0
6ef5dc1efc95e43b6418e91ebc700210,fa326e9c35ae7f61dd83e1e13a6b8353,2017-11-09 17:37:49,2017-11-09 17:48:17,2017-11-30,0,rio de janeiro,RJ,399.99,19.05,1.0,1.0,2000.0,34.0,40.0,19.0,25840.0
ae9991942f891857b982c018af448696,ce29c5c31206878e5e352c5e1c63c50c,2017-02-15 21:12:40,2017-02-15 21:23:26,2017-03-20,0,curitiba,PR,99.99,33.0,1.0,1.0,6050.0,20.0,20.0,20.0,8000.0
7b1900e11427a097af75a1ae0932b993,15963a62cb3a9bcf6fc25d700bc8a8d4,2017-12-11 22:24:14,2017-12-12 03:49:35,2018-01-09,0,rio de janeiro,RJ,28.9,16.79,1.0,1.0,113.0,16.0,10.0,12.0,1920.0
9b1d98ad4511ad1c8bab0a4355ca3b63,e28d48b1fe42485c2c1cf7f29aa078ff,2017-06-09 14:24:12,2017-06-09 14:35:13,2017-07-11,0,sao goncalo,RJ,130.0,16.35,1.0,1.0,170.0,23.0,5.0,16.0,1840.0
28a1f9cca638114ce8fc6ddfce2b7d52,628fc0c76ede71d2eb3890f876ec85b1,2017-08-25 08:10:43,2017-08-25 08:24:18,2017-09-08,0,sao paulo,SP,54.0,16.54,1.0,1.0,300.0,20.0,25.0,20.0,10000.0
31069757739ee9a464caa583f8c98fbf,bd58622db04785254b864cb9025f900f,2017-05-21 19:07:46,2017-05-23 04:22:44,2017-06-16,0,juiz de fora,MG,59.9,15.17,1.0,1.0,433.0,45.0,4.0,35.0,6300.0
c4923e01d78f318874e4a7752eab5dd9,cd478939cf2d29034aef4926535ac730,2017-02-16 10:51:45,2017-02-16 11:05:18,2017-03-15,0,santo andre,SP,39.99,10.96,1.0,1.0,450.0,30.0,10.0,25.0,7500.0
ed04a2b3c21cbcd90c2071a22a8cbda2,e899bf2f5f7da06cc412595d8ce11351,2018-04-09 20:07:59,2018-04-09 20:29:56,2018-05-17,0,rio de janeiro,RJ,34.3,18.23,1.0,1.0,200.0,16.0,2.0,11.0,352.0
25046cd9dd88041134abd808c4719a36,28419f064605a15eb2038c4790b4196f,2017-09-12 19:44:36,2017-09-12 19:55:13,2017-10-04,0,brasilia,DF,179.9,49.79,1.0,1.0,12000.0,27.0,45.0,27.0,32805.0
8bd6a871f49ba51f3579479d79c6f145,7a008fcdb10f2c786f7277fa29c6b95d,2018-04-02 10:49:22,2018-04-03 20:09:03,2018-04-23,1,salvador,BA,37.0,17.06,1.0,1.0,870.0,25.0,20.0,18.0,9000.0
bf88003f2580db7589007ec44bc85695,e7b9bc73f30f476a29a9a805d3817504,2017-01-28 20:55:38,2017-01-31 04:35:20,2017-03-10,0,cachoeirinha,RS,22.79,18.0,1.0,1.0,700.0,19.0,24.0,12.0,5472.0
8b789ca665189f9775d769aae16cf24f,e13c22b9d062cfe08945c4f1de743846,2017-11-21 15:19:25,2017-11-21 19:30:31,2017-12-01,0,sao paulo,SP,57.39,9.34,1.0,1.0,200.0,16.0,35.0,25.0,14000.0
e6572de73e295b8613a4716a3a1f15d6,d43f51543fb5e83578f7ce4f13fc49c5,2018-02-19 15:20:06,2018-02-19 16:27:25,2018-03-14,0,vitoria,ES,43.9,21.15,1.0,1.0,241.0,14.0,15.0,17.0,3570.0
1db33e72df6ceae6380551c0b6022079,40715b0fba77c4b3b0821ed73ea46028,2017-12-12 12:15:54,2017-12-12 12:32:45,2018-01-05,0,belo horizonte,MG,129.99,21.75,1.0,1.0,5250.0,51.0,15.0,52.0,39780.0
f77fe87685972d2d1a7ff6600f590d59,8435e0e187d4a9a24ca9df8649e2bc9e,2017-03-23 11:59:45,2017-03-24 13:05:49,2017-05-11,0,santarem,PA,179.96,61.49,1.0,1.0,11700.0,36.0,54.0,35.0,68040.0
813036395db381f187d5429f5ee758ac,11a216d3670865418a5b3a1e66ef30d9,2017-08-01 12:09:54,2017-08-01 12:23:28,2017-09-04,0,lago verde,MA,98.0,36.01,1.0,1.0,925.0,25.0,6.0,16.0,2400.0
1c2bab4c18a97c3bba457866ee72bdbd,9f582ffae8aecd135ae3d11fcd508c26,2017-09-20 18:46:25,2017-09-20 19:04:05,2017-10-16,0,juiz de fora,MG,64.99,15.2,1.0,1.0,500.0,30.0,6.0,23.0,4140.0
e4e7ac3eab5f637e1bbe465706a9e806,a91184a3664b61bc9731ae1c76a4f2f6,2017-06-23 21:39:52,2017-06-23 21:50:08,2017-07-20,0,nova venecia,ES,54.99,17.63,1.0,1.0,200.0,22.0,10.0,18.0,3960.0
a84cd46a772fbff921cbcad46c4f5a53,941053d2f2f52d39856add833ef99ea0,2017-08-19 17:10:17,2017-08-20 17:15:21,2017-09-13,0,angra dos reis,RJ,48.9,16.11,1.0,1.0,900.0,45.0,15.0,35.0,23625.0
2728209b1b0553533bce4afc52716b60,8e2e23cac1496c337274b16fb7d57886,2017-10-24 14:23:58,2017-10-26 02:56:19,2017-11-14,0,porto alegre,RS,350.0,33.98,1.0,1.0,850.0,38.0,11.0,13.0,5434.0
ae5d768eedbb1d0d2d3cf01e6b844739,32217e3d1646bc53e60f94b1bb5db968,2018-03-01 11:16:40,2018-03-01 11:31:08,2018-03-21,1,belo horizonte,MG,135.9,18.2,1.0,1.0,1550.0,27.0,9.0,18.0,4374.0
3dfab3762e9575a44c3178ceea9823ed,2c4976e1803bd84665c681555bf90dfe,2017-05-21 10:51:23,2017-05-21 11:05:22,2017-06-21,0,cariacica,ES,64.99,14.2,1.0,1.0,200.0,22.0,10.0,18.0,3960.0
ca6e0694c46674d5f588f6e0e4ce4440,c822622edb0cb46e29a0a515b9c814fa,2017-06-03 15:33:58,2017-06-03 15:50:06,2017-06-28,0,guapimirim,RJ,20.9,14.1,1.0,1.0,500.0,26.0,6.0,21.0,3276.0
738a743a02fd55d22839341f0d696e4b,31bd04a70aa18c5d0a7c018476942bf7,2017-12-10 19:30:45,2017-12-10 19:39:21,2018-01-04,1,hortolandia,SP,87.85,13.63,1.0,1.0,1600.0,49.0,7.0,40.0,13720.0
9b555b4c4f3028463eb59bbe1e9e9bda,69d5b5755d8235783105a713e72300b2,2018-02-13 21:55:57,2018-02-13 22:10:24,2018-03-06,0,tres lagoas,MS,115.19999999999999,48.33,1.0,1.0,850.0,20.0,25.0,20.0,10000.0
a6c173f716aac4c915299b74fb4e0b10,002f90a6eb386bc43bc9ba200db31a89,2017-06-15 23:59:20,2017-06-16 00:55:21,2017-07-12,0,sao paulo,SP,119.80000000000001,33.71,2.0,1.0,375.0,17.0,12.0,21.0,4284.0
51c86c4487b86a4e4cb8eeec8618de9c,273cba7d43266b9fb2737824de113e43,2018-04-05 21:43:44,2018-04-05 21:55:13,2018-05-03,0,paracatu,MG,90.0,44.12,1.0,1.0,225.0,18.0,15.0,16.0,4320.0
9580960c270d4525b7224af7ef41235a,74abf9eeaf6b3001f885f433582783a2,2017-03-14 22:04:24,2017-03-14 22:04:24,2017-04-04,0,sete lagoas,MG,32.9,14.52,1.0,1.0,950.0,25.0,11.0,15.0,4125.0
19cfcf45fc399af9d3e9d1d98638997b,a1611dd64649bd4c6ff1de1b4b5fdfd7,2017-12-18 13:51:17,2017-12-18 14:16:17,2018-01-16,0,dracena,SP,99.9,21.19,1.0,1.0,2500.0,40.0,10.0,30.0,12000.0
99fa6518deac14b2890b49d1645d64be,c495ae8dfa83b158b111fc7b8304f032,2017-12-01 09:21:49,2017-12-01 11:31:59,2017-12-26,0,limeira,SP,81.99,13.59,1.0,1.0,900.0,25.0,15.0,20.0,7500.0
e36361f00e1c093432050d4a52860c8f,d9a14369332805c9204ffce41311e330,2017-10-01 09:09:22,2017-10-01 09:24:37,2017-10-27,0,itanhomi,MG,139.9,18.23,1.0,1.0,1167.0,36.0,20.0,28.0,20160.0
c0fda72234f6725e93abc192eb92c85b,f129877aa8c01c82350976affcf8d18c,2017-04-06 15:20:14,2017-04-06 22:55:12,2017-05-12,0,recife,PE,27.99,24.35,1.0,1.0,300.0,16.0,7.0,11.0,1232.0
01835ef41c5ac66dd9ec6084fa1d0533,6a4ea2081853cd8dd8d7c69cdf86925a,2017-05-11 21:36:10,2017-05-11 21:45:17,2017-06-01,0,campos dos goytacazes,RJ,56.99,15.15,1.0,1.0,400.0,18.0,11.0,11.0,2178.0
1125c81efc6a16e16349a678434feac0,53031c006554e1e156ceada9024bba5b,2018-01-18 14:13:04,2018-01-19 02:37:54,2018-02-20,0,montividiu do norte,GO,17.99,15.1,1.0,1.0,200.0,19.0,4.0,11.0,836.0
167817eea845fe951cd38865b1494af5,403e3939144e4e8f0d0bece178186f2a,2017-06-13 16:45:26,2017-06-13 16:55:31,2017-07-04,0,cruzeiro,SP,89.9,38.38,1.0,1.0,16100.0,35.0,65.0,44.0,100100.0
f37d444498e3442d5896c6d98a89eb09,58010882ac48cc7801627ad2bcd383e4,2017-07-08 09:33:41,2017-07-08 09:45:12,2017-07-21,0,jandira,SP,69.99,11.73,1.0,1.0,1050.0,42.0,25.0,15.0,15750.0
2a7c74e0d94688e2a05240e3831ebb84,67ff305632dc87a289e2622e79b8e314,2017-10-23 15:16:58,2017-10-23 15:28:25,2017-11-16,0,americana,SP,109.9,14.5,1.0,1.0,9400.0,75.0,15.0,50.0,56250.0
62fd94635a316b1af6e68fad6c4f3d02,ba0bc48c8813635bfaac7d201af8fdd3,2018-03-10 15:48:31,2018-03-10 15:55:30,2018-04-19,0,rio de janeiro,RJ,49.4,19.32,1.0,1.0,650.0,46.0,10.0,33.0,15180.0
cf27162439419d0179b62ebc5a6dccd1,a0781e0c345c3b0ef05ea2ac86852fd9,2017-12-01 18:18:23,2017-12-01 18:38:32,2017-12-19,0,salto,SP,54.9,13.08,1.0,1.0,2150.0,50.0,10.0,40.0,20000.0
2d759f2f4fc0dc05845a71118b1870e1,952f3c5b88acea4882984111a06c8dfa,2017-11-20 11:45:04,2017-11-21 03:46:30,2017-12-14,0,rancho queimado,SC,134.9,16.7,1.0,1.0,650.0,24.0,14.0,18.0,6048.0
767b76997bafc4391a3018711fd833a9,5d67e31aa8cdc36c984e4079a287a60c,2017-11-26 12:29:41,2017-11-26 12:51:50,2017-12-21,0,sao goncalo,RJ,179.99,45.72,1.0,1.0,7650.0,20.0,20.0,20.0,8000.0
ac244956f757aeeb76242334254bf9a5,80f70f0ca0bcd19bf71e848e51206d68,2017-07-12 18:45:24,2017-07-12 19:03:33,2017-08-14,0,serra,ES,75.0,15.28,1.0,1.0,300.0,20.0,8.0,12.0,1920.0
a652f035a4e15d4e124ead05fee368ee,a0d1571c3090051864507fd978cf138c,2018-02-01 23:02:30,2018-02-01 23:15:21,2018-02-23,0,julio mesquita,SP,229.99,17.24,1.0,1.0,2150.0,42.0,25.0,15.0,15750.0
af66c46c49bdb3bf2f862efb1eb67d81,9e3a06f863456c3934b9d26037c119cd,2017-07-22 19:16:47,2017-07-22 19:25:18,2017-08-11,0,lencois paulista,SP,48.0,11.85,1.0,1.0,200.0,16.0,14.0,15.0,3360.0
9f226854839600f3e70c4faeb94e8790,bd075a9e60df7474943e430c2f5f61f5,2017-11-22 11:30:11,2017-11-22 11:47:54,2017-12-12,0,brasilia,DF,118.0,18.08,1.0,1.0,1517.0,23.0,18.0,13.0,5382.0
8dac680ab124621709e55d51a9a59cd2,b39def105bd70f65e3352f896c32d20a,2017-03-20 22:34:44,2017-03-20 22:34:44,2017-04-18,0,ituiutaba,MG,126.99,15.06,1.0,1.0,3875.0,35.0,52.0,34.0,61880.0
532e86bbf696dbc694509cff71c18c33,3ebc5d459b851a4de9c3f46efd5ee469,2017-09-10 21:12:43,2017-09-12 04:45:39,2017-09-21,0,sao paulo,SP,71.9,11.73,1.0,1.0,1700.0,25.0,15.0,25.0,9375.0
e204e879fca83906b12991cb4d455799,d52cc5fc2dfff382fa124c800a0feb3a,2017-10-20 13:11:07,2017-10-24 03:49:20,2017-11-10,0,toledo,PR,59.9,17.67,1.0,1.0,100.0,18.0,7.0,16.0,2016.0
fbe14dbea1cdcc16f5709ee80b0fab7a,758599b2798e7015e13f582498131b91,2017-03-11 00:50:38,2017-03-11 00:50:38,2017-04-03,0,rio de janeiro,RJ,37.99,14.11,1.0,1.0,150.0,19.0,4.0,20.0,1520.0
f97ceada945c2f47998a4005f87f475d,1295c00ce6a0b5d21e8e2efe0540dd01,2018-02-03 12:11:03,2018-02-03 12:27:16,2018-03-06,0,brasilia,DF,49.0,15.1,1.0,1.0,275.0,16.0,5.0,20.0,1600.0
058cb75116972074baa3c4e594d2a851,ae6fbbdb93a894dc2db14cb8e0414155,2018-01-05 15:39:27,2018-01-05 16:13:40,2018-02-09,0,condado,PE,119.9,39.83,1.0,1.0,4550.0,40.0,10.0,40.0,16000.0
d16112398f9c83cdef02abee328caadb,8ce18cd05ef1610b491f53cc8faf9b7b,2017-05-24 18:49:11,2017-05-25 22:25:09,2017-06-28,0,fortaleza,CE,16.5,17.63,1.0,1.0,350.0,19.0,4.0,11.0,836.0
65eabb940466e3db08bb339bdf5bb283,a37f4486aff8b096c3878e83a2ae0f1a,2017-05-07 18:45:14,2017-05-07 19:01:54,2017-05-31,0,montes claros,MG,198.0,77.06,1.0,1.0,9000.0,42.0,12.0,39.0,19656.0
1c3a0c1d7e9d92523cfe3bfad809a439,730bc94d728719b06600f19d84e92584,2018-03-11 11:11:51,2018-03-11 12:09:59,2018-04-06,0,maceio,AL,21.49,13.61,1.0,1.0,200.0,26.0,5.0,13.0,1690.0
9ecc7884797c901042fe3114f1e59f5f,cc89835f7bbd6f0ab15a0b5594605998,2017-12-09 17:41:47,2017-12-12 03:39:34,2018-01-09,0,nova venecia,ES,59.99,16.18,1.0,1.0,700.0,16.0,5.0,20.0,1600.0
9d7798901074855d45d6c586a0714942,dc7d9d7ec0b6cbadacf27e3308c17976,2017-04-20 09:22:08,2017-04-20 09:35:17,2017-05-12,0,rio de janeiro,RJ,278.0,30.28,1.0,1.0,8875.0,40.0,14.0,43.0,24080.0
44e578be804a15b9c4be4b6e91eedf48,018d655fe703cb7b56ee34f117429789,2018-03-19 01:56:52,2018-03-20 03:35:34,2018-04-05,1,santos,SP,123.0,13.3,1.0,1.0,444.0,20.0,14.0,16.0,4480.0
5d70cf2f4894c706c8b0cee59f19b67e,9d3b949fa77c3f6bbf95203e237ece68,2017-12-19 11:08:36,2017-12-19 11:16:27,2018-01-08,0,sao paulo,SP,42.0,18.54,1.0,1.0,600.0,30.0,30.0,20.0,18000.0
ebb7be9b346d08fc0d788e3b9e4bd02e,fa4cbecd3769852b295dd7f1072f860b,2017-07-27 09:24:18,2017-07-27 09:55:30,2017-08-28,0,goiania,GO,79.9,15.31,1.0,1.0,2700.0,47.0,6.0,47.0,13254.0
09c681e9069e20d7f2ecd587151f1b88,4ccadb3017d7e9ee8ba9523f00e6759c,2017-11-29 18:12:11,2017-11-29 18:37:14,2017-12-26,0,fortaleza,CE,250.0,61.57,1.0,1.0,13300.0,45.0,35.0,45.0,70875.0
d00ff6010b4c8c182b603ec360026b44,04932ff700030fe6c723a32ed80bc2ad,2018-03-18 22:25:47,2018-03-20 20:50:39,2018-04-25,0,matias barbosa,MG,116.6,53.09,1.0,1.0,2600.0,40.0,45.0,39.0,70200.0
809cadee53cde56e54180cf5d6631443,833cf609a6aec4b27901837d32aa7117,2017-12-15 11:38:53,2017-12-15 11:53:19,2018-01-17,0,foz do iguacu,PR,170.0,15.94,1.0,1.0,459.0,18.0,13.0,14.0,3276.0
860c765342eaa4f946dfc210c1898072,8ba72df9f8da30c34c3f31f5cc762e8e,2017-03-08 10:33:45,2017-03-08 10:45:18,2017-04-04,0,uberlandia,MG,21.32,17.78,1.0,1.0,500.0,23.0,2.0,16.0,736.0
3ffffad3b77b6df473ab6edbddc6dcea,c9ca9573fa99e8e7f281d4ede1c2d2ea,2017-11-10 16:04:28,2017-11-10 16:33:09,2017-12-04,0,mogi mirim,SP,89.99,12.97,1.0,1.0,1850.0,40.0,5.0,30.0,6000.0
8291cbcef6e19c8a7926f95f5e38c6e2,bd0f57c02559be896fb70c75cb41b70c,2018-02-16 15:49:08,2018-02-16 16:07:08,2018-03-19,0,sao bernardo do campo,SP,84.0,12.72,1.0,1.0,180.0,17.0,10.0,13.0,2210.0
09914aa3bf0c742de9a4819692ec756b,606ee56c24ba3bbe8db80bb73ff1dcb7,2018-01-03 17:44:15,2018-01-04 05:14:02,2018-01-31,0,ponta grossa,PR,230.0,22.1,1.0,1.0,7350.0,30.0,35.0,30.0,31500.0
0e5f95185b8be5365f07906c419286a4,9eb3f461f599bef9a3d6ddcaf1a2716e,2017-07-18 08:53:09,2017-07-18 09:02:56,2017-08-07,0,sao paulo,SP,79.9,8.42,1.0,1.0,700.0,16.0,16.0,16.0,4096.0
a5ab79112c78debd4b955110537a446c,3944f41fac367b589b94741981b484d5,2018-02-01 18:25:20,2018-02-02 08:11:12,2018-03-02,0,valparaiso de goias,GO,99.8,28.2,2.0,1.0,425.0,50.0,3.0,25.0,3750.0
f9d90a312f7c442297e418dbf9564475,35b031db03bcb2b6e37e2ed393ab3720,2017-10-17 16:03:38,2017-10-18 03:14:41,2017-11-08,1,passa tres,RJ,17.9,15.1,1.0,1.0,200.0,18.0,6.0,17.0,1836.0
03611c1be392917d9b0ca62977763baf,1fb653faa25a3b5aad140fd39b886bdc,2018-02-08 19:42:07,2018-02-08 19:55:28,2018-03-14,0,porto alegre,RS,479.0,18.1,1.0,1.0,425.0,17.0,10.0,15.0,2550.0
2482120dd4bce28edece66c4a4756985,d0a5cc1c6a1375f5ff65ec2ad6fac14a,2017-08-27 09:12:02,2017-08-27 09:25:10,2017-09-14,0,bocaina,SP,599.0,37.46,1.0,1.0,15350.0,47.0,40.0,47.0,88360.0
ef02392a4753ae9d3777f16b5feca9c7,6183f69ce7ffe6c72c33e334cf18c5ee,2017-09-11 00:31:53,2017-09-13 03:36:19,2017-10-03,0,nova andradina,MS,295.49,16.82,1.0,1.0,525.0,19.0,11.0,20.0,4180.0
cd746016263cf0a8ac68de73ee79506d,9408e45694a5a6097fadf09ebdc5e4bf,2017-05-20 18:38:05,2017-05-20 18:50:15,2017-06-13,0,ipatinga,MG,259.9,86.98,1.0,1.0,22350.0,32.0,74.0,53.0,125504.0
4ece3211dc7b96c8b646fa8a727039e2,083d0767ee04f4a01cc28835dc32d6b4,2018-04-07 19:57:43,2018-04-10 03:49:49,2018-04-25,0,sao paulo,SP,16.0,7.39,1.0,1.0,150.0,20.0,10.0,15.0,3000.0
a3115f34be015286911b92beba41be5f,4c98afa4ca10e1d85ddf126c0c19834b,2017-05-09 22:33:27,2017-05-09 22:42:32,2017-05-31,0,silvania,GO,281.9,18.41,1.0,1.0,250.0,19.0,7.0,12.0,1596.0
9a0b6a2c842e5a42bef91fa4c7dea9c4,e02cd9861f07833a0aa0e073527e81a8,2017-09-20 08:54:48,2017-09-21 09:04:42,2017-10-17,0,mato rico,PR,72.9,19.75,1.0,1.0,650.0,46.0,10.0,34.0,15640.0
812efffc01e68075f474355460720eec,d737e63d3a5d786844e474d5cc21d6c0,2018-03-05 12:34:20,2018-03-05 12:50:42,2018-04-20,0,rio de janeiro,RJ,179.96,79.12,1.0,1.0,7463.0,56.0,64.0,35.0,125440.0
4f8a2144278d625038f8d55d5a334d93,24e1a42b856457e1d82e583454007f41,2018-03-02 12:26:22,2018-03-03 02:35:37,2018-03-26,0,cuiaba,MT,159.0,29.63,1.0,1.0,2750.0,50.0,50.0,16.0,40000.0
54d7ac7a8a4074afa251dda33e7dfa4f,7b8ca743b2b04c1df44904c65563d578,2018-01-22 18:31:51,2018-01-24 02:53:19,2018-03-01,0,sao jose dos campos,SP,370.2,28.64,1.0,1.0,617.0,17.0,18.0,23.0,7038.0
c5bb8cf75ccd20ee373200ab31628770,7cc858beaf29178458e90ee34c3be444,2017-08-19 17:54:34,2017-08-19 18:10:21,2017-09-15,0,bage,RS,89.9,17.88,1.0,1.0,1383.0,50.0,10.0,40.0,20000.0
50a6272e4de975f1b97fca4f68157f84,9f0d658ef3d6f96143d992b4496304e5,2017-12-16 09:40:04,2017-12-16 09:50:47,2018-01-16,0,sao paulo,SP,99.99,15.45,1.0,1.0,500.0,30.0,15.0,15.0,6750.0
389815397a4bcdf3dcf64b90c25b3140,3a47005be3c2748d25859444f49b0048,2016-10-05 20:36:39,2016-10-06 16:02:59,2016-11-29,0,coronel fabriciano,MG,30.97,14.52,1.0,1.0,443.0,21.0,13.0,17.0,4641.0
7b0991b804c1f59ff08aed876cd41c5b,269e3d5f088fc1f4b2a81eb0ce8ce7d6,2017-05-17 14:14:31,2017-05-17 14:25:11,2017-05-30,0,sao paulo,SP,59.9,11.73,1.0,1.0,7000.0,26.0,47.0,27.0,32994.0
65c54a38da5958de135d565f7e344c6c,429f3e681a0604e810da36578f7d2808,2017-04-26 09:22:00,2017-04-26 09:38:07,2017-05-24,0,nova iguacu,RJ,99.0,17.43,1.0,1.0,6550.0,38.0,30.0,28.0,31920.0
5fcbedfee2eec6f8ecdcac610148b4c3,5a9c6e20ad0f70fe45ae3bfe4cd8463b,2018-03-13 20:20:25,2018-03-13 20:35:24,2018-03-23,0,piracicaba,SP,21.99,7.39,1.0,1.0,217.0,17.0,4.0,12.0,816.0
d16b2207d93383dc91aa5da54cec3d0a,45193c34a13942938ead2873b64c360c,2017-11-26 22:51:05,2017-11-26 23:13:14,2017-12-15,1,diadema,SP,89.9,16.26,1.0,1.0,1383.0,50.0,10.0,40.0,20000.0
4334cbad2570eb17ab0f2be70bcc22b7,7d350d56bac0a6a9b6c3e5ce37198fba,2018-02-19 23:48:49,2018-02-21 06:05:30,2018-03-05,0,artur nogueira,SP,16.0,7.78,1.0,1.0,50.0,20.0,11.0,11.0,2420.0
54c7a23f3dfaaf598f685cf985213ff5,f24242f44914c2af7b95dead241c4830,2018-01-12 12:29:08,2018-01-12 12:39:22,2018-02-15,0,bombinhas,SC,98.99,34.49,1.0,1.0,400.0,27.0,6.0,25.0,4050.0
74a821d17475458a217623b9464147eb,06a3bbda6d96de922ebe82f3416f8c3b,2018-03-19 17:51:18,2018-03-19 18:15:43,2018-04-16,0,osasco,SP,37.9,18.23,1.0,1.0,240.0,19.0,12.0,14.0,3192.0
b8cab60cb755ff3798f7eda51e6634f8,773032786101d756fc62073bdb3fa505,2018-03-30 21:28:48,2018-03-30 21:47:09,2018-04-12,0,sao paulo,SP,139.5,14.97,1.0,1.0,9750.0,42.0,28.0,33.0,38808.0
507884ae55f4e205891f59bf60e22b71,0d71c0379d76db8625afcb70e9a1e519,2018-03-07 09:16:05,2018-03-07 09:30:35,2018-03-19,0,sao paulo,SP,120.0,15.58,1.0,1.0,16550.0,22.0,65.0,40.0,57200.0
6545aea5d681938dc5f177dfe17b62c9,b63c3897b6259fc5ea20bb997624ba7c,2018-02-11 22:55:27,2018-02-11 23:07:59,2018-02-26,0,barueri,SP,33.0,8.27,1.0,1.0,150.0,20.0,3.0,20.0,1200.0
ca1968d3ea31ff0c66ba20923250e0f3,5d7eb1b74d1bcff2f4c2525e549d44a3,2017-06-19 00:06:07,2017-06-19 00:15:23,2017-07-11,0,rio de janeiro,RJ,189.0,15.08,1.0,1.0,257.0,19.0,11.0,14.0,2926.0
f934b357bb58387aeb7f58a1b0100861,ad1f289fe0d5f0e66faa507b7dd26476,2018-01-09 07:51:15,2018-01-09 08:11:05,2018-01-26,0,sao paulo,SP,38.9,7.78,1.0,1.0,100.0,17.0,5.0,12.0,1020.0
1cc788ba1c0fa91ed3d7bf5a45a203a4,7a28ea6acd0c23ed1a4742b29d29682c,2017-05-22 09:50:03,2017-05-22 10:02:38,2017-06-06,1,hortolandia,SP,329.99,10.5,1.0,1.0,838.0,28.0,14.0,21.0,8232.0
8f65131225833fbebbca5422422026cf,babbb0bf37facbed1dc42de9e02d4ee2,2018-03-19 14:32:34,2018-03-19 14:49:45,2018-04-16,0,maceio,AL,24.9,22.85,1.0,1.0,150.0,20.0,2.0,14.0,560.0
b719af721da8bc41ee0636c4ca0d7960,d89233bb26267fbe7854eb9fde2ceb84,2017-11-17 19:53:41,2017-11-22 03:16:54,2017-12-18,0,juruena,MT,178.0,28.63,1.0,1.0,3350.0,25.0,20.0,20.0,10000.0
f64a76cad36b9c69a34699f1858db432,a1b1a82720dbe747e7d52590721f73ac,2018-01-28 10:08:21,2018-01-28 10:17:22,2018-02-14,0,sao bernardo do campo,SP,99.9,11.9,1.0,1.0,750.0,30.0,30.0,11.0,9900.0
698c71e1afa1b5c7913ee16466a54cf0,d80b9b2a21321a180b82c0017fe8d9b1,2017-04-19 11:09:20,2017-04-20 02:45:35,2017-05-11,0,rio de janeiro,RJ,49.0,14.11,1.0,1.0,200.0,16.0,2.0,11.0,352.0
0847671e74f36253e410d74921dff936,88797eeedbc6f829464f79b5fb7dcd63,2017-11-25 22:11:45,2017-11-25 22:33:26,2017-12-13,0,praia grande,SP,49.9,8.72,1.0,1.0,444.0,20.0,14.0,15.0,4200.0
c3bc950aed66e7b8176ffb5223639f03,0dfb5e354867126d5a1cadbe738c4456,2018-03-27 10:04:30,2018-03-27 10:15:25,2018-04-16,1,vitoria,ES,43.9,15.23,1.0,1.0,250.0,20.0,20.0,20.0,8000.0
feff6425f4657f07071d4e5c52cb97af,301ba01907a5eb0b500c272f8a7080c7,2017-11-13 17:36:45,2017-11-13 17:47:11,2017-12-01,0,sao paulo,SP,119.9,12.34,1.0,1.0,4350.0,20.0,20.0,20.0,8000.0
9249cf14297c83223160c1b38b95642f,44e3a4d56bff0ee1e71df577e741b7a7,2017-08-18 10:48:00,2017-08-19 02:26:21,2017-09-12,0,aguai,SP,171.0,80.16,1.0,1.0,4540.0,37.0,14.0,24.0,12432.0
cf4e2fbc22f6efdf6c5988003626bf48,71a6ab0f5f611b05e407f11a655e8c38,2017-09-22 15:23:01,2017-09-26 04:04:34,2017-10-09,0,sao paulo,SP,34.9,9.34,1.0,1.0,1207.0,20.0,10.0,20.0,4000.0
2d59688444fe2c77837f198bb74f4485,63dc3330b02ced597f3079f1693f96d2,2017-07-26 19:48:33,2017-07-26 20:03:01,2017-08-21,0,palmitinho,RS,69.9,17.74,1.0,1.0,1350.0,38.0,30.0,28.0,31920.0
940b17cda16a315ebce41e39a03a759e,2441a0481b3df45bfabeee5e7567b5eb,2017-09-19 12:19:57,2017-09-19 12:30:11,2017-10-05,0,canitar,SP,157.91,14.13,1.0,1.0,2100.0,40.0,6.0,29.0,6960.0
3287906d23c6e6cb0ebb48f0b766001b,1c01b6e99332e712ccd834ae02122d20,2017-09-06 14:39:40,2017-09-06 14:52:27,2017-09-27,0,ribeirao preto,SP,39.9,16.79,1.0,1.0,100.0,18.0,7.0,11.0,1386.0
8006e91ab98e5e16b4c125d42b170cfc,13114cff38ecc96a70ecdfbe4802da39,2018-01-23 19:43:47,2018-01-23 20:04:05,2018-02-20,0,miracema,RJ,41.98,30.2,1.0,1.0,363.0,16.0,4.0,11.0,704.0
5c3a8f58f95a93d61a60220d61ea851a,718b4bbc83d2cb654c02a9bae5e3a817,2017-10-03 20:06:39,2017-10-04 02:56:29,2017-10-25,0,praia grande,SP,89.0,12.12,1.0,1.0,250.0,21.0,26.0,21.0,11466.0
046cf9d36030cfd64e9800b0006f5713,617b7fef5b839e920d73822fee93d1d2,2018-01-19 20:23:39,2018-01-20 09:09:59,2018-02-15,0,florianopolis,SC,90.0,30.22,1.0,1.0,800.0,42.0,8.0,26.0,8736.0
38246d20fb91403c9ed13e1aa3c665ad,68362d853bb8306b7fe6862d06575fb8,2017-08-01 09:53:24,2017-08-01 10:10:15,2017-08-25,0,cachoeiro de itapemirim,ES,54.43,15.13,1.0,1.0,650.0,21.0,18.0,28.0,10584.0
5ab1b7017955abafee1aaf11eb8a8105,ebf84e00361c31f0610635647dbd0db1,2017-08-20 17:47:00,2017-08-22 04:16:13,2017-09-11,0,sao paulo,SP,29.0,11.85,1.0,1.0,200.0,16.0,13.0,18.0,3744.0
33e0807c2b09499ec0026e216114cefe,b61886a49fa36917b1b64687c871e8f3,2017-11-01 16:00:04,2017-11-01 16:31:06,2017-11-24,0,jundiai,SP,40.0,15.1,1.0,1.0,150.0,24.0,5.0,24.0,2880.0
338fbb25496b4365065adc83c56a0729,3842f59262a8439427f8fe9da5e62286,2017-11-21 10:28:26,2017-11-22 02:47:20,2017-12-11,0,araucaria,PR,216.0,31.04,1.0,1.0,1000.0,53.0,8.0,18.0,7632.0
a2e800724114bf08cc0847941b882a4d,c96e4b1faa66775c112927045ead1c5d,2018-04-04 17:20:08,2018-04-04 17:30:20,2018-04-20,0,jales,SP,19.0,12.79,1.0,1.0,50.0,32.0,2.0,24.0,1536.0
59629349b860bb43899ea07bf4ec9633,7808ea4b58654518cfe762d80eda6cbe,2017-07-24 14:21:25,2017-07-24 14:35:17,2017-08-04,0,sao caetano do sul,SP,134.99,9.76,1.0,1.0,2250.0,16.0,40.0,16.0,10240.0
3504e5f25e8c978b842d4f1164b52b59,5f74b0f2e7a914d47ab126a05d746638,2017-09-11 18:40:20,2017-09-11 18:50:19,2017-09-28,0,rio de janeiro,RJ,22.9,15.1,1.0,1.0,300.0,24.0,12.0,12.0,3456.0
b79fa3320d9e28aa6994cd6864da40ba,ea3f9a4239a952f61df1055303969be3,2018-01-07 13:50:40,2018-01-07 14:07:03,2018-01-24,0,barueri,SP,99.9,11.9,1.0,1.0,750.0,30.0,30.0,11.0,9900.0
89b9dca459730f82d38425daf378b9e0,2951177dd2ff5f7fb550f854733d1fa9,2018-02-16 15:38:29,2018-02-16 15:50:29,2018-03-05,0,hortolandia,SP,11.55,7.78,1.0,1.0,150.0,25.0,7.0,16.0,2800.0
9cb8f0af8d94e8eb6c245e305a1ee8d7,c58f80dae9018187e447c7d13c29100f,2018-03-09 11:21:11,2018-03-09 12:00:21,2018-04-04,1,brasilia,DF,156.0,36.86,1.0,1.0,300.0,18.0,10.0,14.0,2520.0
3865b07872da3d5435a63e1a895cf82d,97d489c217105f10af366a8e67bf4dae,2017-11-15 00:16:49,2017-11-15 01:10:31,2017-12-14,0,sao paulo,SP,150.0,20.0,1.0,1.0,517.0,16.0,12.0,15.0,2880.0
ce85845ca7d1014cbae2bddabe1d468c,430b71cd7a955a7232bea5a2911b8271,2018-01-20 22:25:35,2018-01-20 22:41:12,2018-03-19,0,santana,AP,127.0,42.5,2.0,1.0,325.0,16.0,2.0,20.0,640.0
f4da7d0ac805794a8e666416f2c20f60,f5ec354e3eaa4533604f5c8dc14d5226,2017-09-30 14:35:09,2017-09-30 14:49:49,2017-10-24,0,taboao da serra,SP,26.9,11.85,1.0,1.0,400.0,45.0,15.0,35.0,23625.0
9a7f882c95ae7d422db8ab15e1ee0a87,f22aca6ec39e20888a279ee104039b32,2017-08-10 14:41:12,2017-08-10 14:55:17,2017-09-04,0,perdigao,MG,49.0,16.11,1.0,1.0,350.0,30.0,20.0,20.0,12000.0
b11d3d0805ee25a1ca5ff9d55a65cd9d,05a874b660a8cd6552b1f462e033b44a,2018-04-12 12:52:01,2018-04-12 13:11:40,2018-05-08,0,sao paulo,SP,118.74,18.91,1.0,1.0,2300.0,36.0,21.0,36.0,27216.0
9757bb9b0d295ca539b1b15c3eab9b2e,c4fbb5a95dc900f4bd12838d8e8bf99a,2017-07-30 20:17:31,2017-07-30 20:30:06,2017-08-24,0,timoteo,MG,205.0,26.27,1.0,1.0,9750.0,35.0,12.0,30.0,12600.0
55cb95c5d7432b481870e028524b53e2,ff36e3cbdad7fb9d81c1d75f39e5bafe,2018-01-14 10:31:45,2018-01-14 10:49:39,2018-02-20,0,ijui,RS,54.9,16.82,1.0,1.0,450.0,20.0,12.0,14.0,3360.0
b68a52eb0d8bcd5f784a5f95b98a6cf6,56d9e13e6894b123c090a253757182a3,2018-02-03 10:27:19,2018-02-03 10:40:37,2018-03-15,0,brejo da madre de deus,PE,105.0,27.27,1.0,1.0,950.0,22.0,5.0,14.0,1540.0
367cead10022c703e2a1529c52699ac4,44dcf012f505f08758861bbe8348c0ab,2017-03-29 11:56:53,2017-03-29 13:05:46,2017-04-20,0,criciuma,SC,98.9,14.86,1.0,1.0,300.0,17.0,7.0,12.0,1428.0
3765df8b607992dccb4268b1e535c162,b9ab019e35acc41ce59d290989f01d88,2018-01-20 01:06:48,2018-01-20 01:20:46,2018-02-16,0,belo horizonte,MG,84.0,35.2,1.0,1.0,200.0,39.0,9.0,11.0,3861.0
9e784561e351e3749a4dc15902d0e7ad,ce7d16764477add502f5571e29f6dce3,2017-04-12 21:35:27,2017-04-14 02:45:37,2017-05-23,0,marituba,PA,29.99,24.84,1.0,1.0,50.0,18.0,18.0,12.0,3888.0
2abaeadd36049815bac47f33e2ad3789,2a7dd1fbbb9bd76389b3882337e071f5,2017-03-08 20:17:07,2017-03-08 20:17:07,2017-03-31,0,sao paulo,SP,34.9,14.52,1.0,1.0,300.0,30.0,5.0,12.0,1800.0
86142baa5539c0e7ff98213f50d10b75,6ae91e04653dc3a0c205363ffff0081f,2018-01-23 08:42:54,2018-01-23 09:12:32,2018-02-19,1,cabo frio,RJ,60.0,16.18,1.0,1.0,668.0,21.0,25.0,21.0,11025.0
5f580ea84de3f42cce60c69c8db9bdc6,a49d53ba51c7b50622b3b2ed6e5b9312,2017-12-12 19:13:05,2017-12-12 19:29:54,2018-01-08,0,sao jose do rio preto,SP,15.3,11.85,1.0,1.0,350.0,33.0,4.0,20.0,2640.0
d7adae346e57bdec9293128a1130a183,1edfcdc4a172cc6fc9e97a8e42ca5071,2017-02-06 16:00:46,2017-02-08 03:23:20,2017-03-20,0,recife,PE,118.99,24.83,1.0,1.0,100.0,20.0,5.0,12.0,1200.0
67d0c933fefa1c4ff65e800b8c8bf804,5fecda646005785f0338ead4ed426198,2017-01-26 18:04:03,2017-01-26 18:15:10,2017-03-06,0,niteroi,RJ,26.0,29.04,1.0,1.0,100.0,20.0,20.0,20.0,8000.0
e505d250be8a8291d1d8d96adf8c3539,7ed1f44bb8badb060d8c66394242ef45,2017-04-23 17:19:26,2017-04-25 07:55:16,2017-05-17,0,campo grande,MS,29.9,17.19,1.0,1.0,1600.0,35.0,6.0,32.0,6720.0
429879e52accbd209d4e3c7994cbce25,a9d17c6bc7a59fa3b00076bc16ddac88,2017-07-19 18:16:35,2017-07-20 02:15:54,2017-08-14,0,cerquilho,SP,134.9,21.43,1.0,1.0,8350.0,50.0,27.0,38.0,51300.0
363659036e23f1e7b77d6368e25b1f08,e68c03ed7224b85150876ad873fe7aed,2018-01-15 13:59:17,2018-01-16 14:32:28,2018-01-30,0,rio de janeiro,RJ,394.65,11.51,1.0,1.0,450.0,20.0,6.0,13.0,1560.0
cdb99aee5b9d12289e40e8ae2002c93a,f4ebae34770a20b6373e3f2a6cad3452,2017-12-27 15:06:17,2017-12-27 15:17:27,2018-01-29,0,ponta grossa,PR,240.0,17.44,1.0,1.0,500.0,16.0,5.0,11.0,880.0
c259fd488a73ebbd67d79df856d4befc,6ab85b3fac14f117ea275b5a35503073,2017-12-02 13:53:36,2017-12-02 14:17:06,2017-12-28,0,vila velha,ES,59.9,14.17,1.0,1.0,600.0,30.0,15.0,20.0,9000.0
21011893b3f77e5cf4c66ebef09016ae,d15c4eb0809f83e4b72065c920c69e1c,2017-11-24 08:11:39,2017-11-24 08:31:19,2017-12-15,0,piracicaba,SP,35.79,11.73,1.0,1.0,1000.0,20.0,35.0,20.0,14000.0
f280ca4b6f953fa570dedf6f9b6f383b,8e88dfbdc464985339b99f7738ba6962,2017-11-21 18:08:10,2017-11-21 18:17:00,2017-12-04,0,praia grande,SP,65.99,9.74,1.0,1.0,600.0,20.0,19.0,20.0,7600.0
cdba3ddb2a93c5bb758212a2114cab97,3e33da5c9dfbfdc608a4d0e8b46eddac,2017-08-03 21:43:53,2017-08-03 22:03:21,2017-08-28,0,cascavel,PR,18.9,16.11,1.0,1.0,700.0,30.0,20.0,30.0,18000.0
c76a06605f09c1a1e5cf90bea47a528f,9babe15f3a8d05c3ae49e0e57faa9588,2017-06-19 09:09:48,2017-06-19 09:25:18,2017-06-30,0,campinas,SP,18.99,7.78,1.0,1.0,50.0,19.0,3.0,11.0,627.0
d8eb5e8c7fc14da34fc5252a2ca7cfab,673109a1fff714fa4273743b032a9324,2017-12-15 10:16:16,2017-12-15 10:33:44,2018-01-10,0,cubatao,SP,119.0,40.82,1.0,1.0,15700.0,81.0,19.0,60.0,92340.0
03a312126d4985217afef2625df60af4,393df32d466d4952412196461ac05d52,2018-04-10 19:02:15,2018-04-11 17:50:18,2018-05-02,0,braganca paulista,SP,1890.0,73.14,1.0,1.0,18000.0,105.0,30.0,40.0,126000.0
fd1ddfeca967b94315642dfe5c7545f7,3a38b933c499fe2100b9b58a272cf9f8,2017-12-05 22:06:07,2017-12-07 22:10:32,2018-01-03,1,rio de janeiro,RJ,179.99,45.72,1.0,1.0,7650.0,20.0,20.0,20.0,8000.0
18905a8655f8255bf50d2eeadce2641e,1aed7bcb3469dbda3ebc61b12938a4ba,2018-01-25 23:32:16,2018-01-27 02:52:27,2018-02-26,0,jaboatao dos guararapes,PE,12.9,17.63,1.0,1.0,175.0,22.0,13.0,17.0,4862.0
0aa1d9509ae8e0c76c03ad7ba91dc81a,2b25f2ba843e1bae62f28c7f43211a06,2017-05-12 07:59:02,2017-05-12 08:40:05,2017-06-14,0,mossoro,RN,136.9,43.37,1.0,1.0,2200.0,25.0,27.0,9.0,6075.0
30b949a0f71893bbe321509b0d32bcc6,02a9194295f0ec290cebf3a0e66c98a4,2018-03-30 12:25:09,2018-03-30 12:47:26,2018-04-24,0,teresina,PI,24.99,22.85,1.0,1.0,150.0,17.0,8.0,14.0,1904.0
e88708b0f6c58eaba5b9b3f850f212cc,4931bab39028b872b4ab9a0c38e3d552,2017-02-05 15:48:26,2017-02-07 03:45:26,2017-03-01,0,campinas,SP,39.9,11.74,1.0,1.0,700.0,24.0,19.0,22.0,10032.0
aeba924ab4196ee9a04164f22278f117,14da31c495d6657eeb56c66889f88282,2017-04-20 09:13:22,2017-04-21 05:10:16,2017-05-15,0,duque de caxias,RJ,15.75,14.52,1.0,1.0,178.0,18.0,11.0,17.0,3366.0
69f4f52c9fc3a2b6f7b72516075657d9,25f2cb8613c844fb07e042433a5ebde7,2017-09-18 17:57:58,2017-09-18 18:15:17,2017-10-17,0,cachoeira do sul,RS,59.9,17.67,1.0,1.0,5400.0,78.0,4.0,47.0,14664.0
d02adc4aef085f611aaf9e975642926a,fc78016bbb85f3105bfd610141fde114,2017-07-28 13:42:40,2017-07-29 02:24:01,2017-08-21,0,iguatama,MG,59.9,25.26,1.0,1.0,7000.0,26.0,47.0,27.0,32994.0
0d103d6504de00ed0c99969517a9ad52,e1ac420ce71810297563ec7eed721e72,2018-01-25 20:53:56,2018-01-26 03:16:43,2018-02-19,1,rio de janeiro,RJ,229.0,22.44,1.0,1.0,3717.0,30.0,14.0,34.0,14280.0
59c134c32edc0046c31ad8bd6f521b61,4a5eab03ad0ee1503ed736150a484cda,2017-11-21 14:45:07,2017-11-21 15:22:11,2017-12-08,0,belo horizonte,MG,41.5,14.1,1.0,1.0,800.0,30.0,22.0,27.0,17820.0
d9515cd3ca09c7b9b751f077d2adfc84,47e2de6eab3618c1d08f51f6d3af4826,2017-01-30 17:05:18,2017-02-01 04:35:07,2017-03-10,0,campos borges,RS,699.0,36.0,1.0,1.0,29800.0,95.0,19.0,66.0,119130.0
8a9adc69528e1001fc68dd0aaebbb54a,4c1ccc74e00993733742a3c786dc3c1f,2017-02-18 12:45:31,,2017-03-21,0,novo hamburgo,RS,379.0,17.86,1.0,1.0,1008.0,33.0,14.0,26.0,12012.0
3a391869ded1afe6a2b03e4205aa9a2c,2b9ce46a222ca88284736ce346d405e7,2017-04-08 16:15:42,2017-04-08 16:30:11,2017-05-04,0,guarulhos,SP,109.99,11.38,1.0,1.0,633.0,26.0,9.0,22.0,5148.0
c24c7b464d5be50337dc32755b2da963,d85178bdd146b8648278ad6504206c68,2017-12-11 10:15:34,2017-12-11 10:31:33,2018-01-05,0,curitiba,PR,119.99,17.09,1.0,1.0,887.0,30.0,22.0,20.0,13200.0
7150170dd81a1532b5906d0cc50618b3,660ca825143d9c95d6c9e88b80bfa6c6,2018-01-11 08:30:28,2018-01-11 08:38:31,2018-02-06,0,araucaria,PR,29.9,15.1,1.0,1.0,250.0,16.0,5.0,15.0,1200.0
cbeaa013552d74983472628c5534d3e8,9235b5fc6713b7c6c4f69975c54a8028,2017-05-02 21:55:39,2017-05-04 06:35:28,2017-05-23,0,sorocaba,SP,21.9,10.96,1.0,1.0,100.0,19.0,3.0,12.0,684.0
adcc24406dacde218585aa79366ee2d0,c92227c22263d46ce0163442bb544995,2017-06-23 08:48:59,2017-06-24 02:15:24,2017-07-19,0,rio de janeiro,RJ,29.5,17.92,1.0,1.0,350.0,67.0,15.0,15.0,15075.0
e3c654307c9b3b9988c35371c5bbf738,6b53484ec2e43f653edc5f35d09d5cf9,2017-04-15 19:08:40,2017-04-18 03:55:32,2017-05-08,1,piracicaba,SP,209.99,42.31,1.0,1.0,16900.0,57.0,16.0,43.0,39216.0
b3c34fd05dd073feae270c759c46d900,860ddc7aa11dedbcd7d870aead27ce0c,2017-09-12 21:28:24,2017-09-12 21:44:05,2017-10-03,0,nova venecia,ES,95.0,17.92,1.0,1.0,6300.0,51.0,22.0,36.0,40392.0
b808172914c4ad1d4c3b7917097b33ea,ba31215f5bab89b26ac8a363565af45e,2017-12-15 17:47:00,2017-12-19 09:34:33,2018-01-22,0,lajeado,RS,89.99,16.39,1.0,1.0,250.0,22.0,10.0,18.0,3960.0
0e052bf9ab53618ac0c5fb8ce3dd61b8,06ba6a60751f29132f330decc3450c3b,2017-05-12 09:24:23,2017-05-13 03:02:55,2017-05-30,0,taiuva,SP,67.1,11.97,1.0,1.0,700.0,45.0,15.0,35.0,23625.0
b2501eb5c292d415f52576b3d4b5de74,a4b42a4749163611c33c639bbfbae90f,2017-04-19 14:24:06,2017-04-20 02:55:47,2017-05-11,0,marica,RJ,59.9,15.63,1.0,1.0,600.0,38.0,2.0,20.0,1520.0
d53f2f6c0bd9152936601ea9590e1840,a3f74d8df2b8fa6182979d531f71c2af,2017-05-17 00:39:35,2017-05-17 01:25:24,2017-06-19,0,ribeirao preto,SP,49.9,11.85,1.0,1.0,150.0,16.0,5.0,20.0,1600.0
96f5dfe006638550afa4d6390fc074c1,b16343b95f5346a9933144386af4caab,2017-12-12 18:51:47,2017-12-12 19:09:46,2018-01-02,0,sao paulo,SP,150.0,26.16,1.0,1.0,2600.0,50.0,10.0,30.0,15000.0
dcb2902b7af9841bf7aa832c33f69f1b,ec5c23a85c01c4b2bf87caf6d38c8261,2017-11-08 15:53:15,2017-11-08 16:11:03,2017-12-04,0,laranjal,MG,289.0,27.3,1.0,1.0,450.0,17.0,3.0,11.0,561.0
302e20550af8f4aa30223f3cabcc14c0,07d1bea83eca0a2a6c133046390947fd,2018-01-23 13:18:16,2018-01-24 02:52:40,2018-02-20,1,criciuma,SC,27.98,30.2,2.0,1.0,50.0,16.0,5.0,11.0,880.0
3ca3064a730b878a04e074e0f1c9f93b,82659d9d36476dcd64db2212d90f7457,2017-03-19 15:52:41,2017-03-19 15:52:41,2017-04-25,0,nova brasilandia d'oeste,RO,313.9,26.69,1.0,1.0,494.0,20.0,17.0,17.0,5780.0
0cd0bff6841594d9006994fcfbf3e44b,b299a44de561de2dbfc8fa91dd704af8,2017-08-02 09:07:50,2017-08-04 02:35:18,2017-08-28,0,santo angelo,RS,15.99,16.11,1.0,1.0,350.0,30.0,30.0,20.0,18000.0
c49181fdd58a10a077a8a075b9a46e6b,48145944557a9c6c41f6db3a5e4bc4f2,2018-04-02 18:39:26,2018-04-02 18:55:29,2018-04-18,0,sao paulo,SP,22.97,12.79,1.0,1.0,450.0,16.0,14.0,11.0,2464.0
3d5651800efaa81c9c96808ded6f145e,2a882786bc3a3af530ed3405b171b09b,2017-09-16 19:36:06,2017-09-16 19:45:39,2017-10-05,0,sao paulo,SP,64.9,15.21,1.0,1.0,750.0,16.0,16.0,16.0,4096.0
0c228f37770f365a3d0e1f7493595e09,cd00039f779735fae733fbefe4aaabbe,2017-06-14 17:06:33,2017-06-15 03:10:24,2017-07-26,0,sumare,SP,89.99,12.13,1.0,1.0,10600.0,33.0,45.0,40.0,59400.0
7acdb98aabb39abbea16b8acce3f1f30,b518b2605c2ccf4e345b84fcdf099dbd,2017-11-20 18:05:19,2017-11-22 02:46:59,2017-12-07,0,vitoria,ES,10.0,14.1,1.0,1.0,250.0,32.0,2.0,15.0,960.0
8fb220d5401020315f24eaba44d2e77b,8e71dc840067c82e8b4ac32521c9bcb4,2017-12-07 09:27:23,2017-12-07 09:34:35,2018-01-05,0,contagem,MG,113.0,18.04,1.0,1.0,1900.0,27.0,17.0,17.0,7803.0
10e722e25378399056392a2c2c5ff9ba,595515694ce1f925bffc652e5c6c348d,2018-02-07 09:58:30,2018-02-07 10:15:25,2018-02-23,0,suzano,SP,26.9,9.34,1.0,1.0,650.0,16.0,22.0,11.0,3872.0
777b4b0b8467866361a717d277ef1b1f,c21e32dc14bf1951f1cde9b3d149f35b,2018-04-02 22:55:40,2018-04-02 23:10:16,2018-04-19,0,recife,PE,69.9,24.62,1.0,1.0,1075.0,22.0,23.0,22.0,11132.0
08f20d527e3a4331f254f4063920c6e4,3a41a5aa21ed1eac4f6610e89ab5309c,2017-07-12 16:01:51,2017-07-12 16:15:18,2017-08-11,0,amargosa,BA,54.99,16.82,1.0,1.0,900.0,16.0,10.0,16.0,2560.0
e673b9f72a66b7dcb090a3a488f17649,98fde29996fb49a66c8c157e9f42017a,2017-10-10 11:29:58,2017-10-10 11:49:23,2017-10-23,0,sao paulo,SP,13.99,7.78,1.0,1.0,50.0,16.0,5.0,11.0,880.0
d8a529e5911526f5848f48c0905166d2,81a788bcab6b11f15c3dce69b69d83fb,2018-04-06 11:05:47,2018-04-06 11:29:02,2018-04-23,0,sao paulo,SP,29.99,7.39,1.0,1.0,300.0,17.0,4.0,12.0,816.0
e605cb87d9eccec27579c6d269f47ad1,12c611a156bcf3d8af5a1bf02aa21175,2017-03-11 13:35:38,2017-03-11 13:35:38,2017-04-03,0,gaspar,SC,18.99,14.52,1.0,1.0,75.0,18.0,3.0,12.0,648.0
eb4a3d0046ad19061885dc5ce242068f,7e388d37dc7e8572bab8068459b32190,2017-10-10 20:33:18,2017-10-10 20:49:26,2017-10-23,1,sao paulo,SP,59.9,8.72,1.0,1.0,450.0,20.0,20.0,20.0,8000.0
8904df7b2c7b44d20e741ca675815130,bc1e50e78d6937306d60f6cf33acf0e1,2017-11-24 02:07:37,2017-11-24 13:11:25,2017-12-15,0,belo horizonte,MG,39.9,15.11,1.0,1.0,425.0,25.0,19.0,17.0,8075.0
5a1c2be64df8ac1e3316c96fb1280479,f0cfda3fbad4e99cef21f774b055df66,2017-07-22 23:03:02,2017-07-22 23:15:14,2017-08-16,1,rio de janeiro,RJ,194.9,26.2,1.0,1.0,10500.0,58.0,20.0,46.0,53360.0
09ea2181de5a14e01d90b6ff01835a33,65e12813d36c9d1e94fff60fc037a117,2018-04-02 09:54:13,2018-04-02 10:09:04,2018-04-18,0,santa rita do passa quatro,SP,24.9,12.79,1.0,1.0,550.0,20.0,35.0,20.0,14000.0
6fb5acfdfed5a1951fa898d45b5b0f1a,9c9383c705961b79ab63c2626c0ee484,2018-02-27 16:23:56,2018-02-27 17:00:36,2018-03-20,1,franca,SP,584.4,18.84,1.0,1.0,10750.0,52.0,12.0,32.0,19968.0
1a68a3c33d6299d9d0f36a74e4c97e2f,4faf7bb3041b910f0a590121c4480f8c,2017-09-29 09:07:44,2017-09-29 09:23:56,2017-10-23,0,londrina,PR,45.6,12.48,1.0,1.0,200.0,16.0,5.0,45.0,3600.0
0e0abe27977ea1d66568d6ee7d310217,f15f8e8e29f606f908de87a8f7ee14f9,2018-02-06 16:28:03,2018-02-06 16:35:40,2018-03-07,0,macae,RJ,148.0,30.54,1.0,1.0,400.0,16.0,5.0,11.0,880.0
c8714809bc84ffb9c675dcf4a6455df9,e02b0a31345a94677bcc33aa9bc0909a,2017-09-21 18:21:46,2017-09-21 18:35:14,2017-10-23,0,fraiburgo,SC,148.0,25.88,1.0,1.0,9750.0,35.0,12.0,30.0,12600.0
6c9f4896350c87c2f785b1b8be767748,fe9d20bab93bc661ba9037d5bde82cc4,2017-08-21 18:57:12,2017-08-22 04:27:11,2017-09-01,0,sao paulo,SP,109.9,34.93,1.0,1.0,17100.0,56.0,38.0,48.0,102144.0
b440ae5462e075298885ddda8a0b9b1f,add67dab5fc95de57ed622543b92d355,2017-08-02 21:39:05,2017-08-02 21:50:18,2017-08-24,0,rio de janeiro,RJ,85.9,16.36,1.0,1.0,1000.0,20.0,20.0,20.0,8000.0
b325a4afad33f2c09ba50df161457bdc,517eeef342ebffcc00ee0fa2fed5f6ef,2018-03-25 18:27:38,2018-03-25 18:48:00,2018-04-06,0,sao paulo,SP,129.9,8.67,1.0,1.0,1825.0,38.0,21.0,38.0,30324.0
bbd1b9ebbc5a09d51caaa2d10e0f93b5,3068255d75f415c21b115399dc51f7ea,2017-11-22 19:01:04,2017-11-24 19:12:30,2017-12-13,1,araucaria,PR,72.0,14.25,1.0,1.0,6050.0,30.0,30.0,40.0,36000.0
8d4f2bc3695c3c45f37da3245b22a491,4eeb60f8e7ba516b503ea5ed5b1f8642,2017-09-07 19:13:55,2017-09-07 19:30:11,2017-09-28,0,sao sebastiao do paraiso,MG,610.0,37.54,1.0,1.0,15350.0,47.0,40.0,47.0,88360.0
fe5d1d5631625db883840eb3624f7a22,cad14e9f8dacf575e0b90fc0b9415c49,2017-12-27 08:56:52,2017-12-27 09:19:21,2018-01-22,0,maua,SP,76.6,12.04,1.0,1.0,750.0,16.0,10.0,16.0,2560.0
19e33f0786885dcf62a875bf5fc1b3f3,64428c52652832ca97eda36bceffe1ef,2018-01-09 11:46:32,2018-01-09 11:57:24,2018-01-26,0,santos,SP,250.0,26.26,1.0,1.0,11450.0,45.0,35.0,45.0,70875.0
9707e5dd2b32ab5cc39155a27eb3d0ec,1d38a317a5e9df61d2bfbebf4cc20068,2018-02-08 21:15:15,2018-02-08 21:28:07,2018-03-15,1,campos dos goytacazes,RJ,59.0,17.98,1.0,1.0,700.0,40.0,20.0,20.0,16000.0
b91c737fed536d40ce17d84edd88fac7,c87ff79f95188fd3ca370993eaf04d7e,2017-08-21 12:52:36,2017-08-22 04:06:33,2017-09-13,0,ibipora,PR,19.9,15.1,1.0,1.0,150.0,16.0,12.0,12.0,2304.0
43ea1d83ee54086e26f0d9b65336975f,dd4fd143772aebd20cbc60b790d9db40,2017-10-22 14:35:01,2017-10-22 14:49:28,2017-11-13,0,pouso alegre,MG,525.0,24.68,1.0,1.0,7550.0,37.0,23.0,38.0,32338.0
ca0b30de0e60967b91fd5366743ba643,fcdd6eb28f7ee1db301d1175f0a7b392,2017-10-31 11:15:17,2017-10-31 11:30:41,2017-11-08,0,sao paulo,SP,19.9,7.78,1.0,1.0,200.0,27.0,5.0,20.0,2700.0
a65e0938a2f3dc167ee856d4feb33290,91b789900931079575ec4039758423d5,2017-04-26 14:19:21,2017-04-26 14:30:19,2017-05-17,0,criciuma,SC,176.99,37.64,1.0,1.0,11875.0,57.0,55.0,22.0,68970.0
1479096c26c6fa5150e7b39fde03d5d4,52d954a9a78371248c768d562824c212,2017-03-13 22:11:59,2017-03-13 22:11:59,2017-03-30,0,piracicaba,SP,39.9,10.96,1.0,1.0,1400.0,35.0,35.0,40.0,49000.0
8b22958a1b6c74b753579682cc05bf21,1d7e8ca9d132fb1570d6290fd89cfb72,2018-03-25 15:47:42,2018-03-25 15:55:23,2018-04-19,0,toledo,PR,99.8,52.86,1.0,1.0,7050.0,50.0,21.0,21.0,22050.0
83f8bb6ef68716fd6901149d11de675b,2791a0bb5dbd08e4c03e71f53ea04efc,2017-11-06 21:04:43,2017-11-07 04:31:13,2017-11-24,0,louveira,SP,24.9,11.85,1.0,1.0,300.0,16.0,2.0,11.0,352.0
5a43a71d1ddc76ba951f292c1b4c66c2,ed9905aa9b57c2aa73612f73bafc9588,2017-10-26 10:46:21,2017-10-27 10:55:24,2017-11-17,0,rio de janeiro,RJ,89.99,15.39,1.0,1.0,250.0,22.0,10.0,18.0,3960.0
d2965251c0a29e28f3cecd7cf54d455a,7093a3faf4512a8732f8fd29c8bd9cd6,2018-03-18 10:08:40,2018-03-20 03:35:35,2018-03-29,0,santo andre,SP,127.9,8.66,1.0,1.0,350.0,19.0,19.0,13.0,4693.0
e0e86e74456d51674570c5ae13d36b41,99fe6ea867f3a0788f0561500736552e,2017-10-12 21:25:26,2017-10-14 03:27:46,2017-11-28,0,rio branco,AC,79.9,52.92,1.0,1.0,2700.0,47.0,6.0,47.0,13254.0
906a4ea26826c20b9b184b9e7c92c7b2,7466e5f152d3e7c316e2866f8c42e433,2018-03-05 13:27:02,2018-03-05 14:00:24,2018-03-28,0,petropolis,RJ,228.0,18.04,1.0,1.0,4050.0,11.0,18.0,10.0,1980.0
bcafe5369145806f5c012da26c496a39,e283e924531a3ed4cfea8c4bf3b680e3,2017-09-07 08:14:06,2017-09-07 08:25:17,2017-09-27,0,rio de janeiro,RJ,59.9,25.26,1.0,1.0,3000.0,30.0,10.0,30.0,9000.0
adac3a15974140170bdc3562dac02328,f3821d2acf742563a4ea73981a7b6c8f,2018-02-08 20:21:42,2018-02-08 20:32:05,2018-03-14,0,santiago,RS,49.9,17.6,1.0,1.0,1500.0,30.0,22.0,30.0,19800.0
567d581c34bed9ac50925ac1dc53b0c5,473c6aed6147fc43db1b31710ba3431d,2018-01-04 15:39:07,2018-01-04 15:48:23,2018-02-05,0,vargem alta,ES,129.0,18.15,1.0,1.0,6550.0,38.0,30.0,28.0,31920.0
b4587793077c17563480c33e3afa4786,f115c9fb49045355c502f201e83f432c,2018-04-02 13:24:38,2018-04-02 13:35:21,2018-04-12,0,maua,SP,19.9,7.39,1.0,1.0,150.0,22.0,5.0,14.0,1540.0
8f9b2d4a6cd80dc716a380365561a133,5f0fdca1383e271d2ba9daae64f119e2,2017-10-11 15:12:05,2017-10-12 15:28:01,2017-11-07,0,claraval,MG,171.0,26.04,1.0,1.0,3500.0,32.0,22.0,32.0,22528.0
f29a57242152dd7973de7bec76001aac,31fbe11f03bb18977db56fc23e275565,2017-12-05 13:04:21,2017-12-06 02:35:28,2017-12-21,0,sao paulo,SP,34.9,7.78,1.0,1.0,400.0,20.0,16.0,20.0,6400.0
4f037f852cf9b1a96760775d55221c33,099da9e0fc3ea53e74144c6f8427ae07,2017-09-11 22:29:32,2017-09-11 22:43:52,2017-09-28,0,resende,RJ,69.0,15.23,1.0,1.0,250.0,16.0,2.0,11.0,352.0
2591fdd6cc7718bac11436b57abd8163,0879c47e542184edf3c921d2fee17084,2018-02-12 14:01:37,2018-02-12 14:10:41,2018-03-07,1,rio de janeiro,RJ,99.8,35.2,2.0,1.0,1575.0,30.0,22.0,30.0,19800.0
3b2306ebbd3f8e2923984f42b2c03228,7e1f018f45f99375dcfaae0fe8816b4a,2018-02-22 20:46:34,2018-02-22 21:08:24,2018-03-15,1,louveira,SP,165.0,16.78,1.0,1.0,4338.0,17.0,12.0,14.0,2856.0
9f1cbfd860863f340881bcfef13fc3eb,8ec5d1bb574d20d61a22a89127329060,2017-10-23 11:38:18,2017-10-24 06:33:45,2017-11-24,1,maceio,AL,259.9,45.67,1.0,1.0,520.0,24.0,13.0,17.0,5304.0
fe7387b4827383e4868b82be1dd12722,36296254382f4dba3677937dcb5285f5,2018-04-02 22:13:18,2018-04-02 22:55:29,2018-04-25,0,belo horizonte,MG,29.9,17.06,1.0,1.0,150.0,22.0,14.0,14.0,4312.0
f1b8509dee2f914e33ace8b9555a7e51,27259d491734d9d1b58f97938c0a5c01,2018-01-10 08:51:29,2018-01-10 10:31:58,2018-02-21,0,domingos martins,ES,249.9,16.5,1.0,1.0,200.0,20.0,20.0,20.0,8000.0
0e8d721c4684c9d5ea89f2815bafc708,ad7444d174fcfbc99c827d57b8d85fa8,2017-05-29 13:38:48,2017-05-29 13:50:17,2017-06-19,0,santo andre,SP,97.95,13.71,1.0,1.0,1828.0,24.0,24.0,22.0,12672.0
44aec9c2be37dd0f0b954562c94ccfec,eb1f5775cb6c152c959d5a76a8204baa,2017-09-26 14:23:47,2017-09-26 14:38:12,2017-10-20,0,macae,RJ,149.99,18.3,1.0,1.0,1050.0,37.0,22.0,26.0,21164.0
55d4ac8ab9f932ba5badbf6088b9a1c3,5342683414d08cd3656392950ecd915b,2017-11-04 14:36:45,2017-11-04 14:50:24,2017-11-24,0,igarapava,SP,142.5,12.5,1.0,1.0,400.0,19.0,13.0,19.0,4693.0
b534f5b64db31c82a5aadfbaa0855e5b,0d9c175b2e88eb30dff36a9ffdc4739a,2017-10-30 11:26:41,2017-10-30 11:35:34,2017-11-10,1,campinas,SP,61.9,9.94,1.0,1.0,156.0,18.0,12.0,15.0,3240.0
3c860daefaca397a28e5f1909a3d6813,3537e21321dd0d2017d3a536dd8fe74d,2017-03-07 21:54:39,2017-03-07 22:05:10,2017-04-10,0,recife,PE,45.0,25.53,1.0,1.0,400.0,21.0,7.0,11.0,1617.0
390e5f12e01c2af04027580e4cdde515,5e2ebf449bbe52d961a2a13e898eb175,2018-04-01 10:03:01,2018-04-01 10:15:11,2018-04-24,0,fortaleza,CE,189.0,20.01,1.0,1.0,150.0,16.0,2.0,11.0,352.0
c4c9066b8b703b82bbaa0561244e0e0f,b59a3e6478e9da13a3ca328e9faa96d1,2018-03-01 17:44:41,2018-03-01 17:55:35,2018-03-28,0,marialva,PR,204.0,18.68,1.0,1.0,342.0,18.0,13.0,15.0,3510.0
dc3adcbd8f32f4353540fc05d067ff4c,a44373395013ffc2212996da25ad462c,2018-03-17 14:49:18,2018-03-20 07:47:35,2018-04-12,0,fortaleza,CE,32.5,34.45,1.0,1.0,150.0,16.0,12.0,12.0,2304.0
8d7c561ff34d8fb665da2d7cd9eea5ea,e3267c909d1d6265381c696a7576de9c,2017-07-31 14:00:27,2017-07-31 14:10:16,2017-08-24,0,belo horizonte,MG,205.0,22.27,1.0,1.0,9750.0,35.0,12.0,30.0,12600.0
1462290799412b71be32dd880eaf4e1b,220e4b027f0294fd79d2869ef67e7db6,2017-08-19 14:06:58,2017-08-22 04:10:55,2017-09-15,0,gravatai,RS,29.9,14.1,1.0,1.0,600.0,22.0,5.0,20.0,2200.0
e1aa2b3ed8e11ded2633b9a5b34321b9,d629cbd97a483b5a37661e0a9b9db9e2,2017-04-24 18:48:00,2017-04-29 23:32:51,2017-05-15,0,sao vicente,SP,89.0,14.79,1.0,1.0,200.0,16.0,5.0,11.0,880.0
79e8aed3400f69812f091a2b4f55a8e3,9e2124550af4e69423ee717012e6f23e,2017-09-12 21:03:26,2017-09-13 01:35:25,2017-10-06,0,coronel vivida,PR,65.0,15.2,1.0,1.0,250.0,16.0,2.0,11.0,352.0
840d7cc10efae8ba460cc8ea84f1b6db,9f361e84f8bbbb7cb127f06f1f64cae2,2017-12-12 10:52:09,2017-12-12 11:12:18,2018-01-12,1,bertioga,SP,575.9,30.58,1.0,1.0,14200.0,105.0,16.0,40.0,67200.0
540c5ef7f6c23f2547a73029172643da,9da0a4eaab687888548003b3c4e35830,2018-01-24 17:31:53,2018-01-24 17:59:10,2018-02-26,0,rondonopolis,MT,137.9,20.21,1.0,1.0,1350.0,27.0,9.0,18.0,4374.0
221fd74ddfd27876ddf1738cce22dd4f,7227f6bc1ad4dd7ea6443ea71ff722ae,2017-10-16 09:10:24,2017-10-16 09:28:10,2017-10-26,0,sao paulo,SP,199.99,12.6,1.0,1.0,1800.0,42.0,25.0,15.0,15750.0
10ae81c09f8af0de80d11ebb50e272ec,4498e0fa4951df931bc990d233493cf1,2018-04-08 23:05:31,2018-04-09 08:30:22,2018-05-02,0,capao bonito,SP,45.0,13.71,1.0,1.0,800.0,42.0,8.0,26.0,8736.0
09245c021d29cc570d8d5ca0aefd0f22,979c7ddcdcad9c14ec457b91c223d5b5,2017-11-26 22:06:07,2017-11-27 11:36:27,2017-12-15,0,sao paulo,SP,54.9,12.72,1.0,1.0,600.0,39.0,30.0,29.0,33930.0
a3a41920ba74a53e1b606c96bfdd6c23,aa5ab3effa79f3f9d5473b9dad8ce94b,2017-12-26 15:28:35,2017-12-28 02:33:42,2018-01-22,0,rio de janeiro,RJ,80.0,16.32,1.0,1.0,700.0,45.0,15.0,30.0,20250.0
81fb90c1485e2ff8b2fdd37b0472ba9f,fae5d5fa492706b4c5c236fa57642e6b,2018-04-06 10:02:17,2018-04-06 10:15:16,2018-04-30,0,sao paulo,SP,78.9,13.67,1.0,1.0,200.0,20.0,13.0,13.0,3380.0
c75e9a685439f75e990bcf13443f02c5,889a8a0aaae4f2c4730948cb1ec0d638,2017-09-30 16:28:52,2017-10-01 16:35:09,2017-10-24,0,sao paulo,SP,899.99,97.55,1.0,1.0,18667.0,88.0,28.0,67.0,165088.0
126e18991a668c9b69e0525f2ba59376,c5d1b0c941bce8ce8c2b3f8273684c8e,2018-02-09 01:29:01,2018-02-10 01:28:48,2018-03-16,0,cruz,CE,174.9,40.21,1.0,1.0,4350.0,18.0,25.0,18.0,8100.0
76c675dc22e413baabf77157c12c5efe,3b0df9e78918d3dfcfd312ce0bccf312,2018-03-22 09:29:21,2018-03-22 09:49:09,2018-04-10,0,campinas,SP,53.9,13.46,1.0,1.0,1550.0,30.0,22.0,30.0,19800.0
51aa2039fc98dc9e49bc883ead78ae54,b36a66381596ca6824c2ed8059e2a63c,2017-07-02 13:30:49,2017-07-02 13:43:40,2017-07-25,0,santo antonio do jacinto,MG,98.9,21.18,1.0,1.0,2500.0,80.0,12.0,22.0,21120.0
a6d0edc01300d51955bc9c2f0c8fe71c,824a057129a435bd0c0fa281345ed874,2018-02-22 10:38:40,2018-02-24 02:50:36,2018-03-27,0,santa mercedes,SP,170.0,30.68,1.0,1.0,167.0,16.0,11.0,15.0,2640.0
4f8fb49bd955f713c79333a0a2d9da57,dde98f2e220592ae6068bb273ec5c11b,2017-12-26 11:50:49,2017-12-26 12:49:21,2018-02-01,0,araruama,RJ,599.0,73.41,1.0,1.0,12050.0,27.0,50.0,53.0,71550.0
a2ec8ff90a5ffced9e2d1853bf3cf609,ee92860167192bbbbf68f161674745e1,2017-12-10 21:58:51,2017-12-10 22:53:31,2018-01-09,0,bage,RS,109.9,15.52,1.0,1.0,180.0,17.0,10.0,13.0,2210.0
a8cf8e962c524adf2aaedc5a876d0ab6,a8dd3c1ab4eeccb2a1bd2aec4f8d32e0,2018-04-05 07:53:49,2018-04-05 08:10:15,2018-04-30,0,pinhalao,PR,148.9,18.87,1.0,1.0,2386.0,29.0,30.0,26.0,22620.0
e99e0a939c251c9b2a412fd3136ce0ea,0cab59ec041d1c823de68602b879072a,2017-11-10 17:59:35,2017-11-10 19:07:52,2017-12-11,0,cabeceira grande,MG,98.9,18.26,1.0,1.0,173.0,18.0,13.0,12.0,2808.0
bb43ae69c04e445542e6d3ad2be52c4d,3c168144a3500be8be77b8241548f421,2017-10-16 15:36:02,2017-10-16 15:50:36,2017-11-17,0,irece,BA,119.99,50.71,1.0,1.0,10475.0,52.0,51.0,17.0,45084.0
f85b00b88275bb213518b0ebacca0544,d7c70fe22a435b47ba0bab4bb6ef7883,2017-09-15 11:26:04,2017-09-15 11:44:16,2017-10-06,0,sao lourenco,MG,50.0,17.6,1.0,1.0,7150.0,47.0,26.0,35.0,42770.0
e7ae5aa5c6aee358cae7da910d48fe36,f612c18e7425b557b4137950a546bd13,2017-06-13 09:46:55,2017-06-14 02:22:57,2017-07-18,0,belem,PA,26.9,17.63,1.0,1.0,114.0,19.0,16.0,17.0,5168.0
b07725548a706259d0cbc2aeaa780e18,72cb865e318f4077360bcfb50098f7eb,2017-03-02 16:03:14,2017-03-02 16:15:15,2017-03-29,0,crisopolis,BA,39.9,17.78,1.0,1.0,150.0,16.0,9.0,11.0,1584.0
8c55c1f57a0d612e7dbfe23c7376b612,38623e7d6365bafc3b3bacd7d64ffda1,2017-09-30 07:55:03,2017-09-30 08:07:19,2017-11-01,0,para de minas,MG,35.0,15.1,1.0,1.0,200.0,16.0,2.0,11.0,352.0
cf751a641521be29ac2213cd1756490b,9838497c3447f481f14b780164c2823a,2018-02-12 22:18:44,2018-02-16 07:55:30,2018-03-16,0,maringa,PR,79.0,15.3,1.0,1.0,250.0,16.0,16.0,11.0,2816.0
5d86dc1cd453634d7deca975d23fe39b,0fddc72936ca7ecca93b3e77a3bece43,2018-02-18 21:44:22,2018-02-18 22:50:24,2018-03-09,0,ribeirao preto,SP,36.9,11.85,1.0,1.0,550.0,30.0,6.0,30.0,5400.0
3865adcc2f53015a9526a22f9f5da972,ad12987f0baa11e225e27f71cb1cfe3c,2018-03-26 18:50:04,2018-03-26 19:08:09,2018-04-12,0,sao paulo,SP,110.0,14.13,1.0,1.0,1050.0,33.0,20.0,26.0,17160.0
0c9f8646d592c21c2015b929996427af,493941e03992cc140b88be7a292808c9,2018-03-20 07:44:52,2018-03-21 02:50:35,2018-04-16,0,feira de santana,BA,34.9,22.06,1.0,1.0,450.0,20.0,31.0,30.0,18600.0
363fe8f62de97e4334f5c88e3d9e73a8,96215fbe32b8d5475f7ba7c4e9593dce,2018-03-23 13:58:15,2018-03-23 14:15:34,2018-04-20,0,sao paulo,SP,81.99,7.92,1.0,1.0,207.0,17.0,12.0,13.0,2652.0
4a8e88b3aeb9aa051f967f7f551213ab,80946cbd8d20161272e3dcdcb1777517,2017-05-10 10:25:20,2017-05-10 10:35:23,2017-06-05,0,divinopolis de goias,GO,79.0,15.3,1.0,1.0,200.0,16.0,2.0,11.0,352.0
125b6d6d69726457c31530e0fae8ff38,6761270051135aff470ac0fc970e929e,2017-12-13 13:50:44,2017-12-14 02:12:33,2018-01-23,0,barra mansa,RJ,139.94,40.31,1.0,1.0,8217.0,52.0,52.0,17.0,45968.0
6d4fbffb6862725cc8485066b8aca192,747ac70e4caa61315026312e740a1346,2017-05-15 21:29:32,2017-05-15 21:42:54,2017-06-08,0,nova odessa,SP,99.0,35.06,1.0,1.0,9000.0,42.0,12.0,39.0,19656.0
3fbd798d7e8c262456edce32abaee496,4410b688abf3a740eb252990826a8947,2017-12-05 16:39:36,2017-12-05 16:56:33,2017-12-28,1,rio de janeiro,RJ,166.99,23.49,1.0,1.0,2425.0,29.0,30.0,19.0,16530.0
40c42d9f9f9e938bae28e7716b4a748f,f3f525ec747ce8f3adc1b23b797404dd,2017-11-28 23:16:56,2017-11-28 23:37:55,2017-12-29,0,sao joao de meriti,RJ,45.9,16.11,1.0,1.0,700.0,30.0,3.0,20.0,1800.0
25bf0be37db626d23704fecb85729aca,7ca182b6bf8a5f9ce44aee2e3212edc4,2017-07-18 23:13:57,2017-07-20 02:23:50,2017-08-11,0,caxias do sul,RS,74.99,15.27,1.0,1.0,200.0,20.0,7.0,15.0,2100.0
05290ddcf1e8fa2c773e1f37015cc56c,63c88691b378207afe3f0ed265108403,2018-01-14 20:26:05,2018-01-14 20:36:22,2018-02-07,0,uberlandia,MG,45.0,15.1,1.0,1.0,300.0,20.0,30.0,20.0,12000.0
5e8c4235c5941812c1831d835ae020fd,e787ddf38676914ffe9704e1766096ab,2018-04-07 20:39:43,2018-04-07 20:55:30,2018-05-02,0,girua,RS,129.9,18.79,1.0,1.0,233.0,16.0,14.0,15.0,3360.0
505d775eb158590af72d04189474e23c,45acf97b168ec16f75b8e504e62451a4,2017-05-16 20:36:18,2017-05-16 20:50:13,2017-06-09,0,vespasiano,MG,64.9,16.21,1.0,1.0,900.0,40.0,10.0,34.0,13600.0
eca3f5e429027f406b64f21754673030,1470c7af104f8a4e129eace53c91c75e,2018-03-24 18:17:14,2018-03-24 18:27:32,2018-04-12,1,suzano,SP,58.5,12.85,1.0,1.0,100.0,19.0,7.0,16.0,2128.0
86ed1f35a1297fcd9ac0f8cefd187fa1,b92d3079edfca64c3eb8d564eecceeef,2017-06-27 11:17:51,2017-06-28 02:30:24,2017-07-21,0,serra,ES,99.99,16.95,1.0,1.0,4475.0,44.0,24.0,31.0,32736.0
8d60c8a11e4eefd1b431f3c126e0b3c4,3e3ccfeb474d77e0c85a7c2cd541dc1e,2017-07-31 00:53:44,2017-07-31 01:05:10,2017-08-11,0,sao paulo,SP,99.99,9.51,1.0,1.0,800.0,16.0,10.0,15.0,2400.0
ed346b70cbe34011ca44ffb08bbb84ca,4a14bc6096777af2242f207d52eba728,2017-06-23 19:38:29,2017-06-23 19:50:19,2017-07-13,0,sao paulo,SP,104.0,13.75,1.0,1.0,1100.0,22.0,27.0,22.0,13068.0
d4db24d5b411e01abda8e9dc3d1f858b,2860ca56e5fb60bf979dbea037d34871,2017-12-05 16:37:53,2017-12-05 16:56:26,2018-01-03,0,salvador,BA,249.99,37.77,1.0,1.0,6300.0,42.0,20.0,32.0,26880.0
04af00b2ad7756ba45549af1e832d8da,01d7603b563bc426e2eda5e0677e714b,2017-12-05 21:01:20,2017-12-07 03:16:39,2017-12-21,0,osasco,SP,134.99,13.5,1.0,1.0,2000.0,35.0,27.0,12.0,11340.0
ba900c122a364faa9a3c7d271bc2308d,57c0a0ae936e3a4cf71bdc4c6d4ede43,2017-06-16 18:12:03,2017-06-16 18:25:24,2017-07-06,0,limeira,SP,44.0,23.689999999999998,2.0,1.0,250.0,39.0,9.0,15.5,5440.5
6bae084fa2e6b9972110f6c93fa4b9a3,a68598296c25b9f8fa76e2c23ad978cf,2017-06-24 09:36:14,2017-06-24 14:55:23,2017-08-11,0,sao paulo,SP,28.8,23.7,2.0,1.0,250.0,35.0,4.0,35.0,4900.0
86d0ef425e0811afd544b52543fb4152,6bf76c69e625cc78ab262b22e6cddeff,2017-11-23 16:22:37,2017-11-23 16:33:20,2017-12-18,1,rio de janeiro,RJ,175.9,17.67,1.0,1.0,300.0,16.0,16.0,16.0,4096.0
750a04aefe91727a7ab2b2d3f2beba3d,683ea4e05524b7d01d01a91b7bdb3ac0,2018-03-06 09:30:42,2018-03-06 10:09:27,2018-04-04,0,sao paulo,SP,349.9,21.42,1.0,1.0,525.0,16.0,16.0,18.0,4608.0
5e030812d8c91d9cc0bdf07298bbb612,44ac2f795d5c5ecfdfabe89cb214cdfc,2017-11-24 11:22:09,2017-11-24 13:18:39,2017-12-18,0,juiz de fora,MG,99.99,14.29,1.0,1.0,675.0,22.0,24.0,21.0,11088.0
322e0693b07397cdc9adce3006dcce22,21eba4e14182cef9794979f9a85eb20e,2018-01-26 09:12:36,2018-01-26 09:19:25,2018-02-09,0,sao bernardo do campo,SP,31.0,7.78,1.0,1.0,800.0,30.0,30.0,30.0,27000.0
7d2d231c0b3abb985ed020ffa3acf300,ef239d35ce43ebac174ad5c581b03ae4,2018-03-02 21:40:30,2018-03-02 22:55:34,2018-03-23,1,teresopolis,RJ,60.0,16.18,1.0,1.0,875.0,23.0,17.0,17.0,6647.0
87ee8793eb513dbe9a44ddf71529a8e6,01a9cf1ab208a3ce5a4cbf6d5877bf49,2018-03-30 20:08:28,2018-03-30 20:27:40,2018-04-12,0,cotia,SP,159.0,16.02,1.0,1.0,2750.0,50.0,50.0,16.0,40000.0
c7da1b57f7d2251252370bc7d94168fe,b8758ed99c2b800a287f19fb1a3ea52c,2017-01-27 21:27:17,2017-01-28 02:32:16,2017-03-15,0,pindare mirim,MA,18.0,20.0,1.0,1.0,150.0,16.0,4.0,16.0,1024.0
bdaa94a07026daf1f4f152151b223588,6c0884dc74447fe375a964ce086d614a,2017-10-09 06:44:51,2017-10-09 07:20:15,2017-11-03,0,londrina,PR,149.99,18.3,1.0,1.0,1050.0,36.0,24.0,22.0,19008.0
c66aaca1cdf9bf8776f676b7398f8feb,fa087843ff42cf337317d1f3f62fb18b,2018-01-27 10:40:48,2018-01-27 10:55:07,2018-02-20,0,sao paulo,SP,199.0,12.89,1.0,1.0,4050.0,17.0,11.0,13.0,2431.0
4d04e8e9cb2a2dacee258022e86cc1ec,17f213c0ec73d313a15ffd954cab9a5c,2018-01-16 14:17:15,2018-01-18 02:12:50,2018-02-07,0,rio de janeiro,RJ,98.99,21.18,1.0,1.0,1250.0,35.0,20.0,30.0,21000.0
f47f217e6978ad1f6991ec7d9444b0eb,31368b408d16b4b87746e04755b8b870,2017-01-31 19:17:03,2017-02-02 02:50:35,2017-02-27,0,taubate,SP,109.8,29.1,2.0,1.0,475.0,23.5,46.0,33.0,35673.0
9def7a5fa150d19b1aaa252828db8df9,9302b40e3cbf7c43daae0cf4bf7e8895,2017-04-04 22:33:07,2017-04-04 22:45:14,2017-05-08,0,pedro leopoldo,MG,52.0,29.04,2.0,1.0,375.0,26.5,5.0,15.5,2053.75
56e7dc50531017cea79acb3edf5a9173,11f312ef72bdca82219eca082d2cff92,2017-12-26 13:20:13,2017-12-27 04:10:41,2018-01-23,0,barbacena,MG,75.0,21.02,1.0,1.0,2600.0,50.0,10.0,30.0,15000.0
4b505f3faa7d72b24398e54db4b0469b,847269205bef9d0bb2af058e64d6d75b,2018-01-17 14:24:15,2018-01-19 02:38:40,2018-02-21,0,joao alfredo,PE,29.5,32.8,1.0,1.0,1867.0,36.0,6.0,36.0,7776.0
12be0a0f242d89cc02773e057c2f7f0a,1b395661662ae598efa04e058294bd16,2017-02-15 22:32:29,2017-02-15 22:45:10,2017-03-16,0,paraguacu paulista,SP,100.0,13.28,1.0,1.0,700.0,35.0,15.0,26.0,13650.0
9d578363f05f0a4f13c35ca532f88192,24d945b1286e8a0d63718f7e90c272df,2018-02-16 12:56:13,2018-02-16 13:35:31,2018-03-16,1,natal,RN,229.99,31.02,1.0,1.0,2150.0,42.0,25.0,15.0,15750.0
089e38da3f1d828e95e2117ba84af02d,a262ff96bd2edd5049f3e9a759232fe4,2018-02-28 14:23:31,2018-02-28 14:35:42,2018-04-10,0,pocos de caldas,MG,149.9,20.29,1.0,1.0,1550.0,40.0,20.0,20.0,16000.0
a8c4fcc8e48fe5abc8a3ff717cae70f0,07e6bfcde64d35a92aeea73af4a36411,2018-03-31 14:44:43,2018-03-31 14:55:19,2018-04-12,0,rio claro,SP,285.0,33.87,1.0,1.0,4250.0,50.0,14.0,70.0,49000.0
e0ba857017cfa40b224928b7534b6298,ad396c3affc7d4d16f45dd6d39137080,2018-04-09 16:57:00,2018-04-11 06:10:25,2018-05-14,0,santa cruz do sul,RS,597.0,39.31,1.0,1.0,6750.0,26.0,55.0,26.0,37180.0
33ca67f12b946d8830eb3805cc63761b,18e8c826c91f467ecc07f9e1447b8860,2017-08-21 13:10:55,2017-08-21 13:25:11,2017-09-15,0,sao jose dos pinhais,PR,59.9,27.8,1.0,1.0,3000.0,30.0,10.0,30.0,9000.0
e1174d9bb5f8e6dcc490106c8c6b1bd8,414ee807f9a069ff6fa70d9580089f79,2018-01-29 14:28:17,2018-01-29 14:51:15,2018-03-01,0,braco do norte,SC,99.99,16.46,1.0,1.0,900.0,16.0,23.0,16.0,5888.0
ca7af64c0e6b1a6fc563832581a7c544,895edce5f11d005be5c28f6efe45d984,2017-12-16 22:16:03,2017-12-16 22:32:29,2018-01-23,0,rio de janeiro,RJ,59.99,17.67,1.0,1.0,1600.0,32.0,12.0,30.0,11520.0
d381b82dfce3b3c57938ed35c09ce096,acf3b1b4ec4e2a6aa97acf15cfab1d5b,2017-11-30 11:04:45,2017-11-30 11:14:25,2017-12-27,0,niteroi,RJ,214.0,36.0,1.0,1.0,1300.0,26.0,26.0,20.0,13520.0
e72faf0f877e7b070bd36d848b45b9cd,b6bbcc198167f265dd1c0381aea37cc1,2017-07-24 23:18:11,2017-07-24 23:30:18,2017-08-11,0,presidente prudente,SP,49.0,11.85,1.0,1.0,250.0,16.0,2.0,11.0,352.0
e5269b1523b5dfd5eb71102c6fd3d8d9,5decf38298507f43551a5ca799ac67c4,2018-01-31 23:19:49,2018-02-01 02:10:33,2018-03-09,0,recife,PE,79.98,51.26,1.0,1.0,350.0,25.0,8.0,19.0,3800.0
26bcc6734abd841f5e3d6244bf0dbacb,bec1251276f3b4e0da3595cd587f7a92,2018-03-22 14:59:06,2018-03-22 15:15:40,2018-04-18,0,santo antonio de jesus,BA,278.99,32.6,1.0,1.0,1758.0,35.0,25.0,25.0,21875.0
8db75604855db18d2672d5697268938c,f7c17f006f58342e6eb4afa6d076037f,2018-01-06 01:28:12,2018-01-06 01:38:22,2018-02-05,0,sao paulo,SP,89.0,13.64,1.0,1.0,7000.0,60.0,20.0,30.0,36000.0
b711b5dd3754e257032e9ecb01f70168,b9eb6b78f19bc70a6f4cd538aac606c0,2018-03-19 14:06:29,2018-03-19 14:29:40,2018-04-09,0,general salgado,SP,39.9,14.44,1.0,1.0,1000.0,33.0,15.0,30.0,14850.0
6eb0408a126523fa821e4b54911c630f,1921bb5b1168e57bec4df798ff60f33d,2018-01-23 10:43:23,2018-01-25 02:38:30,2018-02-20,0,vitoria,ES,450.0,17.9,1.0,1.0,1075.0,18.0,8.0,12.0,1728.0
eca263405c1efe4ad165ef533868620f,b433290fdbd7a32a08cc233d445c4692,2017-08-11 21:08:04,2017-08-11 21:50:15,2017-09-06,0,porto alegre,RS,118.99,17.08,1.0,1.0,1600.0,42.0,25.0,15.0,15750.0
af8b2f03e1bfa7e0b86ed73ac5653938,c12aaf461cee6eef95b7ebe50a7a93cf,2017-11-07 09:52:20,2017-11-07 10:06:42,2017-12-07,0,salinas,MG,74.9,19.76,1.0,1.0,1150.0,35.0,15.0,15.0,7875.0
b71ae2d7677a2cb21e4d19ac1141e7b3,f8973afdc844e2b56c90aa9a714d6956,2018-04-02 16:09:38,2018-04-02 16:31:01,2018-04-23,0,sao mateus,ES,69.9,19.46,1.0,1.0,1075.0,22.0,23.0,22.0,11132.0
34933c9ece23c40d4591be765e2b7f27,43e812d46063b9ec7d048031c9722c78,2018-03-04 19:19:26,2018-03-04 20:00:26,2018-04-02,1,santa rita do sapucai,MG,146.9,33.9,2.0,1.0,128.5,17.5,13.0,13.5,3071.25
7de22a4935b90873ea2bde9e05fef9f2,a07ad7b210c0679a3f6f399d7be81647,2018-02-10 22:28:49,2018-02-10 23:35:35,2018-03-09,0,senador modestino goncalves,MG,59.33,17.67,1.0,1.0,1000.0,31.0,11.0,26.0,8866.0
9b1d71b20edcf15ab15e0bb4a932f23f,7343c19728d9499883e74b93863dcefd,2017-09-10 09:14:32,2017-09-11 20:43:27,2017-09-29,1,brasilia,DF,79.0,16.31,1.0,1.0,675.0,22.0,9.0,16.0,3168.0
4edb04562e9ffe632e82e59f5b6fc115,a9e3f0df0bc6bc24bb620ceea2fb6b7d,2018-02-22 21:18:39,2018-02-22 21:30:29,2018-03-14,0,porteirinha,MG,29.9,12.48,1.0,1.0,150.0,16.0,5.0,11.0,880.0
ea84febf2596b3e1a6f4c7eee0f05abc,250f08b15a366c0a8cb7f4e6ba953167,2017-06-16 22:16:33,2017-06-16 22:25:20,2017-07-14,0,porto alegre,RS,299.99,16.86,1.0,1.0,1075.0,26.0,14.0,17.0,6188.0
0276bd1aea24c642af813980281af144,ad8def83f5b550a3b6e13f1ca084a6df,2017-03-28 19:34:19,2017-03-30 02:15:54,2017-05-03,0,jatoba,PE,139.0,40.48,1.0,1.0,5417.0,47.0,44.0,44.0,90992.0
4660bb9edc05ee0d35c8aeaa896f3300,07b7a2a5a3ebe3920967901fd96c0a5f,2017-11-13 12:05:59,2017-11-13 12:15:46,2017-11-27,0,sao bernardo do campo,SP,166.99,13.72,1.0,1.0,2425.0,29.0,30.0,19.0,16530.0
25133adfabbfa91f52ed184519933c11,8fbbac627bea0879f8e10689ccc2993a,2017-07-10 14:55:01,2017-07-12 02:15:35,2017-08-01,0,paranagua,PR,25.9,15.1,1.0,1.0,150.0,16.0,16.0,11.0,2816.0
807df0c56461a3ea59823e4144307dd8,c4e4beda841dae55b686660858d7d0e2,2017-07-15 00:20:17,2017-07-15 00:35:21,2017-08-16,0,paulo afonso,BA,99.0,19.93,1.0,1.0,850.0,20.0,9.0,14.0,2520.0
672ab3776d5b25e586521469609ae774,8c8b3a28c07f67148f86f297604b9875,2017-05-10 11:52:51,,2017-05-26,0,sao carlos,SP,,,,,,,,,
426613d1fcfcbb706338ad0574f870ac,967dda13a14683fe2fbcc6533e74a2c7,2017-08-09 13:44:30,2017-08-09 13:55:23,2017-08-31,0,sete lagoas,MG,94.6,16.42,1.0,1.0,1450.0,65.0,5.0,35.0,11375.0
3ed26cafd58917f71e9044701fe9e7cb,6238908ec39a972e1bb80c6fadec03fe,2017-08-31 18:54:14,2017-08-31 19:05:38,2017-09-19,0,sao paulo,SP,25.8,23.7,1.0,1.0,700.0,65.0,18.0,28.0,32760.0
efe4d1d166a22177589c829e967607bc,366aca7911ab9972f9491b316f67183a,2017-11-19 11:42:54,2017-11-19 11:55:27,2017-12-07,0,ribeirao preto,SP,20.0,11.85,1.0,1.0,200.0,20.0,17.0,22.0,7480.0
fcc99cd0e2e395ebfbc21ba1e33a178a,ec4f0c1a966fa191a5ce04755a019dfe,2017-05-21 07:57:40,2017-05-22 10:39:23,2017-06-19,0,varzea paulista,SP,229.0,17.23,1.0,1.0,1050.0,40.0,20.0,30.0,24000.0
3a221cd6b7d813e2b6cf57339f37a062,fb4d778f6b01565f209b561c9928747b,2018-02-05 20:19:14,2018-02-05 20:30:26,2018-03-08,1,brejo santo,CE,89.9,34.43,1.0,1.0,150.0,35.0,8.0,11.0,3080.0
0be7e98768e4af5d5f972b05d01a82e1,8da4a561ec4d53e218fa89fe8530d8c8,2017-11-20 12:49:26,2017-11-20 13:16:47,2017-12-15,0,alvinopolis,MG,59.9,17.99,1.0,1.0,700.0,21.0,10.0,15.0,3150.0
20b44662cba0e4e87a3d794343c1076c,7b5d53fbb685d0f2dcc5cd1e77d29972,2018-02-19 20:52:08,2018-02-19 21:26:43,2018-03-13,0,tres coracoes,MG,55.9,20.88,1.0,1.0,1500.0,40.0,15.0,32.0,19200.0
2de291f751850e8d254b73ddae39bb91,16599d79f2e23502ad2b1d5ad017eb0d,2017-07-23 16:05:18,2017-07-23 16:15:16,2017-08-18,0,brasilia,DF,49.99,14.1,1.0,1.0,1600.0,35.0,25.0,20.0,17500.0
1d41a4a86b1079c1c1c71cf212b174ea,5d91eab7464c2c96d03a84c5e5377953,2018-02-14 20:29:42,2018-02-16 07:46:59,2018-03-06,0,paranapanema,SP,105.49000000000001,26.1,2.0,2.0,712.5,26.5,21.0,21.0,11686.5
c82d05a27c07ba92d333b046a6042d32,685ee60a0c6b76661ebb35ec6a5a3a55,2017-02-12 10:01:47,2017-02-12 10:10:08,2017-03-20,0,nova serrana,MG,128.9,25.64,1.0,1.0,3110.0,33.0,24.0,43.0,34056.0
383730d8be253fb34891920a417f2861,456a071d45cbb3cc872071729ec31dd3,2017-08-01 11:12:08,2017-08-01 11:30:12,2017-08-14,0,sao paulo,SP,439.79999999999995,58.09,2.0,1.0,11850.0,62.5,24.0,45.0,67500.0
528b401a2474f3a33a3373be7a77a0cb,bc3b70c375396b2103e9a3189309a0b9,2018-04-04 14:22:03,2018-04-04 14:35:12,2018-04-27,0,itabira,MG,78.9,26.63,1.0,1.0,3550.0,100.0,20.0,30.0,60000.0
9e79ad9861f8710c1dfb684f37f418ac,434aff98d2a7b723a8275a47925d775b,2017-09-29 16:30:11,2017-09-29 16:44:19,2017-10-26,0,brasilia,DF,99.7,15.45,1.0,1.0,400.0,22.0,18.0,12.0,4752.0
036b791897847cdb8e39df7943367474,04719f10ea55e8d39bff210bea43c1a3,2017-05-10 15:34:59,2017-05-12 02:50:36,2017-05-18,0,sao paulo,SP,49.99,9.34,1.0,1.0,1300.0,50.0,30.0,30.0,45000.0
ad0e80cb90ad456f01f1533e4cdc1f0d,38a210aed00016125db0e5206d6f300f,2018-02-07 08:18:53,2018-02-08 14:10:44,2018-03-21,0,porto velho,RO,259.9,49.26,1.0,1.0,3600.0,50.0,10.0,30.0,15000.0
2f7427d25f9d7b23677de76f04079e0e,8dda47794812d6a6f2474856ca324910,2017-05-07 16:38:31,2017-05-07 16:45:20,2017-05-31,0,belo horizonte,MG,13.98,14.1,1.0,1.0,225.0,18.0,4.0,12.0,864.0
85f56614259f06af1f2d8233109511b4,ca1cdd20afd582a805c787951ba0a30a,2017-03-15 17:15:12,2017-03-15 17:15:12,2017-04-06,0,belo horizonte,MG,79.0,14.31,1.0,1.0,150.0,16.0,2.0,11.0,352.0
b76d4cfacc6733093c4f0fd3198d91b0,cc0bb28cdfe5d4b253bb404efb6477a7,2017-10-13 21:08:03,2017-10-13 21:26:11,2017-11-07,0,sao goncalo,RJ,129.0,18.15,1.0,1.0,1550.0,37.0,35.0,32.0,41440.0
632ba34265b5449d1f742d24cacf1208,c4eeb750bb290eee0933aa9f859721e9,2017-01-22 21:50:07,2017-01-22 22:21:55,2017-03-08,0,teutonia,RS,209.70000000000002,57.57000000000001,1.0,1.0,700.0,20.0,45.0,20.0,18000.0
54174fa08b3ff11848811d5d92993892,08fb48675dd414001931daa99d6e2ea2,2018-02-11 13:10:24,2018-02-11 14:07:56,2018-03-06,0,pirassununga,SP,99.0,16.32,1.0,1.0,7050.0,20.0,105.0,20.0,42000.0
ef71f6c836e32ca79a2bf9d7048ee06c,4e6fa8b8cc0033fd4dcf040a26f8c72a,2017-11-16 12:55:09,2017-11-17 03:55:38,2017-12-08,0,jaragua do sul,SC,29.9,15.1,1.0,1.0,200.0,22.0,6.0,14.0,1848.0
dbd87af377a44750880f408405a17ddb,c1d2d2ee31e141c205646299371af1e1,2017-11-24 16:37:53,2017-11-24 20:32:45,2017-12-27,0,bonito,PE,649.9,32.95,1.0,1.0,2500.0,45.0,15.0,25.0,16875.0
ccdd16bba48215215c7d17240f07eb66,fb413491947c3cdaa43ee5a05f1074fb,2017-07-18 21:16:16,2017-07-18 21:25:15,2017-08-09,0,blumenau,SC,98.0,16.45,1.0,1.0,925.0,25.0,6.0,16.0,2400.0
353c2d280644bb6bf788b0591a162373,a97737b9de902fa65599e2a440b9b8e8,2018-04-11 17:00:49,2018-04-12 07:11:55,2018-04-24,0,sorocaba,SP,54.4,8.88,1.0,1.0,800.0,38.0,38.0,22.0,31768.0
c2346355ba8062d8c308b0a82854206e,e9c6e44edf5a10160912f631fa4dda9b,2017-04-05 22:28:14,2017-04-05 22:42:43,2017-04-28,0,rio de janeiro,RJ,35.9,14.11,1.0,1.0,200.0,19.0,3.0,12.0,684.0
ce957db0e98045f489b3be23359a90f5,734ff2ae35bcb0f1318371166b54903d,2017-06-24 16:37:47,2017-06-24 16:50:22,2017-07-18,0,cachoeira paulista,SP,119.99,18.09,1.0,1.0,2150.0,41.0,10.0,35.0,14350.0
248526cd316de31c949ea70859c1a229,93ce9a6cacc23c3350af92246db9ec67,2017-11-28 12:08:52,2017-11-29 02:21:31,2017-12-22,0,brasilia,DF,83.3,21.39,1.0,1.0,9800.0,61.0,31.0,31.0,58621.0
8418eb39cd68b52032566797b8f1bd11,34a53c28f4e30da0b45e69eee581a0c6,2017-12-02 23:57:52,2017-12-03 02:31:27,2017-12-20,0,sao paulo,SP,156.0,8.84,1.0,1.0,900.0,31.0,20.0,20.0,12400.0
50a6fb3fc2465d6d820f5a569be4d566,06feba89747b8e9e2a482ca08e3b1c3b,2017-12-28 16:22:35,2017-12-28 17:29:45,2018-01-29,0,joinville,SC,12.9,15.1,1.0,1.0,175.0,22.0,13.0,17.0,4862.0
1e963f721d264f7633716e84f2554f07,3c7715574eb863d82a63267e28c264c4,2018-02-24 18:22:44,2018-02-24 18:30:32,2018-03-16,0,sorocaba,SP,9.15,11.85,1.0,1.0,100.0,17.0,3.0,12.0,612.0
1439c73f16c16e5ec78a3b2ff4e4f73e,618fcce72f4fa2a302ffb7cac06dd84c,2017-08-24 23:57:43,2017-08-25 00:15:31,2017-09-20,1,porto alegre,RS,50.0,16.6,1.0,1.0,6600.0,45.0,25.0,35.0,39375.0
d28adc2e98b0adf1d9f65347488600e7,a7e3a7783c74a7e8330b461232f99e1b,2018-03-23 18:38:45,2018-03-23 19:27:34,2018-04-13,0,ponta grossa,PR,133.6,27.02,1.0,1.0,151.0,19.0,16.0,16.0,4864.0
9387d427f564a63a5d9e87418dd48a54,35c6e01d0a534d4b583820e1c37da893,2018-02-18 12:26:53,2018-02-18 13:30:20,2018-03-12,0,belo horizonte,MG,44.99,16.11,1.0,1.0,810.0,16.0,10.0,12.0,1920.0
aa06ee45fd9abfa1aceccdf308434387,dc8dddbedf94214063c457cd4074ebba,2017-10-26 12:50:09,2017-10-26 13:07:46,2017-11-14,0,guarulhos,SP,119.8,26.88,1.0,1.0,1500.0,30.0,22.0,30.0,19800.0
cd3bbc3e4e64dc523b4c21512736e22c,038c6e4806a9d19fe170feae7825c2d6,2017-05-01 17:42:25,2017-05-01 17:55:16,2017-05-29,0,lucas do rio verde,MT,204.8,32.83,2.0,1.0,283.5,18.5,17.5,15.5,5018.125
7068aef0fc98a8ad539101be36ca41cd,58dfdab06b8627a7ae9dba05c3db2738,2018-01-08 11:55:51,2018-01-09 07:26:18,2018-02-06,0,rio de janeiro,RJ,85.0,16.84,1.0,1.0,1813.0,67.0,12.0,47.0,37788.0
5b9680f27b5067afded00b23f9cb4d61,8b20eb37b30208feef373de67fc749e0,2017-03-21 20:20:14,2017-03-21 20:20:14,2017-04-24,0,palmital de minas,MG,,,,,,,,,
a679a3450fae65339681e567b378ebc5,45e4dab8ec0beda6573700b2272cb164,2017-08-14 12:45:58,2017-08-15 12:55:19,2017-09-14,0,caceres,MT,309.9,18.61,1.0,1.0,500.0,16.0,11.0,20.0,3520.0
0236711b7bfcba7479639be980c21128,f1078903d2e4453e0d1905618174a3dc,2017-06-14 16:19:07,2017-06-14 16:31:47,2017-07-17,0,cabo frio,RJ,259.99,66.63,1.0,1.0,16650.0,63.0,61.0,24.0,92232.0
9aa3197e4887919fde0307fc23601d7a,31a4ecf0bd3ea9436b7132bac1a1bdb3,2016-10-06 13:16:56,2016-10-06 16:06:59,2016-11-28,0,sao paulo,SP,25.9,8.72,1.0,1.0,100.0,16.0,16.0,16.0,4096.0
f9701d96c7a213fc325f378bf83d3afb,2de94399dc30a8820e583410b32a9552,2017-04-08 12:53:00,2017-04-08 13:10:25,2017-05-04,0,passo fundo,RS,18.0,14.52,1.0,1.0,200.0,30.0,4.0,20.0,2400.0
9ceb39f6dd30ca18e40696a0ea01d09a,61259afc20eedac60913bc39c6d83ff6,2018-02-20 09:53:46,2018-02-20 10:07:42,2018-03-21,0,caxias do sul,RS,49.9,15.1,1.0,1.0,350.0,22.0,8.0,19.0,3344.0
640037457ab0f3f6fbfa8cd6908e74ef,04a8f68b5b040ff3e1d961c2d280d4e5,2017-11-24 01:20:00,2017-11-24 01:33:25,2017-12-14,0,colina,SP,49.0,11.85,1.0,1.0,250.0,16.0,2.0,20.0,640.0
995daf9c525344acfdbc27f4da55f205,9d802974e9903d8f288f6a7c10b4cc59,2017-12-15 00:59:42,2017-12-15 01:10:31,2018-01-17,0,salvador,BA,25.9,34.15,1.0,1.0,100.0,17.0,6.0,11.0,1122.0
fa970cce95e940c0f5adae718f25364c,53e7e398583fd2dfe791d236920eba9c,2017-10-13 12:28:50,2017-10-14 18:34:42,2017-10-25,0,cajamar,SP,147.9,15.79,1.0,1.0,7150.0,65.0,10.0,65.0,42250.0
e5d48f5d3719ee190629a850e362dc57,1670832aa0263adfa1337adf89530561,2017-12-03 20:22:53,2017-12-03 20:31:44,2017-12-20,0,campinas,SP,39.99,8.72,1.0,1.0,317.0,22.0,14.0,22.0,6776.0
d8d0488eb1aa33a391551c5bbe00e93f,7f4802bd5d7365cd23b2dab76a07fae8,2017-04-25 16:33:17,2017-04-26 09:35:18,2017-05-16,0,ribeirao preto,SP,129.99,33.19,1.0,1.0,6550.0,20.0,20.0,20.0,8000.0
4cb20b515815d480b0dccbe2fa6ea5bc,468fbf63b1c04a842cbe9d2a8e6c16d2,2018-03-11 22:23:57,2018-03-13 04:27:56,2018-03-29,0,itapevi,SP,47.59,12.79,1.0,1.0,300.0,21.0,12.0,12.0,3024.0
d233396e96f47b3dd9eeb52c797dc56d,7e811989da42b4b4a854cde88ab2d67a,2018-01-31 20:19:53,2018-02-02 02:54:20,2018-03-06,0,barbacena,MG,38.9,12.48,1.0,1.0,300.0,42.0,2.0,30.0,2520.0
387b686e67af0056a9b8784b8097808b,37e28b73bd82f4a01e05346a75f998d2,2018-02-22 16:33:54,2018-02-22 17:20:27,2018-03-08,0,guarulhos,SP,119.9,8.09,1.0,1.0,100.0,19.0,7.0,11.0,1463.0
2343d4a98379202b11d3ec66c322ab57,83a013746849c173ca9305957f463d89,2018-03-22 18:07:42,2018-03-23 02:15:43,2018-04-10,0,sao paulo,SP,33.4,12.79,1.0,1.0,253.0,16.0,11.0,13.0,2288.0
50b12be3bc56611c2bfcc398100bc07b,ecade4bf0c41319e2593fd5a10e7a5a1,2017-09-24 10:31:10,2017-09-24 11:03:36,2017-10-20,0,curvelo,MG,89.9,15.38,1.0,1.0,900.0,35.0,5.0,27.0,4725.0
f320fe2d0f359c67595c70baaf9ffdef,95d6c004d9e124fbca0876e72ca0b411,2018-02-26 19:05:37,2018-02-26 19:15:41,2018-03-26,0,porto alegre,RS,39.97,16.11,1.0,1.0,800.0,20.0,15.0,15.0,4500.0
684325e74b4d2f07cfe986595c839a38,ab7bd3a7b1ef15e64891c730082323d7,2017-08-14 15:37:22,2017-08-17 03:05:58,2017-09-05,0,patrocinio,MG,239.9,13.18,1.0,1.0,300.0,20.0,38.0,30.0,22800.0
49aa82d12066e455617693a42d2b8bb2,5c8d317f3565842d664a1a822d033123,2018-01-02 20:58:27,2018-01-02 21:15:25,2018-01-24,0,belo horizonte,MG,15.9,14.1,1.0,1.0,300.0,16.0,2.0,11.0,352.0
ba6b736a4a402bcefa049a41b3a98c55,b1c8eaee7a170ae1856abe4fdbe8091a,2018-02-16 01:32:33,2018-02-16 02:35:18,2018-03-16,0,recife,PE,176.99,29.23,1.0,1.0,2425.0,29.0,30.0,19.0,16530.0
ef1af042323731907ad5d9feea27fc61,e93744b7309b885171f62e915a68d068,2017-12-22 22:08:25,2017-12-22 22:19:34,2018-01-23,0,piracicaba,SP,329.9,83.4,1.0,1.0,19450.0,45.0,50.0,45.0,101250.0
860a85f2302ba666cd8d6a696430c97a,3dbd92855d83a915f3bbf865329003f9,2018-01-10 13:33:47,2018-01-12 02:35:42,2018-02-14,0,baixa grande do ribeiro,PI,159.99,53.48,1.0,1.0,3200.0,20.0,30.0,46.0,27600.0
cfe5cfa623b5e9cd32abf47ac65b3776,f27d38186712a26c18ddaad3f3165e42,2017-06-14 16:29:40,2017-06-14 16:42:49,2017-06-28,0,sao paulo,SP,36.0,8.72,1.0,1.0,600.0,35.0,30.0,16.0,16800.0
510c6acb378271d88724c354faf156e1,e593c28fd3bd8594f6b393bc9cda68ea,2017-10-09 07:59:22,2017-10-09 08:17:51,2017-11-08,0,mococa,SP,99.0,38.53,1.0,1.0,5950.0,20.0,20.0,20.0,8000.0
66b090d3b031a3fc0d1e296a209b0de1,e00d5aeac61cd0816aca4d448d2e212e,2017-10-09 18:43:07,2017-10-09 18:56:54,2017-11-07,0,cachoeirinha,RS,369.9,16.34,1.0,1.0,350.0,16.0,11.0,11.0,1936.0
b6dd6ea76331ce0249dae4167d1ca9d9,acec71328aabad9f4cc3476d052e7e05,2018-02-15 17:04:42,2018-02-17 03:35:56,2018-03-08,0,itaquaquecetuba,SP,28.7,14.1,1.0,1.0,250.0,25.0,17.0,19.0,8075.0
edeae57fd6bee25e030ac14863a6ae0f,019f5bb93ed18dd059051c3f81abe394,2018-03-27 18:28:20,2018-03-27 20:27:25,2018-04-12,0,sao bernardo do campo,SP,6.04,8.88,1.0,1.0,550.0,40.0,20.0,20.0,16000.0
aca16651c2ea740d8dbad0da8c5fec2d,9d954b3fec9c0d6ade375ef5716a90d7,2017-09-12 13:59:35,2017-09-12 14:15:13,2017-09-22,0,aruja,SP,19.9,8.72,1.0,1.0,543.0,21.0,23.0,21.0,10143.0
b67b036b220e4e3e118d03a1f536d10c,82c1b2573eb18c62999ae22f2b5aa95d,2018-01-12 07:12:38,2018-01-13 02:11:34,2018-02-20,0,anapolis,GO,67.06,34.27,1.0,1.0,100.0,16.0,8.0,11.0,1408.0
a87ac74e82a6dc5d976c350530f2655b,fc0882280024acdc05099f791169a939,2017-07-04 13:37:14,2017-07-04 13:45:11,2017-07-26,0,rio de janeiro,RJ,889.99,20.99,1.0,1.0,925.0,22.0,14.0,20.0,6160.0
8ab0025e639ebf540367464e1c8c8d9b,cd468aa55db7ae88a497a08f2f05bbd0,2017-03-27 21:56:21,2017-03-28 22:02:56,2017-04-27,0,potiragua,BA,50.0,41.6,1.0,1.0,275.0,18.0,4.0,12.0,864.0
ba4630480d9cb693430e8ee1e82b9c7a,d7a4e554d11cb0d1f2695ec77f8fefb8,2017-04-10 23:29:46,2017-04-10 23:42:09,2017-05-15,0,porto alegre,RS,599.0,24.01,1.0,1.0,1825.0,43.0,28.0,28.0,33712.0
3b694fa216b9963c2df0ad993a355551,d2d83da97b053656de05c3a2184666e5,2018-04-04 19:53:45,2018-04-04 20:08:46,2018-05-04,0,brasilia,DF,39.99,16.95,1.0,1.0,350.0,25.0,8.0,19.0,3800.0
41ec8df2674e2577b8efdc3f54e2b779,4b83fd2609057103e8d7604ab567c5e6,2017-12-06 22:34:32,2017-12-08 22:30:24,2018-01-10,0,abreu e lima,PE,618.0,90.95,1.0,1.0,15350.0,47.0,40.0,47.0,88360.0
40df8c3397a83c958da60d5ad1e1eb85,d4f7e997120818cc9db564b522ba2a80,2017-11-30 23:01:57,2017-12-01 10:30:54,2017-12-28,0,pocos de caldas,MG,229.9,22.1,1.0,1.0,1270.0,31.0,16.0,32.0,15872.0
e47696af59942143e9e58d36f8a036a2,4b3b94241a1988685ede1e51288b985d,2017-10-13 14:14:14,2017-10-13 14:46:26,2017-10-25,0,hortolandia,SP,649.99,13.36,1.0,1.0,400.0,19.0,9.0,15.0,2565.0
a53d587cedb15e572d3aa67984929be5,9aeef00092181c23d5caf47cab6e5f5f,2017-12-12 07:51:32,2017-12-12 10:32:32,2018-01-09,0,sao paulo,SP,11.9,15.1,1.0,1.0,200.0,35.0,2.0,25.0,1750.0
d3e3254f96576169e99f06290b8b9a07,e2ed41ef244cd9a72a748a9ddf6ff21c,2017-04-12 12:13:43,2017-04-13 13:05:08,2017-05-08,0,sao bernardo do campo,SP,18.99,14.52,1.0,1.0,200.0,18.0,4.0,13.0,936.0
82de2fedb028c674daa827d7984fea98,ebb06eadb79fd97fc9a7a77f9b29e3a3,2017-09-22 16:22:16,2017-09-22 16:35:08,2017-10-09,0,sao vicente,SP,34.99,8.72,1.0,1.0,600.0,26.0,8.0,22.0,4576.0
599b4f476f3590d89be00a727812d390,c5ceeddba5d4bb5ab641b4041f746bf5,2017-11-28 15:40:08,2017-11-28 16:03:01,2018-01-03,0,para de minas,MG,119.2,18.4,1.0,1.0,573.0,35.0,13.0,11.0,5005.0
175455df986fe6b05091b1c9506897dd,c2a29d0111d9af12100ef59be89f5a2c,2018-02-03 13:49:19,2018-02-06 04:32:49,2018-03-08,0,tijucas,SC,22.0,15.11,1.0,1.0,750.0,16.0,15.0,11.0,2640.0
9f3b6091dcf528b56e66db5dc51bd00f,388bdb0d369f29feac8efc8685c2122d,2018-03-19 21:51:41,2018-03-20 03:30:33,2018-04-10,0,aracaju,SE,129.9,25.04,1.0,1.0,750.0,16.0,9.0,12.0,1728.0
53e02bdfef30ece7b783369568037bd0,00f5111aa1572c08c765f48e20edf87b,2017-04-24 07:52:29,2017-04-26 09:38:25,2017-05-11,0,sao jose do rio preto,SP,49.9,10.96,1.0,1.0,700.0,32.0,11.0,23.0,8096.0
2def71c3b4ee133da4476d4d0ca8baa0,874dc4a508727925e855857a24f95ee5,2017-11-15 11:45:03,2017-11-15 11:56:03,2017-12-08,0,natal,RN,42.9,22.67,1.0,1.0,400.0,30.0,30.0,40.0,36000.0
4a778bf83b14e5f0f74e35bf9dea4a7c,1067b68fcbcce6d777e098d24117941e,2018-02-18 18:06:55,2018-02-18 18:26:44,2018-03-06,0,carapicuiba,SP,29.99,7.78,1.0,1.0,239.0,27.0,8.0,16.0,3456.0
62628ad72362122adab99bbe834e0d25,2194b4c1bf6a6a4c1990166e6250dcd7,2017-12-03 22:57:35,2017-12-05 04:11:57,2018-01-10,0,frederico westphalen,RS,84.99,16.35,1.0,1.0,600.0,33.0,19.0,13.0,8151.0
444a494f39275142d9c75bd7307cdde1,79144f1b9488d523464997d56bbb6463,2018-02-08 17:00:48,2018-02-09 13:56:24,2018-03-06,1,brasilia,DF,49.9,17.6,1.0,1.0,1500.0,30.0,22.0,30.0,19800.0
cbe90389edee454fc22a84aacee69e6d,eeedbeccc3682aedf564836354dcba74,2018-03-02 14:29:28,2018-03-02 14:49:43,2018-03-14,0,itapevi,SP,27.99,7.78,1.0,1.0,300.0,17.0,4.0,12.0,816.0
a6c4a396b90e2d6bbb30aec21e1c20f8,89a3b88e57194d8a072f855c6a002410,2018-03-11 14:09:35,2018-03-11 15:00:23,2018-04-02,1,uberlandia,MG,120.0,23.42,1.0,1.0,1550.0,18.0,16.0,18.0,5184.0
c69be353fa727fbeba5c4b39dfb9dbc8,51f2623fd1886cc6e5c101511c7bac6a,2018-01-05 03:30:49,2018-01-06 16:06:55,2018-02-05,0,rio de janeiro,RJ,64.99,22.77,1.0,1.0,450.0,16.0,4.0,20.0,1280.0
9a9a016a99c004915ea810b5fe0dd5f1,0759284165b6a48d477306b72b1ed8df,2017-02-10 11:18:22,2017-02-10 11:30:16,2017-03-13,0,serra dos aimores,MG,139.0,23.96,1.0,1.0,5417.0,47.0,44.0,44.0,90992.0
4d8f7c7261c4de9e113b8d390125fdcb,e5fbe24aa488ae15c28edef16efd1a4c,2017-02-26 14:14:18,2017-03-02 03:42:05,2017-03-20,0,ilha solteira,SP,6.0,10.96,1.0,1.0,300.0,16.0,12.0,20.0,3840.0
e7d3f9457c859cd5b63a25a4c2afb2e0,e65509bad7e534de9c1f202b06901672,2018-01-18 23:26:10,2018-01-26 17:03:27,2018-02-09,1,rio de janeiro,RJ,34.99,15.1,1.0,1.0,300.0,16.0,10.0,16.0,2560.0
f5d86f3c8e7c0b6594104ac90b9fffbb,cde9e63cc5a4d4ba61844463089a1fc1,2017-09-17 10:17:01,2017-09-17 10:30:10,2017-10-05,0,rio de janeiro,RJ,16.5,16.11,1.0,1.0,400.0,30.0,40.0,30.0,36000.0
cb27e0d6c6f92df591073fb6ad5ef7f0,2155e6e404e41736933c696382c1328b,2017-01-24 12:14:05,2017-01-24 12:25:26,2017-03-03,0,sao paulo,SP,149.99,15.81,1.0,1.0,1450.0,18.0,44.0,34.0,26928.0
d2fb62d4ff8956f8a837609a902cd531,84434a091beb237c00b214e254580be4,2017-07-29 17:39:20,2017-08-02 02:36:10,2017-08-25,0,lucelia,SP,33.0,13.37,1.0,1.0,9300.0,25.0,64.0,25.0,40000.0
1555d6b8d8b15b1080ee70dda21c8d02,dfda52c60be1482823570ad5721b5e27,2017-11-17 20:42:59,2017-11-22 02:56:30,2017-12-11,0,cordeiro,RJ,99.0,17.94,1.0,1.0,1550.0,44.0,14.0,34.0,20944.0
9ca84d8b801d8d14cf479b5ad04b8139,197479c6a58d8701279290ce3906b5bd,2017-07-18 13:50:29,2017-07-19 15:43:35,2017-08-04,0,curitiba,PR,229.8,25.02,2.0,1.0,1126.5,25.5,26.0,22.0,14586.0
ee038389c9f437f7c0e2d1b105a26038,5ad5c913900581e3ebd6c20ba68c5760,2017-07-02 12:03:31,2017-07-02 12:15:19,2017-07-25,0,resende,RJ,269.0,37.11,2.0,1.0,1275.0,21.0,22.5,20.0,9450.0
3d17d211984312889a4d60f359859535,758aedfa7a88fafd333878e149379e0b,2017-09-27 11:59:35,2017-09-27 12:07:26,2017-10-27,0,dracena,SP,129.9,25.75,1.0,1.0,7000.0,20.0,62.0,35.0,43400.0
dc0cc4284fe3bb5174538944222c2a88,9bb96a6ebe14411facafc8af15f47c4d,2018-03-20 17:54:20,2018-03-20 18:08:42,2018-04-10,0,campos dos goytacazes,RJ,140.0,74.71,1.0,1.0,9400.0,35.0,45.0,45.0,70875.0
c56e8d085e3e718d31e0420e0a05a5e6,1b17f53f320e5983dc5193285284d471,2017-08-14 23:14:51,2017-08-15 00:15:09,2017-08-31,0,sao bernardo do campo,SP,50.0,11.73,1.0,1.0,6600.0,45.0,25.0,35.0,39375.0
270c25da086ad763f34a2cd66c6aae7a,12a9b33607c2fec94977963045396299,2018-01-02 16:02:11,2018-01-02 16:09:11,2018-01-31,0,nova iguacu,RJ,34.99,15.11,1.0,1.0,200.0,22.0,5.0,11.0,1210.0
5c92503c98d68728d4c409d18b268c31,08a0ac1decaff11abb24f276429ee4bf,2017-11-25 11:39:25,2017-11-25 11:51:59,2017-12-12,0,sao joao de meriti,RJ,599.65,12.94,1.0,1.0,460.0,36.0,10.0,16.0,5760.0
fdeb8e2ed51d3a12a9d6c27a2f70e255,16cbc4e32c7cdb2964442a15b807711c,2018-01-21 22:20:52,2018-01-22 14:03:23,2018-02-06,0,sao paulo,SP,150.0,8.3,1.0,1.0,300.0,16.0,4.0,11.0,704.0
50cf8b336667ffa7386d24568d6716e5,3278a540e215b737e4b44a61770dbc6f,2017-07-26 08:48:03,2017-07-26 09:03:11,2017-08-18,0,eldorado,SP,19.99,11.85,1.0,1.0,100.0,20.0,15.0,15.0,4500.0
d219d37e7efeb5f720d562521eef772b,1a8634298e40d90da9a1b11d1434cf2b,2017-07-21 10:25:35,2017-07-25 03:45:20,2017-08-22,0,salvador,BA,64.9,19.69,1.0,1.0,5950.0,77.0,4.0,47.0,14476.0
b1052e92ac8aabc3374c0a9bfdd33c41,3946163f3eb34032e2d75ff2b885fb98,2017-07-28 22:01:56,2017-07-28 22:15:13,2017-08-29,0,mata grande,AL,288.66,69.62,2.0,1.0,383.0,22.5,20.5,26.0,11992.5
793fa5780240b76760e4ddac10cfe540,4e086f7e9dc0292c1e8e9e5aba786313,2017-12-08 09:35:32,2017-12-12 04:09:11,2018-01-12,0,santa cruz do sul,RS,59.0,17.66,1.0,1.0,1650.0,30.0,22.0,30.0,19800.0
a46dac4a7a15e660ad481ebac20f3d3b,2a55b31985ca766806f4be2033977429,2018-04-09 18:14:34,2018-04-13 12:34:24,2018-04-26,0,montes claros,MG,110.0,27.04,1.0,1.0,5950.0,20.0,20.0,20.0,8000.0
f0dd9d95e7d45baae0926c374e0df783,e6655eb60aefb0e8304f126c99b3eda6,2018-01-07 16:22:06,2018-01-07 16:29:25,2018-02-02,0,goiania,GO,138.0,17.22,1.0,1.0,4867.0,70.0,16.0,50.0,56000.0
a7982d7c8e5f1fde0c06a1e958487a19,5f2722a842f2c4139075f98f810e0cd5,2017-12-05 11:54:47,2017-12-05 12:08:49,2017-12-28,0,bauru,SP,91.49,13.66,1.0,1.0,2017.0,28.0,30.0,27.0,22680.0
0470834755105bf0bb1c3062a73f1d99,edf7eb0836bc6a1be99a9f8fe20ffbc7,2017-07-11 19:07:20,2017-07-12 02:10:52,2017-08-08,0,gravatai,RS,34.9,16.6,1.0,1.0,1100.0,50.0,12.0,12.0,7200.0
79ca165f6ef474ed0d3d2aee1ee1d095,e2a98952cebd52ecce28658d64153500,2017-12-16 15:51:16,2017-12-16 16:14:23,2018-01-16,0,salvador,BA,69.0,15.92,1.0,1.0,250.0,16.0,2.0,11.0,352.0
2e328ffa7af7bf06a2af0b74cfb14f64,216a6db6f1a98e8e2ba140b34bf17d8a,2018-01-09 14:27:02,2018-01-09 14:38:34,2018-01-30,0,sao paulo,SP,31.9,12.69,1.0,1.0,600.0,26.0,2.0,20.0,1040.0
8b23e4dbf00e11a4567e547b27a06715,1fda20eaf383807164578b4a45ade230,2017-03-25 13:06:49,2017-03-28 03:45:21,2017-04-18,0,nilopolis,RJ,299.0,16.26,1.0,1.0,311.0,20.0,11.0,14.0,3080.0
c86098909905caad95e52f3c49ed3b5a,ee52dae7fd06a5d6798b5cdef747edc2,2018-03-19 14:08:41,2018-03-19 14:29:38,2018-04-02,0,sao paulo,SP,58.99,11.15,1.0,1.0,200.0,22.0,10.0,18.0,3960.0
7e77eb1830c5ca91d26012b8e0fed483,d4a482cbaeecc8d8bf7c2e5d38fc5898,2017-12-15 11:24:06,2017-12-16 02:51:45,2018-01-11,1,barra mansa,RJ,143.8,31.76,1.0,1.0,5950.0,65.0,11.0,65.0,46475.0
012bea13f9a355c983efb59a3f23583a,71cd7e5e11ae80ed42c6c57ff51a347d,2017-11-24 16:17:39,2017-11-26 17:15:51,2017-12-27,0,sao vendelino,RS,21.99,15.1,1.0,1.0,100.0,16.0,11.0,9.0,1584.0
785bfd330f7cc6cfba69cf7ee360fe47,b903ffc665d9abfd2ceaa052d8da5642,2017-06-03 00:29:40,2017-06-03 01:22:42,2017-06-28,0,rio de janeiro,RJ,99.0,30.53,1.0,1.0,8325.0,43.0,14.0,33.0,19866.0
3464de846f6595e07bdee9f5a234743c,ca8cf5843bcd138bd1e81ec9f17531cf,2018-01-11 13:14:36,2018-01-11 13:28:53,2018-02-05,0,curitiba,PR,148.9,17.69,1.0,1.0,8350.0,50.0,27.0,38.0,51300.0
330003e600912f03d0036088e5eadf64,bf46f5628006409ce5740517ad6506f1,2017-05-04 10:09:36,2017-05-05 02:15:16,2017-05-29,0,rio das ostras,RJ,47.9,14.52,1.0,1.0,500.0,16.0,15.0,15.0,3600.0
cc1cc1d6081f7f07a16cc1a3e4ba0b78,7117d38240c00f27406372087b55d1fc,2017-04-23 18:13:00,2017-04-23 18:25:10,2017-05-19,0,sao paulo,SP,179.96,28.45,1.0,1.0,12675.0,48.0,49.0,40.0,94080.0
782fab126cb645c5b3a1d88c15760b03,1b14541f2e9a154f71cca55619ffc6d5,2017-11-04 09:58:43,2017-11-04 10:10:34,2017-11-24,0,monte alto,SP,59.9,13.44,1.0,1.0,1750.0,20.0,8.0,14.0,2240.0
f057e285395efbc0c032cf9e4ccfd146,a3291b519a23943f436aa7f0b31d5614,2017-10-10 19:26:34,2017-10-10 19:49:17,2017-11-03,0,colombo,PR,22.9,15.1,1.0,1.0,300.0,24.0,12.0,12.0,3456.0
2ba4074f243f2ec78961779a7c89b1c3,3e5d28a6beee2449a50a07da9866d2ba,2017-06-24 17:11:53,2017-06-27 03:45:23,2017-07-18,0,aimores,MG,99.99,17.95,1.0,1.0,4475.0,44.0,24.0,31.0,32736.0
8844bd02142a136fea55527567960615,b15ffe105402d713c35c8fc6207f9a88,2018-04-06 11:34:08,2018-04-10 03:49:46,2018-05-18,0,rio de janeiro,RJ,64.9,20.18,1.0,1.0,1100.0,45.0,10.0,15.0,6750.0
9289b2c9f04a99b28f563d5093612afe,cb5ef95029aa695df3bb2d8e454fb78d,2017-06-14 23:03:48,2017-06-17 03:44:57,2017-07-19,0,teresina,PI,44.99,21.15,1.0,1.0,550.0,40.0,10.0,16.0,6400.0
48234093c963b181210813cda29c7e2e,51d7998eb869905c8e7d8224148f7994,2018-03-15 15:56:23,2018-03-15 16:11:07,2018-04-05,0,para de minas,MG,39.99,19.32,1.0,1.0,800.0,16.0,20.0,28.0,8960.0
248f06491b94081a333b97639693e59f,e8f22ce5168c883e9fad86c1ad0be28b,2017-12-07 21:57:04,2017-12-07 22:11:07,2018-01-12,0,gravatai,RS,141.94,35.5,1.0,1.0,3008.0,32.0,45.0,32.0,46080.0
8ebae9815269538d42b9f5d1c1950ff1,bf9b3cb8ea02aeb16be6ff36ec6c42ae,2017-04-27 09:25:53,2017-04-27 09:42:40,2017-06-06,0,sapezal,MT,118.9,25.03,1.0,1.0,900.0,45.0,15.0,16.0,10800.0
c5175c4c2568fd199b71d9c2fbcafbf0,f2cb2c39dd256d43335ad9c4e0a088fe,2017-04-04 19:05:23,2017-04-05 02:35:14,2017-04-27,0,sumare,SP,15.99,14.52,1.0,1.0,200.0,19.0,9.0,12.0,2052.0
38425bf79bd7ed5a28789e2f0ff5f2a4,8f8bb0410866d416640eebf20b05a478,2017-06-09 10:11:53,2017-06-10 02:55:34,2017-07-06,0,francisco morato,SP,80.1,17.0,1.0,1.0,600.0,16.0,23.0,11.0,4048.0
758ad4ad8206be158e3d67c55c82e9d5,c7fd3571ba905f15ab33cc108103bef5,2018-01-02 13:26:14,2018-01-02 13:37:22,2018-01-26,0,patrocinio,MG,138.0,18.22,1.0,1.0,4867.0,70.0,16.0,50.0,56000.0
2a20173829ff5bd342163335865aa490,4dbd34761bb1a1eb90ea2914481604b3,2018-01-10 13:12:43,2018-01-11 02:33:27,2018-02-08,0,rio de janeiro,RJ,383.6,80.64,1.0,1.0,1950.0,85.0,9.0,20.0,15300.0
6c3682387b03809f0cdff2ef08a7cc17,a3c07a5d858fa39abbe44ca22afbaf03,2018-01-17 15:22:23,2018-01-17 15:32:56,2018-02-01,0,sao paulo,SP,149.0,8.3,1.0,1.0,350.0,16.0,4.0,11.0,704.0
c7172e1a6b8de65fbc6e9e77afda672d,b1aa70fb1fe24bb15603aba207510343,2018-02-01 17:15:54,2018-02-01 17:33:10,2018-03-02,0,igrejinha,RS,65.0,15.2,1.0,1.0,125.0,10.0,9.0,11.0,990.0
edd0bd859f89d144f0d026c2e732ccd5,c41355e54aad18c85073d0c77dbe29fc,2018-04-11 10:48:14,2018-04-11 11:10:39,2018-05-10,0,colombia,SP,139.9,18.56,1.0,1.0,10225.0,19.0,11.0,11.0,2299.0
49afe75c3c09b9e94e1456ffa5e67ff4,09ca2b8e58d607103af7401f7a3a0299,2018-01-13 11:42:12,2018-01-13 11:50:27,2018-01-30,0,jundiai,SP,21.1,9.34,1.0,1.0,1400.0,35.0,10.0,35.0,12250.0
926acb1d2439604db4c85e302ac70706,2a67ec6f5057c0733ef3944578189837,2018-01-10 17:20:01,2018-01-10 17:31:59,2018-02-08,0,rio de janeiro,RJ,248.99,60.29,1.0,1.0,18050.0,75.0,20.0,50.0,75000.0
f67fabe20644d465a18a73680bc9b341,6775f5798cafadd32fc2e3faa83124b3,2017-05-25 14:45:01,2017-05-26 06:35:22,2017-06-14,0,catanduva,SP,42.99,11.85,1.0,1.0,200.0,16.0,7.0,11.0,1232.0
c0b51ee494d2b45a141887d2d007c915,f56ff455dcbb84c71aacf57d552a4f3b,2017-06-18 07:26:55,2017-06-18 07:42:34,2017-07-11,0,muriae,MG,179.8,35.76,1.0,1.0,1500.0,40.0,25.0,20.0,20000.0
1b767ee7dada9fcf77567007fb90c2a8,e3f80f0f73a4b146a20671cbb8291ee6,2018-03-20 12:48:36,2018-03-20 13:09:46,2018-04-09,0,sao paulo,SP,380.46,32.42,1.0,1.0,150.0,16.0,13.0,11.0,2288.0
3b03215cb91b5bb4f662af34c196bb34,ee039bb5e02a2f5eab3da733e88dbec3,2017-12-16 13:56:09,2017-12-16 14:09:39,2018-01-22,0,londrina,PR,119.0,21.32,1.0,1.0,396.0,18.0,11.0,14.0,2772.0
2eaf7dfaeccf310af1144ee1fa72fe08,434578b516569304f13fbe1d24226ffc,2017-06-08 17:59:16,2017-06-08 19:03:27,2017-07-03,0,rio de janeiro,RJ,44.9,15.11,1.0,1.0,650.0,25.0,14.0,19.0,6650.0
9564dd2ea4d0f6f0f66b46258208ff73,b776843fdda066d35efda05cc6811dc9,2017-12-27 11:37:34,2017-12-27 11:49:08,2018-01-30,0,rio de janeiro,RJ,59.0,15.85,1.0,1.0,300.0,16.0,11.0,11.0,1936.0
3085f11ff3b5e4498b311733a6cbd9e2,fabc9128fc3c897d2208425e2086d3a5,2017-08-30 20:20:12,2017-08-30 20:30:09,2017-09-25,0,aracaju,SE,45.99,25.38,1.0,1.0,200.0,20.0,7.0,12.0,1680.0
df06f0bb9d267877652ac465e661b120,649f3d2112888939e5e1664cd6c4f849,2018-01-07 17:00:53,2018-01-07 17:09:26,2018-01-26,0,nova odessa,SP,238.99,10.42,1.0,1.0,500.0,20.0,10.0,17.0,3400.0
fca0397489a3333e988ec1218efe40b6,27b295de7abd15ea08c2dcaebb4a3666,2018-04-02 17:34:41,2018-04-02 17:49:08,2018-04-18,0,sao paulo,SP,89.9,21.71,1.0,1.0,2550.0,24.0,23.0,27.0,14904.0
b2d4f733ede00ab3acde121917de3df9,c1d6f0c6736f09944a5ae0ab8bb514f5,2017-11-28 15:27:09,2017-11-28 15:36:22,2017-12-27,0,aracatuba,SP,109.8,33.78,2.0,1.0,1150.0,20.0,10.5,20.0,4200.0
126dbef0d053f55ed2e3b23e88efab4b,52dd02a7f957b228e887536623fc94b6,2018-03-13 08:51:11,2018-03-13 09:08:39,2018-03-29,0,lorena,SP,19.99,12.79,1.0,1.0,300.0,25.0,10.0,25.0,6250.0
c4a1796b7d23ecebfc720e4dcd2744a2,5845a9b62ccc752c9fdfd407511f79c8,2018-02-05 09:58:29,2018-02-05 10:10:22,2018-03-08,0,vitoria,ES,69.9,25.77,1.0,1.0,167.0,21.0,13.0,12.0,3276.0
d33a9fee5f4bebef9e1b0ffaca5a33ba,92c491a4a6ac1070cb634b6fe4be1bde,2018-01-16 18:37:23,2018-01-16 18:51:04,2018-02-08,0,osasco,SP,38.0,14.1,1.0,1.0,350.0,20.0,15.0,15.0,4500.0
c0bcf2bb8a872c09da87c174a0f4e21b,28446a6a76016b89f90c4a0e29f79d56,2017-09-25 16:05:46,2017-09-25 16:15:12,2017-10-17,0,ibiuna,SP,99.98,13.04,1.0,1.0,700.0,43.0,7.0,30.0,9030.0
93b885e8ae6403b9c59c24f1cd30e1ad,1f1d262df96204aa695fa4f0075ea33c,2017-05-11 21:52:00,2017-05-11 22:05:17,2017-05-22,0,sao paulo,SP,178.5,9.44,1.0,1.0,450.0,23.0,8.0,18.0,3312.0
b7f2aa0212addcb6e1194bc50796de24,85e5ae9b7c9b84a5c2939086011e1f76,2018-04-11 11:43:45,2018-04-11 12:10:29,2018-04-24,0,curitiba,PR,37.5,17.28,1.0,1.0,850.0,40.0,5.0,11.0,2200.0
082c7986084072affce4f8c0a20a39df,709a44317585874947086347088ff28b,2018-02-28 13:15:20,2018-03-01 02:35:36,2018-03-19,1,lavras,MG,42.79,12.48,1.0,1.0,100.0,40.0,2.0,24.0,1920.0
66b93a1ec24a54f71f9577e88b61dd99,bb04c497a373589c1c05fc047c8f8388,2017-06-17 23:19:18,2017-06-17 23:30:10,2017-07-21,0,teresina,PI,241.1,50.4,1.0,1.0,7625.0,61.0,14.0,61.0,52094.0
4b7597bd96f89b605623a55db1471b1d,2573207acd565358bd39471c79676c5b,2018-03-16 16:08:04,2018-03-16 16:29:21,2018-04-09,1,vila velha,ES,149.0,18.92,1.0,1.0,300.0,16.0,4.0,20.0,1280.0
24663bb9d145c6d58d207d297edafa3f,027590bb7df3dde4fa756d6e9e65bbed,2017-08-14 22:51:13,2017-08-14 23:50:13,2017-09-05,0,jequitinhonha,MG,127.9,15.65,1.0,1.0,350.0,19.0,19.0,13.0,4693.0
1edf3cfb4e85e8094a0a1f4cef3f6215,34013e6172fdd3af23275163a583bd8f,2017-11-25 11:17:19,2017-11-25 11:34:29,2017-12-18,1,sao joao de meriti,RJ,82.0,14.32,1.0,1.0,400.0,21.0,14.0,15.0,4410.0
acb5e6e3b0509b7c723191b53fb9c949,05fad8ded5955e224532ba145c688931,2017-05-19 15:18:52,2017-05-19 15:35:16,2017-06-12,0,belo horizonte,MG,39.99,14.1,1.0,1.0,450.0,30.0,10.0,25.0,7500.0
b3e2b81932a8bc32dfffd128937c3c5e,cb633030180d869d7bb76aa783a78b6d,2017-07-04 23:29:52,2017-07-05 17:36:19,2017-07-18,0,sao paulo,SP,205.0,15.04,1.0,1.0,3300.0,60.0,18.0,50.0,54000.0
d237eb0a6caf6cc0d9cf5ba7a815c077,115847c3660c596c1bc526c4fd0c5b7c,2018-01-10 15:54:50,2018-01-10 16:10:08,2018-02-09,0,rio de janeiro,RJ,599.0,55.41,1.0,1.0,13700.0,27.0,50.0,53.0,71550.0
6eec08eba397611760a7ccd3cd4aa98b,c142fd8186cfdd8c1ef9957f24a419fe,2017-09-06 09:58:22,2017-09-07 10:34:36,2017-09-19,0,sao paulo,SP,25.0,7.78,1.0,1.0,200.0,16.0,5.0,20.0,1600.0
4e0ca3ddec6976623213dab02333d917,e0df7f269b8ed0e7400dfa99dae746ac,2018-01-15 01:47:25,2018-01-16 03:34:38,2018-01-30,0,sao paulo,SP,22.9,8.27,1.0,1.0,300.0,18.0,7.0,12.0,1512.0
d7b2dfe2f90e681bda0dbd07f3f35e86,dcf35909bd6d59358d82224a65e18524,2018-03-21 12:06:50,2018-03-21 12:15:28,2018-04-18,0,foz do iguacu,PR,215.0,27.59,1.0,1.0,4650.0,37.0,20.0,34.0,25160.0
c8332aa7a15349000b30b596b50a98f4,6ce8e8da73c3e1e90fc5d03e68a41013,2017-02-25 10:11:17,2017-02-25 10:25:11,2017-03-20,0,pereira barreto,SP,249.9,13.14,1.0,1.0,3100.0,30.0,30.0,30.0,27000.0
38e3895efc70d2d46a3b967b8781368a,ca1a7da184d06f128df4600dd61381e0,2017-05-01 15:51:51,2017-05-01 16:02:15,2017-05-26,0,teresopolis,RJ,89.9,14.8,1.0,1.0,1383.0,50.0,10.0,40.0,20000.0
dcefbcc0abf928c96a94c20fdae4e85d,e42c9ae9146df4772428a04c0a3f5068,2017-02-07 14:17:43,2017-02-08 03:10:16,2017-03-06,0,rio de janeiro,RJ,149.9,15.22,1.0,1.0,200.0,17.0,4.0,13.0,884.0
5f9b8704ad096052823d6e006cf03443,9435f264913e96d69160e6f90380c851,2017-08-16 04:14:00,2017-08-17 04:10:06,2017-08-30,0,sao paulo,SP,47.8,18.68,1.0,1.0,553.0,18.0,9.0,15.0,2430.0
f18f555bdd4c33bcebaa68a9d6c91980,483d9226608f90c18049efd44ecbc7b6,2018-03-29 16:10:08,2018-03-29 16:35:17,2018-04-20,1,colatina,ES,173.0,19.09,1.0,1.0,6663.0,17.0,11.0,13.0,2431.0
8774dccac317f54e3e9b3c6096a9b2c6,e683a3466324913040a473c89d2395ed,2017-10-24 13:27:07,2017-10-25 06:28:11,2017-11-14,0,brasilia,DF,223.64,16.32,1.0,1.0,500.0,17.0,25.0,17.0,7225.0
657d6c967a9b233cc5213fdc0434d8b2,21158ecbcab099b4dfa5f3d5a1940e37,2018-01-16 13:35:26,2018-01-16 13:50:56,2018-02-07,1,paulinia,SP,252.0,15.51,1.0,1.0,300.0,20.0,10.0,15.0,3000.0
e706d614326b76f48f24d82f86c0b2ed,6fd87c3e71f1826c38e560951b6f459c,2017-02-14 18:12:12,2017-02-14 18:25:13,2017-03-23,0,peruibe,SP,439.8,33.3,1.0,1.0,2600.0,46.0,8.0,38.0,13984.0
66aac47537a2b6a195103fcd5690996d,5692183efd941e64a6d688e5130545b9,2018-01-08 12:54:10,2018-01-08 13:04:27,2018-02-05,0,barbacena,MG,119.0,16.59,1.0,1.0,900.0,38.0,30.0,28.0,31920.0
c07db2ecf8530bd60659764d866467cf,bb0687468b15b7fd6385704a051bb6aa,2017-03-10 12:10:11,2017-03-10 12:10:11,2017-03-31,0,monte alegre de minas,MG,17.9,20.43,1.0,1.0,2400.0,31.0,7.0,22.0,4774.0
401490e646c3921eba7ae1d74f650c29,3ef7cb9f2abf21e315cfbd4b1e58279d,2018-01-29 16:16:46,2018-01-29 16:37:01,2018-03-02,0,canoas,RS,51.9,15.11,1.0,1.0,100.0,24.0,2.0,17.0,816.0
af264f3527e94e431f0dcd56cd6b406d,8118922685d2e2c0205f060be4f2579c,2017-07-12 14:49:11,2017-07-12 15:04:10,2017-08-11,0,porto seguro,BA,,,,,,,,,
5a8a4dc28b16fb90469ad749f9535773,c0c8b8bb055100a0cc08dcc04d847ac9,2018-03-13 10:58:09,2018-03-14 03:08:35,2018-03-23,0,taboao da serra,SP,298.0,23.34,1.0,1.0,1700.0,30.0,5.0,30.0,4500.0
e9c638926bb5ae1721803a4947acd5dc,9797bed4994ab39ad940b6e7b0c67536,2017-07-06 01:37:52,2017-07-06 01:45:11,2017-07-28,0,arrozal,RJ,395.0,20.02,1.0,1.0,600.0,22.0,6.0,20.0,2640.0
f3b96845efd71daecf6b331fb3a9f537,6f92779347724b67e44e3224f3b4cffd,2017-11-26 20:59:24,2017-11-27 09:16:13,2017-12-18,0,sao roque,SP,49.0,13.44,1.0,1.0,1750.0,37.0,22.0,40.0,32560.0
ee7f4e0a5223e51719a98941129bbc24,fd8c1c13c5a8e810e542362ffe896cb0,2017-02-09 14:18:34,2017-02-09 14:30:15,2017-03-22,0,sao paulo,SP,20.99,14.52,1.0,1.0,1700.0,23.0,7.0,23.0,3703.0
75b01078ad5e499d81b6b0f33cfbbf66,08e5b7d999d037498bb7f2b3ffa1ef68,2017-12-25 12:34:48,2017-12-25 12:48:47,2018-01-26,0,brasilia,DF,170.91,48.480000000000004,1.0,1.0,750.0,16.0,12.0,15.0,2880.0
544a728e60ca6b18d9ed5fa2c87d223d,b1fc82d6dc640f992f317c0aa3c250af,2018-04-05 21:06:15,2018-04-05 21:29:06,2018-05-03,0,itabirito,MG,99.99,23.28,1.0,1.0,1900.0,42.0,25.0,15.0,15750.0
bddff2883414dd312ae50df08beceb22,bb7b4c45c021cdb9219306f8182506ca,2018-01-13 20:12:58,2018-01-13 21:11:26,2018-02-07,0,campinas,SP,119.0,15.59,1.0,1.0,1400.0,69.0,11.0,11.0,8349.0
213b90d88023016a64a20f6f19d2aac7,438494eb27072923f90611c1a83f9a41,2018-01-18 19:47:51,2018-01-18 19:55:22,2018-02-02,0,sao paulo,SP,159.0,16.82,1.0,1.0,2750.0,50.0,50.0,16.0,40000.0
cf1d3b9884aa522eaff20488d9b1a1d9,b5e3a1b21d46d53d2ceb0c6c00127ffa,2017-06-09 15:41:31,2017-06-09 15:50:23,2017-06-30,0,carapicuiba,SP,48.9,12.69,1.0,1.0,900.0,28.0,5.0,20.0,2800.0
34b3d6f518fb789c443e4ec00f9bb0ce,0340b2de09f18a986fea9f26cc7b2d9c,2017-05-25 13:07:50,2017-05-25 13:22:31,2017-06-19,0,virginopolis,MG,267.0,88.10000000000001,1.0,1.0,1000.0,29.0,18.0,13.0,6786.0
5daf14428a3c29d9dd22f97b7d5b3230,1809b56e12fc169272b817677c509ddf,2018-01-21 20:33:38,2018-01-22 13:58:45,2018-02-22,1,tubarao,SC,54.9,17.63,1.0,1.0,1063.0,26.0,25.0,20.0,13000.0
639b603f09b7050c96e56cd03703437b,e4e7850c6c310f0ae9d0abbe26b075e3,2017-05-01 15:01:03,2017-05-01 15:15:16,2017-05-23,0,praia grande,SP,10.99,10.96,1.0,1.0,100.0,80.0,10.0,60.0,48000.0
14269dc23af0716ff6fb47c4ee069d76,3341be95ea1ab09188c5f09f685ca08c,2018-03-17 09:21:42,2018-03-17 09:30:34,2018-03-29,0,osasco,SP,144.99,11.64,1.0,1.0,1050.0,36.0,24.0,22.0,19008.0
113a61c584df74eef5d2f6e449d2890e,45c3116824672fd443b1f5d6dcb299cd,2017-11-23 18:39:31,2017-11-23 18:50:41,2017-12-20,0,novo hamburgo,RS,19.9,14.1,1.0,1.0,167.0,16.0,4.0,11.0,704.0
958e0d4145c40f4951c1bf4d2cf1166a,449ab05f99d6b258c918225bf682d6bd,2017-06-01 22:12:30,2017-06-01 22:25:10,2017-06-22,0,sao paulo,SP,109.9,13.11,1.0,1.0,800.0,21.0,34.0,34.0,24276.0
d3d8ef2ce0a669dfc3302b606f979f6c,a56a8e003616609644d50ff6268bccdd,2017-11-06 17:00:15,2017-11-08 03:26:34,2017-12-12,0,timbauba,PE,39.99,37.49,1.0,1.0,5275.0,37.0,41.0,37.0,56129.0
97b2cbab1ec29ebc9b1d9b113a4b7a2b,3a51cf54ce9a78a361281fba4379da45,2017-11-24 01:19:12,2017-11-24 01:33:23,2017-12-14,0,taubate,SP,24.9,11.85,1.0,1.0,550.0,20.0,35.0,20.0,14000.0
fb2396a74aaecef7121159fc69a5a7d9,6bd987d89796d42d17d1581c76f3edb6,2017-12-03 15:58:51,2017-12-03 16:13:54,2018-01-04,1,curvelo,MG,229.0,16.35,1.0,1.0,263.0,17.0,12.0,13.0,2652.0
ada48b7ce9fee2a62cd265bd45a9c97b,64ded60f3124e272f4403c9fe551de28,2017-05-28 23:22:32,2017-05-28 23:35:16,2017-06-23,1,campos belos,GO,139.9,30.02,1.0,1.0,6200.0,55.0,14.0,47.0,36190.0
2e454cf4f81bec04aa0e7192f8252790,56773a777067538c970700067f44a2a4,2017-03-13 08:27:01,2017-03-13 08:27:01,2017-04-10,0,caxias do sul,RS,34.9,16.05,1.0,1.0,800.0,30.0,10.0,30.0,9000.0
67730eb2f9468b8c6eb20a45dd477bbd,1d2a30627555e9f9e4948031b23ae4c7,2017-05-07 19:13:36,2017-05-07 19:25:07,2017-05-31,0,contagem,MG,26.9,15.11,1.0,1.0,950.0,31.0,4.0,23.0,2852.0
f9d2e3d2cc060d2d5fbbaef4fba580b1,2894210d5aba1fcc839762cf289cc56a,2018-04-09 17:36:04,2018-04-09 17:51:26,2018-05-02,1,fortaleza,CE,14.99,19.04,1.0,1.0,150.0,22.0,11.0,16.0,3872.0
598e800e9ad9acb037af33b097ae436d,f70af1a55bb443930f41137eeaee382e,2018-03-18 16:02:06,2018-03-18 16:28:15,2018-04-16,0,alegrete do piaui,PI,149.9,23.98,1.0,1.0,533.0,22.0,11.0,20.0,4840.0
7681bce993e841ae140c728b7c8f1b9c,63acf8de888f1bd3574cf7432ff0312d,2018-02-02 03:42:48,2018-02-03 03:50:21,2018-03-07,0,recife,PE,72.0,17.78,1.0,1.0,200.0,16.0,2.0,11.0,352.0
49c6bde44b077f985f0e3647916b6329,a12365591fbc4f0ad1deaec3bef23605,2018-02-10 21:03:56,2018-02-10 21:35:27,2018-03-09,0,cascavel,PR,359.99,68.26,1.0,1.0,30000.0,97.0,40.0,42.0,162960.0
77398a0f3a4c177f2c4c7010abb1d9d9,b04d5cda4ed1c2a60d127893d557b222,2017-07-16 12:04:19,2017-07-18 06:05:44,2017-08-04,0,vinhedo,SP,438.0,26.89,2.0,1.0,1250.0,59.0,7.0,12.0,4956.0
12e8c054bdee17bfc0fd3d92d8cbda10,464475d49052b9317bf74a4d8428466c,2017-10-16 01:21:34,2017-10-16 01:35:10,2017-11-07,0,curitiba,PR,72.9,16.27,1.0,1.0,400.0,70.0,10.0,20.0,14000.0
ee7f3ec19dc1fa90d0ee6316dffbfab9,069cc8646fca6d760e049d8a4bc0c334,2017-09-21 21:50:37,2017-09-21 22:46:53,2017-10-13,0,sao paulo,SP,47.0,11.85,1.0,1.0,250.0,24.0,26.0,11.0,6864.0
44437f0cd12aae191555f66ce8dc2d5f,a35ef33a28a474a499c0452e297e3b4c,2017-10-21 15:07:40,2017-10-21 15:21:21,2017-11-16,0,sao paulo,SP,87.8,34.41,1.0,1.0,150.0,17.0,5.0,19.0,1615.0
846ddcf1c6b8e75dc7639b3ba919937c,45067e8e59e7901213581b2ca0cee6b7,2017-10-14 09:31:00,2017-10-14 09:45:14,2017-11-08,0,sao goncalo,RJ,88.0,17.87,1.0,1.0,2100.0,23.0,40.0,16.0,14720.0
9d8b9a9cc92d7f5e907cf13a99a705e9,3a27d6401473a9ff4ab309448702d4f3,2017-04-08 21:07:21,2017-04-11 03:55:31,2017-05-04,0,rio piracicaba,MG,277.85,17.15,1.0,1.0,300.0,19.0,9.0,15.0,2565.0
e01d0329ac61c8582a1c115d9af33530,711db73575cd5b4fe3b548c21fe53d46,2018-03-05 11:23:21,2018-03-05 12:00:34,2018-03-26,0,sao jose dos campos,SP,89.7,16.39,1.0,1.0,700.0,24.0,20.0,24.0,11520.0
884199734cfb1a00ae1fd610a03e8a4e,fad867ccc296df4399f09533c10bb693,2018-03-12 12:35:35,2018-03-12 14:08:39,2018-03-29,0,osasco,SP,64.9,20.18,1.0,1.0,1250.0,45.0,10.0,15.0,6750.0
97a1a97ba78cf7a92dcd42d2d9a7dd6c,9724f043fd2a731796ad831fdc95471c,2018-03-21 12:59:12,2018-03-21 13:10:33,2018-04-04,1,ribeirao preto,SP,34.9,7.87,1.0,1.0,300.0,19.0,12.0,16.0,3648.0
83e9b645bb34b16b05add091d031f417,77f030ba93444a3241b1ead8a9a0dd30,2017-12-28 13:09:57,2017-12-28 13:31:13,2018-02-01,0,salvador,BA,199.0,43.8,1.0,1.0,1900.0,90.0,14.0,18.0,22680.0
cfc586211a3ab93809e258acf7eaf737,37b4b98de348ee99450bbebe89300c28,2017-12-12 12:10:31,2017-12-12 13:02:23,2018-01-16,0,porto alegre,RS,210.0,20.96,1.0,1.0,2600.0,18.0,40.0,13.0,9360.0
e59e6aedb9b4f115de215d276a5166cf,0555bacaf4d4560a75e796a6e2c1e00d,2018-03-04 21:03:07,2018-03-04 21:40:27,2018-03-26,0,sao paulo,SP,124.9,17.12,1.0,1.0,800.0,16.0,16.0,18.0,4608.0
2d9ea2efa410b1efd6bbd47d126819b6,3a3fc10a053a684ea7b581c82916e794,2018-02-19 00:38:22,2018-02-19 01:47:38,2018-03-12,0,rio de janeiro,RJ,82.0,16.82,1.0,1.0,850.0,16.0,32.0,16.0,8192.0
df30286452a2054192bfb48c75e6287b,e6403361fe0deb95faaf78dbe2b37d09,2018-02-25 13:32:19,2018-02-27 03:31:00,2018-03-23,1,canoas,RS,59.9,19.91,1.0,1.0,8525.0,27.0,58.0,28.0,43848.0
27d6012b882832dc9ddcf34304eeb77c,2034cc6d6d517007a9ba3e22ba643344,2017-11-11 10:44:49,2017-11-11 10:55:28,2017-11-27,0,campinas,SP,89.0,7.88,1.0,1.0,50.0,16.0,8.0,11.0,1408.0
5a9119d91afaa4185d778d886309889f,51bb6ad388ce6731e45f77e1392457d8,2017-12-26 12:11:27,2017-12-27 04:07:02,2018-01-31,0,poxoreu,MT,29.9,16.79,1.0,1.0,250.0,16.0,5.0,15.0,1200.0
af448eb4a17a94e4880096aeeb95a826,c5bcedcd6ebd2da4ac7baf7ad44a5876,2017-12-07 16:47:57,2017-12-07 16:59:22,2018-01-05,0,unai,MG,139.99,15.73,1.0,1.0,300.0,18.0,24.0,20.0,8640.0
07fc346abda30b632be799f5b4be2bd8,a1eef3423bc0e8339b67cb2208aa3f94,2017-07-17 14:04:47,2017-07-17 14:15:21,2017-08-03,0,caieiras,SP,199.97,31.7,1.0,1.0,16650.0,63.0,58.0,24.0,87696.0
5d0b508f52e300518b26bdf4807a29a6,1a9539bf502eca6d99aecfd13c7cc0a4,2017-10-04 16:29:11,2017-10-04 16:46:00,2017-11-17,0,jaru,RO,139.9,72.83,1.0,1.0,6200.0,55.0,14.0,47.0,36190.0
5ae9bb819d9fe122f095fe919a408e17,aaa3dc5798a9cbd3a1234aeae3723740,2018-02-01 09:03:00,2018-02-01 09:15:35,2018-03-05,0,turmalina,MG,58.99,17.66,1.0,1.0,200.0,22.0,10.0,18.0,3960.0
6267698d4c51c2ba30ffcea3adb00e95,8ed895f86b74bac6049066ea7a44c7c2,2017-03-30 16:07:31,2017-03-30 16:15:12,2017-04-25,0,florianopolis,SC,24.9,14.52,1.0,1.0,200.0,20.0,2.0,15.0,600.0
657b8dbc222ac9b5b61eab078c16b3c2,95ad9c9815171d2f4bc4a6267bd8b05b,2017-07-13 17:30:30,2017-07-15 03:33:15,2017-08-04,0,florianopolis,SC,12.9,15.1,1.0,1.0,150.0,18.0,12.0,15.0,3240.0
81b87cfcdcdbbb35c82e6a588b6894e5,02286830664a352f63ecd02e620fa897,2017-11-12 19:16:50,2017-11-12 19:31:00,2017-12-15,0,sao luis,MA,151.2,34.86,1.0,1.0,1600.0,25.0,9.0,18.0,4050.0
394ff86ee81814bb5f88c7e8ad2812b3,35c96160ee1db65f1cbf4fbcb6f38826,2017-11-24 19:03:25,2017-11-24 22:19:37,2017-12-08,0,guarulhos,SP,67.9,8.72,1.0,1.0,500.0,20.0,20.0,15.0,6000.0
5ff6b97d147ddae53ab72fcabecf8103,aed30fc350a9f6480062310fc0fc08e9,2017-11-30 15:54:05,2017-11-30 16:02:19,2017-12-22,0,sao paulo,SP,155.0,12.59,1.0,1.0,400.0,19.0,9.0,27.0,4617.0
4bc27c3d551e28ec80a384663cbae90e,a6ee0b99b451b3287a6042ac2b237821,2017-08-15 13:43:01,2017-08-15 14:50:12,2017-09-06,0,sao paulo,SP,14.9,12.48,1.0,1.0,133.0,19.0,13.0,14.0,3458.0
7b54f413e57e620ba1cfca072be00075,a4a5788a4c236f3ff367fdd26547577c,2017-08-30 00:24:51,2017-08-30 00:36:11,2017-09-22,0,uruacu,GO,158.0,35.6,1.0,1.0,1850.0,24.0,36.0,23.0,19872.0
d7d0eb9fb2a389917e37fc5411078df4,61f53bd3b55a43b690dde0258d8a87ae,2017-06-28 13:20:48,2017-06-28 13:30:16,2017-07-24,0,nova iguacu,RJ,76.99,15.29,1.0,1.0,1800.0,40.0,8.0,35.0,11200.0
13e3d20c254d6f982d8a1a1f57d74268,b02bb20c4a867ed23194f205619ada9e,2017-08-01 13:43:33,2017-08-01 14:03:15,2017-08-14,0,sao paulo,SP,32.0,7.78,1.0,1.0,200.0,18.0,15.0,15.0,4050.0
576668497bf1dc1ca572fcf231234444,5892707a70dea204bd5b404dbc02993d,2018-03-09 22:20:51,2018-03-09 23:00:35,2018-04-04,1,ilheus,BA,160.0,22.83,1.0,1.0,50.0,16.0,5.0,11.0,880.0
425de35c38a6fbe5030783d1ebf2b93f,d757f3fd109b21e730d6ca8c9df50908,2017-08-26 19:27:19,2017-08-26 20:00:15,2017-09-18,0,campinas,SP,219.9,58.21,1.0,1.0,11850.0,74.0,8.0,74.0,43808.0
cd1eb285c53babf41b30ec658c0bf122,6ea8b8c44170030252975e4c32c8b214,2018-04-02 17:17:33,2018-04-02 17:30:27,2018-04-24,0,belo horizonte,MG,180.0,17.8,1.0,1.0,175.0,20.0,20.0,20.0,8000.0
12404c66f4ea97b16664395ecbf61889,d91269dd81b9bce4f785fb94e5189872,2017-11-24 07:24:37,2017-11-24 07:32:24,2017-12-14,0,francisco morato,SP,49.0,13.44,1.0,1.0,1500.0,30.0,22.0,30.0,19800.0
92d8c82bf73dc132d90e6d3d176f33b4,23da49f483f692acf881d30a6f729736,2018-03-01 21:51:32,2018-03-01 22:10:28,2018-03-23,0,birigui,SP,19.9,12.48,1.0,1.0,150.0,20.0,13.0,18.0,4680.0
33711ce52ccf7b8dcb0deaf37f573d32,2378c9eb16e57f8e54b53be8009affd9,2018-01-11 19:53:38,2018-01-11 20:07:24,2018-02-05,0,passos,MG,99.0,15.44,1.0,1.0,350.0,17.0,4.0,12.0,816.0
79f5d148d1ff5ef1e6cbf9ac6d38f7dd,b8784b9b324a424247aa76e81211c4ff,2018-03-23 18:51:09,2018-03-23 19:08:11,2018-04-25,0,rio de janeiro,RJ,150.0,43.22,1.0,1.0,2550.0,30.0,35.0,30.0,31500.0
f04479bb4e07ce7b8ac1d2287b528541,cdebdd9b0e6d04c6a6c2ac526fc081e2,2017-01-29 16:00:36,2017-01-29 16:31:39,2017-03-09,1,pelotas,RS,129.99,18.0,1.0,1.0,2146.0,42.0,11.0,36.0,16632.0
0f7f3fcd5523d759e8e17084e45439d5,7e96ebdd045e73e50de71b8d1360b092,2017-07-20 19:24:24,2017-07-22 02:23:54,2017-08-23,1,apodi,RN,108.0,34.56,1.0,1.0,525.0,16.0,15.0,16.0,3840.0
c2915f1e4570dc14bb429295f925507f,7aa99a903d05793582d4b4b678f55300,2018-02-12 17:10:02,2018-02-12 17:28:24,2018-03-08,0,campinas,SP,408.0,50.42999999999999,1.0,1.0,1000.0,24.0,16.0,16.0,6144.0
a81be81673bee4a384c6b5468a606478,511ccb3aafea18b48241f081b07dbba3,2017-11-07 21:46:04,2017-11-07 21:55:36,2017-11-30,0,governador valadares,MG,689.0,22.07,1.0,1.0,710.0,19.0,13.0,14.0,3458.0
363f10f9a33417de0135b77187a5222b,aeb580cdb23cf46633b27190611d7844,2017-11-12 20:32:49,2017-11-12 20:46:22,2017-12-11,0,maringa,PR,56.97,16.16,1.0,1.0,750.0,16.0,12.0,15.0,2880.0
eec18cec4f5f09fbfb40786402695c0c,9886facc8bd2f4fd2d3cb6295c493b96,2017-08-12 20:40:18,2017-08-13 20:50:11,2017-08-25,0,sao paulo,SP,20.0,11.73,1.0,1.0,200.0,20.0,20.0,20.0,8000.0
14b4ad3f2983687b458e0118ab3c1d5c,3eb6cbde029f25aaf299368315f7c8e8,2017-06-07 23:32:10,2017-06-07 23:45:15,2017-06-30,0,presidente prudente,SP,99.7,15.45,1.0,1.0,400.0,22.0,18.0,12.0,4752.0
7dcc606b3f901994e1d223bb4d9626ed,378b0c05cdee7a4b9c41dc83b97c216c,2017-12-05 19:02:38,2017-12-06 02:50:09,2017-12-21,0,sao paulo,SP,49.99,11.73,1.0,1.0,3500.0,55.0,5.0,40.0,11000.0
a1a835a7e59148cc5f62243387eb6c14,eec24ad7a230beb6df8ef063d1df3a1c,2017-04-06 10:44:40,2017-04-06 10:55:09,2017-05-02,0,sao jose dos campos,SP,31.98,29.04,1.0,1.0,200.0,19.0,9.0,12.0,2052.0
93b78181e649b7f9afa19b6240ced12f,5c922f4fd6d3cbc3719a275f29db4e21,2017-09-14 14:08:27,2017-09-14 14:26:14,2017-09-26,0,santo andre,SP,25.99,7.78,1.0,1.0,200.0,16.0,5.0,20.0,1600.0
6e6bacc052a79d14a6e7d015188bef50,d962db498655c9a4b77db1b993f157d4,2018-02-27 17:55:16,2018-02-28 17:50:42,2018-03-22,1,brasilia,DF,499.99,22.99,1.0,1.0,7700.0,63.0,47.0,18.0,53298.0
8f3987cbcd3306eab72ae123764da5fb,ffdd933fe636d97903e7a4758faa8c6a,2017-12-02 09:06:33,2017-12-02 09:17:23,2017-12-27,0,sao paulo,SP,50.9,12.7,1.0,1.0,600.0,30.0,3.0,19.0,1710.0
d81156ef56e9f63131e4286930b47b89,19a5ca80cf395c030351690c416e5a7e,2017-12-13 19:35:35,2017-12-13 20:04:25,2018-01-16,0,santa ines,MA,159.0,34.91,1.0,1.0,300.0,16.0,2.0,11.0,352.0
c28cc812db8e9acb713843bb0470b7cf,eb172b63b901dc5dd76bbb694ce13ff4,2017-09-10 00:34:50,2017-09-10 00:50:11,2017-09-27,0,guarulhos,SP,39.9,13.37,1.0,1.0,1350.0,35.0,24.0,25.0,21000.0
a8761faebe02e29fb1af2239116807ae,146136e6e527bf71e6341397154c0777,2018-03-05 14:09:01,2018-03-06 03:55:58,2018-03-26,0,sao paulo,SP,465.0,24.09,1.0,1.0,5800.0,30.0,30.0,20.0,18000.0
6dce05516fc9a1e16b7a70e49ab656c2,e5426fc9fcee3dfa52fb048f6d0856e9,2017-05-14 11:05:08,2017-05-14 11:15:13,2017-05-24,1,campinas,SP,107.7,18.729999999999997,2.0,1.0,633.5,27.5,11.5,16.5,5218.125
82a6ea37c0c3ed2f6fe3a6029adbc589,9997d3fac97d1dd96ce13a68158e84ce,2018-03-20 11:42:25,2018-03-21 11:35:24,2018-04-18,0,marica,RJ,19.9,17.06,1.0,1.0,500.0,18.0,6.0,11.0,1188.0
2978901accabf6eef42711d8133a62f1,6248396b64eb57dc8522ecd345312daa,2017-11-23 14:31:36,2017-11-23 14:49:06,2017-12-07,0,campinas,SP,199.99,23.98,1.0,1.0,950.0,22.0,9.0,57.0,11286.0
48e816000dabe8c0fa48760793be1be1,cd5bba0660517b2afba428633d6905e6,2017-07-20 10:18:36,2017-07-20 10:30:11,2017-08-15,0,penha,SC,349.99,21.69,1.0,1.0,8100.0,30.0,36.0,46.0,49680.0
b38ee0ac5659615e52925c28caea5aec,645a10bb1d36c353ba4e1ad5999facc8,2017-06-06 22:07:02,2017-06-08 02:45:37,2017-07-05,0,itabuna,BA,31.9,16.79,1.0,1.0,250.0,41.0,2.0,29.0,2378.0
b1498d9178bbadef1684ec3c4413cd31,ffc261b1c1e12a951ee0fc9d27463d3d,2017-02-21 16:17:51,2017-02-21 16:30:12,2017-05-04,0,francisco morato,SP,58.5,11.02,1.0,1.0,250.0,18.0,9.0,14.0,2268.0
a054d68189a478a9884aef3fc2fcb6f9,4e8c561a05a9ce1de6804af430f3ea9d,2017-07-31 19:33:23,2017-07-31 19:50:08,2017-08-23,0,rio de janeiro,RJ,68.0,14.23,1.0,1.0,600.0,33.0,28.0,41.0,37884.0
5e1c7d900683c3752dcb5908d72eed78,3032b22c601697f4792cc92d2f434cc2,2018-01-22 21:07:55,2018-01-22 21:19:30,2018-02-07,0,sao paulo,SP,53.99,7.78,1.0,1.0,200.0,16.0,16.0,13.0,3328.0
eca3ad869826b027ef93cf88ec6c0e44,20f99ce26ab1dcd6954644b2d76102de,2017-03-13 17:02:01,2017-03-13 17:02:01,2017-03-30,0,sao paulo,SP,309.0,13.55,1.0,1.0,467.0,18.0,12.0,18.0,3888.0
d8dbce6a7e7afb5ee03584eea5a61779,52099923ca2008fe5dec60b1f9686326,2018-04-04 08:15:39,2018-04-04 08:30:20,2018-04-30,0,macae,RJ,59.99,19.39,1.0,1.0,7300.0,25.0,25.0,25.0,15625.0
9bed4ab223c0c29b12941aa6a1e524af,c6e9208594de0ddb9c87118e75b7363c,2017-03-11 17:05:35,2017-03-11 17:05:35,2017-04-17,0,ilheus,BA,99.0,29.62,1.0,1.0,1600.0,100.0,7.0,11.0,7700.0
89e954a7919e964597b60e9f016df7fd,c82a5e4fafdbeb34f08928ccfba27d14,2017-05-15 23:34:21,2017-05-16 19:15:11,2017-06-08,0,foz do iguacu,PR,32.64,15.1,1.0,1.0,1500.0,50.0,30.0,33.0,49500.0
233868ed9e2f9399d292289f27bc2993,70a6da4bfbfe2520b1db2523499c330b,2017-09-27 04:24:28,2017-09-27 04:49:07,2017-10-23,0,sao paulo,SP,99.9,16.46,1.0,1.0,460.0,22.0,13.0,19.0,5434.0
35db0e3e9fffd2d0187b56f434931db4,9563ec54d6b000879e4f319591d78003,2017-11-09 09:41:45,2017-11-10 09:50:25,2017-12-01,0,cariacica,ES,169.99,15.95,1.0,1.0,700.0,32.0,15.0,11.0,5280.0
6ff688a972f3aed0188ccd2e29734c9a,cb0ff3021c7b4f63e2e80cb116569537,2018-03-26 15:50:00,2018-03-26 16:08:22,2018-04-17,0,sao francisco de assis,RS,59.9,19.39,1.0,1.0,725.0,50.0,5.0,50.0,12500.0
c0a1dc99f45387972d7c24cb3ffb3727,0975cbdd343ee157b43e6104eb9fdadc,2017-06-30 14:34:45,2017-06-30 14:45:07,2017-08-03,0,ilha grande,PI,139.9,34.78,1.0,1.0,191.0,17.0,15.0,14.0,3570.0
d1846813d43b3ddbf1b6394b223a4d6c,ebdd7cfdd27befeb9dc8fdb6e639b145,2017-07-28 09:32:41,2017-07-28 09:45:09,2017-08-21,0,antonio carlos,SC,85.9,15.36,1.0,1.0,600.0,40.0,9.0,15.0,5400.0
acd5c180c2d3c364bd63013b33063120,c6689d9dd7d6f04090f33764ed5e94b0,2018-02-10 22:33:31,2018-02-10 23:48:21,2018-03-20,0,resende,RJ,69.0,16.92,1.0,1.0,550.0,16.0,16.0,11.0,2816.0
3cde8944e2cad2f0494cf3f146b4081b,26719a8eff2571760f7ea1a3640d9859,2018-03-20 20:48:34,2018-03-20 21:08:29,2018-04-13,0,toledo,PR,104.49,18.61,1.0,1.0,1075.0,21.0,15.0,15.0,4725.0
ca59a12c00e1e5fd88c42789115fb8d3,5584316b2da9c31a4896bb8a54c06fb9,2017-03-04 20:23:54,2017-03-04 20:32:47,2017-03-23,0,pirangi,SP,144.9,12.4,1.0,1.0,1100.0,20.0,25.0,25.0,12500.0
7e7a5dadf32ff1f176b693244059fb8c,7cf011f302f46ab7b5e69b6461b32d8b,2018-04-08 21:29:33,2018-04-08 21:49:35,2018-05-04,0,brumadinho,MG,83.9,16.56,1.0,1.0,350.0,43.0,16.0,27.0,18576.0
d59ff07b4c44d8924d08a48d8eba4c4c,3fd29fb920bec834ceee06e70fa9dda3,2017-12-09 21:37:24,2017-12-12 03:39:31,2018-01-04,0,sao paulo,SP,59.0,13.43,1.0,1.0,1550.0,30.0,22.0,30.0,19800.0
58535c8942c191304a6b7c1b33c33b4f,15f88a36771492e2122d4550716862ea,2017-06-10 00:43:02,2017-06-10 01:22:44,2017-07-10,0,brasilia,DF,69.0,14.23,1.0,1.0,300.0,16.0,6.0,17.0,1632.0
106bf10ecc74f90c8848d0f613288a15,7f8feff355565582f36a0a3848231245,2017-09-14 21:21:35,2017-09-14 21:30:14,2017-10-17,0,mato leitao,RS,89.0,15.37,1.0,1.0,1800.0,26.0,26.0,26.0,17576.0
d03a0b22ce2d8c97001fb537aa6340b4,18a43505c6a3ac1bab80c3ec5ff3dfba,2017-04-05 08:53:24,2017-04-07 03:10:40,2017-04-28,0,rio de janeiro,RJ,389.99,22.22,1.0,1.0,4200.0,23.0,13.0,23.0,6877.0
509e23091b0dc6edfc5fffc94dc3dd0a,32f4a031804a44cfe08b7a12db24df34,2017-10-22 19:28:07,2017-10-22 19:49:09,2017-11-17,0,elisiario,SP,49.0,15.1,1.0,1.0,3000.0,69.0,11.0,11.0,8349.0
65f0f32bf61ebe1f0fd39ef5c56a583a,3cea834e27d1758a55deea9a52e66e40,2018-01-17 10:39:45,2018-01-18 10:31:37,2018-02-14,0,rio de janeiro,RJ,299.0,24.96,1.0,1.0,3200.0,20.0,10.0,22.0,4400.0
3b47eaed57c2b8dbeef5f764194e5750,5260f456ae402e7bd7b16055e9a4214d,2018-03-01 18:52:36,2018-03-03 02:51:19,2018-03-21,0,lencois paulista,SP,750.0,43.09,1.0,1.0,9050.0,45.0,33.0,35.0,51975.0
53fcc6acefb2363ea775e316c810677b,af3dfc75878f9fd131f5cc38ac036be4,2017-08-23 09:13:07,2017-08-23 09:25:41,2017-09-13,0,sao paulo,SP,40.0,11.85,1.0,1.0,50.0,17.0,3.0,12.0,612.0
30a3bac324f40459c6d1a739bc811506,a60a9da6cce214757a5bbf389df1c45b,2017-10-17 08:28:00,2017-10-18 03:07:55,2017-11-09,0,belo horizonte,MG,,,,,,,,,
28781e0706467b15858facab8a22ba5b,ccd29dc7fdb34938b17b1edb309f4144,2017-03-08 21:48:05,2017-03-08 21:48:05,2017-04-07,0,carapicuiba,SP,66.99,17.21,1.0,1.0,1800.0,38.0,12.0,35.0,15960.0
82a9e8fe2ac3a3bba14bf07d4c56813a,a79c1acf6c236100fc4a14f67e90f69d,2017-11-05 10:58:05,2017-11-07 07:30:38,2017-11-24,0,piedade,SP,314.9,13.7,1.0,1.0,213.0,18.0,10.0,19.0,3420.0
7cb4dff15cb0bfae18db9857cf0455f4,cd9b65266e937da76d5203621315b8a8,2018-03-27 16:57:14,2018-03-27 17:11:32,2018-04-27,0,belem,PA,126.69,53.14,1.0,1.0,3600.0,60.0,12.0,30.0,21600.0
a4c0c3903b0f57f415ce5dc9d3bae784,cc24d407f07daffa567db41bad83a529,2017-08-05 13:44:23,2017-08-05 13:55:16,2017-08-18,0,barueri,SP,50.699999999999996,28.02,1.0,1.0,350.0,16.0,35.0,25.0,14000.0
d98de0b93af438f10055817e0f93787c,3aab22a2d4ac62420a0c388cc64a496b,2018-02-14 16:12:49,2018-02-15 03:51:03,2018-03-08,0,porto alegre,RS,129.0,17.15,1.0,1.0,3000.0,69.0,11.0,11.0,8349.0
e813a30360cebcbde709b43acab13bda,b682318d8a8bcef0b05be97579624d66,2018-01-25 22:09:06,2018-01-25 22:18:04,2018-02-21,1,sao jose,SC,21.9,14.1,1.0,1.0,150.0,18.0,6.0,20.0,2160.0
f7c666a64887124db742dd9a8a4e300d,d47fe71e04e3e2ef9345538a49cf9935,2018-01-08 15:15:16,2018-01-08 15:27:54,2018-01-24,0,sao paulo,SP,49.0,8.72,1.0,1.0,650.0,20.0,20.0,20.0,8000.0
956f15dfe9a7f2414a02c445fdbb865a,007b7f04a35e02745c23ea706492ca20,2017-01-21 18:37:21,2017-01-21 18:45:09,2017-03-17,0,alvinopolis,MG,59.9,17.16,1.0,1.0,1200.0,30.0,5.0,20.0,3000.0
9cfc94a00cf39aa53d8f701fade170b9,9f8d30b8c684bbe0947a28248a3887e7,2017-05-19 16:57:25,2017-05-23 03:55:23,2017-06-02,0,jundiai,SP,64.99,9.34,1.0,1.0,1300.0,25.0,15.0,14.0,5250.0
42ee4f991900767ba353278c7c4f4df3,9a29aa642b3884b48ea5a04729ae703c,2017-10-31 08:44:54,2017-10-31 09:06:19,2017-11-08,0,sao paulo,SP,139.8,9.74,1.0,1.0,400.0,16.0,16.0,16.0,4096.0
8a4d61d2b56495312a357a36c4e67d83,439a4e8a7e580a3cbfb50b4b6eb4bbfc,2017-12-19 20:18:06,2017-12-19 21:18:25,2018-01-16,0,mogi das cruzes,SP,119.0,16.46,1.0,1.0,396.0,18.0,11.0,14.0,2772.0
b9075978138552299e67a2f2c430b75b,e55227c80ca878dad86e6ab873b52f8d,2017-11-13 18:20:12,2017-11-13 18:31:07,2017-11-27,0,rio de janeiro,RJ,369.9,12.0,1.0,1.0,258.0,23.0,15.0,18.0,6210.0
b08f48a15acd7ea5c565ec963d3d1b73,bea028dd673f09d19c823b4b6a68a171,2017-05-18 17:53:34,2017-05-18 18:05:14,2017-06-19,0,aracatuba,SP,93.9,15.41,1.0,1.0,173.0,18.0,13.0,12.0,2808.0
da56812895f62c346de61efef3c1787b,48da70fef4fd152e49be10586753ca91,2017-12-08 15:56:32,2017-12-08 16:11:46,2017-12-27,0,santos,SP,29.39,7.78,1.0,1.0,314.0,21.0,12.0,20.0,5040.0
2c04e9500d7402e891b3c1213847febb,c065a8aa5e74348afd40ba9c3bbcb663,2017-12-16 23:12:12,2017-12-16 23:30:27,2018-01-05,0,sao paulo,SP,79.9,9.37,1.0,1.0,450.0,62.0,9.0,23.0,12834.0
0dd96ab2fca2927658c83b7e2e954ec9,b2f66716339acf3fd29df8cb5ad63158,2017-07-09 01:55:26,2017-07-09 02:05:22,2017-08-01,0,rio de janeiro,RJ,39.9,14.1,1.0,1.0,150.0,16.0,16.0,11.0,2816.0
bcfacaaecd67dc247a67377e23b348ae,0a88dbb52560ef62331305c8c92488b8,2018-02-04 12:49:51,2018-02-06 05:31:48,2018-03-05,0,osasco,SP,98.0,13.03,1.0,1.0,550.0,34.0,6.0,23.0,4692.0
bb7c5cf4dff9994daeab7c8ee9d287aa,9a4900710ff76d73cb3a0d152e73adf0,2018-03-01 22:14:26,2018-03-02 22:08:51,2018-03-26,0,uruguaiana,RS,535.9,18.5,1.0,1.0,593.0,30.0,13.0,16.0,6240.0
3e927dfcc405632ef96885c77e6e5d83,2ae858711010fa5c644f51532b9d4fb4,2017-10-10 17:15:26,2017-10-10 17:35:42,2017-10-27,0,santo andre,SP,239.99,17.93,1.0,1.0,5350.0,20.0,42.0,38.0,31920.0
f88fc67d4fe4e1a6d2865c88c5c36bf1,ece5ebf2a90d7b60b214ec8b666f2961,2017-10-21 09:55:35,2017-10-24 03:35:22,2017-11-10,0,nilopolis,RJ,13.99,14.1,1.0,1.0,50.0,16.0,5.0,11.0,880.0
a212cde404c8177ad20508a28c282082,29461056d55b904562da2d9698e6a923,2017-11-16 13:20:26,2017-11-16 13:50:04,2017-12-12,0,marmeleiro,PR,128.9,18.15,1.0,1.0,1500.0,18.0,26.0,14.0,6552.0
92c55117a3367e40dd561583a49644a5,1d939505d1db995b5d0cdfdff5606a22,2017-10-21 17:33:50,2017-10-24 03:56:30,2017-11-16,0,colatina,ES,30.21,17.6,1.0,1.0,1583.0,18.0,15.0,12.0,3240.0
9f6e9882bfa36a4ef98e3016c5e59f9f,fb2fdd6a93ddbfbb6390f556be5abc4a,2018-03-31 14:37:16,2018-04-03 05:48:59,2018-04-20,0,niteroi,RJ,48.0,17.93,1.0,1.0,9200.0,31.0,31.0,31.0,29791.0
a8cd914a60edbb07a811044be6a618cd,8e2abb68f8cb495763d94b8543aff049,2017-12-17 17:51:26,2017-12-17 18:54:24,2018-01-15,0,sao luis,MA,89.99,22.95,1.0,1.0,700.0,26.0,4.0,19.0,1976.0
658af74ee0876a72f7f31e4ca631b054,f9cfb1926f6ce39e0101e813f48b4df6,2017-05-22 11:17:25,2017-05-23 11:25:13,2017-06-09,0,sao paulo,SP,499.9,14.7,1.0,1.0,1800.0,28.0,36.0,27.0,27216.0
219b8a2c642a7c314644b58fa1036c7f,630f092bb4d1938a8134f50c4bf784da,2017-11-24 20:16:44,2017-11-24 23:32:18,2017-12-15,0,muriae,MG,325.0,17.02,1.0,1.0,400.0,34.0,4.0,22.0,2992.0
017cf0b342401318dcaeb25478e13a6f,131227776a8b159a13938a0abfa95c5f,2017-12-30 02:09:39,2018-01-04 23:17:29,2018-02-01,0,sao goncalo,RJ,49.9,17.6,1.0,1.0,1650.0,30.0,22.0,30.0,19800.0
aac83029cedfde867c3b10c7762d84cd,e0914eefae8c413678da6e1c5fbb1ca2,2017-10-03 23:55:15,2017-10-04 00:07:19,2017-10-31,0,sumare,SP,99.0,34.05,1.0,1.0,6050.0,20.0,20.0,20.0,8000.0
0476f6eca64ad7ce1bef51f7308871bd,aa3e453b2894cbdf8e6c99570abc2b37,2017-03-27 10:50:53,2017-03-27 11:02:17,2017-04-19,0,almirante tamandare,PR,99.0,17.43,1.0,1.0,1600.0,20.0,15.0,20.0,6000.0
73756076fcc66ccd661bb81c5ce0c5fc,4366ad2fadfbb1f93c2b10d55d2edf81,2017-07-14 18:30:46,2017-07-14 18:43:54,2017-08-07,0,ivate,PR,34.99,15.1,1.0,1.0,400.0,16.0,16.0,16.0,4096.0
2ce6fc632ab62fcef5f2e3095db788a8,7dc7958c5f69aae36e4aefe773a5d46f,2018-01-29 14:42:57,2018-01-29 14:55:33,2018-02-26,1,rio de janeiro,RJ,49.9,16.11,1.0,1.0,5400.0,17.0,17.0,60.0,17340.0
42e69ecd0778c6ef53d99623cb1f3b9c,9ea52a177d36577d2396cad28e68a4e0,2017-04-13 19:41:54,2017-04-13 19:50:14,2017-05-09,0,brusque,SC,18.9,14.52,1.0,1.0,300.0,36.0,9.0,11.0,3564.0
a14d45b8e72c7df8d9d95f18f6f448c9,6f4511798549eb82e7ced95ae05a73c7,2018-01-09 09:11:00,2018-01-10 10:32:39,2018-01-23,0,guarulhos,SP,97.49,12.64,1.0,1.0,2017.0,28.0,30.0,27.0,22680.0
a60d97427c94f3cf9e9c338ac3e9aa14,341c4634e0f68d32b278e42dc843b433,2018-03-14 15:04:11,2018-03-16 03:50:23,2018-04-11,0,presidente epitacio,SP,139.89,34.52,1.0,1.0,4150.0,26.0,26.0,36.0,24336.0
8e1e84cffb2c5174a4d5d9026c0a5013,ef44d54e8a801a4f7b67b374e14db9fc,2017-07-23 14:41:19,2017-07-23 14:55:09,2017-08-21,0,sao paulo,SP,34.9,16.6,1.0,1.0,1000.0,50.0,12.0,12.0,7200.0
0c3e2dc4a3eeb282bd4df0b620dcff6d,3460eb5edd166a7e45eeb273fce75187,2018-01-15 10:04:39,2018-01-15 10:13:20,2018-02-05,0,sao jose do rio preto,SP,59.98,23.7,2.0,1.0,325.0,17.0,4.0,12.0,816.0
7a4a6b748b09a41902a89fbb6eb90bd8,482e69c01c05f00cef2fad4a24012024,2018-03-19 21:12:47,2018-03-19 21:28:40,2018-04-10,0,erechim,RS,59.0,18.29,1.0,1.0,167.0,16.0,10.0,17.0,2720.0
fc9d434ce58e80e3ce78dd7f69e22bd4,3195e7cebd5ed019a58e8afb23c1da69,2017-12-06 22:35:17,2017-12-06 22:49:45,2017-12-29,0,sao paulo,SP,70.97,13.52,1.0,1.0,3008.0,32.0,45.0,32.0,46080.0
cac62199ea603b63ffb529a162c596c5,0c6fd39752c6d0290341e66b6c357f3b,2017-05-22 14:33:20,2017-05-23 14:42:56,2017-07-10,0,rio maria,PA,72.9,25.79,1.0,1.0,900.0,40.0,4.0,30.0,4800.0
7893bf5e938b5606e3d38d4d778a4d1c,fcbcae9398452be8e957aecc63625444,2017-10-10 10:15:10,2017-10-10 10:36:45,2017-11-03,0,serra,ES,56.97,16.16,1.0,1.0,750.0,16.0,12.0,15.0,2880.0
d600ade4b93f1464f08161e661d9812c,424072396f8f28b7522790dda26981bb,2018-02-20 14:36:01,2018-02-22 02:10:42,2018-03-22,0,ribeirao preto,SP,84.0,12.72,1.0,1.0,180.0,17.0,10.0,13.0,2210.0
24d3148ec0762872918b6c2805afac45,aa52a4e93942568d204f25e5d3180d4e,2017-05-30 16:24:53,2017-05-30 16:43:22,2017-06-12,0,taboao da serra,SP,89.9,7.88,1.0,1.0,350.0,17.0,14.0,12.0,2856.0
d1b60751a74a563a60ea5a1ab1ac6969,9f3328357ea81872a61a105b20f2167e,2017-09-01 13:23:36,2017-09-01 13:30:18,2017-09-20,0,mogi das cruzes,SP,69.9,14.24,1.0,1.0,500.0,20.0,8.0,20.0,3200.0
8f8634cbfb1b971fbea53d83c59105b0,6208d45dfab61d93d63c82f085d7617d,2018-01-10 20:41:45,2018-01-10 20:50:39,2018-02-02,0,juiz de fora,MG,79.8,32.22,1.0,1.0,750.0,101.0,15.0,15.0,22725.0
4071fd2362f826dbb5ea79880533cccf,a4e394f0af5d9354ae5618c0507b7bb6,2017-08-20 20:29:08,2017-08-20 20:45:15,2017-09-15,0,vitoria,ES,85.0,16.35,1.0,1.0,580.0,20.0,9.0,19.0,3420.0
84351e90a3987cf17e6a6a451d7d4904,3a3b386b99c4c2dfe725a720051b4cb4,2017-07-27 13:36:32,2017-07-27 13:50:08,2017-08-11,0,sao paulo,SP,205.0,15.04,1.0,1.0,9750.0,35.0,12.0,30.0,12600.0
80b0bd0c8f8cb86ae0c2dddb11693b07,5569c91b24c912d71c6120524b91b30a,2017-08-23 13:52:54,2017-08-25 03:05:30,2017-10-13,0,barueri,SP,164.9,12.36,1.0,1.0,1550.0,37.0,23.0,35.0,29785.0
52c8fe0f0dc37807e452b5f695c2eb77,e02193584f54356ced74568c39966cdd,2017-12-14 21:08:59,2017-12-14 21:38:36,2018-01-10,0,sao sebastiao,SP,449.9,65.54,1.0,1.0,18500.0,63.0,63.0,55.0,218295.0
befae3252c7f7ffb6abdeb4d3f4eb668,873951dbadc164fa5d61eed16cf38770,2017-05-16 16:41:51,2017-05-16 16:55:19,2017-06-05,0,pirassununga,SP,159.0,14.13,1.0,1.0,2000.0,30.0,20.0,29.0,17400.0
fc62afb57b86ee5363aee2b7c04421c0,2c5fa55f96afc893b29c94255b4b7ad5,2017-12-04 10:58:22,2017-12-06 17:34:23,2018-01-09,0,brasilia,DF,89.0,17.9,1.0,1.0,100.0,20.0,2.0,25.0,1000.0
5c6d04d4860d065452c6ea2d2c82e114,37ec9c358c076750b0dac910c9d10b61,2018-03-07 22:37:13,2018-03-09 09:49:23,2018-04-03,1,taboao da serra,SP,31.9,15.23,1.0,1.0,250.0,41.0,2.0,29.0,2378.0
e8f8bd78ba485b6b2cd2d751dac28eb5,b527077fcf783cd4a721674ffb07931f,2018-03-23 22:04:37,2018-03-24 22:07:35,2018-04-17,0,brasilia,DF,1149.65,25.93,1.0,1.0,500.0,24.0,6.0,12.0,1728.0
309378cec0942c01685b652408b9aed8,c41b61f4fa5e1b61423373c084975a1c,2017-05-24 17:26:18,2017-05-24 17:35:15,2017-06-07,0,sao paulo,SP,139.0,9.79,1.0,1.0,900.0,30.0,40.0,30.0,36000.0
7ede7940d99eca2cca79e5120a63f3f3,03e1bb403bc199280f2d3338138c1e4a,2017-12-27 23:46:46,2017-12-28 23:38:20,2018-01-22,0,rio de janeiro,RJ,277.0,16.7,1.0,1.0,479.0,21.0,15.0,17.0,5355.0
6c3416485c9a6bcd0118e636c4083591,70a9efc5396b189e1992166fbe612bde,2018-04-05 20:12:22,2018-04-06 22:49:06,2018-04-23,0,presidente prudente,SP,699.0,17.33,1.0,1.0,5400.0,32.0,25.0,14.0,11200.0
bd079e124423421864694666ae29277c,82bf9449be249defb5aefcf47ab81435,2017-07-20 21:21:53,2017-07-20 21:35:11,2017-08-15,0,belo horizonte,MG,19.95,15.1,1.0,1.0,166.0,22.0,7.0,14.0,2156.0
18fee750a18a26c003132114d28aacac,e4b827f74dddb51fbccdcc061f0e100b,2018-03-21 09:06:30,2018-03-21 09:15:34,2018-04-13,0,acreuna,GO,61.45,22.14,1.0,1.0,400.0,23.0,5.0,17.0,1955.0
a6fe431baa19e8ce94388a492ac80d35,52fe8f0d46227cecc08e692dbe3c16fa,2017-11-21 18:37:11,2017-11-21 18:47:28,2017-12-01,0,sao paulo,SP,174.99,10.04,1.0,1.0,1350.0,30.0,5.0,20.0,3000.0
ca3d75df70f40faa8b83505b242d83f1,56f9cc5ad6362c75ae28d2a73c27744c,2017-07-13 11:20:15,2017-07-13 11:30:20,2017-08-07,0,rio de janeiro,RJ,30.0,15.11,1.0,1.0,800.0,34.0,15.0,38.0,19380.0
e7b90dc72945b8cb0896e981495522d1,f60a773af29509beb39ce69cacbae01d,2018-04-05 11:04:01,2018-04-05 11:28:14,2018-04-25,0,betim,MG,49.9,19.32,1.0,1.0,950.0,44.0,3.0,33.0,4356.0
6eae3cf9505d45a6663aae819a2252e9,963eb10f3b68d2d56bea152cce226f80,2018-04-03 22:50:02,2018-04-03 23:10:06,2018-04-13,0,sorocaba,SP,13.65,7.39,1.0,1.0,200.0,25.0,7.0,16.0,2800.0
c42c77adb71ee6c1ca91e61888a18932,f5ca65d1ad6deb11a9c5c37d948093e9,2018-02-24 17:48:04,2018-02-24 18:20:19,2018-03-23,1,ipatinga,MG,149.9,17.49,1.0,1.0,200.0,21.0,14.0,15.0,4410.0
25ce3a22fa2537206c22c8bef4f9b593,c2dcd18bfda62523dbd2c53ead8b5fe8,2018-03-19 20:50:39,2018-03-19 21:09:12,2018-04-11,0,sao paulo,SP,88.0,13.74,1.0,1.0,207.0,19.0,11.0,14.0,2926.0
c05e7a155611cc12aedafb3d0440f105,41cc3a16d47aaeb0d57a061c5236a713,2017-05-24 13:49:56,2017-05-24 14:02:43,2017-06-28,0,fortaleza,CE,239.9,18.96,1.0,1.0,450.0,18.0,12.0,13.0,2808.0
dc72c2d1985b4f1380c3289d3b49be6f,15f3c00aa7fd210c009843955a9ca7cd,2017-12-20 10:24:02,2017-12-20 10:51:14,2018-01-16,1,sao joao de meriti,RJ,469.0,68.37,1.0,1.0,18700.0,22.0,20.0,23.0,10120.0
3b681dd1f8baba1507d1f484f7f289c2,d072c90b439c800b42e872641a87cc66,2017-07-08 12:26:08,2017-07-11 03:50:12,2017-07-21,0,sao paulo,SP,196.0,36.77,2.0,1.0,9700.0,40.0,40.0,30.0,48000.0
07161bfb5748163ca6d0478bda1b0a5a,863464634cc4fc94f9d67cd9da10cbfe,2017-03-31 21:18:25,2017-04-01 10:02:32,2017-04-26,0,mariana,MG,17.99,14.52,1.0,1.0,150.0,18.0,10.0,11.0,1980.0
20c93204065c1cc43ac91fe4358f8983,d53782279acdd8fad99e3908be8bbcf1,2017-04-09 15:38:44,2017-04-09 15:50:12,2017-05-08,0,sorocaba,SP,125.0,17.71,1.0,1.0,200.0,20.0,10.0,15.0,3000.0
1f5135a8f9c333ed6694338740b9fca2,58d0bd849f93e7fdc6dd79e62125e668,2018-03-07 11:05:55,2018-03-07 11:15:57,2018-03-29,0,sertaozinho,SP,115.0,18.69,1.0,1.0,450.0,20.0,20.0,20.0,8000.0
d65b5ecfd3118aed9c5a08d68ebb1406,e482270e1e3f5096fde4144bae1d5d24,2017-11-13 22:51:59,2017-11-13 23:10:57,2017-12-12,0,santo antonio de jesus,BA,199.0,35.19,1.0,1.0,600.0,16.0,11.0,17.0,2992.0
c5351b62ac42d8a63b11a24ca403a30f,0d34dca8c8a02afc52be8689c8774af6,2017-11-30 11:48:21,2017-11-30 13:31:19,2018-01-03,0,sao paulo,SP,269.70000000000005,40.95,1.0,1.0,1500.0,30.0,5.0,20.0,3000.0
6be9be082a8d228c8d43056cfce0c147,6c63c9d3fce6af66977a6d38873edcdc,2017-08-14 12:32:24,2017-08-15 13:04:18,2017-08-25,0,mogi das cruzes,SP,99.99,11.9,1.0,1.0,1200.0,42.0,25.0,15.0,15750.0
4d9fde0f41ed6d10cf0353449abf49aa,1ed0b85dac00765f5ada1d0b4d672f4a,2018-02-11 03:03:18,2018-02-11 04:29:19,2018-03-07,0,curitiba,PR,97.9,16.94,1.0,1.0,1250.0,26.0,10.0,18.0,4680.0
9b81902439f42c509c4bf03acd8fb9d4,e645a6eb0c85a032c56e3a2170f90c3f,2018-02-16 19:56:16,2018-02-20 07:27:02,2018-03-08,0,louveira,SP,49.0,11.85,1.0,1.0,250.0,18.0,3.0,28.0,1512.0
11a767668748212864dd19e283d26b1f,6c8d6291cd0519f7a3a302c10ab9a8c4,2018-01-12 14:56:47,2018-01-16 03:50:24,2018-02-06,0,borborema,SP,99.99,13.72,1.0,1.0,1200.0,42.0,25.0,15.0,15750.0
f5d98cac84d7a766c2615a4262585d81,8af1d45868d3ddb8958b01865c0cf53f,2018-03-03 20:24:33,2018-03-03 20:35:30,2018-04-02,1,sao leopoldo,RS,59.33,17.67,1.0,1.0,1000.0,31.0,11.0,26.0,8866.0
044d94a4ac73b24fe28ff5293ac35bd8,482d1baa7d2f9c4d4b54ae09215d39c8,2017-06-19 14:56:36,2017-06-20 14:50:17,2017-07-19,0,alegrete,RS,39.9,25.63,1.0,1.0,200.0,25.0,5.0,15.0,1875.0
8cb9bdee316634dca609aa8fe38e329a,d43036b76d556d450d0ffe9ba9368ee8,2017-04-29 12:50:26,2017-05-04 11:42:47,2017-06-08,0,patos,PB,476.5,27.83,1.0,1.0,750.0,30.0,30.0,30.0,27000.0
02b7cbd604df10c09427902dc682b0d3,656c63b20f75ccd37b33455ec589dc4f,2018-03-03 17:46:08,2018-03-06 03:51:07,2018-03-15,0,sorocaba,SP,35.0,13.08,1.0,1.0,1867.0,36.0,6.0,36.0,7776.0
be90f928191efcd737bf75b53a1a8374,b05b1fd9c1286fb36afa6b757c8607ba,2017-10-01 19:09:29,2017-10-02 14:07:24,2017-10-31,0,joacaba,SC,44.9,15.1,1.0,1.0,200.0,16.0,7.0,11.0,1232.0
a0fb93bd5792f18bb55f4dde921ed0cb,568b842cd1debf5c70b350e7fa0b1a1b,2017-12-27 10:25:49,2017-12-28 02:35:50,2018-01-23,0,curitiba,PR,31.49,15.1,1.0,1.0,200.0,28.0,11.0,14.0,4312.0
49db6a08de9b99d6d0237da803888c22,82d3b9013ae1ca97bd0104381fcee9de,2017-04-21 16:21:00,2017-04-21 16:35:11,2017-05-26,0,salvador,BA,19.99,20.8,1.0,1.0,100.0,20.0,15.0,15.0,4500.0
341f18e07d530efb44d8dc6753c10400,b5e8f9d5c96ed06fc4ee7132f45b45cd,2017-05-05 11:11:25,2017-05-05 11:25:11,2017-05-30,0,jandira,SP,34.76,10.96,1.0,1.0,600.0,20.0,2.0,20.0,800.0
01bbfee76e5e3f96f008c781c2c17bcf,b26791f21e725f36e32d150c31e68c9b,2018-03-21 11:13:07,2018-03-21 11:27:55,2018-04-06,0,sao paulo,SP,25.0,11.15,1.0,1.0,250.0,16.0,12.0,14.0,2688.0
ed9e33c926c94cc5cc50a68696119dea,a2d19f05cef411aa2938ca9d2a92d156,2018-01-10 11:32:09,2018-01-12 02:34:29,2018-02-02,0,curitiba,PR,99.9,15.46,1.0,1.0,750.0,25.0,7.0,25.0,4375.0
e38f9946fb20db4a597eed7547c59afc,936142b381374fdae2041552d1743af7,2017-01-22 13:49:37,2017-01-24 03:45:45,2017-02-20,0,petropolis,RJ,49.9,14.52,1.0,1.0,300.0,16.0,7.0,20.0,2240.0
2d62ae6267e4fadef5b636987094dd99,27b1dcf8d024957e6a19aa018f014dd3,2017-09-06 09:34:48,2017-09-06 09:45:38,2017-09-29,0,peabiru,PR,59.9,17.67,1.0,1.0,4300.0,78.0,4.0,47.0,14664.0
95efc26128229ac33bfc67d4fce8fa28,0910359fc88a7c2610a39c0d417bd2a0,2017-08-14 20:46:10,2017-08-14 21:30:14,2017-09-28,0,ipojuca,PE,49.9,17.63,1.0,1.0,100.0,17.0,7.0,17.0,2023.0
372fc04e6d43eb870979226848fa93a1,16aab56360dc6f3038a11945ae3f04f3,2017-09-22 09:16:29,2017-09-23 02:25:22,2017-10-24,0,santa rita do sapucai,MG,65.9,27.0,1.0,1.0,550.0,35.0,10.0,20.0,7000.0
5ddb1f7921a2218a2f21cf9ed9995a5e,514f273dcfd868433162e713fd57cab1,2017-11-24 13:01:36,2017-11-24 15:13:37,2017-12-22,1,rio grande,RS,19.99,15.1,1.0,1.0,100.0,20.0,4.0,13.0,1040.0
47a9a1491f70a8280d5f449baaba7c03,9c62b85664e1ec0955cead693b1c74af,2018-02-02 13:40:38,2018-02-02 14:51:44,2018-03-02,0,sete lagoas,MG,109.0,16.52,1.0,1.0,600.0,16.0,30.0,11.0,5280.0
af9b17f2f1dfb02d55825bd0d7870d0a,1de8615754a9427f8bc52efdd114bec5,2017-08-19 23:52:34,2017-08-20 00:05:05,2017-09-01,0,sao paulo,SP,47.49,7.78,1.0,1.0,200.0,36.0,5.0,26.0,4680.0
b4ea6b63bcab8995631b98deef749657,cd76fc0e4f0234fc6bdf0bb3898f31cf,2018-01-19 17:20:56,2018-01-19 17:42:41,2018-02-05,0,suzano,SP,110.0,15.56,2.0,1.0,200.0,16.0,2.0,15.5,496.0
dfbf5b1075409ef1622cb159715f8f69,ca12928b99154737d4ddca22c8ae99bb,2017-08-14 12:52:46,2017-08-14 13:23:59,2017-09-05,0,japeri,RJ,57.99,16.17,1.0,1.0,1200.0,16.0,49.0,32.0,25088.0
2942de5b4c34fa90c38954a9e86f7fcd,7e0be6f31e2e49712e01d3ce5a29385c,2018-03-04 21:47:10,2018-03-04 22:28:39,2018-03-16,0,carapicuiba,SP,69.9,13.08,1.0,1.0,2600.0,50.0,10.0,30.0,15000.0
0ba49faaf02e7dc9210e94cd777d1880,32f5f0b501cc2cc5753fab31971f2385,2017-12-19 23:47:35,2017-12-20 00:51:42,2018-01-15,0,sorocaba,SP,65.0,11.95,1.0,1.0,275.0,16.0,5.0,11.0,880.0
e687e938b814980b1e99e9e8413f9cac,74b207275c96418c3b8cf697b75db94c,2018-03-26 08:23:01,2018-03-26 08:35:29,2018-04-20,0,sao paulo,SP,443.0,43.86,1.0,1.0,6600.0,42.0,42.0,26.0,45864.0
12fb5d0cb33d4e9aa4d07b4400346153,41061f2a3a70683b176c48c221612439,2018-01-17 11:32:19,2018-01-17 11:49:54,2018-02-07,0,sao paulo,SP,39.9,15.98,1.0,1.0,5850.0,25.0,25.0,25.0,15625.0
0f35677b3f90e52b046a9bef4b72e1d8,9eb0e06ca6a1fde2c265f01092e1028f,2018-03-19 14:32:34,2018-03-19 14:49:45,2018-04-16,0,barueri,SP,166.94,18.54,1.0,1.0,12333.0,55.0,54.0,19.0,56430.0
864bbbc2d9b4d93e42578520d5ffcd71,4c1c84ba008ab2985b9fd2b941800c3c,2018-04-10 21:18:01,2018-04-11 09:12:19,2018-04-23,0,sao paulo,SP,287.7,10.37,1.0,1.0,700.0,29.0,5.0,16.0,2320.0
8b8ee8d115e160bfafaf37cd37a37010,f7b60e9670d04d37bf3c9762987895ec,2018-04-09 20:12:23,2018-04-10 03:50:26,2018-04-26,0,betim,MG,22.97,18.23,1.0,1.0,450.0,16.0,14.0,11.0,2464.0
807e1137296f0952dc5038aadf9d1f76,a662286fb279d4641c7b8ca455a4f692,2018-02-06 16:33:24,2018-02-07 02:55:55,2018-03-08,0,guaranesia,MG,53.99,15.13,1.0,1.0,200.0,16.0,16.0,13.0,3328.0
524dd16d182003f56199d068e2a1d50c,34fd3bf947541e5fe1b5d915492342e7,2017-09-25 11:22:41,2017-09-26 03:56:31,2017-10-17,0,francisco morato,SP,69.9,16.12,1.0,1.0,2500.0,20.0,11.0,11.0,2420.0
622e1ac05d77a0fe978afdbb3d174017,34532438b4bd25e285a454257543b521,2017-10-02 12:05:39,2017-10-02 12:24:39,2017-10-24,0,rio de janeiro,RJ,493.0,25.77,1.0,1.0,5350.0,30.0,10.0,17.0,5100.0
d15b4a7be0aedb9cd0f4330b1703b7c0,35ba8f2876a0059b2946b6674856c6dd,2017-09-07 16:56:45,2017-09-07 17:10:13,2017-09-28,0,sao jose dos pinhais,PR,7.9,15.79,1.0,1.0,200.0,16.0,12.0,11.0,2112.0
d9b4254b30f9bda1e6cb94a67cd42cf5,b00f7bd546cc64054eb4590cc37bc2fb,2018-01-06 10:27:29,2018-01-06 10:37:56,2018-02-06,0,campo mourao,PR,89.8,30.2,2.0,1.0,375.0,20.0,2.0,15.0,600.0
1c57302ee71281562fa44bc88283e3d1,601b800732110a9e3695e9c454bfa828,2017-11-30 08:13:06,2017-11-30 08:19:23,2017-12-28,0,afonso claudio,ES,95.0,17.92,1.0,1.0,1400.0,22.0,9.0,16.0,3168.0
ebd36ae6078da11e32ede1d950819ed8,6c8e558f8ea68068d8b0ca0245d0cb0e,2017-04-20 12:39:23,2017-04-20 13:10:11,2017-05-12,0,belo horizonte,MG,219.99,24.53,1.0,1.0,4950.0,40.0,10.0,40.0,16000.0
413570abe3d3b2e99c63f5d9ceadb6b3,e71ab3a5414af041e8be3e1cb8981a23,2017-12-07 14:07:50,2017-12-07 15:29:28,2018-01-08,0,campo grande,MS,212.91,53.25,1.0,1.0,3008.0,32.0,45.0,32.0,46080.0
93da2265260e364c8e81f490b7d92e07,0c755365dae19da070419dd40041098c,2017-02-28 19:37:04,2017-02-28 19:45:12,2017-03-20,1,araraquara,SP,69.9,13.07,1.0,1.0,1200.0,46.0,36.0,11.0,18216.0
0497899302217e8f8ea8645ac33c1882,aad20e68b92b9d5989bb98698bec41d1,2017-02-07 11:21:12,2017-02-07 11:30:17,2017-03-15,0,cachoeiras de macacu,RJ,99.0,22.16,1.0,1.0,3700.0,40.0,10.0,20.0,8000.0
ab5e70933adc821b7fa1ab45759ab54a,338f2f9c29d8a0cd3259e32034ac7c67,2017-05-10 21:31:45,2017-05-10 21:45:12,2017-06-09,0,pereira barreto,SP,69.9,11.99,1.0,1.0,200.0,20.0,5.0,20.0,2000.0
33401d2d0621ceae77505c91308ceddd,3fcda70d69c185780fb4abd140ba69e3,2018-01-23 10:26:00,2018-01-23 10:35:18,2018-02-19,0,sete lagoas,MG,54.9,14.13,1.0,1.0,350.0,20.0,16.0,25.0,8000.0
26cdf11da38117ed1bca961a210dd21d,898c951d2faff7482c962f6ec525adb6,2018-02-27 09:06:14,2018-02-28 09:50:59,2018-03-29,0,rio do pires,BA,99.9,43.11,1.0,1.0,2500.0,40.0,10.0,30.0,12000.0
36cad69053608ab058c6d470d4be06a1,f7471a53a0c6b77889d13862ef714426,2018-03-15 12:49:58,2018-03-15 13:10:54,2018-04-03,0,aparecida,SP,49.77,12.79,1.0,1.0,100.0,16.0,11.0,12.0,2112.0
7c0ce5e0916d0bca80839ea19d6112c7,f4fd1f42308fc47dee6d73ae1f6c9883,2017-08-05 11:04:36,2017-08-05 11:23:14,2017-08-18,1,santo andre,SP,37.99,7.78,1.0,1.0,700.0,16.0,10.0,20.0,3200.0
3ca7b3fb51ca030ccab5b14f9b68cbf7,5bea6d07f718b9f709d04810c560ffb6,2018-02-05 10:44:12,2018-02-06 04:33:10,2018-02-21,0,osasco,SP,59.9,11.73,1.0,1.0,800.0,38.0,4.0,19.0,2888.0
d1e0427b410886678a52f73caa44e264,1cd22e66beeecc44840a7891d76b13d0,2018-01-16 01:18:59,2018-01-16 01:33:01,2018-02-09,1,rio de janeiro,RJ,89.9,17.07,1.0,1.0,207.0,19.0,11.0,14.0,2926.0
8d1177e3fcee9f6f1985cc468d87a7d1,24867a30fb114e68f333a0645f923497,2017-12-09 17:59:47,2017-12-09 18:10:44,2018-01-12,0,recife,PE,65.9,28.86,1.0,1.0,8800.0,35.0,19.0,44.0,29260.0
8beb59392e21af5eb9547ae1a9938d06,bf609b5741f71697f65ce3852c5d2623,2016-10-08 20:17:50,2016-10-09 14:34:30,2016-11-30,0,rio de janeiro,RJ,99.99,11.23,1.0,1.0,2100.0,22.0,50.0,32.0,35200.0
a1f23fda3d0d3b220ff9fa6472233fdf,9e6531ec2ebbf1bc5971bdddd96e67a1,2017-03-23 16:56:19,2017-03-23 17:05:29,2017-04-13,0,itapecerica da serra,SP,99.6,29.04,1.0,1.0,200.0,16.0,13.0,14.0,2912.0
e53874a6abcec503e0fd5d85948f36c9,774c33a9668cf225c839c2521b843425,2017-12-28 22:34:34,2017-12-28 22:47:19,2018-02-05,0,carnauba dos dantas,RN,129.99,38.46,1.0,1.0,1600.0,42.0,25.0,15.0,15750.0
48ed90a16494e16357d2fd32fb1e1ac8,82628cbf879a9546d6693c25cbd5e915,2017-07-25 17:04:04,2017-07-25 17:15:17,2017-08-18,0,campo grande,MS,59.9,18.66,1.0,1.0,1500.0,20.0,22.0,22.0,9680.0
aa8c2e4009c82d6fb84d9ecc0ce798f8,8865587ec1e1d38bf28416be175f300c,2017-04-06 12:35:55,2017-04-06 13:10:15,2017-05-02,0,suzano,SP,29.9,14.52,1.0,1.0,365.0,20.0,10.0,20.0,4000.0
ebd182d678f7c5aec1f89d5f6f9848ec,1e5aa0d19c1129b3ebb1d369ee0a7d3e,2018-03-23 15:00:03,2018-03-24 02:28:36,2018-04-17,0,duque de caxias,RJ,278.0,109.44,1.0,1.0,6550.0,20.0,20.0,20.0,8000.0
33585683a8a47f86b6183a75c974b2df,16826653dc051ac61430958fb64daf1b,2017-08-19 14:08:34,2017-08-21 15:45:56,2017-09-11,0,sao paulo,SP,259.9,13.32,1.0,1.0,3600.0,50.0,10.0,30.0,15000.0
31db96cf06ad051a3d234fc35ea2488a,98b6c7d5318c95d0bf714d786ac0eed2,2017-12-10 11:32:22,2017-12-10 11:38:21,2018-01-16,0,vacaria,RS,49.0,15.1,1.0,1.0,200.0,16.0,2.0,11.0,352.0
9ee9982b6f0296becebf4d03afd07cae,747294310d01f24f467185ae9e9726da,2017-12-16 14:17:08,2017-12-16 14:31:06,2018-01-11,0,sao paulo,SP,61.0,12.77,1.0,1.0,900.0,25.0,5.0,25.0,3125.0
626d84eb4cf67fe4d53e9c0d945388fc,f8e9242670e2a006945583dd4d13ae43,2017-12-13 13:24:24,2017-12-14 02:12:37,2018-01-03,0,jandira,SP,24.9,9.09,1.0,1.0,200.0,20.0,2.0,15.0,600.0
61242a99b411bba259b697ec7de3e4ad,e79f2c086eebdac111a505200261f455,2018-04-06 16:26:12,2018-04-06 16:35:25,2018-04-25,0,ibirite,MG,220.0,54.08,1.0,1.0,5950.0,20.0,20.0,20.0,8000.0
1e2566907e0655a3549bdcb88b0291f1,4574518f4c6e0eef440e205139e125d6,2017-09-12 16:04:11,2017-09-12 16:10:29,2017-09-22,0,guarulhos,SP,55.0,7.78,1.0,1.0,250.0,16.0,2.0,20.0,640.0
3c608a571543f2f2b96f2e6cb3a2d10a,b96d49fc07d7b581c713d54f1864f1cf,2017-12-29 14:26:50,2017-12-29 14:34:23,2018-02-01,0,duque de caxias,RJ,169.9,21.68,1.0,1.0,2500.0,33.0,7.0,39.0,9009.0
c7cd3c19aef809218b54579be10b4209,7d79f5b2624829ec42de13f0f661ac04,2017-07-08 19:14:46,2017-07-09 19:25:11,2017-08-11,0,ibiara,PB,278.0,43.98,1.0,1.0,600.0,16.0,12.0,11.0,2112.0
07983cb4fc401b8663874432b9b14124,a237096e8b07d5d634173a9e8b6fc6aa,2018-03-06 20:38:34,2018-03-06 20:50:24,2018-03-27,0,sao jose dos pinhais,PR,69.9,23.07,1.0,1.0,950.0,45.0,15.0,35.0,23625.0
5c28fcfb4e50a56899353fd6f8609f42,e3e4f59b905c93ceb1f9da90f9e02be7,2018-02-27 16:30:12,2018-02-28 10:09:44,2018-03-14,0,sao paulo,SP,139.8,26.16,1.0,1.0,2600.0,50.0,10.0,30.0,15000.0
8176ade636d355663673260d5f4faa54,519037976a519a9bc93c1072764e9d00,2017-05-19 08:20:59,2017-05-19 08:30:12,2017-06-08,0,ribeirao preto,SP,99.99,13.72,1.0,1.0,4475.0,44.0,24.0,31.0,32736.0
7dadec0b94237bf94991c9e9af701f5e,7478c22961661e8adccc13e1763ea59f,2017-03-10 13:45:44,2017-03-10 13:45:44,2017-03-31,0,poco fundo,MG,103.97,37.13,1.0,1.0,9750.0,27.0,15.0,92.0,37260.0
61fca91868781e2844bebf0ba3129950,0299a3ec7aac3a18ea88cfa6cf8a74f5,2018-03-04 13:53:47,2018-03-04 14:08:46,2018-04-09,0,paraibuna,SP,14.0,15.1,1.0,1.0,50.0,16.0,14.0,14.0,3136.0
b8643ed80a2602a3562b8cb0d6f7a3b1,b1994c703cd18638b76dc9997a5c30f3,2017-07-07 14:35:52,2017-07-08 03:25:42,2017-07-27,0,laranjeiras do sul,PR,14.9,12.48,1.0,1.0,125.0,18.0,8.0,12.0,1728.0
60e27e3758187b1f68dc2784f5e6a9a6,b4c16be45fd4a77e585f1b40b51471e2,2018-01-09 16:40:43,2018-01-09 16:52:55,2018-02-02,0,sao bernardo do campo,SP,129.0,21.74,1.0,1.0,2800.0,50.0,10.0,40.0,20000.0
cc127d6da252fcf95e31933ee207923d,30ebfe368495892e79bfff3773635c77,2017-07-31 12:43:21,2017-07-31 12:55:15,2017-08-24,0,rio de janeiro,RJ,14.9,16.79,1.0,1.0,150.0,18.0,12.0,15.0,3240.0
fa261f64fd3982351db812235fd682aa,5a27c4b3d09df0195d99628b576c621f,2017-12-06 17:30:05,2017-12-07 03:11:18,2018-01-02,0,curitiba,PR,28.9,14.1,1.0,1.0,150.0,19.0,4.0,11.0,836.0
77ac4951da6c2361c816314422cf20e4,30c5318a68855cc49431b12a237fe8a1,2017-07-11 12:28:33,2017-07-11 12:43:21,2017-07-24,0,sao paulo,SP,18.9,7.78,1.0,1.0,50.0,16.0,3.0,11.0,528.0
8ecb444bd33d4670ddbec85cc7b141f0,e2266964ba442379634f15b1e35b9bd2,2018-01-17 16:12:17,2018-01-17 16:32:44,2018-02-09,0,niteroi,RJ,99.9,25.54,1.0,1.0,5700.0,40.0,30.0,40.0,48000.0
3224f9000ebffb83e1c48590824ba567,b515c26bc7955d05356ae832d2c4b54b,2018-03-02 16:12:57,2018-03-06 03:49:20,2018-03-21,1,nilopolis,RJ,279.9,21.45,1.0,1.0,2750.0,35.0,35.0,11.0,13475.0
df6e64a3be9ccea48c3bfe8e096e8749,1f184001b4cbba29eb3ddefd7b0a195b,2017-08-16 08:00:13,2017-08-16 08:10:14,2017-09-08,0,florianopolis,SC,89.9,17.88,1.0,1.0,1383.0,50.0,10.0,40.0,20000.0
a0613f72de8eeb0386bff92454492f6a,9daa170fb6affd2e983733a422aca655,2018-01-24 22:26:47,2018-01-24 22:39:35,2018-02-19,0,belo horizonte,MG,55.9,15.14,1.0,1.0,100.0,20.0,20.0,20.0,8000.0
df5db2ddf13eb709a018dea459afb4b5,695ad68c4f5db80c7281c0040e623369,2017-04-28 22:41:13,2017-04-28 22:50:19,2017-06-02,0,rio das ostras,RJ,26.9,16.05,1.0,1.0,550.0,16.0,2.0,11.0,352.0
080353b05fa842120b49deabe1613a37,02754b1e0a87a51622b4a49cdac7cadf,2017-07-03 15:48:48,2017-07-03 16:05:22,2017-08-04,0,recife,PE,181.98,35.84,1.0,1.0,373.0,21.0,11.0,17.0,3927.0
688caf637d0fff2abbdcc0303cd47b1e,b9a97a1bf65615341a2c052368e650fb,2017-10-15 22:41:59,2017-10-15 22:56:17,2017-11-10,0,ijui,RS,129.9,45.37,1.0,1.0,8900.0,62.0,32.0,30.0,59520.0
45f4469896c24f0ab44900f3bc3eac3b,21aa64991ef081388f1b8332dc857f71,2017-06-13 12:19:10,2017-06-13 12:30:32,2017-07-10,0,brasilia,DF,51.96,60.44,1.0,1.0,1000.0,40.0,8.0,40.0,12800.0
dcd19a1d42b2e3ad39cf3d5ee0fb7ddb,3d1688c4011a8de5b3b77d2f0bebbb6a,2018-02-18 20:25:04,2018-02-18 21:26:51,2018-03-09,0,sinop,MT,90.0,13.78,1.0,1.0,250.0,30.0,20.0,30.0,18000.0
737b058d8c4d513ed09b9615e3e0dbba,bcfeb2a090d34c245bb62fe207e7d2dc,2018-01-05 11:51:46,2018-01-05 12:08:18,2018-01-31,0,sao paulo,SP,278.0,34.44,1.0,1.0,5400.0,20.0,60.0,50.0,60000.0
652a34a98deb42a4ce9408d3287a100d,968608ae5dd04c867ce28fda6b8642e9,2017-08-04 01:58:08,2017-08-04 02:10:06,2017-08-17,0,sao paulo,SP,59.0,7.78,1.0,1.0,200.0,16.0,2.0,20.0,640.0
41629262d3ae14dfef6c779e80b3adc3,aef01900b9de8f7091e94cf4c8a15f99,2017-11-15 19:03:17,2017-11-16 19:15:57,2017-12-11,0,novo gama,GO,19.99,14.1,1.0,1.0,250.0,20.0,20.0,20.0,8000.0
e117f2d33b09b76b46edadbd2ca908a7,df97921197ef7add5cf3d5059b7f1160,2018-02-18 19:21:35,2018-02-18 20:27:07,2018-03-09,1,sao paulo,SP,99.9,13.72,1.0,1.0,1200.0,27.0,10.0,20.0,5400.0
bb780bb5301c5109cb6eb07d06f3bd14,0770fab1a98ce26d042a7aad41fdbc8f,2017-12-22 15:53:30,2017-12-22 16:42:02,2018-01-30,0,redencao,CE,45.9,26.89,1.0,1.0,800.0,20.0,20.0,20.0,8000.0
39af2b85fcc6f1bd12289081f36b4a03,94d8b2dd7b914a42c966eec451f3ac1d,2018-03-26 14:32:23,2018-03-26 14:47:53,2018-04-24,0,sao paulo,SP,70.9,13.62,1.0,1.0,150.0,24.0,12.0,13.0,3744.0
2b2b7a9693cc4ebba06693c88e6989d4,2ed90ffb1b6c71daacbd9acd0cbb79b3,2017-02-08 07:47:47,2017-02-09 02:55:44,2017-03-21,0,barbacena,MG,149.9,32.08,1.0,1.0,3350.0,20.0,21.0,20.0,8400.0
f1f4bec57caa5671e6bbd650b5872beb,d35fcaf8e2d179c2ad758ae8beadc501,2017-05-22 19:19:11,2017-05-22 19:31:04,2017-06-30,0,brasilia,DF,49.9,14.1,1.0,1.0,300.0,23.0,17.0,13.0,5083.0
81756fe1903a10b2a5fbb3d843382cf0,3f5d541c043d1dc244fc7fb2bbcc9e67,2018-02-26 14:07:17,2018-02-26 14:29:49,2018-03-22,0,toledo,PR,59.9,17.67,1.0,1.0,5600.0,78.0,4.0,47.0,14664.0
28ac52cca188141d6fb38c1e8bee7e1c,349831a25e77f136daa5f6363e8ed5df,2017-07-23 19:39:22,2017-07-23 19:55:16,2017-08-21,0,juazeiro,BA,29.9,26.89,1.0,1.0,850.0,20.0,18.0,23.0,8280.0
ce938f4382d04c8b3df8c773d3187449,45d23d652ab776714f444ad2daf99995,2017-12-05 15:25:21,2017-12-07 03:15:42,2018-01-11,0,rio de janeiro,RJ,479.90999999999997,217.32,2.0,1.0,10487.5,45.0,69.5,27.0,84442.5
7e6d0e5b8f1f04ddb5b183f33aec691e,cf7bd0afe75cb2a81bfb9068d7be48d3,2017-10-04 21:39:30,2017-10-04 21:49:27,2017-11-01,0,florianopolis,SC,199.9,17.65,1.0,1.0,2025.0,50.0,27.0,27.0,36450.0
c5ea69eb816127590a14c3d848e1679c,9e682deddb164563d50532ebab34306c,2017-05-14 05:55:24,2017-05-14 06:10:06,2017-06-07,0,rio de janeiro,RJ,45.95,15.1,1.0,1.0,350.0,25.0,8.0,19.0,3800.0
19367a2c7e1dce7c26afa959e0581da2,06757e2a216429d601d7cda36642769d,2018-01-28 17:56:18,2018-01-30 04:31:07,2018-02-20,0,sertaozinho,SP,327.45,64.0,1.0,1.0,700.0,62.0,15.0,15.0,13950.0
01f7d29898cf7c5fcb583a2a29508202,bafd4361ea9061be4b18bbc25300f2b9,2017-12-11 01:09:44,2017-12-11 01:19:24,2017-12-28,0,sao paulo,SP,39.9,11.73,1.0,1.0,1400.0,20.0,20.0,20.0,8000.0
d16fbfb439fe82b7efb949345d70611f,f5003c157ffa6c1e541146ddcdade179,2017-08-27 10:14:44,2017-08-29 04:35:26,2017-09-14,0,rio de janeiro,RJ,29.0,14.1,1.0,1.0,200.0,16.0,2.0,11.0,352.0
83a0a5e31aac098fd9926b97e3b15459,cca02c25dabdd47a2c93cd1b2391f3c9,2017-10-23 22:26:01,2017-10-25 02:26:28,2017-11-30,0,criciuma,SC,29.99,15.1,1.0,1.0,217.0,18.0,4.0,13.0,936.0
ec323db17a13fc07c4b07f0f7f86986d,f9c96252874067d98cead6b1f3859c02,2017-12-09 17:59:48,2017-12-09 18:10:42,2018-01-16,0,recife,PE,82.99,28.98,1.0,1.0,1450.0,34.0,12.0,40.0,16320.0
9a153d3651e569cbab9fa589c6554972,daa1cd9ce91af39a90ddd87d37f99f7a,2017-04-01 10:43:50,2017-04-04 05:55:18,2017-05-03,0,brasilia,DF,34.99,16.05,1.0,1.0,200.0,20.0,15.0,15.0,4500.0
5e81354e795eec26aec91548a783b116,54d0cdd30e650c9f5abdb8ee917dca6b,2017-05-09 00:18:57,2017-05-10 02:15:17,2017-05-30,0,ocaucu,SP,76.0,13.55,1.0,1.0,1250.0,22.0,36.0,22.0,17424.0
5a2c5c05a81bd6f430409c33079b43b1,eaa68a110b44460454d1c80a686ac16e,2017-12-18 21:32:30,2017-12-18 22:33:23,2018-01-18,0,penha,SC,82.8,15.33,1.0,1.0,300.0,25.0,15.0,20.0,7500.0
27f190f6efe898d203f09dacc0d5e6cf,1a7dd5dcad819da555d5d310e108fd90,2017-10-23 08:43:23,2017-10-24 03:49:51,2017-11-23,0,campos dos goytacazes,RJ,45.9,16.11,1.0,1.0,600.0,30.0,3.0,20.0,1800.0
011b8dd4f8c36fd4fcf50643ce91d58a,1477ef68b5dbf1417fead5a9814cf047,2017-07-07 22:00:51,2017-07-08 22:05:30,2017-08-14,0,sao paulo,SP,249.48,16.5,1.0,1.0,488.0,19.0,12.0,15.0,3420.0
8e149b3d8483d3f623d3e6e0c9f824b6,c8cf892530797a54796ba8acf1209885,2017-10-13 19:43:26,2017-10-14 15:27:34,2017-11-03,0,sao goncalo,RJ,59.9,17.67,1.0,1.0,1500.0,30.0,22.0,30.0,19800.0
8a9c92e30e40b3396b2b697f38273972,8844d0cc6a328c1a0ccb6d49f34b2357,2017-07-12 20:13:21,2017-07-13 03:04:03,2017-08-07,0,jaragua do sul,SC,205.0,26.27,1.0,1.0,9750.0,35.0,12.0,30.0,12600.0
aadd5a22c7d1dd16b1fe905a302d70e2,f4d98068179c2289cd5f050f0ac67644,2017-08-25 08:58:52,2017-08-26 02:15:59,2017-09-27,0,ribeirao preto,SP,105.6,13.08,1.0,1.0,750.0,50.0,16.0,16.0,12800.0
0eda4018077fe64a701b5af5b47dba15,4147dec488b2752a744128d6662adcd1,2017-09-13 11:24:57,2017-09-14 02:50:25,2017-10-05,0,aracuai,MG,84.99,16.35,1.0,1.0,900.0,33.0,17.0,12.0,6732.0
2ec63bd84c4e873ee8bf8786f4942673,addf804ff9cb78ba46f8347beb614dfa,2017-07-20 18:57:41,2017-07-20 19:10:13,2017-08-02,0,sao paulo,SP,179.9,10.0,1.0,1.0,200.0,21.0,14.0,15.0,4410.0
894688f5124158773f73df86a3b83c6f,22b6b404010c1f6864e347b5202085a6,2017-10-24 23:18:35,2017-10-24 23:28:15,2017-11-17,0,pirapora,MG,76.8,32.22,1.0,1.0,850.0,20.0,25.0,20.0,10000.0
f9697e263e9eec082f1ced4fa81d2faa,b4b0ce0c3cfac1b0d240823681496307,2017-07-24 09:26:03,2017-07-25 03:45:33,2017-08-17,0,dourados,MS,236.0,33.17,2.0,1.0,2781.5,68.5,14.0,48.5,46511.5
5481cc369cb2fe41d87a0eb98c512166,5d442e2ce67bda00693d989b8ee6232d,2018-02-26 15:06:05,2018-02-26 15:15:53,2018-03-12,0,sao paulo,SP,38.8,7.78,1.0,1.0,300.0,16.0,6.0,20.0,1920.0
80ff8e4db69c66d000da0845f52408f5,054b63b8606d2faa194328b09033b53c,2018-02-04 20:53:03,2018-02-04 21:09:55,2018-03-06,1,cambui,MG,85.0,21.08,1.0,1.0,9400.0,40.0,28.0,40.0,44800.0
1879b2219f6eeb88592378483e06c702,d4a65aa3f22563ebd6dfa3d71eaf9f3d,2018-03-08 17:41:50,2018-03-10 03:35:35,2018-04-02,1,cuiaba,MT,18.9,17.06,1.0,1.0,200.0,20.0,20.0,20.0,8000.0
7fc4e29ecbfc8b635f7ffebeb5e68228,d4fd73b5eb04da7927786173ddbbea0a,2017-09-19 15:14:08,2017-09-19 15:25:17,2017-10-05,0,americana,SP,158.0,16.74,1.0,1.0,4338.0,17.0,12.0,14.0,2856.0
1fcc4cb09eb52ab834d7e766bcb6f91f,4a17798a547f3b8f2083ccbf758fb53d,2018-02-13 23:51:02,2018-02-14 00:07:25,2018-03-08,0,sao paulo,SP,347.9,67.53,1.0,1.0,19450.0,45.0,50.0,45.0,101250.0
f66696cb1765edf51ab4e07f41687f9e,5c1bbb8c8c2ba7ed55150827c25c4b7f,2017-10-22 15:03:58,2017-10-23 17:36:03,2017-11-22,0,fortaleza,CE,209.9,29.87,1.0,1.0,342.0,18.0,13.0,15.0,3510.0
ff1581e08b3011021e7c7de592ddc81e,0f3c16514be9fe9bdb840983701d2ce6,2018-03-21 22:37:09,2018-03-21 22:50:25,2018-04-03,0,sao paulo,SP,21.9,8.29,1.0,1.0,150.0,25.0,7.0,16.0,2800.0
600ad056fd4fece16dcfaf524b4b9eee,324a03d3463a4457378b8811ff8077b4,2018-02-15 11:23:40,2018-02-15 11:35:30,2018-03-02,0,atibaia,SP,89.18,9.44,1.0,1.0,750.0,35.0,15.0,35.0,18375.0
a494244817c043c16eb0c72c5d0384ad,c691fa8d8cf769ea3b4b02572b606a6b,2017-11-29 10:40:13,2017-11-29 11:00:14,2017-12-28,0,ibicarai,BA,155.0,17.53,1.0,1.0,250.0,19.0,9.0,27.0,4617.0
90a35d9f1707a645c3bd2dda9c3f2643,5d94eb3a651e44419266ec8fddbd57be,2017-12-02 16:44:06,2017-12-02 16:59:01,2018-01-02,0,brasilia,DF,49.96,60.4,1.0,1.0,150.0,16.0,2.0,11.0,352.0
e465c5ff84ef7091d582b275cb0dd7de,363263d717319c175a7b063d383d95ba,2017-09-26 11:46:53,2017-09-26 12:04:50,2017-10-16,0,diadema,SP,84.99,8.79,1.0,1.0,550.0,21.0,12.0,20.0,5040.0
fb18685c951665e941f2a327f25a2976,f51d026d5d87ee1bc3bd4bf666055674,2017-08-08 22:39:06,2017-08-10 03:15:52,2017-08-30,0,foz do iguacu,PR,27.93,15.1,1.0,1.0,1300.0,33.0,6.0,22.0,4356.0
a1f12bceaff1b0d9d2a457fca14d1fa1,460d69a7f123395d881d1122d36e0f87,2017-11-02 17:07:50,2017-11-02 17:25:43,2017-11-23,0,barueri,SP,39.0,12.69,1.0,1.0,600.0,40.0,10.0,25.0,10000.0
4d6dca1dbb561c5c5af9a4c8fbc38375,8129c1c506d7d2a41ca7caf3c38fa85f,2017-10-30 10:47:23,2017-10-31 10:50:34,2017-11-21,0,curitiba,PR,230.0,15.36,1.0,1.0,14900.0,40.0,35.0,40.0,56000.0
96c01643f38c59fe8ac1ef0480d423fc,1796c18274a6cb3a6ec3ac02cde5389c,2018-04-11 22:47:02,2018-04-13 12:50:13,2018-05-08,0,itu,SP,69.9,17.08,1.0,1.0,371.0,20.0,16.0,16.0,5120.0
dc90e3bb74a1bebc1091534ceb664313,1c9eecbc0afba71d4f1402106b1b36b2,2017-06-11 13:50:00,2017-06-12 13:10:53,2017-07-05,0,cornelio procopio,PR,11.99,15.1,1.0,1.0,275.0,18.0,4.0,12.0,864.0
a741e58f892ca29c438e254e4ce4f426,f7745233611313075d6bb50c48c2927f,2018-02-01 10:31:58,2018-02-01 10:52:06,2018-03-01,0,campos dos goytacazes,RJ,45.0,16.11,1.0,1.0,800.0,42.0,8.0,26.0,8736.0
93cc36bf4196b96bdce3e51703f13f5f,f6aea23d42015e5827c45f6126bcbf76,2017-12-31 12:28:54,2017-12-31 13:30:23,2018-01-18,0,sao paulo,SP,899.9,13.55,1.0,1.0,400.0,16.0,11.0,11.0,1936.0
5f5fa984fd9357997a52f936e8c0a08e,36f86f4abe21fa4ef147816fe0f90ef0,2017-11-24 13:06:07,2017-11-24 15:14:15,2017-12-14,0,sao paulo,SP,127.05,24.74,2.0,1.0,550.0,50.0,7.0,45.0,15750.0
c2c7f4f0955b1fcd9425c97f401411b8,dee628e4308cba581d78419dce05b1e9,2017-12-16 19:31:49,2017-12-16 19:50:51,2018-01-23,0,redencao,CE,119.9,29.24,1.0,1.0,1650.0,46.0,3.0,34.0,4692.0
f5f23aa3df06d76ce187b4209ea338ea,c1e494d6f24ef8ff4fef378b4faefd2e,2017-08-20 16:31:57,2017-08-20 16:45:17,2017-09-01,0,sao paulo,SP,68.0,8.72,1.0,1.0,450.0,23.0,4.0,16.0,1472.0
d468c8e289ec694cf907f29e5291e94f,343ba8ba4c413d458aa3b2897f94c4f1,2017-12-14 16:02:42,2017-12-14 17:13:38,2018-01-03,0,sao paulo,SP,51.49,9.94,1.0,1.0,700.0,20.0,20.0,20.0,8000.0
e0409d7f1bbf560cbc2472a046339c3c,b57ede159d0a0ad4aee357d0219ddaca,2017-09-04 22:43:35,2017-09-04 22:55:13,2017-09-28,0,santo antonio do monte,MG,119.9,18.09,1.0,1.0,1900.0,27.0,9.0,18.0,4374.0
f6fb9f9b74dfe24666363e2b3dcd2dd2,0447d86a923f286dcdecab2c0240722a,2017-11-21 18:03:54,2017-11-21 18:10:20,2017-12-14,0,sao lourenco do oeste,SC,129.99,16.67,1.0,1.0,700.0,17.0,4.0,13.0,884.0
9459fe4630e1165c113f9fdb4ad5b261,737044a1637b4c3e17f927d096620325,2017-11-17 10:25:11,2017-11-17 10:51:06,2017-12-05,0,sao bernardo do campo,SP,25.98,18.68,1.0,1.0,900.0,40.0,8.0,40.0,12800.0
bfb50f94da6d285b05b43043e97507be,57f6f5c93d7539325e2dc331531db4a3,2018-03-06 14:31:23,2018-03-06 15:15:40,2018-03-27,0,bom sucesso,MG,19.9,18.23,1.0,1.0,100.0,31.0,6.0,31.0,5766.0
6f8c85df8511665fc02773d5eba0907b,9523328a28afcbb2b4e2e7e49d729bcb,2018-03-31 18:26:56,2018-03-31 18:47:23,2018-04-13,0,praia grande,SP,164.8,22.869999999999997,2.0,2.0,1437.5,38.0,11.0,30.0,12540.0
93ec3e2c9a4beee38c28973d307093e1,330ca6b207006779da875ef48faef608,2018-03-29 14:27:41,2018-03-29 14:35:21,2018-04-11,0,sao paulo,SP,179.9,24.55,1.0,1.0,12700.0,58.0,20.0,58.0,67280.0
586b28be2b8f5afe936887ea02ab3494,ae5ebdc6de8a5f0bb49b5a3cb50c661d,2018-02-12 18:10:07,2018-02-12 18:28:20,2018-03-12,0,pirajui,SP,99.0,19.93,1.0,1.0,1250.0,24.0,20.0,25.0,12000.0
77dd0936b9f8f4340353ccb7e6ba7922,5bf5aa95feae7e68aa9712ec50abd94d,2018-01-17 20:23:49,2018-01-17 20:35:22,2018-02-07,0,salesopolis,SP,70.89,12.84,1.0,1.0,150.0,24.0,12.0,13.0,3744.0
faa68fcba0ef1321e0c356db33de5293,e814ceee6c93933d5faab1e4beed3834,2017-11-24 11:20:08,2017-11-25 05:51:24,2017-12-11,1,hortolandia,SP,250.0,30.12,1.0,1.0,12000.0,45.0,35.0,45.0,70875.0
c89fd00e1f223872ff105cd5abf2f659,ecc4c57f91567adc1932e27d5913d3d7,2017-05-11 13:55:12,2017-05-12 02:50:45,2017-05-29,0,iracemapolis,SP,89.9,12.13,1.0,1.0,310.0,17.0,14.0,12.0,2856.0
0a62a2ee479a419db8aebf78129b2f5e,253c9223dfa3bf75327514da2145fe9d,2017-10-01 21:45:41,2017-10-01 22:04:56,2017-10-31,0,curitiba,PR,113.57,18.04,1.0,1.0,835.0,40.0,9.0,33.0,11880.0
30af846e182aa12984d1454721036e8e,5847c382e4713b0a9479822903fcf5bb,2017-11-29 23:33:23,2017-12-06 14:56:19,2017-12-27,0,itajai,SC,48.9,16.11,1.0,1.0,600.0,20.0,13.0,13.0,3380.0
7b29aa7d6508036d7400781ca593b58f,c672861bbdf2364414603b0b8358f2d1,2017-05-24 14:12:37,2017-05-26 02:42:34,2017-06-20,0,guarulhos,SP,24.99,15.79,1.0,1.0,200.0,16.0,16.0,16.0,4096.0
2c45c33d2f9cb8ff8b1c86cc28c11c30,de4caa97afa80c8eeac2ff4c8da5b72e,2016-10-09 15:39:56,2016-10-10 10:40:49,2016-12-08,0,florianopolis,SC,135.0,18.51,1.0,1.0,2250.0,22.0,15.0,20.0,6600.0
919f7b191b8ebc3ee9ab62e05ae3b2bb,53516cee27cdbecaa1d122f5ae9a2507,2017-11-22 11:09:39,2017-11-22 11:18:17,2017-12-20,0,rio de janeiro,RJ,99.9,17.14,1.0,1.0,200.0,16.0,16.0,11.0,2816.0
f4f6ec218c3835f1f37fd926a6f6124b,1dd87680282666e5a52fd7f3a8abfe19,2018-01-10 20:50:19,2018-01-10 21:08:58,2018-02-21,0,caxias,MA,43.0,37.9,1.0,1.0,3100.0,30.0,40.0,40.0,48000.0
eb51a3baab302140a62ffd510647c546,69f3d5d216d99079f72ead4326908012,2018-02-25 10:43:07,2018-02-25 11:20:23,2018-03-19,0,barbacena,MG,90.0,16.39,1.0,1.0,900.0,28.0,29.0,12.0,9744.0
9053095d6a8816107d406e70df00efd0,73fae0f59caf72aeb4c69ad3ad534c44,2017-05-22 17:00:19,2017-05-22 17:15:09,2017-06-22,0,xique-xique,BA,40.99,16.79,1.0,1.0,1000.0,25.0,10.0,25.0,6250.0
fe4979a6778e2fa4ae731cbe532d30e0,be61ffcaa65d9f2e8536c198f314c3a7,2017-11-26 13:36:00,2017-11-26 13:56:06,2017-12-19,0,rio de janeiro,RJ,89.99,15.39,1.0,1.0,250.0,22.0,10.0,18.0,3960.0
78cf5dc2baadfbac2c47c6ef7c2a2282,bdced1e75dafe66bd70dc84af644bca7,2018-01-12 16:19:31,2018-01-13 07:48:35,2018-02-07,0,taubate,SP,230.39999999999998,76.14,1.0,1.0,950.0,20.0,35.0,20.0,14000.0
4ce497c83d9c68348561cada6e2a2869,024ae08edb07b933f90cf66233749218,2017-09-26 07:57:17,2017-09-26 08:07:11,2017-10-20,0,brasilia,DF,87.8,33.2,1.0,1.0,2000.0,28.0,60.0,28.0,47040.0
fb7a9e3e0ff0d94790b472206462f2de,cec58a230b3feb0e56a802540eb8b28d,2017-06-15 07:42:43,2017-06-15 07:50:14,2017-06-29,0,sao paulo,SP,18.9,7.78,1.0,1.0,400.0,16.0,5.0,12.0,960.0
3ae126761938741db80da6163567b03d,1216f129d061c7379441b835d619072e,2018-02-14 22:22:23,2018-02-15 00:31:53,2018-03-21,0,pato branco,PR,299.99,18.58,1.0,1.0,1900.0,28.0,19.0,21.0,11172.0
810f22c9d640f959cfaddb6c05be5504,5c5900f95b97a43ce03452532b9ac643,2017-07-08 12:31:36,2017-07-08 12:43:06,2017-08-03,0,resende,RJ,159.0,43.48,1.0,1.0,7300.0,82.0,10.0,54.0,44280.0
2011387fcf68d0d56838be05771c4db8,2237144a10689251d71b7a4d2784cf81,2018-02-11 00:58:52,2018-02-11 02:09:07,2018-03-12,0,brasilia,DF,69.9,16.25,1.0,1.0,925.0,52.0,21.0,33.0,36036.0
e170172588e00bedc8daf9183629644e,b268519093dfee306454fc430c872568,2017-12-07 10:54:44,2017-12-07 11:10:19,2018-01-02,1,sorocaba,SP,244.69,30.5,1.0,1.0,12478.0,105.0,15.0,25.0,39375.0
3d3742a96f24a8fe4e2e57628807e476,b0e2c3d5cc9ecbf6a89693a15231ac7e,2017-04-16 06:31:07,2017-04-16 06:41:44,2017-05-12,0,rio de janeiro,RJ,159.0,16.41,1.0,1.0,550.0,19.0,16.0,16.0,4864.0
7280e73216120ebb4358a41b3d947e5e,56b4e0d69de2103592f10d1e63fec834,2017-03-05 22:02:38,2017-03-05 22:10:19,2017-03-31,0,trindade,GO,72.99,23.06,1.0,1.0,2800.0,30.0,30.0,30.0,27000.0
7f54ad19b476573fb7bf3beb2faa6c55,2e19f8c8ec1187ae5dc50e54bfba01a9,2018-03-21 14:15:20,2018-03-23 02:15:34,2018-04-03,0,santo andre,SP,119.9,13.74,1.0,1.0,1750.0,30.0,30.0,30.0,27000.0
c80905206d43c8d2105bc9c7fee90ae5,c8a973f6bdd3f34ad7e9bcc84e9b6fae,2017-03-22 20:23:47,2017-03-22 20:23:47,2017-04-24,0,nova prata,RS,119.9,19.43,1.0,1.0,1650.0,46.0,3.0,34.0,4692.0
41367bf2808c24ee8be2b9709f5a3845,bcaebf0ddb4ea20efd910e6e0d90ca99,2017-12-21 11:47:07,2017-12-21 11:58:24,2018-01-10,0,sorocaba,SP,119.9,12.54,1.0,1.0,1550.0,46.0,3.0,34.0,4692.0
f7540aab098d4ad144b44ab17f44fa63,ff4e6e0da805f085c05327c77738f7cd,2018-03-18 13:02:19,2018-03-18 13:15:29,2018-04-10,1,extrema,MG,55.9,26.47,1.0,1.0,1500.0,40.0,15.0,32.0,19200.0
d868b96ed53089f3a6e9b202ee041dbf,9f5d77b326c3bb316e829181dfd6d192,2017-05-10 11:51:13,2017-05-11 11:55:22,2017-05-30,0,sao jose dos campos,SP,160.0,15.87,1.0,1.0,2300.0,33.0,10.0,16.0,5280.0
8de235cda79ec1764ed1c31381cb2e4b,71c7e5feaccea207f79968ff7faa09a8,2017-08-03 09:56:14,2017-08-03 10:10:17,2017-08-29,0,guaruja,SP,59.9,12.55,1.0,1.0,1650.0,40.0,45.0,25.0,45000.0
d85efeeca6be7949e59458c5d26169db,21caa667b0f79c15b879b304f8f25e9c,2017-04-04 15:50:23,2017-04-04 16:05:07,2017-04-25,0,sao paulo,SP,72.62,9.5,1.0,1.0,825.0,42.0,14.0,26.0,15288.0
688fb7e7c929bfa4711317fb51d8820c,868f46be4f522fb8d0d2470d4196d86c,2018-03-08 18:05:23,2018-03-08 18:30:27,2018-03-29,1,angra dos reis,RJ,39.9,18.23,1.0,1.0,150.0,17.0,17.0,17.0,4913.0
e64b950c1e33e5e3f2a946903e903264,05c59c1adfa648942fe0966db6296ff1,2018-02-20 10:57:34,2018-02-20 11:10:26,2018-03-15,0,sao paulo,SP,676.99,44.07,1.0,1.0,8100.0,64.0,23.0,35.0,51520.0
e4a8c46a68d36806c7eece77ed233a3d,7ee1519a04932fc747403d9f9a88128c,2017-11-10 16:16:24,2017-11-11 02:55:38,2017-12-07,1,tupancireta,RS,118.80000000000001,40.11,1.0,1.0,200.0,24.0,24.0,16.0,9216.0
8a32f78d59c6aec1ebdfaf5788bc84b1,bd4afd3a9f1b50e574d0e5aac2f42d3b,2018-01-23 15:03:03,2018-01-24 02:35:46,2018-02-20,0,manhuacu,MG,98.9,15.44,1.0,1.0,53.0,18.0,13.0,16.0,3744.0
c78b306b7a03ebdabf44e1d351f83427,caa4a8bf3eee527d50ea671e39e67ac0,2018-01-16 14:09:50,2018-01-17 12:30:03,2018-02-06,0,taboao da serra,SP,59.9,12.76,1.0,1.0,600.0,60.0,7.0,14.0,5880.0
9e813e49b77c015771ec80e16207d7b5,df4884b24ec1115c29871b4fd641105c,2017-04-04 07:07:26,2017-04-04 07:22:19,2017-04-27,0,niteroi,RJ,189.0,18.06,1.0,1.0,2050.0,20.0,20.0,27.0,10800.0
2f70d6fc23a1899fd564c990dfcf51fc,927b5dc6871a9349fe880e674f2bed6d,2017-09-04 14:01:22,2017-09-05 04:10:19,2017-09-15,0,osasco,SP,84.94,9.41,1.0,1.0,700.0,49.0,12.0,27.0,15876.0
8c3d752c5c02227878fae49aeaddbfd7,00046a560d407e99b969756e0b10f282,2017-12-18 11:08:30,2017-12-18 12:45:31,2018-01-12,0,rio de janeiro,RJ,120.9,45.69,1.0,1.0,7050.0,20.0,62.0,35.0,43400.0
46539409edc91bbec9b3a7b06b414463,62286d8b713dea952e1d37b8acd17016,2017-05-23 11:05:06,2017-05-23 11:15:24,2017-06-20,0,eldorado do sul,RS,89.9,15.38,1.0,1.0,1383.0,50.0,10.0,40.0,20000.0
09d91c794f1841e2af74d07d08518980,2798cda6f228cfd59d3676f7d9cdb1af,2017-08-02 22:29:10,2017-08-02 22:45:10,2017-08-15,0,rio de janeiro,RJ,129.9,12.36,1.0,1.0,1600.0,25.0,7.0,18.0,3150.0
954ecf032c0fbd43696c6b12baaa293b,80db9468205ab8feeb73722948bbce52,2018-02-15 19:02:19,2018-02-17 03:47:51,2018-03-14,0,brasilia,DF,19.9,14.1,1.0,1.0,250.0,35.0,13.0,19.0,8645.0
7ff1a09b20dab40c3d68630eb3b56a22,e731ba7b6903d44433f7cc1161d2f1cb,2017-08-01 21:07:18,2017-08-01 21:50:13,2017-08-21,0,sao jose dos campos,SP,60.699999999999996,35.54,3.0,1.0,300.0,40.0,4.0,30.0,4800.0
e8b733ef6cfc7789f508ec9457122f42,701df2059403903cd511a0693e0138e1,2017-10-17 23:32:50,2017-10-17 23:49:33,2017-11-07,0,sao goncalo,RJ,15.6,14.1,1.0,1.0,500.0,30.0,30.0,30.0,27000.0
c6c0485c02e45b1f484c318d540257a1,0457d8f15475757888a0064b63e01663,2017-07-11 22:40:04,2017-07-13 03:04:31,2017-07-31,0,sao paulo,SP,65.0,12.79,1.0,1.0,550.0,20.0,10.0,14.0,2800.0
a45a7a951625bffc98203d07f77e872e,c600223b2102c093e499cb6c4f6d8eac,2018-01-10 20:58:38,2018-01-11 03:09:17,2018-02-15,0,juazeiro,BA,129.0,20.14,1.0,1.0,6550.0,38.0,30.0,28.0,31920.0
8826b56d45c25577190e5c91fdca2a61,b7e45e7dbe7999fde2c43437ed74931e,2017-11-01 22:27:16,2017-11-01 22:45:15,2017-11-22,0,guaratingueta,SP,45.9,11.85,1.0,1.0,300.0,23.0,8.0,19.0,3496.0
2cfc79d9582e9135c0a9b61fa60e6b21,f530197ea86ced9488a03d055e118ebf,2018-02-19 17:11:34,2018-02-19 17:20:52,2018-03-15,0,salvador,BA,59.9,19.66,1.0,1.0,550.0,46.0,10.0,32.0,14720.0
850f385057143a59fdc6840f5fb58c63,fceaae36ccd575ed9807e3b17cb4e95d,2017-11-24 16:07:06,2017-11-25 05:38:23,2017-12-19,0,jaragua do sul,SC,39.99,17.6,1.0,1.0,250.0,30.0,10.0,20.0,6000.0
39444c4357a54def3a087956dbb17e62,8c1c6531da36aa724b50271c55a29ecf,2017-08-17 20:09:29,2017-08-19 02:30:17,2017-09-13,1,santa maria,RS,25.9,15.1,1.0,1.0,150.0,16.0,16.0,11.0,2816.0
30d7ab7638f1f3420e09474f704fe784,05ce0877a2e5b2962c27bb5ebe62caad,2017-08-22 12:49:28,2017-08-22 13:07:25,2017-09-18,0,timbo,SC,418.0,69.45,1.0,1.0,25600.0,65.0,72.0,35.0,163800.0
fbb1eb1825f3fabe6f29d8f2837d351c,dbf5ae77201c47ae393b07a60788620b,2018-03-03 21:55:12,2018-03-03 22:10:33,2018-04-02,0,santa maria,RS,76.8,41.68,1.0,1.0,650.0,20.0,35.0,20.0,14000.0
c5cb8ff0538e13ce7112d7f51b705d54,9800729155e4255834b080a60b6bcda9,2017-11-30 13:31:15,2017-11-30 14:31:36,2017-12-18,0,rio de janeiro,RJ,299.99,14.93,1.0,1.0,1582.0,31.0,31.0,35.0,33635.0
0bcc4cc85c24f23e22013fd22f99728f,4d42435d173517c3f79098cee92ea787,2017-12-05 13:43:47,2017-12-05 13:53:52,2018-01-05,0,floreal,SP,177.99,17.01,1.0,1.0,950.0,53.0,5.0,13.0,3445.0
d19772e154f0929b89a1dab65648767b,b95975b682b09a1890557a1ab4021873,2017-10-05 19:12:29,2017-10-06 19:07:08,2017-11-10,0,loreto,MA,1599.99,43.65,1.0,1.0,2600.0,16.0,31.0,39.0,19344.0
0e75e6ce3e632eb1473af3854f583029,1b222a0f1414bd06b17256aebafaa498,2017-04-24 10:14:16,2017-04-26 10:34:20,2017-05-15,0,belo horizonte,MG,32.9,14.52,1.0,1.0,400.0,35.0,30.0,20.0,21000.0
cad0978e6d52213f4c78b26626fc40c0,301885a94c474b91e3701ddda2bbdc09,2018-01-20 19:51:16,2018-01-20 20:20:13,2018-02-06,0,guarulhos,SP,171.98,17.6,1.0,1.0,450.0,27.0,16.0,27.0,11664.0
7f2e7db0db716e57b5f65080fb85f397,9359277ae2c0ab1772190a4b769f148e,2018-02-17 19:47:03,2018-02-17 20:06:38,2018-03-15,0,aracaju,SE,13.65,21.15,1.0,1.0,200.0,25.0,7.0,16.0,2800.0
5c4ddbfa718a93f4b6b964b9e19472df,406c04dcbb14cfc2efdfa97866b1f17d,2017-04-30 17:50:27,2017-04-30 18:03:06,2017-06-06,0,brasilia,DF,144.99,36.56,1.0,1.0,8750.0,52.0,51.0,17.0,45084.0
8b5883ec44f905583a827ff06b986a6f,40347ab50e70f84eb4281ced0126b3ee,2017-04-25 14:30:56,2017-04-27 13:10:24,2017-05-12,0,valinhos,SP,381.99,37.66,1.0,1.0,16600.0,42.0,90.0,26.0,98280.0
8cbb6ada60ae90f4d6f76d2a7bb5e085,0f28203c5b6a0b0831a64782419024a4,2018-01-30 21:03:55,2018-01-30 21:15:35,2018-02-22,0,santa cruz de minas,MG,99.0,56.99,1.0,1.0,22850.0,19.0,16.0,19.0,5776.0
6f95997d009a6c89f18029f779a6de56,d0059e82d12bd59f23e4e09b322e8d57,2018-02-05 10:16:36,2018-02-05 10:35:36,2018-03-06,1,rio de janeiro,RJ,113.0,21.28,1.0,1.0,1625.0,29.0,21.0,21.0,12789.0
259db13389bfe3716dd43778b0421777,40ace4550b2427f298fce14235349f25,2017-02-15 07:51:32,2017-02-16 02:23:30,2017-03-24,0,santa barbara,MG,50.0,20.8,1.0,1.0,250.0,16.0,6.0,13.0,1248.0
fe3ca9765d6e5b105da173688a12974f,4147936731c5b4312f3baadbf7a642f8,2017-04-29 08:07:48,2017-04-29 08:15:14,2017-05-30,0,lebon regis,SC,53.9,11.77,1.0,1.0,1000.0,25.0,20.0,25.0,12500.0
8e65fdbf220572dfd3430631b5d89947,de2425c7317b3c9ecf9a1a31da719569,2017-07-26 17:36:36,2017-07-26 17:50:18,2017-08-21,0,serra,ES,69.98,28.2,1.0,1.0,217.0,16.0,14.0,14.0,3136.0
9ec3685b1f21c7dfff4f656392b186dd,952f534f87d6ec6eeaa2cfd1d5987362,2018-02-20 11:37:45,2018-02-20 11:50:31,2018-03-12,0,conchas,SP,89.58,17.34,1.0,1.0,2900.0,61.0,8.0,61.0,29768.0
77c65697055f082d537f537f084f9fae,543e8185af0947557b5633c2b3d94a47,2017-05-16 17:41:05,2017-05-16 17:50:16,2017-06-20,0,natal,RN,50.0,42.3,2.0,1.0,300.0,23.0,10.0,20.5,4715.0
56d1fb4a6598e5323822ae47a4d14c9d,27d2e4ebaa061c90646c53dce7079645,2018-03-03 12:55:37,2018-03-03 15:55:23,2018-03-26,0,bom jesus do itabapoana,RJ,16.99,15.1,1.0,1.0,200.0,19.0,5.0,13.0,1235.0
d7f7f3b19ccf1b6ee1f4b876df47e9ff,869b329d6dcf12add510edf0e516565e,2017-12-19 13:08:34,2017-12-21 02:11:00,2018-01-15,0,sao paulo,SP,139.9,30.82,1.0,1.0,5950.0,20.0,30.0,80.0,48000.0
40c4ddc2d5c871c28df2d3f804f02340,97a0936bd145e77b88c0a49c7d38add5,2017-07-24 09:04:36,2017-07-24 09:22:57,2017-08-15,0,rio de janeiro,RJ,72.0,65.31,1.0,1.0,16150.0,28.0,15.0,15.0,6300.0
010ab3b1993057e91f825c672375a66d,0e17f21d1c39581137b6cbc8d14bea37,2017-02-20 08:19:21,2017-02-20 08:30:15,2017-03-23,0,rio de janeiro,RJ,139.9,15.15,1.0,1.0,300.0,16.0,11.0,11.0,1936.0
a6ddd2889891733e0af306332c71a3b8,ad4bd45f6fff9e63bc8447af2af95544,2018-02-14 13:38:46,2018-02-14 13:50:32,2018-03-16,0,santa isabel,SP,89.8,23.46,1.0,1.0,1390.0,18.0,11.0,25.0,4950.0
7298f7a474d54998fe1d4c98f0779eff,8d5c9911b3188c197d27411808705b52,2017-08-04 22:46:46,2017-08-04 23:05:24,2017-08-28,0,rio de janeiro,RJ,69.9,16.74,1.0,1.0,1038.0,41.0,22.0,28.0,25256.0
42668f834ab1750edde339550084f090,75abc7c1601fdd71de4172156e87081e,2017-10-15 20:20:56,2017-10-15 20:35:13,2017-10-26,0,sao paulo,SP,50.0,9.34,1.0,1.0,850.0,20.0,12.0,13.0,3120.0
46d2741b78a72c2f07bf0f3c34c4ceab,a34deff3fac2f07c8a085e4d832034be,2017-05-19 10:02:05,2017-05-20 04:03:03,2017-06-14,0,brasilia,DF,74.4,48.33,2.0,1.0,800.0,100.0,5.0,14.0,7000.0
3c6e9cb84555b442fd5622e552195a14,6ad03e6634e7f06c67c6d6833930dee9,2017-07-12 23:09:37,2017-07-12 23:25:12,2017-08-07,0,munhoz de melo,PR,205.0,26.27,1.0,1.0,9750.0,35.0,12.0,30.0,12600.0
5aa39cf65e06c33f4f504d708a90887a,60bc46281adf6d71c2ff094ce21ee185,2018-02-08 13:56:42,2018-02-08 14:15:34,2018-03-06,1,rio de janeiro,RJ,24.99,14.1,1.0,1.0,300.0,17.0,4.0,12.0,816.0
e5529743a1c280328cb7fa14a08b69dc,c4cee4edee9d85a78db3eb7990444595,2017-08-22 12:09:09,2017-08-22 12:26:31,2017-09-12,0,rio pardo de minas,MG,45.0,40.52,1.0,1.0,5150.0,22.0,3.0,22.0,1452.0
1239d3562a6ab53c79a35595a63c5c59,15fc8e622a91144dccf887fa5525c3b4,2018-02-26 21:10:57,2018-02-26 21:28:45,2018-03-20,0,belo horizonte,MG,53.0,16.13,1.0,1.0,650.0,16.0,10.0,16.0,2560.0
c68e29125ffdf4760e1e0cc3ef931a3f,1dce77c0f8f7a5bd2487cda13f723220,2018-01-14 21:16:55,2018-01-16 03:50:10,2018-02-07,0,niteroi,RJ,49.0,15.79,1.0,1.0,350.0,69.0,11.0,11.0,8349.0
055bef2dbc886956379d21a556e11ff9,c11d593808566de4220559b14b75be36,2018-01-10 11:40:26,2018-01-10 11:46:27,2018-01-31,1,sao roque,SP,139.9,13.53,1.0,1.0,3500.0,36.0,30.0,32.0,34560.0
dc43d5f57ffe55850a557219c8fb0908,481cbc746dfc704f82c29b414d698c6e,2018-03-03 12:28:17,2018-03-06 03:50:46,2018-03-21,1,campinas,SP,53.9,13.4,1.0,1.0,1550.0,30.0,22.0,30.0,19800.0
fa70e6eb878dec546f11aba9afcf1f28,29d3bcf6907cfe9918a7d698d5bf874a,2017-08-16 01:00:34,2017-08-17 09:30:14,2017-09-22,0,natal,RN,74.5,25.07,1.0,1.0,350.0,42.0,27.0,42.0,47628.0
a0e963520ec328f1d0dfa09fc1deb60e,39261fec306b283a5bced88361e4693d,2017-11-09 12:05:32,2017-11-10 03:27:03,2017-11-23,0,sao paulo,SP,11.97,7.78,1.0,1.0,800.0,17.0,21.0,11.0,3927.0
44d3984d00152b899eff3953948a0124,9cf795ff93fd465c917a295a67712ea6,2017-07-04 11:22:34,2017-07-04 11:35:15,2017-07-24,0,paulinia,SP,48.9,12.69,1.0,1.0,900.0,25.0,60.0,35.0,52500.0
f217ef35505a16b5b577f5ba98195332,10f9523277057450c5c9fba7adfde3ec,2017-08-31 12:48:53,2017-08-31 13:04:26,2017-10-02,0,macau,RN,119.9,56.73,1.0,1.0,300.0,16.0,13.0,14.0,2912.0
5ad7d897998f9bab0176a1c82b7437ea,d998224127a8d4a8ca5ddf2a59006bb6,2017-08-28 20:17:51,2017-08-28 20:25:37,2017-09-18,0,sao jose,SC,76.99,14.29,1.0,1.0,600.0,17.0,22.0,20.0,7480.0
049f68d642ed97629f4f13966b3082af,514c224360b5f3d898bc57052663ba38,2017-12-25 17:49:18,2017-12-27 04:14:47,2018-01-24,0,rio verde,GO,109.9,25.61,1.0,1.0,1750.0,30.0,30.0,30.0,27000.0
7ba1fd18a995ff2c401b69344ed3ac21,bc1de87b881c8cb6d4a1e8119b0e27b5,2017-04-14 20:05:51,2017-04-14 20:15:19,2017-05-08,0,guaruja,SP,66.82,21.92,1.0,1.0,500.0,36.0,3.0,11.0,1188.0
05e8d222c5597784b04c804e183599c7,9ee50c5ffc022a4e663f5d4af3de3d75,2017-11-22 17:47:12,2017-11-22 18:06:45,2017-12-13,0,alem paraiba,MG,59.9,17.67,1.0,1.0,1750.0,37.0,22.0,40.0,32560.0
3f72f5304e4f8c8cd61260e86c8fa917,2a79bd6b8619530d1d3cc667733b9254,2018-03-21 21:33:45,2018-03-21 21:49:01,2018-04-16,0,minacu,GO,29.98,18.23,1.0,1.0,150.0,18.0,3.0,16.0,864.0
bc5cea9719955b2337f23a87db809566,d605f9f01f069c8665dba62d0d8de501,2017-11-12 17:39:03,2017-11-14 10:27:40,2017-12-04,0,serra,ES,26.9,14.1,1.0,1.0,200.0,16.0,10.0,11.0,1760.0
c290cb2817cca2e8d2656617d17acfad,cdbc634c11939aa969432f57aa566414,2017-03-16 10:38:02,2017-03-16 10:38:02,2017-04-05,0,belo horizonte,MG,24.9,8.72,1.0,1.0,400.0,38.0,2.0,29.0,2204.0
fed6eb3bc0bf436d4f59e87714170a38,227d084a3c26346a30c2d1007073b49a,2017-04-11 19:48:11,2017-04-11 20:02:28,2017-05-05,0,santa rita do sapucai,MG,59.9,14.59,1.0,1.0,1617.0,19.0,15.0,18.0,5130.0
d9249bddb2097479f5b0eede146ed02d,470fa3fd312895b59fc3b5394bcc99fe,2017-09-19 16:26:26,2017-09-19 16:37:19,2017-10-11,0,florianopolis,SC,240.35,19.25,1.0,1.0,400.0,28.0,6.0,20.0,3360.0
ac5e42e77576b755d49cc3bb5db277d9,30f286499a9a733763ca895d16ab0ea6,2017-12-26 13:17:57,2017-12-27 04:14:48,2018-02-05,0,alegrete,RS,65.9,34.26,1.0,1.0,375.0,26.0,8.0,18.0,3744.0
a1c2c61b9bc1876019b2b74b3a84f26e,ae25265cf319f68008560dda699284a1,2018-02-17 12:09:24,2018-02-17 12:26:48,2018-03-14,0,vitoria,ES,479.9,22.85,1.0,1.0,2500.0,25.0,20.0,35.0,17500.0
1a95dfd9e13740601984c50db97e0848,852daf7fcc8c2af8f7dd380a8c47c943,2017-07-17 20:39:31,2017-07-18 20:45:17,2017-08-16,0,feira de santana,BA,129.99,20.15,1.0,1.0,4700.0,42.0,25.0,15.0,15750.0
e980f0348ae8c85c6eb7e23e9ee42b27,7a963c3034d1ada261ac346c56843264,2018-02-26 19:22:56,2018-02-26 19:35:25,2018-03-26,1,ouro branco,MG,180.0,16.01,1.0,1.0,175.0,20.0,20.0,20.0,8000.0
882cc2d9218a566e31934f8d5dceb1fd,cf5186e095b1b6a663be940b4b4e6ed2,2018-02-01 10:28:21,2018-02-01 10:52:02,2018-03-01,0,belo horizonte,MG,19.99,14.1,1.0,1.0,150.0,16.0,6.0,11.0,1056.0
da7e814c079cfdd00249b4127a6581e9,c434f0f090750e2947398421305ad055,2017-05-28 19:15:41,2017-05-28 19:30:19,2017-06-23,0,sao borja,RS,29.9,15.1,1.0,1.0,150.0,23.0,14.0,14.0,4508.0
cbcbf16b779a45730bd03de1dc68131b,1a7bab6bcb194aaba51c9e90c7d27340,2017-12-06 17:17:11,2017-12-06 18:21:15,2018-01-03,1,campos dos goytacazes,RJ,52.0,17.61,1.0,1.0,7150.0,47.0,26.0,35.0,42770.0
543e16341e28ed8a88ab9c1f77e48b07,daf74012e80df98bd7589a26389a44e7,2018-03-05 14:27:58,2018-03-05 15:00:21,2018-03-21,0,sao paulo,SP,79.0,12.05,1.0,1.0,200.0,16.0,16.0,16.0,4096.0
11579a4d945640c5c3a69f93c0986982,ee8f0c49ed13656cf3210d7b9d8f2532,2018-02-28 17:02:34,2018-02-28 17:11:05,2018-03-27,0,aracaju,SE,58.99,24.96,1.0,1.0,200.0,22.0,10.0,18.0,3960.0
eacabc11d89126dfd871cddb597a0409,520f054a1dae283f1d09b11e621c27b8,2017-04-20 10:55:32,2017-04-21 05:22:10,2017-05-19,0,cachoeira do sul,RS,19.99,16.05,1.0,1.0,100.0,20.0,15.0,15.0,4500.0
d40dbedba7f8e8c83567c4096c8ab8c1,1212da3795e784371c8305d0e0dae7f8,2018-04-03 11:34:06,2018-04-03 11:49:04,2018-04-26,0,brasilia,DF,16.9,15.23,1.0,1.0,250.0,16.0,15.0,15.0,3600.0
ac7e043e7f3ef81cfd073dbaa2f248ac,c1263a9c22f0a4e9d49ebcea620e5a34,2017-11-17 19:55:05,2017-11-17 21:15:52,2017-12-13,0,jundiai,SP,35.9,16.11,1.0,1.0,550.0,16.0,2.0,11.0,352.0
415b8ac19f5bc8c2f9796aebb5f4b84a,e5185a1a40478261515279df8ae25a9c,2017-07-28 22:02:32,2017-07-28 22:15:11,2017-08-23,0,arapongas,PR,134.9,21.43,1.0,1.0,8350.0,50.0,27.0,38.0,51300.0
6907ea7150759a085c8ed75a55aeb90d,e69714d6b494f7279512327ebcc01889,2017-05-17 11:36:51,2017-05-17 13:04:02,2017-06-14,0,rio de janeiro,RJ,2109.9,40.91,1.0,1.0,2900.0,53.0,11.0,31.0,18073.0
3c4e225b9b32cc19fcefee42082df53f,a5c2163d1b3b465342d92ef5c8e398b4,2017-10-26 14:06:12,2017-10-27 13:07:18,2017-11-14,0,pereira barreto,SP,59.0,16.04,1.0,1.0,1625.0,17.0,15.0,16.0,4080.0
826a93df8a62b6ce26a14ebd2fc0e93c,36ff08e1357f1f20911a508fa79a4d3c,2018-03-10 19:20:48,2018-03-10 19:35:23,2018-03-28,0,sao paulo,SP,151.9,17.97,1.0,1.0,4338.0,17.0,12.0,14.0,2856.0
5a3b1c29a49756e75f1ef513383c0c12,be1c4e52bb71e0c54b11a26b8e8d59f2,2017-10-17 13:06:29,2017-10-18 13:06:21,2017-11-03,0,sao paulo,SP,715.08,138.86,6.0,2.0,1218.1818181818182,37.90909090909091,9.181818181818182,38.90909090909091,13543.257700976706
e7fed674bb29ac98193d392f363cfcf1,6d67f906ad6110359e143ccbc441073c,2017-11-07 18:47:25,2017-11-07 18:56:00,2017-12-01,0,caete,MG,27.99,14.1,1.0,1.0,300.0,17.0,4.0,12.0,816.0
eb648c502f9756a959be78b19b069bc3,dcf29d92b5428a9fbcdff7b35442e1c2,2017-11-26 23:03:38,2017-11-28 03:31:16,2017-12-27,0,paicandu,PR,79.0,17.8,1.0,1.0,7000.0,60.0,20.0,30.0,36000.0
b7a592c88818dcacf25f151e67f0bd8c,9df082314a3267c298bfc605619007f9,2017-02-27 08:03:48,2017-02-27 08:21:35,2017-03-24,0,sapucaia do sul,RS,128.99,16.6,1.0,1.0,900.0,20.0,20.0,20.0,8000.0
baceff219fc0248362312e53ade80ec3,a9eac7ee0a9931e4d6bb879aa80a60c8,2017-07-13 12:39:36,2017-07-14 02:25:30,2017-08-07,0,ouro preto,MG,28.9,15.1,1.0,1.0,400.0,20.0,17.0,17.0,5780.0
b095ec7b830d94cc7e1b67fed0455c01,85051f9b3e9909676bf77f69a2c05b20,2017-09-20 11:49:49,2017-09-20 12:04:41,2017-10-05,0,sao paulo,SP,24.99,8.72,1.0,1.0,400.0,16.0,6.0,11.0,1056.0
5eeef0a291829b4a3e2ebfd8effac242,940c3a34a89c24181632bd0a851328be,2017-06-12 22:15:32,2017-06-12 22:25:18,2017-07-05,0,juiz de fora,MG,50.63,15.1,1.0,1.0,400.0,20.0,7.0,11.0,1540.0
a3f048db7f6523ded5c260c1ea0bf007,012ca3bed937a20fa19642e8e53d831c,2017-07-31 23:06:47,2017-07-31 23:25:25,2017-08-18,0,santo anastacio,SP,159.53,26.46,2.0,1.0,1550.0,37.5,6.5,32.5,7921.875
19d8b9d9a60cda90fc402ad5580a0faf,55301531b32179f1220ed9cf9e5d4344,2017-06-09 22:49:58,2017-06-09 23:05:10,2017-07-13,0,belo horizonte,MG,169.99,17.63,1.0,1.0,200.0,21.0,14.0,15.0,4410.0
7701acffdc4a67fac70f9ba0d45cdf41,2c3e6d34925ae17def03b796b63e8dfe,2017-03-28 21:45:33,2017-03-28 21:55:20,2017-04-17,0,jacarei,SP,80.25,14.33,1.0,1.0,550.0,30.0,10.0,17.0,5100.0
58c3b9078e5980f72acd38350898f93d,d3cb6584f820e1ade0b4c054fe5b0e1c,2018-01-22 12:07:05,2018-01-22 14:54:24,2018-02-16,1,maringa,PR,150.0,15.8,1.0,1.0,300.0,16.0,4.0,11.0,704.0
405ea1828ef697a508aea9cdafdc7e79,feb56fff80908f4fe956fbd278817f59,2018-03-27 19:33:01,2018-03-27 19:47:20,2018-04-23,0,lagoa dourada,MG,54.9,22.09,1.0,1.0,350.0,20.0,10.0,20.0,4000.0
47a2809ec3c2d8c1263a2e09fb62cbcf,8e2c656d2fe9f0d003a5507c15fe39ae,2018-02-02 19:29:48,2018-02-02 20:12:00,2018-03-12,0,rio de janeiro,RJ,112.0,15.53,1.0,1.0,150.0,16.0,6.0,11.0,1056.0
6794ab5374144f767116f479c562f7b4,0dbcd05590805375b6b0a913f2f7a876,2017-03-19 16:18:45,2017-03-19 16:18:45,2017-04-06,0,sao paulo,SP,32.9,10.96,1.0,1.0,950.0,25.0,11.0,15.0,4125.0
53d5e4affad7b33468d44e8eba9b55a4,09d1176d20540efe9ec72d34902ca493,2017-11-11 18:49:17,2017-11-11 19:10:18,2017-12-08,0,sorocaba,SP,59.9,12.55,1.0,1.0,700.0,40.0,45.0,25.0,45000.0
5270a6da2c326132afd3b3c0a186a795,17523021fe9a32dce622cb883869fa4d,2018-01-17 21:15:38,2018-01-17 21:29:56,2018-02-19,1,canoas,RS,99.9,17.95,1.0,1.0,1050.0,38.0,10.0,38.0,14440.0
4409a8e68e232a6718d156e93a58f3ec,194bfa6e3a7191e554f24e92d2651ce4,2017-11-28 14:09:58,2017-11-28 14:20:19,2017-12-12,0,sorocaba,SP,30.6,7.78,1.0,1.0,200.0,14.0,13.0,12.0,2184.0
626769ebfbed1c226afe8deb0a5381fc,bc1001ca98d679d8bf6e2a9e1b519fe9,2017-11-21 18:33:24,2017-11-23 02:38:34,2017-12-18,0,arandu,SP,59.9,16.18,1.0,1.0,700.0,40.0,45.0,25.0,45000.0
a9ef87f686349168d7b25621bac29d5e,0df186e89fa6f0d7724df6839ad18fe5,2018-01-09 10:47:10,2018-01-10 10:49:26,2018-01-26,1,itapevi,SP,47.49,9.94,1.0,1.0,175.0,23.0,21.0,21.0,10143.0
b7c3dc0093239be66c61081692c5ead2,80bf208c0f8342186645e3ca04fdb2fa,2017-12-11 17:14:39,2017-12-11 17:32:19,2017-12-28,0,sao paulo,SP,13.65,7.78,1.0,1.0,150.0,25.0,7.0,16.0,2800.0
450c38e2c35be1d12fb07ad8c2432ebd,7b530dd0b6024eaf341aae361f575254,2018-02-05 20:08:57,2018-02-05 20:29:48,2018-03-08,0,indiapora,SP,160.78,16.89,1.0,1.0,600.0,17.0,2.0,16.0,544.0
693675b8c01ce4f45378b230cc1d15b9,53a5f51bfd61224352810a4b5d33edae,2017-08-16 21:45:43,2017-08-16 23:25:41,2017-09-08,0,presidente prudente,SP,214.0,18.75,1.0,1.0,2313.0,45.0,11.0,32.0,15840.0
ed6878f64d1bb00f07e210dfaaf9e4d3,396e166b4e65309db46b7c9945c89a33,2017-01-20 13:32:34,2017-01-20 13:45:10,2017-03-10,0,sete de setembro,RS,54.9,20.83,1.0,1.0,300.0,16.0,9.0,11.0,1584.0
79632fd4663d3f0ff7dee9ac7a31a43a,9970215408a648495484733ce1e7c7f8,2017-12-05 21:57:17,2017-12-05 22:10:11,2018-01-04,0,aguas vermelhas,MG,59.98,32.22,1.0,1.0,150.0,30.0,10.0,20.0,6000.0
ccb48770165d34335e1d156d6d2c6ec7,4b51c20a256e426ffa5fdf3471d20cfe,2018-02-15 12:39:44,2018-02-15 12:50:26,2018-03-13,0,sao luis,MA,,,,,,,,,
cf739f0737d8e40da84e5880f048a994,b0e374d2f2acb958d14630cbf356070a,2018-03-26 23:37:36,2018-03-26 23:50:11,2018-04-23,0,niteroi,RJ,33.8,44.12,1.0,1.0,410.0,39.0,3.0,28.0,3276.0
5312bad5331c273fdc6cb8069bedcd03,80911d64b01b8af716553f3b45393ad1,2017-11-03 14:23:33,2017-11-04 07:30:41,2017-11-23,0,marilia,SP,50.0,13.37,1.0,1.0,6850.0,48.0,25.0,34.0,40800.0
77d4a04d4a453d14c0a086cfd2f00fec,f5d9b89ce7c2abbca426c36ae04e613d,2017-08-15 20:08:04,2017-08-15 21:45:25,2017-09-06,0,sete lagoas,MG,51.92,16.12,1.0,1.0,700.0,35.0,4.0,30.0,4200.0
0757cf1c2a32b4597b8192f2c4912adf,c3dc6b915bf0b799fa7f374212b0faf2,2017-07-17 18:44:08,2017-07-18 05:55:22,2017-08-10,0,sao paulo,SP,89.69999999999999,35.550000000000004,2.0,1.0,400.0,30.0,10.0,30.0,9000.0
d3244b7027fc12dbc070c6994d29ad50,0d7632a160295b6f335a091a24a15cca,2017-07-09 16:57:55,2017-07-09 17:10:20,2017-07-28,0,sao jose do rio preto,SP,79.9,12.9,1.0,1.0,950.0,44.0,2.0,36.0,3168.0
f25ddb6cd62d720a5d91fff80467930a,b482b6eb1e1daa52fc0b17faea2cfb4d,2018-01-13 13:19:46,2018-01-13 13:29:24,2018-03-08,0,manaus,AM,388.0,32.13,1.0,1.0,10750.0,38.0,47.0,44.0,78584.0
d8627b28da69b163792bfd62ce10b6f4,f08164b2d28b71e289f92f628e7cba37,2017-02-28 22:22:48,2017-02-28 22:35:15,2017-03-24,0,dois vizinhos,PR,48.8,10.96,1.0,1.0,300.0,18.0,9.0,13.0,2106.0
6d124ae5d617f5ddf8eee412524850c0,efdec3ea6e5812a498878e88c96d160c,2018-03-29 23:56:38,2018-03-30 00:09:22,2018-05-07,0,sao goncalo,RJ,79.99,39.95,1.0,1.0,8200.0,53.0,74.0,18.0,70596.0
0035246a40f520710769010f752e7507,4bcf2ad7ccc061c13ff360aae5b7abcd,2017-08-17 00:57:23,2017-08-17 01:25:39,2017-09-06,0,sao paulo,SP,87.0,12.11,1.0,1.0,1300.0,45.0,15.0,35.0,23625.0
fdc259a28a8f4ba4ea007b10244a8272,0dfb45e4e023f6d20188da2f6145a3ed,2017-09-25 21:33:51,2017-09-25 21:49:49,2017-10-23,0,campina grande do sul,PR,105.89,32.28,2.0,2.0,900.0,55.0,7.0,50.0,19250.0
abd78b3b49820a5123521bb2204af795,8e1aacdd0ecb7164d5bca94b7fab4135,2018-01-16 09:45:37,2018-01-16 09:53:21,2018-02-07,0,niteroi,RJ,212.0,40.46,1.0,1.0,2800.0,103.0,8.0,20.0,16480.0
2ec5ae6b4bef1de1d800902041762302,4e508aee7341ba61e85f371d160ae396,2017-09-11 22:15:48,2017-09-11 22:30:11,2017-10-06,1,maceio,AL,19.9,34.15,1.0,1.0,100.0,16.0,12.0,12.0,2304.0
c108072ab31ec90a754129c171577f5f,a979b3cbd898fd8be91a290a667fd0d4,2017-10-16 21:13:03,2017-10-16 21:28:13,2017-10-26,0,sao jose dos campos,SP,200.0,10.82,1.0,1.0,1000.0,31.0,5.0,15.0,2325.0
288ec48ad5ea4c98afe99ea53d523b78,fec424751aa87f5451286fc3d532fae4,2017-06-18 14:27:29,2017-06-20 10:43:46,2017-07-07,0,nova prata,RS,41.9,12.48,1.0,1.0,400.0,21.0,5.0,15.0,1575.0
e6a66a8350bb88497954d37688ab123e,8db09297f613aa7c953b997e92b750db,2017-04-03 18:59:59,2017-04-03 19:15:11,2017-04-25,0,brotas,SP,79.9,11.95,1.0,1.0,850.0,31.0,20.0,32.0,19840.0
887b5b39f6f5c08315aa901f0fadba6d,50ef4067638c55d3a31c306fda104538,2017-12-28 11:57:01,2017-12-28 12:08:16,2018-02-09,0,marituba,PA,94.9,21.06,1.0,1.0,1300.0,24.0,10.0,23.0,5520.0
447e8aceeed0daf26dc6c021e72b73ea,aba778637b5257b913982223c1b375f5,2017-08-27 20:30:57,2017-08-27 20:44:39,2017-09-19,0,divinolandia,SP,69.0,15.23,1.0,1.0,107.0,7.0,7.0,10.0,490.0
6142683d7783f0d3661b6a652ef0c5c6,b267fb1c501374f26f3af1022ec98b09,2017-07-19 14:31:53,2017-07-21 02:50:29,2017-08-14,0,sao paulo,SP,134.9,21.43,1.0,1.0,8350.0,50.0,27.0,38.0,51300.0
29ba75517c9ad2e541a05d0d3098dcd9,830098c74c4cb8d01c7eabbf10dbc76e,2018-02-27 16:17:02,2018-02-27 16:35:33,2018-03-20,0,curitiba,PR,119.0,14.58,1.0,1.0,283.0,17.0,13.0,13.0,2873.0
0e7a11a73554ebd7fa1de70d50b75285,953b2f1b03eaf585de5e879a3b4b878f,2018-03-30 05:48:12,2018-03-30 07:07:34,2018-04-19,0,duque de caxias,RJ,12.3,15.23,1.0,1.0,150.0,25.0,7.0,16.0,2800.0
e1171120e3b1615034d5372b0d3254a7,0678f749ee34f9175a0f054d2dd19131,2017-10-03 17:10:52,2017-10-03 17:24:46,2017-11-03,0,ibaiti,PR,84.99,15.34,1.0,1.0,550.0,21.0,12.0,20.0,5040.0
55e144afb3e4115f6c520fb6242cd1bf,57b4e7cf7d4f0e56de189ee0e7d2b472,2017-06-09 16:43:29,2017-06-10 02:45:44,2017-06-23,0,sao paulo,SP,49.59,11.73,1.0,1.0,2200.0,24.0,28.0,24.0,16128.0
d5e8c3df207679f1ae9da8bcb4a35871,c0c9968b87c9b21b9cc522c898b56f56,2018-02-14 22:15:18,2018-02-16 14:30:42,2018-03-12,0,guarulhos,SP,229.9,66.42,1.0,1.0,16100.0,58.0,19.0,85.0,93670.0
0ca3024fdd038f1b734a8f1bc57e9055,4796c2456460470023bd65ce1ee39f6f,2018-01-18 09:03:18,2018-01-18 09:11:28,2018-02-02,0,sao paulo,SP,39.9,9.34,1.0,1.0,950.0,24.0,14.0,32.0,10752.0
770cda5595335d94a7ef1709b00c8eca,a250793aa840d6e7eccda919003ecba7,2017-12-11 19:26:53,2017-12-11 19:34:20,2018-01-11,0,sao paulo,SP,179.99,23.84,1.0,1.0,9813.0,45.0,64.0,39.0,112320.0
3c8702d3b056de079d6cdd6ee1ffeb55,573eb2d54aa19396d7e2ebd1ec460726,2017-02-22 12:31:15,2017-02-22 13:05:30,2017-03-21,0,sao paulo,SP,,,,,,,,,
d8e44f5b26cd539b50d9be42ecbe5d92,6e58debec4d82dd7dbdc9efdaa2bc43a,2017-09-11 17:58:12,2017-09-11 18:10:26,2017-10-06,0,brasilia,DF,39.9,16.6,1.0,1.0,1400.0,30.0,16.0,30.0,14400.0
cf574d4b1efd3d5e152a4cb181b35f8b,7a9157a86c1824030516037d00cbd64e,2018-01-25 19:43:34,2018-01-25 19:52:37,2018-02-20,1,rio de janeiro,RJ,94.55,15.41,1.0,1.0,180.0,17.0,10.0,13.0,2210.0
0874cc8e3901cd3d61e47bd8041c2e8d,bff79ac2dd5a3735291910b86f6de25e,2017-08-18 18:55:02,2017-08-18 19:10:16,2017-09-20,0,bom jesus do itabapoana,RJ,198.89,18.64,1.0,1.0,1200.0,16.0,50.0,16.0,12800.0
894ad6777d752962423e37b3d4e8a83a,18aef611c590091fc3f183f0d527a11a,2017-10-04 13:32:45,2017-10-04 13:49:33,2017-11-17,0,porto velho,RO,149.99,88.06,1.0,1.0,6550.0,20.0,20.0,20.0,8000.0
7fd1ad3183dcd535e1fbbd709f095a4a,e108cd9fef87ab8a6d33ff941da84e27,2017-10-15 23:33:59,2017-10-17 03:56:29,2017-11-10,0,ribeirao claro,PR,45.9,16.11,1.0,1.0,800.0,20.0,20.0,20.0,8000.0
9d0cec155db79a9147a0d80e5c7927c0,e45eac8a6138c1103adefc016b3b5665,2017-12-26 14:57:27,2017-12-26 15:09:29,2018-01-30,0,petropolis,RJ,269.8,77.56,1.0,1.0,922.0,30.0,15.0,17.0,7650.0
c666476105edefde7a138ed12ccb9910,bcd6cf41abb52c34fbc0c481bc144eb9,2017-09-25 22:10:11,2017-09-26 22:14:11,2017-10-18,0,sao paulo,SP,44.99,15.11,1.0,1.0,1250.0,29.0,19.0,22.0,12122.0
f7059c86772ca15e9640e43be7c31fb1,63245dac879daaff3b3a4e5e6f5946aa,2017-10-04 16:29:59,2017-10-05 03:07:19,2017-10-31,0,araras,SP,49.89,26.94,2.0,2.0,75.0,16.5,4.0,14.0,924.0
40aeee6b37546436d467e37ce3e58f6a,d9bb49d24408994b2a3b7728b271ed12,2017-12-03 19:52:57,2017-12-05 04:12:15,2018-01-03,0,diamantina,MG,53.99,15.13,1.0,1.0,200.0,16.0,16.0,13.0,3328.0
b11fba7d4e0cad817d24e2c77032fa0a,d9916b700aca9e5f6b62ae0b61d90f46,2017-07-19 11:42:11,2017-07-20 02:25:55,2017-08-10,0,rio de janeiro,RJ,29.9,14.1,1.0,1.0,5600.0,25.0,37.0,36.0,33300.0
01908071e35fdc75bc0d7764f153abc2,e30bdf332b6c38f5f22d50dec12282cb,2017-10-25 20:49:59,2017-10-27 02:55:19,2017-11-27,0,sao luis,MA,89.0,25.65,1.0,1.0,100.0,20.0,2.0,25.0,1000.0
1ccac023123acc23d8b0af4d3190069d,4324a4ed08aae12544d0dbcfdd6f9c4a,2018-04-08 09:17:01,2018-04-08 09:30:54,2018-04-26,0,colombo,PR,737.99,17.9,1.0,1.0,1500.0,33.0,25.0,11.0,9075.0
9bfc2f3d9f6bdb2f0222e3220a7385f6,3b1a260815b673185573bec5daed5853,2017-11-19 18:19:35,2017-11-19 18:35:21,2017-12-08,0,vitoria,ES,139.9,14.73,1.0,1.0,200.0,16.0,11.0,11.0,1936.0
ef1d282a121e2bee046bbab7f9f88331,1a8ee097c14bb88b04f6a66b4e966d21,2018-02-25 17:16:35,2018-02-25 17:30:29,2018-03-21,0,sao paulo,SP,9.0,35.2,1.0,1.0,1400.0,16.0,2.0,11.0,352.0
1bf58291ea0f8500caa766193e776307,70710a1c05d85f29a67c7641e376daf5,2017-07-27 21:12:52,2017-07-29 02:23:43,2017-08-16,0,ouro verde,SP,87.99,17.33,1.0,1.0,3100.0,64.0,6.0,55.0,21120.0
0a2fff457eab3cadff378f87851dac15,3ff9a0ff4d3f31c042b67356615d82f9,2017-02-10 19:44:25,2017-02-10 19:55:08,2017-03-20,0,jaragua do sul,SC,89.99,14.8,1.0,1.0,9200.0,53.0,52.0,17.0,46852.0
69c57a5417fc7d21a4eefc51ccb864c0,dc755b08c86f5315f97a52458fbd59b0,2017-04-10 13:43:23,2017-04-10 13:55:19,2017-05-04,0,rio das ostras,RJ,89.18,15.83,1.0,1.0,700.0,36.0,21.0,36.0,27216.0
55e6c58fec03654f425a4d47cf4631eb,1a8582fe2b31a03c19ea05a47f1ff106,2017-04-22 17:58:59,2017-04-22 18:10:15,2017-05-17,0,guarulhos,SP,85.0,16.29,1.0,1.0,325.0,21.0,21.0,21.0,9261.0
9934f2be60d7992700e66e947ebb8d07,cffc1605fbd8f27a7b74170511a65263,2018-02-04 21:40:55,2018-02-04 21:55:28,2018-03-06,0,rio de janeiro,RJ,24.99,19.59,1.0,1.0,700.0,30.0,30.0,30.0,27000.0
aa1f345bb394d4b91fea04c459da45c4,4243bdfc60a8e749ec908454e94d0b5d,2017-09-19 11:07:54,2017-09-19 11:28:01,2017-10-17,0,agua boa,MT,57.8,16.84,1.0,1.0,817.0,21.0,23.0,19.0,9177.0
27240c0c08c0744d4070effa2394ba4c,07430e92e9f370ce78184e10a07b3493,2017-07-31 15:14:00,2017-08-01 15:30:18,2017-09-01,0,teresina,PI,129.99,25.46,1.0,1.0,1400.0,42.0,25.0,15.0,15750.0
cac660e19ce4e574bc9b640b681eb881,cca900d7aa2126cfaacbb583cd0432e4,2018-04-11 14:35:13,2018-04-11 14:50:10,2018-05-04,0,ribeirao preto,SP,74.99,13.59,1.0,1.0,3400.0,33.0,25.0,28.0,23100.0
9a5d120ae552d50b367cad2bbd87caa0,01ee3674cbbee7421ea03a3549f0c74d,2017-05-07 16:18:17,2017-05-07 16:30:17,2017-06-12,0,joao pessoa,PB,239.98,46.32,1.0,1.0,800.0,22.0,15.0,27.0,8910.0
2d37b55e71618c48264e6288fc228844,f0e0e47278af8692f9b7f9f9a30d391b,2017-06-07 07:36:03,2017-06-07 07:45:16,2017-07-04,0,sao paulo,SP,299.9,22.94,1.0,1.0,3000.0,29.0,40.0,29.0,33640.0
71affeaa67493ff0db555224e59b1bbb,f369d58e475e144e55d5936248f241cb,2018-04-10 18:30:50,2018-04-10 18:50:21,2018-05-09,0,santa cruz da conceicao,SP,215.0,18.42,1.0,1.0,4650.0,37.0,20.0,34.0,25160.0
154b66f3b29e92e4c9fc7f1ad60cb668,6ab80065dfee8f902e6d0fdabb9bf565,2017-05-16 13:19:09,2017-05-16 13:30:23,2017-06-08,0,joinville,SC,47.99,15.1,1.0,1.0,550.0,20.0,10.0,15.0,3000.0
1de68bbabb4e7529e046e0eb6f6907b3,6a4baba1fb951a029714dc344c13543d,2017-10-22 22:53:45,2017-10-22 23:07:17,2017-11-09,0,sao paulo,SP,49.99,11.85,1.0,1.0,420.0,15.0,9.0,13.0,1755.0
0abb65aa29ab57e5f52f657d22b47648,1652b873dc2f33c68dc15bb05e7542e3,2017-07-02 15:51:01,2017-07-02 16:03:25,2017-07-26,0,sao paulo,SP,8.49,16.11,1.0,1.0,500.0,20.0,18.0,18.0,6480.0
446634c9e8e8c3a70fef1507c82d5c68,9248f24013892b2690a39829f54159b9,2018-02-19 15:16:15,2018-02-19 16:40:28,2018-03-21,1,maceio,AL,224.9,35.37,1.0,1.0,263.0,17.0,12.0,13.0,2652.0
5738b1361143b2ba3e59fcb5dffc7114,79836f353f3bf93edbfb6145332ec447,2017-11-27 16:58:04,2017-11-27 17:20:03,2017-12-20,1,sao goncalo,RJ,139.9,23.85,1.0,1.0,3300.0,20.0,30.0,30.0,18000.0
541a54e2a8381eb2797b40e7b1b255f0,cbb95f8f386e54a6f4f41134f77bc78a,2017-11-08 08:46:40,2017-11-08 09:06:26,2017-11-22,0,americana,SP,49.99,7.78,1.0,1.0,200.0,16.0,2.0,20.0,640.0
64a954ed681af38362c928f1f6a7ec47,3990e05f8ede91d4ed641781605ac253,2018-01-03 00:16:06,2018-01-04 05:15:18,2018-01-26,0,sao paulo,SP,72.2,14.26,1.0,1.0,550.0,17.0,17.0,17.0,4913.0
df275b3b9c9f29071b451ae6d993ef00,ee3f2f412d2ddddc74a7076f4b4da780,2017-08-20 21:46:36,2017-08-20 22:05:31,2017-09-20,0,blumenau,SC,59.9,17.67,1.0,1.0,1650.0,30.0,22.0,30.0,19800.0
8fce31c913563c7a93802d8c2cf758b2,1769a3ebdaadccc529c9e90afd139850,2017-02-03 21:44:34,2017-02-03 21:55:19,2017-03-07,0,embu,SP,46.0,10.96,1.0,1.0,1000.0,18.0,20.0,18.0,6480.0
efb954f0f94973f526cbb1c0492bcffc,a621b3f60876c815447f6d571e3c226d,2017-07-31 17:21:36,2017-07-31 17:35:12,2017-08-29,0,conceicao de macabu,RJ,59.9,17.67,1.0,1.0,1750.0,37.0,22.0,40.0,32560.0
95041d0854644b3f5210e99aae26234c,d56f09ea0b282b3dff43d71600d7b053,2017-08-04 12:41:49,2017-08-05 03:03:11,2017-08-28,0,caxias do sul,RS,59.9,16.18,1.0,1.0,700.0,21.0,10.0,15.0,3150.0
0e5c7d003ff6919e7633939b2cb151fd,ff869205a42a4de9aa4a4bc357c62507,2018-02-07 19:01:39,2018-02-07 19:10:35,2018-03-09,0,firminopolis,GO,86.9,21.1,1.0,1.0,1383.0,50.0,10.0,40.0,20000.0
06a7cc29c9ea73fb0e7d4dc3d9284a76,790b71dafc9a25097d6a911c65f351f6,2017-11-24 22:46:29,2017-11-25 00:58:33,2017-12-18,0,santo andre,SP,39.9,13.37,1.0,1.0,1000.0,40.0,30.0,11.0,13200.0
3443749ed04d4b33597a21fc22e24a4b,e4df5880b01ba6d4f9cb7b9188bc80e5,2017-09-14 18:54:12,2017-09-14 19:10:21,2017-10-09,0,sao joao dos patos,MA,159.9,38.67,1.0,1.0,1500.0,80.0,14.0,16.0,17920.0
df65602000ffdf593af0979d8c8a8544,3bad19aaa42d001d49f219c0cd2d1c60,2018-02-22 13:04:20,2018-02-22 13:15:43,2018-03-20,1,fortaleza,CE,324.0,69.24,1.0,1.0,1000.0,53.0,8.0,18.0,7632.0
26cc9c222792e6af792575ab34ee3ecc,21bdba219d8d2f0f3795d2d97d8e30d4,2018-02-08 19:10:12,2018-02-08 19:32:18,2018-03-05,0,rio de janeiro,RJ,154.8,28.57,2.0,2.0,375.0,18.0,8.5,15.5,2371.5
5d44680d813424f9941feae7cc4cb12b,e172f3db7edcbb3a8de8fd4077a1be8b,2018-04-03 18:29:32,2018-04-03 18:49:53,2018-04-13,0,osasco,SP,20.15,8.88,1.0,1.0,3750.0,25.0,25.0,25.0,15625.0
a56600c329635ec16de77fc6b2ed8ed5,db1fe2ae7820e9233b572700af9930b2,2018-03-15 16:24:11,2018-03-15 16:35:36,2018-03-27,0,sao paulo,SP,270.0,9.65,1.0,1.0,269.0,17.0,11.0,13.0,2431.0
d1f4276166cee5a37d01beb15e2426fc,4eadcffca4cbd545ee337b830acd0b6d,2018-02-26 06:37:45,2018-02-27 04:30:59,2018-03-12,0,sao paulo,SP,15.9,8.72,1.0,1.0,330.0,22.0,4.0,12.0,1056.0
b8752fc264f1692031237bb715061cc4,217368c0bfd8d50699dfb3f303d4c387,2018-02-22 16:58:06,2018-02-22 17:15:47,2018-03-09,0,sao joao de meriti,RJ,59.9,8.27,1.0,1.0,371.0,20.0,16.0,16.0,5120.0
da3c5f58df5d64e0b04915c5ef0f2a6c,41339559e17405fd2dd66312dd70e52c,2017-06-12 18:39:11,2017-06-12 18:50:14,2017-06-26,0,sao bernardo do campo,SP,169.0,15.94,1.0,1.0,6400.0,63.0,11.0,63.0,43659.0
14fc11541ec454b0a370072e1e9f59a0,f873eea53c6efb9f7b57d7822b209e05,2018-02-08 10:50:20,2018-02-08 11:10:56,2018-03-14,0,sao goncalo,RJ,89.9,15.38,1.0,1.0,1500.0,45.0,15.0,35.0,23625.0
f4eb8741e3a999cc0893b2167fd19fde,c1cb06959712f05a747e13a554f44d4b,2018-01-19 12:30:36,2018-01-19 12:56:27,2018-02-20,0,miracema,RJ,213.9,16.25,1.0,1.0,263.0,17.0,12.0,13.0,2652.0
7f323198e815792fca0a3a19277e0bd6,c4d6a7f1826d3a1cd903387966764d2a,2017-09-04 16:48:28,2017-09-04 17:04:22,2017-09-15,0,sao paulo,SP,175.9,10.65,1.0,1.0,800.0,34.0,12.0,16.0,6528.0
031494323fa558eee8dd1bd06fc34713,13cf269afee757997898d939075f59ce,2017-11-26 15:44:00,2017-11-26 15:55:02,2017-12-21,1,mandaguari,PR,13.65,15.1,1.0,1.0,200.0,25.0,7.0,16.0,2800.0
bba3a4e52c97d6726d2faf1f91016c86,5f09aa87610a98957168855e0b781b09,2017-12-14 09:47:08,2017-12-14 09:54:27,2018-01-09,0,sao paulo,SP,177.0,40.29,1.0,1.0,1650.0,30.0,22.0,30.0,19800.0
8c2b7afd2cfc8fe9a8570263718ad09b,19a06d501ee9f39a4e1e0b162fdbd6c1,2018-02-04 01:43:58,2018-02-04 02:43:30,2018-02-21,0,sao paulo,SP,29.99,7.78,1.0,1.0,350.0,17.0,4.0,12.0,816.0
3ea85b54f4c54ccc998b38bebf6c2c15,0096dd625383caa8afe2c028018bf4ce,2018-04-11 13:27:29,2018-04-11 13:50:26,2018-05-25,0,rio de janeiro,RJ,499.99,21.38,1.0,1.0,425.0,17.0,11.0,14.0,2618.0
0cacc6e732b7bc8f08cca2ba2604fb1e,89c8c50250e077c8977215502000c179,2017-10-04 21:26:58,2017-10-04 21:35:23,2017-11-09,0,santa cruz do rio pardo,SP,49.99,15.1,1.0,1.0,150.0,16.0,16.0,16.0,4096.0
35138e39f9a22af41b39da5df0cc6790,ed434f6c999779df08cfcba6f30956fd,2017-11-26 20:33:48,2017-11-26 20:53:20,2017-12-20,0,curitiba,PR,99.99,14.45,1.0,1.0,250.0,16.0,26.0,16.0,6656.0
563c431a361a75cff783684f644d7601,e12afe781ce57ef49bbb9cd678295197,2017-11-16 13:55:14,2017-11-17 04:15:45,2017-12-14,0,mirassol d'oeste,MT,56.85,16.84,1.0,1.0,550.0,24.0,30.0,16.0,11520.0
4b5e919faabfc4bfda408c4810e8aa9e,927915ecedbdb6b7d5af71a55721af3d,2017-11-13 15:32:29,2017-11-13 15:47:25,2017-12-12,0,granja,CE,199.99,111.22,1.0,1.0,18800.0,52.0,36.0,60.0,112320.0
260f6f8e1f649aa1a17a1cbcaffe7726,9432681221f462df34a46ddb23b6e722,2018-03-22 09:58:33,2018-03-23 09:55:23,2018-04-19,0,ibirite,MG,139.99,23.91,1.0,1.0,1400.0,34.0,16.0,23.0,12512.0
f3d641d9bf49ba992b999d270bef052b,8c7986a8516cd0fca2760e8cd92acfdc,2018-04-02 20:32:50,2018-04-03 20:30:13,2018-04-24,1,sao paulo,SP,149.9,25.23,1.0,1.0,10800.0,54.0,27.0,36.0,52488.0
fbed5025efea6c9b776e3826c055ad9e,2ff9559e01499d89efb1d99b938faf7c,2018-03-01 19:18:28,2018-03-01 19:35:30,2018-03-28,1,sao leopoldo,RS,89.99,15.39,1.0,1.0,250.0,22.0,10.0,18.0,3960.0
e00d3f33450408f4b359426def9f3961,d6b7e7a65f2950210e2cf71bb27ef66c,2018-02-17 15:08:02,2018-02-20 07:27:21,2018-03-22,0,cruzeiro,SP,144.41,15.76,1.0,1.0,140.0,22.0,14.0,14.0,4312.0
2b859a50927381b5e99fbf88aea9d1df,c8a5fc21ea39790afb9055fbaf1b430a,2017-08-28 07:20:53,2017-08-28 07:30:18,2017-09-19,0,carmo,RJ,115.0,21.3,1.0,1.0,2550.0,45.0,13.0,35.0,20475.0
71a9bc15cae2d58e86e4be7ae0ddc592,91e482f8c3164d3ccca546c08023e115,2017-07-20 19:17:05,2017-07-20 19:30:09,2017-08-23,0,joao pessoa,PB,98.0,36.01,1.0,1.0,925.0,25.0,6.0,16.0,2400.0
8f28ec50f5b8025bd728c535fbd7eacd,cbd97d7b036a5039e4b48265b7a7a310,2017-04-26 14:23:00,2017-04-26 14:35:08,2017-05-25,1,alagoinhas,BA,125.9,22.81,1.0,1.0,1350.0,40.0,20.0,30.0,24000.0
35525be13c4af8acae0bb6d13c27110d,e2bea5774e2c8aa227075fc4d2c3ba39,2017-09-11 22:51:42,2017-09-11 23:05:37,2017-09-29,0,lages,SC,24.88,16.11,1.0,1.0,550.0,19.0,14.0,10.0,2660.0
8d1129b31f1bf3cd5db9d36e63bb5f75,036de6bf856003f529c1fcd01ad2a357,2017-11-09 14:56:12,2017-11-09 15:07:12,2017-12-04,0,aparecida de goiania,GO,28.9,15.79,1.0,1.0,150.0,24.0,4.0,34.0,3264.0
f03980d2c3fd228857ee4af323e301a1,f9174e0cd78caf5d444cab8479868979,2017-11-27 13:26:43,2017-11-27 13:39:34,2017-12-15,0,marechal candido rondon,PR,168.85,13.31,1.0,1.0,191.0,17.0,15.0,14.0,3570.0
bc0e68520e8fee16c105116281ea8eb7,1ddde5a696caa6d5f0130742338cebdc,2018-02-09 10:06:27,2018-02-10 02:35:58,2018-03-13,0,guaruja,SP,168.0,25.44,1.0,1.0,167.0,16.0,11.0,15.0,2640.0
914b6a66a8869f4e544071994451822b,ad12d6feaa37e9500ae0eb825bf9358c,2017-06-10 19:03:03,2017-06-10 19:15:16,2017-07-13,0,piritiba,BA,93.0,18.22,1.0,1.0,900.0,45.0,15.0,35.0,23625.0
a9b6d8e262a7af70b343cb113509e489,7110ad84c08dbbcd73eb4164e2eb988d,2017-12-03 20:44:47,2017-12-03 20:57:25,2018-01-02,0,sao bernardo do campo,SP,79.9,13.58,1.0,1.0,1300.0,45.0,8.0,35.0,12600.0
ae8f17ccd841c2dcd9c8149a2ac7ae65,296aac913de459261bbf2bfbb9980954,2017-11-13 21:12:23,2017-11-13 21:27:15,2017-12-01,0,sorocaba,SP,33.6,13.37,1.0,1.0,1700.0,22.0,22.0,14.0,6776.0
005b49de51a4e006055e8487a50ad8e4,366c88e3ee5ed365c8529a9639c8b91c,2017-04-09 13:35:38,2017-04-09 13:50:09,2017-05-04,0,bage,RS,46.86,14.52,1.0,1.0,225.0,25.0,9.0,29.0,6525.0
627b0adf375e47134b142cc2bff1d0ba,b6c95d663490247548044b86ac95cd35,2017-09-19 15:22:35,2017-09-19 15:35:22,2017-10-06,0,florianopolis,SC,13.99,14.1,1.0,1.0,50.0,16.0,5.0,11.0,880.0
32f67799858ce0d7f43a0e5fe9dd72d8,67c2579c6b665e1231d2baab7b274597,2018-02-08 14:27:01,2018-02-09 10:11:22,2018-03-09,0,pelotas,RS,189.99,17.09,1.0,1.0,390.0,22.0,12.0,15.0,3960.0
f38d933ca0830750c110bf1a402d0d2a,01addb430c2559dbef0010ca1d4b0989,2018-01-22 11:03:41,2018-01-23 03:36:53,2018-02-19,0,sao paulo,SP,49.98,30.2,1.0,1.0,1300.0,20.0,20.0,20.0,8000.0
184d0d273e35638268d90ed9d912ee8c,e0bd132faf773c66a3577305ba55f8a9,2017-09-16 14:01:00,2017-09-16 14:10:18,2017-09-28,0,belo horizonte,MG,419.9,86.8,1.0,1.0,30000.0,81.0,50.0,50.0,202500.0
6066a9bffba977ef146cf6f56ce9bd5b,393810522bb0c8b9f4d64845cba11e7c,2017-12-18 19:58:36,2017-12-20 16:10:41,2018-01-23,1,caieiras,SP,559.0,37.27,1.0,1.0,17600.0,49.0,49.0,23.0,55223.0
d55cd104a6a05987a3b55d39c0e77995,47fb4a430082767909a0bc89fa392fe4,2017-11-29 18:34:29,2017-11-29 18:49:14,2017-12-27,1,rio de janeiro,RJ,266.0,42.84,1.0,1.0,584.0,16.0,11.0,13.0,2288.0
c1ee8750e81c5ea3177c055eb948a7c3,13709df0dd790e4caf6f2c62468861a2,2018-03-20 15:09:28,2018-03-20 15:29:30,2018-04-02,0,cotia,SP,35.0,12.43,1.0,1.0,1867.0,36.0,6.0,36.0,7776.0
30d3248b5934e2b1e6e6974fd27d0720,c859800e47b268489f7ee387c913a409,2017-07-31 21:58:01,2017-07-31 23:23:28,2017-08-22,0,rio de janeiro,RJ,89.9,17.88,1.0,1.0,1300.0,44.0,2.0,35.0,3080.0
d96b7c2964abbbf7ed9c2765fd25c8f3,dd23ec2d93f81b2da50b3e885e998982,2017-11-23 13:29:30,2017-11-23 13:37:32,2017-12-22,0,sao paulo,SP,265.0,26.37,1.0,1.0,11750.0,82.0,7.0,72.0,41328.0
465ef1a4ae46fb48aa8645dd2b755a54,2181c158dfd236e9c1854c05f1bd6fae,2017-12-03 21:39:07,2017-12-03 22:07:47,2018-01-05,1,recife,PE,84.99,19.13,1.0,1.0,600.0,33.0,19.0,13.0,8151.0
5fa64c45b0cb986d05533f91c67c801e,1f4ef6ade0241043e777a8e9d3060ebb,2017-10-01 08:15:15,2017-10-01 08:28:14,2017-10-24,0,montes claros,MG,89.9,14.36,1.0,1.0,1500.0,20.0,20.0,20.0,8000.0
7f95c99388c7aa1157d5992428f2e94c,8ceebf4d88625946ce9c0956401d575a,2017-09-10 14:02:32,2017-09-10 14:15:11,2017-09-21,0,sao paulo,SP,18.0,7.78,1.0,1.0,217.0,17.0,12.0,13.0,2652.0
2b64e4873e7bec66f8c1f551f88d3e91,4e3b46e9770f521ea3c91fb857c4ae76,2018-03-25 17:19:41,2018-03-25 17:35:19,2018-04-16,0,belo horizonte,MG,84.89,18.47,1.0,1.0,321.0,19.0,14.0,13.0,3458.0
d39427c386e367ef8a3e77bcaef4cb7f,a50e121890928010391cbc82c8b8e83b,2018-02-01 20:44:36,2018-02-01 21:09:59,2018-02-23,0,marinopolis,SP,98.89,16.32,1.0,1.0,2200.0,36.0,11.0,19.0,7524.0
39e36f442707e044192658098a73ec27,24990bb0b93389a084c6a0a628f2b544,2018-04-08 17:32:00,2018-04-08 17:49:49,2018-04-25,0,campinas,SP,49.0,8.29,1.0,1.0,350.0,18.0,10.0,15.0,2700.0
c27941f0a7135ca5f13f3c07ea6b1d28,c46c509b0f184dbaa98821e375af3fbc,2017-08-07 10:00:46,2017-08-08 05:40:17,2017-09-04,0,sao paulo,SP,16.9,17.63,1.0,1.0,250.0,20.0,2.0,14.0,560.0
e1ffbd708395d8b207349e2d6eccb54e,32e9f39916dd3afb917ded71c283b62e,2018-02-26 22:44:53,2018-02-26 23:20:28,2018-03-19,0,rio de janeiro,RJ,109.97,45.23,1.0,1.0,9700.0,27.0,15.0,92.0,37260.0
41a207671f292d00ffea01b171f2a30b,3619df7a89a873ba249bf47e9fc6ed2c,2017-09-04 05:00:16,2017-09-04 09:32:33,2017-09-15,0,ferraz de vasconcelos,SP,84.0,15.56,2.0,1.0,225.0,16.0,2.0,15.5,496.0
d310b23f08b0bb0fc0f040a5b6b285bc,7b3307e35fbe738232601b7b7e8048ff,2017-10-21 20:46:39,2017-10-21 20:56:45,2017-11-03,0,sao paulo,SP,249.99,12.95,1.0,1.0,346.0,18.0,10.0,13.0,2340.0
6ca4871d007ce3c4a6173f53028c28fb,df7b73935d01c5ae82743d422fd02fd9,2018-01-05 08:26:03,2018-01-05 08:47:20,2018-02-08,0,paula freitas,PR,474.9,78.56,2.0,2.0,2185.5,28.5,15.0,15.5,6626.25
9a4705eb98d3d163623b45352b54919a,33f94cb672301b24d91aac31b9ff9178,2018-04-09 20:05:15,2018-04-09 20:29:55,2018-05-03,0,porto alegre,RS,249.0,19.62,1.0,1.0,296.0,16.0,20.0,18.0,5760.0
3a69cf7fb9acd41b2781253402540b9b,766f1f01fc8ad721bd4c72207ed2fe08,2017-04-25 11:30:33,2017-04-25 11:45:10,2017-05-26,0,porto alegre,RS,59.9,16.12,1.0,1.0,2500.0,20.0,11.0,11.0,2420.0
0af1da637acdb5fdd0d77bd209530157,d3e29a43c924fd6064e10fe50ebc8925,2017-06-28 14:43:05,2017-06-28 14:55:17,2017-07-26,0,ananas,TO,96.8,25.96,1.0,1.0,600.0,50.0,10.0,30.0,15000.0
fb98500e6403d8d8848509d3e8665aeb,70e0248a663cd8519bad434195061a95,2017-09-02 20:03:32,2017-09-02 20:15:14,2017-10-02,0,gravatai,RS,49.0,16.6,1.0,1.0,4800.0,22.0,63.0,22.0,30492.0
da5839ce50528e73a7b48bd91613d715,8410370c867c4cae1510ff62163cec28,2018-01-21 11:08:14,2018-01-23 03:36:47,2018-02-14,0,bauru,SP,159.0,19.0,1.0,1.0,3100.0,45.0,45.0,17.0,34425.0
48842751df68fccf0ab0caa30930f21d,14d90e60e59ce7e9e9d2e8fb9dead3a0,2017-05-22 17:54:01,2017-05-22 18:05:19,2017-06-09,0,sao paulo,SP,44.35,13.37,1.0,1.0,1400.0,100.0,7.0,15.0,10500.0
e8af48c1f147fd9b865c90156fc39c8b,3b97b8e5873284156a95b6b8d11a9999,2017-02-15 09:14:49,2017-02-16 02:10:32,2017-03-17,0,capinopolis,MG,45.0,15.21,1.0,1.0,400.0,21.0,7.0,11.0,1617.0
e653b4a7f0bb2a7ccb47b3d4385a6535,6cba5b40e48cd5ec625b9a419fbde209,2018-01-16 10:00:04,2018-01-16 10:10:55,2018-02-06,0,sertaozinho,SP,78.0,19.43,1.0,1.0,4550.0,48.0,18.0,43.0,37152.0
422028dba1a4879bb69bd195fe7063fc,b4373843d1fd375a9b9a2da2ff39ebd0,2017-04-25 14:06:47,2017-04-25 14:22:21,2017-05-19,0,belo horizonte,MG,69.9,11.88,1.0,1.0,925.0,52.0,21.0,33.0,36036.0
99ef3bde6a28c3a831215a21596b0d85,b8e5f13a17dbba03c377de6deb70c588,2017-02-09 18:26:58,2017-02-09 18:35:16,2017-03-10,0,mogi-guacu,SP,79.99,17.37,1.0,1.0,1450.0,24.0,21.0,16.0,8064.0
1f6cad97a0aa4e6f24ed24bcbf098a98,29897a8ad8b964a9103acfcd3a0b9372,2018-03-18 18:33:13,2018-03-18 18:47:41,2018-04-09,0,belo horizonte,MG,106.0,38.68,1.0,1.0,650.0,16.0,10.0,16.0,2560.0
9f1d0b98c248d6afcfd3c708a723edf8,ee346cba5a3efbdd8663133d9ff755e8,2018-01-30 23:42:58,2018-01-30 23:55:47,2018-02-22,1,rio de janeiro,RJ,249.9,69.21,1.0,1.0,5650.0,73.0,73.0,20.0,106580.0
2996508e094e566883c9b4da24cb4d30,cf77e5af5f520eacce45789f54a49312,2018-01-30 21:54:57,2018-01-30 22:11:28,2018-02-15,0,sao paulo,SP,68.0,15.56,2.0,1.0,225.0,16.0,2.0,15.5,496.0
740d8c42d095b801a185f7b8aeb4f9b1,905d495c51041b7d72f23d18e6060fb0,2018-03-14 21:03:17,2018-03-14 21:10:31,2018-03-26,1,campinas,SP,40.0,11.15,1.0,1.0,1400.0,16.0,33.0,18.0,9504.0
3e25999bf7aaaa6030eae32f9ec7a7e3,4499d160ec40728533c4b23180bf6140,2017-10-26 16:14:29,2017-10-26 16:31:07,2017-11-27,0,nova olinda do maranhao,MA,79.9,38.11,1.0,1.0,1850.0,24.0,36.0,23.0,19872.0
a9fc3ae13c740ad46532fd50b61c69d5,04a043776b45158df5f274435321c199,2016-10-04 22:43:33,2016-10-06 15:44:56,2016-11-28,0,caetanopolis,MG,19.9,14.52,1.0,1.0,300.0,21.0,12.0,12.0,3024.0
39c1a4a89678bf3fbbcaa3719ba937dc,2d2c4e5a4b0840c87a09fb9ecc7ef144,2018-02-11 23:27:18,2018-02-11 23:50:36,2018-02-26,0,sao paulo,SP,12.25,7.78,1.0,1.0,175.0,22.0,11.0,16.0,3872.0
a11cd01ac67beef7e8bf09740d8a35c1,51438ab3adcedb8f8c5b9e860f6d57f6,2017-03-10 18:29:46,2017-03-10 18:29:46,2017-03-29,0,sao paulo,SP,79.8,23.48,1.0,1.0,450.0,35.0,7.0,25.0,6125.0
314639bc2e41647756681b0f2afdb306,a8b2feb6b27345e7706e17607e869eb5,2017-06-04 01:07:50,2017-06-06 13:25:29,2017-06-30,0,rio de janeiro,RJ,131.0,23.79,1.0,1.0,4400.0,36.0,12.0,45.0,19440.0
5e9539c329818fcbcf5579c92a58501d,f4f702d7ea3e215274437e0df02de452,2018-01-02 18:55:31,2018-01-02 19:09:07,2018-01-18,0,sao bernardo do campo,SP,50.0,17.44,1.0,1.0,400.0,20.0,20.0,20.0,8000.0
7a2e13975471a7fa79bf252ac36cc095,83901f425d913fa2261031ae7d879018,2018-01-26 00:26:59,2018-01-30 04:31:17,2018-02-09,0,santo andre,SP,29.9,9.09,1.0,1.0,500.0,30.0,20.0,20.0,12000.0
94fabf7998d05f3035718e58cb86d671,5db508fad18c0f8a905f33bdeeeed097,2017-09-23 18:49:08,2017-09-23 19:04:22,2017-10-24,0,itatinga,SP,24.9,11.85,1.0,1.0,500.0,16.0,16.0,16.0,4096.0
48be44989e4853d877c2ac366b99a008,e6c4709cecb11779b1172221512cb8d8,2017-08-11 16:18:30,2017-08-14 15:55:09,2017-08-31,0,marechal candido rondon,PR,299.0,18.57,1.0,1.0,2600.0,69.0,11.0,11.0,8349.0
ababdab25dc831464e6dec92bcb1beac,319b0b8fca928caf9f619d0b77418263,2017-08-09 09:26:56,2017-08-09 09:43:49,2017-08-31,0,poa,SP,85.9,14.33,1.0,1.0,1250.0,49.0,10.0,34.0,16660.0
92bf118ea3ac10a83a254fe7246825a4,59d23acdbb3055458d86a0a379571d00,2018-01-03 09:50:09,2018-01-03 10:31:10,2018-01-31,0,salvador,BA,389.0,20.0,1.0,1.0,223.0,20.0,9.0,15.0,2700.0
5b4ac3ed0dfae10196fb525f4227ccf8,4dba2178903f42a374b15cdc931c5d42,2018-01-13 00:26:23,2018-01-13 00:58:30,2018-02-07,0,belo horizonte,MG,74.9,16.77,1.0,1.0,426.0,31.0,13.0,23.0,9269.0
01a3ee1c837fb57db23d898f0eb5111d,a07376bae88bd48df71a590d7191739c,2018-01-23 12:35:21,2018-01-23 13:01:04,2018-02-07,0,osasco,SP,168.8,8.44,1.0,1.0,330.0,16.0,11.0,12.0,2112.0
3453b206c6aec2e9dcb09d2cea15e7cb,cc12cc40c551d10e0122e34d2f0e1342,2017-08-10 10:41:54,2017-08-10 10:50:21,2017-08-25,0,ribeirao pires,SP,14.9,8.27,1.0,1.0,175.0,23.0,6.0,13.0,1794.0
a31b5cba0164acdc91b6196825128128,b209a1643829776c9340b2fab705c225,2018-04-05 21:09:23,2018-04-05 21:29:06,2018-04-30,0,sapiranga,RS,55.9,17.97,1.0,1.0,1800.0,20.0,6.0,20.0,2400.0
6b4063646aa51aca70fd0c745ded2155,f010f1ad40cdde76194f3c124c532db2,2018-02-14 00:16:24,2018-02-14 00:30:25,2018-02-26,0,sao paulo,SP,25.5,8.27,1.0,1.0,200.0,32.0,3.0,23.0,2208.0
f18f5a3bad7d9b08a5339c46ce64fdf7,991fd5f3b0cf6ed94c38f9f3c28b1a80,2017-08-10 15:30:50,2017-08-11 04:25:00,2017-09-05,0,porto alegre,RS,79.9,14.31,1.0,1.0,250.0,21.0,10.0,17.0,3570.0
36af11f74568a0546f14fc0e5a0c2851,bb5fc5de2c32b73753d3663397e7a056,2017-12-14 16:50:47,2017-12-16 16:53:41,2018-01-11,1,rio de janeiro,RJ,998.0,44.51,1.0,1.0,6950.0,40.0,30.0,40.0,48000.0
869bb454aa7fd93af2e620c1d34d5e49,be55f2be3c967a6b77b75158d8d6260d,2017-09-02 17:37:10,2017-09-04 15:45:30,2017-09-28,0,barra longa,MG,1300.0,41.55,1.0,1.0,2650.0,16.0,31.0,39.0,19344.0
8f6a8c5dbe911618a3e81e7fa7914114,1571123ba3a4790706ced4a3addabac3,2017-12-11 11:27:12,2017-12-13 02:39:35,2018-01-08,0,uberlandia,MG,49.0,15.1,1.0,1.0,200.0,16.0,2.0,11.0,352.0
fdfb0cda9a2bfa17ad8ea99133a30724,201c502506773c339fce9789f0528a6c,2017-06-24 12:56:21,2017-06-24 13:10:13,2017-07-14,0,franco da rocha,SP,40.0,13.37,1.0,1.0,900.0,38.0,6.0,29.0,6612.0
0571cdb407bf04b419c94ffd7acbd874,2ec7666d1077597d4e4ff2116a319530,2017-01-19 21:24:05,2017-01-21 03:05:52,2017-03-03,0,brasilia,DF,6.9,15.65,1.0,1.0,100.0,16.0,4.0,11.0,704.0
43b496a7732ace398ea4eb3bd520ab22,41021cf729eff1a1ef1f51f09fa39bea,2017-09-09 22:44:37,2017-09-09 22:55:17,2017-10-04,0,sao bernardo,MA,498.8,171.5,1.0,1.0,21400.0,75.0,20.0,68.0,102000.0
15847be2cbb3423e9344e53b040ef2a6,38658a45235ad07f51a84607654e53f1,2018-01-13 00:21:59,2018-01-13 00:58:27,2018-02-09,0,maceio,AL,69.9,29.9,1.0,1.0,2600.0,50.0,10.0,30.0,15000.0
1e48885ebbfefb5b48f97437f0104855,e150e46dae622d09f19b64a34f9387df,2017-11-10 20:37:46,2017-11-10 20:50:39,2017-12-05,0,cambuquira,MG,59.98,30.2,1.0,1.0,400.0,25.0,25.0,25.0,15625.0
c2732918af31f35e7fcf5d1bfb9b92fa,d3e368412ff575eaf086a0fd6aa37cbc,2018-03-26 09:57:32,2018-03-27 03:48:16,2018-04-16,0,brasilia,DF,34.2,16.95,1.0,1.0,100.0,16.0,12.0,12.0,2304.0
25aa51228f73fcd38cfebfe6e20edf6f,3a1a556195f1b6b85df1bf9aa4ba3d88,2017-09-20 08:29:33,2017-09-21 08:35:11,2017-10-09,0,alfenas,MG,98.99,13.71,1.0,1.0,3100.0,30.0,40.0,30.0,36000.0
7122be37b1b21797619ed0a6cf64f043,35cc79f94883e64adef77f344e09b7ec,2018-04-09 21:35:35,2018-04-10 21:35:17,2018-05-08,1,campos sales,CE,1190.0,178.11,1.0,1.0,17950.0,50.0,50.0,43.0,107500.0
badcf619a4531116e06f0f2f6f711215,f77c7eef15674a5fd3d3c13553ca803e,2017-05-08 08:53:43,2017-05-09 09:35:41,2017-05-26,0,sao paulo,SP,114.1,17.13,2.0,2.0,1502.5,42.0,22.0,26.0,24024.0
c5536b9cf89dc947c7c0d0287528cda8,2128111e20da14bbe224cebd51250888,2017-12-08 10:58:13,2017-12-08 11:12:58,2018-01-10,0,paranavai,PR,198.0,35.88,1.0,1.0,1600.0,60.0,20.0,29.0,34800.0
65c863d90026e9dd4888e28d2135c983,c6493ae5b5ae563a2a20a534dfd21cb8,2018-03-09 19:43:32,2018-03-09 19:50:25,2018-04-03,1,itaborai,RJ,53.9,22.96,1.0,1.0,1750.0,37.0,22.0,40.0,32560.0
39263e1d21c19dd12321cbdb04b3175c,1f47727d222a72bee5cf240bd1380f3b,2017-06-01 22:44:23,2017-06-01 22:55:06,2017-06-27,0,foz do iguacu,PR,230.0,16.36,1.0,1.0,13050.0,45.0,15.0,35.0,23625.0
73734b833ddc5cd47edc08ac8c157f3e,174961a996b85068663a956eab55c2dd,2017-04-05 13:15:12,2017-04-05 13:25:18,2017-04-28,0,belo horizonte,MG,143.0,17.74,1.0,1.0,1200.0,40.0,10.0,30.0,12000.0
08f5487befe25744feabb3203a4dc09b,a6472fafe286c66c40540fa2b3217657,2018-02-27 18:26:39,2018-03-01 02:49:00,2018-04-02,1,itajai,SC,31.9,16.79,1.0,1.0,250.0,41.0,2.0,29.0,2378.0
5458011c1e8235532bd6b193e37c7688,bed7eefb90cb225883492efb0e7278da,2018-02-18 12:38:07,2018-02-18 13:46:36,2018-03-19,0,aracaju,SE,109.9,18.05,1.0,1.0,400.0,35.0,8.0,20.0,5600.0
a9fd47117c3f6b4e72456d5331e2bfb1,779609a1ecaee6f5ea1b6e50359c0aa1,2018-02-01 15:10:56,2018-02-01 15:34:49,2018-02-23,0,ribeirao preto,SP,99.9,12.2,1.0,1.0,117.0,16.0,11.0,13.0,2288.0
6e869d1907ce294ac97ad48718569c68,1460cbfc1a51e99e846715bd9e430f11,2018-02-03 19:45:05,2018-02-06 04:33:11,2018-03-28,1,senador pompeu,CE,159.94,55.39,1.0,1.0,12650.0,54.0,54.0,18.0,52488.0
bee70b1bdf09a04f13d64f908f9bce29,27ba2bd6d097151f42bbe07e058a80b6,2018-01-18 13:43:56,2018-01-20 09:07:45,2018-02-05,0,valinhos,SP,58.99,11.73,1.0,1.0,200.0,22.0,10.0,18.0,3960.0
1355bd6c7fa80ea43bdecab48ff8052c,934a9204aacc7279a9db0896b83eb42e,2017-11-27 01:29:11,2017-11-27 01:37:23,2017-12-22,0,sao paulo,SP,69.9,15.25,1.0,1.0,700.0,35.0,40.0,25.0,35000.0
6c20d70e7c720f7895651a703e320b86,ea65ed9eccb0fbc782b22c52d38ec8cf,2017-12-08 11:57:49,2017-12-08 12:10:09,2018-01-04,0,sao paulo,SP,64.99,11.73,1.0,1.0,1600.0,25.0,25.0,25.0,15625.0
3ff16951afc463cf89f6a5baa0de8ca5,3fac5eda65c02a62e0fa2cffe70f5eb2,2017-12-11 13:32:08,2017-12-13 13:32:13,2018-01-12,0,joao pessoa,PB,45.99,21.15,1.0,1.0,150.0,31.0,8.0,11.0,2728.0
6badfcc75dd97eb3cce25aa4bc7dd773,7ce1fc9e99a49468fd3ba1df06317ff3,2017-09-18 15:55:33,2017-09-20 02:35:08,2017-10-13,0,juiz de fora,MG,799.96,199.72,1.0,1.0,13550.0,58.0,55.0,24.0,76560.0
00c81b6675ef9ecaaff5fc1d6720b96c,9bc4a258f344f7de44ca841d25a497fd,2017-10-24 17:54:41,2017-10-24 18:14:26,2017-11-14,0,brasilia,DF,24.99,14.1,1.0,1.0,200.0,20.0,7.0,15.0,2100.0
bf6382f94979a0be448a705ce5d3a974,9c55162e2ffd72a9b9cfd56326417382,2017-08-30 21:14:32,2017-08-30 21:30:12,2017-09-19,0,contagem,MG,114.9,17.05,1.0,1.0,7300.0,51.0,23.0,34.0,39882.0
0f6665a373c36216e96163b3162404b0,fbc72868276e138732416292b2c011d1,2018-01-31 11:55:35,2018-01-31 13:52:03,2018-03-02,0,jatai,GO,42.6,31.1,1.0,1.0,8500.0,18.0,29.0,13.0,6786.0
ef4e154fd9b51d276fad7ed482b97e58,66ecae67a2a9deb541bb0de3d2c48927,2017-10-21 16:31:37,2017-10-21 16:49:12,2017-11-10,0,rio de janeiro,RJ,249.9,69.21,1.0,1.0,5650.0,73.0,73.0,20.0,106580.0
0bff3ac704b2ab4cdb69873f3f551ce1,1aba9d2a7b717187271edc2f163c1d89,2018-04-09 17:55:42,2018-04-09 18:10:25,2018-05-07,0,campo grande,MS,254.9,35.32,1.0,1.0,3450.0,36.0,10.0,35.0,12600.0
c13d13f1434937c5e9539c2393e2ec87,a9ece8c6777d0483382fac50f6f5ad38,2017-10-15 10:56:27,2017-10-15 11:14:10,2017-11-08,0,campos dos goytacazes,RJ,97.9,15.44,1.0,1.0,300.0,16.0,5.0,12.0,960.0
615774e695ab140dcb5e1c0aeb15b9cc,f8260ac0cb6df254a4c7ec7dd62a3aaa,2018-02-26 09:32:34,2018-02-26 09:50:13,2018-03-28,0,tapejara,RS,76.9,15.29,1.0,1.0,213.0,15.0,7.0,11.0,1155.0
f6519aa0bb0a6531345ac2e6fdbb2e0c,64a80bc56a3c3b8bebd2bcdf5a7d82b7,2017-11-23 23:47:43,2017-11-24 00:37:42,2017-12-07,0,petropolis,RJ,69.99,9.54,1.0,1.0,1050.0,24.0,29.0,23.0,16008.0
d5162716aed8b6a5ab095eb0a2940163,b64b895a846f1bc23c1d74ddd9947bd3,2017-06-29 11:49:19,2017-06-30 07:55:16,2017-07-12,0,sao paulo,SP,89.9,9.44,1.0,1.0,500.0,17.0,10.0,12.0,2040.0
779c5a7c2cd3e729d3195fce1837445c,e71bc052424770177302796c5867257a,2018-04-10 16:18:42,2018-04-11 21:09:42,2018-05-29,0,macapa,AP,45.9,24.48,1.0,1.0,1700.0,40.0,20.0,25.0,20000.0
ba58760d97361d60f4af393e41c236cc,71c29cebf4b6b1bc7d2d1e596161687a,2018-02-17 20:47:44,2018-02-17 20:55:55,2018-03-09,0,botucatu,SP,284.9,13.49,1.0,1.0,292.0,18.0,10.0,15.0,2700.0
ae79131b7cf922e0a420d0ef0b2be32d,065dedcd0da1b0b3995024ea66117c96,2017-12-23 13:54:58,2017-12-23 14:29:53,2018-01-22,0,sao goncalo,RJ,33.8,14.1,1.0,1.0,200.0,16.0,11.0,11.0,1936.0
5e13d329c7f14276973d82e2cd49b490,5612114672ad64e961d09613b8f196e5,2018-01-17 16:48:17,2018-01-17 16:59:25,2018-02-01,0,sao paulo,SP,79.9,13.11,1.0,1.0,2100.0,50.0,11.0,50.0,27500.0
95fdb59e0ee0274a8b9b1ba4641ae5db,d650366fad052046dd37d7438aaf5f74,2017-09-05 16:18:47,2017-09-05 16:30:09,2017-09-22,0,sao paulo,SP,167.9,16.81,1.0,1.0,2708.0,29.0,17.0,17.0,8381.0
a1594c5e4a9c3e2635ce25383e89e538,7de93971592f16e93c70a3e1cbb6db75,2018-03-29 13:28:26,2018-03-29 13:54:12,2018-04-19,0,niteroi,RJ,53.9,21.35,1.0,1.0,1750.0,37.0,22.0,40.0,32560.0
7135f4f1e5b1446f684e07b10b5b057b,67f15431bdbe78ead5de2c265f2c0a5c,2018-01-11 22:08:59,2018-01-12 22:08:13,2018-01-29,0,nova odessa,SP,28.99,7.78,1.0,1.0,200.0,16.0,4.0,16.0,1024.0
cf937bac66a020cc0077490569f3465b,5d0957541b90307fbd9c8f8216c8cf5e,2018-01-04 17:09:54,2018-01-04 17:28:12,2018-02-05,0,palmas,TO,137.8,51.53,2.0,2.0,270.0,18.0,12.0,15.0,3240.0
a33d16c09dd48c17ac858d779e6127a3,3a3c64dfa633b2c7d3d356b8077c9ccf,2017-12-05 10:18:04,2017-12-05 11:27:04,2017-12-28,0,guaratingueta,SP,34.99,11.85,1.0,1.0,200.0,16.0,5.0,20.0,1600.0
247c317b5fb8366262f84e1a5e99dc22,bc251d1c25a7713b2bc3ee7806616135,2018-03-13 18:04:21,2018-03-13 18:40:32,2018-03-29,0,andradina,SP,53.9,14.47,1.0,1.0,1550.0,30.0,22.0,30.0,19800.0
7e6bd960caf2346257183fd4b6079a65,2ca5e9f17a80f9515da7fa967af7444e,2018-01-28 16:38:33,2018-01-28 16:50:06,2018-02-14,0,sao bernardo do campo,SP,,,,,,,,,
fd3d7abaecfb6a9be0b4b59e35e59f4e,22f687d3f54d8409933ee0623773b2bf,2017-12-21 12:32:30,2017-12-22 02:51:00,2018-02-22,0,marialva,PR,129.99,31.66,1.0,1.0,12000.0,52.0,51.0,17.0,45084.0
2cff731fb7ec776272d34a23b54839e2,32ce16dfb58c1b2b80f256415089c5c4,2017-04-21 13:14:58,2017-04-25 08:10:54,2017-05-18,0,miranda,MS,113.0,19.38,1.0,1.0,1625.0,29.0,21.0,21.0,12789.0
bb4412024038d07d6662179fe273519c,d6b09d23b3031fa9b3785989f4a635b1,2018-02-02 17:30:03,2018-02-02 17:52:07,2018-03-01,0,sao paulo,SP,333.0,14.67,1.0,1.0,600.0,23.0,23.0,23.0,12167.0
9abcdeded6b253b59272fb76b83b1f6a,a9fd12387efd701b1cd170637315b773,2017-03-24 22:17:46,2017-03-24 22:25:13,2017-04-20,0,sao jose dos campos,SP,19.9,10.96,1.0,1.0,600.0,25.0,8.0,15.0,3000.0
6c62b87c92fad9d97f686af40cb5bfd1,d26850649dd913b91764020587e48f43,2018-01-22 23:37:23,2018-01-23 23:34:10,2018-02-19,0,valenca,RJ,719.8,57.68,1.0,1.0,4900.0,36.0,15.0,45.0,24300.0
41fda677249a97ed31645dd2680b147c,56a3ee7d981e822f36b37b1426f256af,2017-08-31 12:27:35,2017-08-31 12:44:36,2017-09-19,0,rio de janeiro,RJ,34.6,15.1,1.0,1.0,254.0,17.0,15.0,12.0,3060.0
001021efaa8636c29475e7734483457d,2dfbf74859104caf100df3720a1d833d,2018-02-27 09:27:14,2018-02-27 09:35:41,2018-03-23,0,ivaipora,PR,49.0,15.1,1.0,1.0,250.0,16.0,2.0,20.0,640.0
bb95bf1d97c8c2a8e327a7e4b0add9df,0a70df00420916bdd44e37bfdcc0d5b5,2018-01-23 22:24:55,2018-01-23 22:34:49,2018-02-16,0,capivari,SP,74.89,12.02,1.0,1.0,107.0,19.0,13.0,13.0,3211.0
06ff6cb289c9f1d1ccacc6764874e3c2,cfedf8fc9bf6108c3fd34514c00be6aa,2017-08-15 22:42:16,2017-08-16 00:25:31,2017-09-06,0,socorro,SP,42.79,15.1,1.0,1.0,100.0,40.0,2.0,24.0,1920.0
c40dde193e5c66baefaaace305961861,6832faea23b41f6821642d1933cdee33,2017-10-21 12:01:09,2017-10-21 12:28:12,2017-11-16,0,belo horizonte,MG,31.9,9.09,1.0,1.0,250.0,41.0,2.0,29.0,2378.0
b0ef7f818e22c209f99d74eef200d2fa,d9f2aa097ad0d82553e694094c4d02a9,2017-02-23 13:14:13,2017-02-24 02:50:20,2017-03-24,0,rio de janeiro,RJ,40.9,15.56,1.0,1.0,650.0,25.0,14.0,19.0,6650.0
5d04adb20b546fc5628d3f926b5fe37c,931ce24e7e52ee657b39788051547166,2018-04-06 22:59:05,2018-04-06 23:15:16,2018-05-03,0,foz do iguacu,PR,34.9,19.32,1.0,1.0,750.0,101.0,15.0,15.0,22725.0
2b7d922e73fbd058099b6ff4b33e99f7,0ea66986b3704c6a5212c9327cb5a27c,2017-10-02 18:02:21,2017-10-02 18:14:22,2017-10-30,0,cuiaba,MT,169.99,17.76,1.0,1.0,433.0,21.0,12.0,16.0,4032.0
284b41fb8245e3c8c07c32ddb7572217,e399494c4a16c311b455c8ee01aff5f6,2018-02-15 09:11:58,2018-02-16 07:50:50,2018-03-08,0,vitoria,ES,58.9,15.17,1.0,1.0,1200.0,30.0,30.0,12.0,10800.0
ae5d90764ed49cd5e5e72cd3df5b787e,f470ef6c3f70afc022449af9a10aa4da,2018-01-23 17:02:54,2018-01-23 17:11:22,2018-02-20,0,guarulhos,SP,89.99,13.65,1.0,1.0,1825.0,53.0,10.0,40.0,21200.0
1f56d6730df1a47e92e167f773c5f37c,bf1a6f9f94f61589f9349a76dd16e657,2017-04-06 19:57:38,2017-04-06 20:10:11,2017-05-02,0,teofilo otoni,MG,27.0,14.52,1.0,1.0,200.0,22.0,6.0,14.0,1848.0
e4edd7f42d1e4c150c41533aee5e7a36,308d4cf02943e88824df8b602f610931,2017-04-05 21:17:47,2017-04-05 21:30:15,2017-04-26,0,sao jose dos campos,SP,69.9,11.88,1.0,1.0,900.0,28.0,10.0,28.0,7840.0
d3eb3d3d09637fa9093a25b933eaf1d4,12d891f44ebd942b629fd4e0916e9e34,2017-05-27 14:01:19,2017-05-30 05:02:36,2017-06-27,0,jaragua do sul,SC,8.99,16.79,1.0,1.0,500.0,30.0,7.0,25.0,5250.0
f290369adad755bf94b365f0494dd617,02e5982f021f1312a54f569c0f9e7625,2017-12-12 08:14:21,2017-12-12 10:34:26,2018-01-03,0,porto alegre,RS,218.36,20.36,1.0,1.0,900.0,39.0,4.0,27.0,4212.0
fe68d8f20f2d6e9d702a74d3bfa9c4fa,e05c40ec07328a784f3105f987d8fd88,2018-03-28 08:00:41,2018-03-28 08:15:16,2018-04-19,0,claudio,MG,199.0,19.27,1.0,1.0,4050.0,40.0,15.0,23.0,13800.0
d25f8fadc7abdec7bc6d97629c97d57a,d29e47a53896a15a89594f91b919553f,2017-04-17 06:41:44,2017-04-17 06:55:08,2017-05-16,0,goiania,GO,158.9,35.97,2.0,1.0,150.0,20.0,17.5,17.5,6125.0
76d820534ecdb9ff90b20c635d1c593c,197b426cedb5936cdb34c7ac176d58b9,2017-11-03 16:43:28,2017-11-06 14:33:03,2017-11-24,0,curitiba,PR,202.0,26.87,2.0,2.0,8750.0,74.5,15.5,15.5,17898.625
8cc9f4314e5d248315bbefd0481e52aa,64ba4b1cf394656f82a9dc6c051d8daf,2017-08-15 12:42:34,2017-08-15 13:10:19,2017-08-28,0,sao paulo,SP,125.98,23.46,1.0,1.0,1372.0,23.0,16.0,18.0,6624.0
dc349abe3608895a65a1881fa4b27649,29ace186c67ab06034ae84880cee3fb2,2017-05-15 13:52:08,2017-05-16 14:02:38,2017-06-08,0,contagem,MG,78.0,30.2,1.0,1.0,138.0,19.0,17.0,16.0,5168.0
cebfb93d43892425be3fe47edbb54347,2a851126045f8187455b0184079abcc8,2017-08-11 07:54:06,2017-08-12 07:45:05,2017-09-20,0,nova serrana,MG,199.0,38.94,1.0,1.0,1950.0,33.0,44.0,19.0,27588.0
7471333821987b79a0195812dd53c111,99772aa7c2dd8f667875b0769c05afb9,2017-11-28 13:41:03,2017-11-28 13:50:54,2017-12-21,0,londrina,PR,137.9,43.34,1.0,1.0,922.0,30.0,15.0,17.0,7650.0
7501e0d79e115a1491674e6154b47bd4,7fe27842c70ec6d61ee78e748021f378,2018-03-13 19:44:29,2018-03-13 20:20:23,2018-04-11,0,porto alegre,RS,151.9,27.14,1.0,1.0,4338.0,17.0,12.0,14.0,2856.0
47cb859a7f526319e3da0015c15c3b1f,5059378df49d90c06ff62b87ce33205b,2017-02-08 11:40:35,2017-02-08 11:50:16,2017-03-17,0,itajuba,MG,398.0,64.63,1.0,1.0,30000.0,68.0,55.0,77.0,287980.0
98e84c5fef5422dde7fa1927c43adab0,3f14386448ceda077f073218a95e855e,2017-12-07 10:46:21,2017-12-07 10:53:26,2018-01-05,1,volta redonda,RJ,141.94,35.5,1.0,1.0,3008.0,32.0,45.0,32.0,46080.0
945fb6d37a9ca75061ff8741ae8c19ab,2ce5aa9694357295fe3be39eec08fe85,2017-06-06 16:19:01,2017-06-06 16:50:27,2017-06-29,0,belo horizonte,MG,241.1,31.53,1.0,1.0,7625.0,61.0,14.0,61.0,52094.0
efc8b173642cd53d1dc2033b47dbe9f8,bbf257c74411e54169f2f91ce1b9aad9,2017-11-24 21:19:51,2017-11-24 23:59:45,2017-12-22,0,canavieiras,BA,39.5,16.79,1.0,1.0,350.0,31.0,10.0,12.0,3720.0
c714ff3ba4e1c85d122b41fa04381cff,86f4a2634e15469b99c06c273e6ed2c1,2017-10-25 09:37:58,2017-10-25 10:35:31,2017-11-29,0,juiz de fora,MG,150.0,17.49,1.0,1.0,150.0,20.0,5.0,12.0,1200.0
395428aa1754d877ead58b1e47b29a64,98194ea82cd33e0875838cd51faf7e07,2017-08-13 13:03:27,2017-08-14 13:24:05,2017-09-06,0,rio de janeiro,RJ,58.99,16.66,1.0,1.0,200.0,22.0,10.0,18.0,3960.0
2dd14275918584fb2a28d4a4300d01e0,5d9b0406ca19cb888e47386c944a8330,2017-07-12 21:00:55,2017-07-12 21:10:15,2017-08-07,0,campo mourao,PR,37.9,16.79,1.0,1.0,150.0,17.0,9.0,11.0,1683.0
5255f1faed117d0031d5f1c17d645d61,4847ee76209123fa40e1d2bfe8618ae0,2017-07-24 14:12:00,2017-07-24 14:25:07,2017-08-15,0,rio de janeiro,RJ,134.99,15.7,1.0,1.0,2425.0,29.0,30.0,19.0,16530.0
b8cfc70398c982df76df0917f55d96b9,97c9d8b2434624d9179f776ee63e2fc7,2017-08-27 15:27:06,2017-08-27 15:35:17,2017-09-19,0,belo horizonte,MG,156.9,14.12,1.0,1.0,625.0,31.0,10.0,22.0,6820.0
e659b8223be6f632acb24fb80cf50ca9,9ac71dee8847ffe35fb2c087da733cc4,2017-11-18 11:30:58,2017-11-18 11:47:19,2017-12-18,0,caruaru,PE,61.5,25.71,1.0,1.0,100.0,24.0,2.0,17.0,816.0
f07ac180675b94d4fe8f697eb2f87d12,dfa72a0a96072c02965f24972c7efbcb,2017-11-24 11:10:54,2017-11-24 13:14:02,2017-12-20,0,colombo,PR,109.9,16.53,1.0,1.0,6700.0,50.0,20.0,40.0,40000.0
478c9895d19d08bb6ab056f97395671a,2b51b026f8944d9089c5b26073f26d86,2018-02-28 18:17:06,2018-02-28 18:27:52,2018-03-28,0,cachoeirinha,RS,78.9,21.04,1.0,1.0,8750.0,30.0,69.0,25.0,51750.0
4246497ce0c7f8915544d27745f2e6c7,ec8cbe5ff3ae0f352870c07a3a3025d8,2017-07-22 19:26:25,2017-07-22 19:42:37,2017-08-15,0,marica,RJ,109.9,20.26,1.0,1.0,3300.0,50.0,30.0,30.0,45000.0
faf285370e4895d3358378cedee3f088,843e0451747b5a6d439b5632813b7cfb,2017-08-30 16:33:12,2017-08-30 16:45:22,2017-09-21,0,porto alegre,RS,59.9,16.18,1.0,1.0,1650.0,40.0,45.0,25.0,45000.0
7bfbe70d2fa4f8b872ec86a7a51d099b,a9f40b63f49d9ebff8201f4df39a3a88,2017-07-18 19:08:27,2017-07-19 04:03:54,2017-08-16,0,rio de janeiro,RJ,59.9,17.67,1.0,1.0,1750.0,37.0,22.0,40.0,32560.0
756445ff67f2676d72ae774c8cb5b0f0,5ea703be990cea78e9615d9a636ba28e,2018-01-17 19:40:55,2018-01-17 19:53:22,2018-02-15,0,anapolis,GO,175.0,36.55,1.0,1.0,850.0,38.0,11.0,13.0,5434.0
e531f04ac27aac6bf0cba03986415776,0028ff36263a86bf679df7c863a0a0ba,2018-04-12 17:16:49,2018-04-13 02:15:26,2018-05-10,0,rio das ostras,RJ,52.0,22.94,1.0,1.0,6850.0,48.0,25.0,34.0,40800.0
877a74a0ee5c1f719f39f4f11d2fc19a,5f87c05477db2d22c63b718299c9c03e,2017-11-27 00:25:10,2017-11-28 03:31:49,2017-12-20,0,ipanema,MG,2700.0,59.88,1.0,1.0,1125.0,21.0,20.0,29.0,12180.0
662bf5e7e6b6350fd9e93fb5793f5c98,ad530f0385e180b5b52ffe8cb9658bca,2017-12-15 19:09:40,2017-12-15 19:16:30,2018-01-29,0,brejo dos santos,PB,89.99,35.95,1.0,1.0,250.0,22.0,10.0,18.0,3960.0
53d32a37a873746a00d313f6ae4b54d3,c6cebe6d701f46a67554d705dfadc7cc,2017-12-13 19:58:48,2017-12-13 20:09:19,2018-01-17,0,patos de minas,MG,59.9,17.99,1.0,1.0,700.0,40.0,45.0,25.0,45000.0
413a22d2dbe22795ff56d989a9ad09c8,9a6c7184233793dc64cdabfcc7120b83,2017-05-16 00:46:45,2017-05-16 01:02:31,2017-06-05,0,mairinque,SP,99.99,13.04,1.0,1.0,1200.0,42.0,25.0,15.0,15750.0
a04b614ebff4852b2d63c655c1588654,dfd328ee003850fa4d887ddba13d0ea4,2018-02-08 10:45:46,2018-02-08 11:10:51,2018-03-22,0,barra de santa rosa,PB,254.4,37.1,1.0,1.0,3400.0,45.0,15.0,35.0,23625.0
5210991b886c9005de084d0d4fcff0c4,daeeb6112b6a95a19e34eb053141ad54,2017-12-29 19:52:03,2017-12-29 19:59:29,2018-02-07,0,uberaba,MG,79.9,15.31,1.0,1.0,250.0,16.0,5.0,11.0,880.0
03ff7f74352df18b6a9a261d68befe5e,623795ecd2f7580e1460a1af8f4b8f53,2018-04-09 15:53:12,2018-04-09 16:10:59,2018-04-19,0,santos,SP,220.64,15.92,1.0,1.0,150.0,22.0,3.0,15.0,990.0
20d120b5a95a60c3d599810d5ee01c21,f6bbef5ba9eb60e9f08707ff5cded7cc,2017-11-24 12:49:13,2017-11-24 14:58:28,2017-12-19,0,sao paulo,SP,49.95,11.85,1.0,1.0,350.0,25.0,9.0,19.0,4275.0
052d3bf6e40dd9000d1497f6f10db0b0,d8f6ead838ecc7e795a6b88a85d0d274,2018-03-16 12:11:18,2018-03-16 12:29:22,2018-03-28,0,sao paulo,SP,48.9,9.26,1.0,1.0,600.0,20.0,13.0,13.0,3380.0
f57f638b140f81ca2f2df180747bb46f,8b1ac7ae8682963fd0186940a8289a53,2017-11-24 12:26:09,2017-11-24 14:34:33,2017-12-14,0,rio de janeiro,RJ,88.0,16.87,1.0,1.0,550.0,20.0,20.0,20.0,8000.0
216237ddbe1a6f6a13a749e580ccf469,aeda955c84b2a855165c2049b66b447f,2017-09-09 08:50:46,2017-09-09 09:03:51,2017-10-05,0,feira de santana,BA,180.0,28.64,1.0,1.0,2800.0,35.0,12.0,30.0,12600.0
b483e46d6e6756224ac7bfebadf91e15,d3a05bd8ea655c5e7d56120b0b23669f,2017-07-12 14:11:35,2017-07-12 14:30:22,2017-07-27,0,sorocaba,SP,49.9,9.09,1.0,1.0,400.0,50.0,3.0,25.0,3750.0
9c9504bb506aa1635fb6ad19be9bcfa9,5638c42751e237d265ad0c0536256311,2017-09-06 00:33:14,2017-09-08 07:03:44,2017-09-19,0,osasco,SP,49.9,7.78,1.0,1.0,600.0,35.0,35.0,15.0,18375.0
46db25fef4b8fb1f438f15f38808bde5,6ad1149ee2519543872d4e67f07c2e11,2017-04-04 14:37:27,2017-04-04 14:50:30,2017-04-27,0,sao paulo,SP,279.9,16.13,1.0,1.0,426.0,18.0,14.0,14.0,3528.0
bb4b102d5638ad779ed3316a3a537680,34608b6fe316137687ea50346aafff1c,2017-07-03 13:09:58,2017-07-03 13:23:41,2017-07-25,0,sao paulo,SP,99.9,17.95,1.0,1.0,1700.0,38.0,7.0,28.0,7448.0
849e77f9701faf689705a0eb09003764,13518d3af2e425cc97f19d1c8919808e,2017-11-23 12:29:18,2017-11-23 12:37:52,2017-12-22,0,petrolina,PE,49.0,28.75,1.0,1.0,1550.0,30.0,22.0,30.0,19800.0
e1f693a7777b9f6ff730a9d2b45a56cb,c2e64d930487075593367a1ea29645aa,2017-05-12 10:28:31,2017-05-12 10:42:46,2017-06-06,0,linhares,ES,78.0,21.04,1.0,1.0,2400.0,52.0,8.0,52.0,21632.0
21f6b3be8acde5fe76fc6641b467f3da,01885ec83523a343957047b0c6fa830a,2017-10-26 23:05:41,2017-10-26 23:27:04,2017-11-24,0,niteroi,RJ,116.99,39.75,1.0,1.0,20300.0,57.0,55.0,22.0,68970.0
8afd013a511575aef39cc33c610d4136,7ecc321c63fd550c376cf32e222e0dd1,2017-11-24 20:45:06,2017-11-24 23:34:31,2017-12-19,0,cassia,MG,29.0,15.1,1.0,1.0,200.0,16.0,9.0,13.0,1872.0
7182e129d91eb324a925d8f1f8221d88,002834b4d901534f48d9e9a72047b288,2017-10-08 17:38:00,2017-10-08 18:29:35,2017-11-08,0,biritiba-mirim,SP,198.0,16.14,1.0,1.0,400.0,16.0,11.0,12.0,2112.0
6d2902f0339a16700f1e5f8649112ef3,37d102be3b621f10e235c1e5420f00c1,2017-05-20 16:42:07,2017-05-20 16:55:14,2017-06-02,0,guarulhos,SP,269.70000000000005,63.84,1.0,1.0,16100.0,35.0,65.0,44.0,100100.0
870a3cfbe4dab0f499a636a9fdeef87d,afb7c64474a22bed93447022809af886,2017-10-08 09:22:19,2017-10-08 09:35:28,2017-11-01,0,santa isabel,SP,,,,,,,,,
9269ba26ae05fd992bfd357dc3c52e53,483379396e748579bc1fe3426dddfdcf,2017-11-10 01:04:50,2017-11-11 07:10:33,2017-12-14,0,valparaiso de goias,GO,68.9,19.72,1.0,1.0,1800.0,34.0,6.0,28.0,5712.0
f104033beebfd7e8f12217531c2275f9,4cb8a348a32b76300b86cc1478882be4,2017-11-06 14:20:14,2017-11-06 19:36:58,2017-11-30,0,jaboatao dos guararapes,PE,109.9,47.3,1.0,1.0,9400.0,75.0,15.0,50.0,56250.0
a86139e0d4d95f37f763ce3060d04982,3936365b0df3a48f46163861eaa23db4,2018-02-27 21:56:07,2018-02-27 22:48:11,2018-03-27,0,sao paulo,SP,129.9,42.79,1.0,1.0,18150.0,56.0,45.0,51.0,128520.0
e7645f2073cac65748cf53c69d5abea9,4578a3079ec21d3e411223cb5e3a8258,2018-01-17 08:42:16,2018-01-17 08:51:29,2018-02-08,0,contagem,MG,49.9,17.6,1.0,1.0,1500.0,30.0,22.0,30.0,19800.0
848963795b4b330df0a7c238b12f76ce,d53b5ff572a5e5d237b0dd64260996a3,2017-11-29 00:44:03,2017-11-29 01:31:24,2017-12-27,0,guaira,SP,56.8,16.16,1.0,1.0,1200.0,20.0,9.0,21.0,3780.0
675d4a6271a945ab36d34c5f0951f0ad,a3b4c3dae12aba9af184847b0bd58144,2018-01-09 12:23:00,2018-01-10 10:32:29,2018-02-05,0,rio de janeiro,RJ,69.99,14.24,1.0,1.0,500.0,30.0,6.0,23.0,4140.0
bcc632609d99be3eeaf01c6916f9604e,d719eace562b89db5f0f0f627aebdc67,2018-01-06 00:09:51,2018-01-06 00:18:19,2018-01-26,0,santos,SP,84.99,9.41,1.0,1.0,600.0,33.0,19.0,13.0,8151.0
30647325eed2f0ac046e27a3cb6b76fc,10cf65f0400c1e1f03e07328b6882311,2017-02-16 13:57:14,2017-02-16 14:10:13,2017-03-27,0,nova lacerda,MT,339.74,41.01,1.0,1.0,5500.0,21.0,40.0,35.0,29400.0
5d6ca8d2f39c609dc330b731dc5777cb,10031ad7752b10374ba516be41953b6c,2017-02-17 18:27:58,2017-02-17 18:35:21,2017-03-27,0,sao cristovao,SE,20.9,17.78,1.0,1.0,200.0,41.0,2.0,29.0,2378.0
3e10fb31e08ba1bc6103b56c474610a6,541e9e847262fc7a495e3e595195d693,2017-04-02 20:13:33,2017-04-02 20:25:11,2017-04-26,0,sao carlos,SP,329.9,16.48,1.0,1.0,390.0,19.0,14.0,14.0,3724.0
42f16bb187fd5584e599c7c2e74aa39e,da24c1873842ce03c2cddfc31479a720,2017-07-17 14:45:25,2017-07-19 03:55:35,2017-08-16,0,jatai,GO,129.99,18.48,1.0,1.0,650.0,18.0,25.0,19.0,8550.0
b04477ada8d2ad7fa9d95358baaa785d,fc29af95ef22de1bc3dbfc54556ffb0a,2017-12-21 12:27:13,2017-12-22 02:38:50,2018-01-26,0,barra velha,SC,27.7,15.1,1.0,1.0,100.0,20.0,15.0,20.0,6000.0
02fafd9313d5274736b9740f23006a8d,886518f246372db5ea23a9b6b8852d8c,2017-11-19 02:23:45,2017-11-19 04:21:51,2017-12-14,0,medianeira,PR,301.0,17.87,1.0,1.0,1050.0,30.0,30.0,30.0,27000.0
421a29f5936d35b40acaa102627113f2,691a7804c3cf06446a3f2c13cecbf251,2018-03-29 10:32:39,2018-03-29 10:48:07,2018-04-23,0,foz do iguacu,PR,99.9,23.28,1.0,1.0,1200.0,27.0,10.0,20.0,5400.0
e024c4b9445d223aaf705871900bf5e1,213e3a3c9ce30d4d0d2965e45b656e5a,2017-12-01 04:19:27,2017-12-01 11:31:58,2017-12-26,0,sao paulo,SP,119.3,26.88,1.0,1.0,900.0,31.0,11.0,26.0,8866.0
183832097fa8f0a9172d4514fdfca42c,03811cba01cb0741c318e1545b04173b,2017-08-24 01:43:32,2017-08-24 02:05:16,2017-09-11,0,sorocaba,SP,149.99,12.25,1.0,1.0,1050.0,36.0,24.0,22.0,19008.0
5f5a937b8e63ac95df2db115354de971,ed71d2c3a3ac53a772b0e8e9db89cc20,2017-12-23 14:11:57,2017-12-27 04:14:52,2018-01-30,1,porto alegre,RS,599.0,82.42,1.0,1.0,13700.0,27.0,50.0,53.0,71550.0
8d6b1b6428e4c189d70db5930ccace74,68795255746d33fae2c9d3557d4e64d6,2017-11-19 11:15:29,2017-11-19 11:26:32,2017-12-19,0,adamantina,SP,239.9,17.44,1.0,1.0,1000.0,40.0,6.0,33.0,7920.0
a7e6fba3426b2524d4ae03c6bcd147ee,10774c3bd46abb71735156fc85b987c4,2017-11-20 22:30:23,2017-11-20 22:38:50,2017-12-01,0,rio de janeiro,RJ,750.0,32.26,1.0,1.0,17000.0,47.0,52.0,32.0,78208.0
084ac8d010dca0cb81b1bd4f375a047e,76f2cd7947ffec4952fd90353fcca395,2018-02-13 14:37:04,2018-02-16 07:56:21,2018-03-07,0,rio de janeiro,RJ,236.0,64.68,1.0,1.0,800.0,60.0,11.0,11.0,7260.0
55adc5cef9556477770f0b858669f8fc,914da1312815b7c40998d118f56fd88f,2017-03-17 11:15:39,2017-03-17 11:15:39,2017-04-05,0,sao manuel,SP,849.0,16.55,1.0,1.0,4450.0,48.0,34.0,33.0,53856.0
7ba7dee84bae0fca47debc26d678f07b,d548e62990093d77a050736b912714b3,2018-01-05 18:05:56,2018-01-05 18:16:31,2018-02-02,0,tres pontas,MG,119.8,27.16,1.0,1.0,4450.0,20.0,20.0,20.0,8000.0
8b5ddca535bbca0d4282b4e82248089e,e3ffa14bb67e94d44caa315f274c8781,2017-09-15 00:36:44,2017-09-15 00:50:11,2017-10-16,0,conceicao do coite,BA,165.99,28.54,1.0,1.0,9750.0,35.0,12.0,30.0,12600.0
4e2160ff7a61b2bf4fbd2e527ea924d3,ea36ec29b56eded534644f21b9561efc,2018-02-09 13:48:17,2018-02-09 14:15:48,2018-03-06,0,londrina,PR,38.25,16.11,1.0,1.0,583.0,20.0,21.0,20.0,8400.0
415c1b3a4f7d686212cf08f53ad40271,32733c119b64dd300881c12466d48e98,2018-02-22 10:06:12,2018-02-22 10:34:17,2018-03-08,0,santos,SP,15.0,8.72,1.0,1.0,150.0,22.0,11.0,16.0,3872.0
745f8e8e54805aa546f8083a70649d82,b504fe42a7d664cad29f108299f51629,2017-10-20 17:20:37,2017-10-21 03:07:20,2017-11-24,0,santa maria,RS,139.99,38.82,1.0,1.0,8750.0,52.0,51.0,17.0,45084.0
bb1af69d9c3122c683d442d8af845410,89c85c6028bef4a62418ce026c9caf3c,2018-04-11 14:14:06,2018-04-11 14:31:55,2018-04-26,0,sao paulo,SP,122.99,8.63,1.0,1.0,400.0,20.0,12.0,15.0,3600.0
0eb8235cb26938d1c5c534cb0fe0d254,c472988a47385f32f643e80c99f65275,2017-09-21 10:46:08,2017-09-22 04:15:23,2017-10-09,0,curitiba,PR,104.0,9.29,1.0,1.0,400.0,30.0,15.0,20.0,9000.0
c264a40f0928de690a343e0f86c8e320,861b8e733eb985f26e20a1df9a03cc0c,2017-08-01 15:43:53,2017-08-01 16:08:43,2017-08-25,0,salvador,BA,89.0,37.92,1.0,1.0,9000.0,42.0,12.0,39.0,19656.0
18b0e5ee71617b58ca825b6ea8d94255,53cc124c5fe39077134aa18974738d60,2018-01-13 17:26:02,2018-01-16 03:51:02,2018-02-07,0,sao jose dos campos,SP,56.0,12.73,1.0,1.0,917.0,21.0,15.0,11.0,3465.0
6ed4a347a81d5ceb3f8da510c318b5ec,02033fca76b4af0eda65418e673b5a57,2018-01-26 10:59:39,2018-01-26 11:14:03,2018-02-14,0,sao paulo,SP,178.98,16.74,1.0,1.0,207.0,19.0,11.0,14.0,2926.0
8e401549ad1337dd0ac5ca3eab054c5c,35c38c5f1c0b6df10f9f690a71361121,2018-02-25 13:06:38,2018-02-26 22:35:33,2018-04-05,0,canaa dos carajas,PA,49.9,25.63,1.0,1.0,100.0,16.0,5.0,16.0,1280.0
b1d654a4586eefddf31151bf787ff632,68398406288b2cee6f99d6b398fbb229,2017-08-30 13:51:42,2017-08-31 02:35:43,2017-09-12,0,sao paulo,SP,35.0,7.78,1.0,1.0,200.0,16.0,2.0,11.0,352.0
a39d3db795a5cf4c8b6c9dd050f0d326,ec66df2cb66dfda07c03050470e21f69,2017-03-13 16:12:24,2017-03-13 16:12:24,2017-03-30,0,santo andre,SP,129.99,16.02,1.0,1.0,2400.0,31.0,28.0,15.0,13020.0
ed69463ce85109f7c23511a77f8dc603,becc8a3706ed0f7e1c7d7becba19f3e3,2018-03-07 17:15:20,2018-03-07 17:35:38,2018-03-26,1,brasilia,DF,34.49,18.23,1.0,1.0,200.0,28.0,11.0,14.0,4312.0
ebc291ccb847d85f438a0b661490ac16,845eeb91509cf49e43a6730a4edeed0a,2018-01-08 20:13:14,2018-01-08 20:28:02,2018-02-09,0,olhos d'agua,MG,99.9,19.94,1.0,1.0,1250.0,42.0,11.0,12.0,5544.0
875011f2f7c12ea43db55297e2a29d82,8579fef79f526c8ab26376006604d040,2018-02-13 00:59:36,2018-02-13 01:10:26,2018-03-12,1,cuiaba,MT,27.99,15.79,1.0,1.0,300.0,17.0,4.0,12.0,816.0
b174fa32929e4af3622213e835cfa84a,0b8cca6cd998b579f4a0556a31f388f4,2017-01-09 21:31:15,2017-01-12 02:55:44,2017-02-17,0,bariri,SP,129.0,22.37,1.0,1.0,8700.0,25.0,60.0,40.0,60000.0
6bae7f6955b8a1758053a464757a72a6,14423ad70a3aa64dee01bf0991b5891b,2017-08-14 08:27:51,2017-08-15 03:43:57,2017-09-01,0,tabapua,SP,51.92,12.7,1.0,1.0,700.0,35.0,4.0,30.0,4200.0
92ebca361a35d3b733c6b4bb54dc673a,96c7658be43cdfecdcd5278014990f62,2018-04-06 21:00:39,2018-04-06 21:10:17,2018-05-02,0,porto alegre,RS,29.99,15.23,1.0,1.0,150.0,16.0,13.0,21.0,4368.0
e1deab080b7d765ab23ffbbeaf062466,ae276b606353e67f123bd975c556599b,2017-08-12 20:33:46,2017-08-12 20:50:14,2017-09-05,0,sao paulo,SP,170.0,27.51,1.0,1.0,9400.0,31.0,58.0,31.0,55738.0
2de931311a1cb3001070a6c567124301,57de838eef2ecc95a8b6040a6a5157df,2017-09-16 13:21:47,2017-09-16 13:35:09,2017-10-10,0,camapua,MS,99.7,17.14,1.0,1.0,400.0,22.0,18.0,12.0,4752.0
c671c0f8b33c619e3e77d7ccd3b934e0,447e1d91885790660c82309c87fd2422,2018-02-11 20:19:41,2018-02-11 21:00:25,2018-03-07,0,sao jose,SC,21.49,12.6,1.0,1.0,1925.0,37.0,11.0,27.0,10989.0
71d85c2db870a3606e1ef292aec2d5b0,7c81a72e2604e2e4d33c3d3757596c44,2017-02-07 17:24:22,2017-02-07 17:30:14,2017-03-30,0,cuite,PB,49.9,24.84,1.0,1.0,150.0,16.0,5.0,20.0,1600.0
31b1f7b1f6a38b7732272da5484ad1c6,3a0ecfe52b994b2589fb52ced98d8166,2018-02-11 23:34:26,2018-02-11 23:50:30,2018-03-16,0,caxias do sul,RS,108.0,16.52,1.0,1.0,650.0,20.0,20.0,20.0,8000.0
a1015a6d1a3f742c8de8c7a3d0356f86,fd8829011be77456f79d753bc9723257,2017-10-02 19:14:28,2017-10-04 03:04:11,2017-11-06,0,sao goncalo,RJ,105.9,19.98,1.0,1.0,1050.0,40.0,20.0,20.0,16000.0
ac5205087679bac005ed56ed3345ce0e,822cedac71f599de893ef010bb28d955,2017-11-25 13:29:08,2017-11-25 13:41:22,2017-12-20,0,governador portela,RJ,149.9,21.54,1.0,1.0,2400.0,38.0,7.0,28.0,7448.0
0611a79fca63467aea19ba6f75536058,8f40d3fd9dc45300aa2922aa65d9570f,2017-07-10 11:49:42,2017-07-10 12:05:51,2017-07-21,0,praia grande,SP,74.0,15.56,2.0,1.0,225.0,16.0,2.0,20.0,640.0
30c03e784f1c82b58bdbdf321132067f,e1892c28d1493eb6be3661e8daea168f,2017-07-16 14:44:13,2017-07-16 14:55:07,2017-08-08,0,nova iguacu,RJ,99.0,15.45,1.0,1.0,700.0,30.0,36.0,20.0,21600.0
271664630912f9ea979c46c772f2187a,821655ab2e1dee407394c784caea8de0,2018-01-15 14:12:48,2018-01-15 14:19:25,2018-02-06,0,rio de janeiro,RJ,119.9,18.09,1.0,1.0,1650.0,46.0,3.0,34.0,4692.0
0ac1d3244719cbbfbc0574631fb0186e,ac56ffb080fb67333f922591764855c5,2017-11-01 10:42:25,2017-11-01 13:31:18,2017-11-29,1,sao paulo,SP,29.9,14.1,1.0,1.0,250.0,22.0,2.0,15.0,660.0
3dd45cc3460f14bbe6c2249a8019a450,1c545e18dbd33788d106af49dbb438cc,2018-03-31 21:31:43,2018-03-31 21:47:43,2018-04-18,0,volta redonda,RJ,29.9,8.47,1.0,1.0,400.0,18.0,19.0,14.0,4788.0
0e66712947a6d0ae935240a304775a17,d3583f0406695312a26cf86a886caa70,2018-04-06 16:39:34,2018-04-06 16:50:22,2018-05-03,0,guaruja,SP,181.01,19.15,1.0,1.0,100.0,16.0,16.0,16.0,4096.0
24c8ffda64e11b98ff0fc9fca38bec50,070e9150f3506123fdf71f5a4e1b879b,2018-02-07 18:12:35,2018-02-07 18:27:01,2018-03-08,0,tres marias,MG,99.0,15.44,1.0,1.0,250.0,16.0,2.0,20.0,640.0
335a3061e3498d0b3c574bea8973bb6f,9f104fdd722cb8f30446f33a3a7e3db9,2017-04-21 18:45:52,2017-04-21 18:55:16,2017-05-11,0,sao paulo,SP,203.98,47.98,1.0,1.0,8200.0,53.0,74.0,18.0,70596.0
2ac14ce16b95643b222e92188b0ddec5,89ee3b08086332a554ae83c810ef0517,2017-02-23 15:03:54,2017-02-23 15:15:16,2017-03-24,0,ipatinga,MG,208.9,22.09,1.0,1.0,1050.0,53.0,5.0,13.0,3445.0
7dc8487f60263dbf289600757f5c6f99,8a8440c5a7fd24d8bd07df72f6abf753,2017-05-22 22:21:31,2017-05-22 22:30:16,2017-06-29,0,recife,PE,19.99,17.63,1.0,1.0,100.0,20.0,15.0,15.0,4500.0
61fd7198f99b6dfea49f9a7cd0fe2789,d2c5dc31f86d6780700991aca2cd59cf,2018-01-13 11:52:09,2018-01-13 12:09:13,2018-02-15,0,juiz de fora,MG,129.0,18.15,1.0,1.0,6550.0,38.0,30.0,28.0,31920.0
07d393eec6ab2c8c4a90dd4344b6abf9,c4d2b21d80e07bd6d1b8e170b9ae4d9d,2018-03-03 14:42:08,2018-03-06 03:55:46,2018-03-26,0,mairipora,SP,209.0,43.66,1.0,1.0,12050.0,101.0,12.0,56.0,67872.0
ff354f13d748eb3a9af6e99698f60fc2,8bdcd11b55403afdb8529f39cb0d4e04,2017-05-08 17:59:21,2017-05-08 18:10:24,2017-05-31,0,cruzeiro do oeste,PR,79.0,15.3,1.0,1.0,150.0,18.0,5.0,24.0,2160.0
a794d432d0990aa47220cda510a0a872,ac09b50d5b648f30126cc7ffceb97e8b,2017-09-16 23:26:17,2017-09-17 01:10:38,2017-10-09,0,santa teresa,ES,218.0,31.02,2.0,1.0,575.0,16.0,2.0,20.0,640.0
751828ac13df64ad531c8664c91fdee6,307a941ee3d5915cf2c7738e1a12394a,2017-06-15 13:41:16,2017-06-15 13:55:07,2017-07-10,0,lins,SP,15.9,15.1,1.0,1.0,75.0,17.0,8.0,13.0,1768.0
e56dc70751e30dd4008c762ed6be2bce,bbc3f376031737e9800139ad8765867f,2018-02-05 16:33:32,2018-02-05 16:52:07,2018-03-02,0,sao caetano do sul,SP,149.9,23.37,1.0,1.0,533.0,22.0,11.0,20.0,4840.0
eeee28417bb0a24c511c9b96a03fb29b,e8435133133d4eab7ded41332934b2d6,2017-09-07 23:18:04,2017-09-07 23:30:18,2017-09-20,0,sao paulo,SP,119.99,12.04,1.0,1.0,1500.0,50.0,40.0,30.0,60000.0
311c0c9d5ded7efbf324d3552acec666,6b3a5fc1207b995bbc6d83347ee1321c,2018-01-17 18:49:00,2018-01-17 18:59:32,2018-02-14,0,rio de janeiro,RJ,23.99,14.1,1.0,1.0,100.0,20.0,15.0,15.0,4500.0
61845fa79785f181ff99f39e39f40740,76bfea016507d7d9c85ebee70f9f257e,2017-10-22 22:09:03,2017-10-22 22:26:15,2017-11-13,0,sao paulo,SP,17.9,11.85,1.0,1.0,250.0,40.0,4.0,30.0,4800.0
49cb71f6609cd6b341acb1cb3ea392b1,4244638de4f86270a82f7210afd70d0a,2017-10-22 21:02:25,2017-10-22 21:14:47,2017-11-10,0,ribeirao preto,SP,76.8,25.38,1.0,1.0,950.0,20.0,35.0,20.0,14000.0
ad570565d539dc76d6573905696f1a0d,5b0d3d9c76c0a60b0391d4d9de71636d,2018-04-01 22:08:09,2018-04-02 15:32:30,2018-04-30,0,senhor do bonfim,BA,230.0,47.48,1.0,1.0,3305.0,65.0,12.0,45.0,35100.0
a39dde177899dc1b42c696690b2d7166,86b2c88f97d0b9b421b8bd62be63faae,2018-01-02 22:59:30,2018-01-03 13:41:23,2018-02-06,0,belem,PA,39.0,17.63,1.0,1.0,250.0,16.0,2.0,20.0,640.0
58e801ec0ca7a3f8f17a61342bf09e88,10ff941e2e8aa6856dd1a89a45395fd6,2017-03-13 15:34:51,2017-03-13 15:34:51,2017-04-03,0,jundiai,SP,69.5,14.66,1.0,1.0,513.0,19.0,15.0,18.0,5130.0
9b748aef33e9ccf30c83d8cac9b0f6e3,12fd0fe408926a0f68ccdf59606d5a41,2017-08-23 11:59:19,2017-08-24 03:15:52,2017-09-05,0,sao paulo,SP,49.9,9.27,1.0,1.0,675.0,20.0,16.0,16.0,5120.0
7063584ebd960be71a883b756429f2e4,276bafdc3963a89aa3471c3d83a9db4e,2017-08-30 10:46:15,2017-08-30 11:04:24,2017-09-21,0,divinopolis,MG,89.9,17.88,1.0,1.0,1825.0,53.0,10.0,40.0,21200.0
4c61ad2fcbc718550947fed75a4c0ee5,6e3f3f19276ee854efffc3be36dbc246,2018-02-14 22:06:11,2018-02-15 00:31:29,2018-03-14,0,brasilia,DF,199.7,54.48,1.0,1.0,736.0,16.0,12.0,14.0,2688.0
90024aa5d3878db3667cb0ece7f1aa08,4d83eea159330f461e9616243fadef9f,2018-01-23 11:21:49,2018-01-23 11:38:07,2018-02-22,0,rio de janeiro,RJ,89.99,15.25,1.0,1.0,500.0,19.0,11.0,20.0,4180.0
74500bfc015eccf3d38f95558177b21b,483efcf2fb031d5a75cca49aab77de4a,2017-06-08 13:41:02,2017-06-08 14:03:25,2017-07-07,0,goiania,GO,25.99,14.1,1.0,1.0,200.0,19.0,4.0,20.0,1520.0
66c2a643ac74cde86624a0c15a95327a,3a9cbb50b82a65d3a91d9f0f96986405,2017-10-18 19:07:46,2017-10-18 19:28:38,2017-11-06,0,guarulhos,SP,209.9,14.49,1.0,1.0,342.0,18.0,13.0,15.0,3510.0
ada8c2a84a276ae03d468f7acf56ad36,99c1f06505371e40a1dd4e782cc6fc1e,2018-02-15 22:44:04,2018-02-16 14:32:14,2018-03-13,0,aracaju,SE,13.65,21.15,1.0,1.0,200.0,25.0,7.0,16.0,2800.0
c96e52fd91fc51921c9ed964b468d9e3,20a043e654e799b1b633644c0f1e17ed,2018-01-22 18:15:21,2018-01-23 03:37:48,2018-02-15,0,rio de janeiro,RJ,44.9,17.6,1.0,1.0,1150.0,28.0,55.0,12.0,18480.0
12cce3d016df33ce0039ebb4ff5b5111,79ff73ee4e2d30dfe853ed111a3e367f,2017-12-15 18:01:37,2017-12-15 18:11:59,2018-01-10,0,belo horizonte,MG,99.9,20.19,1.0,1.0,900.0,60.0,15.0,15.0,13500.0
684389abce7da40001389a81941b12e9,a47945e8f6c39f13ee94b1545ba7e54e,2017-06-04 19:54:50,2017-06-06 13:30:14,2017-06-26,0,macatuba,SP,19.74,11.85,1.0,1.0,75.0,17.0,6.0,58.0,5916.0
b0a63209dc14e7fb6933c55c5fdaa044,890ab4eca836a870a3d2e222bd5e4233,2018-01-07 20:28:51,2018-01-07 20:47:10,2018-02-09,0,caxias do sul,RS,30.9,16.11,1.0,1.0,600.0,36.0,7.0,25.0,6300.0
450b307a6465207415ab38df48d94073,b6aea728b26da1f85105eaa626499751,2017-10-29 22:53:50,2017-10-29 23:05:55,2017-11-24,0,guarulhos,SP,58.67,9.34,1.0,1.0,900.0,50.0,11.0,11.0,6050.0
67df7d7a6bf05ffafc79fa2a771f9f6f,8a31acd6bdd796b96b5cde8325da7c41,2017-09-26 19:16:04,2017-09-26 19:46:10,2017-10-18,0,rio de janeiro,RJ,99.0,15.44,1.0,1.0,300.0,26.0,10.0,26.0,6760.0
4b543d559cb1d860ec4c814807001093,d24b43d7e710defda63c9bdcce01aa57,2018-02-28 11:49:03,2018-03-01 02:50:37,2018-04-04,1,marituba,PA,45.9,37.49,1.0,1.0,3400.0,45.0,20.0,45.0,40500.0
361ec4bb805dbba76f0c4af3b4d7804e,62c10a2e490b6fff0d3b216c365f6da4,2017-08-27 17:35:37,2017-08-27 17:50:18,2017-09-18,0,osasco,SP,16.9,12.48,1.0,1.0,150.0,23.0,8.0,12.0,2208.0
c7ac3cdb8e2ff8a57c503de24f1434fe,83a107eb8c850c4ec768e1370e689443,2017-06-27 11:18:05,2017-06-29 03:04:23,2017-07-19,0,sao goncalo,RJ,179.9,22.1,1.0,1.0,3200.0,47.0,21.0,41.0,40467.0
952b0a1d898ae59226e8ae13f1ea4121,2e86656bf35be872232e7ba55c1fd751,2018-01-14 17:28:18,2018-01-14 17:36:33,2018-02-08,0,goiania,GO,99.0,17.94,1.0,1.0,1550.0,44.0,14.0,34.0,20944.0
453cabc3a3d6d0d80bd08d9eefb6a607,c824fb40eed7462282da8b5511d4d6cb,2017-12-06 19:47:40,2017-12-06 19:57:23,2018-01-04,0,arapongas,PR,,,,,,,,,
d9a2b5f65a8710b7b169d27db28c5d26,4193b72441aee0999bb92aeb9c1b236a,2017-11-09 19:02:02,2017-11-09 19:10:29,2017-11-29,0,juiz de fora,MG,104.9,17.21,1.0,1.0,1800.0,35.0,26.0,26.0,23660.0
ab2955d5a9fe4ad0e979935d68422c8d,22abcf13104241895955bb0cd5ecf2b5,2017-12-28 11:05:26,2017-12-28 11:30:59,2018-01-17,0,sao paulo,SP,54.9,9.34,1.0,1.0,600.0,30.0,12.0,20.0,7200.0
85f8ad45e067abd694b627859fa57453,1d088dea8732788ec35dd4ee6dd76112,2017-01-29 21:40:02,2017-01-30 22:32:20,2017-03-08,0,porto alegre,RS,1934.0,27.0,1.0,1.0,700.0,25.0,13.0,20.0,6500.0
1b04338248209667c231e726e312c9fd,a74f9046c11424a57efb412e278aa175,2017-07-11 12:17:53,2017-07-11 12:25:18,2017-08-09,0,sao paulo,SP,195.9,14.39,1.0,1.0,875.0,35.0,14.0,14.0,6860.0
e70ea1b2475bd2acbff5e2f7f8968ca8,cdb44232ca3c9151d9d4d20dda6c619f,2017-03-20 12:26:01,2017-03-20 12:26:01,2017-04-27,0,montenegro,RS,179.99,43.67,1.0,1.0,15817.0,54.0,48.0,30.0,77760.0
062e5ab5d16890def5883cd9fe35615e,e9fb43f6ae5bfa218dde1430df4a8641,2017-10-22 00:31:39,2017-10-24 06:34:56,2017-11-16,0,varzea paulista,SP,146.0,12.52,1.0,1.0,444.0,20.0,14.0,16.0,4480.0
c1b3677443e3acb2a07e47d81889e571,fd440a24212b8c94038eae8c3c200658,2017-09-12 13:58:02,2017-09-13 03:35:20,2017-10-02,0,veranopolis,RS,279.0,24.75,1.0,1.0,5875.0,25.0,15.0,20.0,7500.0
5d80f1568478295e280e48e5d766bb28,c1a5f27b64582f59e32f853f93500a8e,2017-05-22 08:31:33,2017-05-22 08:42:41,2017-06-13,0,jesuitas,PR,132.7,31.68,1.0,1.0,5200.0,63.0,2.0,79.0,9954.0
c041c06cb08a4dc92578157f2ad78587,34d7728944672ccbbe70d07c7e9cb4f2,2018-01-17 20:24:21,2018-01-19 07:52:24,2018-02-09,0,belo horizonte,MG,188.0,74.27,1.0,1.0,11017.0,40.0,49.0,32.0,62720.0
9f73f9300dc3e9f8efc83f19da546881,a1a1a00b4c0d224f299efd03f01af3f7,2017-04-19 17:23:15,2017-04-19 17:35:15,2017-05-09,0,piracicaba,SP,23.9,10.96,1.0,1.0,600.0,17.0,7.0,12.0,1428.0
1ebebc0614bb48f5dd4d5be590f3b5b5,5a019775080020843a5283f96d4c805c,2017-12-06 20:16:40,2017-12-06 21:03:10,2018-01-08,0,garopaba,SC,122.0,32.38,1.0,1.0,1000.0,25.0,5.0,25.0,3125.0
4a0c442614599b83a064e2889049712c,ac60ba24d89bd3131734f9f891b178e0,2017-10-02 22:17:16,2017-10-02 23:00:07,2017-10-18,0,sao paulo,SP,54.9,9.34,1.0,1.0,275.0,28.0,9.0,22.0,5544.0
cb5664b27c8e72cd9197d6cd259a0946,cbe770134a298f4be223c178e2220c9a,2018-03-24 12:35:27,2018-03-24 12:50:29,2018-04-12,0,peruibe,SP,134.9,14.3,1.0,1.0,700.0,24.0,14.0,18.0,6048.0
bd6dce6c4936210f8fd197e2ba523fae,5614d75ab87c9cdd15aaa56ac850d034,2018-01-15 14:04:11,2018-01-17 03:39:29,2018-02-14,1,otacilio costa,SC,470.0,161.71,1.0,1.0,30000.0,60.0,65.0,60.0,234000.0
7c9cc21a1d8d2008364a92d9f0873b66,0fe659cea15a1e88642bb0723ac69e20,2018-02-07 12:29:42,2018-02-07 12:49:47,2018-03-12,0,maravilha,SC,19.9,15.1,1.0,1.0,150.0,24.0,2.0,17.0,816.0
0f0da37d4b99bfd602829ae5992b2d57,d5143b89d2bad5d3174eca1a2dd23b91,2017-05-26 10:43:29,2017-05-26 10:55:09,2017-06-20,0,belo horizonte,MG,89.0,30.46,1.0,1.0,9000.0,42.0,12.0,39.0,19656.0
5dcc65f0f55ef1d3cfe2d7c90349e23c,7308c3369ae037a966d083e24201f698,2017-08-13 22:04:51,2017-08-15 03:43:53,2017-09-05,0,serafina correa,RS,24.98,15.1,1.0,1.0,200.0,36.0,15.0,21.0,11340.0
3ba42e1ab3dfab510424d0872616a139,4da7cb25c4e56c5cd9bb52e32159cf18,2018-01-05 23:45:23,2018-01-05 23:54:42,2018-02-14,0,porto alegre,RS,99.9,30.2,2.0,1.0,350.0,25.0,9.0,19.0,4275.0
0572a001d46280ab9ab95964665ff768,11795bd5376cbbef9e6e3a699df983cb,2017-09-05 09:17:19,2017-09-05 09:30:13,2017-10-09,0,belo horizonte,MG,39.9,25.63,1.0,1.0,350.0,16.0,16.0,11.0,2816.0
f1f0d3a078ebf9382047caf44dbc4c46,aa6d4b904d1e9b9970f456a37f304ee2,2017-04-11 15:00:26,2017-04-13 02:50:24,2017-05-17,0,coribe,BA,109.99,21.22,1.0,1.0,633.0,26.0,9.0,22.0,5148.0
08b47d41b0e91577b2d62e070628b2dc,c0a3ef518d3de3d78a7a80ed0861c529,2017-03-03 20:01:50,2017-03-03 20:15:08,2017-03-24,0,limeira,SP,40.0,14.52,1.0,1.0,1700.0,23.0,7.0,23.0,3703.0
61e5353969ba519689f085a0379fccda,33548b5ff9b7ab73d389abe75ed2318a,2018-01-04 09:07:49,2018-01-04 09:19:30,2018-02-08,0,barra do pirai,RJ,69.9,20.98,1.0,1.0,2600.0,50.0,10.0,30.0,15000.0
21196c30747231d579091396af990f0e,af0b8113382552fc46061dd3a2e1c186,2018-03-17 09:25:36,2018-03-17 09:35:21,2018-04-10,1,salvador,BA,129.0,20.63,1.0,1.0,1300.0,30.0,10.0,25.0,7500.0
9e555160d5ee4c0a12a9451cc98afedc,ec55b85b43b1ea0b5488736283c05e78,2017-11-16 12:04:23,2017-11-16 12:31:39,2017-11-29,0,osasco,SP,109.9,14.37,1.0,1.0,1750.0,30.0,30.0,30.0,27000.0
f95bc347226e75c87d4c329d25f64970,ac4799a8aa8f7ec9213b489cf941cc2a,2018-02-05 22:43:46,2018-02-05 22:55:31,2018-03-12,0,piracicaba,SP,79.99,15.31,1.0,1.0,11880.0,50.0,60.0,27.0,81000.0
22b9b43e76d76d237c9e5646e47fc6e3,1a00ab086e473de2fb5ec217d4c6ca0e,2017-04-04 15:57:37,2017-04-06 02:45:26,2017-05-10,0,alfenas,MG,119.99,18.27,1.0,1.0,600.0,23.0,6.0,15.0,2070.0
2f8efac9068ded7f96cea13ecf271dd7,a0dbda9ba9675d8f5837d7d143314701,2017-05-28 20:16:50,2017-05-28 20:30:17,2017-06-12,0,osasco,SP,65.0,7.78,1.0,1.0,200.0,16.0,2.0,11.0,352.0
1c416205619eda99e9c883a9ca76ad75,e7e7963971d6cf0b45ddb9c6fbe9fdc9,2018-03-27 15:59:27,2018-03-29 03:15:27,2018-05-17,0,bento goncalves,RS,380.0,21.63,1.0,1.0,650.0,30.0,20.0,20.0,12000.0
e56a1cb152fd9b915de07e0f4f5b462b,1f468c5a64641a32137d557ade625dbf,2017-09-06 09:52:56,2017-09-06 16:05:18,2017-10-17,0,porto velho,RO,1299.9,44.46,1.0,1.0,2650.0,16.0,31.0,39.0,19344.0
971e55ce6ef3eae4af8292bd71c8e27f,8a629de914739aa508711c4311abf537,2018-03-28 12:08:31,2018-03-28 12:15:23,2018-04-19,0,jaguarembe,RJ,33.99,19.32,1.0,1.0,950.0,16.0,10.0,16.0,2560.0
3ffadf14829f9c35c258e08bb1982a70,60acefff7e20a4ee4981616d545ed441,2017-06-30 22:53:04,2017-07-04 04:25:15,2017-08-03,0,aracaju,SE,104.0,42.76,1.0,1.0,450.0,18.0,13.0,13.0,3042.0
79b63d1f9cf0257b33b04fbfb0847cba,b755c5f04fe5e214d68445fb210d512a,2018-03-25 21:30:24,2018-03-25 21:48:33,2018-04-06,0,sao paulo,SP,129.8,12.24,1.0,1.0,1310.0,60.0,12.0,24.0,17280.0
2ac8b5ea56aeef62ecdcdc509cb1efaf,68d295367a8abcda02105da98b108bc5,2018-02-10 13:18:14,2018-02-11 13:15:45,2018-03-14,0,rio grande,RS,19.99,15.1,1.0,1.0,50.0,18.0,6.0,11.0,1188.0
ec60b0d63f32dc9f14da8503a72af821,0916acefe664698288f758bbf549a53e,2017-08-09 22:45:43,2017-08-09 23:04:32,2017-09-08,0,uberlandia,MG,150.0,15.8,1.0,1.0,150.0,21.0,9.0,14.0,2646.0
db8f0ba38db1ec3fb5eccef40cad82a7,61c2616d4993655c24b0ff0a7d400fd6,2017-08-05 13:38:08,2017-08-06 13:45:14,2017-08-25,0,barueri,SP,69.9,11.99,1.0,1.0,950.0,45.0,15.0,35.0,23625.0
a12ac41904fb4122fafbd91fbb9230ed,8641ccf2e70d0cc04229db3e0b887fd7,2017-10-20 10:08:59,2017-10-21 02:49:16,2017-11-09,0,belo horizonte,MG,77.0,16.79,1.0,1.0,700.0,30.0,12.0,16.0,5760.0
49b95140e13dd1a0bb7e43807433a026,31b52d74e05f45d15820344d0a11268f,2018-01-01 20:04:12,2018-01-01 20:31:46,2018-02-06,0,deputado irapuan pinheiro,CE,29.99,25.63,1.0,1.0,150.0,18.0,3.0,16.0,864.0
d7ac124b50e54544b4cb85315b5f2793,5fc9fb8a9bfbcb5e8a1b00b2a52b012a,2018-01-08 13:44:01,2018-01-08 13:52:23,2018-02-01,0,cachoeira paulista,SP,169.9,12.69,1.0,1.0,6150.0,20.0,20.0,20.0,8000.0
6c5727658a49990433c383e058dd39e4,f7ecb130fa478f9f5bee1b9a55293db4,2017-05-19 22:46:23,2017-05-19 23:03:00,2017-06-01,0,mogi das cruzes,SP,759.0,13.51,1.0,1.0,600.0,19.0,10.0,15.0,2850.0
3e902e82bfbe40d0e2299bdbbf8af8ca,1e5317cd1def009c1067326813a9a727,2017-03-17 20:32:49,2017-03-17 20:32:49,2017-04-13,0,lorena,SP,134.0,13.52,1.0,1.0,1100.0,16.0,31.0,29.0,14384.0
02875e2e1d01d7a1533215fb97510b06,9f64e91e123214007c18425d4a0be8db,2017-08-25 11:16:05,2017-08-26 02:24:28,2017-09-08,0,sao paulo,SP,199.0,8.65,1.0,1.0,250.0,24.0,7.0,14.0,2352.0
d76365196bbcbd01da5825472503cf32,d601beb029e532aeff82426830730d49,2017-10-15 23:06:38,2017-10-15 23:27:10,2017-11-09,0,sorocaba,SP,29.9,16.11,1.0,1.0,500.0,30.0,19.0,18.0,10260.0
79c294f3f4e5a5957b8a02e8a7c8cf17,bc1cd5120f7f6894c5164a38d880739e,2017-10-20 21:51:50,2017-10-20 22:05:54,2017-11-08,0,parati,RJ,369.9,15.47,1.0,1.0,258.0,23.0,15.0,18.0,6210.0
39a88f719920998e92f0d3f7b32040fc,3272ae5d1173300820b43935539b3603,2018-01-23 19:31:31,2018-01-23 20:03:58,2018-02-23,0,porto alegre,RS,59.99,16.18,1.0,1.0,800.0,60.0,7.0,11.0,4620.0
25dbb5b0e8fffe7add495cf01a2893d0,cc24ed2ed67ceb1f6d4878edeea3aae8,2017-11-28 12:01:21,2017-11-28 12:14:36,2017-12-18,0,sao paulo,SP,700.0,67.29,1.0,1.0,10000.0,70.0,60.0,40.0,168000.0
f30c0d72637900696232641e612e3220,f7676a8b1b9377d36b7e7699afcb8bc0,2017-04-05 10:27:07,2017-04-06 10:42:25,2017-04-26,0,santana do jacare,MG,49.9,12.93,1.0,1.0,1300.0,43.0,5.0,30.0,6450.0
78db0b29049b6795343e2a8ba2f48ff7,e806ed5d5fdf4be71b5405c1d8e39b8f,2017-11-09 22:29:00,2017-11-09 22:46:51,2017-11-23,0,cotia,SP,68.98,15.56,2.0,1.0,250.0,17.0,4.0,12.0,816.0
d114db1284e403886d42917794dab1aa,a25a1621da773f67495618a8a2a475db,2018-04-02 14:54:18,2018-04-02 15:11:50,2018-04-12,0,guarulhos,SP,29.0,8.82,1.0,1.0,233.0,22.0,16.0,14.0,4928.0
d580486f85855dfbfc226d0a87c46957,3990c719162bfe51e676622d4ec98569,2017-04-24 00:37:05,2017-04-25 08:15:36,2017-05-25,0,sao luis,MA,48.0,24.35,1.0,1.0,150.0,16.0,2.0,11.0,352.0
be5d9df3cb44dbb469a80581ede808a2,353aa71e2ad73b4ef96748be41c1b9e0,2017-09-08 11:27:46,2017-09-12 04:50:36,2017-10-03,0,uberlandia,MG,59.0,17.98,1.0,1.0,675.0,21.0,13.0,16.0,4368.0
ae16a4774354e48d2a9a8c43c685b30d,b5c8b2cf65bd49d6d1462ae6489fea43,2017-03-04 20:05:28,2017-03-04 20:15:21,2017-03-27,0,sao paulo,SP,310.0,43.53,1.0,1.0,13350.0,30.0,29.0,34.0,29580.0
48e7f3b7aa6ee2bbdd92ab84674fe4e4,a96d6b1da9c9aaa588d92a1a95e6707e,2017-12-18 15:35:53,2017-12-18 16:35:38,2018-01-11,0,campinas,SP,41.0,11.85,1.0,1.0,183.0,16.0,18.0,16.0,4608.0
c39da54f19d2aa7b89667e4817f05629,6df80b1b894bb87f1ec7ce6534db6152,2017-09-09 04:42:26,2017-09-09 05:25:16,2017-10-18,0,dom eliseu,PA,15.0,25.63,1.0,1.0,250.0,30.0,20.0,32.0,19200.0
f0da5a090ddf3d220d76c0cd17fb2775,3e447059f00665f172056b3a9a6c1836,2017-09-05 16:07:07,2017-09-05 16:15:16,2017-10-02,0,campos novos,SC,54.9,16.14,1.0,1.0,600.0,39.0,30.0,29.0,33930.0
a915d736d392c278f5220c55f8275393,6ca4dcf487355859b92e1dbdb1d3238b,2017-07-21 22:12:35,2017-07-21 22:25:21,2017-08-07,0,amparo,SP,99.99,8.28,1.0,1.0,300.0,20.0,2.0,14.0,560.0
2d82dd44bd4ea2cb852068142568d5ce,83f88341610abb047d8cfa4f0e19dc91,2017-07-09 09:59:04,2017-07-09 10:10:22,2017-08-01,0,montes claros,MG,149.9,18.3,1.0,1.0,1200.0,20.0,25.0,20.0,10000.0
d02832494d9e665c9647bc990b1c24ee,0e8f3042296ebd7f20095ce2fe09945f,2017-05-19 21:06:03,2017-05-20 11:45:20,2017-06-23,0,cascavel,CE,529.0,47.55,1.0,1.0,900.0,30.0,6.0,23.0,4140.0
c1e6381e0212521187651df2d8d099de,f0b486ffd24a678cd2050bc29d3678c4,2017-12-05 10:56:31,2017-12-05 11:46:53,2017-12-29,0,marilia,SP,39.9,15.1,1.0,1.0,200.0,16.0,5.0,11.0,880.0
356ed2aedda45710304b7995223e54df,ec13c2458d3984f778c0d1e41179a7ce,2017-12-08 23:54:00,2017-12-09 00:11:42,2018-01-04,0,niteroi,RJ,9.0,14.1,1.0,1.0,150.0,25.0,7.0,16.0,2800.0
ec7aa10c8aeb4f2401199c40229fdbe4,191c6079fd74bb14301873023473bb9b,2017-04-25 15:05:13,2017-04-27 13:10:42,2017-05-16,0,ipanema,MG,18.99,14.52,1.0,1.0,167.0,18.0,4.0,11.0,792.0
07e5349fe32847b4bc266836cda0705c,053f9f6d14eae73c5dcd35952b42f44b,2017-11-27 16:44:36,2017-11-27 16:52:37,2017-12-18,0,itapecerica da serra,SP,69.0,18.72,1.0,1.0,1850.0,24.0,36.0,23.0,19872.0
cb303a906d3da8596487dc9de116fae8,327927b2dace55da79e24be043558518,2017-12-08 23:55:40,2017-12-09 00:11:43,2018-01-16,0,turvo,PR,8.1,15.1,1.0,1.0,200.0,16.0,8.0,11.0,1408.0
aba02e203a50c9dcf7c2b6b210b5f6eb,b7fc8e04ed80320673fef972447e3551,2017-11-22 14:55:46,2017-11-22 15:06:37,2017-12-08,0,sao paulo,SP,170.0,16.82,1.0,1.0,4338.0,17.0,12.0,14.0,2856.0
84f2f3376f85a2095f8b1e318e285d45,fcac4e7c11bf4757ffa2ac9ef34ee479,2017-08-03 20:28:45,2017-08-05 03:03:27,2017-09-05,0,vitoria,ES,35.9,16.6,1.0,1.0,1000.0,40.0,10.0,30.0,12000.0
6ac7c4ffe3878ed0702e5650d8dd6c26,10bf0b019a1b776b9a90629397367ade,2017-03-23 16:47:15,2017-03-23 17:03:27,2017-04-11,0,sao paulo,SP,141.9,11.6,1.0,1.0,925.0,43.0,38.0,38.0,62092.0
75ed295f702854ac0012c5fe9dd82f84,2f1fc248a08432dce26f8882a6a9e39e,2017-06-21 17:17:50,2017-06-21 17:32:36,2017-07-14,0,sao paulo,SP,49.9,7.78,1.0,1.0,100.0,16.0,5.0,20.0,1600.0
35d0b7a55813500142b572061fb539cf,b470feced32581d9db37145350be0401,2018-02-13 13:17:42,2018-02-13 13:28:07,2018-03-01,0,sumare,SP,29.99,7.78,1.0,1.0,300.0,17.0,4.0,12.0,816.0
8a1700a8665d4c4f42967a8fea958520,db0142f84b12d3db5605aeb200ead43f,2017-12-10 13:32:17,2017-12-12 03:50:17,2018-01-05,0,rio de janeiro,RJ,107.9,16.52,1.0,1.0,950.0,23.0,18.0,23.0,9522.0
1087c248afded2f1d5c0a0a760e34695,641e9c515a78e13fbe53f7470e52a663,2018-04-09 14:48:04,2018-04-11 05:50:17,2018-05-04,0,caxias do sul,RS,57.9,22.99,1.0,1.0,983.0,41.0,23.0,35.0,33005.0
e239d280236cdd3c40cb2c033f681d1c,8f3b9d3f52f2f606b6675ef3d7d85e7b,2018-03-01 18:32:58,2018-03-01 18:49:11,2018-04-02,0,niteroi,RJ,85.0,17.03,1.0,1.0,321.0,19.0,14.0,13.0,3458.0
b4dda7b3d122dce657b84478b58668e9,b1afa4fa737f86782c8fe65ed824c69a,2018-03-17 16:33:16,2018-03-17 16:49:33,2018-04-05,1,belo horizonte,MG,29.98,15.23,1.0,1.0,175.0,17.0,6.0,13.0,1326.0
bf11eca40b14cb59b17fe061d025c8a3,a24ed4d8160dc994bbe67b3fc741bbb6,2018-01-26 14:21:17,2018-01-26 14:34:13,2018-02-22,0,sao paulo,SP,165.9,18.41,1.0,1.0,1752.0,19.0,15.0,16.0,4560.0
2bdfeff498c8742708633364e3eeee08,3a940b0b8f29b36c928c4c91d83dd7d0,2017-12-10 19:50:59,2017-12-10 19:57:32,2017-12-28,0,mogi das cruzes,SP,69.9,9.27,1.0,1.0,283.0,22.0,12.0,21.0,5544.0
61c371c97bc39650300c359853390644,c59a67c7f3942b4756a8e20e46ea5c8f,2017-09-11 16:29:02,2017-09-11 17:45:24,2017-10-02,0,cabo frio,RJ,130.0,20.15,1.0,1.0,4750.0,60.0,20.0,50.0,60000.0
dbadf0264f5a2b239bea146da1b1f567,b5dd5010cf3b3b1178a8e596d7114266,2017-08-08 19:41:27,2017-08-10 19:43:56,2017-08-30,0,belo horizonte,MG,70.78,28.2,1.0,1.0,350.0,19.0,14.0,12.0,3192.0
bede49402c31f79ae1ea5fea8e67593f,341a66f90b16b33339ff0c9dda9f7fc0,2017-02-14 16:04:04,2017-02-14 16:15:13,2017-03-21,0,sao paulo,SP,21.9,10.96,1.0,1.0,300.0,25.0,2.0,17.0,850.0
8e1ded141534096603108f1ee5c27735,3956d1e55818b7dc872d5a1de09e4ddc,2018-01-23 15:04:18,2018-01-23 15:15:32,2018-02-07,0,sao paulo,SP,19.9,7.78,1.0,1.0,200.0,27.0,5.0,20.0,2700.0
382a503d9d9928675c03cb26ea99b262,a71c238a73216055be790a966f67ab94,2017-08-06 19:40:37,2017-08-06 19:55:06,2017-08-25,0,pitangueiras,SP,49.9,11.85,1.0,1.0,400.0,50.0,3.0,25.0,3750.0
8b54ad5dd057cd34a1308553e2bba5dd,3ed790a63e61a86231274a97e1b27fd6,2017-10-20 09:10:06,2017-10-20 09:28:15,2017-11-01,0,sao paulo,SP,119.99,12.04,1.0,1.0,1500.0,50.0,40.0,30.0,60000.0
bef5d5c7e0fa907f3aefa9d3873c4f90,d9d4ab9f19fddeb11b274cac8154f450,2017-04-12 08:32:44,2017-04-14 02:50:13,2017-05-08,1,sao jose,SC,215.9,19.79,1.0,1.0,2050.0,50.0,5.0,20.0,5000.0
e68e94b6a14ff7711112ed20ae74ea3e,3a723250139d38a4d2eb9f12d73a9774,2017-11-24 17:03:45,2017-11-24 20:52:43,2017-12-18,0,belo horizonte,MG,57.5,15.15,1.0,1.0,100.0,24.0,2.0,17.0,816.0
9e8835f613d3d61b5c4aeae2550b893a,1b5db70f5a471093cb88e558bdee77ae,2017-10-18 16:42:42,2017-10-18 16:56:45,2017-11-08,0,rio de janeiro,RJ,70.9,14.25,1.0,1.0,250.0,16.0,4.0,20.0,1280.0
44ed09232a24ad29cf2457b2780e806b,2b8784fee7592d8c11a970f175cb5d71,2017-01-26 22:44:11,2017-01-26 22:55:10,2017-03-10,0,bento goncalves,RS,176.99,96.63,1.0,1.0,23375.0,66.0,43.0,66.0,187308.0
5abb95f2a998dee581e1c63cb7ea7512,7d5b9f4eb02f2bd41768398e711f9393,2018-03-04 18:04:23,2018-03-04 18:40:25,2018-03-28,0,bauru,SP,63.72,17.7,1.0,1.0,1400.0,32.0,14.0,28.0,12544.0
d1872a759d4c1e5437aa708d64ff592c,e4c5593923a15e857d120fab87609318,2017-08-02 21:20:58,2017-08-02 21:35:15,2017-08-22,1,aracuai,MG,31.9,12.48,1.0,1.0,200.0,41.0,2.0,29.0,2378.0
f20387017913ada05e448bb9c9cfadb3,d87d1c08c59e86ce55b5a78f368898d1,2017-11-24 19:52:19,2017-11-24 23:12:30,2017-12-18,0,sao bernardo do campo,SP,387.2,38.81,1.0,1.0,24800.0,34.0,96.0,34.0,110976.0
6779036ed0ba358b53a569a733f3e408,dd67e5970a7912e2057d2af99b15467d,2017-09-09 17:12:59,2017-09-09 17:28:56,2017-10-02,1,imperatriz,MA,299.0,54.45,1.0,1.0,3350.0,69.0,11.0,11.0,8349.0
4c1f94303cb0dd867863ad2259197ab1,c83db752df8e7cdaae6f13ab0c2572f9,2017-10-10 08:14:54,2017-10-11 08:14:12,2017-11-06,0,romelandia,SC,159.99,16.88,1.0,1.0,650.0,18.0,10.0,16.0,2880.0
80e2ed9ee8878458ac2191eb469cb0fb,c8a2e9332221768c8df71f0936227a05,2017-06-04 12:09:59,2017-06-04 13:02:01,2017-06-20,0,itu,SP,70.0,9.94,1.0,1.0,900.0,30.0,8.0,23.0,5520.0
5780d10774b33a1128ca4bcb46c055af,13a9f022db58ebf4d7dc4ba0c43824f0,2017-05-12 22:41:20,2017-05-12 22:55:06,2017-05-22,0,sao paulo,SP,67.9,8.72,1.0,1.0,550.0,47.0,17.0,30.0,23970.0
1a3ccc1695931b2cb7a95065e0c81e4b,cd7df89ab76adcfe3e1b4a36b042b081,2017-10-16 12:21:07,2017-10-18 02:56:40,2017-11-14,0,caxias do sul,RS,124.97999999999999,31.479999999999997,2.0,1.0,225.0,21.0,12.5,16.5,4331.25
ce3756a051e619f9a749a8795aee498f,e4e0289744e52cb66d68ae3ad7b49bd9,2017-03-01 14:50:29,2017-03-02 06:45:14,2017-03-22,0,lavras,MG,77.94,93.36,1.0,1.0,2800.0,40.0,8.0,40.0,12800.0
67f2f913bb16abed933504fb19d4ade4,d65d3879ccac114a8fab42f26dd67a51,2017-07-19 19:54:51,2017-07-19 20:10:13,2017-08-10,0,piau,MG,25.9,17.6,1.0,1.0,1200.0,69.0,3.0,44.0,9108.0
6c6803a80161b45ad151601b21ba647f,ca0c06a18dd6faf5e07fbb8da4f32257,2017-12-13 21:34:30,2017-12-15 02:17:32,2018-01-03,0,rio de janeiro,RJ,69.9,12.48,1.0,1.0,431.0,19.0,17.0,15.0,4845.0
b0459878e11dcfafd042b81083011548,594b34fd289ad46d208bbcf008762642,2018-03-02 17:38:17,2018-03-02 17:50:36,2018-03-20,1,campinas,SP,175.0,12.73,1.0,1.0,6663.0,17.0,11.0,13.0,2431.0
906dfb858a6afcaea1fb5cc0ed730147,6e5a54d1b2948d3ed01374ebd2f018ff,2017-10-18 20:58:36,2017-10-20 02:49:41,2017-11-13,0,curitiba,PR,114.94,28.16,1.0,1.0,7400.0,54.0,53.0,20.0,57240.0
e1ffdd8e1b12edd5af26c00ed9320af0,70ae459bc3be4052dd5de533ade087f3,2018-02-06 10:35:15,2018-02-06 11:11:50,2018-03-07,0,porto alegre,RS,79.49,15.31,1.0,1.0,125.0,18.0,5.0,12.0,1080.0
83b11638ea5fdb78656168614f8afdf2,b511725689f49bbfdf34541b28780926,2017-12-10 20:28:09,2017-12-10 20:35:22,2018-01-04,0,martinopolis,SP,389.9,83.04,1.0,1.0,30000.0,60.0,60.0,60.0,216000.0
aec4f3ce724b67ce527d67f7eb60a310,840b51ea15f639191473c482b40b76f2,2018-03-29 22:55:31,2018-03-29 23:07:37,2018-04-19,0,campo grande,MS,179.49,17.23,1.0,1.0,550.0,16.0,21.0,18.0,6048.0
1770ee9dc600eccda7bfb6c56562b91d,c17bfc06e780f1956ebe2659b2a90caa,2017-08-22 19:54:54,2017-08-22 20:06:18,2017-09-27,0,goiania,GO,,,,,,,,,
e246ac3f62e56576a4f95864cff73495,22b53ed9754711b0c879e9269ff9072e,2017-10-23 18:16:42,2017-10-23 18:28:24,2017-11-09,0,ubatuba,SP,89.0,12.96,1.0,1.0,700.0,16.0,2.0,11.0,352.0
e87746786779edef45938a6bc4572c0b,817a3322ad71f73a2bd444f27583b4e6,2018-02-03 23:17:59,2018-02-03 23:30:29,2018-03-06,0,brasilia,DF,25.9,25.63,1.0,1.0,150.0,16.0,7.0,11.0,1232.0
72be45eab146087612b9ee932e825574,bc225b031d110d0b09ed6f25762f2e83,2018-04-12 15:23:19,2018-04-13 18:31:07,2018-05-10,0,sao joao do triunfo,PR,108.82,19.73,1.0,1.0,1500.0,40.0,7.0,34.0,9520.0
48bc7c3a0885049a0bf2d42d42421de2,21b1540ea5bd484a35a8b46662a0b756,2017-11-25 09:41:04,2017-11-25 09:51:07,2017-12-21,1,salvador,BA,32.99,16.92,1.0,1.0,950.0,20.0,35.0,20.0,14000.0
3c9e706b2938bbef0922d8c7da956ec8,0f08b80da14cc5ee19ccb36e9cfb2b15,2017-08-21 07:30:58,2017-08-23 02:46:54,2017-09-13,0,coronel fabriciano,MG,355.99,28.81,1.0,1.0,3850.0,29.0,12.0,24.0,8352.0
045806c8806bca9909e23a1a79cfdd0c,fa7ff73c5d702b41dd2f88e18484a275,2017-12-10 20:49:32,2017-12-12 20:52:21,2018-01-04,0,itanhaem,SP,139.9,34.25,1.0,1.0,10000.0,50.0,34.0,50.0,85000.0
eb8ee5f8501215e35cbd211f85413fa3,c46b3d824160b42c84227cf65f9caf25,2017-11-17 19:41:02,2017-11-18 19:50:23,2017-12-12,0,serranopolis,GO,789.99,21.29,1.0,1.0,700.0,19.0,9.0,15.0,2565.0
f9ea302261bc5927d8f4a13cb60bdb9d,71f4e2eea08ac9a0e2ad53b2930a6d47,2018-02-26 20:32:26,2018-02-28 10:11:00,2018-03-13,0,niteroi,RJ,55.9,8.27,1.0,1.0,100.0,20.0,20.0,20.0,8000.0
bc23a8b8a743eb2f2b66eb86a77f8740,dcd3d418bc3f3a6b9617ef14ddbde12c,2017-09-07 19:38:45,2017-09-07 19:50:23,2017-10-03,0,queimados,RJ,98.0,17.97,1.0,1.0,325.0,21.0,21.0,21.0,9261.0
d56564f21e612a588607e9ffb39b9d21,c43d7424f1a0af3b147e88947f5bb957,2017-06-07 20:11:31,2017-06-07 20:25:15,2017-06-28,0,taubate,SP,22.9,11.85,1.0,1.0,300.0,24.0,12.0,12.0,3456.0
61ea8fda11e9314eb8175e8769036e97,4a0063aa59c49a0b2d52b93f87b3d358,2017-12-15 12:07:17,2017-12-15 12:17:31,2018-01-26,0,joao pessoa,PB,159.9,38.67,1.0,1.0,792.0,19.0,14.0,16.0,4256.0
65bb139b1cb6db9d99a350fa4a7d68f0,5855110e604705924d9b962fbbf732d0,2017-08-08 19:42:43,2017-08-08 19:55:18,2017-08-21,0,barueri,SP,89.9,9.44,1.0,1.0,750.0,30.0,30.0,11.0,9900.0
c06efe1d3dbfb4878f8742b009d0d0a5,252e3019a511578779f6b9b0887ced45,2018-03-16 15:26:08,2018-03-17 15:28:29,2018-03-28,0,sao paulo,SP,69.9,8.29,1.0,1.0,600.0,16.0,9.0,11.0,1584.0
abefedeaf61ad043302fe9d2837a9772,379f4366f5dab3fe232d02b8432360dc,2017-09-13 00:57:15,2017-09-14 01:05:42,2017-10-10,0,matupa,MT,109.98,35.9,1.0,1.0,650.0,30.0,10.0,16.0,4800.0
37e0ffe09382d012cc039562b646689a,700d485889431792d24c8e2d506a1ebb,2018-01-22 23:58:22,2018-01-23 00:15:16,2018-02-14,0,santo andre,SP,21.99,11.85,1.0,1.0,550.0,28.0,4.0,22.0,2464.0
293b49dd2d7212a25cd82a02e0c984ef,fd6d24826df20a47edc27155e5c613ae,2017-11-09 19:16:07,2017-11-09 19:30:53,2017-11-29,0,brejo bonito,MG,139.9,14.0,1.0,1.0,10225.0,19.0,11.0,11.0,2299.0
05b771d711b0fa6d8ca9f42c3cc29f41,79b4e6917237551454e77c23285fa09a,2017-08-08 17:54:37,2017-08-08 18:10:17,2017-08-30,0,birigui,SP,58.0,12.75,1.0,1.0,700.0,20.0,50.0,18.0,18000.0
07b6fba80722b4ba2988ef68f8e20c9f,51460fb93e8641cb759c87b204e1fcd0,2018-02-17 20:02:02,2018-02-20 07:06:58,2018-03-05,0,rio de janeiro,RJ,99.9,13.53,1.0,1.0,2900.0,21.0,16.0,31.0,10416.0
7ff0a233ca71abe5b19f93af5b8f3440,f83fe3dc158f7a731bacc84356f5c5b3,2017-11-24 10:53:41,2017-11-28 03:32:58,2017-12-20,1,nova iguacu,RJ,126.0,77.9,1.0,1.0,18200.0,19.0,10.0,22.0,4180.0
dc2c80fa5a4e2aa29182d399748d548b,3d6ef247a5922e5ea04d1d8a03fbea07,2017-04-18 07:49:34,2017-04-19 02:50:47,2017-05-11,1,atibaia,SP,29.5,14.52,1.0,1.0,350.0,67.0,15.0,15.0,15075.0
cec49c59f35df62326835eea9dbd1457,69b0628ae342374f7b9388c5d1dd9cfd,2017-10-15 19:09:41,2017-10-16 20:28:25,2017-10-26,0,sao paulo,SP,348.8,9.7,1.0,1.0,363.0,18.0,13.0,13.0,3042.0
05dbe6bf3e09d4e05160a98d0a926bb1,c9fb84e88f11e478d569305888e89920,2017-10-03 19:05:31,2017-10-03 19:14:32,2017-11-03,0,ipatinga,MG,150.0,23.92,1.0,1.0,2243.0,37.0,32.0,33.0,39072.0
7a93a948d1378fc5fcfd0a09f00136c7,2eab8438ec51150fc124df8ed968f7c8,2018-02-22 23:42:08,2018-02-24 02:55:29,2018-03-26,0,serafina correa,RS,72.99,17.76,1.0,1.0,1050.0,42.0,25.0,15.0,15750.0
2098ffa11a9b2819ffd6c2f95683db90,9aa815a3c997d7178df3b6ede20a1363,2018-01-24 16:51:59,2018-01-24 17:23:55,2018-02-08,0,sao paulo,SP,29.0,7.78,1.0,1.0,200.0,16.0,2.0,11.0,352.0
20f2024101e0aff5fd5990a605283ee3,4b62140bcbd887e90a27212db45d4226,2018-02-03 15:42:54,2018-02-03 15:50:33,2018-03-07,0,rio de janeiro,RJ,235.0,22.49,1.0,1.0,8100.0,45.0,24.0,39.0,42120.0
e928f5fbefb30f228db4678d9222b231,950863681cb2112651ef0782da4e689d,2017-05-12 18:09:07,2017-05-12 18:15:18,2017-06-16,0,curitiba,PR,27.9,15.1,1.0,1.0,500.0,40.0,4.0,30.0,4800.0
fa292754654f17a208c5436bbfb8e18f,5f7fe825c7b61d758869be903523f6bf,2017-10-29 20:49:54,2017-10-31 03:50:37,2017-11-22,0,conselheiro lafaiete,MG,65.0,15.2,1.0,1.0,491.0,19.0,12.0,16.0,3648.0
36c9568c1d0f5ff00d0d9d52a2b8ec18,1112e31a003d7a7ef429a45db0aee71f,2018-04-06 17:48:33,2018-04-06 18:08:39,2018-04-18,0,pindamonhangaba,SP,169.8,8.53,1.0,1.0,127.0,18.0,10.0,14.0,2520.0
332e264249f30a888b81bffd7a84e03c,7cc8aa1b58755e7d169084d0778f362d,2017-10-07 21:41:11,2017-10-10 03:49:20,2017-11-13,0,rio largo,AL,109.9,21.57,1.0,1.0,1000.0,50.0,20.0,20.0,20000.0
1b0ca0c3b2421d7ffde52594b571c020,a568e815557dfe95e3b3ff832812486b,2017-12-12 17:51:10,2017-12-12 18:10:54,2018-01-08,0,brasilia,DF,99.99,16.95,1.0,1.0,1200.0,42.0,25.0,15.0,15750.0
0f6a05e51088bdf60e8f9b6d753234a9,c85f6a8bce5909206d682c9111404212,2018-04-07 20:21:45,2018-04-07 20:35:18,2018-04-26,0,belo horizonte,MG,39.5,22.93,1.0,1.0,1650.0,50.0,2.0,37.0,3700.0
fc1d9429da446a147d438d41350a2932,8b13d2050940cb8d6a7203e69f279254,2017-10-23 16:29:52,2017-10-24 07:14:07,2017-11-23,0,santa barbara,MG,239.0,14.69,1.0,1.0,850.0,20.0,20.0,20.0,8000.0
432ca501b6803f37fe26134bedda2972,f85cc0ce9a08512570a38e27d2322a32,2017-10-08 09:52:27,2017-10-08 10:07:14,2017-10-27,0,belo horizonte,MG,599.96,60.5,1.0,1.0,14100.0,62.0,62.0,21.0,80724.0
4d6a47078b73c647206be4398bbe29b1,97b50939d4b8da29f262e503097841d5,2017-11-24 00:41:06,2017-11-28 03:31:20,2017-12-22,0,novo gama,GO,198.0,16.14,1.0,1.0,263.0,17.0,12.0,13.0,2652.0
b85b06d0ae4436e17303286ce75dd4b4,1352219837587aada7056f4710a10b85,2017-03-06 22:21:02,2017-03-06 22:30:17,2017-03-27,0,taubate,SP,40.0,14.52,1.0,1.0,1700.0,23.0,7.0,23.0,3703.0
8dc78af1cf59ea64fd1cbc09304b02c7,fd0050cfc15a4a9bb1f1bd0605bf5329,2018-04-09 20:40:30,2018-04-09 20:55:34,2018-05-07,0,conceicao da aparecida,MG,117.0,68.78999999999999,1.0,1.0,650.0,25.0,25.0,25.0,15625.0
cdc6ceaabb2f687c33736de20f6c0b98,d7486181fcd6b7aff07675c0b2d5e0da,2017-07-21 18:06:23,2017-07-21 18:22:56,2017-08-18,0,campos belos,GO,99.99,17.95,1.0,1.0,1200.0,42.0,25.0,15.0,15750.0
485ebaf1444009348caf87a4fcb8f0f4,019b7b400189d67c8b75754edd1919f7,2017-07-19 17:14:37,2017-07-19 17:30:07,2017-08-23,0,salvador,BA,56.99,15.84,1.0,1.0,375.0,21.0,11.0,17.0,3927.0
236000cc7c90d723a7db9afa31f73e72,41a7a254ad0f16ee9ba1f2ba2605d630,2018-01-23 18:36:21,2018-01-23 18:55:40,2018-02-19,0,sao jose dos campos,SP,119.0,18.08,1.0,1.0,1300.0,69.0,11.0,11.0,8349.0
226bdeb6252bfee90f63517f430be2e9,f344a641af9aeeb5dca01be9058eb92b,2018-02-21 12:09:19,2018-02-21 12:30:21,2018-03-15,1,volta redonda,RJ,56.0,30.2,1.0,1.0,200.0,20.0,5.0,16.0,1600.0
499e067351812a60f3f5019575ec71d2,4dda11a4f999ace6297045128bd68a66,2018-01-02 17:04:40,2018-01-04 05:16:45,2018-01-24,0,presidente epitacio,SP,99.99,13.04,1.0,1.0,675.0,25.0,14.0,25.0,8750.0
c1c74d57ba4aa420f6f3399f322cf82f,a3356da8c84c806b6977704df8315e06,2017-07-11 23:37:59,2017-07-11 23:50:20,2017-07-28,0,sao paulo,SP,209.99,31.77,1.0,1.0,14775.0,63.0,60.0,25.0,94500.0
0b339dee90210409b715a9f2b6af29a7,fb7df68b487c7340f5a4e9c5d4ae3e73,2017-11-29 13:49:23,2017-12-01 13:58:25,2017-12-28,0,sao paulo,SP,1098.0,68.43,1.0,1.0,12950.0,40.0,30.0,40.0,48000.0
086d8c0d2740866ee3d4730987640d4c,ad6d4e14fbcac0ec27004560ab1d0c21,2018-04-04 13:50:43,2018-04-04 14:10:39,2018-05-02,0,taboao da serra,SP,49.95,12.79,1.0,1.0,400.0,25.0,9.0,19.0,4275.0
797784ed0407046312c7f3c777583a0c,47cc5c8daaed49e3017f7277388402d6,2017-11-26 16:15:10,2017-11-26 16:35:58,2017-12-20,0,timoteo,MG,50.0,17.6,1.0,1.0,1300.0,40.0,15.0,40.0,24000.0
5a85e924259fbcb51878c4fd7182b252,64f3acb4202732a3c994fdf06a61edc7,2017-10-08 19:00:45,2017-10-08 19:28:31,2017-10-31,0,rio de janeiro,RJ,340.0,23.22,1.0,1.0,3200.0,16.0,85.0,16.0,21760.0
8c8559a212cf7c80c066afce3c87a0f3,59b3d9389766991ccdfea04b38986fd2,2017-09-17 20:12:09,2017-09-17 20:25:59,2017-10-06,0,ponte nova,MG,19.99,16.11,1.0,1.0,400.0,20.0,20.0,20.0,8000.0
9bc5c73ed95bec088ff04d924946fa45,5a134aeb2bc57fc5561108c40911a5e5,2018-01-14 21:32:20,2018-01-14 21:49:19,2018-01-30,0,cajamar,SP,,,,,,,,,
633382b6e9abe0085b19aa12edaf7e08,2d00fe84cd1a1a9f9477fb93510f323a,2018-01-05 09:45:00,2018-01-05 09:51:30,2018-01-30,0,campinas,SP,24.5,11.85,1.0,1.0,100.0,16.0,12.0,12.0,2304.0
7879a19dbf7ffa9e1063dfde96081185,c1d6df990d7abb2eb1d898aabb91c142,2017-11-30 15:46:49,2017-11-30 15:55:25,2017-12-18,0,sao paulo,SP,119.9,9.03,1.0,1.0,1300.0,30.0,10.0,28.0,8400.0
462ac93c107f9de96346db36168256c1,aa669113d84e54772dcff82d3dd74177,2017-11-11 12:55:29,2017-11-11 13:06:54,2017-12-06,0,vila velha,ES,195.9,16.12,1.0,1.0,400.0,18.0,12.0,14.0,3024.0
e2106d4c268074159f4e90a33cf4e18c,edd42935e92c9d18e1243d2207f2ff7f,2017-10-17 21:33:55,2017-10-17 21:46:10,2017-11-03,0,cosmopolis,SP,399.98,46.38,2.0,2.0,6550.0,41.0,32.5,27.5,36643.75
2dc5ca4f77839266648dbc98c8c13142,e1301cc68b82ab74180bc970f3e6c81b,2017-07-31 23:06:46,2017-07-31 23:25:30,2017-08-28,0,santo anastacio,SP,45.9,12.69,1.0,1.0,600.0,30.0,3.0,20.0,1800.0
6047b3a832a41b60705327fcd2644679,6941bac1a71978b2d64de3e966331582,2017-09-04 17:11:32,2017-09-06 03:04:29,2017-09-22,0,belo horizonte,MG,53.9,17.63,1.0,1.0,1950.0,58.0,15.0,46.0,40020.0
045fdf416ed4db7ae710009397448586,d71417bdc4732253d051aea71d4141b6,2018-01-12 12:04:11,2018-01-13 11:56:19,2018-02-08,0,palmas,TO,153.0,33.52,1.0,1.0,2400.0,45.0,15.0,35.0,23625.0
ef897a70523fdaa35f5f7408c325d3ad,f4e7a983e7130953e85bfd0093475bb5,2017-11-21 13:45:03,2017-11-21 13:59:24,2017-12-07,0,ourinhos,SP,51.9,11.86,1.0,1.0,100.0,24.0,2.0,17.0,816.0
85a4fbdba48c815924115fb82330071c,ff93b4413884cd9b2d851e9133d8c1ab,2017-05-24 19:20:02,2017-05-24 19:30:48,2017-06-20,0,guaiba,RS,19.99,14.1,1.0,1.0,100.0,19.0,3.0,11.0,627.0
4ae185f9012953118f9adcf6817a21bc,21d1c2c0b399a42369744faf573109f4,2017-09-04 20:10:25,2017-09-05 04:24:46,2017-09-18,0,santa barbara d'oeste,SP,72.8,9.27,1.0,1.0,400.0,20.0,20.0,20.0,8000.0
26ba0c1bad97bbfdcc4419e3ca40d9a8,0b0021fc48717a02bcbd22404ed2f1f3,2017-01-31 20:17:34,2017-01-31 20:35:55,2017-02-27,0,sao paulo,SP,76.05,15.79,1.0,1.0,1333.0,24.0,23.0,25.0,13800.0
dc39d8fbbdc748fe466dd8af6bec5b6d,eeca7a31bee228b240306b42ae2cdbce,2018-01-23 09:24:24,2018-01-23 09:35:52,2018-02-15,1,belo horizonte,MG,24.99,14.1,1.0,1.0,350.0,17.0,4.0,12.0,816.0
9ebfe4f8443f801cf3685442b0d26e6b,eafceab51b7f2121c2ce2f94e0152d3b,2018-01-03 16:56:47,2018-01-03 17:07:59,2018-02-07,0,picos,PI,250.0,111.2,1.0,1.0,12250.0,45.0,35.0,45.0,70875.0
1b90587d2255b7eb1dcc4d2c7eba1c54,c864ab08bb4dee24abda9f5d464194bb,2018-01-18 14:08:58,2018-01-19 02:38:48,2018-02-09,0,pinhais,PR,13.99,14.1,1.0,1.0,50.0,16.0,5.0,11.0,880.0
2122719f6fc72fba16b0b3001d539a7e,9b827375ba57d2e979329d7a5c92685d,2018-01-16 11:51:45,2018-01-16 12:16:48,2018-02-06,1,rio de janeiro,RJ,5.99,14.1,1.0,1.0,125.0,16.0,7.0,14.0,1568.0
7310c8820f4c9ee1ca0e4283b7c2130d,530103ea67e6552ec7b5875c1a7a8929,2018-04-03 09:01:55,2018-04-05 02:27:47,2018-04-24,0,brasilia de minas,MG,13.65,18.23,1.0,1.0,200.0,25.0,7.0,16.0,2800.0
f37f4d49c3bec3fe208ac7f86a58a97d,81d496ec70b5cbfdd088b86d39d9f078,2017-11-26 23:02:08,2017-11-26 23:14:27,2017-12-22,0,porto alegre,RS,34.9,14.1,1.0,1.0,255.0,24.0,23.0,14.0,7728.0
0bb0dd89956cc5f44ff556c2189e7160,db925a533d94cee42707026949892c7e,2017-06-20 13:08:17,2017-06-21 02:26:00,2017-07-12,0,francisco morato,SP,39.9,14.1,1.0,1.0,200.0,25.0,5.0,15.0,1875.0
80b812cc3f7609fc00fba1b9beec3065,b550abac10e148e050efe03dd209aa73,2017-07-07 13:37:17,2017-07-07 13:50:18,2017-08-02,0,brasilia,DF,89.9,15.38,1.0,1.0,1383.0,50.0,10.0,40.0,20000.0
2f8fcfe0b82ecb5bf95a056e04b3181f,de63777364ce7bd557a7bbf2972b5c8f,2017-10-24 19:42:00,2017-10-24 19:56:20,2017-11-29,0,nova iguacu,RJ,29.99,14.1,1.0,1.0,217.0,18.0,4.0,13.0,936.0
f62e6208120b502c087a5bbd9b2567e4,48430ed054d8d4f37f6ee4f17bb2d920,2017-08-16 16:32:17,2017-08-16 17:50:11,2017-09-13,0,brasilia,DF,84.99,14.34,1.0,1.0,600.0,33.0,19.0,13.0,8151.0
d9eb574d9db751d3a86c7bf179ec2853,6e4a291496a89ec1ae2da5eec9d81183,2017-09-12 14:29:16,2017-09-13 14:35:20,2017-10-05,0,fortaleza,CE,99.99,25.15,1.0,1.0,2300.0,25.0,3.0,65.0,4875.0
1bacdc28aad23d1396a3fd39fdaa6c4f,967afc6202a8b72db982bbd579fda7a7,2017-02-03 17:20:12,2017-02-03 17:30:16,2017-03-15,0,ortigueira,PR,99.9,19.19,1.0,1.0,1600.0,35.0,8.0,29.0,8120.0
969d261a3f4c639b3acdc0ba090fc039,5dcef2fba7e67510cfd99ea3851b58fb,2017-12-06 10:34:17,2017-12-08 10:33:32,2018-01-23,0,mucuri,BA,139.99,38.5,1.0,1.0,8750.0,52.0,51.0,17.0,45084.0
154f1e943923c5957737382dcb0dc6dc,20f28dc53d568446389f15f46a540310,2018-03-22 22:21:41,2018-03-22 22:35:36,2018-04-11,0,curitiba,PR,18.99,15.23,1.0,1.0,50.0,19.0,5.0,11.0,1045.0
8389e56bf17964405109e56799563a03,5453a9dfe80cc116e6839bd77a6df6e3,2017-02-16 21:51:20,2017-02-16 22:05:17,2017-03-17,0,sao paulo,SP,99.9,15.91,1.0,1.0,1150.0,37.0,5.0,28.0,5180.0
c111a2ee4155c4150716cf0e50311d06,05a87ac6766c8ae5ae93c0a249b5508d,2017-03-30 13:34:50,2017-03-30 13:45:15,2017-04-19,0,sao paulo,SP,84.99,11.97,1.0,1.0,2200.0,48.0,25.0,25.0,30000.0
01a75ac3dd000b7628a684be97c29234,57ee2ef64f17a5f9a4bf30489b06326c,2018-01-23 10:32:39,2018-01-23 10:59:10,2018-02-21,0,niteroi,RJ,42.9,15.1,1.0,1.0,267.0,24.0,15.0,12.0,4320.0
44259226d73d340f929777553ecf199b,10101c15aec095b6078c8dd047739392,2018-03-30 13:36:43,2018-03-30 14:27:02,2018-04-25,0,porto alegre,RS,299.0,23.17,1.0,1.0,1850.0,55.0,17.0,15.0,14025.0
09d7ebb0b2075f15dc48bd8da3961fe0,190db53dda370cac90e3b6a5c431dcbc,2017-07-22 19:11:55,2017-07-22 19:25:14,2017-08-17,0,rio de janeiro,RJ,49.0,15.79,1.0,1.0,400.0,69.0,11.0,11.0,8349.0
edb49ebb79238a3a8753649ba3c3c1a6,f801bc634bfb35a854f4133662b218e7,2018-04-05 23:18:21,2018-04-05 23:30:47,2018-05-15,0,rio de janeiro,RJ,27.99,18.23,1.0,1.0,550.0,16.0,10.0,16.0,2560.0
96ab137729eda207d82649ad931d71a7,098e41aa4dee243c17bbe8973499c960,2017-09-02 20:18:22,2017-09-02 20:30:15,2017-09-29,0,nilopolis,RJ,63.9,25.0,1.0,1.0,1200.0,19.0,17.0,15.0,4845.0
6dccfb3ecc8d480f75f2b28c745a30fd,a271f133c963082ed1c5e69bc0deb70e,2017-10-26 00:04:59,2017-10-26 00:28:08,2017-11-30,0,porto velho,RO,29.99,21.15,1.0,1.0,300.0,17.0,4.0,12.0,816.0
bd76688da0406f5c377080cc43888b5e,6e7d0829bdbbcd61c6d863922f942daf,2017-06-27 15:34:03,2017-06-27 15:45:19,2017-07-19,0,nova iguacu,RJ,99.0,16.94,1.0,1.0,850.0,20.0,9.0,14.0,2520.0
dc920c44a8f3925e7fc295890563d2c5,1ccf8703dabe640663f7ec1f4c723b6e,2017-12-26 17:51:47,2017-12-26 18:08:53,2018-01-19,0,buri,SP,109.9,17.48,1.0,1.0,1750.0,30.0,30.0,30.0,27000.0
eb57972c6cfa3067ea9b140a6d16a985,ff69fe294d9da2e683dede2ddb70b6ae,2017-08-04 13:52:59,2017-08-04 14:05:26,2017-08-24,0,santa rosa,RS,70.9,12.63,1.0,1.0,451.0,16.0,12.0,15.0,2880.0
0baa34fb7824f076c177df17da43b62b,903ac795fab792a96d6838180994d171,2017-05-12 14:58:01,2017-05-13 02:55:24,2017-05-22,0,sao paulo,SP,26.9,7.78,1.0,1.0,250.0,30.0,10.0,15.0,4500.0
bab00350f5ef0c26654bc8eb1b90ea9f,fff0f9fbcdf9cfe4d9328bd3a7af71d7,2018-02-17 12:21:28,2018-02-17 12:30:31,2018-03-23,0,medina,MG,144.41,17.45,1.0,1.0,140.0,22.0,14.0,14.0,4312.0
6f841dde94727854eaff3f66432c80ea,a9c9532060c9d245f06526c633d2dfba,2018-01-02 19:20:35,2018-01-02 19:32:22,2018-02-05,0,volta redonda,RJ,168.9,24.05,1.0,1.0,2400.0,42.0,15.0,27.0,17010.0
c7a5d101d4b6ed70eacc97c78158eadd,9d109a169b7b88405b214e976c6039e7,2018-02-01 19:08:48,2018-02-03 02:53:37,2018-03-02,0,paranavai,PR,108.0,16.52,1.0,1.0,1000.0,53.0,8.0,18.0,7632.0
aa1370235ef192d1702585435015b9b8,f90c0b67909aef5401de1537c2ccac12,2018-02-23 11:25:38,2018-02-27 04:31:22,2018-03-26,0,rio real,BA,49.0,16.79,1.0,1.0,7700.0,50.0,20.0,50.0,50000.0
d0fd9595949095f91592a79bd26a2126,be13ab515f88e8f9214035e8fe642ee4,2018-03-20 19:58:38,2018-03-21 02:50:49,2018-04-09,1,belo horizonte,MG,49.9,18.23,1.0,1.0,600.0,24.0,13.0,18.0,5616.0
5cfb7b2cbf52f4ff3ec4b58f69b02351,962820313fda4b002abfd42659afd2ca,2017-06-07 00:19:14,2017-06-08 03:03:44,2017-06-30,0,rio de janeiro,RJ,159.99,40.45,1.0,1.0,6550.0,20.0,20.0,20.0,8000.0
08c839f6091875ffd1a1d876dd48de40,65a2393f12fc8796f152eef39d25fa4b,2018-02-16 10:31:45,2018-02-16 10:50:24,2018-03-05,0,itaquaquecetuba,SP,59.0,7.78,1.0,1.0,200.0,16.0,2.0,11.0,352.0
e972859dd2d7d7681b40ecd41a465361,f9b0e8cc11858ed04c3b6690e47e2100,2017-08-31 23:08:31,2017-08-31 23:15:18,2017-09-28,0,nova iguacu,RJ,59.9,17.67,1.0,1.0,1750.0,37.0,22.0,40.0,32560.0
9cb1433345225b0c4d9449e593900bdd,6df3e1d2f32e019f4bad7640293ba4d3,2018-02-28 09:48:17,2018-02-28 10:11:36,2018-03-13,0,ribeirao preto,SP,104.9,10.15,1.0,1.0,1201.0,26.0,25.0,22.0,14300.0
8ffd24fbf822586b2712a4becc7217dc,2f9e8eaed5dc638e5b884a9a37268fca,2017-01-29 00:31:42,2017-01-29 01:32:22,2017-03-20,0,sete lagoas,MG,124.0,18.0,1.0,1.0,1550.0,24.0,38.0,24.0,21888.0
b5a7d68509ebd7effa2445cff7eca791,9d1a96b181bc6f175146b254a2335e29,2017-10-16 10:45:33,2017-10-17 10:56:12,2017-10-26,0,sao paulo,SP,699.99,13.71,1.0,1.0,660.0,19.0,14.0,16.0,4256.0
cf26282d538d870cf5e212b2f6c572b5,b9e6292e3e994ab7b830c74bcb35955d,2017-11-17 01:04:44,2017-11-17 01:15:27,2017-12-05,0,sao paulo,SP,23.99,7.78,1.0,1.0,100.0,20.0,15.0,15.0,4500.0
e4716dbd1591288ba2bb3def7ff36503,7c6c03e06257a7db4411272575ccdf1a,2018-02-27 12:45:13,2018-02-27 13:09:31,2018-03-28,1,seropedica,RJ,149.9,27.59,1.0,1.0,533.0,22.0,11.0,20.0,4840.0
0800193c2810da8b955ec8cae2b82e11,78d2344fcf124f101a40d35cf4df5c18,2018-01-25 16:32:37,2018-01-25 16:59:47,2018-02-22,0,belo horizonte,MG,99.0,25.73,1.0,1.0,3850.0,52.0,7.0,55.0,20020.0
41ba50bed1e26c9e103322822236a3f2,2278e9011d364b2ad3dfc2ca4b1eda17,2017-05-28 18:10:16,2017-05-28 18:25:08,2017-06-23,0,barra do ribeiro,RS,129.9,18.16,1.0,1.0,900.0,21.0,25.0,21.0,11025.0
bec5a824282dde8cdfe6aaf6b6525a6c,391e5723fbe91b2ed053106d5c3dd6fe,2017-08-22 15:32:50,2017-08-23 02:50:38,2017-09-14,0,cruzeiro,SP,45.9,16.11,1.0,1.0,1200.0,16.0,49.0,32.0,25088.0
8543d2d86c69647af5e2d957c3d21b85,912e1ba087c69b4cedf63bb560839ad1,2017-10-05 16:05:46,2017-10-05 16:14:26,2017-11-07,0,teofilo otoni,MG,74.9,18.09,1.0,1.0,1100.0,43.0,6.0,30.0,7740.0
82e098e90be56ba3b67aca2e1ba26fdb,3f7738efc416bab23c48f5d6f701c693,2018-02-21 22:03:51,2018-02-21 22:10:29,2018-03-21,1,nilopolis,RJ,109.9,21.26,1.0,1.0,396.0,18.0,11.0,14.0,2772.0
aab0a15c4d4fd11c8b5c5827d567f202,d2cc2064cc10dfe0fb9d2fc6ad12884d,2017-04-08 15:30:54,2017-04-08 15:42:18,2017-05-16,0,maringa,PR,178.9,16.46,1.0,1.0,700.0,34.0,10.0,27.0,9180.0
01d601c4d70f016f1e32ee8e82d6d4c9,cd6bb6cb42e1fb7ad795a83702d6a27c,2017-05-13 01:16:42,2017-05-13 01:30:11,2017-06-06,0,campo grande,MS,229.9,43.98,1.0,1.0,10100.0,64.0,8.0,64.0,32768.0
51c6d2f460589fa7b65f2da51e860206,1ed0c832c2dd99570a59260e71768bdf,2017-11-14 12:04:09,2017-11-14 12:15:25,2017-12-12,1,bom repouso,MG,167.99,31.93,1.0,1.0,6185.0,63.0,11.0,20.0,13860.0
15360da03a0a021fc0e712a2d11f3020,9fa6f373ffbaf4c8dacd572551406374,2017-08-30 13:09:34,2017-08-30 13:25:11,2017-09-20,0,campinas,SP,39.99,14.1,1.0,1.0,400.0,26.0,16.0,21.0,8736.0
4b1040aa6e3c7ff89edf86fa35c340f3,c5a81e2f10a9c66383423ecf9319185d,2017-09-21 22:00:38,2017-09-21 22:47:41,2017-10-19,0,sao joao,PR,59.9,17.67,1.0,1.0,1000.0,16.0,2.0,11.0,352.0
bc2875d103c239620c7d56924ce991df,4c49ffd00d17560e85c4e0e03e8e3fa4,2018-01-02 10:31:49,2018-01-02 11:31:31,2018-02-01,0,rio de janeiro,RJ,86.3,21.09,1.0,1.0,1850.0,40.0,12.0,20.0,9600.0
cab86f1b8802835f13e9fee67ae7ee13,29956a2d27615abad8aeb1a74d4968d6,2018-02-05 21:19:07,2018-02-05 21:30:13,2018-03-06,0,salvador,BA,171.8,34.34,1.0,1.0,550.0,30.0,5.0,25.0,3750.0
6c81f50d7f607e25fb51066b15c8285e,0d9c27a293b6a432d7a8f6581830b3fa,2017-11-24 11:49:51,2017-11-24 13:51:32,2017-12-15,0,santos,SP,59.9,17.67,1.0,1.0,431.0,19.0,17.0,15.0,4845.0
fb12e9f8e4aa61f0bce6b3afc7694dcf,33ce94762a05c3a8bb9c97487c94b2d1,2017-12-04 19:56:20,2017-12-04 20:10:25,2017-12-27,0,sao vicente,SP,59.0,13.43,1.0,1.0,1750.0,37.0,22.0,40.0,32560.0
76f73aa1ed8a90212ad2c15403e265aa,5bc6605ac9db578bcb4c39f796294377,2017-11-21 02:39:45,2017-11-21 02:51:20,2017-12-13,0,salvador,BA,99.0,19.93,1.0,1.0,1550.0,44.0,14.0,34.0,20944.0
f98a06b99cbcc7caef174bc5efa78a31,4a6c652e42562190c75405da10f1fdf2,2017-09-10 20:13:24,2017-09-10 20:25:27,2017-10-05,0,porto alegre,RS,218.36,16.28,1.0,1.0,383.0,19.0,20.0,17.0,6460.0
065d4f458013cd9c9e716f8be1ca00d1,12b11f992889101946980981fb471ab2,2017-11-05 23:44:57,2017-11-07 06:31:21,2017-11-17,0,rio de janeiro,RJ,59.9,8.27,1.0,1.0,100.0,20.0,20.0,20.0,8000.0
a3de5eef9ddc6e58758fb9d70e5bcad5,11f0d9654e771c189ac9710977422029,2017-09-18 15:10:14,2017-09-19 03:45:50,2017-10-09,0,brasilia,DF,14.95,14.1,1.0,1.0,480.0,27.0,8.0,14.0,3024.0
d2f7f741c41b156c60f31e9d119dd22e,beb96061489f7c042c033ae76990e106,2018-01-10 13:50:43,2018-01-10 14:08:03,2018-02-05,0,itu,SP,45.95,11.85,1.0,1.0,350.0,25.0,8.0,19.0,3800.0
12aa4d1dee3557fe772894b57cb0fad6,bac45e356238b5c7f36adfaae8a23c8b,2017-07-05 20:28:29,2017-07-05 20:43:10,2017-08-07,0,itapevi,SP,199.0,19.63,1.0,1.0,1650.0,33.0,44.0,19.0,27588.0
eb548af48abf2239b1967a6798cd1d89,09d5928beb6589630dc2dfa45b7a8706,2018-04-13 19:25:25,2018-04-14 19:31:14,2018-05-25,0,rio de janeiro,RJ,259.0,19.69,1.0,1.0,269.0,17.0,11.0,13.0,2431.0
55ecd90110224e06df49c5cd8a6d3901,33fc37ecfda5df3cfaea8cb17c634e06,2017-02-22 09:19:58,2017-02-22 09:31:32,2017-03-23,0,presidente epitacio,SP,34.99,10.96,1.0,1.0,400.0,25.0,7.0,11.0,1925.0
8e19df6c7ac6230b4c0c82b9d8a3dc46,1311c060491c69cd608bd37137f49898,2017-04-28 09:42:28,2017-04-29 02:45:51,2017-05-30,0,joinville,SC,109.95,18.2,1.0,1.0,500.0,25.0,14.0,22.0,7700.0
8da3063f18b30c590bab1b8d083b03fd,6d611cdbc4cc0607f840cfbb7ae94f56,2017-09-10 19:26:12,2017-09-10 19:43:28,2017-10-02,0,rio do sul,SC,58.99,17.66,1.0,1.0,200.0,22.0,10.0,18.0,3960.0
7df0be89ace3eb8776cd96ef3df0f12e,902da30d27a7563502da22b47f9f48a8,2017-11-25 19:27:31,2017-11-25 19:35:22,2017-12-22,1,porto alegre,RS,69.0,20.97,1.0,1.0,7550.0,35.0,35.0,35.0,42875.0
9a259797098595401e84f676d0c57320,7770ccf71966b4049b6d62d1eb8173ef,2018-03-19 19:37:39,2018-03-21 09:48:05,2018-04-03,0,sao paulo,SP,79.99,8.91,1.0,1.0,550.0,21.0,12.0,20.0,5040.0
f7e4c800bc4e2657a17f2928328fb74d,7b542c51a5bf42504983dce985bc9b20,2017-05-30 16:35:43,2017-05-31 06:55:30,2017-06-22,0,montes claros,MG,189.99,17.09,1.0,1.0,1000.0,16.0,35.0,20.0,11200.0
fe9ff842f65047f5a82c48905a18cc98,f1847e1108766f3e77e212b82d2909e0,2017-02-01 15:25:47,2017-02-01 15:41:43,2017-03-07,0,sao paulo,SP,9.5,8.72,1.0,1.0,350.0,26.0,5.0,18.0,2340.0
a65820c7e4307f72117e77fce6be1074,4915b5f798ba5172def6562538b6cdbd,2017-07-28 10:51:19,2017-07-28 11:05:12,2017-08-17,0,cravinhos,SP,119.0,12.33,1.0,1.0,1500.0,31.0,32.0,31.0,30752.0
7ecfa19903fa2693cf01e180885b6235,23e090daa2ea17dcb009709652faeed6,2017-06-05 22:38:53,2017-06-07 02:35:24,2017-06-26,0,campinas,SP,599.0,20.93,1.0,1.0,10900.0,50.0,30.0,40.0,60000.0
54051e01a81a788d5a87b405a9cde833,aecae713f6be29f1cfcf0a7588b1d4ee,2017-10-24 09:03:47,2017-10-24 09:27:15,2017-11-09,0,sao paulo,SP,56.99,8.72,1.0,1.0,350.0,25.0,15.0,15.0,5625.0
d6f9e75b25f4d86db87bf9c7e6d14a4b,2445f5abc357155e6dc516632b02bb21,2017-07-03 18:59:31,2017-07-03 19:15:09,2017-07-25,0,itaborai,RJ,218.9,18.78,1.0,1.0,1800.0,42.0,20.0,40.0,33600.0
08c30c203ecbdda69311c1dba85abfa6,b780a7d8b32ede7bd4edd751c7765172,2018-02-05 18:54:26,2018-02-05 19:10:35,2018-03-05,1,cabo frio,RJ,179.7,45.51,1.0,1.0,600.0,68.0,8.0,13.0,7072.0
50dcbb2a2604b38d231b84bde3f62227,39378689a58075dd0304d79ee3ae0cfd,2017-10-05 17:40:46,2017-10-05 17:49:32,2017-11-07,0,minacu,GO,69.9,16.25,1.0,1.0,1350.0,40.0,25.0,22.0,22000.0
61d9b48d85b81cc207e948c13dbd633b,98c84ee0626307cc9c548753a33b7ad8,2018-03-18 14:24:34,2018-03-18 14:35:23,2018-03-29,0,sao paulo,SP,19.5,8.29,1.0,1.0,500.0,17.0,11.0,11.0,2057.0
3a119f52de09d1b2700815732def8b47,86e0f1f27a4905bbb04e1567c40af946,2017-11-24 19:39:43,2017-11-28 03:19:20,2017-12-08,1,santos,SP,19.99,7.78,1.0,1.0,100.0,17.0,4.0,13.0,884.0
16587ab039631e704fecc41c056967a5,1fd573985161f34c098e4a0eb1e3ae71,2018-03-27 17:10:20,2018-03-29 13:28:50,2018-04-13,0,santo andre,SP,315.99,14.65,1.0,1.0,250.0,24.0,6.0,23.0,3312.0
c2ce0c4ec17fc536b85fb3363853bb17,4505e98fe9949c3bcba1d416ee3f9bfb,2018-02-05 16:41:52,2018-02-06 13:47:56,2018-03-02,1,serra,ES,39.9,15.11,1.0,1.0,650.0,16.0,23.0,17.0,6256.0
db4c3f7858a333ee70e9bbf31768f704,855b3bf88a29a543905f5d4f10860f7d,2018-01-11 11:26:04,2018-01-11 11:36:28,2018-01-30,0,sao paulo,SP,122.99,9.06,1.0,1.0,400.0,20.0,12.0,15.0,3600.0
6155f621f8b443117634830dbf1ecd62,a9b523c9e67b3f3b12eab77b21122aa6,2017-07-03 18:31:22,2017-07-03 18:45:19,2017-08-08,0,sao jose da barra,MG,630.0,67.09,1.0,1.0,8500.0,50.0,10.0,41.0,20500.0
3181b28c176033ffaf02f2dc62b1db89,61bfb3b95d736b9e9eb50bec324368c5,2018-03-14 12:59:50,2018-03-15 03:29:29,2018-03-26,0,santo andre,SP,29.99,7.71,1.0,1.0,150.0,16.0,5.0,15.0,1200.0
39ecefca5d75a7d6c27d724519636818,e84e1c70c5abcab689d6bcee4023a083,2017-11-25 10:13:51,2017-11-25 10:30:02,2017-12-21,1,salvador,BA,23.4,16.79,1.0,1.0,300.0,20.0,14.0,20.0,5600.0
87fa3e925b3406c52f70ca7c5faccce6,3a5a619866e843b7ebabf717e2f68d4e,2017-07-07 14:07:02,2017-07-07 14:23:38,2017-07-20,0,sao paulo,SP,64.9,7.78,1.0,1.0,300.0,16.0,7.0,11.0,1232.0
0cfb04a3e59f3ce319891d208135885b,b4c2400d9d123e1e2a5db502dac3c328,2017-03-04 12:01:29,2017-03-04 12:10:25,2017-03-29,0,rio de janeiro,RJ,195.9,19.96,1.0,1.0,1000.0,24.0,25.0,21.0,12600.0
04d73d34ddd1f5ebc0c603615093e2a1,1820fb81da1c085080a3620fc0383f72,2018-02-23 09:16:00,2018-02-23 09:29:36,2018-03-28,0,sao sebastiao do cai,RS,219.99,26.38,1.0,1.0,4600.0,60.0,19.0,50.0,57000.0
443cff258a277bb6451a8357fcc7f43e,da89768d5e47c76c1b3f2694e6c8f6a9,2017-12-28 12:31:49,2017-12-29 13:26:53,2018-02-01,0,niteroi,RJ,110.0,20.0,1.0,1.0,2550.0,24.0,23.0,27.0,14904.0
8ecf756527d9cf65da9905fc38ce191f,bf573519a4128a9b186c883fdfa86006,2017-07-19 11:21:51,2017-07-19 11:35:08,2017-08-08,0,nhandeara,SP,22.5,12.69,1.0,1.0,400.0,95.0,6.0,47.0,26790.0
e251afd3ced38d4de3a5ece05d615ef5,f071974e65cb75a420c1530a8b0b27f4,2018-01-25 14:59:08,2018-01-25 15:20:12,2018-02-09,0,sumare,SP,13.65,7.78,1.0,1.0,200.0,22.0,11.0,16.0,3872.0
6e5fe7366a2e1bfbf3257dba0af1267f,5263febf1413e9a60ceb7b842008b7ef,2016-10-09 22:36:25,2016-10-10 12:02:19,2016-12-06,0,curitiba,PR,179.19,108.72,2.0,2.0,1700.0,71.5,6.0,21.0,9009.0
ed510933339bd7b6d8e16d6c83026998,7d359bcf9aef31f6554888f41559848c,2017-09-01 08:03:41,2017-09-01 08:15:21,2017-09-20,0,franco da rocha,SP,69.9,16.12,1.0,1.0,2500.0,20.0,11.0,11.0,2420.0
15a167665d926699daaa439f546054a3,42c2ffc2f510d988ea1e7e7d206ae4dd,2017-05-19 22:35:01,2017-05-19 22:45:18,2017-06-12,0,itajuba,MG,279.99,22.45,1.0,1.0,2750.0,26.0,42.0,38.0,41496.0
10b5d5c95177be116333e9a65a6fdea4,749ba37e1c007d00f214dc51dec300e0,2018-03-04 10:59:40,2018-03-04 11:10:54,2018-04-06,0,cafelandia,SP,70.0,15.24,1.0,1.0,213.0,18.0,12.0,13.0,2808.0
a5803df1ae0cd16429a109eb0514ddca,a1f1dc35609214187b96314cb20398a2,2018-01-23 09:53:11,2018-01-24 02:53:08,2018-02-16,0,sao paulo,SP,80.0,18.8,1.0,1.0,1850.0,24.0,36.0,23.0,19872.0
e072ad0e4dabf06b9e381c614c27c903,c62a8534491c4b91761a88a5d9deef93,2018-02-25 13:22:09,2018-02-25 14:00:23,2018-03-19,1,niteroi,RJ,399.0,34.12,1.0,1.0,7738.0,58.0,28.0,40.0,64960.0
7d0a7957897551b77224fc297e8f6046,b8936eebb611c6af9b609ed39594c33a,2017-03-01 00:01:30,2017-03-01 00:50:26,2017-04-03,1,cuiaba,MT,29.9,22.28,1.0,1.0,300.0,17.0,7.0,13.0,1547.0
0ccb884361ec00003176dab0ea647f59,98a2d594a64eb5fea6f4eba1a5fd7041,2017-05-28 11:13:23,2017-05-28 11:25:11,2017-06-19,0,barrinha,SP,119.9,13.18,1.0,1.0,800.0,30.0,20.0,25.0,15000.0
209b30577b4c8a3f622822461ede363e,f3cbdf0bb95fae3bb4697ed194df25c1,2018-04-04 20:50:52,2018-04-05 08:10:06,2018-05-09,0,aracaju,SE,349.9,31.96,1.0,1.0,900.0,25.0,12.0,38.0,11400.0
25e5f6a88a4525f820943240376c45c5,5425974ca1091055b0c05604f43f711e,2017-11-26 14:08:44,2017-11-27 14:20:20,2017-12-18,1,barra mansa,RJ,80.99,17.82,1.0,1.0,1650.0,26.0,18.0,11.0,5148.0
856a7ab58f3a7cc4560202758d971b38,b4a63ceeb0466c92a04c584e251b4579,2017-09-25 01:11:48,2017-09-26 03:56:25,2017-10-18,0,belo horizonte,MG,149.9,15.81,1.0,1.0,1600.0,45.0,10.0,24.0,10800.0
7b2e13ced9ab0896a7cea86bf29c3ec9,bf354810e17773bc2d0d71a6ede7fcd7,2017-12-27 14:03:44,2017-12-27 14:12:33,2018-01-22,0,sao jose do rio preto,SP,179.99,13.6,1.0,1.0,600.0,16.0,17.0,17.0,4624.0
1ca74ef1a063b31008ef4af64cdaa485,bacfd6acca2b3560dba225f481256b45,2017-09-11 22:48:26,2017-09-11 23:03:55,2017-10-03,0,paracatu,MG,229.0,58.27,1.0,1.0,13300.0,45.0,35.0,45.0,70875.0
2c5835a7e64d6b55172fcb3d3e6cc811,148bb9f283f5eebbafda782b05d5d4d7,2017-05-23 15:03:59,2017-05-24 03:03:01,2017-06-14,0,sao paulo,SP,159.9,15.87,1.0,1.0,833.0,20.0,12.0,19.0,4560.0
931f767ebd374809fb9cd373fb7939ad,318994b8ee7f8e50ea635dca17b373a9,2017-10-11 16:18:08,2017-10-11 17:00:09,2017-11-10,0,santo angelo,RS,65.0,20.94,1.0,1.0,2150.0,28.0,32.0,11.0,9856.0
78ee9d46bf8b130d3b16715c5022413c,1fcab6511187a5fa06953d7c28afe307,2017-12-12 16:04:12,2017-12-12 16:16:29,2018-01-05,0,santo anastacio,SP,117.8,34.24,1.0,1.0,7000.0,26.0,47.0,27.0,32994.0
ec89f64fa61a8186f474cf0a903fc4fa,16f8771e0120d9557103d473bc8c4833,2018-02-10 15:34:07,2018-02-10 15:48:26,2018-03-07,0,aparecida de goiania,GO,13.65,14.1,1.0,1.0,200.0,25.0,7.0,16.0,2800.0
5000591796ae43a6d7638ee69e51ac6e,d08e3e3cbb6022d92125e7fee21d8d26,2017-03-02 14:06:01,2017-03-08 09:15:19,2017-03-21,0,brasilia,DF,31.0,8.72,1.0,1.0,390.0,23.0,14.0,17.0,5474.0
5a1e68cff39cc1d5fd759db90a366caa,c4622e15ef4017b5ead56fb99dd5e4ea,2017-09-18 22:47:49,2017-09-18 23:03:26,2017-10-10,0,duque de caxias,RJ,34.99,17.6,1.0,1.0,1097.0,18.0,18.0,16.0,5184.0
43cc99c0d748acfca2d0fdc297b3c719,606e15b0421657a42751adbc793efd2c,2018-01-08 22:06:13,2018-01-08 22:18:28,2018-02-08,0,sao paulo,SP,61.9,9.94,1.0,1.0,156.0,18.0,12.0,15.0,3240.0
fcd8e0bfd20989bd07e3cabb10f2349e,36cf561d6c23f010a6944f0908ee6bdc,2017-07-07 16:34:43,2017-07-07 16:45:12,2017-08-07,0,cacador,SC,391.8,34.26,1.0,1.0,875.0,35.0,14.0,14.0,6860.0
4fceaea9a24d7498757816821e271a46,338073ca588012673d034c0393e58bb0,2018-03-03 16:48:43,2018-03-03 16:55:59,2018-03-21,0,piracicaba,SP,53.9,13.4,1.0,1.0,1550.0,30.0,22.0,30.0,19800.0
255ad076f0ef8eeeaf912d66df4c2a1c,9c1b5cf455be52ece5a16beead2e21ea,2017-09-19 13:40:42,2017-09-19 13:51:35,2017-10-10,0,fortaleza,CE,139.9,45.66,1.0,1.0,18400.0,60.0,13.0,60.0,46800.0
46d7cf66dd7fcd0e6e42f3b736c02bfb,a5ae902c29eb236d0a9ce2052b2e4232,2017-11-26 19:49:01,2017-11-26 20:13:29,2017-12-18,0,mogi das cruzes,SP,179.0,17.99,1.0,1.0,6600.0,70.0,4.0,55.0,15400.0
1ae8e19bcbb76c8858e9e94da5ed17e7,6abca237f70bf072ffb9855407d08873,2018-02-15 11:05:48,2018-02-15 11:30:30,2018-03-15,0,rio de janeiro,RJ,89.0,19.86,1.0,1.0,2689.0,54.0,13.0,46.0,32292.0
dd49a987288a4d98ff61100ff35330af,5d160587657638c96131718f014d507d,2017-10-08 09:28:06,2017-10-08 09:49:19,2017-11-08,0,maceio,AL,34.9,21.15,1.0,1.0,200.0,19.0,3.0,11.0,627.0
31fdb0a221bd4379d02682eea1692731,5cf3847c728a0bf2219354e810492696,2017-07-13 11:47:03,2017-07-13 12:05:46,2017-08-04,0,campos dos goytacazes,RJ,129.99,18.16,1.0,1.0,1400.0,45.0,11.0,35.0,17325.0
ef8ce968377e840a2be50d7c49a1f4ce,d262e8fcc210139d0efa2bf2a24fc0ea,2017-11-25 14:06:40,2017-11-25 14:17:53,2017-12-29,0,pitimbu,PB,388.9,66.21,1.0,1.0,8050.0,35.0,46.0,35.0,56350.0
b0aa40cb4d3896dc362952db107dd27a,c963a11c36f0bc769bcf6ae11d514fb6,2017-05-11 12:17:31,2017-05-11 13:05:43,2017-06-02,0,sao paulo,SP,79.9,13.58,1.0,1.0,1650.0,44.0,2.0,35.0,3080.0
0f8cf123486438ffdee527bf82ec87d4,48edd605f2b0aa7b701d54771e388335,2017-02-03 11:58:30,2017-02-03 12:05:32,2017-03-20,0,feira de santana,BA,99.9,18.13,1.0,1.0,341.0,20.0,18.0,16.0,5760.0
4ef8f514f95bb0a41f58965ea04e7027,5d1ff54c05c7c5044718b88a49c704b8,2017-05-16 15:36:18,2017-05-16 15:50:12,2017-06-07,0,crisolita,MG,34.0,15.1,1.0,1.0,450.0,86.0,15.0,15.0,19350.0
6c4a7301e854d61f245807b71ec7642b,614cb17913a2d2e976db5dc6728b3438,2017-10-27 08:19:47,2017-10-28 03:07:23,2017-12-04,0,fortaleza,CE,49.9,17.63,1.0,1.0,150.0,16.0,5.0,20.0,1600.0
0055b77cca3186676c147f532dd2547b,3747cfcc18da3cff44fd440770d92d97,2018-02-19 21:47:44,2018-02-19 22:47:21,2018-03-14,0,rio de janeiro,RJ,149.0,40.37,1.0,1.0,6550.0,20.0,20.0,20.0,8000.0
82a7cba8d70a10e7e0e44e41a30772f7,5e6283cd338ed4776861535ddee19b20,2017-11-24 14:09:36,2017-11-24 16:18:56,2017-12-08,0,osasco,SP,13.99,7.78,1.0,1.0,50.0,16.0,5.0,11.0,880.0
b65f0508b5b5fa22d363a4e5f2462553,17d6df4096a1c00747f9ce42da818f96,2017-11-07 19:16:30,2017-11-07 19:26:28,2017-11-27,0,taubate,SP,52.99,11.87,1.0,1.0,1050.0,16.0,10.0,16.0,2560.0
b642a3e08bfd10119c9b7e948c936e93,f623e071624706724ec88fbb991b6833,2017-02-03 01:03:44,,2017-03-06,0,campina da lagoa,PR,,,,,,,,,
719b940ab2f1e351ffb14a0a02ffe3c4,ede9a1daf58d256c0d648ef7e1479010,2017-01-16 13:01:51,2017-01-17 03:05:22,2017-03-03,0,nova friburgo,RJ,79.8,18.0,2.0,1.0,150.0,16.0,7.0,15.5,1736.0
c95fb74948e8db073f6114d3fa726fe1,5427db81b6127984b9d282e9e6ef2603,2017-11-05 22:06:17,2017-11-05 22:26:38,2017-11-28,0,porto alegre,RS,599.9,23.44,1.0,1.0,1550.0,20.0,50.0,20.0,20000.0
a878aea89f040852ba82d7366fb4360c,9bed2d43411502075eefa923e6ed73d1,2018-04-05 12:39:13,2018-04-07 02:50:16,2018-05-11,0,rio de janeiro,RJ,74.9,19.49,1.0,1.0,850.0,23.0,7.0,38.0,6118.0
f10c009ca3eae0609b1ad632f68dcf67,65b56ee59c6692b5325659ab6acbe62a,2017-08-03 17:22:24,2017-08-04 15:30:10,2017-08-16,0,sao paulo,SP,199.0,8.65,1.0,1.0,300.0,20.0,3.0,20.0,1200.0
455e1d46fddb5da406e019d2ad34462e,c1537c6f518d254b6d7060f966b7bcd8,2018-03-25 21:14:19,2018-03-25 21:30:47,2018-04-23,0,natal,RN,80.0,52.69,1.0,1.0,1600.0,45.0,15.0,30.0,20250.0
0c0b20eb744a9c5ec1611dfd81da6165,fe1cc174642276d82248a481bc4c083a,2017-05-16 20:39:33,2017-05-16 20:50:16,2017-06-21,0,corguinho,MS,152.72,17.51,1.0,1.0,5100.0,34.0,31.0,24.0,25296.0
9d1f7d7ab032ff42d6c6b9491e83c18c,1d71abc211d9e085a279414c8c50883d,2017-08-30 12:09:29,2017-08-31 04:31:29,2017-09-28,0,ivoti,RS,12.5,14.1,1.0,1.0,150.0,16.0,4.0,13.0,832.0
7898e04c6122e0ceb6ad07f8707bb415,3a42ca312f7f0cbfb87a67d79c8b3921,2017-11-24 23:59:34,2017-11-25 02:54:31,2017-12-22,0,diamantina,MG,59.9,16.86,1.0,1.0,265.0,18.0,7.0,16.0,2016.0
ae2fbf3e49f52fb3c913ce645fa52dc4,46dc7e781b1af14990e339d42bbb6477,2017-08-30 00:02:39,2017-08-30 00:25:58,2017-10-03,0,joao monlevade,MG,85.99,17.85,1.0,1.0,1900.0,30.0,20.0,70.0,42000.0
7989e2c3bb311324f824d365b87fa0cf,1d74c4004d50d7e81bf1a1643676a024,2017-09-12 21:46:02,2017-09-14 02:43:52,2017-10-03,1,salvador,BA,51.98,31.58,1.0,1.0,150.0,19.0,4.0,20.0,1520.0
5d952c5bc80b046c423373cd126ceb00,4634034cc175c08895674b66ee1e5a36,2017-09-28 08:54:38,2017-09-28 09:07:18,2017-10-23,0,sao paulo,SP,40.0,15.1,1.0,1.0,150.0,26.0,5.0,24.0,3120.0
72169ffd15efc268ce012f931a368c4e,de0c4d984792eb5cc97509c7e1d6cb5d,2017-07-12 15:54:13,2017-07-12 16:05:25,2017-08-03,0,rio de janeiro,RJ,22.5,15.11,1.0,1.0,400.0,95.0,6.0,47.0,26790.0
73efff4d70edf5102701931188e4b15f,c50f8b707f6bae0baa6fe4319fe4c92b,2018-03-14 23:01:15,2018-03-14 23:10:46,2018-03-26,0,guarulhos,SP,48.9,9.26,1.0,1.0,600.0,20.0,13.0,13.0,3380.0
7ebc5c60f532934ce55b3025203ebe5b,8bf4f9552bc2db14d6195bbbb5131941,2017-06-24 08:59:47,2017-06-27 03:45:30,2017-07-17,0,sao paulo,SP,124.99,23.46,1.0,1.0,8683.0,54.0,64.0,31.0,107136.0
327c17fe3bf926f72f592503b52e3b5a,b9c84df370dea836ec452ed49cca4c78,2018-01-07 23:42:15,2018-01-07 23:53:40,2018-01-31,0,santos,SP,259.9,18.53,1.0,1.0,3600.0,40.0,10.0,30.0,12000.0
efa184072cccb644c132d6e14a29bac3,6f871c46ee705cbcd7e7a24a97db6c95,2018-04-07 17:46:46,2018-04-07 18:08:22,2018-04-25,0,sao paulo,SP,110.0,16.58,2.0,1.0,475.0,32.5,6.5,29.0,6126.25
eb4d09476b0c4b4e17bee697d1adde36,d30c5b4b3b5e3156670d70ec32e26476,2017-12-18 22:09:16,2017-12-18 23:12:28,2018-01-15,0,sao paulo,SP,119.0,16.46,1.0,1.0,396.0,18.0,11.0,14.0,2772.0
fc79bdcefc8fbd9f44f8cf9633793359,f17aac72ebe06a7fbf7f6c923cd82718,2017-01-26 22:15:09,2017-01-26 22:30:17,2017-03-02,0,bauru,SP,12.9,10.96,1.0,1.0,700.0,65.0,18.0,28.0,32760.0
672410cce728c5bc55061e45e7a9982e,a78420e9bab6abdf4b5a99f890f24a52,2018-04-07 21:13:23,2018-04-07 21:28:23,2018-04-27,0,campo grande,MS,14.4,15.23,1.0,1.0,150.0,25.0,7.0,16.0,2800.0
ffb73c3b138a51d4c3a2b7f60c5f5de7,bff39a48b2e4ac7d5b658500fbc79aeb,2018-02-05 22:16:45,2018-02-05 22:30:31,2018-02-23,0,sao paulo,SP,73.5,11.73,1.0,1.0,350.0,42.0,27.0,42.0,47628.0
fc92a3e6d1520d0e2ac17171a736ccb8,04c1c2d37f2b2f5e52285534fd59e14c,2017-11-22 15:30:37,2017-11-22 15:47:13,2017-12-26,0,salinas,MG,79.0,16.99,1.0,1.0,250.0,16.0,16.0,11.0,2816.0
ad22d501d12b05b17afda08f06ce8bfd,cc0cd7cfb34e6249da817e50177dcc40,2018-03-12 17:42:34,2018-03-12 18:09:40,2018-04-04,0,porecatu,PR,19.0,18.23,1.0,1.0,150.0,16.0,2.0,11.0,352.0
55ada6f0482ec84582a6de972bf57dd9,ef1dcd7d9f5a7481d6e43d8fd8082233,2018-03-10 12:36:48,2018-03-13 04:08:20,2018-03-28,0,belo horizonte,MG,50.89,13.48,1.0,1.0,9950.0,40.0,20.0,30.0,24000.0
11c8a3b7adc8c5c3f5ae4f0257c5e953,003536ce5e18f1d12b9bf76932f8a6b1,2017-10-16 19:17:54,2017-10-16 19:35:17,2017-10-26,0,sao paulo,SP,43.99,9.34,1.0,1.0,400.0,29.0,18.0,17.0,8874.0
22cee08cd372f903b380852fdf75a1eb,3d41dceed696230a9fb71adee37c5aeb,2018-03-19 16:35:43,2018-03-19 16:50:38,2018-04-25,0,belem,PA,65.0,26.89,1.0,1.0,12450.0,31.0,60.0,31.0,57660.0
00ea690fe8c5eba029a3884243a02352,9d7381a45eebf403b3b830a9742b928b,2017-11-25 01:49:52,2017-11-26 20:13:19,2017-12-26,0,joviania,GO,32.99,16.11,1.0,1.0,950.0,20.0,35.0,20.0,14000.0
035b790fa740b68de2d6f1a74f9b2098,30a09a314fcba2f8ddb8334844953702,2018-03-25 18:27:09,2018-03-25 18:48:01,2018-04-06,0,guarulhos,SP,63.99,8.29,1.0,1.0,900.0,24.0,12.0,12.0,3456.0
3832701f27be0501b19e91bbb04e5cde,e3378b4e8219f3f5f90a6515a9a57136,2017-09-11 20:37:17,2017-09-11 20:50:14,2017-10-02,0,catigua,SP,194.99,17.12,1.0,1.0,640.0,23.0,24.0,39.0,21528.0
eb034b8ac28dcdf7289050cf29af1647,a3cfaf4970bfede28561aa474e43a49c,2018-01-17 21:27:34,2018-01-17 21:35:25,2018-02-08,0,curitiba,PR,139.99,17.23,1.0,1.0,1450.0,42.0,25.0,15.0,15750.0
779faf56113de193cb40644b3c455c44,b7ebfcc821920caa5e81eb829adb8ec2,2018-04-02 08:04:51,2018-04-02 08:29:14,2018-04-27,0,guassusse,CE,149.9,20.02,1.0,1.0,533.0,22.0,11.0,20.0,4840.0
19428d94d47ebaa715faa60f63186de6,35305c48e57a6259af306e3f2c9fb553,2018-01-29 11:30:46,2018-01-29 12:00:23,2018-03-13,0,sao felix do xingu,PA,27.0,25.63,1.0,1.0,250.0,16.0,12.0,14.0,2688.0
845af102c87e1c1bbcb900956ca08e90,c38c4b830f5c4a3825eea988694fb0af,2017-07-15 14:01:45,2017-07-15 14:10:15,2017-08-10,0,esteio,RS,52.9,15.12,1.0,1.0,350.0,22.0,8.0,19.0,3344.0
1a7af25ac2d2bf35b05f8f87c050a6d5,feac68487f7ac58b65ecc8e6b4a12e85,2017-04-03 11:09:58,2017-04-03 11:22:26,2017-05-02,0,sao bernardo do campo,SP,125.9,13.46,1.0,1.0,2200.0,27.0,32.0,17.0,14688.0
bd06f0dd5f59d29468f92ccb45bec510,668f3fa4cc9569a5d45726242e1310b0,2018-04-11 20:41:25,2018-04-11 20:55:24,2018-05-24,0,palmeira das missoes,RS,39.3,19.32,1.0,1.0,950.0,16.0,30.0,27.0,12960.0
9747f2b4defc1357fd6645a4acf8e0e2,58c1e87744d4fb452bea6a8e3b578f69,2017-04-26 13:26:49,2017-04-26 13:42:30,2017-05-29,0,manaus,AM,13.98,24.35,1.0,1.0,275.0,18.0,4.0,12.0,864.0
9abd4434524a2140bc9418988f93b4c8,3c00b418224c7d87dc77761bfd76a327,2018-03-14 16:23:40,2018-03-16 03:50:03,2018-04-02,0,jundiai,SP,79.9,13.92,1.0,1.0,1100.0,45.0,8.0,35.0,12600.0
2e3e34bd9284d4ff8e51142c7c70d144,1b0c2dd1418689199f6f7332f7a96e26,2017-09-21 10:02:36,2017-09-21 10:30:22,2017-10-18,0,ouro branco,MG,139.9,16.74,1.0,1.0,1050.0,80.0,8.0,15.0,9600.0
726714fe5c6124b8501feb36c5b89896,baab884348d4ad90d893b3551521aaba,2017-02-03 23:26:40,2017-02-03 23:41:43,2017-03-22,0,porto seguro,BA,25.0,20.8,1.0,1.0,50.0,16.0,5.0,11.0,880.0
74f2f26b7d6a438e241f9ad86133299c,35b58a7a83b62db8460d169eb633c1dd,2017-08-15 11:24:24,2017-08-15 11:50:10,2017-09-19,0,jaboatao dos guararapes,PE,96.99,29.08,1.0,1.0,5200.0,48.0,27.0,18.0,23328.0
e08878ad70acad81d0e90f59e56ce9a6,a42c2f542fb5838777737cc684c5b4d4,2017-12-04 01:17:51,2017-12-04 01:30:27,2017-12-20,0,sao paulo,SP,77.0,7.79,1.0,1.0,1000.0,33.0,6.0,22.0,4356.0
0e974c8481f298f818310ac0e3dfd8d1,911446094ce29f50d97fc8f339650809,2017-12-10 22:21:54,2017-12-12 03:49:45,2017-12-28,0,sao paulo,SP,99.9,7.95,1.0,1.0,433.0,16.0,12.0,14.0,2688.0
c5a06d75e7ddf0ed779053a64ee08c7e,6f184d7d532e2a9a95836af25a732594,2018-01-14 14:17:03,2018-01-15 11:09:38,2018-02-26,1,serra,ES,116.99,14.57,1.0,1.0,13388.0,54.0,47.0,28.0,71064.0
da0e581c499ee074995f6e997ae5cb15,a19929855f24036f9688d55c778eaa48,2017-10-12 13:29:49,2017-10-12 13:49:12,2017-10-25,0,itaquaquecetuba,SP,20.3,8.11,1.0,1.0,200.0,16.0,2.0,11.0,352.0
a7236413cd736310eb6cba19e4f4c3d8,ae0385f6057d8cb0b9b9ff02285be0b1,2017-05-29 14:42:26,2017-05-29 14:55:18,2017-06-26,0,cassilandia,MS,339.0,17.12,1.0,1.0,422.0,21.0,16.0,18.0,6048.0
f943e18398079cee438234bf6482996e,7220c5e391b6c80f16ffcca8a67a3382,2017-10-12 11:18:32,2017-10-12 11:35:19,2017-11-08,0,sarandi,PR,329.0,18.06,1.0,1.0,900.0,40.0,10.0,28.0,11200.0
9abbdc48fa5090fc71433b094fd329a8,28a7aaa9b583fd1ff76b43273f22913f,2018-03-12 18:17:00,2018-03-12 18:30:49,2018-04-12,0,teodoro sampaio,SP,64.9,19.95,1.0,1.0,150.0,16.0,12.0,18.0,3456.0
97d5aa85110fb7e998b5754af19b95c4,f154c3425ff09d9bd9cf677f7f658bd8,2018-03-05 16:15:17,2018-03-05 16:29:36,2018-04-03,0,suzano,SP,589.0,37.48,1.0,1.0,17600.0,49.0,49.0,23.0,55223.0
3fa59277573f0fe06ece044ebec2eb02,ee1fb534e64d33fcb16a1023dc721a24,2018-01-12 21:59:20,2018-01-16 03:34:38,2018-02-07,0,arapongas,PR,79.0,12.05,1.0,1.0,2350.0,20.0,20.0,20.0,8000.0
f37814135d330c836ab5815503b91c92,cc57bf7b13c49c59095d09da7a63abfc,2017-12-23 08:55:07,2017-12-23 09:08:13,2018-01-30,0,sao gotardo,MG,23.99,15.1,1.0,1.0,100.0,20.0,15.0,15.0,4500.0
91df6f3cf26d70ab6a918d29d0a0b906,d99d4916f321d6691a8aee32b3d09b95,2018-03-22 16:15:09,2018-03-23 02:15:51,2018-04-13,0,salvador,BA,14.9,17.06,1.0,1.0,200.0,37.0,3.0,11.0,1221.0
9e396551fca6b2ba9105b3f7282f2861,b207ff4065d6cac5160b023c4688b48f,2018-03-30 18:21:52,2018-04-03 05:28:09,2018-04-20,0,brasilia,DF,15.9,18.23,1.0,1.0,200.0,20.0,10.0,12.0,2400.0
9abf2c67162c8756e2733a5f36e0ed12,a2623335c77869716765cebebe4deb18,2017-02-10 20:48:26,2017-02-10 21:03:02,2017-03-09,0,santo andre,SP,69.69999999999999,32.88,3.0,1.0,300.0,36.666666666666664,36.666666666666664,15.0,20166.666666666664
bdd235f0cec5fc3c21249b12446542c7,a36a736c8e0286e11a01c4dc3f35dbc7,2017-05-09 23:22:43,2017-05-11 03:50:13,2017-05-31,0,rio grande,RS,449.9,17.9,1.0,1.0,450.0,18.0,12.0,13.0,2808.0
469047e99377da914f6d4eb996977190,7eb0ed58083a45d5fd210c15f0c07079,2017-05-05 14:15:32,2017-05-05 14:25:22,2017-06-05,0,belo horizonte,MG,52.269999999999996,35.56,2.0,1.0,800.0,16.0,34.0,34.0,18496.0
90f6194c9f26e2f8d1f955c7bf4c5f5b,f55f4c4973760ee7f6e170381f993729,2017-08-21 18:42:30,2017-08-21 18:55:14,2017-09-11,0,sao paulo,SP,119.9,13.86,1.0,1.0,1650.0,46.0,3.0,34.0,4692.0
682332c2474e425ea23c40848faa25e2,e0d50842eb1d45e542c592466bcc06b5,2017-11-02 15:43:52,2017-11-02 15:55:31,2017-11-30,0,barueri,SP,169.0,15.93,1.0,1.0,285.0,19.0,13.0,15.0,3705.0
b1b25c32832c6654e6cd3f949355a561,7d8e5933121d2d2447c2ef6a6a45d898,2017-03-20 23:51:25,2017-03-20 23:51:25,2017-04-10,0,sao paulo,SP,79.9,14.73,1.0,1.0,150.0,16.0,9.0,11.0,1584.0
29a78ee4f09c8306a3a5551825acc903,e3e0534dc37dd14280ac15f24acb0530,2018-01-27 16:30:39,2018-01-27 16:39:19,2018-02-23,0,duque de caxias,RJ,38.25,17.92,1.0,1.0,583.0,20.0,21.0,20.0,8400.0
8ba09709db195d492ff95d38228f799f,3c2f0a29038aff07034db22026b787ca,2017-08-04 15:41:43,2017-08-04 15:55:16,2017-08-29,0,rio de janeiro,RJ,79.5,16.32,1.0,1.0,700.0,18.0,7.0,20.0,2520.0
50d106ba3cf9cbe0e44dada341e190fc,f44b3055bdec3b3f0dad474eb14f83c7,2017-08-17 17:36:22,2017-08-18 02:25:19,2017-09-06,0,santana de parnaiba,SP,625.99,20.01,1.0,1.0,1900.0,21.0,21.0,21.0,9261.0
8563ba5846a265d99db932d71e8f5b8c,e5fe29371fab568cd043942ae42365ed,2017-12-05 16:48:43,2017-12-06 02:50:02,2018-01-02,0,joinville,SC,169.9,16.95,1.0,1.0,900.0,37.0,15.0,17.0,9435.0
938110b6904380feefb719683295f04a,5ac248f34549732cdb204497ba80a838,2018-03-23 20:59:25,2018-03-24 12:10:32,2018-04-05,0,sao paulo,SP,45.0,8.88,1.0,1.0,800.0,42.0,8.0,26.0,8736.0
97c6f98cd025659444b815df5050d8d7,db5374a5a0de70b9b226cc07f00c7de3,2017-09-12 17:49:55,2017-09-13 17:55:29,2017-09-28,0,guarulhos,SP,149.9,14.07,1.0,1.0,1627.0,47.0,17.0,34.0,27166.0
cb80e3d30577a7af0b3b851f5f4ed92b,d85ece98ddf81cdbb00aa87d7d472d3e,2017-09-15 17:28:23,2017-09-15 18:05:39,2017-10-10,0,sarandi,RS,76.9,16.3,1.0,1.0,391.0,21.0,19.0,17.0,6783.0
7354aed5e2d142803a8121059f1e9324,f30c4202fba22ee2b49b2af16767b380,2017-08-28 00:17:53,2017-08-28 00:30:26,2017-09-15,0,curitiba,PR,32.96,35.2,1.0,1.0,1182.0,21.0,16.0,17.0,5712.0
0016dfedd97fc2950e388d2971d718c7,2c8b917c5d7dd720ebe36a5ed3b501ec,2017-04-28 19:54:40,2017-04-29 10:05:12,2017-06-01,0,canavieiras,BA,49.75,20.8,1.0,1.0,1500.0,27.0,6.0,23.0,3726.0
01a26a995dcef1d58bdee5b8862c7a02,4f36ee71cd2eb2ba9c1eb02b36baa34b,2017-09-15 20:36:53,2017-09-16 12:05:14,2017-10-03,0,alcobaca,BA,299.99,14.35,1.0,1.0,450.0,17.0,3.0,11.0,561.0
b4423cdd0316fb3064befb92d164de96,05a9e7f2eb9b68b7b7a74696782af52b,2017-09-13 17:23:32,2017-09-14 14:30:22,2017-09-29,0,campos dos goytacazes,RJ,149.99,13.93,1.0,1.0,650.0,18.0,25.0,19.0,8550.0
340bd726abb7b57850b8f3e93c52a559,d058d9531ed27a9c3be60792c94f0092,2018-04-10 11:46:18,2018-04-11 05:50:26,2018-05-08,0,santos,SP,550.0,78.37,1.0,1.0,30000.0,50.0,75.0,56.0,210000.0
f10282aa55ff8cf002a73620cd23e573,c92d229c20d50e665239023196185345,2018-01-03 16:33:03,2018-01-03 16:46:46,2018-02-01,0,coxim,MS,169.99,21.68,1.0,1.0,2250.0,16.0,40.0,16.0,10240.0
3f0c4716830a238b2b31f0ea8e6abeb4,85a12516acdac9ff93fa0b54dad839b0,2017-05-11 13:08:04,2017-05-11 13:22:09,2017-06-02,0,caxias do sul,RS,219.99,16.29,1.0,1.0,2050.0,42.0,25.0,15.0,15750.0
0603e869ecff28981f22e3ea3e91911b,39bbb4f1b13debf6e93d4a8dd51974aa,2017-09-26 17:48:04,2017-09-27 06:56:09,2017-10-20,0,bauru,SP,274.70000000000005,68.83,2.0,1.0,2366.6666666666665,41.333333333333336,5.666666666666667,29.333333333333332,6870.518518518519
02e827a9f1e829b50b81eb9e26588ed9,625686f10cec48c80b355bdcd4b94dd8,2017-08-11 18:32:57,2017-08-11 18:50:14,2017-08-24,0,sao paulo,SP,59.9,7.78,1.0,1.0,700.0,20.0,35.0,20.0,14000.0
3a754d9436ef0dd5d52e94a0e7ee2f0c,8bf209e6a80b1b6813fd5ef7cc0859a9,2017-07-31 09:09:01,2017-08-02 16:43:38,2017-08-11,0,campinas,SP,39.9,9.34,1.0,1.0,1875.0,43.0,45.0,40.0,77400.0
a4f3326bf1a1c3e11d17f3680f1e6337,07fbc7cbc612a13023ce69a6573ddf2d,2017-08-30 18:41:51,2017-08-30 18:55:11,2017-09-18,0,taubate,SP,22.0,11.85,1.0,1.0,100.0,16.0,5.0,16.0,1280.0
fc44f1ca335ffb4a85d6b111dda4b531,4f624aa6b5f7d34e839b14a44982b485,2017-08-27 17:31:39,2017-08-27 17:45:16,2017-09-20,0,rio claro,SP,460.7,17.97,1.0,1.0,200.0,16.0,7.0,11.0,1232.0
0a03b50bb658dc86547261ba8cd5676e,0a791f1725cf14521669d11593be474a,2017-10-18 20:28:58,2017-10-18 20:44:57,2017-11-16,0,caceres,MT,169.99,27.73,1.0,1.0,600.0,23.0,16.0,16.0,5888.0
895ab968e7bb0d5659d16cd74cd1650c,270c23a11d024a44c896d1894b261a83,2017-08-08 20:26:31,2017-08-08 20:43:31,2017-08-30,0,sao paulo,SP,109.78,51.54,2.0,2.0,1016.6666666666666,43.333333333333336,12.666666666666666,31.0,17015.555555555555
f2c9428d2c7720cb4e9f2a9634673ce6,80825fac1b288cd8a58c4ae40c66a821,2017-10-22 10:17:43,2017-10-22 10:28:11,2017-11-10,1,duque de caxias,RJ,138.5,17.38,1.0,1.0,2152.0,26.0,24.0,21.0,13104.0
4189bed5bcc86231422a2c652cbd66c8,385c7a465ae01748577b050c89106a04,2018-01-05 16:46:56,2018-01-09 07:17:02,2018-01-24,0,sao paulo,SP,69.9,13.08,1.0,1.0,2600.0,50.0,10.0,30.0,15000.0
2d15f5afd65b730a72135678ea3487d2,4579d869bafb50f24c4bc5cf3ad6b17b,2017-10-19 10:40:16,2017-10-19 10:49:17,2017-11-10,0,mata verde,MG,899.99,21.05,1.0,1.0,600.0,16.0,27.0,17.0,7344.0
9b53b66ca7d27b4c0ccf5ba89af00bd0,1557a1c24daba73fb59e9291482064a4,2017-06-19 02:15:55,2017-06-19 02:30:12,2017-07-14,0,nilopolis,RJ,99.9,17.27,1.0,1.0,1600.0,28.0,9.0,27.0,6804.0
185115c917a05bf72dd42a9c369f207f,1a0bc7cbd12289b4c6429ca29e1b9b84,2017-08-27 14:59:43,2017-08-27 15:15:09,2017-09-18,0,resende,RJ,9.9,15.1,1.0,1.0,200.0,25.0,2.0,17.0,850.0
41b3bf54a1b7a76d6e381206e3e182bc,08e74f467fe7b442e59c79979f4f9126,2017-12-08 13:21:55,2017-12-08 13:32:20,2018-01-11,0,jaragua do sul,SC,251.8,31.26,1.0,1.0,350.0,42.0,7.0,24.0,7056.0
0435404d45d367d6da14e7628c40a041,06272f95035856cac16ee21693dd7302,2017-05-24 21:43:53,2017-05-24 21:55:16,2017-06-16,0,varzea paulista,SP,69.9,15.24,1.0,1.0,200.0,16.0,5.0,11.0,880.0
04398fd8d888a4857774d982da494987,596040e2523803a2b45f1a403a86be7d,2017-05-15 14:14:21,2017-05-15 14:25:18,2017-06-06,0,ipatinga,MG,39.9,17.6,1.0,1.0,3100.0,72.0,11.0,13.0,10296.0
207899590ac0ec260af0446b68101b21,a890c03e9d0445e3f23f331a4fa21a1c,2018-02-25 21:43:00,2018-02-26 21:48:16,2018-04-12,0,salvador,BA,422.0,17.0,1.0,1.0,6250.0,60.0,10.0,40.0,24000.0
1cf718e4825b60483e960187443209f1,27982915123a800b423be0df3ffd8352,2017-07-01 12:25:06,2017-07-01 12:35:18,2017-08-04,0,sorocaba,SP,79.0,15.3,1.0,1.0,250.0,16.0,16.0,11.0,2816.0
30f98311688b9a0cc176d88c32b308d3,72241f6ac253dedd45a67f539f113891,2018-03-19 23:32:03,2018-03-19 23:47:59,2018-04-11,0,sao paulo,SP,94.89,27.51,2.0,2.0,1525.0,59.5,8.5,18.5,9356.375
de983bdf0e92645dd32e0ba39d8e7dd8,faae3f96ccf16903b53b768dedf6aae9,2017-09-26 18:54:55,2017-09-28 02:56:10,2017-10-26,0,serra,ES,169.9,21.59,1.0,1.0,1600.0,20.0,25.0,20.0,10000.0
6ea6f5d85441b7bfcccbc44e082d02e3,37d1749538dfc2e600e932c4f26d4805,2018-01-03 21:03:30,2018-01-03 21:11:20,2018-01-19,0,sao paulo,SP,179.49,10.07,1.0,1.0,500.0,16.0,12.0,17.0,3264.0
cfe2129968372224ea392ad47c0d5b02,0599f126a96e82b600270dca9776effb,2018-01-08 09:56:46,2018-01-08 10:09:24,2018-04-09,0,mossoro,RN,149.9,72.9,1.0,1.0,6200.0,62.0,6.0,62.0,23064.0
2b4aa534be731020396ff6564af04cb1,92cc70bf4106a2b161c3188087a2cbce,2018-03-16 15:13:26,2018-03-16 15:29:12,2018-04-06,0,juiz de fora,MG,119.9,19.81,1.0,1.0,675.0,20.0,23.0,19.0,8740.0
1f63547f5743b270843ccf840f00108a,f43d9a5994fb99bb2e14160e12666442,2018-02-05 22:54:03,2018-02-05 23:10:36,2018-03-08,0,pires do rio,GO,159.8,32.64,2.0,1.0,850.0,44.0,2.0,36.0,3168.0
190ce4e52f05189563942da003cbf332,33f34d9499aec9678333ba5f203a4d8d,2017-08-23 13:10:47,2017-08-25 02:50:21,2017-09-18,0,para de minas,MG,47.9,15.1,1.0,1.0,200.0,18.0,7.0,12.0,1512.0
1b3502b901fcba41838c8d41dff38327,049ba78b6885e453786b80828dde6d34,2018-01-08 21:41:49,2018-01-08 22:31:37,2018-02-01,0,aracaju,SE,116.9,23.14,1.0,1.0,700.0,49.0,12.0,27.0,15876.0
98567268fada7e240bf12be972e03a19,d3461ae5a1fa3912e80af3b7a64aaa4f,2017-04-05 17:58:27,2017-04-05 18:10:18,2017-04-26,0,catanduva,SP,11.99,10.96,1.0,1.0,300.0,25.0,10.0,20.0,5000.0
394f7579c871c612634cfb93294745b0,58f180ef06844ae0e660cb5decc737c0,2017-03-23 17:49:49,2017-03-23 18:03:20,2017-04-13,0,sao paulo,SP,59.9,15.63,1.0,1.0,1132.0,33.0,39.0,20.0,25740.0
e785d10e3015fc46666c06b2e0f057dd,7fe584f189706f82214db7f22d01ea31,2017-02-25 18:56:50,2017-02-25 19:05:18,2017-03-20,0,amparo,SP,64.99,35.44,1.0,1.0,4300.0,25.0,90.0,45.0,101250.0
1189683a982566d32678589bafad61c8,4e2bbc22dba0f9166f5877a39d2265c4,2018-01-05 12:56:03,2018-01-05 13:07:42,2018-01-24,0,sao paulo,SP,69.9,13.08,1.0,1.0,2600.0,50.0,10.0,30.0,15000.0
777c67eab7c0712ccde8ffbb22715adb,42b08ad3a6f9efff737693acc37008df,2017-02-26 05:12:17,2017-03-03 02:22:26,2017-03-28,1,porto alegre,RS,53.400000000000006,93.9,1.0,1.0,100.0,16.0,6.0,11.0,1056.0
c811a0a169f6226a82aa3cc2c6229897,e30ee9cb305181ee6c6e995c68f37583,2017-03-16 16:55:28,2017-03-16 16:55:28,2017-04-18,0,goiania,GO,1199.0,40.94,1.0,1.0,5900.0,35.0,12.0,20.0,8400.0
5d36e8ca3ccd1262b7641467fdba0b8e,3b2b96751131c948164edc5d21d27abb,2017-01-27 12:10:46,2017-01-27 12:31:29,2017-03-20,0,fortaleza,CE,79.9,23.0,1.0,1.0,1400.0,33.0,15.0,30.0,14850.0
3c5734985708da8eba1dc17768aacafc,0ace9ca5314b7bd412e2429479701719,2018-01-22 15:57:11,2018-01-22 16:18:14,2018-02-14,0,itaquaquecetuba,SP,29.97,14.1,1.0,1.0,350.0,16.0,40.0,30.0,19200.0
8809eb241de20bada1a2eedfa3c47504,b4d65a5315229c8b228ed56e5eaf3af6,2017-10-17 14:36:26,2017-10-17 14:49:38,2017-11-13,0,uruana,GO,799.99,101.17,1.0,1.0,7034.0,55.0,66.0,33.0,119790.0
f521ec5e0383231d5aa567e8d8153fbf,4838991c7e42996e65f9386f91b1f014,2017-11-19 20:51:56,2017-11-19 21:06:35,2017-12-07,0,rio de janeiro,RJ,24.99,13.23,1.0,1.0,600.0,50.0,12.0,14.0,8400.0
4b5e7707371fb7f696930fc47efff1f0,2558577bf1246b4a3cc846fc1fef3bbb,2017-10-16 22:52:33,2017-10-16 23:14:13,2017-11-13,0,conceicao de macabu,RJ,143.0,38.55,1.0,1.0,1250.0,26.0,21.0,20.0,10920.0
7ca8c6011b3587c9b445d53f3f9adb7a,968ce67a6406f9ce7d36c002b9a018f4,2017-08-05 20:56:21,2017-08-08 04:40:19,2017-08-31,0,pelotas,RS,56.99,17.65,1.0,1.0,1100.0,16.0,10.0,16.0,2560.0
a6f980db92567852107fe54fa64726f2,f7e9bfeb793e02ca1a2fbadb9e1f4a69,2017-10-28 10:33:24,2017-10-28 10:45:51,2017-11-24,0,vitoria da conquista,BA,,,,,,,,,
3275736da1234f55d52bdf09d86b93bc,1ff6fa617b2b77f6844df0191949925a,2017-12-02 10:04:07,2017-12-05 04:13:30,2018-01-10,1,aripuana,MT,299.99,28.64,1.0,1.0,2301.0,32.0,35.0,34.0,38080.0
fc1f487d0efab2d3865ea6a570eaa9e7,bb29d68e8170d6917599ffb4b929486d,2017-11-29 10:09:16,2017-11-30 02:24:12,2017-12-27,0,urussanga,SC,115.0,21.3,1.0,1.0,1300.0,105.0,15.0,15.0,23625.0
cc58d2040605eaadced18735aef5bbb0,03dc0682e10e026f51cc524d590fc5e2,2017-08-07 03:57:41,2017-08-07 04:05:22,2017-09-04,0,vila velha,ES,350.0,17.2,1.0,1.0,642.0,20.0,13.0,16.0,4160.0
6d8a901414328a5ace8b17a2fb3f664a,95e4cadaf56d0ea677e395ab5a6e2bd2,2017-12-29 10:55:59,2017-12-30 10:48:28,2018-01-31,0,indaiatuba,SP,179.99,18.51,1.0,1.0,1600.0,23.0,13.0,23.0,6877.0
99239be2fbdb186e7285b71a4bd782ac,90b44ffa2cd85107a062845135520fe6,2018-02-13 16:23:29,2018-02-15 06:35:45,2018-03-08,0,coronel fabriciano,MG,224.8,56.56,2.0,2.0,3866.6666666666665,34.666666666666664,18.666666666666668,34.666666666666664,22433.185185185182
b8bf848cf366061f0e9555337da2a9d6,56b819ca6360d77781801ec530b47783,2017-08-22 13:04:49,2017-08-24 03:06:33,2017-09-14,0,sorocaba,SP,39.9,15.1,1.0,1.0,200.0,25.0,5.0,15.0,1875.0
0df706c2c6b700754129d98ffef2b669,ef3bbff3023c5032593c0e754f87114a,2017-05-23 20:15:27,2017-05-23 20:25:19,2017-06-28,0,garanhuns,PE,113.0,29.19,1.0,1.0,1625.0,29.0,21.0,21.0,12789.0
c96c22ca4f7729454ad5ccd827b3c40e,dcd8cf51c37cad018c9281d823889da8,2018-03-05 18:47:32,2018-03-05 19:28:16,2018-03-28,0,valinhos,SP,72.0,13.62,1.0,1.0,150.0,16.0,13.0,14.0,2912.0
821e765f0bcdbdc5e6769985ddc5875b,05b7d2db0e6f42afea1969d78034d011,2017-03-10 11:52:07,2017-03-10 11:52:07,2017-03-31,0,medianeira,PR,26.9,14.52,1.0,1.0,400.0,16.0,15.0,15.0,3600.0
34ec59fb0739f087452873319fc6e94d,2ee52ea8b33b321f4402e2a0edc31eb4,2017-12-04 15:38:16,2017-12-04 17:48:48,2017-12-29,0,curitiba,PR,299.99,16.86,1.0,1.0,2301.0,32.0,35.0,34.0,38080.0
83c6401c172501d8dbb2cb1c89a51b01,57ea77d77b05b87eb8328d8bbcc4b7ef,2018-03-20 02:29:16,2018-03-21 02:28:18,2018-04-11,0,salvador,BA,27.99,17.06,1.0,1.0,300.0,17.0,4.0,12.0,816.0
7e129ab6f658f6b2eccebeba30d16f86,b31b698d14f51b2226b2f5057f7dac85,2017-12-08 19:09:48,2017-12-08 19:16:30,2018-01-04,0,brumadinho,MG,83.9,14.32,1.0,1.0,1250.0,49.0,10.0,34.0,16660.0
0777a9060e11a166516210320a84d38c,b89ea39218763f0521b7bbae37e90aa8,2018-02-14 22:23:42,2018-02-16 14:30:43,2018-03-01,0,itapevi,SP,56.9,8.72,1.0,1.0,1025.0,20.0,11.0,11.0,2420.0
6ef39ba9ebeec91e5c34444a2c9bbb24,78617a723b4d69cf675ae0719ac052ed,2017-11-24 01:36:16,2017-11-24 01:48:30,2017-12-14,0,sao paulo,SP,129.0,12.32,1.0,1.0,444.0,20.0,14.0,16.0,4480.0
4dddc6bf4a7bc34351215406bf7ecacb,6350ee478c3d2c52f1b7e1a27d182309,2017-06-02 12:20:29,2017-06-05 06:35:15,2017-06-16,0,guarulhos,SP,99.99,9.51,1.0,1.0,1200.0,42.0,25.0,15.0,15750.0
1f31fc163d36ff823c54a14e947b5bc8,3516fe1f76836656ef2b0606179ad3ce,2017-08-19 22:15:06,2017-08-19 22:30:05,2017-09-15,0,sao paulo,SP,98.0,16.13,1.0,1.0,325.0,21.0,21.0,21.0,9261.0
b6b01d3d01c6df1ff950084e0f9ec7f4,9c2fc7e2f1765c15b18e8c25c08eedf3,2017-07-24 21:05:02,2017-07-26 02:15:13,2017-08-11,0,catas altas,MG,69.9,14.22,1.0,1.0,1650.0,30.0,30.0,30.0,27000.0
7d00513b69718715b52d242ae838730e,baf139d17c0df8f5a049b57af7642f3a,2017-04-10 19:52:53,2017-04-10 20:05:12,2017-05-04,0,rio de janeiro,RJ,89.9,20.12,1.0,1.0,2100.0,86.0,4.0,11.0,3784.0
971edb451cad61fd96ae029b1248938e,e0780c98af0a0a14146af14ff63f039e,2017-10-18 02:11:10,2017-10-18 03:04:00,2017-11-08,0,sao goncalo,RJ,15.6,14.1,1.0,1.0,500.0,30.0,30.0,30.0,27000.0
acf93693a6780a86fb735f6743d5bcf7,f0941f0a360451bb222634e610f7ad08,2017-07-30 17:33:03,2017-07-30 17:45:12,2017-08-24,0,sao paulo,SP,135.9,17.2,1.0,1.0,1225.0,33.0,28.0,28.0,25872.0
8ed4ed298924cd3a04016d50a5751e88,44531f7ae52e2312ab3ca7f58778b41f,2017-03-26 10:54:33,2017-03-26 11:05:11,2017-04-25,0,mogi das cruzes,SP,14.9,17.78,1.0,1.0,200.0,20.0,2.0,14.0,560.0
5c19570470dcab18cd18b1cd390c042c,874211fffa941800228fb197bc411ef1,2017-08-28 13:49:55,2017-08-28 14:04:52,2017-09-19,0,campo grande,MS,259.98,62.52,2.0,2.0,5800.0,42.0,32.0,35.5,47712.0
77db593eee0149b5e2bfac62a6011a4e,32f9ab38c7f8f0a627ee957c50ea0ac2,2018-03-14 15:44:29,2018-03-14 15:55:34,2018-03-26,0,sao paulo,SP,17.99,7.39,1.0,1.0,150.0,18.0,4.0,11.0,792.0
be625dc4e32d2e9edfb3a252306884da,d1ee885105a18181bf52979a83068e2a,2018-04-11 16:10:27,2018-04-11 16:32:33,2018-05-17,0,curitiba,PR,98.75,15.57,1.0,1.0,3100.0,30.0,30.0,18.0,16200.0
a0a283cb8ba521d35c5a3fc3d9619be5,bfc64cd21fc5fcbb2e2963a596e22c2f,2018-02-12 03:09:03,2018-02-12 03:28:16,2018-03-09,1,sao paulo,SP,68.9,12.61,1.0,1.0,150.0,16.0,13.0,14.0,2912.0
3fd2af7d4b0fee360bea3d4beb9d0418,1c226c6651185362430dbb00936b8af2,2018-03-06 15:33:50,2018-03-06 15:50:29,2018-03-27,0,curitiba,PR,89.9,23.21,1.0,1.0,650.0,60.0,6.0,33.0,11880.0
9e6e335c851fd08c6e1b22a0d70bb540,788e9580bf43966d1477ce4fccde2d32,2017-12-19 15:55:46,2017-12-19 17:15:59,2018-01-17,0,pouso alegre,MG,89.9,18.2,1.0,1.0,750.0,25.0,7.0,25.0,4375.0
3b36d8fb1fff95b2dbbdf1c90c944494,86042d37503c19914f7c6d1cfda24870,2018-01-26 22:32:51,2018-01-29 08:39:25,2018-04-04,0,sao luis,MA,159.99,59.29,1.0,1.0,10025.0,57.0,55.0,22.0,68970.0
45e00abea326ffad82887cb48faf12b9,7ce2416c6e9a2d16b45d4cd192984d33,2017-08-18 12:01:05,2017-08-18 12:25:10,2017-09-12,0,paracatu,MG,89.9,17.88,1.0,1.0,1383.0,50.0,10.0,40.0,20000.0
07e2a9d486a8394f2700230396e8d5f0,0d0a49286a8610cff0b0ca481ac5d14b,2018-02-17 22:29:16,2018-02-17 22:46:57,2018-03-23,1,sao luis,MA,209.9,61.93,1.0,1.0,3750.0,35.0,40.0,30.0,42000.0
7d0e17bbcb31318fdc2390ad7cfc7399,0ab6b9678a73a7234a994d90cafcbc5c,2017-12-19 09:42:51,2017-12-21 02:12:43,2018-01-23,0,santa cruz de monte castelo,PR,49.99,16.11,1.0,1.0,800.0,16.0,10.0,15.0,2400.0
4cc7a837ccbd410b6a7ebe3e15dc8800,87197160151c810ec85942bb0e50b07b,2017-11-17 10:24:52,2017-11-18 02:10:49,2017-12-11,0,machado,MG,64.99,15.2,1.0,1.0,1300.0,22.0,5.0,15.0,1650.0
3fa6a4cd68d1e2c5df53b8ba3226c787,1966bc82aac018dbe08a465f91380268,2018-02-03 09:26:20,2018-02-03 09:35:26,2018-03-05,0,contagem,MG,95.5,53.27,1.0,1.0,5900.0,81.0,81.0,11.0,72171.0
338084a6f213912faa2ab6b87c6d388f,11e55f8da60d95653cfe027e0e90c51a,2018-04-09 16:30:11,2018-04-10 04:10:12,2018-04-25,0,diadema,SP,54.99,8.29,1.0,1.0,400.0,18.0,11.0,20.0,3960.0
2dea508202fbd39c677502defdef2d21,986eba2f0d54f5b350b50ffe122ec2eb,2017-07-22 20:19:16,2017-07-22 20:35:18,2017-08-11,0,sao paulo,SP,499.9,14.7,1.0,1.0,1800.0,28.0,36.0,27.0,27216.0
6829390c4a5d4739d067ac8ee4828d8e,0b84194096e4c860bd0cc790b95ceb9f,2017-12-18 00:33:31,2017-12-19 09:31:04,2018-01-19,0,campo bom,RS,124.99,18.15,1.0,1.0,375.0,29.0,14.0,20.0,8120.0
bc7de131c11fe08e0311312624e2d752,bc0e1034fbb8ae2dc686562b304dd0f7,2017-05-02 22:26:38,2017-05-03 16:05:12,2017-05-23,0,sao paulo,SP,249.0,13.13,1.0,1.0,6663.0,17.0,11.0,13.0,2431.0
062e658558167913d261c1089bf9357c,0861e2295c798be38db3b39ab793abaf,2017-06-07 09:12:50,2017-06-07 09:22:33,2017-07-12,0,palmares,PE,119.95,33.29,1.0,1.0,2200.0,21.0,27.0,20.0,11340.0
31d9e006c7c94bccba8798ded8f50034,1161b76d1f5fb0594a3f61d42fcf9c8a,2017-11-19 09:33:44,2017-11-19 09:47:06,2017-12-12,0,brasilia,DF,119.0,27.37,1.0,1.0,800.0,32.0,7.0,32.0,7168.0
ae7f63dcdf18bdd6e2e49b6c4e4e80e5,6dae7e49ea1e08a25d1a62e37a824d78,2017-09-20 19:12:03,2017-09-20 19:25:13,2017-10-10,0,sao caetano do sul,SP,56.99,8.72,1.0,1.0,250.0,20.0,8.0,21.0,3360.0
13a4e0efe42392b2ee22601883f47d24,501e5b016fc09bda702e55fec5be78dd,2017-01-17 00:16:14,2017-01-19 02:11:02,2017-02-27,0,sao caetano do sul,SP,290.0,13.42,1.0,1.0,4000.0,45.0,15.0,35.0,23625.0
e780dd8de5b1d2e678c7cac395f0382b,e6ac83a21d39a2e035df2c63aec86318,2018-03-28 12:09:58,2018-03-29 03:28:34,2018-04-16,0,santos,SP,39.99,13.71,1.0,1.0,800.0,16.0,20.0,28.0,8960.0
3260c5040c13241b3f5f7bb7ed852c89,7483110df32ada21179477a69cb7b83d,2017-02-20 09:14:03,2017-02-21 04:42:30,2017-03-21,0,sao paulo,SP,49.99,10.96,1.0,1.0,50.0,16.0,16.0,17.0,4352.0
65afe7bafea88efc7a99cd3cf3838bed,70aecb98ec965a174733a3021c64373b,2017-12-06 09:41:25,2017-12-06 09:50:23,2018-01-11,0,santa maria,RS,61.9,15.18,1.0,1.0,400.0,20.0,30.0,20.0,12000.0
4ccd8da82485c892ae90284af589153a,bc13567372ad405e1fa1c93da7eb9079,2017-01-25 12:18:11,2017-01-25 12:30:23,2017-02-28,0,porto alegre,RS,99.9,23.16,1.0,1.0,2500.0,47.0,21.0,41.0,40467.0
cf3a9fb2f3b7b0d71c3a8e59c01ad281,f1cc6f2b2d1fe79fc891d57a5b05e44a,2017-11-08 16:46:11,2017-11-08 17:30:49,2017-12-01,0,jaragua do sul,SC,599.0,21.44,1.0,1.0,1950.0,28.0,36.0,27.0,27216.0
00d0ffd14774da775ac832ba8520510f,a2f3de2a0a84803cef018776a2e76c9b,2017-12-23 22:25:00,,2018-01-19,0,osasco,SP,,,,,,,,,
1de33461bc6e182e79926e72add7c009,5b533feffa09f8c775d66d19cd20538b,2018-01-31 12:13:17,2018-01-31 14:13:08,2018-02-23,0,marau,RS,48.9,12.48,1.0,1.0,550.0,18.0,13.0,14.0,3276.0
10f34fc8a567488225794fc598c3c9f4,a5661a6d66cb30d6b8b162e39ca176bc,2017-07-11 13:50:28,2017-07-11 14:05:22,2017-07-31,0,presidente bernardes,SP,129.99,13.93,1.0,1.0,1600.0,42.0,25.0,15.0,15750.0
403065b674f9cd3a0ab4d217dac82725,29e96fb282c3989c38e825a01053c73d,2018-03-31 13:20:56,2018-03-31 13:35:18,2018-05-04,0,sete lagoas,MG,59.1,23.34,1.0,1.0,750.0,26.0,23.0,23.0,13754.0
9f4ce573c6972d238421b71f926abfa1,bc9df2892ccce8d1e8558c3e8013962c,2017-12-04 21:56:53,2017-12-05 10:30:54,2018-01-08,0,queimados,RJ,56.99,14.15,1.0,1.0,350.0,25.0,15.0,15.0,5625.0
283750dc507f662a3e9cf4fbfff68030,201b58d5423d38890b0a7b833be416d6,2017-11-21 14:09:39,2017-11-24 14:32:52,2017-12-19,0,porto alegre,RS,218.0,35.02,2.0,2.0,5625.0,29.0,45.0,39.0,50895.0
b3981f7b203bb77c3d52bc97e46c5b25,730769d8a5103f14d741ad1706e1c352,2017-04-22 18:49:48,2017-04-22 19:01:19,2017-05-18,0,penapolis,SP,335.0,41.510000000000005,3.0,2.0,2450.0,40.666666666666664,22.0,30.0,26840.0
5498bf7c13194844d474e73da1ab8bb1,de90bb921bd5c53089b9972b56b9a553,2017-07-20 12:05:59,2017-07-21 02:50:15,2017-08-11,0,osasco,SP,56.9,13.42,1.0,1.0,800.0,46.0,10.0,32.0,14720.0
d043a3bb843a11bb2f3a826771849ec4,1d4141882e86028ee4751bb58410b53a,2017-04-26 22:29:41,2017-04-26 22:42:29,2017-06-02,0,sao pedro do turvo,SP,39.9,15.56,1.0,1.0,1000.0,33.0,25.0,24.0,19800.0
1e0fdb7395b6eab4335b7a41b88813e4,0f87c14e91f558b71fcf73e6918f311f,2018-02-25 12:13:36,2018-02-25 12:29:27,2018-03-12,0,aruja,SP,29.0,7.78,1.0,1.0,250.0,16.0,2.0,11.0,352.0
43150008aa4569cfef4be756bd7dbdd3,df6ac95338050880eb8d4c94baea71f9,2018-01-05 20:47:24,2018-01-05 20:55:55,2018-02-05,0,novo itacolomi,PR,90.0,32.22,1.0,1.0,800.0,42.0,8.0,26.0,8736.0
ccac33950ffc27cb905dbcdfb099494a,001574cd5824c0b1ea90dd4f4ba6d5b8,2017-11-26 02:13:57,2017-11-26 02:30:13,2017-12-19,0,sao paulo,SP,,,,,,,,,
3d4369dcce579868d4629c19b96260c9,e98b6caaa9a23d78a283f65cec39e73f,2017-07-14 19:52:29,2017-07-14 20:05:21,2017-07-27,0,atibaia,SP,258.9,43.47,1.0,1.0,22350.0,32.0,74.0,53.0,125504.0
88eaab55607693a963f94efbf5ed8f1f,a82d3fdee4c861501662ea40616d36a9,2018-03-10 15:22:19,2018-03-10 15:35:38,2018-04-03,0,canoas,RS,140.5,18.86,1.0,1.0,1450.0,50.0,20.0,30.0,30000.0
61ab43a7e8f1eb80fb124273d186eb10,fd1b3c71bd3a2c488623ddc9943f379d,2018-01-08 22:25:26,2018-01-08 22:36:20,2018-02-07,0,andradas,MG,189.98,27.65,1.0,1.0,3900.0,40.0,35.0,40.0,56000.0
c6c7f7e01022b968655479b3f81b20ad,40b04b3bf7ab6d7c73d5e68e7327e17f,2017-06-16 11:28:43,2017-06-16 11:43:11,2017-07-10,0,conceicao do rio verde,MG,99.0,30.2,2.0,1.0,350.0,16.0,8.0,11.0,1408.0
76d449452dff60240f1b694b46d44bdb,a0d04172fee3a312adaf26497431a2ed,2017-03-19 01:23:29,2017-03-19 01:23:29,2017-04-06,0,americana,SP,89.9,11.24,1.0,1.0,600.0,27.0,13.0,27.0,9477.0
f71640d90e6e9a31928e18730dbac95c,9ec3bc2615120af90c75c1cc7bc4fa81,2018-01-08 11:10:20,2018-01-08 11:16:22,2018-02-09,0,propria,SE,124.9,43.28,1.0,1.0,9800.0,65.0,20.0,45.0,58500.0
13c0912d87323337b72e40da4eea8e7a,69e7113f19863b835b93d61d5cef84fe,2017-05-18 18:36:43,2017-05-19 02:30:37,2017-06-09,0,rio de janeiro,RJ,775.0,19.18,1.0,1.0,500.0,23.0,15.0,19.0,6555.0
16f981e32cf73c22679a3b0b76d97223,24a7e57f0bc1f83651b27e128845e8c5,2018-03-06 19:01:40,2018-03-06 19:10:31,2018-03-16,0,sao paulo,SP,24.99,10.09,1.0,1.0,150.0,20.0,13.0,20.0,5200.0
a69a00332a55da548ed98215f3f0a8a7,77a69d313ed6ac75d3bde85d588cb916,2017-06-23 14:53:39,2017-06-23 15:05:30,2017-07-28,0,luis correia,PI,115.0,38.36,1.0,1.0,1300.0,22.0,27.0,22.0,13068.0
032cf17f7a713287e46999fddea6051b,7ec44117b7760d297447f1cff2a10967,2016-10-07 12:21:07,,2016-11-17,0,rio de janeiro,RJ,,,,,,,,,
afcbb3c01317e203538feaa1bac05741,ffe74a03e68b1c23d2bd6a1ecdc2f3d7,2017-07-12 12:46:09,2017-07-14 06:45:21,2017-08-03,0,rio de janeiro,RJ,153.78,14.83,1.0,1.0,300.0,18.0,18.0,18.0,5832.0
a1c1912f0cb35964cd9d989535ca0daf,c04e5815b1b55566ca94507f0540bb2b,2017-06-22 14:30:53,2017-06-22 14:42:49,2017-07-05,0,embu,SP,89.9,13.18,1.0,1.0,2100.0,48.0,25.0,25.0,30000.0
9d91a9530ea3af0213cfae03feed3be9,e695d4f6b2594abb3ad2c4a7d412de4e,2017-02-02 18:27:57,2017-02-02 18:41:26,2017-03-23,0,fortaleza,CE,23.9,24.35,1.0,1.0,150.0,43.0,11.0,18.0,8514.0
6efcd938092fe73904610b4bd39b2e7f,8ebe25aca53cef9a055de5c20eca76e7,2017-12-11 21:43:24,2017-12-11 21:55:32,2018-01-04,0,sao sebastiao,SP,129.9,16.54,1.0,1.0,2500.0,17.0,25.0,12.0,5100.0
6014de3ed0a310e59ac664e276af54eb,71d824a92863847504035325c4865f7e,2017-03-05 16:46:02,2017-03-07 03:43:17,2017-03-27,0,belo horizonte,MG,29.99,14.11,1.0,1.0,500.0,35.0,7.0,27.0,6615.0
5014c656e42bfdde371e00923238763f,5271dbf2466ac47f5a7cf3d845a46d1c,2017-04-26 09:39:23,2017-04-26 09:50:19,2017-05-17,0,ribeirao das neves,MG,44.9,14.52,1.0,1.0,100.0,29.0,5.0,15.0,2175.0
d482cb92e40c8f1f96da881196ddd956,316fc927e9216ff7843b15aec5179802,2017-07-08 13:51:00,2017-07-08 14:05:24,2017-08-01,0,santa rita de minas,MG,99.99,17.95,1.0,1.0,4475.0,44.0,24.0,31.0,32736.0
49c95c693647934576c041ce758a0310,34e9ab7101f384c10e91e5af8111bb3d,2017-08-17 16:09:34,2017-08-17 16:45:14,2017-09-06,0,guarulhos,SP,119.9,13.86,1.0,1.0,1344.0,26.0,27.0,34.0,23868.0
31a4ffe90b3bbda342ae160ef52affd1,7e58db99674b0e849eca7cb8cb32cfb1,2017-04-09 16:26:13,2017-04-09 16:35:10,2017-05-16,0,ananindeua,PA,119.8,49.82,1.0,1.0,600.0,68.0,8.0,13.0,7072.0
95a08547138ca5fa14fae54639939af6,138e0ddb0ba1dffb0f7190b2399c4a3a,2017-03-19 13:41:44,2017-03-19 13:41:44,2017-04-12,0,sao paulo,SP,119.9,22.31,1.0,1.0,4050.0,50.0,15.0,40.0,30000.0
f204f70875d6c6b3ef8858487847fec4,e8197f1806f51f75f725632fe03007fc,2017-06-04 15:51:15,2017-06-04 17:05:09,2017-06-28,0,rio de janeiro,RJ,98.7,21.18,1.0,1.0,2400.0,41.0,26.0,31.0,33046.0
163653bc8aa631e85ac4af4a4f6f3535,191057ac1a2c11230cd526aedff60212,2017-11-24 13:04:08,2017-11-24 15:33:21,2017-12-14,0,sao paulo,SP,69.99,14.24,1.0,1.0,583.0,18.0,21.0,21.0,7938.0
1607aa1dabb96d104838f96ccb72f225,65f2c5942e588caf6ecc68c778a0ebf7,2018-03-06 08:37:03,2018-03-06 08:50:29,2018-04-10,1,rio de janeiro,RJ,99.9,24.35,1.0,1.0,2500.0,40.0,10.0,30.0,12000.0
049c844d7707d97ba1600196919474f4,ec2d96d8dd0823d489423155370a247e,2018-02-27 15:31:49,2018-02-27 16:35:43,2018-03-23,0,niteroi,RJ,128.89,15.65,1.0,1.0,584.0,16.0,11.0,13.0,2288.0
98a2198fe7cdc41447b479d9220f0371,03952dd46963b39ab13db3f9ab54bfd0,2017-06-02 14:48:34,2017-06-02 15:02:41,2017-07-07,0,belem,PA,373.4,44.64,1.0,1.0,483.0,24.0,17.0,23.0,9384.0
68520da728cf03bfb3ac593e7a6eedb0,b34544e3ef5dfc535cb0ce5eb57f3ffd,2018-02-10 21:58:33,2018-02-10 22:10:28,2018-03-06,0,itaporanga,SP,129.9,17.62,1.0,1.0,4800.0,55.0,20.0,20.0,22000.0
798e8ae05dcd7821a15f79ae8e6503fd,7ffa51ecfefb0fd06f8d129402ff5df7,2017-11-17 19:49:47,2017-11-17 21:06:20,2017-12-11,0,braco do norte,SC,165.9,31.91,1.0,1.0,8975.0,60.0,48.0,17.0,48960.0
0ca768c507d1fc3c61bd950bb1c5231a,b3fb50a69d9de3ee23504d2cd66da13f,2016-10-10 15:20:14,2016-10-10 16:02:25,2016-12-06,0,londrina,PR,94.99,17.53,1.0,1.0,1500.0,20.0,34.0,36.0,24480.0
bf858b59c72c1d556a32320bf0c7a42f,ece728a082ecf5aeeb2e5f295daf545c,2017-10-14 06:59:30,2017-10-14 07:14:17,2017-11-08,0,recife,PE,199.0,26.42,1.0,1.0,400.0,16.0,11.0,12.0,2112.0
405a30197dbb4ed83804a680c2bbae9b,15f4d0b2acbd4c1deb4d62a8111fc846,2017-08-09 22:34:04,2017-08-11 04:15:27,2017-08-22,0,jundiai,SP,89.99,7.88,1.0,1.0,150.0,20.0,3.0,18.0,1080.0
7c6985797df04a52bd0d0b4b2b2bfb61,94ce0fbd0c2896e7d91f4c10a82a65bd,2017-12-01 22:07:21,2017-12-01 22:15:18,2018-01-03,0,sao paulo,SP,129.9,16.67,1.0,1.0,304.0,20.0,15.0,15.0,4500.0
879c7f0d19d8c74f03005b40ba422b8f,00f539ee95c97870a2a4f261a2d96ba4,2018-03-27 22:38:33,2018-03-27 22:50:11,2018-04-18,0,sao pedro dos ferros,MG,169.9,19.07,1.0,1.0,200.0,16.0,6.0,11.0,1056.0
c2251dd482d3d185a7339f603c2de21b,ed4976f12ee52ce5ae8a150b4c74eb81,2017-09-13 15:04:22,2017-09-14 15:04:55,2017-10-11,0,sao paulo,SP,55.9,46.92,1.0,1.0,1750.0,20.0,16.0,30.0,9600.0
3d9a71340ea2b14362b1a69f08252e45,3bbc87d35ec2db3f1ac09c6c55ce4d15,2017-06-15 10:15:14,2017-06-15 10:30:11,2017-07-21,0,palmas,TO,118.0,35.38,1.0,1.0,300.0,18.0,6.0,11.0,1188.0
07d60a76803db63f0ca6708011e8cf9b,58f28288856f391fd920e892adde9393,2018-04-13 13:45:45,2018-04-13 13:55:14,2018-05-03,0,contagem,MG,168.8,16.06,1.0,1.0,127.0,18.0,10.0,14.0,2520.0
9e607cec8bd33ad2250970a82dc17011,894680d04196842f885d856fa217e281,2018-04-06 17:29:04,2018-04-06 17:51:22,2018-05-11,0,belem,PA,122.99,19.55,1.0,1.0,400.0,20.0,12.0,15.0,3600.0
1124c329070977fbd414f046bba149d7,b70f8552b91ef49129519206966e2472,2017-12-01 22:37:41,2017-12-01 22:52:47,2018-01-02,0,praia grande,SP,50.0,15.1,1.0,1.0,550.0,20.0,27.0,11.0,5940.0
4b4a6837149161d336cba6c3816f376e,67e458f934b8c189096941e98a64615d,2017-03-02 10:19:51,2017-03-02 10:30:12,2017-03-23,1,sao paulo,SP,109.9,13.35,1.0,1.0,835.0,40.0,9.0,33.0,11880.0
a187e99908d89f2f863baf8785025570,2a3624bf4c3135d19877f48d340c8613,2017-05-29 11:32:28,2017-05-29 11:42:20,2017-06-09,0,sao jose dos campos,SP,39.9,7.78,1.0,1.0,140.0,20.0,6.0,14.0,1680.0
544f1209f5b62ca44fb6d358041bca5b,e667dbd980c020783d2b3d6a2bc0e945,2018-04-10 09:15:08,2018-04-10 09:30:36,2018-04-25,0,sao paulo,SP,53.99,8.29,1.0,1.0,650.0,16.0,10.0,11.0,1760.0
4f971c4ebb15cc7cc89db8cf3acd2b33,f97aca2b8c62877d486e8afccaac5898,2018-04-09 23:34:35,2018-04-10 00:49:39,2018-05-04,0,varginha,MG,139.8,49.42,1.0,1.0,2600.0,50.0,10.0,30.0,15000.0
086d49a75db554056a171c0c706a7e18,a82b9b34045d89be1440c237620e3261,2017-11-06 15:04:33,2017-11-08 03:46:07,2017-11-23,0,sao paulo,SP,149.94,25.56,1.0,1.0,12160.0,56.0,51.0,28.0,79968.0
84de8dbb17d48ddbcc15987307c5ae56,3cde50513c06747ac11d313adc3e18dd,2018-01-06 20:19:04,2018-01-06 20:31:27,2018-01-24,0,sao paulo,SP,219.78,20.35,2.0,1.0,193.5,18.0,10.5,13.5,2551.5
4c8ea2a4ee7b1d91b837360ccb23fe89,26d53bf7a3a1b1ec564377e78dec1916,2018-01-04 16:30:43,2018-01-04 16:47:50,2018-02-05,0,gaspar,SC,193.0,15.08,1.0,1.0,1100.0,34.0,11.0,25.0,9350.0
2932a008b292b9b8eafc415b46f0f3b0,3a736406a4d0c12b3b248f4af6dba673,2017-05-08 20:21:05,2017-05-10 02:42:18,2017-06-01,0,curitiba,PR,39.9,15.1,1.0,1.0,264.0,17.0,14.0,16.0,3808.0
bde0741a772655fa11714bd0c359fc69,793dd5010d9cfa31aa91d5b8a34f57f2,2018-02-12 12:49:47,2018-02-12 13:08:12,2018-02-26,0,sao paulo,SP,109.9,11.97,1.0,1.0,650.0,40.0,20.0,20.0,16000.0
053abf362c2b73b283a3bd5a814320ac,2d44f70281161cbf9bb10e22dfa63fb3,2018-03-28 07:43:11,2018-03-28 08:15:16,2018-04-24,0,sao paulo,SP,89.9,7.97,1.0,1.0,150.0,27.0,13.0,17.0,5967.0
441596a9fde121f33c360d9c9ecae437,371af652a9491f3a5bc4c8a79c7c6327,2018-03-19 17:56:17,2018-03-19 18:15:45,2018-04-11,1,salvador,BA,47.6,44.12,2.0,1.0,325.0,16.0,2.0,15.5,496.0
bd5ca78c172780ac8248ce1c4df1150b,5bcdc05f48d3a5a88df17d3a90854122,2018-02-04 22:27:05,2018-02-04 22:35:39,2018-03-02,0,guarulhos,SP,149.9,14.8,1.0,1.0,3050.0,82.0,15.0,22.0,27060.0
44bf13cf98a0e117856628ee258cd58c,b76f6b4b7545d1a23bfc4caece1d6ddc,2018-02-16 11:06:46,2018-02-20 12:10:39,2018-03-09,0,jacarei,SP,95.0,28.05,1.0,1.0,3550.0,62.0,27.0,17.0,28458.0
393a6c33172f80f95ddcb31d61f6368f,1969cdc47033bdbeaf28db2ee4767fb4,2018-03-06 14:07:38,2018-03-06 14:15:37,2018-03-16,0,sao paulo,SP,116.9,9.71,1.0,1.0,550.0,16.0,20.0,15.0,4800.0
c526aa9189a06bf511e79dbc0e0e70b9,2d5961372f483e6ca5478477d3289a14,2017-09-02 21:35:32,2017-09-04 08:05:45,2017-09-26,0,afonso claudio,ES,24.99,15.1,1.0,1.0,100.0,21.0,8.0,14.0,2352.0
fc7e3c066f67dcf0954cd79e8b52a7df,debb9c0b178e9096f08c8609c81e2924,2017-08-16 20:28:40,2017-08-16 22:04:41,2017-09-12,0,marechal candido rondon,PR,199.4,34.28,1.0,1.0,400.0,22.0,18.0,12.0,4752.0
1a2dfbf5bcc5c3587728996088ba03f2,71516655cab6b35276d5f09442ea4ed0,2018-02-15 11:15:47,2018-02-15 11:30:40,2018-03-01,0,sao caetano do sul,SP,29.9,8.11,1.0,1.0,250.0,16.0,5.0,15.0,1200.0
13d45a0fb42d1b8691a1824859519e4e,63ac9058c1f1f1ec7f174e8d80d36ae9,2017-09-22 11:08:46,2017-09-26 04:07:17,2017-10-19,0,unai,MG,99.9,17.95,1.0,1.0,840.0,33.0,13.0,26.0,11154.0
63d38b040204b98309d72e69123de250,5f76c3d42d2be19133cbeb10a8dc9c30,2018-03-16 11:28:39,2018-03-17 02:45:36,2018-04-11,1,guaiba,RS,12.65,15.23,1.0,1.0,150.0,25.0,7.0,16.0,2800.0
02dade411839b1c334363dc9058e1124,95aa1acd3c367fcf72a56d106afc9838,2017-09-18 18:43:37,2017-09-19 18:50:13,2017-10-04,0,sao paulo,SP,218.36,13.03,1.0,1.0,383.0,19.0,20.0,17.0,6460.0
d524fb303d286d2ce7dfcdd08dc9cfae,b29713ad67d81fee47dc6ac4d5692c68,2018-01-30 17:52:28,2018-01-31 13:32:05,2018-02-15,0,santos,SP,99.99,11.9,1.0,1.0,4475.0,44.0,24.0,31.0,32736.0
6bdf9b89e5c81ead45dbc0a260dfbf13,2c4bf1b6bbd370f8ce5380fd47458fd6,2017-09-20 13:05:16,2017-09-20 13:25:47,2017-10-05,0,vinhedo,SP,89.99,10.04,1.0,1.0,900.0,20.0,20.0,20.0,8000.0
5c9d1c87014d033ba9f70a7fb96ba7e5,4f0aabc56eb3f3cfa1eb12bd4de97110,2017-02-09 18:39:50,2017-02-09 18:50:12,2017-03-08,0,sao paulo,SP,99.0,11.57,1.0,1.0,1600.0,24.0,27.0,39.0,25272.0
d6a4e0f6f17d5eda710c204339ec6e51,79cfb6b5779aa070da07c2e5cafb7bee,2017-07-12 17:21:23,2017-07-12 17:35:10,2017-08-17,0,garanhuns,PE,36.8,28.75,1.0,1.0,1500.0,50.0,30.0,33.0,49500.0
1e9a53e194e98b64434abc52aeedae1e,a7565b77bb0f0894d7e42dc03ea3f850,2017-02-06 08:50:31,2017-02-06 09:02:08,2017-03-07,0,rio de janeiro,RJ,149.9,19.33,1.0,1.0,1350.0,40.0,6.0,30.0,7200.0
a6684913599fe52e243ed5d52a2ab57b,7f9e38df3bdcc0a32b5b330288cf7b6d,2017-03-28 17:03:51,2017-03-28 17:15:37,2017-04-24,0,entre rios de minas,MG,149.0,21.36,1.0,1.0,1950.0,36.0,5.0,23.0,4140.0
e121d5d3ae614bc7cbd5eddba13b16fc,c7c0ba6613929d7d0a82ef70a992a184,2017-02-06 06:40:56,2017-02-06 06:55:07,2017-03-03,0,cravinhos,SP,104.9,14.9,1.0,1.0,400.0,35.0,7.0,12.0,2940.0
7ff63764a6de6e9a5fde1c76cf5650a7,f0db968ca669b9bd241c27a383092d9b,2017-06-12 09:07:29,2017-06-13 03:55:22,2017-07-13,1,santo cristo,RS,99.99,27.24,1.0,1.0,1300.0,20.0,15.0,20.0,6000.0
7d1996e6e2897f39ad7ab248767d66ea,667c0f68dff62a45f0be6fe6e944ae7d,2017-08-17 17:38:34,2017-08-17 18:44:39,2017-08-30,0,sao paulo,SP,110.0,8.96,1.0,1.0,300.0,20.0,15.0,15.0,4500.0
0ead7996f8952fba09e18bed9872414e,1070bdeb30f438c677f47d05bb084550,2017-04-18 17:12:17,2017-04-20 02:50:33,2017-05-12,0,bage,RS,69.9,17.33,1.0,1.0,950.0,45.0,15.0,35.0,23625.0
3657d83f0ccdda70b89b5ae9e6fdb07c,25c6b9cdce83cd1359c01f00b9b239be,2018-03-04 01:48:54,2018-03-06 03:35:43,2018-03-28,1,paracambi,RJ,72.9,18.08,1.0,1.0,625.0,17.0,17.0,17.0,4913.0
e87af6f598445282ba3662fc3cc5c3dc,0a22d8d52773816e0f996063699667e2,2017-11-22 20:32:00,2017-11-22 20:46:20,2017-12-21,0,cajobi,SP,105.0,25.57,1.0,1.0,2800.0,40.0,15.0,40.0,24000.0
ffc1be2cfc663c95a4663eae09796e19,d91334c0843c16865902f1eb2356811e,2017-11-24 21:23:08,2017-11-25 00:22:09,2017-12-21,0,sao sebastiao,SP,79.9,16.32,1.0,1.0,900.0,32.0,24.0,11.0,8448.0
f64e25d4978b16757ebf945e3e00b85e,48bad7bb9763159799f5067cbd3dfffb,2017-10-01 23:39:26,2017-10-03 04:05:11,2017-10-26,0,rio de janeiro,RJ,70.9,14.25,1.0,1.0,250.0,16.0,4.0,20.0,1280.0
911a1257a699f1b61ec55aa88eace3bd,295b66076a7255133bdc1adbb056162e,2017-12-02 03:45:01,2017-12-02 03:58:26,2018-01-05,0,porto alegre,RS,52.3,16.13,1.0,1.0,750.0,100.0,5.0,20.0,10000.0
6a9325a3dbac8069159db1f701f548d1,74d5d9bcc8e0bcc424974010327b7376,2018-03-28 15:07:06,2018-03-28 15:15:25,2018-04-23,0,sapiranga,RS,209.0,93.41,1.0,1.0,22600.0,93.0,81.0,18.0,135594.0
3510e9faecde23ba10f1b649d329b22e,ac428239d66ecbb6daff6de83569f7bb,2017-04-19 17:32:50,2017-04-19 17:42:26,2017-05-09,0,rio claro,SP,29.99,10.96,1.0,1.0,100.0,19.0,3.0,11.0,627.0
442617a720896f8cbecf93ba2f11cb77,3904ae5c54ba03760cdce20cf5f6b9f5,2017-11-24 17:02:46,2017-11-24 20:36:04,2017-12-15,0,duque de caxias,RJ,28.9,14.1,1.0,1.0,125.0,19.0,4.0,11.0,836.0
904c018f707a0589da06a1c53e970492,df3450e94b312b2a7ef8517bd09a52f2,2017-06-13 10:17:04,2017-06-13 10:30:15,2017-07-10,0,brasilia,DF,139.8,41.96,1.0,1.0,2500.0,20.0,11.0,11.0,2420.0
d9e223f2fca6aee33e9374cd57b8d220,e4d3e69638cf6d6f16d90b5fa69e5021,2018-03-24 14:24:28,2018-03-24 14:48:09,2018-04-12,0,sao jose do rio preto,SP,69.9,16.18,1.0,1.0,2600.0,50.0,10.0,30.0,15000.0
8b75cb6fd9531cacf7f2cb7dadf7467b,1a663679384785e911792fb4a86d61c4,2018-02-20 18:35:00,2018-02-20 18:50:24,2018-03-19,0,balneario camboriu,SC,140.0,15.73,1.0,1.0,250.0,20.0,14.0,14.0,3920.0
dd45d98300be58b78e0294efbe19d1d0,180831157f2fd84ffe435ec095d55ce3,2018-01-17 07:52:32,2018-01-17 08:11:19,2018-02-20,0,porto alegre,RS,75.5,16.78,1.0,1.0,1475.0,38.0,11.0,30.0,12540.0
d01c0baa4630bdd8a5d0266931837209,5be96cc643f055c5ec688661898ff816,2017-01-27 13:32:58,2017-01-27 14:31:48,2017-03-14,0,guaruja,SP,179.49,18.0,2.0,2.0,3333.5,44.0,12.5,33.5,18425.0
817f6bab5398dc6c74b74ac820418d16,4764d14d044d8a476a85262a3bd65273,2018-03-17 18:18:01,2018-03-17 18:31:46,2018-04-09,0,curitiba,PR,250.0,54.55,1.0,1.0,12000.0,45.0,35.0,45.0,70875.0
5a81cdb2dca863c852fc8e4f82f38f2e,9ac96fa3c882ac81d2517a22ea506225,2017-03-25 19:58:04,2017-03-25 20:10:17,2017-05-03,0,colombo,PR,179.96,33.54,1.0,1.0,18225.0,38.0,54.0,38.0,77976.0
69c49491c1300f416d32e8bedc9f8907,1223d05f13c9da072919d40915747b8d,2017-10-26 10:35:27,2017-10-26 10:49:24,2017-11-08,0,sao paulo,SP,,,,,,,,,
56f324c9f0ec2e68082d34b849622244,c2a147742844075d9ecd7f1b17964a3c,2018-03-22 10:01:52,2018-03-23 02:07:37,2018-04-10,0,itapecerica da serra,SP,57.0,15.28,1.0,1.0,600.0,25.0,12.0,28.0,8400.0
1acffcfbb35247b9d15611ce0fe50460,b2e7d5661a4268a50ae70d5c044c5ff7,2018-02-25 09:24:05,2018-02-27 03:31:04,2018-03-23,0,guarapari,ES,47.9,18.89,1.0,1.0,650.0,20.0,8.0,14.0,2240.0
ed6caf9b63bf2103757e2d3bcacc7fc8,df9f289fce3b2a96f6431807fbf632bb,2017-10-05 18:45:37,2017-10-05 18:56:15,2017-11-08,0,guaiba,RS,119.8,27.16,1.0,1.0,4250.0,20.0,20.0,20.0,8000.0
24bbec3490c63fb110f13f2c47a5b559,92b93355d2f02a8f871ea3b01fea701b,2018-03-02 10:29:33,2018-03-06 03:49:04,2018-03-14,0,sao bernardo do campo,SP,29.0,9.27,1.0,1.0,233.0,22.0,16.0,14.0,4928.0
dc1b86dca769213b0db63c4922bd6a73,36a092d8dd0744a1785253a886b8383a,2017-07-17 21:13:47,2017-07-17 21:30:24,2017-08-11,0,presidente epitacio,SP,79.8,25.38,2.0,1.0,825.0,37.5,10.0,27.5,10312.5
e5a8151b77b30febb4c0aec6a2f015b9,bc0268fa49c936b8257b4deed2ddf341,2017-11-02 21:17:47,2017-11-02 21:30:26,2017-11-23,0,rio de janeiro,RJ,99.99,16.95,1.0,1.0,4475.0,44.0,24.0,31.0,32736.0
8b0357c1bad60045f29531041ed96942,8ff85decf36580a14779815ea2116a91,2017-05-17 22:24:58,2017-05-17 22:35:16,2017-06-26,0,salvador,BA,85.99,16.04,1.0,1.0,4850.0,30.0,30.0,30.0,27000.0
dfc1b4e359ebb9f33946b6301b1d8ba1,54ece387a84149502ff004cc7ea25f60,2018-03-05 06:37:22,2018-03-07 02:49:04,2018-03-26,0,sao paulo,SP,64.9,15.21,1.0,1.0,700.0,16.0,16.0,16.0,4096.0
c6af04c6a72b5d587a620ad29c41dcad,b8413f7f4483d2539434ada199471a33,2017-10-27 09:51:37,2017-10-31 03:50:20,2017-11-16,1,santa cruz do sul,RS,1653.0,61.019999999999996,1.0,1.0,2133.0,26.0,24.0,22.0,13728.0
d20ff68be39696c887cfee476a5ff0be,87059f8d2fa7f4192b53feeac51fce40,2017-07-22 13:05:51,2017-07-22 13:23:02,2017-08-15,0,monte alegre de minas,MG,69.9,15.24,1.0,1.0,600.0,30.0,25.0,20.0,15000.0
885a241064b41183a985510330cd9aae,1d6509f7241d41656e3dd4b9980a3a0f,2017-06-23 12:41:07,2017-06-23 12:55:31,2017-07-13,0,sao paulo,SP,199.0,13.73,1.0,1.0,900.0,16.0,7.0,11.0,1232.0
cbd6f379c5785a99687a2e00ae57b270,bf023a02122790d649963e72170ee2e1,2017-10-05 19:31:42,2017-10-05 19:46:10,2017-11-01,0,rio de janeiro,RJ,120.0,18.09,1.0,1.0,5850.0,60.0,20.0,29.0,34800.0
ffaabba06c9d293a3c614e0515ddbabc,27f334c3f646310457b7ab3135cd87c9,2017-11-23 14:43:38,2017-11-25 03:51:54,2017-12-21,0,brasilia,DF,119.0,34.63,1.0,1.0,400.0,17.0,9.0,12.0,1836.0
dad151e92378667093156fc66f981742,5d86fbca7c39699079b3d456e7040af5,2017-04-21 20:05:40,2017-04-21 20:15:08,2017-05-24,0,palmeira dos indios,AL,218.0,23.46,1.0,1.0,1400.0,29.0,26.0,25.0,18850.0
ad75a75804c52a803e00d71216cf46b6,13ff24cdf0f2387256f8f193b6e1bdaf,2017-06-01 23:10:52,2017-06-03 02:10:20,2017-06-22,0,ourinhos,SP,89.9,24.94,1.0,1.0,16100.0,35.0,65.0,44.0,100100.0
e2fbbd87fea5a8b236b00e5b274b143d,f84a84e29c14ad446d76a1efbd7d6464,2017-12-03 23:51:12,2017-12-04 00:50:07,2018-01-10,0,rio de janeiro,RJ,196.99,59.93,1.0,1.0,16800.0,63.0,58.0,24.0,87696.0
e7374ec864786dbea6a5478d93332e1b,ba3e8c7215f0c4648bf0811d2cc50472,2017-08-19 22:11:32,2017-08-19 22:30:06,2017-09-12,0,sao paulo,SP,177.99,16.88,1.0,1.0,2700.0,42.0,16.0,36.0,24192.0
a8af9679f12573cf207aed249bdabd09,9690ae359573ddb7eb6ccb02ba8ec568,2018-01-06 15:10:44,2018-01-09 07:22:21,2018-01-24,0,sao jose dos campos,SP,35.9,7.78,1.0,1.0,375.0,17.0,12.0,17.0,3468.0
7eb3e26f4add684a86cb34bf2a0fac59,ea8027eeeadff54d4f337b68f39cb69e,2017-09-11 10:20:21,2017-09-11 15:10:20,2017-10-02,0,mar de espanha,MG,34.9,15.1,1.0,1.0,500.0,16.0,5.0,15.0,1200.0
47aa694d87f6ae4995bd02d6e8d9132d,0e9d153de61896911c7d236b8a6c1886,2018-03-28 23:04:56,2018-03-28 23:15:12,2018-04-10,0,santo andre,SP,24.9,8.29,1.0,1.0,333.0,29.0,6.0,17.0,2958.0
f3da221e0d9a3dc9fc69c38ebc04e196,f4c3935dfb85c4e7bcfd3b13ca483e87,2018-02-24 20:27:49,2018-02-25 18:35:29,2018-03-16,0,aracatuba,SP,22.99,11.85,1.0,1.0,500.0,19.0,9.0,16.0,2736.0
03286323ba721edf10e38e1abeb159be,fac3ea363fc5621bc4b66c92de5e94f0,2018-03-07 19:30:53,2018-03-07 19:49:27,2018-03-23,0,aracatuba,SP,230.0,18.52,1.0,1.0,7350.0,30.0,35.0,30.0,31500.0
