product_id,month,units_sold,average_price,previous_sales,rolling_sales_3_month,product_category_name,product_weight_g,month_date
001b72dfd63e9833e8c02742adf472e3,2017-09-01,1,34.99,,,moveis_decoracao,600.0,2017-09-01
002ec297b1b00fb9dde7ee6ac24b6771,2018-04-01,1,16.0,,,utilidades_domesticas,150.0,2018-04-01
005030ef108f58b46b78116f754d8d38,2017-11-01,1,13.99,,,perfumaria,50.0,2017-11-01
005030ef108f58b46b78116f754d8d38,2018-02-01,2,13.99,1.0,1.0,perfumaria,50.0,2018-02-01
007c63ae4b346920756b5adcad8095de,2017-03-01,1,72.99,,1.0,utilidades_domesticas,2800.0,2017-03-01
008cff0e5792219fae03e570f980b330,2018-02-01,1,149.9,,1.0,esporte_lazer,1550.0,2018-02-01
009af1277432f1a05742df69cdf72d1e,2017-08-01,1,59.9,,,brinquedos,700.0,2017-08-01
00baba5b58e274d0332a0c8a0a66f877,2017-06-01,1,47.9,,,perfumaria,200.0,2017-06-01
00baba5b58e274d0332a0c8a0a66f877,2017-08-01,1,47.9,1.0,1.0,perfumaria,200.0,2017-08-01
00baba5b58e274d0332a0c8a0a66f877,2018-02-01,1,47.9,1.0,1.0,perfumaria,200.0,2018-02-01
00be617b58175bf207fd35910d5097a4,2017-08-01,1,48.9,,1.0,cama_mesa_banho,900.0,2017-08-01
00d2add85b1f5aba6bb3d5d977314e25,2017-10-01,1,346.32,,1.0,casa_construcao,9050.0,2017-10-01
00de7f393d962717eeeb2d7131a40dba,2017-10-01,1,97.9,,,telefonia,300.0,2017-10-01
00de7f393d962717eeeb2d7131a40dba,2017-12-01,1,129.9,1.0,1.0,telefonia,300.0,2017-12-01
00e2784f846618842151d40ec730ece0,2017-06-01,1,109.9,,1.0,moveis_decoracao,800.0,2017-06-01
00e32638060f6356e6f00749dc466b5c,2017-11-01,1,99.0,,1.0,esporte_lazer,7050.0,2017-11-01
00e32638060f6356e6f00749dc466b5c,2018-02-01,1,99.0,1.0,1.0,esporte_lazer,7050.0,2018-02-01
00f179926ae5965cd6ff548d765d8a61,2017-05-01,1,15.9,,1.0,informatica_acessorios,133.0,2017-05-01
0105b5323d24fc655f73052694dbbb3a,2017-06-01,1,129.99,,1.0,pc_gamer,2839.0,2017-06-01
01078a94cb29913dfda1a962fd4e3400,2017-12-01,1,79.9,,,brinquedos,268.0,2017-12-01
01084e8138d03dc691daa19aa6c12471,2018-02-01,2,44.9,,,moveis_decoracao,1390.0,2018-02-01
0110573bc9195aa810a4384f189f48f5,2017-09-01,1,119.99,,,moveis_decoracao,3900.0,2017-09-01
0110573bc9195aa810a4384f189f48f5,2017-11-01,1,119.99,1.0,1.0,moveis_decoracao,3900.0,2017-11-01
0111ab6fb41da433e0f17d3f4ec2c8f5,2017-11-01,1,35.0,,1.0,brinquedos,500.0,2017-11-01
011ae9863bd5b15e528a16dd8ceb4772,2018-03-01,1,749.9,,1.0,brinquedos,1575.0,2018-03-01
0129d1e9b29d3fe6833cc922374cd252,2018-03-01,1,7.78,,,consoles_games,100.0,2018-03-01
0152f69b6cf919bcdaf117aa8c43e5a2,2017-03-01,3,13.9,,,cama_mesa_banho,250.0,2017-03-01
0152f69b6cf919bcdaf117aa8c43e5a2,2018-01-01,1,13.9,3.0,3.0,cama_mesa_banho,250.0,2018-01-01
0168e1b28d8e55a515928cf656eff0a4,2017-12-01,1,39.9,,3.0,automotivo,950.0,2017-12-01
017692475c1c954ff597feda05131d73,2017-12-01,1,16.9,,3.0,perfumaria,50.0,2017-12-01
017692475c1c954ff597feda05131d73,2018-02-01,4,13.99,1.0,1.0,perfumaria,50.0,2018-02-01
0185f302dc17abf603edfe7929a0120a,2017-08-01,1,59.9,,1.0,automotivo,10600.0,2017-08-01
01b864cf36d60d972e2e29d8c5084d64,2017-05-01,1,139.99,,1.0,cama_mesa_banho,2400.0,2017-05-01
01c9a70868bec5b748c67fcc26ce5895,2017-12-01,1,99.9,,,brinquedos,750.0,2017-12-01
01f2d77d8a63937c77c7128ce4bd2ada,2018-03-01,1,89.9,,,automotivo,650.0,2018-03-01
02034d6c9c4814a08a3a0f5a6ad84332,2017-04-01,1,269.0,,,informatica_acessorios,200.0,2017-04-01
02044dc95cf33aaf55e03bde1b042539,2017-12-01,1,45.99,,,informatica_acessorios,150.0,2017-12-01
021426c19c264227de3c34e3f5e2f4ee,2017-12-01,1,104.0,,,pet_shop,1750.0,2017-12-01
02293621a345f7cddda16c5d9c7990e4,2018-03-01,1,21.99,,,telefonia,217.0,2018-03-01
02357c69f595e004b50ba115b3f88d63,2018-03-01,1,250.0,,,cool_stuff,4000.0,2018-03-01
025249b91a565601dc1b8f47ee7a230e,2017-02-01,1,239.0,,,relogios_presentes,500.0,2017-02-01
0254a096e569c4a89b6870e9d4a65c3c,2018-03-01,1,57.0,,,papelaria,600.0,2018-03-01
025dcf8f0a969c92d254bc425b380685,2017-12-01,1,17.5,,,automotivo,150.0,2017-12-01
027bb42a4ef22da4c7a80ecf9c60ba0c,2017-03-01,1,67.9,,,telefonia,300.0,2017-03-01
027cdd14a677a5834bc67a9789db5021,2016-10-01,1,89.9,,,perfumaria,341.0,2016-10-01
027cdd14a677a5834bc67a9789db5021,2017-02-01,1,99.9,1.0,1.0,perfumaria,341.0,2017-02-01
02cd69fa0c8bfb37ca444168927c1e85,2018-02-01,1,22.0,,1.0,automotivo,750.0,2018-02-01
02ce467092b184e71d3967d29110adc1,2017-05-01,1,179.96,,1.0,moveis_escritorio,12275.0,2017-05-01
02d48451331287e2bf12560d032d57a6,2017-05-01,1,79.0,,,eletronicos,150.0,2017-05-01
02f5620577c231921c3b01678005d2ba,2017-12-01,1,120.0,,,papelaria,500.0,2017-12-01
02fb2d61da1247bf732360ea76b16240,2017-10-01,1,109.9,,,malas_acessorios,850.0,2017-10-01
02fbee632a2044d48ab16d57eec4db58,2018-02-01,1,86.9,,,cama_mesa_banho,1017.0,2018-02-01
033ccb3016d3b24bc724629b8df41f94,2017-02-01,1,44.9,,,esporte_lazer,400.0,2017-02-01
0364c36f8e845e4d309c0a3accc04b1c,2017-12-01,1,196.99,,,moveis_escritorio,16800.0,2017-12-01
036734b5a58d5d4f46b0616ddc047ced,2018-03-01,1,44.99,,,telefonia,300.0,2018-03-01
03b29ca1beec2e03e15a3b980c1505ed,2017-09-01,1,39.9,,,perfumaria,100.0,2017-09-01
03b29ca1beec2e03e15a3b980c1505ed,2017-10-01,1,39.9,1.0,1.0,perfumaria,100.0,2017-10-01
03b58043df5d7424df7eac2be2511c51,2017-10-01,1,48.9,,1.0,cool_stuff,1650.0,2017-10-01
03c526c6224e8b74620b3b1ff4d0f3ad,2017-09-01,1,196.36,,1.0,moveis_decoracao,3400.0,2017-09-01
03d19e503abb1698d26d630c0017b11e,2017-10-01,2,299.98,,,automotivo,14100.0,2017-10-01
03e4e6709b7d6415746769c0bc3e9131,2018-02-01,1,59.9,,,brinquedos,3890.0,2018-02-01
03e931f387c2dd5b006aecdb12515b2e,2018-02-01,1,53.0,,,cama_mesa_banho,650.0,2018-02-01
03e931f387c2dd5b006aecdb12515b2e,2018-03-01,2,53.0,1.0,1.0,cama_mesa_banho,650.0,2018-03-01
03fbf722447bf7fb4a99aff40b8ede7a,2017-10-01,1,525.0,,1.0,instrumentos_musicais,7550.0,2017-10-01
04120fb9b3f90600e5ae1f2a2cde53e3,2018-01-01,1,169.0,,1.0,relogios_presentes,500.0,2018-01-01
0419e76e19f81672eb13b6a8bd19a5cb,2017-07-01,1,159.98,,,moveis_escritorio,14600.0,2017-07-01
0432203d03868bfe5fdbb86fb2148474,2017-08-01,1,185.0,,,bebes,7003.0,2017-08-01
044f05bc9de36e8a693a83e4bc79dd0d,2018-02-01,1,24.99,,,telefonia,300.0,2018-02-01
045da764883d50dc071cc70c81226cbc,2017-11-01,1,314.9,,,relogios_presentes,213.0,2017-11-01
0496a7015a17628712e8720db133092b,2018-03-01,1,104.49,,,papelaria,1075.0,2018-03-01
04a67e69edfb208f784da30294f69c5b,2017-05-01,1,182.0,,,esporte_lazer,1350.0,2017-05-01
04af9f3af5c6afc4eece909c25330934,2017-09-01,1,129.0,,,relogios_presentes,200.0,2017-09-01
04be6baed9b1c67197a4b2dd2f5b637c,2017-11-01,3,89.90000000000002,,,moveis_decoracao,1500.0,2017-11-01
04c48a5fe31aedc4ef3896c005fd483c,2017-02-01,1,309.9,,,perfumaria,449.0,2017-02-01
04c4a4b9c924494fcf82e0fba966f955,2017-06-01,1,26.69,,,relogios_presentes,567.0,2017-06-01
04dc26a02c448f6f2b914f01c2902ebd,2017-02-01,1,343.4,,,consoles_games,483.0,2017-02-01
04dc26a02c448f6f2b914f01c2902ebd,2017-06-01,1,373.4,1.0,1.0,consoles_games,483.0,2017-06-01
04ea63ab87df726ebf45c0982dd90a1f,2017-09-01,1,52.99,,1.0,bebes,450.0,2017-09-01
04ea63ab87df726ebf45c0982dd90a1f,2017-11-01,1,52.99,1.0,1.0,bebes,450.0,2017-11-01
0502d1a36be75bd36b452f31c6ed264a,2017-12-01,1,69.77,,1.0,unknown,100.0,2017-12-01
0502d1a36be75bd36b452f31c6ed264a,2018-01-01,2,69.77,1.0,1.0,unknown,100.0,2018-01-01
055019def765ce08da9fac0585e927c3,2018-01-01,1,54.0,,1.0,bebes,300.0,2018-01-01
0561435e3af107a3bd2104466ad5985a,2017-01-01,1,34.9,,1.0,cama_mesa_banho,900.0,2017-01-01
056193fc88b3f131fae751356896b168,2017-04-01,1,129.99,,,utilidades_domesticas,8950.0,2017-04-01
056193fc88b3f131fae751356896b168,2017-06-01,1,129.99,1.0,1.0,utilidades_domesticas,8950.0,2017-06-01
0583170ba3f70162729f40600f8a4abf,2017-11-01,1,125.0,,1.0,beleza_saude,2500.0,2017-11-01
05833dad7f04a1b2991641771bfe6d9f,2017-06-01,1,80.1,,1.0,cool_stuff,600.0,2017-06-01
0587bd8ea43108a16104b1430c15b283,2017-09-01,1,139.0,,,utilidades_domesticas,9950.0,2017-09-01
05af73bb3143cbc5233c1cdff4a767b5,2017-07-01,1,79.9,,,moveis_sala,2700.0,2017-07-01
05b0feccfab2debfdb5744e42bdb6f71,2018-02-01,1,35.0,,,fashion_bolsas_e_acessorios,150.0,2018-02-01
05fa3b5ecdf7f54e97fe25127db0ee7c,2018-01-01,1,181.0,,,esporte_lazer,2000.0,2018-01-01
05fb095572e53e2a567a685765101704,2017-07-01,1,138.9,,,brinquedos,695.0,2017-07-01
060890b1af8cc031e9dde49cf544f884,2018-02-01,1,89.58,,,automotivo,2900.0,2018-02-01
060b5b8d4937e08d87e86d0bf339aaeb,2017-05-01,1,47.99,,,cama_mesa_banho,550.0,2017-05-01
060cb19345d90064d1015407193c233d,2017-03-01,1,147.9,,,automotivo,7150.0,2017-03-01
060cb19345d90064d1015407193c233d,2017-10-01,1,147.9,1.0,1.0,automotivo,7150.0,2017-10-01
060cb19345d90064d1015407193c233d,2017-11-01,1,140.5,1.0,1.0,automotivo,7150.0,2017-11-01
063d853b6d570a9a5d06e8e044658c21,2018-02-01,1,139.0,,1.0,esporte_lazer,900.0,2018-02-01
063d96e7b9190a8da0b8920906578383,2017-11-01,1,199.99,,1.0,moveis_decoracao,18800.0,2017-11-01
0640a217fe729c5b8f61fd475f1fc22c,2018-02-01,1,39.99,,,telefonia,350.0,2018-02-01
0649f548e3fa70d40eb8fd98ecfe6322,2017-10-01,1,19.99,,,telefonia,50.0,2017-10-01
065a46b0be3f31498ebdd3f4c668a6b6,2017-11-01,1,84.0,,,fashion_bolsas_e_acessorios,200.0,2017-11-01
0663a33c86fed5322e603ef430775b7b,2017-07-01,1,48.9,,,papelaria,800.0,2017-07-01
067c68a19be5d218b092cf260bfbd9cb,2018-04-01,1,339.0,,,perfumaria,440.0,2018-04-01
069a004edf898d16c9331bafd6ac7f46,2018-03-01,1,60.0,,,moveis_decoracao,950.0,2018-03-01
06a69e6ca81fc5f8b7b2887f974c6687,2018-03-01,1,110.0,,,esporte_lazer,750.0,2018-03-01
06a83883ffd4aef6c74413f718761d94,2018-03-01,1,57.6,,,automotivo,1050.0,2018-03-01
06abf4be826ed1d548e8a22a3d75d912,2018-01-01,1,599.0,,,beleza_saude,5250.0,2018-01-01
06c6e01186af8b98ee1fc9e01f9471e9,2017-04-01,1,39.9,,,informatica_acessorios,200.0,2017-04-01
06c6e01186af8b98ee1fc9e01f9471e9,2017-06-01,2,39.9,1.0,1.0,informatica_acessorios,200.0,2017-06-01
06c6e01186af8b98ee1fc9e01f9471e9,2017-07-01,1,39.9,2.0,1.5,informatica_acessorios,200.0,2017-07-01
06c6e01186af8b98ee1fc9e01f9471e9,2017-08-01,2,39.9,1.0,1.3333333333333333,informatica_acessorios,200.0,2017-08-01
06c6e01186af8b98ee1fc9e01f9471e9,2017-09-01,1,29.9,2.0,1.6666666666666667,informatica_acessorios,200.0,2017-09-01
06edb72f1e0c64b14c5b79353f7abea3,2017-07-01,1,45.95,,1.5,cama_mesa_banho,350.0,2017-07-01
06edb72f1e0c64b14c5b79353f7abea3,2017-08-01,2,45.95,1.0,1.5,cama_mesa_banho,350.0,2017-08-01
06edb72f1e0c64b14c5b79353f7abea3,2017-11-01,1,39.99,2.0,1.5,cama_mesa_banho,350.0,2017-11-01
06edb72f1e0c64b14c5b79353f7abea3,2018-01-01,3,39.99,1.0,1.3333333333333333,cama_mesa_banho,350.0,2018-01-01
06edb72f1e0c64b14c5b79353f7abea3,2018-03-01,1,39.99,3.0,2.0,cama_mesa_banho,350.0,2018-03-01
06edb72f1e0c64b14c5b79353f7abea3,2018-04-01,1,39.99,1.0,1.6666666666666667,cama_mesa_banho,350.0,2018-04-01
0705b33fb285827a578fce4899f1b921,2017-07-01,2,22.5,,2.0,esporte_lazer,400.0,2017-07-01
071b82cad6de748755bb587ff3feec2e,2017-07-01,1,129.99,,1.0,cool_stuff,4700.0,2017-07-01
0727e18d559a15ca5b2b9f76274d19ec,2018-03-01,1,12.6,,,eletronicos,125.0,2018-03-01
073ed404e3aec5b0a486334c05ee2fe9,2017-10-01,1,399.99,,,relogios_presentes,458.0,2017-10-01
076e36bd0e2aebb35184d08c8e0f032b,2018-02-01,1,33.0,,,utilidades_domesticas,1950.0,2018-02-01
076e4ce53c8914382e7ff3732511b17e,2017-04-01,2,109.99,,,beleza_saude,633.0,2017-04-01
076e4ce53c8914382e7ff3732511b17e,2017-06-01,1,99.99,2.0,2.0,beleza_saude,633.0,2017-06-01
079189201e6c6f0b0f70d118fff53fd5,2018-01-01,1,394.65,,2.0,beleza_saude,450.0,2018-01-01
07a6879526099e7f3483481e5bd60b77,2018-02-01,4,189.9,,2.0,esporte_lazer,3000.0,2018-02-01
07ecfc5bd0d3ca496facedede13afb80,2017-01-01,1,1299.0,,,relogios_presentes,740.0,2017-01-01
080a388eb2bd1051b01f6fc4ca659450,2017-09-01,2,24.99,,,telefonia,100.0,2017-09-01
081088b5ca67de215fa103434690cedc,2017-03-01,1,139.0,,,consoles_games,300.0,2017-03-01
08208bc1d6a06c114cb662f3b2c95e05,2017-08-01,1,8.9,,,construcao_ferramentas_seguranca,400.0,2017-08-01
083ffd30820b592e294de7ed668ff975,2017-11-01,1,45.9,,,informatica_acessorios,300.0,2017-11-01
084461b396a7e044af9229534fa03b51,2017-02-01,1,69.9,,,informatica_acessorios,1200.0,2017-02-01
08574b074924071f4e201e151b152b4e,2017-04-01,1,69.9,,,ferramentas_jardim,9000.0,2017-04-01
08574b074924071f4e201e151b152b4e,2017-05-01,4,96.5,1.0,1.0,ferramentas_jardim,9000.0,2017-05-01
08574b074924071f4e201e151b152b4e,2017-06-01,1,89.0,4.0,2.5,ferramentas_jardim,9000.0,2017-06-01
08574b074924071f4e201e151b152b4e,2017-08-01,1,89.0,1.0,2.0,ferramentas_jardim,9000.0,2017-08-01
08574b074924071f4e201e151b152b4e,2017-10-01,1,99.0,1.0,2.0,ferramentas_jardim,9000.0,2017-10-01
08574b074924071f4e201e151b152b4e,2017-11-01,3,99.0,1.0,1.0,ferramentas_jardim,9000.0,2017-11-01
08574b074924071f4e201e151b152b4e,2018-01-01,1,99.0,3.0,1.6666666666666667,ferramentas_jardim,9000.0,2018-01-01
08574b074924071f4e201e151b152b4e,2018-04-01,1,101.0,1.0,1.6666666666666667,ferramentas_jardim,9000.0,2018-04-01
0858dd15ff82c48e17418361856c094c,2017-08-01,1,22.0,,2.0,papelaria,100.0,2017-08-01
086351823300e0339f6955b27998c186,2018-04-01,2,115.0,,1.0,cama_mesa_banho,3305.0,2018-04-01
086d5564c102e81c6f215639d9d1e09e,2018-02-01,1,33.0,,,construcao_ferramentas_construcao,150.0,2018-02-01
086f97beca2bb06567d542af191fa7a9,2017-11-01,1,29.4,,,unknown,150.0,2017-11-01
08922ac36480e00c6972216735d44693,2017-11-01,1,39.0,,,relogios_presentes,300.0,2017-11-01
08922ac36480e00c6972216735d44693,2018-01-01,1,39.0,1.0,1.0,relogios_presentes,300.0,2018-01-01
089ac5f8835b1cacc1481b4c7cbdb503,2017-08-01,1,109.9,,1.0,cama_mesa_banho,17100.0,2017-08-01
089cc17c8bf2226d13648392e33dabd7,2017-03-01,1,45.0,,1.0,informatica_acessorios,225.0,2017-03-01
08a58dc963320d6073623382b9ceb920,2018-01-01,1,129.0,,,informatica_acessorios,400.0,2018-01-01
08a58dc963320d6073623382b9ceb920,2018-02-01,1,129.0,1.0,1.0,informatica_acessorios,400.0,2018-02-01
08c816d9a716567bf436173ef6f5f12e,2018-02-01,2,19.89,,1.0,eletronicos,150.0,2018-02-01
0900e9b18da6627157a7e47a8ac8fc08,2017-09-01,1,29.0,,1.0,relogios_presentes,200.0,2017-09-01
090481b27cff4d143f62be584cba5ed1,2018-01-01,1,35.9,,,cama_mesa_banho,600.0,2018-01-01
091af6c2d579fe0926b4fcb8db07f78e,2018-01-01,1,79.0,,,esporte_lazer,2350.0,2018-01-01
092efe1dbcc1a4752b17a19fb6de36dc,2017-07-01,1,159.94,,,moveis_escritorio,14925.0,2017-07-01
092efe1dbcc1a4752b17a19fb6de36dc,2018-02-01,1,159.94,1.0,1.0,moveis_escritorio,14925.0,2018-02-01
096b00d9037146606b19d614cd67ab65,2018-02-01,1,139.9,,1.0,beleza_saude,100.0,2018-02-01
096e14458100c2b6d10f72d69f80cf34,2017-05-01,1,279.99,,1.0,brinquedos,2750.0,2017-05-01
096e14458100c2b6d10f72d69f80cf34,2017-08-01,1,269.99,1.0,1.0,brinquedos,2750.0,2017-08-01
097ce3b5d4710b24d4a113b394ef2566,2018-02-01,1,85.9,,1.0,informatica_acessorios,242.0,2018-02-01
0980718a7bdcf89f5848b202b6394965,2016-10-01,1,79.99,,1.0,beleza_saude,2000.0,2016-10-01
0984eaa8480e41aded35bd7b5131a1c1,2017-08-01,1,890.0,,,beleza_saude,30000.0,2017-08-01
0992c6cba95a13bfa68ea7d5e22d478b,2017-08-01,1,355.99,,,ferramentas_jardim,3850.0,2017-08-01
09ff539a621711667c43eba6a3bd8466,2017-01-01,1,1934.0,,,bebes,700.0,2017-01-01
0a17941f41b99d2f070fab54b458a4a4,2017-08-01,1,114.9,,,malas_acessorios,300.0,2017-08-01
0a1c4b9c1ca294b2c85dbe2d4920abe6,2018-03-01,1,58.9,,,papelaria,6250.0,2018-03-01
0a4093a4af429dc0a9334300e5c13ae5,2017-12-01,2,29.9,,,beleza_saude,300.0,2017-12-01
0a4093a4af429dc0a9334300e5c13ae5,2018-04-01,3,29.899999999999995,2.0,2.0,beleza_saude,300.0,2018-04-01
0a41699cb57f40c605d3cfdddd61673b,2017-06-01,1,44.99,,2.0,esporte_lazer,550.0,2017-06-01
0a57f7d2c983bcf8188589a5fea4a8da,2017-09-01,1,117.0,,2.0,relogios_presentes,396.0,2017-09-01
0a57f7d2c983bcf8188589a5fea4a8da,2017-10-01,1,109.9,1.0,1.0,relogios_presentes,396.0,2017-10-01
0a57f7d2c983bcf8188589a5fea4a8da,2017-12-01,3,119.0,1.0,1.0,relogios_presentes,396.0,2017-12-01
0a57f7d2c983bcf8188589a5fea4a8da,2018-01-01,1,129.9,3.0,1.6666666666666667,relogios_presentes,396.0,2018-01-01
0a57f7d2c983bcf8188589a5fea4a8da,2018-02-01,1,109.9,1.0,1.6666666666666667,relogios_presentes,396.0,2018-02-01
0a5a2b08a41a3a61ee984c9445891098,2018-01-01,1,134.9,,2.0,papelaria,1600.0,2018-01-01
0a5a41c678bcf81e041826bb24eb0b01,2018-01-01,1,48.9,,1.0,bebes,750.0,2018-01-01
0a70bfd7366ebae1c146277751691546,2018-01-01,1,24.9,,,consoles_games,200.0,2018-01-01
0a72af236c73afbd2e2a52dfdb14c667,2017-03-01,1,43.9,,,cama_mesa_banho,840.0,2017-03-01
0a74b9407eaec9d6c760a1e92c10d96c,2018-01-01,1,99.99,,,consoles_games,675.0,2018-01-01
0a783d7ce18a37749c3a059cf829564b,2017-12-01,1,150.0,,,beleza_saude,200.0,2017-12-01
0a8b35c2fbc824f7e1015cf330e6cc3c,2017-07-01,1,45.33,,,esporte_lazer,250.0,2017-07-01
0a8b35c2fbc824f7e1015cf330e6cc3c,2018-02-01,1,53.33,1.0,1.0,esporte_lazer,250.0,2018-02-01
0a9bdadab17a9b0f258f64d11a0adf7b,2018-03-01,1,89.98,,1.0,moveis_decoracao,7480.0,2018-03-01
0aabfb375647d9738ad0f7b4ea3653b1,2017-08-01,1,19.9,,1.0,consoles_games,150.0,2017-08-01
0aabfb375647d9738ad0f7b4ea3653b1,2017-09-01,1,19.9,1.0,1.0,consoles_games,150.0,2017-09-01
0aabfb375647d9738ad0f7b4ea3653b1,2017-11-01,3,24.5,1.0,1.0,consoles_games,150.0,2017-11-01
0aabfb375647d9738ad0f7b4ea3653b1,2018-03-01,1,32.5,3.0,1.6666666666666667,consoles_games,150.0,2018-03-01
0ad48bfc4a5619823e2b0f24b3c0b11b,2017-06-01,1,176.21,,2.0,automotivo,1400.0,2017-06-01
0b039b61011417822882815943f13dac,2018-02-01,1,23.7,,3.0,eletronicos,150.0,2018-02-01
0b039b61011417822882815943f13dac,2018-03-01,1,23.7,1.0,1.0,eletronicos,150.0,2018-03-01
0b2c18d8e73e17348a011241525cb089,2017-07-01,1,199.0,,1.0,relogios_presentes,400.0,2017-07-01
0b305b6bc4dbf84489cd367380955d18,2017-09-01,1,90.0,,1.0,esporte_lazer,500.0,2017-09-01
0b3a130c2e54aecf33e3e1955fbeeb00,2018-03-01,1,39.9,,,beleza_saude,650.0,2018-03-01
0b48dc720b9a40d75ce14eda10be0922,2018-01-01,2,139.0,,,moveis_cozinha_area_de_servico_jantar_e_jardim,6950.0,2018-01-01
0b7eae36ce650711b7697a9ced9bacac,2018-02-01,1,19.99,,,eletronicos,249.0,2018-02-01
0b898ec6fedc70029a044c72475aeed4,2017-03-01,1,14.9,,,dvds_blu_ray,200.0,2017-03-01
0ba14c257ad706bacadec65dfdb3b740,2017-10-01,1,15.9,,,unknown,300.0,2017-10-01
0bb7cb61f1957f79dac582ab66ccdc1f,2017-06-01,3,23.899999999999995,,,utilidades_domesticas,553.0,2017-06-01
0bb7cb61f1957f79dac582ab66ccdc1f,2017-08-01,2,23.9,3.0,3.0,utilidades_domesticas,553.0,2017-08-01
0bb987ba9ab94c3db5f831375f9d8a5c,2017-12-01,1,65.9,,3.0,cama_mesa_banho,8800.0,2017-12-01
0bc26e3e8475d1df57c86c60c3304a27,2018-02-01,1,174.9,,3.0,informatica_acessorios,4350.0,2018-02-01
0bcc3eeca39e1064258aa1e932269894,2017-10-01,1,59.9,,,ferramentas_jardim,1800.0,2017-10-01
0bcc3eeca39e1064258aa1e932269894,2017-11-01,1,49.0,1.0,1.0,ferramentas_jardim,1800.0,2017-11-01
0bcc3eeca39e1064258aa1e932269894,2018-01-01,1,49.9,1.0,1.0,ferramentas_jardim,1800.0,2018-01-01
0bcc3eeca39e1064258aa1e932269894,2018-02-01,1,53.9,1.0,1.0,ferramentas_jardim,1800.0,2018-02-01
0bdd9a52d192d64770e33ae559512478,2017-09-01,1,55.0,,1.0,relogios_presentes,250.0,2017-09-01
0be487faac01dd57fd7ed17cfbdf2dee,2017-08-01,1,22.9,,1.0,cama_mesa_banho,300.0,2017-08-01
0bea71972d0b439ab810f57a803344e2,2017-04-01,1,98.99,,,utilidades_domesticas,16800.0,2017-04-01
0c21c38f5c53913ec6ae3884484aac81,2017-02-01,1,28.9,,,beleza_saude,500.0,2017-02-01
0c5193db708519e6b812ac8474898ffa,2018-01-01,2,20.99,,,beleza_saude,363.0,2018-01-01
0c53752695db72c0c10c14f6b89322b9,2017-07-01,1,184.9,,,cama_mesa_banho,2350.0,2017-07-01
0c5bb07e9638a9c1f2616db08eb0318f,2018-01-01,1,200.0,,,consoles_games,200.0,2018-01-01
0c6ebd37c6842a5adbcd801030ec1c29,2018-02-01,1,99.9,,,moveis_decoracao,400.0,2018-02-01
0c6fc9b9317a68d1cda098c063914b72,2017-06-01,1,419.9,,,instrumentos_musicais,3100.0,2017-06-01
0c761b0e33d708e6a3694a94ac4b82c4,2018-02-01,1,149.99,,,beleza_saude,2200.0,2018-02-01
0c79aab7a6a2449f932887fb3c8d0127,2017-02-01,1,58.5,,,automotivo,250.0,2017-02-01
0c859e9bb0591751e168d476ab0bb6e1,2018-03-01,1,120.0,,,moveis_cozinha_area_de_servico_jantar_e_jardim,12950.0,2018-03-01
0c8b6b6e4f9ee5fe2c48d6cee4c69bc8,2017-11-01,3,118.0,,,sinalizacao_e_seguranca,9350.0,2017-11-01
0c9452f6a812935c0615faee8bf8646b,2018-03-01,1,179.99,,,moveis_escritorio,10050.0,2018-03-01
0c9ff9d8ed9b9bdd825487b3a66e05f5,2017-01-01,1,238.9,,,automotivo,7225.0,2017-01-01
0ca31cd8916e06a977f3596faddc6852,2017-11-01,1,69.9,,,automotivo,9050.0,2017-11-01
0cb4e1aa97c8535093fc677376536b4c,2018-04-01,1,52.9,,,pet_shop,700.0,2018-04-01
0cbd1fb25fc901e985012fbc87488a92,2017-12-01,1,169.9,,,informatica_acessorios,900.0,2017-12-01
0cd1da0c6c22680f93adb165c0a56e36,2018-01-01,2,42.0,,,informatica_acessorios,200.0,2018-01-01
0ce1e35bdc6af7e582e7ef9363e29b5b,2017-11-01,1,21.99,,,telefonia,100.0,2017-11-01
0cf4eefa56151424d91f1fa527e29d20,2018-04-01,1,59.6,,,ferramentas_jardim,650.0,2018-04-01
0d009643171aee696f4733340bc2fdd0,2017-05-01,1,339.0,,,perfumaria,422.0,2017-05-01
0d070bdf0c723fab163131a8bed98356,2017-11-01,1,369.49,,,esporte_lazer,26100.0,2017-11-01
0d0f2c7fcae108a74c895521c62d46f6,2017-10-01,2,89.99,,,casa_construcao,750.0,2017-10-01
0d1d4c0ee61f3136062c253eb289a3e7,2018-01-01,1,68.0,,,livros_tecnicos,650.0,2018-01-01
0d3847e4cbb1d79d2e28b2156f1e11f2,2017-01-01,1,176.99,,,moveis_decoracao,23375.0,2017-01-01
0d60ec9cf77726af8257bc483d038a72,2017-02-01,1,94.76,,,casa_conforto,1075.0,2017-02-01
0d69c82f1bc2991a5ec6fff3d803876b,2017-10-01,1,87.8,,,fashion_bolsas_e_acessorios,150.0,2017-10-01
0d69c82f1bc2991a5ec6fff3d803876b,2018-02-01,1,89.0,1.0,1.0,fashion_bolsas_e_acessorios,150.0,2018-02-01
0d7312f1f397b109b3765a2917e45b13,2017-12-01,1,99.9,,1.0,malas_acessorios,550.0,2017-12-01
0d85c435fd60b277ffb9e9b0f88f927a,2018-02-01,3,68.9,,1.0,informatica_acessorios,150.0,2018-02-01
0d85c435fd60b277ffb9e9b0f88f927a,2018-03-01,4,72.0,3.0,3.0,informatica_acessorios,150.0,2018-03-01
0d86ff0b639e969a11a7b3dce67e181c,2017-11-01,2,89.99,,3.0,cama_mesa_banho,1850.0,2017-11-01
0d87a475cd933bc600f92e0b346e9c0c,2018-02-01,1,35.9,,3.0,utilidades_domesticas,275.0,2018-02-01
0d8ce3ada96b62b2dd49290fceb45d0f,2017-09-01,1,167.9,,,construcao_ferramentas_ferramentas,2708.0,2017-09-01
0d90fced28b749fa0468818d98cb8212,2018-04-01,1,57.9,,,beleza_saude,983.0,2018-04-01
0d93dbf32345927755c936fe02d5776b,2018-04-01,1,389.0,,,informatica_acessorios,200.0,2018-04-01
0daaaee8a33938591e1d5b980e65046e,2018-04-01,1,198.0,,,cool_stuff,550.0,2018-04-01
0db04bfc9ca0d0dc2c530e7f2d023160,2017-05-01,2,29.9,,,moveis_sala,3325.0,2017-05-01
0dc7ffb1ae1ce3ad090cd7c467d09230,2017-04-01,1,189.0,,,beleza_saude,2050.0,2017-04-01
0dcbc0d012d42719216ea7dff6b90a6f,2017-09-01,1,199.99,,,brinquedos,1700.0,2017-09-01
0dce093fc7ec4dec214256df878e3c08,2017-12-01,1,145.0,,,relogios_presentes,200.0,2017-12-01
0dd71bad88beb4fe0f85284f5b06e028,2018-04-01,1,159.0,,,automotivo,2000.0,2018-04-01
0e1eb22d9c8c83f1bfb714c149110481,2017-04-01,1,27.0,,,market_place,200.0,2017-04-01
0e1eb22d9c8c83f1bfb714c149110481,2017-11-01,1,29.9,1.0,1.0,market_place,200.0,2017-11-01
0e53d55e7f56c386b4545fb0e9f4dc6f,2017-07-01,1,139.0,,1.0,utilidades_domesticas,4200.0,2017-07-01
0e5955fbbb16c3f92127ac470386ea88,2018-01-01,1,47.0,,1.0,informatica_acessorios,1217.0,2018-01-01
0e5955fbbb16c3f92127ac470386ea88,2018-02-01,1,47.0,1.0,1.0,informatica_acessorios,1217.0,2018-02-01
0e669e3efedd9f3ab75fcbe334e1177e,2018-03-01,1,129.8,,1.0,brinquedos,1310.0,2018-03-01
0e92dcf7b03df1de4e9349af065f8e63,2017-01-01,1,19.9,,1.0,moveis_decoracao,400.0,2017-01-01
0e9dfb804bafa3d68ef3ee7a621abfb2,2017-02-01,1,398.0,,,moveis_sala,30000.0,2017-02-01
0ec26c826d2fb3863640b6a8cfdc42c1,2018-03-01,1,209.0,,,pet_shop,22600.0,2018-03-01
0ec5f6f08cf32bc916d0ae089696a44a,2017-05-01,1,271.0,,,esporte_lazer,2600.0,2017-05-01
0ec96e6d31a1493b0475805c9ae1a0a2,2018-04-01,1,169.0,,,moveis_decoracao,1450.0,2018-04-01
0eda6e310c91549299a2f97d0354f7fb,2017-06-01,2,104.0,,,beleza_saude,450.0,2017-06-01
0eee5c8d0dc71aeb3fcead3dd83abc07,2017-06-01,1,89.9,,,utilidades_domesticas,2100.0,2017-06-01
0ef56954a7f2e8c36b83dadad90b9cc9,2017-08-01,1,14.0,,,bebes,350.0,2017-08-01
0efc91aa52d1f0669126d3000a94279b,2017-04-01,1,98.99,,,cama_mesa_banho,2100.0,2017-04-01
0f1734abf5ee5d3b99353b7ccb117426,2017-10-01,1,17.9,,,relogios_presentes,200.0,2017-10-01
0f679de41005ce40722b43993df839e0,2018-01-01,1,229.0,,,eletronicos,3717.0,2018-01-01
0fa81e7123fd0ebe03adbbe99d912827,2017-09-01,1,99.9,,,cama_mesa_banho,1350.0,2017-09-01
0fa81e7123fd0ebe03adbbe99d912827,2017-12-01,1,99.9,1.0,1.0,cama_mesa_banho,1350.0,2017-12-01
0faa4ca558654b554d4d09abd8fe33d2,2018-02-01,1,19.99,,1.0,informatica_acessorios,150.0,2018-02-01
0fbe487106cf1d260fa38c000eaa0dbd,2017-03-01,1,179.99,,1.0,moveis_escritorio,15817.0,2017-03-01
0fc6914383c2bea767a9562c9d8b43a1,2017-08-01,1,44.99,,,informatica_acessorios,338.0,2017-08-01
0fe922b7f7d43ef454bbc241416e7401,2018-02-01,1,16.0,,,esporte_lazer,50.0,2018-02-01
100260bf9206d859dc8db128c8c5afc9,2017-05-01,1,25.0,,,utilidades_domesticas,300.0,2017-05-01
100260bf9206d859dc8db128c8c5afc9,2017-10-01,1,25.0,1.0,1.0,utilidades_domesticas,300.0,2017-10-01
100260bf9206d859dc8db128c8c5afc9,2017-11-01,1,18.8,1.0,1.0,utilidades_domesticas,300.0,2017-11-01
10070e29929f7c7d609ee3201f236b8e,2018-03-01,1,95.2,,1.0,casa_construcao,1250.0,2018-03-01
10262dd1d69315c5a855b40812520578,2017-12-01,1,39.9,,1.0,cama_mesa_banho,800.0,2017-12-01
10396249c30f74b20403120c8c3a49c9,2017-12-01,1,495.0,,,relogios_presentes,279.0,2017-12-01
1067af1d38844dcfaa3471839f922c27,2017-07-01,1,119.99,,,brinquedos,9080.0,2017-07-01
10714d6a49c0af9ccdab2d806887c5f5,2017-11-01,3,59.9,,,esporte_lazer,700.0,2017-11-01
10714d6a49c0af9ccdab2d806887c5f5,2017-12-01,1,59.9,3.0,3.0,esporte_lazer,700.0,2017-12-01
10717ff440b2320081989126e858b220,2017-11-01,1,145.0,,3.0,cama_mesa_banho,4867.0,2017-11-01
10717ff440b2320081989126e858b220,2018-01-01,4,138.0,1.0,2.0,cama_mesa_banho,4867.0,2018-01-01
10717ff440b2320081989126e858b220,2018-02-01,1,138.0,4.0,2.5,cama_mesa_banho,4867.0,2018-02-01
10a21a549ce4ea6b6218d0f6a235d1f6,2017-11-01,1,149.9,,2.5,moveis_decoracao,2400.0,2017-11-01
10dd77710da08ea43018cb3b4cedff92,2016-10-01,1,44.9,,4.0,esporte_lazer,400.0,2016-10-01
10dd77710da08ea43018cb3b4cedff92,2018-01-01,1,55.9,1.0,1.0,esporte_lazer,400.0,2018-01-01
10f2fea49b203930a1f4c0a3a892d960,2017-08-01,1,12.5,,1.0,alimentos_bebidas,400.0,2017-08-01
11068d52d5927407c556ffd893c3feae,2018-03-01,2,78.0,,1.0,beleza_saude,2300.0,2018-03-01
1107055c5c960ef6e183e781260aeafd,2018-03-01,1,24.99,,,telefonia,300.0,2018-03-01
110adb18eeba9a0984478ee3c9302e16,2017-10-01,1,179.49,,,automotivo,550.0,2017-10-01
1118c2ea35cd20b94fe2a16c483cd1a4,2017-08-01,1,199.0,,,telefonia,300.0,2017-08-01
115e606ac8059e4cfa1c6c3310fb365c,2018-04-01,1,39.9,,,informatica_acessorios,285.0,2018-04-01
1166c098840d03686b633fe2612c5f2d,2018-02-01,4,105.7,,,beleza_saude,200.0,2018-02-01
11875b30b49585209e608f40e8082e65,2017-01-01,1,65.0,,,esporte_lazer,1032.0,2017-01-01
11875b30b49585209e608f40e8082e65,2017-02-01,1,65.0,1.0,1.0,esporte_lazer,1032.0,2017-02-01
11875b30b49585209e608f40e8082e65,2017-05-01,2,65.0,1.0,1.0,esporte_lazer,1032.0,2017-05-01
11875b30b49585209e608f40e8082e65,2017-08-01,1,65.0,2.0,1.3333333333333333,esporte_lazer,1032.0,2017-08-01
11875b30b49585209e608f40e8082e65,2017-09-01,1,65.0,1.0,1.3333333333333333,esporte_lazer,1032.0,2017-09-01
1191e61a83c807323c6c1cb5eac9ff3c,2018-01-01,1,24.99,,1.5,telefonia,350.0,2018-01-01
11b0cf6be60c190c8485edd39f8f9dd3,2018-03-01,1,133.6,,1.0,automotivo,151.0,2018-03-01
11bbef4e2a44601d9dd471aa1fb433e6,2017-05-01,1,329.99,,,beleza_saude,838.0,2017-05-01
11bbef4e2a44601d9dd471aa1fb433e6,2017-08-01,1,299.99,1.0,1.0,beleza_saude,838.0,2017-08-01
11c273f63badb1626f41abce9a038587,2017-12-01,1,136.68,,1.0,papelaria,1900.0,2017-12-01
11dc4053871ff53ff79fb1fc7e6b160f,2017-03-01,1,99.0,,1.0,esporte_lazer,1600.0,2017-03-01
11dc4053871ff53ff79fb1fc7e6b160f,2017-10-01,1,99.0,1.0,1.0,esporte_lazer,1600.0,2017-10-01
11dcc970f7a5581e1bf777b6da3f7096,2017-08-01,1,69.9,,1.0,utilidades_domesticas,1038.0,2017-08-01
11de130b38213ed7f93d2af1e91bb771,2018-01-01,1,34.99,,1.0,cama_mesa_banho,300.0,2018-01-01
11f683ded5ddeecdad0b81b3124c3395,2018-01-01,1,13.3,,,unknown,300.0,2018-01-01
11fb16e86df4d50cd2c289ede0b70f42,2018-01-01,3,14.99,,,beleza_saude,250.0,2018-01-01
11fd9d7ba552e1d28872e008acf1e050,2017-07-01,1,139.9,,,cool_stuff,10225.0,2017-07-01
11fd9d7ba552e1d28872e008acf1e050,2017-11-01,1,139.9,1.0,1.0,cool_stuff,10225.0,2017-11-01
11fd9d7ba552e1d28872e008acf1e050,2018-04-01,1,139.9,1.0,1.0,cool_stuff,10225.0,2018-04-01
122ed0b5404fb93c07b3d35c99e8aaa9,2017-12-01,1,69.9,,1.0,automotivo,4750.0,2017-12-01
125e5760a3ff01937be3b2a1a7f14aa6,2017-06-01,1,48.9,,1.0,cama_mesa_banho,900.0,2017-06-01
125e5760a3ff01937be3b2a1a7f14aa6,2017-09-01,1,48.9,1.0,1.0,cama_mesa_banho,900.0,2017-09-01
1261bcae25b0000829246aa58e284a2f,2017-11-01,1,86.99,,1.0,brinquedos,1500.0,2017-11-01
12715d8bb61f9c2c26219377d9737584,2017-07-01,2,90.99,,1.0,eletronicos,373.0,2017-07-01
1276de9d6e6200f71cfb172a76abf703,2017-10-01,1,19.9,,,fashion_bolsas_e_acessorios,50.0,2017-10-01
1279fba7025d91dadde108559a8d0485,2018-03-01,1,124.43,,,construcao_ferramentas_construcao,1834.0,2018-03-01
127c0cde3ea832c4c4901159cf902d0e,2018-03-01,1,129.9,,,informatica_acessorios,750.0,2018-03-01
127d3b28487be63864af02f25333decd,2017-04-01,1,12.97,,,telefonia,150.0,2017-04-01
127d3b28487be63864af02f25333decd,2017-09-01,1,12.97,1.0,1.0,telefonia,150.0,2017-09-01
1285c1d5b4365dcc8b7b0c34bca67242,2017-11-01,1,700.0,,1.0,esporte_lazer,10000.0,2017-11-01
12877fc7456089310c5e6c441e696886,2017-10-01,1,54.0,,1.0,esporte_lazer,4900.0,2017-10-01
12a146749cb72ebfde01a89105df1897,2018-03-01,1,29.0,,,esporte_lazer,233.0,2018-03-01
12a146749cb72ebfde01a89105df1897,2018-04-01,1,29.0,1.0,1.0,esporte_lazer,233.0,2018-04-01
12a947baa3e0ab6254ebfec789934fd5,2017-12-01,1,60.0,,1.0,brinquedos,243.0,2017-12-01
12b5c284044adc0687a6ffbe84d317e2,2017-07-01,1,259.0,,1.0,esporte_lazer,1600.0,2017-07-01
12b86b2eab3b8c2bbf01adc381aa96e2,2017-03-01,1,37.9,,,fashion_calcados,400.0,2017-03-01
12cfb75a481057d8c401f03f870a3305,2018-03-01,1,54.9,,,esporte_lazer,350.0,2018-03-01
12f066474dfa3c415c169051c5e1967e,2018-03-01,1,19.9,,,telefonia,200.0,2018-03-01
12f3396e4e36112d4155e0c51ee35ed9,2018-04-01,2,199.9,,,telefonia,200.0,2018-04-01
1303e8674814cde0e8cfe7d796d6a544,2017-12-01,1,76.6,,,cama_mesa_banho,750.0,2017-12-01
130482add9fd75ccb6c57ba007694a2d,2017-11-01,1,105.0,,,informatica_acessorios,2800.0,2017-11-01
13050bbc5cf6938a3760e43f1a845fcd,2018-04-01,2,49.9,,,cama_mesa_banho,950.0,2018-04-01
1317921ea764ef06f7aa21094c7e7759,2017-11-01,1,19.9,,,esporte_lazer,200.0,2017-11-01
132069c6f99d20d9e0ea2b5b1143ec66,2017-09-01,1,57.9,,,esporte_lazer,697.0,2017-09-01
132893fa155be7225b6ecf7d4fe3ce9a,2017-02-01,1,100.0,,,perfumaria,700.0,2017-02-01
133eefb3fc03b13ebded258788747304,2017-02-01,1,27.99,,,telefonia,100.0,2017-02-01
133eefb3fc03b13ebded258788747304,2017-03-01,1,27.99,1.0,1.0,telefonia,100.0,2017-03-01
1341fe21db99218918b57ca553968a50,2017-11-01,1,229.9,,1.0,brinquedos,1270.0,2017-11-01
135fb255f9873811c6aa6eba7fb17649,2017-11-01,1,119.0,,1.0,moveis_decoracao,800.0,2017-11-01
1360c66d6c12514a024be186b7e4925a,2017-10-01,2,15.6,,,moveis_decoracao,500.0,2017-10-01
137463a11feed96cfc9fbdd97d4e2403,2017-11-01,1,9.9,,,utilidades_domesticas,250.0,2017-11-01
13900a14a66366f79faa0ff07fe354ef,2018-01-01,1,79.0,,,utilidades_domesticas,1150.0,2018-01-01
13944d17b257432717fd260e69853140,2017-12-01,1,59.9,,,cama_mesa_banho,400.0,2017-12-01
13b604480efd32bdb45d23fc99a1a1ee,2017-09-01,1,14.95,,,automotivo,480.0,2017-09-01
13c6408395db73f81805ef46fa6ac926,2017-02-01,1,48.8,,,esporte_lazer,300.0,2017-02-01
13db47eae724e2848e12b71a617a3a41,2018-03-01,1,467.0,,,audio,425.0,2018-03-01
13db47eae724e2848e12b71a617a3a41,2018-04-01,2,499.99,1.0,1.0,audio,425.0,2018-04-01
13e612c22099fc74828d121f7a057e87,2018-01-01,1,119.8,,1.0,esporte_lazer,4450.0,2018-01-01
13ed40194df36dfe1dc2bf7e4ce3bcf2,2017-08-01,1,59.81,,1.0,moveis_decoracao,1000.0,2017-08-01
13fd915e499b787f1f4c9dbb231d0d4c,2018-03-01,1,29.99,,,informatica_acessorios,150.0,2018-03-01
141125957e8b78c5cf939c18077fa2f7,2018-01-01,1,34.99,,,eletronicos,200.0,2018-01-01
14137f0fd56e4d0b8102dcfcc9b0a4fe,2018-03-01,1,37.9,,,beleza_saude,240.0,2018-03-01
1427b126f61597524866770b05d4eed2,2018-01-01,1,80.0,,,informatica_acessorios,200.0,2018-01-01
143bc7fcaf6929ef5979e58abf39d4ed,2017-03-01,1,179.96,,,moveis_escritorio,18225.0,2017-03-01
144fc7abb16b6f6d92d2c9f34d3c3452,2017-09-01,1,35.99,,,informatica_acessorios,375.0,2017-09-01
14555ba663de8689feacf1d0819cc3b3,2017-06-01,1,119.99,,,esporte_lazer,2150.0,2017-06-01
14555ba663de8689feacf1d0819cc3b3,2017-10-01,1,92.9,1.0,1.0,esporte_lazer,2150.0,2017-10-01
145af826c44181c994b7476667a3ab00,2017-06-01,1,149.9,,1.0,esporte_lazer,300.0,2017-06-01
146f38b5c222913dbe6606e5a25cd318,2017-11-01,1,55.0,,1.0,esporte_lazer,3400.0,2017-11-01
147df4d924f569e480fbd77099707f08,2017-02-01,1,1049.0,,,cool_stuff,14100.0,2017-02-01
148f68f014d7729ff8193dd7fefd1c7c,2017-10-01,1,169.99,,,informatica_acessorios,600.0,2017-10-01
1490307eb0bc9c499936ad716b79ca45,2017-03-01,1,169.9,,,climatizacao,4975.0,2017-03-01
1491a8ff192d4b5c369b0eaa2fe33ee5,2018-02-01,1,219.99,,,cama_mesa_banho,4600.0,2018-02-01
14c60b3a54996d02ff5d0d56d2aab05c,2017-05-01,1,239.9,,,relogios_presentes,450.0,2017-05-01
14dffa241a078aeaebaef48a49e807ca,2018-02-01,1,64.9,,,bebes,250.0,2018-02-01
14dffa241a078aeaebaef48a49e807ca,2018-03-01,1,64.9,1.0,1.0,bebes,250.0,2018-03-01
150c699262a053229e89213dc9c358d2,2017-10-01,1,116.0,,1.0,sinalizacao_e_seguranca,300.0,2017-10-01
151133751552ad5bdd6645dfdcb0e728,2018-01-01,1,75.5,,1.0,cama_mesa_banho,1475.0,2018-01-01
151133751552ad5bdd6645dfdcb0e728,2018-03-01,1,89.9,1.0,1.0,cama_mesa_banho,1475.0,2018-03-01
151d7733b44e0c7b292d7e2efb5424a2,2018-01-01,1,279.9,,1.0,cama_mesa_banho,3950.0,2018-01-01
151f6da73d1f11e1a75553f0281d19dd,2017-07-01,1,49.0,,1.0,fashion_bolsas_e_acessorios,200.0,2017-07-01
151f6da73d1f11e1a75553f0281d19dd,2017-12-01,1,49.0,1.0,1.0,fashion_bolsas_e_acessorios,200.0,2017-12-01
1526b7538896e188f3072a7ee653c6c6,2018-03-01,1,18.15,,1.0,esporte_lazer,244.0,2018-03-01
1528d0673079ce2d79d29753b800d76e,2017-09-01,1,59.9,,1.0,beleza_saude,800.0,2017-09-01
1528d0673079ce2d79d29753b800d76e,2017-11-01,1,59.9,1.0,1.0,beleza_saude,800.0,2017-11-01
1529199a7d88ac40cef5b4a508f18f2c,2017-03-01,1,69.9,,1.0,esporte_lazer,500.0,2017-03-01
1529199a7d88ac40cef5b4a508f18f2c,2017-04-01,1,59.9,1.0,1.0,esporte_lazer,500.0,2017-04-01
152d8bb1e16d0a4f567c7cece5e92b6a,2017-08-01,1,177.99,,1.0,cama_mesa_banho,2700.0,2017-08-01
154e7e31ebfa092203795c972e5804a6,2017-04-01,3,19.99,,1.0,beleza_saude,100.0,2017-04-01
154e7e31ebfa092203795c972e5804a6,2017-05-01,1,19.99,3.0,3.0,beleza_saude,100.0,2017-05-01
154e7e31ebfa092203795c972e5804a6,2017-06-01,2,19.99,1.0,2.0,beleza_saude,100.0,2017-06-01
154e7e31ebfa092203795c972e5804a6,2017-07-01,5,19.99,2.0,2.0,beleza_saude,100.0,2017-07-01
154e7e31ebfa092203795c972e5804a6,2017-08-01,1,23.99,5.0,2.6666666666666665,beleza_saude,100.0,2017-08-01
154e7e31ebfa092203795c972e5804a6,2017-09-01,2,23.99,1.0,2.6666666666666665,beleza_saude,100.0,2017-09-01
154e7e31ebfa092203795c972e5804a6,2017-11-01,1,23.99,2.0,2.6666666666666665,beleza_saude,100.0,2017-11-01
154e7e31ebfa092203795c972e5804a6,2017-12-01,1,23.99,1.0,1.3333333333333333,beleza_saude,100.0,2017-12-01
154e7e31ebfa092203795c972e5804a6,2018-01-01,1,23.99,1.0,1.3333333333333333,beleza_saude,100.0,2018-01-01
1558f7b0a51472d4c2af9153a2255beb,2018-01-01,1,279.9,,1.0,cama_mesa_banho,3150.0,2018-01-01
157c0b6a86cb5823d6d2dd1fa8c5d450,2017-02-01,1,79.99,,1.0,ferramentas_jardim,1450.0,2017-02-01
1584ce1843990c0f62e353fd0478c2df,2017-09-01,1,75.5,,,cama_mesa_banho,1500.0,2017-09-01
15859e3a8aaa3c192c10a91d8722abd5,2018-01-01,1,299.9,,,beleza_saude,5650.0,2018-01-01
159e7e73295b609960c0797eb64b3d39,2018-01-01,2,139.0,,,pet_shop,467.0,2018-01-01
15b11b38d792e5d8189446d9131d0fb4,2018-01-01,1,120.0,,,utilidades_domesticas,2350.0,2018-01-01
15b3d4c8373cd64166af5504b49d289d,2017-07-01,1,49.9,,,moveis_decoracao,1400.0,2017-07-01
15bb6bb477d5bbfe167f6dc44b6846a8,2017-06-01,4,12.99,,,moveis_decoracao,1000.0,2017-06-01
15be8ab92cd1c32b16ff30292ef39991,2017-07-01,1,139.0,,,utilidades_domesticas,8200.0,2017-07-01
15f47d3a8c0c553dc9aba3d2d5dc88c3,2017-07-01,1,129.99,,,fashion_bolsas_e_acessorios,1400.0,2017-07-01
15f50a93f26d97e9c940e45271e8c177,2017-05-01,1,243.0,,,eletronicos,7100.0,2017-05-01
15fdd6032f35d4add5066fb90be28630,2017-09-01,1,89.0,,,relogios_presentes,950.0,2017-09-01
16007704980fa90718364a0dd747133e,2017-06-01,1,129.9,,,beleza_saude,1550.0,2017-06-01
16007704980fa90718364a0dd747133e,2018-03-01,1,135.9,1.0,1.0,beleza_saude,1550.0,2018-03-01
1600dcf1cea8c0c83702e07b577ab231,2017-03-01,1,34.0,,1.0,relogios_presentes,250.0,2017-03-01
1612209b0b37fbe80e1e8e1b7d19ca1d,2017-03-01,1,99.0,,1.0,informatica_acessorios,1600.0,2017-03-01
1612209b0b37fbe80e1e8e1b7d19ca1d,2017-05-01,2,99.0,1.0,1.0,informatica_acessorios,1600.0,2017-05-01
161465fcbd2f97c7bbb1d199c7402fcf,2017-12-01,1,107.9,,1.0,utilidades_domesticas,950.0,2017-12-01
16241e79b047426033194065d8b321b2,2018-03-01,1,29.9,,1.0,moveis_decoracao,400.0,2018-03-01
1629b469d01aadb4f92644039ad17d5c,2018-04-01,1,29.99,,,telefonia,300.0,2018-04-01
163e6400e6dadd0fe04775c5e9331fda,2018-01-01,1,50.0,,,bebes,500.0,2018-01-01
165f86fe8b799a708a20ee4ba125c289,2017-07-01,1,134.99,,,cool_stuff,2425.0,2017-07-01
165f86fe8b799a708a20ee4ba125c289,2017-11-01,1,166.99,1.0,1.0,cool_stuff,2425.0,2017-11-01
165f86fe8b799a708a20ee4ba125c289,2017-12-01,2,166.99,1.0,1.0,cool_stuff,2425.0,2017-12-01
165f86fe8b799a708a20ee4ba125c289,2018-01-01,1,166.99,2.0,1.3333333333333333,cool_stuff,2425.0,2018-01-01
165f86fe8b799a708a20ee4ba125c289,2018-02-01,1,176.99,1.0,1.3333333333333333,cool_stuff,2425.0,2018-02-01
1697727d6c82c23c7149c6c773683d2c,2018-03-01,1,159.0,,1.5,esporte_lazer,2600.0,2018-03-01
16aa6553ee2cf0a316e29f8808ab165c,2017-05-01,1,290.99,,1.0,perfumaria,500.0,2017-05-01
16b089babc44efe9db1fde71b35d1252,2017-03-01,1,89.0,,,brinquedos,2500.0,2017-03-01
16bf176650a888512655cc94f61860e3,2018-03-01,1,39.0,,,relogios_presentes,200.0,2018-03-01
16c4e87b98a9370a9cbc3a4658a3f45b,2018-04-01,1,1890.0,,,instrumentos_musicais,18000.0,2018-04-01
16cc7a098d176187b6d8e9519fa81585,2018-03-01,1,64.89,,,informatica_acessorios,350.0,2018-03-01
16d096faa27582985f849f08370cf1ed,2018-03-01,1,228.0,,,agro_industria_e_comercio,4050.0,2018-03-01
16d928f7b23b3d30bd5a9ff281eed9b8,2018-03-01,1,829.0,,,telefonia,360.0,2018-03-01
16ed6a6e3fce23b741650437fe58d65b,2018-01-01,1,89.18,,,utilidades_domesticas,750.0,2018-01-01
16ed6a6e3fce23b741650437fe58d65b,2018-02-01,1,89.18,1.0,1.0,utilidades_domesticas,750.0,2018-02-01
16fa9029e1cac929d673dc7805b6d46e,2018-02-01,1,36.9,,1.0,moveis_decoracao,550.0,2018-02-01
16ff579c7dd128062ca085e13094fbe0,2017-06-01,2,69.9,,1.0,instrumentos_musicais,125.0,2017-06-01
170db4e7b448ea0a8261aa05fff39ee5,2017-08-01,1,460.7,,,fashion_bolsas_e_acessorios,200.0,2017-08-01
171787b81fa784a521d7ba199e6e9fa6,2017-10-01,2,176.26,,,climatizacao,1900.0,2017-10-01
173255396ec907ab516d3848dbcc98da,2018-04-01,3,102.0,,,industria_comercio_e_negocios,27000.0,2018-04-01
173d5a1b6c4ea4f41aafca840646d240,2018-04-01,1,181.01,,,informatica_acessorios,100.0,2018-04-01
17636e3c15333148e25253db631a2d7d,2017-05-01,1,49.9,,,fashion_esporte,450.0,2017-05-01
17636e3c15333148e25253db631a2d7d,2017-10-01,1,59.9,1.0,1.0,fashion_esporte,450.0,2017-10-01
177793be904f7c1a1ca04c64ce05a68a,2017-04-01,1,99.99,,1.0,consoles_games,300.0,2017-04-01
177793be904f7c1a1ca04c64ce05a68a,2017-07-01,1,99.99,1.0,1.0,consoles_games,300.0,2017-07-01
177f62b739076126a879238444ccbf02,2017-11-01,1,599.8,,1.0,relogios_presentes,240.0,2017-11-01
1782400950423c9b12600278b8ef65d3,2017-11-01,1,419.0,,1.0,perfumaria,567.0,2017-11-01
178c02376540dea14abfbcc1af483528,2017-09-01,1,24.88,,,ferramentas_jardim,550.0,2017-09-01
17ad136b7421ea8690fded631b651158,2017-10-01,2,55.0,,,relogios_presentes,250.0,2017-10-01
17ad136b7421ea8690fded631b651158,2017-12-01,1,55.0,2.0,2.0,relogios_presentes,250.0,2017-12-01
17ad136b7421ea8690fded631b651158,2018-01-01,1,55.0,1.0,1.5,relogios_presentes,250.0,2018-01-01
17ad6786808ab3fedfb261a70a5932d6,2017-10-01,1,124.9,,1.5,audio,620.0,2017-10-01
17b9f231d057710012fe28e5a1ac5186,2017-07-01,1,98.0,,1.0,unknown,10600.0,2017-07-01
17d8b8e9c21ec0fc5b33724e32fe422e,2017-09-01,1,58.9,,,cama_mesa_banho,1000.0,2017-09-01
17d8b8e9c21ec0fc5b33724e32fe422e,2017-10-01,1,58.9,1.0,1.0,cama_mesa_banho,1000.0,2017-10-01
17da5d80ea0eeabd565083183027d588,2017-12-01,1,51.49,,1.0,bebidas,700.0,2017-12-01
17e7128a33dae59e32be411b7b4921b5,2017-03-01,1,19.99,,1.0,unknown,200.0,2017-03-01
17f6a6d7f6e0334b28d8d026d12db169,2017-12-01,1,156.0,,,beleza_saude,900.0,2017-12-01
18290697e1929309b3195d2931c91b09,2017-08-01,1,214.0,,,automotivo,2313.0,2017-08-01
18290697e1929309b3195d2931c91b09,2017-10-01,1,214.0,1.0,1.0,automotivo,2313.0,2017-10-01
183c95ad186f48c320bbac4643829d3f,2018-03-01,1,49.9,,1.0,fashion_bolsas_e_acessorios,150.0,2018-03-01
18486698933fbb64af6c0a255f7dd64c,2018-02-01,1,82.9,,1.0,informatica_acessorios,225.0,2018-02-01
186052b3f166a0f7227e78b2d27652d3,2018-01-01,1,159.99,,,casa_conforto,3200.0,2018-01-01
1860b96949f9ff0adcd5e2c340d32e12,2017-03-01,1,189.9,,,automotivo,800.0,2017-03-01
186d7d472f062ca6ef30689faa935d2e,2017-07-01,1,23.98,,,utilidades_domesticas,250.0,2017-07-01
186fe07c8b8005ec6a498587ffbc1352,2017-08-01,1,29.0,,,relogios_presentes,200.0,2017-08-01
186fe07c8b8005ec6a498587ffbc1352,2017-09-01,1,29.0,1.0,1.0,relogios_presentes,200.0,2017-09-01
186fe07c8b8005ec6a498587ffbc1352,2018-01-01,1,29.0,1.0,1.0,relogios_presentes,200.0,2018-01-01
1871f846d88e6b0632e1058b61d35964,2018-03-01,1,39.9,,1.0,telefonia,117.0,2018-03-01
18796df281656da4036dd926561a6030,2017-08-01,1,75.78,,1.0,cama_mesa_banho,500.0,2017-08-01
187e7d92b8168c3661824809d0c5dffb,2017-09-01,1,119.9,,,beleza_saude,1900.0,2017-09-01
188c2b55dbae7df073f4f4a24e232ce9,2017-11-01,1,19.9,,,utilidades_domesticas,800.0,2017-11-01
18b0e642cbae7251e60a64aa07dd9eb9,2018-01-01,1,31.9,,,informatica_acessorios,200.0,2018-01-01
18c52ee8fc4012f63557c51b8558e8f3,2018-02-01,1,43.0,,,beleza_saude,300.0,2018-02-01
19239f99ecca2c266c57cdce121a6727,2017-02-01,1,79.9,,,cool_stuff,850.0,2017-02-01
19239f99ecca2c266c57cdce121a6727,2017-04-01,1,79.9,1.0,1.0,cool_stuff,850.0,2017-04-01
1928afdd082c046af569f70558516d11,2018-03-01,1,45.0,,1.0,fashion_bolsas_e_acessorios,100.0,2018-03-01
1937b3e587fc766c8d1cef0c11c6aa53,2018-01-01,1,45.0,,1.0,esporte_lazer,300.0,2018-01-01
1937b3e587fc766c8d1cef0c11c6aa53,2018-03-01,1,45.0,1.0,1.0,esporte_lazer,300.0,2018-03-01
19421075ae0b585f2dc13ff149e2119d,2018-02-01,3,45.9,,1.0,esporte_lazer,150.0,2018-02-01
19421075ae0b585f2dc13ff149e2119d,2018-03-01,1,45.9,3.0,2.0,esporte_lazer,150.0,2018-03-01
1949890685a12526806e9463ba1a3964,2016-10-01,1,25.9,,3.0,fashion_bolsas_e_acessorios,100.0,2016-10-01
194d0a84a60aad8916173c4d611f6450,2017-06-01,1,230.0,,3.0,beleza_saude,1200.0,2017-06-01
196616257eff8bc851dc4fc041cbbbe9,2017-05-01,2,103.97,,,moveis_sala,9750.0,2017-05-01
1967b3c67cc667c147fd88be33ac848d,2018-03-01,1,82.0,,,beleza_saude,1425.0,2018-03-01
19956d26cd122df3d47e86b631f1bf4c,2018-03-01,1,41.5,,,esporte_lazer,570.0,2018-03-01
199dfdf7a1862dbcd8ad039e48d58355,2017-04-01,1,89.9,,,moveis_decoracao,2100.0,2017-04-01
199edc405b7080eeba36e77ef66d1ea1,2017-08-01,1,625.99,,,telefonia_fixa,1900.0,2017-08-01
19a5dc57b9f69cff2321395f3c36f9d6,2017-05-01,1,329.9,,,esporte_lazer,2650.0,2017-05-01
19ac68e14d04f4207dda95e2fd44a960,2017-03-01,1,89.9,,,brinquedos,625.0,2017-03-01
19da2bf3225b2f11d5c3b2597576ea22,2018-04-01,1,119.9,,,esporte_lazer,6350.0,2018-04-01
19f0917ba5781b978298ffcd9ae225c1,2017-08-01,1,89.99,,,consoles_games,150.0,2017-08-01
19fee5d5b066841b45bc3e97832fa654,2017-10-01,6,11.64,,,artigos_de_natal,200.0,2017-10-01
1a00358b2af8b1c79f570a0e0ceb2208,2017-09-01,1,16.9,,,cool_stuff,833.0,2017-09-01
1a0bba83632b7dc923d939a7fa2c4530,2018-01-01,1,49.99,,,construcao_ferramentas_construcao,410.0,2018-01-01
1a171b17d64e13187479dc66541e6541,2017-09-01,1,102.9,,,brinquedos,1700.0,2017-09-01
1a26d40bdbef9cbc3e56226cb622f65e,2017-07-01,1,275.93,,,eletroportateis,4683.0,2017-07-01
1a2d00b771a438bee7055bbd0086e003,2017-07-01,1,79.9,,,cama_mesa_banho,950.0,2017-07-01
1a2d00b771a438bee7055bbd0086e003,2017-09-01,1,79.9,1.0,1.0,cama_mesa_banho,950.0,2017-09-01
1a300f482e35d7eac74b229be067aefd,2017-02-01,1,30.0,,1.0,informatica_acessorios,125.0,2017-02-01
1a4247b6eddc27c68f7995dcc68b01e2,2018-03-01,1,57.0,,1.0,beleza_saude,725.0,2018-03-01
1a428b685ede76217c9efb550c4aaa59,2017-10-01,1,22.9,,,cama_mesa_banho,400.0,2017-10-01
1a43e86fd17dcec91ec053c9a1adeaac,2017-11-01,1,49.9,,,perfumaria,444.0,2017-11-01
1a70473adb9873f9068e80f2fcb78824,2018-03-01,1,29.9,,,pet_shop,190.0,2018-03-01
1a7340927178189657dfa923be3bfdda,2017-11-01,1,24.99,,,telefonia,150.0,2017-11-01
1a909e04ddbc64bda3fc905834678201,2018-02-01,1,76.9,,,informatica_acessorios,213.0,2018-02-01
1a9d5623d718be92f3d696bfd261bb4f,2017-06-01,1,99.99,,,brinquedos,500.0,2017-06-01
1aa2ed670a95e9f475723707a7c3f386,2017-06-01,1,40.0,,,cama_mesa_banho,1000.0,2017-06-01
1aba5f6d342892bef219db99ae29f029,2017-09-01,1,28.7,,,fashion_bolsas_e_acessorios,350.0,2017-09-01
1acb18fc869c5489d5f76abcd681165e,2018-02-01,1,135.0,,,esporte_lazer,1600.0,2018-02-01
1b0e39ec889889ea1d492603d8512bfb,2017-04-01,1,32.9,,,unknown,400.0,2017-04-01
1b2066a33aee5851ee3e44b10b36b3c8,2018-03-01,1,20.89,,,moveis_decoracao,1650.0,2018-03-01
1b28df0b54809d40f2bd2f2218c601a2,2018-03-01,1,60.0,,,alimentos_bebidas,875.0,2018-03-01
1b4dee3e58cb87cb5a0acc54ea53db9d,2017-12-01,1,84.9,,,fashion_calcados,800.0,2017-12-01
1b5ac751c245c52ded56f9fd1f17590c,2017-12-01,1,119.9,,,dvds_blu_ray,400.0,2017-12-01
1b6e2795daa2ca887a0310b0a79000e4,2017-05-01,1,67.1,,,cama_mesa_banho,700.0,2017-05-01
1b80b0a1f4aad5d1a1cff676b76e9eec,2018-01-01,1,238.99,,,relogios_presentes,500.0,2018-01-01
1b8ee158f59c098470fad33f39660964,2017-05-01,1,139.9,,,moveis_sala,6200.0,2017-05-01
1b8ee158f59c098470fad33f39660964,2017-10-01,1,139.9,1.0,1.0,moveis_sala,6200.0,2017-10-01
1b90de90abbc056f24e0fe3c721a88ee,2017-03-01,1,134.0,,1.0,utilidades_domesticas,1100.0,2017-03-01
1b92f53b1a02ed873cc9edad59d2031b,2017-02-01,1,25.0,,1.0,esporte_lazer,200.0,2017-02-01
1be9435dc0c47cf6b58c34d3bb7d6f54,2017-06-01,1,109.9,,,cama_mesa_banho,1225.0,2017-06-01
1becf32f9c527bad8d88e8e6aa99f021,2018-04-01,1,89.9,,,papelaria,950.0,2018-04-01
1bfe62f326ac7bec0f5a83c10cfff228,2017-07-01,1,45.0,,,brinquedos,5700.0,2017-07-01
1c57458e824ca3d974ec1831a1a55e72,2017-04-01,1,99.9,,,pet_shop,30000.0,2017-04-01
1c5bd6a742367ec4d654a0859523e880,2018-01-01,1,119.9,,,bebes,4550.0,2018-01-01
1c63d0a4d75df524d4605a43285925d7,2018-01-01,1,60.0,,,bebes,668.0,2018-01-01
1c9b5793de6c3d9117b6218552c87a8f,2017-10-01,1,13.99,,,perfumaria,50.0,2017-10-01
1c9b5793de6c3d9117b6218552c87a8f,2017-11-01,1,13.99,1.0,1.0,perfumaria,50.0,2017-11-01
1c9b5793de6c3d9117b6218552c87a8f,2017-12-01,1,16.9,1.0,1.0,perfumaria,50.0,2017-12-01
1c9c1e9c68e2311f81258433b7e0092b,2017-04-01,1,33.0,,1.0,moveis_decoracao,1000.0,2017-04-01
1ca737c9f8f06b3672be9f9f3f603d36,2017-08-01,1,127.9,,1.0,informatica_acessorios,350.0,2017-08-01
1ca737c9f8f06b3672be9f9f3f603d36,2018-03-01,1,127.9,1.0,1.0,informatica_acessorios,350.0,2018-03-01
1cc5f038fa8645580602fb2423d3a50a,2017-10-01,1,105.43,,1.0,perfumaria,400.0,2017-10-01
1cc61b32763a4d816212b3507b6b6c59,2018-04-01,1,524.9,,1.0,livros_interesse_geral,1050.0,2018-04-01
1ccb5f6ac19a5ab7b66d96ca902b41dd,2017-04-01,1,60.9,,,pet_shop,400.0,2017-04-01
1ccef988a8dd457a93b0b4833b8f0724,2017-09-01,1,35.0,,,telefonia,100.0,2017-09-01
1cdfaf0cc5abd6063d3a10ae3318f345,2018-01-01,2,199.9,,,cama_mesa_banho,2350.0,2018-01-01
1cf0c9095608952cb1c65c4789946375,2017-10-01,1,54.9,,,eletronicos,275.0,2017-10-01
1d116eece9b8bf17edaea2f3bc0f7324,2017-07-01,1,99.99,,,fashion_bolsas_e_acessorios,800.0,2017-07-01
1d2498694abb5754d2a497801dc4900e,2017-10-01,1,27.99,,,telefonia,150.0,2017-10-01
1d33febb6ca114fb1b9490005ee49de6,2018-01-01,1,195.9,,,cama_mesa_banho,8917.0,2018-01-01
1d3ecbda18167c766a3381fd16108e4a,2017-09-01,1,97.9,,,esporte_lazer,1700.0,2017-09-01
1d3f55c00acdb29bd959f2760abc8b7d,2017-05-01,1,176.9,,,automotivo,5150.0,2017-05-01
1d4de03a6141ce2a2ae5a97f51cabb37,2017-12-01,1,219.9,,,cama_mesa_banho,4050.0,2017-12-01
1d4de03a6141ce2a2ae5a97f51cabb37,2018-03-01,1,199.0,1.0,1.0,cama_mesa_banho,4050.0,2018-03-01
1d6494a42302dba967b0c3a9c655d1a5,2018-03-01,1,72.0,,1.0,utilidades_domesticas,1800.0,2018-03-01
1d6d7be70107889e3193819aca4dc1dc,2017-11-01,1,48.9,,1.0,cama_mesa_banho,900.0,2017-11-01
1d9263e74c3e8e57d3a7bd505b7b871e,2017-12-01,1,39.9,,,informatica_acessorios,200.0,2017-12-01
1d93a1a9ef04cca09f4737fc380e0d6e,2017-08-01,1,91.9,,,utilidades_domesticas,1400.0,2017-08-01
1da5a90b5fbd1e1bc37b7bbb999c7bd3,2017-01-01,1,45.89,,,moveis_decoracao,1000.0,2017-01-01
1dec4c88c685d5a07bf01dcb0f8bf9f8,2017-11-01,1,559.0,,,automotivo,17600.0,2017-11-01
1dec4c88c685d5a07bf01dcb0f8bf9f8,2017-12-01,1,559.0,1.0,1.0,automotivo,17600.0,2017-12-01
1dec4c88c685d5a07bf01dcb0f8bf9f8,2018-03-01,1,589.0,1.0,1.0,automotivo,17600.0,2018-03-01
1dfcfcbfaae79f18090fc9e3c336b62c,2017-10-01,1,8.68,,1.0,artigos_de_natal,300.0,2017-10-01
1e1d5e507a02d77ca05f0fbd4783af9c,2017-11-01,1,69.99,,1.0,brinquedos,583.0,2017-11-01
1e297be46cfe3e932c4faf1c0ae329a2,2018-01-01,1,1105.0,,,relogios_presentes,800.0,2018-01-01
1e618d311a1b7f88a9d96ec50aa85582,2017-10-01,1,129.0,,,utilidades_domesticas,9950.0,2017-10-01
1e618d311a1b7f88a9d96ec50aa85582,2017-12-01,1,129.0,1.0,1.0,utilidades_domesticas,9950.0,2017-12-01
1e662f768907b55013557beb5ccfbeaa,2018-02-01,1,33.9,,1.0,telefonia,400.0,2018-02-01
1e6981e727154bcd941d51fda894b183,2017-01-01,1,149.99,,1.0,bebes,1450.0,2017-01-01
1e8aa599b7a43efac798dff87503a424,2017-07-01,1,29.9,,,beleza_saude,850.0,2017-07-01
1eb85357e22bf0c8c2a6f10eafad8423,2017-02-01,1,309.9,,,consoles_games,700.0,2017-02-01
1ec486885049bbb9b79351d150ed18c4,2017-06-01,1,49.9,,,fashion_bolsas_e_acessorios,100.0,2017-06-01
1ec486885049bbb9b79351d150ed18c4,2018-03-01,1,49.9,1.0,1.0,fashion_bolsas_e_acessorios,100.0,2018-03-01
1ef71d12e77a6bb27f555c45747807ab,2017-08-01,1,156.9,,1.0,brinquedos,625.0,2017-08-01
1f1354b0aa934e7ad75546467a6d028b,2017-01-01,1,19.9,,1.0,moveis_decoracao,400.0,2017-01-01
1f30aacc69904c0d0bf8d05cb2abef72,2018-03-01,1,135.0,,,cama_mesa_banho,1850.0,2018-03-01
1f58ebdc810e1d5c7cead7f763c27a94,2018-02-01,2,85.9,,,cama_mesa_banho,550.0,2018-02-01
1fa784d8744e3ed625d8651ddb15e33b,2017-11-01,1,104.9,,,perfumaria,1800.0,2017-11-01
1fad46b84ac1748ff47bf2d703565a7a,2017-03-01,1,430.0,,,climatizacao,9300.0,2017-03-01
1fd5b8526b883f92d22dc09cda3031e3,2017-08-01,1,59.9,,,cama_mesa_banho,350.0,2017-08-01
1fe459940e7d5e442ac6c1ee4d137989,2018-02-01,1,58.0,,,bebidas,1250.0,2018-02-01
1fe8e6e01596885617fa1c90d29c2f81,2017-05-01,1,81.56,,,beleza_saude,750.0,2017-05-01
1fea52abea2c885fbf9c625a6a3f140a,2018-03-01,2,32.0,,,informatica_acessorios,175.0,2018-03-01
2028bf1b01cafb2d2b1901fca4083222,2017-09-01,1,56.99,,,perfumaria,250.0,2017-09-01
2028bf1b01cafb2d2b1901fca4083222,2017-11-01,2,56.99,1.0,1.0,perfumaria,250.0,2017-11-01
2028bf1b01cafb2d2b1901fca4083222,2018-01-01,2,56.99,2.0,1.5,perfumaria,250.0,2018-01-01
202bd859659a841de892b00c341300ff,2017-08-01,1,35.0,,1.5,relogios_presentes,200.0,2017-08-01
2037fcc268b127d15234b91f823f734a,2017-11-01,1,20.3,,2.0,fashion_bolsas_e_acessorios,200.0,2017-11-01
2043cae78c8b731c405c7329a05154b2,2017-09-01,1,69.0,,,eletroportateis,750.0,2017-09-01
2052b3c5e08893e567c2fb7778476c75,2018-02-01,1,44.99,,,informatica_acessorios,810.0,2018-02-01
2078312a2dcf1fcd8a38eabcf5dd033a,2017-11-01,1,49.9,,,moveis_decoracao,400.0,2017-11-01
20992273fc264d0a559e37c346090fe6,2018-03-01,1,34.9,,,informatica_acessorios,600.0,2018-03-01
20a2613eb3b1c3819e733de3e91644de,2018-03-01,1,35.0,,,moveis_decoracao,2850.0,2018-03-01
20a64c9ab614812a2634ebbd69bb4a02,2017-06-01,1,99.99,,,cool_stuff,550.0,2017-06-01
20d6d5469584eb71125803455ccf914a,2018-01-01,1,99.0,,,telefonia,350.0,2018-01-01
20da3eeeb6af0e217f80b316439a94be,2018-03-01,1,809.91,,,informatica_acessorios,1300.0,2018-03-01
20daef67faad9f39084ec8812b1dc6b4,2017-09-01,1,40.9,,,beleza_saude,100.0,2017-09-01
20dd7f59c8d37692cd7aabe00f3af998,2018-03-01,1,61.9,,,beleza_saude,625.0,2018-03-01
20ed63974a9207895b4e56993e5a9a3c,2018-01-01,1,99.9,,,moveis_decoracao,5700.0,2018-01-01
210286fe46a9f587b63ead8d065ad3cd,2017-03-01,1,289.9,,,perfumaria,495.0,2017-03-01
210feb9ae3b060d29ec884aac60e5f10,2017-09-01,1,149.99,,,cool_stuff,1050.0,2017-09-01
211293b50935ced8d4370f552c482d74,2018-01-01,1,19.49,,,bebidas,226.0,2018-01-01
211f62173e6bd1cf140c0b05ecf78cbe,2017-05-01,1,139.9,,,livros_interesse_geral,1600.0,2017-05-01
2135fcbb25adcdcbe1b910622300a508,2017-12-01,1,27.7,,,automotivo,100.0,2017-12-01
2136c70bbe723d338fab53da3c03e6dc,2017-09-01,1,29.0,,,relogios_presentes,200.0,2017-09-01
2136c70bbe723d338fab53da3c03e6dc,2017-10-01,1,29.0,1.0,1.0,relogios_presentes,200.0,2017-10-01
2146114f819e6e6b2bd299addcd4bae1,2018-03-01,1,22.33,,1.0,esporte_lazer,166.0,2018-03-01
21937020c7e5f15e9ec26ebb88d3c26d,2017-10-01,1,12.0,,1.0,utilidades_domesticas,600.0,2017-10-01
2196663031bcde078cede855ac0b5739,2017-10-01,2,65.0,,,esporte_lazer,491.0,2017-10-01
21a6e49e01d1ee93aadbd8cdf776308f,2018-01-01,1,179.99,,,relogios_presentes,338.0,2018-01-01
21a95b5525c6d658ff4e5e1b50f7c02d,2017-07-01,1,129.99,,,brinquedos,650.0,2017-07-01
21a95b5525c6d658ff4e5e1b50f7c02d,2017-09-01,1,149.99,1.0,1.0,brinquedos,650.0,2017-09-01
21d325f98c6505a72b1bcf363f3d3f88,2017-09-01,1,44.99,,1.0,brinquedos,1250.0,2017-09-01
21d7610668a41f5ef8f24bfa0e13b315,2018-02-01,1,399.0,,1.0,eletronicos,7738.0,2018-02-01
21dd96fd31df21001d8e5b7a3fac9335,2017-08-01,1,84.9,,,unknown,900.0,2017-08-01
21f1d2b20d4942a15894bd1232b05a5e,2017-10-01,1,799.99,,,bebes,7034.0,2017-10-01
21fb5057dd6a737df6851a7ab7a130da,2017-11-01,1,69.0,,,moveis_decoracao,7550.0,2017-11-01
221682b067ae8e8460ae2517e7e25e11,2017-09-01,1,49.99,,,beleza_saude,250.0,2017-09-01
222efa72a47277d611b8b38d71149afd,2017-02-01,1,6.0,,,utilidades_domesticas,300.0,2017-02-01
222efa72a47277d611b8b38d71149afd,2017-03-01,1,6.0,1.0,1.0,utilidades_domesticas,300.0,2017-03-01
2236aad5e8fec12fe56de6b503b6f896,2018-01-01,1,165.9,,1.0,casa_construcao,1752.0,2018-01-01
223d34a3d9334039f5ff9511dc044bbb,2017-10-01,1,246.62,,1.0,telefonia,900.0,2017-10-01
223d34a3d9334039f5ff9511dc044bbb,2017-11-01,2,246.62,1.0,1.0,telefonia,900.0,2017-11-01
22594ba8fd9a72ad95d352929c821560,2017-03-01,1,99.99,,1.0,moveis_escritorio,8450.0,2017-03-01
226be9996759442f90f73b7d24c6baff,2018-04-01,1,40.5,,1.0,utilidades_domesticas,1950.0,2018-04-01
228f57b1acb5bdce9401c58653c8cc14,2017-10-01,1,169.99,,,relogios_presentes,433.0,2017-10-01
22c051b01971f34702857840a0e03fab,2017-11-01,1,199.99,,,instrumentos_musicais,950.0,2017-11-01
22c5ddc22ea8cae84fc9917def682dc6,2017-02-01,1,64.99,,,perfumaria,350.0,2017-02-01
22c5ddc22ea8cae84fc9917def682dc6,2017-06-01,1,56.99,1.0,1.0,perfumaria,350.0,2017-06-01
22c5ddc22ea8cae84fc9917def682dc6,2017-10-01,1,56.99,1.0,1.0,perfumaria,350.0,2017-10-01
22c5ddc22ea8cae84fc9917def682dc6,2017-11-01,1,56.99,1.0,1.0,perfumaria,350.0,2017-11-01
22c5ddc22ea8cae84fc9917def682dc6,2017-12-01,1,56.99,1.0,1.0,perfumaria,350.0,2017-12-01
22f80c8069aff9c90b22803e6aec51f5,2017-06-01,1,31.76,,1.0,automotivo,200.0,2017-06-01
232f608487cd2ed6669631eb468f2ed0,2017-05-01,1,260.0,,1.0,cool_stuff,900.0,2017-05-01
23365beed316535b4105bd800c46670e,2017-04-01,1,17.89,,,telefonia,350.0,2017-04-01
23365beed316535b4105bd800c46670e,2017-05-01,1,16.5,1.0,1.0,telefonia,350.0,2017-05-01
23365beed316535b4105bd800c46670e,2017-06-01,1,16.5,1.0,1.0,telefonia,350.0,2017-06-01
23429572ca0a6901f36825829cec09b1,2017-07-01,1,68.0,,1.0,consoles_games,600.0,2017-07-01
234af61e508645c6c1a470b8be9e28f2,2018-01-01,2,87.0,,1.0,livros_tecnicos,995.0,2018-01-01
2350c74f45b4009cbdab3fa73396c222,2018-04-01,1,39.5,,,eletrodomesticos,1650.0,2018-04-01
235458528f907463ec55ebb1e16b69f0,2017-06-01,1,54.9,,,papelaria,1200.0,2017-06-01
235458528f907463ec55ebb1e16b69f0,2017-08-01,2,51.945,1.0,1.0,papelaria,1200.0,2017-08-01
23588f7d2da3b618063a218a390fdd0d,2017-11-01,1,159.9,,1.0,cama_mesa_banho,3400.0,2017-11-01
235e0d56841710b62daf088840a96ba8,2017-04-01,1,110.0,,1.0,bebes,7050.0,2017-04-01
23601216d4de33d54c6801f27dc59357,2018-02-01,1,109.9,,,bebes,9400.0,2018-02-01
2362291929f77eccf5f5cb26029dcf90,2017-05-01,1,78.0,,,automotivo,2400.0,2017-05-01
2367943ffa6af39caabaf4f8f90e0d3a,2018-01-01,1,49.0,,,moveis_decoracao,350.0,2018-01-01
236c8998f9a6e6150cdfb75fed83c15d,2018-01-01,1,252.0,,,esporte_lazer,300.0,2018-01-01
23ab7bb9eac81e85ec43ed71064cf7ce,2017-11-01,1,29.99,,,cama_mesa_banho,550.0,2017-11-01
23b3e6e0aafa806f323de78534212b67,2018-03-01,1,139.9,,,construcao_ferramentas_jardim,5650.0,2018-03-01
23bb156d1ade824158d1b0c799f9a641,2017-10-01,1,109.9,,,cool_stuff,1000.0,2017-10-01
23bcd6822a33df5534f9b290216eec1f,2017-09-01,1,129.9,,,brinquedos,7000.0,2017-09-01
23bcd6822a33df5534f9b290216eec1f,2017-11-01,1,129.8,1.0,1.0,brinquedos,7000.0,2017-11-01
23ed7a10a36c6f88a757a9c83df9ea20,2017-04-01,1,449.9,,1.0,perfumaria,471.0,2017-04-01
2400c93fe382bdcd64e277eb723adac4,2018-03-01,1,70.9,,1.0,moveis_decoracao,1150.0,2018-03-01
240ab905c5d99c074894c0fb5a27979f,2017-04-01,1,15.0,,,unknown,200.0,2017-04-01
241e398aacc909372622952b2ec6f954,2017-11-01,1,179.9,,,papelaria,700.0,2017-11-01
2423252b2432f1803e4f29e0974c6cf7,2017-04-01,1,139.9,,,brinquedos,1167.0,2017-04-01
2423252b2432f1803e4f29e0974c6cf7,2017-10-01,2,139.9,1.0,1.0,brinquedos,1167.0,2017-10-01
24270aa37ba68dcc6be98dfde14da3be,2018-01-01,1,54.9,,1.0,malas_acessorios,900.0,2018-01-01
242e1933d9cb1c789d3c6a3f2d083ba0,2017-11-01,1,165.9,,1.0,brinquedos,8975.0,2017-11-01
242e1933d9cb1c789d3c6a3f2d083ba0,2017-12-01,1,185.9,1.0,1.0,brinquedos,8975.0,2017-12-01
242eb53ca3c0b52e275b6fd7ce8b0be7,2017-01-01,1,14.9,,1.0,fashion_bolsas_e_acessorios,200.0,2017-01-01
242ec3ff603c92ddc1e59d83b9e40a2d,2017-08-01,1,29.99,,1.0,bebes,200.0,2017-08-01
242edc6b84c00f0d48c664a020a92c52,2017-01-01,1,54.9,,,malas_acessorios,500.0,2017-01-01
243332c5551ef72c46bb6885fcaaa848,2018-03-01,2,120.0,,,beleza_saude,2000.0,2018-03-01
243bb58796ed2164b831fb75e1241888,2017-04-01,1,27.99,,,automotivo,300.0,2017-04-01
244e3bff7e186eaf8248819370c22daf,2017-11-01,1,82.9,,,ferramentas_jardim,600.0,2017-11-01
247fa5b4e2f524a22b21ef256ffc23e4,2017-05-01,1,26.9,,,informatica_acessorios,950.0,2017-05-01
247fa5b4e2f524a22b21ef256ffc23e4,2017-06-01,1,29.9,1.0,1.0,informatica_acessorios,950.0,2017-06-01
2481a472d98c582b46bc2dfeae6f539f,2017-06-01,1,59.55,,1.0,moveis_decoracao,950.0,2017-06-01
2481a472d98c582b46bc2dfeae6f539f,2017-08-01,1,59.55,1.0,1.0,moveis_decoracao,950.0,2017-08-01
2481a472d98c582b46bc2dfeae6f539f,2017-09-01,1,59.55,1.0,1.0,moveis_decoracao,950.0,2017-09-01
24a014458ccc6e989b4fcef5fa71da58,2017-05-01,1,109.9,,1.0,cama_mesa_banho,2000.0,2017-05-01
24a014458ccc6e989b4fcef5fa71da58,2017-09-01,1,109.9,1.0,1.0,cama_mesa_banho,2000.0,2017-09-01
24c66f106f642621e524291a895c9032,2017-09-01,1,159.9,,1.0,beleza_saude,792.0,2017-09-01
24c66f106f642621e524291a895c9032,2017-11-01,1,159.9,1.0,1.0,beleza_saude,792.0,2017-11-01
24c66f106f642621e524291a895c9032,2017-12-01,1,159.9,1.0,1.0,beleza_saude,792.0,2017-12-01
24ca97c9bbba92771baa2989300b2c50,2018-01-01,1,30.0,,1.0,pet_shop,200.0,2018-01-01
24cdea192c5e345910d4fda8580576bd,2017-08-01,1,119.9,,1.0,informatica_acessorios,300.0,2017-08-01
24d95adbf4d5909e2353d0256eb3ab4f,2017-03-01,1,109.9,,,utilidades_domesticas,800.0,2017-03-01
24d95adbf4d5909e2353d0256eb3ab4f,2017-08-01,1,109.9,1.0,1.0,utilidades_domesticas,800.0,2017-08-01
24daadd871657fb36dacde66b92cf0ff,2018-03-01,5,379.0,,1.0,construcao_ferramentas_seguranca,680.0,2018-03-01
24fffbd0188d2b7ceb351214c514b28c,2017-04-01,1,279.9,,1.0,perfumaria,426.0,2017-04-01
2514ff519f69595934371404ff50911d,2017-12-01,1,42.9,,,utilidades_domesticas,445.0,2017-12-01
251876e7ba013b87b7262fb2524e2d60,2017-07-01,1,59.5,,,bebes,1720.0,2017-07-01
25253e832959ada92f27f703995719d2,2017-07-01,1,79.9,,,cool_stuff,700.0,2017-07-01
25292482a61cb3298df8dbe15ea69daf,2017-11-01,1,1149.65,,,beleza_saude,500.0,2017-11-01
25292482a61cb3298df8dbe15ea69daf,2018-03-01,1,1149.65,1.0,1.0,beleza_saude,500.0,2018-03-01
252dc1fbd22786a5305623453f8eaf8b,2017-07-01,1,65.0,,1.0,beleza_saude,100.0,2017-07-01
252dc7b8f5d41ea6efcab73213ea1417,2018-04-01,1,102.0,,1.0,informatica_acessorios,193.0,2018-04-01
2540f260f9e39c68fa76e87c41220c28,2017-09-01,1,76.9,,,esporte_lazer,391.0,2017-09-01
25437c6ccd9cdc28db375f821881224f,2017-10-01,1,105.9,,,esporte_lazer,1050.0,2017-10-01
259119fc5bca4237dc823bd8a92dc25b,2018-03-01,1,64.9,,,esporte_lazer,700.0,2018-03-01
25c38557cf793876c5abdd5931f922db,2018-03-01,1,987.0,,,bebes,15800.0,2018-03-01
25e2023ed83352bde98dc1490d14c3d8,2017-12-01,1,119.99,,,brinquedos,887.0,2017-12-01
25f86162fee18735fffdb762dcb10d7c,2017-11-01,1,149.9,,,cama_mesa_banho,10800.0,2017-11-01
25f86162fee18735fffdb762dcb10d7c,2018-02-01,1,149.9,1.0,1.0,cama_mesa_banho,10800.0,2018-02-01
25f86162fee18735fffdb762dcb10d7c,2018-04-01,1,149.9,1.0,1.0,cama_mesa_banho,10800.0,2018-04-01
25faa7f2253c7e5c40a0ffa4d5bbdb25,2018-03-01,1,38.9,,1.0,esporte_lazer,417.0,2018-03-01
2604055d4992311bc72b115b6d5adda9,2017-11-01,1,194.9,,1.0,esporte_lazer,1600.0,2017-11-01
2604055d4992311bc72b115b6d5adda9,2018-03-01,1,227.0,1.0,1.0,esporte_lazer,1600.0,2018-03-01
26065e1e41411e39b249500b750e0e8d,2018-03-01,1,166.94,,1.0,moveis_decoracao,12333.0,2018-03-01
2636a9812d151c718b53387171ce08be,2016-10-01,2,30.97,,1.0,beleza_saude,443.0,2016-10-01
263849cef3655e2a54a6f55d4ccad401,2018-02-01,1,72.0,,,relogios_presentes,200.0,2018-02-01
2653c1a28e65f36161bcc73f0ca52727,2017-01-01,1,219.99,,,bebes,5150.0,2017-01-01
2661ef1d31888c2ecf2c878d1c85545f,2017-07-01,1,56.9,,,malas_acessorios,800.0,2017-07-01
26986dfc8b3cb9f957f2a5cca8920fa7,2018-01-01,2,169.99,,,moveis_escritorio,22500.0,2018-01-01
26a6bbf34441794b135d4d4642eeece9,2017-11-01,1,29.9,,,livros_interesse_geral,250.0,2017-11-01
26e253f334cf93847fcbf6e9faf51eb4,2018-02-01,1,169.0,,,esporte_lazer,6650.0,2018-02-01
271ce3fc018562e90257af8cd2af06bd,2017-04-01,1,72.62,,,esporte_lazer,825.0,2017-04-01
271f1932e906a6f5e59ffbf12cf04e93,2018-01-01,1,124.9,,,cama_mesa_banho,9800.0,2018-01-01
272e51f7fc982529466144f8b68ec58e,2017-05-01,1,179.9,,,market_place,3850.0,2017-05-01
2734390ee304b0f4817b3c233094fc16,2017-07-01,1,239.0,,,instrumentos_musicais,16200.0,2017-07-01
2756f88aa420dd0c5aa25b2db78d4664,2018-01-01,1,17.99,,,telefonia,200.0,2018-01-01
27672da99215b426dc0ced05731bccc6,2017-05-01,1,79.0,,,fashion_bolsas_e_acessorios,200.0,2017-05-01
27822f63a7f1bbbf439dfbdbec05b129,2017-07-01,1,98.0,,,unknown,8800.0,2017-07-01
27b99299bd10dc45971843eba0ef3124,2018-04-01,1,80.5,,,beleza_saude,1183.0,2018-04-01
27ceea27f2ac01a3b74b92e5b0a72a29,2017-06-01,1,96.8,,,esporte_lazer,600.0,2017-06-01
27e83703cdd809616f51c1d456314ed7,2017-09-01,1,175.9,,,informatica_acessorios,800.0,2017-09-01
27e90baf9d996277a5299e5d828be218,2018-03-01,1,1489.0,,,utilidades_domesticas,7900.0,2018-03-01
2800ef620d36d17df9b1adb26cc56a9d,2017-11-01,1,83.41,,,automotivo,4600.0,2017-11-01
28153a494455c0488b2afa71fa6ea98e,2017-08-01,1,110.0,,,automotivo,900.0,2017-08-01
2820a0ee65a765e5dbb7ef1da30d2f4f,2017-06-01,1,379.9,,,automotivo,1525.0,2017-06-01
2835bf7dc6f51f7dcd51d2ca3ab60ce9,2017-12-01,1,59.99,,,moveis_decoracao,1600.0,2017-12-01
283dc451ad3918badb976d56ff887289,2017-05-01,1,79.9,,,cama_mesa_banho,1650.0,2017-05-01
283dc451ad3918badb976d56ff887289,2017-11-01,1,89.9,1.0,1.0,cama_mesa_banho,1650.0,2017-11-01
283dc451ad3918badb976d56ff887289,2018-01-01,1,89.9,1.0,1.0,cama_mesa_banho,1650.0,2018-01-01
283f243bb09e48e8f324d175182d5cfa,2018-02-01,1,18.9,,1.0,telefonia,225.0,2018-02-01
28492192565141edad4251d6f32d1fe1,2017-05-01,1,169.9,,1.0,esporte_lazer,1238.0,2017-05-01
28609f55cdcc0e20aa621696e53c7075,2018-04-01,1,699.0,,,eletrodomesticos,5400.0,2018-04-01
289dfe89bc0d1eb6bea5a0a3bde85552,2018-01-01,1,54.9,,,cama_mesa_banho,1700.0,2018-01-01
28a652ff04e43c1bc57937a9f8770f9b,2017-09-01,1,99.0,,,papelaria,7700.0,2017-09-01
28beefcab28e6a3b659bae1bf1cbe453,2018-03-01,1,25.0,,,telefonia,250.0,2018-03-01
28ce57ecf4afba85e6020ec0209cada9,2018-01-01,2,249.9,,,cool_stuff,5650.0,2018-01-01
28e84464cd1bbb430b6394a555573df8,2017-12-01,1,199.0,,,cool_stuff,2000.0,2017-12-01
28ea12eefe401cceb76c6026abfbcd71,2017-07-01,1,74.99,,,esporte_lazer,1300.0,2017-07-01
28ec94b0adef9c07f96a03ec8dacf6f6,2017-12-01,1,79.9,,,brinquedos,600.0,2017-12-01
291cb07ce0a3ea5eb460e950b8554909,2017-04-01,1,69.9,,,moveis_decoracao,350.0,2017-04-01
293637be1a5ab3bd138fb6b758100e7c,2017-12-01,1,10.9,,,utilidades_domesticas,150.0,2017-12-01
29427de7f8a9ee983d9dbc51cec569b4,2017-05-01,1,99.99,,,cool_stuff,4475.0,2017-05-01
29427de7f8a9ee983d9dbc51cec569b4,2017-06-01,2,99.99,1.0,1.0,cool_stuff,4475.0,2017-06-01
29427de7f8a9ee983d9dbc51cec569b4,2017-07-01,1,99.99,2.0,1.5,cool_stuff,4475.0,2017-07-01
29427de7f8a9ee983d9dbc51cec569b4,2017-11-01,1,99.99,1.0,1.3333333333333333,cool_stuff,4475.0,2017-11-01
29427de7f8a9ee983d9dbc51cec569b4,2018-01-01,1,99.99,1.0,1.3333333333333333,cool_stuff,4475.0,2018-01-01
2944c269bc95271a46f4c63f07149b0a,2017-09-01,1,31.0,,1.0,cool_stuff,275.0,2017-09-01
294d41c2e68c3452a16c269c5a969537,2017-04-01,1,194.99,,1.0,perfumaria,550.0,2017-04-01
299f75185c7f6f9b711b15a5ddb77e56,2018-04-01,1,459.0,,,utilidades_domesticas,8850.0,2018-04-01
29b85c2f1ec5f4d02b03737a8fd3698b,2017-07-01,3,196.0,,,moveis_decoracao,850.0,2017-07-01
29d5359e5182f2c0632e139faf56b663,2017-10-01,1,150.0,,,esporte_lazer,2243.0,2017-10-01
29fffacd0907d0944b7af35086efdb43,2017-07-01,1,30.0,,,unknown,800.0,2017-07-01
2a00350b02e85228f3a3749f39ede66c,2018-01-01,1,320.0,,,brinquedos,4200.0,2018-01-01
2a04a72b11fceb1e99df5261fac8683f,2017-10-01,1,39.83,,,casa_construcao,350.0,2017-10-01
2a055622bea2fc1278c4ffef9eeec87b,2017-12-01,1,235.0,,,esporte_lazer,250.0,2017-12-01
2a2d22ae30e026f1893083c8405ca522,2017-07-01,4,134.9,,,cama_mesa_banho,8350.0,2017-07-01
2a2d22ae30e026f1893083c8405ca522,2017-08-01,1,134.9,4.0,4.0,cama_mesa_banho,8350.0,2017-08-01
2a2d22ae30e026f1893083c8405ca522,2018-01-01,1,148.9,1.0,2.5,cama_mesa_banho,8350.0,2018-01-01
2a565e1622c978b79bd6efc394ca6fee,2017-09-01,1,7.9,,2.5,ferramentas_jardim,200.0,2017-09-01
2a5806f10d0f00e5ad032dd2e3c8806e,2017-04-01,1,176.99,,1.0,moveis_escritorio,11875.0,2017-04-01
2a699d35a87e92a01747297243bfc987,2017-11-01,1,66.0,,,esporte_lazer,200.0,2017-11-01
2a7841348f24a00ee83641784f88f9b4,2017-12-01,1,64.02,,,automotivo,100.0,2017-12-01
2a7906396f06c254b7b32a8ed3e45894,2017-09-01,1,65.9,,,informatica_acessorios,350.0,2017-09-01
2aa23c51528b71a1c9f2ce72f4fc9ad8,2017-07-01,1,31.9,,,unknown,200.0,2017-07-01
2aaaa41fb5edc85f4814c73106f27d64,2018-01-01,1,508.72,,,informatica_acessorios,1175.0,2018-01-01
2ac0cca735ca6684053d28a17883b765,2017-07-01,1,119.9,,,bebes,1400.0,2017-07-01
2ae40c35ef6620f730a55329d0cd3301,2017-07-01,1,99.0,,,esporte_lazer,700.0,2017-07-01
2aef77073a11c1bb21ae9eabbc7a97e7,2018-02-01,1,209.98,,,moveis_escritorio,16200.0,2018-02-01
2b0233a7e7ded4751e8e3812f9a4553e,2018-02-01,1,21.49,,,informatica_acessorios,1925.0,2018-02-01
2b10e945dae5434075c8bb2be0d17325,2017-10-01,1,279.9,,,cama_mesa_banho,2950.0,2017-10-01
2b4609f8948be18874494203496bc318,2017-07-01,1,89.99,,,beleza_saude,250.0,2017-07-01
2b4609f8948be18874494203496bc318,2017-08-01,2,89.99,1.0,1.0,beleza_saude,250.0,2017-08-01
2b4609f8948be18874494203496bc318,2017-10-01,3,89.99,2.0,1.5,beleza_saude,250.0,2017-10-01
2b4609f8948be18874494203496bc318,2017-11-01,1,89.99,3.0,2.0,beleza_saude,250.0,2017-11-01
2b4609f8948be18874494203496bc318,2017-12-01,3,89.99,1.0,2.0,beleza_saude,250.0,2017-12-01
2b4609f8948be18874494203496bc318,2018-02-01,1,89.99,3.0,2.3333333333333335,beleza_saude,250.0,2018-02-01
2b4609f8948be18874494203496bc318,2018-03-01,3,86.65666666666665,1.0,1.6666666666666667,beleza_saude,250.0,2018-03-01
2b7aa376a6e728560bddb5558cc48e89,2018-01-01,5,116.18999999999998,,2.0,moveis_escritorio,13388.0,2018-01-01
2b87ded5c8c2c971d4d5a2e4bd7b85bc,2017-05-01,2,69.9,,1.0,brinquedos,233.0,2017-05-01
2b939dc9b176d7fa21594d588815d4a4,2017-07-01,1,84.9,,,malas_acessorios,1300.0,2017-07-01
2bb3e85f2a403543fdb64e266e70c792,2017-12-01,1,329.9,,,brinquedos,19450.0,2017-12-01
2bb3e85f2a403543fdb64e266e70c792,2018-02-01,1,347.9,1.0,1.0,brinquedos,19450.0,2018-02-01
2bc88b31190908684ebece09e5358592,2017-07-01,1,199.0,,1.0,cool_stuff,1650.0,2017-07-01
2be2be0a6a5916840503fdf50808ebcb,2018-03-01,1,24.2,,1.0,utilidades_domesticas,600.0,2018-03-01
2bf749803c44ed8670283404d3c2140b,2018-02-01,1,584.4,,,industria_comercio_e_negocios,10750.0,2018-02-01
2bfb0bdbcea77da2879f0ef3be9a219e,2018-04-01,1,697.9,,,consoles_games,900.0,2018-04-01
2c19582c3eea7a6f53a30dbe0a8ffa7e,2018-03-01,1,130.0,,,climatizacao,6300.0,2018-03-01
2c1cc48126c2bdca9e59a300ade4f1c8,2017-09-01,1,69.0,,,brinquedos,600.0,2017-09-01
2c2b1db11f5ec66bbc6ca9d1ce3f81a4,2017-07-01,1,64.9,,,brinquedos,300.0,2017-07-01
2c2b6a28924791234bd386bddb17512e,2017-02-01,1,379.0,,,construcao_ferramentas_seguranca,1008.0,2017-02-01
2c9729f1ad01461013c463866b72509a,2017-10-01,1,168.0,,,relogios_presentes,400.0,2017-10-01
2ccb88cb2c4943230baf9a184b76b76d,2017-02-01,1,59.9,,,beleza_saude,550.0,2017-02-01
2ccd049c8e7ea210e079a1aa8ad92477,2017-08-01,1,69.0,,,papelaria,6900.0,2017-08-01
2cd4861a56a6f98288e0281e47f4b1d5,2017-11-01,1,422.0,,,cama_mesa_banho,6250.0,2017-11-01
2cd4861a56a6f98288e0281e47f4b1d5,2018-02-01,1,422.0,1.0,1.0,cama_mesa_banho,6250.0,2018-02-01
2ced45a3059cbb128a8b8b6508809746,2018-01-01,3,110.0,,1.0,informatica_acessorios,350.0,2018-01-01
2cf9ec82c2ca858baedfb2c2e5c06b6f,2018-01-01,1,9.9,,1.0,utilidades_domesticas,100.0,2018-01-01
2cfd372900c7c65e4c4ed2ccf7a1cfd4,2017-07-01,1,667.0,,,relogios_presentes,550.0,2017-07-01
2d000576ada7098440d09be3e8b6ff5d,2017-08-01,1,18.9,,,informatica_acessorios,700.0,2017-08-01
2d00c3b37b984686777190e2e6e0a7b6,2017-07-01,4,89.9,,,informatica_acessorios,300.0,2017-07-01
2d27434c710806b971a721da337a112a,2017-07-01,1,39.0,,,relogios_presentes,200.0,2017-07-01
2d31f67b1edd83be73d1448bc1f1a7c7,2018-03-01,2,24.9,,,dvds_blu_ray,150.0,2018-03-01
2d4086091519b04cd687a38e33dc276c,2017-04-01,1,125.0,,,informatica_acessorios,200.0,2017-04-01
2d5bb6fc16b9fb75539ddcd93de86aa4,2017-06-01,1,89.9,,,brinquedos,500.0,2017-06-01
2d6540e715ca18c58c4aafd86c172aa1,2018-03-01,1,285.0,,,instrumentos_musicais,3050.0,2018-03-01
2d80845a6f78e68221e4965655a9a9b8,2018-03-01,1,89.9,,,eletrodomesticos,150.0,2018-03-01
2ddbeb76f134690c05636162f2558594,2018-01-01,1,21.1,,,unknown,1400.0,2018-01-01
2ddf9184f8aad1f832fdf5ecd1e53a17,2018-02-01,1,45.9,,,perfumaria,650.0,2018-02-01
2de2a40099e05d5f0e47d69623a3c178,2018-02-01,1,140.0,,,eletroportateis,1800.0,2018-02-01
2e0e1e610098039f2eee73b65de098b4,2017-09-01,1,519.0,,,relogios_presentes,429.0,2017-09-01
2e511b5741ab14e7f5294df6f1310b03,2018-03-01,1,110.0,,,informatica_acessorios,188.0,2018-03-01
2e64d11879c5bbda600381dbb5452a38,2017-12-01,1,81.9,,,beleza_saude,1350.0,2017-12-01
2e64d11879c5bbda600381dbb5452a38,2018-01-01,1,81.9,1.0,1.0,beleza_saude,1350.0,2018-01-01
2e6f3959fac9a271f1d1610c30d4b95c,2018-02-01,1,59.0,,1.0,relogios_presentes,200.0,2018-02-01
2e7980421ad7946eab8a71b637955704,2017-09-01,1,79.9,,1.0,utilidades_domesticas,2300.0,2017-09-01
2e810f124ff7668bc1ea0d1953aaacd2,2017-12-01,1,199.9,,,relogios_presentes,337.0,2017-12-01
2ea69b98f8a98247adf9aaba9367bddf,2018-01-01,1,51.9,,,automotivo,100.0,2018-01-01
2ea92fab7565c4fe9f91a5e4e1756258,2017-03-01,1,69.9,,,papelaria,10600.0,2017-03-01
2eb6e8f39feaf75fc5163f774d38f0f1,2017-01-01,1,69.5,,,pet_shop,467.0,2017-01-01
2ec00000248555d06c4dc55425cfa871,2017-11-01,1,599.9,,,brinquedos,925.0,2017-11-01
2f1507d615de7f4f0e73e3be811ee6bc,2017-04-01,1,199.0,,,perfumaria,600.0,2017-04-01
2f1927c926303d27159849d2601d5d96,2017-09-01,1,104.9,,,esporte_lazer,650.0,2017-09-01
2f5e485bacfeb554bec55cd497c9bc51,2017-12-01,2,45.99,,,utilidades_domesticas,236.0,2017-12-01
2f5e485bacfeb554bec55cd497c9bc51,2018-02-01,1,49.99,2.0,2.0,utilidades_domesticas,236.0,2018-02-01
2fe0cccc00239f01484b97ba65408800,2017-11-01,1,114.9,,2.0,cama_mesa_banho,967.0,2017-11-01
2feb7008fdbbf5e65a885a1e5fbd49d1,2017-12-01,1,190.0,,2.0,esporte_lazer,1350.0,2017-12-01
2ffdf10e724b958c0f7ea69e97d32f64,2017-11-01,1,198.0,,,relogios_presentes,263.0,2017-11-01
2ffdf10e724b958c0f7ea69e97d32f64,2017-12-01,1,229.0,1.0,1.0,relogios_presentes,263.0,2017-12-01
2ffdf10e724b958c0f7ea69e97d32f64,2018-01-01,2,213.9,1.0,1.0,relogios_presentes,263.0,2018-01-01
2ffdf10e724b958c0f7ea69e97d32f64,2018-02-01,1,224.9,2.0,1.3333333333333333,relogios_presentes,263.0,2018-02-01
30011d8ee44c9842921cbc7c1445544e,2017-09-01,1,192.0,,1.5,fashion_underwear_e_moda_praia,400.0,2017-09-01
3003a2841d6a775095317139ed2f7943,2018-03-01,1,56.89,,2.0,utilidades_domesticas,1205.0,2018-03-01
3006b8f5b476750a03137c1b2755cea1,2018-03-01,1,126.12,,,informatica_acessorios,100.0,2018-03-01
30469bb5ea377eae7121981e2f0778e4,2017-03-01,1,113.0,,,esporte_lazer,5950.0,2017-03-01
30469bb5ea377eae7121981e2f0778e4,2017-12-01,1,139.9,1.0,1.0,esporte_lazer,5950.0,2017-12-01
305a8467a383809ecce974a852d55ae3,2017-10-01,1,199.0,,1.0,relogios_presentes,400.0,2017-10-01
305cf3d6eaf7d2339acabcbacd5e3142,2018-02-01,1,260.0,,1.0,esporte_lazer,6350.0,2018-02-01
306e3f4a01df9f621c3b841e21f4018b,2018-01-01,2,160.0,,,informatica_acessorios,1133.0,2018-01-01
308a7360ee2e0ecfb6aa7708428692af,2018-02-01,1,25.9,,,eletronicos,150.0,2018-02-01
30ac6df06dc59ad72cf2f158fc2d904c,2018-01-01,1,94.0,,,utilidades_domesticas,16550.0,2018-01-01
30ac6df06dc59ad72cf2f158fc2d904c,2018-03-01,1,120.0,1.0,1.0,utilidades_domesticas,16550.0,2018-03-01
30ac6df06dc59ad72cf2f158fc2d904c,2018-04-01,2,120.0,1.0,1.0,utilidades_domesticas,16550.0,2018-04-01
30ad9d2c8a8e788a606a6c23e07260a9,2017-12-01,1,24.9,,1.0,informatica_acessorios,300.0,2017-12-01
30b159b653b87754d7a38446c7ef4669,2017-09-01,1,13.3,,1.0,fashion_bolsas_e_acessorios,200.0,2017-09-01
30b6868bde148b4c71716da3f1cdd9e3,2017-04-01,1,59.9,,,bebes,600.0,2017-04-01
30b74394f33d50a2af1047ee1cfd5705,2017-03-01,1,15.9,,,eletronicos,400.0,2017-03-01
30c01cc81c9eb80469371743813789cc,2017-05-01,1,38.33,,,pet_shop,300.0,2017-05-01
30c687d22c1be52d2fdf233f0dcadf24,2017-11-01,1,143.99,,,beleza_saude,3600.0,2017-11-01
30d55419015a4d9c2ca68586923d5a9f,2017-10-01,1,44.5,,,utilidades_domesticas,300.0,2017-10-01
30f3fd0e7b5d822bcd4ec6611b1e2c91,2017-10-01,1,50.0,,,beleza_saude,850.0,2017-10-01
312deeb177508f3b29f7ea944719b267,2017-12-01,1,11.9,,,moveis_decoracao,200.0,2017-12-01
315affd5901833621c947264eb9f2588,2017-02-01,1,139.9,,,relogios_presentes,300.0,2017-02-01
31639956e7fac87ecfd9d608040638bd,2017-09-01,2,70.9,,,cool_stuff,5150.0,2017-09-01
31699327e8b1095210f7c48d91fc09f0,2018-03-01,1,74.9,,,cama_mesa_banho,1400.0,2018-03-01
31a2f42a87890f87d77daebdfabc182e,2017-07-01,2,149.0,,,brinquedos,1700.0,2017-07-01
31a550e5405c2f75ecd052b2106f1330,2017-07-01,1,629.0,,,cool_stuff,8100.0,2017-07-01
31aaae9f2af6869bff6b8cbbaf195e65,2017-06-01,1,76.0,,,utilidades_domesticas,1300.0,2017-06-01
31c1d1dfbb4b2730140b8bd9248bcd58,2017-03-01,1,24.9,,,cama_mesa_banho,200.0,2017-03-01
31c1d1dfbb4b2730140b8bd9248bcd58,2017-12-01,1,24.9,1.0,1.0,cama_mesa_banho,200.0,2017-12-01
31c1d1dfbb4b2730140b8bd9248bcd58,2018-01-01,1,24.9,1.0,1.0,cama_mesa_banho,200.0,2018-01-01
31c79131e883e5fd8c4c85fe9f7d2bb2,2017-11-01,1,24.99,,1.0,telefonia,250.0,2017-11-01
31c79131e883e5fd8c4c85fe9f7d2bb2,2017-12-01,1,24.99,1.0,1.0,telefonia,250.0,2017-12-01
31c79131e883e5fd8c4c85fe9f7d2bb2,2018-01-01,1,24.99,1.0,1.0,telefonia,250.0,2018-01-01
31c79131e883e5fd8c4c85fe9f7d2bb2,2018-02-01,1,24.99,1.0,1.0,telefonia,250.0,2018-02-01
31dbb0d1815bdc83c93f4b3472fa7c4d,2017-07-01,1,29.0,,1.0,unknown,300.0,2017-07-01
31ddb1ee64afc01b90d5025db261a737,2017-11-01,1,16.0,,1.0,automotivo,475.0,2017-11-01
31e3a259123f3ba71c572f0bc08d9e5b,2018-04-01,1,189.0,,,relogios_presentes,150.0,2018-04-01
31fd02b02c33827cbde22902cf80338c,2017-07-01,1,39.9,,,utilidades_domesticas,200.0,2017-07-01
3215010238fcd9cab6ba7d2b81a6973d,2018-01-01,2,28.99,,,market_place,200.0,2018-01-01
321fd48981c751663bc43487274e7609,2018-03-01,1,19.9,,,bebes,100.0,2018-03-01
32252579a719da7dd2ee115f07dfd03b,2017-05-01,1,335.9,,,informatica_acessorios,867.0,2017-05-01
3225c54bb2785c33f49f50398fcdb88c,2018-02-01,1,279.9,,,relogios_presentes,269.0,2018-02-01
3225c54bb2785c33f49f50398fcdb88c,2018-03-01,1,270.0,1.0,1.0,relogios_presentes,269.0,2018-03-01
3225c54bb2785c33f49f50398fcdb88c,2018-04-01,1,259.0,1.0,1.0,relogios_presentes,269.0,2018-04-01
322ecdda3eff7439376c27a5114fd114,2017-09-01,1,72.8,,1.0,ferramentas_jardim,400.0,2017-09-01
32442bee23baee10041f5a964cfcbd15,2018-04-01,1,199.9,,1.0,papelaria,800.0,2018-04-01
327f871cb112db4bbbbf9dfb390b7374,2017-11-01,1,11.97,,,automotivo,800.0,2017-11-01
329c661807f085964b1877bfeca6ff73,2017-11-01,1,149.99,,,moveis_decoracao,3250.0,2017-11-01
32a6743a58d26480b6aa3850856286ac,2017-12-01,1,69.9,,,brinquedos,662.0,2017-12-01
32a8448d1612773bcfd0c5a8dd235e4e,2017-11-01,1,39.9,,,relogios_presentes,700.0,2017-11-01
32ae70a1e852f24cddc353ef7d38ed0a,2017-04-01,1,59.9,,,moveis_decoracao,600.0,2017-04-01
32aeecc02aa5adcb7f75155a80a47836,2017-10-01,1,138.5,,,esporte_lazer,2152.0,2017-10-01
32bb152336c896d906a6344cdbe1993c,2018-01-01,1,230.0,,,moveis_decoracao,7350.0,2018-01-01
32bb152336c896d906a6344cdbe1993c,2018-03-01,1,230.0,1.0,1.0,moveis_decoracao,7350.0,2018-03-01
32cb082100ed973a2e3a6950214f8629,2017-05-01,1,889.9,,1.0,malas_acessorios,19200.0,2017-05-01
32d058f0f2989cd05c927c0f481a1e43,2018-03-01,1,179.49,,1.0,automotivo,550.0,2018-03-01
32e390b4e48d09326cac6e93679160aa,2017-07-01,1,218.9,,,brinquedos,1800.0,2017-07-01
33202a8e7a645388c41ed714203d7131,2017-02-01,1,149.9,,,alimentos,3350.0,2017-02-01
3344f3ccc35b04b81d8cc2aefabcbcdd,2018-02-01,1,499.99,,,bebes,7700.0,2018-02-01
3347f12bccb00487d0d9aec54dc1037d,2017-12-01,1,119.0,,,moveis_cozinha_area_de_servico_jantar_e_jardim,6450.0,2017-12-01
334995514673fb6bae67885458b52984,2017-05-01,1,13.99,,,utilidades_domesticas,250.0,2017-05-01
334995514673fb6bae67885458b52984,2017-09-01,1,16.55,1.0,1.0,utilidades_domesticas,250.0,2017-09-01
334995514673fb6bae67885458b52984,2018-04-01,1,18.75,1.0,1.0,utilidades_domesticas,250.0,2018-04-01
33731b575da5eeaa98cd7c30b2c5c2e0,2017-01-01,3,69.9,,1.0,ferramentas_jardim,700.0,2017-01-01
337c81a0f9e751b6cbdf56680a33c365,2017-05-01,1,26.33,,1.0,esporte_lazer,163.0,2017-05-01
33924b6ae648c8e31d519ffba03f161a,2018-02-01,1,69.9,,,automotivo,5100.0,2018-02-01
3394bd1ad2fa9278c9da6724fbe73c60,2018-02-01,1,39.9,,,alimentos_bebidas,650.0,2018-02-01
339dea747edd309d3de1cc833cd28137,2018-02-01,1,149.9,,,informatica_acessorios,1000.0,2018-02-01
33a07ea8a7b3dbab277c180e9f1233ea,2017-05-01,1,37.0,,,automotivo,2000.0,2017-05-01
33ac889bc3af4ddede9c14fc789a3743,2018-03-01,2,149.0,,,ferramentas_jardim,1700.0,2018-03-01
33b67c1594a903b27b5163c0efb15a5d,2017-05-01,1,69.9,,,fashion_bolsas_e_acessorios,200.0,2017-05-01
33bfc11487d18d2405f84661bc164f0f,2017-07-01,1,109.9,,,perfumaria,545.0,2017-07-01
33bfc11487d18d2405f84661bc164f0f,2017-10-01,1,99.7,1.0,1.0,perfumaria,545.0,2017-10-01
33cf505f7d94c2283766b8b1b13ef3cd,2017-12-01,1,81.99,,1.0,cama_mesa_banho,900.0,2017-12-01
33dc3dc62db9a9f1b48cc4c3809fadb2,2017-06-01,1,94.9,,1.0,brinquedos,293.0,2017-06-01
33e77eecc23c25a65d10f627e5053617,2017-10-01,1,114.94,,,moveis_escritorio,7400.0,2017-10-01
33f17ed3c6906f7a7ae17a0843536db4,2017-12-01,1,27.99,,,telefonia,300.0,2017-12-01
33fac76e7f17367dedaef7954bbb33b4,2017-11-01,1,88.0,,,beleza_saude,550.0,2017-11-01
33fac76e7f17367dedaef7954bbb33b4,2018-01-01,1,88.0,1.0,1.0,beleza_saude,550.0,2018-01-01
33fca9d59532dd4c191217a979346ab9,2017-06-01,1,248.0,,1.0,perfumaria,431.0,2017-06-01
340f33bdf4103eba89df5d5153beff7e,2017-11-01,1,119.99,,1.0,moveis_decoracao,900.0,2017-11-01
3410cbd7df2130ec3cb9300ef0fe3df1,2017-09-01,1,59.0,,,informatica_acessorios,675.0,2017-09-01
341d85d688ecc3353cf2a968e7ad0dbf,2018-02-01,1,129.9,,,beleza_saude,350.0,2018-02-01
341d85d688ecc3353cf2a968e7ad0dbf,2018-03-01,1,119.9,1.0,1.0,beleza_saude,350.0,2018-03-01
34742604f6cd1e891726b849b6890f81,2017-01-01,1,859.0,,1.0,esporte_lazer,12000.0,2017-01-01
347ba21666e27d60475549270486d936,2018-03-01,1,17.89,,1.0,beleza_saude,500.0,2018-03-01
348b10ae8463b0ee175ad03103e59f83,2017-12-01,1,179.99,,,brinquedos,1000.0,2017-12-01
34b9bda637e469b293f081fc33d7a094,2018-03-01,1,49.9,,,cool_stuff,1050.0,2018-03-01
34beebdf2b189075548689f23441ad50,2017-11-01,1,714.3,,,informatica_acessorios,2717.0,2017-11-01
34d6306314a47fe15c1efdbc23302020,2017-03-01,1,69.0,,,informatica_acessorios,107.0,2017-03-01
34d6306314a47fe15c1efdbc23302020,2017-06-01,1,69.0,1.0,1.0,informatica_acessorios,107.0,2017-06-01
34d6306314a47fe15c1efdbc23302020,2017-08-01,1,69.0,1.0,1.0,informatica_acessorios,107.0,2017-08-01
34dabb8af33b3756cf72df05fb327011,2017-02-01,1,99.0,,1.0,tablets_impressao_imagem,300.0,2017-02-01
34dabb8af33b3756cf72df05fb327011,2017-09-01,1,99.0,1.0,1.0,tablets_impressao_imagem,300.0,2017-09-01
34dabb8af33b3756cf72df05fb327011,2018-02-01,2,52.0,1.0,1.0,tablets_impressao_imagem,300.0,2018-02-01
34dcc2f0a890f961ee6252a1cd6ae3f2,2018-01-01,1,470.0,,1.0,utilidades_domesticas,30000.0,2018-01-01
34f1d812e50cac90f35094208c67cc8b,2017-07-01,2,144.0,,1.0,moveis_cozinha_area_de_servico_jantar_e_jardim,19300.0,2017-07-01
34f99d82cfc355d08d8db780d14aa002,2017-10-01,1,2999.99,,,pcs,25950.0,2017-10-01
3516632e8f52b679ff83d1665ecc990e,2017-06-01,1,75.9,,,informatica_acessorios,167.0,2017-06-01
35557c68a22ecebcf066e25ca2ddc144,2017-11-01,1,16.9,,,ferramentas_jardim,300.0,2017-11-01
355c91ffac499557d65c0821237b6350,2017-09-01,1,20.3,,,fashion_bolsas_e_acessorios,850.0,2017-09-01
3570caaeaa3f5a1ae76392bb2b4155f9,2017-12-01,1,58.0,,,esporte_lazer,1550.0,2017-12-01
3570caaeaa3f5a1ae76392bb2b4155f9,2018-01-01,1,58.0,1.0,1.0,esporte_lazer,1550.0,2018-01-01
357a9e8a4b691ffbb0f855b23d490c4e,2017-03-01,1,31.0,,1.0,utilidades_domesticas,390.0,2017-03-01
357a9e8a4b691ffbb0f855b23d490c4e,2017-04-01,1,31.0,1.0,1.0,utilidades_domesticas,390.0,2017-04-01
3581206bcfdc0f2611c3d1e8edb87719,2017-04-01,1,12.98,,1.0,esporte_lazer,2300.0,2017-04-01
35afc973633aaeb6b877ff57b2793310,2017-03-01,1,89.9,,1.0,casa_conforto,1825.0,2017-03-01
35afc973633aaeb6b877ff57b2793310,2017-05-01,2,89.9,1.0,1.0,casa_conforto,1825.0,2017-05-01
35afc973633aaeb6b877ff57b2793310,2017-08-01,1,89.9,2.0,1.5,casa_conforto,1825.0,2017-08-01
35afc973633aaeb6b877ff57b2793310,2017-09-01,1,89.9,1.0,1.3333333333333333,casa_conforto,1825.0,2017-09-01
35afc973633aaeb6b877ff57b2793310,2018-01-01,2,88.445,1.0,1.3333333333333333,casa_conforto,1825.0,2018-01-01
35afc973633aaeb6b877ff57b2793310,2018-02-01,1,86.9,2.0,1.3333333333333333,casa_conforto,1825.0,2018-02-01
35b265fd684b08f6f780239bf05a390b,2017-08-01,1,47.49,,1.5,moveis_decoracao,1170.0,2017-08-01
35bc6c77029697004675d3a2ce505916,2017-08-01,2,155.0,,2.0,informatica_acessorios,610.0,2017-08-01
35ebf08a93899d44e756809e11b14754,2017-07-01,2,13.9,,,eletronicos,150.0,2017-07-01
35ebf08a93899d44e756809e11b14754,2018-01-01,2,18.9,2.0,2.0,eletronicos,150.0,2018-01-01
35ebf08a93899d44e756809e11b14754,2018-02-01,1,18.9,2.0,2.0,eletronicos,150.0,2018-02-01
35efb9f20785abb24313fa712efa8fdd,2017-08-01,1,62.8,,2.0,utilidades_domesticas,800.0,2017-08-01
36174802c8879b643cefc0511e7f06ed,2017-05-01,1,257.19,,2.0,eletrodomesticos_2,30000.0,2017-05-01
362b773250263786dd58670d2df42c3b,2017-11-01,1,49.9,,,esporte_lazer,200.0,2017-11-01
362b773250263786dd58670d2df42c3b,2017-12-01,1,49.9,1.0,1.0,esporte_lazer,200.0,2017-12-01
362b773250263786dd58670d2df42c3b,2018-03-01,1,59.9,1.0,1.0,esporte_lazer,200.0,2018-03-01
363218ba55c610b750224f90bdd34be1,2017-07-01,1,87.0,,1.0,cama_mesa_banho,1813.0,2017-07-01
363218ba55c610b750224f90bdd34be1,2018-01-01,1,85.0,1.0,1.0,cama_mesa_banho,1813.0,2018-01-01
363218ba55c610b750224f90bdd34be1,2018-02-01,1,79.99,1.0,1.0,cama_mesa_banho,1813.0,2018-02-01
363a742635cc645c207ce8102de9b837,2018-03-01,1,126.69,,1.0,moveis_decoracao,3600.0,2018-03-01
364db9e9154fdb4355992287afa4f774,2017-09-01,4,199.99,,1.0,moveis_escritorio,13550.0,2017-09-01
368aefcea6b2454dff5ce8156ea6766b,2017-07-01,1,114.9,,,esporte_lazer,1046.0,2017-07-01
368c6c730842d78016ad823897a372db,2017-08-01,1,59.9,,,ferramentas_jardim,1650.0,2017-08-01
368c6c730842d78016ad823897a372db,2017-10-01,1,59.9,1.0,1.0,ferramentas_jardim,1650.0,2017-10-01
368c6c730842d78016ad823897a372db,2017-11-01,1,59.0,1.0,1.0,ferramentas_jardim,1650.0,2017-11-01
368c6c730842d78016ad823897a372db,2017-12-01,8,56.725,1.0,1.0,ferramentas_jardim,1650.0,2017-12-01
368c6c730842d78016ad823897a372db,2018-01-01,6,49.9,8.0,3.3333333333333335,ferramentas_jardim,1650.0,2018-01-01
368c6c730842d78016ad823897a372db,2018-02-01,3,49.9,6.0,5.0,ferramentas_jardim,1650.0,2018-02-01
36940188c2ad1a212b94931a08cc3c29,2017-12-01,1,39.99,,7.0,telefonia,115.0,2017-12-01
36c2fb4fa746273709c373f6d6ec6796,2017-10-01,1,70.0,,6.0,cama_mesa_banho,6038.0,2017-10-01
36ea81e90d1292dcdc3ad8abb09c20fe,2017-08-01,1,74.5,,,bebes,350.0,2017-08-01
36ea81e90d1292dcdc3ad8abb09c20fe,2018-02-01,1,73.5,1.0,1.0,bebes,350.0,2018-02-01
36eef04eb938af8bd108b4e2753b5a95,2017-02-01,1,99.0,,1.0,moveis_decoracao,1600.0,2017-02-01
36f60d45225e60c7da4558b070ce4b60,2017-10-01,1,167.0,,1.0,informatica_acessorios,207.0,2017-10-01
36f60d45225e60c7da4558b070ce4b60,2018-01-01,7,95.43714285714285,1.0,1.0,informatica_acessorios,207.0,2018-01-01
36f60d45225e60c7da4558b070ce4b60,2018-02-01,2,67.9,7.0,4.0,informatica_acessorios,207.0,2018-02-01
36f60d45225e60c7da4558b070ce4b60,2018-03-01,1,88.0,2.0,3.3333333333333335,informatica_acessorios,207.0,2018-03-01
37108281cfb6d9fa07baf471f27eed76,2017-07-01,1,29.0,,4.5,papelaria,500.0,2017-07-01
3713f19c71c4be21ced80738e2fa49bc,2017-04-01,2,101.99,,2.0,moveis_escritorio,8200.0,2017-04-01
3713f19c71c4be21ced80738e2fa49bc,2017-12-01,3,79.99,2.0,2.0,moveis_escritorio,8200.0,2017-12-01
3713f19c71c4be21ced80738e2fa49bc,2018-03-01,1,79.99,3.0,2.5,moveis_escritorio,8200.0,2018-03-01
371c121dc86b3821f720e7dbe1928207,2017-11-01,2,15.99,,2.5,papelaria,150.0,2017-11-01
371fa349d92646bbeea5873df0bcdc5a,2017-11-01,1,24.62,,3.0,utilidades_domesticas,490.0,2017-11-01
372645c7439f9661fbbacfd129aa92ec,2017-07-01,1,99.9,,,cama_mesa_banho,1500.0,2017-07-01
372645c7439f9661fbbacfd129aa92ec,2017-10-01,1,119.9,1.0,1.0,cama_mesa_banho,1500.0,2017-10-01
37587b932bbc7d76c4d1cde1cba57542,2017-07-01,1,119.9,,1.0,ferramentas_jardim,800.0,2017-07-01
3787e7ea150c3a54578d3f58b133f9bf,2017-07-01,1,118.9,,1.0,cool_stuff,900.0,2017-07-01
378bb6601c068c842ca65be6c5e45ccd,2017-07-01,1,27.5,,,alimentos,1700.0,2017-07-01
378e13082055394b5a1607162398a207,2017-05-01,1,99.89,,,moveis_decoracao,200.0,2017-05-01
37933ba010cb5d5f231585d26287bed3,2017-11-01,1,83.3,,,utilidades_domesticas,9800.0,2017-11-01
37a4e50cc932108a1a952dcb9c15b0e7,2017-06-01,1,36.0,,,utilidades_domesticas,600.0,2017-06-01
37b99aa22bbac19b2a4afc4b2a958a53,2017-12-01,1,299.99,,,ferramentas_jardim,17300.0,2017-12-01
37bc5c7b7dca15cfcbe282fb0dd0bab3,2017-04-01,4,13.99,,,utilidades_domesticas,500.0,2017-04-01
37ca4ae4320cdda8a0ef625049f4cb88,2017-08-01,1,85.99,,,cama_mesa_banho,1900.0,2017-08-01
37f4d0bf85fbf875c920d460766d6a5c,2018-03-01,1,37.0,,,construcao_ferramentas_iluminacao,500.0,2018-03-01
381169576b9f3c083a1c3261da161a3b,2017-04-01,1,46.86,,,informatica_acessorios,225.0,2017-04-01
381402fe1e8aa91c45f813615ab5a596,2017-08-01,1,339.9,,,relogios_presentes,400.0,2017-08-01
382c2f734ff9d09b3cc73d86f618dbd6,2017-06-01,1,98.7,,,moveis_decoracao,2400.0,2017-06-01
382db2ed3015c04d4b844d2a0712494c,2017-10-01,1,95.03,,,cama_mesa_banho,1500.0,2017-10-01
38327e062df5eb11f9ff87b586df0fd4,2017-10-01,1,56.9,,,esporte_lazer,600.0,2017-10-01
383cefbb51f1c8bfaead6154724b06fb,2017-11-01,1,34.99,,,brinquedos,237.0,2017-11-01
386486367c1f9d4f587a8864ccb6902b,2017-03-01,3,109.90000000000002,,,cama_mesa_banho,835.0,2017-03-01
386486367c1f9d4f587a8864ccb6902b,2017-07-01,1,105.9,3.0,3.0,cama_mesa_banho,835.0,2017-07-01
386486367c1f9d4f587a8864ccb6902b,2017-10-01,1,113.57,1.0,2.0,cama_mesa_banho,835.0,2017-10-01
3894ee88e0f8f6ce2847a1f31e0ebb0e,2017-08-01,1,35.0,,2.0,informatica_acessorios,900.0,2017-08-01
389d119b48cf3043d311335e499d9c6b,2017-07-01,8,59.9,,1.0,ferramentas_jardim,1750.0,2017-07-01
389d119b48cf3043d311335e499d9c6b,2017-08-01,2,59.9,8.0,8.0,ferramentas_jardim,1750.0,2017-08-01
389d119b48cf3043d311335e499d9c6b,2017-09-01,1,59.9,2.0,5.0,ferramentas_jardim,1750.0,2017-09-01
389d119b48cf3043d311335e499d9c6b,2017-10-01,1,59.9,1.0,3.6666666666666665,ferramentas_jardim,1750.0,2017-10-01
389d119b48cf3043d311335e499d9c6b,2017-11-01,3,52.63333333333333,1.0,1.3333333333333333,ferramentas_jardim,1750.0,2017-11-01
389d119b48cf3043d311335e499d9c6b,2017-12-01,3,59.0,3.0,1.6666666666666667,ferramentas_jardim,1750.0,2017-12-01
389d119b48cf3043d311335e499d9c6b,2018-01-01,2,49.9,3.0,2.3333333333333335,ferramentas_jardim,1750.0,2018-01-01
389d119b48cf3043d311335e499d9c6b,2018-02-01,1,49.9,2.0,2.6666666666666665,ferramentas_jardim,1750.0,2018-02-01
389d119b48cf3043d311335e499d9c6b,2018-03-01,2,53.9,1.0,2.0,ferramentas_jardim,1750.0,2018-03-01
38cd38029795797c97b73421fdad08cf,2017-10-01,1,35.0,,1.5,fashion_bolsas_e_acessorios,350.0,2017-10-01
38d3d8beb882d46c0ecbd12cf224753f,2017-10-01,1,69.9,,1.0,utilidades_domesticas,1000.0,2017-10-01
38fa750a3a3b3204f169c86a3284d387,2017-12-01,1,41.0,,,esporte_lazer,183.0,2017-12-01
3904e66405ea8ec8d104534682a38c6d,2017-10-01,1,15.9,,,consoles_games,200.0,2017-10-01
3907f392eb7a6ba1d75fb55b28f7a27e,2017-05-01,1,161.9,,,brinquedos,1083.0,2017-05-01
39084b68d30ae3ce2bdaf467ed4f3dbc,2017-10-01,3,39.5,,,perfumaria,250.0,2017-10-01
390b11d5e6df7f88831bb38cfda1613d,2017-07-01,1,87.99,,,eletrodomesticos,3100.0,2017-07-01
391a014a66920fa0ce468319264e0232,2017-09-01,1,129.9,,,consoles_games,550.0,2017-09-01
3948f284081821f4e27ba8c23d4cbc9a,2018-03-01,1,81.0,,,brinquedos,1825.0,2018-03-01
394b16cd32e9f883365dd7ebac4edbe0,2018-04-01,1,14.4,,,eletronicos,150.0,2018-04-01
398eb7af23a74b3470f90b1744a48697,2017-07-01,1,124.99,,,brinquedos,367.0,2017-07-01
399f54c06661d06ca45c6e24ed238e0e,2017-10-01,3,61.9,,,cama_mesa_banho,1100.0,2017-10-01
39aa98469aa7460a9764311b3f8efb12,2017-05-01,1,45.95,,,cama_mesa_banho,350.0,2017-05-01
39aa98469aa7460a9764311b3f8efb12,2017-06-01,1,45.95,1.0,1.0,cama_mesa_banho,350.0,2017-06-01
39aa98469aa7460a9764311b3f8efb12,2017-11-01,1,45.95,1.0,1.0,cama_mesa_banho,350.0,2017-11-01
39aa98469aa7460a9764311b3f8efb12,2018-01-01,1,45.95,1.0,1.0,cama_mesa_banho,350.0,2018-01-01
39af1c81c0e72ebd1f5454972c24ca38,2017-06-01,1,20.0,,1.0,esporte_lazer,498.0,2017-06-01
39b86f4e3aedf22731990099a660a6f5,2017-12-01,1,49.0,,1.0,fashion_bolsas_e_acessorios,200.0,2017-12-01
39eef1b4d9ab7a5a121d3436b03ce7d3,2018-03-01,1,97.0,,,papelaria,1550.0,2018-03-01
39fda099b9edc21f85a80d14021579b5,2018-03-01,1,27.3,,,unknown,300.0,2018-03-01
3a081630438070b86de554fac9edcc7a,2017-12-01,3,61.0,,,cama_mesa_banho,900.0,2017-12-01
3a0ddc9fcc7d62e474b62ea3e2a45d39,2018-02-01,1,109.9,,,brinquedos,650.0,2018-02-01
3a0e83258aa8612b4e2d4d5d8a246f33,2018-01-01,2,39.99,,,perfumaria,470.0,2018-01-01
3a14e4f8d0d1c5be2acb3cd00d9c8047,2017-11-01,1,16.8,,,fashion_bolsas_e_acessorios,200.0,2017-11-01
3a21e6f5a154a5b03b6edb8fc6b24c5d,2017-08-01,1,49.9,,,bebes,220.0,2017-08-01
3a264b078bf20e98f315ff65c23fa263,2017-07-01,1,349.99,,,brinquedos,8100.0,2017-07-01
3a362c0e7f9a69276e2d95869a3e143b,2018-04-01,2,110.32,,,beleza_saude,150.0,2018-04-01
3a3d2f7c5abbf11ef8fadf732bb675e9,2017-09-01,1,49.8,,,esporte_lazer,280.0,2017-09-01
3a3f0628722b2f548673a2f7f5fa5605,2017-11-01,1,155.0,,,fashion_underwear_e_moda_praia,250.0,2017-11-01
3a44acb2ab18bafe83e7f6c55a1fc5fe,2017-09-01,4,49.99,,,automotivo,1100.0,2017-09-01
3a44e1cd6610483f2ab5e0ca8c2a4b45,2017-11-01,1,69.9,,,brinquedos,700.0,2017-11-01
3a4db42aea95097b7a616b36f21d143f,2017-11-01,1,234.9,,,papelaria,1000.0,2017-11-01
3a4db42aea95097b7a616b36f21d143f,2018-01-01,1,234.9,1.0,1.0,papelaria,1000.0,2018-01-01
3a621027279799b05b8b6492a92308ca,2017-02-01,1,19.99,,1.0,telefonia_fixa,65.0,2017-02-01
3a806ac1ab98107febb4ffcf38bc1fac,2017-09-01,1,130.0,,1.0,bebes,4750.0,2017-09-01
3a806ac1ab98107febb4ffcf38bc1fac,2018-02-01,2,130.0,1.0,1.0,bebes,4750.0,2018-02-01
3a8ff46f18e44e6c0b36e8b03de7a661,2017-11-01,1,57.5,,1.0,automotivo,100.0,2017-11-01
3a95236711511b32855804d3a6287595,2018-03-01,1,19.0,,1.0,fashion_bolsas_e_acessorios,150.0,2018-03-01
3a98bcea866c31f53b35a41d3822f908,2017-05-01,1,18.99,,,telefonia,100.0,2017-05-01
3aa3fb2fdb16c7383879e48a574fc8ab,2017-08-01,1,219.9,,,moveis_decoracao,11850.0,2017-08-01
3ab4f9477c417aa9192c704e752d2bc4,2017-12-01,1,240.0,,,automotivo,500.0,2017-12-01
3ac233805cb3141450d80bfc775929e3,2017-07-01,1,132.0,,,fashion_bolsas_e_acessorios,300.0,2017-07-01
3ac29f1f25166dcc60b97e65d9a5885c,2017-09-01,1,139.9,,,esporte_lazer,1050.0,2017-09-01
3adf46dbf0aa2bcca9d6fc85e4e7c339,2017-04-01,1,29.9,,,informatica_acessorios,150.0,2017-04-01
3adf46dbf0aa2bcca9d6fc85e4e7c339,2017-05-01,1,29.9,1.0,1.0,informatica_acessorios,150.0,2017-05-01
3adf46dbf0aa2bcca9d6fc85e4e7c339,2017-11-01,1,29.9,1.0,1.0,informatica_acessorios,150.0,2017-11-01
3b0f7951038b105522c2d566b54421f7,2018-03-01,1,29.98,,1.0,telefonia,175.0,2018-03-01
3b213ba02fcd0799a85c9c3580a3033d,2018-01-01,1,54.9,,1.0,bebes,350.0,2018-01-01
3b2d98c62a89221177c0f6213256816b,2017-02-01,1,8.97,,,telefonia,150.0,2017-02-01
3b30fb3ac17cda9e7e5b5112c692f665,2017-09-01,1,149.9,,,cool_stuff,2400.0,2017-09-01
3b37da20f1b1b8d79065208761003a69,2017-09-01,1,19.9,,,utilidades_domesticas,250.0,2017-09-01
3b42242085259cb66b6e577ae5173c76,2017-12-01,1,69.2,,,cama_mesa_banho,1600.0,2017-12-01
3b4c2252c7918d2d7756dfbc7d5842de,2018-04-01,1,39.3,,,utilidades_domesticas,950.0,2018-04-01
3b4d34dcf6c8a7fd6733db2a5fadf5e5,2017-08-01,1,198.89,,,cama_mesa_banho,1200.0,2017-08-01
3b60d513e90300a4e9833e5cda1f1d61,2017-11-01,1,159.77,,,unknown,450.0,2017-11-01
3b60d513e90300a4e9833e5cda1f1d61,2018-03-01,2,159.77,1.0,1.0,unknown,450.0,2018-03-01
3b60d513e90300a4e9833e5cda1f1d61,2018-04-01,2,129.77,2.0,1.5,unknown,450.0,2018-04-01
3b66a296f7f9d4a5aa79ca89f460af73,2017-08-01,3,16.9,,1.5,eletroportateis,350.0,2017-08-01
3b68c9e3c1775f3343e6643b793a5b02,2017-05-01,1,449.9,,2.0,relogios_presentes,450.0,2017-05-01
3b85e44a54ca23950c469c7fb1cc0e0a,2017-08-01,1,849.9,,,beleza_saude,30000.0,2017-08-01
3b94e26edc496743bbce82c42f0a9903,2018-02-01,1,49.9,,,moveis_decoracao,400.0,2018-02-01
3ba2b0de14984ce8f072c58be8d701dd,2017-02-01,1,104.99,,,brinquedos,6133.0,2017-02-01
3bbacbe586e957acbf26c63b3ed532a3,2017-07-01,1,144.9,,,pet_shop,8750.0,2017-07-01
3bcf64d8d26d6e06bd568d27fe31d8e8,2017-03-01,1,127.99,,,cama_mesa_banho,1650.0,2017-03-01
3bebad3cf2c8d1a8d3ce97174643e054,2018-03-01,2,19.5,,,agro_industria_e_comercio,500.0,2018-03-01
3becff10d1deb92b02f2a1ee62a04524,2017-11-01,1,419.0,,,informatica_acessorios,6150.0,2017-11-01
3becff10d1deb92b02f2a1ee62a04524,2018-01-01,1,426.99,1.0,1.0,informatica_acessorios,6150.0,2018-01-01
3bf87d2001b8176e6a3ad804b80774b4,2017-07-01,1,209.99,,1.0,moveis_escritorio,14775.0,2017-07-01
3bf95cf337a8c87435a2949c48350fc7,2017-12-01,1,91.49,,1.0,beleza_saude,2017.0,2017-12-01
3bf95cf337a8c87435a2949c48350fc7,2018-01-01,1,97.49,1.0,1.0,beleza_saude,2017.0,2018-01-01
3bfd406881ee395530b18ca51670161e,2017-05-01,1,189.99,,1.0,pet_shop,1000.0,2017-05-01
3c0c5eee30aef7a844410f1d1397b620,2018-02-01,1,109.97,,1.0,moveis_sala,9700.0,2018-02-01
3c0f50234e2cac5b619f358d4325be0d,2018-01-01,1,89.0,,,papelaria,1500.0,2018-01-01
3c1fe640b9b303b8f12b612e350b9446,2017-12-01,1,249.99,,,brinquedos,3075.0,2017-12-01
3c2f792f1041177a81913a977431a99e,2017-04-01,1,29.5,,,eletronicos,200.0,2017-04-01
3c3d244942b424b931c33f1ddc122b80,2018-04-01,1,190.0,,,pet_shop,122.0,2018-04-01
3c4223262d31fa35043380da246fb0fa,2017-10-01,1,58.9,,,esporte_lazer,700.0,2017-10-01
3c5fc4f6c055819eb7e2853e9fe08bb3,2017-09-01,1,94.0,,,papelaria,300.0,2017-09-01
3c79a7c125a368407bd03f3d8b0c4d25,2017-08-01,1,164.9,,,cama_mesa_banho,1550.0,2017-08-01
3c8403a4f7135ffcb0e050a81764088f,2017-05-01,1,105.9,,,cama_mesa_banho,700.0,2017-05-01
3cb35b42508b97cb50eb1f1090c9d719,2017-09-01,1,38.9,,,beleza_saude,600.0,2017-09-01
3cb3bb626c59ddde2c270b33131b356e,2017-08-01,1,112.49,,,beleza_saude,1200.0,2017-08-01
3cc4b421c1f28dd22e86fc4aaafb600e,2017-07-01,1,89.9,,,cama_mesa_banho,1100.0,2017-07-01
3cce0d166c3fb2507956c630c1d0f87c,2017-10-01,1,120.0,,,casa_construcao,900.0,2017-10-01
3cce0d166c3fb2507956c630c1d0f87c,2017-11-01,1,79.9,1.0,1.0,casa_construcao,900.0,2017-11-01
3cdff94d5455b793b415be775cace03c,2016-10-01,1,156.97,,1.0,beleza_saude,250.0,2016-10-01
3ce21e38e6a3060c20f4e74bdab770c8,2018-03-01,1,64.9,,1.0,bebes,5508.0,2018-03-01
3cebb9158a3aa0b3f78ee0f934c9f032,2017-07-01,1,59.9,,,esporte_lazer,1700.0,2017-07-01
3cf811adb8b18fdc2811eb4880edead3,2017-11-01,1,29.0,,,telefonia,200.0,2017-11-01
3d0552899dbe2f89cff6197aab33fe99,2017-07-01,1,114.9,,,alimentos,1084.0,2017-07-01
3d36ef6c6d553500f4240920658689e3,2017-04-01,1,299.99,,,brinquedos,1538.0,2017-04-01
3d482fda7c84e7e2eb013c19760f5c46,2017-11-01,1,339.0,,,ferramentas_jardim,6500.0,2017-11-01
3d5aae192e9628dfabdd07de7fb14aa4,2017-12-01,2,125.9,,,esporte_lazer,350.0,2017-12-01
3d77287739b6bf1ac163ce2d77570ada,2017-05-01,2,449.9,,,moveis_decoracao,30000.0,2017-05-01
3d97f0e9cc1e412e5d125b3d24af8707,2017-03-01,1,119.9,,,moveis_decoracao,4050.0,2017-03-01
3dacb3ae011b40803a508b23392e15a0,2017-01-01,1,299.9,,,papelaria,7200.0,2017-01-01
3db4edbe90c563f7b6c038f9a690fde1,2017-10-01,1,139.86,,,beleza_saude,1183.0,2017-10-01
3db75f31b76375c502f64d550dcd1166,2017-05-01,1,31.9,,,informatica_acessorios,200.0,2017-05-01
3db75f31b76375c502f64d550dcd1166,2017-06-01,2,31.9,1.0,1.0,informatica_acessorios,200.0,2017-06-01
3db75f31b76375c502f64d550dcd1166,2017-07-01,1,31.9,2.0,1.5,informatica_acessorios,200.0,2017-07-01
3db75f31b76375c502f64d550dcd1166,2017-11-01,1,31.9,1.0,1.3333333333333333,informatica_acessorios,200.0,2017-11-01
3dd2a17168ec895c781a9191c1e95ad7,2018-02-01,6,149.9,,1.5,informatica_acessorios,533.0,2018-02-01
3dd2a17168ec895c781a9191c1e95ad7,2018-03-01,4,149.9,6.0,3.5,informatica_acessorios,533.0,2018-03-01
3dd2a17168ec895c781a9191c1e95ad7,2018-04-01,1,149.9,4.0,5.0,informatica_acessorios,533.0,2018-04-01
3e086c8507756d8b53e4b0f676e7f42d,2017-12-01,1,39.9,,5.0,informatica_acessorios,200.0,2017-12-01
3e442d09f9dfef002aadf31960869f65,2017-02-01,1,20.9,,4.0,informatica_acessorios,200.0,2017-02-01
3e442d09f9dfef002aadf31960869f65,2017-03-01,1,20.9,1.0,1.0,informatica_acessorios,200.0,2017-03-01
3e4684507e866b7418a457863bfcd3fe,2017-06-01,1,153.78,,1.0,brinquedos,300.0,2017-06-01
3e4684507e866b7418a457863bfcd3fe,2017-07-01,1,153.78,1.0,1.0,brinquedos,300.0,2017-07-01
3e67af30c5e3eae465fbf496aa88fc8b,2017-09-01,1,89.9,,1.0,esporte_lazer,450.0,2017-09-01
3ea32f63a6aaf8d467e543dedf434ee7,2017-05-01,5,53.4,,1.0,automotivo,1000.0,2017-05-01
3ea7e516d573a0445abc7cab48949be0,2017-03-01,1,34.95,,,fashion_bolsas_e_acessorios,200.0,2017-03-01
3ece1fcd5a64459a4e24143920178f42,2017-06-01,3,49.0,,,moveis_decoracao,400.0,2017-06-01
3ee59eac7a0e259bb24ce5270d0bc901,2017-11-01,1,64.0,,,fashion_calcados,1050.0,2017-11-01
3eee0fd6b877331481b1ca94b2c77319,2018-01-01,4,87.0,,,automotivo,2400.0,2018-01-01
3eef0cb94ba82de806bb30ab743c7655,2018-02-01,1,79.99,,,moveis_escritorio,11880.0,2018-02-01
3eef0cb94ba82de806bb30ab743c7655,2018-03-01,4,79.99,1.0,1.0,moveis_escritorio,11880.0,2018-03-01
3efc7a945462447c7f6219f14ce3235a,2018-01-01,1,54.9,,1.0,esporte_lazer,1063.0,2018-01-01
3efebb35470259ef6ca0f8fa282631f7,2017-11-01,1,89.0,,1.0,fashion_bolsas_e_acessorios,50.0,2017-11-01
3f0376e782caf27ef19342d8e5c7e6f5,2018-02-01,1,15.0,,,eletronicos,150.0,2018-02-01
3f14d740544f37ece8a9e7bc8349797e,2018-01-01,2,84.9,,,informatica_acessorios,321.0,2018-01-01
3f14d740544f37ece8a9e7bc8349797e,2018-02-01,1,84.9,2.0,2.0,informatica_acessorios,321.0,2018-02-01
3f14d740544f37ece8a9e7bc8349797e,2018-03-01,3,87.96333333333332,1.0,1.5,informatica_acessorios,321.0,2018-03-01
3f1a741cf5591384428c1cbb0ef07ec0,2017-11-01,1,14.9,,1.5,beleza_saude,150.0,2017-11-01
3f289108c4090cd68adf56e2ae40dced,2017-11-01,1,149.9,,1.0,automotivo,2233.0,2017-11-01
3f40e0e434d939f380a29f5e863cfb9f,2017-11-01,1,144.9,,,pet_shop,1650.0,2017-11-01
3f869288a822d85504c7a423c9b473e3,2017-11-01,1,599.0,,,cool_stuff,1950.0,2017-11-01
3fadfe202fc3ad333cdd51870f1ddb03,2017-10-01,1,220.33,,,utilidades_domesticas,3250.0,2017-10-01
3fb4a7a71f6e781489ced64b438c055f,2017-10-01,1,899.99,,,relogios_presentes,600.0,2017-10-01
3fbc0ef745950c7932d5f2a446189725,2018-03-01,1,61.99,,,beleza_saude,350.0,2018-03-01
3fbd1a96fca26cfab52984da93349a4b,2017-03-01,1,199.9,,,fashion_roupa_masculina,875.0,2017-03-01
3fc18e3aefe7b9346bd15de863fa0365,2018-01-01,1,71.0,,,utilidades_domesticas,2850.0,2018-01-01
3fca280b9c1738d8d7996c7373d3ecee,2017-12-01,1,54.9,,,construcao_ferramentas_construcao,600.0,2017-12-01
3fca280b9c1738d8d7996c7373d3ecee,2018-01-01,1,54.9,1.0,1.0,construcao_ferramentas_construcao,600.0,2018-01-01
3ff53c0418c367eb333906f83eff8fbd,2017-08-01,1,49.0,,1.0,papelaria,350.0,2017-08-01
3ff53c0418c367eb333906f83eff8fbd,2018-02-01,1,59.0,1.0,1.0,papelaria,350.0,2018-02-01
40002041835941ae0e10b9716ab7b03d,2018-02-01,1,67.7,,1.0,eletronicos,700.0,2018-02-01
4011494d902f1075a502ffe9432186b3,2018-01-01,1,49.0,,1.0,instrumentos_musicais,650.0,2018-01-01
4027c03e4b0afe1963877d2d164f880b,2017-11-01,1,159.9,,,perfumaria,500.0,2017-11-01
4040bd73d3a2de25d369512db5aad42a,2018-03-01,1,63.72,,,utilidades_domesticas,1400.0,2018-03-01
404a57563d487aecbc2b1a01d9b89aab,2017-07-01,1,220.0,,,cama_mesa_banho,3500.0,2017-07-01
4052517cac9e78357d895976124f6972,2017-07-01,1,150.0,,,eletronicos,800.0,2017-07-01
40631fc40fbf11823322e3477ca53171,2018-04-01,1,287.7,,,beleza_saude,700.0,2018-04-01
4074fd19b30333e6cef7f658d672beef,2017-03-01,1,49.99,,,beleza_saude,1200.0,2017-03-01
4089861a1bd4685da70bddd6b4f974f1,2017-04-01,1,49.75,,,ferramentas_jardim,1500.0,2017-04-01
408e83214d33817b4bc554f392509088,2017-10-01,1,169.39,,,beleza_saude,2570.0,2017-10-01
40c6502218c2b8ae624cd1576aac13c1,2017-07-01,1,59.0,,,utilidades_domesticas,550.0,2017-07-01
40c6bf0ca8c0c5dfe779fd8c08a1f326,2018-02-01,1,219.0,,,casa_conforto,5350.0,2018-02-01
40e8b425d1a26e2d9cb77363523e05ce,2018-02-01,1,79.9,,,artigos_de_natal,4500.0,2018-02-01
40e8b425d1a26e2d9cb77363523e05ce,2018-03-01,1,79.9,1.0,1.0,artigos_de_natal,4500.0,2018-03-01
40e9fb75d3f96d5cca8fe7af35675ed0,2018-03-01,1,81.9,,1.0,perfumaria,150.0,2018-03-01
40f9d700a4bf5e0d84c70d704147971f,2018-02-01,1,239.99,,1.0,esporte_lazer,2000.0,2018-02-01
41311fd6316a50a9ff4ac5bfca1b910b,2018-04-01,1,164.0,,,esporte_lazer,700.0,2018-04-01
41402af2a88247152583bb812ba235dd,2017-11-01,1,277.0,,,relogios_presentes,533.0,2017-11-01
4161c903c8834f814fda62d066031d74,2017-08-01,1,12.5,,,alimentos_bebidas,500.0,2017-08-01
416c4340800aa9bce887e000e96390a9,2017-11-01,1,72.0,,,utilidades_domesticas,6050.0,2017-11-01
4177b72d13340189543215377d48f3c3,2017-11-01,1,178.0,,,eletroportateis,3350.0,2017-11-01
41801d2ed5124923137ec39aeeea1e93,2018-02-01,5,59.9,,,utilidades_domesticas,8525.0,2018-02-01
41817d1d44000e3105f24470a5224bcb,2018-03-01,1,128.0,,,esporte_lazer,1225.0,2018-03-01
4182ad8f6fd91b6064f2d1097d8a4291,2017-09-01,1,34.99,,,beleza_saude,1097.0,2017-09-01
418b40c9e83b7e5ac79e4a7ef975ebbe,2017-07-01,1,159.0,,,eletrodomesticos_2,7300.0,2017-07-01
41905505467674f4496fd2f6e9ebae6f,2018-03-01,1,14.99,,,informatica_acessorios,150.0,2018-03-01
41b43381a92451746dc1374dbbd4c43e,2018-01-01,1,159.99,,,moveis_escritorio,10025.0,2018-01-01
41bf6a8c9424d4ec060e39e21883db3f,2018-04-01,1,29.9,,,unknown,150.0,2018-04-01
41cd333a4af5e36df81fc0b83ccf8e2d,2018-01-01,1,388.0,,,bebes,10750.0,2018-01-01
41ddd4c8779d0943ee7706c384eeee8f,2018-03-01,1,89.7,,,pet_shop,700.0,2018-03-01
41e0c51896d728080432ffa1de66e992,2017-09-01,1,16.5,,,utilidades_domesticas,400.0,2017-09-01
420921e97463577fd5cc62c687d90bca,2017-10-01,1,283.2,,,telefonia,450.0,2017-10-01
42130cd7a981706499a4d337f2f7f621,2017-04-01,1,29.99,,,telefonia,100.0,2017-04-01
421890faa615c929339e62ace8ef69c7,2018-03-01,1,219.0,,,construcao_ferramentas_construcao,9700.0,2018-03-01
42189544021ccb7369862e7ee218d828,2018-02-01,2,99.85,,,beleza_saude,736.0,2018-02-01
42283300f3811baee739f5f6edc6feee,2018-04-01,2,22.97,,,construcao_ferramentas_construcao,450.0,2018-04-01
422879e10f46682990de24d770e7f83d,2017-07-01,1,59.9,,,ferramentas_jardim,1550.0,2017-07-01
422879e10f46682990de24d770e7f83d,2017-08-01,2,59.9,1.0,1.0,ferramentas_jardim,1550.0,2017-08-01
422879e10f46682990de24d770e7f83d,2017-11-01,4,51.5,2.0,1.5,ferramentas_jardim,1550.0,2017-11-01
422879e10f46682990de24d770e7f83d,2017-12-01,5,59.0,4.0,2.3333333333333335,ferramentas_jardim,1550.0,2017-12-01
422879e10f46682990de24d770e7f83d,2018-02-01,1,53.9,5.0,3.6666666666666665,ferramentas_jardim,1550.0,2018-02-01
422879e10f46682990de24d770e7f83d,2018-03-01,6,53.9,1.0,3.3333333333333335,ferramentas_jardim,1550.0,2018-03-01
422879e10f46682990de24d770e7f83d,2018-04-01,1,53.9,6.0,4.0,ferramentas_jardim,1550.0,2018-04-01
423a6644f0aa529e8828ff1f91003690,2017-12-01,1,425.0,,3.5,agro_industria_e_comercio,5800.0,2017-12-01
423a6644f0aa529e8828ff1f91003690,2018-03-01,1,465.0,1.0,3.5,agro_industria_e_comercio,5800.0,2018-03-01
42567bcc01d5c14969a24618af7a5f3d,2017-05-01,1,775.0,,1.0,relogios_presentes,500.0,2017-05-01
425966339f6d9c933d8f5f23310d86a6,2017-10-01,1,119.9,,1.0,beleza_saude,2350.0,2017-10-01
425db55cb3b0f5b18a2d9964da31c3c0,2018-01-01,1,49.9,,,papelaria,450.0,2018-01-01
42697582a754e573f9e3e9e78752252c,2017-11-01,1,79.0,,,informatica_acessorios,1644.0,2017-11-01
4279d87e5f7172daa2836d7122d10829,2017-12-01,1,499.0,,,cool_stuff,13800.0,2017-12-01
42877980a9990b1391c279582c1aa894,2017-08-01,1,45.99,,,esporte_lazer,200.0,2017-08-01
4293865e4ead3d446609086b4cfedb4f,2017-08-01,1,119.9,,,cama_mesa_banho,1650.0,2017-08-01
4293865e4ead3d446609086b4cfedb4f,2017-12-01,1,119.9,1.0,1.0,cama_mesa_banho,1650.0,2017-12-01
4293865e4ead3d446609086b4cfedb4f,2018-01-01,1,119.9,1.0,1.0,cama_mesa_banho,1650.0,2018-01-01
4298b7e67dc399c200662b569563a2b2,2017-06-01,1,169.99,,1.0,informatica_acessorios,200.0,2017-06-01
4298b7e67dc399c200662b569563a2b2,2017-07-01,1,179.9,1.0,1.0,informatica_acessorios,200.0,2017-07-01
4298b7e67dc399c200662b569563a2b2,2018-02-01,2,149.9,1.0,1.0,informatica_acessorios,200.0,2018-02-01
4298b7e67dc399c200662b569563a2b2,2018-03-01,3,149.9,2.0,1.3333333333333333,informatica_acessorios,200.0,2018-03-01
429de6049b45a9fcb96aff1603f55d3c,2018-04-01,1,29.99,,1.5,cool_stuff,150.0,2018-04-01
42a2bd596fda1baef5719cb74f73030c,2017-07-01,1,89.9,,2.0,cama_mesa_banho,1300.0,2017-07-01
42a2bd596fda1baef5719cb74f73030c,2017-09-01,1,89.9,1.0,1.0,cama_mesa_banho,1300.0,2017-09-01
42a2bd596fda1baef5719cb74f73030c,2017-11-01,1,89.9,1.0,1.0,cama_mesa_banho,1300.0,2017-11-01
42a2bd596fda1baef5719cb74f73030c,2018-01-01,1,99.9,1.0,1.0,cama_mesa_banho,1300.0,2018-01-01
42a2bd596fda1baef5719cb74f73030c,2018-03-01,1,99.9,1.0,1.0,cama_mesa_banho,1300.0,2018-03-01
42a2c92a0979a949ca4ea89ec5c7b934,2017-05-01,3,59.9,,1.0,utilidades_domesticas,7000.0,2017-05-01
42a2c92a0979a949ca4ea89ec5c7b934,2017-06-01,4,59.9,3.0,2.0,utilidades_domesticas,7000.0,2017-06-01
42a2c92a0979a949ca4ea89ec5c7b934,2017-07-01,1,59.9,4.0,3.5,utilidades_domesticas,7000.0,2017-07-01
42a2c92a0979a949ca4ea89ec5c7b934,2017-11-01,4,58.9,1.0,2.6666666666666665,utilidades_domesticas,7000.0,2017-11-01
42a2c92a0979a949ca4ea89ec5c7b934,2017-12-01,2,58.9,4.0,3.0,utilidades_domesticas,7000.0,2017-12-01
42c3b322d319a613dae422ea4087995e,2017-04-01,1,125.9,,2.5,esporte_lazer,2200.0,2017-04-01
42ec84ace63b58b8c5a7ba7be01d5fb8,2017-12-01,1,110.0,,4.0,cool_stuff,2550.0,2017-12-01
42ec84ace63b58b8c5a7ba7be01d5fb8,2018-04-01,1,89.9,1.0,1.0,cool_stuff,2550.0,2018-04-01
42ed7ff87eec051d7f9364afbf091dd3,2017-07-01,1,99.0,,1.0,eletroportateis,15200.0,2017-07-01
42ef2bdec0493fd90852352fcfbf2c24,2017-06-01,1,195.9,,1.0,informatica_acessorios,850.0,2017-06-01
42f25a7251d847a86c1849731bf166ff,2017-11-01,1,179.0,,,eletronicos,450.0,2017-11-01
4308439e0d80d5fe03f17ba83b57c493,2017-12-01,1,179.99,,,beleza_saude,600.0,2017-12-01
430f4c8e02bd4e1fe6330c38689b54f3,2018-01-01,1,79.9,,,cama_mesa_banho,950.0,2018-01-01
431d674f9a4fbd0957ecf6ba3fcb6899,2017-09-01,1,299.99,,,telefonia,450.0,2017-09-01
431d674f9a4fbd0957ecf6ba3fcb6899,2017-11-01,4,275.725,1.0,1.0,telefonia,450.0,2017-11-01
432357855585cf634fc9923523ce5e4a,2017-04-01,1,60.0,,1.0,alimentos,1150.0,2017-04-01
43354a2ac9eca9f50cb31647c6d5516a,2018-02-01,1,78.9,,1.0,brinquedos,8750.0,2018-02-01
43423cdffde7fda63d0414ed38c11a73,2017-10-01,4,55.0,,,relogios_presentes,350.0,2017-10-01
4363f22966358bced013833537034474,2018-02-01,1,89.0,,,cama_mesa_banho,2689.0,2018-02-01
436620c465f757ba7b47dd580f3c1eb2,2018-02-01,1,9.15,,,eletronicos,100.0,2018-02-01
43706a3188de57bb50aa9f10e3b2fbde,2018-02-01,1,12.99,,,beleza_saude,150.0,2018-02-01
4372c58b785f6a6e66899e62099b6ef2,2017-09-01,1,89.99,,,pet_shop,900.0,2017-09-01
437c05a395e9e47f9762e677a7068ce7,2018-02-01,2,48.555,,,beleza_saude,1110.0,2018-02-01
437c05a395e9e47f9762e677a7068ce7,2018-03-01,3,48.4,2.0,2.0,beleza_saude,1110.0,2018-03-01
43944a8f8f0b7ae86b6c3d3c2f257375,2017-11-01,1,699.0,,2.0,eletrodomesticos,4920.0,2017-11-01
439c095fb7491d1eafaba9c336f74247,2018-01-01,1,39.99,,2.0,utilidades_domesticas,2000.0,2018-01-01
439dee65f97bb5e70b021e1e7cf54a5e,2017-10-01,1,59.9,,,telefonia,100.0,2017-10-01
43f88c8353708451babf9bcdd1fda92a,2017-02-01,1,49.9,,,fashion_bolsas_e_acessorios,200.0,2017-02-01
43f88c8353708451babf9bcdd1fda92a,2018-03-01,1,64.9,1.0,1.0,fashion_bolsas_e_acessorios,200.0,2018-03-01
43f911ac50adc19a96cd523ade4e7cca,2017-04-01,1,59.9,,1.0,beleza_saude,1617.0,2017-04-01
441293f432282ea2ab9c82fe5f0fb875,2018-01-01,1,159.0,,1.0,moveis_decoracao,3100.0,2018-01-01
4413a608a42bd21bbf9d5abbd58c249a,2017-11-01,1,146.99,,,cool_stuff,2350.0,2017-11-01
4428c8810d85a949afe441cc0d33f756,2017-08-01,1,299.0,,,moveis_decoracao,2600.0,2017-08-01
443686a203341f24c2cead2297359568,2017-09-01,1,119.99,,,pet_shop,1100.0,2017-09-01
44414d55ce2808a7b8f3568a92d1484f,2017-05-01,1,328.9,,,ferramentas_jardim,3763.0,2017-05-01
44523a5e61f0a718c2231922b8856ad7,2017-06-01,1,379.99,,,relogios_presentes,286.0,2017-06-01
4463c4f83cecd53e81653bab5b41a0d9,2018-02-01,1,119.9,,,papelaria,3550.0,2018-02-01
4464ecc5c8cd38eff5beae1484f80166,2018-01-01,1,56.0,,,informatica_acessorios,917.0,2018-01-01
4473f3e5c65952b074ef987fa5c24662,2018-01-01,1,29.99,,,telefonia,350.0,2018-01-01
44a34214a57dc373dcd80f54c919d006,2017-04-01,2,29.5,,,esporte_lazer,350.0,2017-04-01
44a34214a57dc373dcd80f54c919d006,2017-05-01,1,29.5,2.0,2.0,esporte_lazer,350.0,2017-05-01
44a34214a57dc373dcd80f54c919d006,2017-06-01,1,29.5,1.0,1.5,esporte_lazer,350.0,2017-06-01
44a5d24dd383324a421569ca697b13c2,2018-02-01,14,29.99,,1.5,telefonia,300.0,2018-02-01
44a6e4ecf7b48f87481c243383b1c4cf,2017-12-01,1,39.9,,1.0,beleza_saude,230.0,2017-12-01
44b6d6f40d9b822201e81c9d5cb5b937,2018-02-01,1,56.9,,,utilidades_domesticas,1025.0,2018-02-01
44be579342e8ba8bbe3d0448d126afea,2017-11-01,1,24.9,,,utilidades_domesticas,550.0,2017-11-01
44be579342e8ba8bbe3d0448d126afea,2018-04-01,1,24.9,1.0,1.0,utilidades_domesticas,550.0,2018-04-01
44c015f31e165a805a0c68a2124e2e90,2017-05-01,1,569.95,,1.0,moveis_decoracao,7600.0,2017-05-01
44c06ea2624ec11360ccb3267b46d528,2017-06-01,1,74.99,,1.0,utilidades_domesticas,1400.0,2017-06-01
44f90f085c7a825863cbf867990e1513,2017-05-01,1,26.14,,,beleza_saude,517.0,2017-05-01
44fded21627553d1886d459384bbce06,2018-03-01,2,15.0,,,eletronicos,150.0,2018-03-01
44fded21627553d1886d459384bbce06,2018-04-01,1,15.0,2.0,2.0,eletronicos,150.0,2018-04-01
4520766ec412348b8d4caa5e8a18c464,2017-02-01,2,49.99,,2.0,automotivo,50.0,2017-02-01
4520766ec412348b8d4caa5e8a18c464,2017-09-01,1,40.0,2.0,2.0,automotivo,50.0,2017-09-01
4520766ec412348b8d4caa5e8a18c464,2017-10-01,1,40.0,1.0,1.5,automotivo,50.0,2017-10-01
457cd0a99cfa977993e4eb6d98d95abb,2018-01-01,1,29.99,,1.5,telefonia,350.0,2018-01-01
457cd0a99cfa977993e4eb6d98d95abb,2018-02-01,1,29.99,1.0,1.0,telefonia,350.0,2018-02-01
45804253761d5c941dda4383a2b35e8d,2017-12-01,1,94.9,,1.0,cool_stuff,1300.0,2017-12-01
45817bdb08cc2ba11a384d7428d95da9,2018-03-01,1,50.89,,1.0,automotivo,9950.0,2018-03-01
45a6892a98568b366b52ffeec9a03691,2017-09-01,4,34.96,,,alimentos,229.0,2017-09-01
45b280868bcc8124d9309f459a42eeaf,2018-03-01,1,169.0,,,esporte_lazer,6450.0,2018-03-01
45ba26803dbbdb26ec5757546929ac89,2017-04-01,1,69.9,,,pet_shop,400.0,2017-04-01
45ba26803dbbdb26ec5757546929ac89,2017-10-01,2,69.9,1.0,1.0,pet_shop,400.0,2017-10-01
45cfee87da128a8f939226bedd92a72d,2017-05-01,1,32.64,,1.0,pet_shop,1500.0,2017-05-01
45dc66388e0aeec2e8baab5572f2fa44,2018-01-01,1,38.0,,1.0,esporte_lazer,1100.0,2018-01-01
45df8892a1d74d2e8f960dc06625fdab,2017-03-01,1,299.0,,,telefonia,311.0,2017-03-01
45e67c8e544137e6c9dc0b1786f005c1,2017-12-01,1,25.49,,,consoles_games,200.0,2017-12-01
45e95fa9b4822fe9928abd8993cc37ce,2017-12-01,1,69.9,,,informatica_acessorios,475.0,2017-12-01
45f0310974e6082deeda855f91984347,2018-01-01,1,129.0,,,moveis_decoracao,2800.0,2018-01-01
45f134f05fdbccafa57f9f5b22f70b62,2017-12-01,1,12.99,,,beleza_saude,200.0,2017-12-01
45faac1ea8c173bb8c3e6cf23f5aac4e,2017-07-01,1,39.9,,,esporte_lazer,1325.0,2017-07-01
4610f9bc86835033aab4160bcb1c3d27,2017-05-01,1,29.9,,,moveis_decoracao,400.0,2017-05-01
4611bb7e0ac415d6ae411925356bc93a,2017-08-01,1,24.99,,,telefonia,150.0,2017-08-01
4615c086d05b264e9ff7004fcb515e37,2018-03-01,1,38.2,,,esporte_lazer,450.0,2018-03-01
461f43be3bdf8844e65b62d9ac2c7a5a,2017-08-01,1,169.9,,,relogios_presentes,444.0,2017-08-01
461f43be3bdf8844e65b62d9ac2c7a5a,2017-09-01,1,159.9,1.0,1.0,relogios_presentes,444.0,2017-09-01
461f43be3bdf8844e65b62d9ac2c7a5a,2017-10-01,2,146.0,1.0,1.0,relogios_presentes,444.0,2017-10-01
461f43be3bdf8844e65b62d9ac2c7a5a,2017-11-01,2,137.5,2.0,1.3333333333333333,relogios_presentes,444.0,2017-11-01
461f43be3bdf8844e65b62d9ac2c7a5a,2017-12-01,2,149.0,2.0,1.6666666666666667,relogios_presentes,444.0,2017-12-01
461f43be3bdf8844e65b62d9ac2c7a5a,2018-02-01,1,145.0,2.0,2.0,relogios_presentes,444.0,2018-02-01
461f43be3bdf8844e65b62d9ac2c7a5a,2018-03-01,1,123.0,1.0,1.6666666666666667,relogios_presentes,444.0,2018-03-01
461f43be3bdf8844e65b62d9ac2c7a5a,2018-04-01,1,121.9,1.0,1.3333333333333333,relogios_presentes,444.0,2018-04-01
46292acbc08d49b95138891146f7287b,2017-11-01,1,270.0,,1.0,pet_shop,158.0,2017-11-01
462a59e8ce95b0cb4df207fce782648c,2017-08-01,1,27.92,,1.0,livros_interesse_geral,500.0,2017-08-01
4630317645c09161b7409edb2448a828,2017-11-01,1,196.99,,,moveis_escritorio,16400.0,2017-11-01
4660d9b4ae2a49dc7a5cac39499b204b,2017-08-01,1,76.99,,,beleza_saude,600.0,2017-08-01
466d263ce8b7bd275003ee2104428127,2017-06-01,1,25.99,,,telefonia,150.0,2017-06-01
467c6bb41a33d10e03816f139e7baf85,2018-02-01,1,28.7,,,esporte_lazer,250.0,2018-02-01
46b173c179c7e6904a5728959bee5b3a,2017-09-01,1,160.0,,,brinquedos,550.0,2017-09-01
46e5995ddd4728e50343ef6bdb45b75f,2017-04-01,5,498.5,,,telefonia_fixa,800.0,2017-04-01
47125061c86148a6f08a9e8708cef1ff,2017-10-01,1,299.0,,,malas_acessorios,1175.0,2017-10-01
4723ab93377036eb7e0c15dfca8c8ce6,2017-04-01,1,35.9,,,telefonia,200.0,2017-04-01
4724ffa427f315c485e39b02e21859b2,2018-04-01,1,12.0,,,beleza_saude,550.0,2018-04-01
473795a355d29305c3ea6b156833adf5,2017-02-01,1,59.9,,,perfumaria,100.0,2017-02-01
473795a355d29305c3ea6b156833adf5,2017-04-01,1,59.9,1.0,1.0,perfumaria,100.0,2017-04-01
473795a355d29305c3ea6b156833adf5,2017-09-01,1,59.9,1.0,1.0,perfumaria,100.0,2017-09-01
473795a355d29305c3ea6b156833adf5,2017-11-01,1,59.9,1.0,1.0,perfumaria,100.0,2017-11-01
473795a355d29305c3ea6b156833adf5,2018-01-01,2,52.9,1.0,1.0,perfumaria,100.0,2018-01-01
473795a355d29305c3ea6b156833adf5,2018-02-01,2,55.9,2.0,1.3333333333333333,perfumaria,100.0,2018-02-01
473fd1121bbef1150c089c1225c70f30,2018-01-01,1,49.9,,1.5,moveis_decoracao,5400.0,2018-01-01
474bb6b54fc608ca71059a6c4f7ecda3,2018-01-01,1,21.9,,2.0,eletronicos,150.0,2018-01-01
474f95f49724d468f7835af438b6fde5,2017-03-01,2,32.9,,,cama_mesa_banho,800.0,2017-03-01
474f9f34cfa52ad18fde4836b84a3e80,2017-04-01,1,9.9,,,moveis_decoracao,600.0,2017-04-01
475e8a9ddbebf13af503d1c7eccadb1a,2017-05-01,1,149.9,,,moveis_escritorio,3400.0,2017-05-01
475e8a9ddbebf13af503d1c7eccadb1a,2017-06-01,1,149.9,1.0,1.0,moveis_escritorio,3400.0,2017-06-01
477aa9a85d7002688bae2cbbd93198f8,2017-11-01,1,29.99,,1.0,cama_mesa_banho,600.0,2017-11-01
477dae843da64019d49703a91abfbd33,2017-09-01,1,149.9,,1.0,beleza_saude,1627.0,2017-09-01
47a67549d9b00310453dec1c3902e391,2017-03-01,1,49.9,,,utilidades_domesticas,600.0,2017-03-01
47de5f36ace720b578ca1b30d0b45b8d,2017-10-01,1,248.91,,,informatica_acessorios,900.0,2017-10-01
47e544d0f04b42e19c0489b61fc6fa71,2018-02-01,1,109.9,,,informatica_acessorios,400.0,2018-02-01
4819da1e57bea0eb01d096e4f0d7d5fd,2018-01-01,1,99.99,,,esporte_lazer,900.0,2018-01-01
48428054567e07738a70f9d2a9fa0475,2017-12-01,1,56.99,,,perfumaria,250.0,2017-12-01
4845d1421cd53de09a405f5f869add3c,2017-05-01,2,109.9,,,cama_mesa_banho,800.0,2017-05-01
48640118918b5bd6454e3fee20ad637b,2017-11-01,1,294.0,,,esporte_lazer,2800.0,2017-11-01
486a70e221cccfbe8225ee9dd580abcb,2017-04-01,1,277.85,,,relogios_presentes,300.0,2017-04-01
486cebbfac430b06cf0aa980b89a3543,2017-08-01,1,223.9,,,brinquedos,2025.0,2017-08-01
486cebbfac430b06cf0aa980b89a3543,2017-10-01,1,199.9,1.0,1.0,brinquedos,2025.0,2017-10-01
48882f9b2e661cb01f564f54b92aa881,2017-12-01,1,19.9,,1.0,livros_interesse_geral,364.0,2017-12-01
488f6ad202b2656d346498ec03963de1,2017-08-01,1,43.9,,1.0,papelaria,700.0,2017-08-01
48972c4d034d78bb520475d037515238,2017-11-01,1,79.05,,,cama_mesa_banho,550.0,2017-11-01
48a59a89c4c68ff3e20a8b7586f33337,2018-03-01,1,380.0,,,beleza_saude,650.0,2018-03-01
48a731e170c51eecded8082b9ba71c65,2018-02-01,1,259.0,,,esporte_lazer,267.0,2018-02-01
48abab76a7346e27ed907fed3f388483,2017-03-01,1,34.2,,,utilidades_domesticas,4900.0,2017-03-01
48b099f6925c19d46ed5f013267681c2,2018-02-01,2,34.9,,,cama_mesa_banho,650.0,2018-02-01
48b6c38e1a7960b4123b60de736ec500,2018-03-01,1,85.0,,,esporte_lazer,333.0,2018-03-01
48c50c7181ca1507017447595d399b8f,2018-02-01,1,49.99,,,malas_acessorios,900.0,2018-02-01
48cf041a87beac458328d395d035515a,2017-12-01,1,28.99,,,telefonia,150.0,2017-12-01
48cfb3a131e13b40d85ba31ca531c3b1,2018-02-01,1,120.0,,,industria_comercio_e_negocios,2850.0,2018-02-01
48f45fb4d7e27353b8abef59be38b65e,2018-02-01,1,99.9,,,utilidades_domesticas,1200.0,2018-02-01
48f45fb4d7e27353b8abef59be38b65e,2018-03-01,1,99.9,1.0,1.0,utilidades_domesticas,1200.0,2018-03-01
48f866f20b5b6015a324210988e73387,2017-11-01,1,153.0,,1.0,cama_mesa_banho,1850.0,2017-11-01
4901f0f8eba79934ba3cdfa1fbc02893,2017-11-01,1,461.9,,1.0,construcao_ferramentas_seguranca,600.0,2017-11-01
4914f8796af2ecd359fd8f44b9b92339,2017-11-01,1,49.77,,,unknown,100.0,2017-11-01
4914f8796af2ecd359fd8f44b9b92339,2018-03-01,1,49.77,1.0,1.0,unknown,100.0,2018-03-01
49196a215bd6514843cebf65ebbe52c0,2017-11-01,1,196.5,,1.0,perfumaria,475.0,2017-11-01
492bcf01a7a40c8fe5c720574dc786b3,2018-03-01,1,239.0,,1.0,cool_stuff,700.0,2018-03-01
492bfd5c7a82cfd6dddccdec443b2ca4,2017-12-01,2,41.99,,,pet_shop,8500.0,2017-12-01
492bfd5c7a82cfd6dddccdec443b2ca4,2018-01-01,1,41.99,2.0,2.0,pet_shop,8500.0,2018-01-01
496f6bd86011e5a9ddea8dc96e802340,2017-10-01,1,72.9,,2.0,moveis_decoracao,1050.0,2017-10-01
498297b9721ee352dc65a4df65688433,2017-12-01,1,14.9,,2.0,bebes,500.0,2017-12-01
499152ec860819480e1b2d5598d1e29f,2018-01-01,1,69.9,,,automotivo,7075.0,2018-01-01
4991aed650384274b2e7bce99caff130,2017-02-01,1,54.9,,,esporte_lazer,300.0,2017-02-01
49ac91bd3a26d57c4c2a46e66977e69f,2018-01-01,1,86.99,,,esporte_lazer,4400.0,2018-01-01
49c95423c53618d42621bd07c1d1bfb6,2018-02-01,1,52.99,,,automotivo,50.0,2018-02-01
49cd59957f1c81427ca0b2edf5696969,2017-04-01,1,45.0,,,bebes,400.0,2017-04-01
49d703d64ccd635b04ed7ed75d0f427b,2017-04-01,1,33.0,,,moveis_decoracao,1000.0,2017-04-01
49e1eb2294c024ad435adb2b1de09336,2017-06-01,1,50.63,,,utilidades_domesticas,400.0,2017-06-01
49eeae59754cbcf1abeeffb8f51184ee,2018-01-01,1,69.2,,,cama_mesa_banho,1575.0,2018-01-01
4a0c2a56e65c941a0bb9874c47dd66d8,2018-03-01,2,84.99,,,cama_mesa_banho,1400.0,2018-03-01
4a1fceb27ddd81536c58bb333459b07c,2017-11-01,1,50.0,,,brinquedos,1300.0,2017-11-01
4a25d757ff72fad7534f478c90be77e6,2018-01-01,1,12.98,,,telefonia,275.0,2018-01-01
4a25fe90f6685b9fc991af9a796f74c3,2017-09-01,1,153.0,,,cama_mesa_banho,1900.0,2017-09-01
4a300735bc293723103db0d0c1bc1585,2017-10-01,4,70.9,,,telefonia,250.0,2017-10-01
4a3b0111d9c112251e4732b44d1d118b,2017-08-01,1,110.0,,,telefonia,300.0,2017-08-01
4a523a9f00bf299d2496151b0e2a3238,2017-07-01,1,119.0,,,esporte_lazer,1500.0,2017-07-01
4a5cc900bb2910a2b8dec20cebf1c0fb,2017-12-01,1,449.9,,,cool_stuff,18500.0,2017-12-01
4a7056788ce9287c76ade358f2e2572a,2018-03-01,2,21.9,,,artigos_de_festas,100.0,2018-03-01
4a90b44b456e79e7a33435fdd36e551f,2017-01-01,1,380.0,,,ferramentas_jardim,10700.0,2017-01-01
4a9389b1a1ad7d52963f24ce0391a08f,2017-06-01,1,89.0,,,esporte_lazer,700.0,2017-06-01
4aa6014eceb682077f9dc4bffebc05b0,2017-09-01,1,279.99,,,utilidades_domesticas,10150.0,2017-09-01
4ab7490d3e55de79cae5fc88e1657276,2018-03-01,1,89.99,,,cama_mesa_banho,1200.0,2018-03-01
4abef02c9dfc89006cb3d501d1f291c1,2017-02-01,1,50.0,,,bebes,250.0,2017-02-01
4ac533f3cdb87b7764bf5fd518a85bda,2017-11-01,1,80.0,,,cama_mesa_banho,1500.0,2017-11-01
4ae1bd4115a0ea08489ff7e821ddc4e5,2018-03-01,1,90.0,,,moveis_decoracao,5300.0,2018-03-01
4ae289635418a8110ea2d5fb86472c63,2017-09-01,1,75.0,,,utilidades_domesticas,1950.0,2017-09-01
4ae634441e444ca4bc85903cafe98d73,2017-03-01,2,25.0,,,telefonia,275.0,2017-03-01
4ae634441e444ca4bc85903cafe98d73,2017-04-01,2,13.98,2.0,2.0,telefonia,275.0,2017-04-01
4ae634441e444ca4bc85903cafe98d73,2017-06-01,1,11.99,2.0,2.0,telefonia,275.0,2017-06-01
4af84afb6aeb941678e2c3c56ee66343,2017-06-01,1,20.9,,2.0,beleza_saude,500.0,2017-06-01
4b13aefdb8d42b55a96d9985fa5da023,2017-07-01,1,34.99,,2.0,pet_shop,400.0,2017-07-01
4b24b35ca762a17e416dfcd4f647c28b,2018-01-01,1,47.01,,,utilidades_domesticas,1400.0,2018-01-01
4b456247c6fd6370f0c01903b0c6d67d,2017-08-01,1,139.9,,,informatica_acessorios,200.0,2017-08-01
4b5e26931a0b0d3a690a3f520329a975,2018-03-01,1,280.0,,,esporte_lazer,9450.0,2018-03-01
4b633d15945d2ad44c91f29920d2e75b,2017-08-01,1,14.9,,,eletronicos,133.0,2017-08-01
4b6b3a7072d549354c3743dedbf4170a,2017-12-01,1,55.0,,,relogios_presentes,350.0,2017-12-01
4b703444923b5e57bb73ba343f5ebab7,2017-05-01,1,39.9,,,cama_mesa_banho,264.0,2017-05-01
4b72033d6547d584a65c309c78552e24,2017-07-01,1,125.9,,,moveis_sala,4950.0,2017-07-01
4b7ddf18ef3c5205f6ec288dffcd7c55,2017-05-01,1,139.9,,,cool_stuff,500.0,2017-05-01
4b7ddf18ef3c5205f6ec288dffcd7c55,2018-03-01,1,139.9,1.0,1.0,cool_stuff,500.0,2018-03-01
4b96786612ebe7463132fce2c4dca136,2017-12-01,2,129.0,,1.0,utilidades_domesticas,10750.0,2017-12-01
4b96786612ebe7463132fce2c4dca136,2018-01-01,1,129.0,2.0,1.5,utilidades_domesticas,10750.0,2018-01-01
4b96786612ebe7463132fce2c4dca136,2018-02-01,1,129.0,1.0,1.5,utilidades_domesticas,10750.0,2018-02-01
4bb4fb9c85785b75ab4f6559900c7ca1,2017-03-01,1,37.99,,1.5,telefonia,150.0,2017-03-01
4bb4fb9c85785b75ab4f6559900c7ca1,2017-08-01,1,37.99,1.0,1.0,telefonia,150.0,2017-08-01
4c165ddec9f86318b210a89f1e3b6761,2018-03-01,1,62.7,,1.0,automotivo,4300.0,2018-03-01
4c1d9c97a7245db3b8d7a32fb4c02286,2017-07-01,1,129.9,,1.0,livros_interesse_geral,1320.0,2017-07-01
4c2394abfbac7ff59ec7a420918562fa,2017-08-01,1,84.99,,,beleza_saude,600.0,2017-08-01
4c2394abfbac7ff59ec7a420918562fa,2017-11-01,2,84.99,1.0,1.0,beleza_saude,600.0,2017-11-01
4c2394abfbac7ff59ec7a420918562fa,2017-12-01,3,84.99,2.0,1.5,beleza_saude,600.0,2017-12-01
4c2394abfbac7ff59ec7a420918562fa,2018-01-01,2,84.99,3.0,2.0,beleza_saude,600.0,2018-01-01
4c3165e9df5c5d143e67b5cb41ddfd13,2017-07-01,1,99.9,,2.5,fashion_bolsas_e_acessorios,500.0,2017-07-01
4c35791f944cf1550e8ae288b3f9e258,2017-02-01,1,269.0,,3.0,informatica_acessorios,424.0,2017-02-01
4c3ae5db49258df0784827bdacf3b396,2017-06-01,1,20.0,,,bebes,100.0,2017-06-01
4c505e52bedf9651c08793647c925e65,2018-01-01,1,35.0,,,cama_mesa_banho,350.0,2018-01-01
4c5cc632a68ce10ff22b58b5b8c8b8f3,2017-09-01,1,95.0,,,cama_mesa_banho,6300.0,2017-09-01
4c8541293fb2d3359cf52485b4d59b8e,2017-03-01,1,63.36,,,beleza_saude,750.0,2017-03-01
4c8b28305f570899b6ded964ddd234a9,2017-12-01,1,89.9,,,moveis_decoracao,550.0,2017-12-01
4c8b28305f570899b6ded964ddd234a9,2018-02-01,1,98.0,1.0,1.0,moveis_decoracao,550.0,2018-02-01
4c9d4ba4d612c9cb5c7180d711077d33,2017-06-01,1,76.99,,1.0,cama_mesa_banho,1800.0,2017-06-01
4cac1a12a6fe9ffba4a9556dbe582e28,2017-09-01,1,25.99,,1.0,automotivo,200.0,2017-09-01
4cb6e86e1328e77e20b5f90771683cbe,2017-06-01,1,104.0,,,esporte_lazer,1100.0,2017-06-01
4cb922d064b9a86b25b900350108771e,2018-02-01,1,104.9,,,brinquedos,11850.0,2018-02-01
4cc8bfa581f41841ce5e24aba773a44a,2017-12-01,1,56.99,,,cama_mesa_banho,875.0,2017-12-01
4cce2fad3d2dec6f82510d2521aebdd3,2017-03-01,1,144.9,,,utilidades_domesticas,1100.0,2017-03-01
4cd6ba4ea3112de8fc238307c4dc6307,2017-09-01,3,39.9,,,cama_mesa_banho,1000.0,2017-09-01
4cdd0c9eb93994b4c2b313ecb2c8b5ca,2018-02-01,1,13.32,,,utilidades_domesticas,250.0,2018-02-01
4ce9ab528124f89e091b17d11aa2e97c,2017-11-01,1,41.9,,,informatica_acessorios,500.0,2017-11-01
4ce9ab528124f89e091b17d11aa2e97c,2018-04-01,1,49.3,1.0,1.0,informatica_acessorios,500.0,2018-04-01
4cee3d875eb2f9d331aae01b8c4781e8,2018-04-01,1,69.99,,1.0,cama_mesa_banho,750.0,2018-04-01
4cee4c57bf2e00c0c0e10918245491c1,2017-07-01,1,149.0,,1.0,cama_mesa_banho,3750.0,2017-07-01
4d0ec1e9b95fb62f9a1fbe21808bf3b1,2017-11-01,1,99.9,,,cama_mesa_banho,1550.0,2017-11-01
4d272fe20c57c64dc74b3db191fc31ef,2017-08-01,1,24.9,,,cama_mesa_banho,350.0,2017-08-01
4d34afdb45a519bcec6f07b20f0b5622,2017-08-01,1,119.9,,,eletrodomesticos,1344.0,2017-08-01
4d4321549f8f978a19a4d17588b1e770,2017-04-01,1,269.0,,,casa_conforto,5350.0,2017-04-01
4d8ac542663b1d53ccdae075bc2a15ed,2017-07-01,1,20.0,,,informatica_acessorios,300.0,2017-07-01
4da0329350218978429b287440f4b87a,2017-06-01,1,41.9,,,moveis_decoracao,400.0,2017-06-01
4daac62d42cfbad476c3e42791411412,2017-11-01,1,19.99,,,fashion_bolsas_e_acessorios,100.0,2017-11-01
4dac30b28142fc71237ff0892e7f29c1,2017-06-01,1,129.5,,,informatica_acessorios,2300.0,2017-06-01
4df83a41105e00e0845b9d12b5fe601c,2018-01-01,2,832.9,,,relogios_presentes,536.0,2018-01-01
4dfbe01419f983d397ed0439f090541d,2017-11-01,1,120.0,,,cama_mesa_banho,2350.0,2017-11-01
4e04b7c4ec31cc8172cf3e5b863d34d0,2017-11-01,1,26.9,,,esporte_lazer,200.0,2017-11-01
4e064cdbe4079c84a33181a96cf5609b,2017-12-01,1,49.0,,,relogios_presentes,200.0,2017-12-01
4e0946aebc8e1d7521219ec1e7380aed,2016-10-01,1,128.9,,,brinquedos,5470.0,2016-10-01
4e0d01d5e5e4bd454e71e7cd1491c052,2017-03-01,1,76.49,,,beleza_saude,525.0,2017-03-01
4e3338174342c9d868255b062718111e,2017-11-01,1,74.9,,,automotivo,850.0,2017-11-01
4e3ebb4f257a1b5a8180093f6609aa72,2017-06-01,1,99.9,,,ferramentas_jardim,1600.0,2017-06-01
4e4210d7d638f6e904297071820f08db,2017-04-01,1,26.9,,,relogios_presentes,550.0,2017-04-01
4e424a1cee1626e101d211bd604b10e0,2017-12-01,1,29.9,,,eletronicos,350.0,2017-12-01
4e5e41fb7d296a6f776c63fee5cb9fac,2017-05-01,1,669.0,,,relogios_presentes,485.0,2017-05-01
4e5e41fb7d296a6f776c63fee5cb9fac,2017-10-01,1,589.0,1.0,1.0,relogios_presentes,485.0,2017-10-01
4e64dbe0b03dc0aba80f28b0b922c6b6,2017-05-01,1,49.9,,1.0,telefonia,133.0,2017-05-01
4e7814c736cac58bdcd4423ed76ca68a,2017-08-01,1,69.9,,1.0,fashion_calcados,1500.0,2017-08-01
4ea49b3aa2f6935d765edbb113932311,2018-04-01,1,24.89,,,consoles_games,100.0,2018-04-01
4eb3e07a4b54437a7f63eeb577ebf73a,2017-02-01,1,69.5,,,pet_shop,850.0,2017-02-01
4ebb87ba41ca446326804d0e7f8dcc93,2017-05-01,1,109.99,,,cool_stuff,1500.0,2017-05-01
4eda4a7eac36a8ff69db8880c4d95b7b,2018-03-01,1,25.0,,,livros_tecnicos,5150.0,2018-03-01
4eeb3431ff29b8867d4f7b817c298a81,2017-07-01,1,75.0,,,telefonia,300.0,2017-07-01
4eebe44f76b0976eab5c92eebeac8b55,2017-11-01,1,39.9,,,casa_construcao,1000.0,2017-11-01
4f2c53c9a1a7a00a247b351c1fdbed13,2018-02-01,2,21.99,,,cama_mesa_banho,550.0,2018-02-01
4f969a12cc8cb60a5cce67cc3fc305cd,2017-02-01,1,115.99,,,automotivo,186.0,2017-02-01
4fcb3d9a5f4871e8362dfedbdb02b064,2017-03-01,1,143.8,,,automotivo,5950.0,2017-03-01
4fcb3d9a5f4871e8362dfedbdb02b064,2017-09-01,1,143.8,1.0,1.0,automotivo,5950.0,2017-09-01
4fcb3d9a5f4871e8362dfedbdb02b064,2017-11-01,1,143.8,1.0,1.0,automotivo,5950.0,2017-11-01
4fcb3d9a5f4871e8362dfedbdb02b064,2017-12-01,2,143.8,1.0,1.0,automotivo,5950.0,2017-12-01
4fcb3d9a5f4871e8362dfedbdb02b064,2018-02-01,1,143.8,2.0,1.3333333333333333,automotivo,5950.0,2018-02-01
5002827044a87d2de4309a5e7e6e7755,2017-11-01,1,50.9,,1.5,malas_acessorios,700.0,2017-11-01
50063fba038aabf31446889396187973,2017-11-01,1,301.0,,2.0,instrumentos_musicais,1050.0,2017-11-01
500870614ddcf5bd84f7d26861026c8a,2017-10-01,2,29.99,,,telefonia,217.0,2017-10-01
50571d0f0f8ffbeec1c64cefeec01135,2018-04-01,1,83.9,,,fashion_bolsas_e_acessorios,350.0,2018-04-01
5059d375bec8f42bb1638f120d5a1e55,2017-12-01,1,219.9,,,informatica_acessorios,500.0,2017-12-01
505bdfe93e66810bd2dfd42bcc61976b,2017-04-01,1,159.0,,,informatica_acessorios,588.0,2017-04-01
506a50e2a24273052e1ed28217b78733,2018-03-01,1,61.45,,,industria_comercio_e_negocios,400.0,2018-03-01
508d5e8ce8e79bb506f9f0c096b295c4,2017-12-01,3,79.98,,,moveis_escritorio,12775.0,2017-12-01
5094d0cb28a3e400d90c21c6df262856,2017-12-01,1,33.0,,,cool_stuff,800.0,2017-12-01
509869967faff93ff8a7a229abed8641,2018-04-01,1,79.99,,,cama_mesa_banho,950.0,2018-04-01
50b9ed3a22932b28d452c73046083f5d,2017-08-01,1,34.6,,,esporte_lazer,254.0,2017-08-01
50d77758742285ff49f340ebdf0df5a7,2017-07-01,1,26.0,,,eletrodomesticos,500.0,2017-07-01
50e1b118f266b655f613f753914c42db,2018-03-01,2,39.99,,,cama_mesa_banho,800.0,2018-03-01
50f1880f1989251727fbbfe8c0a346a6,2017-08-01,1,129.99,,,cool_stuff,1450.0,2017-08-01
50f1880f1989251727fbbfe8c0a346a6,2018-01-01,1,139.99,1.0,1.0,cool_stuff,1450.0,2018-01-01
50f5f13adab483598dfb6a40afaf70b6,2017-08-01,1,19.9,,1.0,informatica_acessorios,100.0,2017-08-01
50fd2b788dc166edd20512370dac54df,2017-11-01,1,21.9,,1.0,eletronicos,150.0,2017-11-01
50fd2b788dc166edd20512370dac54df,2018-01-01,1,21.9,1.0,1.0,eletronicos,150.0,2018-01-01
50fd2b788dc166edd20512370dac54df,2018-02-01,1,21.9,1.0,1.0,eletronicos,150.0,2018-02-01
5115d8cd6438c0c4d8abdf38d5d41ebd,2017-10-01,1,69.0,,1.0,fashion_bolsas_e_acessorios,350.0,2017-10-01
5115d8cd6438c0c4d8abdf38d5d41ebd,2017-12-01,1,69.0,1.0,1.0,fashion_bolsas_e_acessorios,350.0,2017-12-01
51218a8d006d67354e44e530d57f9a20,2018-01-01,1,39.9,,1.0,esporte_lazer,950.0,2018-01-01
51250f90d798d377a1928e8a4e2e9ae1,2018-02-01,1,13.99,,1.0,perfumaria,50.0,2018-02-01
512a1d3b016cbc85a8359c3fc99b4abb,2017-09-01,1,159.9,,,esporte_lazer,3127.0,2017-09-01
513721dadfd93bcbce9da4d3bd67c06d,2017-05-01,1,125.0,,,casa_construcao,700.0,2017-05-01
5145cef9f9e1293cf8cba2c924eb94e9,2017-09-01,1,259.9,,,moveis_escritorio,11600.0,2017-09-01
516a7c0b152777ac153b6ff568582222,2017-08-01,1,49.9,,,fashion_bolsas_e_acessorios,100.0,2017-08-01
5176d8670222d50ebbe4d4c5dfba2b49,2017-07-01,1,14.9,,,eletronicos,125.0,2017-07-01
5176d8670222d50ebbe4d4c5dfba2b49,2017-12-01,1,18.9,1.0,1.0,eletronicos,125.0,2017-12-01
517d4955ffcf9fbd2bb0beb193c81a42,2017-04-01,1,118.9,,1.0,cool_stuff,900.0,2017-04-01
517d4955ffcf9fbd2bb0beb193c81a42,2017-05-01,2,118.9,1.0,1.0,cool_stuff,900.0,2017-05-01
518ef5de2c2b3a255e326a4594ba15d9,2017-02-01,1,145.0,,1.0,cama_mesa_banho,800.0,2017-02-01
51930b8934b8991edff523246feb9ae7,2017-07-01,1,99.9,,1.0,moveis_decoracao,1700.0,2017-07-01
51967f750b0391d02137a8ecd5424452,2017-10-01,1,29.99,,,fashion_bolsas_e_acessorios,100.0,2017-10-01
51b67230668746c1fe164ca744db9624,2017-08-01,1,149.0,,,cool_stuff,1000.0,2017-08-01
51ce083cd2b9078656a94655ab45b8a4,2018-01-01,1,199.9,,,cama_mesa_banho,2450.0,2018-01-01
51eb65f0fd99823a3cb2c0d985e230a9,2017-01-01,1,699.0,,,beleza_saude,29800.0,2017-01-01
5215505db2113a032810c3644c346a38,2018-02-01,1,99.0,,,relogios_presentes,250.0,2018-02-01
5218cced384ab9377c69874bd7c703f3,2017-07-01,1,28.9,,,esporte_lazer,400.0,2017-07-01
521a361808bedd9fffb32181e501e09b,2017-07-01,1,149.9,,,utilidades_domesticas,1200.0,2017-07-01
52218df62a3f5f88049701f0c460122a,2018-01-01,1,8.33,,,automotivo,500.0,2018-01-01
525947dbe3304ac32bf51602f9557c12,2017-10-01,1,119.9,,,cama_mesa_banho,2600.0,2017-10-01
5264cb4a58b418d789758d2f82913ca2,2018-04-01,1,55.0,,,cama_mesa_banho,450.0,2018-04-01
52690beab08122aee391378fbf246a58,2017-10-01,1,495.0,,,cool_stuff,650.0,2017-10-01
526e24e5c44ede53f4d3a7c10cf8bddb,2017-03-01,1,28.0,,,moveis_decoracao,300.0,2017-03-01
52a12e7275f0bd832ef3aade407a39bd,2017-08-01,1,39.99,,,esporte_lazer,400.0,2017-08-01
52a5346c9dae9cd560b103875b94d123,2018-03-01,1,119.9,,,unknown,200.0,2018-03-01
52b3af7304d611855714d9b3d1724ea7,2017-07-01,1,48.9,,,moveis_decoracao,1150.0,2017-07-01
52b4432d5f2efc197d3e792329b38cec,2018-02-01,1,43.9,,,informatica_acessorios,241.0,2018-02-01
52bd2502183574fc11a434d5d215a4cd,2017-10-01,1,329.0,,,brinquedos,900.0,2017-10-01
52c80cedd4e90108bf4fa6a206ef6b03,2017-11-01,2,179.99,,,ferramentas_jardim,7650.0,2017-11-01
52c80cedd4e90108bf4fa6a206ef6b03,2017-12-01,1,179.99,2.0,2.0,ferramentas_jardim,7650.0,2017-12-01
52c80cedd4e90108bf4fa6a206ef6b03,2018-01-01,3,185.99666666666667,1.0,1.5,ferramentas_jardim,7650.0,2018-01-01
52c80cedd4e90108bf4fa6a206ef6b03,2018-02-01,1,179.0,3.0,2.0,ferramentas_jardim,7650.0,2018-02-01
52d9fae94c2e139cde2318ee1e3a9d1f,2018-03-01,1,16.99,,2.0,informatica_acessorios,200.0,2018-03-01
53075a78fc601d6eb47e8ad2d142b7a8,2017-12-01,1,28.9,,3.0,telefonia,150.0,2017-12-01
53090d94b00b6613c77382b7f4617d2b,2017-10-01,1,24.9,,,audio,250.0,2017-10-01
5328338cfaa16ba10561cd970c73ca11,2017-08-01,1,199.0,,,cool_stuff,1950.0,2017-08-01
532a5b62ca2802053af3cc40179813fd,2017-11-01,1,35.18,,,fashion_bolsas_e_acessorios,200.0,2017-11-01
53524b8441311984f975500f1e8f1702,2017-09-01,1,29.9,,,pet_shop,1200.0,2017-09-01
5357a190f1759dc5ff9bea83eb195b14,2017-07-01,1,21.99,,,esporte_lazer,300.0,2017-07-01
5360ece40f89cf47f68ec7353fb12d49,2018-02-01,1,39.0,,,cama_mesa_banho,550.0,2018-02-01
5373e18844eec682770d139ba29cd32c,2017-10-01,1,50.0,,,fashion_bolsas_e_acessorios,100.0,2017-10-01
53759a2ecddad2bb87a079a1f1519f73,2017-09-01,1,59.9,,,ferramentas_jardim,1500.0,2017-09-01
53759a2ecddad2bb87a079a1f1519f73,2017-10-01,5,59.9,1.0,1.0,ferramentas_jardim,1500.0,2017-10-01
53759a2ecddad2bb87a079a1f1519f73,2017-11-01,5,51.18,5.0,3.0,ferramentas_jardim,1500.0,2017-11-01
53759a2ecddad2bb87a079a1f1519f73,2018-01-01,1,49.9,5.0,3.6666666666666665,ferramentas_jardim,1500.0,2018-01-01
53759a2ecddad2bb87a079a1f1519f73,2018-02-01,5,49.9,1.0,3.6666666666666665,ferramentas_jardim,1500.0,2018-02-01
537795846d3155fd59b4eb12545b1b2f,2018-01-01,1,13.99,,3.0,perfumaria,50.0,2018-01-01
53b36df67ebb7c41585e8d54d6772e08,2017-11-01,2,133.0,,1.0,relogios_presentes,584.0,2017-11-01
53b36df67ebb7c41585e8d54d6772e08,2017-12-01,1,149.0,2.0,2.0,relogios_presentes,584.0,2017-12-01
53b36df67ebb7c41585e8d54d6772e08,2018-02-01,1,128.89,1.0,1.5,relogios_presentes,584.0,2018-02-01
53b36df67ebb7c41585e8d54d6772e08,2018-03-01,4,118.75,1.0,1.3333333333333333,relogios_presentes,584.0,2018-03-01
53bd0c908c6ab820c9828763348728ef,2017-08-01,1,79.9,,1.0,moveis_decoracao,1300.0,2017-08-01
53bd0c908c6ab820c9828763348728ef,2017-12-01,1,79.9,1.0,1.0,moveis_decoracao,1300.0,2017-12-01
53e5ab849cd05746afa487fb57fa8271,2017-08-01,1,309.9,,1.0,relogios_presentes,500.0,2017-08-01
53ea9da485f6aed8a6f03a85831fe021,2017-10-01,1,249.99,,1.0,relogios_presentes,346.0,2017-10-01
53ea9da485f6aed8a6f03a85831fe021,2018-02-01,1,299.0,1.0,1.0,relogios_presentes,346.0,2018-02-01
53fda2e4872a41ed984770d4c60a5211,2017-11-01,1,124.99,,1.0,consoles_games,200.0,2017-11-01
54004861371c893cb5a5e2b563ef72c6,2018-04-01,1,39.4,,1.0,eletrodomesticos,1550.0,2018-04-01
5403528d987ad26e8d7cb25940411987,2017-12-01,1,49.0,,,relogios_presentes,250.0,2017-12-01
540a93038cc8b4c42ef0821b2cf067d3,2017-12-01,1,49.97,,,moveis_decoracao,4800.0,2017-12-01
5411e9269501a870cabf632f05655131,2017-04-01,1,99.0,,,papelaria,6550.0,2017-04-01
5411e9269501a870cabf632f05655131,2017-07-01,1,99.0,1.0,1.0,papelaria,6550.0,2017-07-01
5411e9269501a870cabf632f05655131,2017-11-01,1,109.0,1.0,1.0,papelaria,6550.0,2017-11-01
5411e9269501a870cabf632f05655131,2017-12-01,1,129.0,1.0,1.0,papelaria,6550.0,2017-12-01
5411e9269501a870cabf632f05655131,2018-01-01,5,129.0,1.0,1.0,papelaria,6550.0,2018-01-01
541de21b45fa18d292382c79394e055c,2018-01-01,1,299.0,,1.0,ferramentas_jardim,3200.0,2018-01-01
541ebe8c106e6b65e3861b679d455d4f,2017-11-01,1,209.9,,1.0,relogios_presentes,300.0,2017-11-01
542a646898298499b45840efc15775e4,2018-02-01,1,19.99,,,telefonia,50.0,2018-02-01
542b3d80712d51eefe3a3cd1c5f4e8fe,2017-09-01,2,37.9,,,cool_stuff,400.0,2017-09-01
542b3d80712d51eefe3a3cd1c5f4e8fe,2017-11-01,1,42.9,2.0,2.0,cool_stuff,400.0,2017-11-01
543fd1c1fba9cfa6e424473dd4d830f0,2018-02-01,2,93.9,,2.0,beleza_saude,550.0,2018-02-01
5440e1ed49a1153d573b1543dd10d95e,2017-05-01,1,159.9,,2.0,perfumaria,833.0,2017-05-01
545085671b9f2d7d2e1a9110b15d838c,2016-10-01,1,633.0,,,relogios_presentes,413.0,2016-10-01
5450ae624c196f64c291a61b12ffa3ee,2017-08-01,1,29.0,,,informatica_acessorios,200.0,2017-08-01
547041433f87f5c5a9ef21b598661cd3,2017-12-01,1,39.9,,,fashion_bolsas_e_acessorios,150.0,2017-12-01
5473286e93c7e00690574d686c02b868,2017-11-01,1,649.9,,,brinquedos,2500.0,2017-11-01
5479f02af4cde2ebe8801cf2b05cd49b,2018-01-01,1,188.0,,,construcao_ferramentas_construcao,4700.0,2018-01-01
547b95702aec86f05ac37e61d164891c,2017-09-01,1,129.0,,,ferramentas_jardim,9100.0,2017-09-01
54a96160126877c6a5cd30bfd35831e3,2017-09-01,1,65.9,,,beleza_saude,1550.0,2017-09-01
54b5d1594234247b378817e2f67a49aa,2018-02-01,2,87.0,,,sinalizacao_e_seguranca,575.0,2018-02-01
54d798aec2c073d2d403f66ee33ddbe4,2017-02-01,1,39.9,,,moveis_decoracao,700.0,2017-02-01
54d7ad85b648d3cb2b7069ed446d7f35,2017-07-01,2,154.91,,,informatica_acessorios,1067.0,2017-07-01
54d7ad85b648d3cb2b7069ed446d7f35,2017-11-01,2,149.91,2.0,2.0,informatica_acessorios,1067.0,2017-11-01
54d9ac713e253fa1fae9c8003b011c2a,2018-01-01,6,29.5,,2.0,cool_stuff,1867.0,2018-01-01
54d9ac713e253fa1fae9c8003b011c2a,2018-03-01,3,35.0,6.0,4.0,cool_stuff,1867.0,2018-03-01
54e5939fcd9ae70ad0f59f612d6d29bd,2017-09-01,1,42.9,,6.0,cool_stuff,550.0,2017-09-01
54f45413afc0d5480c59f5dfeed2d19f,2018-02-01,1,149.9,,6.0,beleza_saude,2450.0,2018-02-01
54f8f27ac6543c074ae5c4e7759b054a,2017-05-01,1,28.9,,,pet_shop,200.0,2017-05-01
54fd9c890a61acc4123f21fe92c981b0,2017-08-01,1,20.0,,,esporte_lazer,200.0,2017-08-01
551aefc4745dcc77aff9bfa0b4fce507,2017-03-01,1,19.9,,,esporte_lazer,1400.0,2017-03-01
555aa4ac569b61d4ce5bf8b6565f49bb,2017-09-01,1,179.9,,,moveis_cozinha_area_de_servico_jantar_e_jardim,12000.0,2017-09-01
555b27dfb2ed94d001c28e5624dd6961,2017-11-01,1,82.99,,,cama_mesa_banho,1450.0,2017-11-01
555b27dfb2ed94d001c28e5624dd6961,2017-12-01,1,82.99,1.0,1.0,cama_mesa_banho,1450.0,2017-12-01
55624051e913597daf59dee5c582b6b9,2017-11-01,1,84.9,,1.0,fashion_calcados,850.0,2017-11-01
557484a8965bdc4e548658239f7663fd,2017-09-01,1,179.99,,1.0,ferramentas_jardim,4000.0,2017-09-01
55782cb82e0efe052da0a3da237da3b2,2018-03-01,1,199.9,,,automotivo,2450.0,2018-03-01
5581bb179770e44255d6bb9b9e1bcca9,2018-01-01,1,18.89,,,esporte_lazer,363.0,2018-01-01
55939df5d8d2b853fbc532bf8a00dc32,2017-07-01,1,165.5,,,informatica_acessorios,600.0,2017-07-01
55aefe286a63b5e07f42a63c10371020,2017-09-01,1,399.0,,,relogios_presentes,600.0,2017-09-01
55b71bf300a2765a382eaec566df531f,2018-04-01,1,74.99,,,esporte_lazer,3400.0,2018-04-01
562502b79845deae9bcd86384921a2c5,2017-06-01,1,79.9,,,moveis_decoracao,200.0,2017-06-01
5626de2494437b1b23f9f6ecebc25faa,2018-01-01,1,98.99,,,cama_mesa_banho,1250.0,2018-01-01
562f0027bf0b43b487536b01b2002a3e,2017-09-01,1,79.9,,,cama_mesa_banho,1100.0,2017-09-01
564f6ff7ae760d6eda6d32c551724036,2017-12-01,1,169.9,,,cama_mesa_banho,2500.0,2017-12-01
5657897eec3381c5a9aaf19be83f16e2,2017-06-01,2,45.99,,,cool_stuff,500.0,2017-06-01
5657ff1fa4fd6988207125d788e6be2c,2017-12-01,1,82.8,,,papelaria,300.0,2017-12-01
566a4f2c4385f36d15c00dfcaae132d1,2018-01-01,2,21.9,,,eletronicos,150.0,2018-01-01
566a4f2c4385f36d15c00dfcaae132d1,2018-03-01,1,21.9,2.0,2.0,eletronicos,150.0,2018-03-01
569ffd16f8032478cbeb9800f2e94ba0,2018-03-01,2,16.9,,2.0,moveis_decoracao,410.0,2018-03-01
56a46955ecaf11d037f22e3f11b903d7,2017-07-01,2,89.97,,2.0,cama_mesa_banho,5350.0,2017-07-01
56b81eaffe3c2e7e54f3bdf2a935164f,2017-05-01,1,44.35,,,moveis_decoracao,1400.0,2017-05-01
56b83ac081e4e6ea5f87323b4e46e85c,2017-04-01,2,59.0,,,cama_mesa_banho,1100.0,2017-04-01
56b9f57262f84d21a4bd11c4c3536016,2018-01-01,1,249.7,,,beleza_saude,620.0,2018-01-01
56c6b095186f42a6a50e222f1e2b7577,2018-03-01,1,160.0,,,automotivo,50.0,2018-03-01
56d7faef0f7d847eea91b3302698bcc4,2017-02-01,2,219.9,,,cama_mesa_banho,2600.0,2017-02-01
56d7faef0f7d847eea91b3302698bcc4,2017-09-01,1,249.9,2.0,2.0,cama_mesa_banho,2600.0,2017-09-01
570901670f29d0410c85bbc0b588d23a,2018-03-01,1,124.99,,2.0,cama_mesa_banho,1750.0,2018-03-01
5742ee1a5d941486111ab986f6611735,2017-07-01,1,39.9,,2.0,utilidades_domesticas,1875.0,2017-07-01
574597aaf385996112490308e37399ce,2017-03-01,1,49.0,,,utilidades_domesticas,4800.0,2017-03-01
574597aaf385996112490308e37399ce,2017-05-01,1,49.0,1.0,1.0,utilidades_domesticas,4800.0,2017-05-01
574597aaf385996112490308e37399ce,2017-09-01,1,49.0,1.0,1.0,utilidades_domesticas,4800.0,2017-09-01
575a31c3324630960ae12bf5bb9618e4,2017-02-01,1,29.9,,1.0,moveis_decoracao,400.0,2017-02-01
575a896d07cd269eb0b2b8762e0be261,2018-01-01,1,169.9,,1.0,esporte_lazer,6150.0,2018-01-01
5783b6239d05ef4a58dee574f752ac62,2017-11-01,1,199.0,,,relogios_presentes,600.0,2017-11-01
57a2ee969286488b5437acce27b74259,2017-03-01,1,34.95,,,fashion_bolsas_e_acessorios,100.0,2017-03-01
57c580a8fbf3d8374b06bee7b6f4ce31,2017-07-01,1,49.9,,,moveis_decoracao,400.0,2017-07-01
57d2fa6882b789ad55e86074398826c4,2017-10-01,1,89.9,,,perfumaria,1500.0,2017-10-01
57d79905de06d8897872c551bfd09358,2018-01-01,1,29.99,,,telefonia,300.0,2018-01-01
57d9a5d185e8254383504f57c4b8ddcc,2016-10-01,1,14.9,,,moveis_decoracao,500.0,2016-10-01
57e089e3103f5cda6a4ce23b77399bdb,2017-11-01,2,59.9,,,bebes,650.0,2017-11-01
57e089e3103f5cda6a4ce23b77399bdb,2018-02-01,1,47.9,2.0,2.0,bebes,650.0,2018-02-01
57f2bc497c1a3ebe41ba7a06d78ed159,2017-09-01,1,55.0,,2.0,relogios_presentes,250.0,2017-09-01
580f59d167b4ded91943ef2b1f3d0077,2017-09-01,1,26.9,,2.0,cama_mesa_banho,400.0,2017-09-01
582dfc3697c5f834a5ddf28460ba9222,2018-03-01,1,19.99,,,fashion_bolsas_e_acessorios,300.0,2018-03-01
58327c5dd67068015c5a9c5eeb51d848,2017-02-01,1,739.9,,,brinquedos,1740.0,2017-02-01
583f158587cdecda3e8bdea694021e39,2018-01-01,5,45.0,,,esporte_lazer,800.0,2018-01-01
583f158587cdecda3e8bdea694021e39,2018-02-01,1,45.0,5.0,5.0,esporte_lazer,800.0,2018-02-01
583f158587cdecda3e8bdea694021e39,2018-03-01,2,45.0,1.0,3.0,esporte_lazer,800.0,2018-03-01
583f158587cdecda3e8bdea694021e39,2018-04-01,2,45.0,2.0,2.6666666666666665,esporte_lazer,800.0,2018-04-01
584d0486add75aa0f5c0660a7cd8afba,2017-05-01,1,29.9,,1.5,informatica_acessorios,200.0,2017-05-01
58528e42f4843601d879c7d3687800bc,2018-03-01,1,125.8,,2.0,pet_shop,5775.0,2018-03-01
58662fc2ddcb4853532ee42a1cfc9843,2017-05-01,1,39.9,,,informatica_acessorios,140.0,2017-05-01
586d2dcb4ad3f344da859b44a01d2080,2017-12-01,1,99.99,,,esporte_lazer,500.0,2017-12-01
58727e154e8e85d84052cd22b0136c84,2018-02-01,2,190.45,,,esporte_lazer,1175.0,2018-02-01
588531f8ec37e7d5ff5b7b22ea0488f8,2017-10-01,5,1437.0,,,pcs,2750.0,2017-10-01
588e30c9b715a9158d6431ae94c25fea,2017-09-01,1,89.9,,,fashion_underwear_e_moda_praia,200.0,2017-09-01
5895e5cc058d6773e63c7084c7f6e636,2018-01-01,1,35.9,,,esporte_lazer,375.0,2018-01-01
589c0d57d007f11fee1db92a2ae3f376,2017-09-01,1,299.9,,,brinquedos,12400.0,2017-09-01
589d0ec4c794dd688991c0f539f9e015,2017-07-01,1,20.9,,,pet_shop,200.0,2017-07-01
58eaed8e153f27f810f487f2c7ecc57f,2018-01-01,1,98.9,,,construcao_ferramentas_seguranca,53.0,2018-01-01
58f1f70c378b16f78eff44c7104aa772,2018-03-01,1,139.99,,,esporte_lazer,1400.0,2018-03-01
59038ff2ef33867691a60d4fe44ae544,2017-02-01,1,109.99,,,moveis_decoracao,7950.0,2017-02-01
59089e1668cc247d055ca3f9149093fc,2017-04-01,1,138.9,,,climatizacao,2950.0,2017-04-01
593236d0ff46b4299b4787fb8d43f7f0,2018-02-01,1,78.0,,,industria_comercio_e_negocios,7225.0,2018-02-01
593bdcdada2c45e94684f7bb36ca6cb9,2017-11-01,1,69.9,,,esporte_lazer,400.0,2017-11-01
59472d9519d2b7956f78887301e908ec,2018-04-01,1,35.0,,,moveis_decoracao,1300.0,2018-04-01
595e2ffe6a4ab5bc42d5e6cae20f2e10,2018-01-01,1,169.9,,,papelaria,1128.0,2018-01-01
595fac2a385ac33a80bd5114aec74eb8,2017-11-01,1,142.5,,,perfumaria,400.0,2017-11-01
595fac2a385ac33a80bd5114aec74eb8,2018-02-01,1,117.8,1.0,1.0,perfumaria,400.0,2018-02-01
595fac2a385ac33a80bd5114aec74eb8,2018-04-01,1,117.7,1.0,1.0,perfumaria,400.0,2018-04-01
5977232d42fd3aaa6789e1f50933661b,2018-04-01,1,98.75,,1.0,utilidades_domesticas,3100.0,2018-04-01
59891d75ce28f4e94a9d8ed9693c6554,2017-11-01,1,56.0,,1.0,beleza_saude,1450.0,2017-11-01
5999995b8f64d769dbc6f592b86d6f8a,2018-04-01,1,36.99,,,pet_shop,1200.0,2018-04-01
59b47581b7ba51a62bf9c3dd4fef36fd,2017-12-01,1,180.0,,,moveis_decoracao,1650.0,2017-12-01
59c5e6e108b88212fb98525c9000ecfb,2017-12-01,1,139.94,,,moveis_escritorio,8217.0,2017-12-01
59c6d60f81179f563785a48de25532b9,2017-08-01,4,24.0,,,instrumentos_musicais,100.0,2017-08-01
59d8034bb2a82cd5092e78d42148fa44,2017-12-01,1,29.99,,,pet_shop,250.0,2017-12-01
59ebd2c07d59483d0855b5b3d5e18728,2018-01-01,1,27.99,,,telefonia,300.0,2018-01-01
59ebd2c07d59483d0855b5b3d5e18728,2018-03-01,1,27.99,1.0,1.0,telefonia,300.0,2018-03-01
59f09deeea7c839a9212a19f3416b892,2018-04-01,1,379.9,,1.0,utilidades_domesticas,30000.0,2018-04-01
5a0146a47009000363e3ceeade37c54b,2018-03-01,1,120.0,,1.0,papelaria,1550.0,2018-03-01
5a0146a47009000363e3ceeade37c54b,2018-04-01,1,120.0,1.0,1.0,papelaria,1550.0,2018-04-01
5a0783457f0264ade6beeac64ba145f4,2018-02-01,1,59.99,,1.0,eletroportateis,400.0,2018-02-01
5a47c5b5c3866f29177d497727f22f38,2018-01-01,1,128.56,,1.0,esporte_lazer,1350.0,2018-01-01
5a6e53c3b4e8684b13388d6aa4afdf12,2017-03-01,1,14.99,,,utilidades_domesticas,200.0,2017-03-01
5a6e53c3b4e8684b13388d6aa4afdf12,2017-04-01,4,15.99,1.0,1.0,utilidades_domesticas,200.0,2017-04-01
5a6e53c3b4e8684b13388d6aa4afdf12,2017-05-01,2,16.99,4.0,2.5,utilidades_domesticas,200.0,2017-05-01
5a7373ba4c9b3e13513ded06cd1986c4,2018-02-01,1,39.49,,2.5,esporte_lazer,105.0,2018-02-01
5a848e4ab52fd5445cdc07aab1c40e48,2017-12-01,4,122.99,,4.0,unknown,400.0,2017-12-01
5a848e4ab52fd5445cdc07aab1c40e48,2018-01-01,1,122.99,4.0,4.0,unknown,400.0,2018-01-01
5a848e4ab52fd5445cdc07aab1c40e48,2018-02-01,3,122.99,1.0,2.5,unknown,400.0,2018-02-01
5a848e4ab52fd5445cdc07aab1c40e48,2018-03-01,2,122.99,3.0,2.6666666666666665,unknown,400.0,2018-03-01
5a848e4ab52fd5445cdc07aab1c40e48,2018-04-01,3,122.99,2.0,2.0,unknown,400.0,2018-04-01
5a885007d9eed9680c983b19126a4bee,2018-01-01,1,52.9,,2.5,malas_acessorios,700.0,2018-01-01
5a9f5760be273f3c7994beec0dbee655,2018-04-01,1,69.0,,2.0,utilidades_domesticas,850.0,2018-04-01
5aad359a63cbb4fc35ead44346a3eeb4,2017-05-01,1,10.99,,,moveis_decoracao,100.0,2017-05-01
5aadf21c27e505224812c9b055031c73,2017-12-01,1,5.4,,,utilidades_domesticas,600.0,2017-12-01
5ad04927f75f1ec98ff4458470452b01,2018-02-01,1,59.99,,,malas_acessorios,2240.0,2018-02-01
5aeece828f56fe1d486e1c5e6a7cb61c,2018-01-01,1,194.9,,,relogios_presentes,250.0,2018-01-01
5b1b6135649a0839631d1dde8e4e5df3,2017-08-01,1,30.0,,,alimentos,94.0,2017-08-01
5b226d7c52f86ac72457617f78cff95d,2017-09-01,1,56.99,,,cama_mesa_banho,875.0,2017-09-01
5b226d7c52f86ac72457617f78cff95d,2018-02-01,1,56.99,1.0,1.0,cama_mesa_banho,875.0,2018-02-01
5b3b5f9ae84ca9ead3138b199420cc94,2017-11-01,1,139.0,,1.0,brinquedos,5400.0,2017-11-01
5b3b5f9ae84ca9ead3138b199420cc94,2017-12-01,2,139.0,1.0,1.0,brinquedos,5400.0,2017-12-01
5b3b5f9ae84ca9ead3138b199420cc94,2018-01-01,2,139.0,2.0,1.5,brinquedos,5400.0,2018-01-01
5b4c8ab4477bb00b57cd5edb1af9aff8,2017-08-01,2,296.9,,1.5,cama_mesa_banho,2000.0,2017-08-01
5b706747080dcd34b3ebd803c25ccd65,2017-03-01,1,186.15,,2.0,relogios_presentes,340.0,2017-03-01
5b8423dc7f23089c9c59c5d140eb5a1c,2017-12-01,1,129.99,,,brinquedos,5250.0,2017-12-01
5b8a5a9417210b1b84b67b9a7aefb935,2018-01-01,1,74.9,,,informatica_acessorios,117.0,2018-01-01
5b99f79ba0d929b0f3270ab0f0f5911f,2018-03-01,1,40.0,,,bebidas,1400.0,2018-03-01
5babb170cd172ec25690087d7018f26c,2018-04-01,1,59.9,,,cama_mesa_banho,1275.0,2018-04-01
5baf51b71ace9afbb38f0b161f0c098b,2018-02-01,1,39.97,,,beleza_saude,800.0,2018-02-01
5bb4be64a977a8d78895f043aaa3b174,2018-02-01,1,149.9,,,esporte_lazer,3050.0,2018-02-01
5be900d0c3e1b43ac845f9ce6fd2b00e,2017-04-01,1,399.9,,,automotivo,2500.0,2017-04-01
5bfc7506459ae2a7b4b573fe557a58e1,2017-10-01,1,69.9,,,cama_mesa_banho,800.0,2017-10-01
5c0826f946c32406d5baa79544668b4c,2017-05-01,1,99.99,,,eletroportateis,1200.0,2017-05-01
5c0826f946c32406d5baa79544668b4c,2017-07-01,1,99.99,1.0,1.0,eletroportateis,1200.0,2017-07-01
5c087f345e870429ec3ea20a49a79735,2017-11-01,1,196.99,,1.0,moveis_escritorio,16450.0,2017-11-01
5c087f345e870429ec3ea20a49a79735,2018-03-01,1,192.99,1.0,1.0,moveis_escritorio,16450.0,2018-03-01
5c1548dadfd64a5fd07c57e378c170f9,2017-10-01,1,44.9,,1.0,cool_stuff,200.0,2017-10-01
5c17779da282cc147ca50c6904cf3d01,2017-02-01,1,9.9,,1.0,perfumaria,200.0,2017-02-01
5c46bf87ac19e39122f9d63b8edf6e8f,2017-11-01,1,89.9,,,cama_mesa_banho,1100.0,2017-11-01
5c478d826b60d0f057579a180fae4b05,2017-10-01,3,551.0,,,informatica_acessorios,2133.0,2017-10-01
5c5fe6db8a848392322c5f525ef10ce1,2018-03-01,1,179.49,,,automotivo,500.0,2018-03-01
5c86703f3b01f9df579c3a6232bb908b,2018-01-01,1,13.65,,,eletronicos,200.0,2018-01-01
5c8d8bd9771a2391092e1fbba43debeb,2017-11-01,1,169.9,,,papelaria,700.0,2017-11-01
5c973b4202aac5c372a483e712306f4f,2017-11-01,2,49.95,,,cama_mesa_banho,350.0,2017-11-01
5c973b4202aac5c372a483e712306f4f,2018-01-01,1,49.95,2.0,2.0,cama_mesa_banho,350.0,2018-01-01
5ca5d42f98d39aa421923c2fde2c1558,2017-12-01,1,998.0,,2.0,eletroportateis,6950.0,2017-12-01
5ca6364f727e63db88d3d2aed16d7be8,2017-11-01,1,39.99,,2.0,moveis_decoracao,5275.0,2017-11-01
5cb9696a7256c0bd3fa974570c74a13d,2017-12-01,1,112.5,,,papelaria,1700.0,2017-12-01
5cbd407f3315b628a89206fbc140f6c8,2018-04-01,1,19.9,,,market_place,150.0,2018-04-01
5ccdfc35d9cff8db4fa46b83d5712899,2017-12-01,1,119.0,,,pet_shop,15700.0,2017-12-01
5cd47d379b62715339c690e8ffe65df4,2017-10-01,1,198.0,,,relogios_presentes,400.0,2017-10-01
5cde85235c4ae7747e9b48de95178a14,2017-09-01,2,218.36,,,informatica_acessorios,383.0,2017-09-01
5d096ee78b3150e1dcab797e13884824,2017-12-01,1,64.99,,,utilidades_domesticas,1600.0,2017-12-01
5d3353870f99e3666b0bf5aed7caba8b,2017-06-01,1,590.82,,,relogios_presentes,300.0,2017-06-01
5d52927f3cf2e3266c5dd6e4d2dd566a,2018-01-01,1,59.9,,,telefonia,200.0,2018-01-01
5d66715cc928aadd0074f61332698593,2017-11-01,1,19.9,,,eletronicos,150.0,2017-11-01
5d66715cc928aadd0074f61332698593,2018-03-01,1,19.9,1.0,1.0,eletronicos,150.0,2018-03-01
5d6bea33648f018dbb563f3a2fab09f3,2018-04-01,1,150.0,,1.0,moveis_decoracao,4000.0,2018-04-01
5d720fc5a34a02b8eaeff74ebf5ef88c,2017-09-01,1,104.0,,1.0,esporte_lazer,400.0,2017-09-01
5d790355cbeded0cd60e25cbc4c527a2,2017-05-01,1,97.0,,,informatica_acessorios,115.0,2017-05-01
5d7c23067ed3fc8c6e699b9373d5890b,2018-02-01,1,49.0,,,fashion_bolsas_e_acessorios,250.0,2018-02-01
5d90b82ad1fdff812987fa28158b7984,2017-12-01,1,39.9,,,cama_mesa_banho,1400.0,2017-12-01
5d98f7de3b78c8dd8d7b62ea22000a65,2018-02-01,1,29.99,,,telefonia,300.0,2018-02-01
5dbf50af9485478b933f1028e108640d,2017-08-01,1,3.99,,,eletronicos,150.0,2017-08-01
5dd65915a87e9031993b18e481a3cbe5,2017-09-01,1,106.0,,,esporte_lazer,100.0,2017-09-01
5ddab10d5e0a23acb99acf56b62b3276,2017-08-01,1,83.8,,,utilidades_domesticas,450.0,2017-08-01
5de871daae99423d3fcb04edcb6dd1aa,2017-11-01,1,238.98,,,perfumaria,600.0,2017-11-01
5e21d5cab5d33e770d8150a4ee6117db,2017-10-01,2,49.0,,,relogios_presentes,200.0,2017-10-01
5e26cbd45b83e411e82e3a8cafa8d951,2018-03-01,1,109.9,,,bebes,700.0,2018-03-01
5e2ba75ad255ff60b1c76c5bf526ae9b,2017-09-01,1,69.9,,,beleza_saude,500.0,2017-09-01
5e34d2963378695699827b6e629392b4,2017-10-01,1,79.27,,,esporte_lazer,700.0,2017-10-01
5e515438a7eb90b6f35a1d0157a6310b,2018-03-01,1,10.0,,,informatica_acessorios,200.0,2018-03-01
5e53af05c040b01584b81b3549945faf,2018-01-01,1,29.9,,,construcao_ferramentas_ferramentas,200.0,2018-01-01
5e53af05c040b01584b81b3549945faf,2018-02-01,1,29.9,1.0,1.0,construcao_ferramentas_ferramentas,200.0,2018-02-01
5e6839a9bdfcd4d454d5f48b4f681f30,2017-07-01,1,72.9,,1.0,moveis_decoracao,900.0,2017-07-01
5e80fe2cee2f6de9a494047ed35a2fe3,2017-04-01,1,89.18,,1.0,ferramentas_jardim,700.0,2017-04-01
5e80fe2cee2f6de9a494047ed35a2fe3,2017-05-01,1,89.18,1.0,1.0,ferramentas_jardim,700.0,2017-05-01
5e8f674eea4267b3de326c3e2ee2c5e7,2017-03-01,1,34.9,,1.0,telefonia,300.0,2017-03-01
5e98b7fecc62c3ebeaa8252269b2d6fe,2017-12-01,1,59.0,,1.0,esporte_lazer,1600.0,2017-12-01
5e9a6c707458f23644bb74a8b9c53222,2017-03-01,1,299.0,,,brinquedos,19250.0,2017-03-01
5ea3a4fc17bd1341eeea4716d481ccfa,2018-03-01,1,68.0,,,automotivo,6800.0,2018-03-01
5ee245f4f514e8937aa7a5ef3ec2c8b7,2018-03-01,1,42.0,,,cama_mesa_banho,650.0,2018-03-01
5efb4125102dcaa9a937dc2002c96aba,2018-02-01,1,14.45,,,eletrodomesticos,400.0,2018-02-01
5f00c50de3d989194f0439e343480372,2018-02-01,1,89.99,,,cama_mesa_banho,1350.0,2018-02-01
5f0bdec2fb222061ed8fe52586a5957d,2018-02-01,1,18.99,,,telefonia,113.0,2018-02-01
5f2924ba89d5561b2b24067e375b212d,2018-04-01,1,52.9,,,informatica_acessorios,593.0,2018-04-01
5f315c482ee138f3766f5a9169f16ba6,2017-09-01,1,199.9,,,relogios_presentes,250.0,2017-09-01
5f39447057f5cc7964f30ec06ebf73a1,2018-02-01,1,108.99,,,beleza_saude,650.0,2018-02-01
5f504b3a1c75b73d6151be81eb05bdc9,2017-06-01,1,572.0,,,cool_stuff,15350.0,2017-06-01
5f504b3a1c75b73d6151be81eb05bdc9,2017-08-01,1,599.0,1.0,1.0,cool_stuff,15350.0,2017-08-01
5f504b3a1c75b73d6151be81eb05bdc9,2017-09-01,1,610.0,1.0,1.0,cool_stuff,15350.0,2017-09-01
5f504b3a1c75b73d6151be81eb05bdc9,2017-10-01,1,610.0,1.0,1.0,cool_stuff,15350.0,2017-10-01
5f504b3a1c75b73d6151be81eb05bdc9,2017-12-01,1,618.0,1.0,1.0,cool_stuff,15350.0,2017-12-01
5f5d009b0eed255c950e16ccad915ff7,2018-02-01,1,44.7,,1.0,moveis_colchao_e_estofado,10750.0,2018-02-01
5f6906793eb1d554d76c39398ce08693,2017-05-01,2,24.75,,1.0,moveis_decoracao,700.0,2017-05-01
5f90a946d1d1d997e9f4f85cdf90ecfd,2018-03-01,1,59.0,,,relogios_presentes,167.0,2018-03-01
5faf9582cc171d5db03fdf4b80076a15,2017-02-01,1,176.99,,,moveis_decoracao,23500.0,2017-02-01
5fb1e24560c31b0eaa1911d4247187ed,2017-12-01,1,259.9,,,brinquedos,2600.0,2017-12-01
5fbfa85126d6e59188d7da79f21e9687,2017-03-01,1,314.99,,,perfumaria,600.0,2017-03-01
5fc3e6a4b52b0c414458104ed4037f1c,2017-04-01,1,89.0,,,informatica_acessorios,200.0,2017-04-01
5fc3e6a4b52b0c414458104ed4037f1c,2017-05-01,1,89.0,1.0,1.0,informatica_acessorios,200.0,2017-05-01
5fe986940fc67df6769cf784fb063395,2018-02-01,2,29.9,,1.0,informatica_acessorios,150.0,2018-02-01
60142008404f92c16972d1cb6dd0e3c8,2018-02-01,1,52.11,,1.0,utilidades_domesticas,2000.0,2018-02-01
601a360bd2a916ecef0e88de72a6531a,2017-04-01,1,129.99,,,cool_stuff,1600.0,2017-04-01
601a360bd2a916ecef0e88de72a6531a,2017-05-01,1,129.99,1.0,1.0,cool_stuff,1600.0,2017-05-01
601a360bd2a916ecef0e88de72a6531a,2017-07-01,1,129.99,1.0,1.0,cool_stuff,1600.0,2017-07-01
601a360bd2a916ecef0e88de72a6531a,2017-08-01,1,118.99,1.0,1.0,cool_stuff,1600.0,2017-08-01
601a360bd2a916ecef0e88de72a6531a,2017-12-01,1,129.99,1.0,1.0,cool_stuff,1600.0,2017-12-01
60349023b5385947aa3a395689868518,2017-10-01,1,49.0,,1.0,moveis_decoracao,3000.0,2017-10-01
60495adb1f1a49c8aea75e5e56a47a48,2018-01-01,1,89.9,,1.0,beleza_saude,150.0,2018-01-01
60525d5b6a1658c5eea3c64713922000,2017-01-01,1,109.99,,,cama_mesa_banho,1700.0,2017-01-01
6070b7a31286e70e682b07423492f35c,2017-10-01,1,49.87,,,utilidades_domesticas,1900.0,2017-10-01
607ef4aa416b93fdeb2a811c2c73ad81,2017-03-01,1,119.9,,,cama_mesa_banho,1650.0,2017-03-01
609092e5b5c4a202878eb9ba03b47793,2017-07-01,1,8.49,,,brinquedos,500.0,2017-07-01
60a3aec19dc1a866e9cf6a6b4430916d,2017-10-01,1,84.0,,,cama_mesa_banho,1450.0,2017-10-01
60b8232efc6b30822171dff08d6c439f,2018-01-01,1,179.9,,,automotivo,2133.0,2018-01-01
60bc15240c03ba82f305cd923bd93598,2018-02-01,1,79.0,,,perfumaria,450.0,2018-02-01
60e931f4bf462d9fd360b3d3b1ccaaab,2018-02-01,1,49.9,,,fashion_bolsas_e_acessorios,100.0,2018-02-01
6109d0cae3bcb57d579bc0fab6e61814,2017-08-01,2,85.9,,,malas_acessorios,1250.0,2017-08-01
6109d0cae3bcb57d579bc0fab6e61814,2017-12-01,1,83.9,2.0,2.0,malas_acessorios,1250.0,2017-12-01
612c7f49d1026f7beded75464b574f81,2017-12-01,1,31.49,,2.0,beleza_saude,200.0,2017-12-01
612c7f49d1026f7beded75464b574f81,2018-03-01,1,34.49,1.0,1.5,beleza_saude,200.0,2018-03-01
612e4aedc946db0cf1a5b9e1f2f81272,2018-01-01,2,32.9,,1.0,ferramentas_jardim,250.0,2018-01-01
612fc86af2e1c8927886a7503dcc67a1,2018-02-01,1,139.99,,1.0,automotivo,1600.0,2018-02-01
61509eaebb2d4bd1a7511b1a75703f8c,2018-01-01,1,24.9,,,utilidades_domesticas,300.0,2018-01-01
61509eaebb2d4bd1a7511b1a75703f8c,2018-02-01,1,24.9,1.0,1.0,utilidades_domesticas,300.0,2018-02-01
616042729c11849827291496b18e9ec5,2018-01-01,7,54.9,,1.0,esporte_lazer,300.0,2018-01-01
617186c3d97ea56c9c683a8a3974e8c1,2017-09-01,1,84.99,,1.0,perfumaria,550.0,2017-09-01
617186c3d97ea56c9c683a8a3974e8c1,2017-10-01,2,84.99,1.0,1.0,perfumaria,550.0,2017-10-01
617186c3d97ea56c9c683a8a3974e8c1,2017-11-01,1,84.99,2.0,1.5,perfumaria,550.0,2017-11-01
617186c3d97ea56c9c683a8a3974e8c1,2017-12-01,1,84.99,1.0,1.3333333333333333,perfumaria,550.0,2017-12-01
617186c3d97ea56c9c683a8a3974e8c1,2018-03-01,1,79.99,1.0,1.3333333333333333,perfumaria,550.0,2018-03-01
6171e0ffb665e527d521c2435e065644,2017-06-01,1,93.5,,1.0,cool_stuff,400.0,2017-06-01
6186a25dd2b885087bbf0863e5245d46,2017-09-01,1,89.9,,1.0,perfumaria,900.0,2017-09-01
619215fa0c29f244c5aa21084cf8d957,2017-07-01,1,38.0,,,pet_shop,825.0,2017-07-01
61a15da36ca0448be0565f8ee41dd37e,2017-02-01,1,46.0,,,unknown,1000.0,2017-02-01
61a4100ccd6d9c4c808a1fd954ddb8ad,2018-01-01,1,499.0,,,eletroportateis,1450.0,2018-01-01
61a53738adc5c0e8d243553320f9ba1c,2018-03-01,1,89.97,,,esporte_lazer,8809.0,2018-03-01
61aa436324fa31453598a454e10b2cb7,2018-01-01,2,51.9,,,esporte_lazer,900.0,2018-01-01
61d980017b9f55ac2451dbf0bdb849f2,2017-02-01,1,960.0,,,moveis_escritorio,50.0,2017-02-01
61df31fa1090e36db0b04775b1df4b10,2017-06-01,1,42.9,,,perfumaria,350.0,2017-06-01
61e8dfe8d80294860f85e9f5cea7cceb,2017-11-01,1,130.0,,,automotivo,11700.0,2017-11-01
61f1894bca50fa7898bae067ef40bfb7,2017-05-01,1,65.0,,,relogios_presentes,200.0,2017-05-01
620af218f5c91a81482e4555864aa4db,2017-08-01,1,259.99,,,moveis_decoracao,9850.0,2017-08-01
620b45f968a49556658d15ef8560a30d,2017-05-01,1,329.9,,,informatica_acessorios,1100.0,2017-05-01
620ea491128bf83c51950ac006de001d,2017-08-01,1,139.9,,,esporte_lazer,900.0,2017-08-01
62224b433a431310bf27129938ad9f64,2017-09-01,1,84.94,,,esporte_lazer,700.0,2017-09-01
62224b433a431310bf27129938ad9f64,2018-01-01,1,116.9,1.0,1.0,esporte_lazer,700.0,2018-01-01
622bad99b4296aade0783ebecdd3fa15,2017-12-01,1,98.99,,1.0,esporte_lazer,400.0,2017-12-01
622bad99b4296aade0783ebecdd3fa15,2018-01-01,1,98.99,1.0,1.0,esporte_lazer,400.0,2018-01-01
623fb8cc5f36842aa32650e2208a08c8,2017-02-01,2,24.9,,1.0,relogios_presentes,200.0,2017-02-01
6263969289f84cd8bde876597407657d,2017-06-01,1,69.9,,1.0,market_place,5350.0,2017-06-01
62644f19deb898e43ebdcd29ff3d9361,2017-12-01,1,243.89,,,cool_stuff,900.0,2017-12-01
626fcce994b573d0bd54d6447d5badd3,2017-06-01,2,59.0,,,unknown,300.0,2017-06-01
62744bf012b60074e5fa0fcd657cbd34,2017-12-01,1,74.9,,,moveis_decoracao,400.0,2017-12-01
62953ad36e6c894ce69fc72d9a5246f3,2017-06-01,1,230.0,,,cama_mesa_banho,13050.0,2017-06-01
62984ea1bba7fcea1f5b57084d3bf885,2018-02-01,1,191.0,,,esporte_lazer,1092.0,2018-02-01
629e019a6f298a83aeecc7877964f935,2017-11-01,1,109.9,,,automotivo,1750.0,2017-11-01
629e019a6f298a83aeecc7877964f935,2017-12-01,2,109.9,1.0,1.0,automotivo,1750.0,2017-12-01
629e019a6f298a83aeecc7877964f935,2018-02-01,1,119.9,2.0,1.5,automotivo,1750.0,2018-02-01
629e019a6f298a83aeecc7877964f935,2018-03-01,2,119.9,1.0,1.3333333333333333,automotivo,1750.0,2018-03-01
62a5a3de0af802fb3718a83c74c3ff8d,2017-10-01,1,145.95,,1.5,beleza_saude,2750.0,2017-10-01
62a6991adbb1e60f5c03a77fae5568ff,2017-12-01,1,199.9,,1.0,automotivo,3350.0,2017-12-01
62a6991adbb1e60f5c03a77fae5568ff,2018-03-01,1,199.9,1.0,1.0,automotivo,3350.0,2018-03-01
62ad9a8972411e333e16347051a98e2a,2017-12-01,1,28.9,,1.0,eletronicos,113.0,2017-12-01
62c7230e65fd9da6326284606ee1b197,2018-03-01,1,52.99,,1.0,perfumaria,472.0,2018-03-01
62d2cada321a3e5d770d62425a82a6e0,2017-03-01,1,21.32,,,livros_interesse_geral,500.0,2017-03-01
62ec3446da1cd57bfa1e822a521c31bc,2018-03-01,1,49.99,,,beleza_saude,650.0,2018-03-01
632ba0c3ace598871c24c49380796d57,2018-02-01,1,129.9,,,informatica_acessorios,2950.0,2018-02-01
632c37951cab36a4e928428cbc4fa4f4,2018-02-01,1,157.49,,,beleza_saude,6850.0,2018-02-01
634256dbcd184b3757ffd7632c9fe52a,2018-01-01,1,24.9,,,beleza_saude,150.0,2018-01-01
634256dbcd184b3757ffd7632c9fe52a,2018-04-01,2,24.9,1.0,1.0,beleza_saude,150.0,2018-04-01
635812e3e457981e2dbc9739594fdb83,2018-01-01,1,97.49,,1.0,beleza_saude,775.0,2018-01-01
635b0964f7d41f9ce3275551c36a44d8,2017-08-01,1,48.9,,1.0,malas_acessorios,700.0,2017-08-01
635b74f3dd5462e3c133b42cd9299fa2,2017-05-01,1,49.9,,,market_place,200.0,2017-05-01
636f5be2cd52da4047bb73b7b15329e3,2016-10-01,1,132.0,,,audio,300.0,2016-10-01
637641add87a760737226d3771e1782c,2017-10-01,1,34.9,,,telefonia_fixa,200.0,2017-10-01
63a02e48edbe315a16efcd9c9a389785,2017-09-01,2,31.92,,,utilidades_domesticas,800.0,2017-09-01
63a8fa4ae2d10ffc0daa5db78ad4ea4f,2017-03-01,3,229.9,,,informatica_acessorios,850.0,2017-03-01
63b6b1707cbd2e60baa30b4ec66265bf,2017-06-01,1,189.0,,,beleza_saude,257.0,2017-06-01
63cbf4066cf395d6634831160ddacbbd,2017-01-01,1,153.75,,,moveis_decoracao,1200.0,2017-01-01
63d117fa87d2dff89156e2c9d885dba7,2017-07-01,1,149.99,,,telefonia,500.0,2017-07-01
63de2743d05ab59d85caa49e49459ac1,2017-02-01,1,15.75,,,beleza_saude,178.0,2017-02-01
63de2743d05ab59d85caa49e49459ac1,2017-03-01,2,15.75,1.0,1.0,beleza_saude,178.0,2017-03-01
63de2743d05ab59d85caa49e49459ac1,2017-04-01,1,15.75,2.0,1.5,beleza_saude,178.0,2017-04-01
63ee501f72520d5ec54cef5fd3a21a20,2017-03-01,1,52.9,,1.5,esporte_lazer,1093.0,2017-03-01
64051126507bdb875c1baf5b3b5a9a98,2017-05-01,1,48.0,,2.0,informatica_acessorios,540.0,2017-05-01
6405e17a3e8718d5316c5d644320f253,2017-05-01,1,79.0,,,informatica_acessorios,200.0,2017-05-01
6413f7a28e149a324c4a914000399fb2,2017-10-01,1,149.99,,,cool_stuff,975.0,2017-10-01
6413f7a28e149a324c4a914000399fb2,2018-01-01,1,144.99,1.0,1.0,cool_stuff,975.0,2018-01-01
642369377615febc7fa89e4c8df5110e,2018-03-01,1,42.0,,1.0,beleza_saude,150.0,2018-03-01
642a40d4d73b4b2604968937de13634a,2017-08-01,1,12.9,,1.0,cama_mesa_banho,250.0,2017-08-01
642a40d4d73b4b2604968937de13634a,2017-10-01,1,12.9,1.0,1.0,cama_mesa_banho,250.0,2017-10-01
64315bd8c0c47303179dd2e25b579d00,2017-09-01,1,89.8,,1.0,brinquedos,4267.0,2017-09-01
645ba02735d4bf831d9b72ac169c867e,2018-02-01,1,76.0,,1.0,papelaria,650.0,2018-02-01
6480f3f31b23d41c1b8ad051c201b244,2017-10-01,1,171.0,,,beleza_saude,3500.0,2017-10-01
64874a0d6c1ec460c2f59886c51b9711,2018-01-01,1,277.0,,,perfumaria,532.0,2018-01-01
64b488de448a5324c4134ea39c28a34b,2017-10-01,1,69.0,,,papelaria,1500.0,2017-10-01
64d0feb1bcf9c7fe7b5dad3271c10910,2018-01-01,1,89.18,,,moveis_decoracao,750.0,2018-01-01
64d0feb1bcf9c7fe7b5dad3271c10910,2018-02-01,1,89.18,1.0,1.0,moveis_decoracao,750.0,2018-02-01
64d33e6bd1b905a31c2f96f584e6a0c8,2017-11-01,1,27.99,,1.0,telefonia,350.0,2017-11-01
64d33e6bd1b905a31c2f96f584e6a0c8,2017-12-01,1,27.99,1.0,1.0,telefonia,350.0,2017-12-01
64df6c5d4c7440a043e13fa796eb4ac4,2017-11-01,1,125.0,,1.0,papelaria,400.0,2017-11-01
64f905cf518f84bfe0fbcc33bf6f0e9a,2017-06-01,1,159.9,,1.0,esporte_lazer,983.0,2017-06-01
64fb13596caf118c438edc5c6ed2d50a,2018-02-01,5,84.4,,,informatica_acessorios,167.0,2018-02-01
64fb265487de2238627ce43fe8a67efc,2017-10-01,1,99.9,,,cama_mesa_banho,1825.0,2017-10-01
64fb265487de2238627ce43fe8a67efc,2017-11-01,2,99.9,1.0,1.0,cama_mesa_banho,1825.0,2017-11-01
64fb265487de2238627ce43fe8a67efc,2017-12-01,1,99.9,2.0,1.5,cama_mesa_banho,1825.0,2017-12-01
651ddf320f742699115641fac3e69bc9,2018-02-01,1,479.0,,1.5,esporte_lazer,425.0,2018-02-01
6520088dce31a24d4fafaf79cfc10baa,2017-11-01,1,24.99,,2.0,cama_mesa_banho,600.0,2017-11-01
652683d85a89f3b134e44989a601bc58,2017-08-01,1,46.55,,,livros_tecnicos,1100.0,2017-08-01
653b6b1217fba117599afcc015ffd50a,2017-11-01,2,164.9,,,construcao_ferramentas_seguranca,800.0,2017-11-01
656e0eca68dcecf6a31b8ececfabe3e8,2017-05-01,1,93.9,,,informatica_acessorios,173.0,2017-05-01
656e0eca68dcecf6a31b8ececfabe3e8,2017-08-01,1,109.9,1.0,1.0,informatica_acessorios,173.0,2017-08-01
656e0eca68dcecf6a31b8ececfabe3e8,2017-11-01,1,98.9,1.0,1.0,informatica_acessorios,173.0,2017-11-01
656e0eca68dcecf6a31b8ececfabe3e8,2017-12-01,1,98.9,1.0,1.0,informatica_acessorios,173.0,2017-12-01
656e0eca68dcecf6a31b8ececfabe3e8,2018-04-01,3,94.0,1.0,1.0,informatica_acessorios,173.0,2018-04-01
657247f6f60543b93e3cc708a8e6329c,2017-12-01,1,248.99,,1.0,malas_acessorios,18050.0,2017-12-01
657247f6f60543b93e3cc708a8e6329c,2018-01-01,1,248.99,1.0,1.0,malas_acessorios,18050.0,2018-01-01
657aa59c6c58816ddc4f86c51a2759c9,2017-10-01,1,129.0,,1.0,bebes,1550.0,2017-10-01
658189cd5485002bcbcf43081e91581d,2017-11-01,1,69.9,,1.0,cama_mesa_banho,1300.0,2017-11-01
65bb78cf0bbc3ca6406f30e6793736f9,2016-10-01,3,39.9,,,moveis_decoracao,2000.0,2016-10-01
65ce839c7967ed73e05471cbd4cb2ec1,2017-08-01,3,36.9,,,informatica_acessorios,900.0,2017-08-01
65ded196f8f1dbea9916be9b6fcfa0b7,2018-03-01,1,45.6,,,construcao_ferramentas_ferramentas,1250.0,2018-03-01
66077cc774ac8ba7c7fcb45fd8e03474,2017-06-01,1,89.9,,,utilidades_domesticas,3121.0,2017-06-01
6630485063578b527549697547ed3ed5,2017-07-01,2,29.99,,,moveis_decoracao,1050.0,2017-07-01
6630485063578b527549697547ed3ed5,2017-08-01,1,29.99,2.0,2.0,moveis_decoracao,1050.0,2017-08-01
66358143d86813429426c93f03bbdabc,2018-03-01,1,99.0,,2.0,moveis_decoracao,1450.0,2018-03-01
663d6ef343ce527b3548d6a255f89eb8,2017-12-01,1,79.9,,2.0,instrumentos_musicais,450.0,2017-12-01
665fa52751d42dabaebad0435662fe13,2018-02-01,1,39.9,,,cool_stuff,525.0,2018-02-01
666696771a5dd7a28816eab47b70d966,2017-11-01,1,118.0,,,construcao_ferramentas_jardim,1517.0,2017-11-01
667058878eaaa9a381ed3e6b1f8b8cda,2018-04-01,1,39.99,,,telefonia,300.0,2018-04-01
668c66401c7341a09fbde2bcf15c1d55,2018-02-01,1,60.0,,,sinalizacao_e_seguranca,11100.0,2018-02-01
66a0a6e02b7f543e5b021ce361f267d4,2017-09-01,1,119.99,,,cool_stuff,1500.0,2017-09-01
66a0a6e02b7f543e5b021ce361f267d4,2017-10-01,1,119.99,1.0,1.0,cool_stuff,1500.0,2017-10-01
67018a848d35beb71cec955dad27f7d8,2018-03-01,1,99.9,,1.0,pet_shop,13100.0,2018-03-01
671ac7a60d975bd4ca2d7f7c77070210,2017-06-01,1,71.82,,1.0,fashion_calcados,1500.0,2017-06-01
672e757f331900b9deea127a2a7b79fd,2017-09-01,2,398.0,,,agro_industria_e_comercio,2650.0,2017-09-01
67352926da43ede7a129a72ed744bc74,2018-02-01,2,28.0,,,moveis_decoracao,200.0,2018-02-01
67583cf9d65f2b9a1f26c158bd85257f,2017-04-01,1,381.99,,,ferramentas_jardim,16600.0,2017-04-01
6761b88d4716b34a0d41bb8d13e20db0,2017-11-01,1,109.9,,,casa_conforto,1900.0,2017-11-01
67638c5b9e1d3f0f3c76cd4147eeac2f,2017-05-01,1,89.9,,,brinquedos,310.0,2017-05-01
6781eab14bf137c9a168c67a29c92c29,2018-02-01,1,569.0,,,relogios_presentes,481.0,2018-02-01
6783ec139a64b31273469591b7e09e16,2018-04-01,1,78.9,,,informatica_acessorios,200.0,2018-04-01
679a3e5e1d2bb68982be5734c6e55e63,2018-03-01,1,54.4,,,casa_construcao,800.0,2018-03-01
679a3e5e1d2bb68982be5734c6e55e63,2018-04-01,1,54.4,1.0,1.0,casa_construcao,800.0,2018-04-01
67bd616e1ba0d3d3e8545f3113b0140d,2018-03-01,6,16.49,,1.0,beleza_saude,300.0,2018-03-01
67d2c4ee8fd08752a32aae5f878740aa,2018-03-01,1,22.99,,1.0,telefonia,100.0,2018-03-01
67f9d01bcd84e2229ba6f8a75b635b40,2017-01-01,1,19.9,,,moveis_decoracao,300.0,2017-01-01
67fc455b96e0908bc5e0d917237b2977,2018-04-01,1,16.9,,,cama_mesa_banho,250.0,2018-04-01
6803077179d24889430188e03fafd31a,2018-01-01,2,19.9,,,eletronicos,100.0,2018-01-01
6814dd9a0fcc3213534377d08d8a24fa,2017-12-01,1,82.99,,,cama_mesa_banho,1450.0,2017-12-01
681e1525258578dd8a22a3c249509bf5,2017-09-01,1,45.6,,,malas_acessorios,200.0,2017-09-01
683487a7a9ad71b5776c9b9bcad37eed,2017-09-01,1,10.5,,,fashion_bolsas_e_acessorios,200.0,2017-09-01
68361925fcb61b3627e79dd95137ae7f,2017-10-01,3,59.9,,,informatica_acessorios,253.0,2017-10-01
683d1efd7b8fb9bbe7e78c7436f27248,2017-04-01,1,39.9,,,utilidades_domesticas,1000.0,2017-04-01
6845447c5d4495dcddca6e6b494df3e7,2017-08-01,1,296.9,,,cama_mesa_banho,1950.0,2017-08-01
685919d3ededc26c0ec078b32241025a,2018-04-01,1,52.0,,,bebes,6850.0,2018-04-01
687865b021641ba258e6967af27301ff,2017-06-01,1,89.99,,,moveis_quarto,10600.0,2017-06-01
689a9f33ae479ec0d9f68a9b6b0cfcbf,2017-12-01,1,50.0,,,moveis_decoracao,550.0,2017-12-01
68a058d125ba1544e726898f0b8c0523,2017-10-01,1,119.99,,,moveis_escritorio,10475.0,2017-10-01
68bf2e76db1d8e846042e54da87399ca,2017-07-01,1,69.9,,,cama_mesa_banho,6850.0,2017-07-01
68bf2e76db1d8e846042e54da87399ca,2018-02-01,1,79.9,1.0,1.0,cama_mesa_banho,6850.0,2018-02-01
68bfdbfe84f03af17733b10362f10020,2017-01-01,1,45.0,,1.0,moveis_decoracao,600.0,2017-01-01
68cc4dfa6d309a9477fc1678d020e3e5,2017-11-01,1,69.0,,1.0,beleza_saude,700.0,2017-11-01
68d9c8a95d2b7cb57efe9e1e929bdd6a,2017-02-01,5,39.99,,,telefonia_fixa,100.0,2017-02-01
68dede30a2ef7c3f19ac4ec5b7620ef7,2017-12-01,1,29.39,,,bebes,314.0,2017-12-01
68e6e8fd8c5f5b252b105d00daa9b57b,2017-05-01,1,109.99,,,moveis_escritorio,13800.0,2017-05-01
68f2b86d618f20c45d7a0db6db2cc664,2017-04-01,1,57.17,,,beleza_saude,767.0,2017-04-01
68fe8893052a044100e60cd0c8c6b274,2017-12-01,1,714.0,,,informatica_acessorios,1850.0,2017-12-01
6917f21a7df770ef60ec45dd4714abaf,2018-01-01,1,189.99,,,utilidades_domesticas,8050.0,2018-01-01
691c1cc8a89f47bf99b00a7aeee5c4f3,2017-10-01,1,493.0,,,beleza_saude,5350.0,2017-10-01
691f932fd9a1c168cbb5c579432de4fa,2017-05-01,1,119.0,,,moveis_decoracao,1550.0,2017-05-01
694e58e56c74114ee0628c25f3f26f8c,2017-08-01,1,52.5,,,esporte_lazer,600.0,2017-08-01
696d4f2eb9788764b5872ee5a07a249d,2018-03-01,1,20.3,,,fashion_bolsas_e_acessorios,350.0,2018-03-01
6984b61fd1255c2a7fc3c11ce6d84509,2018-02-01,1,119.9,,,bebes,100.0,2018-02-01
6987398dff454a3138231540e2a6ec61,2017-08-01,1,144.0,,,informatica_acessorios,1033.0,2017-08-01
69918318f27e9853c6d2a68906018a14,2017-11-01,1,79.9,,,perfumaria,700.0,2017-11-01
69d95947a8a85a44375af7c667a5d61a,2017-11-01,1,155.0,,,fashion_underwear_e_moda_praia,400.0,2017-11-01
6a057a401eab3b3cb8083d9e42972233,2017-12-01,2,149.9,,,beleza_saude,1200.0,2017-12-01
6a0713a63e990052795623e76cc2995e,2017-05-01,1,72.9,,,cama_mesa_banho,900.0,2017-05-01
6a0713a63e990052795623e76cc2995e,2017-10-01,1,72.9,1.0,1.0,cama_mesa_banho,900.0,2017-10-01
6a1281ddeb8279b7748a31ffe3e479b4,2018-03-01,1,443.0,,1.0,eletrodomesticos_2,6600.0,2018-03-01
6a162a899a815ed15db1689e8efc976c,2017-11-01,3,649.9,,1.0,cool_stuff,1550.0,2017-11-01
6a1a04054158fe995e1688d8f79605b2,2017-09-01,1,59.9,,,esporte_lazer,1650.0,2017-09-01
6a1a04054158fe995e1688d8f79605b2,2017-10-01,1,59.9,1.0,1.0,esporte_lazer,1650.0,2017-10-01
6a1c65dbbecc1ece8c22856122a774ac,2018-01-01,1,250.0,,1.0,moveis_decoracao,13650.0,2018-01-01
6a2909ac21d16b721e4795e7e8ff3e68,2018-01-01,1,23.8,,1.0,esporte_lazer,283.0,2018-01-01
6a2961a3f5c85026ed1b3406a9ac27cd,2018-01-01,2,84.0,,,papelaria,10950.0,2018-01-01
6a2fb4dd53d2cdb88e0432f1284a004c,2017-11-01,1,16.9,,,perfumaria,400.0,2017-11-01
6a33f85f66191cc5b645b5f775ca93d9,2017-09-01,1,24.99,,,esporte_lazer,400.0,2017-09-01
6a56304794f91b7996022b7ce5337371,2018-01-01,1,122.1,,,papelaria,3499.0,2018-01-01
6a73bd4563b3f205e24c101f9a3c0d14,2018-01-01,1,29.9,,,cama_mesa_banho,350.0,2018-01-01
6a7410f88fe57e3fd4e353cfc04e7b31,2017-09-01,1,56.0,,,brinquedos,1350.0,2017-09-01
6a7410f88fe57e3fd4e353cfc04e7b31,2017-11-01,1,55.9,1.0,1.0,brinquedos,1350.0,2017-11-01
6a8631b72a2f8729b91514db87e771c0,2017-12-01,1,25.9,,1.0,eletronicos,100.0,2017-12-01
6a94cf283fcc6b16942f0d13f35fa7b3,2017-09-01,1,116.0,,1.0,beleza_saude,450.0,2017-09-01
6ac418b899c9f735ae62cc768e2f650d,2017-02-01,1,249.9,,,moveis_decoracao,3100.0,2017-02-01
6ac9ac586b4aa282c25ebedfa6f47ba4,2017-11-01,2,37.9,,,automotivo,200.0,2017-11-01
6adab229374835b551f6402e0dc53267,2018-04-01,1,48.9,,,pet_shop,1250.0,2018-04-01
6add38331c35760122f176049d851692,2018-01-01,1,13.9,,,bebes,200.0,2018-01-01
6ae3f85f46a37844372252496c77b4d8,2017-09-01,1,180.0,,,telefonia,650.0,2017-09-01
6ae7f4ef0ca670ca2609d039af87d057,2017-04-01,1,99.0,,,perfumaria,200.0,2017-04-01
6b00cb3fe05c73d0acef3fd949a34c0f,2018-03-01,2,45.99,,,brinquedos,200.0,2018-03-01
6b119e825230e877b98f89b47081bc52,2017-01-01,1,49.9,,,fashion_bolsas_e_acessorios,150.0,2017-01-01
6b20221ff09d73c64c77d9d934b9904c,2017-06-01,1,59.0,,,moveis_decoracao,650.0,2017-06-01
6b3de4cb14325f3a0dafa939520f514e,2017-12-01,1,69.0,,,relogios_presentes,250.0,2017-12-01
6b5e28354ababa66e691a8072681427c,2018-03-01,1,79.99,,,telefonia,300.0,2018-03-01
6b61c9889ff5ea54a786b54fff36251f,2017-06-01,4,17.5,,,informatica_acessorios,255.0,2017-06-01
6b6b162b177d0f36987993aecbe1c65f,2018-02-01,1,109.99,,,pet_shop,20450.0,2018-02-01
6b7739f782cb37f71cc80e8151ebd6ac,2017-07-01,1,19.9,,,cool_stuff,1300.0,2017-07-01
6b8de030922a59c3d23fa6864ad3f436,2018-02-01,1,113.0,,,esporte_lazer,650.0,2018-02-01
6baa004ae73ded1fcdf0e1f153bddf20,2017-04-01,1,48.0,,,relogios_presentes,150.0,2017-04-01
6bbe55cf8f85c87b6eebb775a53402f4,2017-06-01,1,99.0,,,tablets_impressao_imagem,283.0,2017-06-01
6bbe55cf8f85c87b6eebb775a53402f4,2017-12-01,1,69.9,1.0,1.0,tablets_impressao_imagem,283.0,2017-12-01
6bd248f93425ceeb625a8a97e2404112,2018-02-01,1,59.9,,1.0,papelaria,550.0,2018-02-01
6bda6606bb4db26fb219523d6fd40869,2017-12-01,1,79.9,,1.0,fashion_bolsas_e_acessorios,250.0,2017-12-01
6c037f9ff2d13c4236a23910ca598f42,2017-10-01,1,69.9,,,utilidades_domesticas,1350.0,2017-10-01
6c218bf529c9e530688aa90a12f76c92,2017-05-01,1,69.9,,,consoles_games,200.0,2017-05-01
6c321ed0f47858a8650f4104771224b5,2017-11-01,1,49.0,,,relogios_presentes,300.0,2017-11-01
6c32e1f7898b6a905ee6ccf087461abd,2017-04-01,1,99.9,,,moveis_decoracao,900.0,2017-04-01
6c3effec7c8ddba466d4f03f982c7aa3,2017-09-01,1,19.9,,,consoles_games,100.0,2017-09-01
6c3effec7c8ddba466d4f03f982c7aa3,2017-10-01,1,24.5,1.0,1.0,consoles_games,100.0,2017-10-01
6c3effec7c8ddba466d4f03f982c7aa3,2017-11-01,2,24.5,1.0,1.0,consoles_games,100.0,2017-11-01
6c3effec7c8ddba466d4f03f982c7aa3,2018-01-01,1,24.5,2.0,1.3333333333333333,consoles_games,100.0,2018-01-01
6c3effec7c8ddba466d4f03f982c7aa3,2018-03-01,1,34.2,1.0,1.3333333333333333,consoles_games,100.0,2018-03-01
6c6232ca1543c84f2dcf3f4cd2ca32d3,2017-09-01,1,299.0,,1.5,moveis_decoracao,3350.0,2017-09-01
6c706bd66d6df5b9eaa716699943efd0,2017-11-01,1,148.0,,1.0,moveis_decoracao,1100.0,2017-11-01
6c712952b8ef62f8d06a0314917400c8,2018-03-01,2,69.9,,,beleza_saude,1200.0,2018-03-01
6c90c0f6c2d89eb816b9e205b9d6a36a,2017-07-01,1,165.5,,,informatica_acessorios,775.0,2017-07-01
6c96a2727d7c8e30804367b7341c7b9c,2017-10-01,1,89.0,,,esporte_lazer,250.0,2017-10-01
6ca1597b8e5f2618c47b414b68094450,2018-02-01,1,160.78,,,esporte_lazer,600.0,2018-02-01
6cb9998e3edb71cca1e7bcb4c59c3c79,2017-12-01,1,899.0,,,relogios_presentes,800.0,2017-12-01
6cc44821f36f3156c782da72dd634e47,2018-01-01,1,99.9,,,cama_mesa_banho,1050.0,2018-01-01
6cc44821f36f3156c782da72dd634e47,2018-03-01,1,99.9,1.0,1.0,cama_mesa_banho,1050.0,2018-03-01
6cc58e27cae22a37b784841f0e4fb647,2017-05-01,1,24.99,,1.0,fashion_bolsas_e_acessorios,600.0,2017-05-01
6cc859e89d080218ff4416539ffa030c,2017-02-01,1,99.9,,1.0,cama_mesa_banho,1600.0,2017-02-01
6cdd53843498f92890544667809f1595,2017-06-01,1,349.9,,,beleza_saude,900.0,2017-06-01
6cdd53843498f92890544667809f1595,2017-08-01,1,349.9,1.0,1.0,beleza_saude,900.0,2017-08-01
6cdd53843498f92890544667809f1595,2017-12-01,3,349.8999999999999,1.0,1.0,beleza_saude,900.0,2017-12-01
6cdd53843498f92890544667809f1595,2018-03-01,2,349.9,3.0,1.6666666666666667,beleza_saude,900.0,2018-03-01
6cdd53843498f92890544667809f1595,2018-04-01,2,349.9,2.0,2.0,beleza_saude,900.0,2018-04-01
6ce07ff93c0dbafa9df5c10038e41287,2018-03-01,1,139.89,,2.5,cama_mesa_banho,4150.0,2018-03-01
6cf14dbbc3b753384a72cf9c57119063,2017-09-01,1,186.99,,2.0,brinquedos,1267.0,2017-09-01
6cf95bd30a9628ca0c9911e43d7956a3,2017-07-01,1,36.8,,,pet_shop,1500.0,2017-07-01
6d2fde7d12bb6ff367dbda120ba8828e,2017-06-01,1,22.0,,,informatica_acessorios,200.0,2017-06-01
6d33559681ad82d2e835b1cb587d2ce3,2017-07-01,2,35.12,,,brinquedos,800.0,2017-07-01
6d3d8ade6b793a08b041b6bc653c08ca,2018-04-01,3,39.0,,,moveis_decoracao,650.0,2018-04-01
6d53aac0a317895a3d25dd19d821ec0c,2017-11-01,1,49.9,,,moveis_decoracao,400.0,2017-11-01
6d59a3fe3140425fb175cdd1e688dc2e,2017-07-01,1,29.9,,,moveis_decoracao,400.0,2017-07-01
6d5a9cd602c26f8751612f77ff4c6a90,2017-11-01,2,109.9,,,bebes,9400.0,2017-11-01
6d6b0f6705c1acf1128ecf19d57d5444,2017-02-01,1,25.0,,,cool_stuff,50.0,2017-02-01
6d6b0f6705c1acf1128ecf19d57d5444,2018-02-01,1,29.99,1.0,1.0,cool_stuff,50.0,2018-02-01
6d6c510f2222e168bf3b6b67e24c9535,2017-11-01,2,75.0,,1.0,informatica_acessorios,517.0,2017-11-01
6d6c510f2222e168bf3b6b67e24c9535,2017-12-01,1,75.0,2.0,1.5,informatica_acessorios,517.0,2017-12-01
6d811b6e8cada9a8f7f38bb315620e1b,2017-01-01,1,129.0,,2.0,esporte_lazer,8700.0,2017-01-01
6d88fb20983e211be9168534b580c833,2018-01-01,1,30.9,,2.0,pet_shop,600.0,2018-01-01
6dc18860905adba3a2d55fc1298f1701,2017-10-01,1,36.99,,,cama_mesa_banho,600.0,2017-10-01
6ddcabeba730cb81a3c9570a595a12da,2017-10-01,1,77.0,,,beleza_saude,700.0,2017-10-01
6dde44b4172999f35f08654d06bad633,2017-04-01,1,249.89,,,moveis_escritorio,16167.0,2017-04-01
6dde44b4172999f35f08654d06bad633,2017-10-01,3,196.65666666666667,1.0,1.0,moveis_escritorio,16167.0,2017-10-01
6dde44b4172999f35f08654d06bad633,2017-11-01,1,194.99,3.0,2.0,moveis_escritorio,16167.0,2017-11-01
6de8bea41c968204fa93e4c2016d1bbb,2017-04-01,1,239.0,,2.0,eletronicos,4000.0,2017-04-01
6e02baf23db1455640241542c78be139,2017-07-01,1,65.9,,3.0,fashion_roupa_feminina,900.0,2017-07-01
6e40985ec667ded54668d2b70a7aa0a2,2017-06-01,1,39.9,,,ferramentas_jardim,550.0,2017-06-01
6e4d0d0f95ee20729970abe6ad1bbe39,2018-01-01,1,79.9,,,utilidades_domesticas,2400.0,2018-01-01
6e77b89d36e50217e6793780a8ce5c82,2018-01-01,1,37.99,,,telefonia,300.0,2018-01-01
6e835aea84ae8eb68b8c14878dd43b30,2017-10-01,2,69.9,,,esporte_lazer,2350.0,2017-10-01
6e97536d81d74f5020c95ca434c850f7,2018-03-01,1,94.9,,,fashion_bolsas_e_acessorios,700.0,2018-03-01
6e9c52b407fea24064f7ab2b144fbf8c,2017-09-01,1,270.0,,,bebes,13575.0,2017-09-01
6ea2d74d5dd2317844dd17f16da75a5b,2017-07-01,1,98.9,,,esporte_lazer,2500.0,2017-07-01
6eb364d89e0060b1e8941218b5390416,2017-07-01,1,11.9,,,eletronicos,100.0,2017-07-01
6eb6618376baf873225738ce4fe760ac,2017-02-01,1,24.99,,,cama_mesa_banho,300.0,2017-02-01
6ec18f98bd4eb7efc0989af1505a3f86,2017-11-01,1,26.9,,,informatica_acessorios,525.0,2017-11-01
6ed6fb2418af24e9d020b1c4fd7028fd,2017-09-01,1,18.0,,,utilidades_domesticas,217.0,2017-09-01
6efb345b34722c35d2e8a723cea100bf,2017-08-01,1,9.9,,,perfumaria,350.0,2017-08-01
6f2a4da2fb20abf7cfb17f4ccdba0fdb,2017-05-01,1,278.9,,,beleza_saude,400.0,2017-05-01
6f33a4a09ae1180a0ee1ff4682b2d21f,2017-11-01,1,139.99,,,brinquedos,700.0,2017-11-01
6f3b5b605d91b7439c5e3f5a8dffeea7,2018-02-01,2,199.0,,,relogios_presentes,335.0,2018-02-01
6f3b5b605d91b7439c5e3f5a8dffeea7,2018-03-01,2,165.0,2.0,2.0,relogios_presentes,335.0,2018-03-01
6f544a62e85efa4d7a5e135482b31d79,2017-05-01,1,118.9,,2.0,pet_shop,3300.0,2017-05-01
6f5a84d79bc9f79ecd9095e91fc47a2d,2018-01-01,1,199.9,,2.0,esporte_lazer,1100.0,2018-01-01
6f657bbc44514ab511c65b891301208d,2017-05-01,1,76.0,,,utilidades_domesticas,1250.0,2017-05-01
6f7400c1577bd99fb7c9cd196edb6ae2,2017-09-01,2,99.9,,,moveis_decoracao,2800.0,2017-09-01
6f7df385d032846d2941c806179cc78e,2017-11-01,1,399.9,,,automotivo,1800.0,2017-11-01
6f842ad54a86bf94d9254744d910ec56,2017-07-01,4,79.99,,,moveis_escritorio,8925.0,2017-07-01
6fc7ab933ccdd144b8fa4db0e99205d2,2017-03-01,1,24.99,,,ferramentas_jardim,50.0,2017-03-01
6fd226a10216de446ea64b67ebc6d8cc,2017-08-01,1,19.9,,,informatica_acessorios,300.0,2017-08-01
6fd29b4c024c598e9339e67a7469be43,2017-12-01,1,239.0,,,relogios_presentes,225.0,2017-12-01
6feee83828f0c900f61f578bbab17911,2018-01-01,2,24.99,,,esporte_lazer,1300.0,2018-01-01
6ff1fc9209c7854704a4f75c9fac41b4,2017-08-01,4,22.0,,,agro_industria_e_comercio,233.0,2017-08-01
70120d2f9b9193aa0030342072d8adec,2018-01-01,2,32.98,,,telefonia,263.0,2018-01-01
704ef63ad0ac345842ea734060a83db2,2018-03-01,1,74.9,,,cama_mesa_banho,850.0,2018-03-01
70c88258b8fd97e776fb7f57022427bc,2017-06-01,1,179.9,,,cama_mesa_banho,3200.0,2017-06-01
70d01ae15a5d5ee38388b90c0470d9b0,2017-05-01,2,89.99,,,brinquedos,850.0,2017-05-01
70de339311bbfd116a461e25c9fb79ca,2017-02-01,1,97.9,,,moveis_decoracao,1200.0,2017-02-01
71040c7f50609abf6865f4429f8b1035,2017-06-01,1,169.9,,,beleza_saude,3450.0,2017-06-01
714e305d7c565927c0ede7012c1c5c7c,2018-02-01,1,324.5,,,ferramentas_jardim,17533.0,2018-02-01
715a15449266fede35b4a667372a2b11,2018-01-01,2,359.9,,,cama_mesa_banho,4900.0,2018-01-01
7172a7870fee91850dcbcb1f4de40cfc,2018-03-01,1,89.9,,,cama_mesa_banho,1850.0,2018-03-01
717c660fd7ed52fdaa650d509dda7912,2018-03-01,1,32.9,,,eletroportateis,463.0,2018-03-01
717e96fd0fc2d06fe158982bce5e6a8f,2017-12-01,1,229.99,,,cool_stuff,1700.0,2017-12-01
71835d687609f578b92692f98ab16100,2017-12-01,2,49.99,,,moveis_decoracao,3500.0,2017-12-01
7189fb70393a0b87189f93f19655f8db,2017-12-01,1,49.9,,,brinquedos,1100.0,2017-12-01
71a5f1c2a5fd9889ef26b5ac22aec9c6,2017-11-01,1,19.9,,,moveis_decoracao,100.0,2017-11-01
71a62950e363cbba0816448a733a58e0,2017-07-01,1,119.9,,,bebes,750.0,2017-07-01
71bd53a5303fc543fd563e913eb586cb,2017-05-01,1,40.99,,,cama_mesa_banho,1000.0,2017-05-01
71d22271ee986bf5a46a2c199da0265b,2017-07-01,1,39.9,,,cama_mesa_banho,850.0,2017-07-01
722dc14e0848efdb771dca6de2929c41,2017-07-01,1,79.0,,,beleza_saude,250.0,2017-07-01
722dc14e0848efdb771dca6de2929c41,2017-11-01,1,79.0,1.0,1.0,beleza_saude,250.0,2017-11-01
722dc14e0848efdb771dca6de2929c41,2018-02-01,1,79.0,1.0,1.0,beleza_saude,250.0,2018-02-01
7237404d77298a92c6f0af9184bdbafd,2017-09-01,1,69.36,,1.0,utilidades_domesticas,5150.0,2017-09-01
723f08b94cabe91ad292a3084725903b,2017-08-01,1,40.0,,1.0,fashion_bolsas_e_acessorios,50.0,2017-08-01
724dc24aa8d029d5d48b38bbbd54ec20,2017-10-01,1,450.0,,,esporte_lazer,483.0,2017-10-01
726838a1b5bdf32e2fc8010f0807bd46,2018-02-01,1,23.99,,,market_place,200.0,2018-02-01
726b4e18f00255e2e63491bcba3f60b8,2017-11-01,1,85.0,,,moveis_colchao_e_estofado,1700.0,2017-11-01
726b4e18f00255e2e63491bcba3f60b8,2018-02-01,1,75.0,1.0,1.0,moveis_colchao_e_estofado,1700.0,2018-02-01
729c55b4509d36c18b86f0bacc17ca5d,2017-12-01,1,24.99,,1.0,telefonia,250.0,2017-12-01
72a137b85d5a1d82cde242493f118f43,2017-03-01,2,32.29,,1.0,consoles_games,600.0,2017-03-01
72a137b85d5a1d82cde242493f118f43,2017-05-01,1,32.29,2.0,2.0,consoles_games,600.0,2017-05-01
72a30483855e2eafc67aee5dc2560482,2018-02-01,1,89.1,,2.0,esporte_lazer,967.0,2018-02-01
72a30483855e2eafc67aee5dc2560482,2018-03-01,1,89.1,1.0,1.5,esporte_lazer,967.0,2018-03-01
72aa1e49a803b462fd0a83071c894e7b,2017-05-01,1,165.9,,1.0,beleza_saude,1000.0,2017-05-01
72b781d37ad5c06da9a06f01248d3f48,2017-10-01,1,77.99,,1.0,cama_mesa_banho,1400.0,2017-10-01
72d024aacb8fb06c03ea616c4644b841,2018-03-01,1,89.9,,,papelaria,650.0,2018-03-01
72d3bf1d3a790f8874096fcf860e3eff,2017-11-01,2,38.25,,,brinquedos,583.0,2017-11-01
72d3bf1d3a790f8874096fcf860e3eff,2017-12-01,1,38.25,2.0,2.0,brinquedos,583.0,2017-12-01
72d3bf1d3a790f8874096fcf860e3eff,2018-01-01,2,38.25,1.0,1.5,brinquedos,583.0,2018-01-01
72d3bf1d3a790f8874096fcf860e3eff,2018-02-01,1,38.25,2.0,1.6666666666666667,brinquedos,583.0,2018-02-01
72d68b642dd7c1a360b571d247989e25,2017-09-01,1,295.49,,1.5,informatica_acessorios,525.0,2017-09-01
72f2ba8b34e02757c445970388158e46,2018-01-01,1,48.9,,2.0,relogios_presentes,800.0,2018-01-01
72f50924c42f32d9a236b7602686a49f,2018-04-01,1,254.9,,,cama_mesa_banho,3450.0,2018-04-01
730d34d191892dd7c4fb157daade465e,2017-08-01,1,418.0,,,eletrodomesticos_2,25600.0,2017-08-01
736f1b87428f9cfe5f5184c4ac0fbe05,2018-02-01,1,55.9,,,cama_mesa_banho,1500.0,2018-02-01
736f1b87428f9cfe5f5184c4ac0fbe05,2018-03-01,1,55.9,1.0,1.0,cama_mesa_banho,1500.0,2018-03-01
737d985cd93b0a4844c3c5847d945ca4,2018-02-01,1,140.0,,1.0,relogios_presentes,250.0,2018-02-01
73824b1ce8126cd05ce6e1a0aedb4797,2017-10-01,1,159.99,,1.0,relogios_presentes,650.0,2017-10-01
738da8ddda2e593acfdc53c2d1520dfa,2017-10-01,1,79.9,,,instrumentos_musicais,8350.0,2017-10-01
73a1c27772beb35c2b0caf9a809570f8,2018-04-01,1,20.4,,,automotivo,150.0,2018-04-01
73bc42701d50d3c0673b38ea8fbe2e32,2017-06-01,1,259.99,,,moveis_escritorio,16650.0,2017-06-01
73bcea88583002fe12b7399af4ae60da,2017-12-01,1,170.0,,,relogios_presentes,459.0,2017-12-01
73df0070248804951b5c6ba9537c6fc3,2017-02-01,6,8.9,,,unknown,100.0,2017-02-01
73f5461cce8ab8a4db14936789113bfc,2017-02-01,1,99.9,,,cama_mesa_banho,2350.0,2017-02-01
7403af89b9c7d9c9eb4e5b25b5d492bd,2018-01-01,1,19.99,,,telefonia_fixa,50.0,2018-01-01
740c2a837de513cc020ad90c1a6cb779,2017-12-01,1,179.99,,,utilidades_domesticas,1600.0,2017-12-01
741a31499a578979be85db7f80139e62,2017-07-01,1,45.9,,,moveis_decoracao,600.0,2017-07-01
741a31499a578979be85db7f80139e62,2017-10-01,1,45.9,1.0,1.0,moveis_decoracao,600.0,2017-10-01
741a31499a578979be85db7f80139e62,2017-12-01,2,45.9,1.0,1.0,moveis_decoracao,600.0,2017-12-01
74356542db3483a78a8ba69f5b7ea094,2017-12-01,1,59.9,,1.0,flores,600.0,2017-12-01
744846f62c7ba12b43c59c5ff57782a7,2017-06-01,1,40.0,,1.0,cama_mesa_banho,900.0,2017-06-01
748b719f4cbfdcb99cae90bf4bb16217,2017-05-01,1,94.9,,,brinquedos,400.0,2017-05-01
74985eecf05f5ef2d7e4c59156454e2c,2017-11-01,1,179.49,,,automotivo,525.0,2017-11-01
749b3d3d1502db86961a08db43c6b57b,2017-05-01,1,79.99,,,esporte_lazer,300.0,2017-05-01
749d3e9ac43e769ce6245a97630f6543,2018-04-01,1,26.5,,,artes,1150.0,2018-04-01
74ae869eb82594d9cbe6e934cf143e0c,2017-11-01,1,29.99,,,telefonia,150.0,2017-11-01
74ae869eb82594d9cbe6e934cf143e0c,2018-01-01,1,39.99,1.0,1.0,telefonia,150.0,2018-01-01
74e47bd907dc11882c23f4c4ce14031f,2018-02-01,1,39.99,,1.0,informatica_acessorios,350.0,2018-02-01
74e48c5377480b7d048d7b294abc569b,2017-08-01,1,75.0,,1.0,cool_stuff,300.0,2017-08-01
74e5e7c0ad09d8fec4d30c75a70a7799,2017-07-01,1,69.9,,,automotivo,1650.0,2017-07-01
750d224957fab8388b6b2c7432c00e35,2017-05-01,1,26.9,,,pet_shop,250.0,2017-05-01
750dcfda0a9788bba89c94bb82a322db,2018-01-01,1,23.99,,,utilidades_domesticas,7350.0,2018-01-01
751fe3ca6058edd02011a3cd408211f3,2017-08-01,1,91.5,,,brinquedos,1600.0,2017-08-01
7532d12ded8aa3d108d6326a05466bc6,2017-11-01,1,128.9,,,livros_interesse_geral,1500.0,2017-11-01
753de82a096285dc21658d87c4933771,2017-03-01,1,69.99,,,fashion_bolsas_e_acessorios,100.0,2017-03-01
754bbcab20b7ec2572eea091259f65a9,2017-11-01,1,139.99,,,bebes,10700.0,2017-11-01
755bf675d1b9d60401eed72669e2513e,2017-11-01,1,50.0,,,brinquedos,600.0,2017-11-01
756d52539899974a9b2ae56aff0b6a2e,2018-02-01,1,499.99,,,construcao_ferramentas_jardim,15100.0,2018-02-01
757b6da408dc043a090dd89a90e8d4b9,2017-06-01,1,18.99,,,beleza_saude,100.0,2017-06-01
759329d7653fd0c9a2b00d60aa8dd047,2018-03-01,1,21.49,,,esporte_lazer,200.0,2018-03-01
75936c7c56bb713ac42fd32183535958,2017-10-01,1,169.9,,,informatica_acessorios,756.0,2017-10-01
759c00ad779b5fcc09add1f1efb62417,2017-12-01,1,239.9,,,esporte_lazer,530.0,2017-12-01
75aabc8e1a57380a968e40965ccd0139,2018-01-01,1,249.0,,,papelaria,300.0,2018-01-01
75b1325940492d3513fd4f50897b1bf9,2017-05-01,1,59.9,,,cama_mesa_banho,433.0,2017-05-01
75b4372e69a42f8ae1d908c076f547b2,2017-07-01,1,253.0,,,beleza_saude,938.0,2017-07-01
75baeeacdb53150ac063abf52e4acaa7,2018-01-01,1,39.0,,,malas_acessorios,250.0,2018-01-01
75c06ee06b201f9b6301d2b5e72993f8,2017-09-01,1,13.99,,,perfumaria,50.0,2017-09-01
75c06ee06b201f9b6301d2b5e72993f8,2017-10-01,1,13.99,1.0,1.0,perfumaria,50.0,2017-10-01
75c06ee06b201f9b6301d2b5e72993f8,2017-11-01,1,13.99,1.0,1.0,perfumaria,50.0,2017-11-01
75c06ee06b201f9b6301d2b5e72993f8,2018-01-01,2,13.99,1.0,1.0,perfumaria,50.0,2018-01-01
75c06ee06b201f9b6301d2b5e72993f8,2018-04-01,1,13.99,2.0,1.3333333333333333,perfumaria,50.0,2018-04-01
75d3880783e696c130527f026ee302d4,2018-04-01,1,40.5,,1.5,esporte_lazer,400.0,2018-04-01
75d67b030a777f5f1081b8830606abb5,2017-10-01,1,89.9,,2.0,moveis_decoracao,1150.0,2017-10-01
75d6b6963340c6063f7f4cfcccfe6a30,2017-08-01,1,56.99,,,perfumaria,400.0,2017-08-01
75d6b6963340c6063f7f4cfcccfe6a30,2017-09-01,3,56.99,1.0,1.0,perfumaria,400.0,2017-09-01
75d6b6963340c6063f7f4cfcccfe6a30,2017-11-01,2,56.99,3.0,2.0,perfumaria,400.0,2017-11-01
75d6b6963340c6063f7f4cfcccfe6a30,2017-12-01,1,56.99,2.0,2.0,perfumaria,400.0,2017-12-01
75d6b6963340c6063f7f4cfcccfe6a30,2018-04-01,1,54.99,1.0,2.0,perfumaria,400.0,2018-04-01
75f32a954f5bb6bde77612be80c9293d,2018-01-01,1,104.9,,1.5,moveis_decoracao,950.0,2018-01-01
7605fbdad270936646b0ce6c3427b295,2017-10-01,1,234.91,,1.0,informatica_acessorios,950.0,2017-10-01
7612afaa8218e79b3011243ed9edea9c,2018-01-01,1,389.0,,,esporte_lazer,3450.0,2018-01-01
7620a27f1d6747511f1c6f0ddb63c0ef,2017-12-01,1,22.8,,,flores,850.0,2017-12-01
764292b2b0f73f77a0272be03fdd45f3,2017-08-01,1,89.9,,,moveis_decoracao,750.0,2017-08-01
764292b2b0f73f77a0272be03fdd45f3,2017-09-01,1,89.9,1.0,1.0,moveis_decoracao,750.0,2017-09-01
764292b2b0f73f77a0272be03fdd45f3,2017-10-01,1,89.9,1.0,1.0,moveis_decoracao,750.0,2017-10-01
764292b2b0f73f77a0272be03fdd45f3,2017-11-01,1,89.9,1.0,1.0,moveis_decoracao,750.0,2017-11-01
764292b2b0f73f77a0272be03fdd45f3,2017-12-01,1,89.9,1.0,1.0,moveis_decoracao,750.0,2017-12-01
764292b2b0f73f77a0272be03fdd45f3,2018-01-01,2,99.9,1.0,1.0,moveis_decoracao,750.0,2018-01-01
7659404ade89460a4be1c11ac47d5f2c,2017-08-01,1,47.49,,1.0,esporte_lazer,200.0,2017-08-01
7659404ade89460a4be1c11ac47d5f2c,2018-03-01,1,53.49,1.0,1.0,esporte_lazer,200.0,2018-03-01
766a6a4c51c63991e78e192d802787a9,2017-08-01,1,389.0,,1.0,construcao_ferramentas_construcao,14050.0,2017-08-01
76ac1907588ea63f562f0851bd5a4289,2017-04-01,1,279.9,,1.0,papelaria,4000.0,2017-04-01
76ac1907588ea63f562f0851bd5a4289,2017-08-01,1,279.9,1.0,1.0,papelaria,4000.0,2017-08-01
76acdd98759c649f3b6ecd0dc8576c8e,2018-03-01,1,145.0,,1.0,esporte_lazer,650.0,2018-03-01
76da62260c1793eadb05355edc9fd6ee,2017-05-01,1,308.0,,1.0,esporte_lazer,3800.0,2017-05-01
76df076d70248fa44de6ed8c31a1a9b5,2017-09-01,1,40.0,,,papelaria,1000.0,2017-09-01
76ec315dcc55a9e20ce3c0cd6124a9b3,2017-11-01,1,138.55,,,esporte_lazer,2300.0,2017-11-01
76f71ec385ad031b06d5ad8be0440260,2017-11-01,1,56.8,,,fashion_calcados,1200.0,2017-11-01
7703b8cb5b77fbb36518ea91e2ca734f,2017-09-01,1,39.0,,,relogios_presentes,250.0,2017-09-01
771a6b6fc2cc294592e31f3c675a091a,2018-04-01,1,50.9,,,automotivo,1700.0,2018-04-01
7721582bb750762d81850267d19881c1,2016-10-01,3,19.83,,,cama_mesa_banho,1400.0,2016-10-01
7724696de32f44179514a643987d416d,2017-11-01,1,189.9,,,esporte_lazer,2700.0,2017-11-01
7745fa765a4fbc559058c4ad0e5485aa,2018-04-01,1,34.3,,,unknown,200.0,2018-04-01
775882cccdd5199956853d6117b0e650,2017-02-01,1,115.0,,,eletrodomesticos,300.0,2017-02-01
77626943dadc1bafb9625f65d98724e3,2017-06-01,1,142.0,,,utilidades_domesticas,20100.0,2017-06-01
776ef0ee36e20757c513e64903f1fa8a,2017-07-01,3,98.0,,,beleza_saude,925.0,2017-07-01
776ef0ee36e20757c513e64903f1fa8a,2017-08-01,3,98.0,3.0,3.0,beleza_saude,925.0,2017-08-01
7770bdde7d6bfd349bfdeabc4ce54c07,2017-11-01,1,21.99,,3.0,telefonia,150.0,2017-11-01
7775d718fa8dfebe8015e6e5ee3dc5be,2017-08-01,1,37.99,,3.0,unknown,700.0,2017-08-01
77794668e2278bf0045019b0d8a308b2,2017-05-01,1,64.9,,,moveis_decoracao,900.0,2017-05-01
777d2e438a1b645f3aec9bd57e92672c,2017-01-01,2,69.9,,,cama_mesa_banho,950.0,2017-01-01
777d2e438a1b645f3aec9bd57e92672c,2017-04-01,1,69.9,2.0,2.0,cama_mesa_banho,950.0,2017-04-01
777d2e438a1b645f3aec9bd57e92672c,2017-06-01,1,69.9,1.0,1.5,cama_mesa_banho,950.0,2017-06-01
777d2e438a1b645f3aec9bd57e92672c,2017-08-01,4,69.9,1.0,1.3333333333333333,cama_mesa_banho,950.0,2017-08-01
777d2e438a1b645f3aec9bd57e92672c,2017-09-01,1,69.9,4.0,2.0,cama_mesa_banho,950.0,2017-09-01
777d2e438a1b645f3aec9bd57e92672c,2018-01-01,1,69.9,1.0,2.0,cama_mesa_banho,950.0,2018-01-01
777d2e438a1b645f3aec9bd57e92672c,2018-03-01,1,69.9,1.0,2.0,cama_mesa_banho,950.0,2018-03-01
777d44411c685bf4d03294fc52d263b5,2017-05-01,1,49.9,,1.0,esporte_lazer,300.0,2017-05-01
7787f84dcc43ef95552cd95d2c86f418,2017-04-01,1,49.0,,1.0,relogios_presentes,200.0,2017-04-01
77cc62dc80ebe12a0452d1ce0565acdc,2017-04-01,1,113.0,,,esporte_lazer,1625.0,2017-04-01
77cc62dc80ebe12a0452d1ce0565acdc,2017-05-01,1,113.0,1.0,1.0,esporte_lazer,1625.0,2017-05-01
77cc62dc80ebe12a0452d1ce0565acdc,2018-02-01,1,113.0,1.0,1.0,esporte_lazer,1625.0,2018-02-01
77ccda894b672fe1214b0101d108d7f7,2017-09-01,1,399.0,,1.0,beleza_saude,875.0,2017-09-01
77d1b9fb8d3858f503316105e9ac6c51,2017-06-01,1,18.99,,1.0,telefonia,50.0,2017-06-01
77ddf7d9682490a7d50e7d580460d4c1,2018-03-01,1,89.9,,,papelaria,1050.0,2018-03-01
77e8ff91e2cccad62b30a0a83bec431e,2018-01-01,1,168.8,,,relogios_presentes,330.0,2018-01-01
77f896a49e4b52c7886411acf219f98f,2017-06-01,1,259.0,,,relogios_presentes,500.0,2017-06-01
77fa3381855b6763c52ca3b72824f508,2017-11-01,1,49.0,,,fashion_bolsas_e_acessorios,250.0,2017-11-01
78120320a8a3d2656f159d513fcb83b6,2017-02-01,1,40.9,,,moveis_decoracao,650.0,2017-02-01
78120320a8a3d2656f159d513fcb83b6,2017-06-01,1,44.9,1.0,1.0,moveis_decoracao,650.0,2017-06-01
7814c273ab16783d73a9863ebfa8b141,2017-09-01,2,229.0,,1.0,moveis_decoracao,12250.0,2017-09-01
7814c273ab16783d73a9863ebfa8b141,2017-12-01,1,250.0,2.0,1.5,moveis_decoracao,12250.0,2017-12-01
7814c273ab16783d73a9863ebfa8b141,2018-01-01,1,250.0,1.0,1.5,moveis_decoracao,12250.0,2018-01-01
78514b0a0cec96621010b7b6a2bfd6c6,2018-02-01,1,49.9,,1.5,moveis_decoracao,450.0,2018-02-01
78540c45d4f971380710a35fa4ecc41b,2017-06-01,1,97.9,,1.0,moveis_escritorio,13950.0,2017-06-01
7855801875dac05bda454284be8be7db,2018-01-01,1,139.9,,,utilidades_domesticas,3500.0,2018-01-01
786733d317255508bd4d648585977611,2017-11-01,1,79.0,,,papelaria,7050.0,2017-11-01
7868a64aa111bbb4f41f8e1146c0becb,2017-01-01,1,59.9,,,moveis_decoracao,1200.0,2017-01-01
788c40790a78e5fb65513510fc00919c,2017-07-01,2,49.9,,,unknown,2800.0,2017-07-01
78976d6eae26536628ef574944bc7b0f,2017-11-01,1,387.2,,,utilidades_domesticas,24800.0,2017-11-01
78a2a96601d7940594f95dbaa4c368d0,2017-12-01,1,169.9,,,perfumaria,463.0,2017-12-01
78cff417987f620d4277395265379d6a,2018-03-01,1,79.0,,,esporte_lazer,200.0,2018-03-01
78efe838c04bbc568be034082200ac20,2017-12-01,1,99.9,,,moveis_decoracao,2500.0,2017-12-01
78efe838c04bbc568be034082200ac20,2018-02-01,1,99.9,1.0,1.0,moveis_decoracao,2500.0,2018-02-01
78efe838c04bbc568be034082200ac20,2018-03-01,1,99.9,1.0,1.0,moveis_decoracao,2500.0,2018-03-01
791d3e6bfa05746c3434250319e5e6d3,2017-11-01,1,149.0,,1.0,brinquedos,367.0,2017-11-01
7932fcce65e2aee84d6feb4a288f9cb9,2017-05-01,1,5.9,,1.0,fashion_underwear_e_moda_praia,200.0,2017-05-01
7933eeb8cf79ae899bfac71c0edb076d,2017-09-01,2,139.85,,,moveis_decoracao,2550.0,2017-09-01
79366d6a24de9351b7ca6e3cf75a68ec,2017-07-01,1,193.0,,,eletroportateis,1100.0,2017-07-01
79366d6a24de9351b7ca6e3cf75a68ec,2018-01-01,1,193.0,1.0,1.0,eletroportateis,1100.0,2018-01-01
793f6e9b0f6ba6a59ff2869a20c1199c,2018-03-01,1,43.9,,1.0,perfumaria,250.0,2018-03-01
797b0bf4316b47e82d45e3a4b5d828da,2017-08-01,1,9.9,,1.0,perfumaria,200.0,2017-08-01
797db4aaf1d7db19f13d21423f07b8e1,2017-10-01,1,1490.0,,,automotivo,22900.0,2017-10-01
79896466715d0179d8e5c8a84e5f0a18,2017-03-01,1,449.0,,,cool_stuff,1400.0,2017-03-01
79997ca1a57c069a3bd377b86f844c04,2017-12-01,2,61.0,,,cama_mesa_banho,1000.0,2017-12-01
79a564cca1924553af76d396bf7c0662,2017-07-01,1,174.33,,,malas_acessorios,483.0,2017-07-01
79fc4c7da6812091c88d89e02e02887c,2018-02-01,1,95.0,,,moveis_sala,3550.0,2018-02-01
7a10781637204d8d10485c71a6108a2e,2017-10-01,3,209.9,,,relogios_presentes,342.0,2017-10-01
7a10781637204d8d10485c71a6108a2e,2017-12-01,1,219.9,3.0,3.0,relogios_presentes,342.0,2017-12-01
7a10781637204d8d10485c71a6108a2e,2018-02-01,3,205.96666666666667,1.0,2.0,relogios_presentes,342.0,2018-02-01
7a10781637204d8d10485c71a6108a2e,2018-03-01,2,211.5,3.0,2.3333333333333335,relogios_presentes,342.0,2018-03-01
7a2428849e8c9e1cfac00494791ca876,2017-06-01,1,40.0,,2.0,cama_mesa_banho,900.0,2017-06-01
7a3bc1b5f3ad201ecd5d03d51d34bedd,2017-09-01,1,355.9,,3.0,beleza_saude,250.0,2017-09-01
7a5c07212703b5f01ee199d29a29a587,2018-03-01,1,79.0,,,cool_stuff,350.0,2018-03-01
7a5d2e1e131a860ae7d18f6fffa9d689,2018-04-01,1,37.0,,,beleza_saude,870.0,2018-04-01
7a5df623713bbcb94a51ea4540748c12,2017-11-01,2,28.9,,,bebes,139.0,2017-11-01
7a63b90eac4831fa1eed304ebb910716,2018-01-01,1,37.0,,,informatica_acessorios,200.0,2018-01-01
7a670a2551a3ac07c9152f8078eee043,2018-01-01,1,139.93,,,cool_stuff,300.0,2018-01-01
7a81751397c8813678761201a7114339,2018-03-01,1,14.9,,,utilidades_domesticas,200.0,2018-03-01
7a82832901d5f4cd314a4e102c47bd2b,2017-08-01,1,37.99,,,ferramentas_jardim,1900.0,2017-08-01
7a8dfec813ae58cfaa3e1ef9f534adab,2018-04-01,1,36.5,,,utilidades_domesticas,1200.0,2018-04-01
7aa1ab866537ff58ef91e90e3df92134,2017-10-01,1,217.01,,,informatica_acessorios,825.0,2017-10-01
7aac5971b0560a816c14f6b6e9185bcc,2017-07-01,1,203.6,,,beleza_saude,1450.0,2017-07-01
7ab3f33e0baeb7d996e1f95d25acc003,2017-09-01,1,88.9,,,cama_mesa_banho,850.0,2017-09-01
7ace8e994998f636a12d3cdc71c6b942,2017-08-01,2,29.9,,,informatica_acessorios,117.0,2017-08-01
7ad1208884270048a2176ff437f49a9b,2018-01-01,1,89.9,,,cama_mesa_banho,2300.0,2018-01-01
7ada7bee4052075cf6310885da8c4392,2017-06-01,1,79.0,,,papelaria,5550.0,2017-06-01
7ae5c4294636a8ccd3d8574daa6d7d21,2018-03-01,1,179.9,,,moveis_escritorio,12700.0,2018-03-01
7ae6a30460946f90c6365ff9c6c36fcf,2017-09-01,1,59.9,,,automotivo,5400.0,2017-09-01
7ae8d9b8eca8a6daf066e53ddc7034d3,2017-08-01,1,16.9,,,eletronicos,150.0,2017-08-01
7aeaa8f3e592e380c420e8910a717255,2018-03-01,1,329.9,,,eletrodomesticos,5500.0,2018-03-01
7af4c96f817389692dfb05e679dbd991,2018-01-01,1,80.5,,,eletronicos,1250.0,2018-01-01
7af6ddb00aacf6c4c8ae69fadb858b80,2017-11-01,1,79.0,,,perfumaria,600.0,2017-11-01
7b024909c999cdbddc27bcd2a1eaf889,2017-07-01,1,120.0,,,bebes,9800.0,2017-07-01
7b1e979883929d066ee44e3cef559021,2017-09-01,1,19.9,,,telefonia,100.0,2017-09-01
7b31b39ebebeb8282009c48e5587b1d0,2018-04-01,1,99.99,,,bebes,1900.0,2018-04-01
7b35be468d9795a7529f65c50ec87668,2018-01-01,1,579.0,,,relogios_presentes,4381.0,2018-01-01
7b35ccd93a2184646c03b70326626923,2017-12-01,1,179.0,,,esporte_lazer,1563.0,2017-12-01
7b453aa3584d61c1268d77ba6fd5956b,2017-07-01,1,109.9,,,utilidades_domesticas,3300.0,2017-07-01
7b5d8be0e04080e4c8ee6a7ec2f1f597,2018-01-01,3,38.4,,,moveis_decoracao,650.0,2018-01-01
7b5d8be0e04080e4c8ee6a7ec2f1f597,2018-03-01,3,35.0,3.0,3.0,moveis_decoracao,650.0,2018-03-01
7b822833c7cc8905ab8174b55ac878fa,2018-01-01,1,4.99,,3.0,perfumaria,100.0,2018-01-01
7b85e3deef35afd6ebed5461ee8f0641,2017-10-01,1,30.21,,3.0,informatica_acessorios,1583.0,2017-10-01
7b85e3deef35afd6ebed5461ee8f0641,2018-03-01,1,30.21,1.0,1.0,informatica_acessorios,1583.0,2018-03-01
7b975b7dc4f3286d95d68fd499f20cae,2017-07-01,1,278.0,,1.0,relogios_presentes,600.0,2017-07-01
7bb73fff8e232153ed20fef83e34e84c,2017-08-01,1,94.9,,1.0,cama_mesa_banho,1800.0,2017-08-01
7bcdb99b3fc6f5c31ab72c04b5a99359,2017-11-01,1,158.1,,,perfumaria,583.0,2017-11-01
7bdb28a55646012fb3348058d629d9bc,2018-03-01,1,59.9,,,instrumentos_musicais,2750.0,2018-03-01
7bea3672d6a87d1d816cda1283bd1cb8,2018-01-01,1,250.0,,,beleza_saude,3400.0,2018-01-01
7c0a2a31bc479e366fe9fee1f5bc62b3,2017-05-01,1,136.9,,,beleza_saude,2200.0,2017-05-01
7c1bd920dbdf22470b68bde975dd3ccf,2017-05-01,2,64.99,,,beleza_saude,200.0,2017-05-01
7c1bd920dbdf22470b68bde975dd3ccf,2017-06-01,1,54.99,2.0,2.0,beleza_saude,200.0,2017-06-01
7c1bd920dbdf22470b68bde975dd3ccf,2017-08-01,1,58.99,1.0,1.5,beleza_saude,200.0,2017-08-01
7c1bd920dbdf22470b68bde975dd3ccf,2017-09-01,1,58.99,1.0,1.3333333333333333,beleza_saude,200.0,2017-09-01
7c1bd920dbdf22470b68bde975dd3ccf,2017-10-01,1,58.99,1.0,1.0,beleza_saude,200.0,2017-10-01
7c1bd920dbdf22470b68bde975dd3ccf,2017-11-01,1,58.99,1.0,1.0,beleza_saude,200.0,2017-11-01
7c1bd920dbdf22470b68bde975dd3ccf,2018-01-01,1,58.99,1.0,1.0,beleza_saude,200.0,2018-01-01
7c1bd920dbdf22470b68bde975dd3ccf,2018-02-01,2,58.99,1.0,1.0,beleza_saude,200.0,2018-02-01
7c1bd920dbdf22470b68bde975dd3ccf,2018-03-01,1,58.99,2.0,1.3333333333333333,beleza_saude,200.0,2018-03-01
7c24503a64637f3ab756ed1b44826747,2018-03-01,1,35.9,,1.5,brinquedos,247.0,2018-03-01
7c2d0df8e5fbfa71d54a400b33a8502e,2017-03-01,1,116.0,,2.0,beleza_saude,138.0,2017-03-01
7c4a8bec217df1de0df2b5aaf8175b65,2017-11-01,1,19.9,,,audio,167.0,2017-11-01
7c65bcd66be0ad761948bfeda4e7bd2f,2017-09-01,1,76.9,,,casa_conforto,1550.0,2017-09-01
7c6ff274f0411bde88f5df8db5f64693,2018-01-01,1,173.0,,,informatica_acessorios,340.0,2018-01-01
7c78931da71b756d23d98d0e53e01fb0,2018-03-01,1,64.9,,,cama_mesa_banho,1250.0,2018-03-01
7c898e0b8ea203dd94ba846627fc34d1,2018-02-01,1,159.94,,,moveis_escritorio,12650.0,2018-02-01
7c8e2b381bb0fcba5b368961d7823cd2,2017-12-01,3,599.0,,,pcs,12050.0,2017-12-01
7c8e2b381bb0fcba5b368961d7823cd2,2018-01-01,1,599.0,3.0,3.0,pcs,12050.0,2018-01-01
7ca5f56188492e30c50ba64de188aae7,2017-04-01,1,13.9,,3.0,cama_mesa_banho,200.0,2017-04-01
7cb5b984262835ef46a1ed83d04d0d44,2017-11-01,1,45.0,,3.0,bebidas,850.0,2017-11-01
7cd29da0653abeb444703cc5a957f479,2017-06-01,2,29.9,,,beleza_saude,1029.0,2017-06-01
7cd6ba4cdd2990810313f9e049ec8c68,2017-06-01,1,75.0,,,automotivo,2300.0,2017-06-01
7ce4db889dbcd395526f583dbbd40080,2017-06-01,1,99.99,,,cama_mesa_banho,1400.0,2017-06-01
7ce94ab189134e2d3c05f496d635419c,2017-11-01,1,13.65,,,eletronicos,200.0,2017-11-01
7ce94ab189134e2d3c05f496d635419c,2018-01-01,1,13.65,1.0,1.0,eletronicos,200.0,2018-01-01
7ce94ab189134e2d3c05f496d635419c,2018-02-01,3,13.65,1.0,1.0,eletronicos,200.0,2018-02-01
7ce94ab189134e2d3c05f496d635419c,2018-04-01,2,13.65,3.0,1.6666666666666667,eletronicos,200.0,2018-04-01
7cfb84c1323fb861a17478de42b1839f,2017-10-01,1,129.9,,2.0,cama_mesa_banho,1450.0,2017-10-01
7d0e0214a0852cf0c90032c7992cf27f,2018-02-01,1,65.0,,3.0,market_place,125.0,2018-02-01
7d1a667dbc183583078324f912d42c6b,2018-02-01,1,112.0,,,esporte_lazer,150.0,2018-02-01
7d50930301709838d8e90dcac5cfaa84,2017-08-01,4,59.9,,,esporte_lazer,1650.0,2017-08-01
7d681d24b9bad757fb34b0d464c350e4,2018-01-01,1,59.8,,,beleza_saude,240.0,2018-01-01
7d839fe5a5adb44e9de8e8358e031a76,2017-04-01,1,599.0,,,cool_stuff,1825.0,2017-04-01
7d854ab97c64ef9df2bbfaf332765786,2017-01-01,1,59.9,,,cool_stuff,4100.0,2017-01-01
7d854ab97c64ef9df2bbfaf332765786,2017-03-01,1,59.9,1.0,1.0,cool_stuff,4100.0,2017-03-01
7dcc2e60786a27f4a3115fdf666b81fe,2017-05-01,1,89.99,,1.0,fashion_bolsas_e_acessorios,500.0,2017-05-01
7dd3fec3502f7ef333da2a73e00db394,2017-12-01,1,277.0,,1.0,perfumaria,479.0,2017-12-01
7dd3fec3502f7ef333da2a73e00db394,2018-01-01,1,276.0,1.0,1.0,perfumaria,479.0,2018-01-01
7e0dc102074f8285580c9777f79c90cf,2017-02-01,1,39.9,,1.0,ferramentas_jardim,800.0,2017-02-01
7e0dc102074f8285580c9777f79c90cf,2017-03-01,4,36.15,1.0,1.0,ferramentas_jardim,800.0,2017-03-01
7e0dc102074f8285580c9777f79c90cf,2017-04-01,1,34.9,4.0,2.5,ferramentas_jardim,800.0,2017-04-01
7e1cd234017755c3d884de59cbd15ca7,2017-06-01,1,71.82,,2.5,fashion_calcados,1400.0,2017-06-01
7e23aeb084e4f123bb9127b00c20e47e,2017-07-01,1,74.99,,4.0,relogios_presentes,200.0,2017-07-01
7e42a5d6c862c0078b9e31fd9daa31f8,2018-04-01,1,74.9,,,automotivo,850.0,2018-04-01
7e437c1d65a7baab7e7ca6c9f4e98b84,2017-10-01,1,65.0,,,beleza_saude,2150.0,2017-10-01
7e437c1d65a7baab7e7ca6c9f4e98b84,2018-04-01,1,59.0,1.0,1.0,beleza_saude,2150.0,2018-04-01
7e441b33f896ba519d58063f4c714bef,2017-01-01,1,19.9,,1.0,moveis_decoracao,300.0,2017-01-01
7e4453fdebc830f4198332526054960f,2017-11-01,1,179.0,,1.0,moveis_decoracao,6600.0,2017-11-01
7e56c4aee262455fae9a64dd122d837b,2018-03-01,1,16.99,,,telefonia,100.0,2018-03-01
7e646f7e1e428a1ddde5a18dd9d42e95,2017-12-01,1,129.99,,,moveis_escritorio,12000.0,2017-12-01
7e6c4a0bf900e259f50ba63331fd2785,2017-09-01,2,65.0,,,relogios_presentes,250.0,2017-09-01
7e6c4a0bf900e259f50ba63331fd2785,2018-02-01,1,75.0,2.0,2.0,relogios_presentes,250.0,2018-02-01
7e857e35018e4a05b7d124d1628dc1f0,2018-01-01,1,35.9,,2.0,esporte_lazer,329.0,2018-01-01
7e8c9cebda42cbe9ae5ae912f81db940,2017-06-01,1,89.9,,2.0,beleza_saude,200.0,2017-06-01
7ea6e431566424822291438eddf3091a,2018-01-01,1,29.99,,,telefonia,99.0,2018-01-01
7efc9c66bf68e3026c7846b0ec3e8682,2017-02-01,1,9.5,,,beleza_saude,350.0,2017-02-01
7f1e346754bd4283e2261b71bc4bf4b0,2017-11-01,1,30.0,,,consoles_games,150.0,2017-11-01
7f55769896fc6596e7251490b8b5e536,2017-02-01,1,39.99,,,moveis_decoracao,450.0,2017-02-01
7f55769896fc6596e7251490b8b5e536,2017-05-01,1,39.99,1.0,1.0,moveis_decoracao,450.0,2017-05-01
7f55769896fc6596e7251490b8b5e536,2017-08-01,1,39.99,1.0,1.0,moveis_decoracao,450.0,2017-08-01
7f6308ba4057a6a740af7b4dcfb79c13,2017-12-01,1,39.99,,1.0,telefonia,200.0,2017-12-01
7f70545e9d4c47a4e84278437672f03f,2017-08-01,1,10.8,,1.0,eletrodomesticos,300.0,2017-08-01
7f72a8900b3d2fc8fa2635b7836d6e6e,2017-12-01,1,109.9,,,brinquedos,147.0,2017-12-01
7f72a8900b3d2fc8fa2635b7836d6e6e,2018-03-01,1,89.9,1.0,1.0,brinquedos,147.0,2018-03-01
7f7a6b07907da42addc3ec06b4a62cfb,2018-03-01,1,89.9,,1.0,automotivo,5100.0,2018-03-01
7f98b8ee9f858f69f6e73715c3fe8ed2,2017-05-01,1,499.9,,1.0,cool_stuff,1800.0,2017-05-01
7f98b8ee9f858f69f6e73715c3fe8ed2,2017-07-01,1,499.9,1.0,1.0,cool_stuff,1800.0,2017-07-01
7fa79f73326e6b9b13b79f60a435d4a5,2018-03-01,2,214.0,,1.0,esporte_lazer,725.0,2018-03-01
7fa9cd17cea7ecbac9778cc86b7f9033,2017-08-01,2,27.0,,1.0,utilidades_domesticas,300.0,2017-08-01
7fab1a1472fdd934397068931f63f3ca,2017-07-01,1,69.9,,,brinquedos,600.0,2017-07-01
7fab1a1472fdd934397068931f63f3ca,2018-04-01,1,69.9,1.0,1.0,brinquedos,600.0,2018-04-01
7fb04722aba7a2b632bac8f9819796f3,2017-03-01,1,89.0,,1.0,beleza_saude,1850.0,2017-03-01
7fb04722aba7a2b632bac8f9819796f3,2017-08-01,2,79.0,1.0,1.0,beleza_saude,1850.0,2017-08-01
7fb04722aba7a2b632bac8f9819796f3,2017-09-01,1,79.9,2.0,1.5,beleza_saude,1850.0,2017-09-01
7fb04722aba7a2b632bac8f9819796f3,2017-10-01,1,79.9,1.0,1.3333333333333333,beleza_saude,1850.0,2017-10-01
7fb04722aba7a2b632bac8f9819796f3,2017-11-01,1,69.0,1.0,1.3333333333333333,beleza_saude,1850.0,2017-11-01
7fb04722aba7a2b632bac8f9819796f3,2018-01-01,1,80.0,1.0,1.0,beleza_saude,1850.0,2018-01-01
7fb06133a9a56c3d8a2819e9f4d45422,2018-01-01,1,136.3,,1.0,construcao_ferramentas_construcao,1050.0,2018-01-01
7fb9118562782456232ad0c6e54386be,2018-02-01,1,98.89,,1.0,beleza_saude,2200.0,2018-02-01
7ff7661b8c3f488705fcf1f407d04329,2018-01-01,1,32.5,,,alimentos_bebidas,500.0,2018-01-01
80103e141ed0da3b1d63cb0c7d1f7d48,2018-03-01,1,39.9,,,telefonia,150.0,2018-03-01
801a8823d2fb3157110897e1af035a5d,2018-02-01,1,99.0,,,eletroportateis,1250.0,2018-02-01
802b191477641b98e903230bcfaa2a47,2017-11-01,1,29.0,,,telefonia,67.0,2017-11-01
803f77475e1b51b47f1bfec4f2ec353f,2017-12-01,1,69.99,,,automotivo,350.0,2017-12-01
804276969fd6adfcfb9c9dcbce2fe8ec,2017-12-01,1,255.0,,,esporte_lazer,4900.0,2017-12-01
805fb04b1eee16776d3ff45a40a30044,2017-03-01,1,126.99,,,moveis_escritorio,3875.0,2017-03-01
80665d04b7d8216835a0ad52625c7039,2018-01-01,1,119.0,,,papelaria,900.0,2018-01-01
806cdc4d643d6c7b64d05bf4dfadf1c7,2017-06-01,1,22.9,,,pet_shop,300.0,2017-06-01
8092fb20e422a961ea52cd441b5a4244,2017-07-01,1,155.0,,,informatica_acessorios,856.0,2017-07-01
80ac250f5bffe3fff8097929c3c4a938,2017-11-01,1,19.99,,,fashion_bolsas_e_acessorios,100.0,2017-11-01
80d2404aa74015aa6cd21863642295f7,2018-04-01,1,109.9,,,bebes,5700.0,2018-04-01
80db55ab8514dce76cb6a22d5014b73a,2018-03-01,1,120.0,,,esporte_lazer,300.0,2018-03-01
80df62ce491a20d390c9f69402310f0a,2018-01-01,1,38.9,,,informatica_acessorios,300.0,2018-01-01
80df62ce491a20d390c9f69402310f0a,2018-02-01,1,38.9,1.0,1.0,informatica_acessorios,300.0,2018-02-01
80fb011fd54fa5e1911a2f80c0fc878d,2017-02-01,1,51.4,,1.0,brinquedos,400.0,2017-02-01
8100d323ffa1909cfcf9fdf05f20b678,2017-05-01,1,141.9,,1.0,brinquedos,4017.0,2017-05-01
811ea06b526cf16fd375cbabb9b8a99f,2017-10-01,1,119.9,,,automotivo,1200.0,2017-10-01
81288df52439985f610be64465e53f57,2018-03-01,1,109.99,,,esporte_lazer,3775.0,2018-03-01
81652e8e327c1690eecf9aa488c93895,2017-11-01,1,240.0,,,beleza_saude,16200.0,2017-11-01
817e1c2d22418c36386406ccacfa53e8,2018-01-01,1,159.0,,,moveis_decoracao,2750.0,2018-01-01
817e1c2d22418c36386406ccacfa53e8,2018-03-01,2,159.0,1.0,1.0,moveis_decoracao,2750.0,2018-03-01
81c891c541361f1108fe9e2a645324d9,2017-01-01,1,869.0,,1.0,cool_stuff,13900.0,2017-01-01
81d34fb425382e189529a619f8f2c077,2018-03-01,3,11.9,,1.0,automotivo,200.0,2018-03-01
81d879a43537a2803762ce12282ccbc9,2017-11-01,1,57.39,,,eletroportateis,200.0,2017-11-01
81de659bfde3389fc8614bfba92e585a,2017-09-01,1,250.0,,,moveis_decoracao,11450.0,2017-09-01
81de659bfde3389fc8614bfba92e585a,2018-01-01,1,250.0,1.0,1.0,moveis_decoracao,11450.0,2018-01-01
81efaa22f3868f00c8ef1879cccc3c03,2018-01-01,1,46.55,,1.0,informatica_acessorios,550.0,2018-01-01
81f054ba9bea6ec5d1a2adab1cf69d66,2018-01-01,1,149.0,,1.0,esporte_lazer,400.0,2018-01-01
8203048d6e95e42c60a24edf3425ab90,2017-09-01,1,52.64,,,moveis_decoracao,417.0,2017-09-01
820e8f306dc9ffcf6d0957516084cca1,2017-11-01,1,36.79,,,brinquedos,888.0,2017-11-01
821719b9a2288a792ba3ca0c9962f467,2017-04-01,1,1740.0,,,cama_mesa_banho,27050.0,2017-04-01
82171fcb587a3c4da7db45e5b6527a3e,2017-12-01,1,10.95,,,cama_mesa_banho,100.0,2017-12-01
821a07e1e2a0382df1f3761ae3cd435c,2017-12-01,1,119.9,,,cama_mesa_banho,1550.0,2017-12-01
822c9ab05e9b8114704a5b2cd8639585,2017-10-01,1,259.9,,,perfumaria,520.0,2017-10-01
8232a265a535c1f886b38335667be2a5,2017-04-01,1,59.99,,,bebes,800.0,2017-04-01
824d0f65de327bae9d13bbc23528c79a,2017-10-01,2,21.9,,,telefonia,50.0,2017-10-01
8296481ad888f93f5dafcd25d65b09b8,2017-10-01,1,427.0,,,cool_stuff,1050.0,2017-10-01
8296481ad888f93f5dafcd25d65b09b8,2018-03-01,1,299.0,1.0,1.0,cool_stuff,1050.0,2018-03-01
82c3ea364e5480f335f6743ee725a921,2018-02-01,1,49.0,,1.0,informatica_acessorios,275.0,2018-02-01
82e58c3610465c0741a584561e7199f3,2018-01-01,1,62.9,,1.0,esporte_lazer,450.0,2018-01-01
82f02f778dae4ea65e408d9086b013ec,2018-01-01,1,317.99,,,papelaria,2300.0,2018-01-01
82fd0e5d33b58ad696f75449679c1470,2017-12-01,1,125.5,,,beleza_saude,1087.0,2017-12-01
8300e0e22bb50df7bc0bbe0b2b15997b,2017-11-01,1,50.34,,,cool_stuff,475.0,2017-11-01
8316da766ebc954ed00fe9bcf1413254,2017-11-01,1,51.9,,,automotivo,100.0,2017-11-01
8317b177579dd27ff068b83205e2169b,2017-11-01,1,195.9,,,cool_stuff,400.0,2017-11-01
8317b177579dd27ff068b83205e2169b,2017-12-01,1,195.9,1.0,1.0,cool_stuff,400.0,2017-12-01
8338cef8355d238f43711dcb9c0657b2,2017-06-01,1,45.9,,1.0,moveis_decoracao,700.0,2017-06-01
8338cef8355d238f43711dcb9c0657b2,2017-11-01,1,45.9,1.0,1.0,moveis_decoracao,700.0,2017-11-01
833b7baca432a26ccfc3e3eaa8271519,2017-06-01,1,190.0,,1.0,fashion_bolsas_e_acessorios,100.0,2017-06-01
833b7baca432a26ccfc3e3eaa8271519,2017-08-01,1,190.0,1.0,1.0,fashion_bolsas_e_acessorios,100.0,2017-08-01
8347d3b517ab185dea43991aebb46737,2018-02-01,1,25.5,,1.0,cama_mesa_banho,200.0,2018-02-01
835956a0722151405b61a58661a6e5e1,2017-09-01,1,9.9,,1.0,cama_mesa_banho,700.0,2017-09-01
835c3918777f6ad40fea5150f5ba0cfb,2017-12-01,1,899.9,,,relogios_presentes,400.0,2017-12-01
837f3d09b625825bd84bfccb1f51d8be,2017-05-01,3,11.63,,,unknown,300.0,2017-05-01
839ae04dfa2580c962dbbf9613c3e6f9,2018-01-01,4,95.9,,,moveis_decoracao,1950.0,2018-01-01
83a26c42a5f94b7456425cd0cd20daf8,2016-10-01,1,94.99,,,market_place,1500.0,2016-10-01
83b00325c13c44245b2c3a2befa62a0e,2017-08-01,1,159.99,,,bebes,10700.0,2017-08-01
83b00325c13c44245b2c3a2befa62a0e,2017-10-01,1,159.99,1.0,1.0,bebes,10700.0,2017-10-01
83bfae859f4a37b048a3abcecb17c506,2018-02-01,2,85.0,,1.0,utilidades_domesticas,9400.0,2018-02-01
83d199d296c44101c8c3b5c9c0cce9ea,2017-10-01,1,69.99,,1.0,brinquedos,500.0,2017-10-01
83e5adb51c0d54eff80057f064f808d2,2018-03-01,1,154.08,,,consoles_games,817.0,2018-03-01
83f2c628d86dde5369cde6ffb51d919a,2017-07-01,1,85.9,,,esporte_lazer,600.0,2017-07-01
83f6e0a993efdfa2bf9550a204422cb7,2018-04-01,1,320.0,,,moveis_cozinha_area_de_servico_jantar_e_jardim,15800.0,2018-04-01
84003eefe52bb4112252409a24ae3a73,2017-04-01,1,163.99,,,perfumaria,400.0,2017-04-01
84003eefe52bb4112252409a24ae3a73,2017-07-01,1,150.49,1.0,1.0,perfumaria,400.0,2017-07-01
84259efff65083245b85e488d3a30d4c,2017-03-01,1,39.9,,1.0,eletrodomesticos,1400.0,2017-03-01
842f01c6359ea76dede02a1daf8bbe77,2017-11-01,1,399.99,,1.0,automotivo,2000.0,2017-11-01
8434c9cfbd72cba6e81064e65d2f05d7,2017-06-01,1,70.0,,,moveis_decoracao,900.0,2017-06-01
84412fdf17ffe7f7b52913a82e73b5b2,2017-09-01,1,169.9,,,esporte_lazer,1600.0,2017-09-01
845f006b4e362c371735a9a64f6a52b8,2018-04-01,1,489.0,,,construcao_ferramentas_construcao,11400.0,2018-04-01
846145e9b8d412bd1c9bb478a52ab4a0,2017-11-01,1,29.0,,,cool_stuff,200.0,2017-11-01
8466762a9393a2b2b1de73f3cf6081a3,2017-10-01,1,79.9,,,moveis_sala,2700.0,2017-10-01
8470bac0f1a7439fe183013eab283534,2017-01-01,1,139.9,,,cama_mesa_banho,5050.0,2017-01-01
84a517a0e06ef2a45abff3cab3f0ad0e,2017-11-01,1,83.23,,,informatica_acessorios,225.0,2017-11-01
84a87daa85c8b432d90bc1baa0cb4388,2017-08-01,1,59.9,,,bebes,700.0,2017-08-01
84a87daa85c8b432d90bc1baa0cb4388,2017-11-01,1,59.9,1.0,1.0,bebes,700.0,2017-11-01
84c14b1bdd1a86dad802e0863ef5385e,2017-03-01,1,127.99,,1.0,cama_mesa_banho,2200.0,2017-03-01
84cdff92b3a55fc67a2b0bbdae9b57bf,2017-10-01,1,195.9,,1.0,moveis_decoracao,1600.0,2017-10-01
84d0e98e468edffdfe4f1f5b178d4ecc,2017-10-01,1,104.0,,,esporte_lazer,1150.0,2017-10-01
84f456958365164420cfc80fbe4c7fab,2017-11-01,3,99.0,,,cama_mesa_banho,1550.0,2017-11-01
84f456958365164420cfc80fbe4c7fab,2017-12-01,1,99.0,3.0,3.0,cama_mesa_banho,1550.0,2017-12-01
84f456958365164420cfc80fbe4c7fab,2018-01-01,1,99.0,1.0,2.0,cama_mesa_banho,1550.0,2018-01-01
84f456958365164420cfc80fbe4c7fab,2018-02-01,2,92.0,1.0,1.6666666666666667,cama_mesa_banho,1550.0,2018-02-01
84f5c4f480ad6c9998d6a6860f1a2e41,2017-11-01,1,39.0,,1.0,alimentos_bebidas,1100.0,2017-11-01
850fd992aca25ac2d7768b434ab3ceca,2017-07-01,1,59.9,,1.0,automotivo,300.0,2017-07-01
85337022853da10b8f5fd7d1ef180421,2017-06-01,1,39.9,,,consoles_games,200.0,2017-06-01
853cabeecd89a8fa18c5ead33e4b7cdb,2018-01-01,1,32.98,,,bebes,150.0,2018-01-01
853ee0759242b6c1e8e1de5052df3fc4,2017-12-01,2,29.99,,,utilidades_domesticas,150.0,2017-12-01
8562e2c780a345b609e1b802d7e3e4ae,2018-02-01,1,79.9,,,cama_mesa_banho,1100.0,2018-02-01
8562e2c780a345b609e1b802d7e3e4ae,2018-03-01,1,79.9,1.0,1.0,cama_mesa_banho,1100.0,2018-03-01
856af50654f3ba4a223ae9b5b8d243c0,2017-05-01,1,26.9,,1.0,telefonia,200.0,2017-05-01
856b55eef75569bf5ec655e857bf84f7,2018-03-01,1,36.0,,1.0,beleza_saude,550.0,2018-03-01
85bb2ec914e43df39983d98c9156ce59,2018-02-01,1,155.0,,,relogios_presentes,300.0,2018-02-01
85d187257cdbf2692d10649a11c7e78b,2017-12-01,1,134.99,,,malas_acessorios,2000.0,2017-12-01
85d343db501f388dc453ddce58bc5921,2018-03-01,1,26.0,,,cama_mesa_banho,370.0,2018-03-01
85d8ae64b3b59814a1136254a96f5693,2017-12-01,1,25.9,,,fashion_bolsas_e_acessorios,150.0,2017-12-01
85df978207ed4024ea16570dbb64fd6e,2018-03-01,1,24.0,,,cool_stuff,100.0,2018-03-01
85f709dd4e8f207aecdfaeba8581c1f0,2018-02-01,1,95.5,,,pet_shop,5900.0,2018-02-01
85f7542f664dc1afc5942aeee6825368,2017-12-01,1,179.8,,,brinquedos,2000.0,2017-12-01
85fa7be0fc14808a79c3987d739eac6a,2018-03-01,1,14.58,,,ferramentas_jardim,150.0,2018-03-01
860d51f23d7ca3111d26ee05bf1aa355,2018-01-01,1,25.0,,,cool_stuff,250.0,2018-01-01
8610ba48fd9f65656bc2c7a9474185d9,2018-01-01,1,31.0,,,moveis_decoracao,800.0,2018-01-01
86133a2151bd98a3ed2ad758709e6d1b,2017-11-01,1,59.9,,,cool_stuff,1750.0,2017-11-01
862f21f0a089e3a09528412f6ec63428,2017-05-01,1,59.74,,,moveis_decoracao,1400.0,2017-05-01
86304b9e4529f2686bc91f37c6392801,2018-03-01,1,109.0,,,cama_mesa_banho,3700.0,2018-03-01
8634ba98d69440265e955814c3e4cde1,2017-11-01,1,119.0,,,cool_stuff,400.0,2017-11-01
8640f0c0e2d0af93274cad7452f80034,2017-06-01,1,64.9,,,beleza_saude,1300.0,2017-06-01
868b3136c5b206f91b8208fbfdf2cb7c,2018-02-01,1,93.0,,,cama_mesa_banho,800.0,2018-02-01
869c418f22e0c0ed9207ff691f279e46,2017-10-01,1,32.9,,,utilidades_domesticas,300.0,2017-10-01
86a7362af6fc1b61f0e613146b8c4cca,2018-03-01,1,264.0,,,beleza_saude,200.0,2018-03-01
86c43103446290e7efacad3701cd654d,2017-07-01,2,35.0,,,relogios_presentes,250.0,2017-07-01
86f2416d4670e4ea3ca5494d043d9f24,2017-03-01,1,179.96,,,moveis_escritorio,11700.0,2017-03-01
86fb7ef6ee1ffa3832f09b1a1552e7e6,2017-11-01,2,1350.0,,,informatica_acessorios,1125.0,2017-11-01
870bcc6c58e03ca658cfdd13db4bbe28,2017-05-01,1,144.99,,,informatica_acessorios,487.0,2017-05-01
87283a98b24f9f1ac3a31b631073cf47,2017-02-01,2,49.9,,,fashion_bolsas_e_acessorios,150.0,2017-02-01
87283a98b24f9f1ac3a31b631073cf47,2017-05-01,2,49.9,2.0,2.0,fashion_bolsas_e_acessorios,150.0,2017-05-01
87283a98b24f9f1ac3a31b631073cf47,2017-08-01,1,49.9,2.0,2.0,fashion_bolsas_e_acessorios,150.0,2017-08-01
87283a98b24f9f1ac3a31b631073cf47,2017-10-01,1,49.9,1.0,1.6666666666666667,fashion_bolsas_e_acessorios,150.0,2017-10-01
87285b34884572647811a353c7ac498a,2017-10-01,1,29.99,,1.5,utilidades_domesticas,500.0,2017-10-01
872c150bc3167f3a4fd9214f82931358,2018-04-01,1,66.9,,1.0,cama_mesa_banho,1650.0,2018-04-01
87349b9aa1037e754a70957639f42f4d,2018-02-01,1,35.9,,,instrumentos_musicais,400.0,2018-02-01
875fb9ce8ae73f00dff3c9e0f710fe84,2017-07-01,2,7.99,,,esporte_lazer,710.0,2017-07-01
877037e9f558d11ce22f3224771fd12f,2017-02-01,1,159.9,,,brinquedos,1200.0,2017-02-01
87716aafd7c6269cddb3403f85e4102e,2018-03-01,1,43.9,,,utilidades_domesticas,515.0,2018-03-01
877e380ee3bca2827be3586e9d4b7c84,2018-02-01,1,69.0,,,eletronicos,550.0,2018-02-01
8794dfe7cd526fa69414f8364e09470c,2017-11-01,1,28.9,,,fashion_bolsas_e_acessorios,150.0,2017-11-01
87a71ae93900ab55fcf685c8040769b3,2017-12-01,2,12.9,,,eletronicos,175.0,2017-12-01
87a71ae93900ab55fcf685c8040769b3,2018-01-01,1,12.9,2.0,2.0,eletronicos,175.0,2018-01-01
87a71ae93900ab55fcf685c8040769b3,2018-03-01,1,12.9,1.0,1.5,eletronicos,175.0,2018-03-01
87c9f9f88ecd5b9de26a0a61e06e1d67,2017-12-01,1,21.9,,1.5,esporte_lazer,214.0,2017-12-01
87cb507e0daa37bbf34956fd59eba832,2018-01-01,1,29.0,,1.0,relogios_presentes,250.0,2018-01-01
87cb507e0daa37bbf34956fd59eba832,2018-02-01,1,29.0,1.0,1.0,relogios_presentes,250.0,2018-02-01
87cc2aef12eddf0b170234138b0946e0,2017-09-01,1,185.81,,1.0,informatica_acessorios,350.0,2017-09-01
87ceed33e1f7fe39fa06b69c9fdf9e53,2018-03-01,1,41.9,,1.0,informatica_acessorios,50.0,2018-03-01
87d780fa7d2cf3710aa02dc4ca8db985,2017-09-01,1,99.9,,,cama_mesa_banho,1350.0,2017-09-01
87ecdbf76c33c8f2dabc40eeb821dc6b,2016-10-01,1,72.9,,,moveis_decoracao,600.0,2016-10-01
88007f00299939d563c9565c054d2cd7,2017-11-01,1,30.0,,,brinquedos,500.0,2017-11-01
880be32f4db1d9f6e2bec38fb6ac23ab,2017-01-01,1,42.99,,,brinquedos,200.0,2017-01-01
880be32f4db1d9f6e2bec38fb6ac23ab,2017-02-01,1,42.99,1.0,1.0,brinquedos,200.0,2017-02-01
880be32f4db1d9f6e2bec38fb6ac23ab,2017-04-01,1,42.99,1.0,1.0,brinquedos,200.0,2017-04-01
880be32f4db1d9f6e2bec38fb6ac23ab,2017-05-01,1,42.99,1.0,1.0,brinquedos,200.0,2017-05-01
880be32f4db1d9f6e2bec38fb6ac23ab,2017-10-01,1,44.9,1.0,1.0,brinquedos,200.0,2017-10-01
881218c6167982e1dd94cb98a085cbb9,2017-07-01,1,59.9,,1.0,eletrodomesticos,550.0,2017-07-01
8814a3da37fb9673a5ac06f82a2a00a9,2017-12-01,2,59.65,,1.0,moveis_decoracao,900.0,2017-12-01
8817f0cda3d5b42e5f949ee3be9dc80c,2017-11-01,1,13.99,,,perfumaria,50.0,2017-11-01
8839acf227b922877d3c49fe5267af61,2018-02-01,1,69.9,,,automotivo,6975.0,2018-02-01
8844bd4b8ca8f93603694ca2bceb77e9,2017-09-01,1,84.99,,,beleza_saude,900.0,2017-09-01
8844bd4b8ca8f93603694ca2bceb77e9,2017-11-01,2,84.99,1.0,1.0,beleza_saude,900.0,2017-11-01
886208eeba914fad42127271385d66f0,2018-03-01,1,34.99,,1.0,telefonia,175.0,2018-03-01
8896b8c893a3dc9e5a6d10e00bada716,2017-11-01,1,189.0,,1.0,esporte_lazer,500.0,2017-11-01
88ab3ce1ded665150c5cd6adcc5287e0,2017-10-01,1,59.9,,,cama_mesa_banho,400.0,2017-10-01
88c09dd121ebe0b119a759773d405cc4,2017-05-01,1,39.0,,,unknown,300.0,2017-05-01
88c20c5a22f2ca169af8cfc2df00a7a2,2017-11-01,1,67.9,,,esporte_lazer,500.0,2017-11-01
88c20c5a22f2ca169af8cfc2df00a7a2,2017-12-01,1,69.9,1.0,1.0,esporte_lazer,500.0,2017-12-01
88cd1536cced07ce8b7eb699521f841e,2018-04-01,1,33.99,,1.0,cama_mesa_banho,900.0,2018-04-01
88d07a97123a341509effc395bf418c8,2018-01-01,1,29.9,,1.0,fashion_bolsas_e_acessorios,500.0,2018-01-01
88dd63919fc9ab693803578a04a20209,2017-07-01,2,34.99,,,informatica_acessorios,217.0,2017-07-01
88dd63919fc9ab693803578a04a20209,2017-08-01,1,34.99,2.0,2.0,informatica_acessorios,217.0,2017-08-01
88e2fc6c65d64b3edbf2cade16ea82d9,2017-09-01,1,42.0,,2.0,utilidades_domesticas,6850.0,2017-09-01
892832da5b05b0f54578e1f14f193c22,2017-06-01,1,149.0,,2.0,cool_stuff,1000.0,2017-06-01
893457b85c57941d73e5e016da350ddb,2017-07-01,2,64.9,,,automotivo,5950.0,2017-07-01
8934769521d632e65c27992662f05673,2017-02-01,1,149.9,,,cool_stuff,200.0,2017-02-01
893b9464c6ab7f700148fe9db838b6b4,2018-02-01,1,97.07,,,papelaria,3550.0,2018-02-01
8983a3b149303c013fceabef902e835a,2018-01-01,1,99.0,,,informatica_acessorios,450.0,2018-01-01
8995980bf35c9c32cc8c7cadc025ad64,2018-02-01,1,15.9,,,eletronicos,330.0,2018-02-01
89b190a046022486c635022524a974a8,2018-01-01,5,65.49,,,moveis_decoracao,700.0,2018-01-01
89bab87bf3067b3e6614d53338c4d788,2018-02-01,1,89.9,,,brinquedos,500.0,2018-02-01
89d49f6d10ff422902b2c2cb05da7f1c,2017-05-01,1,49.9,,,informatica_acessorios,850.0,2017-05-01
89f055104adb9365d7f7b5c475f77742,2017-04-01,1,26.9,,,beleza_saude,114.0,2017-04-01
89f055104adb9365d7f7b5c475f77742,2017-06-01,1,26.9,1.0,1.0,beleza_saude,114.0,2017-06-01
8a26f391ab8b209f67d87dd358f6f004,2017-06-01,1,49.59,,1.0,unknown,2200.0,2017-06-01
8a443635fdf9759915c9be5be2e3b862,2017-09-01,1,99.9,,1.0,cama_mesa_banho,1400.0,2017-09-01
8a6187b2665118d5095f99a25fd7ba7a,2017-08-01,1,87.0,,,cama_mesa_banho,1300.0,2017-08-01
8a68c060dbab4ae66aa885e13e1ef7b3,2018-01-01,2,185.1,,,informatica_acessorios,617.0,2018-01-01
8a6bebed424788f0e8e407bf8789102b,2018-04-01,1,53.99,,,automotivo,650.0,2018-04-01
8a6f438e9c9eb5acb74c50525dbf40af,2018-04-01,1,101.5,,,beleza_saude,1250.0,2018-04-01
8aa2ca7004be44cabe9d19d3e3763200,2018-03-01,1,40.0,,,cama_mesa_banho,300.0,2018-03-01
8aa6223e400af9c97b07c75993142721,2017-09-01,1,174.9,,,bebes,5000.0,2017-09-01
8aa6223e400af9c97b07c75993142721,2017-10-01,1,174.9,1.0,1.0,bebes,5000.0,2017-10-01
8aa6223e400af9c97b07c75993142721,2018-02-01,2,169.9,1.0,1.0,bebes,5000.0,2018-02-01
8aa74335629d7d8e4ab23653b04ec65b,2017-12-01,2,109.18,,1.0,utilidades_domesticas,900.0,2017-12-01
8aa74335629d7d8e4ab23653b04ec65b,2018-02-01,1,109.18,2.0,1.5,utilidades_domesticas,900.0,2018-02-01
8aaeae26573fd33a2512d3fb0d8bea6f,2018-01-01,1,189.98,,2.0,pet_shop,3900.0,2018-01-01
8abc2d73b55855c07b6888d4b21b3da6,2017-01-01,1,329.9,,2.0,consoles_games,400.0,2017-01-01
8ae1fefcfdc30ea49de246665b6d2713,2017-03-01,1,26.9,,,unknown,400.0,2017-03-01
8ae935cab2de3f74f4960de6ee604f90,2018-02-01,1,29.9,,,utilidades_domesticas,350.0,2018-02-01
8aea198b4506fe321e998a858a2e39c1,2017-10-01,1,78.99,,,consoles_games,150.0,2017-10-01
8aebbc3445bef4a356ae41d226a7b5da,2018-01-01,2,119.9,,,utilidades_domesticas,22050.0,2018-01-01
8afd99798fadd878e37b5bca830e6525,2018-02-01,1,254.4,,,cama_mesa_banho,3400.0,2018-02-01
8b199a0f183f8011403f53356c564d80,2018-01-01,1,188.0,,,moveis_decoracao,11017.0,2018-01-01
8b2a1e0d2ee4fa00cd00519b7881203a,2016-10-01,1,499.99,,,automotivo,17400.0,2016-10-01
8b32eb3053c5c248a5e547f8a1bfb859,2017-06-01,1,69.0,,,informatica_acessorios,300.0,2017-06-01
8b3a9476f74f5297f7ff0ec6d95fe1ea,2017-04-01,1,139.9,,,moveis_decoracao,2050.0,2017-04-01
8b45810da2ef9860496d56f62435fc40,2017-10-01,1,49.99,,,cama_mesa_banho,800.0,2017-10-01
8b52d90d2e8716dad633486c6cc94ecf,2018-03-01,1,989.0,,,telefonia,408.0,2018-03-01
8b6ed41158b194711f83b8da92757544,2017-08-01,2,16.48,,,esporte_lazer,1182.0,2017-08-01
8b6ed41158b194711f83b8da92757544,2017-11-01,1,16.48,2.0,2.0,esporte_lazer,1182.0,2017-11-01
8b8702416a4fecb685fc70b056cac372,2017-08-01,1,15.48,,2.0,beleza_saude,200.0,2017-08-01
8b9f7fc148edbc07e1ce6dce23984f3d,2018-01-01,1,329.93,,2.0,malas_acessorios,1087.0,2018-01-01
8ba1c0c3f71e72e2a934dbbb99314d71,2018-03-01,1,34.89,,,beleza_saude,450.0,2018-03-01
8bab563be2e3316280e3990af91da7b7,2018-01-01,1,18.9,,,eletronicos,133.0,2018-01-01
8bba4a8de8b5de57c7ff105d043254dc,2017-01-01,1,124.0,,,beleza_saude,1550.0,2017-01-01
8bd9ea581812a401d20fdccc7b8abb1a,2017-08-01,1,59.9,,,fashion_bolsas_e_acessorios,200.0,2017-08-01
8bef2f3e34f2cc22c908921e6e9eebee,2017-12-01,1,39.0,,,relogios_presentes,250.0,2017-12-01
8bef2f3e34f2cc22c908921e6e9eebee,2018-01-01,1,39.0,1.0,1.0,relogios_presentes,250.0,2018-01-01
8bf5b1e066d9fb2a639f8f69d55a370d,2017-12-01,1,74.9,,1.0,automotivo,575.0,2017-12-01
8c1167a112724e01fae2f8cb6e936bda,2017-11-01,1,119.9,,1.0,bebes,1300.0,2017-11-01
8c1af0f9f41be02ab50d309e6d634c26,2017-09-01,1,59.9,,,automotivo,4300.0,2017-09-01
8c292ca193d326152e335d77176746f0,2017-12-01,1,150.0,,,beleza_saude,200.0,2017-12-01
8c292ca193d326152e335d77176746f0,2018-01-01,2,150.0,1.0,1.0,beleza_saude,200.0,2018-01-01
8c292ca193d326152e335d77176746f0,2018-03-01,1,150.0,2.0,1.5,beleza_saude,200.0,2018-03-01
8c5876b1c7768217964f353bc7e64393,2017-03-01,1,49.0,,1.5,telefonia,250.0,2017-03-01
8c5876b1c7768217964f353bc7e64393,2018-01-01,1,49.0,1.0,1.5,telefonia,250.0,2018-01-01
8c5876b1c7768217964f353bc7e64393,2018-02-01,2,49.0,1.0,1.0,telefonia,250.0,2018-02-01
8c591ab0ca519558779df02023177f44,2017-02-01,1,99.99,,1.0,ferramentas_jardim,6050.0,2017-02-01
8c591ab0ca519558779df02023177f44,2017-10-01,1,99.0,1.0,1.0,ferramentas_jardim,6050.0,2017-10-01
8c591ab0ca519558779df02023177f44,2017-12-01,1,89.99,1.0,1.0,ferramentas_jardim,6050.0,2017-12-01
8c591ab0ca519558779df02023177f44,2018-01-01,1,120.0,1.0,1.0,ferramentas_jardim,6050.0,2018-01-01
8c591ab0ca519558779df02023177f44,2018-04-01,1,110.0,1.0,1.0,ferramentas_jardim,6050.0,2018-04-01
8c81b8075a4b824afebae3dc276889eb,2017-11-01,1,69.99,,1.0,bebes,2197.0,2017-11-01
8c81ff84f8301d0db2fbfde90da0f5a5,2018-02-01,1,59.0,,1.0,papelaria,2050.0,2018-02-01
8c955afdb3e69c856507b4a7c0085ee3,2017-11-01,3,39.6,,,beleza_saude,200.0,2017-11-01
8cce4274f3868305ba6a25454b9cb2fd,2018-01-01,1,54.9,,,perfumaria,450.0,2018-01-01
8ce6b041b5fa5dfaa937f53e145ce299,2018-04-01,1,129.0,,,informatica_acessorios,425.0,2018-04-01
8ce6ed44410ccff5e5437f5d1ec012e4,2018-02-01,1,699.9,,,beleza_saude,500.0,2018-02-01
8ced2631a18d2e0814557875b3bb907b,2017-08-01,1,49.95,,,cama_mesa_banho,450.0,2017-08-01
8cee1d824765335c48ccc515c2ecf4b8,2018-01-01,1,96.0,,,cama_mesa_banho,900.0,2018-01-01
8cef0a48dd6a31a4da7683d1f35d8925,2018-01-01,1,129.0,,,utilidades_domesticas,9950.0,2018-01-01
8d0bda0e4b386849210b1210ecb1a7fb,2017-09-01,1,118.9,,,beleza_saude,1400.0,2017-09-01
8d0d157964a77396b83c879213bc38da,2017-09-01,1,63.9,,,beleza_saude,1200.0,2017-09-01
8d117b157de0b1a41b75de2833fd4f6e,2017-10-01,1,43.5,,,consoles_games,625.0,2017-10-01
8d15106f1709b2a5340c0141ec76144e,2017-02-01,1,46.22,,,cama_mesa_banho,2700.0,2017-02-01
8d1cfc0463b545928bfb4e589e017bd4,2017-04-01,1,62.8,,,market_place,175.0,2017-04-01
8d219c7aa1a8032569bbd8c4ad515daa,2017-11-01,1,119.9,,,esporte_lazer,4350.0,2017-11-01
8d37ee446981d3790967d0268d6cfc81,2017-08-01,1,56.99,,,cama_mesa_banho,1100.0,2017-08-01
8d4ff8de5e399964646ef5f4ee698076,2017-07-01,1,18.0,,,pet_shop,100.0,2017-07-01
8d51190d4e52d32e6abf3d0551501114,2017-02-01,1,9.88,,,telefonia,200.0,2017-02-01
8d807314723c710366fedb04a2b24508,2018-03-01,1,1005.63,,,informatica_acessorios,1400.0,2018-03-01
8d98dedc3c19de17f1a090195e85d6b6,2017-01-01,1,49.9,,,brinquedos,300.0,2017-01-01
8d98dedc3c19de17f1a090195e85d6b6,2017-04-01,1,49.9,1.0,1.0,brinquedos,300.0,2017-04-01
8d98dedc3c19de17f1a090195e85d6b6,2017-05-01,1,49.9,1.0,1.0,brinquedos,300.0,2017-05-01
8d98dedc3c19de17f1a090195e85d6b6,2017-07-01,2,49.9,1.0,1.0,brinquedos,300.0,2017-07-01
8d9d31dc8d8c05062987d883cefa98be,2017-11-01,1,49.9,,1.0,cama_mesa_banho,1200.0,2017-11-01
8da77162e41d47464f9806727417cf6e,2017-08-01,1,259.9,,1.0,cama_mesa_banho,3600.0,2017-08-01
8da77162e41d47464f9806727417cf6e,2018-02-01,1,259.9,1.0,1.0,cama_mesa_banho,3600.0,2018-02-01
8db00478f9801fc2f1a125d1dc78d3f1,2017-11-01,2,12.99,,1.0,moveis_decoracao,900.0,2017-11-01
8db7c6497625f4f17d770bd01912cbe8,2018-03-01,1,24.99,,1.0,bebes,150.0,2018-03-01
8df1a3abe96355f4a037a5345cc8594a,2017-09-01,1,46.99,,,moveis_decoracao,800.0,2017-09-01
8dfef1eace74e64779b2b82720cf9297,2017-11-01,1,89.9,,,brinquedos,2500.0,2017-11-01
8dff5399c7a5552ee041c8bb465e5288,2017-03-01,1,34.99,,,audio,100.0,2017-03-01
8e26e1c242d575871d8074986b625bfa,2017-11-01,1,110.0,,,cama_mesa_banho,2150.0,2017-11-01
8e312c483d79e02dbc1d68cce77e26c8,2017-04-01,1,26.0,,,cama_mesa_banho,500.0,2017-04-01
8e32a514da51f104caa9cfbad8df8432,2017-08-01,1,54.43,,,brinquedos,650.0,2017-08-01
8e630a6101b33d99671d79b67b87052d,2017-06-01,1,599.0,,,casa_conforto,10900.0,2017-06-01
8eafc5708e563dd49b1060f162a690f2,2018-02-01,1,49.9,,,beleza_saude,2625.0,2018-02-01
8ed094bfe076c568f6bb10feada3f75d,2018-02-01,1,192.99,,,moveis_escritorio,16133.0,2018-02-01
8eed2a3a47f27f69cec34ff9562fc7b9,2018-03-01,1,22.9,,,ferramentas_jardim,500.0,2018-03-01
8ef18e8943b9f07649b045b72df449cb,2017-08-01,1,96.99,,,brinquedos,5200.0,2017-08-01
8f83335d6508c667813ff14dc437bc81,2017-10-01,1,142.5,,,perfumaria,563.0,2017-10-01
8f8d13918bd8137584fdb475d38f9f38,2017-11-01,2,107.0,,,ferramentas_jardim,1300.0,2017-11-01
8f8e98cf133d4ab9a74486c3ce81da02,2017-09-01,1,259.9,,,fashion_bolsas_e_acessorios,300.0,2017-09-01
8f90151658c1de0ef26b6d9c3d74ae3a,2017-07-01,1,55.0,,,brinquedos,5700.0,2017-07-01
8fe1065427012c8b98629be50f60c193,2017-07-01,1,18.9,,,telefonia,50.0,2017-07-01
9007d9a8a0d332c61d9dd611fa341f4b,2018-03-01,1,7.9,,,papelaria,200.0,2018-03-01
901283b66481331ad99c4eb953c04c43,2017-09-01,1,498.8,,,eletrodomesticos,21400.0,2017-09-01
902a8b8bb0768e8562edc2d903337812,2018-03-01,2,37.39,,,bebes,750.0,2018-03-01
902f869d68a62356e8f9d054ad5e9072,2017-01-01,1,119.99,,,cama_mesa_banho,3400.0,2017-01-01
9036be77e0a74cca6eeef0740649b97b,2017-11-01,1,69.99,,,brinquedos,405.0,2017-11-01
90375e3ead4149e7ce79f04c8f6c0545,2017-03-01,1,1199.0,,,automotivo,5900.0,2017-03-01
9041a4cde4a900bc259d3b1b6847f6b1,2018-03-01,1,140.0,,,moveis_decoracao,8500.0,2018-03-01
9048cbd294fe0c1a3ec8c8248bc2cadd,2017-07-01,1,84.9,,,instrumentos_musicais,7500.0,2017-07-01
90509918fbc0f45016520d833ae25f78,2017-02-01,1,339.74,,,market_place,5500.0,2017-02-01
905b384ac5667170689505bbf30f1d07,2018-03-01,1,80.0,,,cama_mesa_banho,1600.0,2018-03-01
908dd61b840a480fa931ef04389c6266,2018-02-01,1,89.9,,,casa_conforto,1500.0,2018-02-01
909b87db6cb3a7ab26bd03cc59860136,2018-03-01,6,40.0,,,informatica_acessorios,169.0,2018-03-01
90b86c830114ddc888f6380a223ee285,2017-10-01,1,21.9,,,cama_mesa_banho,300.0,2017-10-01
90d9b6d827bde953e7cc9f81bf113467,2017-11-01,1,238.9,,,relogios_presentes,1150.0,2017-11-01
90e72f6ceee757db03bba3a4eaef5dc4,2018-03-01,1,429.9,,,automotivo,7450.0,2018-03-01
90ebb732ad20456afe8516eb5fbf75f6,2018-03-01,1,279.9,,,moveis_decoracao,2750.0,2018-03-01
90ef6790cfc145cf45f9c476d1f47af0,2017-09-01,1,69.0,,,papelaria,6100.0,2017-09-01
90efe66f56959c0750c866fd59f9f92e,2017-10-01,1,165.0,,,automotivo,950.0,2017-10-01
90f39a309a8c05fa7aa4ef02178059cb,2018-01-01,1,289.9,,,papelaria,1000.0,2018-01-01
90f83991bae254d0fd02bdddaa20b340,2017-04-01,1,139.9,,,moveis_decoracao,1400.0,2017-04-01
90fe2fe298ee4705129235c33958fea2,2017-09-01,1,39.9,,,esporte_lazer,350.0,2017-09-01
91072b0e0e5d60ea13524c273da16106,2018-04-01,1,8.9,,,automotivo,100.0,2018-04-01
91103cf73f3a0e72896573d8f2271e17,2018-01-01,1,37.9,,,eletrodomesticos_2,350.0,2018-01-01
911cfb37438b7fa9ad54535990178868,2017-05-01,1,47.9,,,esporte_lazer,500.0,2017-05-01
91237381e41ca4a1a25d28cc10e72204,2017-03-01,1,184.0,,,papelaria,200.0,2017-03-01
913580fde3e72c3b3e4ce0b79963bee6,2017-01-01,2,10.99,,,telefonia_fixa,100.0,2017-01-01
913580fde3e72c3b3e4ce0b79963bee6,2017-02-01,1,10.99,2.0,2.0,telefonia_fixa,100.0,2017-02-01
91442659f31ec0f0fc73215e77854fac,2018-03-01,1,55.0,,2.0,relogios_presentes,300.0,2018-03-01
914c9e9af640dd56f48764a225b00f89,2017-11-01,1,78.98,,2.0,moveis_escritorio,7463.0,2017-11-01
914c9e9af640dd56f48764a225b00f89,2018-03-01,2,89.98,1.0,1.0,moveis_escritorio,7463.0,2018-03-01
9154514352d1fa2118cef7a94f364687,2017-11-01,1,79.0,,1.0,papelaria,5850.0,2017-11-01
9154514352d1fa2118cef7a94f364687,2017-12-01,1,79.0,1.0,1.0,papelaria,5850.0,2017-12-01
915ff35b0555b98fe64bc60674da4c43,2017-03-01,1,310.0,,1.0,construcao_ferramentas_construcao,13350.0,2017-03-01
9163c7e81fd68452472912c4cde810aa,2018-03-01,1,34.99,,1.0,instrumentos_musicais,300.0,2018-03-01
916bcfd7e756e0b65372da1378d1c125,2017-08-01,1,129.9,,,livros_interesse_geral,1600.0,2017-08-01
9176f023a7370b05745941b7c43c779f,2018-02-01,1,269.9,,,instrumentos_musicais,3600.0,2018-02-01
9189120c49a57ffcfda405b431d732f8,2017-11-01,1,98.0,,,cama_mesa_banho,1200.0,2017-11-01
91b08d34d0ba4db44da2dc382867ba49,2017-01-01,1,6.9,,,telefonia,100.0,2017-01-01
91b08d34d0ba4db44da2dc382867ba49,2017-05-01,1,10.99,1.0,1.0,telefonia,100.0,2017-05-01
91e2aac5302f657c8fdf3040124d8809,2018-03-01,1,99.9,,1.0,papelaria,817.0,2018-03-01
91e6a181c1ebe734ab459822cee89763,2017-12-01,1,50.0,,1.0,relogios_presentes,850.0,2017-12-01
9206d854259f0baf2b1c76d63c04e673,2018-02-01,1,261.0,,,casa_construcao,1850.0,2018-02-01
920840f7899b13c467d223950c89e9e9,2018-01-01,1,29.99,,,bebes,250.0,2018-01-01
920840f7899b13c467d223950c89e9e9,2018-02-01,1,29.99,1.0,1.0,bebes,250.0,2018-02-01
921d31a1daa51460b7a95ea5f3ab64d5,2017-10-01,1,99.9,,1.0,beleza_saude,210.0,2017-10-01
921d31a1daa51460b7a95ea5f3ab64d5,2018-02-01,1,88.9,1.0,1.0,beleza_saude,210.0,2018-02-01
92503fc18ca14a8f32c182ce3f1b9f05,2017-07-01,2,29.9,,1.0,papelaria,3450.0,2017-07-01
9251443819682703b07d22f78d20d603,2017-01-01,1,14.9,,1.0,fashion_bolsas_e_acessorios,200.0,2017-01-01
9269d6409ec9f19cad883b2c1aa206d9,2018-03-01,1,139.5,,,utilidades_domesticas,9750.0,2018-03-01
926d11f0e2a1171fed968faf5caa8f92,2018-01-01,1,44.9,,,ferramentas_jardim,1150.0,2018-01-01
926e66aed471a4345d1c8d70b60c1874,2018-02-01,1,457.99,,,esporte_lazer,277.0,2018-02-01
9275e1f75faf1d3d1f54e4cb63d12a36,2017-07-01,1,19.95,,,automotivo,166.0,2017-07-01
92c92e54ea03085ca64e3556bdc18689,2018-01-01,1,79.99,,,moveis_escritorio,8000.0,2018-01-01
93342929379a306b944935867076da28,2017-07-01,1,395.0,,,eletronicos,600.0,2017-07-01
9334fc63bffa67f685c03b1dc24df180,2017-06-01,1,9.4,,,beleza_saude,350.0,2017-06-01
93469d43c0b67d96b6b9156ba384f78d,2017-08-01,1,7.59,,,ferramentas_jardim,100.0,2017-08-01
9363662bd84410483083a4fe6f06242a,2017-09-01,1,24.9,,,papelaria,500.0,2017-09-01
937ac3a2f4aec64b560e6423fb50aee9,2017-07-01,1,17.8,,,eletroportateis,275.0,2017-07-01
9388fcd19f74f595e79b1a302b930bf7,2017-10-01,1,454.0,,,consoles_games,600.0,2017-10-01
938f95c14baec1a1fd57ce55ab5a8af5,2018-04-01,1,100.0,,,moveis_decoracao,1400.0,2018-04-01
9394f87dc3875b085ec46efca4822642,2017-07-01,1,54.9,,,cama_mesa_banho,1050.0,2017-07-01
93a12c289ca2b78e7069e469f5053ef2,2018-03-01,1,149.9,,,informatica_acessorios,233.0,2018-03-01
93a12c289ca2b78e7069e469f5053ef2,2018-04-01,1,129.9,1.0,1.0,informatica_acessorios,233.0,2018-04-01
93c480c7d11c68ba0a71e850da61b674,2018-03-01,1,149.0,,1.0,informatica_acessorios,300.0,2018-03-01
93c902b021a9e594f658ab1b0351602a,2018-01-01,1,97.9,,1.0,eletronicos,1250.0,2018-01-01
93c902b021a9e594f658ab1b0351602a,2018-02-01,1,97.9,1.0,1.0,eletronicos,1250.0,2018-02-01
93c902b021a9e594f658ab1b0351602a,2018-03-01,1,97.9,1.0,1.0,eletronicos,1250.0,2018-03-01
93d23871be3281f1b1ee4962ecfd791b,2017-08-01,1,40.0,,1.0,cool_stuff,500.0,2017-08-01
93da3479685193b3ccc6f071b91408d2,2018-03-01,1,49.4,,1.0,malas_acessorios,650.0,2018-03-01
9400a388ad4fbe5e9d381a9762fc99c2,2018-02-01,1,76.0,,,moveis_decoracao,1550.0,2018-02-01
94475071013412139f862c0bd7e3bb37,2017-12-01,1,39.99,,,papelaria,317.0,2017-12-01
94475071013412139f862c0bd7e3bb37,2018-01-01,1,39.99,1.0,1.0,papelaria,317.0,2018-01-01
9451e630d725c4bb7a5a206b48b99486,2017-11-01,1,39.5,,1.0,bebes,350.0,2017-11-01
9453bde60c4ee52155c963641736cfc5,2017-02-01,1,514.99,,1.0,beleza_saude,750.0,2017-02-01
9453bde60c4ee52155c963641736cfc5,2017-04-01,1,476.5,1.0,1.0,beleza_saude,750.0,2017-04-01
946344697156947d846d27fe0d503033,2018-01-01,1,29.99,,1.0,cama_mesa_banho,500.0,2018-01-01
9483476ac5b7549f7df5ff12fb6fb5d9,2017-11-01,1,23.4,,1.0,esporte_lazer,300.0,2017-11-01
948c22764c5080442c29a9c3da89b40f,2017-11-01,1,159.9,,,cama_mesa_banho,3400.0,2017-11-01
9493c042ad7ecfd2c0123733b2c310ff,2018-01-01,1,119.0,,,automotivo,1700.0,2018-01-01
94ad63831117fac82c6054d2056ed118,2017-11-01,1,65.99,,,pet_shop,600.0,2017-11-01
94ad63831117fac82c6054d2056ed118,2018-04-01,1,59.99,1.0,1.0,pet_shop,600.0,2018-04-01
94e87c8d2cac9ca6fa8c91b99712caaf,2018-03-01,1,119.9,,1.0,telefonia_fixa,675.0,2018-03-01
9523f1a3e7db9e38d55379435bd450c9,2017-06-01,1,134.17,,1.0,bebes,10400.0,2017-06-01
952670bc019a73f0933157ec82ff6e4f,2017-07-01,1,205.0,,,cama_mesa_banho,3300.0,2017-07-01
9545d45c37449ccbc376de3a04c66e71,2017-09-01,1,121.9,,,beleza_saude,1350.0,2017-09-01
9545d45c37449ccbc376de3a04c66e71,2018-01-01,1,137.9,1.0,1.0,beleza_saude,1350.0,2018-01-01
9545d45c37449ccbc376de3a04c66e71,2018-04-01,1,135.9,1.0,1.0,beleza_saude,1350.0,2018-04-01
9549bc9cccdcfb09de0bd4774b018c3d,2017-08-01,1,46.99,,1.0,unknown,3000.0,2017-08-01
954ed36fcf28237749ef5616ab0eff87,2017-03-01,1,79.0,,1.0,fashion_bolsas_e_acessorios,150.0,2017-03-01
955d159d5f3a5d16c3808fcb7705224f,2018-03-01,1,14.0,,,bebes,50.0,2018-03-01
9565229244e9341fb8c8069879cf73cd,2017-05-01,1,139.9,,,cama_mesa_banho,1700.0,2017-05-01
95768ce3d7cef075f6a562d2716187b4,2017-09-01,1,71.9,,,esporte_lazer,1700.0,2017-09-01
95ad87ed6306ec8b44eb069ad236bb3c,2018-03-01,1,110.0,,,utilidades_domesticas,1050.0,2018-03-01
95c2c14503645a9f87cf2401c523482c,2017-04-01,1,18.99,,,telefonia,167.0,2017-04-01
95c2c14503645a9f87cf2401c523482c,2017-06-01,1,18.99,1.0,1.0,telefonia,167.0,2017-06-01
95d4fd03b0b54ae5c0202828f41bef12,2018-03-01,2,278.99,,1.0,cool_stuff,1758.0,2018-03-01
95e25af33821b9d231e06f1e7cd34d4e,2017-12-01,1,210.0,,1.0,moveis_decoracao,2600.0,2017-12-01
95ed6e881d471156e430b8546ea76ba5,2017-12-01,1,84.9,,,informatica_acessorios,240.0,2017-12-01
95ffcc544c6a973ef0885c2017b54318,2017-03-01,1,25.9,,,ferramentas_jardim,300.0,2017-03-01
9615c720e219d641f4498abc24a54272,2017-12-01,1,99.9,,,esporte_lazer,900.0,2017-12-01
962a6951154f98f2c8e9a5b8b2bcf4a9,2018-03-01,9,75.0,,,moveis_decoracao,2550.0,2018-03-01
963b76d8d107ef0f1c293c1a967cc08d,2017-12-01,1,38.9,,,beleza_saude,1106.0,2017-12-01
963bc5def5962c07b9a36fa70d08c989,2018-04-01,1,14.2,,,esporte_lazer,150.0,2018-04-01
964093075b6885bfcc6520dd216e4d8f,2017-12-01,1,25.0,,,utilidades_domesticas,250.0,2017-12-01
9653bfe8d97baee3031ad3d15b73584b,2017-11-01,1,174.99,,,automotivo,1350.0,2017-11-01
965ab297b516455ba5bae37d17bc51f8,2017-10-01,1,129.78,,,beleza_saude,1100.0,2017-10-01
965ed8ce606fae58ee076e77023d9a0b,2017-07-01,1,259.9,,,relogios_presentes,300.0,2017-07-01
96693703af76b26b2d20895a71ea98b4,2017-05-01,1,34.0,,,beleza_saude,450.0,2017-05-01
966b5d9192f75a085e72b4861e25b5df,2017-03-01,1,1099.0,,,esporte_lazer,5000.0,2017-03-01
969b36d05b717529934b42457917f64b,2018-04-01,1,55.5,,,automotivo,1350.0,2018-04-01
96bdf83ce8bcf48510e8a8ab8b5fb660,2017-04-01,1,29.99,,,fashion_bolsas_e_acessorios,50.0,2017-04-01
96cadd6d137bc9726fe1fae279d48631,2017-05-01,1,64.99,,,unknown,1300.0,2017-05-01
97017430754804328eb9597b7f85da03,2018-01-01,1,27.99,,,telefonia,300.0,2018-01-01
97017430754804328eb9597b7f85da03,2018-03-01,2,27.99,1.0,1.0,telefonia,300.0,2018-03-01
97194fdae68fa163b7cc5c02bfedbf16,2017-09-01,1,419.9,,1.0,bebes,30000.0,2017-09-01
97194fdae68fa163b7cc5c02bfedbf16,2018-03-01,2,499.9,1.0,1.0,bebes,30000.0,2018-03-01
972a5189877b9f484978bb58ef311003,2017-11-01,1,79.0,,1.0,cama_mesa_banho,2100.0,2017-11-01
97462c7ce5f69a26ace2c3c5da81a86b,2017-10-01,1,118.9,,1.0,cool_stuff,200.0,2017-10-01
9755f955f1fcd2a83ca77997e9de8b83,2017-11-01,1,299.9,,,fashion_bolsas_e_acessorios,188.0,2017-11-01
9766ad53f42ee034fbc0e29c85fe626c,2017-01-01,1,99.9,,,cama_mesa_banho,2500.0,2017-01-01
976f5de0b6a1c79fedf4e1f713251efa,2017-08-01,1,139.99,,,cama_mesa_banho,2374.0,2017-08-01
977f845fc71d6dfd5af3a0aaaabf2161,2017-12-01,1,139.9,,,bebes,10000.0,2017-12-01
97868e08c02c9f4f6b49ebe5a4d4dfec,2017-02-01,1,234.8,,,relogios_presentes,349.0,2017-02-01
978859c6048ded0fa8bf3b9ea8236387,2017-08-01,1,19.9,,,utilidades_domesticas,350.0,2017-08-01
978859c6048ded0fa8bf3b9ea8236387,2017-12-01,1,15.3,1.0,1.0,utilidades_domesticas,350.0,2017-12-01
978dd538bf5e5185609b6e464ba25eae,2017-11-01,1,65.08,,1.0,ferramentas_jardim,600.0,2017-11-01
979473e8af1d4eaf4b889a0ba32834ce,2017-11-01,1,52.99,,1.0,cama_mesa_banho,1050.0,2017-11-01
9794fba8c8aa64ab4fece2d3cbe731e9,2017-09-01,1,39.9,,,moveis_decoracao,1350.0,2017-09-01
97a929277bfb5cc39a42b7a3dd729f10,2017-07-01,1,179.9,,,ferramentas_jardim,850.0,2017-07-01
97ac2c1509cfea4a471cb1cfa1e3e512,2017-12-01,1,244.69,,,esporte_lazer,12478.0,2017-12-01
97afd188bb555122d11925deb0052174,2018-03-01,1,109.9,,,esporte_lazer,350.0,2018-03-01
97b72ed1900f2af848c76555d62033de,2017-08-01,1,43.0,,,eletrodomesticos,14050.0,2017-08-01
98001b51c21b1efa6530623ecb0c20fe,2017-08-01,1,170.0,,,moveis_quarto,9400.0,2017-08-01
980036ff323e235a27b7999d343a8990,2018-02-01,2,69.9,,,cool_stuff,600.0,2018-02-01
980036ff323e235a27b7999d343a8990,2018-03-01,1,69.9,2.0,2.0,cool_stuff,600.0,2018-03-01
980ecbcc15fe174ec1e5757c4d75b1bf,2018-03-01,1,23.0,,2.0,agro_industria_e_comercio,250.0,2018-03-01
982565327a800a467fffeac070672ea6,2017-11-01,1,79.0,,2.0,eletronicos,1167.0,2017-11-01
9834262f81613c7215955ac3b7081919,2018-01-01,1,33.9,,,construcao_ferramentas_jardim,613.0,2018-01-01
9849ba603e33119ef0dcbdba63338aa2,2017-07-01,1,230.0,,,moveis_sala,24400.0,2017-07-01
985bf2af90ac31349ca19417e2752410,2017-05-01,1,620.1,,,casa_construcao,1374.0,2017-05-01
985c412b0ac92ed9d8a76bbeab6d44eb,2017-11-01,1,68.9,,,moveis_decoracao,1800.0,2017-11-01
985fda1ced7e13375bf52220071610e3,2017-05-01,1,54.9,,,cama_mesa_banho,1000.0,2017-05-01
98613092c09065649a714a888cfeb29a,2017-12-01,1,53.0,,,cama_mesa_banho,650.0,2017-12-01
986af931e7ce399914deaa43d224b124,2018-01-01,1,26.9,,,cama_mesa_banho,300.0,2018-01-01
98a8c2fa16d7239c606640f5555768e4,2017-06-01,1,99.0,,,ferramentas_jardim,8325.0,2017-06-01
98a8c2fa16d7239c606640f5555768e4,2017-10-01,1,110.0,1.0,1.0,ferramentas_jardim,8325.0,2017-10-01
98a8c2fa16d7239c606640f5555768e4,2018-04-01,1,129.0,1.0,1.0,ferramentas_jardim,8325.0,2018-04-01
98b22c1129886cbd7fcae69d1c93e442,2017-11-01,1,89.9,,1.0,cama_mesa_banho,1350.0,2017-11-01
98c2f7da94217786e372e7d85462c354,2017-08-01,1,72.5,,1.0,cama_mesa_banho,2700.0,2017-08-01
98cd3776d33bddd0ebf8ad8b4732d1b4,2016-10-01,1,22.37,,,moveis_decoracao,1200.0,2016-10-01
98cd3776d33bddd0ebf8ad8b4732d1b4,2017-05-01,1,22.37,1.0,1.0,moveis_decoracao,1200.0,2017-05-01
98d61056e0568ba048e5d78038790e77,2017-03-01,1,169.0,,1.0,automotivo,6400.0,2017-03-01
98d61056e0568ba048e5d78038790e77,2017-06-01,1,169.0,1.0,1.0,automotivo,6400.0,2017-06-01
98d61056e0568ba048e5d78038790e77,2018-01-01,1,160.55,1.0,1.0,automotivo,6400.0,2018-01-01
98d893a81a1845b6f278f33eee0a4f36,2017-12-01,1,77.0,,1.0,livros_importados,1000.0,2017-12-01
98e91d0f32954dcd8505875bb2b42cdb,2017-03-01,1,59.9,,1.0,climatizacao,1132.0,2017-03-01
98ec655119c24de03b804696821f3955,2018-03-01,1,49.9,,,beleza_saude,200.0,2018-03-01
990ddab43ee46a1a76436796f92470d4,2017-11-01,1,119.2,,,informatica_acessorios,573.0,2017-11-01
99444c1e11fc38755dae86f5c67d3d1a,2017-10-01,2,49.99,,,cama_mesa_banho,900.0,2017-10-01
994e65eb77f3501f497e7fd860b0ea9e,2017-10-01,1,159.9,,,ferramentas_jardim,1000.0,2017-10-01
9957ffc65a8cdbdc39584b7fc0b42aae,2018-01-01,1,93.97,,,cama_mesa_banho,1600.0,2018-01-01
996ae0a67e63b78b427a1f8d07543e86,2018-01-01,1,87.85,,,cama_mesa_banho,1500.0,2018-01-01
99a227ce7657e0627fae79ca776081c3,2017-05-01,1,157.0,,,cama_mesa_banho,5300.0,2017-05-01
99a4788cb24856965c36a24e339b6058,2017-04-01,1,89.9,,,cama_mesa_banho,1383.0,2017-04-01
99a4788cb24856965c36a24e339b6058,2017-05-01,4,89.9,1.0,1.0,cama_mesa_banho,1383.0,2017-05-01
99a4788cb24856965c36a24e339b6058,2017-06-01,6,89.90000000000002,4.0,2.5,cama_mesa_banho,1383.0,2017-06-01
99a4788cb24856965c36a24e339b6058,2017-07-01,6,89.90000000000002,6.0,3.6666666666666665,cama_mesa_banho,1383.0,2017-07-01
99a4788cb24856965c36a24e339b6058,2017-08-01,4,89.9,6.0,5.333333333333333,cama_mesa_banho,1383.0,2017-08-01
99a4788cb24856965c36a24e339b6058,2017-09-01,1,89.9,4.0,5.333333333333333,cama_mesa_banho,1383.0,2017-09-01
99a4788cb24856965c36a24e339b6058,2017-11-01,3,89.90000000000002,1.0,3.6666666666666665,cama_mesa_banho,1383.0,2017-11-01
99a4788cb24856965c36a24e339b6058,2017-12-01,1,86.9,3.0,2.6666666666666665,cama_mesa_banho,1383.0,2017-12-01
99a4788cb24856965c36a24e339b6058,2018-01-01,2,86.9,1.0,1.6666666666666667,cama_mesa_banho,1383.0,2018-01-01
99a4788cb24856965c36a24e339b6058,2018-02-01,2,86.9,2.0,2.0,cama_mesa_banho,1383.0,2018-02-01
99a4788cb24856965c36a24e339b6058,2018-03-01,1,86.9,2.0,1.6666666666666667,cama_mesa_banho,1383.0,2018-03-01
99b5d7eec773ceced9d287d753ca00e9,2018-03-01,1,119.9,,2.0,papelaria,1000.0,2018-03-01
99b89f140f651db441848081814dd1a1,2017-03-01,3,195.9,,2.0,informatica_acessorios,1000.0,2017-03-01
99c88c191bbed92f5be4ca3b00eb1a42,2017-11-01,1,29.99,,,cama_mesa_banho,450.0,2017-11-01
99c97d191bcc87e072acc4521bce44d4,2018-02-01,1,443.0,,,eletrodomesticos_2,7350.0,2018-02-01
99d44aea5e49748da9f941f1f35d1cf4,2017-08-01,1,184.8,,,eletrodomesticos,250.0,2017-08-01
99e022fa8fd0641f13dea6d16ef46afc,2017-04-01,1,209.99,,,moveis_quarto,16900.0,2017-04-01
99e365fea0b15ee63272ff391fdde785,2018-02-01,1,38.99,,,cama_mesa_banho,550.0,2018-02-01
9a046f988c3d7d4bf592c4f7cb40bf01,2017-08-01,1,45.9,,,brinquedos,500.0,2017-08-01
9a29b754b7fc0aa8eeb990103fcea4fc,2018-01-01,2,106.0,,,moveis_decoracao,2800.0,2018-01-01
9a63d4ef456702710823c21b8cca0332,2018-03-01,1,169.9,,,automotivo,200.0,2018-03-01
9a78dffd6ee3b0b5ef8c7bcc3363cb60,2018-01-01,1,99.0,,,moveis_decoracao,15400.0,2018-01-01
9a7c0784b8058269d176b3089c946ed0,2017-07-01,1,54.99,,,cama_mesa_banho,900.0,2017-07-01
9a803c36a15de3fd981f42c0e4cabdea,2017-12-01,1,148.9,,,esporte_lazer,2693.0,2017-12-01
9a9524293520e3c3f20be70334f63525,2017-11-01,1,60.0,,,consoles_games,150.0,2017-11-01
9a98180ffbd0765e89f11cc8dd2385f4,2017-09-01,3,74.9,,,moveis_decoracao,1500.0,2017-09-01
9aa9caee155847cddb376a05b9a39791,2017-12-01,2,29.99,,,telefonia,300.0,2017-12-01
9ab61676eb915c81c3c893adca21364c,2017-11-01,1,83.36,,,cama_mesa_banho,650.0,2017-11-01
9abb00920aae319ef9eba674b7d2e6ff,2017-08-01,2,35.39,,,bebes,350.0,2017-08-01
9ac3f8f66132539cb797c44296f1fa27,2017-05-01,1,159.0,,,papelaria,2000.0,2017-05-01
9ad536de496ccba6e4a9ac7be933ad9d,2017-11-01,1,494.99,,,beleza_saude,1200.0,2017-11-01
9ad75bd7267e5c724cb42c71ac56ca72,2017-11-01,2,99.9,,,cama_mesa_banho,1225.0,2017-11-01
9adebd80969a5b8ec766fd02afffec2e,2017-12-01,1,167.7,,,cama_mesa_banho,2150.0,2017-12-01
9ae571ce02784cd1dd2e3923fa636058,2017-11-01,1,126.0,,,esporte_lazer,18200.0,2017-11-01
9b125b82780e1bbb7716c906ff46f89b,2018-02-01,2,61.9,,,pet_shop,800.0,2018-02-01
9b1430fd2db68dd26abc986921680143,2018-01-01,1,44.9,,,cama_mesa_banho,350.0,2018-01-01
9b199d3982e566889a35509682da2435,2017-11-01,1,129.9,,,papelaria,400.0,2017-11-01
9b2c558d8722ce82e6cae7ac037c2ad8,2018-02-01,1,49.9,,,papelaria,517.0,2018-02-01
9b2db9ec16a8a51549f32462bf973523,2017-02-01,1,128.9,,,brinquedos,3110.0,2017-02-01
9b37a918bcf2c8e1064e867cf1df4637,2017-07-01,1,29.9,,,eletronicos,1207.0,2017-07-01
9b37a918bcf2c8e1064e867cf1df4637,2017-09-01,1,34.9,1.0,1.0,eletronicos,1207.0,2017-09-01
9b526d1b3e58c9453221353c4368e075,2017-08-01,2,62.99,,1.0,beleza_saude,1372.0,2017-08-01
9b65ba680d68ae7e44234b79cb7ca584,2017-05-01,1,28.7,,1.0,relogios_presentes,550.0,2017-05-01
9b6a64c03d07faddf8a5c905e61d608c,2017-03-01,1,198.0,,,automotivo,500.0,2017-03-01
9b6ee5c8c553ff804dc0b0c2d06baa49,2017-05-01,1,42.9,,,beleza_saude,283.0,2017-05-01
9b76503b35ee45adf532e291d5c7de0d,2017-10-01,1,108.99,,,cama_mesa_banho,2200.0,2017-10-01
9b7d6830b132073397821e52d0e66294,2018-04-01,1,28.8,,,automotivo,500.0,2018-04-01
9b8fae0d687fadb80a75aef40ea60fc2,2017-03-01,1,129.9,,,relogios_presentes,400.0,2017-03-01
9b9d1c4bd979b93c138044e032f99780,2017-08-01,1,99.99,,,cool_stuff,900.0,2017-08-01
9b9d1c4bd979b93c138044e032f99780,2017-10-01,1,99.99,1.0,1.0,cool_stuff,900.0,2017-10-01
9b9d1c4bd979b93c138044e032f99780,2017-12-01,1,99.99,1.0,1.0,cool_stuff,900.0,2017-12-01
9b9d1c4bd979b93c138044e032f99780,2018-01-01,1,99.99,1.0,1.0,cool_stuff,900.0,2018-01-01
9b9d1c4bd979b93c138044e032f99780,2018-02-01,1,99.99,1.0,1.0,cool_stuff,900.0,2018-02-01
9bb8ca338e5588c361e34eae02e8fad6,2017-11-01,1,59.9,,1.0,beleza_saude,431.0,2017-11-01
9bb8ca338e5588c361e34eae02e8fad6,2017-12-01,1,69.9,1.0,1.0,beleza_saude,431.0,2017-12-01
9bb8ca338e5588c361e34eae02e8fad6,2018-02-01,1,59.9,1.0,1.0,beleza_saude,431.0,2018-02-01
9bbe6c774ab3a4f9c5a0385e78c9641c,2017-10-01,1,73.39,,1.0,brinquedos,900.0,2017-10-01
9bc56dc1c13a3dd110faa962cabf1531,2017-06-01,1,179.0,,1.0,casa_conforto,950.0,2017-06-01
9be9fe1899a02ec308ce97368cf4ef9f,2017-03-01,1,137.98,,,pet_shop,300.0,2017-03-01
9c268694cc413affbf3c27d05ef796d1,2017-07-01,1,89.9,,,fashion_bolsas_e_acessorios,200.0,2017-07-01
9c3e26b41db239c14312aeaeb1e2abc9,2018-03-01,1,129.9,,,fashion_bolsas_e_acessorios,200.0,2018-03-01
9c422a519119dcad7575db5af1ba540e,2017-07-01,1,55.99,,,informatica_acessorios,100.0,2017-07-01
9c7bdf67b06b419aefb93cfdfc96c55d,2017-06-01,1,15.0,,,esporte_lazer,476.0,2017-06-01
9c7ce59c96e74dfdfc51f13a4a6c3869,2017-04-01,1,29.0,,,relogios_presentes,250.0,2017-04-01
9c7ce59c96e74dfdfc51f13a4a6c3869,2017-10-01,1,29.0,1.0,1.0,relogios_presentes,250.0,2017-10-01
9c8d68903b5106018c797e0e862ae55d,2018-01-01,1,12.3,,1.0,eletronicos,200.0,2018-01-01
9c9c0e6325bd947d1468817769ed4197,2017-10-01,1,75.0,,1.0,informatica_acessorios,450.0,2017-10-01
9ca3b0037aaf1552f3d9d29dc471e0d1,2017-07-01,1,33.0,,,moveis_decoracao,9300.0,2017-07-01
9cbe4a1fd4db99c14512e9b2ff033ec4,2017-05-01,1,27.9,,,cama_mesa_banho,500.0,2017-05-01
9cc8a90a8f8b6a7b56a486b612b40efa,2017-07-01,1,135.9,,,esporte_lazer,1225.0,2017-07-01
9ce4603565c839785b24a7e95e28f4eb,2017-05-01,2,119.99,,,cool_stuff,800.0,2017-05-01
9ce62e73b4ea1a6c74b68ba57aa1333b,2017-06-01,4,99.9,,,unknown,1000.0,2017-06-01
9cec1c525c7f0c91eb24c74d790d59ef,2018-03-01,1,99.97,,,cama_mesa_banho,8750.0,2018-03-01
9d0e4c40f96d84fbf6beb84671fb149d,2017-12-01,1,144.9,,,utilidades_domesticas,4050.0,2017-12-01
9d32095f76b97762307e86cfc18dd7a0,2018-04-01,1,49.95,,,cama_mesa_banho,400.0,2018-04-01
9d395a6bc9dbad2dfe60c8c92d8df397,2017-12-01,1,148.0,,,moveis_decoracao,850.0,2017-12-01
9d3b6b0d02e4aded7c5a803aaa8ea443,2018-01-01,1,50.0,,,relogios_presentes,750.0,2018-01-01
9d6dd55c4d66be7b7021bb471061ce16,2017-04-01,1,18.99,,,perfumaria,200.0,2017-04-01
9d6fc8e7b56702efaf2e2eef7fede2d5,2018-01-01,1,38.9,,,telefonia,100.0,2018-01-01
9d9352588abf60036a50fd28e3bec382,2017-11-01,1,139.9,,,cama_mesa_banho,3300.0,2017-11-01
9d9734db712d5ab6c3ff4c33700eb34c,2017-11-01,2,114.99,,,moveis_escritorio,8375.0,2017-11-01
9d9e4204b9eea9b05299d1a3e91986c5,2018-01-01,1,38.0,,,beleza_saude,350.0,2018-01-01
9da1c863c2389407fa1da532a5238d47,2017-01-01,1,54.9,,,fashion_bolsas_e_acessorios,300.0,2017-01-01
9db9830301cd6574ca3010be60756f64,2017-02-01,2,49.0,,,moveis_decoracao,3000.0,2017-02-01
9df634af5c467f3b07f3d92f7765aa64,2018-02-01,1,82.0,,,brinquedos,850.0,2018-02-01
9dfb2984ab775b6175202b9e9e678641,2018-02-01,1,50.0,,,utilidades_domesticas,750.0,2018-02-01
9dfef86fb34051388a7263a31642386c,2017-02-01,1,890.0,,,beleza_saude,30000.0,2017-02-01
9e10ae46a3021a02f1692448ef9fa1db,2017-09-01,1,39.9,,,beleza_saude,175.0,2017-09-01
9e2d3a8d8ffad53e2e35282a2020221c,2017-03-01,3,29.899999999999995,,,moveis_decoracao,1600.0,2017-03-01
9e2d3a8d8ffad53e2e35282a2020221c,2017-04-01,1,29.9,3.0,3.0,moveis_decoracao,1600.0,2017-04-01
9e3a963e739c0a28056ba2ab33dc3ec2,2017-07-01,1,59.9,,3.0,beleza_saude,1500.0,2017-07-01
9e4d5a527ce5c7b4fd84f460c035c3c5,2017-12-01,1,59.99,,3.0,moveis_decoracao,700.0,2017-12-01
9e4d5a527ce5c7b4fd84f460c035c3c5,2018-01-01,1,59.99,1.0,1.0,moveis_decoracao,700.0,2018-01-01
9ebb48bdfe9f9c51c6c9f8a32a18d67f,2017-06-01,1,299.9,,1.0,esporte_lazer,3000.0,2017-06-01
9ebfbbb1a5a173f758cb76d6ecc75f9b,2017-09-01,1,26.5,,1.0,moveis_decoracao,200.0,2017-09-01
9ecadb84c81da840dbf3564378b586e9,2017-10-01,2,38.4,,,moveis_decoracao,950.0,2017-10-01
9ecadb84c81da840dbf3564378b586e9,2017-11-01,7,33.76285714285714,2.0,2.0,moveis_decoracao,950.0,2017-11-01
9ecadb84c81da840dbf3564378b586e9,2018-01-01,6,38.4,7.0,4.5,moveis_decoracao,950.0,2018-01-01
9ecf1e9d0607fc9074feb78fa8d8cc95,2018-01-01,1,58.0,,4.5,construcao_ferramentas_iluminacao,1450.0,2018-01-01
9ef8eabf54b45bc606e85fcb4d97e968,2018-02-01,1,329.9,,7.0,automotivo,2140.0,2018-02-01
9eff8192b50cf828d20417ae6c41f4b5,2018-02-01,1,99.9,,,beleza_saude,2900.0,2018-02-01
9f01cb375b4185be6cb9d2f7588c5b46,2018-04-01,1,64.9,,,cama_mesa_banho,1100.0,2018-04-01
9f2597e311355defa12f1491420d40d5,2017-07-01,2,325.0,,,esporte_lazer,4236.0,2017-07-01
9f65cd1fc2c7cf6ad8bc3d8c038abe44,2017-11-01,1,99.9,,,beleza_saude,200.0,2017-11-01
9f8429b91bcd34baae1d1fd12505abfb,2018-03-01,1,5.49,,,esporte_lazer,125.0,2018-03-01
9f9a54558f0c3453b36512b59a4be85b,2018-02-01,2,4.5,,,esporte_lazer,1400.0,2018-02-01
9fa383a47388caa20228a1b5e238472b,2018-01-01,1,79.9,,,papelaria,980.0,2018-01-01
9fb9a39f2e393018aaeb432394aff48f,2017-03-01,1,149.0,,,livros_interesse_geral,1950.0,2017-03-01
9fc96a5f44c80640e0ad172c9ff13703,2018-02-01,1,333.0,,,esporte_lazer,600.0,2018-02-01
9fe172fa8e662ca8572cf12abf8bce23,2016-10-01,1,49.9,,,fashion_bolsas_e_acessorios,150.0,2016-10-01
9fe5201316c8185058e8a4056e53cc78,2017-07-01,1,65.0,,,eletronicos,550.0,2017-07-01
9ffe607c48a0473e200e4035bf97de49,2018-03-01,1,59.99,,,relogios_presentes,200.0,2018-03-01
a00cd7752fb98e0a8382def60ecc0b17,2017-08-01,1,20.99,,,telefonia,200.0,2017-08-01
a01d1cbb398e386a4a8f8364401a7584,2018-04-01,1,65.9,,,esporte_lazer,500.0,2018-04-01
a02d0123079f4ae96001ba2010d1a2df,2017-07-01,1,360.0,,,construcao_ferramentas_iluminacao,12000.0,2017-07-01
a02d0123079f4ae96001ba2010d1a2df,2017-11-01,2,250.0,1.0,1.0,construcao_ferramentas_iluminacao,12000.0,2017-11-01
a02d0123079f4ae96001ba2010d1a2df,2018-03-01,1,250.0,2.0,1.5,construcao_ferramentas_iluminacao,12000.0,2018-03-01
a04087ab6a96ffa041f8a2701a72b616,2017-12-01,1,599.0,,1.5,pcs,13700.0,2017-12-01
a04087ab6a96ffa041f8a2701a72b616,2018-01-01,1,599.0,1.0,1.5,pcs,13700.0,2018-01-01
a04f52ded97b5530e8783e3c002b90f0,2017-10-01,1,79.9,,1.0,cama_mesa_banho,900.0,2017-10-01
a04f52ded97b5530e8783e3c002b90f0,2018-02-01,1,79.9,1.0,1.0,cama_mesa_banho,900.0,2018-02-01
a076986c6dbcb66fb479167aa5a1b68e,2018-03-01,1,98.9,,1.0,esporte_lazer,900.0,2018-03-01
a07d0595ac61dcdd44214f0426431c9b,2017-01-01,1,29.9,,1.0,fashion_bolsas_e_acessorios,150.0,2017-01-01
a0b7d5a992ccda646f2d34e418fff5a0,2018-01-01,1,69.9,,,moveis_decoracao,12300.0,2018-01-01
a0b7d5a992ccda646f2d34e418fff5a0,2018-03-01,1,69.9,1.0,1.0,moveis_decoracao,12300.0,2018-03-01
a0c8114ed9f3ecd1a0394e3987b87613,2018-02-01,1,235.0,,1.0,cool_stuff,8100.0,2018-02-01
a0cb23ea9b98f51407ac7bd1fcd29c2e,2017-10-01,1,28.99,,1.0,telefonia,100.0,2017-10-01
a0d6306a9ed921a7d9aa1feed0550c82,2017-04-01,1,195.99,,,cama_mesa_banho,3600.0,2017-04-01
a0eef953cb25bc9ae40457e1c3c82946,2018-02-01,1,69.9,,,moveis_decoracao,700.0,2018-02-01
a0eef953cb25bc9ae40457e1c3c82946,2018-04-01,1,69.9,1.0,1.0,moveis_decoracao,700.0,2018-04-01
a0f12db60a5019ce1a4c21fce1697574,2018-02-01,1,99.0,,1.0,papelaria,6150.0,2018-02-01
a0f73bcb4e1fcfb056cfdc6ca7222249,2017-08-01,1,28.99,,1.0,telefonia,200.0,2017-08-01
a10e0fcb1c409869c3c6da4eb13b7612,2017-09-01,1,50.0,,,bebes,7150.0,2017-09-01
a10e0fcb1c409869c3c6da4eb13b7612,2017-12-01,1,52.0,1.0,1.0,bebes,7150.0,2017-12-01
a11b92613ac1f37b3617b440c7b9e6b3,2018-03-01,1,45.93,,1.0,construcao_ferramentas_construcao,713.0,2018-03-01
a1250bbcaa645885c9165eab1573b5c6,2017-11-01,1,49.99,,1.0,fashion_bolsas_e_acessorios,200.0,2017-11-01
a12c9204f6f9e90ad1d8ba5571fbfed2,2018-02-01,1,29.99,,,informatica_acessorios,600.0,2018-02-01
a12c9204f6f9e90ad1d8ba5571fbfed2,2018-03-01,1,29.99,1.0,1.0,informatica_acessorios,600.0,2018-03-01
a155b4eeffbbec8a728eb1ad73705153,2017-07-01,1,59.9,,1.0,moveis_decoracao,800.0,2017-07-01
a1804276d9941ac0733cfd409f5206eb,2017-09-01,1,49.9,,1.0,unknown,600.0,2017-09-01
a194f3df8d9270f350891b7454174724,2017-07-01,2,297.0,,,informatica_acessorios,275.0,2017-07-01
a19b6951c75da43aad691622dd2f6abe,2017-07-01,2,38.4,,,moveis_decoracao,650.0,2017-07-01
a19b6951c75da43aad691622dd2f6abe,2018-03-01,2,38.4,2.0,2.0,moveis_decoracao,650.0,2018-03-01
a1a97164f38cfb98511eb68e6b40ad94,2018-01-01,1,67.06,,2.0,informatica_acessorios,100.0,2018-01-01
a1bf559ac1eab015ba992bd76d9d76c7,2017-03-01,1,23.9,,2.0,informatica_acessorios,200.0,2017-03-01
a1c26a87d00e216e5019700026d8d7ce,2017-11-01,1,429.9,,,bebes,700.0,2017-11-01
a1ebb47a48200e6566603de49b83f621,2017-09-01,2,274.99,,,esporte_lazer,2900.0,2017-09-01
a1ebb47a48200e6566603de49b83f621,2017-10-01,1,269.99,2.0,2.0,esporte_lazer,2900.0,2017-10-01
a1efabfd513c691eeb2650e5f04e5cb6,2017-12-01,1,37.99,,2.0,esporte_lazer,600.0,2017-12-01
a1f7dace2a9af48dd48428c12001dc09,2018-03-01,1,47.59,,2.0,eletrodomesticos,300.0,2018-03-01
a247560ddd8592a3eed82b43f60d9f27,2017-03-01,1,69.0,,,papelaria,4200.0,2017-03-01
a25fb4516757403b129bcfe366dddb9b,2018-04-01,1,279.9,,,cama_mesa_banho,6050.0,2018-04-01
a266930db2217c102cb34cb715b5d479,2017-12-01,1,99.9,,,perfumaria,433.0,2017-12-01
a270b2f4aad055863b643395b987d151,2017-10-01,1,99.9,,,esporte_lazer,1000.0,2017-10-01
a2981aad285aa55f2b0f5f2e7dadf5a3,2017-10-01,1,109.9,,,esporte_lazer,1067.0,2017-10-01
a298a105818dce6878b787e4af6cff7d,2017-05-01,1,79.9,,,bebes,400.0,2017-05-01
a298a105818dce6878b787e4af6cff7d,2017-07-01,2,79.9,1.0,1.0,bebes,400.0,2017-07-01
a2a1d57880bb40e60b59530ba0177ccf,2017-10-01,1,58.67,,1.0,cama_mesa_banho,900.0,2017-10-01
a2a61ecd4e916c3ff787c137d23957bb,2018-01-01,1,43.0,,1.0,utilidades_domesticas,3100.0,2018-01-01
a2a91fe6d8762e0371abd964cef88ec6,2017-05-01,1,25.0,,,utilidades_domesticas,300.0,2017-05-01
a2c75a23c2f838881dd4275c0cec519f,2017-04-01,1,157.9,,,fashion_calcados,1650.0,2017-04-01
a31e3a35fb5ac942c137446709379100,2017-06-01,1,59.99,,,bebes,1500.0,2017-06-01
a33100df83e04b43a9b42f973e3a429a,2017-08-01,1,55.0,,,relogios_presentes,200.0,2017-08-01
a334304f952399f2161225628a9d2891,2018-01-01,1,78.0,,,beleza_saude,300.0,2018-01-01
a334304f952399f2161225628a9d2891,2018-02-01,1,78.0,1.0,1.0,beleza_saude,300.0,2018-02-01
a334304f952399f2161225628a9d2891,2018-03-01,3,78.0,1.0,1.0,beleza_saude,300.0,2018-03-01
a3349ee806d1e1e98d582a2aba5cedcd,2017-11-01,2,27.9,,1.0,cama_mesa_banho,350.0,2017-11-01
a338a81aed052e88a9ee732e3e45042b,2018-03-01,1,65.0,,1.0,utilidades_domesticas,12450.0,2018-03-01
a35a9f46dcee0a67c8c7ad8493eb4135,2018-03-01,1,31.9,,,informatica_acessorios,200.0,2018-03-01
a367f823feb49954fedb4f4a43ad9db2,2018-01-01,1,149.0,,,relogios_presentes,300.0,2018-01-01
a37a8ef49db46a932a778ab081d7c40b,2017-09-01,1,157.91,,,cama_mesa_banho,2100.0,2017-09-01
a39d32adaf8a947212a35a42597b958e,2017-11-01,1,175.9,,,informatica_acessorios,300.0,2017-11-01
a3a03c131926ec14d4c9f3ef03016b24,2018-02-01,1,59.0,,,pet_shop,700.0,2018-02-01
a3b68fbd8f68d8fdff1dd36cf1336b6b,2017-07-01,1,210.0,,,utilidades_domesticas,2000.0,2017-07-01
a3b994a761e7a3ef4b527ac7f1057e9c,2017-11-01,1,13.99,,,perfumaria,50.0,2017-11-01
a3ceb95649a48c0c54ae4bd1dd66d035,2017-06-01,1,130.0,,,telefonia,170.0,2017-06-01
a3daee3915d4fb98376e039ede6bdea6,2018-03-01,5,50.0,,,moveis_decoracao,6450.0,2018-03-01
a3e18f7e8c86e3971fad2ff11d38d2a9,2017-03-01,1,23.9,,,telefonia,100.0,2017-03-01
a42d9c825894f96fc6ed02610891454d,2017-06-01,1,69.9,,,esporte_lazer,2200.0,2017-06-01
a42d9c825894f96fc6ed02610891454d,2017-12-01,1,59.9,1.0,1.0,esporte_lazer,2200.0,2017-12-01
a437d4e13afed02d510ea08321cdc5b7,2018-02-01,1,174.0,,1.0,relogios_presentes,500.0,2018-02-01
a43babce83c6c14bb2444d64e7b3a263,2017-07-01,1,39.9,,1.0,cama_mesa_banho,800.0,2017-07-01
a44d4702562f2bdae04d6f3d144fde5c,2017-09-01,1,139.9,,,eletronicos,18400.0,2017-09-01
a453b4ccccf554efba31d5ada5a59a60,2017-12-01,1,27.99,,,telefonia,300.0,2017-12-01
a47674ec5bdc46617bc532a9839390db,2017-11-01,1,75.9,,,climatizacao,1300.0,2017-11-01
a487b0b761b1bae56c6da805a31000c8,2017-06-01,1,254.9,,,fashion_bolsas_e_acessorios,300.0,2017-06-01
a4944a8b60acfe399f15f45892bc5639,2017-10-01,1,168.9,,,informatica_acessorios,667.0,2017-10-01
a4b5771bb3bd270e2baacfc4430798cf,2017-10-01,1,8.5,,,informatica_acessorios,150.0,2017-10-01
a4c7e73a8ce075149b5f6592fdd29367,2017-09-01,1,149.0,,,informatica_acessorios,200.0,2017-09-01
a4f46aac5fc5e88c9701aa860c2a957c,2017-05-01,1,119.9,,,fashion_bolsas_e_acessorios,800.0,2017-05-01
a50acd33ba7a8da8e9db65094fa990a4,2017-01-01,1,117.3,,,automotivo,4105.0,2017-01-01
a50b1500d1f7ec62d2f3fba260974613,2018-01-01,1,86.3,,,moveis_decoracao,1850.0,2018-01-01
a50c606310374ff8660bbe03010e021b,2017-10-01,1,39.9,,,fashion_bolsas_e_acessorios,100.0,2017-10-01
a52ed2fb26d435066d6613134afcb439,2017-11-01,2,15.9,,,cama_mesa_banho,220.0,2017-11-01
a530b23a71594d0d986a30359e207762,2017-08-01,2,59.9,,,moveis_decoracao,1400.0,2017-08-01
a5341e3f8155dbb3e62323d3ea289729,2018-03-01,1,93.0,,,moveis_decoracao,2850.0,2018-03-01
a54ab3c55cdb34ad7006d087ff4b6a9c,2018-03-01,1,27.9,,,bebes,300.0,2018-03-01
a54f350cdb1f303fe39221171d003852,2018-01-01,1,39.9,,,moveis_decoracao,5850.0,2018-01-01
a55b9bc476c34d53d8f3f27c922f6374,2018-03-01,1,124.9,,,esporte_lazer,800.0,2018-03-01
a5647c44af977b148e0a3a4751a09e2e,2017-11-01,1,149.94,,,moveis_escritorio,12160.0,2017-11-01
a564f50791e1677ddf2801fe1e8365c8,2017-11-01,1,70.89,,,telefonia,480.0,2017-11-01
a56af7192032f295ac582a2d70e4caba,2018-03-01,1,916.0,,,telefonia,600.0,2018-03-01
a59fb60fddcc72a9878b7ed5cb69d8e4,2017-10-01,1,19.9,,,audio,200.0,2017-10-01
a59fb60fddcc72a9878b7ed5cb69d8e4,2018-01-01,1,19.9,1.0,1.0,audio,200.0,2018-01-01
a5a0e71a81ae65aa335e71c06261e260,2017-05-01,1,38.0,,1.0,utilidades_domesticas,705.0,2017-05-01
a5a7c5c2be6edf0b10ce28ba5c6b4a69,2017-05-01,1,199.0,,1.0,cool_stuff,2000.0,2017-05-01
a5c9c1711f61d2b63cf996b4928092ed,2017-08-01,1,69.99,,,brinquedos,1050.0,2017-08-01
a5c9c1711f61d2b63cf996b4928092ed,2017-11-01,1,69.99,1.0,1.0,brinquedos,1050.0,2017-11-01
a5e253ef6240a13a4d631fd39d2c7444,2017-08-01,1,60.0,,1.0,fashion_bolsas_e_acessorios,200.0,2017-08-01
a5e74dc2d01e8b9df1590c7160358273,2018-03-01,1,119.0,,1.0,utilidades_domesticas,7250.0,2018-03-01
a5f6ba3fe91a2e73f10b612131cb2404,2017-05-01,2,39.0,,,eletronicos,138.0,2017-05-01
a5f6ba3fe91a2e73f10b612131cb2404,2017-06-01,1,39.0,2.0,2.0,eletronicos,138.0,2017-06-01
a60613d36f37a7b27d3344f40f6a7945,2017-11-01,1,200.0,,2.0,beleza_saude,350.0,2017-11-01
a62e25e09e05e6faf31d90c6ec1aa3d1,2017-11-01,4,108.0,,2.0,relogios_presentes,1000.0,2017-11-01
a62e25e09e05e6faf31d90c6ec1aa3d1,2018-01-01,5,108.0,4.0,4.0,relogios_presentes,1000.0,2018-01-01
a62e25e09e05e6faf31d90c6ec1aa3d1,2018-02-01,7,108.0,5.0,4.5,relogios_presentes,1000.0,2018-02-01
a62e25e09e05e6faf31d90c6ec1aa3d1,2018-03-01,1,105.0,7.0,5.333333333333333,relogios_presentes,1000.0,2018-03-01
a6492cc69376c469ab6f61d8f44de961,2017-04-01,1,4799.0,,6.0,eletroportateis,22600.0,2017-04-01
a6560efcf4467e1e097914a84362b833,2017-02-01,1,118.99,,7.0,telefonia,100.0,2017-02-01
a695ab8413ea83619cde9b18292d6aa1,2017-02-01,1,20.99,,,moveis_decoracao,1700.0,2017-02-01
a695ab8413ea83619cde9b18292d6aa1,2017-03-01,2,40.0,1.0,1.0,moveis_decoracao,1700.0,2017-03-01
a6c23736e4df6d6659ccc0c2e26954bb,2017-04-01,1,19.9,,1.0,perfumaria,300.0,2017-04-01
a6dfe3ac4d3a7c8dcce74a95ba58c27e,2017-07-01,1,179.98,,1.0,moveis_escritorio,9750.0,2017-07-01
a6f74de3ddfbdc9b33885b92656f992b,2017-01-01,1,79.9,,,fashion_bolsas_e_acessorios,150.0,2017-01-01
a6f74de3ddfbdc9b33885b92656f992b,2017-03-01,1,79.9,1.0,1.0,fashion_bolsas_e_acessorios,150.0,2017-03-01
a6fe71f0756d773ce5cbb7564f049939,2017-12-01,1,159.0,,1.0,relogios_presentes,300.0,2017-12-01
a703f5ade6e4fae527357132230ea778,2017-02-01,1,23.9,,1.0,beleza_saude,225.0,2017-02-01
a70d74f54feefedd8108c45553766340,2017-11-01,1,49.9,,,fashion_underwear_e_moda_praia,150.0,2017-11-01
a710be5818329b097a82bb26b480f5fa,2017-11-01,1,59.99,,,esporte_lazer,367.0,2017-11-01
a7329b3e52d13627c92b24a745e70873,2018-02-01,4,59.0,,,moveis_decoracao,800.0,2018-02-01
a741ba9d329996cf515841327718913d,2017-07-01,1,75.9,,,bebes,188.0,2017-07-01
a742e0f6787ec4e2ae3a124d40d82c6c,2017-09-01,1,117.99,,,cama_mesa_banho,2150.0,2017-09-01
a7566c5565bf286a5c8fb48387d97bb8,2017-03-01,1,289.9,,,perfumaria,425.0,2017-03-01
a760ef0bb70c954d79e62ec6023d380c,2017-01-01,1,76.05,,,cool_stuff,1333.0,2017-01-01
a767d41b71a909a1dd1e969f4b50732c,2017-05-01,1,269.9,,,eletronicos,1200.0,2017-05-01
a76bb75d78ce6aa4a5202051b4f88a83,2018-03-01,1,34.9,,,esporte_lazer,300.0,2018-03-01
a7aa202585393c58cb1351de084b4dbc,2017-02-01,1,45.0,,,audio,400.0,2017-02-01
a7aa202585393c58cb1351de084b4dbc,2017-03-01,1,45.0,1.0,1.0,audio,400.0,2017-03-01
a7bcee285291a97650b40fa9fa888e4e,2017-08-01,1,59.9,,1.0,esporte_lazer,350.0,2017-08-01
a7c73814e6894bc049f7aac7d37f7175,2017-08-01,1,254.9,,1.0,telefonia,300.0,2017-08-01
a7c7a8a5ae0e412843068fb8fcc30a86,2017-04-01,1,42.99,,,moveis_decoracao,700.0,2017-04-01
a7d756e8f7c4b7e5b679e248a57d91ec,2017-06-01,1,109.9,,,fashion_bolsas_e_acessorios,150.0,2017-06-01
a7ea08ac800647345fdd2fc5f4b0a7e3,2018-03-01,1,100.99,,,beleza_saude,850.0,2018-03-01
a8075470f960215ffb67624782f80fec,2018-04-01,1,99.0,,,ferramentas_jardim,2900.0,2018-04-01
a80de388aa0d0380e27081e741f8408f,2018-02-01,1,119.0,,,moveis_decoracao,1350.0,2018-02-01
a8115d34a4b7b74388da609692162c37,2018-02-01,1,31.9,,,informatica_acessorios,250.0,2018-02-01
a8115d34a4b7b74388da609692162c37,2018-03-01,1,31.9,1.0,1.0,informatica_acessorios,250.0,2018-03-01
a81e6e4ca394f33cd5a0c89188baecb8,2017-09-01,1,199.9,,1.0,automotivo,3800.0,2017-09-01
a84d0660dbffebf352aefbf1a6b18d00,2017-09-01,1,29.0,,1.0,relogios_presentes,250.0,2017-09-01
a84d0660dbffebf352aefbf1a6b18d00,2017-10-01,2,29.0,1.0,1.0,relogios_presentes,250.0,2017-10-01
a84d0660dbffebf352aefbf1a6b18d00,2018-01-01,1,39.0,2.0,1.5,relogios_presentes,250.0,2018-01-01
a85151563aa02b1def83c9ac2f17e439,2017-11-01,1,109.9,,1.5,pet_shop,6700.0,2017-11-01
a85e15cc715d8d8ce1d520208aa1304c,2017-07-01,1,179.0,,2.0,esporte_lazer,900.0,2017-07-01
a8626e1c9d4273aa4bb5065747148d30,2017-10-01,1,219.0,,,construcao_ferramentas_construcao,9500.0,2017-10-01
a869ec6209c361ca46dad85a5530e119,2017-06-01,1,159.9,,,esporte_lazer,2438.0,2017-06-01
a87567bdce60de6f901e3d7c6d8df820,2017-04-01,2,85.0,,,cama_mesa_banho,1800.0,2017-04-01
a89e5c817a0c1fd1487d78cba0714a4d,2017-08-01,1,109.9,,,utilidades_domesticas,1400.0,2017-08-01
a8a491b1916fc6801cbebd09e7c02567,2017-09-01,1,21.99,,,telefonia,150.0,2017-09-01
a8ab87e971c2d89c8eff5f87fb481a52,2018-02-01,1,29.9,,,brinquedos,475.0,2018-02-01
a8c6827a8a59c4b3bd37a9761715f3d8,2017-10-01,1,340.0,,,esporte_lazer,3200.0,2017-10-01
a8cd3c264c6b406a06a23ace0b16fd9a,2018-02-01,1,148.0,,,moveis_decoracao,1250.0,2018-02-01
a8e7b3f6db5b8a460082c9982f9337c2,2018-01-01,1,5.99,,,esporte_lazer,125.0,2018-01-01
a8fe47ad6f852f93cc92c7b408687de3,2017-10-01,1,72.9,,,esporte_lazer,400.0,2017-10-01
a8fe47ad6f852f93cc92c7b408687de3,2017-11-01,1,72.9,1.0,1.0,esporte_lazer,400.0,2017-11-01
a92044ede94468b593b5e4d92498f6c1,2017-12-01,1,129.34,,1.0,moveis_decoracao,2200.0,2017-12-01
a92044ede94468b593b5e4d92498f6c1,2018-03-01,1,129.34,1.0,1.0,moveis_decoracao,2200.0,2018-03-01
a92930c327948861c015c919a0bcb4a8,2018-01-01,2,78.0,,1.0,relogios_presentes,250.0,2018-01-01
a92f9c409ce92305f2f7e79a8c5e342e,2017-12-01,1,64.9,,1.0,ferramentas_jardim,600.0,2017-12-01
a94036c0bb4dfce8d5762777c07b7be2,2018-03-01,1,124.9,,,cama_mesa_banho,2500.0,2018-03-01
a9410f6e58948e056b9eae0653aa0c75,2018-03-01,1,33.4,,,esporte_lazer,253.0,2018-03-01
a94815f2cf6c4c938f0223373e7b88f6,2017-09-01,1,59.9,,,automotivo,5400.0,2017-09-01
a94bae2ca6c0f6530af830bda6dae563,2017-06-01,1,93.0,,,cama_mesa_banho,900.0,2017-06-01
a9516a079e37a9c9c36b9b78b10169e8,2017-06-01,1,124.99,,,moveis_escritorio,8683.0,2017-06-01
a9516a079e37a9c9c36b9b78b10169e8,2018-03-01,1,116.99,1.0,1.0,moveis_escritorio,8683.0,2018-03-01
a9516a079e37a9c9c36b9b78b10169e8,2018-04-01,3,116.99,1.0,1.0,moveis_escritorio,8683.0,2018-04-01
a963ea4d494221de09b70f1b4a70edbd,2018-02-01,2,89.9,,1.0,informatica_acessorios,150.0,2018-02-01
a999d76a7f3637ea493214fba43b5470,2017-11-01,1,59.9,,1.0,utilidades_domesticas,1200.0,2017-11-01
a9e0e7b3976de987fdbd2773ec699f0c,2017-02-01,1,149.9,,,cama_mesa_banho,1350.0,2017-02-01
a9fb80187bf64d19dd2804f25e83c5e6,2017-09-01,1,112.9,,,brinquedos,966.0,2017-09-01
aa0d48704d551d1247be98ca06dfa990,2017-10-01,1,49.8,,,cama_mesa_banho,250.0,2017-10-01
aa280035c50ba62c746480a59045eec4,2017-04-01,1,39.9,,,brinquedos,200.0,2017-04-01
aa280035c50ba62c746480a59045eec4,2017-10-01,1,39.9,1.0,1.0,brinquedos,200.0,2017-10-01
aa280035c50ba62c746480a59045eec4,2018-02-01,2,30.5,1.0,1.0,brinquedos,200.0,2018-02-01
aa280035c50ba62c746480a59045eec4,2018-03-01,1,30.5,2.0,1.3333333333333333,brinquedos,200.0,2018-03-01
aa4c5e610242fdfd79969a9577dfe112,2017-06-01,1,71.0,,1.5,utilidades_domesticas,5300.0,2017-06-01
aa5889064ca9c81e3a9dc65dd018187c,2018-03-01,1,152.0,,2.0,esporte_lazer,1200.0,2018-03-01
aa5a88580b8e6e569915aa42f1526dfc,2017-05-01,1,69.9,,,perfumaria,700.0,2017-05-01
aa5c7ccc97c30087e5183ed27708905a,2018-04-01,1,79.99,,,cama_mesa_banho,3367.0,2018-04-01
aa5d6a9bd4be367ae1a3a29c323c7c11,2017-06-01,1,130.0,,,esporte_lazer,120.0,2017-06-01
aa7f707ef77cdfa8a3059da401c11311,2018-02-01,1,38.8,,,esporte_lazer,300.0,2018-02-01
aa8cf1d1d094ac7ca06ad3df6d87633a,2017-11-01,1,140.91,,,construcao_ferramentas_construcao,894.0,2017-11-01
aa8d767a6316127a012fc3d16b84dc7f,2017-05-01,1,28.9,,,instrumentos_musicais,500.0,2017-05-01
aa8fce5e65ab73ab73101ea58d710905,2017-04-01,1,127.48,,,esporte_lazer,329.0,2017-04-01
aa95bee0592e05d2ef533b8e5b7236b3,2017-04-01,2,33.41,,,ferramentas_jardim,500.0,2017-04-01
aa995bbfcf2da055bed670f7282f90d8,2017-11-01,1,62.99,,,cool_stuff,1000.0,2017-11-01
aad1c338e2a8906e2040a2fb0861acbd,2017-06-01,1,12.5,,,telefonia,150.0,2017-06-01
aad1c338e2a8906e2040a2fb0861acbd,2017-08-01,1,12.5,1.0,1.0,telefonia,150.0,2017-08-01
aadae4da0b9feede5777009c5e1497d1,2017-08-01,1,32.9,,1.0,livros_interesse_geral,600.0,2017-08-01
aadff88486740e0b0ebe2be6c09476ae,2018-02-01,2,29.9,,1.0,beleza_saude,250.0,2018-02-01
ab169b33d13e5041b9b9d4a2fafce9d9,2017-11-01,1,24.99,,,telefonia,300.0,2017-11-01
ab1f9387c0627dd24000bfbc54fdeee0,2017-12-01,1,12.25,,,eletronicos,175.0,2017-12-01
ab1f9387c0627dd24000bfbc54fdeee0,2018-02-01,1,12.25,1.0,1.0,eletronicos,175.0,2018-02-01
ab255f5e05402d14ba0dc69d530a5785,2018-01-01,1,115.9,,1.0,papelaria,1475.0,2018-01-01
ab328a14d2698a726fe1ed2695f5f43c,2017-06-01,1,79.9,,1.0,beleza_saude,983.0,2017-06-01
ab330e1b64fde92d3b4d4d6980a38576,2018-03-01,1,39.9,,,papelaria,150.0,2018-03-01
ab52c2c44ec8bebc9559a03ec12c8eec,2017-05-01,1,69.9,,,papelaria,1500.0,2017-05-01
ab5b097435a43ee034c6c17438726945,2018-03-01,1,145.0,,,perfumaria,1300.0,2018-03-01
ab5da1daa941470d14366f4e76a99dd2,2018-02-01,1,26.0,,,eletrodomesticos,100.0,2018-02-01
ab616e3e77440ec426347964a3489108,2017-03-01,1,65.9,,,moveis_decoracao,3050.0,2017-03-01
ab8ba49579d5b0173f85517ce22968c6,2017-03-01,1,229.9,,,perfumaria,414.0,2017-03-01
ab959a147167f22f3e0c05eb06845771,2018-02-01,1,19.5,,,eletronicos,150.0,2018-02-01
ab9aa96e13784729bde0fddf698eb1e1,2017-12-01,1,13.99,,,perfumaria,225.0,2017-12-01
ab9cf155f8280c3739b09fe341a185e8,2017-05-01,3,13.979999999999999,,,telefonia,225.0,2017-05-01
aba0c26e6fcc5a413da7fcfad4b04ac1,2017-11-01,1,145.0,,,perfumaria,200.0,2017-11-01
aba85c958ea6774626886041ac01acf1,2017-12-01,2,34.3,,,unknown,200.0,2017-12-01
aba86c093ccdbac75b09111d57e50004,2017-03-01,2,119.6,,,moveis_escritorio,2600.0,2017-03-01
aba86c093ccdbac75b09111d57e50004,2017-04-01,1,129.6,2.0,2.0,moveis_escritorio,2600.0,2017-04-01
aba86c093ccdbac75b09111d57e50004,2017-07-01,1,116.6,1.0,1.5,moveis_escritorio,2600.0,2017-07-01
aba86c093ccdbac75b09111d57e50004,2018-03-01,1,116.6,1.0,1.3333333333333333,moveis_escritorio,2600.0,2018-03-01
abaefce0c17047c6829ff4078f2005d0,2018-02-01,1,24.99,,1.0,esporte_lazer,700.0,2018-02-01
abba23912bdeb1990bd1efa30d888384,2017-11-01,1,139.9,,1.0,relogios_presentes,200.0,2017-11-01
abc3c2e40b0c9b7b115a96bc6c919ae1,2018-03-01,1,99.0,,,papelaria,1050.0,2018-03-01
abe6b1e401ce596ad0c493aeedb488a4,2017-03-01,1,29.9,,,cool_stuff,300.0,2017-03-01
ac1789e492dcd698c5c10b97a671243a,2017-02-01,1,19.9,,,moveis_decoracao,300.0,2017-02-01
ac1edb0e0a6743cc20e6277ecfc1caf2,2017-06-01,1,49.5,,,livros_importados,400.0,2017-06-01
ac2c77058e1e5ec1eda726fe7358ef2f,2018-01-01,1,295.0,,,automotivo,2238.0,2018-01-01
ac35486adb7b02598c182c2ff2e05254,2017-03-01,1,72.0,,,beleza_saude,1175.0,2017-03-01
ac5b8f2f2dde997ff8819a6845ae15f0,2017-09-01,1,690.0,,,instrumentos_musicais,15100.0,2017-09-01
ac64ddbb3d1489f826dd59104c6b023f,2018-02-01,1,99.0,,,informatica_acessorios,250.0,2018-02-01
ac6c3623068f30de03045865e4e10089,2018-02-01,1,209.9,,,ferramentas_jardim,3750.0,2018-02-01
ac85747ff00cf2a5cb1ef0901c7b21af,2018-03-01,1,12.65,,,eletronicos,150.0,2018-03-01
ac946196783ec18b207ead8a00d3f5c4,2017-05-01,1,54.9,,,bebes,167.0,2017-05-01
ac99022a225e4eada5377fc101a4f68c,2017-09-01,2,198.0,,,moveis_decoracao,1200.0,2017-09-01
ac9fba4745c7352cc4038631be412f70,2017-07-01,1,52.5,,,relogios_presentes,425.0,2017-07-01
aca2eb7d00ea1a7b8ebd4e68314663af,2017-08-01,1,75.0,,,moveis_decoracao,2600.0,2017-08-01
aca2eb7d00ea1a7b8ebd4e68314663af,2017-10-01,1,75.0,1.0,1.0,moveis_decoracao,2600.0,2017-10-01
aca2eb7d00ea1a7b8ebd4e68314663af,2017-11-01,3,75.0,1.0,1.0,moveis_decoracao,2600.0,2017-11-01
aca2eb7d00ea1a7b8ebd4e68314663af,2017-12-01,4,75.0,3.0,1.6666666666666667,moveis_decoracao,2600.0,2017-12-01
aca2eb7d00ea1a7b8ebd4e68314663af,2018-01-01,12,70.325,4.0,2.6666666666666665,moveis_decoracao,2600.0,2018-01-01
aca2eb7d00ea1a7b8ebd4e68314663af,2018-02-01,2,69.9,12.0,6.333333333333333,moveis_decoracao,2600.0,2018-02-01
aca2eb7d00ea1a7b8ebd4e68314663af,2018-03-01,6,69.9,2.0,6.0,moveis_decoracao,2600.0,2018-03-01
aca2eb7d00ea1a7b8ebd4e68314663af,2018-04-01,2,69.9,6.0,6.666666666666667,moveis_decoracao,2600.0,2018-04-01
acc444eb5ad26f79d5a11baa6a03c439,2018-01-01,1,120.0,,4.0,moveis_decoracao,9400.0,2018-01-01
acc444eb5ad26f79d5a11baa6a03c439,2018-02-01,1,120.0,1.0,3.5,moveis_decoracao,9400.0,2018-02-01
acc444eb5ad26f79d5a11baa6a03c439,2018-03-01,7,140.0,1.0,1.0,moveis_decoracao,9400.0,2018-03-01
acd427ee119d5c71c7a85ae488cb0a6a,2017-06-01,1,38.0,,1.0,fashion_bolsas_e_acessorios,200.0,2017-06-01
acd8d7f70cb01e9251e4da67e8813ffd,2017-11-01,1,178.99,,1.0,moveis_sala,12200.0,2017-11-01
acdd9eaa79720ca045ce3768250b8e47,2017-05-01,1,99.9,,,beleza_saude,400.0,2017-05-01
acdf83e7694c8eec22e6b19bc59f4e60,2017-11-01,1,30.6,,,cool_stuff,200.0,2017-11-01
ace05b62c79dffc86cd12b281dc05b93,2017-10-01,1,24.99,,,perfumaria,200.0,2017-10-01
ace2ee0158ebad178e6616ad39507b8d,2018-01-01,1,59.9,,,moveis_decoracao,600.0,2018-01-01
ace91f88d635b9e5563e36cc0a0a8f09,2016-10-01,1,14.9,,,moveis_decoracao,180.0,2016-10-01
aceab7cb5e3cc8e531d7e0fc7c4cbffc,2018-02-01,1,45.9,,,automotivo,3400.0,2018-02-01
acef497c1130f71ccfe63aaa1c9a607d,2018-03-01,1,559.99,,,beleza_saude,200.0,2018-03-01
acf8371901a741912c231a031fe39c71,2017-11-01,1,269.9,,,moveis_escritorio,20500.0,2017-11-01
ad0bce7600c071e450d162970917de7d,2017-08-01,1,105.6,,,cama_mesa_banho,750.0,2017-08-01
ad2037645597db38527fe3afbe226af2,2017-12-01,2,55.49,,,bebidas,850.0,2017-12-01
ad2037645597db38527fe3afbe226af2,2018-01-01,1,55.49,2.0,2.0,bebidas,850.0,2018-01-01
ad5396bf96af6ede77130e54ad266c61,2016-10-01,1,22.37,,2.0,moveis_decoracao,900.0,2016-10-01
ad59cb0673bceac69f32635f227b2ddb,2017-11-01,1,169.0,,2.0,market_place,285.0,2017-11-01
ad88641611c35ebd59ecda07a9f17099,2018-01-01,1,157.77,,,unknown,450.0,2018-01-01
ada800a927673ac73cdfbbd2c832331b,2017-07-01,1,53.6,,,utilidades_domesticas,2350.0,2017-07-01
adb1f1939b613f3078806b6afcca0e51,2018-01-01,1,119.8,,,esporte_lazer,4250.0,2018-01-01
adf24c4c9e90e7054d07309a04c419d0,2017-11-01,1,249.99,,,moveis_decoracao,1500.0,2017-11-01
adf67f81126a8ec9e0968dadbb49083f,2017-10-01,2,21.8,,,utilidades_domesticas,150.0,2017-10-01
adf7fe64dc8fd20f0926f6f20b47de7f,2018-03-01,2,18.49,,,esporte_lazer,150.0,2018-03-01
ae083e4a334a4210ae0ef7323f1584c5,2017-05-01,1,281.9,,,beleza_saude,250.0,2017-05-01
ae1848ad278bbd5098dea4a749b333a1,2017-11-01,1,22.0,,,esporte_lazer,200.0,2017-11-01
ae1d83f17a79da9d43ac1284316cbf2b,2017-11-01,1,49.9,,,utilidades_domesticas,1100.0,2017-11-01
ae4361f806c49f85066cc8be1370c91e,2017-11-01,1,299.98,,,automotivo,4000.0,2017-11-01
ae52eeb8383b94455f0a08b1f88ad002,2018-02-01,1,69.9,,,informatica_acessorios,167.0,2018-02-01
ae52eeb8383b94455f0a08b1f88ad002,2018-03-01,1,72.0,1.0,1.0,informatica_acessorios,167.0,2018-03-01
ae5cad88462eb7b7b61401e31c45618e,2017-08-01,1,15.0,,1.0,informatica_acessorios,250.0,2017-08-01
ae5cad88462eb7b7b61401e31c45618e,2017-09-01,1,15.0,1.0,1.0,informatica_acessorios,250.0,2017-09-01
ae6476ef6cf588ccb0bd009b62359b97,2017-10-01,1,118.9,,1.0,beleza_saude,1300.0,2017-10-01
ae7d8348fbef50928a680454fffbca00,2017-04-01,1,69.9,,1.0,esporte_lazer,304.0,2017-04-01
ae9b8e8d0dcd7ca369276380ee8ce659,2017-06-01,1,18.99,,,telefonia,100.0,2017-06-01
aea8161ed6bc3b11628cd393fd03486a,2017-12-01,1,28.7,,,fashion_bolsas_e_acessorios,200.0,2017-12-01
aeaba104830f91586dae1bff90f54a8a,2017-12-01,1,99.0,,,esporte_lazer,1250.0,2017-12-01
aeb2f7fc62c8a2a56ae6e2f1b04d4e62,2017-10-01,1,16.9,,,perfumaria,200.0,2017-10-01
aecc6705d25880a6fad90e305c32d875,2017-12-01,1,37.99,,,informatica_acessorios,250.0,2017-12-01
aed29c4783b11ffad4ab0ca3d12654d6,2017-03-01,1,19.9,,,alimentos_bebidas,300.0,2017-03-01
aed75ad669fbebd5a385ac7cc2ae7573,2017-05-01,1,550.0,,,beleza_saude,30000.0,2017-05-01
aed75ad669fbebd5a385ac7cc2ae7573,2017-08-01,1,550.0,1.0,1.0,beleza_saude,30000.0,2017-08-01
aed75ad669fbebd5a385ac7cc2ae7573,2018-04-01,1,550.0,1.0,1.0,beleza_saude,30000.0,2018-04-01
aedeeed7f1b4f0f8be40518d70991770,2018-01-01,1,12.9,,1.0,eletronicos,150.0,2018-01-01
aef8207c2e91f4fcdbc0824737abf358,2017-03-01,1,339.99,,1.0,beleza_saude,1075.0,2017-03-01
aef8207c2e91f4fcdbc0824737abf358,2017-06-01,1,299.99,1.0,1.0,beleza_saude,1075.0,2017-06-01
aef8207c2e91f4fcdbc0824737abf358,2017-07-01,1,299.99,1.0,1.0,beleza_saude,1075.0,2017-07-01
aef95f9d9e323e61a5caecdc41907c79,2017-04-01,1,179.96,,1.0,moveis_escritorio,12675.0,2017-04-01
aef978b83a4d0a2b9bffcd8444b681bd,2018-04-01,1,597.0,,1.0,eletroportateis,6750.0,2018-04-01
aefae62335aa97901109f0c0f08ff0bd,2018-02-01,1,194.0,,,esporte_lazer,2500.0,2018-02-01
af0a917aec9cea3b353ece61a8825326,2017-04-01,1,79.9,,,cama_mesa_banho,1200.0,2017-04-01
af0a917aec9cea3b353ece61a8825326,2017-11-01,1,89.9,1.0,1.0,cama_mesa_banho,1200.0,2017-11-01
af0a99476d96dcc1a1baa7c0d9ff6b9d,2018-03-01,1,535.9,,1.0,beleza_saude,593.0,2018-03-01
af144ed65466a16118af719a57053c95,2017-12-01,1,209.9,,1.0,cool_stuff,1815.0,2017-12-01
af25257adf28d8a0c281173073c2f2da,2018-03-01,1,19.0,,,bebidas,400.0,2018-03-01
af2d506fb01b724e03591349ad36b67e,2018-03-01,3,48.9,,,bebes,600.0,2018-03-01
af322f53ac46d23069c8ce5a98632cd7,2017-11-01,1,29.9,,,bebes,200.0,2017-11-01
af3c32ffb86784d96ad53372364b9d3d,2017-10-01,1,150.0,,,telefonia,150.0,2017-10-01
af4c95f42ca8c56f8b0557650c11eb44,2017-09-01,1,99.9,,,esporte_lazer,460.0,2017-09-01
af51d485dc5255ba2e18b21b550156e6,2017-03-01,1,249.99,,,malas_acessorios,22350.0,2017-03-01
af51d485dc5255ba2e18b21b550156e6,2017-05-01,1,259.9,1.0,1.0,malas_acessorios,22350.0,2017-05-01
af51d485dc5255ba2e18b21b550156e6,2017-07-01,1,258.9,1.0,1.0,malas_acessorios,22350.0,2017-07-01
af51d485dc5255ba2e18b21b550156e6,2017-11-01,1,299.9,1.0,1.0,malas_acessorios,22350.0,2017-11-01
af56e0203193f066ed64cbbbbf95ae6a,2017-12-01,1,89.9,,1.0,esporte_lazer,750.0,2017-12-01
af56e0203193f066ed64cbbbbf95ae6a,2018-01-01,1,99.9,1.0,1.0,esporte_lazer,750.0,2018-01-01
af79ac70de9a79b9c1c85ee0880c7206,2018-02-01,1,105.0,,1.0,esporte_lazer,950.0,2018-02-01
af940e731a7251787895cdd64cfc3f21,2017-10-01,1,369.9,,1.0,relogios_presentes,350.0,2017-10-01
afa545a68cd944454da238793813a4d8,2017-09-01,1,92.0,,,malas_acessorios,16050.0,2017-09-01
afa6d9a2f3ba0d5b06ccd5eb4bd2e29a,2018-03-01,1,59.1,,,esporte_lazer,750.0,2018-03-01
afc244a6c3db6832df12a4b8b34f515c,2017-10-01,1,59.0,,,esporte_lazer,400.0,2017-10-01
afd34b33969fc993e14ae949c140d527,2017-04-01,1,125.9,,,pet_shop,1350.0,2017-04-01
aff4c4ee166f76b66595e0bcfb983d5b,2018-01-01,1,370.0,,,consoles_games,700.0,2018-01-01
b000447e24e31a4d7e628ca4d0622131,2017-03-01,1,23.99,,,telefonia,250.0,2017-03-01
b00a32a0b42fd65efb58a5822009f629,2017-08-01,1,75.9,,,bebes,238.0,2017-08-01
b01d34f6d2545269d348181768eca049,2017-12-01,1,55.0,,,relogios_presentes,150.0,2017-12-01
b01d34f6d2545269d348181768eca049,2018-01-01,1,55.0,1.0,1.0,relogios_presentes,150.0,2018-01-01
b03f486273ee4263286c00383ef34f37,2017-04-01,1,95.0,,1.0,moveis_escritorio,6400.0,2017-04-01
b0517edd4454b9c2537f65826f500a2f,2017-11-01,1,39.99,,1.0,utilidades_domesticas,250.0,2017-11-01
b072088eb78d8d816d4c80cb1851a6f6,2017-07-01,1,49.99,,,utilidades_domesticas,1900.0,2017-07-01
b07c5f16cf1691a1b4b959a974929c9d,2018-03-01,1,226.97,,,moveis_decoracao,14000.0,2018-03-01
b07c988c725ddd67d0c7572a8099712d,2017-06-01,1,34.9,,,moveis_decoracao,600.0,2017-06-01
b0961721fd839e9982420e807758a2a6,2017-07-01,1,59.9,,,ferramentas_jardim,1850.0,2017-07-01
b0961721fd839e9982420e807758a2a6,2017-08-01,1,59.9,1.0,1.0,ferramentas_jardim,1850.0,2017-08-01
b0961721fd839e9982420e807758a2a6,2017-09-01,5,59.9,1.0,1.0,ferramentas_jardim,1850.0,2017-09-01
b09790edda54333116f9cf1decc580a1,2017-10-01,1,27.4,,1.0,cama_mesa_banho,400.0,2017-10-01
b0a0d47f42d23f27388952b8821a9517,2017-11-01,1,49.9,,1.0,moveis_decoracao,575.0,2017-11-01
b0b727747746e677a470d0948bb68520,2017-05-01,1,2109.9,,,instrumentos_musicais,2900.0,2017-05-01
b0c8da302d49498d2ce6be8c631e4e20,2018-03-01,1,70.0,,,informatica_acessorios,213.0,2018-03-01
b0d4c8d4b891a9d7b09ab18111338e9f,2018-01-01,1,78.0,,,automotivo,4550.0,2018-01-01
b0ff378136f25567d2913b3bf7fd7ea1,2017-04-01,1,218.0,,,esporte_lazer,1400.0,2017-04-01
b0ff378136f25567d2913b3bf7fd7ea1,2017-10-01,1,218.0,1.0,1.0,esporte_lazer,1400.0,2017-10-01
b10eba910a974df70b8a12d0665cdb9e,2018-02-01,1,39.0,,1.0,cama_mesa_banho,550.0,2018-02-01
b114bf337c0626166abe574eee9e3f32,2018-02-01,5,149.94,,1.0,moveis_escritorio,13350.0,2018-02-01
b11cfc408f43a71b16c2288e79172244,2017-08-01,1,49.0,,,cool_stuff,300.0,2017-08-01
b11cfc408f43a71b16c2288e79172244,2017-12-01,1,59.0,1.0,1.0,cool_stuff,300.0,2017-12-01
b141c668aca84c5877a5c66bd94fedc8,2017-12-01,1,29.9,,1.0,beleza_saude,200.0,2017-12-01
b1599324bbd2fda5befde0d69a9028a2,2018-01-01,1,48.9,,1.0,utilidades_domesticas,550.0,2018-01-01
b15b0f14796af4af048f9d043465a255,2017-07-01,1,89.0,,,eletroportateis,13100.0,2017-07-01
b166907a5770631b7deedd0891b1b7ab,2017-05-01,2,74.85,,,utilidades_domesticas,1100.0,2017-05-01
b17a6664cea6ac6c23ff388f5a67c973,2018-03-01,1,24.9,,,beleza_saude,333.0,2018-03-01
b1acb7e8152c90c9619897753a75c973,2017-04-01,1,34.99,,,beleza_saude,200.0,2017-04-01
b1acb7e8152c90c9619897753a75c973,2017-06-01,1,34.99,1.0,1.0,beleza_saude,200.0,2017-06-01
b1acb7e8152c90c9619897753a75c973,2017-07-01,1,34.99,1.0,1.0,beleza_saude,200.0,2017-07-01
b1acb7e8152c90c9619897753a75c973,2017-10-01,1,34.99,1.0,1.0,beleza_saude,200.0,2017-10-01
b1d207586fca400a2370d50a9ba1da98,2017-12-01,1,149.0,,1.0,unknown,350.0,2017-12-01
b1d207586fca400a2370d50a9ba1da98,2018-01-01,2,149.0,1.0,1.0,unknown,350.0,2018-01-01
b1e099942b15d8851265f7fb2de457cf,2017-04-01,1,159.0,,1.0,esporte_lazer,550.0,2017-04-01
b1ffef38f0db9fb4e1a6f91b47ec63d4,2017-01-01,2,13.0,,1.0,telefonia,100.0,2017-01-01
b2432f253fe77388b09fde407a2cc37e,2018-02-01,1,43.0,,,brinquedos,1300.0,2018-02-01
b24af8bca8813bcde4140ff8562f5e47,2017-11-01,1,43.99,,,telefonia,250.0,2017-11-01
b24af8bca8813bcde4140ff8562f5e47,2018-01-01,2,49.99,1.0,1.0,telefonia,250.0,2018-01-01
b2a276c8b8261ba2c2c46bcfa1f522ee,2017-08-01,1,85.9,,1.0,perfumaria,1000.0,2017-08-01
b2c888bdc2e3b970ec418f4c9f9877a3,2017-11-01,1,83.23,,1.0,unknown,250.0,2017-11-01
b2d98b6f547c14e29a9e72b8e630d936,2017-08-01,1,115.0,,,cama_mesa_banho,2550.0,2017-08-01
b2d98b6f547c14e29a9e72b8e630d936,2017-12-01,1,115.0,1.0,1.0,cama_mesa_banho,2550.0,2017-12-01
b30bd2570ba0ad3ce06e785a7b23d544,2017-06-01,1,50.4,,1.0,cama_mesa_banho,2900.0,2017-06-01
b3132d56d4953f40e977e0534603e148,2017-10-01,1,259.99,,1.0,esporte_lazer,3100.0,2017-10-01
b3466bdd3b91a3c8ba3f2dbe7f9e0b4f,2017-10-01,1,239.0,,,cool_stuff,850.0,2017-10-01
b34b2c889f5b26963569cf421254e121,2017-01-01,1,104.9,,,moveis_decoracao,4000.0,2017-01-01
b3589656bf8ff7b7b31fb5de73b641ac,2018-03-01,1,41.3,,,fashion_bolsas_e_acessorios,250.0,2018-03-01
b35d60271c8d79aaf431cc378fbf92c3,2018-02-01,1,759.9,,,relogios_presentes,600.0,2018-02-01
b363ba4802d9eca552da85a1125747eb,2018-01-01,1,149.9,,,moveis_decoracao,6200.0,2018-01-01
b36f3c918c91478c4559160022d3f14e,2018-01-01,2,150.0,,,unknown,300.0,2018-01-01
b38b25d838ae0b8385e8cc68b9017644,2018-01-01,1,180.0,,,beleza_saude,200.0,2018-01-01
b38b25d838ae0b8385e8cc68b9017644,2018-02-01,1,180.0,1.0,1.0,beleza_saude,200.0,2018-02-01
b38b25d838ae0b8385e8cc68b9017644,2018-03-01,1,180.0,1.0,1.0,beleza_saude,200.0,2018-03-01
b395922ca8e9ba82b2a81822968d0cf5,2017-03-01,1,24.75,,1.0,moveis_decoracao,800.0,2017-03-01
b39f078aea47425a6a27417828a011a2,2017-11-01,1,220.0,,1.0,telefonia,800.0,2017-11-01
b3b0bce74668bf355cbd94db1e4d17b9,2017-08-01,1,24.98,,,informatica_acessorios,200.0,2017-08-01
b3bcd6f54c943fecf8f51e0b988e5cc9,2017-12-01,1,1299.9,,,beleza_saude,683.0,2017-12-01
b3cf0a98f31b76ed0cec13d9c77102c4,2017-08-01,1,27.93,,,market_place,1300.0,2017-08-01
b3cf0a98f31b76ed0cec13d9c77102c4,2017-12-01,1,27.93,1.0,1.0,market_place,1300.0,2017-12-01
b3e40ff639c185b9d726b4b19c17e6cd,2018-01-01,1,229.99,,1.0,cool_stuff,2150.0,2018-01-01
b3e40ff639c185b9d726b4b19c17e6cd,2018-02-01,2,229.99,1.0,1.0,cool_stuff,2150.0,2018-02-01
b401695ca697a7d76595b73066aec52a,2018-02-01,1,359.99,,1.0,moveis_escritorio,30000.0,2018-02-01
b42e79652dbc591a49bdd2f577b57dab,2018-03-01,1,139.99,,1.0,papelaria,300.0,2018-03-01
b4431ed501beba1c20c06656260d30d5,2017-08-01,1,39.49,,,ferramentas_jardim,800.0,2017-08-01
b44ac72ece514e2e7985803cf7cefbc5,2018-01-01,1,22.0,,,livros_tecnicos,367.0,2018-01-01
b4546f52515517c7e25a51a13695c1f3,2017-09-01,1,59.9,,,moveis_decoracao,3000.0,2017-09-01
b47b33081c41014bc9f372b9a63228c0,2017-06-01,1,45.96,,,beleza_saude,700.0,2017-06-01
b48011c2f47dc5194f89275e79d81465,2017-11-01,1,156.9,,,cama_mesa_banho,2600.0,2017-11-01
b496f6a5bc0c6f8ecec1b1d06498c702,2018-03-01,1,18.99,,,telefonia,50.0,2018-03-01
b4a47c0cbd9405faf99bd341602a206a,2018-02-01,2,12.95,,,construcao_ferramentas_iluminacao,200.0,2018-02-01
b4b41230d7134dd767bc903a9c773f18,2017-10-01,1,219.0,,,moveis_decoracao,10700.0,2017-10-01
b4b6d57077183818e56eb57b4e69c6ec,2018-03-01,1,45.99,,,telefonia,250.0,2018-03-01
b4b817e5f2c4efc8253b4b679c653847,2017-11-01,2,84.44,,,cama_mesa_banho,2150.0,2017-11-01
b4bc9f5c59d29ba89f37dcfa9ea53cc1,2018-01-01,1,79.9,,,utilidades_domesticas,2100.0,2018-01-01
b4ce8d32dea944f1720681420c4cd5ef,2018-03-01,1,129.34,,,cama_mesa_banho,2050.0,2018-03-01
b4d9c32c307674e72fe46c424e3d4824,2017-06-01,1,25.99,,,telefonia,200.0,2017-06-01
b4fc7e84dcaf2fcf3edb234e30362929,2017-06-01,1,115.0,,,esporte_lazer,1300.0,2017-06-01
b4fc7e84dcaf2fcf3edb234e30362929,2018-02-01,1,125.0,1.0,1.0,esporte_lazer,1300.0,2018-02-01
b520bae2a8c9790cac40196cb2025283,2017-12-01,1,34.99,,1.0,moveis_decoracao,200.0,2017-12-01
b5285354b7300aa056db9c3b73e50cd0,2018-03-01,1,72.9,,1.0,instrumentos_musicais,625.0,2018-03-01
b52af48deef5c1fb35c99248a5269973,2017-04-01,1,385.0,,,cool_stuff,15300.0,2017-04-01
b532349fe46b38fbc7bb3914c1bdae07,2017-10-01,2,38.4,,,moveis_decoracao,850.0,2017-10-01
b532349fe46b38fbc7bb3914c1bdae07,2018-02-01,3,38.4,2.0,2.0,moveis_decoracao,850.0,2018-02-01
b573e2860f2732edf610345956e81bb9,2017-10-01,2,175.0,,2.0,informatica_acessorios,850.0,2017-10-01
b573e2860f2732edf610345956e81bb9,2018-01-01,1,175.0,2.0,2.0,informatica_acessorios,850.0,2018-01-01
b57a4072f1286a401272930c85221f91,2017-02-01,1,25.99,,2.0,telefonia,200.0,2017-02-01
b584de1994f604fa7dfd0b6b9c6c1b99,2017-06-01,1,55.13,,2.0,esporte_lazer,150.0,2017-06-01
b596e2d70dd2f5fb5ff9ee2a1c803e5b,2017-12-01,1,249.99,,,esporte_lazer,6300.0,2017-12-01
b59fb744c6f3cd1dc23b10f760848d98,2017-06-01,1,9.9,,,esporte_lazer,200.0,2017-06-01
b59fb744c6f3cd1dc23b10f760848d98,2017-08-01,1,9.9,1.0,1.0,esporte_lazer,200.0,2017-08-01
b5aa3dc3e3492bfa3dfed618a413e779,2017-09-01,1,109.0,,1.0,livros_tecnicos,2100.0,2017-09-01
b5b1ef3701c288dedcb700f5cd3061f2,2017-08-01,1,328.89,,1.0,brinquedos,200.0,2017-08-01
b5b5a82ce5f1987b7e670f37629be51b,2017-09-01,1,59.9,,,beleza_saude,1000.0,2017-09-01
b5c114b11d53b6fd85a6a90790f0b479,2018-01-01,1,42.9,,,utilidades_domesticas,267.0,2018-01-01
b5c315fb01a02190500528edf520883f,2017-08-01,1,59.0,,,fashion_bolsas_e_acessorios,200.0,2017-08-01
b5c9804aab5c4cfd555ebfbc609de43d,2017-08-01,1,219.99,,,esporte_lazer,400.0,2017-08-01
b5e13c9a353102f79c6206ff5cb61a50,2017-06-01,2,89.9,,,brinquedos,1500.0,2017-06-01
b5e13c9a353102f79c6206ff5cb61a50,2017-08-01,1,79.9,2.0,2.0,brinquedos,1500.0,2017-08-01
b5e13c9a353102f79c6206ff5cb61a50,2017-09-01,1,79.9,1.0,1.5,brinquedos,1500.0,2017-09-01
b5e13c9a353102f79c6206ff5cb61a50,2017-11-01,2,89.9,1.0,1.3333333333333333,brinquedos,1500.0,2017-11-01
b5e20ff50c12113580158883f5a86edc,2017-05-01,1,193.0,,1.0,papelaria,200.0,2017-05-01
b5feb29ea5b59182f19b7c82e7ea8102,2018-01-01,1,389.0,,1.0,fashion_bolsas_e_acessorios,223.0,2018-01-01
b60856ce32d90658dbf99b9485327c25,2017-12-01,1,9.0,,,eletronicos,150.0,2017-12-01
b61a33788606a4ce2fda0452722283d1,2018-03-01,1,97.0,,,fashion_bolsas_e_acessorios,150.0,2018-03-01
b623b7cb05ee3248fbe4a6ecbeed79a4,2017-12-01,9,70.97,,,brinquedos,3008.0,2017-12-01
b627df9914b9bf141437c51b8a749d35,2018-03-01,1,33.99,,,cama_mesa_banho,950.0,2018-03-01
b6364679d59117f02215a9d777657490,2018-04-01,1,20.15,,,papelaria,3750.0,2018-04-01
b63b2afaf851b15bdec6e67c553c0ece,2017-05-01,1,21.9,,,moveis_decoracao,100.0,2017-05-01
b6475dae3a2796ed87cabc7b8e8debcf,2018-02-01,2,19.9,,,utilidades_domesticas,250.0,2018-02-01
b679d5bb7f856462949885d34fad2622,2017-08-01,1,104.9,,,esporte_lazer,600.0,2017-08-01
b67a7d0ef75f52b4b76368927a3037f9,2017-07-01,1,249.48,,,relogios_presentes,488.0,2017-07-01
b6a1a729d84991c54d232ed0fb0b8deb,2017-03-01,1,338.0,,,automotivo,6900.0,2017-03-01
b6acad95bb80b9f438b3496bfdfd8257,2018-02-01,1,15.9,,,telefonia,150.0,2018-02-01
b6af4177bdc4b1acc9f8d9d52d614616,2017-11-01,1,74.9,,,beleza_saude,1150.0,2017-11-01
b6bc721dd9f8308b569e8a73982a560e,2018-02-01,1,26.9,,,cama_mesa_banho,650.0,2018-02-01
b6bdebb92f595f00c73bd42e0e3a8517,2017-09-01,2,25.99,,,telefonia,150.0,2017-09-01
b6bdebb92f595f00c73bd42e0e3a8517,2017-10-01,1,25.99,2.0,2.0,telefonia,150.0,2017-10-01
b6f7a80ce020adcd7918fca6246bf96a,2017-03-01,1,849.0,,2.0,eletroportateis,4450.0,2017-03-01
b6f9abef16fdfec89e4f3675f6627dca,2017-01-01,1,19.9,,2.0,moveis_decoracao,400.0,2017-01-01
b72a070441e70976c37e27df8a2a664e,2017-02-01,1,208.9,,,utilidades_domesticas,1050.0,2017-02-01
b72e2daf4a916d46eb0076071027d05b,2017-05-01,1,49.9,,,unknown,150.0,2017-05-01
b73091f98b819cf7a339f74ece86aa4b,2017-07-01,1,59.9,,,fashion_underwear_e_moda_praia,200.0,2017-07-01
b746f0f77468910428130facb2ee2d1f,2017-08-01,1,42.79,,,informatica_acessorios,100.0,2017-08-01
b746f0f77468910428130facb2ee2d1f,2018-02-01,1,42.79,1.0,1.0,informatica_acessorios,100.0,2018-02-01
b74d57e3377dd78aace6d070fc48cc88,2018-03-01,1,65.9,,1.0,cama_mesa_banho,675.0,2018-03-01
b756577e274d3a4793fc27209d7072db,2018-02-01,1,10.99,,1.0,beleza_saude,200.0,2018-02-01
b75a056d7d03227c3a3b60e9ccf518c9,2017-06-01,1,57.9,,,automotivo,450.0,2017-06-01
b7605b5b483063d12bd90a772bff9d21,2017-11-01,1,48.0,,,cama_mesa_banho,550.0,2017-11-01
b7605b5b483063d12bd90a772bff9d21,2018-03-01,1,48.0,1.0,1.0,cama_mesa_banho,550.0,2018-03-01
b76364870c38ddd7dcc9dd9ab5abeeb4,2018-03-01,1,49.9,,1.0,eletroportateis,1200.0,2018-03-01
b77ae16cc8f67cd1c0ec781d5bf4da2b,2017-05-01,1,219.99,,1.0,cool_stuff,2050.0,2017-05-01
b78e60782639ac84cb18289231041577,2017-06-01,1,34.9,,,fashion_bolsas_e_acessorios,200.0,2017-06-01
b79361867edbe85462b548334d136a8a,2017-11-01,1,150.0,,,beleza_saude,125.0,2017-11-01
b795524e6ddbae40e910d169242dbcd7,2017-05-01,1,68.8,,,pet_shop,513.0,2017-05-01
b79f1c3ee8b26b90db738fb3c4abc1ce,2017-12-01,1,47.49,,,beleza_saude,350.0,2017-12-01
b7a89537c40b1f5a18b5ba75dbb91cbe,2017-04-01,1,279.77,,,instrumentos_musicais,594.0,2017-04-01
b7d94dc0640c7025dc8e3b46b52d8239,2017-07-01,1,175.91,,,informatica_acessorios,800.0,2017-07-01
b800d7bb8cd5a7093dd099a367d1dde2,2018-02-01,1,463.0,,,ferramentas_jardim,750.0,2018-02-01
b807683e40e7ea6ec8d74d34f2e02247,2017-11-01,1,184.0,,,bebes,6300.0,2017-11-01
b80910977a37536adeddd63663f916ad,2018-02-01,1,227.99,,,eletrodomesticos_2,13300.0,2018-02-01
b80921007ed3f68cf6e536e6daf08610,2017-10-01,1,29.99,,,telefonia,300.0,2017-10-01
b8316b6fcbdee6f6e8760865065dc0f5,2017-05-01,1,34.76,,,cama_mesa_banho,600.0,2017-05-01
b833b995caddd97b8786370988e32ee4,2017-10-01,1,9.9,,,utilidades_domesticas,200.0,2017-10-01
b8355aca8662d7e0c913ed67412d8ecc,2017-02-01,1,34.9,,,cama_mesa_banho,750.0,2017-02-01
b83738ac1903f7c8f0ed378cb085909c,2018-01-01,1,135.9,,,eletronicos,5700.0,2018-01-01
b83738ac1903f7c8f0ed378cb085909c,2018-03-01,1,139.9,1.0,1.0,eletronicos,5700.0,2018-03-01
b83ba81552d0748b45288e7e57c62888,2017-11-01,1,599.65,,1.0,beleza_saude,460.0,2017-11-01
b83dd24f806b484c1f22ec9af48271e0,2017-08-01,1,86.7,,1.0,cama_mesa_banho,350.0,2017-08-01
b840f8eeee0b143a479738d150115753,2017-12-01,1,119.9,,,perfumaria,483.0,2017-12-01
b8411dee248601bc460bac8e1fb8a102,2018-01-01,1,22.99,,,cama_mesa_banho,525.0,2018-01-01
b84c03edd6414193f906d543a479a0e6,2017-12-01,1,61.9,,,consoles_games,400.0,2017-12-01
b85f305eec7f31aa9c5f04a3e937571a,2018-01-01,1,21.9,,,telefonia,150.0,2018-01-01
b865aecbf934fe78d172e5a0f7a73ec0,2017-05-01,1,149.9,,,bebes,400.0,2017-05-01
b8748a4a2330a08837c8a22664e31f5e,2017-09-01,1,19.9,,,perfumaria,543.0,2017-09-01
b89603272c5e7806893eb03712a0b937,2017-07-01,2,29.9,,,moveis_decoracao,400.0,2017-07-01
b8a0d73b2a06e7910d9864dccdb0cda2,2018-02-01,1,59.9,,,beleza_saude,371.0,2018-02-01
b8a0d73b2a06e7910d9864dccdb0cda2,2018-04-01,1,69.9,1.0,1.0,beleza_saude,371.0,2018-04-01
b8b426747049f2d3d6e00b486d47dedb,2017-08-01,1,104.99,,1.0,beleza_saude,1250.0,2017-08-01
b8b426747049f2d3d6e00b486d47dedb,2018-01-01,1,99.9,1.0,1.0,beleza_saude,1250.0,2018-01-01
b8b7f10b147bfcbdc69c03701866ef4e,2018-02-01,1,58.9,,1.0,sinalizacao_e_seguranca,1200.0,2018-02-01
b8dabeb598db5ace52983a669b90238e,2017-05-01,1,85.99,,1.0,utilidades_domesticas,4850.0,2017-05-01
b8fefc9c1f951969968e904d08bfa8cd,2018-02-01,1,79.9,,,cama_mesa_banho,800.0,2018-02-01
b92421ea3b457d6bb68c49f39d4e97a8,2017-08-01,1,32.5,,,informatica_acessorios,200.0,2017-08-01
b92a7304ebad1ca5b393b53b2de5c70a,2017-07-01,1,144.99,,,moveis_escritorio,9725.0,2017-07-01
b92a7304ebad1ca5b393b53b2de5c70a,2017-10-01,1,139.99,1.0,1.0,moveis_escritorio,9725.0,2017-10-01
b944a925e8a27be5de9850445766deb1,2017-07-01,1,209.99,,1.0,relogios_presentes,15267.0,2017-07-01
b944aabf1fc45c01599ee96c7f4d533e,2017-10-01,1,18.9,,1.0,eletronicos,150.0,2017-10-01
b9454f6cd728a6e0510e3c4ba8c25263,2018-02-01,1,27.99,,,telefonia,300.0,2018-02-01
b95aa596a845b94878fd6d210d7fd9b7,2017-07-01,1,69.9,,,papelaria,1350.0,2017-07-01
b95dbc4fd2649678edb475921d43bdc8,2017-05-01,1,139.9,,,cama_mesa_banho,9900.0,2017-05-01
b99e4f4fa3f421e0ffbd512d9f152dec,2018-01-01,1,19.9,,,eletronicos,1050.0,2018-01-01
b9ac7314894a193a11fd3150f8c69307,2018-03-01,1,539.9,,,beleza_saude,583.0,2018-03-01
b9c742d2c1b06bc064c7aee11440e5ad,2017-10-01,1,22.99,,,telefonia,125.0,2017-10-01
b9c742d2c1b06bc064c7aee11440e5ad,2017-11-01,1,28.9,1.0,1.0,telefonia,125.0,2017-11-01
b9d76f1574fa7456a7770e1a576b96e3,2018-01-01,1,34.9,,1.0,moveis_decoracao,1100.0,2018-01-01
b9ee7519d0187d2389af62ba6c612963,2017-04-01,1,69.9,,1.0,esporte_lazer,900.0,2017-04-01
ba03e6c239904dbc13631313f7ba9d07,2017-07-01,1,72.0,,,esporte_lazer,16150.0,2017-07-01
ba34539b92ec1baa3a9c108b81cd8344,2018-04-01,1,89.49,,,esporte_lazer,650.0,2018-04-01
ba3f298a122a95c4928e8b8628e8520e,2017-03-01,1,98.99,,,cama_mesa_banho,2200.0,2017-03-01
ba4135f821cdef6d31f783156eaf47f7,2017-07-01,1,69.0,,,papelaria,1500.0,2017-07-01
ba45ed17e0da09c7be0de3de084f6e2a,2017-09-01,1,89.0,,,esporte_lazer,1800.0,2017-09-01
ba4614e1cda7783e5c08d4372080d8b2,2018-02-01,1,59.9,,,automotivo,5600.0,2018-02-01
ba4a91633739ceceb2b73b627e2cfbc3,2017-04-01,1,144.99,,,moveis_escritorio,8750.0,2017-04-01
ba4a91633739ceceb2b73b627e2cfbc3,2017-10-01,1,139.99,1.0,1.0,moveis_escritorio,8750.0,2017-10-01
ba4a91633739ceceb2b73b627e2cfbc3,2017-12-01,1,139.99,1.0,1.0,moveis_escritorio,8750.0,2017-12-01
ba4a91633739ceceb2b73b627e2cfbc3,2018-02-01,1,139.99,1.0,1.0,moveis_escritorio,8750.0,2018-02-01
ba4bfbf74dbe7ab37e263b9326da0523,2017-07-01,1,36.9,,1.0,esporte_lazer,650.0,2017-07-01
ba80c9f47a84d1e08465f72e22930c83,2018-01-01,2,120.0,,1.0,pet_shop,150.0,2018-01-01
ba819ec203c9a9382f87d49898692520,2018-01-01,1,27.0,,,construcao_ferramentas_ferramentas,250.0,2018-01-01
ba9f160a6ae1c23f25d690fd06fe4fd8,2017-12-01,1,120.9,,,brinquedos,7050.0,2017-12-01
baa1af9bc7467e619e2bb2876386ae55,2018-03-01,1,92.34,,,esporte_lazer,1050.0,2018-03-01
bace90a7338e9d31371ad47811cf4c7d,2018-02-01,1,89.0,,,cama_mesa_banho,6450.0,2018-02-01
bad5bc36e62c12c840045474c6dbe021,2017-08-01,1,69.9,,,utilidades_domesticas,900.0,2017-08-01
baeb8e1a680cf9e1f13557d74b6cec3d,2017-03-01,1,129.99,,,ferramentas_jardim,2400.0,2017-03-01
baf59a3a8f15ea34f04394f44bad573a,2017-08-01,1,39.99,,,cama_mesa_banho,450.0,2017-08-01
baf838eef08270cb85e35803d2ec2572,2017-12-01,1,21.9,,,eletronicos,145.0,2017-12-01
baff5f5a048f514e921ea530c4a7a814,2017-11-01,1,39.99,,,moveis_decoracao,450.0,2017-11-01
bb09e8007aff97a9452967b19430cf53,2018-03-01,1,93.0,,,utilidades_domesticas,2350.0,2018-03-01
bb31a27a0b24236c8ce7e0c6264c51ec,2017-02-01,1,19.99,,,telefonia,100.0,2017-02-01
bb42f37fc3d9130e4a4339d24a47dd7c,2017-09-01,1,44.9,,,cama_mesa_banho,400.0,2017-09-01
bb42f37fc3d9130e4a4339d24a47dd7c,2018-01-01,1,44.9,1.0,1.0,cama_mesa_banho,400.0,2018-01-01
bb48c8fda6bcf73c9a0178fd1a1a366d,2018-01-01,1,44.9,,1.0,cama_mesa_banho,400.0,2018-01-01
bb50f2e236e5eea0100680137654686c,2017-08-01,1,325.0,,1.0,beleza_saude,400.0,2017-08-01
bb50f2e236e5eea0100680137654686c,2017-09-01,1,325.0,1.0,1.0,beleza_saude,400.0,2017-09-01
bb50f2e236e5eea0100680137654686c,2017-11-01,2,325.0,1.0,1.0,beleza_saude,400.0,2017-11-01
bb50f2e236e5eea0100680137654686c,2017-12-01,1,325.0,2.0,1.3333333333333333,beleza_saude,400.0,2017-12-01
bb50f2e236e5eea0100680137654686c,2018-02-01,2,325.0,1.0,1.3333333333333333,beleza_saude,400.0,2018-02-01
bb5d4ec6e4443ba8589bb940d5b2945f,2017-12-01,1,449.0,,1.5,moveis_cozinha_area_de_servico_jantar_e_jardim,23900.0,2017-12-01
bb6b6e173472747c5b94c0b72c4fe56c,2017-10-01,1,179.9,,1.0,relogios_presentes,250.0,2017-10-01
bb7181410b4e02f93f3697f765db53c7,2017-09-01,2,109.99,,,bebes,14950.0,2017-09-01
bb7181410b4e02f93f3697f765db53c7,2018-01-01,1,129.99,2.0,2.0,bebes,14950.0,2018-01-01
bb7e168a9be3d6ead7cfdc295a63864d,2018-03-01,1,59.9,,2.0,brinquedos,725.0,2018-03-01
bb90206fa281c20f0b4c42a2393b54dd,2017-05-01,2,219.9,,2.0,informatica_acessorios,875.0,2017-05-01
bb90206fa281c20f0b4c42a2393b54dd,2017-07-01,3,195.9,2.0,2.0,informatica_acessorios,875.0,2017-07-01
bb9aa579b534cb9d96b38fcac94759b6,2018-02-01,1,356.0,,2.0,eletronicos,750.0,2018-02-01
bbaef2eadf31fe3ea6702077398be06c,2017-05-01,2,56.99,,2.0,perfumaria,400.0,2017-05-01
bbaef2eadf31fe3ea6702077398be06c,2017-06-01,1,56.99,2.0,2.0,perfumaria,400.0,2017-06-01
bbaef2eadf31fe3ea6702077398be06c,2017-07-01,1,56.99,1.0,1.5,perfumaria,400.0,2017-07-01
bbb22d5f1913726a8e9249234e594c05,2017-12-01,1,89.99,,1.5,informatica_acessorios,700.0,2017-12-01
bbbfa3b8e4c5b134e919e37e46acbe14,2017-10-01,1,230.0,,1.0,moveis_decoracao,14900.0,2017-10-01
bbdffddcafb9e370fbc41a538d738318,2017-12-01,1,8.1,,,artigos_de_natal,200.0,2017-12-01
bbe4dfe43d77a5d150ed30618b20db25,2017-05-01,1,160.0,,,beleza_saude,2300.0,2017-05-01
bc055ae94989497c0d66bfa4263ccf61,2018-01-01,1,70.89,,,informatica_acessorios,150.0,2018-01-01
bc055ae94989497c0d66bfa4263ccf61,2018-03-01,1,70.9,1.0,1.0,informatica_acessorios,150.0,2018-03-01
bc4cd4da98dd128c39bf0b8c2674032f,2017-08-01,1,1200.0,,1.0,pcs,2650.0,2017-08-01
bc4cd4da98dd128c39bf0b8c2674032f,2017-09-01,2,1299.95,1.0,1.0,pcs,2650.0,2017-09-01
bc74f63361c15c1a5baa5b97ac432e62,2017-02-01,1,337.69,,1.0,beleza_saude,4050.0,2017-02-01
bc74f63361c15c1a5baa5b97ac432e62,2018-01-01,2,199.0,1.0,1.0,beleza_saude,4050.0,2018-01-01
bc74f63361c15c1a5baa5b97ac432e62,2018-02-01,1,199.0,2.0,1.5,beleza_saude,4050.0,2018-02-01
bc7783fa09789dd5984d2c9213413a97,2017-09-01,1,259.9,,1.5,beleza_saude,175.0,2017-09-01
bcac6651b527e7de1413038c0df100d7,2018-04-01,1,999.9,,2.0,relogios_presentes,600.0,2018-04-01
bcb4f6803e8889a70dc5ed14c2f5f785,2017-11-01,1,45.65,,,informatica_acessorios,200.0,2017-11-01
bcb4f6803e8889a70dc5ed14c2f5f785,2017-12-01,1,45.65,1.0,1.0,informatica_acessorios,200.0,2017-12-01
bce12dc098cfc1fba81141118561959f,2018-03-01,1,119.9,,1.0,moveis_decoracao,2150.0,2018-03-01
bce474cc95b6e77657e10939b0b4248c,2018-01-01,1,248.9,,1.0,relogios_presentes,310.0,2018-01-01
bcf3aa04becb30e6279242e23dc516f8,2017-12-01,1,45.49,,,automotivo,50.0,2017-12-01
bd149e7e19bab469011f129cdba049e6,2018-02-01,1,349.9,,,moveis_escritorio,16800.0,2018-02-01
bd3a02d6af913ac8e4c07501e2a13dd5,2017-01-01,1,129.99,,,cama_mesa_banho,2146.0,2017-01-01
bd421826916d3e1d445cb860cea3c0fb,2017-12-01,1,29.99,,,unknown,250.0,2017-12-01
bd5556852920e0d5ebb6044894391ca6,2017-10-01,1,31.49,,,esporte_lazer,250.0,2017-10-01
bd66403f5f11696c897a825d5235697f,2018-01-01,1,221.99,,,esporte_lazer,274.0,2018-01-01
bd69e6d599b9a3d9c298617c14e46f9f,2017-12-01,1,80.0,,,cama_mesa_banho,700.0,2017-12-01
bd6e6fce9ada76ea2db0f1912e8e478f,2018-01-01,1,56.99,,,cama_mesa_banho,850.0,2018-01-01
bd6e6fce9ada76ea2db0f1912e8e478f,2018-02-01,2,56.99,1.0,1.0,cama_mesa_banho,850.0,2018-02-01
bd6e8cf9fe4122c385da2bcb9f979d5d,2017-04-01,1,39.0,,1.0,telefonia,88.0,2017-04-01
bd701724b9bc9f955e22db8ec65b5097,2016-10-01,1,19.9,,1.0,moveis_decoracao,300.0,2016-10-01
bd7cd34fc6d02e730221b11edc354aae,2017-02-01,1,99.99,,,brinquedos,704.0,2017-02-01
bd85550f79aa4e7452a75c55921cd5c7,2017-05-01,1,19.9,,,brinquedos,250.0,2017-05-01
bda1c22cb8008940e304b88e5eec3c29,2017-05-01,1,27.9,,,cool_stuff,600.0,2017-05-01
bdae940812284709dd5e300831735f64,2017-05-01,1,95.0,,,alimentos_bebidas,4200.0,2017-05-01
bdb4be6ce2f7f2b5be0a16088028c7fc,2017-11-01,2,85.0,,,utilidades_domesticas,3100.0,2017-11-01
bdca5879b3afce0e138e71a68ad26d04,2018-03-01,1,199.0,,,cama_mesa_banho,4250.0,2018-03-01
bdcb8b4ebca66cd01b512c0044f8258f,2018-01-01,1,8.99,,,informatica_acessorios,150.0,2018-01-01
bdf89d6a5ed033f3e4fb1266fc445f81,2017-11-01,1,71.1,,,utilidades_domesticas,1225.0,2017-11-01
be006818e0a584705110984cf17d09e2,2017-11-01,1,39.9,,,fashion_bolsas_e_acessorios,200.0,2017-11-01
be0dbdc3d67d55727a65d4cd696ca73c,2017-03-01,1,64.99,,,informatica_acessorios,245.0,2017-03-01
be127a8a979cd5d591ea345f10bba28c,2018-01-01,1,249.99,,,esporte_lazer,350.0,2018-01-01
be3b8f91ced393f1ce60aacfb6a04c1d,2017-10-01,1,239.99,,,esporte_lazer,5350.0,2017-10-01
be4c9d0368829d208573322be600c95c,2017-10-01,1,123.43,,,relogios_presentes,200.0,2017-10-01
be531a288d95e2b9ad1b314c7366fe81,2017-04-01,1,49.99,,,esporte_lazer,300.0,2017-04-01
be5353e2c543ba4f67831f95d3775420,2017-02-01,1,23.9,,,beleza_saude,150.0,2017-02-01
be588e939ab09c7ca4d4046266619de5,2017-11-01,1,265.0,,,pet_shop,11750.0,2017-11-01
be59d6c35e43e4bae41772d4b87136a4,2018-04-01,1,135.0,,,cama_mesa_banho,2250.0,2018-04-01
be82fc52186e82fccb9c7b949f60d407,2017-10-01,1,85.0,,,audio,900.0,2017-10-01
be837f2e0152a208d4386f4126d5bd7c,2017-03-01,2,32.9,,,eletrodomesticos,950.0,2017-03-01
be837f2e0152a208d4386f4126d5bd7c,2017-06-01,1,32.9,2.0,2.0,eletrodomesticos,950.0,2017-06-01
be837f2e0152a208d4386f4126d5bd7c,2017-07-01,1,32.9,1.0,1.5,eletrodomesticos,950.0,2017-07-01
bea978771d1c453faf756fa71f3bdd70,2017-11-01,1,299.99,,1.5,brinquedos,2301.0,2017-11-01
bea978771d1c453faf756fa71f3bdd70,2017-12-01,2,299.99,1.0,1.0,brinquedos,2301.0,2017-12-01
beb1cc5b34dcd5fb5c3214a3564b7fdd,2018-03-01,2,64.0,,1.0,informatica_acessorios,200.0,2018-03-01
bec7585cabd7834bae06fc5bd3475cc9,2017-12-01,1,54.9,,1.0,cama_mesa_banho,2150.0,2017-12-01
bedb45388f9f994c1ce963354fd32469,2017-11-01,1,252.0,,,esporte_lazer,2650.0,2017-11-01
bee2e070c39f3dd2f6883a17a5f0da45,2017-11-01,2,140.0,,,informatica_acessorios,175.0,2017-11-01
bee2e070c39f3dd2f6883a17a5f0da45,2017-12-01,1,140.0,2.0,2.0,informatica_acessorios,175.0,2017-12-01
bee2e070c39f3dd2f6883a17a5f0da45,2018-01-01,3,180.0,1.0,1.5,informatica_acessorios,175.0,2018-01-01
bee2e070c39f3dd2f6883a17a5f0da45,2018-02-01,1,180.0,3.0,2.0,informatica_acessorios,175.0,2018-02-01
bee2e070c39f3dd2f6883a17a5f0da45,2018-03-01,2,180.0,1.0,1.6666666666666667,informatica_acessorios,175.0,2018-03-01
bee2e070c39f3dd2f6883a17a5f0da45,2018-04-01,1,180.0,2.0,2.0,informatica_acessorios,175.0,2018-04-01
bee760e5d1648771c6923cc199b11ba8,2017-09-01,1,25.0,,1.5,bebes,200.0,2017-09-01
bef6177f54efb9a6218e124b629fc152,2017-11-01,1,339.9,,2.0,perfumaria,510.0,2017-11-01
bf00630db939d773babccfe2449e9075,2017-03-01,1,105.9,,,moveis_decoracao,2500.0,2017-03-01
bf128711128b70eaa9e07df69e9a75e2,2017-03-01,2,119.99,,,telefonia,600.0,2017-03-01
bf128711128b70eaa9e07df69e9a75e2,2017-04-01,1,119.99,2.0,2.0,telefonia,600.0,2017-04-01
bf3024b979e260a941c418cc5771fff2,2017-06-01,1,22.48,,2.0,utilidades_domesticas,800.0,2017-06-01
bf35317e81a1e1477a2256328bce9e9f,2017-03-01,2,56.99,,2.0,perfumaria,300.0,2017-03-01
bf53d80c6cb1cbf63ba17e2175d521a5,2018-01-01,1,109.9,,,bebes,600.0,2018-01-01
bf7727705a701b9c135cb00df5a2dc5d,2017-07-01,1,49.9,,,cama_mesa_banho,1500.0,2017-07-01
bfbb69c5813c20a95466cc03a1274efd,2017-12-01,1,144.9,,,cama_mesa_banho,1400.0,2017-12-01
bfbce14d1a7118b0c233a35617ec2830,2017-04-01,1,64.9,,,fashion_roupa_feminina,400.0,2017-04-01
bfc0d01be79d9038c7720f983bf954e0,2018-01-01,1,137.0,,,relogios_presentes,950.0,2018-01-01
bfc275f6de912665e4dcd8da32f43c10,2018-02-01,1,97.0,,,utilidades_domesticas,900.0,2018-02-01
bfd4d65a528678737bcb523e5a3c5f58,2018-01-01,1,105.99,,,ferramentas_jardim,2500.0,2018-01-01
bfdef2976f08b5f72e1cfa276a88f45a,2017-05-01,1,21.9,,,telefonia,100.0,2017-05-01
bfebe3af6798e21f14c80263db86b7a0,2017-03-01,1,313.9,,,perfumaria,494.0,2017-03-01
bff35d3572b474e918bb0780723240bb,2017-12-01,2,21.0,,,unknown,600.0,2017-12-01
c006d1427332464b79808bd9dfaec943,2016-10-01,1,22.37,,,moveis_decoracao,500.0,2016-10-01
c01cc7b6054e22d68972a35df1e0c249,2018-01-01,1,42.6,,,automotivo,8500.0,2018-01-01
c03d44fcdfabbabd5185c8eb60f77aea,2017-05-01,1,44.9,,,cool_stuff,500.0,2017-05-01
c03d44fcdfabbabd5185c8eb60f77aea,2017-07-01,1,44.9,1.0,1.0,cool_stuff,500.0,2017-07-01
c0400a62c5019cdc69bfc76d39b1cfb4,2017-04-01,1,26.0,,1.0,cama_mesa_banho,250.0,2017-04-01
c06f7984550cc89a7d76e51e936e714f,2017-12-01,2,49.9,,1.0,moveis_decoracao,600.0,2017-12-01
c0704b7b41d23540e8576c5e84484dcb,2018-02-01,1,34.9,,,beleza_saude,250.0,2018-02-01
c075b8e131353552218860f1c421e4ef,2017-04-01,1,48.9,,,moveis_cozinha_area_de_servico_jantar_e_jardim,1750.0,2017-04-01
c075b8e131353552218860f1c421e4ef,2017-09-01,1,55.9,1.0,1.0,moveis_cozinha_area_de_servico_jantar_e_jardim,1750.0,2017-09-01
c09d788af5101df1f542712d2968d4df,2017-12-01,1,83.5,,1.0,unknown,8500.0,2017-12-01
c0b530b460b26961dd375e84c48377fa,2018-02-01,1,479.9,,1.0,esporte_lazer,2500.0,2018-02-01
c0f957a555a4963d82840e7ca9e06796,2017-12-01,1,113.0,,,esporte_lazer,1900.0,2017-12-01
c10d7c70907ad6d09ada0581ef6bf839,2017-04-01,1,215.9,,,relogios_presentes,2050.0,2017-04-01
c11517f9dd10e879fe8bed8fdab0e3f5,2017-10-01,2,739.99,,,moveis_decoracao,11700.0,2017-10-01
c1617123e66d2491ca93ceadfd36203e,2018-02-01,1,49.99,,,cama_mesa_banho,1050.0,2018-02-01
c18ac1d6cc053c0ec7296b994ae6ffeb,2017-11-01,1,35.9,,,relogios_presentes,550.0,2017-11-01
c18dfe3165eaa55de9ec8f462cd7556f,2018-04-01,1,55.0,,,cama_mesa_banho,500.0,2018-04-01
c1a940820f1f674fe52265f700f72302,2017-12-01,1,250.9,,,perfumaria,190.0,2017-12-01
c1af2dbb7ddaa89a57094a6fde7578bf,2017-10-01,1,52.99,,,beleza_saude,900.0,2017-10-01
c1afa44a5a60e2e7cf7280e57eba0597,2017-11-01,1,1050.0,,,ferramentas_jardim,12300.0,2017-11-01
c1b973e587fd6f4e5aa1fa2c01fc6e59,2017-04-01,1,299.9,,,telefonia,650.0,2017-04-01
c211ff3068fcd2f8898192976d8b3a32,2018-01-01,1,24.9,,,cama_mesa_banho,200.0,2018-01-01
c21afe62d4629a660593fd9b5e6223bb,2017-11-01,1,29.99,,,telefonia,150.0,2017-11-01
c21afe62d4629a660593fd9b5e6223bb,2018-01-01,1,29.99,1.0,1.0,telefonia,150.0,2018-01-01
c21afe62d4629a660593fd9b5e6223bb,2018-03-01,1,29.98,1.0,1.0,telefonia,150.0,2018-03-01
c233e8856445fe94069cd6bd6c32f4ea,2017-11-01,1,41.5,,1.0,moveis_decoracao,800.0,2017-11-01
c2363f555558eefafc1fb2767571cc57,2018-01-01,1,190.32,,1.0,informatica_acessorios,800.0,2018-01-01
c244b71b9f393724eaf2792a96427931,2017-07-01,1,39.9,,,moveis_decoracao,400.0,2017-07-01
c24d27905e6d1242d7366746a126e130,2018-03-01,1,24.99,,,telefonia,150.0,2018-03-01
c24d97e07dcb8f32a8bfbe755731950a,2017-07-01,1,194.9,,,cama_mesa_banho,10500.0,2017-07-01
c25174e1e4fd7fe5c3420869d61fe2a6,2017-09-01,1,54.9,,,brinquedos,600.0,2017-09-01
c25174e1e4fd7fe5c3420869d61fe2a6,2017-11-01,1,54.9,1.0,1.0,brinquedos,600.0,2017-11-01
c25174e1e4fd7fe5c3420869d61fe2a6,2018-03-01,1,49.9,1.0,1.0,brinquedos,600.0,2018-03-01
c29267da9f1200284d707aa632ce1138,2018-03-01,1,55.9,,1.0,cama_mesa_banho,1500.0,2018-03-01
c2a1ff8408a1c857c8730e4d12da714e,2017-07-01,1,69.9,,1.0,utilidades_domesticas,1450.0,2017-07-01
c2af5a088a7027f1efe72f4507fd2fbc,2017-06-01,1,49.0,,,telefonia,150.0,2017-06-01
c2bd03501cf7f4f3a1201e6069155bc0,2017-07-01,1,50.1,,,moveis_decoracao,900.0,2017-07-01
c2bd03501cf7f4f3a1201e6069155bc0,2017-08-01,1,56.9,1.0,1.0,moveis_decoracao,900.0,2017-08-01
c2c00c360a8407127ec5393828933bc5,2017-11-01,1,19.99,,1.0,papelaria,250.0,2017-11-01
c2c989ac5100e59a6c3d12b2c31a2c72,2017-03-01,6,12.99,,1.0,moveis_decoracao,2800.0,2017-03-01
c2d1e60e4deda24940c8039c99f08bbf,2017-09-01,1,39.9,,,eletronicos,350.0,2017-09-01
c2d230b1474e8cffda72ebcc71c5cbb4,2018-02-01,1,79.49,,,telefonia,125.0,2018-02-01
c2e158a66da842665f27c88015a7dbd8,2017-04-01,1,29.9,,,informatica_acessorios,850.0,2017-04-01
c2ece64199af7a53793ed9612a89a8cd,2018-01-01,1,88.34,,,moveis_decoracao,2500.0,2018-01-01
c3040abf937069c3552391d63d89ece1,2017-03-01,1,80.25,,,beleza_saude,550.0,2017-03-01
c3097e07a0a5de0d4b4c836d90c5a284,2018-03-01,2,13.69,,,eletronicos,200.0,2018-03-01
c32788bc915b1ce4316822a1b7c4ec91,2017-09-01,2,43.9,,,utilidades_domesticas,2000.0,2017-09-01
c329abd2a10fad4a2f83377956328c67,2017-09-01,1,57.8,,,ferramentas_jardim,817.0,2017-09-01
c344623528c017d4fa7c51cb56d17a98,2018-03-01,1,359.9,,,perfumaria,552.0,2018-03-01
c34602bed32c7b68dd5713b4abd953e8,2017-07-01,1,259.9,,,esporte_lazer,1200.0,2017-07-01
c348450d15a924d32e7f9b0dd91ca938,2017-12-01,1,139.99,,,bebes,300.0,2017-12-01
c354569eefd558bf201d0aedf35608ed,2017-09-01,2,49.9,,,cama_mesa_banho,700.0,2017-09-01
c36a269550e11c349965d2c033470074,2018-02-01,1,119.0,,,relogios_presentes,283.0,2018-02-01
c37e775cc9f2dd910db751444447fa3d,2017-06-01,1,11.99,,,eletronicos,150.0,2017-06-01
c384e8f1f1c380ef1dbafaf080ba25fc,2017-09-01,1,89.99,,,esporte_lazer,500.0,2017-09-01
c3adcd846a294794059da678fb939220,2017-10-01,1,93.9,,,moveis_decoracao,1200.0,2017-10-01
c3adcd846a294794059da678fb939220,2018-03-01,1,93.9,1.0,1.0,moveis_decoracao,1200.0,2018-03-01
c3b9c5a3a88d5cd18800fb865741d9ad,2017-09-01,1,180.0,,1.0,cama_mesa_banho,2800.0,2017-09-01
c3c63b6c88b27cb29ec5d26fb0ab7182,2017-11-01,1,296.9,,1.0,brinquedos,19500.0,2017-11-01
c3f6113d5b61bc95468432072b27e23d,2017-04-01,1,18.9,,,informatica_acessorios,300.0,2017-04-01
c403e106353e1aa40efe783ecb39ed7a,2017-07-01,1,38.9,,,cama_mesa_banho,550.0,2017-07-01
c403e106353e1aa40efe783ecb39ed7a,2018-03-01,1,38.9,1.0,1.0,cama_mesa_banho,550.0,2018-03-01
c40b4d64d9a3328382ec1fc2948c4af0,2018-01-01,1,38.9,,1.0,telefonia,100.0,2018-01-01
c41394a593b75e8e4f3d1fb5e93e151e,2017-06-01,1,999.99,,1.0,esporte_lazer,28500.0,2017-06-01
c41394a593b75e8e4f3d1fb5e93e151e,2017-07-01,1,999.99,1.0,1.0,esporte_lazer,28500.0,2017-07-01
c413fa08b405af6edb9d49e85e241c08,2017-03-01,1,12.97,,1.0,telefonia,100.0,2017-03-01
c413fa08b405af6edb9d49e85e241c08,2017-05-01,1,12.97,1.0,1.0,telefonia,100.0,2017-05-01
c42a54d639771f80d5ea22dd39a0d845,2017-03-01,1,129.9,,1.0,moveis_sala,10800.0,2017-03-01
c438c9c697a57d265dbb6edd8b174b2b,2018-03-01,1,64.9,,1.0,brinquedos,150.0,2018-03-01
c43ab4269cbf91b373263db4c2973cad,2017-05-01,1,45.9,,,cool_stuff,650.0,2017-05-01
c450c2e066134b9a836264ba72586ff6,2018-04-01,1,14.99,,,eletronicos,150.0,2018-04-01
c45f017c36f9112a8bb4f170edfb1870,2017-07-01,1,102.9,,,malas_acessorios,1400.0,2017-07-01
c45f017c36f9112a8bb4f170edfb1870,2017-08-01,1,94.9,1.0,1.0,malas_acessorios,1400.0,2017-08-01
c45f017c36f9112a8bb4f170edfb1870,2017-09-01,1,86.9,1.0,1.0,malas_acessorios,1400.0,2017-09-01
c475e0af586d200a52fcfa1dee11d1b2,2017-12-01,1,56.99,,1.0,informatica_acessorios,100.0,2017-12-01
c49543f64e565e811a038b0b637df478,2017-12-01,1,33.8,,1.0,esporte_lazer,200.0,2017-12-01
c4b925e40f11289063a854c47aaef129,2017-01-01,1,11.5,,,eletronicos,100.0,2017-01-01
c4baedd846ed09b85f78a781b522f126,2017-09-01,1,99.0,,,ferramentas_jardim,5950.0,2017-09-01
c4baedd846ed09b85f78a781b522f126,2017-10-01,1,99.0,1.0,1.0,ferramentas_jardim,5950.0,2017-10-01
c4baedd846ed09b85f78a781b522f126,2017-12-01,2,89.99,1.0,1.0,ferramentas_jardim,5950.0,2017-12-01
c4baedd846ed09b85f78a781b522f126,2018-01-01,1,139.0,2.0,1.3333333333333333,ferramentas_jardim,5950.0,2018-01-01
c4baedd846ed09b85f78a781b522f126,2018-02-01,2,120.0,1.0,1.3333333333333333,ferramentas_jardim,5950.0,2018-02-01
c4baedd846ed09b85f78a781b522f126,2018-04-01,3,110.0,2.0,1.6666666666666667,ferramentas_jardim,5950.0,2018-04-01
c4c273fc9291c33a56ad3f006fe567e4,2017-04-01,1,329.9,,1.5,perfumaria,390.0,2017-04-01
c4e71b64511b959455e2107fe7859020,2017-03-01,1,24.0,,2.0,utilidades_domesticas,200.0,2017-03-01
c4e71b64511b959455e2107fe7859020,2017-08-01,1,32.0,1.0,1.0,utilidades_domesticas,200.0,2017-08-01
c4fa0206ee58c2694c9642e6483b576a,2017-07-01,2,108.0,,1.0,perfumaria,525.0,2017-07-01
c5038055690911ed8e218cceb07acdf8,2017-09-01,1,368.9,,1.0,esporte_lazer,3500.0,2017-09-01
c51dc74a8b5018e82e9e44ef4b647227,2018-01-01,1,47.9,,,perfumaria,650.0,2018-01-01
c53136cc2d9c25f291925712487f22eb,2017-12-01,1,87.85,,,cama_mesa_banho,1600.0,2017-12-01
c551ffaf36e5c1d8444b44bb7c78123b,2017-05-01,1,109.0,,,brinquedos,1110.0,2017-05-01
c55fe8cbb36a1353e443dc9e773b80da,2018-01-01,1,26.0,,,cama_mesa_banho,250.0,2018-01-01
c571bd52d56c393e52b38a593da5950f,2018-04-01,1,27.99,,,cama_mesa_banho,550.0,2018-04-01
c5736c891e81c20ebc49de62980c1136,2017-04-01,2,119.9,,,cool_stuff,500.0,2017-04-01
c5944369a5cc96d600713f640e46ab5e,2018-04-01,1,49.0,,,relogios_presentes,350.0,2018-04-01
c5d8b84a90f73bd09c30e71e76caaa11,2018-03-01,1,79.9,,,market_place,1150.0,2018-03-01
c600d7f13104e8db2ca2b9fa78581409,2018-01-01,1,168.9,,,unknown,2400.0,2018-01-01
c62bc42d383a40b285eee3f95240c817,2018-01-01,1,114.9,,,cama_mesa_banho,1800.0,2018-01-01
c62bc42d383a40b285eee3f95240c817,2018-02-01,1,114.9,1.0,1.0,cama_mesa_banho,1800.0,2018-02-01
c6336fa91fbd87c359e44f5dca5a90ed,2017-06-01,1,39.9,,1.0,esporte_lazer,150.0,2017-06-01
c6336fa91fbd87c359e44f5dca5a90ed,2017-07-01,3,39.9,1.0,1.0,esporte_lazer,150.0,2017-07-01
c6336fa91fbd87c359e44f5dca5a90ed,2017-08-01,2,45.9,3.0,2.0,esporte_lazer,150.0,2017-08-01
c6336fa91fbd87c359e44f5dca5a90ed,2017-09-01,1,45.9,2.0,2.0,esporte_lazer,150.0,2017-09-01
c64490cdfe40f9e25abd222c541a06f0,2017-10-01,1,59.9,,2.5,moveis_decoracao,600.0,2017-10-01
c664c542e1b5e86f3d912200595894c9,2017-09-01,1,14.9,,2.0,automotivo,800.0,2017-09-01
c66def7098f4d87751f40c3a4855ced1,2016-10-01,1,99.99,,,brinquedos,2100.0,2016-10-01
c68307fcc510fdd70015276ba94cf5b7,2018-03-01,1,19.9,,,beleza_saude,500.0,2018-03-01
c689470c5a069795896edc7b896d9251,2017-04-01,1,49.9,,,cama_mesa_banho,1300.0,2017-04-01
c689470c5a069795896edc7b896d9251,2017-05-01,3,49.9,1.0,1.0,cama_mesa_banho,1300.0,2017-05-01
c695342500b74ff952db47b541726de1,2018-04-01,1,13.99,,1.0,beleza_saude,200.0,2018-04-01
c6b3e5dad7e071459c1ab64d517d848c,2018-02-01,2,74.0,,1.0,informatica_acessorios,400.0,2018-02-01
c6bf8cc852eee5c4ab264e792a9c23a1,2017-06-01,1,14.0,,,casa_conforto,2150.0,2017-06-01
c6c99dd4d0be36139d78cd917a5bdda3,2018-04-01,1,44.95,,,construcao_ferramentas_seguranca,200.0,2018-04-01
c6dd67cc1a32588ce8498afdb3c07b20,2017-07-01,1,21.8,,,utilidades_domesticas,800.0,2017-07-01
c6dd917a0be2a704582055949915ab32,2017-03-01,2,99.99,,,cool_stuff,1200.0,2017-03-01
c6dd917a0be2a704582055949915ab32,2017-05-01,3,99.99,2.0,2.0,cool_stuff,1200.0,2017-05-01
c6dd917a0be2a704582055949915ab32,2017-06-01,1,99.99,3.0,2.5,cool_stuff,1200.0,2017-06-01
c6dd917a0be2a704582055949915ab32,2017-07-01,2,99.99,1.0,2.0,cool_stuff,1200.0,2017-07-01
c6dd917a0be2a704582055949915ab32,2017-08-01,1,99.99,2.0,2.0,cool_stuff,1200.0,2017-08-01
c6dd917a0be2a704582055949915ab32,2017-12-01,1,99.99,1.0,1.3333333333333333,cool_stuff,1200.0,2017-12-01
c6dd917a0be2a704582055949915ab32,2018-01-01,1,99.99,1.0,1.3333333333333333,cool_stuff,1200.0,2018-01-01
c6e37798f72f83c034ba97e2680cb5d5,2017-09-01,1,75.9,,1.0,informatica_acessorios,200.0,2017-09-01
c6e3c9a59b663e36a8b95b2dde81fa33,2018-03-01,1,129.0,,1.0,esporte_lazer,1300.0,2018-03-01
c6e4094f85503e051a1ae5e213d5d1ba,2017-11-01,1,177.9,,,construcao_ferramentas_seguranca,300.0,2017-11-01
c6e4e4c07bcb50a1dc0d54fbbb7ebbe7,2017-08-01,1,119.0,,,eletrodomesticos,700.0,2017-08-01
c6e513054b982283c1cbbb2a45d02d83,2018-01-01,1,22.9,,,cool_stuff,300.0,2018-01-01
c6ea63369936552872ae890c82175b4b,2017-08-01,1,205.0,,,cama_mesa_banho,2900.0,2017-08-01
c6ea63369936552872ae890c82175b4b,2017-09-01,2,161.995,1.0,1.0,cama_mesa_banho,2900.0,2017-09-01
c708ba7c6269161f89ce0683cdd7c432,2017-09-01,1,49.0,,1.0,relogios_presentes,300.0,2017-09-01
c708ba7c6269161f89ce0683cdd7c432,2018-03-01,1,49.0,1.0,1.0,relogios_presentes,300.0,2018-03-01
c72d57da8ba2412527531d97106eb8ef,2017-10-01,1,19.9,,1.0,telefonia,50.0,2017-10-01
c72edc98e7d77f0c4c04ec80730c05f5,2017-11-01,1,79.0,,1.0,esporte_lazer,700.0,2017-11-01
c72edc98e7d77f0c4c04ec80730c05f5,2018-01-01,1,69.0,1.0,1.0,esporte_lazer,700.0,2018-01-01
c73628b1c3144b2e0c9c88072f21a213,2017-06-01,1,99.0,,1.0,automotivo,850.0,2017-06-01
c73628b1c3144b2e0c9c88072f21a213,2017-07-01,1,99.0,1.0,1.0,automotivo,850.0,2017-07-01
c744b9538213403285c97c9f7a53776f,2017-10-01,1,200.0,,1.0,beleza_saude,1000.0,2017-10-01
c76ce8f19e21cfc8226f0551ed5da750,2017-10-01,1,199.99,,1.0,cool_stuff,1800.0,2017-10-01
c76ce8f19e21cfc8226f0551ed5da750,2017-12-01,1,209.99,1.0,1.0,cool_stuff,1800.0,2017-12-01
c777b9591e90c49e0745efb1051789ca,2018-01-01,2,249.9,,1.0,esporte_lazer,200.0,2018-01-01
c777b9591e90c49e0745efb1051789ca,2018-03-01,1,199.9,2.0,1.5,esporte_lazer,200.0,2018-03-01
c7a0c5a255508dc7cd1302da2ec17020,2017-11-01,1,35.79,,2.0,cama_mesa_banho,1000.0,2017-11-01
c7b3cf9de7be95b3e09e7a63315685eb,2017-03-01,1,59.9,,2.0,malas_acessorios,16250.0,2017-03-01
c7c99e372ec2f873701c20e3a00ff29c,2017-09-01,1,16.9,,,telefonia,100.0,2017-09-01
c7db7a06c8b856703729c5f1b2a29378,2017-08-01,1,16.9,,,dvds_blu_ray,250.0,2017-08-01
c7dc39bcc7f9bf8a9b253b8727a0cde5,2017-09-01,1,40.0,,,consoles_games,150.0,2017-09-01
c7fd13b5e515bffdab855d0812842edb,2017-09-01,1,78.0,,,moveis_decoracao,1350.0,2017-09-01
c7fd13b5e515bffdab855d0812842edb,2017-11-01,9,78.0,1.0,1.0,moveis_decoracao,1350.0,2017-11-01
c8194120cffeb4eea08d08e91ed1d284,2017-04-01,1,589.9,,1.0,construcao_ferramentas_jardim,3097.0,2017-04-01
c853cdc7ab9eab59b04f753cd9a2f27b,2017-11-01,1,23.7,,1.0,utilidades_domesticas,400.0,2017-11-01
c857b96593773e940454e76efa8eabb3,2017-07-01,2,51.92,,,moveis_decoracao,700.0,2017-07-01
c857b96593773e940454e76efa8eabb3,2017-08-01,3,51.919999999999995,2.0,2.0,moveis_decoracao,700.0,2017-08-01
c858f88f3de50584c39e8b4fafdd7d61,2018-03-01,1,99.0,,2.0,moveis_decoracao,1450.0,2018-03-01
c89226b8a795ae3d6bca9d90b20dbf04,2018-03-01,1,940.5,,2.0,agro_industria_e_comercio,400.0,2018-03-01
c892c76504fbc267594383bd0f0d94e8,2018-02-01,1,34.3,,,unknown,100.0,2018-02-01
c8a8b80300a9dfba535a8d575b01c977,2017-04-01,1,159.9,,,moveis_decoracao,2300.0,2017-04-01
c8c6606a94a40c89625b72cf7079aa1d,2018-02-01,1,59.99,,,brinquedos,350.0,2018-02-01
c8c969c3a6423f48df9fde8a13e6770b,2018-01-01,1,21.99,,,cama_mesa_banho,550.0,2018-01-01
c8cfa622661e047ea2499f8bce4731a5,2017-11-01,1,134.9,,,bebes,650.0,2017-11-01
c8cfa622661e047ea2499f8bce4731a5,2017-12-01,1,134.9,1.0,1.0,bebes,650.0,2017-12-01
c8dc26795ea2ee96f3fa57453cd7667e,2018-01-01,1,19.99,,1.0,pet_shop,300.0,2018-01-01
c8e3b23381d275296ec611061b616789,2017-04-01,1,289.99,,1.0,beleza_saude,468.0,2017-04-01
c8e902a9fd219512cc3fc5353a829e8a,2017-06-01,1,36.75,,,malas_acessorios,150.0,2017-06-01
c8e98656b0bfc1efbadc25aa3fb9640e,2018-01-01,1,107.9,,,beleza_saude,683.0,2018-01-01
c8f57335e06d8d4e73e34057dc92cfbe,2018-01-01,1,15.9,,,telefonia,300.0,2018-01-01
c8f7df520102efbaf9927f5acf21b928,2017-02-01,1,84.99,,,brinquedos,450.0,2017-02-01
c8fac97dc76c4867dbe264c28b31fafe,2017-02-01,1,9.99,,,market_place,200.0,2017-02-01
c904e2f76d44b7aed8979dd9f63f621f,2018-03-01,1,49.9,,,bebes,600.0,2018-03-01
c924e005748982a0f58ec549a7b5e353,2017-10-01,1,649.99,,,relogios_presentes,400.0,2017-10-01
c92f0e7b9d49a9543558d6532772441b,2017-04-01,1,139.9,,,malas_acessorios,17550.0,2017-04-01
c92f0e7b9d49a9543558d6532772441b,2017-05-01,1,139.9,1.0,1.0,malas_acessorios,17550.0,2017-05-01
c92f0e7b9d49a9543558d6532772441b,2017-11-01,1,147.9,1.0,1.0,malas_acessorios,17550.0,2017-11-01
c938aead190afc62a55dc7bde80c5a24,2018-03-01,1,100.0,,1.0,moveis_decoracao,1450.0,2018-03-01
c94d19d021d4a8fbae5a45f904aeea90,2017-03-01,1,103.97,,1.0,moveis_sala,9750.0,2017-03-01
c9599b4c6945cfb6df065039bf5f1555,2017-11-01,1,17.85,,,automotivo,200.0,2017-11-01
c9793dc710a46a74473907034c12567a,2017-05-01,1,97.95,,,utilidades_domesticas,1828.0,2017-05-01
c98bf47f7bea8f3aee82fa023786b8a1,2017-11-01,1,167.99,,,eletronicos,6185.0,2017-11-01
c9a8800476293bb678ba46cf7df04460,2018-02-01,1,129.9,,,automotivo,4800.0,2018-02-01
c9c455f9fd8ca66d3ff7f90a249753b4,2017-04-01,1,109.95,,,esporte_lazer,500.0,2017-04-01
c9c455f9fd8ca66d3ff7f90a249753b4,2017-10-01,1,109.95,1.0,1.0,esporte_lazer,500.0,2017-10-01
c9c455f9fd8ca66d3ff7f90a249753b4,2017-11-01,1,109.95,1.0,1.0,esporte_lazer,500.0,2017-11-01
c9c6fde711572c1ad99ca12728c6af00,2018-01-01,1,29.99,,1.0,telefonia,150.0,2018-01-01
c9d1849f97b6fe404378805a105d64ec,2017-03-01,1,89.9,,1.0,utilidades_domesticas,600.0,2017-03-01
c9e370a48c93410b221b46ce7ee41643,2017-08-01,1,58.0,,,informatica_acessorios,700.0,2017-08-01
c9e536daef57f35f9bf12642ef857287,2017-02-01,1,89.99,,,moveis_decoracao,1900.0,2017-02-01
c9ea06f7fd4bd778e96031f46f60dfb9,2017-09-01,1,99.9,,,brinquedos,840.0,2017-09-01
ca1bcde1715f1d903681187ef59e459c,2017-02-01,1,19.9,,,moveis_decoracao,200.0,2017-02-01
ca349c4d87c594b4995fcc4fa9c0b77b,2017-02-01,1,39.99,,,beleza_saude,200.0,2017-02-01
ca38c039b717207dec906f4fa9a21db7,2018-01-01,1,198.99,,,beleza_saude,538.0,2018-01-01
ca4fe13c336a5399a892b4afabb17abb,2018-03-01,1,165.0,,,alimentos_bebidas,1650.0,2018-03-01
ca5c923962558430573f83661dbe36d6,2018-02-01,1,120.0,,,pet_shop,1250.0,2018-02-01
ca873fc3d2a6186b92f8c32d685012a6,2017-12-01,1,65.0,,,telefonia,275.0,2017-12-01
ca9c04665b3deab07935392e7432cdbe,2018-02-01,4,59.9,,,moveis_decoracao,600.0,2018-02-01
caa41bf17e27022341da028e79152c4c,2018-02-01,1,46.4,,,beleza_saude,180.0,2018-02-01
cac52d956eff0cacf32f4b0f0f3aac5c,2017-12-01,1,30.0,,,utilidades_domesticas,450.0,2017-12-01
cac9e5692471a0700418aa3400b9b2b1,2017-12-01,1,124.99,,,bebes,375.0,2017-12-01
cac9e5692471a0700418aa3400b9b2b1,2018-01-01,3,124.99,1.0,1.0,bebes,375.0,2018-01-01
cac9e5692471a0700418aa3400b9b2b1,2018-03-01,1,115.0,3.0,2.0,bebes,375.0,2018-03-01
cad2db5e318d7283a234c517b2f28a42,2018-03-01,1,105.9,,2.0,cama_mesa_banho,1600.0,2018-03-01
cad39e71c0fe2f6ce875040d4ac43a4b,2017-08-01,1,350.0,,3.0,relogios_presentes,642.0,2017-08-01
cad39e71c0fe2f6ce875040d4ac43a4b,2017-10-01,1,318.0,1.0,1.0,relogios_presentes,642.0,2017-10-01
cae79e3b5c787c231543fa415a20b5cc,2017-01-01,1,25.0,,1.0,ferramentas_jardim,350.0,2017-01-01
cae7a908351ea0b7acb0086a51f6f565,2017-02-01,1,34.99,,1.0,unknown,400.0,2017-02-01
caf540627b7914ab734c86495fdc95ee,2017-08-01,1,360.0,,,moveis_decoracao,13300.0,2017-08-01
caf540627b7914ab734c86495fdc95ee,2017-09-01,1,229.0,1.0,1.0,moveis_decoracao,13300.0,2017-09-01
caf540627b7914ab734c86495fdc95ee,2017-11-01,1,250.0,1.0,1.0,moveis_decoracao,13300.0,2017-11-01
cafd558df4c3c9d1c338ba6930ea9a62,2017-08-01,1,279.0,,1.0,bebes,16450.0,2017-08-01
cb07b3df7c64648bbeceb85cacd464c9,2017-01-01,2,144.99,,1.0,ferramentas_jardim,1900.0,2017-01-01
cb17b798ba889575385281b7ec2fc22b,2017-01-01,1,109.2,,,automotivo,1300.0,2017-01-01
cb26d15d1b6eabaac7c0803774245884,2017-02-01,1,969.0,,,esporte_lazer,30000.0,2017-02-01
cb3756d2bb6226fdb0ed4f60711b4e84,2017-09-01,1,16.9,,,moveis_decoracao,650.0,2017-09-01
cb52e6775d816cbdadade36948e81fc8,2018-03-01,1,46.0,,,esporte_lazer,10000.0,2018-03-01
cb606ee58d4f11da0e4b813f87f6fd46,2018-02-01,1,19.9,,,automotivo,150.0,2018-02-01
cb6c1c21ebc9c153a7baf319c515657a,2017-08-01,1,31.9,,,informatica_acessorios,200.0,2017-08-01
cb74508159c5743a4fd58445a3038a95,2017-05-01,1,139.0,,,brinquedos,900.0,2017-05-01
cb81df0e3ccece253557f2a07df4727e,2018-04-01,3,45.0,,,esporte_lazer,225.0,2018-04-01
cb9650b0b86415106d480099a14b9d6d,2017-05-01,1,56.99,,,beleza_saude,2300.0,2017-05-01
cb9a231b86e78edf9802645824e0b2c1,2018-03-01,1,189.9,,,moveis_decoracao,900.0,2018-03-01
cb9cc307a215ac435ec87b0f799e8dab,2018-02-01,1,199.9,,,ferramentas_jardim,5450.0,2018-02-01
cbdcb07438032e11d74bbb913fbcd8a0,2017-05-01,1,155.5,,,eletronicos,700.0,2017-05-01
cbfdbf24b32d9aceeeff3e9c77fd9d36,2017-04-01,2,59.9,,,moveis_decoracao,600.0,2017-04-01
cc02ea01817f1cb21e6708bc19f1ee20,2017-06-01,1,131.0,,,industria_comercio_e_negocios,4400.0,2017-06-01
cc1180a16524617866588df758c49ec7,2018-03-01,1,64.99,,,informatica_acessorios,200.0,2018-03-01
cc1b0e67ffb98a08c886e8c3c27a915f,2017-12-01,1,89.0,,,papelaria,1500.0,2017-12-01
cc1b0e67ffb98a08c886e8c3c27a915f,2018-01-01,1,89.0,1.0,1.0,papelaria,1500.0,2018-01-01
cc5447118c174dcc6456c84ccb29e6f7,2017-11-01,1,109.9,,1.0,perfumaria,550.0,2017-11-01
cc971e0365873137b8bef2ebad633e6f,2017-10-01,1,239.99,,1.0,cool_stuff,2400.0,2017-10-01
cc971e0365873137b8bef2ebad633e6f,2017-12-01,1,239.99,1.0,1.0,cool_stuff,2400.0,2017-12-01
cc99f9e6673b4a99658d70f73c3bf1e6,2017-02-01,1,99.9,,1.0,moveis_decoracao,1150.0,2017-02-01
cca44f5c2c4c50a416b7ee155a58b2ba,2017-03-01,1,492.04,,1.0,relogios_presentes,550.0,2017-03-01
ccadfeab525a9eb1569983b66e5075c4,2017-10-01,1,89.0,,,fashion_bolsas_e_acessorios,100.0,2017-10-01
ccadfeab525a9eb1569983b66e5075c4,2017-12-01,1,89.0,1.0,1.0,fashion_bolsas_e_acessorios,100.0,2017-12-01
ccb125d39320e9d900107ce4109589dd,2017-04-01,1,27.0,,1.0,eletrodomesticos,600.0,2017-04-01
ccd686475dbff77b93871eae4754526b,2018-03-01,1,139.99,,1.0,brinquedos,3850.0,2018-03-01
cce679660c66e6fbd5c8091dfd29e9cd,2017-10-01,1,17.9,,,cama_mesa_banho,250.0,2017-10-01
ccec880520770d791d004c9a1ae8b0aa,2017-09-01,1,29.9,,,pet_shop,150.0,2017-09-01
ccf4d6714c4e1c7ea8cf2783aa0373b5,2017-05-01,1,49.99,,,eletronicos,200.0,2017-05-01
cd0efbe03468ba1f0f33c664b53747a9,2017-07-01,2,17.33,,,esporte_lazer,250.0,2017-07-01
cd23f8469a90c62d99eb9bf8ad74fed1,2017-01-01,1,290.0,,,moveis_decoracao,4000.0,2017-01-01
cd2ea14a901da3b47b33516f3ca6929e,2018-03-01,1,59.0,,,beleza_saude,800.0,2018-03-01
cd2ea14a901da3b47b33516f3ca6929e,2018-04-01,1,54.9,1.0,1.0,beleza_saude,800.0,2018-04-01
cd3de1984e1a77b441e1b39b8e334330,2018-02-01,1,59.33,,1.0,moveis_decoracao,1000.0,2018-02-01
cd3de1984e1a77b441e1b39b8e334330,2018-03-01,1,59.33,1.0,1.0,moveis_decoracao,1000.0,2018-03-01
cd3ec6ebbc74e6070297d45ca9dd62e9,2017-06-01,1,71.82,,1.0,fashion_calcados,800.0,2017-06-01
cd3ee451bebe79ab56e507d101897b91,2017-07-01,1,34.9,,1.0,cama_mesa_banho,1000.0,2017-07-01
cd4536501f4e8486f233ea0c0e7e1ee8,2017-09-01,2,54.99,,,esporte_lazer,650.0,2017-09-01
cd46a885543f0e169a49f1eb25c04e43,2018-02-01,1,99.99,,,informatica_acessorios,3475.0,2018-02-01
cd48f265a63e13b762601f5f794c5fca,2017-12-01,2,57.49,,,bebidas,175.0,2017-12-01
cd48f265a63e13b762601f5f794c5fca,2018-01-01,2,47.49,2.0,2.0,bebidas,175.0,2018-01-01
cd48f265a63e13b762601f5f794c5fca,2018-02-01,2,47.49,2.0,2.0,bebidas,175.0,2018-02-01
cd48f265a63e13b762601f5f794c5fca,2018-03-01,1,47.49,2.0,2.0,bebidas,175.0,2018-03-01
cd5f3705d31440675796beb0ee641fa8,2017-09-01,1,194.99,,2.0,brinquedos,640.0,2017-09-01
cd6efbd49aaf6ab8c3eb9605aae7e942,2017-10-01,2,19.99,,2.0,papelaria,200.0,2017-10-01
cd89ce90d4c33b04851f90bcf1ec521a,2017-12-01,1,129.9,,,automotivo,1550.0,2017-12-01
cd8c7501d1e3a66f282dfed8dbd5ab9f,2017-02-01,1,99.0,,,beleza_saude,3700.0,2017-02-01
cdba44bccdafa757b44f7f41b70f4e23,2017-03-01,1,152.72,,,utilidades_domesticas,5100.0,2017-03-01
cdba44bccdafa757b44f7f41b70f4e23,2017-05-01,1,152.72,1.0,1.0,utilidades_domesticas,5100.0,2017-05-01
cdbb028dcdcdb294fd86a808b3569c11,2018-02-01,3,136.0,,1.0,unknown,1000.0,2018-02-01
cdc4af478fef19f03f1d0353c00271cd,2017-11-01,2,29.9,,1.0,relogios_presentes,250.0,2017-11-01
cdc4af478fef19f03f1d0353c00271cd,2018-01-01,1,29.9,2.0,2.0,relogios_presentes,250.0,2018-01-01
cdc9d87e17ccf98f35634e6c3b77073e,2017-10-01,1,119.8,,2.0,esporte_lazer,4250.0,2017-10-01
cde89c19bf58d71bc836b1495a5ff123,2017-06-01,1,50.0,,2.0,bebes,550.0,2017-06-01
cdeefdce9704b2a961a01e89b1f19e7b,2017-09-01,1,240.35,,,informatica_acessorios,400.0,2017-09-01
ce3e4366349f6a16dd3732471e3c2697,2018-01-01,2,85.99,,,automotivo,450.0,2018-01-01
ce6bbfa347690099b21b9d688772d5ab,2017-11-01,1,169.99,,,automotivo,700.0,2017-11-01
ce6e846888716883ea858c8483dc2fef,2018-04-01,1,39.8,,,eletrodomesticos,100.0,2018-04-01
ce6f74096c84567f22728c84f3d6e7fc,2017-12-01,1,104.9,,,cama_mesa_banho,1300.0,2017-12-01
ce7757befc6e69c9a3c2d7551ea423ce,2018-03-01,1,1060.0,,,construcao_ferramentas_construcao,2144.0,2018-03-01
ce8a29973a1fed3f8d22ea5514d9ea07,2018-03-01,1,18.9,,,eletronicos,200.0,2018-03-01
cea2c8d87c3a6672684f57374dfc5703,2017-09-01,1,35.0,,,pet_shop,200.0,2017-09-01
ceaaba49ab70be78825371ede54f32b4,2017-12-01,1,89.0,,,perfumaria,600.0,2017-12-01
ceb43e52119b25c8f2b6049a5534c339,2017-09-01,1,64.9,,,esporte_lazer,750.0,2017-09-01
ceb43e52119b25c8f2b6049a5534c339,2017-10-01,1,64.9,1.0,1.0,esporte_lazer,750.0,2017-10-01
cec09725da5ed01471d9a505e7389d37,2017-04-01,1,59.9,,1.0,esporte_lazer,2500.0,2017-04-01
cec09725da5ed01471d9a505e7389d37,2017-06-01,2,69.9,1.0,1.0,esporte_lazer,2500.0,2017-06-01
cec09725da5ed01471d9a505e7389d37,2017-09-01,2,69.9,2.0,1.5,esporte_lazer,2500.0,2017-09-01
cedf309ce95b4a69d153dd219dd1cef8,2017-05-01,1,49.9,,1.5,informatica_acessorios,1300.0,2017-05-01
cedf309ce95b4a69d153dd219dd1cef8,2017-06-01,1,46.9,1.0,1.5,informatica_acessorios,1300.0,2017-06-01
cee13c9267bd4ee40fed850b5a4ecfa6,2018-04-01,1,59.99,,1.0,pet_shop,100.0,2018-04-01
cee96128d25ffe3429e69452233838dd,2017-08-01,3,28.899999999999995,,1.0,cama_mesa_banho,266.0,2017-08-01
cf1817039c1c86d9f7a5991817794083,2017-11-01,1,63.14,,,eletrodomesticos,200.0,2017-11-01
cf1817039c1c86d9f7a5991817794083,2018-02-01,1,63.14,1.0,1.0,eletrodomesticos,200.0,2018-02-01
cf18e908cb8600dcd21a719db24c48d8,2018-01-01,1,63.99,,1.0,eletronicos,900.0,2018-01-01
cf18e908cb8600dcd21a719db24c48d8,2018-03-01,1,63.99,1.0,1.0,eletronicos,900.0,2018-03-01
cf5fb18f3ac3f373759295cc8ba3e2c3,2017-11-01,1,80.99,,1.0,beleza_saude,1650.0,2017-11-01
cf6020146772dc8cdcd583c1651170a1,2018-01-01,1,89.0,,1.0,papelaria,5150.0,2018-01-01
cf6020146772dc8cdcd583c1651170a1,2018-03-01,1,79.0,1.0,1.0,papelaria,5150.0,2018-03-01
cf6514025ef5d3a93d69d2a7bfa4036b,2017-04-01,1,17.9,,1.0,cama_mesa_banho,250.0,2017-04-01
cf67ebdec22e11186b2129b5852f981b,2017-08-01,1,169.99,,1.0,automotivo,1550.0,2017-08-01
cf698aea327d98aec83099c6c1cd0df4,2018-04-01,1,22.9,,,moveis_decoracao,515.0,2018-04-01
cf69d780077ed6cd5369b53aa63cd0d3,2017-07-01,1,630.0,,,moveis_decoracao,8500.0,2017-07-01
cf69d780077ed6cd5369b53aa63cd0d3,2018-03-01,1,790.0,1.0,1.0,moveis_decoracao,8500.0,2018-03-01
cf6db73155e09a3583117d7dbeeab445,2017-12-01,1,39.9,,1.0,moveis_decoracao,950.0,2017-12-01
cf6db73155e09a3583117d7dbeeab445,2018-01-01,1,39.9,1.0,1.0,moveis_decoracao,950.0,2018-01-01
cf78006a2a6b0429b9663edd99bb38f9,2018-02-01,1,299.99,,1.0,moveis_decoracao,1900.0,2018-02-01
cf78006a2a6b0429b9663edd99bb38f9,2018-03-01,1,299.99,1.0,1.0,moveis_decoracao,1900.0,2018-03-01
cf78006a2a6b0429b9663edd99bb38f9,2018-04-01,1,299.99,1.0,1.0,moveis_decoracao,1900.0,2018-04-01
cf9255e77d3ca4b5d560e28b2b5185c6,2017-03-01,1,24.9,,1.0,utilidades_domesticas,100.0,2017-03-01
cf92691b3ee30045224020f9ae5ae42c,2017-03-01,1,309.0,,1.0,perfumaria,467.0,2017-03-01
cfb133b7458336455fa60b97ac3aaba9,2017-08-01,3,35.0,,,brinquedos,600.0,2017-08-01
cfb763496d9fc48751a27db4fd02aa2d,2018-01-01,1,49.95,,,cama_mesa_banho,350.0,2018-01-01
cfbc837967ca671ee87f5243f2a1024d,2017-12-01,1,21.8,,,esporte_lazer,400.0,2017-12-01
cfc665b462ccc3a43b1a1283e678b1a0,2017-10-01,1,59.0,,,informatica_acessorios,1625.0,2017-10-01
cfcb14e1f3b7ac5213b4e2ae7697598b,2018-02-01,1,29.9,,,livros_tecnicos,350.0,2018-02-01
cfd414b4463647f58c7775eaae06893d,2017-03-01,1,98.9,,,beleza_saude,300.0,2017-03-01
cfe6e9c01d0bbb5df9a75f0e3286baa9,2017-10-01,1,110.0,,,bebes,1200.0,2017-10-01
cfe9e8e1f0400c8cc665d41722f34086,2018-01-01,1,370.0,,,moveis_decoracao,1500.0,2018-01-01
d01361dc1752562049e33f0456109c7e,2017-05-01,1,59.9,,,papelaria,3000.0,2017-05-01
d017a2151d543a9885604dc62a3d9dcc,2017-03-01,1,49.0,,,fashion_bolsas_e_acessorios,250.0,2017-03-01
d017a2151d543a9885604dc62a3d9dcc,2017-07-01,3,49.0,1.0,1.0,fashion_bolsas_e_acessorios,250.0,2017-07-01
d017a2151d543a9885604dc62a3d9dcc,2017-08-01,1,49.0,3.0,2.0,fashion_bolsas_e_acessorios,250.0,2017-08-01
d017a2151d543a9885604dc62a3d9dcc,2018-02-01,1,49.0,1.0,1.6666666666666667,fashion_bolsas_e_acessorios,250.0,2018-02-01
d02e5b014cc50a42a3ede0b3dc1fc63e,2018-02-01,1,59.9,,2.0,utilidades_domesticas,1100.0,2018-02-01
d03b85d1b98bbeb63b41182721312e17,2017-12-01,1,21.99,,1.0,telefonia,200.0,2017-12-01
d04857e7b4b708ee8b8b9921163edba3,2017-10-01,1,64.99,,,informatica_acessorios,450.0,2017-10-01
d04857e7b4b708ee8b8b9921163edba3,2018-01-01,1,64.99,1.0,1.0,informatica_acessorios,450.0,2018-01-01
d048c384871633c66df10bc4d05e2345,2017-12-01,1,899.0,,1.0,automotivo,16900.0,2017-12-01
d04bbac48960ecb7ea311b00ca6e1cb7,2018-02-01,1,104.0,,1.0,industria_comercio_e_negocios,11325.0,2018-02-01
d04bbac48960ecb7ea311b00ca6e1cb7,2018-03-01,2,104.0,1.0,1.0,industria_comercio_e_negocios,11325.0,2018-03-01
d04bbac48960ecb7ea311b00ca6e1cb7,2018-04-01,1,104.0,2.0,1.5,industria_comercio_e_negocios,11325.0,2018-04-01
d04e48982547095af81c231c3d581cb6,2018-01-01,1,255.0,,1.5,relogios_presentes,292.0,2018-01-01
d04e48982547095af81c231c3d581cb6,2018-02-01,1,284.9,1.0,1.5,relogios_presentes,292.0,2018-02-01
d065729477709c73459cad1d32cf311f,2017-10-01,2,72.5,,1.0,brinquedos,650.0,2017-10-01
d0885d40d75c08cf3c44d7ae88897e11,2017-06-01,1,119.95,,1.0,beleza_saude,2200.0,2017-06-01
d0c59b22539b0b391e5834a1dae7caa8,2017-12-01,1,59.99,,,brinquedos,350.0,2017-12-01
d0c59b22539b0b391e5834a1dae7caa8,2018-02-01,1,59.99,1.0,1.0,brinquedos,350.0,2018-02-01
d0efdc4a1cc12f88f6a290fda8861fa7,2017-06-01,1,40.0,,1.0,cama_mesa_banho,900.0,2017-06-01
d0fac709247e97e9b44a5351891ef9f3,2017-07-01,1,49.9,,1.0,automotivo,800.0,2017-07-01
d0fe4295267f15ccaceac4fb233d8c9a,2018-04-01,1,45.9,,,informatica_acessorios,350.0,2018-04-01
d0ff425695a253710c5768f9069c6f0b,2017-09-01,1,49.0,,,brinquedos,1300.0,2017-09-01
d10f7bc1a57ebe26d5994076f2bfa06b,2018-04-01,1,249.0,,,esporte_lazer,296.0,2018-04-01
d1133fab4bf2da55f3ebdd4de51d8587,2017-09-01,1,58.9,,,relogios_presentes,600.0,2017-09-01
d12736e1616a8837c8e9d945a60608bc,2017-10-01,1,69.9,,,bebes,9575.0,2017-10-01
d143bf43abb18593fa8ed20cc990ae84,2017-07-01,1,165.5,,,informatica_acessorios,500.0,2017-07-01
d14495a85be157b5cacef4eaaf825791,2018-01-01,1,519.9,,,moveis_cozinha_area_de_servico_jantar_e_jardim,30000.0,2018-01-01
d159157f1837c548e960ea0e9b00b259,2017-11-01,1,115.0,,,esporte_lazer,1300.0,2017-11-01
d16481328e66930682fcb7f8f50894f8,2017-07-01,1,889.99,,,relogios_presentes,925.0,2017-07-01
d1833b7b959fa2d25e6d970bda08f59e,2017-03-01,1,322.75,,,instrumentos_musicais,5400.0,2017-03-01
d189fbf8b5d79a670cebcaaad68d77b2,2017-08-01,1,59.9,,,papelaria,3000.0,2017-08-01
d189fbf8b5d79a670cebcaaad68d77b2,2017-09-01,1,59.9,1.0,1.0,papelaria,3000.0,2017-09-01
d191e54bd50ba045ac5bc9336572886f,2017-10-01,2,29.9,,1.0,fashion_bolsas_e_acessorios,100.0,2017-10-01
d19c5ff1a4d4e8b0558536d57cf43cf7,2018-03-01,1,190.0,,1.0,construcao_ferramentas_ferramentas,4700.0,2018-03-01
d1a943978e5d919d1ab662b07c810dae,2017-03-01,1,490.0,,,instrumentos_musicais,2900.0,2017-03-01
d1c427060a0f73f6b889a5c7c61f2ac4,2017-02-01,1,159.99,,,informatica_acessorios,6550.0,2017-02-01
d1c427060a0f73f6b889a5c7c61f2ac4,2017-04-01,1,129.99,1.0,1.0,informatica_acessorios,6550.0,2017-04-01
d1c427060a0f73f6b889a5c7c61f2ac4,2017-06-01,1,159.99,1.0,1.0,informatica_acessorios,6550.0,2017-06-01
d1c427060a0f73f6b889a5c7c61f2ac4,2017-10-01,1,149.99,1.0,1.0,informatica_acessorios,6550.0,2017-10-01
d1c427060a0f73f6b889a5c7c61f2ac4,2018-01-01,4,151.5,1.0,1.0,informatica_acessorios,6550.0,2018-01-01
d1c427060a0f73f6b889a5c7c61f2ac4,2018-02-01,1,149.0,4.0,2.0,informatica_acessorios,6550.0,2018-02-01
d1c427060a0f73f6b889a5c7c61f2ac4,2018-03-01,5,135.0,1.0,2.0,informatica_acessorios,6550.0,2018-03-01
d1c5f5c04952de3143b1cb8820a73f53,2017-08-01,1,79.9,,2.5,beleza_saude,250.0,2017-08-01
d1f7e2982b329124bb9fe26a05633dfc,2018-03-01,1,15.9,,1.0,utilidades_domesticas,200.0,2018-03-01
d2085f7e0f9533605386960fc7e987ec,2017-10-01,2,12.49,,,ferramentas_jardim,150.0,2017-10-01
d2085f7e0f9533605386960fc7e987ec,2017-12-01,4,12.49,2.0,2.0,ferramentas_jardim,150.0,2017-12-01
d2169b4ca33cf18e5cf73716179912c8,2017-09-01,1,9.6,,2.0,utilidades_domesticas,700.0,2017-09-01
d21bf4652c855ccafcf94116891cc7ce,2017-10-01,1,147.5,,2.0,fashion_roupa_masculina,600.0,2017-10-01
d221b0b65668b701135753c952b7a5f5,2018-02-01,1,229.9,,,eletrodomesticos_2,16100.0,2018-02-01
d22625c4bd160a54f96629f139153c74,2018-04-01,1,148.9,,,esporte_lazer,2386.0,2018-04-01
d239ed6ed6dabbcbfd8a3b776e1ca50c,2017-12-01,1,389.9,,,utilidades_domesticas,30000.0,2017-12-01
d23c9b76b96f629b8756a657176a87d8,2017-04-01,1,69.0,,,papelaria,800.0,2017-04-01
d248fe1e952b5b5d62572369cc23ac3c,2017-02-01,1,1323.0,,,relogios_presentes,600.0,2017-02-01
d249623077b8906276b8d77ced95f8c4,2017-11-01,1,59.0,,,fashion_bolsas_e_acessorios,150.0,2017-11-01
d25bbb182b51d1594fe3b54a27ae143e,2017-10-01,2,69.9,,,cama_mesa_banho,1900.0,2017-10-01
d267d19dabd3e26083fc8529fdc35ea3,2017-11-01,1,49.99,,,informatica_acessorios,400.0,2017-11-01
d272d0921188b0bd91542d704b21404e,2018-02-01,1,11.55,,,eletronicos,150.0,2018-02-01
d285360f29ac7fd97640bf0baef03de0,2017-10-01,1,348.8,,,relogios_presentes,363.0,2017-10-01
d2922b1fb6b42799b0ce075cb0acc26b,2017-07-01,1,25.9,,,pet_shop,1200.0,2017-07-01
d2b0f9cd5e31ed47dbf92b157c0cda96,2017-04-01,1,190.0,,,esporte_lazer,2350.0,2017-04-01
d2b42ba1cc7c04d6f6e4ea54392b95fa,2018-04-01,1,18.0,,,eletronicos,150.0,2018-04-01
d2bea3c01e172037caa99b2d138f39d0,2017-08-01,1,16.9,,,eletroportateis,350.0,2017-08-01
d2e131d6f19ae0d665fc1a6c420b4f4c,2017-10-01,1,699.99,,,relogios_presentes,660.0,2017-10-01
d2efc686acbf02ce6200ee423516f0d0,2018-03-01,1,58.5,,,automotivo,100.0,2018-03-01
d2f5484cbffe4ca766301b21ab9246dd,2017-11-01,1,12.88,,,informatica_acessorios,180.0,2017-11-01
d2fc2696871ca6b94af5deb0a8d5590d,2017-12-01,1,129.9,,,livros_interesse_geral,2500.0,2017-12-01
d3013b06b7a68f7ea7f29d55377d9bd2,2017-03-01,1,141.9,,,brinquedos,925.0,2017-03-01
d3060c543b1b88a647cc284ed7a9dd4a,2017-01-01,1,109.99,,,pet_shop,6200.0,2017-01-01
d31604dc8480ff739e226bdf88d5000e,2018-03-01,2,15.3,,,automotivo,200.0,2018-03-01
d3257d83b50d04301c9d969a0e2ec4ee,2017-09-01,1,69.0,,,relogios_presentes,250.0,2017-09-01
d34e60a899ba1091792aa4bbac4cc1df,2018-01-01,1,179.99,,,eletroportateis,2175.0,2018-01-01
d34ec3c23c142291062f958688a1b41c,2017-09-01,1,55.9,,,malas_acessorios,1050.0,2017-09-01
d3648df999a7213c708253a32f095b53,2017-11-01,1,48.9,,,bebes,600.0,2017-11-01
d3648df999a7213c708253a32f095b53,2018-03-01,1,48.9,1.0,1.0,bebes,600.0,2018-03-01
d370e908175e2f3b39bb7fd33fd4c530,2017-09-01,1,19.99,,1.0,esporte_lazer,400.0,2017-09-01
d389bacae4eb98af95b782dae3b7f03a,2017-05-01,1,759.0,,1.0,relogios_presentes,600.0,2017-05-01
d39421ec4cc2bf52e35f8bf00f1ec314,2017-07-01,1,49.99,,,beleza_saude,1600.0,2017-07-01
d39421ec4cc2bf52e35f8bf00f1ec314,2017-08-01,1,49.99,1.0,1.0,beleza_saude,1600.0,2017-08-01
d3c044bd42d84a79e3b0c42662806a48,2017-07-01,1,25.9,,1.0,esporte_lazer,150.0,2017-07-01
d3c044bd42d84a79e3b0c42662806a48,2017-08-01,3,25.899999999999995,1.0,1.0,esporte_lazer,150.0,2017-08-01
d3f4f3de0f4576184674937d1e9cecca,2017-10-01,1,29.0,,1.0,brinquedos,450.0,2017-10-01
d3f4f3de0f4576184674937d1e9cecca,2018-03-01,1,34.9,1.0,1.0,brinquedos,450.0,2018-03-01
d400b62525c30cb8ec0786613bb0d93f,2017-11-01,1,33.0,,1.0,eletroportateis,650.0,2017-11-01
d412d78a36f204c033b6ec60d874bc75,2017-07-01,1,29.9,,1.0,cool_stuff,5600.0,2017-07-01
d41a23bd2bc3ec10cfffc66c0611a290,2017-05-01,1,24.9,,,moveis_decoracao,1000.0,2017-05-01
d41a2d62b53242957d8f2107d2e82e51,2017-04-01,1,39.9,,,audio,200.0,2017-04-01
d41d8cd98f00b204e9800998ecf8427e,2017-04-01,1,175.0,,,automotivo,1181.0,2017-04-01
d41dc2f2979f52d75d78714b378d4068,2017-11-01,2,9.0,,,consoles_games,450.0,2017-11-01
d41e71b34a15f8bc2c7ed84561ebb600,2017-05-01,1,529.0,,,informatica_acessorios,900.0,2017-05-01
d4257bb9c6abde06be66858be5e4e6e7,2017-10-01,1,116.99,,,moveis_escritorio,20300.0,2017-10-01
d42f88e62ec14a8a5465cef3841919fc,2018-03-01,1,32.9,,,climatizacao,100.0,2018-03-01
d43c65f300c5cfaae005f1f954fc0b15,2018-03-01,1,78.9,,,utilidades_domesticas,7450.0,2018-03-01
d4484cc239fbd0ac671ab04d931edc66,2018-03-01,3,9.0,,,bebes,150.0,2018-03-01
d4591f790b3b30ebc3cc132764e86741,2017-11-01,1,37.79,,,sinalizacao_e_seguranca,450.0,2017-11-01
d4604111a0a16806f51aec592303d857,2017-06-01,1,40.0,,,beleza_saude,500.0,2017-06-01
d46fdf0e0cf02b09e384924d6ba77e57,2017-08-01,1,68.0,,,livros_interesse_geral,450.0,2017-08-01
d472a70d40f4f72dfd5f6024cfc89a13,2017-04-01,1,139.99,,,casa_construcao,1167.0,2017-04-01
d48adaf02f576324c7c0931a823025ee,2017-11-01,1,69.9,,,brinquedos,400.0,2017-11-01
d4a4ff95f641981ed47802cce0ea5c88,2017-11-01,2,149.99,,,fashion_bolsas_e_acessorios,100.0,2017-11-01
d4a8ab90e626911fa92af68c07228390,2017-01-01,1,45.9,,,moveis_decoracao,1000.0,2017-01-01
d4bf1e29f41deda5c71da49e4d39fb1d,2017-06-01,1,12.9,,,cama_mesa_banho,250.0,2017-06-01
d4cbb6517d22b1d8114cb1dcbd40cb25,2017-12-01,1,249.89,,,cama_mesa_banho,700.0,2017-12-01
d4eb057c3dd5e4c9513bb461e9bb8ae1,2018-03-01,1,140.5,,,esporte_lazer,1450.0,2018-03-01
d4ed9e130fbb1aca77ea64f08f1b20cc,2017-04-01,1,39.9,,,utilidades_domesticas,300.0,2017-04-01
d517de1f2a8247cc1ea2951c4039ae20,2017-08-01,1,76.99,,,brinquedos,992.0,2017-08-01
d531e4f4234b93eb3d8efc4a53f7e7c1,2017-10-01,1,129.9,,,casa_construcao,8900.0,2017-10-01
d54a7e69c3102b38b13952aeae0bc8f3,2017-01-01,1,19.9,,,moveis_decoracao,400.0,2017-01-01
d56c9fe93d4e5fbdec5bb1ffff397fd7,2017-08-01,1,59.9,,,informatica_acessorios,400.0,2017-08-01
d578aee40a4952269523e4295839781f,2017-09-01,1,35.5,,,brinquedos,500.0,2017-09-01
d5991653e037ccb7af6ed7d94246b249,2017-06-01,1,149.84,,,informatica_acessorios,922.0,2017-06-01
d5991653e037ccb7af6ed7d94246b249,2017-07-01,1,149.84,1.0,1.0,informatica_acessorios,922.0,2017-07-01
d5991653e037ccb7af6ed7d94246b249,2017-11-01,2,137.9,1.0,1.0,informatica_acessorios,922.0,2017-11-01
d5991653e037ccb7af6ed7d94246b249,2017-12-01,2,134.9,2.0,1.3333333333333333,informatica_acessorios,922.0,2017-12-01
d5b703c271f43f9c588a6f512a00f77e,2017-05-01,1,34.9,,1.5,brinquedos,150.0,2017-05-01
d5b703c271f43f9c588a6f512a00f77e,2017-07-01,1,34.9,1.0,1.5,brinquedos,150.0,2017-07-01
d605e53683803c3a25f24ac1597fdfbe,2017-11-01,1,99.99,,1.0,brinquedos,250.0,2017-11-01
d60c79092c4d9018a9e4f08f24b7a280,2018-01-01,1,45.0,,1.0,utilidades_domesticas,300.0,2018-01-01
d6160fb7873f184099d9bc95e30376af,2017-09-01,1,1649.99,,,pcs,2600.0,2017-09-01
d6160fb7873f184099d9bc95e30376af,2017-10-01,1,1599.99,1.0,1.0,pcs,2600.0,2017-10-01
d63c71088e06ea00d66dc357cda91a30,2018-03-01,1,119.9,,1.0,cama_mesa_banho,1500.0,2018-03-01
d63cafc542dd1b06a7c0965231ff940e,2017-07-01,1,219.54,,1.0,relogios_presentes,450.0,2017-07-01
d66c729cd3b64c98515a18898c6b65c3,2017-07-01,1,19.9,,,eletrodomesticos,100.0,2017-07-01
d6783a6e939059f756562de164efc447,2017-02-01,1,6.57,,,moveis_decoracao,300.0,2017-02-01
d68eca92c5a12467b856479934dc39af,2017-09-01,1,7.9,,,telefonia,121.0,2017-09-01
d68eca92c5a12467b856479934dc39af,2017-11-01,1,9.9,1.0,1.0,telefonia,121.0,2017-11-01
d696750e550fd0f733979dd7e5dff921,2017-08-01,1,167.99,,1.0,utilidades_domesticas,950.0,2017-08-01
d696750e550fd0f733979dd7e5dff921,2017-12-01,1,177.99,1.0,1.0,utilidades_domesticas,950.0,2017-12-01
d69b7880f262ed14de5f8149d2f0931d,2018-02-01,1,20.3,,1.0,fashion_bolsas_e_acessorios,4600.0,2018-02-01
d6b4d1a0d7b4224aa86e3ceff1d78217,2017-11-01,1,388.9,,1.0,eletroportateis,8050.0,2017-11-01
d6bcc9649c52a826c656563ffb87a036,2017-09-01,1,29.9,,,unknown,200.0,2017-09-01
d6be8874a210252bd164fadd394d9e95,2017-03-01,1,69.99,,,bebes,700.0,2017-03-01
d6c2073fdc29a2931d1900fe474134ec,2017-11-01,1,82.0,,,perfumaria,400.0,2017-11-01
d6d88b596b8166f1094d9fcef020a074,2017-08-01,1,70.9,,,informatica_acessorios,451.0,2017-08-01
d6ed08469f23517f07ed6bb451361298,2017-08-01,2,150.0,,,fashion_bolsas_e_acessorios,150.0,2017-08-01
d6fe3b4ddecd4a8393c6a1385de3bfb6,2017-07-01,1,199.97,,,moveis_escritorio,16650.0,2017-07-01
d7238572bdd6dc8facf58ab8f0e3cd29,2018-03-01,1,17.99,,,telefonia,150.0,2018-03-01
d73068913476e74d4f35a6f2d5399ae9,2018-02-01,1,49.99,,,malas_acessorios,650.0,2018-02-01
d73378cc66536ea4da8b4026e23ec2cf,2018-03-01,1,48.0,,,moveis_cozinha_area_de_servico_jantar_e_jardim,9200.0,2018-03-01
d73a7e3009d1b8f498a0ffd3e8ae6565,2017-03-01,1,34.9,,,cama_mesa_banho,700.0,2017-03-01
d77688ff55bbbc28706814a06538c8bc,2017-09-01,1,39.9,,,cama_mesa_banho,1400.0,2017-09-01
d7a6514d88374ea4674eff77ba1e5d38,2017-11-01,2,29.99,,,brinquedos,400.0,2017-11-01
d7d1cdd61c66570cac78c88a0cae784b,2017-03-01,1,34.99,,,telefonia,200.0,2017-03-01
d7d4469347b566ef611163dc0b9cee2c,2017-02-01,2,59.7,,,utilidades_domesticas,1200.0,2017-02-01
d7d5562fce331ad958ca6f57057b3526,2017-08-01,1,59.99,,,cool_stuff,700.0,2017-08-01
d7d5562fce331ad958ca6f57057b3526,2017-12-01,1,65.99,1.0,1.0,cool_stuff,700.0,2017-12-01
d7d5562fce331ad958ca6f57057b3526,2018-02-01,1,65.99,1.0,1.0,cool_stuff,700.0,2018-02-01
d7faab3fa0091d1220a8ada9cae1bab3,2017-08-01,1,29.9,,1.0,esporte_lazer,600.0,2017-08-01
d800be06cad2262f48d1c2982fd31189,2017-09-01,1,53.9,,1.0,cama_mesa_banho,1950.0,2017-09-01
d806210810eb8942d0ea5b17967bb1c4,2017-08-01,1,119.35,,,cool_stuff,1635.0,2017-08-01
d85783d7c896fdb2fadbbc19c6a1c58e,2017-05-01,1,30.0,,,unknown,700.0,2017-05-01
d86963242e7dda7eed04f57e492ed655,2017-10-01,1,74.9,,,brinquedos,1100.0,2017-10-01
d86db9a9e478ff057c0541537639a10e,2017-02-01,1,21.9,,,moveis_decoracao,300.0,2017-02-01
d8707dd860f966067547d4cff53496f8,2017-09-01,1,47.0,,,beleza_saude,250.0,2017-09-01
d88a953f5d1e00cbfb5785dcb8a9f81f,2017-05-01,1,39.9,,,brinquedos,3100.0,2017-05-01
d899e614656fe7bddd577dcfe583d19c,2017-11-01,1,61.5,,,automotivo,100.0,2017-11-01
d8a3b568800dd60242c366e5e02184e4,2018-02-01,2,49.9,,,esporte_lazer,550.0,2018-02-01
d8c199ae0fce3ce0ba91596db04910be,2018-04-01,1,55.9,,,construcao_ferramentas_construcao,1800.0,2018-04-01
d8dd9c0b7decc04a3112159b4e6cf7be,2017-10-01,1,48.9,,,bebes,600.0,2017-10-01
d8de812ed5d981fc6a3984f4caa2aa05,2017-05-01,1,59.99,,,esporte_lazer,525.0,2017-05-01
d8e68bbaf74b873af3726c252399e2c9,2018-03-01,1,139.9,,,cama_mesa_banho,1000.0,2018-03-01
d902ca64b614964dc31d6b0372e800ac,2017-04-01,2,52.3,,,moveis_decoracao,750.0,2017-04-01
d902ca64b614964dc31d6b0372e800ac,2017-05-01,1,52.3,2.0,2.0,moveis_decoracao,750.0,2017-05-01
d902ca64b614964dc31d6b0372e800ac,2017-12-01,1,52.3,1.0,1.5,moveis_decoracao,750.0,2017-12-01
d90b49224b5d6eb131a51e53824934d3,2017-10-01,1,109.82,,1.5,cama_mesa_banho,7000.0,2017-10-01
d918b3f4aa5272c2c3cd088d087ca069,2017-07-01,1,139.9,,1.0,esporte_lazer,2083.0,2017-07-01
d93d7e81a8d724c4ef661e75647cf325,2017-11-01,1,151.2,,,bebes,1600.0,2017-11-01
d952c09021388fd5b1e5f914f559fb10,2017-03-01,1,18.99,,,telefonia,75.0,2017-03-01
d952c09021388fd5b1e5f914f559fb10,2017-05-01,1,18.99,1.0,1.0,telefonia,75.0,2017-05-01
d986e4bd747ca20b348abcd013cd1303,2017-12-01,1,154.9,,1.0,esporte_lazer,1200.0,2017-12-01
d9880e15196711e7f9fe7dabc5f74117,2017-10-01,1,69.9,,1.0,esporte_lazer,385.0,2017-10-01
d99a9035db5875b38e59f9f55b9548f1,2017-05-01,1,229.9,,,moveis_decoracao,10100.0,2017-05-01
d9bdf643d95cb89844c0da1a0df1d16e,2017-11-01,1,120.0,,,perfumaria,475.0,2017-11-01
d9bdf643d95cb89844c0da1a0df1d16e,2018-01-01,1,120.0,1.0,1.0,perfumaria,475.0,2018-01-01
d9ee0c2943c9663aef6a2bc0411cbc14,2017-07-01,1,107.61,,1.0,moveis_decoracao,2400.0,2017-07-01
da051bd767b7457572d55aba23fd846a,2018-03-01,1,77.9,,1.0,esporte_lazer,1075.0,2018-03-01
da051bd767b7457572d55aba23fd846a,2018-04-01,2,69.9,1.0,1.0,esporte_lazer,1075.0,2018-04-01
da1cfaaffa7720fe28f26f18d52f5ad9,2017-03-01,1,39.9,,1.0,fashion_bolsas_e_acessorios,150.0,2017-03-01
da1cfaaffa7720fe28f26f18d52f5ad9,2017-04-01,1,39.9,1.0,1.0,fashion_bolsas_e_acessorios,150.0,2017-04-01
da5220901a7753c4ebfd78f339e051c9,2018-02-01,1,108.0,,1.0,moveis_decoracao,650.0,2018-02-01
da6f9d8ce4950ad572b7b4fe7d7e6c90,2017-10-01,1,97.9,,1.0,beleza_saude,275.0,2017-10-01
da7e1b2f8c91cbf61a22b55e8cd49bcd,2017-05-01,1,76.1,,,utilidades_domesticas,2300.0,2017-05-01
da893368e67b2e521b3f04da43f4b57a,2017-08-01,1,79.5,,,telefonia,700.0,2017-08-01
da8faea5f69f03fce4dfc01ceee4f1dd,2017-04-01,1,64.99,,,fashion_esporte,300.0,2017-04-01
da93657c402ea46729003c282352d727,2017-07-01,1,109.9,,,esporte_lazer,1795.0,2017-07-01
dab2413ead0edda9967edbc9bda2a64e,2018-01-01,1,29.99,,,telefonia,250.0,2018-01-01
dab2413ead0edda9967edbc9bda2a64e,2018-03-01,1,29.98,1.0,1.0,telefonia,250.0,2018-03-01
dac2eb7c1ddae28171b16e13c80a9730,2017-08-01,1,85.0,,1.0,consoles_games,580.0,2017-08-01
dad033afaf01ca7098672af45bdd3400,2017-03-01,1,159.9,,1.0,brinquedos,1200.0,2017-03-01
daf9915404caf75fa1717a436b46fa14,2017-01-01,1,79.9,,,moveis_decoracao,1400.0,2017-01-01
dafc178b7166ee2eedeb1fccc31ad432,2017-12-01,1,179.99,,,moveis_escritorio,9813.0,2017-12-01
db05baa32930ca5fbdb515b0ff8fba0d,2017-09-01,1,320.0,,,instrumentos_musicais,8225.0,2017-09-01
db1d1a4569fdbae28a0d3340d907f7af,2017-06-01,1,18.9,,,unknown,400.0,2017-06-01
db24fc1b55a862f2a1f9ae1e4ef85e7b,2018-04-01,3,17.9,,,papelaria,100.0,2018-04-01
db25a58a5da5dfe2fd19f2604491bd27,2017-12-01,1,54.0,,,eletroportateis,900.0,2017-12-01
db34e1e6f14cc3755d9149fe8a1de9fd,2017-07-01,1,499.9,,,cool_stuff,1550.0,2017-07-01
db5efde3ad0cc579b130d71c4b2db522,2017-05-01,1,249.0,,,audio,6663.0,2017-05-01
db5efde3ad0cc579b130d71c4b2db522,2018-03-01,3,174.33333333333334,1.0,1.0,audio,6663.0,2018-03-01
db6b576f5ccc24add9999afe03841cf3,2017-06-01,1,199.0,,1.0,esporte_lazer,900.0,2017-06-01
dbb00dd9b017066946537423958bd4ea,2018-02-01,1,59.0,,1.0,beleza_saude,1000.0,2018-02-01
dbb4ce89c8ed5fb6fd901e2e51093179,2017-03-01,3,84.99,,,utilidades_domesticas,2200.0,2017-03-01
dbb4ce89c8ed5fb6fd901e2e51093179,2017-04-01,1,84.99,3.0,3.0,utilidades_domesticas,2200.0,2017-04-01
dbb67791e405873b259e4656bf971246,2018-03-01,2,81.99,,3.0,informatica_acessorios,207.0,2018-03-01
dbb67791e405873b259e4656bf971246,2018-04-01,1,81.99,2.0,2.5,informatica_acessorios,207.0,2018-04-01
dbc624bf17ad3fdf6f8e5737ad9bf1cc,2017-03-01,1,171.0,,2.0,beleza_saude,250.0,2017-03-01
dbd024d4182504993ad1e3cd2ee9d9e9,2017-01-01,1,29.4,,2.0,automotivo,100.0,2017-01-01
dbd5107cd9a31627000efe028e81a5aa,2018-03-01,1,209.0,,,brinquedos,12050.0,2018-03-01
dbe30cd7571498ff45963ea671014c6a,2018-01-01,1,29.97,,,cama_mesa_banho,350.0,2018-01-01
dbedc5c46934d0708dd37cccef1c2184,2018-04-01,1,108.82,,,moveis_decoracao,1500.0,2018-04-01
dbfa741e0e5dfae13c9f023d8b8cbd96,2017-08-01,1,139.9,,,bebes,5400.0,2017-08-01
dbfa741e0e5dfae13c9f023d8b8cbd96,2017-11-01,1,159.9,1.0,1.0,bebes,5400.0,2017-11-01
dbfc3878e8b8a96816236363e132e6e3,2017-05-01,1,19.99,,1.0,telefonia,100.0,2017-05-01
dc2410804cf782c5d87dbcd201b74e9b,2017-08-01,2,150.0,,1.0,informatica_acessorios,1000.0,2017-08-01
dc404a1496a08f9f5540c8b5d4b92925,2017-06-01,1,329.9,,,brinquedos,1582.0,2017-06-01
dc404a1496a08f9f5540c8b5d4b92925,2017-10-01,1,299.0,1.0,1.0,brinquedos,1582.0,2017-10-01
dc404a1496a08f9f5540c8b5d4b92925,2017-11-01,1,299.99,1.0,1.0,brinquedos,1582.0,2017-11-01
dc4c70ae91ccd3ee8e376c073b377f64,2017-04-01,1,53.9,,1.0,esporte_lazer,1000.0,2017-04-01
dc52f0f5d3ec37a93eaf956cde4e5d2c,2017-12-01,1,49.0,,1.0,relogios_presentes,400.0,2017-12-01
dc52f0f5d3ec37a93eaf956cde4e5d2c,2018-01-01,1,49.0,1.0,1.0,relogios_presentes,400.0,2018-01-01
dc58d5459e21851dd9acdfc10a621159,2017-11-01,1,34.9,,1.0,utilidades_domesticas,700.0,2017-11-01
dc6012b12115251bd0f6ffd93a99c070,2018-01-01,1,167.84,,1.0,moveis_decoracao,5250.0,2018-01-01
dc6217e7f9d8c15039ca95b702ce7e02,2017-09-01,2,34.0,,,bebes,400.0,2017-09-01
dc66bd48cefb7c7c6ad6684a305b6bf7,2018-01-01,1,59.9,,,cama_mesa_banho,13050.0,2018-01-01
dc881ef926ca402063ea142afc83874c,2017-10-01,1,88.0,,,cool_stuff,2100.0,2017-10-01
dc90d2a794a86578893c4ccdf6524d3d,2017-11-01,1,239.9,,,brinquedos,1000.0,2017-11-01
dc9f66a56b89e4278d921898a861a29a,2017-01-01,1,3.9,,,unknown,200.0,2017-01-01
dccef777bc505f2eca720502c209988d,2018-02-01,1,84.0,,,eletrodomesticos,150.0,2018-02-01
dce24381876a1d59ccc9d00d3dbade56,2018-04-01,1,78.9,,,ferramentas_jardim,3550.0,2018-04-01
dcf0f4c00270e4e71c868cbfedff1e9d,2017-03-01,1,109.99,,,esporte_lazer,6050.0,2017-03-01
dd0dcee76f9c12fff4bc0eb641d57c7f,2017-12-01,2,23.7,,,eletronicos,250.0,2017-12-01
dd0dcee76f9c12fff4bc0eb641d57c7f,2018-01-01,1,22.5,2.0,2.0,eletronicos,250.0,2018-01-01
dd0dcee76f9c12fff4bc0eb641d57c7f,2018-02-01,1,24.99,1.0,1.5,eletronicos,250.0,2018-02-01
dd12ee0c5287865a05d9a873944680bc,2018-04-01,1,251.51,,1.5,ferramentas_jardim,500.0,2018-04-01
dd1759836cc99a88be1a42bf6673abe0,2017-05-01,1,169.0,,1.0,perfumaria,415.0,2017-05-01
dd28e3f8ffd0e519d30839eb27ccfae3,2018-02-01,1,29.99,,,informatica_acessorios,239.0,2018-02-01
dd30ac2295f4efcd58173d3043f8216b,2017-10-01,1,49.3,,,cama_mesa_banho,3000.0,2017-10-01
dd330cda72d57600ab101aafafc9ab22,2017-12-01,1,109.0,,,papelaria,1600.0,2017-12-01
dd3e280f0e4930c7234596e43aa4c6f3,2017-10-01,1,120.0,,,papelaria,5850.0,2017-10-01
dd469c03ad67e201bc2179ef077dcd48,2017-06-01,1,736.0,,,relogios_presentes,400.0,2017-06-01
dd47440cb56de3ab674f9208ff0edc3e,2017-02-01,1,76.9,,,informatica_acessorios,2550.0,2017-02-01
dd60cac04e6bcbc919cb1c7dcc473211,2018-02-01,1,29.9,,,utilidades_domesticas,900.0,2018-02-01
dd61e943598eec72351633dd6a72d5dc,2017-04-01,1,79.99,,,perfumaria,350.0,2017-04-01
dd61e943598eec72351633dd6a72d5dc,2018-02-01,1,79.99,1.0,1.0,perfumaria,350.0,2018-02-01
dd68bcbc459a7f8b1e8d41efd8e076b3,2018-03-01,1,129.9,,1.0,papelaria,1825.0,2018-03-01
dd6a505f83dd3c6326aa9856519e0978,2017-11-01,1,49.9,,1.0,brinquedos,200.0,2017-11-01
dd9e631c9f1f8008b90fff5170d02c2a,2017-10-01,1,20.3,,,unknown,200.0,2017-10-01
dda373e611cb942842a1c248b163c3aa,2017-12-01,1,124.99,,,relogios_presentes,180.0,2017-12-01
ddbcffa21df7d85a96fc395a6d9ca334,2017-02-01,1,35.9,,,esporte_lazer,200.0,2017-02-01
ddc46156c31a0339508eecfab975f4f6,2017-05-01,1,8.99,,,consoles_games,500.0,2017-05-01
ddc81cd8c7351f13c000bd8294c3201b,2017-05-01,1,69.99,,,pet_shop,200.0,2017-05-01
ddc9cfae6aff4793d37c7224d3ee1648,2018-04-01,1,13.49,,,esporte_lazer,100.0,2018-04-01
ddceb6eef6af67e9fbbd4c148dbe5fd9,2018-03-01,1,215.0,,,cool_stuff,4650.0,2018-03-01
ddceb6eef6af67e9fbbd4c148dbe5fd9,2018-04-01,1,215.0,1.0,1.0,cool_stuff,4650.0,2018-04-01
ddee1b747d9681ef016a78e77937e950,2017-08-01,2,74.9,,1.0,utilidades_domesticas,1350.0,2017-08-01
ddfaa1c2e19f82a47043c5f5ee1376d1,2017-12-01,1,299.0,,1.0,utilidades_domesticas,5700.0,2017-12-01
de11bf385785a97ca03b274d98373c76,2017-04-01,1,126.2,,,ferramentas_jardim,2700.0,2017-04-01
de17feec1983829fec4bc58cadaa43f3,2018-02-01,2,69.9,,,utilidades_domesticas,1100.0,2018-02-01
de1dab31e5f3737cd024f5fe44743fa9,2017-07-01,1,127.48,,,esporte_lazer,442.0,2017-07-01
de29e502ba5174dcddbd4da728616533,2017-05-01,1,52.5,,,relogios_presentes,700.0,2017-05-01
de64d6bf725afcae6b5bb5f3304646f3,2017-10-01,1,54.89,,,esporte_lazer,700.0,2017-10-01
de75785dc5be712c4d4ed4ec5b422ce1,2017-11-01,1,599.0,,,relogios_presentes,550.0,2017-11-01
de845f191115e91fadc9624c144488c7,2017-09-01,1,279.0,,,informatica_acessorios,5875.0,2017-09-01
dea564fb3ed59db512cb4df9c491c1ef,2017-10-01,2,29.9,,,fashion_bolsas_e_acessorios,100.0,2017-10-01
dea837d4f3f30b541725d258c15e4ff1,2017-11-01,1,60.0,,,esporte_lazer,475.0,2017-11-01
dea837d4f3f30b541725d258c15e4ff1,2018-03-01,1,60.0,1.0,1.0,esporte_lazer,475.0,2018-03-01
dea9b88ceaceff342424e0a74ae36af7,2018-02-01,1,179.0,,1.0,cama_mesa_banho,3000.0,2018-02-01
ded0fc03d15300415b27c4b3342fefe1,2018-03-01,1,398.0,,1.0,artigos_de_festas,3100.0,2018-03-01
dee98cc0394b12aefccbad334b415c10,2017-08-01,1,55.0,,,relogios_presentes,300.0,2017-08-01
dee98cc0394b12aefccbad334b415c10,2017-10-01,1,55.0,1.0,1.0,relogios_presentes,300.0,2017-10-01
def080e33b38a4c756347d4665b40a7f,2018-03-01,1,299.0,,1.0,musica,1850.0,2018-03-01
def3587f2a221b89fc8f342e858b2176,2018-03-01,1,139.94,,1.0,moveis_decoracao,16617.0,2018-03-01
def59eb2e17b32b980b5341984f6b500,2017-09-01,1,22.9,,,pet_shop,300.0,2017-09-01
df0c26d7ddb998e2517658a55e46e48a,2018-02-01,2,1561.0,,,eletrodomesticos_2,14400.0,2018-02-01
df0c26d7ddb998e2517658a55e46e48a,2018-04-01,1,1561.0,2.0,2.0,eletrodomesticos_2,14400.0,2018-04-01
df1b3f289e06a4ca3682e61cf0a36876,2018-01-01,1,59.99,,2.0,moveis_decoracao,800.0,2018-01-01
df2a36e39b65ff56203117e93bcbe20a,2017-08-01,1,59.0,,2.0,esporte_lazer,600.0,2017-08-01
df306b9d83f3a792369ff3360475936a,2017-08-01,1,299.9,,,esporte_lazer,22800.0,2017-08-01
df3a82b424a1bb351c314547f6644066,2018-01-01,1,65.0,,,cool_stuff,200.0,2018-01-01
df64236f60ba2eb87cfd76fd7cc73198,2017-11-01,1,195.0,,,brinquedos,2300.0,2017-11-01
df6d00c24fc224b84e9ad17708d0f4d7,2018-02-01,1,43.0,,,cama_mesa_banho,650.0,2018-02-01
df969ce58d2f301f941a09bc75558cd4,2017-08-01,1,15.99,,,bebes,350.0,2017-08-01
dfb97c88e066dc22165f31648efe1312,2017-02-01,1,139.0,,,automotivo,5417.0,2017-02-01
dfb97c88e066dc22165f31648efe1312,2017-03-01,1,139.0,1.0,1.0,automotivo,5417.0,2017-03-01
dfc767a34d7f9f8ee72a3e9b5ed55f89,2017-03-01,1,24.9,,1.0,informatica_acessorios,400.0,2017-03-01
dfc9d9ea4c2fbabe7abb0066097d9905,2018-02-01,1,179.9,,1.0,cama_mesa_banho,3300.0,2018-02-01
dfd89d96029976badf7fe6a83f5f7ae2,2018-01-01,1,450.0,,,telefonia,1075.0,2018-01-01
dfe4fa70e1d98a42ab1342206e7adb8d,2017-12-01,1,28.9,,,fashion_bolsas_e_acessorios,100.0,2017-12-01
dfe4fa70e1d98a42ab1342206e7adb8d,2018-03-01,1,28.9,1.0,1.0,fashion_bolsas_e_acessorios,100.0,2018-03-01
dfec64aac9b864b2807a7be33222b75f,2018-04-01,1,84.9,,1.0,cama_mesa_banho,850.0,2018-04-01
e002889aa3b0026aa7dd040d8344a14b,2018-01-01,1,49.99,,1.0,esporte_lazer,650.0,2018-01-01
e01a5a164be7867f7684c14d2dc88865,2017-12-01,1,683.38,,,esporte_lazer,4073.0,2017-12-01
e03102efbc2229024c89be731f0aedcb,2017-12-01,1,39.9,,,papelaria,750.0,2017-12-01
e03102efbc2229024c89be731f0aedcb,2018-01-01,2,39.9,1.0,1.0,papelaria,750.0,2018-01-01
e03102efbc2229024c89be731f0aedcb,2018-03-01,1,34.9,2.0,1.5,papelaria,750.0,2018-03-01
e03102efbc2229024c89be731f0aedcb,2018-04-01,1,34.9,1.0,1.3333333333333333,papelaria,750.0,2018-04-01
e070a61270050c4b1b704300f331cca6,2017-10-01,1,60.0,,1.5,pet_shop,850.0,2017-10-01
e073574bfbfbdfbe59454d8474cad673,2017-12-01,1,79.0,,1.0,papelaria,5850.0,2017-12-01
e074a31cddeee80c21fc613445def7bc,2017-06-01,1,569.0,,,beleza_saude,933.0,2017-06-01
e07cf6c8c490ceac43740740459d87ff,2017-03-01,1,17.99,,,telefonia,150.0,2017-03-01
e0884eed28311e4365d93a89ac57eafb,2018-02-01,1,19.9,,,audio,250.0,2018-02-01
e090b9bd2ef7d60d3b0ee3399c79ee3d,2017-12-01,1,235.92,,,informatica_acessorios,1217.0,2017-12-01
e092a755ac13354974ebdaeddf39deb0,2018-03-01,2,49.9,,,esporte_lazer,375.0,2018-03-01
e0bd815514869624f892b0230926a2d7,2017-12-01,1,85.0,,,beleza_saude,675.0,2017-12-01
e0cf79767c5b016251fe139915c59a26,2017-11-01,1,29.9,,,beleza_saude,250.0,2017-11-01
e0cf79767c5b016251fe139915c59a26,2017-12-01,1,29.9,1.0,1.0,beleza_saude,250.0,2017-12-01
e0cf79767c5b016251fe139915c59a26,2018-02-01,3,29.899999999999995,1.0,1.0,beleza_saude,250.0,2018-02-01
e0cf79767c5b016251fe139915c59a26,2018-03-01,2,29.9,3.0,1.6666666666666667,beleza_saude,250.0,2018-03-01
e0cf79767c5b016251fe139915c59a26,2018-04-01,3,29.899999999999995,2.0,2.0,beleza_saude,250.0,2018-04-01
e0d64dcfaa3b6db5c54ca298ae101d05,2017-07-01,1,187.0,,2.5,relogios_presentes,4338.0,2017-07-01
e0d64dcfaa3b6db5c54ca298ae101d05,2017-09-01,1,158.0,1.0,1.5,relogios_presentes,4338.0,2017-09-01
e0d64dcfaa3b6db5c54ca298ae101d05,2017-11-01,3,170.0,1.0,1.0,relogios_presentes,4338.0,2017-11-01
e0d64dcfaa3b6db5c54ca298ae101d05,2018-02-01,1,165.0,3.0,1.6666666666666667,relogios_presentes,4338.0,2018-02-01
e0d64dcfaa3b6db5c54ca298ae101d05,2018-03-01,6,152.50833333333335,1.0,1.6666666666666667,relogios_presentes,4338.0,2018-03-01
e0de786bb293ef80a03a56de6d0929f9,2018-04-01,1,299.0,,2.0,moveis_decoracao,2800.0,2018-04-01
e0f33a3329af6716a0bb47fd7a664439,2017-03-01,2,49.8,,1.0,unknown,200.0,2017-03-01
e10c5041c0752194622a7a7016d8c9b5,2017-12-01,1,575.9,,,instrumentos_musicais,14200.0,2017-12-01
e10d888b873f7479560f0b2606bf2c02,2017-10-01,1,59.9,,,bebes,600.0,2017-10-01
e122fc0e32b49bd6dec4d37d5d90691d,2018-03-01,1,114.9,,,telefonia,350.0,2018-03-01
e1300b5f677ce8eba14ab147080d6a68,2017-02-01,1,64.99,,,moveis_decoracao,4300.0,2017-02-01
e135dad580bf1f80d9e2828e5e85e7a6,2017-09-01,1,83.48,,,beleza_saude,200.0,2017-09-01
e13f46cf68d356e0ac0f32058af20911,2017-11-01,1,24.9,,,fashion_bolsas_e_acessorios,150.0,2017-11-01
e16045eef2ff02ee2a6469e167958bb0,2017-10-01,2,67.99,,,utilidades_domesticas,900.0,2017-10-01
e1723cc3f4bc8a361b57f8c8b97959af,2018-01-01,1,18.9,,,eletronicos,200.0,2018-01-01
e17e3bca5027b6a1ecb3455d503f4517,2017-04-01,1,18.0,,,bebes,200.0,2017-04-01
e189bc4d676ede235d3380dd1cae2a31,2018-03-01,2,7.9,,,utilidades_domesticas,600.0,2018-03-01
e19ddcc85537b41f22116c8d5425ef46,2017-05-01,1,29.99,,,moveis_decoracao,700.0,2017-05-01
e1bf2f209fd2b08e1af3ed71732d9008,2018-04-01,2,169.3,,,pet_shop,127.0,2018-04-01
e1da6ab77f4859eb17950e5df1c0f815,2018-03-01,2,49.9,,,pet_shop,7050.0,2018-03-01
e1dc23d88d327fefb34f58df7d6be272,2017-06-01,1,89.9,,,utilidades_domesticas,425.0,2017-06-01
e1e932dfb67414e80b87ad97688cf2a3,2017-12-01,1,99.0,,,brinquedos,3850.0,2017-12-01
e1e932dfb67414e80b87ad97688cf2a3,2018-01-01,1,99.0,1.0,1.0,brinquedos,3850.0,2018-01-01
e1ed9c25b42fc1afbc7459cc821a9d44,2017-12-01,1,49.0,,1.0,construcao_ferramentas_construcao,7700.0,2017-12-01
e1ed9c25b42fc1afbc7459cc821a9d44,2018-02-01,1,49.0,1.0,1.0,construcao_ferramentas_construcao,7700.0,2018-02-01
e20be15ef3888b958c8a76a2f0edfc25,2017-06-01,1,34.99,,1.0,unknown,400.0,2017-06-01
e24f73b7631ee3fbb2ab700a9acaa258,2016-10-01,1,135.0,,1.0,fashion_bolsas_e_acessorios,2250.0,2016-10-01
e251ebd2858be1aa7d9b2087a6992580,2017-04-01,3,130.0,,,ferramentas_jardim,8875.0,2017-04-01
e251ebd2858be1aa7d9b2087a6992580,2017-06-01,3,112.0,3.0,3.0,ferramentas_jardim,8875.0,2017-06-01
e27c4dd075a521097a085bced0631ce7,2017-08-01,1,115.97,,3.0,moveis_sala,9750.0,2017-08-01
e28fdc5f658be194523b68dfbeb186cb,2017-03-01,1,50.0,,3.0,beleza_saude,300.0,2017-03-01
e2a5fbcec3cf55f09968fb1ecbe16638,2018-01-01,1,179.9,,,perfumaria,500.0,2018-01-01
e2b02dadb01104e3f9f588311b3f2612,2018-03-01,1,86.5,,,informatica_acessorios,188.0,2018-03-01
e2bb00220a167d9e60b6776ac33717bc,2018-01-01,1,56.0,,,relogios_presentes,300.0,2018-01-01
e2c3ed9aaddfd2312a6a5fe9b3ddadd3,2017-11-01,1,99.99,,,brinquedos,675.0,2017-11-01
e2c5dc4fd3098fcb1fd6cccbff7b0b04,2018-03-01,1,100.0,,,informatica_acessorios,167.0,2018-03-01
e2c843e2762213223f21e0206e3b9d9d,2018-03-01,1,63.99,,,pet_shop,8450.0,2018-03-01
e2e426d1332240070b0a836a854d057b,2017-06-01,1,34.9,,,cama_mesa_banho,1100.0,2017-06-01
e2e426d1332240070b0a836a854d057b,2017-07-01,1,34.9,1.0,1.0,cama_mesa_banho,1100.0,2017-07-01
e2e426d1332240070b0a836a854d057b,2017-11-01,1,40.0,1.0,1.0,cama_mesa_banho,1100.0,2017-11-01
e304baa7e35c6643dc6a3d39bcebe78f,2017-09-01,1,16.9,,1.0,utilidades_domesticas,300.0,2017-09-01
e3144d54af34133a585de8b475dfc57b,2017-09-01,1,53.99,,1.0,informatica_acessorios,325.0,2017-09-01
e3323b0d3f79bdf85b58561d2218bc12,2018-03-01,1,88.0,,,informatica_acessorios,167.0,2018-03-01
e3425df9bd51be69917273c9dd92ed5e,2017-06-01,1,66.89,,,relogios_presentes,733.0,2017-06-01
e355d989e7c7101b4e80a8e9052985fd,2017-09-01,1,72.9,,,malas_acessorios,650.0,2017-09-01
e3a23a99f074226ad690393a840c3244,2018-03-01,1,50.0,,,fashion_bolsas_e_acessorios,100.0,2018-03-01
e3a86e57c0aff086a429f8cbb7f7f7cc,2017-08-01,3,57.0,,,informatica_acessorios,4540.0,2017-08-01
e3af4b7c220aca1535b34416de24dfb7,2018-03-01,1,45.99,,,brinquedos,250.0,2018-03-01
e3d080fd5b3ce383ec62cf67d4cb8238,2018-03-01,2,190.23,,,beleza_saude,150.0,2018-03-01
e3d56b75987accb32f776ba6c710913e,2017-11-01,1,65.0,,,moveis_decoracao,1050.0,2017-11-01
e3dd336775af78a83fc27ed85f0f15da,2017-11-01,1,395.65,,,beleza_saude,300.0,2017-11-01
e3e3c2fbbc1c7c16edf72ab9f70127d3,2018-01-01,1,119.0,,,moveis_decoracao,1400.0,2018-01-01
e3e8e08714c40e0101bd225f06bf4fef,2017-04-01,1,23.9,,,utilidades_domesticas,600.0,2017-04-01
e40fa115d27ea4a80bf2136d5f0cfcd7,2018-01-01,1,155.0,,,eletrodomesticos,350.0,2018-01-01
e41a6ac2f57a273eb0d214c7cbab5db9,2016-10-01,1,129.97,,,moveis_escritorio,8975.0,2016-10-01
e43443a05db61acfccaca5876b804ba7,2017-10-01,1,29.9,,,unknown,500.0,2017-10-01
e435ceb7ced9b8446defd858630454ed,2018-01-01,1,29.99,,,beleza_saude,440.0,2018-01-01
e44f675b60b3a3a2453ec36421e06f0f,2018-02-01,1,107.0,,,esporte_lazer,350.0,2018-02-01
e4643202d9053d132303d7927dc71f8e,2018-04-01,1,140.2,,,pet_shop,2200.0,2018-04-01
e493b6001e292d2cdb2c6172bac9d0a4,2017-05-01,1,49.99,,,moveis_decoracao,1300.0,2017-05-01
e49a57a6afd465b7d3cd109daf09ca98,2017-08-01,2,69.0,,,unknown,220.0,2017-08-01
e4ad97ce352e46bebac92018f6ed976d,2017-12-01,1,79.0,,,papelaria,7750.0,2017-12-01
e4c9d4670d5132aeded7f187fe4de0cc,2017-05-01,1,178.5,,,perfumaria,450.0,2017-05-01
e4ca5b20cfe1a020e15e36fe14e880ee,2018-03-01,1,19.9,,,eletronicos,125.0,2018-03-01
e4d325bd1eea550509bdbbc5c3301fc1,2018-03-01,1,349.9,,,perfumaria,525.0,2018-03-01
e4d34d3dbd367b0021e5d65105870180,2018-03-01,1,85.5,,,ferramentas_jardim,1372.0,2018-03-01
e4d66ba222533f24e4d74a5d4c4846d3,2018-03-01,1,6.04,,,utilidades_domesticas,550.0,2018-03-01
e502a4cfd9526d141774f8f7b3d2f782,2017-11-01,1,43.9,,,informatica_acessorios,100.0,2017-11-01
e5063ce7fff1cf7cd528dc4c1e7dcba8,2017-04-01,1,35.9,,,esporte_lazer,600.0,2017-04-01
e5094db34f0aa5153f620cf2f1b22dad,2017-07-01,1,48.9,,,papelaria,900.0,2017-07-01
e5130ccb07bdb4424ec93754a54c917f,2017-10-01,1,184.95,,,beleza_saude,1000.0,2017-10-01
e5196a46c6c0e0874d6e41ed149dcf20,2017-06-01,1,15.9,,,cama_mesa_banho,250.0,2017-06-01
e52fa0c1b61bfc1db27ed2beec83f801,2017-12-01,1,279.99,,,moveis_escritorio,16000.0,2017-12-01
e53e557d5a159f5aa2c5e995dfdf244b,2017-12-01,1,109.9,,,informatica_acessorios,180.0,2017-12-01
e53e557d5a159f5aa2c5e995dfdf244b,2018-01-01,5,102.69000000000001,1.0,1.0,informatica_acessorios,180.0,2018-01-01
e53e557d5a159f5aa2c5e995dfdf244b,2018-02-01,5,80.36,5.0,3.0,informatica_acessorios,180.0,2018-02-01
e53e557d5a159f5aa2c5e995dfdf244b,2018-03-01,2,76.25,5.0,3.6666666666666665,informatica_acessorios,180.0,2018-03-01
e54464e95c9fb80e4edefa0ba49133c1,2017-03-01,1,54.9,,5.0,brinquedos,800.0,2017-03-01
e56d3d5361cb47c1947155ab5ffeb400,2018-04-01,1,29.9,,5.0,brinquedos,250.0,2018-04-01
e572ef4db3ee1a8e900245a31184783a,2017-12-01,2,7.0,,,cool_stuff,1500.0,2017-12-01
e5841e5f87a255ec40d170b4177d03ce,2017-11-01,1,699.99,,,relogios_presentes,3711.0,2017-11-01
e59dd207c69d86e890febadc796d1078,2017-10-01,1,174.0,,,cool_stuff,125.0,2017-10-01
e5ae72c62ebfa708624f5029d609b160,2017-06-01,1,61.9,,,informatica_acessorios,156.0,2017-06-01
e5ae72c62ebfa708624f5029d609b160,2017-10-01,1,61.9,1.0,1.0,informatica_acessorios,156.0,2017-10-01
e5ae72c62ebfa708624f5029d609b160,2018-01-01,1,61.9,1.0,1.0,informatica_acessorios,156.0,2018-01-01
e5bd04e8e3cb77f1a49404d588d3e528,2018-01-01,1,31.9,,1.0,cama_mesa_banho,600.0,2018-01-01
e5bd04e8e3cb77f1a49404d588d3e528,2018-03-01,1,31.9,1.0,1.0,cama_mesa_banho,600.0,2018-03-01
e5cfe28c9837136280f5f3e5e260e858,2018-03-01,1,449.99,,1.0,papelaria,18150.0,2018-03-01
e5d6523f4cd63e1347ca8407deda4ba3,2017-07-01,1,49.0,,1.0,moveis_decoracao,400.0,2017-07-01
e5e4c79bce72fc7476860916c1a9dd18,2018-02-01,1,449.0,,,informatica_acessorios,3750.0,2018-02-01
e5f3a09149ee7db697907f61e7366267,2017-12-01,1,34.0,,,livros_interesse_geral,300.0,2017-12-01
e5f3a09149ee7db697907f61e7366267,2018-01-01,1,34.0,1.0,1.0,livros_interesse_geral,300.0,2018-01-01
e5f4167c170ccd8777cbf51841b6f7f3,2017-05-01,1,67.9,,1.0,moveis_decoracao,550.0,2017-05-01
e5fe79a5ccd19d20b3b095bf73cf9b5d,2017-10-01,1,369.9,,1.0,perfumaria,258.0,2017-10-01
e5fe79a5ccd19d20b3b095bf73cf9b5d,2017-11-01,1,369.9,1.0,1.0,perfumaria,258.0,2017-11-01
e60e632d39df1e129df5b7f0245716f7,2017-12-01,1,75.0,,1.0,cool_stuff,1950.0,2017-12-01
e61bf3c66ce1e3491166b89fd29baf58,2017-11-01,1,253.52,,1.0,cama_mesa_banho,19200.0,2017-11-01
e61c78a7343d82c0539d27df0f7dfc31,2018-01-01,1,199.9,,,cama_mesa_banho,2700.0,2018-01-01
e6407038bf83e03733094f3d6e3f92f6,2017-08-01,1,199.9,,,esporte_lazer,9950.0,2017-08-01
e6407038bf83e03733094f3d6e3f92f6,2018-03-01,1,199.9,1.0,1.0,esporte_lazer,9950.0,2018-03-01
e672fbe634ad07cce9d85f412becb2c0,2017-05-01,1,129.99,,1.0,cool_stuff,1400.0,2017-05-01
e672fbe634ad07cce9d85f412becb2c0,2017-07-01,1,129.99,1.0,1.0,cool_stuff,1400.0,2017-07-01
e67307ff0f15ade43fcb6e670be7a74c,2017-09-01,1,18.17,,1.0,beleza_saude,150.0,2017-09-01
e6746d9281278108ca3319c4f0e6d05e,2018-03-01,1,130.5,,1.0,perfumaria,463.0,2018-03-01
e68a5a5626c4b1bfc5ca78202f898300,2017-09-01,1,199.99,,,cool_stuff,2100.0,2017-09-01
e6a5c36890bb6b3ed8a1dd32a9930b77,2017-12-01,1,469.0,,,eletronicos,18700.0,2017-12-01
e6b314a2236c162ede1a879f1075430f,2018-03-01,1,18.6,,,informatica_acessorios,167.0,2018-03-01
e6d3e381889aa6e9d222ad50cb30ac43,2018-01-01,1,219.0,,,relogios_presentes,480.0,2018-01-01
e6d3e381889aa6e9d222ad50cb30ac43,2018-02-01,1,219.0,1.0,1.0,relogios_presentes,480.0,2018-02-01
e6fd80a00ebb1a3e0d58a38555fbbf2c,2018-02-01,1,22.99,,1.0,informatica_acessorios,500.0,2018-02-01
e71404b6fc3b275b7274ce772794a914,2018-02-01,1,39.0,,1.0,esporte_lazer,167.0,2018-02-01
e7597059b9e4eca21a96eed55693b31b,2017-05-01,1,229.0,,,casa_conforto,1050.0,2017-05-01
e764a0e054d222ca26ec572007ef1951,2018-02-01,1,59.98,,,automotivo,2000.0,2018-02-01
e78506414d2563b6414cfd84b7fa0802,2017-08-01,1,179.0,,,perfumaria,460.0,2017-08-01
e791e580a2421e4471aebb0629c705c1,2018-02-01,1,13.99,,,informatica_acessorios,200.0,2018-02-01
e799a2b8707a6a256fa3c040b75d2713,2018-02-01,1,129.0,,,moveis_decoracao,3000.0,2018-02-01
e7a1555b071186b8184e2fe0e647181a,2017-03-01,1,19.9,,,utilidades_domesticas,600.0,2017-03-01
e7bbc0d43d1f5cb09bab95b664236633,2018-01-01,1,49.0,,,informatica_acessorios,833.0,2018-01-01
e7d26dd6742baca292020c158e6720c3,2017-01-01,1,54.9,,,malas_acessorios,450.0,2017-01-01
e7db7c40ea6647c808d48581f1308d88,2017-05-01,1,109.9,,,bebes,9400.0,2017-05-01
e7db7c40ea6647c808d48581f1308d88,2017-08-01,1,109.9,1.0,1.0,bebes,9400.0,2017-08-01
e7db7c40ea6647c808d48581f1308d88,2017-10-01,1,109.9,1.0,1.0,bebes,9400.0,2017-10-01
e7e03e8b1be7be77130e8f6e719fae5f,2017-06-01,1,8.99,,1.0,consoles_games,500.0,2017-06-01
e806247d6aa5e86da4bbbd4a933e0b36,2018-03-01,1,78.0,,1.0,industria_comercio_e_negocios,11950.0,2018-03-01
e80a0c4b0bb3f2f171f0fe8360513d90,2017-07-01,1,29.99,,,fashion_roupa_masculina,225.0,2017-07-01
e825296f31d087227f5fe6487557aaf7,2018-04-01,1,1190.0,,,eletrodomesticos,17950.0,2018-04-01
e8316a4667e5870c85e906b1f062bde1,2017-02-01,1,89.99,,,moveis_escritorio,9200.0,2017-02-01
e83e378e0d9201ebc31bbf3ceb57f9fe,2018-04-01,1,19.0,,,automotivo,50.0,2018-04-01
e83e5f5ff7ef69f7a09c848795df56a7,2018-01-01,1,233.35,,,cama_mesa_banho,2000.0,2018-01-01
e84997d75938765ef99930f908ceedf4,2018-01-01,1,127.0,,,papelaria,1900.0,2018-01-01
e85d91619b497e98754390b6198a9818,2018-03-01,1,134.9,,,bebes,700.0,2018-03-01
e878662b68e175a58b5951e44574d5c8,2017-12-01,1,144.0,,,unknown,2000.0,2017-12-01
e87b2200e1df21f624eea3e9bd087dc0,2017-05-01,1,89.9,,,brinquedos,350.0,2017-05-01
e899d44e1fbd1131a4c94b9f7bb1ff2a,2017-09-01,1,99.98,,,brinquedos,700.0,2017-09-01
e8ac111f2d0b0e9a43d2980d387d0e7c,2018-01-01,1,196.9,,,beleza_saude,3100.0,2018-01-01
e8b54d5aeae0ec3077cd89301a9c6023,2017-08-01,2,22.5,,,esporte_lazer,5150.0,2017-08-01
e8c96af1d3fb65e0f0e8a0c8a707b0a1,2018-02-01,1,90.0,,,bebes,250.0,2018-02-01
e8ca14b6c60a3194f2353bbfe0287bbe,2017-04-01,1,11.99,,,cool_stuff,300.0,2017-04-01
e8ca1ff2d0a28edb5be8bfbf2964dc3a,2017-10-01,1,49.0,,,esporte_lazer,450.0,2017-10-01
e8f492468d1d405a95e157c7530ae6bf,2018-04-01,2,18.75,,,moveis_decoracao,850.0,2018-04-01
e931f0b36e64979ba569e7efd36b1736,2017-09-01,1,166.0,,,cama_mesa_banho,11500.0,2017-09-01
e948cf75e6b64307f7f76a49eaa9fc2f,2018-04-01,1,118.74,,,unknown,2300.0,2018-04-01
e952feb7c657aae141c56f208088d511,2018-02-01,1,109.0,,,unknown,600.0,2018-02-01
e956b38fdf54d43c60061a1ab1254b24,2017-11-01,1,59.9,,,brinquedos,265.0,2017-11-01
e95fb3a80ca294f39de925b6428f3a32,2017-10-01,2,78.9,,,cama_mesa_banho,1300.0,2017-10-01
e9a69340883a438c3f91739d14d3a56d,2017-03-01,3,169.9,,,utilidades_domesticas,3000.0,2017-03-01
e9b2560544c293e02f2b966041e10f24,2017-05-01,1,155.0,,,esporte_lazer,1143.0,2017-05-01
e9b3c6df62081d3ccad97e6ea5651667,2017-08-01,1,249.0,,,eletronicos,11500.0,2017-08-01
e9b3cf27d68caa64832c4a7c460abcb9,2017-04-01,1,143.0,,,market_place,1200.0,2017-04-01
e9c49fc758728b084498862fcabf3c5e,2017-11-01,1,349.9,,,brinquedos,19600.0,2017-11-01
e9cb5c8cc2d24f0967c0725cb73c2536,2017-11-01,1,43.0,,,utilidades_domesticas,1300.0,2017-11-01
e9cd877ece530798c06b7f8d31b631e3,2018-02-01,1,45.0,,,automotivo,367.0,2018-02-01
e9def91e99c8ecb7c5cef5e31506a056,2017-12-01,2,69.99,,,brinquedos,500.0,2017-12-01
e9def91e99c8ecb7c5cef5e31506a056,2018-01-01,1,89.99,2.0,2.0,brinquedos,500.0,2018-01-01
ea0eb807554abd8349bc5a9f20df8043,2017-11-01,2,68.9,,2.0,beleza_saude,608.0,2017-11-01
ea44caac707f7f1325182a538007f838,2017-08-01,3,50.0,,2.0,bebes,6600.0,2017-08-01
ea44caac707f7f1325182a538007f838,2017-12-01,1,52.0,3.0,3.0,bebes,6600.0,2017-12-01
ea44caac707f7f1325182a538007f838,2018-01-01,1,52.0,1.0,2.0,bebes,6600.0,2018-01-01
ea4c8ff9e3eed211078ef05358887149,2017-11-01,1,64.99,,2.0,esporte_lazer,1300.0,2017-11-01
ea52b0eb372ab5874186bd7da72c2db4,2017-12-01,1,296.0,,1.0,casa_construcao,12750.0,2017-12-01
ea5e798481ff9bb1edc6823d98d83634,2017-10-01,2,47.99,,,cama_mesa_banho,650.0,2017-10-01
ea70c7ac7beedf6663e1ddbde272384a,2017-11-01,1,56.85,,,pet_shop,550.0,2017-11-01
eaa57ef2c6f400e0ca6fabc628ea1cf0,2017-09-01,1,15.9,,,telefonia,150.0,2017-09-01
eab2445325c49cfae34289f4a56342e3,2017-12-01,1,49.99,,,papelaria,800.0,2017-12-01
eab2f90face23112d9bf1d4d3e641696,2018-03-01,3,95.0,,,cama_mesa_banho,4250.0,2018-03-01
eabe034f4937c45aac341f1dc8fe1454,2018-03-01,4,65.0,,,construcao_ferramentas_construcao,200.0,2018-03-01
eac57d7040ec6879d14da7d9eb35e954,2017-11-01,1,34.9,,,moveis_decoracao,255.0,2017-11-01
ead72457c58dcea14f94c2223c684716,2017-09-01,1,139.9,,,esporte_lazer,50.0,2017-09-01
eadb1b7e01cc1cffae6481602d1ce7dc,2017-07-01,1,114.33,,,malas_acessorios,283.0,2017-07-01
eb40735d540d6ccdfb0b74782ba065dc,2017-11-01,1,789.99,,,relogios_presentes,700.0,2017-11-01
eb53f94fdc60278efcef123bb275658a,2017-10-01,1,329.9,,,cama_mesa_banho,3400.0,2017-10-01
eb7172d8a3c64298d2d767f6603c231e,2017-01-01,1,44.95,,,brinquedos,250.0,2017-01-01
eb7172d8a3c64298d2d767f6603c231e,2017-10-01,1,44.95,1.0,1.0,brinquedos,250.0,2017-10-01
eb7172d8a3c64298d2d767f6603c231e,2017-12-01,1,48.99,1.0,1.0,brinquedos,250.0,2017-12-01
eb719445ec882a7b60518fd8b55c1b0f,2017-09-01,1,34.9,,1.0,informatica_acessorios,500.0,2017-09-01
eb8c629f70275fd1c4f809116cce1efc,2017-10-01,1,38.4,,1.0,moveis_decoracao,1400.0,2017-10-01
eba7488e1c67729f045ab43fac426f2e,2017-03-01,2,198.45,,,perfumaria,610.0,2017-03-01
ebb7ccdb2a728a4188759bfa3cbd1fc0,2017-06-01,1,99.99,,,utilidades_domesticas,1300.0,2017-06-01
ebda4fd2306def53d2ed7d2d011f632e,2018-01-01,1,20.3,,,fashion_bolsas_e_acessorios,200.0,2018-01-01
ebee6703e867082f455a058a8bd04092,2017-07-01,1,39.0,,,consoles_games,200.0,2017-07-01
ebee6703e867082f455a058a8bd04092,2017-09-01,1,29.9,1.0,1.0,consoles_games,200.0,2017-09-01
ebf969336461d98e41d31673d8af75ba,2017-06-01,1,40.0,,1.0,cama_mesa_banho,900.0,2017-06-01
ebf9bc6cd600eadd681384e3116fda85,2017-08-01,2,12.99,,1.0,cama_mesa_banho,1300.0,2017-08-01
ec19f9bc37a920964abe324dfb169c68,2017-10-01,1,19.9,,,telefonia,50.0,2017-10-01
ec246911ea63f94a11fc8d78c270153f,2018-02-01,1,16.9,,,instrumentos_musicais,600.0,2018-02-01
ec268f069320a08af47861967e4d7bee,2017-07-01,1,114.9,,,esporte_lazer,1207.0,2017-07-01
ec2d43cc59763ec91694573b31f1c29a,2017-10-01,3,45.9,,,cama_mesa_banho,800.0,2017-10-01
ec2d43cc59763ec91694573b31f1c29a,2017-11-01,2,45.9,3.0,3.0,cama_mesa_banho,800.0,2017-11-01
ec2d43cc59763ec91694573b31f1c29a,2017-12-01,2,45.9,2.0,2.5,cama_mesa_banho,800.0,2017-12-01
ec2d43cc59763ec91694573b31f1c29a,2018-01-01,1,45.9,2.0,2.3333333333333335,cama_mesa_banho,800.0,2018-01-01
ec2d43cc59763ec91694573b31f1c29a,2018-02-01,2,45.9,1.0,1.6666666666666667,cama_mesa_banho,800.0,2018-02-01
ec2d43cc59763ec91694573b31f1c29a,2018-04-01,1,47.9,2.0,1.6666666666666667,cama_mesa_banho,800.0,2018-04-01
ec322025096f33818acee169e97d5b97,2018-03-01,1,315.99,,1.5,beleza_saude,250.0,2018-03-01
ec43500eb99241b5278775e78a38dcea,2018-02-01,1,129.9,,2.0,pet_shop,18150.0,2018-02-01
ec56bda3963299a95bf284b63581716f,2017-12-01,1,65.9,,,informatica_acessorios,375.0,2017-12-01
ec5b3c8bb77ad22278f6e9d719a83de3,2017-01-01,1,12.9,,,casa_conforto_2,700.0,2017-01-01
ec5b3c8bb77ad22278f6e9d719a83de3,2017-04-01,1,12.9,1.0,1.0,casa_conforto_2,700.0,2017-04-01
ec5b3c8bb77ad22278f6e9d719a83de3,2017-08-01,2,12.9,1.0,1.0,casa_conforto_2,700.0,2017-08-01
ec5b3c8bb77ad22278f6e9d719a83de3,2017-11-01,1,12.9,2.0,1.3333333333333333,casa_conforto_2,700.0,2017-11-01
ec5b5cce0b8464a1c618325f35c779dc,2018-01-01,1,119.0,,1.5,moveis_decoracao,1300.0,2018-01-01
ec9f5b47ece31337beca3adf477757a6,2017-11-01,1,20.0,,2.0,esporte_lazer,200.0,2017-11-01
ecaae002060173ec59f5b168cbd55d70,2017-12-01,1,32.9,,,automotivo,825.0,2017-12-01
ecac1d187a5eb579329eb27d3e4d636f,2018-02-01,1,257.87,,,beleza_saude,365.0,2018-02-01
ecb6e29c8e01d5fbc73da1d0f12c088e,2017-06-01,1,97.9,,,beleza_saude,2150.0,2017-06-01
ecbe401f10ecd3b822d940d63cc3311e,2017-11-01,1,79.0,,,eletronicos,700.0,2017-11-01
ecf23a6c1689e2bed38171ececac6138,2016-10-01,3,109.90000000000002,,,utilidades_domesticas,1700.0,2016-10-01
ed00a8453145186b3f071f1e3edef33d,2017-09-01,1,38.9,,,construcao_ferramentas_construcao,225.0,2017-09-01
ed2067a9c1f79553088a3c67b99a9f97,2017-10-01,1,56.97,,,alimentos,750.0,2017-10-01
ed2067a9c1f79553088a3c67b99a9f97,2017-11-01,1,56.97,1.0,1.0,alimentos,750.0,2017-11-01
ed2067a9c1f79553088a3c67b99a9f97,2017-12-01,3,56.97,1.0,1.0,alimentos,750.0,2017-12-01
ed2067a9c1f79553088a3c67b99a9f97,2018-02-01,1,56.97,3.0,1.6666666666666667,alimentos,750.0,2018-02-01
ed38e11473775cde0d65f698aa0a4d27,2017-12-01,2,99.0,,2.0,papelaria,1600.0,2017-12-01
ed5122a6a757a4fea8f32a6fb95a5135,2017-11-01,1,110.0,,3.0,cama_mesa_banho,1938.0,2017-11-01
ed5f0d58e27cf65a07283c251747936f,2017-06-01,1,54.9,,,consoles_games,350.0,2017-06-01
ed5f0d58e27cf65a07283c251747936f,2017-10-01,1,59.9,1.0,1.0,consoles_games,350.0,2017-10-01
ed6aa9dd6a70f0af477c150b0f5f47f2,2018-03-01,1,435.19,,1.0,construcao_ferramentas_seguranca,200.0,2018-03-01
ed77034b92386a1a8cfd3c648d715dde,2017-12-01,1,18.0,,1.0,telefonia,317.0,2017-12-01
ed836edc15625c202f6ba85dbbe95c3a,2018-01-01,2,29.0,,,relogios_presentes,200.0,2018-01-01
ed9b924bdbd0fd22c60aba6dddfbb6e5,2017-09-01,1,79.0,,,audio,675.0,2017-09-01
ede062bcd13ef64b5cc87369e4edaf62,2018-01-01,1,29.9,,,beleza_saude,250.0,2018-01-01
ede062bcd13ef64b5cc87369e4edaf62,2018-02-01,1,29.9,1.0,1.0,beleza_saude,250.0,2018-02-01
edf219cab1d0e435e3e499287dca9a03,2017-03-01,1,45.0,,1.0,pet_shop,200.0,2017-03-01
ee0c1cf2fbeae95205b4aa506f1469f0,2017-11-01,1,53.99,,1.0,perfumaria,200.0,2017-11-01
ee0c1cf2fbeae95205b4aa506f1469f0,2017-12-01,1,53.99,1.0,1.0,perfumaria,200.0,2017-12-01
ee0c1cf2fbeae95205b4aa506f1469f0,2018-01-01,1,53.99,1.0,1.0,perfumaria,200.0,2018-01-01
ee0c1cf2fbeae95205b4aa506f1469f0,2018-02-01,4,53.99,1.0,1.0,perfumaria,200.0,2018-02-01
ee0c1cf2fbeae95205b4aa506f1469f0,2018-03-01,1,53.99,4.0,2.0,perfumaria,200.0,2018-03-01
ee3cfb33869693f2a7e8417c795d8cfc,2017-09-01,1,34.9,,2.5,perfumaria,350.0,2017-09-01
ee3e94e918d05a5da04a4cb547e91dcc,2017-10-01,1,131.59,,4.0,informatica_acessorios,548.0,2017-10-01
ee406bf28024d97771c4b1e8b7e8e219,2017-08-01,1,149.99,,,cool_stuff,1050.0,2017-08-01
ee406bf28024d97771c4b1e8b7e8e219,2017-10-01,1,149.99,1.0,1.0,cool_stuff,1050.0,2017-10-01
ee406bf28024d97771c4b1e8b7e8e219,2017-11-01,1,144.99,1.0,1.0,cool_stuff,1050.0,2017-11-01
ee406bf28024d97771c4b1e8b7e8e219,2018-01-01,2,144.99,1.0,1.0,cool_stuff,1050.0,2018-01-01
ee406bf28024d97771c4b1e8b7e8e219,2018-02-01,3,144.99,2.0,1.3333333333333333,cool_stuff,1050.0,2018-02-01
ee406bf28024d97771c4b1e8b7e8e219,2018-03-01,4,141.74,3.0,2.0,cool_stuff,1050.0,2018-03-01
ee57070aa3b24a06fdd0e02efd2d757d,2018-01-01,1,74.89,,2.5,informatica_acessorios,107.0,2018-01-01
ee57070aa3b24a06fdd0e02efd2d757d,2018-02-01,2,74.9,1.0,2.0,informatica_acessorios,107.0,2018-02-01
ee57070aa3b24a06fdd0e02efd2d757d,2018-03-01,1,74.9,2.0,1.5,informatica_acessorios,107.0,2018-03-01
ee6c49af1a2de55aa0e076257ab4ab99,2018-02-01,4,144.41,,1.5,informatica_acessorios,140.0,2018-02-01
ee6c49af1a2de55aa0e076257ab4ab99,2018-03-01,1,169.9,4.0,3.0,informatica_acessorios,140.0,2018-03-01
ee72ae8f6d0b11d7f04230fc894d7e39,2017-11-01,1,33.6,,4.0,construcao_ferramentas_jardim,1700.0,2017-11-01
ee75970e2871fe4204cf7bcdda61d08a,2017-11-01,1,95.0,,4.0,informatica_acessorios,1400.0,2017-11-01
ee75970e2871fe4204cf7bcdda61d08a,2018-01-01,1,95.0,1.0,1.0,informatica_acessorios,1400.0,2018-01-01
ee7de8d5e813bc4c5f9f1c38ba41e7e5,2017-06-01,1,24.9,,1.0,moveis_decoracao,350.0,2017-06-01
ee92961b88199a0d4329a6beca8f63da,2017-03-01,2,39.9,,1.0,esporte_lazer,450.0,2017-03-01
eea1d0033f3735c72d0501fdc2be0437,2017-07-01,1,279.99,,,moveis_escritorio,22900.0,2017-07-01
eea1d0033f3735c72d0501fdc2be0437,2017-12-01,1,269.99,1.0,1.0,moveis_escritorio,22900.0,2017-12-01
eebbed5ed3b134eceb717496c47652ba,2017-08-01,1,99.99,,1.0,cama_mesa_banho,1750.0,2017-08-01
eedc20781b2e095ce09617ffc959e188,2017-08-01,1,259.9,,1.0,cama_mesa_banho,3600.0,2017-08-01
eedc20781b2e095ce09617ffc959e188,2018-01-01,1,259.9,1.0,1.0,cama_mesa_banho,3600.0,2018-01-01
eeeb2241b2cde4b94bc73dbc8e5c7586,2017-02-01,1,39.99,,1.0,esporte_lazer,500.0,2017-02-01
ef0e165d773ec293c5aeb5470a08b183,2017-07-01,1,134.99,,1.0,cool_stuff,2250.0,2017-07-01
ef0e165d773ec293c5aeb5470a08b183,2018-01-01,1,169.99,1.0,1.0,cool_stuff,2250.0,2018-01-01
ef1c671d636510846d72e7aa3af1e0a5,2018-02-01,1,23.99,,1.0,telefonia,300.0,2018-02-01
ef22b718807d8b96162d9b021912f178,2017-11-01,1,24.9,,1.0,fashion_roupa_masculina,300.0,2017-11-01
ef2eed3e42cdbeedcd515745b23d7ccf,2017-10-01,1,63.0,,,esporte_lazer,1800.0,2017-10-01
ef61e93a7d0d8843a965440649bc0711,2018-04-01,1,45.9,,,artes,1700.0,2018-04-01
ef79ec374ba852bbced7662285946619,2017-02-01,1,199.0,,,relogios_presentes,350.0,2017-02-01
ef8856db4e302ad33dc4d91e40f7593c,2017-04-01,1,119.99,,,esporte_lazer,1350.0,2017-04-01
ef8856db4e302ad33dc4d91e40f7593c,2017-10-01,3,95.43333333333334,1.0,1.0,esporte_lazer,1350.0,2017-10-01
ef9ac8a095abb122d1f1314abc153e2c,2017-03-01,1,349.99,,1.0,bebes,900.0,2017-03-01
efaadc79a826a716708034fba428f44e,2017-04-01,1,136.9,,1.0,brinquedos,2975.0,2017-04-01
efafd20c0dfb7a4c591ec374a6befdcd,2018-04-01,1,68.9,,,cama_mesa_banho,950.0,2018-04-01
efcef300fe9b2c558a8ea258127f6e6f,2018-04-01,1,59.99,,,pet_shop,7300.0,2018-04-01
efdc6e0a04b68a8c329d485ab2bde52e,2017-12-01,1,34.9,,,cool_stuff,400.0,2017-12-01
efdf96511632c6f9747717c41611f09d,2018-02-01,1,104.9,,,esporte_lazer,1201.0,2018-02-01
efe7792157864135b3a535fcfc5448f1,2017-08-01,1,114.9,,,bebes,7300.0,2017-08-01
eff33b4f1723920cf70e2d493a7a5e49,2018-02-01,1,269.45,,,beleza_saude,2638.0,2018-02-01
effa78286556d5e79cda2b4aba96a534,2017-08-01,1,27.9,,,brinquedos,700.0,2017-08-01
f00b39a2c66d045f07fdfe7d8ddc4ed9,2017-11-01,1,156.25,,,eletrodomesticos,200.0,2017-11-01
f0228b7d0afd1deb81112d8e39023bdf,2018-04-01,1,99.9,,,esporte_lazer,1050.0,2018-04-01
f0290bc56bf94b187683c02b638c181f,2018-03-01,1,90.0,,,cama_mesa_banho,1650.0,2018-03-01
f03859e4cc21018569f5ae7a03897ff4,2017-07-01,1,35.0,,,consoles_games,150.0,2017-07-01
f0424e66b65e73c95273f64fa036f3f5,2017-12-01,1,179.9,,,utilidades_domesticas,8600.0,2017-12-01
f05901e010ebaa3924276751a35e6004,2017-08-01,1,59.9,,,moveis_decoracao,500.0,2017-08-01
f07dfd51b27ae763526ca43745920b7d,2017-08-01,1,14.9,,,cama_mesa_banho,175.0,2017-08-01
f07ef9dd6e2d9a366ff30a25e210be70,2017-02-01,1,128.99,,,telefonia_fixa,900.0,2017-02-01
f081174cf4cde1e4f75cd45b4518bbe6,2017-06-01,1,139.9,,,relogios_presentes,191.0,2017-06-01
f081174cf4cde1e4f75cd45b4518bbe6,2017-11-01,1,168.85,1.0,1.0,relogios_presentes,191.0,2017-11-01
f08c59bc335a381d2b015c4efdc6dae3,2017-12-01,1,50.9,,1.0,moveis_decoracao,600.0,2017-12-01
f0aeff7723abbe804226f96c5b1db7ef,2017-06-01,1,18.9,,1.0,esporte_lazer,233.0,2017-06-01
f0b23cf62b44c4cbd631ee45ccb8fc60,2017-05-01,1,36.8,,,pet_shop,1700.0,2017-05-01
f0bbc1bdaf90ddcab4aa862660dfc6d3,2017-11-01,1,19.99,,,malas_acessorios,650.0,2017-11-01
f0bbc1bdaf90ddcab4aa862660dfc6d3,2018-03-01,1,19.99,1.0,1.0,malas_acessorios,650.0,2018-03-01
f0ddc72a650a80a9e065bef851f4f832,2018-01-01,1,89.9,,1.0,sinalizacao_e_seguranca,1600.0,2018-01-01
f0f464c1300173b9ed4aeacf16840936,2018-03-01,1,116.9,,1.0,malas_acessorios,550.0,2018-03-01
f0fad8c5dfa2549bff0ca38e82823cf5,2018-04-01,1,356.19,,,instrumentos_musicais,767.0,2018-04-01
f12a26f5ddd49ba9e1bf0ec9d0239326,2018-03-01,2,29.99,,,beleza_saude,250.0,2018-03-01
f1384e935826c44865aa6b0483711048,2017-03-01,1,17.9,,,papelaria,2400.0,2017-03-01
f1400c967582a8158aec676d0116b884,2017-08-01,1,190.0,,,informatica_acessorios,1000.0,2017-08-01
f14aa2ba817ef24ccf7f99c0ccfab59a,2018-02-01,1,1200.0,,,relogios_presentes,263.0,2018-02-01
f158c89259d05ad3364be59f73e753c3,2017-08-01,2,38.9,,,beleza_saude,500.0,2017-08-01
f16d9c6688f187efa6ce353d689d85fd,2017-10-01,1,499.0,,,moveis_escritorio,8400.0,2017-10-01
f177b434709ecb652dbee4f4b19aef2f,2017-05-01,1,24.99,,,fashion_bolsas_e_acessorios,200.0,2017-05-01
f177b434709ecb652dbee4f4b19aef2f,2017-08-01,1,29.99,1.0,1.0,fashion_bolsas_e_acessorios,200.0,2017-08-01
f18333439cbbfd0ae30acf09ae09c0f0,2018-01-01,1,248.9,,1.0,unknown,23300.0,2018-01-01
f196248e8b5d060cca414a664ea9a76f,2017-12-01,1,199.0,,1.0,automotivo,1900.0,2017-12-01
f1b8b583029e70fcff9db190d83b3460,2017-11-01,1,129.99,,,fashion_bolsas_e_acessorios,700.0,2017-11-01
f1c7f353075ce59d8a6f3cf58f419c9c,2017-06-01,1,205.0,,,cama_mesa_banho,9750.0,2017-06-01
f1c7f353075ce59d8a6f3cf58f419c9c,2017-07-01,8,205.0,1.0,1.0,cama_mesa_banho,9750.0,2017-07-01
f1c7f353075ce59d8a6f3cf58f419c9c,2017-08-01,4,200.0,8.0,4.5,cama_mesa_banho,9750.0,2017-08-01
f1c7f353075ce59d8a6f3cf58f419c9c,2017-09-01,4,154.7475,4.0,4.333333333333333,cama_mesa_banho,9750.0,2017-09-01
f1ca789b4694dd683c4cb0c2ed74768e,2017-10-01,1,223.64,,6.0,consoles_games,500.0,2017-10-01
f1d116eef76f1c526a5f2c5ce1daeaeb,2017-07-01,1,48.0,,4.0,telefonia,200.0,2017-07-01
f1d4ce8c6dd66c47bbaa8c6781c2a923,2017-04-01,1,219.99,,,bebes,4950.0,2017-04-01
f1d4ce8c6dd66c47bbaa8c6781c2a923,2018-03-01,1,169.9,1.0,1.0,bebes,4950.0,2018-03-01
f1e297029531521190bb2312a90df567,2017-01-01,1,29.99,,1.0,moveis_decoracao,500.0,2017-01-01
f1e297029531521190bb2312a90df567,2017-03-01,1,29.99,1.0,1.0,moveis_decoracao,500.0,2017-03-01
f1e2a5604f4589523f0c31f15e3fc6cf,2017-05-01,2,20.0,,1.0,esporte_lazer,500.0,2017-05-01
f1fe595ee7ef768b41bd9b246d13432d,2018-02-01,1,99.9,,1.0,ferramentas_jardim,1900.0,2018-02-01
f20d17c5697e45b09853253384f0c583,2017-05-01,1,34.9,,,utilidades_domesticas,700.0,2017-05-01
f20d17c5697e45b09853253384f0c583,2017-06-01,1,34.9,1.0,1.0,utilidades_domesticas,700.0,2017-06-01
f22c9d6ce2431ff939aad39e026cc7ef,2017-05-01,1,1199.9,,1.0,automotivo,2600.0,2017-05-01
f25bbb88c1a219c21b1af6b99895b960,2017-09-01,1,65.9,,1.0,esporte_lazer,550.0,2017-09-01
f264c1d9b20b5e4a340254d0405e613b,2017-05-01,2,69.99,,,cool_stuff,1050.0,2017-05-01
f264c1d9b20b5e4a340254d0405e613b,2017-06-01,1,69.99,2.0,2.0,cool_stuff,1050.0,2017-06-01
f264c1d9b20b5e4a340254d0405e613b,2017-07-01,2,69.99,1.0,1.5,cool_stuff,1050.0,2017-07-01
f264c1d9b20b5e4a340254d0405e613b,2018-02-01,1,72.99,2.0,1.6666666666666667,cool_stuff,1050.0,2018-02-01
f27aff266ad97e75d4a24c893b2c311e,2018-03-01,1,750.0,,1.5,eletrodomesticos_2,8850.0,2018-03-01
f28a5b15b3dba915b2df1b23be439ab8,2018-03-01,1,42.9,,2.0,esporte_lazer,7550.0,2018-03-01
f2af004352a06a99dca765596240cbc3,2017-02-01,1,23.89,,,beleza_saude,100.0,2017-02-01
f2af004352a06a99dca765596240cbc3,2017-04-01,1,44.9,1.0,1.0,beleza_saude,100.0,2017-04-01
f2b67cf6ef88cbc9c2f3e482f558b318,2018-02-01,1,99.9,,1.0,perfumaria,117.0,2018-02-01
f2d362fbb792bbe0233ab254111eca4e,2017-07-01,1,30.0,,1.0,beleza_saude,800.0,2017-07-01
f2e53dd1670f3c376518263b3f71424d,2018-02-01,1,109.9,,,cama_mesa_banho,1975.0,2018-02-01
f2ecbb02b6da187a9f14b8ac5781faec,2018-01-01,1,13.99,,,perfumaria,50.0,2018-01-01
f2f960ea3804c29b5e5834c34082a0f4,2017-06-01,1,89.9,,,fashion_esporte,200.0,2017-06-01
f306d4917efd6c5a46bbb72b640313da,2017-11-01,1,39.9,,,bebes,425.0,2017-11-01
f320ef0dbc98273d30835e696974e719,2017-03-01,1,90.0,,,eletronicos,400.0,2017-03-01
f324dfdc1e7097c078c8b2e3fb1dce0e,2017-11-01,1,175.0,,,cama_mesa_banho,5600.0,2017-11-01
f332a0203f8106d982e2e9dcea4ec7a5,2017-02-01,1,49.9,,,brinquedos,756.0,2017-02-01
f35927953ed82e19d06ad3aac2f06353,2017-10-01,1,115.0,,,livros_interesse_geral,450.0,2017-10-01
f35927953ed82e19d06ad3aac2f06353,2018-03-01,1,115.0,1.0,1.0,livros_interesse_geral,450.0,2018-03-01
f361fccba568fabe00db466f80626d1e,2017-06-01,1,15.9,,1.0,automotivo,75.0,2017-06-01
f3720bc68555b1bff49b9ffd41b017ac,2017-11-01,3,175.5,,1.0,informatica_acessorios,867.0,2017-11-01
f3979f97b4913d696bbe9c7c425c5e4e,2017-09-01,1,899.99,,,bebes,18667.0,2017-09-01
f39a8b27ce90ac582103bf36f09690dd,2017-03-01,1,399.0,,,consoles_games,300.0,2017-03-01
f39a8b27ce90ac582103bf36f09690dd,2017-10-01,1,319.0,1.0,1.0,consoles_games,300.0,2017-10-01
f3a67aed340d9b5f218c2d177cc720e3,2017-10-01,1,49.99,,1.0,relogios_presentes,420.0,2017-10-01
f3c5707e7c539ab6533e3611da02b648,2017-05-01,1,160.99,,1.0,cama_mesa_banho,2250.0,2017-05-01
f3dadec221142e379d7113915c1d0fa8,2017-08-01,1,51.0,,,informatica_acessorios,250.0,2017-08-01
f3dadecca4b876a315481c79b8adcf16,2017-07-01,1,22.9,,,pet_shop,300.0,2017-07-01
f3dadecca4b876a315481c79b8adcf16,2017-10-01,1,22.9,1.0,1.0,pet_shop,300.0,2017-10-01
f3ef6902655917c2db06698cc2d765a0,2018-03-01,2,24.0,,1.0,cool_stuff,50.0,2018-03-01
f40876e0ef3cd5f9132b1f16b04b1346,2017-11-01,1,99.9,,1.0,beleza_saude,427.0,2017-11-01
f40876e0ef3cd5f9132b1f16b04b1346,2018-03-01,1,109.9,1.0,1.0,beleza_saude,427.0,2018-03-01
f4116e296faeae4edac03ac7a501da81,2017-07-01,1,37.9,,1.0,perfumaria,150.0,2017-07-01
f42229541a6335f3ed5268439ea9f414,2018-03-01,1,78.0,,1.0,industria_comercio_e_negocios,4350.0,2018-03-01
f422d0d9f8b5f7c27289382b14b61248,2017-03-01,1,66.99,,,brinquedos,1800.0,2017-03-01
f422d0d9f8b5f7c27289382b14b61248,2017-04-01,1,66.99,1.0,1.0,brinquedos,1800.0,2017-04-01
f457c5f0c72ba4cae17636c5174add2e,2017-01-01,1,18.0,,1.0,informatica_acessorios,150.0,2017-01-01
f4685661dba7a38783007afb3e5fe8ac,2017-10-01,1,43.99,,1.0,bebes,400.0,2017-10-01
f4685661dba7a38783007afb3e5fe8ac,2017-11-01,1,39.9,1.0,1.0,bebes,400.0,2017-11-01
f47aba0548334576be219248646ff695,2017-05-01,1,129.9,,1.0,brinquedos,900.0,2017-05-01
f48b7a74ac33f4a15d4dcf0b549ec7a8,2017-08-01,1,59.9,,1.0,automotivo,5300.0,2017-08-01
f49e985b4cb2d0543890d6dd00077663,2018-02-01,1,750.0,,,portateis_casa_forno_e_cafe,9050.0,2018-02-01
f49e985b4cb2d0543890d6dd00077663,2018-03-01,1,750.0,1.0,1.0,portateis_casa_forno_e_cafe,9050.0,2018-03-01
f4cd030cd445192809e17afbdec67f56,2018-02-01,1,14.9,,1.0,moveis_decoracao,150.0,2018-02-01
f4d705aa95ccca448e5b0deb6e5290ba,2018-02-01,1,24.9,,1.0,cama_mesa_banho,250.0,2018-02-01
f4ebaa462d32c66438985245a9deb62d,2017-06-01,1,246.9,,,utilidades_domesticas,3300.0,2017-06-01
f4f67ccaece962d013a4e1d7dc3a61f7,2017-06-01,2,241.1,,,automotivo,7625.0,2017-06-01
f4f67ccaece962d013a4e1d7dc3a61f7,2017-07-01,1,241.1,2.0,2.0,automotivo,7625.0,2017-07-01
f4f8823fb84272f90fd1311532effb71,2017-12-01,1,33.0,,2.0,eletroportateis,150.0,2017-12-01
f4fb1fcc46bdd61b314fe0292175e5db,2018-01-01,1,199.0,,2.0,cool_stuff,850.0,2018-01-01
f5068d43799fc3243cf62b290d885d3e,2017-06-01,1,64.9,,,consoles_games,400.0,2017-06-01
f510b05e475dddcb832edeebeea10f20,2017-09-01,1,46.0,,,automotivo,950.0,2017-09-01
f51dde119b9a90e3c7464f0cc45c0953,2017-07-01,1,14.9,,,eletronicos,150.0,2017-07-01
f51dde119b9a90e3c7464f0cc45c0953,2017-11-01,1,18.9,1.0,1.0,eletronicos,150.0,2017-11-01
f567d4c09e85e4faf20f896b363fb827,2018-03-01,1,349.0,,1.0,esporte_lazer,200.0,2018-03-01
f582884ed8bb76a4b6317b8c9e966d98,2018-04-01,1,119.0,,1.0,utilidades_domesticas,1950.0,2018-04-01
f5b11b51f8a211b6f304a2e351325384,2017-09-01,1,18.99,,,telefonia,50.0,2017-09-01
f5c3f6159135311269c45b2b88f67464,2017-02-01,1,159.9,,,cama_mesa_banho,2350.0,2017-02-01
f5d8fde6bbeab928266d4cc80eecd701,2017-12-01,1,184.9,,,market_place,250.0,2017-12-01
f5d9f6be389c406755cbe9f20954dd9a,2017-10-01,2,14.9,,,utilidades_domesticas,200.0,2017-10-01
f60836d2827709716e30c6f0eae78d67,2017-11-01,1,24.9,,,fashion_bolsas_e_acessorios,200.0,2017-11-01
f62cbf4416c9ef8e1b4e8d5279891f24,2018-01-01,1,13.65,,,eletronicos,200.0,2018-01-01
f62cbf4416c9ef8e1b4e8d5279891f24,2018-03-01,1,13.65,1.0,1.0,eletronicos,200.0,2018-03-01
f62ddccde7e84ddb39d2df03e228e044,2018-01-01,1,169.9,,1.0,relogios_presentes,300.0,2018-01-01
f62ddccde7e84ddb39d2df03e228e044,2018-02-01,1,169.9,1.0,1.0,relogios_presentes,300.0,2018-02-01
f63729cf4441fe64282cd1b82281792d,2017-09-01,1,200.0,,1.0,esporte_lazer,2150.0,2017-09-01
f6434e7eb6bcf886ebd61c123c5bf060,2018-04-01,1,143.99,,1.0,cama_mesa_banho,1850.0,2018-04-01
f64673cee0ed4c2b137d08a3dc4e855d,2018-04-01,1,54.99,,,construcao_ferramentas_construcao,2250.0,2018-04-01
f647cb5c7b9b37aaecfaee8418a864cc,2017-06-01,1,35.06,,,ferramentas_jardim,400.0,2017-06-01
f65ff6e5a356943c5cee2e8bb023efc8,2018-02-01,1,676.99,,,eletrodomesticos_2,8100.0,2018-02-01
f6605392877b41d225dd146d2cf116b5,2018-01-01,1,72.2,,,ferramentas_jardim,550.0,2018-01-01
f67a0e2d24ab234b2cd6da21273710e5,2017-06-01,1,59.9,,,esporte_lazer,300.0,2017-06-01
f67d6f74c4699f7ccf3bd1c0786901c8,2017-11-01,1,119.84,,,ferramentas_jardim,1000.0,2017-11-01
f683f3a5d367251ac1a86404f15615b5,2017-10-01,1,89.0,,,relogios_presentes,700.0,2017-10-01
f69581741831e1dcd24e28e299ad36ff,2017-11-01,1,1098.0,,,eletroportateis,12950.0,2017-11-01
f69581741831e1dcd24e28e299ad36ff,2017-12-01,1,1098.0,1.0,1.0,eletroportateis,12950.0,2017-12-01
f6bc1e20283d027458321d15778ba8cd,2017-07-01,1,113.49,,1.0,informatica_acessorios,1170.0,2017-07-01
f6c69d9a3f61a0d56c49e3f7a459c57f,2017-06-01,1,49.5,,1.0,livros_importados,300.0,2017-06-01
f6ce2f79a280fa3c1ddc114d34ab273d,2017-06-01,1,64.0,,,eletroportateis,1150.0,2017-06-01
f6e3aeb40c00aec24ade8333c2ac1b20,2017-11-01,3,40.0,,,consoles_games,150.0,2017-11-01
f71050e65776861c8c3ec7a2d2b0194c,2017-04-01,1,85.99,,,utilidades_domesticas,3050.0,2017-04-01
f71954485428cf87945953ea0a0a6229,2018-03-01,1,239.0,,,cama_mesa_banho,7800.0,2018-03-01
f71973c922ccaab05514a36a8bc741b8,2017-05-01,3,89.90000000000002,,,malas_acessorios,16100.0,2017-05-01
f71973c922ccaab05514a36a8bc741b8,2017-06-01,2,89.9,3.0,3.0,malas_acessorios,16100.0,2017-06-01
f71a7c95a86564873cd996896b2976f6,2018-02-01,1,90.0,,3.0,informatica_acessorios,900.0,2018-02-01
f71e07cf6e6d621aef3ff698bc4f2819,2017-11-01,1,19.9,,3.0,telefonia,50.0,2017-11-01
f71f42e2381752836563b70beb542f80,2017-06-01,2,31.9,,,informatica_acessorios,250.0,2017-06-01
f71f42e2381752836563b70beb542f80,2017-10-01,2,31.9,2.0,2.0,informatica_acessorios,250.0,2017-10-01
f71f42e2381752836563b70beb542f80,2017-11-01,2,31.9,2.0,2.0,informatica_acessorios,250.0,2017-11-01
f71f42e2381752836563b70beb542f80,2017-12-01,1,31.9,2.0,2.0,informatica_acessorios,250.0,2017-12-01
f731f8587d4088c174397e010cf892a9,2017-07-01,1,56.99,,2.0,perfumaria,375.0,2017-07-01
f731f8587d4088c174397e010cf892a9,2017-08-01,1,56.99,1.0,1.5,perfumaria,375.0,2017-08-01
f73be23829e192092569d5dda349f807,2017-08-01,1,261.0,,1.0,esporte_lazer,2625.0,2017-08-01
f74353ffeaa55836a3cf603a2dcd855e,2017-11-01,1,388.5,,1.0,eletroportateis,5908.0,2017-11-01
f745d12feec8eda8a2a4cd70bbb9a067,2017-11-01,1,189.99,,,brinquedos,800.0,2017-11-01
f74979233a273e0afadf48e39d0c45a4,2017-08-01,1,94.6,,,utilidades_domesticas,1450.0,2017-08-01
f74fae536818c7dea74d1e3d629fbbc7,2017-11-01,1,189.9,,,esporte_lazer,3000.0,2017-11-01
f7566c7c51e266442be8db4b8797ee1f,2018-02-01,1,257.42,,,construcao_ferramentas_construcao,11550.0,2018-02-01
f75eb66dc82bccecabd706bd441cfd3a,2017-05-01,1,109.9,,,malas_acessorios,800.0,2017-05-01
f76648d50e1f928a32d5d8559719092f,2017-12-01,1,349.9,,,telefonia,350.0,2017-12-01
f77dd338d9f75229a09cbb9a18fd0c9a,2018-01-01,2,25.0,,,cama_mesa_banho,400.0,2018-01-01
f788dd44fc883f0664693a6dea50437f,2017-10-01,1,39.0,,,brinquedos,600.0,2017-10-01
f788dd44fc883f0664693a6dea50437f,2017-11-01,1,39.0,1.0,1.0,brinquedos,600.0,2017-11-01
f7a17d2c51d9df89a4f1711c4ac17f33,2017-07-01,5,54.5,,1.0,utilidades_domesticas,350.0,2017-07-01
f7a17d2c51d9df89a4f1711c4ac17f33,2018-02-01,1,49.9,5.0,3.0,utilidades_domesticas,350.0,2018-02-01
f7bb503725fb4d7bb55301d5bceba728,2017-04-01,2,99.7,,5.0,esporte_lazer,400.0,2017-04-01
f7bb503725fb4d7bb55301d5bceba728,2017-06-01,1,99.7,2.0,3.5,esporte_lazer,400.0,2017-06-01
f7bb503725fb4d7bb55301d5bceba728,2017-08-01,2,99.7,1.0,1.5,esporte_lazer,400.0,2017-08-01
f7bb503725fb4d7bb55301d5bceba728,2017-09-01,2,99.7,2.0,1.6666666666666667,esporte_lazer,400.0,2017-09-01
f7c758899e1679f82c7e9f006866674d,2017-08-01,1,65.63,,1.5,beleza_saude,1300.0,2017-08-01
f7e0fa615b386bc9a8b9eb52bc1fff76,2017-04-01,1,85.0,,2.0,informatica_acessorios,325.0,2017-04-01
f7e0fa615b386bc9a8b9eb52bc1fff76,2017-08-01,1,98.0,1.0,1.0,informatica_acessorios,325.0,2017-08-01
f7e0fa615b386bc9a8b9eb52bc1fff76,2017-09-01,1,98.0,1.0,1.0,informatica_acessorios,325.0,2017-09-01
f819f0c84a64f02d3a5606ca95edd272,2017-08-01,1,899.99,,1.0,relogios_presentes,710.0,2017-08-01
f819f0c84a64f02d3a5606ca95edd272,2017-11-01,1,689.0,1.0,1.0,relogios_presentes,710.0,2017-11-01
f819f0c84a64f02d3a5606ca95edd272,2018-03-01,2,572.9,1.0,1.0,relogios_presentes,710.0,2018-03-01
f82d1ebd3649e6b83c2d0f611cb5c540,2018-02-01,1,224.9,,1.0,cama_mesa_banho,4625.0,2018-02-01
f837b6a7e6740b19b2fa33c267fd8e7c,2017-08-01,1,69.9,,1.0,esporte_lazer,600.0,2017-08-01
f837b6a7e6740b19b2fa33c267fd8e7c,2017-12-01,1,79.9,1.0,1.0,esporte_lazer,600.0,2017-12-01
f83c9874b5b5044ea58fef1be68c1ea8,2017-05-01,1,132.7,,1.0,cool_stuff,5200.0,2017-05-01
f84d16882251975d1c1d1c64d551c330,2017-10-01,1,115.0,,1.0,automotivo,5700.0,2017-10-01
f883c296edea388761ae3de2bc4870f3,2017-09-01,1,45.0,,,relogios_presentes,200.0,2017-09-01
f89cd865cac300a9bf1320dd8f0fa223,2018-03-01,1,11.55,,,eletronicos,175.0,2018-03-01
f89d2b130b571d24532514dca6fee2a8,2017-12-01,2,13.65,,,eletronicos,150.0,2017-12-01
f8b29b398eeec313dd704d04a432af3a,2017-11-01,1,18.9,,,informatica_acessorios,200.0,2017-11-01
f8b624d4e475bb8d1bddf1b65c6a64f6,2018-03-01,1,179.0,,,utilidades_domesticas,2841.0,2018-03-01
f8c6a76085bd3b4341cccb774b554c82,2018-02-01,1,187.2,,,fashion_roupa_masculina,850.0,2018-02-01
f8cdee3eb5ab9b7c357469dedbe2b6c8,2018-01-01,1,39.9,,,cama_mesa_banho,750.0,2018-01-01
f8dc3e347e9b954a84d1d5e42b500e4c,2017-02-01,1,10.0,,,market_place,300.0,2017-02-01
f8e5d2574bedbb98efe044c829386487,2017-09-01,1,99.99,,,moveis_decoracao,2300.0,2017-09-01
f8ea5fcf9c628485e01b9c3cf52728c2,2017-11-01,4,12.99,,,moveis_decoracao,1200.0,2017-11-01
f92119d44c137a84ea866dc12df68407,2017-09-01,1,98.99,,,unknown,3100.0,2017-09-01
f9259c9e7c0f12c70f7a81409680a5ff,2017-04-01,1,69.9,,,esporte_lazer,925.0,2017-04-01
f9259c9e7c0f12c70f7a81409680a5ff,2017-07-01,1,100.13,1.0,1.0,esporte_lazer,925.0,2017-07-01
f9259c9e7c0f12c70f7a81409680a5ff,2018-02-01,1,69.9,1.0,1.0,esporte_lazer,925.0,2018-02-01
f936a018eafeb52059650c9e977b53eb,2018-01-01,1,65.89,,1.0,beleza_saude,1613.0,2018-01-01
f9471562478eba8761bc985b968a0092,2017-08-01,1,54.9,,1.0,utilidades_domesticas,850.0,2017-08-01
f95dcd7b0926e47d0f20a9050aea2e9e,2017-11-01,1,69.5,,,eletronicos,1535.0,2017-11-01
f95f8434a1ff4885362c44d9d8526579,2018-01-01,1,64.5,,,papelaria,500.0,2018-01-01
f98dbc219c0bcd7fb37420dff826912f,2018-01-01,1,99.49,,,beleza_saude,1200.0,2018-01-01
f9a4667b264a6823ecdf9d1ab8914faf,2017-09-01,1,20.3,,,fashion_bolsas_e_acessorios,200.0,2017-09-01
f9b1795281ce51b1cf39ef6d101ae8ab,2017-06-01,1,39.9,,,unknown,400.0,2017-06-01
f9be8e0e5acd947d8f49dbc390b9ab20,2018-01-01,1,153.0,,,cama_mesa_banho,2400.0,2018-01-01
f9cce3e19235fa7d11942f69caaa22c7,2017-08-01,1,239.9,,,telefonia,300.0,2017-08-01
f9d151cf2fc10d41cce64b782856320f,2017-06-01,1,19.74,,,informatica_acessorios,75.0,2017-06-01
f9eb3d4735a873ed48d15dea16183664,2017-02-01,1,109.9,,,automotivo,1100.0,2017-02-01
f9ecf420c38b90a8af8e7f70fd789264,2017-08-01,1,89.9,,,esporte_lazer,600.0,2017-08-01
f9f260f8a0d16df18bcc7248495d779c,2017-08-01,1,49.9,,,moveis_decoracao,400.0,2017-08-01
fa126ff62aae83e37857ad495641c878,2017-04-01,1,209.5,,,informatica_acessorios,600.0,2017-04-01
fa23bf270fb9880690b07d09b9f9ff20,2017-05-01,1,59.99,,,esporte_lazer,800.0,2017-05-01
fa23bf270fb9880690b07d09b9f9ff20,2017-07-01,2,59.99,1.0,1.0,esporte_lazer,800.0,2017-07-01
fa381a4a9af65ea5fc8f3829214045f9,2017-06-01,1,260.0,,1.0,esporte_lazer,3050.0,2017-06-01
fa381a4a9af65ea5fc8f3829214045f9,2017-08-01,1,260.0,1.0,1.0,esporte_lazer,3050.0,2017-08-01
fa381a4a9af65ea5fc8f3829214045f9,2017-12-01,1,269.9,1.0,1.0,esporte_lazer,3050.0,2017-12-01
fa39c60599eb6573020f07a1b4dd38cf,2017-09-01,1,79.08,,1.0,utilidades_domesticas,1183.0,2017-09-01
fa39c60599eb6573020f07a1b4dd38cf,2017-11-01,1,86.36,1.0,1.0,utilidades_domesticas,1183.0,2017-11-01
fa66c43e63966d8b1770f6df326e05fb,2017-11-01,1,20.9,,1.0,esporte_lazer,260.0,2017-11-01
fa7be99321f2dbb1e518d2139ccb1d39,2018-02-01,1,59.99,,1.0,esporte_lazer,500.0,2018-02-01
fa7e28f040bfdcfdbd93f82a31277e43,2017-12-01,1,40.0,,,esporte_lazer,1200.0,2017-12-01
fa9d34c32a70b4e50a4c2c8c2c42051f,2017-08-01,1,29.99,,,tablets_impressao_imagem,100.0,2017-08-01
fadc89c2a60ff96b18827644074dfd70,2017-09-01,1,71.0,,,utilidades_domesticas,1800.0,2017-09-01
fadc89c2a60ff96b18827644074dfd70,2017-12-01,1,71.0,1.0,1.0,utilidades_domesticas,1800.0,2017-12-01
fb01a5fc09b9b9563c2ee41a22f07d54,2018-04-01,1,737.99,,1.0,consoles_games,1500.0,2018-04-01
fb14dbd8b5d4195d70df81f35b593889,2017-04-01,2,29.9,,1.0,eletronicos,365.0,2017-04-01
fb21cbf5cf37c8282a583cf8b6e770dc,2016-10-01,1,75.9,,,beleza_saude,700.0,2016-10-01
fb29f48bfea41db52e349454f433340e,2017-06-01,1,22.0,,,informatica_acessorios,300.0,2017-06-01
fb32a0ce23fd67b9db45a4fbd9dde211,2018-02-01,1,57.5,,,esporte_lazer,1900.0,2018-02-01
fb495e971326b55afcb1f473adf0afb8,2017-11-01,1,79.0,,,esporte_lazer,2350.0,2017-11-01
fb4fe6c3f949da5331edd51fa1e1d3e1,2017-08-01,1,19.99,,,automotivo,600.0,2017-08-01
fb55982be901439613a95940feefd9ee,2017-11-01,1,79.0,,,papelaria,7000.0,2017-11-01
fb55982be901439613a95940feefd9ee,2017-12-01,2,79.0,1.0,1.0,papelaria,7000.0,2017-12-01
fb55982be901439613a95940feefd9ee,2018-01-01,1,89.0,2.0,1.5,papelaria,7000.0,2018-01-01
fb5652834b0fb807ee5c4767e303e4eb,2018-01-01,1,99.0,,1.5,esporte_lazer,22850.0,2018-01-01
fb6782985a98aa8a59238f58239f6f1e,2017-08-01,1,79.99,,2.0,informatica_acessorios,2500.0,2017-08-01
fb783e3e545937820b57fe539b2c5a6c,2017-09-01,2,99.9,,,cama_mesa_banho,1100.0,2017-09-01
fb7a100ec8c7b34f60cec22b1a9a10e0,2017-10-01,1,49.99,,,brinquedos,150.0,2017-10-01
fb7a100ec8c7b34f60cec22b1a9a10e0,2017-11-01,1,49.99,1.0,1.0,brinquedos,150.0,2017-11-01
fb7a100ec8c7b34f60cec22b1a9a10e0,2017-12-01,1,49.99,1.0,1.0,brinquedos,150.0,2017-12-01
fb7a100ec8c7b34f60cec22b1a9a10e0,2018-03-01,1,49.99,1.0,1.0,brinquedos,150.0,2018-03-01
fb949f35bd1873f846cb7246d9db81b0,2017-07-01,1,51.9,,1.0,moveis_decoracao,600.0,2017-07-01
fbb1cfc2810efabf3235eccf4530f4ae,2017-05-01,1,44.9,,1.0,unknown,800.0,2017-05-01
fbc1488c1a1e72ba175f53ab29a248e8,2018-03-01,1,119.8,,,perfumaria,560.0,2018-03-01
fbd925d80d07790dc9f61463efb3c64c,2018-03-01,1,12.3,,,eletronicos,150.0,2018-03-01
fc0c0ec18acc7de4c5d1eb3d4c274e72,2018-01-01,1,74.9,,,cama_mesa_banho,426.0,2018-01-01
fc1d8637c0268af3db482c14b7ef8e75,2018-01-01,1,149.9,,,cama_mesa_banho,1700.0,2018-01-01
fc2351bcf24c714e5d21b44ad41198b7,2017-11-01,1,50.0,,,bebes,6850.0,2017-11-01
fc2edee55f4118969f4dc49f7a717605,2018-01-01,1,179.49,,,automotivo,500.0,2018-01-01
fc37e09bb4dadd1eef5e92e954b1c72e,2017-09-01,1,64.99,,,bebes,500.0,2017-09-01
fc37e09bb4dadd1eef5e92e954b1c72e,2018-01-01,1,69.99,1.0,1.0,bebes,500.0,2018-01-01
fc3e972df7e263b301e2bee77ac2a6d3,2017-03-01,1,67.91,,1.0,esporte_lazer,1600.0,2017-03-01
fc56c478c11ca5989e21da62cb19de16,2017-06-01,1,129.0,,1.0,casa_conforto,1350.0,2017-06-01
fca5350a69eb4d8ae4f5884413ebd0e5,2017-11-01,1,310.0,,,perfumaria,400.0,2017-11-01
fcde1899043318107d8f0ae043f69bc3,2017-02-01,1,104.9,,,unknown,400.0,2017-02-01
fcf28afb1353f2f12ea041dd74954226,2017-11-01,1,27.99,,,telefonia,300.0,2017-11-01
fcf6ad274391aea29f5d6e5ef9da5050,2017-03-01,1,69.5,,,pet_shop,513.0,2017-03-01
fcf6ad274391aea29f5d6e5ef9da5050,2018-04-01,1,89.7,1.0,1.0,pet_shop,513.0,2018-04-01
fd0731561b291a28f6a3a189e86a1107,2017-05-01,2,109.9,,1.0,malas_acessorios,800.0,2017-05-01
fd1446e03cb63518fdc2d2e91f6208b2,2017-08-01,1,199.0,,1.0,papelaria,250.0,2017-08-01
fd1b303c073ff6cdf78c7ad4d25b5409,2017-11-01,1,10.0,,,informatica_acessorios,250.0,2017-11-01
fd1b303c073ff6cdf78c7ad4d25b5409,2018-01-01,1,12.9,1.0,1.0,informatica_acessorios,250.0,2018-01-01
fd1eb7fd67e76cf3283618735a57cbcd,2017-09-01,1,149.9,,1.0,perfumaria,1600.0,2017-09-01
fd220f6fd5a3f13ef9db07428f9c935d,2017-05-01,1,79.9,,1.0,bebes,280.0,2017-05-01
fd28b464cf1660a67606f7b48c8c38c6,2017-04-01,1,49.9,,,cama_mesa_banho,700.0,2017-04-01
fd28b464cf1660a67606f7b48c8c38c6,2017-05-01,1,49.9,1.0,1.0,cama_mesa_banho,700.0,2017-05-01
fd33cf682028dd12dea92f2ec002c6e7,2017-08-01,1,49.9,,1.0,brinquedos,675.0,2017-08-01
fd424396761d9e1609c5516b7d8ce17b,2017-11-01,1,80.4,,1.0,automotivo,4825.0,2017-11-01
fd76f22bf3648e0dd4295e593def7664,2018-03-01,1,39.9,,,automotivo,1000.0,2018-03-01
fdf648fe44c2e24e9857c8d4ad5a7028,2017-01-01,1,22.79,,,ferramentas_jardim,700.0,2017-01-01
fe01b643060a6446e59f58e3021e66b3,2017-10-01,2,143.0,,,perfumaria,1250.0,2017-10-01
fe01b643060a6446e59f58e3021e66b3,2017-11-01,1,143.0,2.0,2.0,perfumaria,1250.0,2017-11-01
fe59a1e006df3ac42bf0ceb876d70969,2017-03-01,1,809.1,,2.0,informatica_acessorios,3407.0,2017-03-01
fe6a9515d655fa7936b8a7c841039f34,2017-10-01,1,249.9,,2.0,cool_stuff,5650.0,2017-10-01
fe70b3d3e1523d468ece722d2de06de9,2017-05-01,1,39.9,,,esporte_lazer,200.0,2017-05-01
fe75529a267b76ac6e96f0c322a899a4,2017-12-01,1,129.9,,,beleza_saude,304.0,2017-12-01
fe7976532777922f0d60261e75f7ad36,2017-01-01,2,10.49,,,telefonia,150.0,2017-01-01
feb94d995efca232513a7baffff772b8,2017-05-01,2,39.9,,,esporte_lazer,400.0,2017-05-01
fecf6223a3494f35362f670e571d2a04,2017-08-01,1,69.9,,,esporte_lazer,800.0,2017-08-01
fed5c40c27e1c88560a9e92d82ee0825,2017-07-01,1,14.9,,,eletronicos,150.0,2017-07-01
fed5c40c27e1c88560a9e92d82ee0825,2017-12-01,1,19.9,1.0,1.0,eletronicos,150.0,2017-12-01
ff2c1ec09b1bb340e84f0d6b21cc7dbb,2018-01-01,1,29.99,,1.0,cama_mesa_banho,500.0,2018-01-01
ff50a7795bf14586aeb06610fae49095,2017-10-01,1,119.9,,1.0,cama_mesa_banho,2100.0,2017-10-01
ff5d7f21d255435967dfbe72b5dcdb57,2017-10-01,1,39.0,,,telefonia,167.0,2017-10-01
ff5f8606556b625613f069a5a9a48966,2017-02-01,1,35.0,,,bebes,2300.0,2017-02-01
ff7a70b3356d433014b7d6957ed196cb,2017-11-01,1,54.0,,,moveis_decoracao,16400.0,2017-11-01
ff7c7524d5f9a8386ab27088ec03c1fb,2017-08-01,1,35.9,,,cama_mesa_banho,1000.0,2017-08-01
ff7fccf8513f360157f0660fe51d1d88,2017-09-01,1,159.9,,,esporte_lazer,1500.0,2017-09-01
ff817f0901191fbe02933928daa95e6e,2018-02-01,1,89.9,,,automotivo,725.0,2018-02-01
ff81cd23251a357a120054397a01849f,2017-04-01,1,178.9,,,cool_stuff,700.0,2017-04-01
ff8e9a180c931adab01ed6b3c44edc25,2017-04-01,1,389.99,,,ferramentas_jardim,4200.0,2017-04-01
ff907ae86deaa05b65cfb3b14166e7c7,2017-11-01,1,79.9,,,beleza_saude,1400.0,2017-11-01
ff9fa77f938462abd16b53c0d934099f,2017-08-01,1,119.9,,,esporte_lazer,300.0,2017-08-01
ffa8916ae85546ee99d1965b28e447ae,2017-01-01,1,239.9,,,moveis_decoracao,27800.0,2017-01-01
ffb64e34a37740dafb6c88f1abd1fa61,2017-08-01,1,106.2,,,esporte_lazer,700.0,2017-08-01
ffb97eb64c6fe1baada2410288c04457,2017-10-01,1,182.99,,,perfumaria,390.0,2017-10-01
ffb97eb64c6fe1baada2410288c04457,2018-02-01,1,189.99,1.0,1.0,perfumaria,390.0,2018-02-01
ffbb3c00e9687ad738ace3977e821da5,2018-02-01,1,99.0,,1.0,beleza_saude,2350.0,2018-02-01
ffbfa9e143fda4420454d0f4e88a3cd5,2017-11-01,1,169.79,,1.0,informatica_acessorios,793.0,2017-11-01
ffc48c754b5bd736e2887e279d1dec72,2017-11-01,1,712.5,,,eletroportateis,11050.0,2017-11-01
ffc9caf33e2d1e9f44e3e06da19085f7,2018-01-01,1,199.89,,,beleza_saude,2134.0,2018-01-01
ffd4bf4306745865e5692f69bd237893,2018-03-01,1,29.99,,,fashion_bolsas_e_acessorios,150.0,2018-03-01
ffe8083298f95571b4a66bfbc1c05524,2017-10-01,1,77.99,,,cama_mesa_banho,1350.0,2017-10-01
ffe8083298f95571b4a66bfbc1c05524,2017-11-01,1,89.99,1.0,1.0,cama_mesa_banho,1350.0,2017-11-01
ffe9468f4d890db80b7231e86931ff37,2017-11-01,1,750.0,,1.0,brinquedos,17000.0,2017-11-01
fff9553ac224cec9d15d49f5a263411f,2017-10-01,1,32.0,,1.0,fashion_bolsas_e_acessorios,150.0,2017-10-01
