customer_id,product_id,purchase_count
00046a560d407e99b969756e0b10f282,ba9f160a6ae1c23f25d690fd06fe4fd8,1
002834b4d901534f48d9e9a72047b288,5cd47d379b62715339c690e8ffe65df4,1
0028ff36263a86bf679df7c863a0a0ba,685919d3ededc26c0ec078b32241025a,1
002f90a6eb386bc43bc9ba200db31a89,ed5f0d58e27cf65a07283c251747936f,1
002f90a6eb386bc43bc9ba200db31a89,f5068d43799fc3243cf62b290d885d3e,1
003536ce5e18f1d12b9bf76932f8a6b1,f4685661dba7a38783007afb3e5fe8ac,1
0051337a96842850e1ec728dd158f4b3,2653c1a28e65f36161bcc73f0ca52727,1
00796be07bfc87dad2e31ef15490a718,23ab7bb9eac81e85ec43ed71064cf7ce,1
00796be07bfc87dad2e31ef15490a718,477aa9a85d7002688bae2cbbd93198f8,1
00796be07bfc87dad2e31ef15490a718,99c88c191bbed92f5be4ca3b00eb1a42,1
007b7f04a35e02745c23ea706492ca20,7868a64aa111bbb4f41f8e1146c0becb,1
0088395699ea0fcd459bfbef084997db,7ca5f56188492e30c50ba64de188aae7,1
0096dd625383caa8afe2c028018bf4ce,13db47eae724e2848e12b71a617a3a41,1
00bf225ae2b2d6a141e31acf971c4a03,886208eeba914fad42127271385d66f0,1
00c2781c163b9f057924ed8c45c724d4,1558f7b0a51472d4c2af9153a2255beb,1
00c2781c163b9f057924ed8c45c724d4,e83e5f5ff7ef69f7a09c848795df56a7,1
00cef6d9683eaa39aaf401e3b02bdbca,f1c7f353075ce59d8a6f3cf58f419c9c,1
00f5111aa1572c08c765f48e20edf87b,fd28b464cf1660a67606f7b48c8c38c6,1
00f539ee95c97870a2a4f261a2d96ba4,9a63d4ef456702710823c21b8cca0332,1
010583f85dd55d32a6db1068f58ca6f1,3c4223262d31fa35043380da246fb0fa,1
0107ed88ec010416e20cacf67d2c905c,1612209b0b37fbe80e1e8e1b7d19ca1d,1
01208d73b8f2d0e10347aae1242a12fa,c2af5a088a7027f1efe72f4507fd2fbc,1
012ca3bed937a20fa19642e8e53d831c,c857b96593773e940454e76efa8eabb3,1
012ca3bed937a20fa19642e8e53d831c,d9ee0c2943c9663aef6a2bc0411cbc14,1
013e49bb711629177d848e409b7566c5,10dd77710da08ea43018cb3b4cedff92,1
014a9fe1063cfc79c804affbe855a70f,1b4dee3e58cb87cb5a0acc54ea53db9d,1
014ea662e1cd7ed36b3c44a9539bb34a,31639956e7fac87ecfd9d608040638bd,1
0163a9517d96e283b1a883de0e71c826,99a4788cb24856965c36a24e339b6058,1
016784346c1119828280815c2c6dda98,963b76d8d107ef0f1c293c1a967cc08d,1
0171707ab8e7ded84018d1172aa33c51,df64236f60ba2eb87cfd76fd7cc73198,1
017395cf7b4c0be4fa72650f0a8184ed,b57a4072f1286a401272930c85221f91,1
018184ac5f52a821bb00f3ef21d75799,3adf46dbf0aa2bcca9d6fc85e4e7c339,1
01885ec83523a343957047b0c6fa830a,d4257bb9c6abde06be66858be5e4e6e7,1
018c66db66454034193517ab79423f70,f7a17d2c51d9df89a4f1711c4ac17f33,1
018d655fe703cb7b56ee34f117429789,461f43be3bdf8844e65b62d9ac2c7a5a,1
019b7b400189d67c8b75754edd1919f7,f731f8587d4088c174397e010cf892a9,1
019f5bb93ed18dd059051c3f81abe394,e4d66ba222533f24e4d74a5d4c4846d3,1
01a9cf1ab208a3ce5a4cbf6d5877bf49,817e1c2d22418c36386406ccacfa53e8,1
01abb8df2f71f7d6e087c28c6c0a8f39,0bcc3eeca39e1064258aa1e932269894,1
01addb430c2559dbef0010ca1d4b0989,6feee83828f0c900f61f578bbab17911,2
01c45d896d5f6343ae095f6acfc2df4a,d01361dc1752562049e33f0456109c7e,1
01d53422b075158678043b0c49b83d66,ab328a14d2698a726fe1ed2695f5f43c,1
01d7603b563bc426e2eda5e0677e714b,85d187257cdbf2692d10649a11c7e78b,1
01ee3674cbbee7421ea03a3549f0c74d,9ce4603565c839785b24a7e95e28f4eb,2
02033fca76b4af0eda65418e673b5a57,36f60d45225e60c7da4558b070ce4b60,2
02051904557f3bb3741f7b233dfc5ae2,08922ac36480e00c6972216735d44693,1
020a406d49fb26441c5cab66fb8309bb,498297b9721ee352dc65a4df65688433,1
02193de2a9880973fdeb02923eb5fffd,bb42f37fc3d9130e4a4339d24a47dd7c,1
021ccba47cb1118dfba3213180ffb44d,a1efabfd513c691eeb2650e5f04e5cb6,1
021e3ddcc0581de5bf087b1d87e4b136,0c21c38f5c53913ec6ae3884484aac81,1
02286830664a352f63ecd02e620fa897,d93d7e81a8d724c4ef661e75647cf325,1
0229d7450ba7ceb9aee1e3fcc74f7dee,a767d41b71a909a1dd1e969f4b50732c,1
022bdd440f8a37e8ba62d67287135a75,1a4247b6eddc27c68f7995dcc68b01e2,1
022bdd440f8a37e8ba62d67287135a75,cd2ea14a901da3b47b33516f3ca6929e,1
022d2a2e532b92556bf7cd39107fd780,66077cc774ac8ba7c7fcb45fd8e03474,1
0230afeb8b53c8833e1cfc3a17ee2016,be837f2e0152a208d4386f4126d5bd7c,1
023cf83ac35d703a6f3c1b31bcf844d5,acc444eb5ad26f79d5a11baa6a03c439,6
0241277be857dc59ae544ccac12b3e19,be531a288d95e2b9ad1b314c7366fe81,1
024ae08edb07b933f90cf66233749218,c32788bc915b1ce4316822a1b7c4ec91,2
024dad8e71332c433bc9a494565b9c49,7c8e2b381bb0fcba5b368961d7823cd2,1
026cbd2abdef48032f42084a8ec122fe,39aa98469aa7460a9764311b3f8efb12,1
02752ad42b3d725c49a1194731564a0a,99a4788cb24856965c36a24e339b6058,1
02754b1e0a87a51622b4a49cdac7cadf,12715d8bb61f9c2c26219377d9737584,2
027590bb7df3dde4fa756d6e9e65bbed,1ca737c9f8f06b3672be9f9f3f603d36,1
027a90872a3f917170f2e2b912363e88,869c418f22e0c0ed9207ff691f279e46,1
0280e2736a179aa87a59447236a797fa,b34b2c889f5b26963569cf421254e121,1
0281f03348b06722b7e0f92455daafd4,8b3a9476f74f5297f7ff0ec6d95fe1ea,1
0281f03348b06722b7e0f92455daafd4,d902ca64b614964dc31d6b0372e800ac,2
0299a3ec7aac3a18ea88cfa6cf8a74f5,955d159d5f3a5d16c3808fcb7705224f,1
02a9194295f0ec290cebf3a0e66c98a4,c24d27905e6d1242d7366746a126e130,1
02aba7ae34101544b479f4487f53fb28,c857b96593773e940454e76efa8eabb3,1
02acb1d49edb6c09b61d2f496afc61b5,cb9cc307a215ac435ec87b0f799e8dab,1
02b7163ebab30c1560be4d0ead691b00,551aefc4745dcc77aff9bfa0b4fce507,1
02b7bcd5dd0bbe4057aa6fb0c280a06b,f71f42e2381752836563b70beb542f80,1
02bfa7864b9a06a122b976e47a743353,7fb04722aba7a2b632bac8f9819796f3,1
02e04e4adf1a4ec2e262f8f942b4b315,d8e68bbaf74b873af3726c252399e2c9,1
02e5982f021f1312a54f569c0f9e7625,8aa74335629d7d8e4ab23653b04ec65b,2
02e9b79160de108ec112581e2e4eeed4,601a360bd2a916ecef0e88de72a6531a,1
02f8e44a560ff53db97e57913234593b,620af218f5c91a81482e4555864aa4db,1
02fa11df400d8458c3bfe07f7273c894,ea5e798481ff9bb1edc6823d98d83634,2
0340b2de09f18a986fea9f26cc7b2d9c,3ea32f63a6aaf8d467e543dedf434ee7,5
035fdb541390672b9938ad46570dad75,4c8541293fb2d3359cf52485b4d59b8e,1
035fdb541390672b9938ad46570dad75,4e0d01d5e5e4bd454e71e7cd1491c052,1
0363aafa9c54bf423dc9aace78f18f29,a8cd3c264c6b406a06a23ace0b16fd9a,1
03651203127d40f0063e5cc08d464b64,adb1f1939b613f3078806b6afcca0e51,1
036de6bf856003f529c1fcd01ad2a357,8794dfe7cd526fa69414f8364e09470c,1
03811cba01cb0741c318e1545b04173b,ee406bf28024d97771c4b1e8b7e8e219,1
038c6e4806a9d19fe170feae7825c2d6,ac946196783ec18b207ead8a00d3f5c4,1
038c6e4806a9d19fe170feae7825c2d6,b865aecbf934fe78d172e5a0f7a73ec0,1
03952dd46963b39ab13db3f9ab54bfd0,04dc26a02c448f6f2b914f01c2902ebd,1
039e022bbbf82354bd7ea61f3d2d8339,475e8a9ddbebf13af503d1c7eccadb1a,1
039e439f9f8a9601b617aaf7168202fd,4f969a12cc8cb60a5cce67cc3fc305cd,1
03a6f3a3935165f5d26f4797ba6039bb,46e5995ddd4728e50343ef6bdb45b75f,5
03ce4fbe5fd3c67bfa9c7b6f87dea760,4b7ddf18ef3c5205f6ec288dffcd7c55,1
03d3a988c4d392b88975238160a947f0,b0961721fd839e9982420e807758a2a6,1
03db7508ff10612b60f9198e0b33cfda,389d119b48cf3043d311335e499d9c6b,1
03dc0682e10e026f51cc524d590fc5e2,cad39e71c0fe2f6ce875040d4ac43a4b,1
03e0ca8ff692a46af071866422dded4c,cfbc837967ca671ee87f5243f2a1024d,1
03e1bb403bc199280f2d3338138c1e4a,7dd3fec3502f7ef333da2a73e00db394,1
03e3a430d50d6e1123627d133c65d5c4,0a4093a4af429dc0a9334300e5c13ae5,3
03e3a430d50d6e1123627d133c65d5c4,e0cf79767c5b016251fe139915c59a26,2
03f7c28100418ce57927a01d62a6cdf3,914c9e9af640dd56f48764a225b00f89,1
043e1a8a42664d4e6fd092d4b1f878e7,d04e48982547095af81c231c3d581cb6,1
04445deee7383ac75ad3026150466867,5094d0cb28a3e400d90c21c6df262856,1
0446b2b06900bd31f919292a4379ffb0,8c591ab0ca519558779df02023177f44,1
0447d86a923f286dcdecab2c0240722a,f1b8b583029e70fcff9db190d83b3460,1
0457d8f15475757888a0064b63e01663,9fe5201316c8185058e8a4056e53cc78,1
045d1980b25d907232ab04bab9299c82,86a7362af6fc1b61f0e613146b8c4cca,1
0470a8d9b6a4161506860bbd6256fd0e,9ecadb84c81da840dbf3564378b586e9,1
04719f10ea55e8d39bff210bea43c1a3,e493b6001e292d2cdb2c6172bac9d0a4,1
0472d52fc0d9de11035845057654052f,7ff7661b8c3f488705fcf1f407d04329,1
0474f888bb532eb4cc657abfd37c9d44,d4ed9e130fbb1aca77ea64f08f1b20cc,1
0491083e2ce781339e49382f4ccee438,6c3effec7c8ddba466d4f03f982c7aa3,1
04932ff700030fe6c723a32ed80bc2ad,aba86c093ccdbac75b09111d57e50004,1
0493e61ff10b220ec4799578e4cb7e96,39eef1b4d9ab7a5a121d3436b03ce7d3,1
049ba78b6885e453786b80828dde6d34,62224b433a431310bf27129938ad9f64,1
04a043776b45158df5f274435321c199,bd701724b9bc9f955e22db8ec65b5097,1
04a4616473f68f368a666ddddfcc9e59,64d0feb1bcf9c7fe7b5dad3271c10910,1
04a8f68b5b040ff3e1d961c2d280d4e5,77fa3381855b6763c52ca3b72824f508,1
04c1c2d37f2b2f5e52285534fd59e14c,722dc14e0848efdb771dca6de2929c41,1
04cb06222199f8e9a1691ef028e88a28,e0cf79767c5b016251fe139915c59a26,1
04d410b4dfe0f11fb840a095b5f23cca,61e8dfe8d80294860f85e9f5cea7cceb,1
04ecafc940e602c4fd1fe544506c766d,fa381a4a9af65ea5fc8f3829214045f9,1
04eec7a0a61d36a9fc40fbce299ea2a0,62a6991adbb1e60f5c03a77fae5568ff,1
051df23b0ca41d5daa47268b5b96a450,30ad9d2c8a8e788a606a6c23e07260a9,1
051df23b0ca41d5daa47268b5b96a450,c06f7984550cc89a7d76e51e936e714f,2
051eca5824715d378df187a46e1005e5,fa9d34c32a70b4e50a4c2c8c2c42051f,1
0535ae315864cfff5c19849a12720b7f,363218ba55c610b750224f90bdd34be1,1
053f9f6d14eae73c5dcd35952b42f44b,7fb04722aba7a2b632bac8f9819796f3,1
05468ef54e8b2f92bd33ae272753e35d,f1c7f353075ce59d8a6f3cf58f419c9c,1
054768a77848b10d24141691cddd0ed1,1ccef988a8dd457a93b0b4833b8f0724,1
054b63b8606d2faa194328b09033b53c,83bfae859f4a37b048a3abcecb17c506,1
05535d34af5324aaf6988e1d890a0d6e,e070a61270050c4b1b704300f331cca6,1
0555bacaf4d4560a75e796a6e2c1e00d,a55b9bc476c34d53d8f3f27c922f6374,1
05775243ed704519f900b91f95b9593a,58327c5dd67068015c5a9c5eeb51d848,1
05838d97b4a3948e120c9fb440374691,06edb72f1e0c64b14c5b79353f7abea3,1
058d38732ce7f213cc8f62ffcf8fa0c5,e9b2560544c293e02f2b966041e10f24,1
058f3fdd496fc2cd91c21bf8fe4b1a29,c6c99dd4d0be36139d78cd917a5bdda3,1
0599f126a96e82b600270dca9776effb,b363ba4802d9eca552da85a1125747eb,1
05a874b660a8cd6552b1f462e033b44a,e948cf75e6b64307f7f76a49eaa9fc2f,1
05a87ac6766c8ae5ae93c0a249b5508d,dbb4ce89c8ed5fb6fd901e2e51093179,1
05a9e7f2eb9b68b7b7a74696782af52b,21a95b5525c6d658ff4e5e1b50f7c02d,1
05b7d2db0e6f42afea1969d78034d011,8ae1fefcfdc30ea49de246665b6d2713,1
05c59c1adfa648942fe0966db6296ff1,f65ff6e5a356943c5cee2e8bb023efc8,1
05ce0877a2e5b2962c27bb5ebe62caad,730d34d191892dd7c4fb157daade465e,1
05cf99f3501b95c29357f026d4383c6e,6a2961a3f5c85026ed1b3406a9ac27cd,1
05f830d6d4afd135824b04ce45d20f00,7620a27f1d6747511f1c6f0ddb63c0ef,1
05fad8ded5955e224532ba145c688931,7f55769896fc6596e7251490b8b5e536,1
05fd3454ddf16d297616f9167700ab80,5faf9582cc171d5db03fdf4b80076a15,1
060f7a94f04291ec1ec79d0d61eda142,a8075470f960215ffb67624782f80fec,1
061d8030d0f605af68c6ef004ca15700,e764a0e054d222ca26ec572007ef1951,1
06272f95035856cac16ee21693dd7302,33b67c1594a903b27b5163c0efb15a5d,1
0641b3bc0019d74041048b05c3ca68af,f0fad8c5dfa2549bff0ca38e82823cf5,1
0658798436373ff6997afab7a5e29494,2b87ded5c8c2c971d4d5a2e4bd7b85bc,1
065dedcd0da1b0b3995024ea66117c96,c49543f64e565e811a038b0b637df478,1
0660653f7367d760f49c8430de9c6263,0daaaee8a33938591e1d5b980e65046e,1
066a5866635b2ff28b793b05fa7a42cb,cca44f5c2c4c50a416b7ee155a58b2ba,1
0672e3c3c00569fd0824ee72f92073a4,75f32a954f5bb6bde77612be80c9293d,1
06757e2a216429d601d7cda36642769d,89b190a046022486c635022524a974a8,5
0678f749ee34f9175a0f054d2dd19131,617186c3d97ea56c9c683a8a3974e8c1,1
067c9951289da2e2468121aa6e46ec91,59f09deeea7c839a9212a19f3416b892,1
0680214e013bf3ee08069f02ed2c0d80,9a803c36a15de3fd981f42c0e4cabdea,1
068830daf2867cadbfc655e6a413388e,24daadd871657fb36dacde66b92cf0ff,5
068d6956b4f2f9a39cfb807516f55ecb,a62e25e09e05e6faf31d90c6ec1aa3d1,1
069cc8646fca6d760e049d8a4bc0c334,d8707dd860f966067547d4cff53496f8,1
06a3bbda6d96de922ebe82f3416f8c3b,14137f0fd56e4d0b8102dcfcc9b0a4fe,1
06ba6a60751f29132f330decc3450c3b,1b6e2795daa2ca887a0310b0a79000e4,1
06bca569f6bd4833c89416af4672db63,0a783d7ce18a37749c3a059cf829564b,1
06feba89747b8e9e2a482ca08e3b1c3b,87a71ae93900ab55fcf685c8040769b3,1
070ca12a62752e5464182d78c6fac033,0a57f7d2c983bcf8188589a5fea4a8da,1
070e9150f3506123fdf71f5a4e1b879b,5215505db2113a032810c3644c346a38,1
071130e3d980f8327e5348b9ed889fc4,f40876e0ef3cd5f9132b1f16b04b1346,1
071ceec1efc0edc2d11c7401d4a1dfc4,e2b02dadb01104e3f9f588311b3f2612,1
07250205a8861bb7532fea6297a2d4be,a0b7d5a992ccda646f2d34e418fff5a0,1
072d324b57768cb953eb7f70c04d25c6,0cf4eefa56151424d91f1fa527e29d20,1
0733254820b3e1198c31e190f4f2c67e,cd89ce90d4c33b04851f90bcf1ec521a,1
07402722a2b316e79dbd20301ba2b345,31fd02b02c33827cbde22902cf80338c,1
07430e92e9f370ce78184e10a07b3493,e672fbe634ad07cce9d85f412becb2c0,1
075560cf9df80d1ad1d32ad2e972dc29,99a4788cb24856965c36a24e339b6058,1
0759284165b6a48d477306b72b1ed8df,dfb97c88e066dc22165f31648efe1312,1
075e31dfbe61654855be4e32392358e5,fb32a0ce23fd67b9db45a4fbd9dde211,1
0761a5ba0468e259dcc1cff863eeb3a9,62a6991adbb1e60f5c03a77fae5568ff,1
0770fab1a98ce26d042a7aad41fdbc8f,ec2d43cc59763ec91694573b31f1c29a,1
079398086249945a3ef432ae14ecac00,186d7d472f062ca6ef30689faa935d2e,1
07ae5e78d3f125fb413ccd2e37b7206c,39084b68d30ae3ce2bdaf467ed4f3dbc,3
07b7a2a5a3ebe3920967901fd96c0a5f,165f86fe8b799a708a20ee4ba125c289,1
07bd847cf908eef9d0191a253bca90a2,01b864cf36d60d972e2e29d8c5084d64,1
07cbe547b6dec2535abda65b57733754,0a9bdadab17a9b0f258f64d11a0adf7b,1
07cc013860ca92f60025946a39f80679,c475e0af586d200a52fcfa1dee11d1b2,1
07d1bea83eca0a2a6c133046390947fd,537795846d3155fd59b4eb12545b1b2f,1
07d1bea83eca0a2a6c133046390947fd,75c06ee06b201f9b6301d2b5e72993f8,1
07d91ab1cc12928c32ff2120bdf6b6d1,642369377615febc7fa89e4c8df5110e,1
07e6bfcde64d35a92aeea73af4a36411,eab2f90face23112d9bf1d4d3e641696,3
07efbcfb30cb5bc9848be5f17af8eaab,3f14d740544f37ece8a9e7bc8349797e,1
07fbc7cbc612a13023ce69a6573ddf2d,0858dd15ff82c48e17418361856c094c,1
082494e1ad97fbe3fd2efb729b24e252,5ee245f4f514e8937aa7a5ef3ec2c8b7,1
08275aa40053e112fa7e680aa99534c6,486cebbfac430b06cf0aa980b89a3543,1
083d0767ee04f4a01cc28835dc32d6b4,002ec297b1b00fb9dde7ee6ac24b6771,1
085b2a422d36a53c027062f47b3b5238,9755f955f1fcd2a83ca77997e9de8b83,1
0861e2295c798be38db3b39ab793abaf,d0885d40d75c08cf3c44d7ae88897e11,1
087472c809af7a09b9cbf42d9938801f,6814dd9a0fcc3213534377d08d8a24fa,1
0879c47e542184edf3c921d2fee17084,368c6c730842d78016ad823897a372db,1
0879c47e542184edf3c921d2fee17084,53759a2ecddad2bb87a079a1f1519f73,1
087f9b43add509b918c1152191f2d243,be006818e0a584705110984cf17d09e2,1
0880c134c210f2ac6c3b925bdd4cea3b,cc1b0e67ffb98a08c886e8c3c27a915f,1
089525d394be31397b994bcf92c6b31a,6ec18f98bd4eb7efc0989af1505a3f86,1
08a0ac1decaff11abb24f276429ee4bf,b83ba81552d0748b45288e7e57c62888,1
08c95eb831d93a76079d7e24a117db29,3cdff94d5455b793b415be775cace03c,1
08d7418c7329e60d4537f2218b4c8b49,3a081630438070b86de554fac9edcc7a,2
08dd337715b213da30e4f32bc49d8a07,c1a940820f1f674fe52265f700f72302,1
08df78f80a35d0c06744bf5cb0c1402d,2c9729f1ad01461013c463866b72509a,1
08e5b7d999d037498bb7f2b3ffa1ef68,ed2067a9c1f79553088a3c67b99a9f97,3
08e74f467fe7b442e59c79979f4f9126,3d5aae192e9628dfabdd07de7fb14aa4,2
08ec4e081721ef212d38b5fec3c38ccb,7aeaa8f3e592e380c420e8910a717255,1
08fb48675dd414001931daa99d6e2ea2,00e32638060f6356e6f00749dc466b5c,1
0910359fc88a7c2610a39c0d417bd2a0,516a7c0b152777ac153b6ff568582222,1
09144539159d4b4997ce0df873b02569,7e0dc102074f8285580c9777f79c90cf,1
0916acefe664698288f758bbf549a53e,d6ed08469f23517f07ed6bb451361298,1
0938950f35a397c0373882168b080808,27e90baf9d996277a5299e5d828be218,1
09451703baf04a7c8144b467d5e0ff69,775882cccdd5199956853d6117b0e650,1
094aac58ed371b7e3af7746d5319cae1,d41dc2f2979f52d75d78714b378d4068,2
094c6b161507d7a620db1174dd826493,a298a105818dce6878b787e4af6cff7d,1
094deb5213c87322748379ec26ebd971,42ed7ff87eec051d7f9364afbf091dd3,1
095acc4e27efb00510101b9dbbfb4312,371c121dc86b3821f720e7dbe1928207,2
0975cbdd343ee157b43e6104eb9fdadc,f081174cf4cde1e4f75cd45b4518bbe6,1
097e8c3630bf6bfdcd8c9d3d3c7e5eb0,9b9d1c4bd979b93c138044e032f99780,1
098e41aa4dee243c17bbe8973499c960,8d0d157964a77396b83c879213bc38da,1
099da9e0fc3ea53e74144c6f8427ae07,d3257d83b50d04301c9d969a0e2ec4ee,1
09ca2b8e58d607103af7401f7a3a0299,2ddbeb76f134690c05636162f2558594,1
09d1176d20540efe9ec72d34902ca493,10714d6a49c0af9ccdab2d806887c5f5,1
09d5928beb6589630dc2dfa45b7a8706,3225c54bb2785c33f49f50398fcdb88c,1
09dc6ab8331acc30ed0e578301d5fd12,4fcb3d9a5f4871e8362dfedbdb02b064,1
09fe2879d6e51ec7b16ec794dce544fb,425966339f6d9c933d8f5f23310d86a6,1
0a0cb67a965b9c7e35f5595053b79bd3,88c20c5a22f2ca169af8cfc2df00a7a2,1
0a1127a5879366e0555a171030b885a6,13ed40194df36dfe1dc2bf7e4ce3bcf2,1
0a1bd304aedee91a65a9692e70d91998,ac99022a225e4eada5377fc101a4f68c,2
0a209a88c2e3dc2981c79ad85c558059,34f99d82cfc355d08d8db780d14aa002,1
0a22d8d52773816e0f996063699667e2,130482add9fd75ccb6c57ba007694a2d,1
0a49cae060b40b5446c56ec40f7792c4,4ebb87ba41ca446326804d0e7f8dcc93,1
0a4c9f486aaecf0f40738a4306c1d552,13db47eae724e2848e12b71a617a3a41,1
0a70df00420916bdd44e37bfdcc0d5b5,ee57070aa3b24a06fdd0e02efd2d757d,1
0a791f1725cf14521669d11593be474a,148f68f014d7729ff8193dd7fefd1c7c,1
0a80c615ad59007c4745f7b74a9759c5,f74353ffeaa55836a3cf603a2dcd855e,1
0a855770d35117e1c808629c1f4702b7,462a59e8ce95b0cb4df207fce782648c,1
0a88dbb52560ef62331305c8c92488b8,4c8b28305f570899b6ded964ddd234a9,1
0a89839c1ac53ef740c64b6ac372e550,8a6f438e9c9eb5acb74c50525dbf40af,1
0a978c825ff7d013133ddc7f77566172,4ce9ab528124f89e091b17d11aa2e97c,1
0ab6b9678a73a7234a994d90cafcbc5c,eab2445325c49cfae34289f4a56342e3,1
0ac2d5fc64bc66aaeaa727022aeb73f3,11fb16e86df4d50cd2c289ede0b70f42,3
0ace9ca5314b7bd412e2429479701719,dbe30cd7571498ff45963ea671014c6a,1
0aceb04f65bcdbef8dbda04e2a8f9e30,1d9263e74c3e8e57d3a7bd505b7b871e,1
0ae502ab7e72dc3b0a512dfa96baf3f4,49c95423c53618d42621bd07c1d1bfb6,1
0aff8fa1aa20ee1c70cbce19d7012a70,c211ff3068fcd2f8898192976d8b3a32,1
0b0021fc48717a02bcbd22404ed2f1f3,a760ef0bb70c954d79e62ec6023d380c,1
0b0290e3b438fc7f16a9b256a7409bfa,096b00d9037146606b19d614cd67ab65,1
0b31586b5082359faf1b2861230a17b7,85df978207ed4024ea16570dbb64fd6e,1
0b31586b5082359faf1b2861230a17b7,f3ef6902655917c2db06698cc2d765a0,2
0b5ed41783e17d8e75af1284dff5b43d,a1ebb47a48200e6566603de49b83f621,1
0b6131ef78d7b110b236c4e98bf65fd9,f1c7f353075ce59d8a6f3cf58f419c9c,1
0b6b18ebc85a97f659fa13bd9c05be58,7e6c4a0bf900e259f50ba63331fd2785,1
0b70134d7e2d9773897833e933c6ec5b,b61a33788606a4ce2fda0452722283d1,1
0b7d758a3562abc14d8d39a2b66afdfb,978859c6048ded0fa8bf3b9ea8236387,1
0b84194096e4c860bd0cc790b95ceb9f,cac9e5692471a0700418aa3400b9b2b1,1
0b8cca6cd998b579f4a0556a31f388f4,6d811b6e8cada9a8f7f38bb315620e1b,1
0bc0e9e36ef7cc3a227078978ea75d43,a742e0f6787ec4e2ae3a124d40d82c6c,1
0bd2dd26ea71e853a5c95cf31a7a9c8d,754bbcab20b7ec2572eea091259f65a9,1
0bf12a8fb9260f4cb9fd1f79618fc2ff,e304baa7e35c6643dc6a3d39bcebe78f,1
0c2c4e24715435524ad8df79a4ff9c39,e5cfe28c9837136280f5f3e5e260e858,1
0c305f688ce08dc9402a2164fd6f29d6,baff5f5a048f514e921ea530c4a7a814,1
0c3060b6e196ea68986b130a86c8ea08,b3bcd6f54c943fecf8f51e0b988e5cc9,1
0c6fd39752c6d0290341e66b6c357f3b,6a0713a63e990052795623e76cc2995e,1
0c755365dae19da070419dd40041098c,084461b396a7e044af9229534fa03b51,1
0c8050459705eab48d6faf4b118109be,f8ea5fcf9c628485e01b9c3cf52728c2,4
0c899011c2b518fac4cf807a57f4fd7f,fa126ff62aae83e37857ad495641c878,1
0cab59ec041d1c823de68602b879072a,656e0eca68dcecf6a31b8ececfabe3e8,1
0cd37b96e1f5c5d8152914365a58ba0a,62a5a3de0af802fb3718a83c74c3ff8d,1
0ce488af82f1ec50f3bcd08795f65a0c,b4b6d57077183818e56eb57b4e69c6ec,1
0d04d26561b023e838cb99c83a55bfbf,aa0d48704d551d1247be98ca06dfa990,1
0d0a49286a8610cff0b0ca481ac5d14b,ac6c3623068f30de03045865e4e10089,1
0d34dca8c8a02afc52be8689c8774af6,04be6baed9b1c67197a4b2dd2f5b637c,3
0d381842c7073a0180b7dd55a1bd49c1,67d2c4ee8fd08752a32aae5f878740aa,1
0d45bdea2b7f24d31d6d7da7a8c12d0d,a298a105818dce6878b787e4af6cff7d,1
0d47b685e9e483c338f38fac97429145,0432203d03868bfe5fdbb86fb2148474,1
0d71c0379d76db8625afcb70e9a1e519,30ac6df06dc59ad72cf2f158fc2d904c,1
0d7632a160295b6f335a091a24a15cca,1a2d00b771a438bee7055bbd0086e003,1
0d8c61ac7bb256d13971bfe77837c0af,99a4788cb24856965c36a24e339b6058,1
0d9c175b2e88eb30dff36a9ffdc4739a,e5ae72c62ebfa708624f5029d609b160,1
0d9c27a293b6a432d7a8f6581830b3fa,9bb8ca338e5588c361e34eae02e8fad6,1
0dbcd05590805375b6b0a913f2f7a876,be837f2e0152a208d4386f4126d5bd7c,1
0dc132dd6a84ba32be100a29704baa6b,b9ac7314894a193a11fd3150f8c69307,1
0dcb15a53acff7313554506cdf66b6ae,bee2e070c39f3dd2f6883a17a5f0da45,1
0df186e89fa6f0d7724df6839ad18fe5,cd48f265a63e13b762601f5f794c5fca,1
0dfb45e4e023f6d20188da2f6145a3ed,17d8b8e9c21ec0fc5b33724e32fe422e,1
0dfb45e4e023f6d20188da2f6145a3ed,8df1a3abe96355f4a037a5345cc8594a,1
0dfb5e354867126d5a1cadbe738c4456,793f6e9b0f6ba6a59ff2869a20c1199c,1
0e02bdf960198a4a18cde1eb87c230b3,48a731e170c51eecded8082b9ba71c65,1
0e068d477b784dc327ce26836411eb00,97a929277bfb5cc39a42b7a3dd729f10,1
0e17f21d1c39581137b6cbc8d14bea37,315affd5901833621c947264eb9f2588,1
0e1cf9332ab9b502f469458da2a5e7e9,8ce6b041b5fa5dfaa937f53e145ce299,1
0e40e144fff28a4a3ecb37bb48f201aa,75d6b6963340c6063f7f4cfcccfe6a30,1
0e412c1195ed573a27be9b22ca5a03cb,9f8429b91bcd34baae1d1fd12505abfb,1
0e481f23c930890042610bab117fe8af,ec5b3c8bb77ad22278f6e9d719a83de3,1
0e4a0db41e5ea0f9d32ad03f0fa1759f,f4d705aa95ccca448e5b0deb6e5290ba,1
0e6d60787086ed1ea9f8b96bda67da49,feb94d995efca232513a7baffff772b8,2
0e7292b365653509f4f2f1953fdd2ced,9ef8eabf54b45bc606e85fcb4d97e968,1
0e75ea874d514eed9be0dcbc2d02debe,4c8b28305f570899b6ded964ddd234a9,1
0e7752ccbc011470fba6ea7c84499e32,5a6e53c3b4e8684b13388d6aa4afdf12,1
0e884a28dccf5fb788d41bf954eb7b11,f158c89259d05ad3364be59f73e753c3,1
0e8f3042296ebd7f20095ce2fe09945f,d41e71b34a15f8bc2c7ed84561ebb600,1
0e9d153de61896911c7d236b8a6c1886,b17a6664cea6ac6c23ff388f5a67c973,1
0ea66986b3704c6a5212c9327cb5a27c,228f57b1acb5bdce9401c58653c8cc14,1
0ebf4ea5d562d47342359187bc4a1dd3,d017a2151d543a9885604dc62a3d9dcc,1
0ec1d2c13f8309ab79e431af6dc72245,87c9f9f88ecd5b9de26a0a61e06e1d67,1
0ee56fa64a206a89ed83c7fa61a81132,45e67c8e544137e6c9dc0b1786f005c1,1
0efdf64a4ce7cdf1560f30c1aaf777db,b840f8eeee0b143a479738d150115753,1
0f067484e64242cf92f86c358300fc97,4e5e41fb7d296a6f776c63fee5cb9fac,1
0f08b80da14cc5ee19ccb36e9cfb2b15,0992c6cba95a13bfa68ea7d5e22d478b,1
0f0f0c6250a06ed825b57b8233a2bb3d,bfbb69c5813c20a95466cc03a1274efd,1
0f23c6bff75a40bdcb20ec9086522179,3db75f31b76375c502f64d550dcd1166,1
0f28203c5b6a0b0831a64782419024a4,fb5652834b0fb807ee5c4767e303e4eb,1
0f3634092b8645824b6a6cf3468a163a,6a7410f88fe57e3fd4e353cfc04e7b31,1
0f3a81be69f12da7e2979fd1833e923d,f5d9f6be389c406755cbe9f20954dd9a,2
0f3c16514be9fe9bdb840983701d2ce6,566a4f2c4385f36d15c00dfcaae132d1,1
0f3c4578cc4133c0e29cf96d0709d28d,bc74f63361c15c1a5baa5b97ac432e62,1
0f44902f2a6566b69e6ad61ba4664ce7,969b36d05b717529934b42457917f64b,1
0f627b6ab38a1e8e4f2bcacb521c20da,ef2eed3e42cdbeedcd515745b23d7ccf,1
0f642db7c00e30f1b9182cf2611391d3,08c816d9a716567bf436173ef6f5f12e,1
0f751fe5ddfc5d40e6e4d1be087558ff,98d61056e0568ba048e5d78038790e77,1
0f861f51e8b8cad6206f2942881bbb56,d3f4f3de0f4576184674937d1e9cecca,1
0f87c14e91f558b71fcf73e6918f311f,87cb507e0daa37bbf34956fd59eba832,1
0fd2a829cdb30cc3ff0ae0c398c912f6,08922ac36480e00c6972216735d44693,1
0fd9ea9bd342abe74db14762466e1b48,c664c542e1b5e86f3d912200595894c9,1
0fddc72936ca7ecca93b3e77a3bece43,16fa9029e1cac929d673dc7805b6d46e,1
0fe659cea15a1e88642bb0723ac69e20,cb606ee58d4f11da0e4b813f87f6fd46,1
0ff949bd20e11b2beacce8d14c1339b8,1fad46b84ac1748ff47bf2d703565a7a,1
10031ad7752b10374ba516be41953b6c,3e442d09f9dfef002aadf31960869f65,1
100e7030e29e676a2266d7b3996ac4f9,3b85e44a54ca23950c469c7fb1cc0e0a,1
10101c15aec095b6078c8dd047739392,def080e33b38a4c756347d4665b40a7f,1
1013b3cb87e89aa951b7f556f8c26d33,4e0946aebc8e1d7521219ec1e7380aed,1
1054024bd1fa65debe204930503ed5a2,976f5de0b6a1c79fedf4e1f713251efa,1
1067b68fcbcce6d777e098d24117941e,dd28e3f8ffd0e519d30839eb27ccfae3,1
106dc4cd0c6de742ecbe154db2be1ae4,d7d5562fce331ad958ca6f57057b3526,1
1070bdeb30f438c677f47d05bb084550,777d2e438a1b645f3aec9bd57e92672c,1
1071adb636fc88d3329940274c15ac17,3907f392eb7a6ba1d75fb55b28f7a27e,1
10774c3bd46abb71735156fc85b987c4,ffe9468f4d890db80b7231e86931ff37,1
109e52a36c54ff5c530df98a75fb1db8,d12736e1616a8837c8e9d945a60608bc,1
10bf0b019a1b776b9a90629397367ade,d3013b06b7a68f7ea7f29d55377d9bd2,1
10ce4db203c8cbe350a85ad638f4d282,f264c1d9b20b5e4a340254d0405e613b,1
10cf65f0400c1e1f03e07328b6882311,90509918fbc0f45016520d833ae25f78,1
10d74e1a3adaeada0d8da4a2b2891cc3,57d9a5d185e8254383504f57c4b8ddcc,1
10d74e1a3adaeada0d8da4a2b2891cc3,98cd3776d33bddd0ebf8ad8b4732d1b4,1
10d74e1a3adaeada0d8da4a2b2891cc3,ace91f88d635b9e5563e36cc0a0a8f09,1
10d74e1a3adaeada0d8da4a2b2891cc3,ad5396bf96af6ede77130e54ad266c61,1
10d74e1a3adaeada0d8da4a2b2891cc3,c006d1427332464b79808bd9dfaec943,1
10f9523277057450c5c9fba7adfde3ec,24cdea192c5e345910d4fda8580576bd,1
10ff941e2e8aa6856dd1a89a45395fd6,fcf6ad274391aea29f5d6e5ef9da5050,1
110d1ee2a64ac0d58f0e1161569b6ae4,b0961721fd839e9982420e807758a2a6,1
1110eb4465d18a9b7c632cfc80fb53ab,222efa72a47277d611b8b38d71149afd,1
1112e31a003d7a7ef429a45db0aee71f,e1bf2f209fd2b08e1af3ed71732d9008,1
112bade7b7b461df9734fb6fa2ec6b2e,e1723cc3f4bc8a361b57f8c8b97959af,1
1130a7b0de3b712d1025595e41893015,08574b074924071f4e201e151b152b4e,1
11394c09fa2c70c4c2d64e368e227378,0d85c435fd60b277ffb9e9b0f88f927a,1
11436d35136d8c9362a1438a71c7f725,5a848e4ab52fd5445cdc07aab1c40e48,1
115847c3660c596c1bc526c4fd0c5b7c,a04087ab6a96ffa041f8a2701a72b616,1
115c455ac3a2dc3e5c81ea3da5659c33,d85783d7c896fdb2fadbbc19c6a1c58e,1
1161b76d1f5fb0594a3f61d42fcf9c8a,135fb255f9873811c6aa6eba7fb17649,1
116a6192abd7a39c88a68636c0665c2d,6adab229374835b551f6402e0dc53267,1
11795bd5376cbbef9e6e3a699df983cb,c2d1e60e4deda24940c8039c99f08bbf,1
11a216d3670865418a5b3a1e66ef30d9,776ef0ee36e20757c513e64903f1fa8a,1
11cd32106f57df8da221ecbd88155607,2481a472d98c582b46bc2dfeae6f539f,1
11cd32106f57df8da221ecbd88155607,777d2e438a1b645f3aec9bd57e92672c,1
11e55f8da60d95653cfe027e0e90c51a,75d6b6963340c6063f7f4cfcccfe6a30,1
11ee259027b2302ab1d54d38f5ec9b12,e4d34d3dbd367b0021e5d65105870180,1
11f0d9654e771c189ac9710977422029,13b604480efd32bdb45d23fc99a1a1ee,1
11f1b2f86c6a83e7fc3ffb49465f5d25,ffd4bf4306745865e5692f69bd237893,1
11f20336bf8c6e71de9a6bd7171bd491,f819f0c84a64f02d3a5606ca95edd272,1
11f312ef72bdca82219eca082d2cff92,aca2eb7d00ea1a7b8ebd4e68314663af,1
120ecc99ef409f1f02753d3ad88a9746,5cb9696a7256c0bd3fa974570c74a13d,1
1212da3795e784371c8305d0e0dae7f8,67fc455b96e0908bc5e0d917237b2977,1
1216f129d061c7379441b835d619072e,cf78006a2a6b0429b9663edd99bb38f9,1
121779e79f02587b95b15ca80b9c8a6e,f51dde119b9a90e3c7464f0cc45c0953,1
121c6e0fb5e68761d78dd726a77e9047,1697727d6c82c23c7149c6c773683d2c,1
1222ae0f15dc56dc392fa0bb0f033f6b,423a6644f0aa529e8828ff1f91003690,1
124bd2cd4802bd7b4f64b19d46b53bbd,543fd1c1fba9cfa6e424473dd4d830f0,2
124ea0ac4cadfffc49227a24235871fe,2e511b5741ab14e7f5294df6f1310b03,1
127b82d6bde5446b1193941efd6d1200,64b488de448a5324c4134ea39c28a34b,1
1290b1ab54f6ca32787bdd4b092797aa,a334304f952399f2161225628a9d2891,1
1295c00ce6a0b5d21e8e2efe0540dd01,82c3ea364e5480f335f6743ee725a921,1
12a9b33607c2fec94977963045396299,141125957e8b78c5cf939c18077fa2f7,1
12b11f992889101946980981fb471ab2,473795a355d29305c3ea6b156833adf5,1
12c611a156bcf3d8af5a1bf02aa21175,d952c09021388fd5b1e5f914f559fb10,1
12d61ba72600fbee1886879f039ae8fe,b756577e274d3a4793fc27209d7072db,1
12d891f44ebd942b629fd4e0916e9e34,ddc46156c31a0339508eecfab975f4f6,1
12ddb653ddf28191dc4b375dd183febf,bc74f63361c15c1a5baa5b97ac432e62,1
12fd0fe408926a0f68ccdf59606d5a41,fd33cf682028dd12dea92f2ec002c6e7,1
13114cff38ecc96a70ecdfbe4802da39,0c5193db708519e6b812ac8474898ffa,2
1311c060491c69cd608bd37137f49898,c9c455f9fd8ca66d3ff7f90a249753b4,1
131227776a8b159a13938a0abfa95c5f,368c6c730842d78016ad823897a372db,1
1318fd61a82a479edaff00217376c052,3eee0fd6b877331481b1ca94b2c77319,4
131fc1a18874ae3381d8b4d6d920bd5d,35ebf08a93899d44e756809e11b14754,2
1339f8ef4694fe3903a7591c5e890c22,b72e2daf4a916d46eb0076071027d05b,1
13518d3af2e425cc97f19d1c8919808e,422879e10f46682990de24d770e7f83d,1
1352219837587aada7056f4710a10b85,a695ab8413ea83619cde9b18292d6aa1,1
1353681b09bdb49c50b81bd023a2b3fa,f71954485428cf87945953ea0a0a6229,1
1368039bfe97fbfba5f35b31d710ff21,cf78006a2a6b0429b9663edd99bb38f9,1
13709df0dd790e4caf6f2c62468861a2,54d9ac713e253fa1fae9c8003b011c2a,1
1388eca3c7f75f6038c0d636f9f3b2ca,b1acb7e8152c90c9619897753a75c973,1
138a01aa92239376fe0599ebb07a2c1e,99a4788cb24856965c36a24e339b6058,1
138e0ddb0ba1dffb0f7190b2399c4a3a,3d97f0e9cc1e412e5d125b3d24af8707,1
139b2fa5344522313ccd1b544ec70ec9,10714d6a49c0af9ccdab2d806887c5f5,1
13a9f022db58ebf4d7dc4ba0c43824f0,e5f4167c170ccd8777cbf51841b6f7f3,1
13c42b04f9582eada34a2cb0401c76f0,bdca5879b3afce0e138e71a68ad26d04,1
13ca5bcb48b28bfac0cff36a30b293db,4c165ddec9f86318b210a89f1e3b6761,1
13cf269afee757997898d939075f59ce,7ce94ab189134e2d3c05f496d635419c,1
13e330d6fa0e734ffda44f5b5610ed7c,5115d8cd6438c0c4d8abdf38d5d41ebd,1
13ebcb8036b0908147a1f63f062f9f6e,a47674ec5bdc46617bc532a9839390db,1
13ff24cdf0f2387256f8f193b6e1bdaf,f71973c922ccaab05514a36a8bc741b8,1
14018ff56b0d7cbc692397cc71d114c2,48428054567e07738a70f9d2a9fa0475,1
143a4083c98eed4151715356aab75996,b3589656bf8ff7b7b31fb5de73b641ac,1
143fdaaf1a8b9e8905183ee2714d3647,d4591f790b3b30ebc3cc132764e86741,1
14423ad70a3aa64dee01bf0991b5891b,c857b96593773e940454e76efa8eabb3,1
1460cbfc1a51e99e846715bd9e430f11,7c898e0b8ea203dd94ba846627fc34d1,1
146136e6e527bf71e6341397154c0777,423a6644f0aa529e8828ff1f91003690,1
1470c7af104f8a4e129eace53c91c75e,d2efc686acbf02ce6200ee423516f0d0,1
1477ef68b5dbf1417fead5a9814cf047,b67a7d0ef75f52b4b76368927a3037f9,1
147ea8ab00e6417a666c1b9921b64be4,eaa57ef2c6f400e0ca6fabc628ea1cf0,1
14868a65241682f256d808dfeaa38d0f,c858f88f3de50584c39e8b4fafdd7d61,1
148bb9f283f5eebbafda782b05d5d4d7,5440e1ed49a1153d573b1543dd10d95e,1
14cbf4389f8a8d726a69e3779b11b6fc,19421075ae0b585f2dc13ff149e2119d,1
14d90e60e59ce7e9e9d2e8fb9dead3a0,56b81eaffe3c2e7e54f3bdf2a935164f,1
14da31c495d6657eeb56c66889f88282,63de2743d05ab59d85caa49e49459ac1,1
14e13233e812fef1af2d37af6c49a74e,622bad99b4296aade0783ebecdd3fa15,1
14e7179a159cd1022234f28516fd823c,9ad536de496ccba6e4a9ac7be933ad9d,1
14eb94d576ec3079b4db18114262d106,e68a5a5626c4b1bfc5ca78202f898300,1
14f48ad16762cbf2cd2fbd4d0e8c9ffc,634256dbcd184b3757ffd7632c9fe52a,2
1502c1543977952bd2666b24f555b1e5,422879e10f46682990de24d770e7f83d,1
150c000d94442e397f21cc978f925d40,11fd9d7ba552e1d28872e008acf1e050,1
151d22e83155b177a9c09441a522242e,e61c78a7343d82c0539d27df0f7dfc31,1
1521c5e9bf82979a6b8794e90692097d,60525d5b6a1658c5eea3c64713922000,1
15227c626cb65b59e12a8bd141e85247,6eb6618376baf873225738ce4fe760ac,1
15515c398e52f41ea2dd84fb77461e56,a487b0b761b1bae56c6da805a31000c8,1
1557a1c24daba73fb59e9291482064a4,4e3ebb4f257a1b5a8180093f6609aa72,1
1571123ba3a4790706ced4a3addabac3,4e064cdbe4079c84a33181a96cf5609b,1
158909ef81850b0ffd25419383fcd527,ec2d43cc59763ec91694573b31f1c29a,1
15963a62cb3a9bcf6fc25d700bc8a8d4,62ad9a8972411e333e16347051a98e2a,1
159ac2552bf49fe290890620c02d767a,5411e9269501a870cabf632f05655131,1
15b99f656b8a2b6a316dbe3b45c671ea,55782cb82e0efe052da0a3da237da3b2,1
15c502883c5a88805a3d30df33ec577d,ffb97eb64c6fe1baada2410288c04457,1
15cd6d28330a079fcdcd23372d2930c6,186fe07c8b8005ec6a498587ffbc1352,1
15d8ee1ac59990d69adc0a39e9de090f,e03102efbc2229024c89be731f0aedcb,1
15e48dca580bb25bb8074a370b8de399,461f43be3bdf8844e65b62d9ac2c7a5a,1
15ef8fd01187d42b5f57af41ef5a1fe5,a62e25e09e05e6faf31d90c6ec1aa3d1,1
15f0a9d284218264647a2317760f06b6,3f289108c4090cd68adf56e2ae40dced,1
15f35717f8fc5167d010bdf70a86a45a,0e5955fbbb16c3f92127ac470386ea88,1
15f3c00aa7fd210c009843955a9ca7cd,e6a5c36890bb6b3ed8a1dd32a9930b77,1
15f4d0b2acbd4c1deb4d62a8111fc846,19f0917ba5781b978298ffcd9ae225c1,1
15f88a36771492e2122d4550716862ea,8b32eb3053c5c248a5e547f8a1bfb859,1
15fc8e622a91144dccf887fa5525c3b4,03e931f387c2dd5b006aecdb12515b2e,1
161f3380ccb34f88074059e8cc916863,8b52d90d2e8716dad633486c6cc94ecf,1
163268204f062d206d34096330db60f6,64f905cf518f84bfe0fbcc33bf6f0e9a,1
164564995667621b6653afd715ba0e6f,0c5bb07e9638a9c1f2616db08eb0318f,1
1652b873dc2f33c68dc15bb05e7542e3,609092e5b5c4a202878eb9ba03b47793,1
16599d79f2e23502ad2b1d5ad017eb0d,d39421ec4cc2bf52e35f8bf00f1ec314,1
165aeeded3ae717287fc0fc25a2ccf99,44c06ea2624ec11360ccb3267b46d528,1
165cab246f7df81ab0c8f24880454aeb,bea978771d1c453faf756fa71f3bdd70,1
166c0a9fbab75b56c9be0d08f23878ad,a92044ede94468b593b5e4d92498f6c1,1
166cca2d65c48d84cfe64329ed713c71,af2d506fb01b724e03591349ad36b67e,1
1670832aa0263adfa1337adf89530561,94475071013412139f862c0bd7e3bb37,1
1678c6ae6e1ee4c4b06f224f7cff0846,c857b96593773e940454e76efa8eabb3,1
16826653dc051ac61430958fb64daf1b,8da77162e41d47464f9806727417cf6e,1
16aab56360dc6f3038a11945ae3f04f3,f25bbb88c1a219c21b1af6b99895b960,1
16b4fe84e11d113214ba5bfc967bf782,9aa9caee155847cddb376a05b9a39791,1
16cbc4e32c7cdb2964442a15b807711c,b36f3c918c91478c4559160022d3f14e,1
16f8771e0120d9557103d473bc8c4833,7ce94ab189134e2d3c05f496d635419c,1
17084ed39947b199ababfe28c0044b39,06edb72f1e0c64b14c5b79353f7abea3,2
1715df4e75c7b532c711759cac4d4148,17ad136b7421ea8690fded631b651158,2
174961a996b85068663a956eab55c2dd,e9b3cf27d68caa64832c4a7c460abcb9,1
17523021fe9a32dce622cb883869fa4d,6cc44821f36f3156c782da72dd634e47,1
1765717276473594d6231f90c621ea9d,14dffa241a078aeaebaef48a49e807ca,1
1765717276473594d6231f90c621ea9d,aa280035c50ba62c746480a59045eec4,1
1769a3ebdaadccc529c9e90afd139850,61a15da36ca0448be0565f8ee41dd37e,1
176e4214bb992cb6ecb6d426f39db3b1,22594ba8fd9a72ad95d352929c821560,1
1779d71add5370bdb54259a813133543,83f6e0a993efdfa2bf9550a204422cb7,1
178e7d9d5737485a7a3fc47c9bc32f36,f67d6f74c4699f7ccf3bd1c0786901c8,1
1796c18274a6cb3a6ec3ac02cde5389c,b8a0d73b2a06e7910d9864dccdb0cda2,1
179e76d91b4cd478d401bf51007fe61a,4cb922d064b9a86b25b900350108771e,1
17b723f5c85b44a1dcf96dca43d3eb89,d017a2151d543a9885604dc62a3d9dcc,1
17d6df4096a1c00747f9ce42da818f96,979473e8af1d4eaf4b889a0ba32834ce,1
17eb76b7c89a006386dc854560588172,39aa98469aa7460a9764311b3f8efb12,1
17effd274d2fba6bd4b91ac477f63991,54d9ac713e253fa1fae9c8003b011c2a,1
17f213c0ec73d313a15ffd954cab9a5c,5626de2494437b1b23f9f6ecebc25faa,1
17fa34113bb7197374bed266c6b35c05,53759a2ecddad2bb87a079a1f1519f73,2
180831157f2fd84ffe435ec095d55ce3,151133751552ad5bdd6645dfdcb0e728,1
1809b56e12fc169272b817677c509ddf,3efc7a945462447c7f6219f14ce3235a,1
180c7a296ff543e42cdb420d915588c7,623fb8cc5f36842aa32650e2208a08c8,1
1820fb81da1c085080a3620fc0383f72,1491a8ff192d4b5c369b0eaa2fe33ee5,1
183c36801d485972dce2562441fbaf1d,08a58dc963320d6073623382b9ceb920,1
1842c33f1a49f4a3f653e28a75254e38,547041433f87f5c5a9ef21b598661cd3,1
185cd4528ed02f7755e844caff8d7e5f,ccb125d39320e9d900107ce4109589dd,1
1867fd3a705e13f9043a5411e03958f9,54f45413afc0d5480c59f5dfeed2d19f,1
18976320a78fdd6d267719e22e7d0d1f,764292b2b0f73f77a0272be03fdd45f3,1
189a9545272771a0c7b0d302f8361b3f,a81e6e4ca394f33cd5a0c89188baecb8,1
18a43505c6a3ac1bab80c3ec5ff3dfba,ff8e9a180c931adab01ed6b3c44edc25,1
18ac7a8656ad6df90d87898357a8a85d,ef8856db4e302ad33dc4d91e40f7593c,2
18aef611c590091fc3f183f0d527a11a,d1c427060a0f73f6b889a5c7c61f2ac4,1
18c600236647ceb2919a8f9adc3ab76f,63a02e48edbe315a16efcd9c9a389785,2
18d40b039819845ba47e637971b75735,aca2eb7d00ea1a7b8ebd4e68314663af,1
18d8c43eed6c7199de077013a90c84a9,bce474cc95b6e77657e10939b0b4248c,1
18dbb42d3322bd536fae68ae41640e0e,93c902b021a9e594f658ab1b0351602a,1
18e8c826c91f467ecc07f9e1447b8860,d189fbf8b5d79a670cebcaaad68d77b2,1
18f3077d69b15607009c3d0d581f5015,02ce467092b184e71d3967d29110adc1,1
18f5e10a8304a6dc7571a8e8c527be5c,d41a2d62b53242957d8f2107d2e82e51,1
190bec9db381391c8fb5d55583bfaf76,5a7373ba4c9b3e13513ded06cd1986c4,1
190db53dda370cac90e3b6a5c431dcbc,e5d6523f4cd63e1347ca8407deda4ba3,1
191057ac1a2c11230cd526aedff60212,1e1d5e507a02d77ca05f0fbd4783af9c,1
191c6079fd74bb14301873023473bb9b,95c2c14503645a9f87cf2401c523482c,1
1921bb5b1168e57bec4df798ff60f33d,dfd89d96029976badf7fe6a83f5f7ae2,1
1927c5e53ceafe1b0d6a5ca2f20286d8,02f5620577c231921c3b01678005d2ba,1
194bfa6e3a7191e554f24e92d2651ce4,acdf83e7694c8eec22e6b19bc59f4e60,1
1966bc82aac018dbe08a465f91380268,85f709dd4e8f207aecdfaeba8581c1f0,1
1969cdc47033bdbeaf28db2ee4767fb4,f0f464c1300173b9ed4aeacf16840936,1
197479c6a58d8701279290ce3906b5bd,368aefcea6b2454dff5ce8156ea6766b,1
197479c6a58d8701279290ce3906b5bd,ec268f069320a08af47861967e4d7bee,1
1976d7f092d9e30dc6f65e2b890f67f5,be59d6c35e43e4bae41772d4b87136a4,1
1976d7f092d9e30dc6f65e2b890f67f5,f6434e7eb6bcf886ebd61c123c5bf060,1
197b426cedb5936cdb34c7ac176d58b9,6c706bd66d6df5b9eaa716699943efd0,1
197b426cedb5936cdb34c7ac176d58b9,ff7a70b3356d433014b7d6957ed196cb,1
19a06d501ee9f39a4e1e0b162fdbd6c1,457cd0a99cfa977993e4eb6d98d95abb,1
19a5ad83696253b7997c545cb5a3130c,f0424e66b65e73c95273f64fa036f3f5,1
19a5ca80cf395c030351690c416e5a7e,a6fe71f0756d773ce5cbb7564f049939,1
19b8609422fb5136ea6a734a121c3eeb,fb7a100ec8c7b34f60cec22b1a9a10e0,1
19d3b4fd08a486d08ad689b78d9e489a,0b7eae36ce650711b7697a9ced9bacac,1
19f1fc491b7b350f93bb538f0cd48912,3948f284081821f4e27ba8c23d4cbc9a,1
19f4e983f8f05b7de16670f8a0cf0ac7,2028bf1b01cafb2d2b1901fca4083222,1
19fd0868f95ae82311ca792f5f62a0cc,aed75ad669fbebd5a385ac7cc2ae7573,1
1a00ab086e473de2fb5ec217d4c6ca0e,bf128711128b70eaa9e07df69e9a75e2,1
1a0bc7cbd12289b4c6429ca29e1b9b84,b59fb744c6f3cd1dc23b10f760848d98,1
1a221d573dcd10a28057c85e2929287d,7f72a8900b3d2fc8fa2635b7836d6e6e,1
1a22a929e1167b7a71cc69544814526e,0aabfb375647d9738ad0f7b4ea3653b1,1
1a22e6479387999f2ed113ba43c35c52,e28fdc5f658be194523b68dfbeb186cb,1
1a2c6d2c691d8bccbfddfd90c575c6e6,13db47eae724e2848e12b71a617a3a41,1
1a2fc84ac9642ad8a3cd748716e498f0,e84997d75938765ef99930f908ceedf4,1
1a3be802bda931a4f7b09c60125d2e91,6b7739f782cb37f71cc80e8151ebd6ac,1
1a455c3578447cae5fde99531bb7dc8d,6a1c65dbbecc1ece8c22856122a774ac,1
1a663679384785e911792fb4a86d61c4,737d985cd93b0a4844c3c5847d945ca4,1
1a7bab6bcb194aaba51c9e90c7d27340,a10e0fcb1c409869c3c6da4eb13b7612,1
1a7dd5dcad819da555d5d310e108fd90,741a31499a578979be85db7f80139e62,1
1a8552b5f5ee891178aecf797f750d6b,2423252b2432f1803e4f29e0974c6cf7,1
1a8582fe2b31a03c19ea05a47f1ff106,f7e0fa615b386bc9a8b9eb52bc1fff76,1
1a8634298e40d90da9a1b11d1434cf2b,893457b85c57941d73e5e016da350ddb,1
1a8a24b6904f80d445faf68aaa56ce35,8d807314723c710366fedb04a2b24508,1
1a8ee097c14bb88b04f6a66b4e966d21,9f9a54558f0c3453b36512b59a4be85b,2
1a9539bf502eca6d99aecfd13c7cc0a4,1b8ee158f59c098470fad33f39660964,1
1aa505b34fe90da06e7a0e78479942e0,921d31a1daa51460b7a95ea5f3ab64d5,1
1ab6125543a9b83c86116e3facec012a,439c095fb7491d1eafaba9c336f74247,1
1ab8b0ccd36ea396e05cb069c66342d6,5e34d2963378695699827b6e629392b4,1
1aba9d2a7b717187271edc2f163c1d89,72f50924c42f32d9a236b7602686a49f,1
1acfc461171cf780ba4bec023da997aa,154e7e31ebfa092203795c972e5804a6,1
1ad85378f72ecb62694df328c7ebca32,54d9ac713e253fa1fae9c8003b011c2a,1
1add7aecea2a636b86f6c2dfdc40dcf9,54d7ad85b648d3cb2b7069ed446d7f35,2
1aed7bcb3469dbda3ebc61b12938a4ba,87a71ae93900ab55fcf685c8040769b3,1
1b056cf6b6263ba5fb8067b76857b66f,a155b4eeffbbec8a728eb1ad73705153,1
1b0c2dd1418689199f6f7332f7a96e26,3ac29f1f25166dcc60b97e65d9a5885c,1
1b14541f2e9a154f71cca55619ffc6d5,86133a2151bd98a3ed2ad758709e6d1b,1
1b17f53f320e5983dc5193285284d471,ea44caac707f7f1325182a538007f838,1
1b1aeca72c529981a8939da6859c4db9,c4baedd846ed09b85f78a781b522f126,1
1b222a0f1414bd06b17256aebafaa498,1b0e39ec889889ea1d492603d8512bfb,1
1b373354ee8504335880567cbc6447f4,4d0ec1e9b95fb62f9a1fbe21808bf3b1,1
1b373354ee8504335880567cbc6447f4,9ad75bd7267e5c724cb42c71ac56ca72,1
1b395661662ae598efa04e058294bd16,132893fa155be7225b6ecf7d4fe3ce9a,1
1b5c7a6245081fb431cbc7e64302454f,372645c7439f9661fbbacfd129aa92ec,1
1b5db70f5a471093cb88e558bdee77ae,4a300735bc293723103db0d0c1bc1585,1
1b67338cfe3266cc110de1e402aa6220,3db75f31b76375c502f64d550dcd1166,1
1bb9aec4f2cee2853d9083e747f00db4,db05baa32930ca5fbdb515b0ff8fba0d,1
1bcb8bb3f3503ef8b155d64e2e9ded0c,cf6514025ef5d3a93d69d2a7bfa4036b,1
1bd7e7f56fdc321a90128087e3e3e220,f74fae536818c7dea74d1e3d629fbbc7,1
1bd85c9d65bc738698fef11a58127278,93c902b021a9e594f658ab1b0351602a,1
1bdac4a3a34433f841a6006a6cc5a392,d42f88e62ec14a8a5465cef3841919fc,1
1bde0d4e3110504dff1154416342f246,2b7aa376a6e728560bddb5558cc48e89,2
1bee2327fc9d466e7cc69c631f6edac4,c6e4094f85503e051a1ae5e213d5d1ba,1
1bf39be5be5d9dbf2a3ab9338e5d3f75,3becff10d1deb92b02f2a1ee62a04524,1
1bfe620be823518320575a61861437ea,e502a4cfd9526d141774f8f7b3d2f782,1
1c00c415c262d2dc99886b3b272bbd4f,8d1cfc0463b545928bfb4e589e017bd4,1
1c01b6e99332e712ccd834ae02122d20,03b29ca1beec2e03e15a3b980c1505ed,1
1c0c100dbd7780831a70ab4e78c5a584,75baeeacdb53150ac063abf52e4acaa7,1
1c0e9c6e7bde47b5745198ab7e521c1e,e189bc4d676ede235d3380dd1cae2a31,2
1c1bfb2cd4aa789067295941c42120ff,41402af2a88247152583bb812ba235dd,1
1c226c6651185362430dbb00936b8af2,01f2d77d8a63937c77c7128ce4bd2ada,1
1c407e8ac340a7e03e373f42afd8586f,4ce9ab528124f89e091b17d11aa2e97c,1
1c45c50d6eeeb77c888f37596c99ba5c,bb50f2e236e5eea0100680137654686c,1
1c476e17222ee78216feb6a315ef6be1,c03d44fcdfabbabd5185c8eb60f77aea,1
1c545e18dbd33788d106af49dbb438cc,16241e79b047426033194065d8b321b2,1
1c5a18f7ecfa0ac0afbf4560a89f7dd9,a8fe47ad6f852f93cc92c7b408687de3,1
1c6e766d755506bb1e7a7dfc0fe44bea,ad2037645597db38527fe3afbe226af2,1
1c8fcbabbadcab634eaf27c4fe94e6b7,b30bd2570ba0ad3ce06e785a7b23d544,1
1c9eecbc0afba71d4f1402106b1b36b2,4ae634441e444ca4bc85903cafe98d73,1
1ccf8703dabe640663f7ec1f4c723b6e,629e019a6f298a83aeecc7877964f935,1
1cd22e66beeecc44840a7891d76b13d0,36f60d45225e60c7da4558b070ce4b60,1
1cdfd76e4dd6e176d18ac6365c083ee1,db34e1e6f14cc3755d9149fe8a1de9fd,1
1cfbebf382876a6c3600d143776e8dff,aed75ad669fbebd5a385ac7cc2ae7573,1
1d06482d82c32c8752f4decbbffe7623,d04bbac48960ecb7ea311b00ca6e1cb7,1
1d088dea8732788ec35dd4ee6dd76112,09ff539a621711667c43eba6a3bd8466,1
1d257d261370603b279e82cea790cd1b,f1c7f353075ce59d8a6f3cf58f419c9c,1
1d2a30627555e9f9e4948031b23ae4c7,247fa5b4e2f524a22b21ef256ffc23e4,1
1d2f29cf60dd1b256e7c0c5fe02261c2,8c81ff84f8301d0db2fbfde90da0f5a5,1
1d35081c83698d93ec64ebe2d6cfec9c,173255396ec907ab516d3848dbcc98da,1
1d38a317a5e9df61d2bfbebf4cc20068,a3a03c131926ec14d4c9f3ef03016b24,1
1d4141882e86028ee4751bb58410b53a,683d1efd7b8fb9bbe7e78c7436f27248,1
1d47a5754e0491baeacb09c0f7bd180c,757b6da408dc043a090dd89a90e8d4b9,1
1d53f05ca91642eb19cd75a96296c152,9e2d3a8d8ffad53e2e35282a2020221c,2
1d6509f7241d41656e3dd4b9980a3a0f,db6b576f5ccc24add9999afe03841cf3,1
1d71abc211d9e085a279414c8c50883d,aad1c338e2a8906e2040a2fb0861acbd,1
1d74c4004d50d7e81bf1a1643676a024,b6bdebb92f595f00c73bd42e0e3a8517,2
1d7e831db788682b2ed3a961e3c3ca8d,ec2d43cc59763ec91694573b31f1c29a,1
1d7e8ca9d132fb1570d6290fd89cfb72,e1da6ab77f4859eb17950e5df1c0f815,2
1d939505d1db995b5d0cdfdff5606a22,7b85e3deef35afd6ebed5461ee8f0641,1
1d9661a2b5132a10361202e6d79235a0,a564f50791e1677ddf2801fe1e8365c8,1
1db6fd71da6b8e8ddc494d957697922c,777d2e438a1b645f3aec9bd57e92672c,1
1dbb6a2e118d81461c712bdb93398726,4cd6ba4ea3112de8fc238307c4dc6307,3
1dbf434ac2c0271c0a5222be25c8fe62,8092fb20e422a961ea52cd441b5a4244,1
1dcbfa08476cebf4fee1bc3d400389a9,63de2743d05ab59d85caa49e49459ac1,2
1dce77c0f8f7a5bd2487cda13f723220,2367943ffa6af39caabaf4f8f90e0d3a,1
1dd87680282666e5a52fd7f3a8abfe19,a2a61ecd4e916c3ff787c137d23957bb,1
1ddde5a696caa6d5f0130742338cebdc,64fb13596caf118c438edc5c6ed2d50a,2
1de2c9cd88fa2491be39710a830eedc4,163e6400e6dadd0fe04775c5e9331fda,1
1de2c9cd88fa2491be39710a830eedc4,920840f7899b13c467d223950c89e9e9,1
1de8615754a9427f8bc52efdd114bec5,7659404ade89460a4be1c11ac47d5f2c,1
1e1f25dd8d5d50c2c438163bfd204126,b5aa3dc3e3492bfa3dfed618a413e779,1
1e2322453e139f015d7a024b4eb6dbaf,b35d60271c8d79aaf431cc378fbf92c3,1
1e292a1892337d76520a685fa78c3280,10262dd1d69315c5a855b40812520578,1
1e47adc3adf1d905c6db3afb5592a8f8,776ef0ee36e20757c513e64903f1fa8a,1
1e5317cd1def009c1067326813a9a727,1b90de90abbc056f24e0fe3c721a88ee,1
1e5aa0d19c1129b3ebb1d369ee0a7d3e,d1c427060a0f73f6b889a5c7c61f2ac4,2
1e69e7df48c7b57590cd5f3877728f54,12a947baa3e0ab6254ebfec789934fd5,1
1e863570fff8e93ee7db14d56d826a6d,e78506414d2563b6414cfd84b7fa0802,1
1e963b5f838512cd33a77e603b7098fe,3bbacbe586e957acbf26c63b3ed532a3,1
1e98ef30dc6e4aebf3cedcf0bc5abeff,7814c273ab16783d73a9863ebfa8b141,1
1eb5bb873777ad08b25770ab550adf72,42a2c92a0979a949ca4ea89ec5c7b934,1
1ed0b85dac00765f5ada1d0b4d672f4a,93c902b021a9e594f658ab1b0351602a,1
1ed0c832c2dd99570a59260e71768bdf,c98bf47f7bea8f3aee82fa023786b8a1,1
1edfcdc4a172cc6fc9e97a8e42ca5071,a6560efcf4467e1e097914a84362b833,1
1eea92a9a3b1c77089df534a0f53915c,1b92f53b1a02ed873cc9edad59d2031b,1
1eed103f8b907394cdd735079da8a6c9,2ccb88cb2c4943230baf9a184b76b76d,1
1ef627892521e8ab02bb728a2bb2bb65,4520766ec412348b8d4caa5e8a18c464,1
1f184001b4cbba29eb3ddefd7b0a195b,99a4788cb24856965c36a24e339b6058,1
1f1d262df96204aa695fa4f0075ea33c,e4c9d4670d5132aeded7f187fe4de0cc,1
1f20251f6c6f041933cb5b7d996795d6,7fa79f73326e6b9b13b79f60a435d4a5,1
1f26a8a77f3a3ba3fe836e46e4990c36,570901670f29d0410c85bbc0b588d23a,1
1f286139afe2eb2040a68fee6e253eda,2136c70bbe723d338fab53da3c03e6dc,1
1f468c5a64641a32137d557ade625dbf,bc4cd4da98dd128c39bf0b8c2674032f,1
1f47727d222a72bee5cf240bd1380f3b,62953ad36e6c894ce69fc72d9a5246f3,1
1f4ef6ade0241043e777a8e9d3060ebb,57d2fa6882b789ad55e86074398826c4,1
1f7eb278ac36577f745414be0edd1b67,965ab297b516455ba5bae37d17bc51f8,1
1f849b0c9d0b1d49cfaf183090f9f2c1,389d119b48cf3043d311335e499d9c6b,1
1fb653faa25a3b5aad140fd39b886bdc,651ddf320f742699115641fac3e69bc9,1
1fcab6511187a5fa06953d7c28afe307,42a2c92a0979a949ca4ea89ec5c7b934,2
1fd573985161f34c098e4a0eb1e3ae71,ec322025096f33818acee169e97d5b97,1
1fda20eaf383807164578b4a45ade230,45df8892a1d74d2e8f960dc06625fdab,1
1fdbc491b5d027c76d77bd7c916dcd14,99a227ce7657e0627fae79ca776081c3,1
1ff6fa617b2b77f6844df0191949925a,bea978771d1c453faf756fa71f3bdd70,1
2007223e672598a56eef0066fd02531c,34dabb8af33b3756cf72df05fb327011,1
2009e285643a9f9aaa39ab0b1a680882,04dc26a02c448f6f2b914f01c2902ebd,1
200c580999cc1e2c937f6e2f82eb04d3,5657897eec3381c5a9aaf19be83f16e2,2
2017aa1d9a2706825014b8d3aece07d6,33924b6ae648c8e31d519ffba03f161a,1
201b58d5423d38890b0a7b833be416d6,5b3b5f9ae84ca9ead3138b199420cc94,1
201b58d5423d38890b0a7b833be416d6,9154514352d1fa2118cef7a94f364687,1
201c502506773c339fce9789f0528a6c,d0efdc4a1cc12f88f6a290fda8861fa7,1
2034cc6d6d517007a9ba3e22ba643344,3efebb35470259ef6ca0f8fa282631f7,1
2046f63743ee0e7925fd2575cb194fcd,7a5df623713bbcb94a51ea4540748c12,2
2053c4249878bd1b9a6f4a22d25dba09,61509eaebb2d4bd1a7511b1a75703f8c,1
205a1b52104efa306fb9a38c0cffdace,7a3bc1b5f3ad201ecd5d03d51d34bedd,1
2065367b25b692b29bfb6b079ee1df84,ca4fe13c336a5399a892b4afabb17abb,1
2067794c960bc6a1705e94651086144d,252dc7b8f5d41ea6efcab73213ea1417,1
208a1b9c48657302f6c38ea8901e2bff,be127a8a979cd5d591ea345f10bba28c,1
209ad2bfbe7e0b781a5d22d92ec099f3,8100d323ffa1909cfcf9fdf05f20b678,1
20a043e654e799b1b633644c0f1e17ed,926d11f0e2a1171fed968faf5caa8f92,1
20bf7628a9208e11a8d7189b693cbd3f,fadc89c2a60ff96b18827644074dfd70,1
20c6e80eac41498aa2df150ffd6b4acb,d578aee40a4952269523e4295839781f,1
20d45783cfee5d4d288de20095fe7f9e,3db75f31b76375c502f64d550dcd1166,1
20e9296ee6e31e906dd832d82eed92ba,90f83991bae254d0fd02bdddaa20b340,1
20f28dc53d568446389f15f46a540310,b496f6a5bc0c6f8ecec1b1d06498c702,1
20f758e9dba50eff29eb3fdfb3bae053,7ace8e994998f636a12d3cdc71c6b942,2
20f99ce26ab1dcd6954644b2d76102de,cf92691b3ee30045224020f9ae5ae42c,1
20fad7bda07c51e347aa6f947f5a6771,76ec315dcc55a9e20ce3c0cd6124a9b3,1
20fbb63a03f5c997b94b54a007f52af0,368c6c730842d78016ad823897a372db,1
210b08387f3c6ad661e503e31e713a72,99a4788cb24856965c36a24e339b6058,1
21158ecbcab099b4dfa5f3d5a1940e37,236c8998f9a6e6150cdfb75fed83c15d,1
2128111e20da14bbe224cebd51250888,ed38e11473775cde0d65f698aa0a4d27,2
2129cc3d2764d1f9c4618f6c06f40f65,a62e25e09e05e6faf31d90c6ec1aa3d1,3
213e3a3c9ce30d4d0d2965e45b656e5a,8814a3da37fb9673a5ac06f82a2a00a9,2
2155e6e404e41736933c696382c1328b,1e6981e727154bcd941d51fda894b183,1
216a6db6f1a98e8e2ba140b34bf17d8a,e5bd04e8e3cb77f1a49404d588d3e528,1
216ca7984f36f840df4e983b578856d4,1d33febb6ca114fb1b9490005ee49de6,1
217368c0bfd8d50699dfb3f303d4c387,b8a0d73b2a06e7910d9864dccdb0cda2,1
217caae919f80154b36236bc0db9f9b6,694e58e56c74114ee0628c25f3f26f8c,1
2181c158dfd236e9c1854c05f1bd6fae,4c2394abfbac7ff59ec7a420918562fa,1
219399e5496f8ca1dc6f68753131c084,d2bea3c01e172037caa99b2d138f39d0,1
2194b4c1bf6a6a4c1990166e6250dcd7,4c2394abfbac7ff59ec7a420918562fa,1
21aa64991ef081388f1b8332dc857f71,15bb6bb477d5bbfe167f6dc44b6846a8,4
21b1540ea5bd484a35a8b46662a0b756,9ecadb84c81da840dbf3564378b586e9,1
21bdba219d8d2f0f3795d2d97d8e30d4,14dffa241a078aeaebaef48a49e807ca,1
21bdba219d8d2f0f3795d2d97d8e30d4,89bab87bf3067b3e6614d53338c4d788,1
21caa667b0f79c15b879b304f8f25e9c,271ce3fc018562e90257af8cd2af06bd,1
21cdaaba011d5b8ff31fd69ec8604197,2d6540e715ca18c58c4aafd86c172aa1,1
21d1c2c0b399a42369744faf573109f4,322ecdda3eff7439376c27a5114fd114,1
21d33cd24f2d3c53dac9f3ccca13d0b0,165f86fe8b799a708a20ee4ba125c289,1
21e3291def7e45a14942cfed084ac9f5,8ce6ed44410ccff5e5437f5d1ec012e4,1
21e3335e3f6a66b540ade23f25b6bb41,29fffacd0907d0944b7af35086efdb43,1
21eba4e14182cef9794979f9a85eb20e,8610ba48fd9f65656bc2c7a9474185d9,1
21fb2ebc5077f72af04e6ead0763eba5,fb6782985a98aa8a59238f58239f6f1e,1
22097da834760ca931dadf04cae76bbc,ef8856db4e302ad33dc4d91e40f7593c,1
220e4b027f0294fd79d2869ef67e7db6,d7faab3fa0091d1220a8ada9cae1bab3,1
2218eb19c121b3d073793364f63dd895,eba7488e1c67729f045ab43fac426f2e,1
2219a3cc521a24bad7f19a67dc498e5d,ee0c1cf2fbeae95205b4aa506f1469f0,1
221e9ab15662a1eecda80cf9768f81eb,cdc4af478fef19f03f1d0353c00271cd,2
22360d91bbd2e1673d0f44a9633b2f7d,634256dbcd184b3757ffd7632c9fe52a,1
2237144a10689251d71b7a4d2784cf81,f9259c9e7c0f12c70f7a81409680a5ff,1
2252a8e7351a7c00efa61874788b7cfa,b166907a5770631b7deedd0891b1b7ab,2
2254b94e0f630fbf407e03563b0747c5,389d119b48cf3043d311335e499d9c6b,1
225c0949be781e5efb085b4dacb0a4a8,8c292ca193d326152e335d77176746f0,1
225c6e6a5627029ce77a11c6d501eb6a,f4cd030cd445192809e17afbdec67f56,1
2278e9011d364b2ad3dfc2ca4b1eda17,f47aba0548334576be219248646ff695,1
227d084a3c26346a30c2d1007073b49a,43f911ac50adc19a96cd523ade4e7cca,1
228e2652b503dfbd248e6a13a30447e7,45e95fa9b4822fe9928abd8993cc37ce,1
229d046873d7452a773c42e0f35916f9,9c8d68903b5106018c797e0e862ae55d,1
22a6db51b1357ce5f7a02fc19e677390,8c292ca193d326152e335d77176746f0,1
22abcf13104241895955bb0cd5ecf2b5,3fca280b9c1738d8d7996c7373d3ecee,1
22b53ed9754711b0c879e9269ff9072e,f683f3a5d367251ac1a86404f15615b5,1
22b6b404010c1f6864e347b5202085a6,b532349fe46b38fbc7bb3914c1bdae07,2
22d1ef39066f0ba1bace4f31e209d5e7,1d6494a42302dba967b0c3a9c655d1a5,1
22d8ce67d81d6155f428db48eeb6bc7c,8c5876b1c7768217964f353bc7e64393,1
22f687d3f54d8409933ee0623773b2bf,7e646f7e1e428a1ddde5a18dd9d42e95,1
231ab7a5eba5d3bb4cd2219ed9c25515,be0dbdc3d67d55727a65d4cd696ca73c,1
235702411e5214f0e4a0761bf5ce9e99,08574b074924071f4e201e151b152b4e,1
236208b57e73c7feb1d9983c80982ad6,b73091f98b819cf7a339f74ece86aa4b,1
236ec63256bb9c3e17bf8a07a310e353,bc74f63361c15c1a5baa5b97ac432e62,1
2378c9eb16e57f8e54b53be8009affd9,20d6d5469584eb71125803455ccf914a,1
2382733f0f5edc1be5b3b4e3a6ac0e17,11068d52d5927407c556ffd893c3feae,2
2397863318f443e6971e4c13ec92ea1c,aa5d6a9bd4be367ae1a3a29c323c7c11,1
2397dd19bf74da4cd1fe4b5839199d91,5176d8670222d50ebbe4d4c5dfba2b49,1
239e040dfb9ecf20be36947bbea5fa0f,7a10781637204d8d10485c71a6108a2e,1
23b672646bb77ec71ce0c7f3161bd131,04ea63ab87df726ebf45c0982dd90a1f,1
23c9a4af50b6e7ca6d5843acb4632f71,cac52d956eff0cacf32f4b0f0f3aac5c,1
23cc364ad40066c905c1a07e4971621a,bdae940812284709dd5e300831735f64,1
23da49f483f692acf881d30a6f729736,5d66715cc928aadd0074f61332698593,1
23ddf94544227d2f8d924c2051a6c0b9,0d7312f1f397b109b3765a2917e45b13,1
23e090daa2ea17dcb009709652faeed6,8e630a6101b33d99671d79b67b87052d,1
23e74e2cca6193a0e238483464222068,b80910977a37536adeddd63663f916ad,1
243006bde78b37ee1cc3a24727e8f5de,3904e66405ea8ec8d104534682a38c6d,1
243006bde78b37ee1cc3a24727e8f5de,ed5f0d58e27cf65a07283c251747936f,1
2441a0481b3df45bfabeee5e7567b5eb,a37a8ef49db46a932a778ab081d7c40b,1
2445f5abc357155e6dc516632b02bb21,32e390b4e48d09326cac6e93679160aa,1
244f1faadf05eaeffa26feab068bfae6,339dea747edd309d3de1cc833cd28137,1
2467f4b55c35ab6b015f09d0312570a3,0e53d55e7f56c386b4545fb0e9f4dc6f,1
24867a30fb114e68f333a0645f923497,0bb987ba9ab94c3db5f831375f9d8a5c,1
248c47650075a87ff142d4227837be6c,97868e08c02c9f4f6b49ebe5a4d4dfec,1
24942dcaa62f0890aa97a575367249b3,9e4d5a527ce5c7b4fd84f460c035c3c5,1
2497f94fd70c1ceb3b57e5c194efc4d2,f35927953ed82e19d06ad3aac2f06353,1
2498060e3aa39980a87949fbbc7ae316,75936c7c56bb713ac42fd32183535958,1
24990bb0b93389a084c6a0a628f2b544,c5944369a5cc96d600713f640e46ab5e,1
24a7e57f0bc1f83651b27e128845e8c5,8db7c6497625f4f17d770bd01912cbe8,1
24d945b1286e8a0d63718f7e90c272df,b3e40ff639c185b9d726b4b19c17e6cd,1
24e1a42b856457e1d82e583454007f41,817e1c2d22418c36386406ccacfa53e8,1
24e440e12a72cd7915b6353c325e9305,d3648df999a7213c708253a32f095b53,1
24e735f8e286da301a91d26b847530b6,f7bb503725fb4d7bb55301d5bceba728,2
250f08b15a366c0a8cb7f4e6ba953167,aef8207c2e91f4fcdbc0824737abf358,1
252e3019a511578779f6b9b0887ced45,980036ff323e235a27b7999d343a8990,1
253a835620b86f2b742b951a6d8ace3e,ba4135f821cdef6d31f783156eaf47f7,1
253c9223dfa3bf75327514da2145fe9d,386486367c1f9d4f587a8864ccb6902b,1
2543c80010d02dc24fe29ea907085409,8bd9ea581812a401d20fdccc7b8abb1a,1
254b177b6a8e7c54a3216c70c77453d4,466d263ce8b7bd275003ee2104428127,1
2558577bf1246b4a3cc846fc1fef3bbb,fe01b643060a6446e59f58e3021e66b3,1
2573207acd565358bd39471c79676c5b,93c480c7d11c68ba0a71e850da61b674,1
258b5a6816fdca7a218868c01b0e6bef,0b305b6bc4dbf84489cd367380955d18,1
258e996a14e61bfb2f47235c39bb415a,dfec64aac9b864b2807a7be33222b75f,1
259a820d067858fdd33aad502d61c2be,3ee59eac7a0e259bb24ce5270d0bc901,1
25a6d4599c06263efe994de519d09ea4,c6336fa91fbd87c359e44f5dca5a90ed,2
25b1719c0299fd49ac7adcda9e05da38,092efe1dbcc1a4752b17a19fb6de36dc,1
25bf4bb4d77019e2eadc14ac245225e2,8296481ad888f93f5dafcd25d65b09b8,1
25c6b9cdce83cd1359c01f00b9b239be,b5285354b7300aa056db9c3b73e50cd0,1
25cc5042606c108675729a1e2967486f,2b4609f8948be18874494203496bc318,1
25f2cb8613c844fb07e042433a5ebde7,a94815f2cf6c4c938f0223373e7b88f6,1
26202d9135bddbb2c51320f58bfbc92c,1a0bba83632b7dc923d939a7fa2c4530,1
26445343c024875dba1b18ad8178b905,1526b7538896e188f3072a7ee653c6c6,1
26445343c024875dba1b18ad8178b905,25faa7f2253c7e5c40a0ffa4d5bbdb25,1
264ccafa6c46b43174bce09f9f63228f,665fa52751d42dabaebad0435662fe13,1
265106dcf47e77b56e7d67dbfcc3ccf7,42a2c92a0979a949ca4ea89ec5c7b934,1
265e3c18ceed2964038497b11ef3e4c7,656e0eca68dcecf6a31b8ececfabe3e8,1
26719a8eff2571760f7ea1a3640d9859,0496a7015a17628712e8720db133092b,1
2681dd5a56e6af9f8f13fa055acef08e,5a848e4ab52fd5445cdc07aab1c40e48,1
269dc95fb2e86fc9f8fdee385fd66e93,368c6c730842d78016ad823897a372db,1
269e3d5f088fc1f4b2a81eb0ce8ce7d6,42a2c92a0979a949ca4ea89ec5c7b934,1
26adf926f98621938dc6fa94af24bd4d,c42a54d639771f80d5ea22dd39a0d845,1
26b8d706ae17092e81e600c7ef41148b,39b86f4e3aedf22731990099a660a6f5,1
26d53bf7a3a1b1ec564377e78dec1916,79366d6a24de9351b7ca6e3cf75a68ec,1
26e1d3ea21548a63b4679f4e93f807cf,b92a7304ebad1ca5b393b53b2de5c70a,1
26f548cf7e36c8ff56020cc845f5df8c,9c7ce59c96e74dfdfc51f13a4a6c3869,1
26f8c9d8b0bd55432273ac668938f020,dee98cc0394b12aefccbad334b415c10,1
26fdb52d0382ebe750a8866b5bf9e5db,4b6b3a7072d549354c3743dedbf4170a,1
270c23a11d024a44c896d1894b261a83,5ddab10d5e0a23acb99acf56b62b3276,1
270c23a11d024a44c896d1894b261a83,ebf9bc6cd600eadd681384e3116fda85,2
2716c45b429d01350503e72e20c1a88a,a62e25e09e05e6faf31d90c6ec1aa3d1,1
27259d491734d9d1b58f97938c0a5c01,c777b9591e90c49e0745efb1051789ca,1
273cba7d43266b9fb2737824de113e43,cb81df0e3ccece253557f2a07df4727e,2
2741ad6328c6501b09950d15a0590167,8dff5399c7a5552ee041c8bb465e5288,1
2741d30aa289cae1b78c923cf31e6470,f62cbf4416c9ef8e1b4e8d5279891f24,1
276b9e5886dacbd1a37c6d7c55ab0220,cf1817039c1c86d9f7a5991817794083,1
276bafdc3963a89aa3471c3d83a9db4e,35afc973633aaeb6b877ff57b2793310,1
276d62910831dae81507e02314fd5a20,b141c668aca84c5877a5c66bd94fedc8,1
27770084d4e5308bcaecc64498773c9a,067c68a19be5d218b092cf260bfbd9cb,1
2780a5c4a40f30e3fb695bc67c9c782d,583f158587cdecda3e8bdea694021e39,1
2791a0bb5dbd08e4c03e71f53ea04efc,ef22b718807d8b96162d9b021912f178,1
27982915123a800b423be0df3ffd8352,722dc14e0848efdb771dca6de2929c41,1
2798733b7befaf90112c6730fcf737ce,3db75f31b76375c502f64d550dcd1166,1
2798cda6f228cfd59d3676f7d9cdb1af,916bcfd7e756e0b65372da1378d1c125,1
279bc74323fbd113f3ead45b2887faf6,f4ebaa462d32c66438985245a9deb62d,1
27b1dcf8d024957e6a19aa018f014dd3,8c1af0f9f41be02ab50d309e6d634c26,1
27b295de7abd15ea08c2dcaebb4a3666,42ec84ace63b58b8c5a7ba7be01d5fb8,1
27ba2bd6d097151f42bbe07e058a80b6,7c1bd920dbdf22470b68bde975dd3ccf,1
27c6db37b1f4e91aa4a4c1644b904799,1490307eb0bc9c499936ad716b79ca45,1
27cd74c2fb9278dc9a872029a1edc6c1,79896466715d0179d8e5c8a84e5f0a18,1
27d2e4ebaa061c90646c53dce7079645,52d9fae94c2e139cde2318ee1e3a9d1f,1
27e8c3e96456389b7fa9c1037960ee64,036734b5a58d5d4f46b0616ddc047ced,1
27f334c3f646310457b7ab3135cd87c9,8634ba98d69440265e955814c3e4cde1,1
2807ccb86c70a612c783f4d658dd8848,9b199d3982e566889a35509682da2435,1
282145334ce859131410fef262f98bfe,77626943dadc1bafb9625f65d98724e3,1
28419f064605a15eb2038c4790b4196f,555aa4ac569b61d4ce5bf8b6565f49bb,1
28446a6a76016b89f90c4a0e29f79d56,e899d44e1fbd1131a4c94b9f7bb1ff2a,1
284b5f3a0e56cef507a1747582056bbf,ea44caac707f7f1325182a538007f838,1
2860ca56e5fb60bf979dbea037d34871,b596e2d70dd2f5fb5ff9ee2a1c803e5b,1
2872fca71254241e3d2879ab4f37ba01,b44ac72ece514e2e7985803cf7cefbc5,1
2894210d5aba1fcc839762cf289cc56a,c450c2e066134b9a836264ba72586ff6,1
28a7aaa9b583fd1ff76b43273f22913f,c438c9c697a57d265dbb6edd8b174b2b,1
28c0c209da1b812e1f01a311024a61c5,1b2066a33aee5851ee3e44b10b36b3c8,1
28cda571c0c9c4d4eb6ffb191cce829d,e092a755ac13354974ebdaeddf39deb0,2
28cf24314e32e953bfab6bd5c19d2440,9b6ee5c8c553ff804dc0b0c2d06baa49,1
28d348bde67f80e5b6427e06648e0d59,f9eb3d4735a873ed48d15dea16183664,1
28dd168fc770453ccc672de7c71b3813,a92930c327948861c015c919a0bcb4a8,1
28de693affea36d16d7d74bb663f7c7c,b39f078aea47425a6a27417828a011a2,1
28e095aecb060344b8dadb5cdc0b527c,6fd29b4c024c598e9339e67a7469be43,1
28e7a5a8bd86ddcced4e8c761df469ce,fa381a4a9af65ea5fc8f3829214045f9,1
28ec50f091f0e77b714b91eac5074c01,0583170ba3f70162729f40600f8a4abf,1
291d88320a4586c8102b11eb0cacc89e,7f55769896fc6596e7251490b8b5e536,1
292b3cbe5cdebd3b58ff02871712f7fc,f7566c7c51e266442be8db4b8797ee1f,1
29461056d55b904562da2d9698e6a923,7532d12ded8aa3d108d6326a05466bc6,1
2947b1f5493e916b287414dc93e1e6b0,3c2f792f1041177a81913a977431a99e,1
2951177dd2ff5f7fb550f854733d1fa9,d272d0921188b0bd91542d704b21404e,1
295b66076a7255133bdc1adbb056162e,d902ca64b614964dc31d6b0372e800ac,1
296aac913de459261bbf2bfbb9980954,ee72ae8f6d0b11d7f04230fc894d7e39,1
297f627663a7f77e536fbbccbd449596,2f1927c926303d27159849d2601d5d96,1
29897a8ad8b964a9103acfcd3a0b9372,03e931f387c2dd5b006aecdb12515b2e,2
2992f232ff17cb4cab17dc4cd2922251,173255396ec907ab516d3848dbcc98da,2
2992f232ff17cb4cab17dc4cd2922251,30ac6df06dc59ad72cf2f158fc2d904c,2
2994be4afff3d620830bf66448ab08ff,fd220f6fd5a3f13ef9db07428f9c935d,1
29956a2d27615abad8aeb1a74d4968d6,1f58ebdc810e1d5c7cead7f763c27a94,2
299a4bad02ffd18f1bdf59f32617d8a9,422879e10f46682990de24d770e7f83d,1
299d84d9cf972bb72487b9e76f02eee3,a869ec6209c361ca46dad85a5530e119,1
29ace186c67ab06034ae84880cee3fb2,a5f6ba3fe91a2e73f10b612131cb2404,2
29d3bcf6907cfe9918a7d698d5bf874a,36ea81e90d1292dcdc3ad8abb09c20fe,1
29dbe7f526894b88b0404a0c9c396150,dd1759836cc99a88be1a42bf6673abe0,1
29e0e64fe43d5a03a37dc252ba6a1682,c55fe8cbb36a1353e443dc9e773b80da,1
29e96fb282c3989c38e825a01053c73d,afa6d9a2f3ba0d5b06ccd5eb4bd2e29a,1
29fe5fbfb6d35ec13954cacf85e3e341,af144ed65466a16118af719a57053c95,1
2a0d54a46700eac893ae93c57391536a,6a56304794f91b7996022b7ce5337371,1
2a35ad9f439dfc62d35a0202e71d6c66,ab5da1daa941470d14366f4e76a99dd2,1
2a3624bf4c3135d19877f48d340c8613,58662fc2ddcb4853532ee42a1cfc9843,1
2a55b31985ca766806f4be2033977429,c4baedd846ed09b85f78a781b522f126,1
2a62f1b9ad1f18bf82474709ddb7dee6,b74d57e3377dd78aace6d070fc48cc88,1
2a67ec6f5057c0733ef3944578189837,657247f6f60543b93e3cc708a8e6329c,1
2a6f4afc6cfdd2096f8b3002dfb30db1,fe59a1e006df3ac42bf0ceb876d70969,1
2a786d13278ec66a602d028cbccde4b6,d23c9b76b96f629b8756a657176a87d8,1
2a79bd6b8619530d1d3cc667733b9254,c21afe62d4629a660593fd9b5e6223bb,1
2a7b15aee777934aec99a1046e8f13aa,cedf309ce95b4a69d153dd219dd1cef8,1
2a7b2b2d08b5bda4cdd784673a9c5fc0,e20be15ef3888b958c8a76a2f0edfc25,1
2a7ba63c9e507356e5670b795ed56a18,7ab3f33e0baeb7d996e1f95d25acc003,1
2a7dd1fbbb9bd76389b3882337e071f5,5e8f674eea4267b3de326c3e2ee2c5e7,1
2a851126045f8187455b0184079abcc8,5328338cfaa16ba10561cd970c73ca11,1
2a882786bc3a3af530ed3405b171b09b,ceb43e52119b25c8f2b6049a5534c339,1
2ab287664f47af4b8998ec02158469be,4d8ac542663b1d53ccdae075bc2a15ed,1
2ad663165e9d0bf46c7a41509af06f2f,247fa5b4e2f524a22b21ef256ffc23e4,1
2ae858711010fa5c644f51532b9d4fb4,be3b8f91ced393f1ce60aacfb6a04c1d,1
2b01b5fb8141bbb9fcdc853a0e26da83,99a4788cb24856965c36a24e339b6058,1
2b02213d249d2abc717cc1c6bb4e9cb0,e1dc23d88d327fefb34f58df7d6be272,1
2b25f2ba843e1bae62f28c7f43211a06,7c0a2a31bc479e366fe9fee1f5bc62b3,1
2b26cb2b1582d5b1be9e122a56be6f43,c7b3cf9de7be95b3e09e7a63315685eb,1
2b27fae969b7d2bc173e466a742e50c6,7933eeb8cf79ae899bfac71c0edb076d,2
2b2806da6dc394562e9de965a3a11ac9,95d4fd03b0b54ae5c0202828f41bef12,1
2b36b6d5af0e2849f49bfb53c588c690,133eefb3fc03b13ebded258788747304,1
2b51b026f8944d9089c5b26073f26d86,43354a2ac9eca9f50cb31647c6d5516a,1
2b67890640821ea4b35b9c834c41913a,bd6e6fce9ada76ea2db0f1912e8e478f,2
2b829a337fad82db503dba0855ddb3ef,3b60d513e90300a4e9833e5cda1f1d61,1
2b8784fee7592d8c11a970f175cb5d71,0d3847e4cbb1d79d2e28b2156f1e11f2,1
2b9ce46a222ca88284736ce346d405e7,076e4ce53c8914382e7ff3732511b17e,1
2bb8c7fefc71b1cd9133f15dcf9941ef,b7605b5b483063d12bd90a772bff9d21,1
2bc5c92da6f86fad8ec9dfdd63a2b8f2,81de659bfde3389fc8614bfba92e585a,1
2bc76a59a92b61074b9ce50c9b60b96d,1d4de03a6141ce2a2ae5a97f51cabb37,1
2bd2bb24b32d017bb23235299984f0b7,7e437c1d65a7baab7e7ca6c9f4e98b84,1
2bd3ae402537c443ec6aab0feb74cd65,7612afaa8218e79b3011243ed9edea9c,1
2c08cc5dfb684e0bb4d3846b3171f81b,691f932fd9a1c168cbb5c579432de4fa,1
2c0f7357417a5ffbe649bd35a797804e,3b37da20f1b1b8d79065208761003a69,1
2c2c6d6306525aa4e3b0508924c7e553,dbb4ce89c8ed5fb6fd901e2e51093179,1
2c32dba7a49f14ff6c477b91e8a7fb06,6dde44b4172999f35f08654d06bad633,2
2c3e6d34925ae17def03b796b63e8dfe,c3040abf937069c3552391d63d89ece1,1
2c4976e1803bd84665c681555bf90dfe,7c1bd920dbdf22470b68bde975dd3ccf,1
2c4bf1b6bbd370f8ce5380fd47458fd6,4372c58b785f6a6e66899e62099b6ef2,1
2c5fa55f96afc893b29c94255b4b7ad5,ccadfeab525a9eb1569983b66e5075c4,1
2c699e733aa003efaa30199d2dfc4c41,afa545a68cd944454da238793813a4d8,1
2c8b917c5d7dd720ebe36a5ed3b501ec,4089861a1bd4685da70bddd6b4f974f1,1
2ca0ca2b7b63b62a682e006a9f55942a,19a5dc57b9f69cff2321395f3c36f9d6,1
2ce5aa9694357295fe3be39eec08fe85,f4f67ccaece962d013a4e1d7dc3a61f7,1
2d00fe84cd1a1a9f9477fb93510f323a,6c3effec7c8ddba466d4f03f982c7aa3,1
2d06aa2dfce404eda03c5950c4a35960,221682b067ae8e8460ae2517e7e25e11,1
2d2622ca8b7ae3317a869976c5513dc5,5411e9269501a870cabf632f05655131,1
2d2c4e5a4b0840c87a09fb9ecc7ef144,ab1f9387c0627dd24000bfbc54fdeee0,1
2d44f70281161cbf9bb10e22dfa63fb3,2d80845a6f78e68221e4965655a9a9b8,1
2d4f85e2a666df7f87ce6af544523dc3,127d3b28487be63864af02f25333decd,1
2d5961372f483e6ca5478477d3289a14,080a388eb2bd1051b01f6fc4ca659450,1
2d6fc313e9b54c69f0e3145d19ec6894,71a62950e363cbba0816448a733a58e0,1
2d9491955f2aaa6964262a95b669b034,e572ef4db3ee1a8e900245a31184783a,2
2d95ed08f50028787ce6807bb7d32462,ab9aa96e13784729bde0fddf698eb1e1,1
2dae38555287b3c42938a0688936c53a,fe7976532777922f0d60261e75f7ad36,2
2db1314a679d8c3199d69bca0596b88a,11bbef4e2a44601d9dd471aa1fb433e6,1
2db50dfe7ae7fcd6f6c1be67f24704cd,80d2404aa74015aa6cd21863642295f7,1
2dbe392b39bfc3fc6080a23ca79790bf,0ad48bfc4a5619823e2b0f24b3c0b11b,1
2dbe392b39bfc3fc6080a23ca79790bf,22f80c8069aff9c90b22803e6aec51f5,1
2dc678eee633bd28a1552820a8fa6b26,90efe66f56959c0750c866fd59f9f92e,1
2dc8d638c52999a8015152034bae940c,31c79131e883e5fd8c4c85fe9f7d2bb2,1
2dcab4404892ffbd359bab47cb5898d8,e01a5a164be7867f7684c14d2dc88865,1
2de94399dc30a8820e583410b32a9552,e17e3bca5027b6a1ecb3455d503f4517,1
2deb1b71301af93562fe892026531417,6f3b5b605d91b7439c5e3f5a8dffeea7,1
2dfbf74859104caf100df3720a1d833d,5d7c23067ed3fc8c6e699b9373d5890b,1
2e003756577bc36a2bebcec7691376bd,aff4c4ee166f76b66595e0bcfb983d5b,1
2e0bfa6011ac97514219d751ffb3e086,875fb9ce8ae73f00dff3c9e0f710fe84,2
2e19f8c8ec1187ae5dc50e54bfba01a9,629e019a6f298a83aeecc7877964f935,1
2e320174b3ab5bdd0bf8e2fe27e72b43,6b00cb3fe05c73d0acef3fd949a34c0f,1
2e5e8c70b061b9754a3421dfea97bc07,7189fb70393a0b87189f93f19655f8db,1
2e86656bf35be872232e7ba55c1fd751,84f456958365164420cfc80fbe4c7fab,1
2e987291c3fad1c8a06a9a93bcc3e03d,776ef0ee36e20757c513e64903f1fa8a,1
2eab8438ec51150fc124df8ed968f7c8,f264c1d9b20b5e4a340254d0405e613b,1
2ec7666d1077597d4e4ff2116a319530,91b08d34d0ba4db44da2dc382867ba49,1
2ec93611c4a36c30917dcc0ba589d5d9,a0eef953cb25bc9ae40457e1c3c82946,1
2ed09823e71fb5ae028dc8c32c3ed539,017692475c1c954ff597feda05131d73,2
2ed90ffb1b6c71daacbd9acd0cbb79b3,33202a8e7a645388c41ed714203d7131,1
2ee52ea8b33b321f4402e2a0edc31eb4,bea978771d1c453faf756fa71f3bdd70,1
2ee6a7340934c1c8c08bd9ec1187e919,dc52f0f5d3ec37a93eaf956cde4e5d2c,1
2ee85e880c44486eddac3fc64c33b9d1,2028bf1b01cafb2d2b1901fca4083222,1
2efe619ed63c5be4a6a68c89cceabecb,bf128711128b70eaa9e07df69e9a75e2,2
2f1c62f2de3cb661200ec441c536c20d,2b4609f8948be18874494203496bc318,1
2f1fc248a08432dce26f8882a6a9e39e,1ec486885049bbb9b79351d150ed18c4,1
2f25c66f7e0f73597a2d4e3db9ee9162,8640f0c0e2d0af93274cad7452f80034,1
2f2d8f0427d9d1ee0220bb26d111e5fe,20a64c9ab614812a2634ebbd69bb4a02,1
2f38c3926fb8ba143f2741e9e7adc93f,ea44caac707f7f1325182a538007f838,1
2f4f35d3e9256161a7ccd6f561707b69,5403528d987ad26e8d7cb25940411987,1
2f55c214219aff9e61c70c1edba35df8,40f9d700a4bf5e0d84c70d704147971f,1
2f58942ce22a94bab8236b05f48b2ab9,f22c9d6ce2431ff939aad39e026cc7ef,1
2f6e0e86487c0ad0b6bffb35ddff9644,08574b074924071f4e201e151b152b4e,1
2f9e8eaed5dc638e5b884a9a37268fca,8bba4a8de8b5de57c7ff105d043254dc,1
2fc18e96c5987ff9e0f2e3ca600cd075,aa280035c50ba62c746480a59045eec4,1
2fc636a28e985f64337f1766b033a3e6,d03b85d1b98bbeb63b41182721312e17,1
2fd2ac7a82e4a187eaf6b9570b2ec301,0502d1a36be75bd36b452f31c6ed264a,1
2ff113091fe089cc6bef22f38a9f3a07,33fca9d59532dd4c191217a979346ab9,1
2ff9559e01499d89efb1d99b938faf7c,2b4609f8948be18874494203496bc318,1
3003e2cad13e2943dcfadd1cf73e418f,3a4db42aea95097b7a616b36f21d143f,1
300d32359978b9dc15b9f3b3e469536d,389d119b48cf3043d311335e499d9c6b,1
301885a94c474b91e3701ddda2bbdc09,ce3e4366349f6a16dd3732471e3c2697,2
301ba01907a5eb0b500c272f8a7080c7,8d219c7aa1a8032569bbd8c4ad515daa,1
302bd5105bfe26a95e7942e9e85d5b2b,59472d9519d2b7956f78887301e908ec,1
3032b22c601697f4792cc92d2f434cc2,ee0c1cf2fbeae95205b4aa506f1469f0,1
30499bd0b4374d37074cfabc399c9f85,da1cfaaffa7720fe28f26f18d52f5ad9,1
3052a181fab0411b6f3dc1863ec8ac69,196616257eff8bc851dc4fc041cbbbe9,2
3068255d75f415c21b115399dc51f7ea,416c4340800aa9bce887e000e96390a9,1
3070d64dbd2b2eb531bd394fca72a9d1,4c2394abfbac7ff59ec7a420918562fa,1
307a941ee3d5915cf2c7738e1a12394a,f361fccba568fabe00db466f80626d1e,1
30810a37ce547250cbb4f6be12dd8e36,b15b0f14796af4af048f9d043465a255,1
308d4cf02943e88824df8b602f610931,b9ee7519d0187d2389af62ba6c612963,1
30956f750c3184a07f887007009d003d,147df4d924f569e480fbd77099707f08,1
3099cf51ea3765844ae0167a2d6698ad,bfc0d01be79d9038c7720f983bf954e0,1
30a09a314fcba2f8ddb8334844953702,cf18e908cb8600dcd21a719db24c48d8,1
30a950c5bfeb5af9fa8ecb7bbb0f38f6,32cb082100ed973a2e3a6950214f8629,1
30c5318a68855cc49431b12a237fe8a1,8fe1065427012c8b98629be50f60c193,1
30d6003f0b75734756db08d6c362f7a7,ac9fba4745c7352cc4038631be412f70,1
30d6a066b7e76c8fd66610d4b36e891d,1a300f482e35d7eac74b229be067aefd,1
30e32fe96c525e48a18f2595a273b5d2,5479f02af4cde2ebe8801cf2b05cd49b,1
30e74714b11f5396bc7c316578129f4f,985bf2af90ac31349ca19417e2752410,1
30ebfe368495892e79bfff3773635c77,35ebf08a93899d44e756809e11b14754,1
30f286499a9a733763ca895d16ab0ea6,ec56bda3963299a95bf284b63581716f,1
30f3fadcb05c5f68e3ad4b51d093704a,20dd7f59c8d37692cd7aabe00f3af998,1
30fcc8d14dbfeb74241a95b353c42cb1,0aabfb375647d9738ad0f7b4ea3653b1,1
3118aefef04e5e97d0e339cd75d6d775,25c38557cf793876c5abdd5931f922db,1
3119195c7ca0da07f02a118f1fd13499,a54ab3c55cdb34ad7006d087ff4b6a9c,1
311ec637af917bce7b283b74754e2baf,5e26cbd45b83e411e82e3a8cafa8d951,1
31368b408d16b4b87746e04755b8b870,242edc6b84c00f0d48c664a020a92c52,1
31368b408d16b4b87746e04755b8b870,e7d26dd6742baca292020c158e6720c3,1
3146904311eaf296187c7c7768d78210,921d31a1daa51460b7a95ea5f3ab64d5,1
316fc927e9216ff7843b15aec5179802,29427de7f8a9ee983d9dbc51cec569b4,1
318994b8ee7f8e50ea635dca17b373a9,7e437c1d65a7baab7e7ca6c9f4e98b84,1
3192b8d6493a72fa2b748cf450624408,2ac0cca735ca6684053d28a17883b765,1
3195e7cebd5ed019a58e8afb23c1da69,b623b7cb05ee3248fbe4a6ecbeed79a4,1
31982f03a9615f0b78174bd6662d4aad,7a670a2551a3ac07c9152f8078eee043,1
319b0b8fca928caf9f619d0b77418263,6109d0cae3bcb57d579bc0fab6e61814,1
31a4ecf0bd3ea9436b7132bac1a1bdb3,1949890685a12526806e9463ba1a3964,1
31a8f6d679715fe19892aef333993c5b,44a34214a57dc373dcd80f54c919d006,1
31b52d74e05f45d15820344d0a11268f,c21afe62d4629a660593fd9b5e6223bb,1
31bc2ab4be7965c0d6c9c1852ad9875a,7fab1a1472fdd934397068931f63f3ca,1
31bd04a70aa18c5d0a7c018476942bf7,c53136cc2d9c25f291925712487f22eb,1
31c11dc04a7d1ebdedc4cdb2571b289c,3fbd1a96fca26cfab52984da93349a4b,1
31fbe11f03bb18977db56fc23e275565,efdc6e0a04b68a8c329d485ab2bde52e,1
32217e3d1646bc53e60f94b1bb5db968,16007704980fa90718364a0dd747133e,1
32224721a96f2124f81c29c03cb00f9f,f62cbf4416c9ef8e1b4e8d5279891f24,1
32280a7cfdc367286166cb31eb81b8b6,ed2067a9c1f79553088a3c67b99a9f97,1
323a81cf20fb536503c017cfd5c2d54f,34742604f6cd1e891726b849b6890f81,1
324a03d3463a4457378b8811ff8077b4,16ed6a6e3fce23b741650437fe58d65b,1
3272ae5d1173300820b43935539b3603,df1b3f289e06a4ca3682e61cf0a36876,1
32733c119b64dd300881c12466d48e98,3f0376e782caf27ef19342d8e5c7e6f5,1
3278a540e215b737e4b44a61770dbc6f,154e7e31ebfa092203795c972e5804a6,1
327927b2dace55da79e24be043558518,bbdffddcafb9e370fbc41a538d738318,1
3295b6a10cfd0a5364458e7aad6a8ed0,3a806ac1ab98107febb4ffcf38bc1fac,2
3298ab6fddfdd074bfc8d7e1f7f3da95,aa8fce5e65ab73ab73101ea58d710905,1
329fcf50087d2f2fae1b09d0e10baa00,8f90151658c1de0ef26b6d9c3d74ae3a,1
32a2e01de91e849b9869ea5f59fdbd29,7c1bd920dbdf22470b68bde975dd3ccf,1
32a68880c3edfc878276ca3ffb8c084d,38d3d8beb882d46c0ecbd12cf224753f,1
32ce16dfb58c1b2b80f256415089c5c4,77cc62dc80ebe12a0452d1ce0565acdc,1
32e9cd29933427903b9a2a0f2d6812fe,726b4e18f00255e2e63491bcba3f60b8,1
32e9f39916dd3afb917ded71c283b62e,3c0c5eee30aef7a844410f1d1397b620,1
32f4a031804a44cfe08b7a12db24df34,60349023b5385947aa3a395689868518,1
32f5f0b501cc2cc5753fab31971f2385,ca873fc3d2a6186b92f8c32d685012a6,1
32f9ab38c7f8f0a627ee957c50ea0ac2,d7238572bdd6dc8facf58ab8f0e3cd29,1
330ca6b207006779da875ef48faef608,7ae5c4294636a8ccd3d8574daa6d7d21,1
3328aef5f5f9e3ab64e01691eedaebaf,5f504b3a1c75b73d6151be81eb05bdc9,1
332fa01da1b4e11dfbc8df1ed883a467,540a93038cc8b4c42ef0821b2cf067d3,1
3339e961a42d66ab7c01613b22d6e943,3dd2a17168ec895c781a9191c1e95ad7,1
3341be95ea1ab09188c5f09f685ca08c,ee406bf28024d97771c4b1e8b7e8e219,1
33548b5ff9b7ab73d389abe75ed2318a,aca2eb7d00ea1a7b8ebd4e68314663af,1
338073ca588012673d034c0393e58bb0,422879e10f46682990de24d770e7f83d,1
338f2f9c29d8a0cd3259e32034ac7c67,6c218bf529c9e530688aa90a12f76c92,1
33b04ed3a65920372c212f95cb9fa5ca,389d119b48cf3043d311335e499d9c6b,1
33c39ed7b6362b7ea09ca4acc6f293e7,52690beab08122aee391378fbf246a58,1
33ce94762a05c3a8bb9c97487c94b2d1,389d119b48cf3043d311335e499d9c6b,1
33ebaf9f5391d51bfc9fda523a759620,50fd2b788dc166edd20512370dac54df,1
33f34d9499aec9678333ba5f203a4d8d,00baba5b58e274d0332a0c8a0a66f877,1
33f7e823808ce786ac284e32b07cf6e4,87283a98b24f9f1ac3a31b631073cf47,1
33f94cb672301b24d91aac31b9ff9178,d10f7bc1a57ebe26d5994076f2bfa06b,1
33fc37ecfda5df3cfaea8cb17c634e06,cae7a908351ea0b7acb0086a51f6f565,1
34013e6172fdd3af23275163a583bd8f,d6c2073fdc29a2931d1900fe474134ec,1
3414c83e2c90da70206c954609868183,d8de812ed5d981fc6a3984f4caa2aa05,1
341a66f90b16b33339ff0c9dda9f7fc0,d86db9a9e478ff057c0541537639a10e,1
341c4634e0f68d32b278e42dc843b433,6ce07ff93c0dbafa9df5c10038e41287,1
343ba8ba4c413d458aa3b2897f94c4f1,17da5d80ea0eeabd565083183027d588,1
34532438b4bd25e285a454257543b521,691c1cc8a89f47bf99b00a7aeee5c4f3,1
3453cda7c1f2565886229607f31e7ce1,7c8e2b381bb0fcba5b368961d7823cd2,1
34608b6fe316137687ea50346aafff1c,51930b8934b8991edff523246feb9ae7,1
3460eb5edd166a7e45eeb273fce75187,4473f3e5c65952b074ef987fa5c24662,1
3460eb5edd166a7e45eeb273fce75187,57d79905de06d8897872c551bfd09358,1
346cf831cf5480e8955e249de733c9e9,bda1c22cb8008940e304b88e5eec3c29,1
347a3a624ac043af4bc49c2da5b01d95,4a300735bc293723103db0d0c1bc1585,1
3485f92e08e0edca25ef4e62b4566631,251876e7ba013b87b7262fb2524e2d60,1
349831a25e77f136daa5f6363e8ed5df,1e8aa599b7a43efac798dff87503a424,1
34a181fed533272fed37fddcd45625a3,69918318f27e9853c6d2a68906018a14,1
34a53c28f4e30da0b45e69eee581a0c6,17f6a6d7f6e0334b28d8d026d12db169,1
34a89d90c29c3821d671059d12216ba0,cf6020146772dc8cdcd583c1651170a1,1
34ad05299797f7e5c773526e1c5e9b8b,33bfc11487d18d2405f84661bc164f0f,1
34b00598403adaca9fad22b7d6ceb960,583f158587cdecda3e8bdea694021e39,1
34bbcae303fcd2a8e8a9d7493e01e745,ee406bf28024d97771c4b1e8b7e8e219,1
34c59bf3d0944d2887ee2987c2eda500,1a9d5623d718be92f3d696bfd261bb4f,1
34d7728944672ccbbe70d07c7e9cb4f2,8b199a0f183f8011403f53356c564d80,1
34e9ab7101f384c10e91e5af8111bb3d,4d34afdb45a519bcec6f07b20f0b5622,1
34fd3bf947541e5fe1b5d915492342e7,cec09725da5ed01471d9a505e7389d37,1
34fd70c1a2c8eb090994690ff3cfdd0c,9ecadb84c81da840dbf3564378b586e9,1
3500a1438f295a3fc24450868008c78d,e0cf79767c5b016251fe139915c59a26,1
3509c843a061d65a8ab7ec2937d39e2f,853cabeecd89a8fa18c5ead33e4b7cdb,1
3516fe1f76836656ef2b0606179ad3ce,f7e0fa615b386bc9a8b9eb52bc1fff76,1
351b2fd3a7f9c5580287edfbd6e98a7c,9493c042ad7ecfd2c0123733b2c310ff,1
351c4091b6f035cbc49b25c86db368fc,d7d1cdd61c66570cac78c88a0cae784b,1
3520a938f7623a878a5c86cb2c3842f6,eea1d0033f3735c72d0501fdc2be0437,1
3528b0f4fc89cd237f14b2ef3fa1530d,e9def91e99c8ecb7c5cef5e31506a056,1
35305c48e57a6259af306e3f2c9fb553,ba819ec203c9a9382f87d49898692520,1
3537e21321dd0d2017d3a536dd8fe74d,a7aa202585393c58cb1351de084b4dbc,1
353aa71e2ad73b4ef96748be41c1b9e0,3410cbd7df2130ec3cb9300ef0fe3df1,1
355acc2c291066f4d41f954918f11eef,75d6b6963340c6063f7f4cfcccfe6a30,1
356c120cc0f5c573bc74d453e0879494,f1c7f353075ce59d8a6f3cf58f419c9c,1
356d32392e15a3d6bd13fe57ba72af7e,f82d1ebd3649e6b83c2d0f611cb5c540,1
3570b59a7408f4a3aaa95d2c0485f243,6b20221ff09d73c64c77d9d934b9904c,1
3576d9f3793f6dbfd0d915eb446d31c5,ffa8916ae85546ee99d1965b28e447ae,1
35ad814595f534fe564bec2692ae47be,e9a69340883a438c3f91739d14d3a56d,1
35b031db03bcb2b6e37e2ed393ab3720,0f1734abf5ee5d3b99353b7ccb117426,1
35b58a7a83b62db8460d169eb633c1dd,8ef18e8943b9f07649b045b72df449cb,1
35b6010ad8b185e27365ae8366cbb76d,b92421ea3b457d6bb68c49f39d4e97a8,1
35ba8f2876a0059b2946b6674856c6dd,2a565e1622c978b79bd6efc394ca6fee,1
35bf42c9aedfbb7735a9cd711296f57f,b79361867edbe85462b548334d136a8a,1
35c38c5f1c0b6df10f9f690a71361121,60e931f4bf462d9fd360b3d3b1ccaaab,1
35c6e01d0a534d4b583820e1c37da893,2052b3c5e08893e567c2fb7778476c75,1
35c922a335b8a914109d58b13b9b36cb,ebee6703e867082f455a058a8bd04092,1
35c96160ee1db65f1cbf4fbcb6f38826,88c20c5a22f2ca169af8cfc2df00a7a2,1
35cc79f94883e64adef77f344e09b7ec,e825296f31d087227f5fe6487557aaf7,1
35e459cd733a3cb6d98f593fcc9d67db,7b822833c7cc8905ab8174b55ac878fa,1
35ea9919e33272ab715f8c1964693b91,65ded196f8f1dbea9916be9b6fcfa0b7,1
35ec6c1ca9e5844c5ca94214cce16dca,389d119b48cf3043d311335e499d9c6b,1
35edc4a10a59c8a8224feb8c19a4a864,244e3bff7e186eaf8248819370c22daf,1
35f09e03979308b23060cf03c2006373,a84d0660dbffebf352aefbf1a6b18d00,1
3602a1fbbb29af4c057aa49ba33fb2a8,617186c3d97ea56c9c683a8a3974e8c1,1
360ba15086ef8c818aa096d3480463bc,2e7980421ad7946eab8a71b637955704,1
3619df7a89a873ba249bf47e9fc6ed2c,7703b8cb5b77fbb36518ea91e2ca734f,1
3619df7a89a873ba249bf47e9fc6ed2c,f883c296edea388761ae3de2bc4870f3,1
361b489a269ec4bfcd217ab600c15a48,ecbe401f10ecd3b822d940d63cc3311e,1
36296254382f4dba3677937dcb5285f5,41bf6a8c9424d4ec060e39e21883db3f,1
362bebb0ae1bae65c56e89f183346627,9dfef86fb34051388a7263a31642386c,1
3630d72b7bc768b5d2bb45844561e7f7,21937020c7e5f15e9ec26ebb88d3c26d,1
363133bedba50bf6ad398ce661dec61a,4eb3e07a4b54437a7f63eeb577ebf73a,1
363263d717319c175a7b063d383d95ba,617186c3d97ea56c9c683a8a3974e8c1,1
3669479a4da285481951d1365f3f2817,cd48f265a63e13b762601f5f794c5fca,1
366aca7911ab9972f9491b316f67183a,ec9f5b47ece31337beca3adf477757a6,1
366c88e3ee5ed365c8529a9639c8b91c,381169576b9f3c083a1c3261da161a3b,1
367163bdcc25d2ab5b6748c0068e0e32,cae79e3b5c787c231543fa415a20b5cc,1
3689abfed7e332a5cf585915310c0056,d248fe1e952b5b5d62572369cc23ac3c,1
36913fd0a906fcb755745fc9641329bc,f03859e4cc21018569f5ae7a03897ff4,1
36a092d8dd0744a1785253a886b8383a,71d22271ee986bf5a46a2c199da0265b,1
36a092d8dd0744a1785253a886b8383a,a43babce83c6c14bb2444d64e7b3a263,1
36c3e8a1f8e150fde4a148578d99a5e1,6cdd53843498f92890544667809f1595,1
36c4ffeeede9b0c538acb8d23fa6988c,5fb1e24560c31b0eaa1911d4247187ed,1
36cf561d6c23f010a6944f0908ee6bdc,bb90206fa281c20f0b4c42a2393b54dd,2
36d39e3b372efc3bbed5188c23d0d1ca,7172a7870fee91850dcbcb1f4de40cfc,1
36da3a8627190be6c28bff40b19acfae,e9c49fc758728b084498862fcabf3c5e,1
36e20e5f3794cf014fef196438092c98,8bab563be2e3316280e3990af91da7b7,1
36eb0c57b11107352f0eeb0824bd5cbe,1261bcae25b0000829246aa58e284a2f,1
36f03f3db6a48c6deab6c46066c7ba1f,ae6476ef6cf588ccb0bd009b62359b97,1
36f86f4abe21fa4ef147816fe0f90ef0,48972c4d034d78bb520475d037515238,1
36f86f4abe21fa4ef147816fe0f90ef0,b7605b5b483063d12bd90a772bff9d21,1
36ff08e1357f1f20911a508fa79a4d3c,e0d64dcfaa3b6db5c54ca298ae101d05,1
36ffc4b2179b9dec36fcfe0595c28bf5,ccf4d6714c4e1c7ea8cf2783aa0373b5,1
371af652a9491f3a5bc4c8a79c7c6327,39fda099b9edc21f85a80d14021579b5,1
371af652a9491f3a5bc4c8a79c7c6327,696d4f2eb9788764b5872ee5a07a249d,1
37477516d7b6f959ce137f49f1842a72,5360ece40f89cf47f68ec7353fb12d49,1
3747b586188c3c69c6a430658c2ae9f4,764292b2b0f73f77a0272be03fdd45f3,1
3747cfcc18da3cff44fd440770d92d97,d1c427060a0f73f6b889a5c7c61f2ac4,1
375cbd7523ce85e60375cb07a0dabc63,90b86c830114ddc888f6380a223ee285,1
37745fa479f6b3130fea21ac6f375d24,9cec1c525c7f0c91eb24c74d790d59ef,1
377d526461ee7bdfb44dff97141d6e40,b83738ac1903f7c8f0ed378cb085909c,1
378b0c05cdee7a4b9c41dc83b97c216c,71835d687609f578b92692f98ab16100,1
378d61367c6ec285314c674bb3398b4c,f7c758899e1679f82c7e9f006866674d,1
37991a544e6b4464522b1b09e11ca843,52218df62a3f5f88049701f0c460122a,1
379f4366f5dab3fe232d02b8432360dc,cd4536501f4e8486f233ea0c0e7e1ee8,2
37b4b2b0dde094b04111c92ef29e7cf5,2a7841348f24a00ee83641784f88f9b4,1
37b4b98de348ee99450bbebe89300c28,95e25af33821b9d231e06f1e7cd34d4e,1
37bfa4d2789f73ee5dede363eca1d3e3,f98dbc219c0bcd7fb37420dff826912f,1
37d102be3b621f10e235c1e5420f00c1,f71973c922ccaab05514a36a8bc741b8,3
37d1749538dfc2e600e932c4f26d4805,fc2edee55f4118969f4dc49f7a717605,1
37e28b73bd82f4a01e05346a75f998d2,6984b61fd1255c2a7fc3c11ce6d84509,1
37ec9c358c076750b0dac910c9d10b61,a8115d34a4b7b74388da609692162c37,1
3823b172dbd6ec254c91d9b6ff2f1e74,127d3b28487be63864af02f25333decd,1
3832b0345716cf35407858cc6a08ea17,f1c7f353075ce59d8a6f3cf58f419c9c,1
383336a9e5a474511f40c413fe6db79d,0727e18d559a15ca5b2b9f76274d19ec,1
3842f59262a8439427f8fe9da5e62286,a62e25e09e05e6faf31d90c6ec1aa3d1,2
384d79f1020310fdeecaf440abd4f0ca,48abab76a7346e27ed907fed3f388483,1
385826fa4890fd6d52d6db2a12991aec,5e98b7fecc62c3ebeaa8252269b2d6fe,1
385a256091b789214a0bfbd295406bf8,b5e13c9a353102f79c6206ff5cb61a50,1
385c7a465ae01748577b050c89106a04,aca2eb7d00ea1a7b8ebd4e68314663af,1
38623e7d6365bafc3b3bacd7d64ffda1,cea2c8d87c3a6672684f57374dfc5703,1
38658a45235ad07f51a84607654e53f1,aca2eb7d00ea1a7b8ebd4e68314663af,1
388bdb0d369f29feac8efc8685c2122d,127c0cde3ea832c4c4901159cf902d0e,1
3898ff50da10264026af32549f7fb3b0,0fa81e7123fd0ebe03adbbe99d912827,1
389dfb5774ff4738514d05e7165f172e,42a2bd596fda1baef5719cb74f73030c,1
38a210aed00016125db0e5206d6f300f,8da77162e41d47464f9806727417cf6e,1
38ae66eca48b8ee852219d96d98c0b85,2028bf1b01cafb2d2b1901fca4083222,1
38d54a9478904bfa6d7fca2b36be9fdf,93d23871be3281f1b1ee4962ecfd791b,1
38e7cc6d0d44f9359780816a0e29a25f,e53e557d5a159f5aa2c5e995dfdf244b,1
3904ae5c54ba03760cdce20cf5f6b9f5,b9c742d2c1b06bc064c7aee11440e5ad,1
3906fa15ec054091d71e1ab2d6fdb3ee,dd61e943598eec72351633dd6a72d5dc,1
39191326614629fe426ee7f7a8d6e308,95c2c14503645a9f87cf2401c523482c,1
391e5723fbe91b2ed053106d5c3dd6fe,235458528f907463ec55ebb1e16b69f0,1
39261fec306b283a5bced88361e4693d,327f871cb112db4bbbbf9dfb390b7374,1
3936365b0df3a48f46163861eaa23db4,ec43500eb99241b5278775e78a38dcea,1
39378689a58075dd0304d79ee3ae0cfd,6c037f9ff2d13c4236a23910ca598f42,1
393810522bb0c8b9f4d64845cba11e7c,1dec4c88c685d5a07bf01dcb0f8bf9f8,1
393df32d466d4952412196461ac05d52,16c4e87b98a9370a9cbc3a4658a3f45b,1
3944f41fac367b589b94741981b484d5,3b94e26edc496743bbce82c42f0a9903,1
3944f41fac367b589b94741981b484d5,78514b0a0cec96621010b7b6a2bfd6c6,1
3946163f3eb34032e2d75ff2b885fb98,79a564cca1924553af76d396bf7c0662,1
3946163f3eb34032e2d75ff2b885fb98,eadb1b7e01cc1cffae6481602d1ce7dc,1
394683dab19e214dafc244669dcc96c3,d69b7880f262ed14de5f8149d2f0931d,1
394a520dc01e2dbf992d1bab7ab6d95e,aba0c26e6fcc5a413da7fcfad4b04ac1,1
394b3bfe7e36b848711599df7cd35c94,0d87a475cd933bc600f92e0b346e9c0c,1
3956d1e55818b7dc872d5a1de09e4ddc,a59fb60fddcc72a9878b7ed5cb69d8e4,1
39623b729aa1b91a230f0390b610271d,146f38b5c222913dbe6606e5a25cd318,1
3965165ab8b8cf34df2fb0a088492e5c,f510b05e475dddcb832edeebeea10f20,1
396a8539f119f80d6df1065a04cf6595,6de8bea41c968204fa93e4c2016d1bbb,1
396e166b4e65309db46b7c9945c89a33,9da1c863c2389407fa1da532a5238d47,1
3980a868afa7d58191daf692ed61deaf,6bbe55cf8f85c87b6eebb775a53402f4,1
3984ffbe9e8f2a24ecf719952d27bf08,b1d207586fca400a2370d50a9ba1da98,1
3990c719162bfe51e676622d4ec98569,6baa004ae73ded1fcdf0e1f153bddf20,1
3990e05f8ede91d4ed641781605ac253,f6605392877b41d225dd146d2cf116b5,1
3998a0d02d68754d86e5b95e2ba4add9,4c505e52bedf9651c08793647c925e65,1
399cb3db1d7a4c442e4833b5f57a4429,cf69d780077ed6cd5369b53aa63cd0d3,1
399f770d21c854e81fde65dd3406b987,73a1c27772beb35c2b0caf9a809570f8,1
39a7c80a979c7dd2a212d30f216d9a87,027bb42a4ef22da4c7a80ecf9c60ba0c,1
39bbb4f1b13debf6e93d4a8dd51974aa,6f7400c1577bd99fb7c9cd196edb6ae2,2
39bbb4f1b13debf6e93d4a8dd51974aa,9a98180ffbd0765e89f11cc8dd2385f4,1
39bd1228ee8140590ac3aca26f2dfe00,ac35486adb7b02598c182c2ff2e05254,1
39d546b787598d01eb255ee2ce0c60c7,f1fe595ee7ef768b41bd9b246d13432d,1
39d5be86f1b2c886e37fde07eaffd537,fbc1488c1a1e72ba175f53ab29a248e8,1
39ecef3d8a542ee6b91e7bfd7e9a6b87,027cdd14a677a5834bc67a9789db5021,1
3a0557c5236d866291795f7a4ee3c2c7,1871f846d88e6b0632e1058b61d35964,1
3a05feb5eaa782c7558fd51a2ad9c4f8,ee3cfb33869693f2a7e8417c795d8cfc,1
3a0ecfe52b994b2589fb52ced98d8166,da5220901a7753c4ebfd78f339e051c9,1
3a1a556195f1b6b85df1bf9aa4ba3d88,f92119d44c137a84ea866dc12df68407,1
3a27d6401473a9ff4ab309448702d4f3,486a70e221cccfbe8225ee9dd580abcb,1
3a38b933c499fe2100b9b58a272cf9f8,52c80cedd4e90108bf4fa6a206ef6b03,1
3a3b386b99c4c2dfe725a720051b4cb4,f1c7f353075ce59d8a6f3cf58f419c9c,1
3a3c64dfa633b2c7d3d356b8077c9ccf,b520bae2a8c9790cac40196cb2025283,1
3a3fc10a053a684ea7b581c82916e794,9df634af5c467f3b07f3d92f7765aa64,1
3a41a5aa21ed1eac4f6610e89ab5309c,9a7c0784b8058269d176b3089c946ed0,1
3a42ca312f7f0cbfb87a67d79c8b3921,e956b38fdf54d43c60061a1ab1254b24,1
3a47005be3c2748d25859444f49b0048,2636a9812d151c718b53387171ce08be,1
3a51cf54ce9a78a361281fba4379da45,44be579342e8ba8bbe3d0448d126afea,1
3a5a619866e843b7ebabf717e2f68d4e,2c2b1db11f5ec66bbc6ca9d1ce3f81a4,1
3a723250139d38a4d2eb9f12d73a9774,3a8ff46f18e44e6c0b36e8b03de7a661,1
3a736406a4d0c12b3b248f4af6dba673,4b703444923b5e57bb73ba343f5ebab7,1
3a7c376f617c8d0e2233e6854c63d39a,ab9cf155f8280c3739b09fe341a185e8,1
3a940b0b8f29b36c928c4c91d83dd7d0,6bbe55cf8f85c87b6eebb775a53402f4,1
3a9cbb50b82a65d3a91d9f0f96986405,7a10781637204d8d10485c71a6108a2e,1
3aa168bfad024da059211a55f98f4508,0c6ebd37c6842a5adbcd801030ec1c29,1
3aa26b0090c89244c07c04d241eb30af,f5d8fde6bbeab928266d4cc80eecd701,1
3aab22a2d4ac62420a0c388cc64a496b,e799a2b8707a6a256fa3c040b75d2713,1
3aacb368d6b1db2b137d99daf9b3a05a,fa66c43e63966d8b1770f6df326e05fb,1
3abab18d333632bb552ef5bb5ab8cc25,b6475dae3a2796ed87cabc7b8e8debcf,1
3afcd4f9f9411b8cb8f1d250b0a6f6c2,d017a2151d543a9885604dc62a3d9dcc,1
3afd37d52008fa63a8f8872bd5af223c,82e58c3610465c0741a584561e7199f3,1
3b01c1a86716aef93f40e4136bc1866e,c4baedd846ed09b85f78a781b522f126,1
3b0df9e78918d3dfcfd312ce0bccf312,422879e10f46682990de24d770e7f83d,1
3b1a260815b673185573bec5daed5853,abba23912bdeb1990bd1efa30d888384,1
3b2b96751131c948164edc5d21d27abb,daf9915404caf75fa1717a436b46fa14,1
3b3702fc4b46a726bdfd0b51733f6f69,5c5fe6db8a848392322c5f525ef10ce1,1
3b46d71235a57822d58ba7a2e38f101e,f67a0e2d24ab234b2cd6da21273710e5,1
3b56ff9de63e4c2fa73c05d315e51720,48b6c38e1a7960b4123b60de736ec500,1
3b63b6bf1640794c17a79ea7c2cb11c3,f63729cf4441fe64282cd1b82281792d,1
3b97b8e5873284156a95b6b8d11a9999,a7aa202585393c58cb1351de084b4dbc,1
3ba02060e681d361d603d5f7ef0a730b,30c01cc81c9eb80469371743813789cc,1
3bad19aaa42d001d49f219c0cd2d1c60,a62e25e09e05e6faf31d90c6ec1aa3d1,3
3bb0f1d5881cfaf2de8eacdbe88b2d58,dc9f66a56b89e4278d921898a861a29a,1
3bbc87d35ec2db3f1ac09c6c55ce4d15,626fcce994b573d0bd54d6447d5badd3,2
3bd97ea24b16619feda927af48da9fca,de29e502ba5174dcddbd4da728616533,1
3bec57f51a23b4e63d691df3ab023cc5,9bbe6c774ab3a4f9c5a0385e78c9641c,1
3bf7096ca4aa72588b26d99acfc1a823,ddee1b747d9681ef016a78e77937e950,2
3c008d3dc45ecee73703f2846ef4cf33,926e66aed471a4345d1c8d70b60c1874,1
3c00b418224c7d87dc77761bfd76a327,8562e2c780a345b609e1b802d7e3e4ae,1
3c041d8a707afe3117f3e7e995660a4d,d6bcc9649c52a826c656563ffb87a036,1
3c0c18b834b8f01bc414c2a3f4752fd1,5145cef9f9e1293cf8cba2c924eb94e9,1
3c0e79dd7a2fb999607a27161a484efb,bb50f2e236e5eea0100680137654686c,1
3c168144a3500be8be77b8241548f421,68a058d125ba1544e726898f0b8c0523,1
3c2f0a29038aff07034db22026b787ca,da893368e67b2e521b3f04da43f4b57a,1
3c522e772d77dc602311f4a40f14f770,c41394a593b75e8e4f3d1fb5e93e151e,1
3c5671aa7639d2fb63452327a4664704,fd1b303c073ff6cdf78c7ad4d25b5409,1
3c5a39f999c141a42792a0f2e1c7726d,c403e106353e1aa40efe783ecb39ed7a,1
3c69b83927e10699539e3747cc22976d,1cdfaf0cc5abd6063d3a10ae3318f345,2
3c7525f121305211f94be34e3e73583e,36174802c8879b643cefc0511e7f06ed,1
3c7715574eb863d82a63267e28c264c4,436620c465f757ba7b47dd580f3c1eb2,1
3c8296a5e7b1a8640f6e31bcfff5f41c,b5e13c9a353102f79c6206ff5cb61a50,1
3cbbf4aa377c9b40c8679e10f84f7e96,f40876e0ef3cd5f9132b1f16b04b1346,1
3cbc10c378a99a32e776a9f5798ddc2e,f84d16882251975d1c1d1c64d551c330,1
3cc066496f34fb2db4ab8dc3b4fbec68,5a848e4ab52fd5445cdc07aab1c40e48,1
3cc640f13134a74f3bc34b9b0094d412,64d0feb1bcf9c7fe7b5dad3271c10910,1
3cdc0173943f051e46d6f1d616a70609,2b4609f8948be18874494203496bc318,1
3cde50513c06747ac11d313adc3e18dd,36f60d45225e60c7da4558b070ce4b60,1
3cde50513c06747ac11d313adc3e18dd,e53e557d5a159f5aa2c5e995dfdf244b,1
3ce8fb2428f3fcecbca120bce8f7b253,422879e10f46682990de24d770e7f83d,1
3ce94b5a344798830d5641dda2b05195,e6407038bf83e03733094f3d6e3f92f6,1
3cea834e27d1758a55deea9a52e66e40,541de21b45fa18d292382c79394e055c,1
3cebb5418614be0993ffaab8fd88b066,c892c76504fbc267594383bd0f0d94e8,1
3cecfffcfcdbac8b85cf74dfc8a60166,55939df5d8d2b853fbc532bf8a00dc32,1
3cecfffcfcdbac8b85cf74dfc8a60166,6c90c0f6c2d89eb816b9e205b9d6a36a,1
3cecfffcfcdbac8b85cf74dfc8a60166,b7d94dc0640c7025dc8e3b46b52d8239,1
3cecfffcfcdbac8b85cf74dfc8a60166,d143bf43abb18593fa8ed20cc990ae84,1
3cf4a26ded6ca887cdf90556c5f8de9d,f51dde119b9a90e3c7464f0cc45c0953,1
3cf85202261badd2a310a9add67b7cce,2037fcc268b127d15234b91f823f734a,1
3d1688c4011a8de5b3b77d2f0bebbb6a,e8c96af1d3fb65e0f0e8a0c8a707b0a1,1
3d25dcab79dd4d05a92125f189ca327b,c403e106353e1aa40efe783ecb39ed7a,1
3d32aac5bce2d5bde5b0645ef8b319bc,589d0ec4c794dd688991c0f539f9e015,1
3d32aac5bce2d5bde5b0645ef8b319bc,8d4ff8de5e399964646ef5f4ee698076,1
3d3f936e07349832a8620f07ed29640c,4b24b35ca762a17e416dfcd4f647c28b,1
3d41dceed696230a9fb71adee37c5aeb,a338a81aed052e88a9ee732e3e45042b,1
3d4b571062a7bb528ced4e8e11f095c0,194d0a84a60aad8916173c4d611f6450,1
3d58b5a4896222884b74ea5074edc1b7,06c6e01186af8b98ee1fc9e01f9471e9,1
3d64d81cb7d22325994c3ef4ad93d2e0,24a014458ccc6e989b4fcef5fa71da58,1
3d6ef247a5922e5ea04d1d8a03fbea07,44a34214a57dc373dcd80f54c919d006,1
3d721df95ee50e67024b60dc2f968ae9,7e1cd234017755c3d884de59cbd15ca7,1
3d79e35468914192eb3d1b15687d34a4,299f75185c7f6f9b711b15a5ddb77e56,1
3d881d50f2933937fcaa85328d3e0af0,097ce3b5d4710b24d4a113b394ef2566,1
3d97524e491c9aba1f09141ecfde08d4,880be32f4db1d9f6e2bec38fb6ac23ab,1
3dbac935fb077003b3cd7b6e9ae9ecb7,240ab905c5d99c074894c0fb5a27979f,1
3dbd92855d83a915f3bbf865329003f9,186052b3f166a0f7227e78b2d27652d3,1
3dc99b2fcf41c0898cfc7f38c2fefe5e,4a9389b1a1ad7d52963f24ce0391a08f,1
3dfb495ec8f6000b978490cba051c21d,4027c03e4b0afe1963877d2d164f880b,1
3dfc54c80465a34e894278f7dde57435,4a25d757ff72fad7534f478c90be77e6,1
3e1f1aa69a22f10ddae5056275448e29,938f95c14baec1a1fd57ce55ab5a8af5,1
3e27365a6edfc3cbb04903981b4d9460,0db04bfc9ca0d0dc2c530e7f2d023160,2
3e33da5c9dfbfdc608a4d0e8b46eddac,2d000576ada7098440d09be3e8b6ff5d,1
3e34d3a2f74fc23f3c0bef7294bb00af,ff817f0901191fbe02933928daa95e6e,1
3e3ccfeb474d77e0c85a7c2cd541dc1e,1d116eece9b8bf17edaea2f3bc0f7324,1
3e447059f00665f172056b3a9a6c1836,c25174e1e4fd7fe5c3420869d61fe2a6,1
3e49d94c6d8ad4a1f5589db832772317,fbb1cfc2810efabf3235eccf4530f4ae,1
3e5d28a6beee2449a50a07da9866d2ba,29427de7f8a9ee983d9dbc51cec569b4,1
3e90f772b0825fa105cc50b5b98fddfc,72aa1e49a803b462fd0a83071c894e7b,1
3eb6cbde029f25aaf299368315f7c8e8,f7bb503725fb4d7bb55301d5bceba728,1
3ebc5d459b851a4de9c3f46efd5ee469,95768ce3d7cef075f6a562d2716187b4,1
3ed790a63e61a86231274a97e1b27fd6,66a0a6e02b7f543e5b021ce361f267d4,1
3ee82f4a953ea7f018f21457044917f3,2cfd372900c7c65e4c4ed2ccf7a1cfd4,1
3eeafe2383280a4ff135e5c06965c18b,4074fd19b30333e6cef7f658d672beef,1
3ef7cb9f2abf21e315cfbd4b1e58279d,2ea69b98f8a98247adf9aaba9367bddf,1
3ef9db9d27ff41f65a8d8cc8aea159c6,a1bf559ac1eab015ba992bd76d9d76c7,1
3efb8f2e2198b482a4cb83987c2a0024,52c80cedd4e90108bf4fa6a206ef6b03,1
3efca0204e57fb8a63a96188d66f3891,4279d87e5f7172daa2836d7122d10829,1
3f08de414e86c589d3f085630f5f7f69,df6d00c24fc224b84e9ad17708d0f4d7,1
3f14386448ceda077f073218a95e855e,b623b7cb05ee3248fbe4a6ecbeed79a4,2
3f16a23ea2f57ab05ca7faf84886628a,72f2ba8b34e02757c445970388158e46,1
3f1dfe685c14112652c1765c32c99b95,635b74f3dd5462e3c133b42cd9299fa2,1
3f4c0f7e7fb59e7411dfb858748e45c3,ecac1d187a5eb579329eb27d3e4d636f,1
3f5b7fa73e86b9429183fcf404460935,a02d0123079f4ae96001ba2010d1a2df,1
3f5d541c043d1dc244fc7fb2bbcc9e67,ba4614e1cda7783e5c08d4372080d8b2,1
3f6c3d9854506e3351e40a91f8b85b7d,f71050e65776861c8c3ec7a2d2b0194c,1
3f71fba37c2f425974e32151d8771e9c,ac64ddbb3d1489f826dd59104c6b023f,1
3f7738efc416bab23c48f5d6f701c693,0a57f7d2c983bcf8188589a5fea4a8da,1
3f85552d6e82f0d5ec4a1c82bc4dffa8,3a44acb2ab18bafe83e7f6c55a1fc5fe,4
3f887ff09d642f0cfc712a5f6751c5c7,729c55b4509d36c18b86f0bacc17ca5d,1
3fa2f965d8c9e53dfdc0e65fe81846bc,726838a1b5bdf32e2fc8010f0807bd46,1
3fac5eda65c02a62e0fa2cffe70f5eb2,02044dc95cf33aaf55e03bde1b042539,1
3fb83e207757e8f15ff70d937c86929b,a6f74de3ddfbdc9b33885b92656f992b,1
3fcda70d69c185780fb4abd140ba69e3,3b213ba02fcd0799a85c9c3580a3033d,1
3fd29fb920bec834ceee06e70fa9dda3,422879e10f46682990de24d770e7f83d,1
3fd7dca808d985060e069172cd98ecf5,6eb364d89e0060b1e8941218b5390416,1
3ff9a0ff4d3f31c042b67356615d82f9,e8316a4667e5870c85e906b1f062bde1,1
3fff0b30168471f40305903a717a1a17,3570caaeaa3f5a1ae76392bb2b4155f9,1
400454b87af26cd25c67f15a9e9657cd,764292b2b0f73f77a0272be03fdd45f3,1
40347ab50e70f84eb4281ced0126b3ee,67583cf9d65f2b9a1f26c158bd85257f,1
403ac22a4f570846d684cdc9e0d47eb0,616042729c11849827291496b18e9ec5,1
403e3939144e4e8f0d0bece178186f2a,f71973c922ccaab05514a36a8bc741b8,1
404621e15e8d049652f4287d8757a1c6,2514ff519f69595934371404ff50911d,1
404a4ef274e8c7022d5488ff39bcb90d,d2b0f9cd5e31ed47dbf92b157c0cda96,1
4062224126cdccbd9ecdafa4b41b4e45,a7c73814e6894bc049f7aac7d37f7175,1
406c04dcbb14cfc2efdfa97866b1f17d,ba4a91633739ceceb2b73b627e2cfbc3,1
40715b0fba77c4b3b0821ed73ea46028,5b8423dc7f23089c9c59c5d140eb5a1c,1
40751c6f0779cbe4f55f46594eddfed2,6a162a899a815ed15db1689e8efc976c,1
409021a104c22b3c6f9fad25a36f26f5,3347f12bccb00487d0d9aec54dc1037d,1
40a3be412130198c7617ff3e7a18612f,87283a98b24f9f1ac3a31b631073cf47,1
40a9f7530f5b05737ed97fda2e03e6df,6d53aac0a317895a3d25dd19d821ec0c,1
40ace4550b2427f298fce14235349f25,4abef02c9dfc89006cb3d501d1f291c1,1
40b04b3bf7ab6d7c73d5e68e7327e17f,ac1edb0e0a6743cc20e6277ecfc1caf2,1
40b04b3bf7ab6d7c73d5e68e7327e17f,f6c69d9a3f61a0d56c49e3f7a459c57f,1
40d72d9a2f89a765b140530775e75495,5babb170cd172ec25690087d7018f26c,1
40da9a7b799e50dd20d3866e59ea7156,d517de1f2a8247cc1ea2951c4039ae20,1
40ddde594ee634dc7553a1db8c39275e,7c2d0df8e5fbfa71d54a400b33a8502e,1
40e9b17f9465867e5a6a6d6b6326437b,d73a7e3009d1b8f498a0ffd3e8ae6565,1
41018bdb3202b98952b12ecfc16b052e,aca2eb7d00ea1a7b8ebd4e68314663af,1
41021cf729eff1a1ef1f51f09fa39bea,901283b66481331ad99c4eb953c04c43,1
41061f2a3a70683b176c48c221612439,a54f350cdb1f303fe39221171d003852,1
4126088d17550e0903988d5f07b65e9f,334995514673fb6bae67885458b52984,1
41339559e17405fd2dd66312dd70e52c,98d61056e0568ba048e5d78038790e77,1
4147936731c5b4312f3baadbf7a642f8,dc4c70ae91ccd3ee8e376c073b377f64,1
4147dec488b2752a744128d6662adcd1,8844bd4b8ca8f93603694ca2bceb77e9,1
414ee807f9a069ff6fa70d9580089f79,4819da1e57bea0eb01d096e4f0d7d5fd,1
4162174e341be4246be9469de35dcce0,f95f8434a1ff4885362c44d9d8526579,1
418398a534ddffb19a62d282e8285db4,080a388eb2bd1051b01f6fc4ca659450,1
4193b72441aee0999bb92aeb9c1b236a,1fa784d8744e3ed625d8651ddb15e33b,1
4195468e58442a5c7303990a744078b4,6d6c510f2222e168bf3b6b67e24c9535,1
41a7a254ad0f16ee9ba1f2ba2605d630,ec5b5cce0b8464a1c618325f35c779dc,1
41ac8b87ee6dec2f7c9980f71760a0bd,0b039b61011417822882815943f13dac,1
41cc3a16d47aaeb0d57a061c5236a713,14c60b3a54996d02ff5d0d56d2aab05c,1
41f91ce48b296660bfe6c74c0eb433bd,a7c7a8a5ae0e412843068fb8fcc30a86,1
421d65b7d24e669c0d728b6ad9c0742c,4901f0f8eba79934ba3cdfa1fbc02893,1
421d65b7d24e669c0d728b6ad9c0742c,653b6b1217fba117599afcc015ffd50a,2
4221add5278262a337af11aa0ce3bec1,6263969289f84cd8bde876597407657d,1
42262967d28e564f7c9f5cc3bd304d38,9849ba603e33119ef0dcbdba63338aa2,1
422ab037d254fc398f1f0c44fe05d7d6,8839acf227b922877d3c49fe5267af61,1
422d5038574e8ef4a62100750a7bd05e,51ce083cd2b9078656a94655ab45b8a4,1
4238889e66ea1c168b033007db7cdafd,34d6306314a47fe15c1efdbc23302020,1
423f4e3813558c94cb405a508fc9467d,340f33bdf4103eba89df5d5153beff7e,1
423f4e3813558c94cb405a508fc9467d,adf24c4c9e90e7054d07309a04c419d0,1
424072396f8f28b7522790dda26981bb,e53e557d5a159f5aa2c5e995dfdf244b,1
4243bdfc60a8e749ec908454e94d0b5d,c329abd2a10fad4a2f83377956328c67,1
4244638de4f86270a82f7210afd70d0a,9ecadb84c81da840dbf3564378b586e9,2
424b42e2d01114b7af0d3950259acb27,79366d6a24de9351b7ca6e3cf75a68ec,1
428e0381c7a36540d57562f45cf9abd6,33fac76e7f17367dedaef7954bbb33b4,1
4293c2b68d5b7247d658d304c8670eaa,7b85e3deef35afd6ebed5461ee8f0641,1
429af1faa9c02097973cbcc46dcb148f,3dd2a17168ec895c781a9191c1e95ad7,1
429f3e681a0604e810da36578f7d2808,5411e9269501a870cabf632f05655131,1
42aceeb2ec87fe876c4c0ef9721d3623,0dcbc0d012d42719216ea7dff6b90a6f,1
42b08ad3a6f9efff737693acc37008df,73df0070248804951b5c6ba9537c6fc3,6
42bb785f5ebc990d77c23aa2e1d6f3c7,efaadc79a826a716708034fba428f44e,1
42c2ffc2f510d988ea1e7e7d206ae4dd,096e14458100c2b6d10f72d69f80cf34,1
42ca85e026223ad7fdfcc4bd3c55c9d9,fb55982be901439613a95940feefd9ee,1
42e4ba168ec81ad850d53a5cfd176cf2,19956d26cd122df3d47e86b631f1bf4c,1
42ed17dd9dd112b5f482da819af01e08,89d49f6d10ff422902b2c2cb05da7f1c,1
430b71cd7a955a7232bea5a2911b8271,a92930c327948861c015c919a0bcb4a8,1
430b71cd7a955a7232bea5a2911b8271,dc52f0f5d3ec37a93eaf956cde4e5d2c,1
4324a4ed08aae12544d0dbcfdd6f9c4a,fb01a5fc09b9b9563c2ee41a22f07d54,1
433f70f1d652d249dd045f7922c5169c,e135dad580bf1f80d9e2828e5e85e7a6,1
434578b516569304f13fbe1d24226ffc,78120320a8a3d2656f159d513fcb83b6,1
434aff98d2a7b723a8275a47925d775b,f7bb503725fb4d7bb55301d5bceba728,1
435bbbf7a1d328975b15ebb8eece0d8f,c0704b7b41d23540e8576c5e84484dcb,1
4366ad2fadfbb1f93c2b10d55d2edf81,4b13aefdb8d42b55a96d9985fa5da023,1
436b199887f7e81fb5c2e059904ed20a,31dbb0d1815bdc83c93f4b3472fa7c4d,1
438494eb27072923f90611c1a83f9a41,817e1c2d22418c36386406ccacfa53e8,1
438a48b70a56b65897fa3c42563ecde7,488f6ad202b2656d346498ec03963de1,1
438ad6d81467ace11850c8a96818ff42,d21bf4652c855ccafcf94116891cc7ce,1
4396492d7da56955ab6c0fc9c9fceaab,61d980017b9f55ac2451dbf0bdb849f2,1
439a4e8a7e580a3cbfb50b4b6eb4bbfc,0a57f7d2c983bcf8188589a5fea4a8da,1
439ffed37d33decb0333fa07d362bad5,08208bc1d6a06c114cb662f3b2c95e05,1
43be7f68acb621076bde97c734132eb6,94ad63831117fac82c6054d2056ed118,1
43c471f74a026f8c226d4f891ff93ad8,4c1d9c97a7245db3b8d7a32fb4c02286,1
43e812d46063b9ec7d048031c9722c78,0d85c435fd60b277ffb9e9b0f88f927a,1
43e812d46063b9ec7d048031c9722c78,ee57070aa3b24a06fdd0e02efd2d757d,1
43f00561c2493b127004fd24ce4661ad,bcac6651b527e7de1413038c0df100d7,1
44024df7d9bd0f986d18c27e73d39dd7,972a5189877b9f484978bb58ef311003,1
4410b688abf3a740eb252990826a8947,165f86fe8b799a708a20ee4ba125c289,1
441b8206c35723f88ae1c338f274149d,d8a3b568800dd60242c366e5e02184e4,1
4423670dab211b3b055c27e5c310d36e,9545d45c37449ccbc376de3a04c66e71,1
44409872f7096ce7249629450da5e2a6,422879e10f46682990de24d770e7f83d,1
44413aff0a87eac35ad5f773c7ba99d8,71835d687609f578b92692f98ab16100,1
444c429371782af5829148720a40e538,cb81df0e3ccece253557f2a07df4727e,1
4450850ad98de459ecea38e7a1323f56,8aa6223e400af9c97b07c75993142721,1
44531f7ae52e2312ab3ca7f58778b41f,0b898ec6fedc70029a044c72475aeed4,1
445ba6c382e34aeb1d2f8ffe7b19bc78,74e48c5377480b7d048d7b294abc569b,1
447e1d91885790660c82309c87fd2422,2b0233a7e7ded4751e8e3812f9a4553e,1
448c2fc1c28370b7fd12f611282d4dd1,d04bbac48960ecb7ea311b00ca6e1cb7,1
4498e0fa4951df931bc990d233493cf1,583f158587cdecda3e8bdea694021e39,1
4499d160ec40728533c4b23180bf6140,7fb04722aba7a2b632bac8f9819796f3,1
449ab05f99d6b258c918225bf682d6bd,00e2784f846618842151d40ec730ece0,1
44a89ae5208fbe0ca6280cead9622fda,84003eefe52bb4112252409a24ae3a73,1
44ac2f795d5c5ecfdfabe89cb214cdfc,e2c3ed9aaddfd2312a6a5fe9b3ddadd3,1
44d347aa77b1bae4e5107c9dc3dde6f4,c62bc42d383a40b285eee3f95240c817,1
44d7732397bb805d006dadf160428c85,dea837d4f3f30b541725d258c15e4ff1,1
44dcf012f505f08758861bbe8348c0ab,cfd414b4463647f58c7775eaae06893d,1
44e246036793c31473a506a95d2d782b,74ae869eb82594d9cbe6e934cf143e0c,1
44e3a4d56bff0ee1e71df577e741b7a7,e3a86e57c0aff086a429f8cbb7f7f7cc,3
4504555088e2e0428e4673f325031be1,b9d76f1574fa7456a7770e1a576b96e3,1
4505e98fe9949c3bcba1d416ee3f9bfb,3394bd1ad2fa9278c9da6724fbe73c60,1
45067e8e59e7901213581b2ca0cee6b7,dc881ef926ca402063ea142afc83874c,1
4511ae99b6e4a71562a8fff52835d251,b99e4f4fa3f421e0ffbd512d9f152dec,1
4516d9bb34161f0c224eed49b1e0aee2,ba4bfbf74dbe7ab37e263b9326da0523,1
45193c34a13942938ead2873b64c360c,99a4788cb24856965c36a24e339b6058,1
451e697f12e5b64eae4580d365e6260e,c413fa08b405af6edb9d49e85e241c08,1
4529b4ef395aedf9efb99f2e529742b4,fca5350a69eb4d8ae4f5884413ebd0e5,1
453319763d53187bead0d2aa6575ef15,0fa81e7123fd0ebe03adbbe99d912827,1
453319763d53187bead0d2aa6575ef15,87d780fa7d2cf3710aa02dc4ca8db985,1
453319763d53187bead0d2aa6575ef15,8a443635fdf9759915c9be5be2e3b862,1
453319763d53187bead0d2aa6575ef15,fb783e3e545937820b57fe539b2c5a6c,1
45442979a333bc62efccd8a2481481fe,fb21cbf5cf37c8282a583cf8b6e770dc,1
45537bfbebb450f1f4b50fee812ecec4,f39a8b27ce90ac582103bf36f09690dd,1
456664e611e20956682bafced4ecdb19,c7c99e372ec2f873701c20e3a00ff29c,1
456a071d45cbb3cc872071729ec31dd3,620ea491128bf83c51950ac006de001d,1
456a071d45cbb3cc872071729ec31dd3,df306b9d83f3a792369ff3360475936a,1
456dc10730fbdba34615447ea195d643,cafd558df4c3c9d1c338ba6930ea9a62,1
457207ed970fb24526a47a9a9a271a46,1166c098840d03686b633fe2612c5f2d,4
4574518f4c6e0eef440e205139e125d6,0bdd9a52d192d64770e33ae559512478,1
4578a3079ec21d3e411223cb5e3a8258,53759a2ecddad2bb87a079a1f1519f73,1
4579d869bafb50f24c4bc5cf3ad6b17b,3fb4a7a71f6e781489ced64b438c055f,1
4596b32d78313ebf60d4b14a6a95ff87,72d3bf1d3a790f8874096fcf860e3eff,2
45a1e42954c59f20f1107ddb8c3f1de1,f16d9c6688f187efa6ce353d689d85fd,1
45acf97b168ec16f75b8e504e62451a4,77794668e2278bf0045019b0d8a308b2,1
45b2e2f0f6fc93eecf7802eb6be9a91a,7b35be468d9795a7529f65c50ec87668,1
45b5b5e9424ca746ad6a3161de453e00,545085671b9f2d7d2e1a9110b15d838c,1
45c20449fa0e246600a384e74176e43d,b584de1994f604fa7dfd0b6b9c6c1b99,1
45c3116824672fd443b1f5d6dcb299cd,7c4a8bec217df1de0df2b5aaf8175b65,1
45d196ca62eb0b8f5f2f3037e417425d,aba86c093ccdbac75b09111d57e50004,2
45d23d652ab776714f444ad2daf99995,3713f19c71c4be21ced80738e2fa49bc,3
45d23d652ab776714f444ad2daf99995,508d5e8ce8e79bb506f9f0c096b295c4,3
45d76742aa38de04bc46e13624c4db61,9523f1a3e7db9e38d55379435bd450c9,1
45d819fb81a17ea857d85c8a1fae74b4,f5b11b51f8a211b6f304a2e351325384,1
45e4dab8ec0beda6573700b2272cb164,53e5ab849cd05746afa487fb57fa8271,1
45e541f36bb1209909900413545c9a82,aca2eb7d00ea1a7b8ebd4e68314663af,1
45f6cd0d5df906042e1828a4cd5a095f,2196663031bcde078cede855ac0b5739,1
4608ffc5f70a8c67bf129d6770948fb3,d04857e7b4b708ee8b8b9921163edba3,1
460d69a7f123395d881d1122d36e0f87,f788dd44fc883f0664693a6dea50437f,1
461ac5f6096c83246957cad38154e252,f28a5b15b3dba915b2df1b23be439ab8,1
4634034cc175c08895674b66ee1e5a36,c7dc39bcc7f9bf8a9b253b8727a0cde5,1
464475d49052b9317bf74a4d8428466c,a8fe47ad6f852f93cc92c7b408687de3,1
466462055d43360841cd19a81cc12e9a,6c712952b8ef62f8d06a0314917400c8,2
4672ca9dfaf87835eea705f786d3dea7,025249b91a565601dc1b8f47ee7a230e,1
46892c9ab706c93de01025d07b029234,12f3396e4e36112d4155e0c51ee35ed9,1
46898c46b3a1f1a811de916fb77e5659,362b773250263786dd58670d2df42c3b,1
468fbf63b1c04a842cbe9d2a8e6c16d2,a1f7dace2a9af48dd48428c12001dc09,1
469884f267ad928b17fa5cc2751ef2c9,2b4609f8948be18874494203496bc318,1
469de6321bc3cc06274c61d9aebeb0bf,c5d8b84a90f73bd09c30e71e76caaa11,1
46a325fd27360b26342c0b0d8a279804,f27aff266ad97e75d4a24c893b2c311e,1
46ad19d390527ea247f395322d167aec,2a2d22ae30e026f1893083c8405ca522,1
46ad2a4627eaff989f09ed085a63f0f8,caa41bf17e27022341da028e79152c4c,1
46b9f480dd3a334d6482b9663c46ba71,9ecadb84c81da840dbf3564378b586e9,3
46c848799c224c04ce2958810c0240c8,4dfbe01419f983d397ed0439f090541d,1
46dbd6b44084696774eb0bc59352069a,ee57070aa3b24a06fdd0e02efd2d757d,1
46dc7e781b1af14990e339d42bbb6477,37ca4ae4320cdda8a0ef625049f4cb88,1
46ec73876cebebf34f06e8e1d4c3cb4b,293637be1a5ab3bd138fb6b758100e7c,1
46f54b37f0933babe0222df0744290bd,bdb4be6ce2f7f2b5be0a16088028c7fc,2
4700d1a6f247079a2e60dc883b4c0c16,f1c7f353075ce59d8a6f3cf58f419c9c,1
470cff54aa86be3ce142cc8406ad2084,08574b074924071f4e201e151b152b4e,2
470fa3fd312895b59fc3b5394bcc99fe,cdeefdce9704b2a961a01e89b1f19e7b,1
47192afca0ea2f6927f782257e18fe4e,f64673cee0ed4c2b137d08a3dc4e855d,1
4726470732530d99dad13c8e2a3cc1d7,c37e775cc9f2dd910db751444447fa3d,1
473c6aed6147fc43db1b31710ba3431d,5411e9269501a870cabf632f05655131,1
475b253f80a34edfa6229af20a56914e,404a57563d487aecbc2b1a01d9b89aab,1
475eec32deae43c1479b18acc1f7781d,81efaa22f3868f00c8ef1879cccc3c03,1
47635932256cd809207e385adafc9a88,a437d4e13afed02d510ea08321cdc5b7,1
4764d14d044d8a476a85262a3bd65273,a02d0123079f4ae96001ba2010d1a2df,1
47904533b073544ff4554e7bf27003ea,7e857e35018e4a05b7d124d1628dc1f0,1
4796c2456460470023bd65ce1ee39f6f,51218a8d006d67354e44e530d57f9a20,1
47aa15d805a354b4586f613823305a78,aca2eb7d00ea1a7b8ebd4e68314663af,1
47b829330c5a0c6c89cad9cb0ac6aa3c,2146114f819e6e6b2bd299addcd4bae1,1
47c285be8b7e2871b65807d42e6827df,c92f0e7b9d49a9543558d6532772441b,1
47cc5c8daaed49e3017f7277388402d6,4a1fceb27ddd81536c58bb333459b07c,1
47e2de6eab3618c1d08f51f6d3af4826,51eb65f0fd99823a3cb2c0d985e230a9,1
47f220b95a6c2d2c582794485465a9cf,4df83a41105e00e0845b9d12b5fe601c,1
47fb4a430082767909a0bc89fa392fe4,53b36df67ebb7c41585e8d54d6772e08,2
480b60f05b6caa21bd6edbea402d607b,f00b39a2c66d045f07fdfe7d8ddc4ed9,1
48145944557a9c6c41f6db3a5e4bc4f2,42283300f3811baee739f5f6edc6feee,1
481cbc746dfc704f82c29b414d698c6e,422879e10f46682990de24d770e7f83d,1
482d1baa7d2f9c4d4b54ae09215d39c8,06c6e01186af8b98ee1fc9e01f9471e9,1
482e69c01c05f00cef2fad4a24012024,5f90a946d1d1d997e9f4f85cdf90ecfd,1
483379396e748579bc1fe3426dddfdcf,985c412b0ac92ed9d8a76bbeab6d44eb,1
4838991c7e42996e65f9386f91b1f014,6520088dce31a24d4fafaf79cfc10baa,1
483d9226608f90c18049efd44ecbc7b6,db5efde3ad0cc579b130d71c4b2db522,1
483efcf2fb031d5a75cca49aab77de4a,b4d9c32c307674e72fe46c424e3d4824,1
48430ed054d8d4f37f6ee4f17bb2d920,4c2394abfbac7ff59ec7a420918562fa,1
4847ee76209123fa40e1d2bfe8618ae0,165f86fe8b799a708a20ee4ba125c289,1
485760799b2cd07783a674fb73c5cc96,90d9b6d827bde953e7cc9f81bf113467,1
48577f823aa2ebde3bda0767a3e1b925,fd424396761d9e1609c5516b7d8ce17b,1
487bb71e40189a3438a469f316013dd8,cc5447118c174dcc6456c84ccb29e6f7,1
488c8314a03fa7c3856db52fd016cce2,6a1a04054158fe995e1688d8f79605b2,1
48bad7bb9763159799f5067cbd3dfffb,4a300735bc293723103db0d0c1bc1585,1
48c73fe43ce5ef6d2be347c14ece9be3,aeaba104830f91586dae1bff90f54a8a,1
48cabebc3016b12079f4d41904c645b3,656e0eca68dcecf6a31b8ececfabe3e8,1
48cf8890c6baa95976ac76bf4be30cfe,5d3353870f99e3666b0bf5aed7caba8b,1
48da70fef4fd152e49be10586753ca91,68dede30a2ef7c3f19ac4ec5b7620ef7,1
48e3a9de59a791697c8face0fb3d439c,f3dadecca4b876a315481c79b8adcf16,1
48e6b0bcf07e875ac11d750a5ca6db37,2b4609f8948be18874494203496bc318,1
48edd605f2b0aa7b701d54771e388335,027cdd14a677a5834bc67a9789db5021,1
48feef90ef337d61dbd501ba9fdec246,c8f7df520102efbaf9927f5acf21b928,1
4915b5f798ba5172def6562538b6cdbd,4a523a9f00bf299d2496151b0e2a3238,1
491b53d711e90db8195ba44d40bb83ac,ef79ec374ba852bbced7662285946619,1
4922363693e673167789c03faf24a66d,8d15106f1709b2a5340c0141ec76144e,1
4931bab39028b872b4ab9a0c38e3d552,54d798aec2c073d2d403f66ee33ddbe4,1
493941e03992cc140b88be7a292808c9,d3f4f3de0f4576184674937d1e9cecca,1
493995f180abe3880781d71ee5788885,3b60d513e90300a4e9833e5cda1f1d61,1
493cbc38a238479a61a6f6a5fdd90ff5,b0961721fd839e9982420e807758a2a6,1
493f02406fba095160b473a15cf9f9b9,50fd2b788dc166edd20512370dac54df,1
49458e71378c6be16ff3b21b6e83676c,db5efde3ad0cc579b130d71c4b2db522,1
494e06598140699017261a37e250cc52,fa23bf270fb9880690b07d09b9f9ff20,2
4964b245573f51603b9782d3a365caf6,10717ff440b2320081989126e858b220,1
4964b245573f51603b9782d3a365caf6,ed5122a6a757a4fea8f32a6fb95a5135,1
49728ab3ca97268c16b1bc1205212d04,00baba5b58e274d0332a0c8a0a66f877,1
497ccac91e19ea5df7516a1fc06735d5,34dabb8af33b3756cf72df05fb327011,1
49aca3f38ce32b651920b1a706754fa2,ee406bf28024d97771c4b1e8b7e8e219,1
49b471ebcb1aff8733ec7a476bcb4a10,3516632e8f52b679ff83d1665ecc990e,1
49b471ebcb1aff8733ec7a476bcb4a10,42ef2bdec0493fd90852352fcfbf2c24,1
49c6a9bd8786031fa02ef67014dd2bc1,41311fd6316a50a9ff4ac5bfca1b910b,1
49c92d0c9c958885201558d0d00f452d,ec5b3c8bb77ad22278f6e9d719a83de3,1
49c9dbcc5c5326a91545d815205828d9,9957ffc65a8cdbdc39584b7fc0b42aae,1
49d707c4f8c279f291fa063f2d5cba89,9400a388ad4fbe5e9d381a9762fc99c2,1
49e406aff4c253ebf653e56898e21705,4ea49b3aa2f6935d765edbb113932311,1
49eb2dde34c23bd4b6c4c6a137826ac2,5b4c8ab4477bb00b57cd5edb1af9aff8,2
49eb2dde34c23bd4b6c4c6a137826ac2,6845447c5d4495dcddca6e6b494df3e7,1
49ee772ae3757a7a5a306a582d2907a5,b5e13c9a353102f79c6206ff5cb61a50,1
49f218b2505aac7db523e8b1432f7915,4b72033d6547d584a65c309c78552e24,1
4a0063aa59c49a0b2d52b93f87b3d358,24c66f106f642621e524291a895c9032,1
4a14bc6096777af2242f207d52eba728,4cb6e86e1328e77e20b5f90771683cbe,1
4a17798a547f3b8f2083ccbf758fb53d,2bb3e85f2a403543fdb64e266e70c792,1
4a1d04ab251480dcdcb41df0c5e41e92,4a0c2a56e65c941a0bb9874c47dd66d8,2
4a1f4837b9cceab1e8831e832f487061,44523a5e61f0a718c2231922b8856ad7,1
4a2c271cbbafa1d8e842cb3975693180,28ec94b0adef9c07f96a03ec8dacf6f6,1
4a3d5744c281ca00b0662c8d46d6c484,512a1d3b016cbc85a8359c3fc99b4abb,1
4a49dc2c0c4fb4afd6f8e9ddcd86f596,786733d317255508bd4d648585977611,1
4a51cb396dec2a0c8395363ebae19916,6413f7a28e149a324c4a914000399fb2,1
4a5e97c2daed37ddfb41657123120899,bb7181410b4e02f93f3697f765db53c7,1
4a5eab03ad0ee1503ed736150a484cda,c233e8856445fe94069cd6bd6c32f4ea,1
4a6c652e42562190c75405da10f1fdf2,5cde85235c4ae7747e9b48de95178a14,1
4a6e1c44e2055e46c2e15d69edb81be7,46b173c179c7e6904a5728959bee5b3a,1
4ac3a7aed5325218bfd84a79ff4e0611,7fa79f73326e6b9b13b79f60a435d4a5,1
4ada596bb18a812d50553dc2ecdda9c2,dbb67791e405873b259e4656bf971246,1
4ae24933ab2c07bc898c41418910a9ce,e03102efbc2229024c89be731f0aedcb,1
4b14bf7f9a0fd13d8e7073cd3de6b3e7,bcb4f6803e8889a70dc5ed14c2f5f785,1
4b1d9c46c5fa2de5c66bade77ba60720,ff5f8606556b625613f069a5a9a48966,1
4b275d19c7abd9fc3d9904b0607d169a,368c6c730842d78016ad823897a372db,1
4b3b94241a1988685ede1e51288b985d,c924e005748982a0f58ec549a7b5e353,1
4b3cff69c9076b5c9f0b5e16b5328360,97194fdae68fa163b7cc5c02bfedbf16,2
4b4839712f1f77b8f762b4532538ff9d,2aef77073a11c1bb21ae9eabbc7a97e7,1
4b62140bcbd887e90a27212db45d4226,a0c8114ed9f3ecd1a0394e3987b87613,1
4b6cc748c9b98d12cef260aa6d33d5b7,bee2e070c39f3dd2f6883a17a5f0da45,1
4b83fd2609057103e8d7604ab567c5e6,5f504b3a1c75b73d6151be81eb05bdc9,1
4b88365b45f660f21ad6d56557871ed5,31c79131e883e5fd8c4c85fe9f7d2bb2,1
4ba8c08de7fa81bb7c3ccbd2918e608f,e2c5dc4fd3098fcb1fd6cccbff7b0b04,1
4bcf2ad7ccc061c13ff360aae5b7abcd,8a6187b2665118d5095f99a25fd7ba7a,1
4bec36f049ff3fbeaca9ecafcfd3baaa,d34ec3c23c142291062f958688a1b41c,1
4c0048f0a288bf5711513c19ed659dc4,bd85550f79aa4e7452a75c55921cd5c7,1
4c1c84ba008ab2985b9fd2b941800c3c,40631fc40fbf11823322e3477ca53171,1
4c1ccc74e00993733742a3c786dc3c1f,2c2b6a28924791234bd386bddb17512e,1
4c22b6fbb2fa829e31d83b4160faa4ee,f9ecf420c38b90a8af8e7f70fd789264,1
4c3a69a70ab3aafd4c7024377c9c9821,3dd2a17168ec895c781a9191c1e95ad7,1
4c49ffd00d17560e85c4e0e03e8e3fa4,a50b1500d1f7ec62d2f3fba260974613,1
4c5307b6e161dfcaef72525344e6d663,347ba21666e27d60475549270486d936,1
4c5f600b0af36d34eecc8e2b1bb63ff8,1aa2ed670a95e9f475723707a7c3f386,1
4c5f600b0af36d34eecc8e2b1bb63ff8,744846f62c7ba12b43c59c5ff57782a7,1
4c5f600b0af36d34eecc8e2b1bb63ff8,7a2428849e8c9e1cfac00494791ca876,1
4c5f600b0af36d34eecc8e2b1bb63ff8,ebf969336461d98e41d31673d8af75ba,1
4c61ff94fd292ee9fb6e810ce986f5b7,66358143d86813429426c93f03bbdabc,1
4c61ff94fd292ee9fb6e810ce986f5b7,c938aead190afc62a55dc7bde80c5a24,1
4c98afa4ca10e1d85ddf126c0c19834b,ae083e4a334a4210ae0ef7323f1584c5,1
4cad8026a6d4456f6dca8c9c40e0f349,4a300735bc293723103db0d0c1bc1585,1
4cb1a8448844265aa0e0265f8bba2d9f,dda373e611cb942842a1c248b163c3aa,1
4cb7699cf045e230d2a942055c88a0e1,122ed0b5404fb93c07b3d35c99e8aaa9,1
4cb8a348a32b76300b86cc1478882be4,6d5a9cd602c26f8751612f77ff4c6a90,1
4cc3ed3fc6926d0c87ca70e1ed88ca8e,9ad75bd7267e5c724cb42c71ac56ca72,1
4ccadb3017d7e9ee8ba9523f00e6759c,caf540627b7914ab734c86495fdc95ee,1
4cd4385c6ceedefe721666249895d5b7,389d119b48cf3043d311335e499d9c6b,1
4ce0c6e4d7b908ea1a35aee4fbbda890,e0d64dcfaa3b6db5c54ca298ae101d05,1
4ce8e60d4a40ea780f8db855b13eb589,acef497c1130f71ccfe63aaa1c9a607d,1
4d23236c4d3bb44a62b0693bfca5fba5,937ac3a2f4aec64b560e6423fb50aee9,1
4d24fe94ae4785cfb2ccc99c7e6e310b,15be8ab92cd1c32b16ff30292ef39991,1
4d3abb73ceb86353aeadbe698aa9d5cb,43423cdffde7fda63d0414ed38c11a73,4
4d3f111a7518b43408f6cf2d1e3979fd,6761b88d4716b34a0d41bb8d13e20db0,1
4d42435d173517c3f79098cee92ea787,d696750e550fd0f733979dd7e5dff921,1
4d5f7e1e4e0c9b91cb3a39737b940c93,ffc9caf33e2d1e9f44e3e06da19085f7,1
4d73737f27246fd7094751652d0ee963,7659404ade89460a4be1c11ac47d5f2c,1
4d82e79f5404e8c3f059ab099fbe5dda,2b10e945dae5434075c8bb2be0d17325,1
4d82e79f5404e8c3f059ab099fbe5dda,372645c7439f9661fbbacfd129aa92ec,1
4d82e79f5404e8c3f059ab099fbe5dda,525947dbe3304ac32bf51602f9557c12,1
4d82e79f5404e8c3f059ab099fbe5dda,eb53f94fdc60278efcef123bb275658a,1
4d83eea159330f461e9616243fadef9f,e9def91e99c8ecb7c5cef5e31506a056,1
4d842ab53e4a51551f795bcc1a742dc1,223d34a3d9334039f5ff9511dc044bbb,2
4da71b283420d156c50159242d0691e7,791d3e6bfa05746c3434250319e5e6d3,1
4da7cb25c4e56c5cd9bb52e32159cf18,5c973b4202aac5c372a483e712306f4f,1
4da7cb25c4e56c5cd9bb52e32159cf18,cfb763496d9fc48751a27db4fd02aa2d,1
4daf9bdbb2f515d19c4a054881982674,6a7410f88fe57e3fd4e353cfc04e7b31,1
4db1727486f69718caa8e66ce168e48c,242e1933d9cb1c789d3c6a3f2d083ba0,1
4db36b53a65b2205be83987ad42f2e54,4611bb7e0ac415d6ae411925356bc93a,1
4db85f54c09882d9f1e37774934551be,616042729c11849827291496b18e9ec5,6
4dba2178903f42a374b15cdc931c5d42,fc0c0ec18acc7de4c5d1eb3d4c274e72,1
4dbd34761bb1a1eb90ea2914481604b3,839ae04dfa2580c962dbbf9613c3e6f9,4
4dbecd3de51e8626f26c0210b5258327,5a848e4ab52fd5445cdc07aab1c40e48,1
4dc4876f7b580f0cdb9993edbd4cc975,0d85c435fd60b277ffb9e9b0f88f927a,1
4dc69f5a7144b4414b97fbe35696af97,b24af8bca8813bcde4140ff8562f5e47,1
4dcfcb543312afef7bde0fcfdad4aec8,f1c7f353075ce59d8a6f3cf58f419c9c,1
4dda11a4f999ace6297045128bd68a66,0a74b9407eaec9d6c760a1e92c10d96c,1
4e086f7e9dc0292c1e8e9e5aba786313,368c6c730842d78016ad823897a372db,1
4e0e75fc56e2609aa885d4305d4d07fe,cd2ea14a901da3b47b33516f3ca6929e,1
4e23dfc538f90d9b4407f71bc6a797bd,d63cafc542dd1b06a7c0965231ff940e,1
4e26ab9c4d5ac920bde76fe5979962e2,c8cfa622661e047ea2499f8bce4731a5,1
4e2bbc22dba0f9166f5877a39d2265c4,aca2eb7d00ea1a7b8ebd4e68314663af,1
4e2e8191d9ba87e497ba547c6354a87a,ce6e846888716883ea858c8483dc2fef,1
4e3b46e9770f521ea3c91fb857c4ae76,3f14d740544f37ece8a9e7bc8349797e,1
4e48883d975d94cfbbffd16aadffdb46,64fb265487de2238627ce43fe8a67efc,1
4e508aee7341ba61e85f371d160ae396,6c3effec7c8ddba466d4f03f982c7aa3,1
4e513a51bf088b776864a966b91fd79c,bdf89d6a5ed033f3e4fb1266fc445f81,1
4e5b349fbc6fa7c3f6b816de96c75420,dee98cc0394b12aefccbad334b415c10,1
4e6fa8b8cc0033fd4dcf040a26f8c72a,0e1eb22d9c8c83f1bfb714c149110481,1
4e8c561a05a9ce1de6804af430f3ea9d,23429572ca0a6901f36825829cec09b1,1
4eadcffca4cbd545ee337b830acd0b6d,8995980bf35c9c32cc8c7cadc025ad64,1
4ec0d2cb28f8990b106ace8fe8b80cd5,1584ce1843990c0f62e353fd0478c2df,1
4eccfbae6ae2126a462a53d2cda99572,dea837d4f3f30b541725d258c15e4ff1,1
4ed45e482abfa0e715a648c5c5070b65,5b1b6135649a0839631d1dde8e4e5df3,1
4ee37274d091e7e0ae7d61d1ae0a37f8,eba7488e1c67729f045ab43fac426f2e,1
4ee7fc32553f4f1cda85112b9a2719e3,d6160fb7873f184099d9bc95e30376af,1
4eeb60f8e7ba516b503ea5ed5b1f8642,5f504b3a1c75b73d6151be81eb05bdc9,1
4f0a80cfa4a5eaab069330b6941fd9fd,06a69e6ca81fc5f8b7b2887f974c6687,1
4f0aabc56eb3f3cfa1eb12bd4de97110,36eef04eb938af8bd108b4e2753b5a95,1
4f31f3e86acb37ec0ae7101e01917335,4ac533f3cdb87b7764bf5fd518a85bda,1
4f36ee71cd2eb2ba9c1eb02b36baa34b,431d674f9a4fbd0957ecf6ba3fcb6899,1
4f45750d162d7f0bed9188422896ecdc,8f83335d6508c667813ff14dc437bc81,1
4f624aa6b5f7d34e839b14a44982b485,170db4e7b448ea0a8261aa05fff39ee5,1
4f6d55f91cc55993f83d3f289af748ff,08c816d9a716567bf436173ef6f5f12e,1
4f82808559a055256519a591e63b776f,9d9734db712d5ab6c3ff4c33700eb34c,2
4f8f6289df8456b49b78cc4ad0d7ec36,17ad6786808ab3fedfb261a70a5932d6,1
4fa12f3ae394aa81c4ac1faaa5a52276,0efc91aa52d1f0669126d3000a94279b,1
4fa1cd166fa598be6de80fa84eaade43,2b4609f8948be18874494203496bc318,1
4faf7bb3041b910f0a590121c4480f8c,681e1525258578dd8a22a3c249509bf5,1
4fbd4b0638090bdcac4bd0a0add76ed5,e0cf79767c5b016251fe139915c59a26,1
4fe7ef3f51b83a185b617b87add5e48d,4615c086d05b264e9ff7004fcb515e37,1
4fece99243598d047490d4d4ce058897,54004861371c893cb5a5e2b563ef72c6,1
4ff7f668c597d7e4538c5ec4d4fe7b65,57e089e3103f5cda6a4ce23b77399bdb,1
4ffb336c1ec482582982fbbeaa7d94fc,37b99aa22bbac19b2a4afc4b2a958a53,1
50117c5a5e5835462f0b883c2deca4e6,862f21f0a089e3a09528412f6ec63428,1
501da9e5d17a0a47149b7c9c6fcfe392,92c92e54ea03085ca64e3556bdc18689,1
501e5b016fc09bda702e55fec5be78dd,cd23f8469a90c62d99eb9bf8ad74fed1,1
50202490acea34225b1af5cdd25f4326,dc66bd48cefb7c7c6ad6684a305b6bf7,1
5036f826fada2fdba151a9112545e883,b07c988c725ddd67d0c7572a8099712d,1
5036f826fada2fdba151a9112545e883,ee7de8d5e813bc4c5f9f1c38ba41e7e5,1
503cd4e9dd9a0aad568b6f3af8e32948,c777b9591e90c49e0745efb1051789ca,1
503f0e722a93ef93328c4f358b7c0c92,b944aabf1fc45c01599ee96c7f4d533e,1
5044f39d92b86919a2a5ac6f7149f1a5,13944d17b257432717fd260e69853140,1
5059378df49d90c06ff62b87ce33205b,0e9dfb804bafa3d68ef3ee7a621abfb2,1
50811b375285c235a013d3d645d93641,751fe3ca6058edd02011a3cd408211f3,1
50951904082363f9436bfc5e535194a8,2bfb0bdbcea77da2879f0ef3be9a219e,1
50a60363567e35381870faeee394c06d,473795a355d29305c3ea6b156833adf5,1
50a7be6f38894cc62d45f7df9a48d436,3a3d2f7c5abbf11ef8fadf732bb675e9,1
50c065ad9fbbc477d28bbb56dcb61600,601a360bd2a916ecef0e88de72a6531a,1
50ef4067638c55d3a31c306fda104538,45804253761d5c941dda4383a2b35e8d,1
50f685a3459979901d080e6d5efa0bc4,d14495a85be157b5cacef4eaaf825791,1
50fa7b568bb20a89723d9e7361ea6455,49eeae59754cbcf1abeeffb8f51184ee,1
51099d172d85ee8e5693acfcbbd0f0a9,ab616e3e77440ec426347964a3489108,1
511ccb3aafea18b48241f081b07dbba3,f819f0c84a64f02d3a5606ca95edd272,1
511f8f1b15ae846f219dde14f0fbfd5f,cfb133b7458336455fa60b97ac3aaba9,3
511f8f1b15ae846f219dde14f0fbfd5f,effa78286556d5e79cda2b4aba96a534,1
5121084fdade95f1a14190925415cfe7,aef8207c2e91f4fcdbc0824737abf358,1
5140a58e94f23985287e8f5f565b7c27,154e7e31ebfa092203795c972e5804a6,1
51438ab3adcedb8f8c5b9e860f6d57f6,ee92961b88199a0d4329a6beca8f63da,2
51460fb93e8641cb759c87b204e1fcd0,9eff8192b50cf828d20417ae6c41f4b5,1
514c224360b5f3d898bc57052663ba38,629e019a6f298a83aeecc7877964f935,1
514dd9fb6e10790e3e4ff173318d67e3,880be32f4db1d9f6e2bec38fb6ac23ab,1
514f273dcfd868433162e713fd57cab1,4daac62d42cfbad476c3e42791411412,1
516a60cbb0bc2784ea93313fed99ea77,d2b42ba1cc7c04d6f6e4ea54392b95fa,1
517eeef342ebffcc00ee0fa2fed5f6ef,dd68bcbc459a7f8b1e8d41efd8e076b3,1
518d97172e34c1aa7f4fcbee678c8b5c,cd46a885543f0e169a49f1eb25c04e43,1
519037976a519a9bc93c1072764e9d00,29427de7f8a9ee983d9dbc51cec569b4,1
519579a0b1843161c9ac5cac2376caec,0dce093fc7ec4dec214256df878e3c08,1
51bb6ad388ce6731e45f77e1392457d8,e0cf79767c5b016251fe139915c59a26,1
51d7998eb869905c8e7d8224148f7994,50e1b118f266b655f613f753914c42db,1
51dcfe10205819fd2d3294782a1065cc,e9cd877ece530798c06b7f8d31b631e3,1
51edd3e2ce3240854fe38ea1a71883e1,dc404a1496a08f9f5540c8b5d4b92925,1
51f2623fd1886cc6e5c101511c7bac6a,d04857e7b4b708ee8b8b9921163edba3,1
52003bd1d28ef8b5dcbc44f335efd98d,348b10ae8463b0ee175ad03103e59f83,1
52099923ca2008fe5dec60b1f9686326,efcef300fe9b2c558a8ea258127f6e6f,1
520e97ba4dce3dfef4304e6c5afecff9,33bfc11487d18d2405f84661bc164f0f,1
520f054a1dae283f1d09b11e621c27b8,154e7e31ebfa092203795c972e5804a6,1
522ea5848b2c1c74cc7c19c199f72564,391a014a66920fa0ce468319264e0232,1
524d40cf543096d912f74f5e21cf3e1b,ce6f74096c84567f22728c84f3d6e7fc,1
525125633cfc0f64d4a991240953f2b5,74e47bd907dc11882c23f4c4ce14031f,1
52518ec19d39f15886aeacc964c20129,99a4788cb24856965c36a24e339b6058,1
525386e5496dcb6a38723359f7450144,ee3e94e918d05a5da04a4cb547e91dcc,1
5260f456ae402e7bd7b16055e9a4214d,f49e985b4cb2d0543890d6dd00077663,1
5263febf1413e9a60ceb7b842008b7ef,65bb78cf0bbc3ca6406f30e6793736f9,3
5263febf1413e9a60ceb7b842008b7ef,7721582bb750762d81850267d19881c1,3
526441615839170e46ce165be2760060,632c37951cab36a4e928428cbc4fa4f4,1
526e982e0217539da2d43a01848404a6,1becf32f9c527bad8d88e8e6aa99f021,1
5271dbf2466ac47f5a7cf3d845a46d1c,f2af004352a06a99dca765596240cbc3,1
5285d83bc3adeb72f67ee3c6c8958403,f2e53dd1670f3c376518263b3f71424d,1
5297ee74ebc6c60b203e91782c3205d1,53bd0c908c6ab820c9828763348728ef,1
52a893aacffbc06f9c3016e3664c745b,0129d1e9b29d3fe6833cc922374cd252,1
52c68a7d3a462c7e1ad2fea471dc555c,68e6e8fd8c5f5b252b105d00daa9b57b,1
52d594f502a5c3328e8ab6815bccee72,0d1d4c0ee61f3136062c253eb289a3e7,1
52d594f502a5c3328e8ab6815bccee72,234af61e508645c6c1a470b8be9e28f2,1
52d954a9a78371248c768d562824c212,84259efff65083245b85e488d3a30d4c,1
52dd02a7f957b228e887536623fc94b6,582dfc3697c5f834a5ddf28460ba9222,1
52e6df27100d10fcf3d0e809345e9926,e6b314a2236c162ede1a879f1075430f,1
52fe8f0d46227cecc08e692dbe3c16fa,9653bfe8d97baee3031ad3d15b73584b,1
530103ea67e6552ec7b5875c1a7a8929,7ce94ab189134e2d3c05f496d635419c,1
530220145a68ef57f0cc54faf1061f8c,c45f017c36f9112a8bb4f170edfb1870,1
53031c006554e1e156ceada9024bba5b,2756f88aa420dd0c5aa25b2db78d4664,1
530d41b47b9dda9bc6f31d856f11a527,bbaef2eadf31fe3ea6702077398be06c,1
531b21f332366319dd5519bb9dd3743c,e5130ccb07bdb4424ec93754a54c917f,1
53344341e1300beda6e4cdae3b6b3496,2c1cc48126c2bdca9e59a300ade4f1c8,1
533697c445aa1e22114261e14760499c,53b36df67ebb7c41585e8d54d6772e08,1
5342683414d08cd3656392950ecd915b,595fac2a385ac33a80bd5114aec74eb8,1
53516cee27cdbecaa1d122f5ae9a2507,9f65cd1fc2c7cf6ad8bc3d8c038abe44,1
537b2215fad860dff368ec7bcf1dce65,7c8e2b381bb0fcba5b368961d7823cd2,1
5380c5d416978c6db0a431ad809ae4a2,82f02f778dae4ea65e408d9086b013ec,1
53904ddbea91e1e92b2b3f1d09a7af86,87285b34884572647811a353c7ac498a,1
53a5f51bfd61224352810a4b5d33edae,18290697e1929309b3195d2931c91b09,1
53b5ac878e3b5f8a94af4dfe5cf6e8b8,2604055d4992311bc72b115b6d5adda9,1
53b6d45cb9684a4b93e0ba2030222456,b47b33081c41014bc9f372b9a63228c0,1
53c009899356b1d516fce2ccc4831a6c,0d93dbf32345927755c936fe02d5776b,1
53cc124c5fe39077134aa18974738d60,4464ecc5c8cd38eff5beae1484f80166,1
53d7f82516d4a6e86839d3bc7194b877,f62ddccde7e84ddb39d2df03e228e044,1
53e7d67eeb84c9b9c79929c6de3d1612,ffbb3c00e9687ad738ace3977e821da5,1
53e7e398583fd2dfe791d236920eba9c,060cb19345d90064d1015407193c233d,1
53f5602be13a814f32672184120febca,34b9bda637e469b293f081fc33d7a094,1
541e9e847262fc7a495e3e595195d693,c4c273fc9291c33a56ad3f006fe567e4,1
5425974ca1091055b0c05604f43f711e,cf5fb18f3ac3f373759295cc8ba3e2c3,1
5427db81b6127984b9d282e9e6ef2603,6a162a899a815ed15db1689e8efc976c,1
543000d24bdcd4410f2e0c13b7a0b4f7,656e0eca68dcecf6a31b8ececfabe3e8,3
543e8185af0947557b5633c2b3d94a47,100260bf9206d859dc8db128c8c5afc9,1
543e8185af0947557b5633c2b3d94a47,a2a91fe6d8762e0371abd964cef88ec6,1
5453a9dfe80cc116e6839bd77a6df6e3,cc99f9e6673b4a99658d70f73c3bf1e6,1
54545530685ab329b0d79c2e40ee3aca,82fd0e5d33b58ad696f75449679c1470,1
545d5bb570b4c8a58357fcdbe124e0bb,ee406bf28024d97771c4b1e8b7e8e219,1
547c1c5240ab52551513cdd2d3ec52a2,025dcf8f0a969c92d254bc425b380685,1
549025fad34a0caabe89d632f0a20a88,72a137b85d5a1d82cde242493f118f43,1
549dc007a724ed911d3dd15410a54618,aba86c093ccdbac75b09111d57e50004,1
549ef037d5530887209688c8bb62d4c2,8c292ca193d326152e335d77176746f0,1
54b4870b180756dd1067656274e73bdc,aa995bbfcf2da055bed670f7282f90d8,1
54c7caa736af6a506044c72c0559537c,1d93a1a9ef04cca09f4737fc380e0d6e,1
54c7caa736af6a506044c72c0559537c,a89e5c817a0c1fd1487d78cba0714a4d,1
54d0cdd30e650c9f5abdb8ee917dca6b,6f657bbc44514ab511c65b891301208d,1
54ece387a84149502ff004cc7ea25f60,259119fc5bca4237dc823bd8a92dc25b,1
551a7e7fcf65c22ba1253ea5cbce639e,c8194120cffeb4eea08d08e91ed1d284,1
552215a43eb8963b5ea631bde3e63bc5,df3a82b424a1bb351c314547f6644066,1
552e5dad0a117d4b2f536700db6cb60f,c72edc98e7d77f0c4c04ec80730c05f5,1
55301531b32179f1220ed9cf9e5d4344,4298b7e67dc399c200662b569563a2b2,1
55370cd0afa128c7978a0935bc865fd4,eeeb2241b2cde4b94bc73dbc8e5c7586,1
553c6d0e5cb98f7510e2b0ae4a1acc25,4520766ec412348b8d4caa5e8a18c464,1
553ebb0d7bef0d8be08b4bcd9c3a679b,be82fc52186e82fccb9c7b949f60d407,1
55432010afd9240b386a32618ff487ec,6dde44b4172999f35f08654d06bad633,1
554df975298823cc6dec4fe5334583e6,c6e4e4c07bcb50a1dc0d54fbbb7ebbe7,1
554f93da437c4a70aed87dbd4f3dbe0f,c9c455f9fd8ca66d3ff7f90a249753b4,1
555775a9601baea5bd2e64b3a403d483,87716aafd7c6269cddb3403f85e4102e,1
5569c91b24c912d71c6120524b91b30a,3c79a7c125a368407bd03f3d8b0c4d25,1
5584316b2da9c31a4896bb8a54c06fb9,4cce2fad3d2dec6f82510d2521aebdd3,1
55b310ca8e15aae5537a5a579e8f26ed,2400c93fe382bdcd64e277eb723adac4,1
55c78bc29570e04ee3d2022cab98231b,d017a2151d543a9885604dc62a3d9dcc,1
55cbadf1632a0767011855eac1eb4313,33dc3dc62db9a9f1b48cc4c3809fadb2,1
55cea14130c28e3aff86b47a695a0f13,18486698933fbb64af6c0a255f7dd64c,1
55dacd547a813a182aa5c6033382abf8,6b6b162b177d0f36987993aecbe1c65f,1
55e2db26414f3481723018e15279c9a9,bee2e070c39f3dd2f6883a17a5f0da45,2
5601306a3ab8ff0784dfb5fab690bde1,8c5876b1c7768217964f353bc7e64393,1
5612114672ad64e961d09613b8f196e5,b4bc9f5c59d29ba89f37dcfa9ea53cc1,1
5614d75ab87c9cdd15aaa56ac850d034,34dcc2f0a890f961ee6252a1cd6ae3f2,1
56193005c66b353063ef884af203336e,75d3880783e696c130527f026ee302d4,1
5632f9bcf2b8dbec21e40b4a3a9fe7cf,437c05a395e9e47f9762e677a7068ce7,2
5638c42751e237d265ad0c0536256311,a1804276d9941ac0733cfd409f5206eb,1
56773a777067538c970700067f44a2a4,7e0dc102074f8285580c9777f79c90cf,1
568b842cd1debf5c70b350e7fa0b1a1b,612c7f49d1026f7beded75464b574f81,1
5692183efd941e64a6d688e5130545b9,80665d04b7d8216835a0ad52625c7039,1
569bdc5b541b747c421b3618ddac0884,0aabfb375647d9738ad0f7b4ea3653b1,1
56a3ee7d981e822f36b37b1426f256af,50b9ed3a22932b28d452c73046083f5d,1
56b4e0d69de2103592f10d1e63fec834,007c63ae4b346920756b5adcad8095de,1
56b819ca6360d77781801ec530b47783,06c6e01186af8b98ee1fc9e01f9471e9,1
56d9e13e6894b123c090a253757182a3,af79ac70de9a79b9c1c85ee0880c7206,1
56e1229b6007b3aae06f26bb7f564bce,3bebad3cf2c8d1a8d3ce97174643e054,1
56e48a07ed300dcb0e37986fde979433,3dd2a17168ec895c781a9191c1e95ad7,1
56e7899b07b9a515442d8855a6e049b3,d806210810eb8942d0ea5b17967bb1c4,1
56ecd08a6f16747959f7d6dc46d559ed,b0961721fd839e9982420e807758a2a6,2
56f9cc5ad6362c75ae28d2a73c27744c,f2d362fbb792bbe0233ab254111eca4e,1
5709985b6b8934c5e58d49d8b54ddaca,804276969fd6adfcfb9c9dcbce2fe8ec,1
57177102f8cf83694e6a7300df6471a3,461f43be3bdf8844e65b62d9ac2c7a5a,1
57205a3f55644a1df9ea81f81aaba2c9,5aeece828f56fe1d486e1c5e6a7cb61c,1
573dc06cd01ce38087680e66d886a1c0,9d6fc8e7b56702efaf2e2eef7fede2d5,1
57488cc627f8aef89c99cd5d8c3134f1,3c8403a4f7135ffcb0e050a81764088f,1
57560919e8c83fdaa81575a5ab74d0a8,7a5c07212703b5f01ee199d29a29a587,1
577ebb5b9d8b9c4f42a89430683dc032,f2af004352a06a99dca765596240cbc3,1
578d1924371af5bd50a63c3530017b8c,68bf2e76db1d8e846042e54da87399ca,1
57a5790d63d19ab68c8eb882a24cff8e,cd48f265a63e13b762601f5f794c5fca,1
57b4e7cf7d4f0e56de189ee0e7d2b472,8a26f391ab8b209f67d87dd358f6f004,1
57bb0f2ff265139687180b2fb387e198,61509eaebb2d4bd1a7511b1a75703f8c,1
57c0a0ae936e3a4cf71bdc4c6d4ede43,6d2fde7d12bb6ff367dbda120ba8828e,1
57c0a0ae936e3a4cf71bdc4c6d4ede43,fb29f48bfea41db52e349454f433340e,1
57cc8bffffb6658309f62558280029dd,fadc89c2a60ff96b18827644074dfd70,1
57ce584c0a8742956ee423f2f0b488b4,e5841e5f87a255ec40d170b4177d03ce,1
57d2e8cac21d839292ba374f50f07e58,289dfe89bc0d1eb6bea5a0a3bde85552,1
57dbb262002b4a7448accfbb36ed2d0a,0b48dc720b9a40d75ce14eda10be0922,1
57de838eef2ecc95a8b6040a6a5157df,f7bb503725fb4d7bb55301d5bceba728,1
57ea77d77b05b87eb8328d8bbcc4b7ef,97017430754804328eb9597b7f85da03,1
57ee2ef64f17a5f9a4bf30489b06326c,b5c114b11d53b6fd85a6a90790f0b479,1
57f4770b4fc8ae0c610fd9821dc38403,8aa6223e400af9c97b07c75993142721,1
57f6f5c93d7539325e2dc331531db4a3,321fd48981c751663bc43487274e7609,1
58010882ac48cc7801627ad2bcd383e4,f264c1d9b20b5e4a340254d0405e613b,1
580414edf10e54926b0b40b5e9bbfdd0,2b939dc9b176d7fa21594d588815d4a4,1
5806d419ee655f54db1c5500c3d76a27,5a848e4ab52fd5445cdc07aab1c40e48,1
5808329098f8f532ff43033ec188a072,e0884eed28311e4365d93a89ac57eafb,1
5811b9da44294be51b789311b0a3347b,eff33b4f1723920cf70e2d493a7a5e49,1
583f0880f0da846ee41ecaa197a19a8e,e5e4c79bce72fc7476860916c1a9dd18,1
5845a9b62ccc752c9fdfd407511f79c8,ae52eeb8383b94455f0a08b1f88ad002,1
5847c382e4713b0a9479822903fcf5bb,d3648df999a7213c708253a32f095b53,1
5855110e604705924d9b962fbbf732d0,764292b2b0f73f77a0272be03fdd45f3,1
585ea62b22e7805f0300e27a091c9d52,063d853b6d570a9a5d06e8e044658c21,1
585efd953bdf0c0feed085f3a757c9d0,98a8c2fa16d7239c606640f5555768e4,1
5880e46677c68394bda62479fd673340,8aa74335629d7d8e4ab23653b04ec65b,1
5892707a70dea204bd5b404dbc02993d,56c6b095186f42a6a50e222f1e2b7577,1
58931b4b7f3aaf9269ac4ee1c3d42e28,3c0f50234e2cac5b619f358d4325be0d,1
58c1e87744d4fb452bea6a8e3b578f69,4ae634441e444ca4bc85903cafe98d73,1
58d0bd849f93e7fdc6dd79e62125e668,f35927953ed82e19d06ad3aac2f06353,1
58dcb42af4f9db51ba00c28ddf479b3f,b0a0d47f42d23f27388952b8821a9517,1
58dfdab06b8627a7ae9dba05c3db2738,363218ba55c610b750224f90bdd34be1,1
58e1ef40232ef2763c4a770d2cff4b49,f12a26f5ddd49ba9e1bf0ec9d0239326,1
58f180ef06844ae0e660cb5decc737c0,98e91d0f32954dcd8505875bb2b42cdb,1
58f28288856f391fd920e892adde9393,e1bf2f209fd2b08e1af3ed71732d9008,1
5902a1f2ea205de385670535ffd5e0a6,63a8fa4ae2d10ffc0daa5db78ad4ea4f,3
5914948062fa3526833e5f12ad03539d,b6bdebb92f595f00c73bd42e0e3a8517,1
5928fad2f857413a13a6bb69e268a49c,f4685661dba7a38783007afb3e5fe8ac,1
594b34fd289ad46d208bbcf008762642,db5efde3ad0cc579b130d71c4b2db522,1
595515694ce1f925bffc652e5c6c348d,b6bc721dd9f8308b569e8a73982a560e,1
595ac4d9648f78c1f8e00308962ad569,24ca97c9bbba92771baa2989300b2c50,1
596040e2523803a2b45f1a403a86be7d,d88a953f5d1e00cbfb5785dcb8a9f81f,1
5964c075c70c23bd07753f8cd1503c55,c689470c5a069795896edc7b896d9251,1
5974a7436459910a0a91a5e6cdd9c6bd,741a31499a578979be85db7f80139e62,1
597b42a7a20556e77af8e237b6245b6c,069a004edf898d16c9331bafd6ac7f46,1
59a214c68e2eed23ea72b5cb766f8abe,6781eab14bf137c9a168c67a29c92c29,1
59b3d9389766991ccdfea04b38986fd2,d370e908175e2f3b39bb7fd33fd4c530,1
59c7cd4620d300ef5161fa43d8a02937,abc3c2e40b0c9b7b115a96bc6c919ae1,1
59ccd68b1552f41045c3fa7e6402144d,2f1507d615de7f4f0e73e3be811ee6bc,1
59cf1a479d104e38587b9fe9d60febe3,7e0dc102074f8285580c9777f79c90cf,1
59d23acdbb3055458d86a0a379571d00,b5feb29ea5b59182f19b7c82e7ea8102,1
59dafb756573fabe8b9e507b2c220f69,45a6892a98568b366b52ffeec9a03691,4
59e7eac5aa0ac369fae8fd25b9248058,668c66401c7341a09fbde2bcf15c1d55,1
5a019775080020843a5283f96d4c805c,79997ca1a57c069a3bd377b86f844c04,2
5a27c4b3d09df0195d99628b576c621f,53075a78fc601d6eb47e8ad2d142b7a8,1
5a2e36e29494ce0f03e22c7f28df6617,0bb7cb61f1957f79dac582ab66ccdc1f,3
5a39602202cb2bb7fe86f395f7f25252,4b96786612ebe7463132fce2c4dca136,1
5a3dff5b019c56fb6a8f16b5bfa25833,a6dfe3ac4d3a7c8dcce74a95ba58c27e,1
5a4ee1320c445a642238d915249864ac,c1617123e66d2491ca93ceadfd36203e,1
5a614e662afcf66da8c7bbdf13e81c50,cb3756d2bb6226fdb0ed4f60711b4e84,1
5a6a4a2e451c08ff810096ed0abbcfcc,7e8c9cebda42cbe9ae5ae912f81db940,1
5a86f91f644f261e5d90e015e2d45636,c9c6fde711572c1ad99ca12728c6af00,1
5a9b69b8d07b5b9b2b5c97df75837da1,588e30c9b715a9158d6431ae94c25fea,1
5a9c6e20ad0f70fe45ae3bfe4cd8463b,02293621a345f7cddda16c5d9c7990e4,1
5ab696699d0dd980f653aa7ff7f4242a,cc1b0e67ffb98a08c886e8c3c27a915f,1
5ac248f34549732cdb204497ba80a838,583f158587cdecda3e8bdea694021e39,1
5ad5c913900581e3ebd6c20ba68c5760,40c6502218c2b8ae624cd1576aac13c1,1
5ad5c913900581e3ebd6c20ba68c5760,a3b68fbd8f68d8fdff1dd36cf1336b6b,1
5af2a18351fbd81159881d394366f8f7,59089e1668cc247d055ca3f9149093fc,1
5af98f1851ab9a8e9e8f94d35f8fe478,acf8371901a741912c231a031fe39c71,1
5b0d3d9c76c0a60b0391d4d9de71636d,086351823300e0339f6955b27998c186,2
5b1963a41a8f4a39f4d40e6e5ed70f94,ab52c2c44ec8bebc9559a03ec12c8eec,1
5b1994bd2076858421ee0d203c3cd206,f788dd44fc883f0664693a6dea50437f,1
5b1ea921958e57b323d3bcbd9bd6ed7c,aca2eb7d00ea1a7b8ebd4e68314663af,1
5b533feffa09f8c775d66d19cd20538b,b1599324bbd2fda5befde0d69a9028a2,1
5bb8de60ca2ca8b01a5ce471802fe10b,948c22764c5080442c29a9c3da89b40f,1
5bc21bc57bdda0f158cf209e4a595ae4,635b0964f7d41f9ce3275551c36a44d8,1
5bc6605ac9db578bcb4c39f796294377,84f456958365164420cfc80fbe4c7fab,1
5bcdc05f48d3a5a88df17d3a90854122,5bb4be64a977a8d78895f043aaa3b174,1
5be96cc643f055c5ec688661898ff816,2eb6e8f39feaf75fc5163f774d38f0f1,1
5be96cc643f055c5ec688661898ff816,d3060c543b1b88a647cc284ed7a9dd4a,1
5bea6d07f718b9f709d04810c560ffb6,9b125b82780e1bbb7716c906ff46f89b,1
5bf5aa95feae7e68aa9712ec50abd94d,bc055ae94989497c0d66bfa4263ccf61,1
5c1bbb8c8c2ba7ed55150827c25c4b7f,7a10781637204d8d10485c71a6108a2e,1
5c460be259c9a70a1553efa96b294e8a,9bc56dc1c13a3dd110faa962cabf1531,1
5c5900f95b97a43ce03452532b9ac643,418b40c9e83b7e5ac79e4a7ef975ebbe,1
5c6883845330d5c96c5447279c330b41,431d674f9a4fbd0957ecf6ba3fcb6899,1
5c8d317f3565842d664a1a822d033123,c8f57335e06d8d4e73e34057dc92cfbe,1
5c922f4fd6d3cbc3719a275f29db4e21,4cac1a12a6fe9ffba4a9556dbe582e28,1
5ca9f1e0cb1c302adb16d254b7d38b92,20992273fc264d0a559e37c346090fe6,1
5cc1c9ac89cd78e5706b1a1a67a5313b,a7ea08ac800647345fdd2fc5f4b0a7e3,1
5ce194db2a0013852fdb744ac95ef05c,1eb85357e22bf0c8c2a6f10eafad8423,1
5cf3847c728a0bf2219354e810492696,15f47d3a8c0c553dc9aba3d2d5dc88c3,1
5d0957541b90307fbd9c8f8216c8cf5e,7d681d24b9bad757fb34b0d464c350e4,1
5d0957541b90307fbd9c8f8216c8cf5e,a334304f952399f2161225628a9d2891,1
5d146952f0acdbd826edb7fd2fe0e7b0,e52fa0c1b61bfc1db27ed2beec83f801,1
5d160587657638c96131718f014d507d,637641add87a760737226d3771e1782c,1
5d1f4036c008db431004d390d7920638,ed6aa9dd6a70f0af477c150b0f5f47f2,1
5d1ff54c05c7c5044718b88a49c704b8,96693703af76b26b2d20895a71ea98b4,1
5d265f8913e710c0156ad1edc1e2e09d,8d51190d4e52d32e6abf3d0551501114,1
5d3dc874f9c79b6b16ab0a108588bd15,4cdd0c9eb93994b4c2b313ecb2c8b5ca,1
5d442e2ce67bda00693d989b8ee6232d,aa7f707ef77cdfa8a3059da401c11311,1
5d520b662ecaa32220bf59704b797c67,632ba0c3ace598871c24c49380796d57,1
5d67e31aa8cdc36c984e4079a287a60c,52c80cedd4e90108bf4fa6a206ef6b03,1
5d70320029286b786d50336af0fc26b7,bb42f37fc3d9130e4a4339d24a47dd7c,1
5d7eb1b74d1bcff2f4c2525e549d44a3,63b6b1707cbd2e60baa30b4ec66265bf,1
5d86fbca7c39699079b3d456e7040af5,b0ff378136f25567d2913b3bf7fd7ea1,1
5d90f76c016edad7a931b49fb39b9c2d,5e515438a7eb90b6f35a1d0157a6310b,1
5d91eab7464c2c96d03a84c5e5377953,1fe459940e7d5e442ac6c1ee4d137989,1
5d91eab7464c2c96d03a84c5e5377953,cd48f265a63e13b762601f5f794c5fca,1
5d94eb3a651e44419266ec8fddbd57be,d2085f7e0f9533605386960fc7e987ec,4
5d9b0406ca19cb888e47386c944a8330,f4116e296faeae4edac03ac7a501da81,1
5da862c892972d042f5dfda14f1d6c98,22c5ddc22ea8cae84fc9917def682dc6,1
5db508fad18c0f8a905f33bdeeeed097,9363662bd84410483083a4fe6f06242a,1
5dcef2fba7e67510cfd99ea3851b58fb,ba4a91633739ceceb2b73b627e2cfbc3,1
5dd942894bdbcdaa6721a9f078741749,8bf5b1e066d9fb2a639f8f69d55a370d,1
5decf38298507f43551a5ca799ac67c4,06edb72f1e0c64b14c5b79353f7abea3,2
5def259225633d139dc0132b6454620b,23601216d4de33d54c6801f27dc59357,1
5e08b0deb0e41e0e43823ddd9d33ef10,a3e18f7e8c86e3971fad2ff11d38d2a9,1
5e0b9890265bd8821b59a933d7eb0a58,1c57458e824ca3d974ec1831a1a55e72,1
5e0c77608746c464f57855173086e0fa,84f456958365164420cfc80fbe4c7fab,1
5e0c77608746c464f57855173086e0fa,9adebd80969a5b8ec766fd02afffec2e,1
5e0f4ae7f2f6850f4a30b16c0a24a732,e251ebd2858be1aa7d9b2087a6992580,2
5e268a2b106c3c6a1e57dbcaa12a4013,d1133fab4bf2da55f3ebdd4de51d8587,1
5e28718800958c9b17749226df1f8b02,31aaae9f2af6869bff6b8cbbaf195e65,1
5e2ebf449bbe52d961a2a13e898eb175,31e3a259123f3ba71c572f0bc08d9e5b,1
5e314ae29121bbbcd0e1480d21211017,55624051e913597daf59dee5c582b6b9,1
5e6283cd338ed4776861535ddee19b20,8817f0cda3d5b42e5f949ee3be9dc80c,1
5e78f8af6f430ad990614cd6a8c882d3,16ed6a6e3fce23b741650437fe58d65b,1
5e86df719b4c7d4d72ffe697dd458e4c,6f3b5b605d91b7439c5e3f5a8dffeea7,1
5e87f5c6305f7fdd1ce6d022d2b997a7,881218c6167982e1dd94cb98a085cbb9,1
5ea02a7e688f1ce6dbeccc48a7d45003,8dfef1eace74e64779b2b82720cf9297,1
5ea703be990cea78e9615d9a636ba28e,b573e2860f2732edf610345956e81bb9,1
5ebc6424b55d612d20110789bbe0d748,612fc86af2e1c8927886a7503dcc67a1,1
5ef1f0dcf26b5aa4f4838ea2e1a9634c,1e618d311a1b7f88a9d96ec50aa85582,1
5ef1f0dcf26b5aa4f4838ea2e1a9634c,4b96786612ebe7463132fce2c4dca136,1
5f0662b2fbb42916fefe7f829ccfbd99,08574b074924071f4e201e151b152b4e,1
5f09aa87610a98957168855e0b781b09,368c6c730842d78016ad823897a372db,3
5f0fdca1383e271d2ba9daae64f119e2,6480f3f31b23d41c1b8ad051c201b244,1
5f2084f0ea46590ba9155c03bb9dc978,36f60d45225e60c7da4558b070ce4b60,1
5f2722a842f2c4139075f98f810e0cd5,3bf95cf337a8c87435a2949c48350fc7,1
5f31c34eae6894ae0b62423bdce88bcc,aca2eb7d00ea1a7b8ebd4e68314663af,1
5f5807b2902d221edab3af4b1268ab00,1d3ecbda18167c766a3381fd16108e4a,1
5f66fbfb3bf50be018e9aea8906bc04b,9048cbd294fe0c1a3ec8c8248bc2cadd,1
5f74b0f2e7a914d47ab126a05d746638,def59eb2e17b32b980b5341984f6b500,1
5f76c3d42d2be19133cbeb10a8dc9c30,ac85747ff00cf2a5cb1ef0901c7b21af,1
5f7fe825c7b61d758869be903523f6bf,2196663031bcde078cede855ac0b5739,1
5f87c05477db2d22c63b718299c9c03e,86fb7ef6ee1ffa3832f09b1a1552e7e6,2
5fb239cb8ef28ff4b56d2e34da747f99,91e6a181c1ebe734ab459822cee89763,1
5fc71ad3dce68409800df24dcad0288a,c6e37798f72f83c034ba97e2680cb5d5,1
5fc9fb8a9bfbcb5e8a1b00b2a52b012a,575a896d07cd269eb0b2b8762e0be261,1
5fcc9e5618e149a1a40c31da01602529,24d95adbf4d5909e2353d0256eb3ab4f,1
5fce67dca9a87b02a48c4c507abb355b,72a137b85d5a1d82cde242493f118f43,2
5fecda646005785f0338ead4ed426198,b1ffef38f0db9fb4e1a6f91b47ec63d4,2
5ff12b5d7429e2bfde8594ee4ebf0ab0,dab2413ead0edda9967edbc9bda2a64e,1
60060c861ce6e32e7957dbc229685c9d,e7db7c40ea6647c808d48581f1308d88,1
601b800732110a9e3695e9c454bfa828,ee75970e2871fe4204cf7bcdda61d08a,1
60295e486ecc60549fd858f3eb8395f1,3dd2a17168ec895c781a9191c1e95ad7,1
604117cb8b10acf6a4558e7ac8a17d7b,4e5e41fb7d296a6f776c63fee5cb9fac,1
6065549b74cda90a4ffeb7da736c69c0,63de2743d05ab59d85caa49e49459ac1,1
606e15b0421657a42751adbc793efd2c,e5ae72c62ebfa708624f5029d609b160,1
606ee56c24ba3bbe8db80bb73ff1dcb7,32bb152336c896d906a6344cdbe1993c,1
607bf1e28bda8abb586b37e68ba5dc7b,5bfc7506459ae2a7b4b573fe557a58e1,1
6082706302e3f662912ff2ff90d3fe91,adf7fe64dc8fd20f0926f6f20b47de7f,2
60a108918a0ccf4076b95c0614d27870,341d85d688ecc3353cf2a968e7ad0dbf,1
60a5aba7b553b44da85505197830d17f,096e14458100c2b6d10f72d69f80cf34,1
60acefff7e20a4ee4981616d545ed441,0eda6e310c91549299a2f97d0354f7fb,1
60bc46281adf6d71c2ff094ce21ee185,044f05bc9de36e8a693a83e4bc79dd0d,1
60bee84236f67b60b8dc3d2322bdd1ea,5aadf21c27e505224812c9b055031c73,1
60f4e882b701ca5aea3378dfd8dc55d9,c8fac97dc76c4867dbe264c28b31fafe,1
60fe1393f116cdef02aa0dddaef478c1,87cc2aef12eddf0b170234138b0946e0,1
610d46baa16bdd3d06be944f569b4df9,7f72a8900b3d2fc8fa2635b7836d6e6e,1
6116ca30253940aa1f3a6ae5ce2e624f,86304b9e4529f2686bc91f37c6392801,1
61259afc20eedac60913bc39c6d83ff6,f7a17d2c51d9df89a4f1711c4ac17f33,1
613578dd20ddb4ec94a6aaeb3ad67dce,c89226b8a795ae3d6bca9d90b20dbf04,1
6139e49bfb539c18b01ef2d7da91a863,f2f960ea3804c29b5e5834c34082a0f4,1
613f2c0ca4e0c3c8e161fa092f9ed98b,a367f823feb49954fedb4f4a43ad9db2,1
614cb17913a2d2e976db5dc6728b3438,87283a98b24f9f1ac3a31b631073cf47,1
615524b12e97c076f052c4fe166ecce2,c8dc26795ea2ee96f3fa57453cd7667e,1
615d41b291075c1c126f20c616625a12,52c80cedd4e90108bf4fa6a206ef6b03,1
615d41b291075c1c126f20c616625a12,8c591ab0ca519558779df02023177f44,1
61609db271bd91cfbd84c080e5d6e889,a42d9c825894f96fc6ed02610891454d,1
61796c6f77ebcb1897edf4a87ad5fa2a,2ced45a3059cbb128a8b8b6508809746,3
617b7fef5b839e920d73822fee93d1d2,583f158587cdecda3e8bdea694021e39,2
6183f69ce7ffe6c72c33e334cf18c5ee,72d68b642dd7c1a360b571d247989e25,1
618b370ac43ca5311d8d39d8a466332c,05fb095572e53e2a567a685765101704,1
618fcce72f4fa2a302ffb7cac06dd84c,ea44caac707f7f1325182a538007f838,1
61a03311eb27298ca1cba139fe4f553f,4630317645c09161b7409edb2448a828,1
61bfb3b95d736b9e9eb50bec324368c5,13fd915e499b787f1f4c9dbb231d0d4c,1
61c2616d4993655c24b0ff0a7d400fd6,777d2e438a1b645f3aec9bd57e92672c,1
61ce49dcce76346660f215f28aa3ec82,5f39447057f5cc7964f30ec06ebf73a1,1
61cfdf9916a5a215dfe42663648b99c9,7b1e979883929d066ee44e3cef559021,1
61f53bd3b55a43b690dde0258d8a87ae,4c9d4ba4d612c9cb5c7180d711077d33,1
61fe8bb74fbc2eac555010a7bbe4914f,461f43be3bdf8844e65b62d9ac2c7a5a,1
6208d45dfab61d93d63c82f085d7617d,e03102efbc2229024c89be731f0aedcb,2
620c2e659b5d119813362bfe4bbe8634,e2a5fbcec3cf55f09968fb1ecbe16638,1
62286d8b713dea952e1d37b8acd17016,99a4788cb24856965c36a24e339b6058,1
622cba8ef27cf7ad70c0952eebb569c2,85fa7be0fc14808a79c3987d739eac6a,1
623795ecd2f7580e1460a1af8f4b8f53,3a362c0e7f9a69276e2d95869a3e143b,2
6238908ec39a972e1bb80c6fadec03fe,ec5b3c8bb77ad22278f6e9d719a83de3,2
6248396b64eb57dc8522ecd345312daa,22c051b01971f34702857840a0e03fab,1
624aca1ca85903e1ddc3f825552925d1,10070e29929f7c7d609ee3201f236b8e,1
62500b6c311fa15e3014b4a13391258d,985fda1ced7e13375bf52220071610e3,1
625686f10cec48c80b355bdcd4b94dd8,009af1277432f1a05742df69cdf72d1e,1
62706c69dffb58ed1f0837001386a5bc,35afc973633aaeb6b877ff57b2793310,1
6277bcb4dd0c639774402e4e926ca789,1107055c5c960ef6e183e781260aeafd,1
6284b8ac7b0fae398f24ed57339cf072,e7bbc0d43d1f5cb09bab95b664236633,1
628c270864d9dfcec3756dcd5632bf3a,6630485063578b527549697547ed3ed5,1
628fc0c76ede71d2eb3890f876ec85b1,7fa9cd17cea7ecbac9778cc86b7f9033,2
629202920f3647c33d7e92c7d1934961,9e10ae46a3021a02f1692448ef9fa1db,1
629fd78f7a2a5adde1ce172f44106fd3,45faac1ea8c173bb8c3e6cf23f5aac4e,1
62a31d294c310db1ce08d21a575c4144,54d7ad85b648d3cb2b7069ed446d7f35,2
62b1788eb836d7afcfc0c229b9a68887,ba3f298a122a95c4928e8b8628e8520e,1
62c10a2e490b6fff0d3b216c365f6da4,7ae8d9b8eca8a6daf066e53ddc7034d3,1
62c11d5a0b49aaf81297d26b0bd9fb8f,75d6b6963340c6063f7f4cfcccfe6a30,1
62c9bb5ecd888b1b131f6043dce494c9,154e7e31ebfa092203795c972e5804a6,1
62ec2ffac596b132bb32e5c1b97c604d,36940188c2ad1a212b94931a08cc3c29,1
62f0085d64cec3690ecb29ab182952d4,6d5a9cd602c26f8751612f77ff4c6a90,1
62f6fda250fc0df6e11095f86f4316bc,4fcb3d9a5f4871e8362dfedbdb02b064,1
630f092bb4d1938a8134f50c4bf784da,bb50f2e236e5eea0100680137654686c,1
6318e5484de466af8092d9d252c3d6a2,ccd686475dbff77b93871eae4754526b,1
63245dac879daaff3b3a4e5e6f5946aa,1276de9d6e6200f71cfb172a76abf703,1
63245dac879daaff3b3a4e5e6f5946aa,51967f750b0391d02137a8ecd5424452,1
6343ffafd1f78f6c90bc1a81c2fe1175,6e97536d81d74f5020c95ca434c850f7,1
6344d00636d39fababe43b09e0159ca2,47a67549d9b00310453dec1c3902e391,1
6350ee478c3d2c52f1b7e1a27d182309,c6dd917a0be2a704582055949915ab32,1
638f52c07d956bf960e34befb98a0657,44a34214a57dc373dcd80f54c919d006,1
63ac9058c1f1f1ec7f174e8d80d36ae9,c9ea06f7fd4bd778e96031f46f60dfb9,1
63acf8de888f1bd3574cf7432ff0312d,263849cef3655e2a54a6f55d4ccad401,1
63c88691b378207afe3f0ed265108403,d60c79092c4d9018a9e4f08f24b7a280,1
63ca9e5b1b7438892210e079c71ca22a,fa39c60599eb6573020f07a1b4dd38cf,1
63dc3330b02ced597f3079f1693f96d2,b95aa596a845b94878fd6d210d7fd9b7,1
64054fd2cd8632880c7ed98487b58b6b,d73068913476e74d4f35a6f2d5399ae9,1
641ab097b6b9e0e84304f759f2b6f78e,9b2c558d8722ce82e6cae7ac037c2ad8,1
641e9c515a78e13fbe53f7470e52a663,0d90fced28b749fa0468818d98cb8212,1
64371168bfc7897e0e911783d3de0a3c,3b60d513e90300a4e9833e5cda1f1d61,2
64428c52652832ca97eda36bceffe1ef,81de659bfde3389fc8614bfba92e585a,1
64567be7188b03c43b27b97a4d0596fb,6c321ed0f47858a8650f4104771224b5,1
645a10bb1d36c353ba4e1ad5999facc8,f71f42e2381752836563b70beb542f80,1
64642aa123af222fbb120c610625f2ae,717c660fd7ed52fdaa650d509dda7912,1
64698a6bfdec10409f62b5842662e500,68cc4dfa6d309a9477fc1678d020e3e5,1
649f3d2112888939e5e1664cd6c4f849,1b80b0a1f4aad5d1a1cff676b76e9eec,1
64a7d42cdb49cee6490de85c12d56403,f69581741831e1dcd24e28e299ad36ff,1
64a80bc56a3c3b8bebd2bcdf5a7d82b7,a5c9c1711f61d2b63cf996b4928092ed,1
64ba4b1cf394656f82a9dc6c051d8daf,9b526d1b3e58c9453221353c4368e075,2
64c3b046e53fead1e450ccccfbe966a6,7c1bd920dbdf22470b68bde975dd3ccf,1
64ded60f3124e272f4403c9fe551de28,1b8ee158f59c098470fad33f39660964,1
64f0ed97c13c1388088e93454db40488,cdba44bccdafa757b44f7f41b70f4e23,1
64f3acb4202732a3c994fdf06a61edc7,a8c6827a8a59c4b3bd37a9761715f3d8,1
650ce1306fd481b41aa8860f021050a0,0c53752695db72c0c10c14f6b89322b9,1
655c2888fe0422dbdcc2559caa57d60a,9b6a64c03d07faddf8a5c905e61d608c,1
655db910cac0a44e6528240243b2f5cf,5f5d009b0eed255c950e16ccad915ff7,1
655e4ac9743faf6ec2d032a75c002723,1612209b0b37fbe80e1e8e1b7d19ca1d,1
656a9a2137ff69e7b9f566af06069db7,af51d485dc5255ba2e18b21b550156e6,1
656c63b20f75ccd37b33455ec589dc4f,54d9ac713e253fa1fae9c8003b011c2a,1
6574ca38b40efa458f1e7c08c701318b,85d343db501f388dc453ddce58bc5921,1
65a2393f12fc8796f152eef39d25fa4b,2e6f3959fac9a271f1d1610c30d4b95c,1
65b56ee59c6692b5325659ab6acbe62a,1118c2ea35cd20b94fe2a16c483cd1a4,1
65b63693a2ff79139a26c94f260651a3,764292b2b0f73f77a0272be03fdd45f3,1
65d7321f062eb5569225c13c721fc8cc,7cb5b984262835ef46a1ed83d04d0d44,1
65e12813d36c9d1e94fff60fc037a117,44be579342e8ba8bbe3d0448d126afea,1
65e49627d7bba63bb61dd3d9beabe1e5,574597aaf385996112490308e37399ce,1
65f2c5942e588caf6ecc68c778a0ebf7,78efe838c04bbc568be034082200ac20,1
6608a051ed8bb2a7d20e11032af0ae5a,724dc24aa8d029d5d48b38bbbd54ec20,1
660ca825143d9c95d6c9e88b80bfa6c6,ede062bcd13ef64b5cc87369e4edaf62,1
662906073a9bafaa8a9c671c1112857a,85d8ae64b3b59814a1136254a96f5693,1
6634a05c21ba8cc1b041d1793dd8100a,b3e40ff639c185b9d726b4b19c17e6cd,1
66446be15e059663cab1f9b17cf6d3a2,36f60d45225e60c7da4558b070ce4b60,1
66446be15e059663cab1f9b17cf6d3a2,e53e557d5a159f5aa2c5e995dfdf244b,1
664feac03a82f2dd6e04fdc6d9664df1,0d070bdf0c723fab163131a8bed98356,1
665fe3b7ab435cda0fad0c3cbb1c51dd,59d8034bb2a82cd5092e78d42148fa44,1
665fe3b7ab435cda0fad0c3cbb1c51dd,bd421826916d3e1d445cb860cea3c0fb,1
666757864a60a4cb22fc360c7078612e,baf59a3a8f15ea34f04394f44bad573a,1
666757864a60a4cb22fc360c7078612e,d56c9fe93d4e5fbdec5bb1ffff397fd7,1
666cc18bf39036f9df73b917861a5eb8,2b7aa376a6e728560bddb5558cc48e89,2
667c0f68dff62a45f0be6fe6e944ae7d,4a3b0111d9c112251e4732b44d1d118b,1
668f3fa4cc9569a5d45726242e1310b0,3b4c2252c7918d2d7756dfbc7d5842de,1
66941ffc0731c1c827d9a5c6121cd9cb,81f054ba9bea6ec5d1a2adab1cf69d66,1
66b0c56bdeccde8a05900cb7efb2e1bb,a1ebb47a48200e6566603de49b83f621,1
66bedeedb8b2f83e37860634125050c7,0a72af236c73afbd2e2a52dfdb14c667,1
66c1df9a7da92f26904500c8159545c4,ad2037645597db38527fe3afbe226af2,1
66dc7ddbac62bcf0886576a7d05f9606,33f17ed3c6906f7a7ae17a0843536db4,1
66ecae67a2a9deb541bb0de3d2c48927,fe6a9515d655fa7936b8a7c841039f34,1
6718956c40e3a0334742b91dfc8e7ee0,5357a190f1759dc5ff9bea83eb195b14,1
67268d8c06be1ef20f52460e7992dedf,6efb345b34722c35d2e8a723cea100bf,1
67268d8c06be1ef20f52460e7992dedf,797b0bf4316b47e82d45e3a4b5d828da,1
673109a1fff714fa4273743b032a9324,5ccdfc35d9cff8db4fa46b83d5712899,1
673b4323290db500f41f08839f6d62eb,7a10781637204d8d10485c71a6108a2e,1
674c04904747c07295ee1e256c6f4dcb,0110573bc9195aa810a4384f189f48f5,1
6755d9a5c01a3b3fd35c84dc0601ea3f,31c79131e883e5fd8c4c85fe9f7d2bb2,1
6761270051135aff470ac0fc970e929e,59c5e6e108b88212fb98525c9000ecfb,1
6775f5798cafadd32fc2e3faa83124b3,880be32f4db1d9f6e2bec38fb6ac23ab,1
678c7714cdd189c7aca5cd7e6c70fb94,5a9f5760be273f3c7994beec0dbee655,1
67c2579c6b665e1231d2baab7b274597,ffb97eb64c6fe1baada2410288c04457,1
67e458f934b8c189096941e98a64615d,386486367c1f9d4f587a8864ccb6902b,1
67f09d85ed01fef44ba9733eb5d9df59,073ed404e3aec5b0a486334c05ee2fe9,1
67f15431bdbe78ead5de2c265f2c0a5c,3215010238fcd9cab6ba7d2b81a6973d,1
67fbf3bfb27abed847924106a7458acc,91237381e41ca4a1a25d28cc10e72204,1
67ff305632dc87a289e2622e79b8e314,e7db7c40ea6647c808d48581f1308d88,1
6809c387b18253d7e92f69dbecac26ca,e0cf79767c5b016251fe139915c59a26,1
6832faea23b41f6821642d1933cdee33,f71f42e2381752836563b70beb542f80,1
68362d853bb8306b7fe6862d06575fb8,8e32a514da51f104caa9cfbad8df8432,1
68398406288b2cee6f99d6b398fbb229,202bd859659a841de892b00c341300ff,1
683ea4e05524b7d01d01a91b7bdb3ac0,e4d325bd1eea550509bdbbc5c3301fc1,1
684e1aa246a9eadc3e6827685b10e48e,65ce839c7967ed73e05471cbd4cb2ec1,3
685ee60a0c6b76661ebb35ec6a5a3a55,9b2db9ec16a8a51549f32462bf973523,1
685fc2b455c29d78ce11a7cf9fe57fbd,42a2c92a0979a949ca4ea89ec5c7b934,1
68795255746d33fae2c9d3557d4e64d6,dc90d2a794a86578893c4ccdf6524d3d,1
688a891aab93b8694da514be412d8195,b6a1a729d84991c54d232ed0fb0b8deb,1
688f35cb57847aae242f01cac66e6137,f7a17d2c51d9df89a4f1711c4ac17f33,1
68914b86fecc505772fc79427f0cbb29,68d9c8a95d2b7cb57efe9e1e929bdd6a,5
68c8855d1c948dff63ae6fffabb8fe5a,e44f675b60b3a3a2453ec36421e06f0f,1
68d295367a8abcda02105da98b108bc5,542a646898298499b45840efc15775e4,1
68d3e5d419a75d87677d27f67c5b2a04,c689470c5a069795896edc7b896d9251,2
6901dc5c2acd5cf1e428f3384d9a1938,af25257adf28d8a0c281173073c2f2da,1
6901dc5c2acd5cf1e428f3384d9a1938,d31604dc8480ff739e226bdf88d5000e,2
691a7804c3cf06446a3f2c13cecbf251,48f45fb4d7e27353b8abef59be38b65e,1
6921224e0e53eea536125e700611b01c,4fcb3d9a5f4871e8362dfedbdb02b064,1
6927bd0a23db4343c12b52a5687a4294,612e4aedc946db0cf1a5b9e1f2f81272,1
6941bac1a71978b2d64de3e966331582,d800be06cad2262f48d1c2982fd31189,1
694fe0bdcd5d601ee81dba97d4ec8cba,c1afa44a5a60e2e7cf7280e57eba0597,1
6952fcb78cb94f18e8bed5f290578f9a,dd0dcee76f9c12fff4bc0eb641d57c7f,1
695449e690b9ed39a1afa2dc5f3e900f,a703f5ade6e4fae527357132230ea778,1
695ad68c4f5db80c7281c0040e623369,4e4210d7d638f6e904297071820f08db,1
69669ffeb8cceacaeba748ae8e50af0b,6ac9ac586b4aa282c25ebedfa6f47ba4,2
6995a9f0b24e058dc141caeac9320539,4724ffa427f315c485e39b02e21859b2,1
6995f12b21fdf8e6a245b17888e38a46,1ccb5f6ac19a5ab7b66d96ca902b41dd,1
69a24d8e0de91f88acc612cb7d70dc1b,4e64dbe0b03dc0aba80f28b0b922c6b6,1
69b0628ae342374f7b9388c5d1dd9cfd,d285360f29ac7fd97640bf0baef03de0,1
69b4b187cdc035cfa618ffb2649c4260,5d790355cbeded0cd60e25cbc4c527a2,1
69c095e20533ed0e7245ab4ad0282fac,50d77758742285ff49f340ebdf0df5a7,1
69d5b5755d8235783105a713e72300b2,b532349fe46b38fbc7bb3914c1bdae07,3
69e7113f19863b835b93d61d5cef84fe,42567bcc01d5c14969a24618af7a5f3d,1
69e8a7d6f9013e098e740ee6cf11650f,ba4a91633739ceceb2b73b627e2cfbc3,1
69f3d5d216d99079f72ead4326908012,f71a7c95a86564873cd996896b2976f6,1
6a19aac11f8b7b0541420cfd0b4bd3a5,4ae1bd4115a0ea08489ff7e821ddc4e5,1
6a24075730b9c1400e48548a5cbd2738,a0d6306a9ed921a7d9aa1feed0550c82,1
6a3f54e68ac3455c4522cfed7fc7ed3c,4520766ec412348b8d4caa5e8a18c464,1
6a42e10379280f1290c9d5cfbe39b3f4,ab5b097435a43ee034c6c17438726945,1
6a4baba1fb951a029714dc344c13543d,f3a67aed340d9b5f218c2d177cc720e3,1
6a4ea2081853cd8dd8d7c69cdf86925a,bbaef2eadf31fe3ea6702077398be06c,1
6a58b195be76f8ad6544e032b6c7316b,87ecdbf76c33c8f2dabc40eeb821dc6b,1
6a6540fb91f94cfd5d51360f75900de5,d2169b4ca33cf18e5cf73716179912c8,1
6a66c358fee2cf939437c490b2f408ef,acc444eb5ad26f79d5a11baa6a03c439,1
6a842e6565c1a29ed2d1f486297224ac,cf698aea327d98aec83099c6c1cd0df4,1
6a85222aa87619e9aef296bb6166970a,c41394a593b75e8e4f3d1fb5e93e151e,1
6a88bd2686e68eb067b2cd308762b1e5,28a652ff04e43c1bc57937a9f8770f9b,1
6a88bd2686e68eb067b2cd308762b1e5,90ef6790cfc145cf45f9c476d1f47af0,1
6a8ab1cd5158c7451562253ad39e8eda,092efe1dbcc1a4752b17a19fb6de36dc,1
6aab0c0683221c586fec4f82bd36edd8,ab1f9387c0627dd24000bfbc54fdeee0,1
6ab80065dfee8f902e6d0fdabb9bf565,060b5b8d4937e08d87e86d0bf339aaeb,1
6ab85b3fac14f117ea275b5a35503073,74356542db3483a78a8ba69f5b7ea094,1
6abca237f70bf072ffb9855407d08873,4363f22966358bced013833537034474,1
6abf781c5304890987047e9aa239caa8,4ab7490d3e55de79cae5fc88e1657276,1
6ad03e6634e7f06c67c6d6833930dee9,f1c7f353075ce59d8a6f3cf58f419c9c,1
6ad1149ee2519543872d4e67f07c2e11,24fffbd0188d2b7ceb351214c514b28c,1
6ae91e04653dc3a0c205363ffff0081f,1c63d0a4d75df524d4605a43285925d7,1
6b025dc026b0c04adcc72779f048826f,62ec3446da1cd57bfa1e822a521c31bc,1
6b18fa3dced515841e3d09e216f4974a,c2363f555558eefafc1fb2767571cc57,1
6b21a323b942df56524b937b5b063953,2aaaa41fb5edc85f4814c73106f27d64,1
6b3a5fc1207b995bbc6d83347ee1321c,154e7e31ebfa092203795c972e5804a6,1
6b3bb3efa85c5b14ee91bc7227bdf0c4,617186c3d97ea56c9c683a8a3974e8c1,1
6b4614b2b4a56af6749e512f9ca12941,e7e03e8b1be7be77130e8f6e719fae5f,1
6b4e082b14e562a79465f516bd129f3b,0419e76e19f81672eb13b6a8bd19a5cb,1
6b53484ec2e43f653edc5f35d09d5cf9,99e022fa8fd0641f13dea6d16ef46afc,1
6b6ce6c8cd50fb6696add6fdecb1a574,81288df52439985f610be64465e53f57,1
6b72578e91bbfe3fbe8dc198c4d8312d,584d0486add75aa0f5c0660a7cd8afba,1
6b90d343a7ee3bf7bac6f825ba4323b0,355c91ffac499557d65c0821237b6350,1
6b954f8f6a637e8f3e2b8174a4fa6c26,99a4788cb24856965c36a24e339b6058,1
6ba47b28c84367f0c27769d78f1c3adb,15f50a93f26d97e9c940e45271e8c177,1
6ba6cff11767c3af78bebf58fe6e6cba,b5c9804aab5c4cfd555ebfbc609de43d,1
6bae34986755042de9949766923fcfd9,f9471562478eba8761bc985b968a0092,1
6bb8f8549532be3e4fc1df6f7b281ed9,81652e8e327c1690eecf9aa488c93895,1
6bbe6939dc1b42b2e1d8622e5dbc0649,d9bdf643d95cb89844c0da1a0df1d16e,1
6bd987d89796d42d17d1581c76f3edb6,2ffdf10e724b958c0f7ea69e97d32f64,1
6be61d704faaff9b97ccf47289ce94f5,474f95f49724d468f7835af438b6fde5,2
6bebac2b80effd654b22673ae0b91570,1967b3c67cc667c147fd88be33ac848d,1
6bf76c69e625cc78ab262b22e6cddeff,a39d32adaf8a947212a35a42597b958e,1
6bfd1870443dc5b9f1297214b35e865b,2ea92fab7565c4fe9f91a5e4e1756258,1
6c0884dc74447fe375a964ce086d614a,ee406bf28024d97771c4b1e8b7e8e219,1
6c19b963865a774d1b04973983b97f72,75aabc8e1a57380a968e40965ccd0139,1
6c57ea1c63351b81d80f31330c6ca6a8,11875b30b49585209e608f40e8082e65,1
6c5a6b3047a0bd11c828dc61dd4b4ec1,1be9435dc0c47cf6b58c34d3bb7d6f54,1
6c63c9d3fce6af66977a6d38873edcdc,c6dd917a0be2a704582055949915ab32,1
6c8c605045c020dda4236ffeea583444,679a3e5e1d2bb68982be5734c6e55e63,1
6c8d6291cd0519f7a3a302c10ab9a8c4,c6dd917a0be2a704582055949915ab32,1
6c8e558f8ea68068d8b0ca0245d0cb0e,f1d4ce8c6dd66c47bbaa8c6781c2a923,1
6c9fa2988ebdbc1b1af97d9f21e7ad37,a3daee3915d4fb98376e039ede6bdea6,5
6ca4dcf487355859b92e1dbdb1d3238b,177793be904f7c1a1ca04c64ce05a68a,1
6cba5b40e48cd5ec625b9a419fbde209,b0d4c8d4b891a9d7b09ab18111338e9f,1
6cdcd721d17f36e52099be0d2a99e25b,7a82832901d5f4cd314a4e102c47bd2b,1
6cdcd721d17f36e52099be0d2a99e25b,d696750e550fd0f733979dd7e5dff921,1
6cde1d78f199f11a10ff3b1673a82cb9,f62ddccde7e84ddb39d2df03e228e044,1
6ce8e8da73c3e1e90fc5d03e68a41013,6ac418b899c9f735ae62cc768e2f650d,1
6ce9b26c054b6e299e017f732a862b87,5411e9269501a870cabf632f05655131,1
6d1fe6ac78f6c088409c33ab54124a35,f8c6a76085bd3b4341cccb774b554c82,1
6d22de51ac143b9d3c0f64d53788ea12,df0c26d7ddb998e2517658a55e46e48a,1
6d418d791c35525053afac2ad7fc0b5b,acd8d7f70cb01e9251e4da67e8813ffd,1
6d4479750803f07d57b65c8cf84d24eb,7ae6a30460946f90c6365ff9c6c36fcf,1
6d54acc72b9bb27db5e46f04fe577e74,0d86ff0b639e969a11a7b3dce67e181c,1
6d54acc72b9bb27db5e46f04fe577e74,ffe8083298f95571b4a66bfbc1c05524,1
6d55eafc87c38d4ddeba83f97f62cf77,e0d64dcfaa3b6db5c54ca298ae101d05,1
6d611cdbc4cc0607f840cfbb7ae94f56,7c1bd920dbdf22470b68bde975dd3ccf,1
6d67f906ad6110359e143ccbc441073c,fcf28afb1353f2f12ea041dd74954226,1
6d78ed30c05532b1c9dc1c2a45cf55e4,76df076d70248fa44de6ed8c31a1a9b5,1
6d7c9077051d631aa0e2181600e7a0ca,e878662b68e175a58b5951e44574d5c8,1
6d85a3ac7c668a1b826400ae9879c06e,c9e536daef57f35f9bf12642ef857287,1
6d8c42467d463b248805d8ac8916c056,383cefbb51f1c8bfaead6154724b06fb,1
6d91da53c1c48b756d84ef4eb54550ab,e074a31cddeee80c21fc613445def7bc,1
6dae7e49ea1e08a25d1a62e37a824d78,2028bf1b01cafb2d2b1901fca4083222,1
6dd15070c10001e058f36f2c455e1b1b,2e810f124ff7668bc1ea0d1953aaacd2,1
6df3e1d2f32e019f4bad7640293ba4d3,efdf96511632c6f9747717c41611f09d,1
6df80b1b894bb87f1ec7ce6534db6152,ae5cad88462eb7b7b61401e31c45618e,1
6e119961531891f055b01aeb4f93552e,492bfd5c7a82cfd6dddccdec443b2ca4,1
6e12f38afc4e79112838fc9d478e88e4,b6acad95bb80b9f438b3496bfdfd8257,1
6e3f3f19276ee854efffc3be36dbc246,42189544021ccb7369862e7ee218d828,2
6e4a291496a89ec1ae2da5eec9d81183,f8e5d2574bedbb98efe044c829386487,1
6e58debec4d82dd7dbdc9efdaa2bc43a,d77688ff55bbbc28706814a06538c8bc,1
6e5a54d1b2948d3ed01374ebd2f018ff,33e77eecc23c25a65d10f627e5053617,1
6e6795552714215c0204565bb50fc7d2,4c3ae5db49258df0784827bdacf3b396,1
6e6e5580d0964735e8d947787a009ab5,a076986c6dbcb66fb479167aa5a1b68e,1
6e7d0829bdbbcd61c6d863922f942daf,c73628b1c3144b2e0c9c88072f21a213,1
6ea7c557e13c73169ee461b123bc254c,82171fcb587a3c4da7db45e5b6527a3e,1
6ea8b8c44170030252975e4c32c8b214,bee2e070c39f3dd2f6883a17a5f0da45,1
6ec09f6887b146bb77c576f4f07c6f1d,85bb2ec914e43df39983d98c9156ce59,1
6eebd7db95271b1824660c5e7ff53a5b,3fc18e3aefe7b9346bd15de863fa0365,1
6eefcbb934fc4db2d70ac7fa4759afb3,fe01b643060a6446e59f58e3021e66b3,1
6efaf0b3597440cb86693d1fe9aad5fc,6cdd53843498f92890544667809f1595,1
6f08afe6208e54d048a3fc50e512ac7a,c6336fa91fbd87c359e44f5dca5a90ed,2
6f0faf0c625f77d650d4f31b80363617,6f5a84d79bc9f79ecd9095e91fc47a2d,1
6f184d7d532e2a9a95836af25a732594,2b7aa376a6e728560bddb5558cc48e89,1
6f2e4ee9557a5ad3d44831d5bf37cc3f,aa280035c50ba62c746480a59045eec4,1
6f33ceeabaecf0654caa006b511a62dc,9b8fae0d687fadb80a75aef40ea60fc2,1
6f4511798549eb82e7ced95ae05a73c7,3bf95cf337a8c87435a2949c48350fc7,1
6f66591b4efe7a98a0886c99fb778133,835956a0722151405b61a58661a6e5e1,1
6f7df6e010787ea962389d629793ea30,e122fc0e32b49bd6dec4d37d5d90691d,1
6f871c46ee705cbcd7e7a24a97db6c95,5264cb4a58b418d789758d2f82913ca2,1
6f871c46ee705cbcd7e7a24a97db6c95,c18dfe3165eaa55de9ec8f462cd7556f,1
6f9141462d41d0efaec49dc8a76a3479,368c6c730842d78016ad823897a372db,1
6f92779347724b67e44e3224f3b4cffd,389d119b48cf3043d311335e499d9c6b,1
6f9a964fa04ebecf999971e89b370a1e,b1acb7e8152c90c9619897753a75c973,1
6fa98fa8dfe234b37dffdf3faf2986c9,d4a4ff95f641981ed47802cce0ea5c88,2
6fcf9bc0b844ced66aabad3c2c962d7b,9a046f988c3d7d4bf592c4f7cb40bf01,1
6fd87c3e71f1826c38e560951b6f459c,56d7faef0f7d847eea91b3302698bcc4,2
6ffd4f294fd7e52f4fb63343912fc6fa,5999995b8f64d769dbc6f592b86d6f8a,1
700d485889431792d24c8e2d506a1ebb,c8c969c3a6423f48df9fde8a13e6770b,1
701df2059403903cd511a0693e0138e1,1360c66d6c12514a024be186b7e4925a,1
7052a685364032f7d7c6d9f6e1e991fa,58528e42f4843601d879c7d3687800bc,1
70710a1c05d85f29a67c7641e376daf5,390b11d5e6df7f88831bb38cfda1613d,1
707820300c6625542265b552fbdb4700,234af61e508645c6c1a470b8be9e28f2,1
707831c8480919ed888f1b026854eaf1,154e7e31ebfa092203795c972e5804a6,1
70866865cfb7a386f82220cc07856c8a,144fc7abb16b6f6d92d2c9f34d3c3452,1
7091f759f7cc565b0c2f5456d416fbc7,3a0e83258aa8612b4e2d4d5d8a246f33,2
7093a3faf4512a8732f8fd29c8bd9cd6,1ca737c9f8f06b3672be9f9f3f603d36,1
709a44317585874947086347088ff28b,b746f0f77468910428130facb2ee2d1f,1
70a6da4bfbfe2520b1db2523499c330b,af4c95f42ca8c56f8b0557650c11eb44,1
70a9efc5396b189e1992166fbe612bde,28609f55cdcc0e20aa621696e53c7075,1
70ae459bc3be4052dd5de533ade087f3,c2d230b1474e8cffda72ebcc71c5cbb4,1
70aecb98ec965a174733a3021c64373b,b84c03edd6414193f906d543a479a0e6,1
70da6bf62439a98c65f757d70c6a213d,a70d74f54feefedd8108c45553766340,1
70e0248a663cd8519bad434195061a95,574597aaf385996112490308e37399ce,1
7110ad84c08dbbcd73eb4164e2eb988d,53bd0c908c6ab820c9828763348728ef,1
7113efb0ff417de3c22fc3dec35f5b3c,ab255f5e05402d14ba0dc69d530a5785,1
7117d38240c00f27406372087b55d1fc,aef95f9d9e323e61a5caecdc41907c79,1
711db73575cd5b4fe3b548c21fe53d46,41ddd4c8779d0943ee7706c384eeee8f,1
7122c24d3c0eff23bbea46f485fa0d66,08a58dc963320d6073623382b9ceb920,1
713477f27e9bcb84f9449e11fb6378ec,99a4788cb24856965c36a24e339b6058,1
71516655cab6b35276d5f09442ea4ed0,aadff88486740e0b0ebe2be6c09476ae,1
7155db0555447b6140ddd3e2a9399525,aca2eb7d00ea1a7b8ebd4e68314663af,1
715d679d44d3aee77a9592f6fd8c26f9,fe01b643060a6446e59f58e3021e66b3,1
7186629c8f63f25677899ab5350688c2,223d34a3d9334039f5ff9511dc044bbb,1
718b4bbc83d2cb654c02a9bae5e3a817,6c96a2727d7c8e30804367b7341c7b9c,1
719838a3dee4775a7054b8dfe43cf7a6,e1ed9c25b42fc1afbc7459cc821a9d44,1
719c87a4b983b44744b888450aad4093,e5f3a09149ee7db697907f61e7366267,1
71a6ab0f5f611b05e407f11a655e8c38,9b37a918bcf2c8e1064e867cf1df4637,1
71b06680c1a73b4477a3a43863284cb5,171787b81fa784a521d7ba199e6e9fa6,2
71b5cbb958bd657c21d085a0d8d93ed4,ae5cad88462eb7b7b61401e31c45618e,1
71c29cebf4b6b1bc7d2d1e596161687a,d04e48982547095af81c231c3d581cb6,1
71c5de0f94eacd6a175c1359ffb7f10c,d952c09021388fd5b1e5f914f559fb10,1
71c7e5feaccea207f79968ff7faa09a8,7d50930301709838d8e90dcac5cfaa84,1
71c9eb6d4ab7aa0f41ddc13c81ca0b02,bb50f2e236e5eea0100680137654686c,1
71cd7e5e11ae80ed42c6c57ff51a347d,0ce1e35bdc6af7e582e7ef9363e29b5b,1
71d824a92863847504035325c4865f7e,f1e297029531521190bb2312a90df567,1
71e684ecb0ef00675d5e102bfbd61ddc,f39a8b27ce90ac582103bf36f09690dd,1
71f4e2eea08ac9a0e2ad53b2930a6d47,473795a355d29305c3ea6b156833adf5,1
7203adde3a9d76f21c2b01223d07c2b0,bb31a27a0b24236c8ce7e0c6264c51ec,1
7220c5e391b6c80f16ffcca8a67a3382,52bd2502183574fc11a434d5d215a4cd,1
72241f6ac253dedd45a67f539f113891,7bdb28a55646012fb3348058d629d9bc,1
72241f6ac253dedd45a67f539f113891,9163c7e81fd68452472912c4cde810aa,1
7224fe0e862b9561bca105d385baccca,4b5e26931a0b0d3a690a3f520329a975,1
7227f6bc1ad4dd7ea6443ea71ff722ae,c76ce8f19e21cfc8226f0551ed5da750,1
722f3c29eca750d5eb93d5a1f67cc74c,e9cb5c8cc2d24f0967c0725cb73c2536,1
7230de3e56839c3629d3f5112470b85a,50fd2b788dc166edd20512370dac54df,1
7236ccefd5966e8c04b55d723fbd0ad6,cb52e6775d816cbdadade36948e81fc8,1
725ab1386add4f257ae6b635da68daa5,5411e9269501a870cabf632f05655131,1
728e136fca2819b62d610743ae2904b8,02034d6c9c4814a08a3a0f5a6ad84332,1
729b8930036e5f2c3883bc38d7cae018,eb8c629f70275fd1c4f809116cce1efc,1
72b55045ba227f2f40221ee830993778,25f86162fee18735fffdb762dcb10d7c,1
72cb865e318f4077360bcfb50098f7eb,da1cfaaffa7720fe28f26f18d52f5ad9,1
7306c159c7f7c1dfc52c15c62530ea69,e2e426d1332240070b0a836a854d057b,1
730769d8a5103f14d741ad1706e1c352,1c9c1e9c68e2311f81258433b7e0092b,1
730769d8a5103f14d741ad1706e1c352,49d703d64ccd635b04ed7ed75d0f427b,1
730769d8a5103f14d741ad1706e1c352,4d4321549f8f978a19a4d17588b1e770,1
7308c3369ae037a966d083e24201f698,b3b0bce74668bf355cbd94db1e4d17b9,1
730bc94d728719b06600f19d84e92584,759329d7653fd0c9a2b00d60aa8dd047,1
73175bb66381e7cf02294f0a8c2ea137,f2ecbb02b6da187a9f14b8ac5781faec,1
732272e96e63085706cd8920ca92faf7,2e64d11879c5bbda600381dbb5452a38,1
7343c19728d9499883e74b93863dcefd,ed9b924bdbd0fd22c60aba6dddfbb6e5,1
734ff2ae35bcb0f1318371166b54903d,14555ba663de8689feacf1d0819cc3b3,1
735cdc6f61c25a60d0c9436b6205eda4,0587bd8ea43108a16104b1430c15b283,1
7365a02a72ecb505e9b2f199fabbdea8,8983a3b149303c013fceabef902e835a,1
737044a1637b4c3e17f927d096620325,8db00478f9801fc2f1a125d1dc78d3f1,2
7372613925550707111577db9b67af2e,283f243bb09e48e8f324d175182d5cfa,1
73c27cdc4de9cfdc9ecb90ab01acfdcf,2a055622bea2fc1278c4ffef9eeec87b,1
73c42df75ba6c72886b7dc426d3db891,efafd20c0dfb7a4c591ec374a6befdcd,1
73cc6855993434b678f45020e7389ff8,34dabb8af33b3756cf72df05fb327011,1
73f18be2e5cfa08095fe3f24975d1b0a,e59dd207c69d86e890febadc796d1078,1
73f98782f67f44297697ea25d96bd871,99a4788cb24856965c36a24e339b6058,1
73fae0f59caf72aeb4c69ad3ad534c44,71bd53a5303fc543fd563e913eb586cb,1
740e06c12b353bf626bb94ed662eb0ae,bb5d4ec6e4443ba8589bb940d5b2945f,1
7411191c690609f0521c7911833402b8,f4fb1fcc46bdd61b314fe0292175e5db,1
7422267f46a52991b0a78f0e10e1ca65,d5991653e037ccb7af6ed7d94246b249,1
743c1d91eb910917739b0713540a43f0,6109d0cae3bcb57d579bc0fab6e61814,1
74502fbbbd38239f24de0a6f23fb80bf,c9599b4c6945cfb6df065039bf5f1555,1
7454f64a4378ab4a3aacafdef6a1feeb,70de339311bbfd116a461e25c9fb79ca,1
7466e5f152d3e7c316e2866f8c42e433,16d096faa27582985f849f08370cf1ed,1
747294310d01f24f467185ae9e9726da,3a081630438070b86de554fac9edcc7a,1
74739c82729e0172c2449caa51f42122,6cdd53843498f92890544667809f1595,1
74756ce04db42d46a954f2f687b7686d,9007d9a8a0d332c61d9dd611fa341f4b,1
7475f775af7286fdb7c6802eade228bf,a00cd7752fb98e0a8382def60ecc0b17,1
7478c22961661e8adccc13e1763ea59f,c94d19d021d4a8fbae5a45f904aeea90,1
747ac70e4caa61315026312e740a1346,08574b074924071f4e201e151b152b4e,1
7483110df32ada21179477a69cb7b83d,4520766ec412348b8d4caa5e8a18c464,1
748408d5f1ac7ed2b6fcc8a3aeea25cc,a1c26a87d00e216e5019700026d8d7ce,1
7497a06928794c94a04ed924922922e5,154e7e31ebfa092203795c972e5804a6,1
749ba37e1c007d00f214dc51dec300e0,b0c8da302d49498d2ce6be8c631e4e20,1
74a7d1d3922d5c9d87683edf0be614f6,af51d485dc5255ba2e18b21b550156e6,1
74a8a3b6fe196b1c69c14c15bd62eb2d,26e253f334cf93847fcbf6e9faf51eb4,1
74abf9eeaf6b3001f885f433582783a2,be837f2e0152a208d4386f4126d5bd7c,1
74b207275c96418c3b8cf697b75db94c,6a1281ddeb8279b7748a31ffe3e479b4,1
74bafbdf42aa593dae40b106baaf020a,ed00a8453145186b3f071f1e3edef33d,1
74d5d9bcc8e0bcc424974010327b7376,0ec26c826d2fb3863640b6a8cfdc42c1,1
74dd658e3cc47fad8588e6f48f6a6075,2944c269bc95271a46f4c63f07149b0a,1
751a05b324683e65537d345c3933a9de,77ccda894b672fe1214b0101d108d7f7,1
752f76ff8ec253dd68c8071b8dd06073,532a5b62ca2802053af3cc40179813fd,1
753bcbb77173dfa6ebba16f4dedc2eb2,6c3effec7c8ddba466d4f03f982c7aa3,1
754e43d7f87712e5c6b652f9a02227d3,0d85c435fd60b277ffb9e9b0f88f927a,1
7556392e5dea50250680dc5e7674cc7d,c2ece64199af7a53793ed9612a89a8cd,1
7569ca3fd4cac49c36300b217d638628,362b773250263786dd58670d2df42c3b,1
756f996447639ab93df564474cd24124,caf540627b7914ab734c86495fdc95ee,1
757336b19576e72b70a7e2152a167792,67018a848d35beb71cec955dad27f7d8,1
757be9f0f57d1863fb62a6d4b08ad287,629e019a6f298a83aeecc7877964f935,1
758599b2798e7015e13f582498131b91,4bb4fb9c85785b75ab4f6559900c7ca1,1
758aedfa7a88fafd333878e149379e0b,23bcd6822a33df5534f9b290216eec1f,1
75914cacf6734f099858d9878c05aecb,77ddf7d9682490a7d50e7d580460d4c1,1
75abc7c1601fdd71de4172156e87081e,30f3fd0e7b5d822bcd4ec6611b1e2c91,1
75b1b5710c1eea5788403c6868398157,06edb72f1e0c64b14c5b79353f7abea3,1
75b4bac0d49ed3e3717aeb79f80ffc97,7b024909c999cdbddc27bcd2a1eaf889,1
75c8bc2109f5fb856317aad61dca2dfe,8c292ca193d326152e335d77176746f0,1
75cc2d098cc1aa9cb7ea863100b5c200,243332c5551ef72c46bb6885fcaaa848,2
7622d1fc55809b6109b7decf63dd8529,d41d8cd98f00b204e9800998ecf8427e,1
762e8ea539165da0ae00470a4f8e477e,ef1c671d636510846d72e7aa3af1e0a5,1
763117fb7b230036eb6217e0a8b801e2,1a171b17d64e13187479dc66541e6541,1
7640595377bfccfde8539b69fa0efd98,fc1d8637c0268af3db482c14b7ef8e75,1
7640f74e9d8d7cae31dde07a5fb6aeae,d5b703c271f43f9c588a6f512a00f77e,1
766716773193d515bbb268dc61c8cc06,422879e10f46682990de24d770e7f83d,1
766a6dd9d0045e8462f001462976ff99,00baba5b58e274d0332a0c8a0a66f877,1
766f0c0455e84a2e4f8b2bb5146da1dd,cf6020146772dc8cdcd583c1651170a1,1
766f1f01fc8ad721bd4c72207ed2fe08,cec09725da5ed01471d9a505e7389d37,1
767b8065b92f5174f0a6f5ecd40cdf7e,c45f017c36f9112a8bb4f170edfb1870,1
767f554678ccdff4206b3fb34329219b,5c087f345e870429ec3ea20a49a79735,1
7680649ca55bb9b7db24eeebf055a87b,368c6c730842d78016ad823897a372db,1
768233c1b23f5b36d4c6ade6538027f6,e806247d6aa5e86da4bbbd4a933e0b36,1
76b409766dcff895c8dcf3f3297baddf,6b5e28354ababa66e691a8072681427c,1
76bfea016507d7d9c85ebee70f9f257e,cce679660c66e6fbd5c8091dfd29e9cd,1
76c0fa129e051872153968790fd8b635,88e2fc6c65d64b3edbf2cade16ea82d9,1
76dfc9b4b9bce12fcd7523f8202f97f5,4e424a1cee1626e101d211bd604b10e0,1
76f2cd7947ffec4952fd90353fcca395,a7329b3e52d13627c92b24a745e70873,4
76fdaa48984220f3067ba4a59725a18f,475e8a9ddbebf13af503d1c7eccadb1a,1
7700917fd68e46178da25cb3bde42684,382db2ed3015c04d4b844d2a0712494c,1
7718ccff59ef9aabd38d81d5f14e23ab,dd61e943598eec72351633dd6a72d5dc,1
773032786101d756fc62073bdb3fa505,9269d6409ec9f19cad883b2c1aa206d9,1
7740afacd97ed42230c2d780d50f9936,3fbc0ef745950c7932d5f2a446189725,1
7743f235e69a51423e995b0682ac8c95,c8c6606a94a40c89625b72cf7079aa1d,1
7743f235e69a51423e995b0682ac8c95,d0c59b22539b0b391e5834a1dae7caa8,1
774aa06c60fb3845b46b5d97508521f3,53b36df67ebb7c41585e8d54d6772e08,1
774c33a9668cf225c839c2521b843425,601a360bd2a916ecef0e88de72a6531a,1
776c9eaa90ce902fedd2ff4aed3a4d40,3dd2a17168ec895c781a9191c1e95ad7,1
7770ccf71966b4049b6d62d1eb8173ef,617186c3d97ea56c9c683a8a3974e8c1,1
779609a1ecaee6f5ea1b6e50359c0aa1,f2b67cf6ef88cbc9c2f3e482f558b318,1
779a4dbe2c7972c54b324e89494644a3,5b706747080dcd34b3ebd803c25ccd65,1
77a69d313ed6ac75d3bde85d588cb916,b4fc7e84dcaf2fcf3edb234e30362929,1
77d7671f7d3cf078a7425fc3e3890b86,f0ddc72a650a80a9e065bef851f4f832,1
77dccd21b005b20fc1f1418c979ca354,902a8b8bb0768e8562edc2d903337812,2
77e42141a294db586871c03ce0d9591c,c25174e1e4fd7fe5c3420869d61fe2a6,1
77f030ba93444a3241b1ead8a9a0dd30,f196248e8b5d060cca414a664ea9a76f,1
77fa72bb31036e933952e5462cdb922c,a5c9c1711f61d2b63cf996b4928092ed,1
7808ea4b58654518cfe762d80eda6cbe,ef0e165d773ec293c5aeb5470a08b183,1
781aba8df3b1bb0efe7657a98f7412da,35afc973633aaeb6b877ff57b2793310,1
781fc3c9b34441add54ca7b29ba3e52c,2a699d35a87e92a01747297243bfc987,1
782a99fb3433351a685f44522050331d,5fbfa85126d6e59188d7da79f21e9687,1
78463bfeb649747e91ee9a424d0edc3c,a62e25e09e05e6faf31d90c6ec1aa3d1,1
784858ab2fe13a7dbbb230885e0a6ad4,d1a943978e5d919d1ab662b07c810dae,1
78617a723b4d69cf675ae0719ac052ed,461f43be3bdf8844e65b62d9ac2c7a5a,1
788a2e681b4dda11b40f137041045bbf,11875b30b49585209e608f40e8082e65,1
788e9580bf43966d1477ce4fccde2d32,af56e0203193f066ed64cbbbbf95ae6a,1
7890b92d81dc0d0d7325b2cda4cd14a6,b38b25d838ae0b8385e8cc68b9017644,1
78a0a4fe355394a8f2ab9efd5fa38206,e791e580a2421e4471aebb0629c705c1,1
78c752c3702250b9e50dada2aeb037cb,28ce57ecf4afba85e6020ec0209cada9,1
78d2344fcf124f101a40d35cf4df5c18,e1e932dfb67414e80b87ad97688cf2a3,1
790b71dafc9a25097d6a911c65f351f6,4eebe44f76b0976eab5c92eebeac8b55,1
79144f1b9488d523464997d56bbb6463,53759a2ecddad2bb87a079a1f1519f73,1
791b1f2ebf981ee9867bba35359d8d3c,803f77475e1b51b47f1bfec4f2ec353f,1
793dd5010d9cfa31aa91d5b8a34f57f2,3a0ddc9fcc7d62e474b62ea3e2a45d39,1
7942ca8baa666af529e54d8cf200d57b,7b5d8be0e04080e4c8ee6a7ec2f1f597,3
794b8e1820dacb6050f7c374fdaf5515,4fcb3d9a5f4871e8362dfedbdb02b064,1
795c01cbad1e9ef6aa33ffd9064d8df2,88ab3ce1ded665150c5cd6adcc5287e0,1
796ce94893586f6db66268eab548a442,909b87db6cb3a7ab26bd03cc59860136,6
796e0ca56ae41eb667c3e18eba2af915,422879e10f46682990de24d770e7f83d,1
796e122145d49e4242c7f69df20f0aaa,457cd0a99cfa977993e4eb6d98d95abb,1
79836f353f3bf93edbfb6145332ec447,9d9352588abf60036a50fd28e3bec382,1
798bc99c248e680bbc7160f0f3bff68e,c62bc42d383a40b285eee3f95240c817,1
7994fb833e6c8f40ad229e30fba8ad46,b800d7bb8cd5a7093dd099a367d1dde2,1
79a44abc3163fc1830f6afd0dc9acfc7,3f1a741cf5591384428c1cbb0ef07ec0,1
79b4e6917237551454e77c23285fa09a,c9e370a48c93410b221b46ce7ee41643,1
79c719bd423a3670aad59272146350d7,c3097e07a0a5de0d4b4c836d90c5a284,1
79c8d122abdecd4dd9be27517307faf3,e002889aa3b0026aa7dd040d8344a14b,1
79cfb6b5779aa070da07c2e5cafb7bee,6cf95bd30a9628ca0c9911e43d7956a3,1
79f96d2cbe80d476674fe8df8bc4d5f9,9a9524293520e3c3f20be70334f63525,1
79ff73ee4e2d30dfe853ed111a3e367f,9615c720e219d641f4498abc24a54272,1
7a008fcdb10f2c786f7277fa29c6b95d,7a5d2e1e131a860ae7d18f6fffa9d689,1
7a0f062f324124b39f475b05b9c77177,368c6c730842d78016ad823897a372db,5
7a11dd385852e7c6d60e1a25c8c37a9e,0d69c82f1bc2991a5ec6fff3d803876b,1
7a28ea6acd0c23ed1a4742b29d29682c,11bbef4e2a44601d9dd471aa1fb433e6,1
7a39cda163dbcda9f639cc2902adc6d0,060cb19345d90064d1015407193c233d,1
7a421bb11d92f1a08e384f216250afa8,566a4f2c4385f36d15c00dfcaae132d1,1
7a4bda17979cda408ede421d6f9e5337,da6f9d8ce4950ad572b7b4fe7d7e6c90,1
7a79ee1f4b2b1e45b054ef61a44f706e,133eefb3fc03b13ebded258788747304,1
7a89b488bf7b415c2674060d36808b4f,d02e5b014cc50a42a3ede0b3dc1fc63e,1
7a89fff116b1d5d95621c5f8954657b7,978dd538bf5e5185609b6e464ba25eae,1
7a9157a86c1824030516037d00cbd64e,e53e557d5a159f5aa2c5e995dfdf244b,1
7a963c3034d1ada261ac346c56843264,bee2e070c39f3dd2f6883a17a5f0da45,1
7aa9979edeecc4c0748cfb942a7850db,75b4372e69a42f8ae1d908c076f547b2,1
7aa99a903d05793582d4b4b678f55300,cdbb028dcdcdb294fd86a808b3569c11,3
7ac14fa8a3597d612e0c45f195d05988,e9a69340883a438c3f91739d14d3a56d,1
7ad2923d155f5b99d26250b4fe0acb3f,6a057a401eab3b3cb8083d9e42972233,1
7ae471bc92b0ecb06c812292ffef849b,64874a0d6c1ec460c2f59886c51b9711,1
7ae85381c48ff61620b51be6c33eded9,7b35ccd93a2184646c03b70326626923,1
7b198042e64fa9e4dcd07ee294f0db65,2d31f67b1edd83be73d1448bc1f1a7c7,1
7b19ed27fa54710bbf4ecc1c5747a9bd,b76364870c38ddd7dcc9dd9ab5abeeb4,1
7b3307e35fbe738232601b7b7e8048ff,53ea9da485f6aed8a6f03a85831fe021,1
7b4af48119080837db56a8c7d53ecc08,821719b9a2288a792ba3ca0c9962f467,1
7b530dd0b6024eaf341aae361f575254,6ca1597b8e5f2618c47b414b68094450,1
7b542c51a5bf42504983dce985bc9b20,3bfd406881ee395530b18ca51670161e,1
7b57816eb86d27beaec4487edb99a0b8,6171e0ffb665e527d521c2435e065644,1
7b5d53fbb685d0f2dcc5cd1e77d29972,736f1b87428f9cfe5f5184c4ac0fbe05,1
7b6b52357ea318f79f31e816bb6a98e9,dbb00dd9b017066946537423958bd4ea,1
7b821c645166a6c605f622bc92cb4864,8c5876b1c7768217964f353bc7e64393,1
7b8ca743b2b04c1df44904c65563d578,8a68c060dbab4ae66aa885e13e1ef7b3,2
7bdbc8d4be2b08e6aa4cea6662c4a3a4,edf219cab1d0e435e3e499287dca9a03,1
7bff96d37d8c7bf818e55b9d72a1b204,11c273f63badb1626f41abce9a038587,1
7c245610a174ec2208ee70ca2b765c3a,28e84464cd1bbb430b6394a555573df8,1
7c30c73dff64648fbc10d968e6a134ff,04a67e69edfb208f784da30294f69c5b,1
7c30c73dff64648fbc10d968e6a134ff,76da62260c1793eadb05355edc9fd6ee,1
7c31254de4f70f1e8c1164fd86f0c685,7dd3fec3502f7ef333da2a73e00db394,1
7c3fb02434f997155d8d65fbd22a4ed3,2a7906396f06c254b7b32a8ed3e45894,1
7c58c07718ba7a706dc41ef3d4702a18,03b29ca1beec2e03e15a3b980c1505ed,1
7c5b076d0e0538b3a1d4899bd25f9545,a9516a079e37a9c9c36b9b78b10169e8,3
7c60c84731b8e58a42689eaab73eda48,e0cf79767c5b016251fe139915c59a26,1
7c66c8c07b65426ab12916350bf3c4f5,3894ee88e0f8f6ce2847a1f31e0ebb0e,1
7c6c03e06257a7db4411272575ccdf1a,3dd2a17168ec895c781a9191c1e95ad7,1
7c7856f9a967460c46d270ec2e67dd7c,53759a2ecddad2bb87a079a1f1519f73,2
7c81a72e2604e2e4d33c3d3757596c44,87283a98b24f9f1ac3a31b631073cf47,1
7c9bd29ba762dee02252ee11180a5f08,9c9c0e6325bd947d1468817769ed4197,1
7ca182b6bf8a5f9ce44aee2e3212edc4,7e23aeb084e4f123bb9127b00c20e47e,1
7cb980ea48f7332f0c397cce1a900e59,3a14e4f8d0d1c5be2acb3cd00d9c8047,1
7cbed7bf515e961b7f7dab842f9c1627,b38b25d838ae0b8385e8cc68b9017644,1
7cc858beaf29178458e90ee34c3be444,99a4788cb24856965c36a24e339b6058,1
7cc8aa1b58755e7d169084d0778f362d,23bb156d1ade824158d1b0c799f9a641,1
7ce1fc9e99a49468fd3ba1df06317ff3,364db9e9154fdb4355992287afa4f774,4
7ce2416c6e9a2d16b45d4cd192984d33,99a4788cb24856965c36a24e339b6058,1
7cf011f302f46ab7b5e69b6461b32d8b,50571d0f0f8ffbeec1c64cefeec01135,1
7cf767e41998204e0dc91c2270542d83,ea52b0eb372ab5874186bd7da72c2db4,1
7d350d56bac0a6a9b6c3e5ce37198fba,0fe922b7f7d43ef454bbc241416e7401,1
7d359bcf9aef31f6554888f41559848c,cec09725da5ed01471d9a505e7389d37,1
7d4bcc989710ee664b406819ce808a90,0a57f7d2c983bcf8188589a5fea4a8da,1
7d5b9f4eb02f2bd41768398e711f9393,4040bd73d3a2de25d369512db5aad42a,1
7d5bb66a437018329f3c334e0b1d305a,8aa6223e400af9c97b07c75993142721,1
7d622173e13aab026b87c0cb81c16ab6,99a4788cb24856965c36a24e339b6058,1
7d6a7b972385ef00c9b4bcaa9ce6e2b9,619215fa0c29f244c5aa21084cf8d957,1
7d70fd59b16bee6236b91d30b91459dd,06c6e01186af8b98ee1fc9e01f9471e9,1
7d79f5b2624829ec42de13f0f661ac04,7b975b7dc4f3286d95d68fd499f20cae,1
7d8666e0148b50e626e90245b6583f54,5de871daae99423d3fcb04edcb6dd1aa,1
7d8d274c36de5111d141260b020d51a9,ddbcffa21df7d85a96fc395a6d9ca334,1
7d8e5933121d2d2447c2ef6a6a45d898,a6f74de3ddfbdc9b33885b92656f992b,1
7d8e9609c6d42c59d166f7abaa03a518,1928afdd082c046af569f70558516d11,1
7d9694032de35cf2f781e1b31b3ac923,c09d788af5101df1f542712d2968d4df,1
7d9edced80af5c9503cbf88a9e5f2a3e,5e21d5cab5d33e770d8150a4ee6117db,1
7da87052aa6724fa500e8c22e3f9aa00,e3425df9bd51be69917273c9dd92ed5e,1
7dc7958c5f69aae36e4aefe773a5d46f,473fd1121bbef1150c089c1225c70f30,1
7de93971592f16e93c70a3e1cbb6db75,389d119b48cf3043d311335e499d9c6b,1
7e016f9ea275279784f42e0642214284,9036be77e0a74cca6eeef0740649b97b,1
7e0be6f31e2e49712e01d3ce5a29385c,aca2eb7d00ea1a7b8ebd4e68314663af,1
7e1f018f45f99375dcfaae0fe8816b4a,e0d64dcfaa3b6db5c54ca298ae101d05,1
7e27f4fc651dbbb8ef84aa9450dae2a5,e40fa115d27ea4a80bf2136d5f0cfcd7,1
7e2fc634b12c4c3779cdcbe1e8c9bbc4,714e305d7c565927c0ede7012c1c5c7c,1
7e388d37dc7e8572bab8068459b32190,17636e3c15333148e25253db631a2d7d,1
7e550164be02975a52464fc6019cac13,7aac5971b0560a816c14f6b6e9185bcc,1
7e58db99674b0e849eca7cb8cb32cfb1,cbfdbf24b32d9aceeeff3e9c77fd9d36,2
7e811989da42b4b4a854cde88ab2d67a,80df62ce491a20d390c9f69402310f0a,1
7e88bddedab5603be5bb50ec9025080e,c72d57da8ba2412527531d97106eb8ef,1
7e8a4fb5e9f3744859b69444b3d703d3,056193fc88b3f131fae751356896b168,1
7e96ebdd045e73e50de71b8d1360b092,c4fa0206ee58c2694c9642e6483b576a,1
7ea1796cd1883cc423df9b9a5483db94,d63c71088e06ea00d66dc357cda91a30,1
7ea5fc79e8868ed776ebfce44c06869f,0152f69b6cf919bcdaf117aa8c43e5a2,1
7eb0ed58083a45d5fd210c15f0c07079,4610f9bc86835033aab4160bcb1c3d27,1
7eb0ed58083a45d5fd210c15f0c07079,98cd3776d33bddd0ebf8ad8b4732d1b4,1
7ecc321c63fd550c376cf32e222e0dd1,3cf811adb8b18fdc2811eb4880edead3,1
7ed1f44bb8badb060d8c66394242ef45,9e2d3a8d8ffad53e2e35282a2020221c,1
7ededb8426467b84329d3114a37d81a3,53759a2ecddad2bb87a079a1f1519f73,1
7ee1519a04932fc747403d9f9a88128c,8c955afdb3e69c856507b4a7c0085ee3,3
7ef54c008d37c1051eec1537cb44a0db,b5b1ef3701c288dedcb700f5cd3061f2,1
7ef6e35412db5a85693dc0909481ee07,6413f7a28e149a324c4a914000399fb2,1
7ef733cf0f7bb156665c627f1f5b4a5b,011ae9863bd5b15e528a16dd8ceb4772,1
7f10cfc70e5b4e8c9910f6d294d4bee1,64fb13596caf118c438edc5c6ed2d50a,1
7f17b542f4d09af6377365917101cf5e,39af1c81c0e72ebd1f5454972c24ca38,1
7f17dd631b8dc8b6c16c9d6f98b3677a,386486367c1f9d4f587a8864ccb6902b,1
7f2b3135700ee34aabe5bb580cd04ddd,183c95ad186f48c320bbac4643829d3f,1
7f4802bd5d7365cd23b2dab76a07fae8,d1c427060a0f73f6b889a5c7c61f2ac4,1
7f4b051e8b634cd50f385125b0288dd6,e10d888b873f7479560f0b2606bf2c02,1
7f570d720bbdcb41c7d97a5562a4ea98,dc58d5459e21851dd9acdfc10a621159,1
7f6b2e3e2f12b066757ab8e9f5795d33,a5f6ba3fe91a2e73f10b612131cb2404,1
7f6e0647dfddaccdf6e140f98e0945bd,84a517a0e06ef2a45abff3cab3f0ad0e,1
7f8a1c90d9ee5773dbbe0d70ac48b7c9,c4baedd846ed09b85f78a781b522f126,1
7f8feff355565582f36a0a3848231245,ba45ed17e0da09c7be0de3de084f6e2a,1
7f9e38df3bdcc0a32b5b330288cf7b6d,9fb9a39f2e393018aaeb432394aff48f,1
7facd235e6759b64f900b3a24f71a2a6,7aa1ab866537ff58ef91e90e3df92134,1
7fbab63e32d93d7b9b707e9e97bc5b94,64df6c5d4c7440a043e13fa796eb4ac4,1
7fc191973597f7e5c232ecee9d7922ff,99b5d7eec773ceced9d287d753ca00e9,1
7fc27bbc53e9ed44571ffb8382b954a6,e53e557d5a159f5aa2c5e995dfdf244b,1
7fc4a63752bfc3f56f4b3c89afcf083a,235e0d56841710b62daf088840a96ba8,1
7fcd6b7b791146f4809358b38920a6ee,137463a11feed96cfc9fbdd97d4e2403,1
7fe022d44964a339398a981ce3026ea7,473795a355d29305c3ea6b156833adf5,1
7fe27842c70ec6d61ee78e748021f378,e0d64dcfaa3b6db5c54ca298ae101d05,1
7fe584f189706f82214db7f22d01ea31,e1300b5f677ce8eba14ab147080d6a68,1
7fe9ea575758e6ab4e34b67eb1015c48,44fded21627553d1886d459384bbce06,2
7ff5f98578a06497fbc4570758e05eb1,68bf2e76db1d8e846042e54da87399ca,1
7ffa51ecfefb0fd06f8d129402ff5df7,242e1933d9cb1c789d3c6a3f2d083ba0,1
7ffef7ba261467851a207fb18744f4f4,e4643202d9053d132303d7927dc71f8e,1
800967a7a5167197fb9b1d50a2ef8075,df0c26d7ddb998e2517658a55e46e48a,1
8011a155cb0947b59d0e199dd4474428,42a2c92a0979a949ca4ea89ec5c7b934,1
801e6d59e9665f5ed9fac67b7a5ba67d,e0cf79767c5b016251fe139915c59a26,1
802ddb120082372c8e8b2779a00f5553,021426c19c264227de3c34e3f5e2f4ee,1
804c3fcfa00f15adc54c342c2971b2cc,53b36df67ebb7c41585e8d54d6772e08,1
8077a88989887c07d262fc34020d6fbc,a11b92613ac1f37b3617b440c7b9e6b3,1
80825fac1b288cd8a58c4ae40c66a821,32aeecc02aa5adcb7f75155a80a47836,1
8084cd8587e998d6d3abce1ab618e927,3003a2841d6a775095317139ed2f7943,1
80911d64b01b8af716553f3b45393ad1,fc2351bcf24c714e5d21b44ad41198b7,1
80946cbd8d20161272e3dcdcb1777517,27672da99215b426dc0ced05731bccc6,1
809826f29570a931ea16432d3d55b167,bf00630db939d773babccfe2449e9075,1
809dbfcce6167970c4839cebda798ce5,1279fba7025d91dadde108559a8d0485,1
809e6813ae5c0e032f08df8c91a3f8c2,41817d1d44000e3105f24470a5224bcb,1
80a56c8941df38a1adeaf9183c112609,0eda6e310c91549299a2f97d0354f7fb,1
80aecbe9841e2594daf4211199cec79b,d39421ec4cc2bf52e35f8bf00f1ec314,1
80bbbe390ca6d4bbd1d21f50093e2a34,a02d0123079f4ae96001ba2010d1a2df,1
80bf208c0f8342186645e3ca04fdb2fa,f89d2b130b571d24532514dca6fee2a8,1
80cac977e2c0f7c86d46ba03d8a6ccce,45b280868bcc8124d9309f459a42eeaf,1
80cf55a439bbb373aea40a08515fb39b,bc4cd4da98dd128c39bf0b8c2674032f,1
80db9468205ab8feeb73722948bbce52,b6475dae3a2796ed87cabc7b8e8debcf,1
80dceaacd607fe2959006b3796ad8a4d,7cd6ba4cdd2990810313f9e049ec8c68,1
80f70f0ca0bcd19bf71e848e51206d68,4eeb3431ff29b8867d4f7b817c298a81,1
80ff1923dab20bed7da50c8604a6ec9d,12b86b2eab3b8c2bbf01adc381aa96e2,1
810d6e6ff6e67c94075b39488b77632c,a92044ede94468b593b5e4d92498f6c1,1
810d6e6ff6e67c94075b39488b77632c,b4ce8d32dea944f1720681420c4cd5ef,1
810f7773cc54bb6e0e737bc0e21d6765,30b6868bde148b4c71716da3f1cdd9e3,1
8129c1c506d7d2a41ca7caf3c38fa85f,bbbfa3b8e4c5b134e919e37e46acbe14,1
8133147c1bfe4c00340064eaa286d0b7,422879e10f46682990de24d770e7f83d,3
814b41afcb94cb533af057e10587da20,9ffe607c48a0473e200e4035bf97de49,1
8162c84c0c0b52ba588177cc17e384f0,5f315c482ee138f3766f5a9169f16ba6,1
817a3322ad71f73a2bd444f27583b4e6,308a7360ee2e0ecfb6aa7708428692af,1
81840cabffc6c79f0f88fdbac5853531,46292acbc08d49b95138891146f7287b,1
8190a777da9fa9ca0d8e65e22cb823ca,01078a94cb29913dfda1a962fd4e3400,1
81a788bcab6b11f15c3dce69b69d83fb,1629b469d01aadb4f92644039ad17d5c,1
81d496ec70b5cbfdd088b86d39d9f078,eac57d7040ec6879d14da7d9eb35e954,1
8210d932dc0ae881df69bc694b290b7c,59c6d60f81179f563785a48de25532b9,4
821655ab2e1dee407394c784caea8de0,4293865e4ead3d446609086b4cfedb4f,1
82187afcec1f653bd7424ab915194a0a,40e9fb75d3f96d5cca8fe7af35675ed0,1
821ea76972cd17c9b58d81015b797451,704ef63ad0ac345842ea734060a83db2,1
822cedac71f599de893ef010bb28d955,10a21a549ce4ea6b6218d0f6a235d1f6,1
822f09a9859163e0f042c9fb35a02b19,ed836edc15625c202f6ba85dbbe95c3a,1
823f621f5037d971a15b0cb861f8c554,f0bbc1bdaf90ddcab4aa862660dfc6d3,1
824586bf0c5be85cf4295256c5693f37,cd0efbe03468ba1f0f33c664b53747a9,2
824a057129a435bd0c0fa281345ed874,64fb13596caf118c438edc5c6ed2d50a,2
82628cbf879a9546d6693c25cbd5e915,9e3a963e739c0a28056ba2ab33dc3ec2,1
82659d9d36476dcd64db2212d90f7457,bfebe3af6798e21f14c80263db86b7a0,1
828e90e7e1e22b6152b6b1c07ae4e518,e251ebd2858be1aa7d9b2087a6992580,1
82bf9449be249defb5aefcf47ab81435,9275e1f75faf1d3d1f54e4cb63d12a36,1
82c13b27571f530d4e03109dc6605536,0d0f2c7fcae108a74c895521c62d46f6,2
82c1b2573eb18c62999ae22f2b5aa95d,a1a97164f38cfb98511eb68e6b40ad94,1
82ccacbefc4bf6143a989f42785134b4,1dec4c88c685d5a07bf01dcb0f8bf9f8,1
82d3b9013ae1ca97bd0104381fcee9de,154e7e31ebfa092203795c972e5804a6,1
82e41cc1f87b1074c1f4bf5c840fd4a2,53fda2e4872a41ed984770d4c60a5211,1
830098c74c4cb8d01c7eabbf10dbc76e,c36a269550e11c349965d2c033470074,1
832916e9b7e8b6e2cbed9dab37b12efc,5f00c50de3d989194f0439e343480372,1
833cf609a6aec4b27901837d32aa7117,73bcea88583002fe12b7399af4ae60da,1
834fbe386c3ff163d252b37b5487e118,595fac2a385ac33a80bd5114aec74eb8,1
83901f425d913fa2261031ae7d879018,88d07a97123a341509effc395bf418c8,1
83921c0d0f7fbb56e05892c41d5a2445,ca349c4d87c594b4995fcc4fa9c0b77b,1
83a013746849c173ca9305957f463d89,a9410f6e58948e056b9eae0653aa0c75,1
83a107eb8c850c4ec768e1370e689443,70c88258b8fd97e776fb7f57022427bc,1
83b9b5e6f52a2d64c80056b2a8ae0789,5a848e4ab52fd5445cdc07aab1c40e48,1
83bd185600ed4811ec23f273a2392dd5,02fbee632a2044d48ab16d57eec4db58,1
83d0d1b5d2c740607c17530494a5cf88,f71f42e2381752836563b70beb542f80,1
83d91af0a4ef20bdf35482111320f447,36f60d45225e60c7da4558b070ce4b60,1
83d91af0a4ef20bdf35482111320f447,3f14d740544f37ece8a9e7bc8349797e,1
83f88341610abb047d8cfa4f0e19dc91,521a361808bedd9fffb32181e501e09b,1
840b51ea15f639191473c482b40b76f2,32d058f0f2989cd05c927c0f481a1e43,1
8410370c867c4cae1510ff62163cec28,441293f432282ea2ab9c82fe5f0fb875,1
8422c35d03577f94c15a4eed5504e09b,ab330e1b64fde92d3b4d4d6980a38576,1
8435e0e187d4a9a24ca9df8649e2bc9e,86f2416d4670e4ea3ca5494d043d9f24,1
843e0451747b5a6d439b5632813b7cfb,7d50930301709838d8e90dcac5cfaa84,1
84434a091beb237c00b214e254580be4,9ca3b0037aaf1552f3d9d29dc471e0d1,1
844bdaca34a0e59b9476ad8f38ff1390,61df31fa1090e36db0b04775b1df4b10,1
845eeb91509cf49e43a6730a4edeed0a,b8b426747049f2d3d6e00b486d47dedb,1
847269205bef9d0bb2af058e64d6d75b,54d9ac713e253fa1fae9c8003b011c2a,1
848ffdeb191369d63983e8391411cbc0,9388fcd19f74f595e79b1a302b930bf7,1
849d4f35271a07987c6af0c676c5ca31,4c2394abfbac7ff59ec7a420918562fa,1
84bf6a4346118c8306d16b593c15176e,ccec880520770d791d004c9a1ae8b0aa,1
84dbc8cadf81995826879280316b6397,f73be23829e192092569d5dda349f807,1
85051f9b3e9909676bf77f69a2c05b20,6a33f85f66191cc5b645b5f775ca93d9,1
852daf7fcc8c2af8f7dd380a8c47c943,071b82cad6de748755bb587ff3feec2e,1
8557eb2ca315c2368a3bc93748fe49c2,bb9aa579b534cb9d96b38fcac94759b6,1
855b3bf88a29a543905f5d4f10860f7d,5a848e4ab52fd5445cdc07aab1c40e48,1
8562f88633b4e552155fc2476c0247af,aba86c093ccdbac75b09111d57e50004,1
8579fef79f526c8ab26376006604d040,b9454f6cd728a6e0510e3c4ba8c25263,1
858fc2fddb068b36f31568f7c9f2422a,5e9a6c707458f23644bb74a8b9c53222,1
85a12516acdac9ff93fa0b54dad839b0,b77ae16cc8f67cd1c0ec781d5bf4da2b,1
85a686a0ab11d3e40ea19dbe75a457fb,f158c89259d05ad3364be59f73e753c3,1
85db54b09a38693e4c2ce4c613ce9ee8,5b3b5f9ae84ca9ead3138b199420cc94,1
85e3bad84251738643dbfdc9baa3e535,c384e8f1f1c380ef1dbafaf080ba25fc,1
85e5ae9b7c9b84a5c2939086011e1f76,e8f492468d1d405a95e157c7530ae6bf,2
85f811b6af8146949931a11913719763,557484a8965bdc4e548658239f7663fd,1
8603ee4e79703356c59ceb07a2deb05a,a8a491b1916fc6801cbebd09e7c02567,1
86042d37503c19914f7c6d1cfda24870,41b43381a92451746dc1374dbbd4c43e,1
860ddc7aa11dedbcd7d870aead27ce0c,4c5cc632a68ce10ff22b58b5b8c8b8f3,1
861b8e733eb985f26e20a1df9a03cc0c,08574b074924071f4e201e151b152b4e,1
861c4eff6dcc1cd1ce85c4d47fd54509,d0ff425695a253710c5768f9069c6f0b,1
861f85fede6656786fc1d793f85db16e,3eef0cb94ba82de806bb30ab743c7655,4
8625add91cf6b981e6fac5cd0b5d733e,f71e07cf6e6d621aef3ff698bc4f2819,1
862c73c7b3989c2ceb05f091745a16ca,0bcc3eeca39e1064258aa1e932269894,1
863464634cc4fc94f9d67cd9da10cbfe,e07cf6c8c490ceac43740740459d87ff,1
8641ccf2e70d0cc04229db3e0b887fd7,6ddcabeba730cb81a3c9570a595a12da,1
8651fcbb0eaad7b6ffe7a7b2dad93ca7,154e7e31ebfa092203795c972e5804a6,1
865293243bd058d40776ed211b54174c,982565327a800a467fffeac070672ea6,1
86538da58e1e43ea22d93b6fc3c8ac1f,341d85d688ecc3353cf2a968e7ad0dbf,1
865ac93cc703fbbe0d4c1d7fdd62b78d,ee0c1cf2fbeae95205b4aa506f1469f0,1
868f46be4f522fb8d0d2470d4196d86c,80103e141ed0da3b1d63cb0c7d1f7d48,1
868fae7c2907bb21e97dc003ab746c71,d472a70d40f4f72dfd5f6024cfc89a13,1
869b329d6dcf12add510edf0e516565e,30469bb5ea377eae7121981e2f0778e4,1
869d14fde517fd8a5fa8016fbf4f7103,bcb4f6803e8889a70dc5ed14c2f5f785,1
869e2244009c6cc7cd52d16f0ce9fd8d,53b36df67ebb7c41585e8d54d6772e08,1
86b2c88f97d0b9b421b8bd62be63faae,8bef2f3e34f2cc22c908921e6e9eebee,1
86c0cb42009c2e2a0a59969b0d8e1ad7,70d01ae15a5d5ee38388b90c0470d9b0,1
86c9a39c17fae370a496545e5d9a324c,562f0027bf0b43b487536b01b2002a3e,1
86d6acc63819436badea3a80f627baec,272e51f7fc982529466144f8b68ec58e,1
86e0f1f27a4905bbb04e1567c40af946,80ac250f5bffe3fff8097929c3c4a938,1
86e497487de3cf532c87f53275ebb1cd,241e398aacc909372622952b2ec6f954,1
86f4a2634e15469b99c06c273e6ed2c1,af3c32ffb86784d96ad53372364b9d3d,1
87059f8d2fa7f4192b53feeac51fce40,7fab1a1472fdd934397068931f63f3ca,1
8706792f42471bcdcea286b14842b5df,8ed094bfe076c568f6bb10feada3f75d,1
87197160151c810ec85942bb0e50b07b,ea4c8ff9e3eed211078ef05358887149,1
873951dbadc164fa5d61eed16cf38770,9ac3f8f66132539cb797c44296f1fa27,1
873bfa2a703bc5d760b93ea19968b098,56d7faef0f7d847eea91b3302698bcc4,1
873d4758d873a2b0ac64c037870a27c5,756d52539899974a9b2ae56aff0b6a2e,1
874211fffa941800228fb197bc411ef1,83b00325c13c44245b2c3a2befa62a0e,1
874211fffa941800228fb197bc411ef1,9b9d1c4bd979b93c138044e032f99780,1
874b203d77d5ee9f12214a37a6584237,f95dcd7b0926e47d0f20a9050aea2e9e,1
874dc4a508727925e855857a24f95ee5,542b3d80712d51eefe3a3cd1c5f4e8fe,1
8779b7dd61306e3fb566468b116c1289,177f62b739076126a879238444ccbf02,1
87a588f4d6a77083c035a56a392b1f56,dc2410804cf782c5d87dbcd201b74e9b,2
87a7cb4170bba4f9dcebda6c77903f11,f71f42e2381752836563b70beb542f80,1
87bc71f87d3fc89b153c47b651b7cf8f,44c015f31e165a805a0c68a2124e2e90,1
87c10876090200b63f130ffb699b2e82,ff9fa77f938462abd16b53c0d934099f,1
87c195c16ba427c0f0f60d6d6d67a312,e53e557d5a159f5aa2c5e995dfdf244b,1
87d6c74b9588d73d7295bd23d6eb1a2c,8300e0e22bb50df7bc0bbe0b2b15997b,1
87eccba53579db5563b0588f8943373d,a04f52ded97b5530e8783e3c002b90f0,1
88337e7259fff920f8bb11448c9ee2cd,9d0e4c40f96d84fbf6beb84671fb149d,1
8844d0cc6a328c1a0ccb6d49f34b2357,f1c7f353075ce59d8a6f3cf58f419c9c,1
885f2a948ea775297dcba2d6fb9ce7c8,c8e902a9fd219512cc3fc5353a829e8a,1
886518f246372db5ea23a9b6b8852d8c,50063fba038aabf31446889396187973,1
8865587ec1e1d38bf28416be175f300c,fb14dbd8b5d4195d70df81f35b593889,1
88797eeedbc6f829464f79b5fb7dcd63,1a43e86fd17dcec91ec053c9a1adeaac,1
887b8a65e05f6ac52b0084002f88b30d,1937b3e587fc766c8d1cef0c11c6aa53,1
887ca7d0cff5d23c72093beb83c55da8,3ea7e516d573a0445abc7cab48949be0,1
887ca7d0cff5d23c72093beb83c55da8,57a2ee969286488b5437acce27b74259,1
889a8a0aaae4f2c4730948cb1ec0d638,f3979f97b4913d696bbe9c7c425c5e4e,1
88b566aedeab6f04bb3e215db9ac9789,04c4a4b9c924494fcf82e0fba966f955,1
88d1842f65010040a5a222a756260d64,0a8b35c2fbc824f7e1015cf330e6cc3c,1
88d28eeeb569b3f9acf4a1201b8cc38f,5efb4125102dcaa9a937dc2002c96aba,1
88d6b2fc68f377ccaf29bfa20fb5064a,8b8702416a4fecb685fc70b056cac372,1
890ab4eca836a870a3d2e222bd5e4233,6d88fb20983e211be9168534b580c833,1
89232b00f62b63711ba3be0c01a172b0,b4b41230d7134dd767bc903a9c773f18,1
8939553de56703df40f815afc4786730,50f1880f1989251727fbbfe8c0a346a6,1
894680d04196842f885d856fa217e281,5a848e4ab52fd5445cdc07aab1c40e48,1
89479f50ebac0687b3d8d0ac9f1193b1,a0cb23ea9b98f51407ac7bd1fcd29c2e,1
89479f50ebac0687b3d8d0ac9f1193b1,ec19f9bc37a920964abe324dfb169c68,1
895edce5f11d005be5c28f6efe45d984,2835bf7dc6f51f7dcd51d2ca3ab60ce9,1
896dadd858fde9124a92d3a71f046d07,0bcc3eeca39e1064258aa1e932269894,1
89885df937157375f2aea4ccec60d274,d1c427060a0f73f6b889a5c7c61f2ac4,1
898c951d2faff7482c962f6ec525adb6,78efe838c04bbc568be034082200ac20,1
899be4b651267f248003b1bf34fa64b7,1fea52abea2c885fbf9c625a6a3f140a,2
899d314e0ceb5d259c42293077eb5102,846145e9b8d412bd1c9bb478a52ab4a0,1
89a3b88e57194d8a072f855c6a002410,5a0146a47009000363e3ceeade37c54b,1
89c85c6028bef4a62418ce026c9caf3c,5a848e4ab52fd5445cdc07aab1c40e48,1
89c8c50250e077c8977215502000c179,fb7a100ec8c7b34f60cec22b1a9a10e0,1
89c9f3d72721c993b7ef288dc6217f4b,3adf46dbf0aa2bcca9d6fc85e4e7c339,1
89cad968aa5731c56bb79061d08385a6,30c687d22c1be52d2fdf233f0dcadf24,1
89df6e912cbda4fa44bb1a7b4d26f21c,bd6e8cf9fe4122c385da2bcb9f979d5d,1
89ee3b08086332a554ae83c810ef0517,b72a070441e70976c37e27df8a2a664e,1
89f02b0138f4585547efe6007692639f,94475071013412139f862c0bd7e3bb37,1
89fcf5e5b0b9a32db1cadbcc8c3eec9a,2e0e1e610098039f2eee73b65de098b4,1
8a0108267d9258a0ec9f74381bc9b0de,aca2eb7d00ea1a7b8ebd4e68314663af,1
8a067839d9b32272550844562ec03d14,845f006b4e362c371735a9a64f6a52b8,1
8a0c8a9b5f063ebffac115532c94cf1c,ecb6e29c8e01d5fbc73da1d0f12c088e,1
8a31acd6bdd796b96b5cde8325da7c41,34dabb8af33b3756cf72df05fb327011,1
8a3da20a6b870824cb0ee7be8d43732f,fb495e971326b55afcb1f473adf0afb8,1
8a3ee8c4e7b28fbec55bb91eb788a7fc,5411e9269501a870cabf632f05655131,1
8a629de914739aa508711c4311abf537,b627df9914b9bf141437c51b8a749d35,1
8a6d9c909753f171131d459c4d86776d,1f30aacc69904c0d0bf8d05cb2abef72,1
8a6fc2f3ec46301a9bafbbf99b013157,dfe4fa70e1d98a42ab1342206e7adb8d,1
8a70aa71714e9dacc4dac1a4c4b336b9,fe70b3d3e1523d468ece722d2de06de9,1
8a720123cd5c180513f6340bc717824e,dcf0f4c00270e4e71c868cbfedff1e9d,1
8a7cb9ea3bb01a16c4b51f5735f7188d,5fe986940fc67df6769cf784fb063395,1
8a8440c5a7fd24d8bd07df72f6abf753,154e7e31ebfa092203795c972e5804a6,1
8a9a1deb4c40a5a158bbb0db08c821d0,4ae289635418a8110ea2d5fb86472c63,1
8ad2cd280907b0111796b6218d3fe67c,fc3e972df7e263b301e2bee77ac2a6d3,1
8aed5e76471af1470607b27d670075a6,f3c5707e7c539ab6533e3611da02b648,1
8af1d45868d3ddb8958b01865c0cf53f,cd3de1984e1a77b441e1b39b8e334330,1
8b0d13b08d69c3277aca22a774eb8f45,e6d3e381889aa6e9d222ad50cb30ac43,1
8b13d2050940cb8d6a7203e69f279254,b3466bdd3b91a3c8ba3f2dbe7f9e0b4f,1
8b17c3136acaa0d568207f282c9434e3,8d98dedc3c19de17f1a090195e85d6b6,1
8b1ac7ae8682963fd0186940a8289a53,33fac76e7f17367dedaef7954bbb33b4,1
8b2eb4ad78ddc8b18e303faa54348db7,d68eca92c5a12467b856479934dc39af,1
8b36301602029ac8f28e6f14a682c089,a963ea4d494221de09b70f1b4a70edbd,1
8b4624f3ea37544e144ff4664eca38c0,9206d854259f0baf2b1c76d63c04e673,1
8b4639324f4de248b5196a893aaad0eb,7c24503a64637f3ab756ed1b44826747,1
8b58775be04ef0b69a293030dc8f2bfe,51b67230668746c1fe164ca744db9624,1
8b6f7ba395e5eb6b7f722e8f329b25c7,7a10781637204d8d10485c71a6108a2e,1
8b822fa56bbe10f4f14af6500eeed98b,9fe172fa8e662ca8572cf12abf8bce23,1
8b82938b643c15649685382d619f2db6,fff9553ac224cec9d15d49f5a263411f,1
8b8c47170df5dd2207aca5ce4d9cd608,fed5c40c27e1c88560a9e92d82ee0825,1
8ba72df9f8da30c34c3f31f5cc762e8e,62d2cada321a3e5d770d62425a82a6e0,1
8bb04acf8749d480b0952313c6226bd8,c3c63b6c88b27cb29ec5d26fb0ab7182,1
8bbd3bb0796450a7bea0922e51e3aa6c,5b226d7c52f86ac72457617f78cff95d,1
8bc8cb1dff878240d081ac6d1e4260df,37f4d0bf85fbf875c920d460766d6a5c,1
8bd1d01232a576982d8f182e91343d38,5dd65915a87e9031993b18e481a3cbe5,1
8bd9274e690e57552c0516b0d323af7d,6f842ad54a86bf94d9254744d910ec56,4
8bdcd11b55403afdb8529f39cb0d4e04,02d48451331287e2bf12560d032d57a6,1
8be9edf093070963f58d76ba9333ceca,ca5c923962558430573f83661dbe36d6,1
8bea0b231b8b08343ee31038e855d620,25292482a61cb3298df8dbe15ea69daf,1
8bf209e6a80b1b6813fd5ef7cc0859a9,5742ee1a5d941486111ab986f6611735,1
8bf4138fe28c4cdbe9e5ded6940cd844,5b8a5a9417210b1b84b67b9a7aefb935,1
8bf4f9552bc2db14d6195bbbb5131941,a9516a079e37a9c9c36b9b78b10169e8,1
8c1c6531da36aa724b50271c55a29ecf,d3c044bd42d84a79e3b0c42662806a48,1
8c3af92a2d4a22018ee148f83dd61296,4e3338174342c9d868255b062718111e,1
8c3c65fe9b99f72cf45b51959a335c0e,1cc61b32763a4d816212b3507b6b6c59,1
8c3cd248a2635e7b2e32ecc118d8fdb2,1c9b5793de6c3d9117b6218552c87a8f,1
8c4bcd3c3737198f62421c18e0348554,0e92dcf7b03df1de4e9349af065f8e63,1
8c4bcd3c3737198f62421c18e0348554,1f1354b0aa934e7ad75546467a6d028b,1
8c4bcd3c3737198f62421c18e0348554,67f9d01bcd84e2229ba6f8a75b635b40,1
8c4bcd3c3737198f62421c18e0348554,7e441b33f896ba519d58063f4c714bef,1
8c4bcd3c3737198f62421c18e0348554,b6f9abef16fdfec89e4f3675f6627dca,1
8c4bcd3c3737198f62421c18e0348554,d54a7e69c3102b38b13952aeae0bc8f3,1
8c5d8ac145099d539f1019827052a582,461f43be3bdf8844e65b62d9ac2c7a5a,1
8c699d5d2606b7cbfe0e3a8bbf1a3fec,6a162a899a815ed15db1689e8efc976c,1
8c7986a8516cd0fca2760e8cd92acfdc,25f86162fee18735fffdb762dcb10d7c,1
8ca7c9ebd7fe862bbe3af6866f1b2d20,cc1180a16524617866588df758c49ec7,1
8cad893a6771fcbf107ffedd147bc71d,5a0783457f0264ade6beeac64ba145f4,1
8cc9f9d5d7b70eaee68ab729495685db,c6dd917a0be2a704582055949915ab32,1
8ccbf5bd9bdf5acf36344a7eae45eb63,1782400950423c9b12600278b8ef65d3,1
8cd8dcd00b3204df8a1d464ae879c8c5,154e7e31ebfa092203795c972e5804a6,1
8ce18cd05ef1610b491f53cc8faf9b7b,23365beed316535b4105bd800c46670e,1
8ce7e88df97ba2a54e3b4b6f3ccf757b,c8e98656b0bfc1efbadc25aa3fb9640e,1
8ceebf4d88625946ce9c0956401d575a,6ed6fb2418af24e9d020b1c4fd7028fd,1
8cefff339e8656166d7bc46b696a986b,115e606ac8059e4cfa1c6c3310fb365c,1
8cf5e488e3ca60e1a6637dc74a2e772f,bfd4d65a528678737bcb523e5a3c5f58,1
8cfd4d3fc72d6f46f8534bc290c0b398,acc444eb5ad26f79d5a11baa6a03c439,1
8d09dc54480f245a3f60ac491bbc2cdb,1a428b685ede76217c9efb550c4aaa59,1
8d09dc54480f245a3f60ac491bbc2cdb,642a40d4d73b4b2604968937de13634a,1
8d3715cd0e1d49020db4ecb2812f68cc,31a2f42a87890f87d77daebdfabc182e,1
8d397f2b636a37d80fe6a2c327cc7d43,c6dd917a0be2a704582055949915ab32,1
8d51030ae02d1b7d4177c1d63683ab99,48b099f6925c19d46ed5f013267681c2,2
8d5835c2acf4c6a7e16dc7f1ae375229,8aebbc3445bef4a356ae41d226a7b5da,2
8d5c9911b3188c197d27411808705b52,11dcc970f7a5581e1bf777b6da3f7096,1
8d5db117378b874eb1894bbd190f03f6,7d854ab97c64ef9df2bbfaf332765786,1
8d8822ee90f727a3355664c50dbdbfdd,c6dd917a0be2a704582055949915ab32,1
8da4a561ec4d53e218fa89fe8530d8c8,84a87daa85c8b432d90bc1baa0cb4388,1
8da4bc4c88bd4d9eb151bd086048f7e7,2604055d4992311bc72b115b6d5adda9,1
8db09297f613aa7c953b997e92b750db,19239f99ecca2c266c57cdce121a6727,1
8dc05898bdb12786a2bf61bcea1c5f74,3cb35b42508b97cb50eb1f1090c9d719,1
8dda47794812d6a6f2474856ca324910,ab9cf155f8280c3739b09fe341a185e8,1
8de9f19b9ae067619053a1bdc8dd73c1,e9b3c6df62081d3ccad97e6ea5651667,1
8dea975d24eb60b0de4af2e1c8488944,59891d75ce28f4e94a9d8ed9693c6554,1
8df178ced93d8d488dfceefc8f619d9a,6a2961a3f5c85026ed1b3406a9ac27cd,1
8dfffab81aa1ae858598d70c91b69122,893457b85c57941d73e5e016da350ddb,1
8e017b4671087e525f876be6b8a73938,60bc15240c03ba82f305cd923bd93598,1
8e0d53f24ac9d60553a339b27c9276e2,017692475c1c954ff597feda05131d73,1
8e1207f98d75cb9596e584860409c1d8,165f86fe8b799a708a20ee4ba125c289,1
8e1aacdd0ecb7164d5bca94b7fab4135,9a29b754b7fc0aa8eeb990103fcea4fc,2
8e2abb68f8cb495763d94b8543aff049,bbb22d5f1913726a8e9249234e594c05,1
8e2c656d2fe9f0d003a5507c15fe39ae,7d1a667dbc183583078324f912d42c6b,1
8e2e23cac1496c337274b16fb7d57886,b573e2860f2732edf610345956e81bb9,2
8e2f6ac5748f3612e7b6662b99f7a7c3,23365beed316535b4105bd800c46670e,1
8e456d61973f2ca2ecce69f15d0af070,97017430754804328eb9597b7f85da03,1
8e6524e5a9d3b947669c4202dcca38c4,cedf309ce95b4a69d153dd219dd1cef8,1
8e6d1663d54c1c7aac1cb0bae73df8b4,797db4aaf1d7db19f13d21423f07b8e1,1
8e71dc840067c82e8b4ac32521c9bcb4,c0f957a555a4963d82840e7ca9e06796,1
8e7f8c397aa4a27f05e44625e5b9f9fd,ae4361f806c49f85066cc8be1370c91e,1
8e88dfbdc464985339b99f7738ba6962,94ad63831117fac82c6054d2056ed118,1
8e89bdaf0aa7d88665f7db2745e3bb2c,ea0eb807554abd8349bc5a9f20df8043,2
8e8d4784516e71494188748e6f45f260,0c761b0e33d708e6a3694a94ac4b82c4,1
8e941206a8be5ff6eff0de04fa1629e5,8b2a1e0d2ee4fa00cd00519b7881203a,1
8ea391157fd58ef50df1378e29d36df7,10717ff440b2320081989126e858b220,1
8eae9b7ce7fe19155f390b90d7f1f750,54b5d1594234247b378817e2f67a49aa,2
8ebe25aca53cef9a055de5c20eca76e7,d2fc2696871ca6b94af5deb0a8d5590d,1
8ec2ff0f89db489ab703d4be25831be6,93469d43c0b67d96b6b9156ba384f78d,1
8ec5d1bb574d20d61a22a89127329060,822c9ab05e9b8114704a5b2cd8639585,1
8ec6e1c246b0c22bdf1527235f6e137c,34d6306314a47fe15c1efdbc23302020,1
8ed895f86b74bac6049066ea7a44c7c2,31c1d1dfbb4b2730140b8bd9248bcd58,1
8ef74d7f7464fef1901ef5333791ba23,8c591ab0ca519558779df02023177f44,1
8ef98506a1de4da22a3fa9dada1de99d,811ea06b526cf16fd375cbabb9b8a99f,1
8f08b29cda61da37f0bb4c06d4090fb0,87283a98b24f9f1ac3a31b631073cf47,1
8f1b10b11a72fe1a4fb0af954200fcec,37bc5c7b7dca15cfcbe282fb0dd0bab3,4
8f3b9d3f52f2f606b6675ef3d7d85e7b,3f14d740544f37ece8a9e7bc8349797e,1
8f40d3fd9dc45300aa2922aa65d9570f,2d27434c710806b971a721da337a112a,1
8f40d3fd9dc45300aa2922aa65d9570f,86c43103446290e7efacad3701cd654d,1
8f8bb0410866d416640eebf20b05a478,05833dad7f04a1b2991641771bfe6d9f,1
8f921c03841a893f7102c58d54d431a9,5be900d0c3e1b43ac845f9ce6fd2b00e,1
8f99d406f72a8339a5507e598bb187de,a50acd33ba7a8da8e9db65094fa990a4,1
8f9cdc2bab0d953cab1e98d25253d8fe,4aa6014eceb682077f9dc4bffebc05b0,1
8fae727bbd9f7466b0d7169b4d5137ec,b4fc7e84dcaf2fcf3edb234e30362929,1
8fb44e903c53eaad9c5379733823063d,cbdcb07438032e11d74bbb913fbcd8a0,1
8fb481b4f5b2ee031391617a491a3753,8ba1c0c3f71e72e2a934dbbb99314d71,1
8fb6b9575e3431297555c4a59b070768,06c6e01186af8b98ee1fc9e01f9471e9,1
8fbbac627bea0879f8e10689ccc2993a,d3c044bd42d84a79e3b0c42662806a48,1
8fc079be60df7208407f6cad7ba33bdf,2e64d11879c5bbda600381dbb5452a38,1
8fdac518e736eec059a03fe727efd580,19239f99ecca2c266c57cdce121a6727,1
8ff463c5677e1f1ccedabe1c90d3d53e,5e53af05c040b01584b81b3549945faf,1
8ff85decf36580a14779815ea2116a91,b8dabeb598db5ace52983a669b90238e,1
901421ae0b470ecdd15c3bd4c880e8e9,43706a3188de57bb50aa9f10e3b2fbde,1
9023f21bb5ec09efe6bfb4e8cf09196d,473795a355d29305c3ea6b156833adf5,1
902a5ba1843ce46c17022d8440b723ab,32a6743a58d26480b6aa3850856286ac,1
902da30d27a7563502da22b47f9f48a8,21fb5057dd6a737df6851a7ab7a130da,1
90349bba553ae62bed5e5d3220deb5db,bb50f2e236e5eea0100680137654686c,1
903ac795fab792a96d6838180994d171,750d224957fab8388b6b2c7432c00e35,1
9046e54eb6f0639a45d278973bad06ab,583f158587cdecda3e8bdea694021e39,1
9050ff09700689cfe2d4ecab1008fd0b,87349b9aa1037e754a70957639f42f4d,1
905b68aed6177b504cdce690e4e85575,60a3aec19dc1a866e9cf6a6b4430916d,1
905d495c51041b7d72f23d18e6060fb0,5b99f79ba0d929b0f3270ab0f0f5911f,1
906fe65de139f2901f158fa1b79263de,dea9b88ceaceff342424e0a74ae36af7,1
9077d1906497e0ebf4d30e38ca07c5a0,3006b8f5b476750a03137c1b2755cea1,1
907a616e207e060168ce482e16d3d241,7ce4db889dbcd395526f583dbbd40080,1
909e605a5ecf709a35b217b52ac2dbf6,0168e1b28d8e55a515928cf656eff0a4,1
909e605a5ecf709a35b217b52ac2dbf6,ecaae002060173ec59f5b168cbd55d70,1
90b44ffa2cd85107a062845135520fe6,83bfae859f4a37b048a3abcecb17c506,1
90b44ffa2cd85107a062845135520fe6,de17feec1983829fec4bc58cadaa43f3,2
90c5c0ff339811cdbf13a8a618821c68,150c699262a053229e89213dc9c358d2,1
90caca072b6ba6b23f41621fcb354449,87ceed33e1f7fe39fa06b69c9fdf9e53,1
90e4610234a323a0a7a5b1aa7e936d9e,4b96786612ebe7463132fce2c4dca136,1
90faa860db14d01d4ba25f1373e4c781,06abf4be826ed1d548e8a22a3d75d912,1
911446094ce29f50d97fc8f339650809,a266930db2217c102cb34cb715b5d479,1
911f537925bba457f30e1d49322c649b,5e21d5cab5d33e770d8150a4ee6117db,1
912e1ba087c69b4cedf63bb560839ad1,d86963242e7dda7eed04f57e492ed655,1
9140f6b8dabc82d5bc6f94b76b50e7b8,e4ad97ce352e46bebac92018f6ed976d,1
914da1312815b7c40998d118f56fd88f,b6f7a80ce020adcd7918fca6246bf96a,1
914fa7179e73f1d63eb0633c566217d7,ac5b8f2f2dde997ff8819a6845ae15f0,1
91567d33ff85c9c6b6b6d244870bcb01,d9880e15196711e7f9fe7dabc5f74117,1
916be9fbe6a29f9692b0383141e28ebf,6803077179d24889430188e03fafd31a,1
91afedb8e47673f4190946478dcb74c2,fb14dbd8b5d4195d70df81f35b593889,1
91b789900931079575ec4039758423d5,2a5806f10d0f00e5ad032dd2e3c8806e,1
91bb51bb101920d40690c2275e630cf1,30469bb5ea377eae7121981e2f0778e4,1
91e482f8c3164d3ccca546c08023e115,776ef0ee36e20757c513e64903f1fa8a,1
91fa40257e77a974dc662e0012ae90c4,177793be904f7c1a1ca04c64ce05a68a,1
91fc7465107d197ce60e483d9f601dc8,753de82a096285dc21658d87c4933771,1
9207f1d43091730646697eb497a6819e,541ebe8c106e6b65e3861b679d455d4f,1
921b4d839d9b65c512648e14bd29293d,ee6c49af1a2de55aa0e076257ab4ab99,1
9233e7930b00fb3cea4494cb15cfcb08,70d01ae15a5d5ee38388b90c0470d9b0,1
9235b5fc6713b7c6c4f69975c54a8028,b63b2afaf851b15bdec6e67c553c0ece,1
9237654c3fe0c68824bb8c16c94956f9,6f7df385d032846d2941c806179cc78e,1
9248f24013892b2690a39829f54159b9,2ffdf10e724b958c0f7ea69e97d32f64,1
92566e623b70efba98063150b200cba4,7a10781637204d8d10485c71a6108a2e,1
925ec3754a8d9564f2c424924db3a937,ff907ae86deaa05b65cfb3b14166e7c7,1
92757035e85249f3d30f26b354c8ef45,c21afe62d4629a660593fd9b5e6223bb,1
927915ecedbdb6b7d5af71a55721af3d,063d96e7b9190a8da0b8920906578383,1
927b06f5ce969c33aa974d38b1a49de3,1067af1d38844dcfaa3471839f922c27,1
927b5dc6871a9349fe880e674f2bed6d,62224b433a431310bf27129938ad9f64,1
928decbd71d845b2a6bf900ec9a84ffb,2be2be0a6a5916840503fdf50808ebcb,1
92946d555e8b2d865a52a4a1943aa865,aea8161ed6bc3b11628cd393fd03486a,1
929895edb644a1fbb7636ae6555fdf43,6cdd53843498f92890544667809f1595,1
92b93355d2f02a8f871ea3b01fea701b,12a146749cb72ebfde01a89105df1897,1
92c491a4a6ac1070cb634b6fe4be1bde,9d9e4204b9eea9b05299d1a3e91986c5,1
92cc70bf4106a2b161c3188087a2cbce,94e87c8d2cac9ca6fa8c91b99712caaf,1
9302b40e3cbf7c43daae0cf4bf7e8895,8e312c483d79e02dbc1d68cce77e26c8,1
9302b40e3cbf7c43daae0cf4bf7e8895,c0400a62c5019cdc69bfc76d39b1cfb4,1
9318d7ebeca20debca17481db66bfe65,c695342500b74ff952db47b541726de1,1
931ce24e7e52ee657b39788051547166,e03102efbc2229024c89be731f0aedcb,1
932855634dedea1d4afc7a247afea5d7,cfe6e9c01d0bbb5df9a75f0e3286baa9,1
93398976408677d44139e085d01c41a3,ec246911ea63f94a11fc8d78c270153f,1
9346c5bf5e6eac10f0c9feaff3eb306e,b807683e40e7ea6ec8d74d34f2e02247,1
934a9204aacc7279a9db0896b83eb42e,3a44e1cd6610483f2ab5e0ca8c2a4b45,1
93516ce404b65731cecbd93db7392d33,963bc5def5962c07b9a36fa70d08c989,1
9359277ae2c0ab1772190a4b769f148e,7ce94ab189134e2d3c05f496d635419c,1
935e36229a981c25786b94379bcf95a0,e0de786bb293ef80a03a56de6d0929f9,1
936142b381374fdae2041552d1743af7,8d98dedc3c19de17f1a090195e85d6b6,1
936d6e2a7d66d0b100ff47f821e118cc,63d117fa87d2dff89156e2c9d885dba7,1
937fcb3744fe04fe6197aaaf2b1a0c94,9394f87dc3875b085ec46efca4822642,1
93bfec941b9c7d59bd6bf995d844a214,cee13c9267bd4ee40fed850b5a4ecfa6,1
93bfec941b9c7d59bd6bf995d844a214,fcf6ad274391aea29f5d6e5ef9da5050,1
93ce9a6cacc23c3350af92246db9ec67,37933ba010cb5d5f231585d26287bed3,1
94022ff13dd60ec046554d25daf2a926,7e56c4aee262455fae9a64dd122d837b,1
9408e45694a5a6097fadf09ebdc5e4bf,af51d485dc5255ba2e18b21b550156e6,1
940c3a34a89c24181632bd0a851328be,49e1eb2294c024ad435adb2b1de09336,1
940f8b3cc679eccb8b8595670a19bdeb,ad2037645597db38527fe3afbe226af2,1
941053d2f2f52d39856add833ef99ea0,00be617b58175bf207fd35910d5097a4,1
9416fd574eecfbb1d043759c93c70b7c,7ea6e431566424822291438eddf3091a,1
9432681221f462df34a46ddb23b6e722,58f1f70c378b16f78eff44c7104aa772,1
9435f264913e96d69160e6f90380c851,0bb7cb61f1957f79dac582ab66ccdc1f,2
9436ddafba22b7bce5b50f2a4ca57246,c6ea63369936552872ae890c82175b4b,1
943dfe8d4ad25b86e1d05cf6ed029772,cfcb14e1f3b7ac5213b4e2ae7697598b,1
944dc66ce45739575455181a6288e2a2,a710be5818329b097a82bb26b480f5fa,1
945919cfe317442500d71b4d706f29a6,589c0d57d007f11fee1db92a2ae3f376,1
94736ebf57b9caceb018f767340a8f59,ef9ac8a095abb122d1f1314abc153e2c,1
94747b8a0c77eb8947fecdfa5b717435,3a21e6f5a154a5b03b6edb8fc6b24c5d,1
947d490e87464fc7f56c57d24b98564e,16ff579c7dd128062ca085e13094fbe0,2
94a11bc09eae9dd2cb87ae221efcc0a3,0cb4e1aa97c8535093fc677376536b4c,1
94a369742b38e698214f0c6587f324aa,b4b817e5f2c4efc8253b4b679c653847,2
94c83c89df9c4e9fd402f2b6a4316391,3a98bcea866c31f53b35a41d3822f908,1
94ce0fbd0c2896e7d91f4c10a82a65bd,fe75529a267b76ac6e96f0c322a899a4,1
94d8b2dd7b914a42c966eec451f3ac1d,bc055ae94989497c0d66bfa4263ccf61,1
94dbca303a9992cbe54a1a2cb78df2a5,389d119b48cf3043d311335e499d9c6b,2
94dff73515858def7975ae5c2ec9e752,ca9c04665b3deab07935392e7432cdbe,1
94ee6021bdba29d170096b11229abdc6,1e662f768907b55013557beb5ccfbeaa,1
9502835f586a82df0f723afcf4ce8350,15859e3a8aaa3c192c10a91d8722abd5,1
950863681cb2112651ef0782da4e689d,9cbe4a1fd4db99c14512e9b2ff033ec4,1
950aed4cf173ac2b9b4985377039adcf,6d33559681ad82d2e835b1cb587d2ce3,2
95129f5993ceb68c165a5d9be08c1926,45ba26803dbbdb26ec5757546929ac89,1
9523328a28afcbb2b4e2e7e49d729bcb,151133751552ad5bdd6645dfdcb0e728,1
9523328a28afcbb2b4e2e7e49d729bcb,31699327e8b1095210f7c48d91fc09f0,1
952f3c5b88acea4882984111a06c8dfa,c8cfa622661e047ea2499f8bce4731a5,1
952f534f87d6ec6eeaa2cfd1d5987362,060890b1af8cc031e9dde49cf544f884,1
953b2f1b03eaf585de5e879a3b4b878f,fbd925d80d07790dc9f61463efb3c64c,1
955719867f907f671d614150a5436c10,a0f73bcb4e1fcfb056cfdc6ca7222249,1
9559221419cf73261de39b024545b1b3,1acb18fc869c5489d5f76abcd681165e,1
9563ec54d6b000879e4f319591d78003,ce6bbfa347690099b21b9d688772d5ab,1
956d144703c3b72fcb05e587e39f3ab2,3a4db42aea95097b7a616b36f21d143f,1
956f92f85ef93e5464e0a4e80a51d9ec,3c3d244942b424b931c33f1ddc122b80,1
9576cf68fcb03b4112bbc35d5b9146e5,cac9e5692471a0700418aa3400b9b2b1,1
958e287b02a53d2107c61ec4ac90943e,a334304f952399f2161225628a9d2891,1
958e287b02a53d2107c61ec4ac90943e,b38b25d838ae0b8385e8cc68b9017644,1
959292edcade77d6b60dc8f49f01cd71,b000447e24e31a4d7e628ca4d0622131,1
9593e7814a65148fa6169732b9a9c469,aca2eb7d00ea1a7b8ebd4e68314663af,1
95aa1acd3c367fcf72a56d106afc9838,5cde85235c4ae7747e9b48de95178a14,1
95ad9c9815171d2f4bc4a6267bd8b05b,35ebf08a93899d44e756809e11b14754,1
95c149336929694fcd5da2490558f63d,64315bd8c0c47303179dd2e25b579d00,1
95c6b1512c5abd1deb0e1d8182d5c32d,91e2aac5302f657c8fdf3040124d8809,1
95d6c004d9e124fbca0876e72ca0b411,5baf51b71ace9afbb38f0b161f0c098b,1
95e4216612b16855852e2b9efa6174d2,72d3bf1d3a790f8874096fcf860e3eff,1
95e4cadaf56d0ea677e395ab5a6e2bd2,740c2a837de513cc020ad90c1a6cb779,1
95e70e201e5f27dacc75e726e86f85a4,10396249c30f74b20403120c8c3a49c9,1
95eed62685a983a404c317327e7799be,e0bd815514869624f892b0230926a2d7,1
961a23e97556fd80b1cad9d03d6fb0b1,154e7e31ebfa092203795c972e5804a6,1
96215fbe32b8d5475f7ba7c4e9593dce,dbb67791e405873b259e4656bf971246,1
962820313fda4b002abfd42659afd2ca,d1c427060a0f73f6b889a5c7c61f2ac4,1
963544f76b9088090629e464c5947091,bb6b6e173472747c5b94c0b72c4fe56c,1
963eb10f3b68d2d56bea152cce226f80,7ce94ab189134e2d3c05f496d635419c,1
96526ba241a6647dfdedf3468b07ef8d,e7db7c40ea6647c808d48581f1308d88,1
9658636e8727e0c825a97d09c9beaee5,5e53af05c040b01584b81b3549945faf,1
96593bfdf740ec98f80d3514e2c017f1,c5038055690911ed8e218cceb07acdf8,1
965d1f24bce3dd938f7e63fbf7e0a0b6,dbfa741e0e5dfae13c9f023d8b8cbd96,1
9666b03410dc81655aabf99feea813ba,389d119b48cf3043d311335e499d9c6b,1
967afc6202a8b72db982bbd579fda7a7,6cc859e89d080218ff4416539ffa030c,1
967dda13a14683fe2fbcc6533e74a2c7,f74979233a273e0afadf48e39d0c45a4,1
968608ae5dd04c867ce28fda6b8642e9,b5c315fb01a02190500528edf520883f,1
968ce67a6406f9ce7d36c002b9a018f4,8d37ee446981d3790967d0268d6cfc81,1
968e561e3d26d0ab0eba0978942f2806,16d928f7b23b3d30bd5a9ff281eed9b8,1
9690ae359573ddb7eb6ccb02ba8ec568,5895e5cc058d6773e63c7084c7f6e636,1
969b1c259f71e3cff2fd83bbb41d17ea,a0f12db60a5019ce1a4c21fce1697574,1
96a68cae26d14cd164323c6bcc6eba60,6e77b89d36e50217e6793780a8ce5c82,1
96abf0d6ed5581dcb89480606bd1b729,20a2613eb3b1c3819e733de3e91644de,1
96c6a3143d7cc33bbebf14ab6abed0ce,ee406bf28024d97771c4b1e8b7e8e219,1
96c6d161a734e063fba237c7d58f75d6,3dacb3ae011b40803a508b23392e15a0,1
96c7658be43cdfecdcd5278014990f62,429de6049b45a9fcb96aff1603f55d3c,1
96ca69bfa1a8b97847ced6f03bed4e79,ea44caac707f7f1325182a538007f838,1
96e2d32c707893b312fabc1c8bf98086,860d51f23d7ca3111d26ee05bf1aa355,1
96e99e9c96df10ace8cb672ce133896e,443686a203341f24c2cead2297359568,1
971d3c042d4f75a7dca4383881b21072,aa280035c50ba62c746480a59045eec4,1
9723ee0e006c0f3ddd9fa3759078a57f,0dd71bad88beb4fe0f85284f5b06e028,1
9724f043fd2a731796ad831fdc95471c,a76bb75d78ce6aa4a5202051b4f88a83,1
976c466e2a94060328caf22c01f3eae4,a5e74dc2d01e8b9df1590c7160358273,1
977266784cc0e1045bdd7f7ea2a085ab,7c1bd920dbdf22470b68bde975dd3ccf,1
977fce68136a9397a3ea45244cef6c00,6ae3f85f46a37844372252496c77b4d8,1
9786fb06d77d78eb58eb38a4d3a35ac6,fa381a4a9af65ea5fc8f3829214045f9,1
978ab92450ae467eee081d04e8b665bb,cac9e5692471a0700418aa3400b9b2b1,1
978d898c9286d9d5dc9dbfcc0e0128a7,a12c9204f6f9e90ad1d8ba5571fbfed2,1
97908817f277b94fa3948e5e7387a798,4f2c53c9a1a7a00a247b351c1fdbed13,2
97976723d84afda08b4bfc980d17e2f7,85f7542f664dc1afc5942aeee6825368,1
9797bed4994ab39ad940b6e7b0c67536,93342929379a306b944935867076da28,1
9797f235d77daa2d4bb88ad6a848497d,7ada7bee4052075cf6310885da8c4392,1
979a8aa060214efede0c9c0ee7915325,aa5889064ca9c81e3a9dc65dd018187c,1
979b8c7ddabb03954d1000d3b84b6a11,52a5346c9dae9cd560b103875b94d123,1
979c7ddcdcad9c14ec457b91c223d5b5,c25174e1e4fd7fe5c3420869d61fe2a6,1
97a042d0a8b96a3b65900c89845bf2f5,210286fe46a9f587b63ead8d065ad3cd,1
97a0936bd145e77b88c0a49c7d38add5,ba03e6c239904dbc13631313f7ba9d07,1
97acc79130760aef0e4167209d229e9c,0984eaa8480e41aded35bd7b5131a1c1,1
97b2b6460d59f786baf7f4b2b3ba64d6,ead72457c58dcea14f94c2223c684716,1
97b50939d4b8da29f262e503097841d5,2ffdf10e724b958c0f7ea69e97d32f64,1
97c9d8b2434624d9179f776ee63e2fc7,1ef71d12e77a6bb27f555c45747807ab,1
97d489c217105f10af366a8e67bf4dae,6d6c510f2222e168bf3b6b67e24c9535,2
97f4023f8f25a0983d253d91cf53e34d,a25fb4516757403b129bcfe366dddb9b,1
97f6f6eb7e2173cf88b0dd5b78b80070,19fee5d5b066841b45bc3e97832fa654,6
9800729155e4255834b080a60b6bcda9,dc404a1496a08f9f5540c8b5d4b92925,1
9809326653e1008fc1612f14d9b35970,c6dd67cc1a32588ce8498afdb3c07b20,1
98153d5b1cde47994c69ad02de498d26,81c891c541361f1108fe9e2a645324d9,1
98194ea82cd33e0875838cd51faf7e07,7c1bd920dbdf22470b68bde975dd3ccf,1
98209b8b1b97a90f4b5028daffb1b73e,88c09dd121ebe0b119a759773d405cc4,1
982d23699a9acb87bf7e67f965918846,f89d2b130b571d24532514dca6fee2a8,1
9838497c3447f481f14b780164c2823a,722dc14e0848efdb771dca6de2929c41,1
986eba2f0d54f5b350b50ffe122ec2eb,7f98b8ee9f858f69f6e73715c3fe8ed2,1
987195b161f45601493edb92ba2c831e,7a8dfec813ae58cfaa3e1ef9f534adab,1
9886facc8bd2f4fd2d3cb6295c493b96,54fd9c890a61acc4123f21fe92c981b0,1
988d29f01ed741501d1f99f5e30941b6,0ca31cd8916e06a977f3596faddc6852,1
98982d16ca0af3d3427aa60f68da06fc,0663a33c86fed5322e603ef430775b7b,1
98a06a6332545015fba5269ad5dc4f5c,566a4f2c4385f36d15c00dfcaae132d1,1
98a0a36529eae71762c1f3c388b4ec61,c4fa0206ee58c2694c9642e6483b576a,1
98a2d594a64eb5fea6f4eba1a5fd7041,a4f46aac5fc5e88c9701aa860c2a957c,1
98b6c7d5318c95d0bf714d786ac0eed2,151f6da73d1f11e1a75553f0281d19dd,1
98c06da4bc9caeddc4b8d92ab42b6bc7,57f2bc497c1a3ebe41ba7a06d78ed159,1
98c84ee0626307cc9c548753a33b7ad8,3bebad3cf2c8d1a8d3ce97174643e054,1
98fde29996fb49a66c8c157e9f42017a,1c9b5793de6c3d9117b6218552c87a8f,1
99052d6a0c03fdd14cb3556a045ec3e2,1b5ac751c245c52ded56f9fd1f17590c,1
991b6e88c5c983654861053d33fd7e16,84003eefe52bb4112252409a24ae3a73,1
991fd5f3b0cf6ed94c38f9f3c28b1a80,d1c5f5c04952de3143b1cb8820a73f53,1
993040fb146e87d34cf90fef5dadef26,ab8ba49579d5b0173f85517ce22968c6,1
9951d99835f50c491d724e5be22150e3,84f5c4f480ad6c9998d6a6860f1a2e41,1
996dddfbf0751298292794a9341ceb95,d986e4bd747ca20b348abcd013cd1303,1
9970215408a648495484733ce1e7c7f8,853ee0759242b6c1e8e1de5052df3fc4,2
99772aa7c2dd8f667875b0769c05afb9,d5991653e037ccb7af6ed7d94246b249,1
997b756a4a3c8cb582152647c7dd57c9,a3b994a761e7a3ef4b527ac7f1057e9c,1
99895a9b5ea7a5e7b2bd960ade35f89a,84f456958365164420cfc80fbe4c7fab,1
999788208f06927b5253b8251117bc44,99e365fea0b15ee63272ff391fdde785,1
9997d3fac97d1dd96ce13a68158e84ce,c68307fcc510fdd70015276ba94cf5b7,1
9998c6bf5ef16b8498d0202e25a2c33c,bef6177f54efb9a6218e124b629fc152,1
99c1f06505371e40a1dd4e782cc6fc1e,7ce94ab189134e2d3c05f496d635419c,1
99dc64f03cfca5952f1ea7dd668bf7b3,1a7340927178189657dfa923be3bfdda,1
99fe6ea867f3a0788f0561500736552e,8466762a9393a2b2b1de73f3cf6081a3,1
9a08d4100860cb1c8033a2c80f45c3e0,cd48f265a63e13b762601f5f794c5fca,1
9a27f37ace12e5522df5a9d5bbedbfb5,d0fe4295267f15ccaceac4fb233d8c9a,1
9a29aa642b3884b48ea5a04729ae703c,45ba26803dbbdb26ec5757546929ac89,2
9a3a72f79c865e8d4778890226b127ef,bf3024b979e260a941c418cc5771fff2,1
9a3cefd7682653a40d7301eed503fa8c,e073574bfbfbdfbe59454d8474cad673,1
9a4900710ff76d73cb3a0d152e73adf0,af0a99476d96dcc1a1baa7c0d9ff6b9d,1
9a516f56e5f6f198350066cc99339bb0,aca2eb7d00ea1a7b8ebd4e68314663af,1
9a6c7184233793dc64cdabfcc7120b83,c6dd917a0be2a704582055949915ab32,1
9a6fd60a950b42557e63ba370a5e27c6,c2a1ff8408a1c857c8730e4d12da714e,1
9a7326193749abbeb741641ddc15b222,eea1d0033f3735c72d0501fdc2be0437,1
9a9059f7c8537c6ffb5610f5202ccfb7,6e9c52b407fea24064f7ab2b144fbf8c,1
9a9a85e7b6a53d3b2fe85bfa4b6f20f0,3ac233805cb3141450d80bfc775929e3,1
9a9b364badad4eae84ed0f6e0e0fb7d4,ee0c1cf2fbeae95205b4aa506f1469f0,1
9aa815a3c997d7178df3b6ede20a1363,186fe07c8b8005ec6a498587ffbc1352,1
9aba1be6a33b379bcc4da86e75b731d3,8eed2a3a47f27f69cec34ff9562fc7b9,1
9ac71dee8847ffe35fb2c087da733cc4,d899e614656fe7bddd577dcfe583d19c,1
9ac96fa3c882ac81d2517a22ea506225,143bc7fcaf6929ef5979e58abf39d4ed,1
9ad2bb40f5ee7830938a7c6147146376,baa1af9bc7467e619e2bb2876386ae55,1
9adfdc90845f16f214dd33af84f31922,da051bd767b7457572d55aba23fd846a,1
9aeead5285b1635b4c0a55a8496e998d,856b55eef75569bf5ec655e857bf84f7,1
9aeef00092181c23d5caf47cab6e5f5f,312deeb177508f3b29f7ea944719b267,1
9af15d3746688c85fe8c47cc68caf0f0,54a96160126877c6a5cd30bfd35831e3,1
9b1f58aaf85fa158888a1f21ef45d26a,49ac91bd3a26d57c4c2a46e66977e69f,1
9b28e0736b3a594b4d253cb11227d360,2078312a2dcf1fcd8a38eabcf5dd033a,1
9b2ba7cb3cb15bba2ada6a34cb7188ea,081088b5ca67de215fa103434690cedc,1
9b3cb84abc5c1cec3d856dd6c807b13c,7ad1208884270048a2176ff437f49a9b,1
9b3ed5485c93de1b23d2ad381283fd9d,0c6fc9b9317a68d1cda098c063914b72,1
9b609c18b93afde20a1389f4882a6fe7,962a6951154f98f2c8e9a5b8b2bcf4a9,1
9b665a2a798904a4f68c8b09f08c65dc,5c46bf87ac19e39122f9d63b8edf6e8f,1
9b684ecb3042a93d9476416aa979f289,bfc275f6de912665e4dcd8da32f43c10,1
9b6d99e4fad63c0af01caa003bf8227b,cd48f265a63e13b762601f5f794c5fca,1
9b827375ba57d2e979329d7a5c92685d,a8e7b3f6db5b8a460082c9982f9337c2,1
9ba5995f589c7b34e63b60f5c5636a89,c6dd917a0be2a704582055949915ab32,1
9ba9c35fa0972a58c9397672fd9e0111,24c66f106f642621e524291a895c9032,1
9babe15f3a8d05c3ae49e0e57faa9588,77d1b9fb8d3858f503316105e9ac6c51,1
9bb96a6ebe14411facafc8af15f47c4d,acc444eb5ad26f79d5a11baa6a03c439,1
9bbbd8b1e256e236f1d77b4fc5f4a17d,d3c044bd42d84a79e3b0c42662806a48,2
9bc337d75d1f580b3a4a3af1090ec8f0,b5e20ff50c12113580158883f5a86edc,1
9bc4a258f344f7de44ca841d25a497fd,ace05b62c79dffc86cd12b281dc05b93,1
9bed2d43411502075eefa923e6ed73d1,7e42a5d6c862c0078b9e31fd9daa31f8,1
9c0012520fca0a89fe04dccc4188df60,99a4788cb24856965c36a24e339b6058,1
9c033575d6b8818ce82640aa5674494c,ef8856db4e302ad33dc4d91e40f7593c,1
9c0f2c56f67748db1ca297a8434971b4,f0228b7d0afd1deb81112d8e39023bdf,1
9c119140512ebdd0f4702dafb7c4258b,64fb265487de2238627ce43fe8a67efc,1
9c1b5cf455be52ece5a16beead2e21ea,a44d4702562f2bdae04d6f3d144fde5c,1
9c24c996759c0865e07e4fe69506e151,750dcfda0a9788bba89c94bb82a322db,1
9c2fc7e2f1765c15b18e8c25c08eedf3,74e5e7c0ad09d8fec4d30c75a70a7799,1
9c3a2de4bd076318646ffd3b7677e135,994e65eb77f3501f497e7fd860b0ea9e,1
9c55162e2ffd72a9b9cfd56326417382,efe7792157864135b3a535fcfc5448f1,1
9c62b85664e1ec0955cead693b1c74af,e952feb7c657aae141c56f208088d511,1
9c92386cbe5876b71907d3bc7a17a6df,306e3f4a01df9f621c3b841e21f4018b,2
9c9383c705961b79ab63c2626c0ee484,2bf749803c44ed8670283404d3c2140b,1
9cc241dd34d97a4c8a2d0b63b3ec8105,99a4788cb24856965c36a24e339b6058,1
9cc370519577c55b9dfa3641b59df63a,06a83883ffd4aef6c74413f718761d94,1
9cf795ff93fd465c917a295a67712ea6,e5094db34f0aa5153f620cf2f1b22dad,1
9cff8d557e02418fe939f23fafe35735,7dcc2e60786a27f4a3115fdf666b81fe,1
9d109a169b7b88405b214e976c6039e7,a62e25e09e05e6faf31d90c6ec1aa3d1,1
9d1a96b181bc6f175146b254a2335e29,d2e131d6f19ae0d665fc1a6c420b4f4c,1
9d2b23ea4db320cc61d79113c8062f0f,48cf041a87beac458328d395d035515a,1
9d3b949fa77c3f6bbf95203e237ece68,bff35d3572b474e918bb0780723240bb,2
9d408eba773d0ed51cf8e3c398bbd72f,f1c7f353075ce59d8a6f3cf58f419c9c,1
9d4b974d83fb824294f7dc65f90c621b,7814c273ab16783d73a9863ebfa8b141,1
9d4f80182bcd5568a9a1df457fdde24b,6c32e1f7898b6a905ee6ccf087461abd,1
9d6837f9700a3441e7183bff3bc4eef0,ffb64e34a37740dafb6c88f1abd1fa61,1
9d7381a45eebf403b3b830a9742b928b,9ecadb84c81da840dbf3564378b586e9,1
9d763d8a54fb8bb371f06d0ec3d9a7de,f731f8587d4088c174397e010cf892a9,1
9d7aed3437d31b255183e58f999509f9,837f3d09b625825bd84bfccb1f51d8be,3
9d802974e9903d8f288f6a7c10b4cc59,6a8631b72a2f8729b91514db87e771c0,1
9d8a8652100cbf0cdcfbb06ce031c9ac,aedeeed7f1b4f0f8be40518d70991770,1
9d954b3fec9c0d6ade375ef5716a90d7,b8748a4a2330a08837c8a22664e31f5e,1
9da0a4eaab687888548003b3c4e35830,9545d45c37449ccbc376de3a04c66e71,1
9daa170fb6affd2e983733a422aca655,473795a355d29305c3ea6b156833adf5,1
9db5a77b7d8772e36d6aa22ff9a65e97,c075b8e131353552218860f1c421e4ef,1
9deff18f168c804c9ef00f47ccb2f6c4,6e40985ec667ded54668d2b70a7aa0a2,1
9df082314a3267c298bfc605619007f9,f07ef9dd6e2d9a366ff30a25e210be70,1
9e10bfe5eb4c55263654f22bfb0af9b7,18796df281656da4036dd926561a6030,1
9e2124550af4e69423ee717012e6f23e,7e6c4a0bf900e259f50ba63331fd2785,1
9e3a06f863456c3934b9d26037c119cd,f1d116eef76f1c526a5f2c5ce1daeaeb,1
9e3cccc4d43db2e97bb7015e1114fc92,0e5955fbbb16c3f92127ac470386ea88,1
9e44cac7574c95db25b2982fb26afd43,dd47440cb56de3ab674f9208ff0edc3e,1
9e593469b6f1beac77c2da4d73bf1228,766a6a4c51c63991e78e192d802787a9,1
9e6512d352103b6ecbbfebfe637ab5df,e090b9bd2ef7d60d3b0ee3399c79ee3d,1
9e6531ec2ebbf1bc5971bdddd96e67a1,e0f33a3329af6716a0bb47fd7a664439,2
9e682deddb164563d50532ebab34306c,39aa98469aa7460a9764311b3f8efb12,1
9e684293d3dee5021bfc836040e02a19,547b95702aec86f05ac37e61d164891c,1
9e7843064b6d598a3835a6c25da3a412,d048c384871633c66df10bc4d05e2345,1
9e896940b0732656cf7a9689c160df44,02fb2d61da1247bf732360ea76b16240,1
9e925aa5944b07603d9db492ec1455ee,1c9b5793de6c3d9117b6218552c87a8f,1
9ea52a177d36577d2396cad28e68a4e0,c3f6113d5b61bc95468432072b27e23d,1
9eb0e06ca6a1fde2c265f01092e1028f,26065e1e41411e39b249500b750e0e8d,1
9eb3f461f599bef9a3d6ddcaf1a2716e,25253e832959ada92f27f703995719d2,1
9eb85dfb61032b308cd9dafec6fcb3ee,54e5939fcd9ae70ad0f59f612d6d29bd,1
9ebe376b5d3f517c3d18461079c1cc4f,b83738ac1903f7c8f0ed378cb085909c,1
9ec3bc2615120af90c75c1cc7bc4fa81,271f1932e906a6f5e59ffbf12cf04e93,1
9ec7a3fd9d3597aff2900e7a102f3653,b10eba910a974df70b8a12d0665cdb9e,1
9ee50c5ffc022a4e663f5d4af3de3d75,389d119b48cf3043d311335e499d9c6b,1
9eee19151f5de68f264d26aa58c990ee,bb7181410b4e02f93f3697f765db53c7,1
9f0d658ef3d6f96143d992b4496304e5,586d2dcb4ad3f344da859b44a01d2080,1
9f104fdd722cb8f30446f33a3a7e3db9,3713f19c71c4be21ced80738e2fa49bc,2
9f1174fee9ddc446660a9131d5c23923,19421075ae0b585f2dc13ff149e2119d,2
9f330d42596f0b57e974509bac9c17da,32252579a719da7dd2ee115f07dfd03b,1
9f3328357ea81872a61a105b20f2167e,5e2ba75ad255ff60b1c76c5bf526ae9b,1
9f340837a355b99272f81b612f396566,9549bc9cccdcfb09de0bd4774b018c3d,1
9f361e84f8bbbb7cb127f06f1f64cae2,e10c5041c0752194622a7a7016d8c9b5,1
9f4a2688ad743c4ea190c4c4dba104e8,30b74394f33d50a2af1047ee1cfd5705,1
9f547d6d74fbd8d1e47e5639d14ac7fe,f0290bc56bf94b187683c02b638c181f,1
9f582ffae8aecd135ae3d11fcd508c26,fc37e09bb4dadd1eef5e92e954b1c72e,1
9f5d77b326c3bb316e829181dfd6d192,bbe4dfe43d77a5d150ed30618b20db25,1
9f64e91e123214007c18425d4a0be8db,fd1446e03cb63518fdc2d2e91f6208b2,1
9f8d30b8c684bbe0947a28248a3887e7,96cadd6d137bc9726fe1fae279d48631,1
9fa6f373ffbaf4c8dacd572551406374,52a12e7275f0bd832ef3aade407a39bd,1
9fcfab0ef8326a8e5d435076772086c4,913580fde3e72c3b3e4ce0b79963bee6,1
a0000ce2fe61df5f6fbf6d47eecef0b4,e80a0c4b0bb3f2f171f0fe8360513d90,1
a015288a903c5a2955b8ec9e7f470ce3,2de2a40099e05d5f0e47d69623a3c178,1
a01d15466cc19da855ba754cafae38ae,68fe8893052a044100e60cd0c8c6b274,1
a02c3848a807fdc92f85e7f72225e1f9,aa5a88580b8e6e569915aa42f1526dfc,1
a0434fbe9ea51d8b38cf323354a31393,b623b7cb05ee3248fbe4a6ecbeed79a4,1
a04fa231bd8eb0e52359e9882eb0f266,4cc8bfa581f41841ce5e24aba773a44a,1
a05532617ca345a59cb6fdc127472a63,f9259c9e7c0f12c70f7a81409680a5ff,1
a07376bae88bd48df71a590d7191739c,77e8ff91e2cccad62b30a0a83bec431e,1
a074fea93d83172d9a71ffca68feea12,0ef56954a7f2e8c36b83dadad90b9cc9,1
a0757a9319476fb9a600286c43fb4acb,5e6839a9bdfcd4d454d5f48b4f681f30,1
a0781e0c345c3b0ef05ea2ac86852fd9,bec7585cabd7834bae06fc5bd3475cc9,1
a07ad7b210c0679a3f6f399d7be81647,cd3de1984e1a77b441e1b39b8e334330,1
a0805912e4e6da6aa3419ac83ef9ba57,35557c68a22ecebcf066e25ca2ddc144,1
a0822dff344a63f5484f6f09dc6942e3,c92f0e7b9d49a9543558d6532772441b,1
a08554ba3f0715d9ada0d693dc036a3c,23b3e6e0aafa806f323de78534212b67,1
a087f4c8f28a68fda9ee625b34e41b7b,91b08d34d0ba4db44da2dc382867ba49,1
a08ac24c7188aae96f09570ffde66b40,017692475c1c954ff597feda05131d73,2
a09aef99fd6e0230ce42e23c26e6d622,420921e97463577fd5cc62c687d90bca,1
a0c67776c295e9b4a2b4884c6a24c76a,c8a8b80300a9dfba535a8d575b01c977,1
a0d04172fee3a312adaf26497431a2ed,c9d1849f97b6fe404378805a105d64ec,1
a0d1571c3090051864507fd978cf138c,b3e40ff639c185b9d726b4b19c17e6cd,1
a0dbda9ba9675d8f5837d7d143314701,61f1894bca50fa7898bae067ef40bfb7,1
a0ff04ef67911eae8a588690b2149379,4a7056788ce9287c76ade358f2e2572a,2
a103e83f0190404e10491c929ba9dc74,4fcb3d9a5f4871e8362dfedbdb02b064,1
a10bf76efea959603e21cbfc13bbf221,e931f0b36e64979ba569e7efd36b1736,1
a12365591fbc4f0ad1deaec3bef23605,b401695ca697a7d76595b73066aec52a,1
a148326eadacadc17eb9594a5617ea83,64fb265487de2238627ce43fe8a67efc,1
a14b17e55f117e4bf24cdd9d0e586c35,44414d55ce2808a7b8f3568a92d1484f,1
a151d0a2241b8c783549d938fc850ad8,0b2c18d8e73e17348a011241525cb089,1
a1611dd64649bd4c6ff1de1b4b5fdfd7,78efe838c04bbc568be034082200ac20,1
a165af70cc13470e311ddcd4fd33c070,2ddf9184f8aad1f832fdf5ecd1e53a17,1
a166da34890074091a942054b36e4265,bb7181410b4e02f93f3697f765db53c7,1
a1776ddc59dd25127aa556fc6b69958b,52c80cedd4e90108bf4fa6a206ef6b03,1
a19929855f24036f9688d55c778eaa48,dd9e631c9f1f8008b90fff5170d02c2a,1
a1a1a00b4c0d224f299efd03f01af3f7,e3e8e08714c40e0101bd225f06bf4fef,1
a1b1a82720dbe747e7d52590721f73ac,764292b2b0f73f77a0272be03fdd45f3,1
a1c66b94797658e934a9fdc38ccd2106,a3349ee806d1e1e98d582a2aba5cedcd,2
a1c66b94797658e934a9fdc38ccd2106,a52ed2fb26d435066d6613134afcb439,1
a1cd7aead5b4948681cfcf303b3b5845,d04bbac48960ecb7ea311b00ca6e1cb7,1
a1cdd0992516e0e8a9c90b38965b47fe,e0d64dcfaa3b6db5c54ca298ae101d05,1
a1d7580bed7d7f0ebe64eb1d37b01624,30b159b653b87754d7a38446c7ef4669,1
a1d7580bed7d7f0ebe64eb1d37b01624,683487a7a9ad71b5776c9b9bcad37eed,1
a1eef3423bc0e8339b67cb2208aa3f94,d6fe3b4ddecd4a8393c6a1385de3bfb6,1
a1f05275483aa467edf3f2fac97de790,368c6c730842d78016ad823897a372db,2
a1f1dc35609214187b96314cb20398a2,7fb04722aba7a2b632bac8f9819796f3,1
a204214aaa282398288d7befac5c743f,04ea63ab87df726ebf45c0982dd90a1f,1
a20526ca1aa3ca00b2292925398750b4,3a621027279799b05b8b6492a92308ca,1
a20eca856c890ec1eeb6d0cfffea3201,3b2d98c62a89221177c0f6213256816b,1
a20f368d4aa1abfd95ddf1619a7ad1e4,6a73bd4563b3f205e24c101f9a3c0d14,1
a20f368d4aa1abfd95ddf1619a7ad1e4,b8411dee248601bc460bac8e1fb8a102,1
a20f368d4aa1abfd95ddf1619a7ad1e4,ff2c1ec09b1bb340e84f0d6b21cc7dbb,1
a2149ebf1a15e45e7b38fd8e2d97c704,c2bd03501cf7f4f3a1201e6069155bc0,1
a237096e8b07d5d634173a9e8b6fc6aa,777d2e438a1b645f3aec9bd57e92672c,1
a24ed4d8160dc994bbe67b3fc741bbb6,2236aad5e8fec12fe56de6b503b6f896,1
a250793aa840d6e7eccda919003ecba7,dafc178b7166ee2eedeb1fccc31ad432,1
a250f613f6bcde8c736ed7d5e04c26b0,8aea198b4506fe321e998a858a2e39c1,1
a2525dd8bdfff742ec033935e24d66ec,9e2d3a8d8ffad53e2e35282a2020221c,1
a25a1621da773f67495618a8a2a475db,12a146749cb72ebfde01a89105df1897,1
a2623335c77869716765cebebe4deb18,575a31c3324630960ae12bf5bb9618e4,1
a2623335c77869716765cebebe4deb18,ac1789e492dcd698c5c10b97a671243a,1
a2623335c77869716765cebebe4deb18,ca1bcde1715f1d903681187ef59e459c,1
a262ff96bd2edd5049f3e9a759232fe4,008cff0e5792219fae03e570f980b330,1
a26ebecf1eada5cc98c25bfd8b36d71a,c6dd917a0be2a704582055949915ab32,1
a271f133c963082ed1c5e69bc0deb70e,b80921007ed3f68cf6e536e6daf08610,1
a27ccd54971ea41b405fd5560b6cb8f1,a1ebb47a48200e6566603de49b83f621,1
a2d19f05cef411aa2938ca9d2a92d156,af56e0203193f066ed64cbbbbf95ae6a,1
a2e02f003a155f5ca89a4fd48cfe2068,7c6ff274f0411bde88f5df8db5f64693,1
a2e2a4d271cf0c0a0ecaf089c9f57a85,cf18e908cb8600dcd21a719db24c48d8,1
a2f67e0aee80c6169e09d448c35d379d,1bfe62f326ac7bec0f5a83c10cfff228,1
a2f803ba61b9ef40e42612271462e903,5d52927f3cf2e3266c5dd6e4d2dd566a,1
a3291b519a23943f436aa7f0b31d5614,f3dadecca4b876a315481c79b8adcf16,1
a32a92d1ce4dbb02613186c1bb03a16f,877037e9f558d11ce22f3224771fd12f,1
a32c679c1442b98bedec979ba6015019,d0fac709247e97e9b44a5351891ef9f3,1
a3356da8c84c806b6977704df8315e06,3bf87d2001b8176e6a3ad804b80774b4,1
a3413efece911dfc80dd67c37ed1fa30,151d7733b44e0c7b292d7e2efb5424a2,1
a341731cfc9dd5db5a49fea0ac04f97b,e67307ff0f15ade43fcb6e670be7a74c,1
a34deff3fac2f07c8a085e4d832034be,5f6906793eb1d554d76c39398ce08693,2
a34deff3fac2f07c8a085e4d832034be,d41a23bd2bc3ec10cfffc66c0611a290,1
a35ef33a28a474a499c0452e297e3b4c,0d69c82f1bc2991a5ec6fff3d803876b,1
a36a736c8e0286e11a01c4dc3f35dbc7,3b68c9e3c1775f3343e6643b793a5b02,1
a37df39416b121779940a16d0b43178b,422879e10f46682990de24d770e7f83d,1
a37f4486aff8b096c3878e83a2ae0f1a,08574b074924071f4e201e151b152b4e,2
a38a9ffb610562b589318c8b263e0d5b,2d00c3b37b984686777190e2e6e0a7b6,4
a394aa1decd1324c76593baffaf2b6ed,bb50f2e236e5eea0100680137654686c,1
a3a1aad42cd8cf0be115ba5dd3b49db5,1529199a7d88ac40cef5b4a508f18f2c,1
a3b4c3dae12aba9af184847b0bd58144,fc37e09bb4dadd1eef5e92e954b1c72e,1
a3bbbce815da0de197a60a066006ad75,05fa3b5ecdf7f54e97fe25127db0ee7c,1
a3bfe1551d298300aa31c837568a68a0,35b265fd684b08f6f780239bf05a390b,1
a3c07a5d858fa39abbe44ca22afbaf03,b1d207586fca400a2370d50a9ba1da98,1
a3cfaf4970bfede28561aa474e43a49c,50f1880f1989251727fbbfe8c0a346a6,1
a3d5d5765cc2e17795e0bbef744c282b,7af6ddb00aacf6c4c8ae69fadb858b80,1
a3e6a84c624d9e25cb5ef7eb8bca4e17,a01d1cbb398e386a4a8f8364401a7584,1
a3f74d8df2b8fa6182979d531f71c2af,87283a98b24f9f1ac3a31b631073cf47,1
a42c2f542fb5838777737cc684c5b4d4,98d893a81a1845b6f278f33eee0a4f36,1
a440a578b23acd9e967fbe6f2b0551a9,24d95adbf4d5909e2353d0256eb3ab4f,1
a44373395013ffc2212996da25ad462c,0aabfb375647d9738ad0f7b4ea3653b1,1
a4712004cd61cd9a1645946cadccfbb1,a12c9204f6f9e90ad1d8ba5571fbfed2,1
a47703d55341244bf9e82521834ad64a,07ecfc5bd0d3ca496facedede13afb80,1
a47945e8f6c39f13ee94b1545ba7e54e,f9d151cf2fc10d41cce64b782856320f,1
a480d7510ff88ed0d99ea92591143f07,e71404b6fc3b275b7274ce772794a914,1
a48b14b74f4daa3f589086dd35afe553,a62e25e09e05e6faf31d90c6ec1aa3d1,2
a4919677ea2d5b947bb5a582c0bc7e39,090481b27cff4d143f62be584cba5ed1,1
a4919677ea2d5b947bb5a582c0bc7e39,986af931e7ce399914deaa43d224b124,1
a49d53ba51c7b50622b3b2ed6e5b9312,978859c6048ded0fa8bf3b9ea8236387,1
a4a5788a4c236f3ff367fdd26547577c,7fb04722aba7a2b632bac8f9819796f3,2
a4b42a4749163611c33c639bbfbae90f,32ae70a1e852f24cddc353ef7d38ed0a,1
a4e394f0af5d9354ae5618c0507b7bb6,dac2eb7c1ddae28171b16e13c80a9730,1
a4ed3677add2e1f5d0429d8822ea340d,47125061c86148a6f08a9e8708cef1ff,1
a4fa643f7d9de9a32083b61cc0c362e3,005030ef108f58b46b78116f754d8d38,1
a509c0faf10ecf2d74c38e3945b25496,d4a8ab90e626911fa92af68c07228390,1
a50e121890928010391cbc82c8b8e83b,7fb9118562782456232ad0c6e54386be,1
a51e47ac951463f4271e64d41b628a7a,b59fb744c6f3cd1dc23b10f760848d98,1
a544f53bd4ce0d11de2d68e3675ecfab,962a6951154f98f2c8e9a5b8b2bcf4a9,6
a54c000c261e820c31699fe7bd16046f,47de5f36ace720b578ca1b30d0b45b8d,1
a54c000c261e820c31699fe7bd16046f,7605fbdad270936646b0ce6c3427b295,1
a55be87e0827244fc065dff0bd28b41b,75d6b6963340c6063f7f4cfcccfe6a30,1
a5661a6d66cb30d6b8b162e39ca176bc,601a360bd2a916ecef0e88de72a6531a,1
a568e815557dfe95e3b3ff832812486b,c6dd917a0be2a704582055949915ab32,1
a56a8e003616609644d50ff6268bccdd,5ca6364f727e63db88d3d2aed16d7be8,1
a56ca9095e2e7e3dc2d068c86fa81d68,aadff88486740e0b0ebe2be6c09476ae,1
a5721a359e975fa760eed74e21cc4bc1,820e8f306dc9ffcf6d0957516084cca1,1
a58271108e349e574b143bfd78c21e02,9176f023a7370b05745941b7c43c779f,1
a5870c43e5dc9630238f6e1af26c5b3a,0502d1a36be75bd36b452f31c6ed264a,1
a59b6960d20e40918470c13e6cefcd7f,5ea3a4fc17bd1341eeea4716d481ccfa,1
a5a6d4a071449fd27f47387b98e3b76b,36c2fb4fa746273709c373f6d6ec6796,1
a5ae902c29eb236d0a9ce2052b2e4232,7e4453fdebc830f4198332526054960f,1
a5b1788e56a07a32ec0868df19424fb3,5059d375bec8f42bb1638f120d5a1e55,1
a5c2163d1b3b465342d92ef5c8e398b4,cfc665b462ccc3a43b1a1283e678b1a0,1
a5d3e93a8713730e3228a6cb80a983ef,7932fcce65e2aee84d6feb4a288f9cb9,1
a5d66cfedb4fede833ea22d0d53a8a84,4e7814c736cac58bdcd4423ed76ca68a,1
a5dbb47a11f753332945a2acdf6e84c8,d918b3f4aa5272c2c3cd088d087ca069,1
a5e340022b43d330e212a92a503ec380,b3132d56d4953f40e977e0534603e148,1
a5f34beea57219eee3220430d5f2f9ba,dd30ac2295f4efcd58173d3043f8216b,1
a604311066ce6dfd1912532a2b7266d2,48cfb3a131e13b40d85ba31ca531c3b1,1
a6070315382f5f1e536be705f64ab209,636f5be2cd52da4047bb73b7b15329e3,1
a6084fc44d5a09f247a4a2f1d49f6f58,788c40790a78e5fb65513510fc00919c,2
a60e479a3fc936109dc7eec87f4bcfd6,cf78006a2a6b0429b9663edd99bb38f9,1
a6195f49275f8f8b2e54557531722145,5c8d8bd9771a2391092e1fbba43debeb,1
a61a8a7ac65e21e8b19eb23204cd9a42,6dde44b4172999f35f08654d06bad633,1
a621b3f60876c815447f6d571e3c226d,389d119b48cf3043d311335e499d9c6b,1
a6285be7dd7e1b07774569d472e942f6,f819f0c84a64f02d3a5606ca95edd272,1
a6472fafe286c66c40540fa2b3217657,a8115d34a4b7b74388da609692162c37,1
a662286fb279d4641c7b8ca455a4f692,ee0c1cf2fbeae95205b4aa506f1469f0,1
a664eb820c2169b80e2999b80f22f960,658189cd5485002bcbcf43081e91581d,1
a66532abc4d021fe04fa2a8e8ad63381,3ce21e38e6a3060c20f4e74bdab770c8,1
a68598296c25b9f8fa76e2c23ad978cf,d4bf1e29f41deda5c71da49e4d39fb1d,1
a68598296c25b9f8fa76e2c23ad978cf,e5196a46c6c0e0874d6e41ed149dcf20,1
a691e2a2ac37c387c637c02eeab175a7,35afc973633aaeb6b877ff57b2793310,1
a6a41ff534ddaa09d1e9cb71ca9613be,3f14d740544f37ece8a9e7bc8349797e,1
a6e22c9df7242208bd27554da4b6ee97,08574b074924071f4e201e151b152b4e,1
a6ee0b99b451b3287a6042ac2b237821,4b633d15945d2ad44c91f29920d2e75b,1
a71c238a73216055be790a966f67ab94,f9f260f8a0d16df18bcc7248495d779c,1
a7288cab9fc524abf65915630e66c73b,59038ff2ef33867691a60d4fe44ae544,1
a74b3f14183cc1bcbcad43ae2dc89bd2,5c1548dadfd64a5fd07c57e378c170f9,1
a74f9046c11424a57efb412e278aa175,bb90206fa281c20f0b4c42a2393b54dd,1
a75112d3f089f28b9266b0fe14b5d518,7a10781637204d8d10485c71a6108a2e,1
a7565b77bb0f0894d7e42dc03ea3f850,a9e0e7b3976de987fdbd2773ec699f0c,1
a7693fba2ff9583c78751f2b66ecab9d,44a5d24dd383324a421569ca697b13c2,14
a779b6c2195363f9d7da1e5b3934cb3c,77f896a49e4b52c7886411acf219f98f,1
a77fbe2826d37bc0d1c1965291a08956,f1400c967582a8158aec676d0116b884,1
a782abb7735faf6aae9beef3c0fb03eb,fb4fe6c3f949da5331edd51fa1e1d3e1,1
a78420e9bab6abdf4b5a99f890f24a52,394b16cd32e9f883365dd7ebac4edbe0,1
a79c1acf6c236100fc4a14f67e90f69d,045da764883d50dc071cc70c81226cbc,1
a7b3bd7ba727dae2bc4a68b78b7a7c64,e27c4dd075a521097a085bced0631ce7,1
a7b8d98d59a1a44a4f78408b257b3ff1,7f1e346754bd4283e2261b71bc4bf4b0,1
a7d883e36372d36485c93fd1fd7cbe9d,ae7d8348fbef50928a680454fffbca00,1
a7e3a7783c74a7e8330b461232f99e1b,11b0cf6be60c190c8485edd39f8f9dd3,1
a7e7ac71f48352503ff2a018aa31002d,6cdd53843498f92890544667809f1595,1
a80a06dc6c8e09869e3d62105a0a53fd,749b3d3d1502db86961a08db43c6b57b,1
a81d2b8ee773249a32739a766ef9d891,35efb9f20785abb24313fa712efa8fdd,1
a81ebb9b32f102298c0c89635b4b3154,58727e154e8e85d84052cd22b0136c84,1
a81ebb9b32f102298c0c89635b4b3154,62984ea1bba7fcea1f5b57084d3bf885,1
a82b9b34045d89be1440c237620e3261,a5647c44af977b148e0a3a4751a09e2e,1
a82d3fdee4c861501662ea40616d36a9,d4eb057c3dd5e4c9513bb461e9bb8ae1,1
a8399935e7f14e2c955e1cea8fb2efff,19421075ae0b585f2dc13ff149e2119d,1
a857a82a40ad62cdebf6683bfa5d6858,d017a2151d543a9885604dc62a3d9dcc,1
a86e0ea205c29c956c48693f8072414d,6fc7ab933ccdd144b8fa4db0e99205d2,1
a87ae15da100fdfd87ebfbbbc3b1c3f4,bf53d80c6cb1cbf63ba17e2175d521a5,1
a87b62ae912a22495d5f5bd919019b49,a92f9c409ce92305f2f7e79a8c5e342e,1
a890c03e9d0445e3f23f331a4fa21a1c,2cd4861a56a6f98288e0281e47f4b1d5,1
a8982ac9d6737eaadd0c9fc308225678,872c150bc3167f3a4fd9214f82931358,1
a8a23df854bb534c69e1ce1bae1ecb29,870bcc6c58e03ca658cfdd13db4bbe28,1
a8b2feb6b27345e7706e17607e869eb5,cc02ea01817f1cb21e6708bc19f1ee20,1
a8b345d55f94ab20a00864ee6a0642ce,e54464e95c9fb80e4edefa0ba49133c1,1
a8ce91cb1dbbaddba9f7be0a9937b25f,3570caaeaa3f5a1ae76392bb2b4155f9,1
a8dd3c1ab4eeccb2a1bd2aec4f8d32e0,d22625c4bd160a54f96629f139153c74,1
a8f264ba33c417425b9f36b3087fbb6d,b4a47c0cbd9405faf99bd341602a206a,2
a90c0553da200832991f1db0e9ca75dd,37587b932bbc7d76c4d1cde1cba57542,1
a91184a3664b61bc9731ae1c76a4f2f6,7c1bd920dbdf22470b68bde975dd3ccf,1
a935ffdd253b64c93207ca2419e6f95f,9b65ba680d68ae7e44234b79cb7ca584,1
a93e6e1bad3b9d95239b7dd652a1ff13,36f60d45225e60c7da4558b070ce4b60,1
a93e6e1bad3b9d95239b7dd652a1ff13,e53e557d5a159f5aa2c5e995dfdf244b,1
a93ecb25af3098a03757b08506516a7d,7770bdde7d6bfd349bfdeabc4ce54c07,1
a95a0af104d58114e3d3e9c52427ca7e,53524b8441311984f975500f1e8f1702,1
a96720fccceba279e1b3175c96f88bdd,12877fc7456089310c5e6c441e696886,1
a96d6b1da9c9aaa588d92a1a95e6707e,38fa750a3a3b3204f169c86a3284d387,1
a9700e72b6899dd6301b5ef0c7d65049,125e5760a3ff01937be3b2a1a7f14aa6,1
a97737b9de902fa65599e2a440b9b8e8,679a3e5e1d2bb68982be5734c6e55e63,1
a979b3cbd898fd8be91a290a667fd0d4,c744b9538213403285c97c9f7a53776f,1
a994d209770941c5131c5c658f9370a5,aa8cf1d1d094ac7ca06ad3df6d87633a,1
a9b523c9e67b3f3b12eab77b21122aa6,cf69d780077ed6cd5369b53aa63cd0d3,1
a9b884c0cf01e7b65fd39f9d9cfa604d,dc6012b12115251bd0f6ffd93a99c070,1
a9c9532060c9d245f06526c633d2dfba,c600d7f13104e8db2ca2b9fa78581409,1
a9d17c6bc7a59fa3b00076bc16ddac88,2a2d22ae30e026f1893083c8405ca522,1
a9d615d6c2f115660b61898530fe393e,d1c427060a0f73f6b889a5c7c61f2ac4,1
a9e3f0df0bc6bc24bb620ceea2fb6b7d,5fe986940fc67df6769cf784fb063395,1
a9eac7ee0a9931e4d6bb879aa80a60c8,5218cced384ab9377c69874bd7c703f3,1
a9ece8c6777d0483382fac50f6f5ad38,00de7f393d962717eeeb2d7131a40dba,1
a9f40b63f49d9ebff8201f4df39a3a88,389d119b48cf3043d311335e499d9c6b,1
a9fd12387efd701b1cd170637315b773,e7a1555b071186b8184e2fe0e647181a,1
aa0e4697be6ef9ac1fe98b04ba32acca,99a4788cb24856965c36a24e339b6058,1
aa179ef3bea6245ec335cd5f2c65044c,7cfb84c1323fb861a17478de42b1839f,1
aa179ef3bea6245ec335cd5f2c65044c,8b45810da2ef9860496d56f62435fc40,1
aa179ef3bea6245ec335cd5f2c65044c,b09790edda54333116f9cf1decc580a1,1
aa1fd99d3fa9ef872384623522665eb2,612e4aedc946db0cf1a5b9e1f2f81272,1
aa3e453b2894cbdf8e6c99570abc2b37,1612209b0b37fbe80e1e8e1b7d19ca1d,1
aa52a4e93942568d204f25e5d3180d4e,e87b2200e1df21f624eea3e9bd087dc0,1
aa545e89e0b56f447e7e088eaaee61d4,b3cf0a98f31b76ed0cec13d9c77102c4,1
aa5ab3effa79f3f9d5473b9dad8ce94b,bd69e6d599b9a3d9c298617c14e46f9f,1
aa5b7785199c225fb6938bf1372d6026,e5f3a09149ee7db697907f61e7366267,1
aa669113d84e54772dcff82d3dd74177,8317b177579dd27ff068b83205e2169b,1
aa6d4b904d1e9b9970f456a37f304ee2,076e4ce53c8914382e7ff3732511b17e,1
aa76f7581a203a8406159b444749d6a9,42a2c92a0979a949ca4ea89ec5c7b934,1
aa850ff40d565e7dd78c9531f875b32f,c64490cdfe40f9e25abd222c541a06f0,1
aa9b819478f905f30084bbe6bf305687,95ed6e881d471156e430b8546ea76ba5,1
aaa3dc5798a9cbd3a1234aeae3723740,7c1bd920dbdf22470b68bde975dd3ccf,1
aad20e68b92b9d5989bb98698bec41d1,cd8c7501d1e3a66f282dfed8dbd5ab9f,1
aae14cc68c254aa377d8a2139e3c7c72,2b87ded5c8c2c971d4d5a2e4bd7b85bc,1
aaf1ff6550c1f45fa52842cc105286ed,6d6b0f6705c1acf1128ecf19d57d5444,1
aaf6d77cd0756a4e878472c3efc65308,0980718a7bdcf89f5848b202b6394965,1
aaf8f07973765aa793625691d7cfc784,f837b6a7e6740b19b2fa33c267fd8e7c,1
ab099d9d527a7a16ae653834df241d37,a42d9c825894f96fc6ed02610891454d,1
ab3f362c25285fc675fce6743239026b,aba85c958ea6774626886041ac01acf1,2
ab5ff7cc145e092e440389dea069782b,a8626e1c9d4273aa4bb5065747148d30,1
ab66e397db1b48e3bde13be7bc47aaf2,cf1817039c1c86d9f7a5991817794083,1
ab7bd3a7b1ef15e64891c730082323d7,f9cce3e19235fa7d11942f69caaa22c7,1
ab81dc95c137f31d229c1b9c4e901149,b92a7304ebad1ca5b393b53b2de5c70a,1
ab90a48c16d5533595fc9f34949a8170,a5a7c5c2be6edf0b10ce28ba5c6b4a69,1
aba778637b5257b913982223c1b375f5,34d6306314a47fe15c1efdbc23302020,1
abb2c6c3156823bffa1f8100bc9d5b34,6cb9998e3edb71cca1e7bcb4c59c3c79,1
abb9325afb2095a76844fa08d71109bb,b78e60782639ac84cb18289231041577,1
abcbd85506e144160bee308811967a35,1a2d00b771a438bee7055bbd0086e003,1
abf6671124e009ac0b59ca2a8a3ecf3a,31a2f42a87890f87d77daebdfabc182e,1
abf6ab643b15647ff39d48cb4bfb1019,f14aa2ba817ef24ccf7f99c0ccfab59a,1
ac09b50d5b648f30126cc7ffceb97e8b,04af9f3af5c6afc4eece909c25330934,1
ac09b50d5b648f30126cc7ffceb97e8b,15fdd6032f35d4add5066fb90be28630,1
ac34ec78db0c2b972ae79678343d6978,cde89c19bf58d71bc836b1495a5ff123,1
ac3d7f758530a079398af1d277f48d22,c551ffaf36e5c1d8444b44bb7c78123b,1
ac428239d66ecbb6daff6de83569f7bb,42130cd7a981706499a4d337f2f7f621,1
ac4799a8aa8f7ec9213b489cf941cc2a,3eef0cb94ba82de806bb30ab743c7655,1
ac4e47076dd4ea31cfd3782f763461a6,672e757f331900b9deea127a2a7b79fd,2
ac4e6e678ad7b6c5e3f90ecb4f8b9569,43944a8f8f0b7ae86b6c3d3c2f257375,1
ac56ffb080fb67333f922591764855c5,26a6bbf34441794b135d4d4642eeece9,1
ac5bb07473c4f65c7de7b65c1374a734,a31e3a35fb5ac942c137446709379100,1
ac60ba24d89bd3131734f9f891b178e0,1cf0c9095608952cb1c65c4789946375,1
ac9003f42265dbb7e2062aae6911d535,a8ab87e971c2d89c8eff5f87fb481a52,1
ac90434fffc6303325c5f0e3f7077131,97462c7ce5f69a26ace2c3c5da81a86b,1
acb4334d42e78620fd025c2da7847bd0,83e5adb51c0d54eff80057f064f808d2,1
accfbaa1f092fdf6db1d8fcdad351b50,e41a6ac2f57a273eb0d214c7cbab5db9,1
acec71328aabad9f4cc3476d052e7e05,467c6bb41a33d10e03816f139e7baf85,1
acf3b1b4ec4e2a6aa97acf15cfab1d5b,8f8d13918bd8137584fdb475d38f9f38,2
ad12987f0baa11e225e27f71cb1cfe3c,95ad87ed6306ec8b44eb069ad236bb3c,1
ad12d6feaa37e9500ae0eb825bf9358c,a94bae2ca6c0f6530af830bda6dae563,1
ad1e6b608a4dca0dd25bf862939cf3aa,cee96128d25ffe3429e69452233838dd,3
ad1f289fe0d5f0e66faa507b7dd26476,c40b4d64d9a3328382ec1fc2948c4af0,1
ad21255ff9650ff11d50513eff3eed15,df0c26d7ddb998e2517658a55e46e48a,1
ad35def6d6e9fb6f4c678377fbf8843c,70120d2f9b9193aa0030342072d8adec,1
ad396c3affc7d4d16f45dd6d39137080,aef978b83a4d0a2b9bffcd8444b681bd,1
ad41e67f80ad7ac61ec5b605751c56d0,db25a58a5da5dfe2fd19f2604491bd27,1
ad41e67f80ad7ac61ec5b605751c56d0,f4f8823fb84272f90fd1311532effb71,1
ad4a181dcbfd84ad41fbba776d1ea5f1,42f25a7251d847a86c1849731bf166ff,1
ad4bd45f6fff9e63bc8447af2af95544,01084e8138d03dc691daa19aa6c12471,2
ad530f0385e180b5b52ffe8cb9658bca,2b4609f8948be18874494203496bc318,1
ad6d4e14fbcac0ec27004560ab1d0c21,9d32095f76b97762307e86cfc18dd7a0,1
ad7444d174fcfbc99c827d57b8d85fa8,c9793dc710a46a74473907034c12567a,1
ad8653edd19b5fce6af3a75366bcb7b2,cf9255e77d3ca4b5d560e28b2b5185c6,1
ad86ee88e13f543b00f6766c14b09496,2a2d22ae30e026f1893083c8405ca522,1
ad8def83f5b550a3b6e13f1ca084a6df,dfb97c88e066dc22165f31648efe1312,1
ad98dd84e944900f8cb73cc24e611d5a,5581bb179770e44255d6bb9b9e1bcca9,1
ad9b393f25ebd743df490421048e5c91,c6bf8cc852eee5c4ab264e792a9c23a1,1
adb0a60bfe536590838a68ebcabe33ac,461f43be3bdf8844e65b62d9ac2c7a5a,1
add67dab5fc95de57ed622543b92d355,b2a276c8b8261ba2c2c46bcfa1f522ee,1
addf804ff9cb78ba46f8347beb614dfa,4298b7e67dc399c200662b569563a2b2,1
ae0385f6057d8cb0b9b9ff02285be0b1,0d009643171aee696f4733340bc2fdd0,1
ae0709e51a6229f894ccafc894ea4cfe,431d674f9a4fbd0957ecf6ba3fcb6899,2
ae25265cf319f68008560dda699284a1,c0b530b460b26961dd375e84c48377fa,1
ae276b606353e67f123bd975c556599b,98001b51c21b1efa6530623ecb0c20fe,1
ae37c7c2f03632d387b922d9179f3cdb,13050bbc5cf6938a3760e43f1a845fcd,1
ae5a0cc27a6c62814813be49a79a70bf,ffc48c754b5bd736e2887e279d1dec72,1
ae5ebdc6de8a5f0bb49b5a3cb50c661d,801a8823d2fb3157110897e1af035a5d,1
ae6fbbdb93a894dc2db14cb8e0414155,1c5bd6a742367ec4d654a0859523e880,1
ae71b6eabceb10fc65bd4c7edb0b24a1,13900a14a66366f79faa0ff07fe354ef,1
ae8db3ad1465ebe372f722f5d3dd5739,e8ca1ff2d0a28edb5be8bfbf2964dc3a,1
ae8dce2bd3be3a25622d54adbaf92a27,30d55419015a4d9c2ca68586923d5a9f,1
ae90fb51bbb3bc7230dae1122a4e1e24,9c7ce59c96e74dfdfc51f13a4a6c3869,1
ae9b61a69c752fc15eb4944d0c7f0544,bee2e070c39f3dd2f6883a17a5f0da45,1
ae9cc596d22235c547acce001f90fc33,8896b8c893a3dc9e5a6d10e00bada716,1
ae9d8bf13681f31ec761764094e6ab95,0105b5323d24fc655f73052694dbbb3a,1
aeb04df5f92479711fd4d147f5a993c3,2aa23c51528b71a1c9f2ce72f4fc9ad8,1
aeb558923701cfd4b4ee039cecb8fa77,98613092c09065649a714a888cfeb29a,1
aeb580cdb23cf46633b27190611d7844,ed2067a9c1f79553088a3c67b99a9f97,1
aecae713f6be29f1cfcf0a7588b1d4ee,22c5ddc22ea8cae84fc9917def682dc6,1
aed30fc350a9f6480062310fc0fc08e9,69d95947a8a85a44375af7c667a5d61a,1
aeda955c84b2a855165c2049b66b447f,c3b9c5a3a88d5cd18800fb865741d9ad,1
aee140539d699da4a18bbea33883c861,966b5d9192f75a085e72b4861e25b5df,1
aeebf5c6cd7179032edd99d413eebc08,98ec655119c24de03b804696821f3955,1
aeed83f14583aecd0c82d49c45a833a8,48640118918b5bd6454e3fee20ad637b,1
aef01900b9de8f7091e94cf4c8a15f99,c2c00c360a8407127ec5393828933bc5,1
af0b8113382552fc46061dd3a2e1c186,c6e3c9a59b663e36a8b95b2dde81fa33,1
af3dfc75878f9fd131f5cc38ac036be4,723f08b94cabe91ad292a3084725903b,1
af638847a50c6199479a15a219e1fa53,7a10781637204d8d10485c71a6108a2e,1
af959a566c69d8a74b81ba90648f6cd8,bee2e070c39f3dd2f6883a17a5f0da45,1
af990140f8d86900f33c6d996b9eeae4,e16045eef2ff02ee2a6469e167958bb0,2
af9b97ed135fd52d2ada64faf8a659a5,48c50c7181ca1507017447595d399b8f,1
afc15fa2e786ed9e0c65bbbd956cb972,11f683ded5ddeecdad0b81b3124c3395,1
afc7e7baf3a9a8ca3e8bc623ceb4c7bb,06c6e01186af8b98ee1fc9e01f9471e9,1
afc92b5c6073340256875a4e1dc3d7a8,54d9ac713e253fa1fae9c8003b011c2a,1
afd8b1ca06dc456c25b4548c287ad210,bfdef2976f08b5f72e1cfa276a88f45a,1
afe0cb3cef1354ee82317557b902dfcc,2b4609f8948be18874494203496bc318,1
b00f783912a7d0c7499f43d21afe63fb,97b72ed1900f2af848c76555d62033de,1
b00f7bd546cc64054eb4590cc37bc2fb,9b1430fd2db68dd26abc986921680143,1
b00f7bd546cc64054eb4590cc37bc2fb,bb48c8fda6bcf73c9a0178fd1a1a366d,1
b02bb20c4a867ed23194f205619ada9e,c4e71b64511b959455e2107fe7859020,1
b034d086fa50e3f4ba566e002b161b89,0640a217fe729c5b8f61fd475f1fc22c,1
b047a1af40cee55a815fe7075e4f1a74,3c5fc4f6c055819eb7e2853e9fe08bb3,1
b04d5cda4ed1c2a60d127893d557b222,12b5c284044adc0687a6ffbe84d317e2,1
b04d5cda4ed1c2a60d127893d557b222,a85e15cc715d8d8ce1d520208aa1304c,1
b05a9ed4f2b97559aa957545915d0c16,bb50f2e236e5eea0100680137654686c,1
b05b1fd9c1286fb36afa6b757c8607ba,880be32f4db1d9f6e2bec38fb6ac23ab,1
b0841b9f20c317181a978f2a2c856755,fc56c478c11ca5989e21da62cb19de16,1
b08eed69a3c73eee40d52bed298482ef,f6e3aeb40c00aec24ade8333c2ac1b20,1
b094f9d22537cb4892ecff5504dd8172,9453bde60c4ee52155c963641736cfc5,1
b0a35e98a28ce055c5090da452a82973,461f43be3bdf8844e65b62d9ac2c7a5a,1
b0b613e9e97d82c42795abe6687ab472,52c80cedd4e90108bf4fa6a206ef6b03,1
b0b902bc9c7f025dfdcfe2095f6c189f,6e02baf23db1455640241542c78be139,1
b0c50b7b62fb053d5cc61ac72510db81,7237404d77298a92c6f0af9184bdbafd,1
b0e2c3d5cc9ecbf6a89693a15231ac7e,b1e099942b15d8851265f7fb2de457cf,1
b0e374d2f2acb958d14630cbf356070a,569ffd16f8032478cbeb9800f2e94ba0,2
b0f8e245a39d12379abcc27aea0bb688,a7d756e8f7c4b7e5b679e248a57d91ec,1
b13e22ce02ce3538542c89fa6d25ed79,dfc9d9ea4c2fbabe7abb0066097d9905,1
b1517b4078772e718a46e03f9ea9321f,c6336fa91fbd87c359e44f5dca5a90ed,1
b15ffe105402d713c35c8fc6207f9a88,9f01cb375b4185be6cb9d2f7588c5b46,1
b16343b95f5346a9933144386af4caab,aca2eb7d00ea1a7b8ebd4e68314663af,2
b167a5e662ef9b2ac117c7e7ebb8b304,1cc5f038fa8645580602fb2423d3a50a,1
b16866ec831fa280adc36a71f6a30dbe,0502d1a36be75bd36b452f31c6ed264a,1
b1774630aab83ae3db66c76544c62a6b,422879e10f46682990de24d770e7f83d,1
b185b126fdc8f60cb8be77078546d1e2,033ccb3016d3b24bc724629b8df41f94,1
b185b126fdc8f60cb8be77078546d1e2,4991aed650384274b2e7bce99caff130,1
b18e1cd830f8a5b16b7bb5dac8c183ec,386486367c1f9d4f587a8864ccb6902b,2
b1994c703cd18638b76dc9997a5c30f3,5176d8670222d50ebbe4d4c5dfba2b49,1
b19f542d676ea384dc2bfe700115e09e,8d98dedc3c19de17f1a090195e85d6b6,1
b19fa13f00227b289b6d04e426f9673d,913580fde3e72c3b3e4ce0b79963bee6,2
b1aa70fb1fe24bb15603aba207510343,7d0e0214a0852cf0c90032c7992cf27f,1
b1ad9ed44c9f38c75ddabd01eb6f6585,ee406bf28024d97771c4b1e8b7e8e219,1
b1afa4fa737f86782c8fe65ed824c69a,3b0f7951038b105522c2d566b54421f7,1
b1bb127ce792d5bd572bcfecc6adb9ed,b11cfc408f43a71b16c2288e79172244,1
b1c0bd0ef7a4ac0bb37c4f2cdc9c30e6,0fc6914383c2bea767a9562c9d8b43a1,1
b1c8eaee7a170ae1856abe4fdbe8091a,165f86fe8b799a708a20ee4ba125c289,1
b1cab246c245455519a3cd45d8d5b3da,81d34fb425382e189529a619f8f2c077,3
b1d18515040386d031ad7d7d73a32fb9,aca2eb7d00ea1a7b8ebd4e68314663af,1
b1d6310718897903e079bd76b7035d86,a33100df83e04b43a9b42f973e3a429a,1
b1dbcba06e3cd2a7730e15b92d39210f,e2e426d1332240070b0a836a854d057b,1
b1f9668ff685337055df4dc21582320d,aa8d767a6316127a012fc3d16b84dc7f,1
b1fc82d6dc640f992f317c0aa3c250af,7b31b39ebebeb8282009c48e5587b1d0,1
b207ff4065d6cac5160b023c4688b48f,d1f7e2982b329124bb9fe26a05633dfc,1
b209a1643829776c9340b2fab705c225,d8c199ae0fce3ce0ba91596db04910be,1
b20d566928943834c831f5db761cae5e,461f43be3bdf8844e65b62d9ac2c7a5a,1
b22929060c67ae572e2e82d531af2fc4,7724696de32f44179514a643987d416d,1
b24c6a66c9cd51bcfa3054b8283b4377,9b7d6830b132073397821e52d0e66294,1
b26791f21e725f36e32d150c31e68c9b,28beefcab28e6a3b659bae1bf1cbe453,1
b267fb1c501374f26f3af1022ec98b09,2a2d22ae30e026f1893083c8405ca522,1
b268519093dfee306454fc430c872568,97ac2c1509cfea4a471cb1cfa1e3e512,1
b277a176a8b8fe4f944d7df34c50259f,e0d64dcfaa3b6db5c54ca298ae101d05,1
b29713ad67d81fee47dc6ac4d5692c68,29427de7f8a9ee983d9dbc51cec569b4,1
b299a44de561de2dbfc8fa91dd704af8,df969ce58d2f301f941a09bc75558cd4,1
b29cd4b6b9a32a9071f8ef282588b18b,b48011c2f47dc5194f89275e79d81465,1
b2bccc82326a6f4bc22b66371c027d60,c1b973e587fd6f4e5aa1fa2c01fc6e59,1
b2df53a0d86cbc9c48616392a6e57c57,f8dc3e347e9b954a84d1d5e42b500e4c,1
b2e7d5661a4268a50ae70d5c044c5ff7,57e089e3103f5cda6a4ce23b77399bdb,1
b2f66716339acf3fd29df8cb5ad63158,c6336fa91fbd87c359e44f5dca5a90ed,1
b2f930a6508108d4a877ceb27a66ff77,9db9830301cd6574ca3010be60756f64,2
b31b5ecd79d2528b3340abb86f5c2a4d,e0cf79767c5b016251fe139915c59a26,1
b31b698d14f51b2226b2f5057f7dac85,6109d0cae3bcb57d579bc0fab6e61814,1
b32bbbb56d8b6e00aa05998e66daf749,cf67ebdec22e11186b2129b5852f981b,1
b33f12eb84ce2fd376a58202dcbb8a67,4a25fe90f6685b9fc991af9a796f74c3,1
b34544e3ef5dfc535cb0ce5eb57f3ffd,c9a8800476293bb678ba46cf7df04460,1
b36a66381596ca6824c2ed8059e2a63c,6ea2d74d5dd2317844dd17f16da75a5b,1
b3721a883e1de4df72f355ec21c8620d,00d2add85b1f5aba6bb3d5d977314e25,1
b3721b457de31db30b4de608d880d18c,91072b0e0e5d60ea13524c273da16106,1
b3765dbcb1552872f10dc638104f6598,e3d56b75987accb32f776ba6c710913e,1
b39def105bd70f65e3352f896c32d20a,805fb04b1eee16776d3ff45a40a30044,1
b3a679397fd9fc5140a33c5033458395,3fca280b9c1738d8d7996c7373d3ecee,1
b3aaa85c9690e3e133f5c83529fdb16e,880be32f4db1d9f6e2bec38fb6ac23ab,1
b3b7a79be761431b60e2945100e694cb,48882f9b2e661cb01f564f54b92aa881,1
b3e798968d182062a9ced85f8143dde0,59b47581b7ba51a62bf9c3dd4fef36fd,1
b3fb50a69d9de3ee23504d2cd66da13f,83a26c42a5f94b7456425cd0cd20daf8,1
b4102b1f4dd2766f109baaebb5a946e4,bd149e7e19bab469011f129cdba049e6,1
b429f06acc228da3b748c7022f6cf56b,8cee1d824765335c48ccc515c2ecf4b8,1
b433290fdbd7a32a08cc233d445c4692,601a360bd2a916ecef0e88de72a6531a,1
b4373843d1fd375a9b9a2da2ff39ebd0,f9259c9e7c0f12c70f7a81409680a5ff,1
b44d98adfa0a51737b0cf5e4c2bf46e6,04120fb9b3f90600e5ae1f2a2cde53e3,1
b46cba739f0049bbfd7731932a0aa987,e5063ce7fff1cf7cd528dc4c1e7dcba8,1
b46f53945d890c2f7ab73763bb6fca0f,9565229244e9341fb8c8069879cf73cd,1
b470feced32581d9db37145350be0401,5d98f7de3b78c8dd8d7b62ea22000a65,1
b471c2f8fad20b84d2b631c8112b0b26,bcf3aa04becb30e6279242e23dc516f8,1
b474f5d2fa522b1ab235ad78afcc17ee,2800ef620d36d17df9b1adb26cc56a9d,1
b47bc65b0868e4d9d38891686c30d68d,6a94cf283fcc6b16942f0d13f35fa7b3,1
b482b6eb1e1daa52fc0b17faea2cfb4d,41cd333a4af5e36df81fc0b83ccf8e2d,1
b48e9a32f934ca879a11ccc405e5d694,ee406bf28024d97771c4b1e8b7e8e219,1
b4a63ceeb0466c92a04c584e251b4579,fd1eb7fd67e76cf3283618735a57cbcd,1
b4b0ce0c3cfac1b0d240823681496307,363218ba55c610b750224f90bdd34be1,1
b4b0ce0c3cfac1b0d240823681496307,4cee4c57bf2e00c0c0e10918245491c1,1
b4c16be45fd4a77e585f1b40b51471e2,45f0310974e6082deeda855f91984347,1
b4c2400d9d123e1e2a5db502dac3c328,99b89f140f651db441848081814dd1a1,1
b4c4eac1c50f31216707a413ab2706bd,aca2eb7d00ea1a7b8ebd4e68314663af,1
b4ca85bae934dd7e0ae4a60388f35638,2136c70bbe723d338fab53da3c03e6dc,1
b4ca85bae934dd7e0ae4a60388f35638,a84d0660dbffebf352aefbf1a6b18d00,1
b4d65a5315229c8b228ed56e5eaf3af6,21f1d2b20d4942a15894bd1232b05a5e,1
b4e2f9032306f3f68ef7afee47fc278c,def3587f2a221b89fc8f342e858b2176,1
b504fe42a7d664cad29f108299f51629,ba4a91633739ceceb2b73b627e2cfbc3,1
b50f1cc40e82d3fe0a7226fe9ee7cd8e,c45f017c36f9112a8bb4f170edfb1870,1
b511725689f49bbfdf34541b28780926,d239ed6ed6dabbcbfd8a3b776e1ca50c,1
b515c26bc7955d05356ae832d2c4b54b,90ebb732ad20456afe8516eb5fbf75f6,1
b518b2605c2ccf4e345b84fcdf099dbd,fd1b303c073ff6cdf78c7ad4d25b5409,1
b527077fcf783cd4a721674ffb07931f,25292482a61cb3298df8dbe15ea69daf,1
b52f2910ff36fe94d5d1a2d96ac1ce43,52c80cedd4e90108bf4fa6a206ef6b03,1
b540f2ed0a81891a303aab176a4f21b3,ee57070aa3b24a06fdd0e02efd2d757d,1
b550abac10e148e050efe03dd209aa73,99a4788cb24856965c36a24e339b6058,1
b563a655fd86010adaad1e9708b0c33b,8f8e98cf133d4ab9a74486c3ce81da02,1
b567379ff604724e8cd07c7ea01239c6,5a6e53c3b4e8684b13388d6aa4afdf12,1
b57ede159d0a0ad4aee357d0219ddaca,187e7d92b8168c3661824809d0c5dffb,1
b58f4730e9310e940e9f674b4cdc936a,22c5ddc22ea8cae84fc9917def682dc6,1
b59a3e6478e9da13a3ca328e9faa96d1,7a10781637204d8d10485c71a6108a2e,1
b59e0225e129db63977b9c728349210c,10717ff440b2320081989126e858b220,1
b5b3ce886b794c18d46dd2a3e75727a0,f582884ed8bb76a4b6317b8c9e966d98,1
b5c8b2cf65bd49d6d1462ae6489fea43,915ff35b0555b98fe64bc60674da4c43,1
b5d5a9c1b46698fde8e82171124dcf4a,188c2b55dbae7df073f4f4a24e232ce9,1
b5dd5010cf3b3b1178a8e596d7114266,9abb00920aae319ef9eba674b7d2e6ff,2
b5de40d2baddfd6a1e20226ed8b7db0d,72d3bf1d3a790f8874096fcf860e3eff,1
b5e3a1b21d46d53d2ceb0c6c00127ffa,125e5760a3ff01937be3b2a1a7f14aa6,1
b5e3fbd21cbfbe8300596115c3fcc624,7cd29da0653abeb444703cc5a957f479,2
b5e8f9d5c96ed06fc4ee7132f45b45cd,b8316b6fcbdee6f6e8760865065dc0f5,1
b5ee7c7591fdcbe0ae67b9b4cd18ba8f,159e7e73295b609960c0797eb64b3d39,2
b6021af6074c8657c467992429b9a368,946344697156947d846d27fe0d503033,1
b61886a49fa36917b1b64687c871e8f3,f6e3aeb40c00aec24ade8333c2ac1b20,1
b619b19ef9db35dde9e6e01483e204d7,777d2e438a1b645f3aec9bd57e92672c,1
b61b31a4b4b06a01b674b4a23d4d65b1,54d9ac713e253fa1fae9c8003b011c2a,1
b61cd933d2e2773e0a843e3ec1deeda0,0152f69b6cf919bcdaf117aa8c43e5a2,1
b6302ec7c7b78367c0f804f88b7b8461,27b99299bd10dc45971843eba0ef3124,1
b63498f62744d6304da09ded0cab9677,f7a17d2c51d9df89a4f1711c4ac17f33,1
b635957da0091ef9421c4405050ca614,f6e3aeb40c00aec24ade8333c2ac1b20,1
b63c3897b6259fc5ea20bb997624ba7c,086d5564c102e81c6f215639d9d1e09e,1
b64b895a846f1bc23c1d74ddd9947bd3,2d5bb6fc16b9fb75539ddcd93de86aa4,1
b66e464c6bbb6acb17a4bbb1c1c99bc3,f0b23cf62b44c4cbd631ee45ccb8fc60,1
b682318d8a8bcef0b05be97579624d66,b85f305eec7f31aa9c5f04a3e937571a,1
b6aea728b26da1f85105eaa626499751,a2a1d57880bb40e60b59530ba0177ccf,1
b6b658d58a60c4bedf0c112f80e7bcb6,91103cf73f3a0e72896573d8f2271e17,1
b6b8e122cb92d8153a97eecba602db4d,e0d64dcfaa3b6db5c54ca298ae101d05,1
b6bbcc198167f265dd1c0381aea37cc1,d017a2151d543a9885604dc62a3d9dcc,1
b6bd4e365324b11b1b4f02fd5d045e9a,ae1848ad278bbd5098dea4a749b333a1,1
b6c95d663490247548044b86ac95cd35,75c06ee06b201f9b6301d2b5e72993f8,1
b6f5c3a185c33b9c12a722c46f5215c8,d48adaf02f576324c7c0931a823025ee,1
b70f1d9626c60f9f1dd1e0ecf94c7c13,f76648d50e1f928a32d5d8559719092f,1
b70f8552b91ef49129519206966e2472,689a9f33ae479ec0d9f68a9b6b0cfcbf,1
b7145cf1615e2b7375e9d77b0406d83d,542b3d80712d51eefe3a3cd1c5f4e8fe,2
b7195944c3ced9b70bb7476dee99984a,5c0826f946c32406d5baa79544668b4c,1
b741f49aea8e2c104fd2f5e29d012d9d,12f066474dfa3c415c169051c5e1967e,1
b751fcae2274aac027b38ae2b7e8b009,38cd38029795797c97b73421fdad08cf,1
b751fcae2274aac027b38ae2b7e8b009,a50c606310374ff8660bbe03010e021b,1
b751fcae2274aac027b38ae2b7e8b009,d191e54bd50ba045ac5bc9336572886f,2
b751fcae2274aac027b38ae2b7e8b009,dea564fb3ed59db512cb4df9c491c1ef,2
b755c5f04fe5e214d68445fb210d512a,0e669e3efedd9f3ab75fcbe334e1177e,1
b759d83c744ff08274fb4f1e1f9362db,065a46b0be3f31498ebdd3f4c668a6b6,1
b75bc7bae07714f99400b0556dd05ff4,5e80fe2cee2f6de9a494047ed35a2fe3,1
b763ab1e6ce4e740fd2c4ad17141ada2,211293b50935ced8d4370f552c482d74,1
b768df11c1dd1aa471736252fc8780b0,6e835aea84ae8eb68b8c14878dd43b30,2
b76f6b4b7545d1a23bfc4caece1d6ddc,79fc4c7da6812091c88d89e02e02887c,1
b776843fdda066d35efda05cc6811dc9,b11cfc408f43a71b16c2288e79172244,1
b777e264df0b508f453971fb87c2a0b7,060cb19345d90064d1015407193c233d,1
b777e264df0b508f453971fb87c2a0b7,98d61056e0568ba048e5d78038790e77,1
b77d8b017bee4578bb65581f09c6167c,d267d19dabd3e26083fc8529fdc35ea3,1
b780a7d8b32ede7bd4edd751c7765172,ca9c04665b3deab07935392e7432cdbe,3
b790f6cf634604f558fc6b9bf5f976be,0ec5f6f08cf32bc916d0ae089696a44a,1
b7914f4692aa83f8c4cce8ed7a957634,0a70bfd7366ebae1c146277751691546,1
b796e0c31028cfd17967cb1cb6b5dfc9,28ea12eefe401cceb76c6026abfbcd71,1
b79dae897347b6c137d63e50b5be5b1a,04c48a5fe31aedc4ef3896c005fd483c,1
b7a710ed2201bd2cbe88944e34b40bcc,eb7172d8a3c64298d2d767f6603c231e,1
b7af91e583caf05ac071ad39e1d86700,42a2bd596fda1baef5719cb74f73030c,1
b7af91e583caf05ac071ad39e1d86700,98b22c1129886cbd7fcae69d1c93e442,1
b7dc27ac1b54155804e7550da93aaa01,d4604111a0a16806f51aec592303d857,1
b7e45e7dbe7999fde2c43437ed74931e,083ffd30820b592e294de7ed668ff975,1
b7e54c39cd257eee0fbfea32e550d84b,645ba02735d4bf831d9b72ac169c867e,1
b7ebfcc821920caa5e81eb829adb8ec2,3dd2a17168ec895c781a9191c1e95ad7,1
b7f840ef94a2311ac205dce9a1aac7bc,2820a0ee65a765e5dbb7ef1da30d2f4f,1
b7fc8e04ed80320673fef972447e3551,e0d64dcfaa3b6db5c54ca298ae101d05,1
b7fcefc029ee36a5d424ce99e18647d9,9c3e26b41db239c14312aeaeb1e2abc9,1
b83b879379e0ab1a9d8cf0143da28142,562502b79845deae9bcd86384921a2c5,1
b83d81162b634d3fd3dafcc76039dc18,8d98dedc3c19de17f1a090195e85d6b6,1
b8413f7f4483d2539434ada199471a33,5c478d826b60d0f057579a180fae4b05,3
b8758ed99c2b800a287f19fb1a3ea52c,f457c5f0c72ba4cae17636c5174add2e,1
b8784b9b324a424247aa76e81211c4ff,962a6951154f98f2c8e9a5b8b2bcf4a9,2
b88234e097f4a1587861e51d3288f500,06edb72f1e0c64b14c5b79353f7abea3,1
b884055664707073d218e5faa9c10f8f,fa23bf270fb9880690b07d09b9f9ff20,1
b8936eebb611c6af9b609ed39594c33a,abe6b1e401ce596ad0c493aeedb488a4,1
b89ea39218763f0521b7bbae37e90aa8,44b6d6f40d9b822201e81c9d5cb5b937,1
b89f8b2159cc4f80617c22f0b0ee17e3,0111ab6fb41da433e0f17d3f4ec2c8f5,1
b89f8b2159cc4f80617c22f0b0ee17e3,755bf675d1b9d60401eed72669e2513e,1
b89f8b2159cc4f80617c22f0b0ee17e3,88007f00299939d563c9565c054d2cd7,1
b8ad176ac832668fad192c928fe5a40f,6cdd53843498f92890544667809f1595,1
b8ad74fa0f4c5b9fad84af6809c95105,bd66403f5f11696c897a825d5235697f,1
b8b9cd163d230f13301c8ece6f71eb58,aadae4da0b9feede5777009c5e1497d1,1
b8c263617aa4cb9f03eddb774a49f681,76ac1907588ea63f562f0851bd5a4289,1
b8cfb3955dc7967625be1f2b0f0db7a3,389d119b48cf3043d311335e499d9c6b,1
b8e0b0edff2de6181d492311d927769e,aca2eb7d00ea1a7b8ebd4e68314663af,1
b8e5f13a17dbba03c377de6deb70c588,157c0b6a86cb5823d6d2dd1fa8c5d450,1
b8f49557ca89e75525b81b8973f1d595,ee6c49af1a2de55aa0e076257ab4ab99,1
b903ffc665d9abfd2ceaa052d8da5642,98a8c2fa16d7239c606640f5555768e4,1
b90eabb7b2444e27e85d007ebd63c8a6,422879e10f46682990de24d770e7f83d,1
b922bec3f09f25b13a8a646fb8585fb6,dd6a505f83dd3c6326aa9856519e0978,1
b9259ee6253d68e0d106b527cd5530d8,b83dd24f806b484c1f22ec9af48271e0,1
b92d3079edfca64c3eb8d564eecceeef,29427de7f8a9ee983d9dbc51cec569b4,1
b944c2dcd9aa58a6defedda9e0d72ea0,3c1fe640b9b303b8f12b612e350b9446,1
b9502e844e5328a48bfb1f3f03bfd6f3,e251ebd2858be1aa7d9b2087a6992580,1
b95975b682b09a1890557a1ab4021873,d6160fb7873f184099d9bc95e30376af,1
b96d49fc07d7b581c713d54f1864f1cf,564f6ff7ae760d6eda6d32c551724036,1
b99848d1213931d9f3caebaed06b8111,c6ea63369936552872ae890c82175b4b,1
b9a97a1bf65615341a2c052368e650fb,d531e4f4234b93eb3d8efc4a53f7e7c1,1
b9ab019e35acc41ce59d290989f01d88,0cd1da0c6c22680f93adb165c0a56e36,2
b9c7a79a20537b1e943044225f0b0113,294d41c2e68c3452a16c269c5a969537,1
b9c84df370dea836ec452ed49cca4c78,eedc20781b2e095ce09617ffc959e188,1
b9d25a78c4295ec207824ac5dc4d327b,574597aaf385996112490308e37399ce,1
b9dbc440e8e2b2b72d19dc88459f6794,ddfaa1c2e19f82a47043c5f5ee1376d1,1
b9e06a1af0969890a829b391cc05cacb,334995514673fb6bae67885458b52984,1
b9e6292e3e994ab7b830c74bcb35955d,154e7e31ebfa092203795c972e5804a6,1
b9eb6b78f19bc70a6f4cd538aac606c0,fd76f22bf3648e0dd4295e593def7664,1
ba0bc48c8813635bfaac7d201af8fdd3,93da3479685193b3ccc6f071b91408d2,1
ba15a56648e741b218314296f9647e01,3db4edbe90c563f7b6c038f9a690fde1,1
ba1dd8870e56a890d5a6e8a6becbe311,2f5e485bacfeb554bec55cd497c9bc51,1
ba229cac800645c5c7960de7bb42b777,3b30fb3ac17cda9e7e5b5112c692f665,1
ba31215f5bab89b26ac8a363565af45e,2b4609f8948be18874494203496bc318,1
ba3e8c7215f0c4648bf0811d2cc50472,152d8bb1e16d0a4f567c7cece5e92b6a,1
ba47d58ee731ce8d729dc0fcccfb2739,8317b177579dd27ff068b83205e2169b,1
ba6d7660aeee1f85045003b1c0c8b5b1,a52ed2fb26d435066d6613134afcb439,1
ba9a9f680e0ce9c248e43df637331ff6,f320ef0dbc98273d30835e696974e719,1
baab884348d4ad90d893b3551521aaba,6d6b0f6705c1acf1128ecf19d57d5444,1
baad4f33b8b48413580c54156a4172b8,3bcf64d8d26d6e06bd568d27fe31d8e8,1
bab7a84c462498deb31eef36223fd56a,3e442d09f9dfef002aadf31960869f65,1
babbb0bf37facbed1dc42de9e02d4ee2,2d31f67b1edd83be73d1448bc1f1a7c7,1
bac45e356238b5c7f36adfaae8a23c8b,2bc88b31190908684ebece09e5358592,1
bac7cc91caa4078e7a3e7e5547531c1d,c2bd03501cf7f4f3a1201e6069155bc0,1
baca33004aa726524d5a891853100559,bbaef2eadf31fe3ea6702077398be06c,1
bacfd6acca2b3560dba225f481256b45,caf540627b7914ab734c86495fdc95ee,1
bad02fa91ee4c30b713b2be4d4a15650,56b83ac081e4e6ea5f87323b4e46e85c,2
bad02fa91ee4c30b713b2be4d4a15650,a87567bdce60de6f901e3d7c6d8df820,2
baf139d17c0df8f5a049b57af7642f3a,199dfdf7a1862dbcd8ad039e48d58355,1
bafd4361ea9061be4b18bbc25300f2b9,5d90b82ad1fdff812987fa28158b7984,1
bb04c497a373589c1c05fc047c8f8388,f4f67ccaece962d013a4e1d7dc3a61f7,1
bb0687468b15b7fd6385704a051bb6aa,f1384e935826c44865aa6b0483711048,1
bb0fa453b48c8f4c9a4b461f14123095,37108281cfb6d9fa07baf471f27eed76,1
bb205b0f9f296e7cbb610b231dc401d3,30ac6df06dc59ad72cf2f158fc2d904c,1
bb248d53ccfad4213d4cc085f4ea8605,99a4788cb24856965c36a24e339b6058,1
bb29d68e8170d6917599ffb4b929486d,d159157f1837c548e960ea0e9b00b259,1
bb4bd9ae44df35a367e6adb8d37faf6f,6cdd53843498f92890544667809f1595,1
bb5fc5de2c32b73753d3663397e7a056,5ca5d42f98d39aa421923c2fde2c1558,1
bb715c9131b490ed9aab3540cedb7608,0b48dc720b9a40d75ce14eda10be0922,1
bb7b4c45c021cdb9219306f8182506ca,e3e3c2fbbc1c7c16edf72ab9f70127d3,1
bba4cecac73ec3d2e47ad263c28fb1dd,492bcf01a7a40c8fe5c720574dc786b3,1
bbab0e16e150f2c43a5250b0e586f839,a84d0660dbffebf352aefbf1a6b18d00,1
bbc3f376031737e9800139ad8765867f,3dd2a17168ec895c781a9191c1e95ad7,1
bbdbc21c0d067bd705b5aaff781709c9,4c3165e9df5c5d143e67b5cb41ddfd13,1
bbe9ac5f763035eac1cd266700e17d7a,40e8b425d1a26e2d9cb77363523e05ce,1
bbf257c74411e54169f2f91ce1b9aad9,9451e630d725c4bb7a5a206b48b99486,1
bbf5e98dabf1bdac752afc68f8032bda,44fded21627553d1886d459384bbce06,1
bbf8bf3664ee1a661f3d440418622273,d249623077b8906276b8d77ced95f8c4,1
bbf97a03667b4f6f728bd541f565e342,e5bd04e8e3cb77f1a49404d588d3e528,1
bc0268fa49c936b8257b4deed2ddf341,29427de7f8a9ee983d9dbc51cec569b4,1
bc057e26a901167220c6e4a0b0c3ec5d,2028bf1b01cafb2d2b1901fca4083222,1
bc0e1034fbb8ae2dc686562b304dd0f7,db5efde3ad0cc579b130d71c4b2db522,1
bc1001ca98d679d8bf6e2a9e1b519fe9,10714d6a49c0af9ccdab2d806887c5f5,1
bc13567372ad405e1fa1c93da7eb9079,9766ad53f42ee034fbc0e29c85fe626c,1
bc1cd5120f7f6894c5164a38d880739e,e5fe79a5ccd19d20b3b095bf73cf9b5d,1
bc1de87b881c8cb6d4a1e8119b0e27b5,aa95bee0592e05d2ef533b8e5b7236b3,2
bc1e50e78d6937306d60f6cf33acf0e1,f306d4917efd6c5a46bbb72b640313da,1
bc225b031d110d0b09ed6f25762f2e83,dbedc5c46934d0708dd37cccef1c2184,1
bc251d1c25a7713b2bc3ee7806616135,422879e10f46682990de24d770e7f83d,1
bc2799ce7d11d287ada62e695e3203fc,334995514673fb6bae67885458b52984,1
bc397c0f4a4ec217c911dadb0b9da61e,0c859e9bb0591751e168d476ab0bb6e1,1
bc3b70c375396b2103e9a3189309a0b9,dce24381876a1d59ccc9d00d3dbade56,1
bc418db9d598dfdd2b30fdd33bf541d0,f20d17c5697e45b09853253384f0c583,1
bc45a57dc2dd1214356af83eb57a46f3,3d36ef6c6d553500f4240920658689e3,1
bc54fa7f1166c358a2053f680ebb2ac9,de64d6bf725afcae6b5bb5f3304646f3,1
bc7342cd2513951daf6234923692eb2d,00de7f393d962717eeeb2d7131a40dba,1
bc746f1c6fcd8b31f1feaf2111a780bd,35bc6c77029697004675d3a2ce505916,2
bc781ab7ea64681deb7a011ec776bb0e,f422d0d9f8b5f7c27289382b14b61248,1
bc83a273368964e5985028f29ccead39,6dc18860905adba3a2d55fc1298f1701,1
bc9496f591b527b0b165c0f8908633a1,44a6e4ecf7b48f87481c243383b1c4cf,1
bc9496f591b527b0b165c0f8908633a1,9b9d1c4bd979b93c138044e032f99780,1
bc9df2892ccce8d1e8558c3e8013962c,22c5ddc22ea8cae84fc9917def682dc6,1
bca6eaf28cd32203c825bfdf794b188d,b9c742d2c1b06bc064c7aee11440e5ad,1
bcae9ddbea097677bef7b6857d0afb1a,87cb507e0daa37bbf34956fd59eba832,1
bcaebf0ddb4ea20efd910e6e0d90ca99,821a07e1e2a0382df1f3761ae3cd435c,1
bcbd2c2421ec0c9b4d893d069b789bef,5a885007d9eed9680c983b19126a4bee,1
bcc60fefed836fce311047cb4ad6a504,2f5e485bacfeb554bec55cd497c9bc51,1
bcccbf3c3d4f4b9c15bace9a340ebdd7,154e7e31ebfa092203795c972e5804a6,1
bcd1cf06eec92b0c218d121f562de5df,422879e10f46682990de24d770e7f83d,1
bcd6cf41abb52c34fbc0c481bc144eb9,21d325f98c6505a72b1bcf363f3d3f88,1
bcda0127e53e823248ef84c3f6869b78,d1c427060a0f73f6b889a5c7c61f2ac4,1
bce1676dd0edb9474cba3d3aa9067024,6f544a62e85efa4d7a5e135482b31d79,1
bce8476cc98277930a248e422354c4b0,8eafc5708e563dd49b1060f162a690f2,1
bce8f513920e36d27e25af34061cf94c,868b3136c5b206f91b8208fbfdf2cb7c,1
bceccf42d84fd8009a31e3a486b6ce89,a5341e3f8155dbb3e62323d3ea289729,1
bcf1316f0bc85a5626519e9bb1205c1b,5a0146a47009000363e3ceeade37c54b,1
bcfcec3fb0e0b631be6276fe010ede54,cac9e5692471a0700418aa3400b9b2b1,1
bcfeb2a090d34c245bb62fe207e7d2dc,5b3b5f9ae84ca9ead3138b199420cc94,2
bd075a9e60df7474943e430c2f5f61f5,666696771a5dd7a28816eab47b70d966,1
bd0f57c02559be896fb70c75cb41b70c,e53e557d5a159f5aa2c5e995dfdf244b,1
bd1a3e41c0ddbd5cf6166db3c1c4bfc8,056193fc88b3f131fae751356896b168,1
bd1cd40d508c2fa2726df9ee675d2a06,c4baedd846ed09b85f78a781b522f126,1
bd2e6223ef80789bab4a7b8e50db1991,5a47c5b5c3866f29177d497727f22f38,1
bd4afd3a9f1b50e574d0e5aac2f42d3b,58eaed8e153f27f810f487f2c7ecc57f,1
bd4f8a3189df658a5278e99ce0d6e94d,72d024aacb8fb06c03ea616c4644b841,1
bd5829a8e441e1a7ad669932cf6e8841,824d0f65de327bae9d13bbc23528c79a,2
bd58622db04785254b864cb9025f900f,75b1325940492d3513fd4f50897b1bf9,1
bd62fc1db68f47113dd1f9d700eac3bd,31639956e7fac87ecfd9d608040638bd,1
bd67767321f1daabd54569875f9a74cb,8b9f7fc148edbc07e1ce6dce23984f3d,1
bd7dc1694b09e3cef45723eb8a5d579f,2ccd049c8e7ea210e079a1aa8ad92477,1
bd96ad9d1c5bc76bc56f5becb99f39e9,32442bee23baee10041f5a964cfcbd15,1
bda00833104c70fdb43e0de7e44599cf,c51dc74a8b5018e82e9e44ef4b647227,1
bdb07c4ef56b510b835265bfdfbe8319,283dc451ad3918badb976d56ff887289,1
bdced1e75dafe66bd70dc84af644bca7,9ecadb84c81da840dbf3564378b586e9,6
bdd1272c1c37b3cce03f2c69d68448b0,b7a89537c40b1f5a18b5ba75dbb91cbe,1
bddabc9e266194149ea15a62de9e55a8,22c5ddc22ea8cae84fc9917def682dc6,1
bddc691790dafcfa373909e3571cf284,c72edc98e7d77f0c4c04ec80730c05f5,1
bdf180a76130c328884372594844f849,5b226d7c52f86ac72457617f78cff95d,1
bdf6da5d10ff52dbc752045458fbd9c1,ca38c039b717207dec906f4fa9a21db7,1
be10f8d6a8eaf7abc4b481e668f080ce,c244b71b9f393724eaf2792a96427931,1
be13ab515f88e8f9214035e8fe642ee4,c904e2f76d44b7aed8979dd9f63f621f,1
be1c4e52bb71e0c54b11a26b8e8d59f2,17d8b8e9c21ec0fc5b33724e32fe422e,1
be1c4e52bb71e0c54b11a26b8e8d59f2,399f54c06661d06ca45c6e24ed238e0e,3
be1c4e52bb71e0c54b11a26b8e8d59f2,6a0713a63e990052795623e76cc2995e,1
be1c4e52bb71e0c54b11a26b8e8d59f2,99444c1e11fc38755dae86f5c67d3d1a,2
be1c4e52bb71e0c54b11a26b8e8d59f2,d25bbb182b51d1594fe3b54a27ae143e,2
be1c4e52bb71e0c54b11a26b8e8d59f2,e95fb3a80ca294f39de925b6428f3a32,2
be28c5ef762b3f4d0ec8280a1d6d0eb7,5115d8cd6438c0c4d8abdf38d5d41ebd,1
be30da9b0ffa485606a40c62df6ee7a2,dab2413ead0edda9967edbc9bda2a64e,1
be3259fe9f5ca5002148b8deaf52a84e,87a71ae93900ab55fcf685c8040769b3,1
be3989ffce9034d2e139160793f1db99,4b96786612ebe7463132fce2c4dca136,1
be4518ae17d2a9e4eef29c567f605563,1dfcfcbfaae79f18090fc9e3c336b62c,1
be552266bf47bfc6fa6c793fd74006bf,242eb53ca3c0b52e275b6fd7ce8b0be7,1
be552266bf47bfc6fa6c793fd74006bf,9251443819682703b07d22f78d20d603,1
be55f2be3c967a6b77b75158d8d6260d,bc4cd4da98dd128c39bf0b8c2674032f,1
be61ffcaa65d9f2e8536c198f314c3a7,2b4609f8948be18874494203496bc318,1
be683d7033a4881645d055afc913b083,b944a925e8a27be5de9850445766deb1,1
be6ebc8e1b9d59877654e5e4493976a3,ba80c9f47a84d1e08465f72e22930c83,2
be94819d23e284279425496d0e695777,de11bf385785a97ca03b274d98373c76,1
bea028dd673f09d19c823b4b6a68a171,656e0eca68dcecf6a31b8ececfabe3e8,1
bea0b054bee4fb73d7696824ab10084c,c11517f9dd10e879fe8bed8fdab0e3f5,2
beb96061489f7c042c033ae76990e106,39aa98469aa7460a9764311b3f8efb12,1
bec1251276f3b4e0da3595cd587f7a92,95d4fd03b0b54ae5c0202828f41bef12,1
becc8a3706ed0f7e1c7d7becba19f3e3,612c7f49d1026f7beded75464b574f81,1
bed7eefb90cb225883492efb0e7278da,47e544d0f04b42e19c0489b61fc6fa71,1
beeca8af57f7cb7b42b1877824a941c2,ec2d43cc59763ec91694573b31f1c29a,1
bef5c0e0b094f0abf4f9bc96e9e546dd,8ae935cab2de3f74f4960de6ee604f90,1
bf023a02122790d649963e72170ee2e1,dd3e280f0e4930c7234596e43aa4c6f3,1
bf0d7939fd697b55f7818ac5f364d6de,759c00ad779b5fcc09add1f1efb62417,1
bf1527fa94f9bea5592f737d50ea325d,eedc20781b2e095ce09617ffc959e188,1
bf1a6f9f94f61589f9349a76dd16e657,0e1eb22d9c8c83f1bfb714c149110481,1
bf2cf07066dfbad334b5a59013a158b7,bad5bc36e62c12c840045474c6dbe021,1
bf354810e17773bc2d0d71a6ede7fcd7,4308439e0d80d5fe03f17ba83b57c493,1
bf46f5628006409ce5740517ad6506f1,911cfb37438b7fa9ad54535990178868,1
bf573519a4128a9b186c883fdfa86006,0705b33fb285827a578fce4899f1b921,1
bf59771b1ab3559105d03691c8c99794,389d119b48cf3043d311335e499d9c6b,3
bf609b5741f71697f65ce3852c5d2623,c66def7098f4d87751f40c3a4855ced1,1
bf6c410fe2a50bb23239b57ee1fb8f26,cac9e5692471a0700418aa3400b9b2b1,1
bf9b3cb8ea02aeb16be6ff36ec6c42ae,517d4955ffcf9fbd2bb0beb193c81a42,1
bfc64cd21fc5fcbb2e2963a596e22c2f,0d85c435fd60b277ffb9e9b0f88f927a,1
bfea4a98ad57e429a31dab20bfe4375f,07a6879526099e7f3483481e5bd60b77,4
bff39a48b2e4ac7d5b658500fbc79aeb,36ea81e90d1292dcdc3ad8abb09c20fe,1
bff79ac2dd5a3735291910b86f6de25e,3b4d34dcf6c8a7fd6733db2a5fadf5e5,1
bff87edaf15e6cfa480094a5717d9f0b,90e72f6ceee757db03bba3a4eaef5dc4,1
c009ac49d03a1dac5abe6b3bdb43729e,9d3b6b0d02e4aded7c5a803aaa8ea443,1
c0145549d5066a5299cb6d25f4bb3d36,6f2a4da2fb20abf7cfb17f4ccdba0fdb,1
c034386c62e4c60320463e89cf90bd08,f0bbc1bdaf90ddcab4aa862660dfc6d3,1
c0383ca8e59180009c9e765fa261d88f,aad1c338e2a8906e2040a2fb0861acbd,1
c039ce7bf9765930a077d3a0c2d0dacd,ee406bf28024d97771c4b1e8b7e8e219,1
c04e5815b1b55566ca94507f0540bb2b,0eee5c8d0dc71aeb3fcead3dd83abc07,1
c065a8aa5e74348afd40ba9c3bbcb663,663d6ef343ce527b3548d6a255f89eb8,1
c081e5560f2bc273db90a62b6170d30a,3dd2a17168ec895c781a9191c1e95ad7,1
c0839934f43d715b1433b58b86744930,e435ceb7ced9b8446defd858630454ed,1
c08931eb5c4bf40f48501b0d434f8c40,62644f19deb898e43ebdcd29ff3d9361,1
c0a3ef518d3de3d78a7a80ed0861c529,a695ab8413ea83619cde9b18292d6aa1,1
c0c8b8bb055100a0cc08dcc04d847ac9,33ac889bc3af4ddede9c14fc789a3743,2
c0c9968b87c9b21b9cc522c898b56f56,d221b0b65668b701135753c952b7a5f5,1
c10365a2d64f63953a17620a113352e9,4dac30b28142fc71237ff0892e7f29c1,1
c105b81d3a6a33851246796a88ff749e,9dfb2984ab775b6175202b9e9e678641,1
c112aadf98e6f6589129f78d3277be8f,437c05a395e9e47f9762e677a7068ce7,1
c11d593808566de4220559b14b75be36,7855801875dac05bda454284be8be7db,1
c125af60bd62644995ab41addb188add,c76ce8f19e21cfc8226f0551ed5da750,1
c1263a9c22f0a4e9d49ebcea620e5a34,c18ac1d6cc053c0ec7296b994ae6ffeb,1
c12aaf461cee6eef95b7ebe50a7a93cf,b6af4177bdc4b1acc9f8d9d52d614616,1
c1394c5fcba4e394bde37c4abc25388e,1d6d7be70107889e3193819aca4dc1dc,1
c142fd8186cfdd8c1ef9957f24a419fe,bee760e5d1648771c6923cc199b11ba8,1
c14ee009789095771e86aece808515aa,97017430754804328eb9597b7f85da03,1
c1536bb66dfe5a5f3f9547f58a085b8e,ee6c49af1a2de55aa0e076257ab4ab99,1
c1537c6f518d254b6d7060f966b7bcd8,905b384ac5667170689505bbf30f1d07,1
c15b8062b4d0c30fbce33bce7715eae4,f89cd865cac300a9bf1320dd8f0fa223,1
c15eed3881abc9e06763c989679c5094,6a2fb4dd53d2cdb88e0432f1284a004c,1
c16e0e88c09984e5956c444275f35f67,505bdfe93e66810bd2dfd42bcc61976b,1
c181ea8a3ec364246642e36dae84bf30,6ff1fc9209c7854704a4f75c9fac41b4,4
c19ce4ec557c4b0d86dc3fa47a542502,2cf9ec82c2ca858baedfb2c2e5c06b6f,1
c1a4802d6a1a6c5eac355f26af6f8f5e,afc244a6c3db6832df12a4b8b34f515c,1
c1a5f27b64582f59e32f853f93500a8e,f83c9874b5b5044ea58fef1be68c1ea8,1
c1aaf0e0e10e85bae38f799abe25e88b,aed29c4783b11ffad4ab0ca3d12654d6,1
c1abff35043c0e725bf14979f11a8e29,252dc1fbd22786a5305623453f8eaf8b,1
c1b779122d300719d8b8462a6e8d566d,a298a105818dce6878b787e4af6cff7d,1
c1c485afcd2871d243f7f3282b3366a2,64051126507bdb875c1baf5b3b5a9a98,1
c1cb06959712f05a747e13a554f44d4b,2ffdf10e724b958c0f7ea69e97d32f64,1
c1d2d2ee31e141c205646299371af1e1,5473286e93c7e00690574d686c02b868,1
c1d6df990d7abb2eb1d898aabb91c142,8c1167a112724e01fae2f8cb6e936bda,1
c1d6f0c6736f09944a5ae0ab8bb514f5,a999d76a7f3637ea493214fba43b5470,1
c1d6f0c6736f09944a5ae0ab8bb514f5,ae1d83f17a79da9d43ac1284316cbf2b,1
c1e494d6f24ef8ff4fef378b4faefd2e,d46fdf0e0cf02b09e384924d6ba77e57,1
c1e72004ebab4f632d1fd8c7fec05552,9b9d1c4bd979b93c138044e032f99780,1
c1f69ef3484dda2abe3bbe712c027f68,474f9f34cfa52ad18fde4836b84a3e80,1
c1f792df39a09f85c4ae6258e171e1dc,16bf176650a888512655cc94f61860e3,1
c21ba0e1437939ee2572b055ac33a307,03c526c6224e8b74620b3b1ff4d0f3ad,1
c21e32dc14bf1951f1cde9b3d149f35b,da051bd767b7457572d55aba23fd846a,1
c227131c0e81dd2b7daa8be05cd99258,beb1cc5b34dcd5fb5c3214a3564b7fdd,2
c23799a7a4ab562338447cd8446bdb95,d1c427060a0f73f6b889a5c7c61f2ac4,1
c259c8db30799313c68a6d56731821fb,7fb04722aba7a2b632bac8f9819796f3,1
c27c1ed0d6a18c5bacc8ee239f5717d7,d6783a6e939059f756562de164efc447,1
c2858ae4e6680baa31f5a6cabe4b8055,de1dab31e5f3737cd024f5fe44743fa9,1
c28c9e32edd814488cc6764db3066efb,d1c427060a0f73f6b889a5c7c61f2ac4,1
c29b0e9ba74c0fca0189b1b68436daf1,40e8b425d1a26e2d9cb77363523e05ce,1
c2a147742844075d9ecd7f1b17964a3c,0254a096e569c4a89b6870e9d4a65c3c,1
c2a1dac9fa3a12d8b2366fa901f0459a,d19c5ff1a4d4e8b0558536d57cf43cf7,1
c2a29d0111d9af12100ef59be89f5a2c,02cd69fa0c8bfb37ca444168927c1e85,1
c2c4da97389cc67625777ddca20faa00,31a550e5405c2f75ecd052b2106f1330,1
c2dcd18bfda62523dbd2c53ead8b5fe8,36f60d45225e60c7da4558b070ce4b60,1
c2e5e2f8efd3c8ec18e0c21d845d3667,0bea71972d0b439ab810f57a803344e2,1
c2e64d930487075593367a1ea29645aa,2362291929f77eccf5f5cb26029dcf90,1
c3026de69a46c492b925e7ece4d9fc94,9a78dffd6ee3b0b5ef8c7bcc3363cb60,1
c305237d42bf1fbafd47e1dd16046978,d1c427060a0f73f6b889a5c7c61f2ac4,1
c30d6ff9e2fca6659a28c1c9e89ef661,10717ff440b2320081989126e858b220,1
c30ef5697173679058dc8495d53c2e19,31c1d1dfbb4b2730140b8bd9248bcd58,1
c330e15c594fba46d26cc80beb73b06f,99a4788cb24856965c36a24e339b6058,1
c34a5917571c7ffe960785111bfa4061,4463c4f83cecd53e81653bab5b41a0d9,1
c38c4b830f5c4a3825eea988694fb0af,f7a17d2c51d9df89a4f1711c4ac17f33,1
c38d55780eb6ab54ade6029dfbac6ddb,1600dcf1cea8c0c83702e07b577ab231,1
c3a998f9bf142fb0f745c8a7ada028f2,8844bd4b8ca8f93603694ca2bceb77e9,1
c3ad6ed760937161a511dce97b58feb6,f8cdee3eb5ab9b7c357469dedbe2b6c8,1
c3b836aea9b06d84b1b9d38b41f137e1,110adb18eeba9a0984478ee3c9302e16,1
c3d1f7d1843910b559fe6ea1f7f09c7d,f324dfdc1e7097c078c8b2e3fb1dce0e,1
c3d665a278af5874f95836cde559223c,492bfd5c7a82cfd6dddccdec443b2ca4,1
c3dc6b915bf0b799fa7f374212b0faf2,6d59a3fe3140425fb175cdd1e688dc2e,1
c3dc6b915bf0b799fa7f374212b0faf2,b89603272c5e7806893eb03712a0b937,2
c40a08638e25d9ff9932fbf1fec9f155,e13f46cf68d356e0ac0f32058af20911,1
c41355e54aad18c85073d0c77dbe29fc,11fd9d7ba552e1d28872e008acf1e050,1
c41b61f4fa5e1b61423373c084975a1c,cb74508159c5743a4fd58445a3038a95,1
c41f490cc00d7e860ba2f20d525fca3b,d34e60a899ba1091792aa4bbac4cc1df,1
c420271268e6755e9db3055aae7ce17b,a80de388aa0d0380e27081e741f8408f,1
c434f0f090750e2947398421305ad055,3adf46dbf0aa2bcca9d6fc85e4e7c339,1
c43d7424f1a0af3b147e88947f5bb957,806cdc4d643d6c7b64d05bf4dfadf1c7,1
c458b7d924dbf3e547f4fe02a7229d9c,34f1d812e50cac90f35094208c67cc8b,2
c4622e15ef4017b5ead56fb99dd5e4ea,4182ad8f6fd91b6064f2d1097d8a4291,1
c468f7532d2c5542841d9d75a254d8cb,af322f53ac46d23069c8ce5a98632cd7,1
c46b3d824160b42c84227cf65f9caf25,eb40735d540d6ccdfb0b74782ba065dc,1
c46c509b0f184dbaa98821e375af3fbc,c7db7a06c8b856703729c5f1b2a29378,1
c472988a47385f32f643e80c99f65275,5d720fc5a34a02b8eaeff74ebf5ef88c,1
c4776e481ae20a17b45fdb45497a6874,ba34539b92ec1baa3a9c108b81cd8344,1
c4906d9f23c3ff2deb2941f5767f88d2,5c087f345e870429ec3ea20a49a79735,1
c493b8c381efad283970ab7c79624db8,6fd226a10216de446ea64b67ebc6d8cc,1
c495ae8dfa83b158b111fc7b8304f032,33cf505f7d94c2283766b8b1b13ef3cd,1
c4ac881f58db1a55366d4fd58128f7f0,41905505467674f4496fd2f6e9ebae6f,1
c4cee4edee9d85a78db3eb7990444595,e8b54d5aeae0ec3077cd89301a9c6023,2
c4d2b21d80e07bd6d1b8e170b9ae4d9d,dbd5107cd9a31627000efe028e81a5aa,1
c4d577a3b00d363c6a6e57d629b4b558,c3adcd846a294794059da678fb939220,1
c4d6a7f1826d3a1cd903387966764d2a,27e83703cdd809616f51c1d456314ed7,1
c4dcf192d129b8388592885dd24fc476,902f869d68a62356e8f9d054ad5e9072,1
c4e4beda841dae55b686660858d7d0e2,c73628b1c3144b2e0c9c88072f21a213,1
c4e9cde9ba2d7432bacf81d6b008ef78,4914f8796af2ecd359fd8f44b9b92339,1
c4eeb750bb290eee0933aa9f859721e9,33731b575da5eeaa98cd7c30b2c5c2e0,3
c4f47317fc0d0ad7ed8924267314064f,cfe9e8e1f0400c8cc665d41722f34086,1
c4fbb5a95dc900f4bd12838d8e8bf99a,f1c7f353075ce59d8a6f3cf58f419c9c,1
c508ad14bc3cde5d1e0bfca7ebdb77cd,68bfdbfe84f03af17733b10362f10020,1
c50f8b707f6bae0baa6fe4319fe4c92b,af2d506fb01b724e03591349ad36b67e,1
c51460dcb59443d89846e238653f6002,7bb73fff8e232153ed20fef83e34e84c,1
c52e38620240ce2fe6550e41f64fcdf4,9334fc63bffa67f685c03b1dc24df180,1
c52e38620240ce2fe6550e41f64fcdf4,f0aeff7723abbe804226f96c5b1db7ef,1
c54441883076342cdd91c5f17ea64ee5,42a2c92a0979a949ca4ea89ec5c7b934,1
c54724802874343ade44ba9e89f5d6d6,af0a917aec9cea3b353ece61a8825326,1
c561b36df059630e116a8d6594ec38b1,a2981aad285aa55f2b0f5f2e7dadf5a3,1
c564db557272ef1abfc07e5c2bd69c8a,92503fc18ca14a8f32c182ce3f1b9f05,1
c572fd6cdd98e87ea2bc433b6da21078,7e0dc102074f8285580c9777f79c90cf,1
c58f80dae9018187e447c7d13c29100f,a334304f952399f2161225628a9d2891,2
c593a1dca86a74c12b9929d08e6c4330,d2f5484cbffe4ca766301b21ab9246dd,1
c59a67c7f3942b4756a8e20e46ea5c8f,3a806ac1ab98107febb4ffcf38bc1fac,1
c5a81e2f10a9c66383423ecf9319185d,b5b5a82ce5f1987b7e670f37629be51b,1
c5ad44e41c6bb1195a7cbe476af25449,0ba14c257ad706bacadec65dfdb3b740,1
c5ad44e41c6bb1195a7cbe476af25449,b833b995caddd97b8786370988e32ee4,1
c5b83c9b5af60828cd494be9ee4451bd,3ff53c0418c367eb333906f83eff8fbd,1
c5bcedcd6ebd2da4ac7baf7ad44a5876,c348450d15a924d32e7f9b0dd91ca938,1
c5c18ee97e7c295ae57a2887c946ff80,ada800a927673ac73cdfbbd2c832331b,1
c5cb631ed666b1d427ba3c4cfc761c3c,5f504b3a1c75b73d6151be81eb05bdc9,1
c5ceeddba5d4bb5ab641b4041f746bf5,990ddab43ee46a1a76436796f92470d4,1
c5d1b0c941bce8ce8c2b3f8273684c8e,0bc26e3e8475d1df57c86c60c3304a27,1
c5ee29a7bd87f451fb68f5d6ee2d8cc6,92503fc18ca14a8f32c182ce3f1b9f05,1
c5ef4b508381ea9766c2d7e798985bae,e8ac111f2d0b0e9a43d2980d387d0e7c,1
c5f89253313f856b87d324ca590172e7,db24fc1b55a862f2a1f9ae1e4ef85e7b,3
c600223b2102c093e499cb6c4f6d8eac,5411e9269501a870cabf632f05655131,1
c606407eec8f9304dcd264811b9f0523,3b42242085259cb66b6e577ae5173c76,1
c62a8534491c4b91761a88a5d9deef93,21d7610668a41f5ef8f24bfa0e13b315,1
c64335028a4cef73ba5cda1786f497da,6b61c9889ff5ea54a786b54fff36251f,4
c6493ae5b5ae563a2a20a534dfd21cb8,389d119b48cf3043d311335e499d9c6b,1
c655482e341138b41ea3240ccc43132c,076e4ce53c8914382e7ff3732511b17e,1
c6689d9dd7d6f04090f33764ed5e94b0,877e380ee3bca2827be3586e9d4b7c84,1
c672861bbdf2364414603b0b8358f2d1,f177b434709ecb652dbee4f4b19aef2f,1
c688fdcdf9d057a81a25e0ac6e2fb5da,a0eef953cb25bc9ae40457e1c3c82946,1
c691fa8d8cf769ea3b4b02572b606a6b,3a3f0628722b2f548673a2f7f5fa5605,1
c69c9c755315a1cc8e9982dbbf8ccb59,1d2498694abb5754d2a497801dc4900e,1
c6bd3c920258b9d27dc6d8766cfa0b90,620b45f968a49556658d15ef8560a30d,1
c6cebe6d701f46a67554d705dfadc7cc,10714d6a49c0af9ccdab2d806887c5f5,1
c6dafa651522bb3afcb52a2b558f3236,6c3effec7c8ddba466d4f03f982c7aa3,1
c6e9208594de0ddb9c87118e75b7363c,11dc4053871ff53ff79fb1fc7e6b160f,1
c6ed2e16266071745f007c94a8c009ea,b072088eb78d8d816d4c80cb1851a6f6,1
c7282ae2ff7ef253197c18a28d80fdfa,9bb8ca338e5588c361e34eae02e8fad6,1
c72f69d9a10067f1ed55e5e682f9f292,aef8207c2e91f4fcdbc0824737abf358,1
c767121cc11b2c981fc93dc686c8c9cd,a9fb80187bf64d19dd2804f25e83c5e6,1
c769ac7a0fe2aaefe3ea85249f0aee54,2043cae78c8b731c405c7329a05154b2,1
c76b3c74f7a361753f9b9cae17614acc,0a5a2b08a41a3a61ee984c9445891098,1
c770815b9523cc958ee5ba09819fcbc0,f332a0203f8106d982e2e9dcea4ec7a5,1
c778451490bd2d62f6748492ed4068ac,49196a215bd6514843cebf65ebbe52c0,1
c78bc72d6f37cf261d7a381fda4bcc82,c9c455f9fd8ca66d3ff7f90a249753b4,1
c796c9785a45472c03b45277e6e4c2c3,ebee6703e867082f455a058a8bd04092,1
c79ff780f5fc0e20fd2ed4de186ef34c,e1e932dfb67414e80b87ad97688cf2a3,1
c7a126e599b16391681b11a1ca602b51,f745d12feec8eda8a2a4cd70bbb9a067,1
c7c0ba6613929d7d0a82ef70a992a184,fcde1899043318107d8f0ae043f69bc3,1
c7c339e6571b455cb8d45a28d75cbb60,dc6217e7f9d8c15039ca95b702ce7e02,2
c7c5b46bed1f822b95dd5c188664e345,1fd5b8526b883f92d22dc09cda3031e3,1
c7f2aa41726d05bcc6db32812fbf95ba,d9bdf643d95cb89844c0da1a0df1d16e,1
c7f920a7b4aed73af416b5fa6f5c5584,89f055104adb9365d7f7b5c475f77742,1
c7fd3571ba905f15ab33cc108103bef5,10717ff440b2320081989126e858b220,1
c822622edb0cb46e29a0a515b9c814fa,4af84afb6aeb941678e2c3c56ee66343,1
c8264ac3fe404850da5ff804eb71d719,fa39c60599eb6573020f07a1b4dd38cf,1
c82a5e4fafdbeb34f08928ccfba27d14,45cfee87da128a8f939226bedd92a72d,1
c83917f687bafbad026f914da0515ada,5f2924ba89d5561b2b24067e375b212d,1
c83db752df8e7cdaae6f13ab0c2572f9,73824b1ce8126cd05ce6e1a0aedb4797,1
c859800e47b268489f7ee387c913a409,42a2bd596fda1baef5719cb74f73030c,1
c85f6a8bce5909206d682c9111404212,2350c74f45b4009cbdab3fa73396c222,1
c864ab08bb4dee24abda9f5d464194bb,75c06ee06b201f9b6301d2b5e72993f8,1
c87ff79f95188fd3ca370993eaf04d7e,0aabfb375647d9738ad0f7b4ea3653b1,1
c8a0b7a3747bdf0764e839a4d1ec1d20,11dc4053871ff53ff79fb1fc7e6b160f,1
c8a2e9332221768c8df71f0936227a05,8434c9cfbd72cba6e81064e65d2f05d7,1
c8a5fc21ea39790afb9055fbaf1b430a,b2d98b6f547c14e29a9e72b8e630d936,1
c8a973f6bdd3f34ad7e9bcc84e9b6fae,607ef4aa416b93fdeb2a811c2c73ad81,1
c8c205b130f46434844534e728a14046,ee406bf28024d97771c4b1e8b7e8e219,1
c8c4e5f83e41a1c32b287793785cf3f7,06c6e01186af8b98ee1fc9e01f9471e9,1
c8c67eae0994c44a07fe8cd2c5e54caf,a270b2f4aad055863b643395b987d151,1
c8cf892530797a54796ba8acf1209885,53759a2ecddad2bb87a079a1f1519f73,1
c8e2333d8f0ccaef016c6b1a1f28c0f5,1427b126f61597524866770b05d4eed2,1
c8e41791508ca5cf1fe0d9d49c75cf31,20daef67faad9f39084ec8812b1dc6b4,1
c92227c22263d46ce0163442bb544995,44a34214a57dc373dcd80f54c919d006,1
c92d229c20d50e665239023196185345,ef0e165d773ec293c5aeb5470a08b183,1
c95b52873284e1f5cc5754d2e926d919,06edb72f1e0c64b14c5b79353f7abea3,1
c95f04df0950db371171123b5675448a,a2c75a23c2f838881dd4275c0cec519f,1
c96136313df64c4c19f3b9cf172f6b88,1aba5f6d342892bef219db99ae29f029,1
c96136313df64c4c19f3b9cf172f6b88,f9a4667b264a6823ecdf9d1ab8914faf,1
c963a11c36f0bc769bcf6ae11d514fb6,283dc451ad3918badb976d56ff887289,1
c96e4b1faa66775c112927045ead1c5d,e83e378e0d9201ebc31bbf3ceb57f9fe,1
c994d6b0515f1e1fd246d40214d32fa6,6f3b5b605d91b7439c5e3f5a8dffeea7,1
c9b928a77a8b9f620c9540746d6eeefc,5a848e4ab52fd5445cdc07aab1c40e48,1
c9c15abe8d61c9b312ba5dec770a4991,d8a3b568800dd60242c366e5e02184e4,1
c9c813b7dbdf3fddd1e25b8581a58f19,ce7757befc6e69c9a3c2d7551ea423ce,1
c9ca9573fa99e8e7f281d4ede1c2d2ea,0d86ff0b639e969a11a7b3dce67e181c,1
c9dbab4b73e48bd978bb5a5114ee6e3c,1e297be46cfe3e932c4faf1c0ae329a2,1
c9dbe3e1a4c214c3108f070b12699783,9be9fe1899a02ec308ce97368cf4ef9f,1
c9fb84e88f11e478d569305888e89920,29d5359e5182f2c0632e139faf56b663,1
c9fe92fa60e20c4175118d51cf0cdd9c,dd0dcee76f9c12fff4bc0eb641d57c7f,2
ca0c06a18dd6faf5e07fbb8da4f32257,9bb8ca338e5588c361e34eae02e8fad6,1
ca12928b99154737d4ddca22c8ae99bb,235458528f907463ec55ebb1e16b69f0,1
ca12a8820b7c20dead023c6604cd8f00,c8e3b23381d275296ec611061b616789,1
ca1a7da184d06f128df4600dd61381e0,99a4788cb24856965c36a24e339b6058,1
ca1cdd20afd582a805c787951ba0a30a,954ed36fcf28237749ef5616ab0eff87,1
ca3287cb9c0f12ead0bba50eecfd5c2e,3cc4b421c1f28dd22e86fc4aaafb600e,1
ca54aaa4768b5a9c668f503810b15aca,84d0e98e468edffdfe4f1f5b178d4ecc,1
ca618abc1a2b015a670d47a8f7694612,c4baedd846ed09b85f78a781b522f126,1
ca642c7f935ab921b7a1b5cd397b2372,93a12c289ca2b78e7069e469f5053ef2,1
ca72bae56a62ab7ef618c2d480419281,1529199a7d88ac40cef5b4a508f18f2c,1
ca77bde16eec6e0f47598d105c08899c,5c17779da282cc147ca50c6904cf3d01,1
ca78e91b282bb706105233eb5762441d,291cb07ce0a3ea5eb460e950b8554909,1
ca8cf5843bcd138bd1e81ec9f17531cf,2a2d22ae30e026f1893083c8405ca522,1
caa4a8bf3eee527d50ea671e39e67ac0,ace2ee0158ebad178e6616ad39507b8d,1
cad00c68174433c042bd102e1dcdc31f,b95dbc4fd2649678edb475921d43bdc8,1
cad14e9f8dacf575e0b90fc0b9415c49,1303e8674814cde0e8cfe7d796d6a544,1
caf69cb2c6e8252358df8fabdc9544f7,d0c59b22539b0b391e5834a1dae7caa8,1
cb0ff3021c7b4f63e2e80cb116569537,bb7e168a9be3d6ead7cfdc295a63864d,1
cb5ef95029aa695df3bb2d8e454fb78d,0a41699cb57f40c605d3cfdddd61673b,1
cb633030180d869d7bb76aa783a78b6d,952670bc019a73f0933157ec82ff6e4f,1
cb67d30fd05843c145ebfa22c1bfe3fe,40002041835941ae0e10b9716ab7b03d,1
cb747ff2bbd153974250e103487644e5,aa5c7ccc97c30087e5183ed27708905a,1
cb783202236a8f0f033742f0381fc541,9154514352d1fa2118cef7a94f364687,1
cb8855bae6bea36802fe3e297ea4bcf2,dd0dcee76f9c12fff4bc0eb641d57c7f,1
cb93948c1a93db0f9f2ccb86b85efa6e,ed77034b92386a1a8cfd3c648d715dde,1
cb96e80748675729d4d3857321cacb26,a453b4ccccf554efba31d5ada5a59a60,1
cbb95f8f386e54a6f4f41134f77bc78a,a1250bbcaa645885c9165eab1573b5c6,1
cbbfac864bf228e31822cc3b8adfcf5f,461f43be3bdf8844e65b62d9ac2c7a5a,1
cbd55dff082c38949f4a03a3719c3422,9ce62e73b4ea1a6c74b68ba57aa1333b,4
cbd97d7b036a5039e4b48265b7a7a310,afd34b33969fc993e14ae949c140d527,1
cbe770134a298f4be223c178e2220c9a,e85d91619b497e98754390b6198a9818,1
cbf7ae8bd29c80d2aa52706ab5858a74,964093075b6885bfcc6520dd216e4d8f,1
cc0bb28cdfe5d4b253bb404efb6477a7,657aa59c6c58816ddc4f86c51a2759c9,1
cc0cd7cfb34e6249da817e50177dcc40,3a95236711511b32855804d3a6287595,1
cc12cc40c551d10e0122e34d2f0e1342,f07dfd51b27ae763526ca43745920b7d,1
cc12f903cb4dfe438e7cda0765a8cbdb,40c6bf0ca8c0c5dfe779fd8c08a1f326,1
cc24d407f07daffa567db41bad83a529,3b66a296f7f9d4a5aa79ca89f460af73,3
cc24ed2ed67ceb1f6d4878edeea3aae8,1285c1d5b4365dcc8b7b0c34bca67242,1
cc27bf63205ccfdc2bd7bc007c8b775a,4c2394abfbac7ff59ec7a420918562fa,1
cc3e81acaff70da9f1f6bf9fa1430550,99c97d191bcc87e072acc4521bce44d4,1
cc4d7af7a584bf8b5bca2dca7e2200c5,fb7a100ec8c7b34f60cec22b1a9a10e0,1
cc4db88e38bc31a614fcba9423ed8c1d,f60836d2827709716e30c6f0eae78d67,1
cc57bf7b13c49c59095d09da7a63abfc,154e7e31ebfa092203795c972e5804a6,1
cc5eb0cc159057a89bf808454eab21ca,7fb06133a9a56c3d8a2819e9f4d45422,1
cc6a4635d81132a30bd989836fe9ff82,8203048d6e95e42c60a24edf3425ab90,1
cc6f32c57316a3ecd76524cc0af10794,a247560ddd8592a3eed82b43f60d9f27,1
cc77edfcc062dfe56fbd88294db0a425,1528d0673079ce2d79d29753b800d76e,1
cc7f125c5af9a10f69d05186b36fdf3b,0c8b6b6e4f9ee5fe2c48d6cee4c69bc8,3
cc89835f7bbd6f0ab15a0b5594605998,9e4d5a527ce5c7b4fd84f460c035c3c5,1
cc991d49b1c85603387b0e1f16c57474,ab959a147167f22f3e0c05eb06845771,1
cc9ff086a2bd5f8a324fce11bcd7055a,211f62173e6bd1cf140c0b05ecf78cbe,1
cca02c25dabdd47a2c93cd1b2391f3c9,500870614ddcf5bd84f7d26861026c8a,1
cca900d7aa2126cfaacbb583cd0432e4,55b71bf300a2765a382eaec566df531f,1
ccca5460b81ec0475ec8a506b25f5cbb,9b9d1c4bd979b93c138044e032f99780,1
ccd29dc7fdb34938b17b1edb309f4144,f422d0d9f8b5f7c27289382b14b61248,1
ccd67b62873f83da80201df2bc4dcf3f,fb7a100ec8c7b34f60cec22b1a9a10e0,1
cce4c1ccdf5bcd5226a1265b9e1e9ea4,920840f7899b13c467d223950c89e9e9,1
cce86266bfd092e3938fe969666f1534,8232a265a535c1f886b38335667be2a5,1
ccef1b0140b0978b6b1bbc28e54262e7,aca2eb7d00ea1a7b8ebd4e68314663af,1
cd00039f779735fae733fbefe4aaabbe,687865b021641ba258e6967af27301ff,1
cd259f364efa4e2633c2d2d2dd6f25c6,ab169b33d13e5041b9b9d4a2fafce9d9,1
cd308a85bd46a37859726a36c43ba71f,667058878eaaa9a381ed3e6b1f8b8cda,1
cd468aa55db7ae88a497a08f2f05bbd0,4ae634441e444ca4bc85903cafe98d73,2
cd478939cf2d29034aef4926535ac730,7f55769896fc6596e7251490b8b5e536,1
cd5bba0660517b2afba428633d6905e6,3a264b078bf20e98f315ff65c23fa263,1
cd66c6ddcfc749e99c24294f5c10d76d,f8b29b398eeec313dd704d04a432af3a,1
cd6bb6cb42e1fb7ad795a83702d6a27c,d99a9035db5875b38e59f9f55b9548f1,1
cd76fc0e4f0234fc6bdf0bb3898f31cf,17ad136b7421ea8690fded631b651158,1
cd76fc0e4f0234fc6bdf0bb3898f31cf,b01d34f6d2545269d348181768eca049,1
cd7df89ab76adcfe3e1b4a36b042b081,2b4609f8948be18874494203496bc318,1
cd7df89ab76adcfe3e1b4a36b042b081,b1acb7e8152c90c9619897753a75c973,1
cd8979d14712c57fc193aecac517da3a,b395922ca8e9ba82b2a81822968d0cf5,1
cd9b65266e937da76d5203621315b8a8,363a742635cc645c207ce8102de9b837,1
cda60b855f79e10246781d30a9fd7be7,9f2597e311355defa12f1491420d40d5,2
cdb2d7e08c5243701392d8b232a8a6b9,42a2bd596fda1baef5719cb74f73030c,1
cdb2d7e08c5243701392d8b232a8a6b9,430f4c8e02bd4e1fe6330c38689b54f3,1
cdb44232ca3c9151d9d4d20dda6c619f,0fbe487106cf1d260fa38c000eaa0dbd,1
cdbc634c11939aa969432f57aa566414,dfc767a34d7f9f8ee72a3e9b5ed55f89,1
cdc8a72f10450759bd9aafd76c7a11b5,6b00cb3fe05c73d0acef3fd949a34c0f,1
cdc8a72f10450759bd9aafd76c7a11b5,e3af4b7c220aca1535b34416de24dfb7,1
cdd087251239c75444a11351151dfd21,88dd63919fc9ab693803578a04a20209,1
cdd203a140fbf5320bd06b0aa17aba3b,e53e557d5a159f5aa2c5e995dfdf244b,1
cdd6b7850934e9ef0662f077d0d94671,8aa6223e400af9c97b07c75993142721,1
cde31cc8cecb7f5bd25314f2a836b3d2,b8b426747049f2d3d6e00b486d47dedb,1
cde45df48b2265ad922b9d820ef49323,389d119b48cf3043d311335e499d9c6b,1
cde9e63cc5a4d4ba61844463089a1fc1,41e0c51896d728080432ffa1de66e992,1
cdebdd9b0e6d04c6a6c2ac526fc081e2,bd3a02d6af913ac8e4c07501e2a13dd5,1
ce044d9d17e942154d8b9d2e45da8dc9,e6d3e381889aa6e9d222ad50cb30ac43,1
ce0e4aa2edb8897873ad62d4e345aed8,baf838eef08270cb85e35803d2ec2572,1
ce1e86a6d856ca200eec30b35ef6f1f6,0d85c435fd60b277ffb9e9b0f88f927a,1
ce29c5c31206878e5e352c5e1c63c50c,8c591ab0ca519558779df02023177f44,1
ce3e30e0a69d1fac23013ad343cb5727,0a5a41c678bcf81e041826bb24eb0b01,1
ce5b62e98a5241ad9d691700a0b0c47c,50f5f13adab483598dfb6a40afaf70b6,1
ce5ffe8a8840252e27f3e8d915bb52ab,473795a355d29305c3ea6b156833adf5,1
ce705dc93f963a4955ad071b24a8fbd5,11875b30b49585209e608f40e8082e65,1
ce77075ed8a9f941a7d9a3f6e6aaffb9,6cc44821f36f3156c782da72dd634e47,1
ce7d16764477add502f5571e29f6dce3,96bdf83ce8bcf48510e8a8ab8b5fb660,1
ceb7e01a91f28cc8b5e10d35c7a7f376,bf35317e81a1e1477a2256328bce9e9f,2
cebc471c85bf6d400cd4ee8a664f8571,aeb2f7fc62c8a2a56ae6e2f1b04d4e62,1
cec0f9df31c64636ab663d68079cfb2f,bace90a7338e9d31371ad47811cf4c7d,1
cec58a230b3feb0e56a802540eb8b28d,db1d1a4569fdbae28a0d3340d907f7af,1
cec6b62ab6844c0bb8234d8fb47e8c19,593bdcdada2c45e94684f7bb36ca6cb9,1
cec841303d49ca5ab4756e8fee1fc554,fb55982be901439613a95940feefd9ee,1
ced8cf14f3a428194fe15bb151edec3d,d6be8874a210252bd164fadd394d9e95,1
ceecf302e4a8a4018810a27e9501d422,73f5461cce8ab8a4db14936789113bfc,1
cf30c6199e7242dbdd316851a3ac1321,0a17941f41b99d2f070fab54b458a4a4,1
cf5186e095b1b6a663be940b4b4e6ed2,0faa4ca558654b554d4d09abd8fe33d2,1
cf6ebe00d7f37554fa8c871f776dd0bd,24a014458ccc6e989b4fcef5fa71da58,1
cf77e5af5f520eacce45789f54a49312,a84d0660dbffebf352aefbf1a6b18d00,1
cf77e5af5f520eacce45789f54a49312,ed836edc15625c202f6ba85dbbe95c3a,1
cf7bd0afe75cb2a81bfb9068d7be48d3,486cebbfac430b06cf0aa980b89a3543,1
cf9ccaedb1a62b0d6debd90aa491cff9,aecc6705d25880a6fad90e305c32d875,1
cfd291abeecfeb65e06539b6fcf99b92,68361925fcb61b3627e79dd95137ae7f,3
cfd94b7371d772037e785dc4dc6d0b41,ddc9cfae6aff4793d37c7224d3ee1648,1
cfe75ab6c94e28d2fb65a562c7e729c6,c6ea63369936552872ae890c82175b4b,1
cfedf8fc9bf6108c3fd34514c00be6aa,b746f0f77468910428130facb2ee2d1f,1
cff157deadf46de66ac1eb7ead76deb0,f18333439cbbfd0ae30acf09ae09c0f0,1
cff1a732b941ddbd23d5077665a42e93,76acdd98759c649f3b6ecd0dc8576c8e,1
cffc1605fbd8f27a7b74170511a65263,abaefce0c17047c6829ff4078f2005d0,1
d003364cdc8beb1c87e73780d7fc9d13,90fe2fe298ee4705129235c33958fea2,1
d0059e82d12bd59f23e4e09b322e8d57,77cc62dc80ebe12a0452d1ce0565acdc,1
d050ccd8fa4f60813134f7bb409ca04e,5c973b4202aac5c372a483e712306f4f,1
d051e78ab899b602d57f5edaca78bfbe,95ffcc544c6a973ef0885c2017b54318,1
d058d9531ed27a9c3be60792c94f0092,aed75ad669fbebd5a385ac7cc2ae7573,1
d066605889f2209871ba356e9e602fa6,d5991653e037ccb7af6ed7d94246b249,1
d06700a6178066421f3bcc4e834926c4,cf6db73155e09a3583117d7dbeeab445,1
d0702c4f1152606a119561253565e15c,dd12ee0c5287865a05d9a873944680bc,1
d072c90b439c800b42e872641a87cc66,17b9f231d057710012fe28e5a1ac5186,1
d072c90b439c800b42e872641a87cc66,27822f63a7f1bbbf439dfbdbec05b129,1
d076efdb7799c038d147359520222208,0d60ec9cf77726af8257bc483d038a72,1
d08e3e3cbb6022d92125e7fee21d8d26,357a9e8a4b691ffbb0f855b23d490c4e,1
d08fb3f54daea61a14946491f8cd4ad2,14555ba663de8689feacf1d0819cc3b3,1
d08fccfa54819f3ddc4a30e30b4a0565,aa4c5e610242fdfd79969a9577dfe112,1
d0a5cc1c6a1375f5ff65ec2ad6fac14a,5f504b3a1c75b73d6151be81eb05bdc9,1
d0cc28a5ac316de296f6cb3babc9e665,03e4e6709b7d6415746769c0bc3e9131,1
d0ded10ea1879d9144131c80f05be330,b1d207586fca400a2370d50a9ba1da98,1
d106918f73f119d9ebf155a753135f40,ceb43e52119b25c8f2b6049a5534c339,1
d109b1553c5fe3f171e2f453ea2064ef,99b89f140f651db441848081814dd1a1,2
d1176ff41d4334e95bc110c2c76ade62,8844bd4b8ca8f93603694ca2bceb77e9,1
d1317c0d26ff17cbee1cc9e90ab521ab,e2bb00220a167d9e60b6776ac33717bc,1
d14027a730cc5d88a590a3f064637591,0b039b61011417822882815943f13dac,1
d15c4eb0809f83e4b72065c920c69e1c,c7a0c5a255508dc7cd1302da2ec17020,1
d15ea99185ee0b8f6bd7de88a8ee9444,6987398dff454a3138231540e2a6ec61,1
d1800078046ed2e5ae1b0792b695c56e,0561435e3af107a3bd2104466ad5985a,1
d1800078046ed2e5ae1b0792b695c56e,63cbf4066cf395d6634831160ddacbbd,1
d1926a6e8068d2bb5d6439d80a52c8df,980ecbcc15fe174ec1e5757c4d75b1bf,1
d1af1251ff8b9109624062f710192be5,595e2ffe6a4ab5bc42d5e6cae20f2e10,1
d1ea8164411774eb6b46718f894eaace,588531f8ec37e7d5ff5b7b22ea0488f8,1
d1eae5d8fb3c1a1472eda31a5f9ff3f0,151f6da73d1f11e1a75553f0281d19dd,1
d1ee885105a18181bf52979a83068e2a,5977232d42fd3aaa6789e1f50933661b,1
d1ef0a39a9f8e5015b05e2501b8006c2,53759a2ecddad2bb87a079a1f1519f73,1
d23dbe35b79ea70cff4cc930c890ffc5,9041a4cde4a900bc259d3b1b6847f6b1,1
d23e3624d75a5bde49758e281e470174,802b191477641b98e903230bcfaa2a47,1
d24b43d7e710defda63c9bdcce01aa57,aceab7cb5e3cc8e531d7e0fc7c4cbffc,1
d24d71f630561a1fae69125e435ad612,f6ce2f79a280fa3c1ddc114d34ab273d,1
d262e8fcc210139d0efa2bf2a24fc0ea,d6b4d1a0d7b4224aa86e3ceff1d78217,1
d266372ab3c63af5c6503c9315b213e2,6cf14dbbc3b753384a72cf9c57119063,1
d26850649dd913b91764020587e48f43,715a15449266fede35b4a667372a2b11,2
d268eb5ab77b7f0837b538ea3856884a,5b3b5f9ae84ca9ead3138b199420cc94,1
d28371caf7435596262c5c40a6a9c325,2a00350b02e85228f3a3749f39ede66c,1
d29e47a53896a15a89594f91b919553f,473795a355d29305c3ea6b156833adf5,1
d29e47a53896a15a89594f91b919553f,6ae7f4ef0ca670ca2609d039af87d057,1
d2a1ddd88d7fe00e725ff1b57aa1778f,99a4788cb24856965c36a24e339b6058,1
d2a2e802df597dca467a3bef01ae131d,4bb4fb9c85785b75ab4f6559900c7ca1,1
d2a90be3e7253852568d80763b2df91e,16cc7a098d176187b6d8e9519fa81585,1
d2af3edd6b796f2a252e76b0ecce3fc8,15b3d4c8373cd64166af5504b49d289d,1
d2be4369263b5ac03ffff07e2aa63967,23365beed316535b4105bd800c46670e,1
d2c5dc31f86d6780700991aca2cd59cf,5411e9269501a870cabf632f05655131,1
d2cc2064cc10dfe0fb9d2fc6ad12884d,ff81cd23251a357a120054397a01849f,1
d2d0c24e073cb688382000972536c1e2,f75eb66dc82bccecabd706bd441cfd3a,1
d2d83da97b053656de05c3a2184666e5,06edb72f1e0c64b14c5b79353f7abea3,1
d2e68d3ebaf2dc8deaf4cd28ec5c9da7,ffbfa9e143fda4420454d0f4e88a3cd5,1
d306426abe5fca15e54b645e4462dc7b,ee406bf28024d97771c4b1e8b7e8e219,1
d30c5b4b3b5e3156670d70ec32e26476,0a57f7d2c983bcf8188589a5fea4a8da,1
d30e1ada49b2fba761241d26e815e6c9,d400b62525c30cb8ec0786613bb0d93f,1
d312c73308e9c429a61aab82e16b7f6a,6a2909ac21d16b721e4795e7e8ff3e68,1
d325c94c9291ed4d4eff97bc40981b6a,6e4d0d0f95ee20729970abe6ad1bbe39,1
d3461ae5a1fa3912e80af3b7a64aaa4f,e8ca14b6c60a3194f2353bbfe0287bbe,1
d34d3389bf81798f3e74dc622b038a95,acdd9eaa79720ca045ce3768250b8e47,1
d3583f0406695312a26cf86a886caa70,173d5a1b6c4ea4f41aafca840646d240,1
d35fcaf8e2d179c2ad758ae8beadc501,777d44411c685bf4d03294fc52d263b5,1
d374f2ed1fbdeceaf653e5a48796c12d,36f60d45225e60c7da4558b070ce4b60,1
d38ab5feaeb102e5990e4a27c69c2da2,bce12dc098cfc1fba81141118561959f,1
d39c97549a412a82dacf30fe5f144cb0,7814c273ab16783d73a9863ebfa8b141,1
d3a05bd8ea655c5e7d56120b0b23669f,57c580a8fbf3d8374b06bee7b6f4ce31,1
d3a8cc265821db8dcbc9fc1c6cc30ca2,f7a17d2c51d9df89a4f1711c4ac17f33,1
d3cb6584f820e1ade0b4c054fe5b0e1c,b36f3c918c91478c4559160022d3f14e,1
d3d640e9dd196770cd7e5c848e8a8152,29b85c2f1ec5f4d02b03737a8fd3698b,3
d3e29a43c924fd6064e10fe50ebc8925,27ceea27f2ac01a3b74b92e5b0a72a29,1
d3e368412ff575eaf086a0fd6aa37cbc,6c3effec7c8ddba466d4f03f982c7aa3,1
d402764a7ce0b2bc443330e94523f26f,c708ba7c6269161f89ce0683cdd7c432,1
d42ee2c04270ba237933c8bdd5e1c761,e0d64dcfaa3b6db5c54ca298ae101d05,1
d42f9f5f246e48d21bbde0765ca3640a,ad88641611c35ebd59ecda07a9f17099,1
d43036b76d556d450d0ffe9ba9368ee8,9453bde60c4ee52155c963641736cfc5,1
d43f51543fb5e83578f7ce4f13fc49c5,52b4432d5f2efc197d3e792329b38cec,1
d44f8f91948d0fce5a34a2fe6c7d27c5,e9def91e99c8ecb7c5cef5e31506a056,1
d452a5b89cea2506ed5d8e032964787f,6cc58e27cae22a37b784841f0e4fb647,1
d473db85c392fee4f94c300cf4ddc792,cd48f265a63e13b762601f5f794c5fca,1
d47f8741df1a3ff838352d123a9c0a0e,8b6ed41158b194711f83b8da92757544,1
d47fe71e04e3e2ef9345538a49cf9935,4011494d902f1075a502ffe9432186b3,1
d4912628608c865230b81b506ad14c39,4c2394abfbac7ff59ec7a420918562fa,1
d4a482cbaeecc8d8bf7c2e5d38fc5898,4fcb3d9a5f4871e8362dfedbdb02b064,1
d4a65aa3f22563ebd6dfa3d71eaf9f3d,ce8a29973a1fed3f8d22ea5514d9ea07,1
d4cb12cb60df727e852cdcd3b6de1a32,bbaef2eadf31fe3ea6702077398be06c,1
d4d6670e1258513bd852a41914b4f1f4,bee2e070c39f3dd2f6883a17a5f0da45,1
d4f12ccbfe1440f1b0b653884eedfaf8,6917f21a7df770ef60ec45dd4714abaf,1
d4f7e997120818cc9db564b522ba2a80,1341fe21db99218918b57ca553968a50,1
d4fb5e0c3c6784e683f2e94ef85c7708,617186c3d97ea56c9c683a8a3974e8c1,1
d4fd73b5eb04da7927786173ddbbea0a,e0d64dcfaa3b6db5c54ca298ae101d05,1
d5143b89d2bad5d3174eca1a2dd23b91,08574b074924071f4e201e151b152b4e,1
d52cc5fc2dfff382fa124c800a0feb3a,439dee65f97bb5e70b021e1e7cf54a5e,1
d5308480b0869493b69ce2bec1c1d415,ddc81cd8c7351f13c000bd8294c3201b,1
d53782279acdd8fad99e3908be8bbcf1,2d4086091519b04cd687a38e33dc276c,1
d53b5ff572a5e5d237b0dd64260996a3,76f71ec385ad031b06d5ad8be0440260,1
d540d60fe6d15e39c0e5e4a0467de4fc,749d3e9ac43e769ce6245a97630f6543,1
d548e62990093d77a050736b912714b3,13e612c22099fc74828d121f7a057e87,1
d568e7d521edb18c32a390f5862b9783,63ee501f72520d5ec54cef5fd3a21a20,1
d56e7f4b619c4e92bb318fb9543d0015,c3adcd846a294794059da678fb939220,1
d56f09ea0b282b3dff43d71600d7b053,84a87daa85c8b432d90bc1baa0cb4388,1
d58c8453a61c2b4abcf15e051200635e,6630485063578b527549697547ed3ed5,2
d5b02fce9c3b6d335a9cf3ce1163a8a4,3e4684507e866b7418a457863bfcd3fe,1
d5cca9a06792efce47d8a9aaf94446ec,9c268694cc413affbf3c27d05ef796d1,1
d5d283ecd2ff8e6ade52ffd58cdcbf28,e6407038bf83e03733094f3d6e3f92f6,1
d5e655381066bfb09f3c2b5bfadbcdee,45dc66388e0aeec2e8baab5572f2fa44,1
d5eb02a8c975623581be64cdfc05d1ce,16b089babc44efe9db1fde71b35d1252,1
d601beb029e532aeff82426830730d49,e43443a05db61acfccaca5876b804ba7,1
d605f9f01f069c8665dba62d0d8de501,4e04b7c4ec31cc8172cf3e5b863d34d0,1
d61ef81ec4518a527d7fc8cfd015e0ab,99a4788cb24856965c36a24e339b6058,1
d61ef81ec4518a527d7fc8cfd015e0ab,eebbed5ed3b134eceb717496c47652ba,1
d61ef81ec4518a527d7fc8cfd015e0ab,f05901e010ebaa3924276751a35e6004,1
d61f410054ba09f3b01c47ddcb280529,aca2eb7d00ea1a7b8ebd4e68314663af,1
d621fbec7b4a75ca6a753abd248e9250,6cdd53843498f92890544667809f1595,1
d6243b98d81e3ac0330d5aeca2b78b5d,4845d1421cd53de09a405f5f869add3c,2
d629cbd97a483b5a37661e0a9b9db9e2,5fc3e6a4b52b0c414458104ed4037f1c,1
d63ebc611617ecd6acb37f274224062d,2423252b2432f1803e4f29e0974c6cf7,1
d64874264dadc5194c74b21d992eaec2,6a057a401eab3b3cb8083d9e42972233,1
d650366fad052046dd37d7438aaf5f74,0d8ce3ada96b62b2dd49290fceb45d0f,1
d652330fde451d2476a123ad0650bd20,bd7cd34fc6d02e730221b11edc354aae,1
d653adc18616e3bf4070236ee0041627,c03d44fcdfabbabd5185c8eb60f77aea,1
d653adc18616e3bf4070236ee0041627,c43ab4269cbf91b373263db4c2973cad,1
d65d3879ccac114a8fab42f26dd67a51,d2922b1fb6b42799b0ce075cb0acc26b,1
d6b09d23b3031fa9b3785989f4a635b1,9fc96a5f44c80640e0ad172c9ff13703,1
d6b7e7a65f2950210e2cf71bb27ef66c,ee6c49af1a2de55aa0e076257ab4ab99,1
d6d256a476e32cfc2b4b0bb56142c7df,513721dadfd93bcbce9da4d3bd67c06d,1
d6f0573b711861f4999b9dcf22903bd0,72a30483855e2eafc67aee5dc2560482,1
d71417bdc4732253d051aea71d4141b6,f9be8e0e5acd947d8f49dbc390b9ab20,1
d719eace562b89db5f0f0f627aebdc67,4c2394abfbac7ff59ec7a420918562fa,1
d71a8cffeb2a8ca4ad2375b72d94c8ad,8470bac0f1a7439fe183013eab283534,1
d737e63d3a5d786844e474d5cc21d6c0,914c9e9af640dd56f48764a225b00f89,2
d7486181fcd6b7aff07675c0b2d5e0da,c6dd917a0be2a704582055949915ab32,1
d757f3fd109b21e730d6ca8c9df50908,3aa3fb2fdb16c7383879e48a574fc8ab,1
d76d31867325831b69004537e58f7e2f,2ec00000248555d06c4dc55425cfa871,1
d782082d67302107f082c112b324aebb,8abc2d73b55855c07b6888d4b21b3da6,1
d7837537f0fbe29cade1ee024539bbbc,c5736c891e81c20ebc49de62980c1136,2
d78b10aa6001a8a94c47d2ab0d8291c3,f1e2a5604f4589523f0c31f15e3fc6cf,2
d79764082a836f215312d98c964ce478,e2c843e2762213223f21e0206e3b9d9d,1
d7a4e554d11cb0d1f2695ec77f8fefb8,7d839fe5a5adb44e9de8e8358e031a76,1
d7ae20bcd9dd7181c46d59b6faad8eee,71040c7f50609abf6865f4429f8b1035,1
d7b03ef4577510e4de7c52b45b689d81,408e83214d33817b4bc554f392509088,1
d7bb9fc2cd7917c7ba0ac4964bf7deb9,3f40e0e434d939f380a29f5e863cfb9f,1
d7be54516b09d327e904b5bcfbe0a79e,43f88c8353708451babf9bcdd1fda92a,1
d7c70fe22a435b47ba0bab4bb6ef7883,a10e0fcb1c409869c3c6da4eb13b7612,1
d7ee3bfb60f039d94e21001ab6a9a7af,67bd616e1ba0d3d3e8545f3113b0140d,6
d7f9d42d9ed5c5d53824a2c8be1b64b5,ee0c1cf2fbeae95205b4aa506f1469f0,1
d80b9b2a21321a180b82c0017fe8d9b1,7787f84dcc43ef95552cd95d2c86f418,1
d81067f5a2e50e54cb03a4a2e1294618,771a6b6fc2cc294592e31f3c675a091a,1
d839eb32cea4b0c24fab82fc74b8ebe3,a94036c0bb4dfce8d5762777c07b7be2,1
d83ba54849e875e8f350178388514b0e,a62e25e09e05e6faf31d90c6ec1aa3d1,1
d849f901a7b414b1c55da5052501f168,8e26e1c242d575871d8074986b625bfa,1
d85178bdd146b8648278ad6504206c68,25e2023ed83352bde98dc1490d14c3d8,1
d85e9495a5564a5ff27d3de828e383cd,ae52eeb8383b94455f0a08b1f88ad002,1
d85e9495a5564a5ff27d3de828e383cd,e3323b0d3f79bdf85b58561d2218bc12,1
d85ece98ddf81cdbb00aa87d7d472d3e,2540f260f9e39c68fa76e87c41220c28,1
d87d1c08c59e86ce55b5a78f368898d1,78976d6eae26536628ef574944bc7b0f,1
d8863cabfe51278718a9920aa867c67b,99a4788cb24856965c36a24e339b6058,1
d88851c561082485bcd890c843893fc8,62c7230e65fd9da6326284606ee1b197,1
d89233bb26267fbe7854eb9fde2ceb84,4177b72d13340189543215377d48f3c3,1
d8a80fca5d64fffc7ff51bc538b19930,3cb3bb626c59ddde2c270b33131b356e,1
d8f36d0b4ad0276f450d447c5e9d5fdd,99a4788cb24856965c36a24e339b6058,1
d8f6ead838ecc7e795a6b88a85d0d274,af2d506fb01b724e03591349ad36b67e,1
d91269dd81b9bce4f785fb94e5189872,53759a2ecddad2bb87a079a1f1519f73,1
d91334c0843c16865902f1eb2356811e,3cce0d166c3fb2507956c630c1d0f87c,1
d91dc5b08f5bb5e181a878580f4ec576,32a8448d1612773bcfd0c5a8dd235e4e,1
d938f73683a2702cbef83047c31c611f,43f88c8353708451babf9bcdd1fda92a,1
d95c4eb894db9fa73c355006bfa2534b,0a8b35c2fbc824f7e1015cf330e6cc3c,1
d962db498655c9a4b77db1b993f157d4,3344f3ccc35b04b81d8cc2aefabcbcdd,1
d976b7f96ffd6afe91ee9f725d70ed19,aefae62335aa97901109f0c0f08ff0bd,1
d9916b700aca9e5f6b62ae0b61d90f46,d412d78a36f204c033b6ec60d874bc75,1
d998224127a8d4a8ca5ddf2a59006bb6,4660d9b4ae2a49dc7a5cac39499b204b,1
d99d4916f321d6691a8aee32b3d09b95,7a81751397c8813678761201a7114339,1
d9a14369332805c9204ffce41311e330,2423252b2432f1803e4f29e0974c6cf7,1
d9bb214d770804e006962de56667ef2e,145af826c44181c994b7476667a3ab00,1
d9bb49d24408994b2a3b7728b271ed12,ee0c1cf2fbeae95205b4aa506f1469f0,1
d9cc456ec33e4fd2894879a6c285c37e,f12a26f5ddd49ba9e1bf0ec9d0239326,1
d9d4ab9f19fddeb11b274cac8154f450,c10d7c70907ad6d09ada0581ef6bf839,1
d9f26e1768abce63ca633e2f3a5b8896,30011d8ee44c9842921cbc7c1445544e,1
d9f2aa097ad0d82553e694094c4d02a9,78120320a8a3d2656f159d513fcb83b6,1
da23d4ed5cb0efe5ea22d93e26a0924d,d43c65f300c5cfaae005f1f954fc0b15,1
da24c1873842ce03c2cddfc31479a720,21a95b5525c6d658ff4e5e1b50f7c02d,1
da5c8804f4a52e2e5dc883d06cef4f16,b0ff378136f25567d2913b3bf7fd7ea1,1
da5edefc151065bf935b9bf2c412e96b,10f2fea49b203930a1f4c0a3a892d960,1
da6a0a54caaddc984f071918d9d30fb8,aa280035c50ba62c746480a59045eec4,1
da7ad15b4e8b7a4c99e41ce7a4a0a1d3,7f70545e9d4c47a4e84278437672f03f,1
da89768d5e47c76c1b3f2694e6c8f6a9,42ec84ace63b58b8c5a7ba7be01d5fb8,1
da9c8d08ff43e0e3f90bdb93eaded55f,f936a018eafeb52059650c9e977b53eb,1
daa1cd9ce91af39a90ddd87d37f99f7a,b1acb7e8152c90c9619897753a75c973,1
daabc936af60df21c9a3ce027b2665e5,42a2c92a0979a949ca4ea89ec5c7b934,1
dac71d5847f06ec0fd6cf435ab87f85e,2a04a72b11fceb1e99df5261fac8683f,1
dacd221c6e61590fc4e70e6a64926dd4,892832da5b05b0f54578e1f14f193c22,1
dad0f2e41b6b4b85070b49287a994d37,ebda4fd2306def53d2ed7d2d011f632e,1
dadb55e81d2b364625d25ec798cec62a,6add38331c35760122f176049d851692,1
daeeb6112b6a95a19e34eb053141ad54,6bda6606bb4db26fb219523d6fd40869,1
daef7f39adab43b9c061c3845c9abeee,88cd1536cced07ce8b7eb699521f841e,1
daf4042731b64089418398dd25e8e80b,df2a36e39b65ff56203117e93bcbe20a,1
daf581655538cc0774648e29c1361163,c34602bed32c7b68dd5713b4abd953e8,1
daf74012e80df98bd7589a26389a44e7,78cff417987f620d4277395265379d6a,1
db0142f84b12d3db5605aeb200ead43f,161465fcbd2f97c7bbb1d199c7402fcf,1
db09d0bb5f4653a481b7b26f723d23ec,f177b434709ecb652dbee4f4b19aef2f,1
db0ce16f1da5ed3902c23e6ab85b4c75,dbc624bf17ad3fdf6f8e5737ad9bf1cc,1
db1b14bc26ae944bdf0cec69ccf63398,68f2b86d618f20c45d7a0db6db2cc664,1
db1fe2ae7820e9233b572700af9930b2,3225c54bb2785c33f49f50398fcdb88c,1
db2bde8c137c06bd2b2f616b27414304,c7fd13b5e515bffdab855d0812842edb,1
db41b8d7ff23d40f4002903e0109a136,03b58043df5d7424df7eac2be2511c51,1
db4581146aade4093e4c420024427dec,b679d5bb7f856462949885d34fad2622,1
db5374a5a0de70b9b226cc07f00c7de3,477dae843da64019d49703a91abfbd33,1
db925a533d94cee42707026949892c7e,85337022853da10b8f5fd7d1ef180421,1
dba5cf7fbe92b362245b9b3d684471bc,84f456958365164420cfc80fbe4c7fab,1
dbd46952d895ea4b8aecd9bafd411def,5a848e4ab52fd5445cdc07aab1c40e48,1
dbdbb27ba991f2961a775386820753c5,0152f69b6cf919bcdaf117aa8c43e5a2,2
dbe32b3853560060d8d62657f15d77ec,05b0feccfab2debfdb5744e42bdb6f71,1
dbf2ba9913dbfa7408f6ce58ef90b4e9,16007704980fa90718364a0dd747133e,1
dbf5ae77201c47ae393b07a60788620b,a19b6951c75da43aad691622dd2f6abe,2
dbf9a1c59cf0d00800719b3c51ca2e45,738da8ddda2e593acfdc53c2d1520dfa,1
dbfc2fb6a9424037815a3a887c10be61,2636a9812d151c718b53387171ce08be,1
dc0601b04f43f219b2cefc8025fe4673,3db75f31b76375c502f64d550dcd1166,1
dc099664976e53ce3c32de9b9d7b321b,23bcd6822a33df5534f9b290216eec1f,1
dc0c77cca2f6acb682827975536a6dc7,eb7172d8a3c64298d2d767f6603c231e,1
dc1de95ecee234f733b2ea358c00cc01,4b456247c6fd6370f0c01903b0c6d67d,1
dc1f783ac937326cdee2b4d99c366d46,53759a2ecddad2bb87a079a1f1519f73,1
dc47946c59cec7bb8590aadf5f667ac6,d7d4469347b566ef611163dc0b9cee2c,2
dc4dbafb39aecfe8d561171fb2793d5e,b79f1c3ee8b26b90db738fb3c4abc1ce,1
dc51d4a03b2448771b76837517052d68,cc971e0365873137b8bef2ebad633e6f,1
dc6e272766b14662d54f4b7123e128bd,242ec3ff603c92ddc1e59d83b9e40a2d,1
dc755b08c86f5315f97a52458fbd59b0,5e80fe2cee2f6de9a494047ed35a2fe3,1
dc7d9d7ec0b6cbadacf27e3308c17976,e251ebd2858be1aa7d9b2087a6992580,2
dc8dddbedf94214063c457cd4074ebba,53759a2ecddad2bb87a079a1f1519f73,2
dca4146c656edd385afbab8f8e1462b1,dfe4fa70e1d98a42ab1342206e7adb8d,1
dcd3d418bc3f3a6b9617ef14ddbde12c,f7e0fa615b386bc9a8b9eb52bc1fff76,1
dcd8cf51c37cad018c9281d823889da8,0d85c435fd60b277ffb9e9b0f88f927a,1
dcdbef6bf82b96189946e4eeea97cf24,100260bf9206d859dc8db128c8c5afc9,1
dcf29d92b5428a9fbcdff7b35442e1c2,fb55982be901439613a95940feefd9ee,1
dcf35909bd6d59358d82224a65e18524,ddceb6eef6af67e9fbbd4c148dbe5fd9,1
dd0329246296428beec510ea36313e31,f71f42e2381752836563b70beb542f80,1
dd11273e6cc22bcc6eb8258d902cb5bd,499152ec860819480e1b2d5598d1e29f,1
dd23ec2d93f81b2da50b3e885e998982,be588e939ab09c7ca4d4046266619de5,1
dd4fd143772aebd20cbc60b790d9db40,03fbf722447bf7fb4a99aff40b8ede7a,1
dd67e5970a7912e2057d2af99b15467d,6c6232ca1543c84f2dcf3f4cd2ca32d3,1
dd723c931e059fd21ee30dd8b1cf9870,362b773250263786dd58670d2df42c3b,1
dd8d6240c3ec37c83148bb118d79cef9,7a63b90eac4831fa1eed304ebb910716,1
dd9e6825c25b74726720391d01006dfc,893b9464c6ab7f700148fe9db838b6b4,1
dda1c4364d7687bcc98ca8984550b081,3581206bcfdc0f2611c3d1e8edb87719,1
dda506e73a7b3cad2ce4b09e0ffb5e68,965ed8ce606fae58ee076e77023d9a0b,1
ddb3130ade3920265203853e3885d9f0,02357c69f595e004b50ba115b3f88d63,1
ddbed7a357c10ca2180079c97f655a98,3cebb9158a3aa0b3f78ee0f934c9f032,1
ddc49820b80baa11c1fd013d27e171fd,7d50930301709838d8e90dcac5cfaa84,2
ddd680886f3e0df8eceaf99bd327495e,0649f548e3fa70d40eb8fd98ecfe6322,1
dddf4f7d4ee2cd254527d7e9078c4483,cdc4af478fef19f03f1d0353c00271cd,1
dde98f2e220592ae6068bb273ec5c11b,7c8e2b381bb0fcba5b368961d7823cd2,1
ddf0fc4e5538bd1eef22bd8c2fb726a4,425db55cb3b0f5b18a2d9964da31c3c0,1
ddf33cdfb2eb21f708dca32e2bf4299f,cd6efbd49aaf6ab8c3eb9605aae7e942,2
ddf98a7aaeadf47dbd2a7fa2e82eb3ed,21a6e49e01d1ee93aadbd8cdf776308f,1
de0c4d984792eb5cc97509c7e1d6cb5d,0705b33fb285827a578fce4899f1b921,1
de1bf47c6fadd8c028c7834a6ac27a1d,555b27dfb2ed94d001c28e5624dd6961,1
de2425c7317b3c9ecf9a1a31da719569,88dd63919fc9ab693803578a04a20209,2
de416864fefbc148110c3951c25fe872,be4c9d0368829d208573322be600c95c,1
de4caa97afa80c8eeac2ff4c8da5b72e,e24f73b7631ee3fbb2ab700a9acaa258,1
de522fcdab63e8358310dd48a711be69,f6bc1e20283d027458321d15778ba8cd,1
de585d9d5ef9119705a445eb50800d81,dbfa741e0e5dfae13c9f023d8b8cbd96,1
de63777364ce7bd557a7bbf2972b5c8f,500870614ddcf5bd84f7d26861026c8a,1
de8390abbc527745eca27f23b6c4f9f8,b8355aca8662d7e0c913ed67412d8ecc,1
de896fd50d3dc50189c151961744b66c,d68eca92c5a12467b856479934dc39af,1
de90bb921bd5c53089b9972b56b9a553,2661ef1d31888c2ecf2c878d1c85545f,1
deb5bcdd7bbe002ca0f1413592e2f23c,496f6bd86011e5a9ddea8dc96e802340,1
deb5bcdd7bbe002ca0f1413592e2f23c,75d67b030a777f5f1081b8830606abb5,1
debb9c0b178e9096f08c8609c81e2924,f7bb503725fb4d7bb55301d5bceba728,2
dec8952e97ef6124259c56914fb3569c,dd469c03ad67e201bc2179ef077dcd48,1
dee628e4308cba581d78419dce05b1e9,4293865e4ead3d446609086b4cfedb4f,1
def8021341a1466f13686e05d39bc2c6,1528d0673079ce2d79d29753b800d76e,1
def8a94426e0c4056edba77cd10b8159,e4ca5b20cfe1a020e15e36fe14e880ee,1
df0f79495c6708eb945df0f91d5eada1,833b7baca432a26ccfc3e3eaa8271519,1
df0f79495c6708eb945df0f91d5eada1,d6ed08469f23517f07ed6bb451361298,1
df3450e94b312b2a7ef8517bd09a52f2,cec09725da5ed01471d9a505e7389d37,2
df3b3047bc5c1a8f41b128b649d37d83,4413a608a42bd21bbf9d5abbd58c249a,1
df4884b24ec1115c29871b4fd641105c,0dc7ffb1ae1ce3ad090cd7c467d09230,1
df54a789854ed6321831ebf6a866526c,623fb8cc5f36842aa32650e2208a08c8,1
df55c14d1476a9a3467f131269c2477f,a6492cc69376c469ab6f61d8f44de961,1
df5c9e02596851fcbfc98804e4108bbd,2b4609f8948be18874494203496bc318,1
df6ac95338050880eb8d4c94baea71f9,583f158587cdecda3e8bdea694021e39,2
df7b73935d01c5ae82743d422fd02fd9,60b8232efc6b30822171dff08d6c439f,1
df7b73935d01c5ae82743d422fd02fd9,ac2c77058e1e5ec1eda726fe7358ef2f,1
df85b96ba2ce3e49bde101b1614f52ac,48f866f20b5b6015a324210988e73387,1
df8e6c9af17b5106918747256f7326dd,f264c1d9b20b5e4a340254d0405e613b,1
df8f16eb33e87d3426aefccf7e3c4ecf,54f8f27ac6543c074ae5c4e7759b054a,1
df97921197ef7add5cf3d5059b7f1160,48f45fb4d7e27353b8abef59be38b65e,1
df9f289fce3b2a96f6431807fbf632bb,cdc9d87e17ccf98f35634e6c3b77073e,1
dfa72a0a96072c02965f24972c7efbcb,a85151563aa02b1def83c9ac2f17e439,1
dfca6da6e209a7dd53a4d43036e8288a,4298b7e67dc399c200662b569563a2b2,3
dfd328ee003850fa4d887ddba13d0ea4,8afd99798fadd878e37b5bca830e6525,1
dfda52c60be1482823570ad5721b5e27,84f456958365164420cfc80fbe4c7fab,1
dfe36f6f91b8ee76334aa784f298e3ba,53b36df67ebb7c41585e8d54d6772e08,1
dfee2ea12281e7921e027345be978886,18c52ee8fc4012f63557c51b8558e8f3,1
dff0bed5a61853afcd53c726122e74bb,f264c1d9b20b5e4a340254d0405e613b,1
dff0bed5a61853afcd53c726122e74bb,fd28b464cf1660a67606f7b48c8c38c6,1
e00aa01b6ac59993f55498f7742a6902,432357855585cf634fc9923523ce5e4a,1
e00d5aeac61cd0816aca4d448d2e212e,af940e731a7251787895cdd64cfc3f21,1
e00efa08727aeec3f33c4c59e8cd6633,d5991653e037ccb7af6ed7d94246b249,1
e00efa08727aeec3f33c4c59e8cd6633,f3720bc68555b1bff49b9ffd41b017ac,3
e012c42980f243d89990940907be4fcb,3cce0d166c3fb2507956c630c1d0f87c,1
e018efe31a675270f8e48eeb12b2c291,58727e154e8e85d84052cd22b0136c84,1
e02193584f54356ced74568c39966cdd,4a5cc900bb2910a2b8dec20cebf1c0fb,1
e024c1515b1062b1e7e613f840c35ba3,78540c45d4f971380710a35fa4ecc41b,1
e02b0a31345a94677bcc33aa9bc0909a,f1c7f353075ce59d8a6f3cf58f419c9c,1
e02cd9861f07833a0aa0e073527e81a8,e355d989e7c7101b4e80a8e9052985fd,1
e05bcc70a42c95be8c4ba141fc5830e2,8bef2f3e34f2cc22c908921e6e9eebee,1
e05bcc70a42c95be8c4ba141fc5830e2,b01d34f6d2545269d348181768eca049,1
e05c40ec07328a784f3105f987d8fd88,1d4de03a6141ce2a2ae5a97f51cabb37,1
e066b0d4111159d21f74325789a1e841,9b37a918bcf2c8e1064e867cf1df4637,1
e0701a06701df9dcd6281071f33893e5,d66c729cd3b64c98515a18898c6b65c3,1
e0780c98af0a0a14146af14ff63f039e,1360c66d6c12514a024be186b7e4925a,1
e0914eefae8c413678da6e1c5fbb1ca2,8c591ab0ca519558779df02023177f44,1
e0940b3cb5a6cd31e35f73084b3df877,e3a23a99f074226ad690393a840c3244,1
e0971b72a2d7a7d471ea3122bbccf9a5,748b719f4cbfdcb99cae90bf4bb16217,1
e0a1d2de2e8046564b9c4de4a47ceb50,d2085f7e0f9533605386960fc7e987ec,2
e0ac205752138fe132560b033be7f9d4,72a30483855e2eafc67aee5dc2560482,1
e0bd132faf773c66a3577305ba55f8a9,97194fdae68fa163b7cc5c02bfedbf16,1
e0d50842eb1d45e542c592466bcc06b5,ad59cb0673bceac69f32635f227b2ddb,1
e0df7f269b8ed0e7400dfa99dae746ac,c6e513054b982283c1cbbb2a45d02d83,1
e0e0469747218021e8f9b9a240ebb93e,4df83a41105e00e0845b9d12b5fe601c,1
e0eea8f69a457b3f1fa246e44c9ebefd,ee0c1cf2fbeae95205b4aa506f1469f0,1
e0f0e573de9eed01f4dbde5f9323c48b,1a00358b2af8b1c79f570a0e0ceb2208,1
e0fd6912345f73936eb2dbca57e223e9,b2d98b6f547c14e29a9e72b8e630d936,1
e1082da721695c572e703381e22ddb91,9834262f81613c7215955ac3b7081919,1
e108cd9fef87ab8a6d33ff941da84e27,ec2d43cc59763ec91694573b31f1c29a,1
e10996551bb1897b97c37e1f771e34af,1da5a90b5fbd1e1bc37b7bbb999c7bd3,1
e12afe781ce57ef49bbb9cd678295197,ea70c7ac7beedf6663e1ddbde272384a,1
e1301cc68b82ab74180bc970f3e6c81b,741a31499a578979be85db7f80139e62,1
e13b0fd350de97656a7df959c705ea64,f819f0c84a64f02d3a5606ca95edd272,1
e13c22b9d062cfe08945c4f1de743846,81d879a43537a2803762ce12282ccbc9,1
e150a2e1a1747aa6a13fad14bf7458f3,6b8de030922a59c3d23fa6864ad3f436,1
e150e46dae622d09f19b64a34f9387df,d7a6514d88374ea4674eff77ba1e5d38,2
e156056171de3be3501585f3146ad708,af0a917aec9cea3b353ece61a8825326,1
e160fedb0e31d9f1012c4e023162e923,a6c23736e4df6d6659ccc0c2e26954bb,1
e172f3db7edcbb3a8de8fd4077a1be8b,b6364679d59117f02215a9d777657490,1
e17dbbd9f659bf72e9d742658f9f3d6f,eabe034f4937c45aac341f1dc8fe1454,4
e1892c28d1493eb6be3661e8daea168f,2ae40c35ef6620f730a55329d0cd3301,1
e18a73e99813ab848fe50a216642fbb5,9aa9caee155847cddb376a05b9a39791,1
e19fb725a29dccd777bda66e5d680bc2,26986dfc8b3cb9f957f2a5cca8920fa7,2
e1ac420ce71810297563ec7eed721e72,0f679de41005ce40722b43993df839e0,1
e1b895b6ad2adfcbe4a314fcd073b344,f4f67ccaece962d013a4e1d7dc3a61f7,1
e1e4a4ce47ab717fed8adc191b1de674,777d2e438a1b645f3aec9bd57e92672c,1
e1eb245dd677f80c7f2248aec3aa6bfe,076e36bd0e2aebb35184d08c8e0f032b,1
e1ffcf6864bd61cd2bd1ab8619d914f2,b24af8bca8813bcde4140ff8562f5e47,1
e2266964ba442379634f15b1e35b9bd2,20ed63974a9207895b4e56993e5a9a3c,1
e22bab8950872ef60d229f7d6926b58c,4a90b44b456e79e7a33435fdd36e551f,1
e22c4672d1f7767da4ef71549feff7c8,42697582a754e573f9e3e9e78752252c,1
e234a6c8da98ead2209ef309a41a7820,d8dd9c0b7decc04a3112159b4e6cf7be,1
e23daca049a52fb8f925cd236f37283b,4b7ddf18ef3c5205f6ec288dffcd7c55,1
e255bea28fdeb105b85a23947349cca5,329c661807f085964b1877bfeca6ff73,1
e26029bc77a880721394cc291ab5c04f,7af4c96f817389692dfb05e679dbd991,1
e26e08c2affcb04408e2f30cb37abbaa,bee2e070c39f3dd2f6883a17a5f0da45,1
e277b8e4745cacd511e18bd6d7686227,de75785dc5be712c4d4ed4ec5b422ce1,1
e27a055c1d7eeca7052d113324a4be62,232f608487cd2ed6669631eb468f2ed0,1
e283e924531a3ed4cfea8c4bf3b680e3,d189fbf8b5d79a670cebcaaad68d77b2,1
e286acbf69751918e6e445bc1e8f07fc,38327e062df5eb11f9ff87b586df0fd4,1
e28d48b1fe42485c2c1cf7f29aa078ff,a3ceb95649a48c0c54ae4bd1dd66d035,1
e2a164a42f91a5ade4e93c5f07a87987,9189120c49a57ffcfda405b431d732f8,1
e2a98952cebd52ecce28658d64153500,6b3de4cb14325f3a0dafa939520f514e,1
e2aa60cca12f694c550a5f58ae651a9b,74985eecf05f5ef2d7e4c59156454e2c,1
e2bea5774e2c8aa227075fc4d2c3ba39,178c02376540dea14abfbcc1af483528,1
e2ed41ef244cd9a72a748a9ddf6ff21c,9d6dd55c4d66be7b7021bb471061ce16,1
e2fe7e66eea033448291e758ade41374,d90b49224b5d6eb131a51e53824934d3,1
e30bdf332b6c38f5f22d50dec12282cb,ccadfeab525a9eb1569983b66e5075c4,1
e30ee9cb305181ee6c6e995c68f37583,90375e3ead4149e7ce79f04c8f6c0545,1
e3267c909d1d6265381c696a7576de9c,f1c7f353075ce59d8a6f3cf58f419c9c,1
e3292183ca12fd9ebb10b1599b0f9528,f48b7a74ac33f4a15d4dcf0b549ec7a8,1
e3378b4e8219f3f5f90a6515a9a57136,cd5f3705d31440675796beb0ee641fa8,1
e337feb426fd8d688d803334c3463fba,19da2bf3225b2f11d5c3b2597576ea22,1
e3893e579755de4feb1a4d0313c103fa,b00a32a0b42fd65efb58a5822009f629,1
e38db46321e8a8652cba6569860e5902,d1c427060a0f73f6b889a5c7c61f2ac4,1
e3927d011a411c732fa0a9037ceb8737,776ef0ee36e20757c513e64903f1fa8a,1
e399494c4a16c311b455c8ee01aff5f6,b8b7f10b147bfcbdc69c03701866ef4e,1
e3b25a8708f4f6e2f7b6fb5caa2eefe9,f20d17c5697e45b09853253384f0c583,1
e3ce9e46e280d1ef5d646f56de37ebe5,9b125b82780e1bbb7716c906ff46f89b,1
e3d6d9186c71175ccfb7215598b6ade1,ae9b8e8d0dcd7ca369276380ee8ce659,1
e3e0534dc37dd14280ac15f24acb0530,72d3bf1d3a790f8874096fcf860e3eff,1
e3e4f59b905c93ceb1f9da90f9e02be7,aca2eb7d00ea1a7b8ebd4e68314663af,2
e3f80f0f73a4b146a20671cbb8291ee6,e3d080fd5b3ce383ec62cf67d4cb8238,2
e3f8a41dc8def48711c086dad89ab9fd,1317921ea764ef06f7aa21094c7e7759,1
e3ffa14bb67e94d44caa315f274c8781,f1c7f353075ce59d8a6f3cf58f419c9c,1
e40265c6ceebf38ea830b695d9340bda,337c81a0f9e751b6cbdf56680a33c365,1
e407ccb33c52d1292bdc4cb44619eb19,33a07ea8a7b3dbab277c180e9f1233ea,1
e412443072bf2656a463473f5c9802c1,ec2d43cc59763ec91694573b31f1c29a,1
e415222b4abe172614ed6c78d9d96994,3ba2b0de14984ce8f072c58be8d701dd,1
e42c9ae9146df4772428a04c0a3f5068,8934769521d632e65c27992662f05673,1
e43b79f4e4752adf6887f7d9b7396cec,c413fa08b405af6edb9d49e85e241c08,1
e4412072d401a4c3bc29c976497e0186,a4c7e73a8ce075149b5f6592fdd29367,1
e4439a1e9e726f5cd5f1716951ccb61f,74ae869eb82594d9cbe6e934cf143e0c,1
e45233d12353c37d9a47b0e9d1416ab1,64d33e6bd1b905a31c2f96f584e6a0c8,1
e45eac8a6138c1103adefc016b3b5665,d5991653e037ccb7af6ed7d94246b249,2
e460ba12cfe10be96050e2857acf1486,f71f42e2381752836563b70beb542f80,1
e465c6ea4029a5ac79cff9d1d8a73755,53090d94b00b6613c77382b7f4617d2b,1
e47110abdbd56729270e9c2a8c552a72,517d4955ffcf9fbd2bb0beb193c81a42,2
e482270e1e3f5096fde4144bae1d5d24,5783b6239d05ef4a58dee574f752ac62,1
e4876ce732ecacdf9cf64c42cb1b49dd,7f6308ba4057a6a740af7b4dcfb79c13,1
e4b0c4c6ec684f615278f2dd9d7e0bbd,ec2d43cc59763ec91694573b31f1c29a,1
e4b3914855484b3bf77b28486d0247bc,16aa6553ee2cf0a316e29f8808ab165c,1
e4b827f74dddb51fbccdcc061f0e100b,506a50e2a24273052e1ed28217b78733,1
e4c5593923a15e857d120fab87609318,cb6c1c21ebc9c153a7baf319c515657a,1
e4cc1e7dfd86a43889911abfe12481e8,d7d5562fce331ad958ca6f57057b3526,1
e4d20765e70b7bdc41584e4f7b53b530,b5e13c9a353102f79c6206ff5cb61a50,1
e4d3e69638cf6d6f16d90b5fa69e5021,aca2eb7d00ea1a7b8ebd4e68314663af,1
e4df5880b01ba6d4f9cb7b9188bc80e5,ff7fccf8513f360157f0660fe51d1d88,1
e4e0289744e52cb66d68ae3ad7b49bd9,c2c989ac5100e59a6c3d12b2c31a2c72,6
e4e7850c6c310f0ae9d0abbe26b075e3,5aad359a63cbb4fc35ead44346a3eeb4,1
e4e92c8f4fd945a7c43fe7c78e643218,56a46955ecaf11d037f22e3f11b903d7,2
e4ee810bc2b3c953b3a94186d5709182,635812e3e457981e2dbc9739594fdb83,1
e506618caa63a29ae2cc528536f0d11e,08574b074924071f4e201e151b152b4e,1
e507d5833c9b723bad4d10a13e1d6d1c,bd5556852920e0d5ebb6044894391ca6,1
e5185a1a40478261515279df8ae25a9c,2a2d22ae30e026f1893083c8405ca522,1
e529a06a810f06219aa64991c7df84c7,bedb45388f9f994c1ce963354fd32469,1
e5426fc9fcee3dfa52fb048f6d0856e9,1fe8e6e01596885617fa1c90d29c2f81,1
e5426fc9fcee3dfa52fb048f6d0856e9,44f90f085c7a825863cbf867990e1513,1
e5496e9232052f1429e8c4f5cb0a51ed,2481a472d98c582b46bc2dfeae6f539f,1
e55227c80ca878dad86e6ab873b52f8d,e5fe79a5ccd19d20b3b095bf73cf9b5d,1
e572951f62a83fa3b6dbec2cb0722cf9,c6336fa91fbd87c359e44f5dca5a90ed,1
e57b35089f3e6a0d985ed0cd3579df5e,6dde44b4172999f35f08654d06bad633,1
e593c28fd3bd8594f6b393bc9cda68ea,c4baedd846ed09b85f78a781b522f126,1
e5965ae365a0c0595e3eede0d156d975,741a31499a578979be85db7f80139e62,1
e59ea0ab16e4c5d4e49442b7ad210ef0,f3dadec221142e379d7113915c1d0fa8,1
e5b4d61850970b92a6f569e238861e53,91442659f31ec0f0fc73215e77854fac,1
e5b4d61850970b92a6f569e238861e53,c708ba7c6269161f89ce0683cdd7c432,1
e5bb64b888dec067eb20346a00345960,0110573bc9195aa810a4384f189f48f5,1
e5cf95241d6cdc36468f1d12efe96d04,b07c5f16cf1691a1b4b959a974929c9d,1
e5d04a29bc0d884192af129acb7199ea,ec2d43cc59763ec91694573b31f1c29a,1
e5d1ab1c3818782836ea04640e49ce0d,acd427ee119d5c71c7a85ae488cb0a6a,1
e5d7a41225348988930f7e38c2b5a434,2c19582c3eea7a6f53a30dbe0a8ffa7e,1
e5fb6cd64fec5359007cd7aaba77ec82,f1d4ce8c6dd66c47bbaa8c6781c2a923,1
e5fbe24aa488ae15c28edef16efd1a4c,222efa72a47277d611b8b38d71149afd,1
e5fe29371fab568cd043942ae42365ed,0cbd1fb25fc901e985012fbc87488a92,1
e608d750256e65c6b4f434ceab5dc7f7,8d9d31dc8d8c05062987d883cefa98be,1
e615ca09613c8f72bf3a0bd5e2d349fb,d7d5562fce331ad958ca6f57057b3526,1
e61aa74044e35b21d8f2219a4d6a7dad,1a70473adb9873f9068e80f2fcb78824,1
e61ea22e533a289c47e88ab43d594bb8,f49e985b4cb2d0543890d6dd00077663,1
e6284a431f7260e6418bb080d3176809,54d9ac713e253fa1fae9c8003b011c2a,1
e63c9356c91bbacc75f86545e28b2dd8,3d482fda7c84e7e2eb013c19760f5c46,1
e6403361fe0deb95faaf78dbe2b37d09,41801d2ed5124923137ec39aeeea1e93,1
e645a6eb0c85a032c56e3a2170f90c3f,8c5876b1c7768217964f353bc7e64393,1
e650f85ff4463603337acc85ca591af2,45f134f05fdbccafa57f9f5b22f70b62,1
e65366d6108f8f7456d6c14f330ccfc9,42a2c92a0979a949ca4ea89ec5c7b934,1
e65509bad7e534de9c1f202b06901672,11de130b38213ed7f93d2af1e91bb771,1
e65b1829e83ccd4edf454c68d6b87e65,9d395a6bc9dbad2dfe60c8c92d8df397,1
e65dc14fa4982b68b349c8e855abb66d,7403af89b9c7d9c9eb4e5b25b5d492bd,1
e6655eb60aefb0e8304f126c99b3eda6,10717ff440b2320081989126e858b220,1
e667dbd980c020783d2b3d6a2bc0e945,8a6bebed424788f0e8e407bf8789102b,1
e66b97f27c737e80c69d24094d6038ee,11875b30b49585209e608f40e8082e65,2
e67e8a66cdd16a22e19c38d452e5f137,e672fbe634ad07cce9d85f412becb2c0,1
e683a3466324913040a473c89d2395ed,f1ca789b4694dd683c4cb0c2ed74768e,1
e68621623204cede934062122606c445,e49a57a6afd465b7d3cd109daf09ca98,2
e688102208c1564afce92d987656bf29,cb07b3df7c64648bbeceb85cacd464c9,2
e68c03ed7224b85150876ad873fe7aed,079189201e6c6f0b0f70d118fff53fd5,1
e695d4f6b2594abb3ad2c4a7d412de4e,be5353e2c543ba4f67831f95d3775420,1
e69714d6b494f7279512327ebcc01889,b0b727747746e677a470d0948bb68520,1
e6ac83a21d39a2e035df2c63aec86318,50e1b118f266b655f613f753914c42db,1
e6bef37b9fafe1f72e911f102bbca3f4,e60e632d39df1e129df5b7f0245716f7,1
e6c4709cecb11779b1172221512cb8d8,4428c8810d85a949afe441cc0d33f756,1
e6e0618de2bf52a7ee1cad143de4046a,5002827044a87d2de4309a5e7e6e7755,1
e6f47c1077e7bf89527cce6b7f53b275,398eb7af23a74b3470f90b1744a48697,1
e6ffef20b193cbdbbf025b02799e075f,72b781d37ad5c06da9a06f01248d3f48,1
e6ffef20b193cbdbbf025b02799e075f,ffe8083298f95571b4a66bfbc1c05524,1
e70246c90e6f47e10fa5d8577d5beb17,980036ff323e235a27b7999d343a8990,2
e71691d525acc2491f67ddcdf86ea428,357a9e8a4b691ffbb0f855b23d490c4e,1
e71ab3a5414af041e8be3e1cb8981a23,b623b7cb05ee3248fbe4a6ecbeed79a4,3
e71bc052424770177302796c5867257a,ef61e93a7d0d8843a965440649bc0711,1
e72b9285149c7929bf099a373a3e2ad8,8d117b157de0b1a41b75de2833fd4f6e,1
e72eaa64d93891becb7b33bcbb385b11,80db55ab8514dce76cb6a22d5014b73a,1
e731ba7b6903d44433f7cc1161d2f1cb,0be487faac01dd57fd7ed17cfbdf2dee,1
e731ba7b6903d44433f7cc1161d2f1cb,4d272fe20c57c64dc74b3db191fc31ef,1
e731ba7b6903d44433f7cc1161d2f1cb,642a40d4d73b4b2604968937de13634a,1
e747a1f3f5d2a25522b4d67db7cc6a13,56b9f57262f84d21a4bd11c4c3536016,1
e748bee251c369a98cd9b20671605f10,492bfd5c7a82cfd6dddccdec443b2ca4,1
e75f582835be082b8ead72b1c7231f72,ceaaba49ab70be78825371ede54f32b4,1
e76a54bc0d393fd9e7d558e9f981e426,dad033afaf01ca7098672af45bdd3400,1
e787ddf38676914ffe9704e1766096ab,93a12c289ca2b78e7069e469f5053ef2,1
e79f2c086eebdac111a505200261f455,c4baedd846ed09b85f78a781b522f126,2
e7b1f02127057dc98b5871162ee066fb,2481a472d98c582b46bc2dfeae6f539f,1
e7b9bc73f30f476a29a9a805d3817504,fdf648fe44c2e24e9857c8d4ad5a7028,1
e7ba4647b3f1a9a08dcf8205ce6ad1f1,84cdff92b3a55fc67a2b0bbdae9b57bf,1
e7e7963971d6cf0b45ddb9c6fbe9fdc9,48a59a89c4c68ff3e20a8b7586f33337,1
e7efe6bb17180833851f8987a6ce0f1b,4ae634441e444ca4bc85903cafe98d73,1
e805a2d89df2d760a6ad978b424cd561,00e32638060f6356e6f00749dc466b5c,1
e806ed5d5fdf4be71b5405c1d8e39b8f,31c79131e883e5fd8c4c85fe9f7d2bb2,1
e806ed5d5fdf4be71b5405c1d8e39b8f,b24af8bca8813bcde4140ff8562f5e47,1
e814ceee6c93933d5faab1e4beed3834,a02d0123079f4ae96001ba2010d1a2df,1
e8197f1806f51f75f725632fe03007fc,382c2f734ff9d09b3cc73d86f618dbd6,1
e82d6367836edabacca2a82a785e6e00,c29267da9f1200284d707aa632ce1138,1
e82e30a2e3e9732eb7ee6ccfab2ed181,a7bcee285291a97650b40fa9fa888e4e,1
e84338f7bbffc375080368e46b22c37c,a62e25e09e05e6faf31d90c6ec1aa3d1,1
e8435133133d4eab7ded41332934b2d6,66a0a6e02b7f543e5b021ce361f267d4,1
e847b0edd45a9a2c2af60e1a1e34c242,cf6db73155e09a3583117d7dbeeab445,1
e84e1c70c5abcab689d6bcee4023a083,9483476ac5b7549f7df5ff12fb6fb5d9,1
e878acf1e2ac4373cca11582ccb97184,9a98180ffbd0765e89f11cc8dd2385f4,2
e898665675636de89a1bead880858c95,fed5c40c27e1c88560a9e92d82ee0825,1
e899bf2f5f7da06cc412595d8ce11351,7745fa765a4fbc559058c4ad0e5485aa,1
e8db587aa035a388d29cd44a801f9092,71a5f1c2a5fd9889ef26b5ac22aec9c6,1
e8e957a7fcefa603bbdca0f5a33db8e5,bd6e6fce9ada76ea2db0f1912e8e478f,1
e8f22ce5168c883e9fad86c1ad0be28b,b623b7cb05ee3248fbe4a6ecbeed79a4,2
e908b924226c39f055d910e21acdef87,35afc973633aaeb6b877ff57b2793310,1
e908b924226c39f055d910e21acdef87,996ae0a67e63b78b427a1f8d07543e86,1
e92b9d4a6308ebcd6cd5054b7772eae1,a35a9f46dcee0a67c8c7ad8493eb4135,1
e92cf12c7abcfda93511da666ac2240f,8d98dedc3c19de17f1a090195e85d6b6,1
e93744b7309b885171f62e915a68d068,2bb3e85f2a403543fdb64e266e70c792,1
e945178aa027f0306eb1da1f5dff2dd8,aca2eb7d00ea1a7b8ebd4e68314663af,1
e95994d81b2fd9150bace0cd8a7b8024,e6746d9281278108ca3319c4f0e6d05e,1
e9624a808ce6214efe9b4b0e15d50dd1,80fb011fd54fa5e1911a2f80c0fc878d,1
e965077e709d4f5097fbb5b20651ee44,a4944a8b60acfe399f15f45892bc5639,1
e978df5aa1ae62d8844d55cfff14c2d6,0aabfb375647d9738ad0f7b4ea3653b1,1
e97a76910029690bc1f5b67376c38af5,dbd024d4182504993ad1e3cd2ee9d9e9,1
e9898e0e0e75fbd709f47cafb8118592,42a2bd596fda1baef5719cb74f73030c,1
e98b542a840352aaf7d87f7d9f15f24a,42a2c92a0979a949ca4ea89ec5c7b934,2
e98b6caaa9a23d78a283f65cec39e73f,af51d485dc5255ba2e18b21b550156e6,1
e99710ea43d809eeed53ce8abdfadd7c,c344623528c017d4fa7c51cb56d17a98,1
e99bf5f6cd5edbec2d65abfa12bf3f03,dccef777bc505f2eca720502c209988d,1
e9a09c7c5f699f95b7bae10f94cac398,c4baedd846ed09b85f78a781b522f126,1
e9c53bc9bc8e4fa86eec3cc712c42c51,0b3a130c2e54aecf33e3e1955fbeeb00,1
e9c6e44edf5a10160912f631fa4dda9b,4723ab93377036eb7e0c15dfca8c8ce6,1
e9c9e8edea5b2c31b8ce06f9ff086ce4,a741ba9d329996cf515841327718913d,1
e9fb43f6ae5bfa218dde1430df4a8641,461f43be3bdf8844e65b62d9ac2c7a5a,1
e9fd1771e8a7e1f2e502b27b061b15b8,76ac1907588ea63f562f0851bd5a4289,1
ea0b4bff98df39909d0bab62c60e0725,f1c7f353075ce59d8a6f3cf58f419c9c,1
ea11bf0c8fca4333b3f7faf02b228c3e,28492192565141edad4251d6f32d1fe1,1
ea2196dc456ba36fe4f6b81dca4867d4,18290697e1929309b3195d2931c91b09,1
ea36ec29b56eded534644f21b9561efc,72d3bf1d3a790f8874096fcf860e3eff,1
ea3f9a4239a952f61df1055303969be3,764292b2b0f73f77a0272be03fdd45f3,1
ea43222bd95135bcbbd7359921c793b1,381402fe1e8aa91c45f813615ab5a596,1
ea462ac018be4dcdfcf916373a1979df,a530b23a71594d0d986a30359e207762,2
ea58ba76f07c7e170630ae1ef2c7b66a,cb26d15d1b6eabaac7c0803774245884,1
ea65ed9eccb0fbc782b22c52d38ec8cf,5d096ee78b3150e1dcab797e13884824,1
ea665ac5a97f1a3987a5f9629be6e9c0,52b3af7304d611855714d9b3d1724ea7,1
ea8027eeeadff54d4f337b68f39cb69e,eb719445ec882a7b60518fd8b55c1b0f,1
ea9d1a8e7a07a876deed9c4a822df5da,e9a69340883a438c3f91739d14d3a56d,1
eaa68a110b44460454d1c80a686ac16e,5657ff1fa4fd6988207125d788e6be2c,1
ead5b1c1525972ec23a1c9bb49ebae1f,c92f0e7b9d49a9543558d6532772441b,1
eafceab51b7f2121c2ce2f94e0152d3b,7814c273ab16783d73a9863ebfa8b141,1
eb0531889b546c683fa11282442f6233,005030ef108f58b46b78116f754d8d38,1
eb0531889b546c683fa11282442f6233,75c06ee06b201f9b6301d2b5e72993f8,1
eb14560bdf0397941f4146f43f653496,62744bf012b60074e5fa0fcd657cbd34,1
eb172b63b901dc5dd76bbb694ce13ff4,9794fba8c8aa64ab4fece2d3cbe731e9,1
eb1ef5f9f5bfd84a2fe58ee9274cc31f,717e96fd0fc2d06fe158982bce5e6a8f,1
eb1f5775cb6c152c959d5a76a8204baa,210feb9ae3b060d29ec884aac60e5f10,1
eb2222308ec066485ecffca88d08df46,99d44aea5e49748da9f941f1f35d1cf4,1
eb23a78ca4ccf2c917d46875fc553c59,0a4093a4af429dc0a9334300e5c13ae5,2
eb3d937e14cd9040b4841334e8a12f0b,d5b703c271f43f9c588a6f512a00f77e,1
eb6c184537730dfd01497567b6dd15da,f1e297029531521190bb2312a90df567,1
eb93503140aca4af3794c611805b35f2,5a6e53c3b4e8684b13388d6aa4afdf12,1
eb9607b7a646c48a5c0a94e6ef3c4dfa,fb949f35bd1873f846cb7246d9db81b0,1
eb99eaaa3f61bd19664639eaf9be9c7a,368c6c730842d78016ad823897a372db,1
eb9ecb224ea727eff79b0c19b063da3b,84f456958365164420cfc80fbe4c7fab,1
ebb06eadb79fd97fc9a7a77f9b29e3a3,001b72dfd63e9833e8c02742adf472e3,1
ebb969bbf53ce29792e48048edf27f90,8296481ad888f93f5dafcd25d65b09b8,1
ebdbfeeacdf735db5d354e2166254591,78a2a96601d7940594f95dbaa4c368d0,1
ebdd7cfdd27befeb9dc8fdb6e639b145,83f2c628d86dde5369cde6ffb51d919a,1
ebee8a6050baa684aa8ed76b90c0cecf,53759a2ecddad2bb87a079a1f1519f73,2
ebf84e00361c31f0610635647dbd0db1,5450ae624c196f64c291a61b12ffa3ee,1
ec03e43a7a5f7a6774a43ace6ca4f366,21dd96fd31df21001d8e5b7a3fac9335,1
ec05463bee705c8b30f418e28a9c0083,dc404a1496a08f9f5540c8b5d4b92925,1
ec0c08af5c172f4e494932f5c75e4458,31ddb1ee64afc01b90d5025db261a737,1
ec129cc1eae905b8a97bd912589a9783,28153a494455c0488b2afa71fa6ea98e,1
ec13c2458d3984f778c0d1e41179a7ce,b60856ce32d90658dbf99b9485327c25,1
ec19c50d2dffbbac741ae04db916de32,6803077179d24889430188e03fafd31a,1
ec26ff9b46af83d9c60691c89bf24895,11875b30b49585209e608f40e8082e65,1
ec2d96d8dd0823d489423155370a247e,53b36df67ebb7c41585e8d54d6772e08,1
ec315ee859b4a10e3c820cd713484239,100260bf9206d859dc8db128c8c5afc9,1
ec36973ada72d7c55461ad8f996586d7,5ad04927f75f1ec98ff4458470452b01,1
ec3ee99a57612737fc00398d2367be24,35ebf08a93899d44e756809e11b14754,1
ec47e17cccb7d09149ab2628270be3ee,8d0bda0e4b386849210b1210ecb1a7fb,1
ec4f0c1a966fa191a5ce04755a019dfe,e7597059b9e4eca21a96eed55693b31b,1
ec502d64c6fc7492e3957073459f1d00,5373e18844eec682770d139ba29cd32c,1
ec55b85b43b1ea0b5488736283c05e78,629e019a6f298a83aeecc7877964f935,1
ec5c23a85c01c4b2bf87caf6d38c8261,431d674f9a4fbd0957ecf6ba3fcb6899,1
ec6603dfa8747baf79ebcf7f7b767d2b,c354569eefd558bf201d0aedf35608ed,2
ec66df2cb66dfda07c03050470e21f69,baeb8e1a680cf9e1f13557d74b6cec3d,1
ec6a5b8c7710f3a29f879151cb3338b1,dd60cac04e6bcbc919cb1c7dcc473211,1
ec8cbe5ff3ae0f352870c07a3a3025d8,7b453aa3584d61c1268d77ba6fd5956b,1
eca08a2a142685e81a822aff8d3df37b,2fe0cccc00239f01484b97ba65408800,1
ecade4bf0c41319e2593fd5a10e7a5a1,6186a25dd2b885087bbf0863e5245d46,1
ecbecd6ba589b89e56db7f5b74d387d0,593236d0ff46b4299b4787fb8d43f7f0,1
ecbecd6ba589b89e56db7f5b74d387d0,d04bbac48960ecb7ea311b00ca6e1cb7,1
ecc4c57f91567adc1932e27d5913d3d7,67638c5b9e1d3f0f3c76cd4147eeac2f,1
ece5ebf2a90d7b60b214ec8b666f2961,75c06ee06b201f9b6301d2b5e72993f8,1
ece728a082ecf5aeeb2e5f295daf545c,305a8467a383809ecce974a852d55ae3,1
ed3e6a4bc34efc2ba21fd9a1fc6048f9,2ffdf10e724b958c0f7ea69e97d32f64,1
ed434f6c999779df08cfcba6f30956fd,d605e53683803c3a25f24ac1597fdfbe,1
ed4976f12ee52ce5ae8a150b4c74eb81,c075b8e131353552218860f1c421e4ef,1
ed5d382ad64bfb554932d5d64a698c93,3f14d740544f37ece8a9e7bc8349797e,1
ed5de0bdaed5e7afbe3fd0ef2a2e6569,59ebd2c07d59483d0855b5b3d5e18728,1
ed633bdf429697a6305355676bf12644,7e6c4a0bf900e259f50ba63331fd2785,1
ed71d2c3a3ac53a772b0e8e9db89cc20,a04087ab6a96ffa041f8a2701a72b616,1
ed8015d79ac87082198750d415abd7b5,98c2f7da94217786e372e7d85462c354,1
ed850b120dcf3049743a2ec2e015ae9f,15b11b38d792e5d8189446d9131d0fb4,1
ed891c42d02a927e5dbca628abcb9ba6,be837f2e0152a208d4386f4126d5bd7c,1
ed8b86adb87947ef159d03a7b9268b66,cb9650b0b86415106d480099a14b9d6d,1
ed9110823898cdd198055975a58f8cd4,f8b624d4e475bb8d1bddf1b65c6a64f6,1
ed9905aa9b57c2aa73612f73bafc9588,2b4609f8948be18874494203496bc318,1
eda568e61068a95e0c5d8f13b52e190d,86c43103446290e7efacad3701cd654d,1
edac083f1a20e237fc65e3c159623f76,b75a056d7d03227c3a3b60e9ccf518c9,1
edac42fb2321d66c4fe98b9bde2d97b3,6070b7a31286e70e682b07423492f35c,1
edba4f48ae2f681997110ce88ede849e,e19ddcc85537b41f22116c8d5425ef46,1
edcefb33e1e2137e0bd7c05764a99f84,e56d3d5361cb47c1947155ab5ffeb400,1
edd13a1ddf89812084c9545dadc62505,4cee3d875eb2f9d331aae01b8c4781e8,1
edd13a1ddf89812084c9545dadc62505,509869967faff93ff8a7a229abed8641,1
edd42935e92c9d18e1243d2207f2ff7f,83b00325c13c44245b2c3a2befa62a0e,1
edd42935e92c9d18e1243d2207f2ff7f,cc971e0365873137b8bef2ebad633e6f,1
ede9a1daf58d256c0d648ef7e1479010,6b119e825230e877b98f89b47081bc52,1
ede9a1daf58d256c0d648ef7e1479010,a07d0595ac61dcdd44214f0426431c9b,1
edf56c9b71642c3f73252ca6f3653c36,cb9a231b86e78edf9802645824e0b2c1,1
edf7eb0836bc6a1be99a9f8fe20ffbc7,e2e426d1332240070b0a836a854d057b,1
ee0285bcfb8ab655fd93f2275a1c6321,ab9cf155f8280c3739b09fe341a185e8,1
ee039bb5e02a2f5eab3da733e88dbec3,0a57f7d2c983bcf8188589a5fea4a8da,1
ee04dd46d48e1dffe76ca651a89bd83e,595fac2a385ac33a80bd5114aec74eb8,1
ee1fb534e64d33fcb16a1023dc721a24,091af6c2d579fe0926b4fcb8db07f78e,1
ee2d4819ce761bd16ca6692f879caf14,b0961721fd839e9982420e807758a2a6,1
ee346cba5a3efbdd8663133d9ff755e8,28ce57ecf4afba85e6020ec0209cada9,1
ee3887e1bec435a943e9c40e556007b8,7ce94ab189134e2d3c05f496d635419c,1
ee3b4b2a37bfecd113a6095902de1b0e,8ced2631a18d2e0814557875b3bb907b,1
ee3dd978021aef55ba8a583afd608049,f837b6a7e6740b19b2fa33c267fd8e7c,1
ee3f2f412d2ddddc74a7076f4b4da780,368c6c730842d78016ad823897a372db,1
ee52dae7fd06a5d6798b5cdef747edc2,7c1bd920dbdf22470b68bde975dd3ccf,1
ee631ea57c3a362e86099783950118cc,60142008404f92c16972d1cb6dd0e3c8,1
ee8ccd2ba674c9e779e88e96a2595936,eb7172d8a3c64298d2d767f6603c231e,1
ee8f0c49ed13656cf3210d7b9d8f2532,7c1bd920dbdf22470b68bde975dd3ccf,1
ee92860167192bbbbf68f161674745e1,e53e557d5a159f5aa2c5e995dfdf244b,1
ee9f244fe735d376a5a7a755431cd494,83d199d296c44101c8c3b5c9c0cce9ea,1
eeb1a37e2e928ef2bacdb4b6382badc6,fecf6223a3494f35362f670e571d2a04,1
eec24ad7a230beb6df8ef063d1df3a1c,5a6e53c3b4e8684b13388d6aa4afdf12,2
eeca7a31bee228b240306b42ae2cdbce,1191e61a83c807323c6c1cb5eac9ff3c,1
eed07583336a218b34ffa4773126a86b,1860b96949f9ff0adcd5e2c340d32e12,1
eed42f4f54e24cd19f809958a4735cbf,00f179926ae5965cd6ff548d765d8a61,1
eeedbeccc3682aedf564836354dcba74,59ebd2c07d59483d0855b5b3d5e18728,1
eeee9d1c48539af62348268fab136e2e,90f39a309a8c05fa7aa4ef02178059cb,1
ef13317ce9921eab2057cb68fe99a912,422879e10f46682990de24d770e7f83d,1
ef1dcd7d9f5a7481d6e43d8fd8082233,45817bdb08cc2ba11a384d7428d95da9,1
ef22056dc8495090cdc55992aa9ef1a5,437c05a395e9e47f9762e677a7068ce7,1
ef239d35ce43ebac174ad5c581b03ae4,1b28df0b54809d40f2bd2f2218c601a2,1
ef2e071d3b46a10875216b8b4feb9667,2cd4861a56a6f98288e0281e47f4b1d5,1
ef3bbff3023c5032593c0e754f87114a,77cc62dc80ebe12a0452d1ce0565acdc,1
ef44d54e8a801a4f7b67b374e14db9fc,cd3ee451bebe79ab56e507d101897b91,1
ef5e03b25d6991bbbcf88c60e6214151,3d0552899dbe2f89cff6197aab33fe99,1
ef6241c94ec298e06091fbafec584539,671ac7a60d975bd4ca2d7f7c77070210,1
ef6241c94ec298e06091fbafec584539,cd3ec6ebbc74e6070297d45ca9dd62e9,1
ef70585eef557ba48b24ea28f74726e4,378bb6601c068c842ca65be6c5e45ccd,1
ef70585eef557ba48b24ea28f74726e4,99a4788cb24856965c36a24e339b6058,1
ef81ebfc786a732f1f6df171799c30a5,7d854ab97c64ef9df2bbfaf332765786,1
ef8ca6de2f90db6f28b22103b9993532,57e089e3103f5cda6a4ce23b77399bdb,1
ef8d10671b9af3eca67b9d4024d50070,64fb265487de2238627ce43fe8a67efc,1
efabb2b271a2d7ced97c99c3cbbe3870,98a8c2fa16d7239c606640f5555768e4,1
efad2f4f28b98cd11ce8d08cdb0ba510,086f97beca2bb06567d542af191fa7a9,1
efbc3a1137c497705f0615f57e253f32,856af50654f3ba4a223ae9b5b8d243c0,1
efc07f50d0a9346ec00e1c37b5b10748,10dd77710da08ea43018cb3b4cedff92,1
efc63ad0c52f8bc3823f66b70616a280,75d6b6963340c6063f7f4cfcccfe6a30,1
efd6fec8f33c64ead2d675d6c953d397,9c7bdf67b06b419aefb93cfdfc96c55d,1
efdd6452a79503982f6a81742a33d2bb,d902ca64b614964dc31d6b0372e800ac,1
efdec3ea6e5812a498878e88c96d160c,3713f19c71c4be21ced80738e2fa49bc,1
efe0b326802e3b2636f4b6b2a7466f15,19ac68e14d04f4207dda95e2fd44a960,1
efec125e0fd56164c37c9f1e1c804cd7,ecf23a6c1689e2bed38171ececac6138,3
f010f1ad40cdde76194f3c124c532db2,8347d3b517ab185dea43991aebb46737,1
f01d004f168186b4d834b318d9309d5d,17ad136b7421ea8690fded631b651158,1
f0331bc1c4f9bb06fcbb14170f225284,a56af7192032f295ac582a2d70e4caba,1
f0413d0db87e22a35ae1cbdba85acb9d,f264c1d9b20b5e4a340254d0405e613b,1
f04a4d84ba2597da24b254fa733ebd80,c853cdc7ab9eab59b04f753cd9a2f27b,1
f058edb3bbbcfbdb48a94999c90a7ed8,9fa383a47388caa20228a1b5e238472b,1
f05935d3c717a26361221ca371ed65ee,6405e17a3e8718d5316c5d644320f253,1
f0597df49aa2644b5ec514baa2229271,9b76503b35ee45adf532e291d5c7de0d,1
f071974e65cb75a420c1530a8b0b27f4,5c86703f3b01f9df579c3a6232bb908b,1
f071fc29854206b94291632db6687bc3,8562e2c780a345b609e1b802d7e3e4ae,1
f07241bfd895f4dfc8728bf7753dd0eb,3215010238fcd9cab6ba7d2b81a6973d,1
f07241bfd895f4dfc8728bf7753dd0eb,60495adb1f1a49c8aea75e5e56a47a48,1
f0737b94fe6941ef04bd183d84e8b284,c1af2dbb7ddaa89a57094a6fde7578bf,1
f078095ff04dedf7d217df058773668b,75d6b6963340c6063f7f4cfcccfe6a30,1
f08164b2d28b71e289f92f628e7cba37,13c6408395db73f81805ef46fa6ac926,1
f0941f0a360451bb222634e610f7ad08,9cc8a90a8f8b6a7b56a486b612b40efa,1
f0b486ffd24a678cd2050bc29d3678c4,3e086c8507756d8b53e4b0f676e7f42d,1
f0b859bf10be8f9953db9e34fc3baca8,1ec486885049bbb9b79351d150ed18c4,1
f0c3b92019e378a971f4e17e5885a0dc,75c06ee06b201f9b6301d2b5e72993f8,1
f0c86121ca6c4e73fcb22877d2a0d35a,3fadfe202fc3ad333cdd51870f1ddb03,1
f0cfda3fbad4e99cef21f774b055df66,c24d97e07dcb8f32a8bfbe755731950a,1
f0d9d8e4ac3a29ef1b3382939e006298,70120d2f9b9193aa0030342072d8adec,1
f0db968ca669b9bd241c27a383092d9b,ebb7ccdb2a728a4188759bfa3cbd1fc0,1
f0dc368b018c4102a459934a02118a1c,49cd59957f1c81427ca0b2edf5696969,1
f0e0dbba81ddae5b144193ac233c2265,b795524e6ddbae40e910d169242dbcd7,1
f0e0e47278af8692f9b7f9f9a30d391b,9ebb48bdfe9f9c51c6c9f8a32a18d67f,1
f0ec95ed700893b211430d1348f6846d,657247f6f60543b93e3cc708a8e6329c,1
f102cb15ec41ca30fa2902da06495f6b,0c9ff9d8ed9b9bdd825487b3a66e05f5,1
f1078903d2e4453e0d1905618174a3dc,73bc42701d50d3c0673b38ea8fbe2e32,1
f10a0728dd9a65395633cb333eead2b7,12f3396e4e36112d4155e0c51ee35ed9,1
f115c9fb49045355c502f201e83f432c,5cbd407f3315b628a89206fbc140f6c8,1
f1283a7855d9e8e2426f243e01b827e1,437c05a395e9e47f9762e677a7068ce7,1
f129877aa8c01c82350976affcf8d18c,243bb58796ed2164b831fb75e1241888,1
f13780f02c055f61a1d754d88aa1711b,132069c6f99d20d9e0ea2b5b1143ec66,1
f154c3425ff09d9bd9cf677f7f658bd8,1dec4c88c685d5a07bf01dcb0f8bf9f8,1
f15502451cc5bdea5784089fec299f8b,bb90206fa281c20f0b4c42a2393b54dd,2
f15f8e8e29f606f908de87a8f7ee14f9,c6b3e5dad7e071459c1ab64d517d848c,2
f17aac72ebe06a7fbf7f6c923cd82718,ec5b3c8bb77ad22278f6e9d719a83de3,1
f17dc22845da7354c2279806c5c5483e,2734390ee304b0f4817b3c233094fc16,1
f1821c00b393147f35773641d2b53cd3,c2e158a66da842665f27c88015a7dbd8,1
f1847e1108766f3e77e212b82d2909e0,7efc9c66bf68e3026c7846b0ec3e8682,1
f1913159750548eb81dca4b69fbd5e0c,6f33a4a09ae1180a0ee1ff4682b2d21f,1
f19b781c401819a9e33140da6fdcf8fa,0a1c4b9c1ca294b2c85dbe2d4920abe6,1
f1a1772548b4c5024ef6bfad4a24d351,ded0fc03d15300415b27c4b3342fefe1,1
f1c8bca25ab72158e4721761b51d7256,0c9452f6a812935c0615faee8bf8646b,1
f1c8bca25ab72158e4721761b51d7256,a9516a079e37a9c9c36b9b78b10169e8,1
f1cc6f2b2d1fe79fc891d57a5b05e44a,3f869288a822d85504c7a423c9b473e3,1
f1d2dccf40e047efb9b678cde4a123cc,8c81b8075a4b824afebae3dc276889eb,1
f1d808f68f98869730fc61e3d00af4fd,64d33e6bd1b905a31c2f96f584e6a0c8,1
f1db8dd5d132de644b898613ac9a96d2,7f7a6b07907da42addc3ec06b4a62cfb,1
f1e6293b21eebd4e0cd6828301c669b1,f9b1795281ce51b1cf39ef6d101ae8ab,1
f1e670dc0f4e42fa6931d6f01d7b479d,c3097e07a0a5de0d4b4c836d90c5a284,1
f1e7fdffd7bac5ba4e53b092a314ed45,9545d45c37449ccbc376de3a04c66e71,1
f22449ebc3dcc171a096c27de4c3a901,b114bf337c0626166abe574eee9e3f32,5
f22aca6ec39e20888a279ee104039b32,3ff53c0418c367eb333906f83eff8fbd,1
f24242f44914c2af7b95dead241c4830,622bad99b4296aade0783ebecdd3fa15,1
f24774b99842246d43379d09c7ecec3b,54d9ac713e253fa1fae9c8003b011c2a,1
f2507ea56d748a23037bb1214964e87d,d4484cc239fbd0ac671ab04d931edc66,3
f25bd233d365ab0119f6bf5f397a955e,ee75970e2871fe4204cf7bcdda61d08a,1
f26ab0f57449753ea2109ca8b35d1034,b03f486273ee4263286c00383ef34f37,1
f272f062d84c339be94ffff26f582723,850fd992aca25ac2d7768b434ab3ceca,1
f273dd8c96c0c0ae03dd3cba3014f4cb,3d77287739b6bf1ac163ce2d77570ada,2
f27d38186712a26c18ddaad3f3165e42,37a4e50cc932108a1a952dcb9c15b0e7,1
f28f26eb918e84f08cc0934f23d08ff1,b2c888bdc2e3b970ec418f4c9f9877a3,1
f296f88c13ab7f40770c56810e4fcfcb,75d6b6963340c6063f7f4cfcccfe6a30,1
f2b16ed068625074fc2afe402df81384,35afc973633aaeb6b877ff57b2793310,1
f2b7b740f0eec308afa55f1a994f21b8,41801d2ed5124923137ec39aeeea1e93,4
f2cb2c39dd256d43335ad9c4e0a088fe,5a6e53c3b4e8684b13388d6aa4afdf12,1
f2f83fa24e988705987bf38370435056,8aa2ca7004be44cabe9d19d3e3763200,1
f30226ef42eaa266905c938a2ac58809,7bcdb99b3fc6f5c31ab72c04b5a99359,1
f30c4202fba22ee2b49b2af16767b380,8b6ed41158b194711f83b8da92757544,2
f316bdbd553c081a873eb697e8f98be1,dd330cda72d57600ab101aafafc9ab22,1
f31d0ce927351196bc937833455c3185,833b7baca432a26ccfc3e3eaa8271519,1
f3223fd3b2517fa73ebb06dd5f1b0e99,0900e9b18da6627157a7e47a8ac8fc08,1
f3309994e8de398daa7ebcd5479cf689,421890faa615c929339e62ace8ef69c7,1
f33b127cad2e1ad3d33db4df72ebd159,34beebdf2b189075548689f23441ad50,1
f33b3d6c9af33c35f9a32f66285a6b7a,3becff10d1deb92b02f2a1ee62a04524,1
f344a641af9aeeb5dca01be9058eb92b,67352926da43ede7a129a72ed744bc74,2
f35e64c823f62d46b6a6cab2d26f0a36,bc7783fa09789dd5984d2c9213413a97,1
f369d58e475e144e55d5936248f241cb,ddceb6eef6af67e9fbbd4c148dbe5fd9,1
f3821d2acf742563a4ea73981a7b6c8f,53759a2ecddad2bb87a079a1f1519f73,1
f388da80d7f9a29735dd482be3995dc2,a7566c5565bf286a5c8fb48387d97bb8,1
f3abd9d838b32ae720c958d71b5261b0,9ebfbbb1a5a173f758cb76d6ecc75f9b,1
f3b3891ff0afe3e2d70489634fb1bfbd,235458528f907463ec55ebb1e16b69f0,1
f3bd6b976e5545bb49c4b004c37c21ff,24c66f106f642621e524291a895c9032,1
f3cbdf0bb95fae3bb4697ed194df25c1,6cdd53843498f92890544667809f1595,1
f3e70dbef3c069f99b47ef74148d6d58,23ed7a10a36c6f88a757a9c83df9ea20,1
f3e73ca7cd85db9bb9be47fc88d38bc8,777d2e438a1b645f3aec9bd57e92672c,2
f3eadc8ea3f4d94285eaa4e05a0a7c6e,7bea3672d6a87d1d816cda1283bd1cb8,1
f3f04ca677b9e1062c2a5fad64c046cf,5d6bea33648f018dbb563f3a2fab09f3,1
f3f525ec747ce8f3adc1b23b797404dd,8338cef8355d238f43711dcb9c0657b2,1
f3f8de553908bdd20818ca14138343c7,cad39e71c0fe2f6ce875040d4ac43a4b,1
f408514ea6598d6b04a3ff8f2a2ae7aa,b2432f253fe77388b09fde407a2cc37e,1
f41666558f4e35056a445c27c2ac3d8b,588531f8ec37e7d5ff5b7b22ea0488f8,2
f43d9a5994fb99bb2e14160e12666442,a04f52ded97b5530e8783e3c002b90f0,1
f43d9a5994fb99bb2e14160e12666442,b8fefc9c1f951969968e904d08bfa8cd,1
f44b3055bdec3b3f0dad474eb14f83c7,199edc405b7080eeba36e77ef66d1ea1,1
f452a1351e76f144ffc4ca01bef3bc44,e3144d54af34133a585de8b475dfc57b,1
f470ef6c3f70afc022449af9a10aa4da,35afc973633aaeb6b877ff57b2793310,1
f47753854c975a0f97892fe1ede2e688,e3dd336775af78a83fc27ed85f0f15da,1
f489398e8dfad1028b7e94874dc9fa29,e0d64dcfaa3b6db5c54ca298ae101d05,1
f4c3935dfb85c4e7bcfd3b13ca483e87,e6fd80a00ebb1a3e0d58a38555fbbf2c,1
f4cdd4fc25b538733574c54d02784e3b,dbb67791e405873b259e4656bf971246,1
f4d603262cb2ec87b7b6fc431853f3e7,b42e79652dbc591a49bdd2f577b57dab,1
f4d64a735d1f90f13a057ca7f7b5ff87,c7fd13b5e515bffdab855d0812842edb,9
f4d98068179c2289cd5f050f0ac67644,ad0bce7600c071e450d162970917de7d,1
f4e7a983e7130953e85bfd0093475bb5,8316da766ebc954ed00fe9bcf1413254,1
f4e7ab7598cbef510a638a6068fbc56a,0ec96e6d31a1493b0475805c9ae1a0a2,1
f4ebae34770a20b6373e3f2a6cad3452,3ab4f9477c417aa9192c704e752d2bc4,1
f4eee7d403366b7c3262786e1e9a2823,e61bf3c66ce1e3491166b89fd29baf58,1
f4f702d7ea3e215274437e0df02de452,f77dd338d9f75229a09cbb9a18fd0c9a,2
f4fd1f42308fc47dee6d73ae1f6c9883,7775d718fa8dfebe8015e6e5ee3dc5be,1
f5003c157ffa6c1e541146ddcdade179,186fe07c8b8005ec6a498587ffbc1352,1
f517420b84edb19f3a8ce6f60edcac12,9ecf1e9d0607fc9074feb78fa8d8cc95,1
f51d026d5d87ee1bc3bd4bf666055674,b3cf0a98f31b76ed0cec13d9c77102c4,1
f521a7efe39c29935169acd2d1074f76,4161c903c8834f814fda62d066031d74,1
f524cd02ed38d4ed250fde7e49e4b9d4,518ef5de2c2b3a255e326a4594ba15d9,1
f524e3df8cfc7cdbd6c87f756326756d,18b0e642cbae7251e60a64aa07dd9eb9,1
f5294fd3bc349e076861698912675c2e,bf7727705a701b9c135cb00df5a2dc5d,1
f52b8336ea7f494160b13b53899ff01c,005030ef108f58b46b78116f754d8d38,1
f52b8336ea7f494160b13b53899ff01c,51250f90d798d377a1928e8a4e2e9ae1,1
f530197ea86ced9488a03d055e118ebf,6bd248f93425ceeb625a8a97e2404112,1
f55f4c4973760ee7f6e170381f993729,4293865e4ead3d446609086b4cfedb4f,1
f56ff455dcbb84c71aacf57d552a4f3b,b5e13c9a353102f79c6206ff5cb61a50,2
f57991014cde59432cc7c71901b1f32c,777d2e438a1b645f3aec9bd57e92672c,2
f58a7bbf2c58573b67632dcdcf9c0d40,7c65bcd66be0ad761948bfeda4e7bd2f,1
f5a2891493b5b415942b5e2e98ebaf11,17e7128a33dae59e32be411b7b4921b5,1
f5b92e56a780e1573737b5ad7d15ab19,2f5e485bacfeb554bec55cd497c9bc51,1
f5c85dfdc9f8a3de031505da6472580d,dbb4ce89c8ed5fb6fd901e2e51093179,2
f5ca65d1ad6deb11a9c5c37d948093e9,4298b7e67dc399c200662b569563a2b2,1
f5d9b89ce7c2abbca426c36ae04e613d,c857b96593773e940454e76efa8eabb3,1
f5e5fe72f9d970fc90546f2054e92c85,20da3eeeb6af0e217f80b316439a94be,1
f5ec354e3eaa4533604f5c8dc14d5226,580f59d167b4ded91943ef2b1f3d0077,1
f602d75dc9a8c13a7fdfd77523be7307,b0961721fd839e9982420e807758a2a6,1
f60469d80235aa2920161757357321ac,a4b5771bb3bd270e2baacfc4430798cf,1
f60a773af29509beb39ce69cacbae01d,13050bbc5cf6938a3760e43f1a845fcd,1
f612c18e7425b557b4137950a546bd13,89f055104adb9365d7f7b5c475f77742,1
f6243ddedb1bf96ae357422c43bb883b,24270aa37ba68dcc6be98dfde14da3be,1
f62c129511fd69648c45b74571444807,fb783e3e545937820b57fe539b2c5a6c,1
f660f1eb95ba1b9b20451d71725efc67,0185f302dc17abf603edfe7929a0120a,1
f66491ab775d85d3a33e23dfee765c38,4c35791f944cf1550e8ae288b3f9e258,1
f66f2668857fa2ede0a1d2147fe10bde,ff50a7795bf14586aeb06610fae49095,1
f680ea76654a400d48f8ca6d16a20442,bdcb8b4ebca66cd01b512c0044f8258f,1
f698ecbcdf5e7530bc1fb607f8407479,6f3b5b605d91b7439c5e3f5a8dffeea7,1
f6aea23d42015e5827c45f6126bcbf76,835c3918777f6ad40fea5150f5ba0cfb,1
f6bbef5ba9eb60e9f08707ff5cded7cc,5c973b4202aac5c372a483e712306f4f,1
f6c39f83de772dd502809cee2fee4c41,588531f8ec37e7d5ff5b7b22ea0488f8,1
f6d3809fa11cfb64661d3e2a5ae87dea,55aefe286a63b5e07f42a63c10371020,1
f6f53faac556fb2d6b5f26f80317fe3c,9c422a519119dcad7575db5af1ba540e,1
f70af1a55bb443930f41137eeaee382e,3dd2a17168ec895c781a9191c1e95ad7,1
f71aed45047f9c67240fe76a11fe3343,3e67af30c5e3eae465fbf496aa88fc8b,1
f7444d23b5eb50854ccec43d9ae163a4,a60613d36f37a7b27d3344f40f6a7945,1
f745cc20c9f5a199205e7f08487942a0,ec2d43cc59763ec91694573b31f1c29a,2
f7471a53a0c6b77889d13862ef714426,4914f8796af2ecd359fd8f44b9b92339,1
f7676a8b1b9377d36b7e7699afcb8bc0,c689470c5a069795896edc7b896d9251,1
f7745233611313075d6bb50c48c2927f,583f158587cdecda3e8bdea694021e39,1
f775aeb6ab62c3044f1f717dbdca6923,3ece1fcd5a64459a4e24143920178f42,3
f77c7eef15674a5fd3d3c13553ca803e,a5a0e71a81ae65aa335e71c06261e260,1
f77c7eef15674a5fd3d3c13553ca803e,da7e1b2f8c91cbf61a22b55e8cd49bcd,1
f784cd575bace953e1672518616df436,4eda4a7eac36a8ff69db8880c4d95b7b,1
f785a4fc69eb2ba079b0076cd0cfa5a9,5dbf50af9485478b933f1028e108640d,1
f7b168a3506088397cd2d771c1553a9e,a5e253ef6240a13a4d631fd39d2c7444,1
f7b249c9618f84a66a70a8c127d06105,378e13082055394b5a1607162398a207,1
f7b60e9670d04d37bf3c9762987895ec,42283300f3811baee739f5f6edc6feee,1
f7c04dbf91899845f2895f676b366212,5a6e53c3b4e8684b13388d6aa4afdf12,1
f7c17f006f58342e6eb4afa6d076037f,fb55982be901439613a95940feefd9ee,1
f7d31256e469e23436ff58bd91018dc5,154e7e31ebfa092203795c972e5804a6,1
f7e528a6685f32dd35e5c47b81e93912,d065729477709c73459cad1d32cf311f,2
f7ecb130fa478f9f5bee1b9a55293db4,d389bacae4eb98af95b782dae3b7f03a,1
f7fb63d6601b56b83781981988450f66,84c14b1bdd1a86dad802e0863ef5385e,1
f801bc634bfb35a854f4133662b218e7,c571bd52d56c393e52b38a593da5950f,1
f8260ac0cb6df254a4c7ec7dd62a3aaa,1a909e04ddbc64bda3fc905834678201,1
f83fe3dc158f7a731bacc84356f5c5b3,9ae571ce02784cd1dd2e3923fa636058,1
f84a84e29c14ad446d76a1efbd7d6464,0364c36f8e845e4d309c0a3accc04b1c,1
f85878687f6da02b2111c606896deee5,0a57f7d2c983bcf8188589a5fea4a8da,1
f85cc0ce9a08512570a38e27d2322a32,03d19e503abb1698d26d630c0017b11e,2
f873eea53c6efb9f7b57d7822b209e05,908dd61b840a480fa931ef04389c6266,1
f89539977cb5c6e5d6ba2e662ed6496e,aca2eb7d00ea1a7b8ebd4e68314663af,1
f8973afdc844e2b56c90aa9a714d6956,da051bd767b7457572d55aba23fd846a,1
f8989c74d32c636246efc5f2b72213b9,a0b7d5a992ccda646f2d34e418fff5a0,1
f89b63fb70a7ec9b7740ca031accb0cd,01c9a70868bec5b748c67fcc26ce5895,1
f8b4a24fe1e43e25a94ceff98545fc1e,da93657c402ea46729003c282352d727,1
f8b61dc0db201feed59e23ed0b26d2c4,c777b9591e90c49e0745efb1051789ca,1
f8be79366225c3a37623f18429daeb5b,726b4e18f00255e2e63491bcba3f60b8,1
f8e1db79cfede6d3c2b48f217bd89a92,305cf3d6eaf7d2339acabcbacd5e3142,1
f8e9242670e2a006945583dd4d13ae43,31c1d1dfbb4b2730140b8bd9248bcd58,1
f8f20eeb0195d8943f36a69f94c09268,8cef0a48dd6a31a4da7683d1f35d8925,1
f8fbe0a7a0f7709be3c1c8f269ab68d3,80df62ce491a20d390c9f69402310f0a,1
f90c0b67909aef5401de1537c2ccac12,e1ed9c25b42fc1afbc7459cc821a9d44,1
f9174e0cd78caf5d444cab8479868979,f081174cf4cde1e4f75cd45b4518bbe6,1
f921671e530fb8699e967a93163e6f3a,283dc451ad3918badb976d56ff887289,1
f93df0428349b10970413433e6aa5d6b,7e0dc102074f8285580c9777f79c90cf,2
f9744f196723a6eaf6810ba6b7432532,629e019a6f298a83aeecc7877964f935,1
f975bf6848e2b14caf976bece4dac690,53ea9da485f6aed8a6f03a85831fe021,1
f97aca2b8c62877d486e8afccaac5898,aca2eb7d00ea1a7b8ebd4e68314663af,2
f9af1b2b5f714b1c3f46b9683df2454c,d1c427060a0f73f6b889a5c7c61f2ac4,1
f9b0e8cc11858ed04c3b6690e47e2100,389d119b48cf3043d311335e499d9c6b,1
f9b37f6a2591a3a3ee8ebbb20196d71d,17636e3c15333148e25253db631a2d7d,1
f9c8f1adcfa05801bc411aba910a8730,ff5d7f21d255435967dfbe72b5dcdb57,1
f9c96252874067d98cead6b1f3859c02,555b27dfb2ed94d001c28e5624dd6961,1
f9cfb1926f6ce39e0101e813f48b4df6,7f98b8ee9f858f69f6e73715c3fe8ed2,1
f9d11796f409c164ef9ed4ffe92b9ae8,226be9996759442f90f73b7d24c6baff,1
f9e23c14e5ab7352006f43521f84b3d5,bfbce14d1a7118b0c233a35617ec2830,1
f9e23c14e5ab7352006f43521f84b3d5,da8faea5f69f03fce4dfc01ceee4f1dd,1
f9f0cae6f72ac7bcdace53158b1712ef,b52af48deef5c1fb35c99248a5269973,1
fa087843ff42cf337317d1f3f62fb18b,bc74f63361c15c1a5baa5b97ac432e62,1
fa2871e0cb672e2ea14de8838fbfc43d,0bcc3eeca39e1064258aa1e932269894,1
fa326e9c35ae7f61dd83e1e13a6b8353,842f01c6359ea76dede02a1daf8bbe77,1
fa37c71b257f8a67ce2e7018b3aeac32,9ab61676eb915c81c3c893adca21364c,1
fa4806deb2b4135ae3708a87c6279302,5fc3e6a4b52b0c414458104ed4037f1c,1
fa4cbecd3769852b295dd7f1072f860b,05af73bb3143cbc5233c1cdff4a767b5,1
fa5aaf3631ab1075fcdb95fa8e10cad5,3787e7ea150c3a54578d3f58b133f9bf,1
fa76ef69ae16b2d6fc69cf17ac133e22,e5ae72c62ebfa708624f5029d609b160,1
fa7ec8b2b45b5b6517357a5c5e82740d,d1833b7b959fa2d25e6d970bda08f59e,1
fa7ff73c5d702b41dd2f88e18484a275,977f845fc71d6dfd5af3a0aaaabf2161,1
faadd91de8b5f0d5487aad688f998014,3b60d513e90300a4e9833e5cda1f1d61,1
faae3f96ccf16903b53b768dedf6aae9,84412fdf17ffe7f7b52913a82e73b5b2,1
fabc9128fc3c897d2208425e2086d3a5,42877980a9990b1391c279582c1aa894,1
fac3ea363fc5621bc4b66c92de5e94f0,32bb152336c896d906a6344cdbe1993c,1
fac5d37372ed33c445aaee31a0be462f,5a848e4ab52fd5445cdc07aab1c40e48,2
fac62f659b6e79c9004f4df20f81e56c,b4546f52515517c7e25a51a13695c1f3,1
fac8017d2afbb23689d675200ab9f5d6,1937b3e587fc766c8d1cef0c11c6aa53,1
fad50c331c2852605dceb3e6d4f407af,3225c54bb2785c33f49f50398fcdb88c,1
fad867ccc296df4399f09533c10bb693,7c78931da71b756d23d98d0e53e01fb0,1
faddb58d5de890cd191da5bb72c54a27,a194f3df8d9270f350891b7454174724,2
fae404931d0ce02b3ba34f98c86e3b92,e53e557d5a159f5aa2c5e995dfdf244b,1
fae5d5fa492706b4c5c236fa57642e6b,6783ec139a64b31273469591b7e09e16,1
fb17e35a1d45d98e720b787b53e9feea,adf67f81126a8ec9e0968dadbb49083f,2
fb2340bd42a7561ca54dfd22978d7e2c,055019def765ce08da9fac0585e927c3,1
fb2fdd6a93ddbfbb6390f556be5abc4a,d73378cc66536ea4da8b4026e23ec2cf,1
fb413491947c3cdaa43ee5a05f1074fb,776ef0ee36e20757c513e64903f1fa8a,1
fb4d778f6b01565f209b561c9928747b,a963ea4d494221de09b70f1b4a70edbd,1
fb5a37c5751065b31f48a501d47eb1bc,99a4788cb24856965c36a24e339b6058,1
fb669b7a4d4ea214fb00d2e4cd70b321,4052517cac9e78357d895976124f6972,1
fb7df68b487c7340f5a4e9c5d4ae3e73,f69581741831e1dcd24e28e299ad36ff,1
fb8ac10d5e8b76988d085ca9f7c01759,526e24e5c44ede53f4d3a7c10cf8bddb,1
fbb6b1c7deb81cb55bd3c0ccf3414912,a19b6951c75da43aad691622dd2f6abe,2
fbc1bec47970c387d5f4962d518dd268,cb17b798ba889575385281b7ec2fc22b,1
fbc72868276e138732416292b2c011d1,c01cc7b6054e22d68972a35df1e0c249,1
fbeb150ba4aab5ae80d426ce53e71fa4,1e618d311a1b7f88a9d96ec50aa85582,1
fbf8e675c5adcf8c482b04c517814924,97afd188bb555122d11925deb0052174,1
fbfdd7fe2c8685586b7e44a2970d0727,ede062bcd13ef64b5cc87369e4edaf62,1
fc057bc7c190883369794b851d6f3ab0,6a1a04054158fe995e1688d8f79605b2,1
fc0882280024acdc05099f791169a939,d16481328e66930682fcb7f8f50894f8,1
fc29af95ef22de1bc3dbfc54556ffb0a,2135fcbb25adcdcbe1b910622300a508,1
fc583cfdde5d391a98d0f17d30209677,bb09e8007aff97a9452967b19430cf53,1
fc65dbc709777157c273bdd7057565d0,25f86162fee18735fffdb762dcb10d7c,1
fc78016bbb85f3105bfd610141fde114,42a2c92a0979a949ca4ea89ec5c7b934,1
fc87af337f289b3b613626426c66d14d,5d66715cc928aadd0074f61332698593,1
fc88f088d243fe889616273a5256d9a9,f567d4c09e85e4faf20f896b363fb827,1
fcac4e7c11bf4757ffa2ac9ef34ee479,ff7c7524d5f9a8386ab27088ec03c1fb,1
fcb1f9fb9f5e108be9fbb059baf5d456,fa7be99321f2dbb1e518d2139ccb1d39,1
fcb2ef0d55a8f60738b15012aab22da7,aca2eb7d00ea1a7b8ebd4e68314663af,1
fcbcae9398452be8e957aecc63625444,ed2067a9c1f79553088a3c67b99a9f97,1
fccc73b03ac8329be1c7b98011fd9638,474bb6b54fc608ca71059a6c4f7ecda3,1
fcdd6eb28f7ee1db301d1175f0a7b392,a59fb60fddcc72a9878b7ed5cb69d8e4,1
fce713ce55413765136bfd209d5a6542,7b5d8be0e04080e4c8ee6a7ec2f1f597,3
fceaae36ccd575ed9807e3b17cb4e95d,b0517edd4454b9c2537f65826f500a2f,1
fd0050cfc15a4a9bb1f1bd0605bf5329,6d3d8ade6b793a08b041b6bc653c08ca,3
fd0155e73e71f879a2079171afacc7c8,1d3f55c00acdb29bd959f2760abc8b7d,1
fd0e05528dd6037d245eee7d42ba837b,b4431ed501beba1c20c06656260d30d5,1
fd1b3c71bd3a2c488623ddc9943f379d,8aaeae26573fd33a2512d3fb0d8bea6f,1
fd440a24212b8c94038eae8c3c200658,de845f191115e91fadc9624c144488c7,1
fd5e7ef8ebb833e81b09dc6c1afc92fe,5c0826f946c32406d5baa79544668b4c,1
fd6d24826df20a47edc27155e5c613ae,11fd9d7ba552e1d28872e008acf1e050,1
fd79d84ccc418c200ac0633a12166a71,371fa349d92646bbeea5873df0bcdc5a,1
fd8829011be77456f79d753bc9723257,25437c6ccd9cdc28db375f821881224f,1
fd8a857412d572142654875ac852e343,fd0731561b291a28f6a3a189e86a1107,2
fd8c1c13c5a8e810e542362ffe896cb0,a695ab8413ea83619cde9b18292d6aa1,1
fd905acc8e4322baccc7e50efb4b8947,f5c3f6159135311269c45b2b88f67464,1
fd93589182d64ac656e98cacba848fcd,f647cb5c7b9b37aaecfaee8418a864cc,1
fd946ecdd7c1eab8dbed2c8f330cf2e7,1a26d40bdbef9cbc3e56226cb622f65e,1
fe1cc174642276d82248a481bc4c083a,cdba44bccdafa757b44f7f41b70f4e23,1
fe476fb992cfac604d990a6e8b50a434,5f0bdec2fb222061ed8fe52586a5957d,1
fe5113a38e3575c04f5a3413100d4e48,588531f8ec37e7d5ff5b7b22ea0488f8,1
fe7217b7ff946d143c80fd4852c32836,fa7e28f040bfdcfdbd93f82a31277e43,1
fe7bee92681d1c9369a084e14683ab78,cad2db5e318d7283a234c517b2f28a42,1
fe9d20bab93bc661ba9037d5bde82cc4,089ac5f8835b1cacc1481b4c7cbdb503,1
feac68487f7ac58b65ecc8e6b4a12e85,42c3b322d319a613dae422ea4087995e,1
feb56fff80908f4fe956fbd278817f59,12cfb75a481057d8c401f03f870a3305,1
fec424751aa87f5451286fc3d532fae4,4da0329350218978429b287440f4b87a,1
feca0f935fcce79dd42d409d96af9645,c4b925e40f11289063a854c47aaef129,1
feca784ce427334208c8df149c58bee4,089cc17c8bf2226d13648392e33dabd7,1
fecd194256ab742769c2e9ab4cf961e7,652683d85a89f3b134e44989a601bc58,1
fed6164eb076a32849ac5d4d3cf14480,23588f7d2da3b618063a218a390fdd0d,1
fef067e487e9911c42d7073ced30b5de,61aa436324fa31453598a454e10b2cb7,2
ff03c28afb14c93650bf591cb49fe327,61a53738adc5c0e8d243553320f9ba1c,1
ff1aa5b5c7890d273cc15e9ab91393d2,61a4100ccd6d9c4c808a1fd954ddb8ad,1
ff1ccb6180f6464516836891ce1f2ca1,4298b7e67dc399c200662b569563a2b2,1
ff2115ad55e342ae746a65ed647d841f,f42229541a6335f3ed5268439ea9f414,1
ff321454b4ea8fda58a0d3a0ab2609cb,35afc973633aaeb6b877ff57b2793310,1
ff36e3cbdad7fb9d81c1d75f39e5bafe,8cce4274f3868305ba6a25454b9cb2fd,1
ff4e6e0da805f085c05327c77738f7cd,736f1b87428f9cfe5f5184c4ac0fbe05,1
ff56eb69b7e7abdebc5aa8d66c18df85,8338cef8355d238f43711dcb9c0657b2,1
ff69fe294d9da2e683dede2ddb70b6ae,d6d88b596b8166f1094d9fcef020a074,1
ff6f39a2a4be2c5fe2e1f334a984361c,c4e71b64511b959455e2107fe7859020,1
ff867639e5f7ca1f857b05dd3aaac021,87a71ae93900ab55fcf685c8040769b3,1
ff869205a42a4de9aa4a4bc357c62507,99a4788cb24856965c36a24e339b6058,1
ff8f6d3e8686235229636f5b388e3b44,36f60d45225e60c7da4558b070ce4b60,1
ff8f6d3e8686235229636f5b388e3b44,e53e557d5a159f5aa2c5e995dfdf244b,1
ff93b4413884cd9b2d851e9133d8c1ab,dbfc3878e8b8a96816236363e132e6e3,1
ffa9419903b6e1ed6f0692ab2695de94,d4cbb6517d22b1d8114cb1dcbd40cb25,1
ffc261b1c1e12a951ee0fc9d27463d3d,0c79aab7a6a2449f932887fb3c8d0127,1
ffdd933fe636d97903e7a4758faa8c6a,f08c59bc335a381d2b015c4efdc6dae3,1
ffe509f377a33554f5a677dcd83e669e,2feb7008fdbbf5e65a885a1e5fbd49d1,1
ffe74a03e68b1c23d2bd6a1ecdc2f3d7,3e4684507e866b7418a457863bfcd3fe,1
fff0f9fbcdf9cfe4d9328bd3a7af71d7,ee6c49af1a2de55aa0e076257ab4ab99,1
fffb97495f78be80e2759335275df2aa,ec2d43cc59763ec91694573b31f1c29a,1
