review_id,order_id,review_score,review_key,order_delivered_customer_date,order_purchase_timestamp,order_estimated_delivery_date,delivery_days,delay_days,total_price,total_freight
8e15a274d95600fa14f8be64e37a0e67,ff1581e08b3011021e7c7de592ddc81e,5,18,2018-03-24 00:52:29,2018-03-21 22:37:09,2018-04-03,2.0,-10.0,21.9,8.29
2c5e27fc178bde7ac173c9c62c31b070,0ce9a24111d850192a933fcaab6fbad3,1,30,2017-12-13 00:28:44,2017-11-24 01:40:48,2017-12-19,18.0,-6.0,159.9,28.5
c0f4c8301f8c29d6f53d239e194bb4c2,04db86e3493b3724ac4bd3c9a397e23c,5,36,2017-09-11 19:20:02,2017-08-28 12:12:38,2017-09-14,14.0,-3.0,86.69999999999999,35.55
8b230a1373c6dc4bd867099fda1d7039,071251fe3b3493294536f03737a8a679,3,74,2017-11-08 20:24:42,2017-10-26 12:26:44,2017-11-21,13.0,-13.0,24.98,30.2
8c6537ae1519a3c0375e4fd45438344b,a9a75c64cb5e9f7bc92e68ec13f05c45,5,83,2018-04-05 22:12:48,2018-04-03 12:39:58,2018-04-20,2.0,-15.0,59.0,17.32
0bd4dcc4f6c4621baf37f73495cad8c4,a11cd01ac67beef7e8bf09740d8a35c1,3,88,2017-03-22 09:06:14,2017-03-10 18:29:46,2017-03-29,11.0,-7.0,79.8,23.48
b83bcebb69cf373474b4cc3b10eb0bcc,c5d9ec893ee95eb55c4fa513cc606582,4,103,2017-12-12 21:18:37,2017-11-30 17:30:28,2017-12-22,12.0,-10.0,125.0,13.21
ba7e2a294a1c84d89bb8346d5343b74e,2ec63bd84c4e873ee8bf8786f4942673,5,125,2017-07-26 16:41:25,2017-07-20 18:57:41,2017-08-02,5.0,-7.0,179.9,10.0
5c37d7ba6ef2f031c34bb4fda3454018,bbd1b9ebbc5a09d51caaa2d10e0f93b5,2,129,2017-12-27 17:58:53,2017-11-22 19:01:04,2017-12-13,34.0,14.0,72.0,14.25
46d8249ea59101c7288936c3e6f155d7,f25ddb6cd62d720a5d91fff80467930a,3,132,2018-01-19 23:47:21,2018-01-13 13:19:46,2018-03-08,6.0,-48.0,388.0,32.13
487f8ff16eaf366dc7c01652202048c3,d5ba80d74b52c335ae36398d6159e6ee,1,146,2017-08-21 18:43:09,2017-08-15 23:23:16,2017-09-14,5.0,-24.0,340.0,31.88
1f83ac8151dd375e41ab519523ade3b1,e08878ad70acad81d0e90f59e56ce9a6,3,163,2017-12-12 21:06:10,2017-12-04 01:17:51,2017-12-20,8.0,-8.0,77.0,7.79
8ef36616bef00398b6e413c124f436c8,6925682cc441a2514cd15f7f17ece7b2,5,179,2017-05-30 14:17:53,2017-05-24 14:10:06,2017-06-13,6.0,-14.0,669.0,17.02
5bf1a70143253c588a56357140b572ce,ab8c4bf0204081a450dae1139f6eacb5,5,286,2017-12-18 19:19:16,2017-12-11 15:13:03,2017-12-28,7.0,-10.0,179.99,9.63
58b27f28e98acdaec89d736d8ed79dd5,e0ffd1287f544946a6a6a2dca083e37f,5,301,2018-02-23 00:08:58,2018-02-08 19:45:42,2018-03-02,14.0,-7.0,219.0,40.46
0c0b7bb5202b7fb05e210d55fdc619f1,73efff4d70edf5102701931188e4b15f,3,317,2018-03-19 18:10:50,2018-03-14 23:01:15,2018-03-26,4.0,-7.0,48.9,9.26
9325f9b2fdf236da5f64533a9aa1934f,6c21f6a1d56c99f439fe378d0ac026f2,5,343,2018-04-10 14:52:07,2018-04-07 15:24:30,2018-04-25,2.0,-15.0,45.9,8.82
c5efc0219f2949a8f81d5e8b39b9ca0c,1cbcc355e275e5143ab1dbf260ca14f1,3,380,2017-03-22 09:08:52,2017-03-12 19:04:41,2017-03-30,9.0,-8.0,6.0,8.72
700135724fcdc3170960fd95b8fb5904,bf013ab8da2ddc44737310fb1f58361e,4,392,2017-06-19 21:39:28,2017-06-10 13:45:16,2017-07-05,9.0,-16.0,419.9,23.43
c1e58877b092e29f93d7c069903b2281,4b219c12fdb241d6c04908f66f8133bd,5,448,2017-07-26 14:56:36,2017-07-23 15:52:03,2017-08-07,2.0,-12.0,288.0,85.78
5c8c7331ba6324416bdfecdb7f3e4255,1da63677fa1ab2793e98f11327b5756a,5,464,2018-02-22 12:49:05,2018-01-29 16:52:05,2018-03-05,23.0,-11.0,119.8,27.16
69e5dd2882a9e8cc92609e34aaa923a1,828cb23d35630c92b140ab22ff23c485,5,482,2017-11-03 20:44:49,2017-10-24 22:10:39,2017-11-21,9.0,-18.0,89.99,16.39
ca5b86a1423e560c086b5a2a06c9f702,3d48d7055649a7d98f6a19f781314830,5,501,2018-03-25 15:33:12,2018-03-15 15:05:33,2018-04-03,10.0,-9.0,70.9,13.86
699b866b71b5ad31f1faa2b1ab4fe1a6,43150008aa4569cfef4be756bd7dbdd3,2,516,2018-01-17 21:37:31,2018-01-05 20:47:24,2018-02-05,12.0,-19.0,90.0,32.22
d3b4d016ccfc708c50866b550f903b9d,1905a6fa69b8fe273cc0ec81f8ec31b5,2,538,2017-12-30 12:41:56,2017-12-18 18:12:58,2018-01-12,11.0,-13.0,179.0,16.0
f11d548dc1a7c713bff0b6d2ef0dff7c,0016dfedd97fc2950e388d2971d718c7,5,544,2017-05-22 18:32:21,2017-04-28 19:54:40,2017-06-01,23.0,-10.0,49.75,20.8
13b95ae5195e069d47c2b585c8e9b4fa,67730eb2f9468b8c6eb20a45dd477bbd,5,562,2017-05-17 15:06:41,2017-05-07 19:13:36,2017-05-31,9.0,-14.0,26.9,15.11
18abfe82de3995ac67d737ecc8189a31,3cde8944e2cad2f0494cf3f146b4081b,4,568,2018-03-27 19:03:13,2018-03-20 20:48:34,2018-04-13,6.0,-17.0,104.49,18.61
9789da30de867a89d9e05b5cd70372c1,53abe7c4aed1dfb3bf25e69723fd9a4d,1,595,2017-06-19 20:37:42,2017-06-09 16:13:00,2017-07-11,10.0,-22.0,271.8,32.4
dad605a71e59cdef6fcecfc9bf514ca1,e38f9946fb20db4a597eed7547c59afc,3,599,2017-01-30 10:44:58,2017-01-22 13:49:37,2017-02-20,7.0,-21.0,49.9,14.52
eb5be90ba891b7b7e4c25228c23ad3c1,c0412e955e8866bd36d56c196d1c9d82,5,621,2017-10-30 18:44:04,2017-10-19 10:17:18,2017-11-07,11.0,-8.0,119.9,12.34
a099d25e117c98a5d7ae5b70119b7f32,e9e76f41dadb7c83d5f8dcbd2ca7473a,2,646,2017-07-28 22:42:10,2017-07-19 14:08:55,2017-08-14,9.0,-17.0,15.98,23.7
b0122cb1623fa4d1e74e7ab9de549465,87cbf27ac970c7423f11157c2ef6ec26,5,653,2018-02-08 12:04:57,2018-01-21 18:34:51,2018-02-20,17.0,-12.0,289.9,17.79
7f2c8f10a5eec4375a11cbcb3573310d,492b48333a37f2f70213b81672d4aa06,5,673,2018-04-17 23:56:26,2018-04-09 15:14:31,2018-04-19,8.0,-2.0,39.8,7.87
1eaf9c9223fcb221f246741e05d75399,83ce09b55f29086739212db0e38aaca1,4,680,2018-02-17 17:41:55,2018-01-22 12:26:53,2018-02-19,26.0,-2.0,124.99,14.62
d866da31ddcd55611d096d852843b2f7,b92777d39afa7f58503ecfdfaf255972,4,689,2018-03-28 23:57:22,2018-03-25 16:11:10,2018-04-06,3.0,-9.0,22.99,7.39
ae83a790a3f01e1c43dd4d2863cebe0c,1b3190b2dfa9d789e1f14c05b647a14a,2,693,2018-09-19 23:24:07,2018-02-23 14:57:35,2018-03-15,208.0,188.0,144.99,17.26
9dc35c0d556a65f1c4aff189de0d60c3,956f15dfe9a7f2414a02c445fdbb865a,4,702,2017-02-02 13:54:06,2017-01-21 18:37:21,2017-03-17,11.0,-43.0,59.9,17.16
3a3ae0e3f4a7d6b4d1cbdf1b1732e424,0fbebd49386dfce3800986434bc990c8,4,705,2017-05-23 11:27:19,2017-04-21 16:28:11,2017-05-29,31.0,-6.0,249.89,53.3
fb9c35dd3f4294381b42154f21186e83,643e340c6c562d108526c36d5a94c027,1,752,2018-01-18 22:51:54,2017-12-05 20:11:04,2018-01-05,44.0,13.0,139.0,30.5
9ee1b9577cf8288c192d2060101e1db4,23bd3ea8478099ea89638b5514a1198b,3,754,2018-03-23 00:58:45,2018-03-03 00:42:02,2018-03-21,20.0,2.0,30.21,11.85
1aa5d3f38b359bc5103fcbdcb2c77223,274c63b06327262e50b1798060d9dea9,4,763,2017-05-11 10:00:10,2017-05-04 13:48:12,2017-05-29,6.0,-18.0,79.8,29.04
4cb1244eb3e77c0e12d932664e701c7a,90ec7e058a164b8dccce02591de2f99a,5,795,2017-03-06 14:05:11,2017-02-15 12:03:50,2017-03-29,19.0,-23.0,890.0,116.87
13e80f4d3fe96747729573b4a95484ab,07d60a76803db63f0ca6708011e8cf9b,5,815,2018-04-28 12:54:43,2018-04-13 13:45:45,2018-05-03,14.0,-5.0,168.8,16.06
1c0a2e60f8bdbed3b6d6a09ec379f006,2c1ccd5d927cd108ebbdf62741bf5dc7,5,843,2018-01-22 19:29:24,2018-01-12 13:18:30,2018-02-14,10.0,-23.0,24.99,15.1
e3e7fa42afe0e6ec561dab0fb8d61832,43cc99c0d748acfca2d0fdc297b3c719,5,858,2018-01-19 21:36:36,2018-01-08 22:06:13,2018-02-08,10.0,-20.0,61.9,9.94
084a39ba9b337efa6cb122af96c4b5c2,8d39667dd1c683e4a8b9dc1f16d08cb9,5,904,2017-07-28 18:52:46,2017-07-19 11:18:00,2017-08-16,9.0,-19.0,588.0,53.82000000000001
0fdc5885e13af6996fa1c53985b21b9f,e785d10e3015fc46666c06b2e0f057dd,3,1046,2017-03-08 05:08:15,2017-02-25 18:56:50,2017-03-20,10.0,-12.0,64.99,35.44
fe9778f8b352bd1bc3dab595fde6569b,60649d0d9e4157baeb059b34cf7d9b42,5,1076,2018-02-16 09:09:14,2018-02-07 09:27:34,2018-03-06,8.0,-18.0,129.9,15.66
ce87e38ac994c81c48da4d5943ae56bb,9386d40609a844441d3fc71a2d763aeb,3,1079,2018-02-21 20:36:59,2018-02-06 09:43:59,2018-03-12,15.0,-19.0,119.98,31.349999999999998
3d809e7b5db7b16f00e074bd7ceed315,341f18e07d530efb44d8dc6753c10400,2,1089,2017-05-15 13:43:27,2017-05-05 11:11:25,2017-05-30,10.0,-15.0,34.76,10.96
0f78e4239d721587a2a1e81256297240,9a0b6a2c842e5a42bef91fa4c7dea9c4,5,1121,2017-10-03 12:05:29,2017-09-20 08:54:48,2017-10-17,13.0,-14.0,72.9,19.75
c1d8be7d76b297093f4eba70cdebeeb9,8ace197d57084cf99d770809ef26dab7,5,1123,2018-04-20 22:02:29,2018-04-11 08:54:56,2018-05-04,9.0,-14.0,499.99,15.94
91456dd99a250d92478a066ec5d91b41,09914aa3bf0c742de9a4819692ec756b,5,1132,2018-01-11 22:14:29,2018-01-03 17:44:15,2018-01-31,8.0,-20.0,230.0,22.1
125af5098b160c059cd60bafcc1f6ad1,85f8ad45e067abd694b627859fa57453,5,1137,2017-02-07 10:46:00,2017-01-29 21:40:02,2017-03-08,8.0,-29.0,1934.0,27.0
3581da46127f3ddd55a8c645fb97109c,6b4063646aa51aca70fd0c745ded2155,5,1169,2018-02-16 23:03:40,2018-02-14 00:16:24,2018-02-26,2.0,-10.0,25.5,8.27
49e59e3aaaccae4ebbd63ca6662fa71c,3bd5b8bba961482f0f6c2e3502ac63bf,4,1177,2017-09-19 18:48:41,2017-09-07 13:41:37,2017-09-29,12.0,-10.0,89.9,16.39
d0fb41dbf847768e47e51c87a3bb6080,2d759f2f4fc0dc05845a71118b1870e1,5,1185,2017-12-06 20:51:38,2017-11-20 11:45:04,2017-12-14,16.0,-8.0,134.9,16.7
fd9a6b85eb01736ce1b272d928544266,db52d0bad6e4192503aaeea87004ed6a,4,1192,2018-04-03 20:52:47,2018-03-04 21:38:45,2018-04-02,29.0,1.0,916.0,23.98
772c2f1e27628ff6805a84279b9aefd6,05290ddcf1e8fa2c773e1f37015cc56c,5,1203,2018-01-25 17:58:36,2018-01-14 20:26:05,2018-02-07,10.0,-13.0,45.0,15.1
be7e2989673cb2a147b87ba73277da9e,777c67eab7c0712ccde8ffbb22715adb,1,1211,2017-04-07 06:32:42,2017-02-26 05:12:17,2017-03-28,40.0,10.0,53.400000000000006,93.9
0cf5c3271576152c2be4fed54e1e16ca,22266e2f8d8084cd2b5d8488164d043a,4,1232,2017-01-23 13:49:05,2017-01-15 00:01:45,2017-02-24,8.0,-32.0,20.98,29.04
6c9f40609b149a26e7c4cc4dc1a36632,adf36df4c22d10f6df56aa465a4cd301,5,1240,2017-09-14 19:47:37,2017-09-03 16:57:48,2017-09-26,11.0,-12.0,89.9,17.88
5f519630ccc6fed233c2db4a5c774e59,d9eb574d9db751d3a86c7bf179ec2853,1,1252,2017-09-26 21:51:48,2017-09-12 14:29:16,2017-10-05,14.0,-9.0,99.99,25.15
9c959de6b44f48641efa728cb8c8dfd9,8176ade636d355663673260d5f4faa54,4,1285,2017-05-24 15:42:13,2017-05-19 08:20:59,2017-06-08,5.0,-15.0,99.99,13.72
0508f6a6207fa536010145f92caa72fc,cfe2129968372224ea392ad47c0d5b02,5,1306,2018-01-22 22:58:10,2018-01-08 09:56:46,2018-04-09,14.0,-77.0,149.9,72.9
a7559033f9515e95446d5fabe4692926,c1e01caa64164c2b4c54633ef42d032b,5,1332,2017-04-04 07:22:15,2017-03-24 22:00:38,2017-04-17,10.0,-13.0,169.9,22.66
efc93cd492dbd5db74b7cc8a640dd343,cfa2b603d428bb936f63a21c3f2b99a9,4,1344,2017-11-10 21:44:33,2017-11-02 17:23:21,2017-11-23,8.0,-13.0,9.9,11.85
551fe4938c3945604670cf8034f53a24,24c8ffda64e11b98ff0fc9fca38bec50,4,1345,2018-02-24 10:13:50,2018-02-07 18:12:35,2018-03-08,16.0,-12.0,99.0,15.44
0cfbae37fe8a71519696f3589a4050bb,800e1eb8758f73d800f1a4c6fbad186b,1,1357,2018-03-13 20:24:21,2018-02-26 16:51:46,2018-03-16,15.0,-3.0,174.0,25.9
03970912768ad99cdd64270214bb4b15,d57eab70175d8611d6a811d6c2af63ae,1,1374,2017-03-15 04:11:55,2017-03-08 00:29:33,2017-03-29,7.0,-14.0,69.9,29.04
f47e865dd8d556ecf314e528d0a1e852,0257956857cf61994611a0a19f4bc247,5,1383,2017-10-24 14:34:44,2017-10-16 20:29:14,2017-11-10,7.0,-17.0,54.89,15.13
4cff93d5f40042f3af0ed5815a5a994a,a2a7169e4204a769d0c0f85581e7f139,5,1388,2017-03-17 09:53:34,2017-03-12 00:06:45,2017-04-03,5.0,-17.0,105.9,15.95
fdafc497d4defad9d71bab3f69cd1ef8,9079f0a7009de87ec70254bdf060369f,5,1424,2017-07-27 19:38:37,2017-07-13 14:51:58,2017-08-04,14.0,-8.0,44.9,16.11
18933b39d6a63dd4d50c782d9ce00049,0cfb04a3e59f3ce319891d208135885b,5,1427,2017-03-14 10:55:37,2017-03-04 12:01:29,2017-03-29,9.0,-15.0,195.9,19.96
e2a7393ca8e164d501cdce484d152f04,5ae9bb819d9fe122f095fe919a408e17,3,1439,2018-02-21 19:08:11,2018-02-01 09:03:00,2018-03-05,20.0,-12.0,58.99,17.66
49dd070e5bb62755c4695af81f80b9ec,e56a1cb152fd9b915de07e0f4f5b462b,4,1442,2017-10-05 19:03:52,2017-09-06 09:52:56,2017-10-17,29.0,-12.0,1299.9,44.46
bc8ffeee5ade303458387ac5f868b82f,6fb6e809fba02aa50058be7a0e3ad532,5,1506,2018-03-21 20:26:33,2018-03-07 16:14:54,2018-03-28,14.0,-7.0,139.9,58.84
2c347c96f8719cf7170789d58cc160cb,32b75a504adac9e56f590b0561a5fcc6,4,1527,2017-12-05 20:32:13,2017-11-12 21:43:34,2017-12-08,22.0,-3.0,196.99,63.2
2f4630e2e0dcb3feef0ceba022315569,7c74b6a47ffad9deb24bd2a1f0b0acc5,1,1529,2017-12-14 17:46:49,2017-12-04 17:22:31,2018-01-04,10.0,-21.0,38.25,16.11
ac03ad6b43cba822aee617cff5cb3fa1,b9ce6b3fb6996bc5690ee196a0c80888,5,1541,2017-11-10 23:52:56,2017-11-06 08:07:10,2017-12-08,4.0,-28.0,130.0,49.44
2dcc85d5d00c70b8a437a9ccfce7de14,d120a708fb38c8232ca1d0ca112731c5,5,1573,2018-01-26 22:41:24,2018-01-15 17:26:49,2018-02-16,11.0,-21.0,317.99,39.78
5618cca50ed3d526631f7e26e502a3f3,e12700852c7af5cdea9d85282cf65ef3,4,1586,2018-04-12 17:58:26,2018-04-04 13:14:40,2018-04-24,8.0,-12.0,49.3,11.89
881ead60e4e9dd12d52449f8a7a6d6fc,5e002a958f5d0bd67227e52e2de7b450,5,1588,2018-02-28 22:29:04,2018-02-20 15:29:45,2018-03-13,8.0,-13.0,325.0,17.02
0676d48bc2953bb5888e698a99472139,d28adc2e98b0adf1d9f65347488600e7,5,1589,2018-04-10 22:12:23,2018-03-23 18:38:45,2018-04-13,18.0,-3.0,133.6,27.02
9836cfc0e6dd9785e4bb0fcdcd2af7a2,248f06491b94081a333b97639693e59f,1,1601,2018-01-04 20:44:56,2017-12-07 21:57:04,2018-01-12,27.0,-8.0,141.94,35.5
123bedc1f6fcdd26d72250ddf8533270,eb89fab6743f52417dec1e885261e10a,5,1608,2017-12-27 22:29:15,2017-12-12 13:26:09,2018-01-12,15.0,-16.0,136.68,18.21
69ce2f86a07fa0c7caa2dfd9743268b3,27f2fc5cc614685907cc6814ab7701ce,4,1636,2017-11-13 20:26:33,2017-11-02 17:38:40,2017-11-23,11.0,-10.0,89.9,16.26
8f44fd765de33cb10fac7727050a4f4e,a6b4e78fd33ff998a908e7251bb769d1,5,1674,2017-07-17 19:09:46,2017-07-11 16:16:11,2017-08-02,6.0,-16.0,205.0,18.14
e288c8746f198f1f784c6bdd70398fe4,3ffadf14829f9c35c258e08bb1982a70,5,1680,2017-07-28 18:27:59,2017-06-30 22:53:04,2017-08-03,27.0,-6.0,104.0,42.76
cb1167d0d72ad282833cc85c0fe178f1,248f977b0cbdc09f2c33465578b76873,5,1708,2017-09-06 20:56:59,2017-08-21 12:42:00,2017-09-19,16.0,-13.0,98.0,27.23
9c977fcd16035b1b3302e8d5f58a829b,d201c804379d3dcf1d7c9047b3abcf92,5,1709,2018-04-05 17:24:37,2018-03-20 16:04:10,2018-04-06,16.0,-1.0,79.9,19.9
45494687f7ac8b30d7591f8368211482,2f70d6fc23a1899fd564c990dfcf51fc,4,1741,2017-09-11 14:57:26,2017-09-04 14:01:22,2017-09-15,7.0,-4.0,84.94,9.41
99e3c67e8e581cb81275137ade56296c,dcf4c7f221833bff3e0167a4dee18489,5,1759,2017-11-23 16:28:34,2017-11-21 02:03:56,2017-12-01,2.0,-8.0,82.9,9.4
cbc839b05f409e7e780a450b0bd64feb,b0ef7f818e22c209f99d74eef200d2fa,3,1765,2017-03-10 10:54:50,2017-02-23 13:14:13,2017-03-24,14.0,-14.0,40.9,15.56
f691fc3c47e600615724b106e9520a74,4c3499a7df623b40778ee01a90811a2f,5,1766,2017-06-19 21:33:04,2017-06-12 13:49:41,2017-07-05,7.0,-16.0,149.84,18.3
16587c677753e8e8f1dffcda3314657e,5edee244fe02fdbeb9a2d97a4e8cf17c,5,1770,2017-06-13 16:22:10,2017-05-31 21:53:32,2017-06-27,12.0,-14.0,30.0,15.1
cd857d496ffc7e4415fac7ac844e34d2,5939a276152174ff719ee375114e0775,5,1772,2017-08-21 19:06:26,2017-08-05 17:11:39,2017-08-29,16.0,-8.0,84.9,16.35
506755902448848add5e08ce9834df37,21af7328b2a40a3ece5491affde104fe,2,1776,2018-03-01 17:13:17,2018-02-14 21:24:49,2018-03-07,14.0,-6.0,79.9,18.45
5c0384360c2c628892c1614b37c31045,e169b880e5f68fbd4500941ac7107168,5,1782,2017-09-26 20:38:09,2017-09-11 13:19:46,2017-09-27,15.0,-1.0,39.9,14.1
acbb6ca6f188993c0a70998f8b6b36cc,70623d7ff2e126f3688dba1042ec9531,5,1791,2017-10-31 15:30:04,2017-10-23 16:09:25,2017-11-14,7.0,-14.0,1437.0,34.51
4c46156f42399d1c7f828d8eabc6f062,5a91e5de577ae1b3aa3c3cefe7181bc5,5,1804,2017-11-24 16:05:53,2017-11-13 21:36:43,2017-11-27,10.0,-3.0,89.9,11.83
9e17619e1e7e458c662e4fd1b292e4a7,c701c8464f3e67c08ab16e0e972f303e,3,1816,2018-02-01 19:34:55,2018-01-20 17:36:26,2018-02-19,12.0,-18.0,56.99,11.9
f43725f2961004bf75f59c5d610271d1,189711984919a2bdda375153d796d096,3,1831,2017-07-17 18:30:05,2017-07-01 20:13:01,2017-08-02,15.0,-16.0,26.0,17.92
e392abe871df27a58bb6d36b03739bd8,1a20ab8b4c6dc17ffd5ec843d425e039,5,1885,2018-02-01 23:39:27,2018-01-26 08:17:40,2018-02-09,6.0,-8.0,330.0,26.880000000000003
1cea55bca33e7e7f110bf5d70a87ed37,2ca6cbdba183a28bab6ed5d2add83f7a,3,1888,2018-02-28 21:52:01,2018-02-20 22:31:15,2018-03-06,7.0,-6.0,27.98,15.56
12a38ba15fc2bd7ff517ab938f4f501b,b88b8337c47b229661db8279774bf6d4,5,1890,2017-12-13 19:59:11,2017-12-08 09:12:15,2017-12-27,5.0,-14.0,166.99,15.92
c72bb2ac0b37b74ce3185fc051f755be,bae1ccf3fe7baf222a4240bab9c095ca,5,1975,2018-01-22 21:33:50,2018-01-12 14:05:41,2018-02-09,10.0,-18.0,24.9,15.1
3c13f14cf5e1e098bd2bb806f93f8f34,f49edcfe5848443af94ac0c4abfd567f,5,1990,2017-07-18 19:32:03,2017-06-27 14:42:12,2017-08-02,21.0,-15.0,31.9,31.02
7585439547a5fe024279ff46bee42c7f,965755dbb84ff452c0e084ef9d1f21a3,4,1996,2017-10-19 16:51:45,2017-10-10 18:40:36,2017-10-27,8.0,-8.0,105.43,12.24
9d9545411f576656d5f4edcbdec2677e,bf6382f94979a0be448a705ce5d3a974,5,2044,2017-09-08 20:51:49,2017-08-30 21:14:32,2017-09-19,8.0,-11.0,114.9,17.05
96813c044224f5c1ea4226e2083b1f9a,044d94a4ac73b24fe28ff5293ac35bd8,2,2062,2017-06-26 08:23:37,2017-06-19 14:56:36,2017-07-19,6.0,-23.0,39.9,25.63
8e9cb2e8e8b369b026c3ad9e96be3ab8,753c4a66ef772332b78edb65a317f903,5,2079,2017-11-15 17:18:49,2017-10-21 13:42:03,2017-11-17,25.0,-2.0,45.9,15.11
ad9c0f88b2030e4f455da61419d8a74c,7741a0c0ccbb42c74fb27c570c7e5354,5,2133,2018-03-16 20:16:47,2018-03-04 13:00:43,2018-04-02,12.0,-17.0,89.98,18.34
ff36173f9868b67adc0de74c459cc97c,5ab1b7017955abafee1aaf11eb8a8105,3,2162,2017-08-28 17:03:30,2017-08-20 17:47:00,2017-09-11,7.0,-14.0,29.0,11.85
323696d6ac1850ec4dc07053274ceb24,80ee0a82f590558e393bafe1232ae1f9,3,2208,2017-05-29 11:42:20,2017-05-18 11:00:04,2017-06-14,11.0,-16.0,95.0,14.42
a2be1c6b226ee28329d13f1210aed765,6e8b784db4941b3dbd08146464f9f628,5,2216,2017-08-04 13:05:03,2017-06-28 23:00:54,2017-08-01,36.0,3.0,12.5,25.63
a0904b26a6c8233b51306cdc59d8f411,572060f1be47253575daf3b88019195d,4,2240,2017-11-16 13:34:29,2017-11-10 11:05:17,2017-11-24,6.0,-8.0,14.9,9.27
f2ef17ea539f3da77a01144db79e3d0b,394ff86ee81814bb5f88c7e8ad2812b3,5,2264,2017-11-29 22:07:14,2017-11-24 19:03:25,2017-12-08,5.0,-9.0,67.9,8.72
c18165b29f7354594c1f3cacb2cb9d0b,0e8d721c4684c9d5ea89f2815bafc708,4,2288,2017-06-05 08:57:31,2017-05-29 13:38:48,2017-06-19,6.0,-14.0,97.95,13.71
46314d236bd022df81910b0c04962ad7,be90f928191efcd737bf75b53a1a8374,5,2306,2017-10-16 20:44:05,2017-10-01 19:09:29,2017-10-31,15.0,-15.0,44.9,15.1
c1c7dc817a986a24c1d600aa9bfcc811,a7b99e52e5bf8862a3727ddafe014d03,5,2314,2017-12-04 19:16:58,2017-11-24 01:29:43,2017-12-14,10.0,-10.0,55.9,13.41
78213e20266f2b3d9abe77ca81665617,d6f83d3377bbf1697831ea355301fb87,5,2376,2017-02-14 07:03:23,2017-01-23 18:56:45,2017-03-02,21.0,-16.0,139.8,31.4
97a1e24c2ae1fa7f655f817c0010cf8b,08f5487befe25744feabb3203a4dc09b,1,2381,2018-04-04 18:08:56,2018-02-27 18:26:39,2018-04-02,35.0,2.0,31.9,16.79
3291be2f38603264ff6712d14b92be0a,9171d836da11db31ce6c50f2ebbbac3e,5,2389,2018-04-13 02:58:27,2018-04-04 15:04:00,2018-04-24,8.0,-11.0,104.0,24.86
9c30fcc65ccf1fd3800a69e3e0280699,c6c7f7e01022b968655479b3f81b20ad,5,2392,2017-06-27 13:32:10,2017-06-16 11:28:43,2017-07-10,11.0,-13.0,99.0,30.2
300922ed651d4e16c7b9fc97435b1a10,fdbd371c335ecb94ccb8a65c37d8ebba,3,2410,2018-01-10 20:46:45,2017-12-25 20:14:34,2018-01-15,16.0,-5.0,37.99,13.08
ef085510de47b0a5474e8157458c8d5c,91a31ae0b2ceeff70549db4b68d0a11e,5,2428,2017-07-10 11:08:56,2017-06-08 17:50:37,2017-07-12,31.0,-2.0,349.9,28.99
3c0a75a2772c0644eadf7fb35e34f635,8f4855298c9242f63d934ee48d41253f,5,2432,2018-04-13 20:19:06,2018-03-19 14:51:25,2018-04-20,25.0,-7.0,65.9,19.43
f5c3a90b65b6f93d356f992b3e6408e5,786a54ce0cf9dab273f41727d56f96ec,5,2442,2017-11-16 17:22:16,2017-11-01 20:10:34,2017-11-30,14.0,-14.0,198.0,46.0
bcd5f93b6b881f019a6acadcb39baae1,82e4b3860c24cc8666af61137efef18c,5,2488,2017-08-08 17:10:25,2017-08-07 08:24:29,2017-08-22,1.0,-14.0,200.0,15.01
cc2f843646d1c1da96a9c93e2f566ed8,81fb90c1485e2ff8b2fdd37b0472ba9f,5,2540,2018-04-12 19:22:22,2018-04-06 10:02:17,2018-04-30,6.0,-18.0,78.9,13.67
87376e39ea1a257092062034e720c190,b9a9e9876a24264089b78553266b219f,5,2563,2018-01-19 19:52:45,2018-01-17 14:42:01,2018-02-01,2.0,-13.0,29.5,13.08
aebe50e9cd7883b41008f447b45b6826,9580960c270d4525b7224af7ef41235a,5,2575,2017-03-25 11:52:19,2017-03-14 22:04:24,2017-04-04,10.0,-10.0,32.9,14.52
ce90b620b5f241839e9e1113693bce07,1e0472c015f18d557d20db713af0f356,4,2598,2017-09-18 18:21:42,2017-09-02 22:27:32,2017-09-26,15.0,-8.0,149.8,35.54
385a950b97d99b4f95d6196ef8b4f1c8,00a9536682ecb394a3794c1608200803,3,2608,2017-05-22 16:47:58,2017-05-12 23:38:09,2017-05-31,9.0,-9.0,109.9,12.27
87d4f1c56c4769bf7e69f326dbcf8fb8,cfcab3d63fc144cd189d0af6e9213053,5,2622,2018-02-07 21:39:35,2018-02-04 17:12:31,2018-02-22,3.0,-15.0,79.99,8.75
03dd0cbfc4750e28d7ffd944c1b76322,36c9568c1d0f5ff00d0d9d52a2b8ec18,5,2653,2018-04-12 17:06:19,2018-04-06 17:48:33,2018-04-18,5.0,-6.0,169.8,8.53
f84b69ed2560aa2921b9a1eacafbb7fb,a6f21373862ef61c2aba41794c9caf3b,5,2656,2018-03-09 21:48:45,2018-03-06 13:46:25,2018-03-16,3.0,-7.0,59.99,8.4
16ae1503cb39287dc09668895602ba21,cea2d13406a9f18e04f5d57fae9929da,5,2658,2017-10-31 21:38:53,2017-10-22 18:05:08,2017-11-09,9.0,-9.0,58.0,28.2
8132835bbb33f97f332b32b8f61c33ae,9e8835f613d3d61b5c4aeae2550b893a,4,2667,2017-10-31 21:47:42,2017-10-18 16:42:42,2017-11-08,13.0,-8.0,70.9,14.25
b1b19b6aba8df9aabe830e84fa2ae9ef,93dac07d310a7f6ef301a01a2bd2e33d,4,2681,2017-12-18 21:21:59,2017-11-30 10:41:53,2017-12-26,18.0,-8.0,59.0,17.66
cef5676433f238698f8ab21164e27bed,eb72ac18675db60b2a155952fb89e3d9,4,2683,2017-12-12 16:58:44,2017-11-30 10:48:32,2017-12-21,12.0,-9.0,140.0,9.73
638d5de8604d1966453f807fcedd32dc,d4d7c1beb2c6dc87bb984a3179558ac4,3,2689,2017-05-18 09:46:39,2017-05-05 20:59:41,2017-06-07,12.0,-20.0,237.8,49.1
2a1993cf1867bbfc58d8a8d8db314408,028e069ddb78a5a7179f1e6734e226c6,2,2703,2017-09-12 16:35:44,2017-08-20 12:10:57,2017-09-13,23.0,-1.0,20.99,15.1
b9c6050aba4daa162240bba0f6b1b713,e55d37ca80ab6c42708d1f5320ac3c7a,5,2725,2017-12-16 14:46:50,2017-11-24 11:12:43,2017-12-21,22.0,-5.0,159.9,19.66
7cadd69d6e914b75d130c1dd0caf0d79,615774e695ab140dcb5e1c0aeb15b9cc,4,2731,2018-03-16 14:41:05,2018-02-26 09:32:34,2018-03-28,18.0,-12.0,76.9,15.29
f7d05dc177fd2d9f8d37a65814dc8ed9,d0e7c11999696d6e68df274547d2bd99,4,2754,2017-05-24 08:25:34,2017-05-21 15:02:39,2017-06-02,2.0,-9.0,139.9,23.56
6f50998d2fb06f95b7faaa0a1c7c837a,f37814135d330c836ab5815503b91c92,5,2767,2017-12-29 17:48:01,2017-12-23 08:55:07,2018-01-30,6.0,-32.0,23.99,15.1
6d9f34480d47d5ce03ef8e04f32c94ac,75b7d764765f4cf3a5f03e7f3f35319f,5,2826,2018-02-01 10:57:52,2018-01-22 15:54:09,2018-02-19,9.0,-18.0,8.99,15.1
22db3544eb31093cb360441c90560965,e87746786779edef45938a6bc4572c0b,5,2846,2018-02-26 20:48:58,2018-02-03 23:17:59,2018-03-06,22.0,-8.0,25.9,25.63
ecd4114eb921e79ccc5e14ff101e86c5,0bcc4cc85c24f23e22013fd22f99728f,5,2855,2017-12-20 20:52:05,2017-12-05 13:43:47,2018-01-05,15.0,-16.0,177.99,17.01
27732b9604a7496ec4d4875145d95d27,651942ee572f34e1e6a5567ff8171711,5,2878,2017-06-21 16:33:09,2017-06-04 13:01:10,2017-07-04,17.0,-13.0,50.0,12.69
48e081051465e203e965ac2a080b97d6,d3eb3d3d09637fa9093a25b933eaf1d4,4,2887,2017-06-13 11:42:06,2017-05-27 14:01:19,2017-06-27,16.0,-14.0,8.99,16.79
c72301ec5ee014b9a1b9f562bd2e2dbd,7471333821987b79a0195812dd53c111,5,2917,2017-12-09 13:07:07,2017-11-28 13:41:03,2017-12-21,10.0,-12.0,137.9,43.34
f74db3df2583a0e826c48e99a5f79685,cdf9bca93f8e79363ad001dbc570d854,5,2929,2018-01-25 13:55:59,2018-01-13 22:27:18,2018-02-09,11.0,-15.0,128.56,18.15
97202a38234764336e31aa9b56dd1a33,06dc4c865466794eb744032dc81b2c3f,5,2932,2017-05-04 16:11:52,2017-04-24 00:15:05,2017-05-15,10.0,-11.0,99.99,14.87
57fc7ad8bb01746932c1d2b91e1e42d4,1de68bbabb4e7529e046e0eb6f6907b3,5,2946,2017-10-25 14:33:21,2017-10-22 22:53:45,2017-11-09,2.0,-15.0,49.99,11.85
dabe2e8856c0c44d44027eee5ae9a2dd,f255dee03c0e577afd1457dbcfe7c264,4,2950,2017-07-18 22:44:52,2017-07-12 13:15:37,2017-08-01,6.0,-14.0,36.9,12.69
0f4d129697b13b9f7ab6131156a16575,8ee3616d5dd7807654cfa5658895cff9,5,2953,2018-04-17 13:38:36,2018-04-12 11:21:09,2018-04-30,5.0,-13.0,13.99,7.39
b3ae1609f7accb37fdc4bc728e4b3fdb,7135f4f1e5b1446f684e07b10b5b057b,5,3015,2018-01-17 23:38:36,2018-01-11 22:08:59,2018-01-29,6.0,-12.0,28.99,7.78
9beff0c6c1eefc5d5a255b6b768ee6c5,7e129ab6f658f6b2eccebeba30d16f86,4,3040,2017-12-20 11:39:11,2017-12-08 19:09:48,2018-01-04,11.0,-15.0,83.9,14.32
f38f3aeec96dbea334f0636621bce815,c0d51e9a78ec5b240836342d1ada7d1c,5,3053,2018-03-10 13:26:50,2018-02-23 12:46:42,2018-03-16,15.0,-6.0,89.1,16.87
ec6c8601e8b864e65b6b58417fcd930f,8c759a2fd3a1de7793ba07dcd96abe4e,5,3070,2017-08-10 18:03:20,2017-07-28 12:10:15,2017-08-23,13.0,-13.0,56.9,15.15
fbf69e0240319cfe22b012c1e220a58b,7681bce993e841ae140c728b7c8f1b9c,4,3101,2018-02-21 15:59:03,2018-02-02 03:42:48,2018-03-07,19.0,-14.0,72.0,17.78
7eeef560348c62445dcd318b1f973ea5,c732a870596bb86c2a75055a13eed28b,5,3103,2017-03-11 10:55:01,2017-02-24 16:09:19,2017-03-31,14.0,-20.0,115.99,21.26
0e06a37f7818664cc99cbc390e1ec57d,ad1c49d96d60ad32cea5220dbe6aafda,5,3138,2018-02-21 18:12:52,2018-02-02 17:57:48,2018-03-01,19.0,-8.0,23.99,14.1
ca6e6a645ffdfbadc14e5de7f985872f,cb303a906d3da8596487dc9de116fae8,5,3148,2017-12-27 03:48:46,2017-12-08 23:55:40,2018-01-16,18.0,-20.0,8.1,15.1
46e36b14e0b41ad27417bfb0ff849068,ee941f6c41c8ec03c25b856432b50153,4,3151,2017-10-20 21:33:06,2017-10-08 21:38:21,2017-11-10,11.0,-21.0,184.95,36.61
47ebe1dbcd168f20d19a5c4c197f3911,de1f470a407aead094cd885293ea9ba1,1,3158,2018-02-20 00:03:52,2018-02-06 01:12:43,2018-03-09,13.0,-17.0,224.9,22.06
e06d9a717c61331208eabed007431c41,feefeb75fc11328c8bd36a9e6a691cad,4,3187,2018-04-02 17:16:54,2018-03-21 17:17:47,2018-04-23,11.0,-21.0,129.9,16.88
b7671816ffc5474bff0183df5569d5ef,c870ed0988202f0b857a393392831d06,5,3210,2017-08-25 17:02:32,2017-08-22 11:37:17,2017-09-04,3.0,-10.0,27.92,9.94
aa581e057de70ca374b669e65e582924,125b6d6d69726457c31530e0fae8ff38,4,3219,2018-01-10 14:17:29,2017-12-13 13:50:44,2018-01-23,28.0,-13.0,139.94,40.31
bbd0df69372237dd854b2c63562e69f9,cb2acc8f1def3d443b4716cdc8188102,4,3240,2017-12-01 22:34:40,2017-11-22 21:55:47,2017-12-20,9.0,-19.0,18.9,16.79
fe35394b3a67c17eb7fd21a08762e307,1db142fdab73b764609d8a15e7dd5a38,4,3245,2017-06-12 11:16:57,2017-06-08 16:14:56,2017-06-22,3.0,-10.0,379.9,13.86
16be3a9b567301e2d31afb89e28d6251,22d5102a394ed953c1d0de4a702a5f9c,5,3246,2018-02-23 19:20:08,2018-02-17 14:24:34,2018-03-06,6.0,-11.0,169.9,8.44
7f15b0441b1a17a878e03b5e268678f8,b6c8f27c95a4bcee39ea806f4e059ce9,5,3285,2018-01-08 20:57:35,2017-12-15 09:06:25,2018-01-18,24.0,-10.0,74.9,15.27
42efe873e1d493d3a3a0e4f9b8ed7bee,6ff5660ec1019c0a3c3f90871174467b,4,3312,2017-08-10 18:49:58,2017-07-28 21:03:52,2017-08-21,12.0,-11.0,56.9,15.15
6882162478da55753a244854074f347b,a5ab79112c78debd4b955110537a446c,1,3352,2018-02-15 23:12:54,2018-02-01 18:25:20,2018-03-02,14.0,-15.0,99.8,28.2
87bd17421d99d676ee197e9df00cf727,7743b506a4c2e87e3f5af919334ea71a,5,3353,2017-11-17 17:48:23,2017-11-07 14:14:38,2017-11-30,10.0,-13.0,179.99,45.72
17e3aecbb1c1485b9ccf15f2efe55278,ec4dd77cb91b7689d123349c0e06f121,4,3362,2018-02-20 17:48:38,2018-02-05 08:19:45,2018-03-05,15.0,-13.0,79.99,15.31
0a01cbd36f5da35c371e085c1ae11a58,9396e7b936a7db50860e1114de668210,5,3391,2018-01-05 22:20:19,2017-12-22 12:13:55,2018-01-12,14.0,-7.0,27.93,8.72
c983ba0f4a58ce4db9456035828f63c1,cdba3ddb2a93c5bb758212a2114cab97,4,3394,2017-08-11 18:22:50,2017-08-03 21:43:53,2017-08-28,7.0,-17.0,18.9,16.11
cd41737f26d591fa0ffaf94cbdf63a57,0c4a286213e6b3657aa94773d386a229,4,3436,2018-03-29 21:06:18,2018-03-20 13:43:33,2018-04-06,9.0,-8.0,42.0,13.71
20e6860f9850ff884ef1f1f32ec777b1,0611a79fca63467aea19ba6f75536058,1,3444,2017-07-11 20:32:30,2017-07-10 11:49:42,2017-07-21,1.0,-10.0,74.0,15.56
7d73c7f8b466fdfdd12d893942ed359b,012bea13f9a355c983efb59a3f23583a,5,3451,2017-12-15 15:09:58,2017-11-24 16:17:39,2017-12-27,20.0,-12.0,21.99,15.1
a2a49c478b5e3b7b7cd6dacaa2783aef,8af74b9528c1d75ba1b3e3dd0af6e9c0,5,3464,2017-09-21 23:22:43,2017-09-15 09:21:45,2017-10-04,6.0,-13.0,119.99,25.68
4bb049d6552d4851f1c596bd0222828f,a14d45b8e72c7df8d9d95f18f6f448c9,5,3469,2018-01-13 01:06:58,2018-01-09 09:11:00,2018-01-23,3.0,-10.0,97.49,12.64
a5d3098adc8c03901e94d06ddf372258,e328a6bcc5577fb747cb1c2a16bd07ea,4,3470,2017-11-27 09:39:11,2017-11-10 20:54:34,2017-12-12,16.0,-15.0,29.0,15.1
b2a04c93d4006495df6ec679f3ea907d,9d91a9530ea3af0213cfae03feed3be9,5,3471,2017-02-09 17:57:47,2017-02-02 18:27:57,2017-03-23,6.0,-42.0,23.9,24.35
6d8b582b1debf4daaf08741ff894e573,b9ecce1bcd409855fc37729cae69239f,5,3481,2017-06-07 13:50:44,2017-06-02 19:55:51,2017-06-23,4.0,-16.0,109.9,8.35
4d56e0ce912c58a33d09bd3d69f360e0,ef71f6c836e32ca79a2bf9d7048ee06c,5,3493,2017-11-27 17:09:02,2017-11-16 12:55:09,2017-12-08,11.0,-11.0,29.9,15.1
df496a8d70a65819a65459408f3eb2db,dbd87af377a44750880f408405a17ddb,5,3528,2017-12-21 06:07:08,2017-11-24 16:37:53,2017-12-27,26.0,-6.0,649.9,32.95
8cf7f5321078af1e48804fc51fc18d9b,5adb95fe0aa8a0d29d029194724df6b7,5,3568,2017-10-17 22:23:20,2017-09-10 19:08:15,2017-10-16,37.0,1.0,199.9,24.27
1241d6377156a46c2fd60131f9e1e262,849e77f9701faf689705a0eb09003764,3,3588,2017-12-13 03:09:29,2017-11-23 12:29:18,2017-12-22,19.0,-9.0,49.0,28.75
1eecb0266264f3f9b23b71b15c11fdc0,3e10fb31e08ba1bc6103b56c474610a6,5,3599,2017-04-06 15:03:33,2017-04-02 20:13:33,2017-04-26,3.0,-20.0,329.9,16.48
f7bdd80cfb9a93272791fdcd0fa6f4d8,2fdd35034a62541526bee9d3f287c2e0,5,3605,2018-03-01 16:22:36,2018-02-18 09:52:05,2018-03-09,11.0,-8.0,187.8,24.32
c6bee0217068a4eaee8ffcd607a61c16,627b0adf375e47134b142cc2bff1d0ba,5,3618,2017-09-25 18:58:50,2017-09-19 15:22:35,2017-10-06,6.0,-11.0,13.99,14.1
552c5742277d5ce4a936e8486e75aff4,fa15822d98611a4ab8e33249b788ca7d,5,3623,2017-07-30 12:42:02,2017-07-20 17:32:31,2017-08-11,9.0,-12.0,99.8,41.68
66e4e528f469d140a4fc3c7587f9caae,639b603f09b7050c96e56cd03703437b,5,3626,2017-05-16 05:37:50,2017-05-01 15:01:03,2017-05-23,14.0,-7.0,10.99,10.96
90754b18f140af883a75a3e058183427,0f6665a373c36216e96163b3162404b0,4,3650,2018-02-16 16:58:57,2018-01-31 11:55:35,2018-03-02,16.0,-14.0,42.6,31.1
0d21b6bd94c15a655a018ebdac994771,0d72ea72bb291e23fc4da4324144fe24,5,3677,2017-08-22 17:28:18,2017-08-11 14:14:14,2017-09-04,11.0,-13.0,49.0,15.1
234fbbede255ae164ef8a39a9a709e0f,c89fd00e1f223872ff105cd5abf2f659,5,3714,2017-05-17 10:53:55,2017-05-11 13:55:12,2017-05-29,5.0,-12.0,89.9,12.13
bccd8ae079386495392874c96bc2f4a9,e5269b1523b5dfd5eb71102c6fd3d8d9,4,3720,2018-02-16 13:23:08,2018-01-31 23:19:49,2018-03-09,15.0,-21.0,79.98,51.26
18c0134f47665a0caca08b9adfb0bf18,de42a8e111d0e1b06aa129d163313053,5,3722,2017-10-27 17:31:41,2017-10-15 18:20:05,2017-11-03,11.0,-7.0,21.9,15.1
1792971275893870276abda12034cae4,a794d432d0990aa47220cda510a0a872,4,3736,2017-09-25 16:58:32,2017-09-16 23:26:17,2017-10-09,8.0,-14.0,218.0,31.02
f27b338f94aeda6eb560dc48911c1517,c4935bcfe1d63ab17b37fac83c9f05b8,5,3755,2017-07-21 22:55:47,2017-07-15 09:42:52,2017-07-31,6.0,-10.0,29.0,8.72
376d5d16ee95dd22e7f44d013529f330,ef1d282a121e2bee046bbab7f9f88331,3,3768,2018-03-19 14:03:55,2018-02-25 17:16:35,2018-03-21,21.0,-2.0,9.0,35.2
2c304b6172807d9c0882386bb310184c,46db25fef4b8fb1f438f15f38808bde5,5,3771,2017-04-10 14:46:13,2017-04-04 14:37:27,2017-04-27,6.0,-17.0,279.9,16.13
5daf3f56712eff8657045b79e4470a6a,59d227c2a7283050197703ca057505d9,1,3772,2018-04-16 18:11:44,2018-03-06 12:29:50,2018-04-02,41.0,14.0,49.99,38.4
e71613cef2b46042879edd0df0d83a37,4a631d69e25800fdf31d9e2d0e08b1ba,5,3802,2017-08-30 20:08:01,2017-08-23 12:29:54,2017-09-15,7.0,-16.0,260.0,22.31
237e4d27d6765ec96b6ef3be75fb2c98,7b2a59ac3925f388c847aa4b8c3b9cd7,5,3805,2018-02-16 16:58:52,2018-02-09 18:34:05,2018-02-23,6.0,-7.0,47.49,9.94
0cecf30636500ace85987a00d2c3a08a,9abcdeded6b253b59272fb76b83b1f6a,5,3843,2017-04-03 14:43:58,2017-03-24 22:17:46,2017-04-20,9.0,-17.0,19.9,10.96
0f65cba61639e5e07d9486cb811d5882,05bf7a31e9d3eecf93db6a8e4508ed8a,5,3864,2018-03-13 01:52:47,2018-03-02 13:11:03,2018-03-22,10.0,-9.0,35.0,19.84
c0414db8f49b5a73752e9d6f8fa3b179,9d1f7d7ab032ff42d6c6b9491e83c18c,4,3910,2017-09-15 11:47:59,2017-08-30 12:09:29,2017-09-28,15.0,-13.0,12.5,14.1
018f5885814b98f2d5ef6d1f9b8b91df,710d9b541d2ae52ef56ef33f5e1b795c,5,3954,2017-10-06 22:28:04,2017-09-27 13:45:14,2017-10-25,9.0,-19.0,279.99,28.28
a38d592831005b5344215c3c571468e2,398769344b1dcb8e4c13da1adc6bb4e3,4,3969,2017-10-23 17:09:47,2017-10-16 21:53:59,2017-11-01,6.0,-9.0,108.99,16.39
fa31062df0538dd5a0ad058566aaa14f,b1bd04a7557894a01ad5bd542caa8468,5,3991,2018-01-26 17:09:15,2018-01-08 23:03:22,2018-02-08,17.0,-13.0,47.9,16.11
b6e3bef9549719d62c989eda7b0258c6,9e396551fca6b2ba9105b3f7282f2861,4,4005,2018-04-12 21:41:23,2018-03-30 18:21:52,2018-04-20,13.0,-8.0,15.9,18.23
0f3df3b76ee47ded6ea5800f7f75f32c,6b6ce8cba846c77f4ce5f752e1401c54,5,4008,2018-03-27 00:48:40,2018-03-18 13:50:06,2018-04-05,8.0,-9.0,86.5,13.05
3311a20995d9f17e305b7f4c4a667a8f,4211e9c52967c6118ba50e4efde875a5,5,4017,2018-02-01 23:07:37,2018-01-25 11:36:13,2018-02-09,7.0,-8.0,44.97,23.34
4b6cf5ce92d18c635b3ce8d99acd4b34,cec8f5f7a13e5ab934a486ec9eb713c8,5,4048,2017-04-07 13:14:56,2017-03-17 15:56:47,2017-05-18,20.0,-41.0,65.8,29.04
3aad432108effd6bb9a027e105c8009d,977c422fe0aba1010810e690cf725b20,3,4061,2017-10-26 22:19:52,2017-10-22 18:57:54,2017-11-09,4.0,-14.0,65.0,11.95
05b4a71ac480b42eb664966f53283032,c442924838668a8f207a02063556d814,5,4073,2017-11-18 15:48:27,2017-11-16 19:37:21,2017-11-29,1.0,-11.0,184.0,13.84
c2bb5413cd486b00ff7cdcbd159b183c,b91c737fed536d40ce17d84edd88fac7,5,4076,2017-08-31 21:32:27,2017-08-21 12:52:36,2017-09-13,10.0,-13.0,19.9,15.1
edca8c86b5b0c019ddfcdc6f318f667e,5a63a60ea2852393994270157cd61e0a,5,4079,2017-08-21 21:00:03,2017-08-10 19:47:29,2017-09-01,11.0,-11.0,59.99,17.67
bc2d269f4ceb21808807c08f8cb7ff14,c3d98859790f5ef3e0ec03a886506d35,5,4080,2018-03-28 12:12:11,2018-03-20 22:30:20,2018-04-16,7.0,-19.0,119.9,18.72
ad16d7141537a8e34f781806b1953ee4,08f016204423b6b70f37abfa64ecbc64,4,4086,2017-06-05 11:52:57,2017-05-27 01:55:51,2017-06-19,9.0,-14.0,176.9,19.13
207098f700188565603c5a17e234567d,20b6d93cb808407fbfa6438a2582538c,5,4094,2017-05-24 14:32:50,2017-05-20 17:52:48,2017-06-02,3.0,-9.0,99.99,9.51
461db723c10d268f7236daf14db68951,ae7f63dcdf18bdd6e2e49b6c4e4e80e5,5,4105,2017-09-23 12:18:06,2017-09-20 19:12:03,2017-10-10,2.0,-17.0,56.99,8.72
f6a72e8c26d50fd14f50561065a7d0c7,76927b562beef6d31416c21778b2b4e5,5,4134,2017-05-12 13:18:50,2017-05-03 20:03:35,2017-05-24,8.0,-12.0,99.8,25.86
71531f6a2657d5acbe7bd6731c816b28,00602f25bffa1dcfb71e202fbf9824fb,5,4136,2017-11-27 21:07:22,2017-11-01 17:45:52,2017-12-11,26.0,-14.0,39.9,54.02
9fd431bef19bd6094a9ff568c0a2dcea,77af7c6e42549e58f42977d5be538d0d,5,4194,2018-03-18 16:21:49,2018-03-07 16:27:30,2018-03-28,10.0,-10.0,109.9,18.65
0e0cc3679192d580e62f8d0b315969eb,b85b06d0ae4436e17303286ce75dd4b4,5,4234,2017-03-21 13:37:56,2017-03-06 22:21:02,2017-03-27,14.0,-6.0,40.0,14.52
84841dae653f3699bc639130708358d1,9abbdc48fa5090fc71433b094fd329a8,5,4272,2018-03-27 19:52:17,2018-03-12 18:17:00,2018-04-12,15.0,-16.0,64.9,19.95
4aa0ce1df570e45fc99f63ec8fbbd895,49d87c28f1599b558cc93dc1115ea785,4,4344,2017-08-21 22:46:47,2017-08-14 22:11:47,2017-09-06,7.0,-16.0,19.9,15.1
c9f297251695e196339dd6f0dbb2a43b,f67fabe20644d465a18a73680bc9b341,5,4362,2017-06-08 05:15:43,2017-05-25 14:45:01,2017-06-14,13.0,-6.0,42.99,11.85
5a577cf2c507cc46097ae71b25007c8a,5e3e20f7b30f0f66aa9dccc8e30cfb1e,4,4379,2018-02-15 15:33:37,2018-02-02 00:35:13,2018-03-05,13.0,-18.0,155.0,17.34
eafa0ae0a785c85ec8e5a7000e7a99ec,0435404d45d367d6da14e7628c40a041,5,4397,2017-06-01 10:21:55,2017-05-24 21:43:53,2017-06-16,7.0,-15.0,69.9,15.24
779390bef4e61f0962d324b658824ab9,6c62b87c92fad9d97f686af40cb5bfd1,5,4403,2018-02-02 22:37:07,2018-01-22 23:37:23,2018-02-19,10.0,-17.0,719.8,57.68
f56abaeb3e024dbd97b5a9c9238bd0bc,bb43ae69c04e445542e6d3ad2be52c4d,5,4426,2017-11-09 22:26:57,2017-10-16 15:36:02,2017-11-17,24.0,-8.0,119.99,50.71
7f5ddc9fe8efe5dee812acbb6a0dfb71,efb954f0f94973f526cbb1c0492bcffc,5,4427,2017-08-08 19:42:11,2017-07-31 17:21:36,2017-08-29,8.0,-21.0,59.9,17.67
e80de1f9ec3c71ece8734667a2e874a9,7ba1fd18a995ff2c401b69344ed3ac21,1,4453,2017-04-22 08:57:35,2017-04-14 20:05:51,2017-05-08,7.0,-16.0,66.82,21.92
5ef206f87b413bf0f9a45ce358d3bdfc,27f3ee911b46e671b6393093afebc222,1,4463,,2017-04-23 12:01:53,2017-05-15,,,9.9,14.52
23e905e878ea5f868b3f9ec851201068,ba0d5e0e81059283cf50ae9d9d43e4d5,5,4477,2018-03-13 17:58:50,2018-02-22 03:14:54,2018-03-15,19.0,-2.0,69.9,25.33
e3f5994b0c7d798259857feb4d43d20c,265f4e28ef8cf69f8445e2951bbe7343,4,4484,2017-03-20 09:28:56,2017-03-06 00:14:28,2017-04-11,14.0,-22.0,39.9,24.84
9b9d1634c1dd596afeb30fc03f53253f,52b72b336dbd155b3d75bb3fcc799ac3,5,4532,2017-07-26 18:23:33,2017-07-24 23:29:44,2017-08-04,1.0,-9.0,49.0,7.78
b7512f06bb5b39c1504ee9ded715ab31,a7d6efcf25cbcbce23dbef446eb827d6,1,4551,2018-03-27 15:16:56,2018-02-17 10:04:31,2018-03-19,38.0,8.0,97.0,16.44
bb5ea4c3e8ad192ed9ca5e15e183c871,96d725684b5d02f6a5ee7a58c17296d8,5,4552,2017-12-13 13:36:17,2017-12-07 22:29:08,2017-12-26,5.0,-13.0,104.0,9.29
4982aeaf646d9d3cf5d88bf4c6a37872,9c0c12e4d0dc6b288f3e7755c791aa35,5,4570,2017-05-12 12:05:16,2017-04-18 21:13:54,2017-05-10,23.0,2.0,99.9,22.17
c3b6c327eb657b15bc8df2675593c871,15fb8208682172544e82b96aeb5229fa,5,4592,2018-03-29 20:25:02,2018-03-23 10:10:19,2018-04-05,6.0,-7.0,69.9,12.43
0733626310e0e09fa48b28a454ffa00a,faeeb4eb4150e4e1246627ee36ae6f60,5,4598,2018-03-29 15:08:38,2018-03-14 11:58:07,2018-04-09,15.0,-11.0,48.9,19.32
6cad57733c8838f06f66155374ae6572,7a93a948d1378fc5fcfd0a09f00136c7,5,4646,2018-03-13 15:58:49,2018-02-22 23:42:08,2018-03-26,18.0,-13.0,72.99,17.76
19e01d39721f3e677a90f9a7aac398b1,91df6f3cf26d70ab6a918d29d0a0b906,3,4656,2018-04-11 19:47:48,2018-03-22 16:15:09,2018-04-13,20.0,-2.0,14.9,17.06
5094cb4373c0bd480db359ca9882189b,8711deabc099e5d2c3c89afd73e485a6,1,4677,2017-12-21 17:25:58,2017-11-30 18:26:24,2017-12-27,20.0,-6.0,299.98,28.42
bb9c656f4e9653dc8b56e89ce408804b,f825ff64b7a15cd4f3483fb00b6ad59c,5,4702,2017-10-13 16:48:16,2017-09-30 23:59:15,2017-10-26,12.0,-13.0,109.0,16.39
a4dca4ae73178c802d9effd90ee1e718,9ca84d8b801d8d14cf479b5ad04b8139,5,4714,2017-07-21 19:49:38,2017-07-18 13:50:29,2017-08-04,3.0,-14.0,229.8,25.02
a646c3106b4a61862a6010448577e1fe,0961e67affdacb23a647b67618e2bc70,4,4731,2017-09-18 17:00:02,2017-09-09 20:33:21,2017-10-05,8.0,-17.0,229.0,54.2
7dcec083cd60022e903d64169dce5207,c41906f7053eefe5d449b6b4507fb216,5,4741,2018-04-04 00:48:27,2018-03-19 12:50:41,2018-04-11,15.0,-7.0,12.6,19.04
f6b4421edb12bf2fcdca4cd184bbed89,e072ad0e4dabf06b9e381c614c27c903,1,4747,2018-04-02 22:28:34,2018-02-25 13:22:09,2018-03-19,36.0,14.0,399.0,34.12
8f9c7784730af598cd2d22e339d39b72,95fdb59e0ee0274a8b9b1ba4641ae5db,5,4761,2017-09-12 19:15:51,2017-09-05 16:18:47,2017-09-22,7.0,-10.0,167.9,16.81
6a97921f8feb01c9214b788de3604e30,bb034421133f5da6a22bc765fcf55432,5,4802,2017-11-28 21:42:23,2017-11-15 12:14:59,2017-12-05,13.0,-7.0,85.0,39.52
8008af1bec10980dff892950b03c48ca,8f6a8c5dbe911618a3e81e7fa7914114,4,4804,2017-12-26 14:42:44,2017-12-11 11:27:12,2018-01-08,15.0,-13.0,49.0,15.1
65a9fb7246a8b6b9ee05687112d551a5,92a8bbc7ce477331df10e39cc3ac8b43,4,4835,2017-08-30 11:16:35,2017-08-19 17:06:53,2017-09-11,10.0,-12.0,59.81,13.44
51795347f9fada87e0c9b7c0242de279,55404f7c33f7e16a818555a8aafeadc6,5,4843,2017-06-06 11:10:00,2017-05-30 11:13:49,2017-06-26,6.0,-20.0,79.9,17.0
3106ea497d43ca7dab0a730011b645b5,03ff7f74352df18b6a9a261d68befe5e,3,4852,2018-04-12 19:08:26,2018-04-09 15:53:12,2018-04-19,3.0,-7.0,220.64,15.92
ba57b777fdaeee5c416834b8a9e8fec9,899da82c1aeee8fe315db6826cd9a5ee,5,4855,2017-09-24 16:28:43,2017-09-09 04:43:33,2017-10-09,15.0,-15.0,119.99,27.38
2e99a7b357655372f64ed0a2d4c6e79a,0be7e98768e4af5d5f972b05d01a82e1,5,4881,2017-11-29 22:04:05,2017-11-20 12:49:26,2017-12-15,9.0,-16.0,59.9,17.99
dc45aa97c54a0aa824bcf5b0fd04ca17,1234a83b9c1d13b6d3308dd2000d60b3,5,4883,2017-09-22 18:35:53,2017-09-11 12:52:19,2017-09-29,11.0,-7.0,89.9,16.39
03cc9d6acf67d527b906c43b3762f8d5,d82b18538d54e63389c7a2a8bf8a875d,4,4890,2017-08-07 21:07:54,2017-07-19 23:00:06,2017-08-17,18.0,-10.0,59.9,17.67
b257be12aeb626dd10cf106629621161,65f87722388463aa7d02023c8f5b11ab,1,4912,,2017-12-05 16:00:46,2017-12-21,,,,
514cf031f341a11cad4d90259db59c91,97a1a97ba78cf7a92dcd42d2d9a7dd6c,1,4933,2018-04-18 17:26:37,2018-03-21 12:59:12,2018-04-04,28.0,14.0,34.9,7.87
a51afd5a17b8eeeeb91959fc9456410e,7501e0d79e115a1491674e6154b47bd4,5,4938,2018-04-10 02:09:46,2018-03-13 19:44:29,2018-04-11,27.0,-1.0,151.9,27.14
df3cc408ef8fa84f7ac09cd6d9a27c80,d3244b7027fc12dbc070c6994d29ad50,3,4948,2017-07-19 19:18:34,2017-07-09 16:57:55,2017-07-28,10.0,-9.0,79.9,12.9
c7e4cf3a24bf740ebc1c48c6e42970bc,fed6eb3bc0bf436d4f59e87714170a38,5,4957,2017-04-28 10:35:32,2017-04-11 19:48:11,2017-05-05,16.0,-7.0,59.9,14.59
7a2d1613db3a09f541a87dfe11a10385,940b17cda16a315ebce41e39a03a759e,1,4960,2017-09-25 19:49:57,2017-09-19 12:19:57,2017-10-05,6.0,-10.0,157.91,14.13
3932eda5ef78505334d6758bcef8218b,c811a0a169f6226a82aa3cc2c6229897,5,4967,2017-03-21 11:27:51,2017-03-16 16:55:28,2017-04-18,4.0,-28.0,1199.0,40.94
55e7223cc9cf2266d2b5c94587727239,9c8b3e3a0c6ba4c5497158fe7aa2a1d6,4,4984,2017-11-22 17:23:50,2017-11-16 12:13:06,2017-12-19,6.0,-27.0,31.9,15.79
3c2cb00748904de8d82a85bdca2c5ba0,95efc26128229ac33bfc67d4fce8fa28,5,5005,2017-08-29 16:29:52,2017-08-14 20:46:10,2017-09-28,14.0,-30.0,49.9,17.63
199a383dc661c235635c3ed7b26f0f0f,7ff63764a6de6e9a5fde1c76cf5650a7,1,5032,2017-07-19 20:57:53,2017-06-12 09:07:29,2017-07-13,37.0,6.0,99.99,27.24
bda24f1fdb1350f6fc9e4c5aeae6a756,ecd05a067963a5b65651b89dcfda9995,5,5055,2018-01-19 01:42:20,2018-01-10 12:05:55,2018-02-02,8.0,-14.0,169.0,13.52
a420a93d9a2dacec6ffeee5e6ec51a5c,128968a8f3d827298b66853b00d1e34e,3,5068,2018-04-02 21:29:03,2018-03-16 15:36:26,2018-04-05,17.0,-3.0,68.0,41.24
9690c1071ebab820b332a7b8c1503bc7,e00d3f33450408f4b359426def9f3961,5,5073,2018-03-06 21:57:23,2018-02-17 15:08:02,2018-03-22,17.0,-16.0,144.41,15.76
f185293a826a87acdcd55d361877023d,5270a6da2c326132afd3b3c0a186a795,3,5093,2018-02-19 23:38:43,2018-01-17 21:15:38,2018-02-19,33.0,0.0,99.9,17.95
d8a233599b54833e556da69c69faf69a,4b20ac5099cdb7bcec3f8dfa89bdbdbe,5,5134,2018-02-21 18:25:30,2018-01-27 10:33:44,2018-03-15,25.0,-22.0,233.98,31.14
d25b582f67fbf59b5680c26a4ba05f9e,187f46dc8413d66bb854de95b004d9b3,5,5142,2018-04-16 20:41:50,2018-04-03 15:19:27,2018-04-26,13.0,-10.0,251.51,16.64
cb4f3576229c52f08a7cc8ee6ab8da7c,4eb56038347ee86edd66fb4f2abb0aa5,1,5154,2018-03-26 21:21:55,2018-02-19 08:15:50,2018-03-13,35.0,13.0,65.99,16.71
366c49792bd65b11d01460acf203cba6,9cf7337281a128f4f29a2f476c733601,5,5177,2018-01-15 22:33:16,2017-12-13 21:00:47,2018-01-17,33.0,-2.0,69.2,47.01
626c3643f741e3a31cf833aa4bd3160f,153c105b5a1425ffa8a444fdc98f1436,5,5179,2018-01-13 17:58:48,2018-01-03 22:24:13,2018-02-05,9.0,-23.0,276.0,18.37
db9753f97021d13ef58b0fec1a92b31b,20f2024101e0aff5fd5990a605283ee3,3,5191,2018-02-17 15:26:44,2018-02-03 15:42:54,2018-03-07,13.0,-18.0,235.0,22.49
2a6891987eea76d3750a6743dfc625a1,99fa6518deac14b2890b49d1645d64be,4,5207,2017-12-13 17:35:03,2017-12-01 09:21:49,2017-12-26,12.0,-13.0,81.99,13.59
864d8c768aac9aace24e0da4836d930a,3ed26cafd58917f71e9044701fe9e7cb,5,5261,2017-09-05 11:13:30,2017-08-31 18:54:14,2017-09-19,4.0,-14.0,25.8,23.7
8b422c376f4fbf598b4df42041bc81b0,c228fb80043a1ebf0ab361c676972a34,5,5273,2017-12-05 15:38:59,2017-11-23 21:55:07,2017-12-13,11.0,-8.0,24.5,11.85
c6bb1a10758cdaa2fe37ca7ef0cff013,864eedd447e159c27f86ff87932205dc,4,5287,2018-04-04 10:08:35,2018-03-25 19:08:17,2018-04-23,9.0,-19.0,99.97,38.99
2c4950529155ea11e56937bef7be01ba,cc91697062f893c9903a248153c34e8d,4,5311,2017-11-13 18:55:51,2017-10-12 16:48:22,2017-11-16,32.0,-3.0,40.0,25.63
083608d895f834151c01654b21a1c03d,49d85b61244a54a41fd61ce06cca96d4,3,5319,2018-03-23 15:35:12,2018-02-23 14:58:23,2018-03-26,28.0,-3.0,99.9,30.23
1feb6ac485ac63dad57bf7f3781da3a4,ef02392a4753ae9d3777f16b5feca9c7,5,5327,2017-09-20 19:51:59,2017-09-11 00:31:53,2017-10-03,9.0,-13.0,295.49,16.82
149788d9206ef38930eea0c0a79f9bc9,bb7c5cf4dff9994daeab7c8ee9d287aa,4,5339,2018-03-09 14:48:21,2018-03-01 22:14:26,2018-03-26,7.0,-17.0,535.9,18.5
ad01f2029b02731bea5041022d432494,82f29ec26f706651b906acc60ba4ab72,3,5342,2018-03-03 01:32:37,2018-02-09 16:49:44,2018-03-06,21.0,-3.0,99.0,20.18
1139eaccc58e220ae998971e36005139,6508933c739b7b3666a99f91541f3246,5,5386,2018-02-05 13:38:33,2018-01-30 09:57:20,2018-02-26,6.0,-21.0,39.99,11.85
195b6a3daae88fe621a2cd993b9c78e1,774b04fe6502917d1952476fd1f3dd60,5,5421,2017-05-05 10:22:27,2017-04-24 20:06:41,2017-05-25,10.0,-20.0,42.99,24.84
8b034271244e3971061a679af53172ad,83e9b645bb34b16b05add091d031f417,5,5449,2018-01-18 22:04:37,2017-12-28 13:09:57,2018-02-01,21.0,-14.0,199.0,43.8
06445b6efb3e1b9ccf2c0d90ca52b776,da76e3c8bc4ce67a5b382cfdeb67edde,5,5450,2017-06-11 08:12:23,2017-05-29 20:47:13,2017-06-26,12.0,-15.0,28.9,11.85
7cf77bcc1a2e2bcf0eefa886531b0825,5a0d3e375b4f44ea40854520a34cb7b4,5,5474,2017-12-09 20:03:48,2017-11-25 21:55:55,2017-12-15,13.0,-6.0,49.0,13.41
ceba0dcf2b3c5987d303be23ca8b969f,d395487acc00973147547457dc3af3f9,1,5550,2017-10-17 15:38:05,2017-10-10 01:06:52,2017-11-10,7.0,-24.0,75.8,25.03
e8c146f638abc0e1bd91bdd21f4dcefc,be929febed86ae91848b45a84c499e44,5,5551,2017-12-11 17:33:29,2017-12-06 13:12:24,2018-01-05,5.0,-25.0,19.9,12.48
14c2278dd2026b3c248dbc056d1c3a52,d8fdddcd258b88c4919c52ce44756a39,4,5557,2017-10-04 15:54:26,2017-09-30 10:43:41,2017-10-24,4.0,-20.0,29.9,14.1
44bc69d1b7152e3ffafc7364a35ae192,086d49a75db554056a171c0c706a7e18,3,5577,2017-11-17 14:51:32,2017-11-06 15:04:33,2017-11-23,10.0,-6.0,149.94,25.56
2d698bd5da2b0a7b7297523200af31b8,aa600269bffea363cca75ad2d1908903,5,5638,2018-01-25 20:58:39,2018-01-14 17:46:11,2018-02-19,11.0,-25.0,69.9,23.36
3b0643a4c55683eecab385ff0202c106,6eec08eba397611760a7ccd3cd4aa98b,3,5672,2017-09-12 17:39:56,2017-09-06 09:58:22,2017-09-19,6.0,-7.0,25.0,7.78
66fb9c9a7d73f46b75265a6a3af4d0b7,afcbb3c01317e203538feaa1bac05741,4,5700,2017-07-24 19:25:32,2017-07-12 12:46:09,2017-08-03,12.0,-10.0,153.78,14.83
007ecc4a546b25f971d391a3bab383e2,ad7bbcbf26e12680c3f6a5f273235f11,5,5760,2017-04-10 15:32:48,2017-03-31 16:21:58,2017-05-02,9.0,-22.0,159.9,19.82
a121a15789fe99027ac2c2420a117104,d59990b8113b909332b7eb63d417c86a,1,5847,2017-12-11 22:44:45,2017-11-26 15:39:40,2017-12-15,15.0,-4.0,24.5,11.85
6cf468bed22a57591be3fc875d05d4c6,ac244956f757aeeb76242334254bf9a5,5,5850,2017-07-25 21:54:23,2017-07-12 18:45:24,2017-08-14,13.0,-20.0,75.0,15.28
db9677f1aec32570972a80969cddf1c7,52c0ffe5247337047280978e84d62979,5,5907,2017-12-05 22:48:02,2017-11-25 00:19:41,2017-12-18,10.0,-13.0,149.0,17.29
3e5ea3a9fa3be7c94934e6d82e8c1d9c,cd23f3689cab3a020096a36f849bcd20,4,5915,2017-12-26 16:37:17,2017-12-14 16:34:00,2018-01-12,12.0,-17.0,45.65,15.1
8a2be1a0a6b43336c591d98cb6455b11,fdb3ef83ea6f7bef7d13bdd9b38da661,3,5930,2017-01-26 16:25:11,2017-01-17 21:09:40,2017-03-13,8.0,-46.0,109.2,13.34
ce7b733543c6042c42bf2a8e3f80d665,ba95b4f24ad0bbb40a753470c555727a,5,5952,2017-12-04 16:09:09,2017-11-26 19:39:49,2017-12-18,7.0,-14.0,79.0,13.57
704129a0014cdb632224557d3fc8f40c,2b2b7a9693cc4ebba06693c88e6989d4,5,5973,2017-02-21 11:43:48,2017-02-08 07:47:47,2017-03-21,13.0,-28.0,149.9,32.08
927e0762b5e9481c3d966bc8bc9711d5,7c9cc21a1d8d2008364a92d9f0873b66,5,5975,2018-02-22 21:29:05,2018-02-07 12:29:42,2018-03-12,15.0,-18.0,19.9,15.1
7426dcf275dce6182edb6dc37a198495,413570abe3d3b2e99c63f5d9ceadb6b3,1,5978,2017-12-23 17:15:57,2017-12-07 14:07:50,2018-01-08,16.0,-16.0,212.91,53.25
3f749c789150f05a326bd53331b01b5c,6c5727658a49990433c383e058dd39e4,5,6030,2017-05-29 14:37:56,2017-05-19 22:46:23,2017-06-01,9.0,-3.0,759.0,13.51
aa467635692cb70f2648eaae92208964,6275720be53df0d94e7d7109f4f02ad2,3,6037,2017-03-08 14:18:11,2017-02-20 23:05:53,2017-03-21,15.0,-13.0,8.97,14.52
de04956c3dfee683016b66547c1ba235,ad18dd9246cad2f3e5f862857d1379be,4,6071,2018-02-10 17:04:11,2018-02-03 19:02:09,2018-02-21,6.0,-11.0,24.9,9.09
d27c68a16884393a2ccc4e7ddeed81b3,1ecb44533ccf6974a67e7d36d913b027,3,6100,2017-08-25 17:31:19,2017-08-07 09:56:09,2017-08-29,18.0,-4.0,75.78,15.28
5201359795bbcdf418f72a0ff35c6364,bd83663c5988e9ca4ca46398be4678b4,4,6108,2018-03-20 02:07:26,2018-02-28 19:25:05,2018-03-22,19.0,-2.0,269.45,16.64
b227f31d828fcb0c2a8a2fc210a001b4,45ec085d1fc0e1539bd857ad32f45c99,4,6109,2018-02-20 02:05:59,2018-02-14 16:55:09,2018-03-01,5.0,-9.0,19.99,7.78
5fdd5af10817834c78c8de1436ddd8a9,4e0091a0a84b39634a3ecc33bdc49d09,5,6120,2017-12-12 19:42:46,2017-11-25 13:43:45,2017-12-19,17.0,-7.0,339.9,18.14
526305724914cba73321df7ff99f4228,31d9e006c7c94bccba8798ded8f50034,5,6122,2017-12-01 17:58:47,2017-11-19 09:33:44,2017-12-12,12.0,-11.0,119.0,27.37
34225aad00d699f4bddfab036e4e81b5,1ccac023123acc23d8b0af4d3190069d,1,6144,2018-04-11 18:32:26,2018-04-08 09:17:01,2018-04-26,3.0,-15.0,737.99,17.9
182cc8f551603ff9cdaa58f7bc47e277,248526cd316de31c949ea70859c1a229,5,6157,2017-12-14 19:35:08,2017-11-28 12:08:52,2017-12-22,16.0,-8.0,83.3,21.39
b04c418fc4878023bbbf0ca6177b0ab3,c86098909905caad95e52f3c49ed3b5a,5,6163,2018-03-23 23:51:40,2018-03-19 14:08:41,2018-04-02,4.0,-10.0,58.99,11.15
756036c5fb41c2f4ed7ed8e290b768c2,519e5b17180d3ebefad6f7b8c1a6c7c6,1,6216,2017-03-20 12:08:35,2017-03-09 18:59:23,2017-04-10,10.0,-21.0,113.98,35.66
2912b65fd1a20e7f8f0b742b7002b546,22f469f96aaa1fdd00d0ac66369a950f,4,6234,2017-05-24 15:28:04,2017-05-14 21:56:13,2017-06-02,9.0,-9.0,52.5,15.12
141db3e548ab8c6806415dc7a34636c0,fa609e805ef70799ce6c12d7d0763545,4,6238,2017-04-23 08:17:58,2017-04-14 23:56:08,2017-05-08,8.0,-15.0,126.2,15.99
e42f086c95907e5cae032df3ddc8b3c7,dda6159b6aed44fa0e12c2e7ebc710d3,5,6298,2017-10-06 22:33:09,2017-09-29 20:03:15,2017-10-18,7.0,-12.0,40.0,58.9
d4af4b80cd1ba5ed346c0a20df83c38d,c1e8a7211f3b7ecb71cf5e740ad0e3ad,2,6304,2018-04-19 20:50:42,2018-04-09 19:32:06,2018-05-07,10.0,-18.0,59.9,19.39
f8af360e61d2680b0cbacf6e476a2293,9705d2eb2b203788b10e2cab9c3598cd,4,6348,2017-08-24 19:23:02,2017-08-12 08:19:12,2017-09-05,12.0,-12.0,139.8,32.5
5bbd82dc675abb3b38ab30d4d4666878,e3f8abc096c0c9e9ed6ad825641971ec,5,6375,2017-11-14 20:33:02,2017-11-09 18:53:35,2017-12-01,5.0,-17.0,109.9,14.5
48ef86dfeacd937b2ed74e2845011652,0ba375898f7c9b49e9d12cdd4f4467e8,5,6384,2017-08-31 20:48:47,2017-08-24 14:53:21,2017-09-19,7.0,-19.0,349.9,15.47
a56c8418684ea56582a59f53df8122dd,5f4942fc3a59f2e62ae534f981105954,5,6401,2018-03-07 22:51:51,2018-03-01 08:07:37,2018-03-21,6.0,-14.0,45.0,12.48
da340af3abbdc625707d96de5946358c,5c69ba235cf7367ca4d4c38d8492ffc3,5,6434,2017-12-06 19:51:51,2017-12-03 23:51:39,2017-12-20,2.0,-14.0,16.9,7.78
67eb16247606f1d416c0e453ab70f891,63fd40b25ac9dbeea8ec6b26558a1add,2,6436,2018-04-20 23:08:27,2018-02-11 17:49:44,2018-03-09,68.0,42.0,227.99,50.34
7c50fef1e45bd69f4ce54b000db2070c,2cff731fb7ec776272d34a23b54839e2,5,6476,2017-05-05 17:17:50,2017-04-21 13:14:58,2017-05-18,14.0,-13.0,113.0,19.38
2eb915d65baaa7675fbbc5b8401d5947,bd6dce6c4936210f8fd197e2ba523fae,3,6483,2018-02-21 15:29:37,2018-01-15 14:04:11,2018-02-14,37.0,7.0,470.0,161.71
f851d2ce1b136c60a43a8226f6bb7030,5599a0eebfc7ecac5cffa25fe2d57e47,5,6484,2017-11-09 16:47:08,2017-10-31 10:44:55,2017-11-14,9.0,-5.0,84.0,13.61
76f216ec39ab59807bd6eeaa4481c2a0,9b284089759cd14dac2d44b34b985990,5,6487,2018-01-09 21:19:46,2017-12-27 17:38:31,2018-01-24,13.0,-15.0,190.0,21.82
493f5df8e9895a19644f302ceb1ffa07,f7b96bbcf705300fbb449595521d470e,4,6499,2017-09-25 19:37:35,2017-09-12 00:06:46,2017-10-02,13.0,-7.0,12.97,14.1
2a4ac3b21541664489d4cf92662ea612,66e7b21711a5ac0d6b6a5f60e4c79a75,1,6507,2018-01-03 13:13:00,2017-11-28 14:31:04,2017-12-21,35.0,13.0,83.23,15.33
41b1550b2ab3afde9083cb07f82c9e5d,cdc6ceaabb2f687c33736de20f6c0b98,5,6578,2017-08-04 20:12:29,2017-07-21 18:06:23,2017-08-18,14.0,-14.0,99.99,17.95
2f20050c24f5c297a04605914e535802,5411157481132a0783dbf080096a4c96,1,6688,2017-12-27 19:16:56,2017-11-26 23:20:43,2017-12-19,30.0,8.0,159.9,23.44
dc7e0c406de1e096dcb8bb1767b93c3d,8aee9dd7a741296bbc17f17fda6c1a57,4,6708,2017-12-11 14:51:55,2017-11-27 23:42:00,2017-12-20,13.0,-9.0,56.99,11.9
6f8c1ef7f89ff93c9ac72287c1316864,a1597cc7eca8c8d095e5de327444d9d0,5,6771,2017-02-13 18:28:51,2017-01-25 17:35:24,2017-03-10,19.0,-25.0,45.89,17.78
0547e155795e30647f8c29c476542197,35db0e3e9fffd2d0187b56f434931db4,4,6772,2017-11-28 22:48:54,2017-11-09 09:41:45,2017-12-01,19.0,-3.0,169.99,15.95
0107408e6d7186ca191d7f9c86a68107,da5839ce50528e73a7b48bd91613d715,5,6779,2018-01-30 19:08:57,2018-01-21 11:08:14,2018-02-14,9.0,-15.0,159.0,19.0
c2fceabd1dc84cce29c573dda089137a,39e36f442707e044192658098a73ec27,4,6787,2018-04-14 12:51:36,2018-04-08 17:32:00,2018-04-25,5.0,-11.0,49.0,8.29
b363f8eae3d8312aefd1ac07e8c2c315,11c2867ad1d8599464e84641b31338f1,5,6799,2017-10-27 21:05:51,2017-10-16 18:09:21,2017-11-07,11.0,-11.0,259.99,17.58
32a666daa0e56604ae2e14207ba43f9e,d53f2f6c0bd9152936601ea9590e1840,5,6849,2017-05-24 09:12:57,2017-05-17 00:39:35,2017-06-19,7.0,-26.0,49.9,11.85
6d70f6f7bee035244e026035615838aa,7dadec0b94237bf94991c9e9af701f5e,5,6850,2017-03-27 09:44:53,2017-03-10 13:45:44,2017-03-31,16.0,-4.0,103.97,37.13
c039ddb244fba618674647566ca736f4,8db75604855db18d2672d5697268938c,5,6897,2018-01-17 15:48:57,2018-01-06 01:28:12,2018-02-05,11.0,-19.0,89.0,13.64
2388265467826143a650ac9047c3bf61,ece8853f47b1069c213415c8b64ad6b3,1,6901,2017-11-25 12:12:19,2017-11-18 14:27:34,2017-12-12,6.0,-17.0,664.4,86.09
9cfd1ab8f5ae6226b8bd2077f4a9fe41,bde06a769a934fd5e54ef3a8019a4e72,1,6903,2018-02-21 00:21:44,2017-12-18 16:45:55,2018-01-26,64.0,26.0,199.9,43.81
bc6e65a48ba957c9f37e3c32dc5ead8c,48234093c963b181210813cda29c7e2e,5,6916,2018-03-28 19:14:46,2018-03-15 15:56:23,2018-04-05,13.0,-8.0,39.99,19.32
026e01f0618e7eb9a233c89001aa4eda,d080ae08baaaf19491c5b2d62cd02bf2,3,6960,2018-03-27 21:37:36,2018-03-16 11:29:39,2018-04-04,11.0,-8.0,559.99,18.8
2c8bd3417de3e2576ea072455b36b55e,a4f587088f6fd162bb6ccf903d7dd582,4,6969,2017-08-11 16:42:51,2017-07-30 04:33:28,2017-08-24,12.0,-13.0,179.98,82.35
bc59f5e71b2800366d070fef735d6518,bd37a8e6c071459b0c45ad8337225d89,4,6999,2018-02-26 22:12:23,2018-02-03 09:27:17,2018-03-08,23.0,-10.0,139.99,18.27
397763b616cee7a233c0478fec449afe,a0e963520ec328f1d0dfa09fc1deb60e,4,7018,2017-11-14 19:27:56,2017-11-09 12:05:32,2017-11-23,5.0,-9.0,11.97,7.78
5a4571ece2f1c3314f671b127c05a368,6740c73dc204155d7ea39a1c893b48c2,5,7028,2018-04-16 23:26:50,2018-03-27 19:48:12,2018-04-25,20.0,-9.0,329.9,20.19
040524dbac4a5960de22aae2d90fd8de,f73a22bddb155350e16a991b2510fa64,2,7033,2018-03-11 18:23:42,2018-03-08 07:26:51,2018-03-26,3.0,-15.0,258.0,29.119999999999997
a46a7191081c54bc0d8700bf2f177372,f8b625b1a8ae63614f1c171fb18c7a49,3,7042,2017-12-11 23:41:34,2017-11-20 18:43:00,2017-12-07,21.0,4.0,220.0,16.29
e2e0ea7f5ddf841882050b6341e4ad56,ae90262d3192e46f6d8e68bc5843025d,4,7049,2017-12-05 19:32:03,2017-11-22 09:40:02,2017-12-19,13.0,-14.0,399.9,20.05
2b59861e6d363fb06856db1b5d6061d2,41b3bf54a1b7a76d6e381206e3e182bc,5,7101,2017-12-27 18:09:10,2017-12-08 13:21:55,2018-01-11,19.0,-15.0,251.8,31.26
ae91cb172a711788931e78848c4f58d2,07bfea8893b7262f7d61cfb2068b12c3,3,7119,2018-04-04 19:12:57,2018-03-07 09:55:02,2018-03-28,28.0,7.0,29.98,18.23
5ca9d08ff0cbc0f215b51044a8def295,1c57302ee71281562fa44bc88283e3d1,5,7140,2017-12-18 19:57:24,2017-11-30 08:13:06,2017-12-28,18.0,-10.0,95.0,17.92
31e2b2ebcfafaf2b3ca0264abf87d1df,a054d68189a478a9884aef3fc2fcb6f9,5,7157,2017-08-07 18:29:33,2017-07-31 19:33:23,2017-08-23,6.0,-16.0,68.0,14.23
c562ca2d5029940e9dbbc39f60952143,134383561b50fa8eca9c19b2c792d74c,1,7187,2018-04-16 21:16:46,2018-02-22 14:21:59,2018-03-19,53.0,28.0,145.0,15.76
ebef0a23f93be145776ca18afa90dfeb,9f4ce573c6972d238421b71f926abfa1,4,7263,2017-12-20 23:18:50,2017-12-04 21:56:53,2018-01-08,16.0,-19.0,56.99,14.15
e2c97494dcf5cd642cdaa71619bd58d2,a230831f141fb1ecd55fad0ccf993ee6,5,7283,2018-01-23 22:16:57,2018-01-14 17:09:25,2018-02-19,9.0,-27.0,278.0,34.82
8683251f66a10616f9ada370f4114a4a,343c609ca3ddf3294e1e2d54ce6d9a76,5,7306,2018-02-01 19:37:46,2018-01-20 23:23:21,2018-02-16,11.0,-15.0,49.0,12.69
55a52ad861bf69d75ff4a55e998429a2,97a475450ceb764b03982eeb9bfc10a8,5,7310,2017-12-07 16:06:01,2017-11-26 23:26:23,2017-12-27,10.0,-20.0,20.9,15.1
9f9eab2b53398ad090f407f9269fae1d,867effa42bd3592c4dbada5a0ebc42bc,5,7363,2017-06-19 20:17:54,2017-06-11 20:27:59,2017-07-07,7.0,-18.0,329.9,24.18
06755dcb0e7a3a2a63af32ee8c39c2a9,2eaf7dfaeccf310af1144ee1fa72fe08,5,7370,2017-06-16 14:12:04,2017-06-08 17:59:16,2017-07-03,7.0,-17.0,44.9,15.11
6bacb2c4823029e6b84e5c51796820e5,26bb01f8da89d1db61bdb339788731b8,5,7392,2017-03-14 11:01:05,2017-03-09 10:49:48,2017-04-03,5.0,-20.0,113.0,33.09
3d9785698f04675afca20c826a38499a,a6684913599fe52e243ed5d52a2ab57b,5,7417,2017-04-06 10:12:50,2017-03-28 17:03:51,2017-04-24,8.0,-18.0,149.0,21.36
5783dca4fe3c67496b3e831181af9e06,56d1fb4a6598e5323822ae47a4d14c9d,1,7437,2018-03-22 05:05:40,2018-03-03 12:55:37,2018-03-26,18.0,-4.0,16.99,15.1
5eb0a20d206ff4e7d5ffadf740846483,b31ea01e4109e29d10d43b5aa917f65d,5,7439,2017-12-06 20:38:49,2017-11-30 10:49:06,2017-12-18,6.0,-12.0,65.08,9.34
cf63c64140f2845e14395592fac8d299,0dd96ab2fca2927658c83b7e2e954ec9,5,7493,2017-07-22 13:24:37,2017-07-09 01:55:26,2017-08-01,13.0,-10.0,39.9,14.1
2ccad48910f3e5dba3ec0c6df6de8282,7d2d231c0b3abb985ed020ffa3acf300,3,7562,2018-04-07 00:13:31,2018-03-02 21:40:30,2018-03-23,35.0,15.0,60.0,16.18
a23485921d63d86ae2661ece8c46ade2,6142683d7783f0d3661b6a652ef0c5c6,5,7573,2017-07-28 16:37:54,2017-07-19 14:31:53,2017-08-14,9.0,-17.0,134.9,21.43
eb164f6c5cf6b85214360131fdfcbbf0,005b49de51a4e006055e8487a50ad8e4,5,7581,2017-04-27 16:47:35,2017-04-09 13:35:38,2017-05-04,18.0,-7.0,46.86,14.52
8674e641220af037859b21f2664eccf6,ec328869ec9d309e95ca9e78b1e81b4b,5,7654,2018-04-19 12:03:56,2018-04-07 20:14:01,2018-04-27,11.0,-8.0,20.4,12.79
7dbac88dd924fab7eb7f1e32288671ce,95041d0854644b3f5210e99aae26234c,4,7659,2017-08-15 08:54:04,2017-08-04 12:41:49,2017-08-28,10.0,-13.0,59.9,16.18
de3f3ecd646295d2bc1132f2f8baa46c,846ddcf1c6b8e75dc7639b3ba919937c,5,7676,2017-10-22 16:48:41,2017-10-14 09:31:00,2017-11-08,8.0,-17.0,88.0,17.87
4ec49604a1ce1c26d2de9183d0b63028,11bc240af3d9e1f77218715480a65b77,4,7680,2017-06-07 15:57:52,2017-06-02 16:42:13,2017-06-19,4.0,-12.0,248.0,9.93
a64a8f3f2227804b0d1108d2f645c532,d81156ef56e9f63131e4286930b47b89,5,7724,2017-12-29 18:47:21,2017-12-13 19:35:35,2018-01-16,15.0,-18.0,159.0,34.91
9e7c108fd5f553d928328a85d5419e50,8240adde075daa46a7635c1fb7bc26df,3,7731,2017-07-27 21:08:11,2017-07-15 20:30:08,2017-08-10,12.0,-14.0,69.9,17.74
e29a382022d45619354a1183e1076793,62b7574be0b7a8465822312be8cb07b8,1,7763,,2017-07-19 16:44:13,2017-08-29,,,275.93,16.44
79d6ddeea2dfd5d8973ddfd4bad9cf5b,63d924357f70228a8bb5713b68d3b656,1,7785,2018-02-16 15:55:27,2018-01-26 08:50:44,2018-02-22,21.0,-6.0,139.0,27.29
7c8bc5a69ecf1f4fbcce08c40377cd04,49b95140e13dd1a0bb7e43807433a026,5,7794,2018-01-23 23:09:26,2018-01-01 20:04:12,2018-02-06,22.0,-14.0,29.99,25.63
f1e26e993e3bd5edb96186cfb113890e,d9b0d609decccee6466fb61adbc03f3d,4,7808,2017-11-24 20:09:34,2017-11-12 19:15:22,2017-12-04,12.0,-10.0,21.99,14.1
ba980e78fbbe41ad350a0729d20fb157,d310b23f08b0bb0fc0f040a5b6b285bc,5,7811,2017-10-24 17:33:02,2017-10-21 20:46:39,2017-11-03,2.0,-10.0,249.99,12.95
b3499f2fb1261bd6b1fbd625bad4cd5a,6eae3cf9505d45a6663aae819a2252e9,5,7871,2018-04-05 11:51:07,2018-04-03 22:50:02,2018-04-13,1.0,-8.0,13.65,7.39
b123cd84b388aa47ecaf2849cbb556ec,d577aed1e75cd02852482ded774ecf26,5,7880,2017-11-22 18:58:26,2017-11-12 13:36:04,2017-12-06,10.0,-14.0,64.0,17.02
90959f7bb031d8dd24c89112ec4dfdef,0470834755105bf0bb1c3062a73f1d99,5,7919,2017-07-20 19:00:45,2017-07-11 19:07:20,2017-08-08,8.0,-19.0,34.9,16.6
86445cc925819673cb9a8dffd44c5bc9,76d449452dff60240f1b694b46d44bdb,4,7920,2017-03-23 17:24:47,2017-03-19 01:23:29,2017-04-06,4.0,-14.0,89.9,11.24
8d3a335b52b520a3930722cd265db1c7,d9f95380355620563827773435496b67,5,7952,2018-02-16 16:49:06,2018-01-30 21:33:10,2018-02-21,16.0,-5.0,37.99,11.85
550becbb18123571c33b39347ab641e5,f18c6aa6a5d583e8ec36beaabb81d9a0,2,7993,2017-04-03 09:34:26,2017-03-17 11:37:13,2017-04-18,16.0,-15.0,322.75,40.89
0f2eb3147913cf5663026b8c4ae74a74,cc2e6cf82767599713d657cd5cf8b300,5,8026,2017-09-26 19:23:30,2017-09-12 00:31:07,2017-10-20,14.0,-24.0,89.9,43.04
43aad87c56187f4d98f8dedc375ebc1e,d33a9fee5f4bebef9e1b0ffaca5a33ba,5,8035,2018-01-23 18:23:07,2018-01-16 18:37:23,2018-02-08,6.0,-16.0,38.0,14.1
abc1374dd341cd86dc9b731df6984b0b,ca8f94a99a8120c559e416275a535066,4,8065,2017-06-26 16:47:37,2017-06-19 10:27:03,2017-07-11,7.0,-15.0,74.99,17.77
535b7712eeca2786357101586e3ff379,111cad04d7595482f30e12764539fcbc,5,8108,2018-04-11 22:08:31,2018-04-06 18:14:21,2018-04-23,5.0,-12.0,13.99,7.39
ceb2acae0f1d6ea646bcab48def016b1,3f925ae7ffff56f13e03e8bd5711ca70,5,8136,2018-03-08 16:08:31,2018-02-28 19:35:02,2018-03-20,7.0,-12.0,239.99,15.27
b04ed893318da5b863e878cd3d0511df,03c939fd7fd3b38f8485a0f95798f1f6,3,8158,2018-03-19 21:48:52,2018-02-25 21:01:08,2018-04-02,22.0,-14.0,26.0,16.11
4150cddb1f59fd4bf4e851acf091c396,bd84b661eb4bfa46487d94324e56dfec,5,8170,2017-12-06 14:32:29,2017-11-24 19:56:15,2017-12-21,11.0,-15.0,83.36,16.34
e71f77ff4e54d938a3f06d569b9c031d,61ab43a7e8f1eb80fb124273d186eb10,5,8176,2018-01-17 21:09:55,2018-01-08 22:25:26,2018-02-07,8.0,-21.0,189.98,27.65
e0a1b314c31570ee3ae8aad929e25168,b64694f8da34c98dc8734f15ad74ba86,1,8183,2017-09-20 19:19:58,2017-09-06 00:20:57,2017-10-06,14.0,-16.0,119.8,35.34
907bcfdf4c90324e928878011d6a9460,f7b820ea870eadff426970af299e9384,5,8194,2017-10-16 20:34:41,2017-10-09 16:17:48,2017-10-27,7.0,-11.0,179.98,33.76
465fd65ef6415d7378ddb7ee537c905f,1b3502b901fcba41838c8d41dff38327,5,8202,2018-01-25 00:03:27,2018-01-08 21:41:49,2018-02-01,16.0,-7.0,116.9,23.14
cd34e9efb7c73b88a931d5d7b779c4bc,20cc195f7abe525abd0697163e2c8e0d,5,8240,2018-02-26 22:38:27,2018-02-16 16:35:17,2018-03-08,10.0,-10.0,149.99,16.68
7d8fc56791b31929d1021cf736c224bb,3ddc07d7669b7ee4d1741132ae14302c,4,8247,2018-02-28 15:59:10,2018-02-01 11:41:08,2018-03-07,27.0,-7.0,24.99,14.1
53fe6c80413e9e89f8c5d79db0bd4587,a19b1e8a877c19f80257b15207bd186f,5,8265,2017-08-21 10:45:47,2017-08-04 22:51:08,2017-09-01,16.0,-11.0,259.99,51.69
e6fb9a7810ca4aec0b4cd8d247390d29,b5645b72f0e1b78b622c8a6a4cc06371,5,8289,2017-12-20 22:28:13,2017-11-26 21:22:10,2017-12-19,24.0,1.0,110.0,15.52
5e1a2c839427c79ce3985bc43d1ef025,55d4ac8ab9f932ba5badbf6088b9a1c3,5,8299,2017-11-13 11:21:35,2017-11-04 14:36:45,2017-11-24,8.0,-11.0,142.5,12.5
bb528e7e093d35dd7040f3e4cf4e56fd,c24c7b464d5be50337dc32755b2da963,3,8311,2017-12-18 20:42:12,2017-12-11 10:15:34,2018-01-05,7.0,-18.0,119.99,17.09
335f2943aafe7799a867d4046db11448,b9e6b3135dcdfc054568883b2bcf1e5e,5,8320,2018-03-19 23:05:08,2018-02-28 10:35:30,2018-04-02,19.0,-14.0,13.32,34.15
33cf41941a67aa7ef3253486356562a0,1c68f342af2c9f303a048d365b0153b7,3,8339,2017-12-11 18:09:37,2017-11-28 13:23:52,2017-12-21,13.0,-10.0,109.9,15.52
8ce806e78d070b55170b7c59eb47d7d6,aa1370235ef192d1702585435015b9b8,4,8353,2018-03-09 00:34:30,2018-02-23 11:25:38,2018-03-26,13.0,-17.0,49.0,16.79
45db266493662596c3ef869178bdc298,4e0d63d72f1cacc32d4cbc36b7d1d176,3,8365,2018-02-23 15:42:45,2018-02-08 16:23:51,2018-03-02,14.0,-7.0,49.9,11.85
9cdeb85ff80aeed9c649875068308de5,cb27e0d6c6f92df591073fb6ad5ef7f0,4,8372,2017-01-31 08:23:20,2017-01-24 12:14:05,2017-03-03,6.0,-31.0,149.99,15.81
c43dc86e31db842af4f81d269f723574,93da2265260e364c8e81f490b7d92e07,1,8398,2017-03-24 16:51:47,2017-02-28 19:37:04,2017-03-20,23.0,4.0,69.9,13.07
6e4dd71b65928852f9a1e62274d1e973,0ab4790a52443a30df72f298b03077db,5,8428,2017-08-07 16:07:45,2017-08-02 07:26:53,2017-08-15,5.0,-8.0,205.98000000000002,18.85
4267ae10da6a0ab3c691fc736a3be5a0,1b307ea4f5d5bdc7289afe051242dc2f,4,8471,2018-04-13 15:26:53,2018-04-11 13:34:57,2018-04-26,2.0,-13.0,259.54,18.52
ac3e5560862d2a32f728116302e0a9d7,ebdce44e563c1a59677857998ca312c0,5,8477,2018-03-22 16:03:18,2018-03-11 16:36:42,2018-03-28,10.0,-6.0,89.9,13.07
a9522a235450be38c60e7e975c819b5b,e687e938b814980b1e99e9e8413f9cac,5,8479,2018-04-09 18:42:40,2018-03-26 08:23:01,2018-04-20,14.0,-11.0,443.0,43.86
65349a0cafff91227434e3f02777e3f4,096b88181e326e47c571be4560692555,5,8507,2017-08-24 16:03:05,2017-08-21 13:14:42,2017-09-01,3.0,-8.0,7.59,7.78
e8c4938e42d1c43b491604421152445d,3cbdfe7eddec3865455541546f081546,5,8573,2018-04-18 22:22:37,2018-04-09 10:18:06,2018-05-10,9.0,-22.0,349.9,27.13
161cba6d0c3a3ac0ec6bf86344b75719,a6ddd2889891733e0af306332c71a3b8,1,8577,,2018-02-14 13:38:46,2018-03-16,,,89.8,23.46
a43298c4d5c13fe4287f1afccd533752,eb57972c6cfa3067ea9b140a6d16a985,5,8592,2017-08-09 19:28:16,2017-08-04 13:52:59,2017-08-24,5.0,-15.0,70.9,12.63
f58ffc61a4d30e1f3e89d0992fb97295,a6fae08670367e0f76ce493d39681ecb,4,8608,2017-07-03 07:15:52,2017-06-12 09:27:15,2017-07-03,20.0,0.0,129.9,13.93
60c135dd70629323dea2b8ffb598f519,fa261f64fd3982351db812235fd682aa,5,8622,2017-12-13 19:27:49,2017-12-06 17:30:05,2018-01-02,7.0,-20.0,28.9,14.1
275456bfb2e3d568225af035668661db,9a886ac42ca6eb5571fbdd1bdd8be02e,5,8656,2017-04-20 17:38:07,2017-04-15 23:53:50,2017-05-08,4.0,-18.0,26.9,10.96
1227d6b51e8b2fd6b01cd3d994d0cef6,0f0da37d4b99bfd602829ae5992b2d57,2,8670,2017-06-06 14:57:42,2017-05-26 10:43:29,2017-06-20,11.0,-14.0,89.0,30.46
a3e6fc74dccecfd2b37b062aaa4a70c3,90214a4751f75ee8783bed5037f9b0db,5,8691,2017-08-17 16:57:51,2017-08-07 19:27:17,2017-09-06,9.0,-20.0,19.99,25.63
e4c52fbb954d31e969f66c365227e0b4,24d3148ec0762872918b6c2805afac45,1,8694,2017-06-07 13:53:10,2017-05-30 16:24:53,2017-06-12,7.0,-5.0,89.9,7.88
16a234667426822992eec0dcacd3a3cf,f6b803d15fa58d6e0409ce0cda40121b,3,8707,2018-01-22 15:18:47,2018-01-13 11:16:04,2018-01-30,9.0,-8.0,44.9,9.09
3bcd40e3109abbbb3329fdc84ec10e9b,e0fcccf3321e9e3cf530ac4944551958,5,8716,2017-07-27 22:35:43,2017-07-16 15:48:50,2017-08-10,11.0,-14.0,11.9,16.79
90aa022e9efb63ecd18c159b4ba0d8ef,1f61454f0be6c852699c3711101eab74,4,8733,2017-11-23 19:50:13,2017-11-12 20:29:28,2017-11-28,10.0,-5.0,38.4,9.34
87b790cd196445ceb603265ef3464777,c879d78c7ee446806b14557fbaff1b16,5,8754,2017-12-14 16:26:03,2017-12-05 07:13:54,2018-01-03,9.0,-20.0,99.0,25.73
de00d2f5a3373345eb8f157702c59c70,0476f6eca64ad7ce1bef51f7308871bd,2,8775,2017-04-03 13:45:38,2017-03-27 10:50:53,2017-04-19,7.0,-16.0,99.0,17.43
b2c492e5cf81860f18f7d4143c4271e1,c830cc216aadfbfc979193cf372cae2d,5,8810,2017-08-18 19:23:03,2017-08-09 15:02:38,2017-08-29,9.0,-11.0,51.8,23.7
3afaf18d4ddd28fdb1c9cb4d665ad9fd,906fa2ba215b24e3888dc3f8c0950f78,5,8873,2017-07-26 10:38:21,2017-07-15 19:04:37,2017-08-14,10.0,-19.0,667.0,20.43
e4de958fc4cf052b6894ef61e945fe04,2307f3782fd14d75b1098608959769ff,5,8902,2018-03-05 22:38:44,2018-02-21 22:53:10,2018-03-13,11.0,-8.0,117.8,15.58
d6a93a2c8834050cf4ec898b3b42e542,8fc1991bfbb78b4d939d11ffef79c398,4,8939,2017-11-07 22:04:51,2017-10-26 22:41:09,2017-11-22,11.0,-15.0,139.9,29.38
e2ed152f01ff7a41686a2705b687082f,4db7592df9b6ac416a36fe91e06682ea,5,8973,2017-09-19 19:20:02,2017-09-11 15:34:49,2017-09-29,8.0,-10.0,29.9,14.1
f6512314ae22227752c41262d08a558c,6103ae4e3648137cdabab734faf4c19e,4,8977,2017-10-11 20:42:57,2017-09-27 00:26:45,2017-10-31,14.0,-20.0,15.9,15.1
ac7f5de1bea97d48a4a4ba7c0edcaa53,01428962dce3b65e5433eaeb16c0f48f,5,8990,2017-07-31 18:25:47,2017-07-13 14:39:29,2017-08-14,18.0,-14.0,309.82,93.34
04ad0f3984b685a49c9e5dafa5a50ad2,860455aa7b45766b3d33b051cebc6e27,1,9016,,2017-05-14 21:16:54,2017-06-02,,,26.9,15.1
17fd1aec4d1397517ce9a95b675626c2,b65f0508b5b5fa22d363a4e5f2462553,4,9024,2017-11-14 22:29:01,2017-11-07 19:16:30,2017-11-27,7.0,-13.0,52.99,11.87
e2175c709d9ad13a61b8a9e5f9f2e252,2a41e607e8c88abf9f0b0f8f982dce13,5,9030,2017-08-15 12:06:08,2017-08-10 20:08:15,2017-08-23,4.0,-8.0,99.89,16.5
ed6410b983e6946e045f20c891cbe05a,603a0efaa57d08690507c9492973822a,1,9032,2018-03-28 23:51:40,2018-03-04 21:56:16,2018-04-06,24.0,-9.0,398.0,19.23
c902c2c27b2037e7b874f8c79c709312,82c1f00b277333db6ce4f9eff5894903,5,9038,2017-12-06 21:41:52,2017-11-24 21:51:21,2017-12-14,11.0,-8.0,79.0,16.18
8b2711bd51e912c5a8b259b908c6e926,d20ff68be39696c887cfee476a5ff0be,3,9115,2017-07-27 19:09:51,2017-07-22 13:05:51,2017-08-15,5.0,-19.0,69.9,15.24
1e7e46ff7a27fd93bd8fb66fec88257e,0f44bed17f819c79f48b9d260406a445,5,9137,2017-06-02 15:02:33,2017-05-28 20:41:16,2017-06-23,4.0,-21.0,139.9,16.74
c6947e2b0a7aca0d3567304ccda1ade1,e87af6f598445282ba3662fc3cc5c3dc,5,9142,2017-11-28 21:28:56,2017-11-22 20:32:00,2017-12-21,6.0,-23.0,105.0,25.57
ce87bdee1cedddc6bb045ccc39deb75f,ba3f824b4ebed08a7a4bf92937017703,5,9146,2017-07-31 19:37:57,2017-07-21 08:50:03,2017-08-14,10.0,-14.0,69.99,16.74
2fb3b29dfeb69d80249fcefb5af0b278,e531f04ac27aac6bf0cba03986415776,1,9193,2018-05-08 23:08:59,2018-04-12 17:16:49,2018-05-10,26.0,-2.0,52.0,22.94
d7831af39302a979829561d4fa6fdb31,e43a8e7bb3db31ab15c10dfc9ef4e419,5,9202,2017-09-21 18:22:08,2017-09-14 00:12:53,2017-10-02,7.0,-11.0,56.0,13.41
3b832135ecc38433a22f120fbf642c22,0a80da8a2e86f5f401c7514602bc1105,3,9229,2017-04-26 13:52:15,2017-03-24 16:48:47,2017-05-03,32.0,-7.0,34.99,28.97
3113a249fb7e7a44e500acc0a913ddfe,24bbec3490c63fb110f13f2c47a5b559,5,9230,2018-03-09 22:32:15,2018-03-02 10:29:33,2018-03-14,7.0,-5.0,29.0,9.27
310c6d35e3b6bb69d9661c9057f2e592,ff38e180176d38e46f43488a0571d6c2,5,9284,2017-11-14 18:08:00,2017-11-08 15:38:42,2017-11-29,6.0,-15.0,159.9,18.37
89a8e978214d038882dc2379f95117ae,ca7a62dce548a9bd31b4fd4f12af30d8,5,9310,2017-06-22 13:08:03,2017-05-22 15:24:05,2017-06-13,30.0,9.0,64.9,15.2
9530ae60fdfa290e3c8a921cacc987b5,ba09602fc04f661e829787eb7ac331e7,5,9355,2017-04-19 11:10:39,2017-04-11 14:27:51,2017-05-05,7.0,-16.0,69.9,11.1
2c81371c5fe0b695f4e28d60a06ebc16,aeef04fa986be504dfc33b096ac921df,5,9378,2017-11-13 22:53:02,2017-11-06 21:00:16,2017-11-27,7.0,-14.0,79.0,15.31
a680d5f552f5a6ba0004ad0366fa5278,b4a38163bca1ff981f0ccbfdbaca0a20,1,9413,2018-02-05 16:53:15,2018-01-29 18:40:56,2018-02-22,6.0,-17.0,329.4,105.96000000000001
ca50d05af330515f3afdbe1204bbddb3,019edbdfeb6923e55558362c2b84ec37,5,9458,2018-04-05 18:58:39,2018-04-01 07:31:49,2018-04-13,4.0,-8.0,69.9,8.88
b75fa2b7b9f4f675688e6b4ce615fb11,41592d2f13bff6d83152f39754f78552,5,9460,2017-12-18 22:09:29,2017-12-11 23:55:56,2018-01-05,6.0,-18.0,39.9,15.11
89ac16ebf63f76cc908b6cc39e880ad2,a0e07b356a3bbcc4c780060d24bf5a10,4,9478,2017-12-05 16:39:02,2017-11-24 21:03:03,2017-12-19,10.0,-14.0,395.65,17.52
4ad8619ef801fd74ef2a33d6edc01090,5691a076ef144cb3bb777a3eb18b77d1,5,9483,2017-09-04 16:35:44,2017-08-24 08:44:17,2017-09-18,11.0,-14.0,59.8,30.2
7029710d9d74c0ad86d0fb4450673e94,4d20a88009a1ccbe54db2c4c7e184228,1,9501,2017-11-08 21:13:12,2017-10-28 11:55:04,2017-11-23,11.0,-15.0,283.2,27.26
d4cfb63458836b66baa3d6efc7b78360,469047e99377da914f6d4eb996977190,5,9502,2017-05-17 17:09:31,2017-05-05 14:15:32,2017-06-05,12.0,-19.0,52.269999999999996,35.56
6f92416e8dc3d084a65136e05afebc9f,fa5a7d839b49e173198586f7366939cb,4,9521,2017-06-12 12:04:33,2017-06-03 21:20:21,2017-06-28,8.0,-16.0,31.9,16.79
fa75833cb83739391ed6594c95c6b117,fac313dbb6add2eb12c5dc3cb6e6e807,5,9526,2017-08-03 17:23:59,2017-07-28 18:35:48,2017-08-25,5.0,-22.0,29.9,17.6
679908e3991c84ed3c7fb0bd5bcac33e,85e7df94996cce9657127b63f379ac14,1,9539,,2017-12-15 18:18:38,2018-01-18,,,129.9,15.66
7d8d9c35d49419b797bd45c4b04a9f73,0c21f042461cf5e64d2c087fdcc93fd7,4,9583,2017-05-17 09:55:30,2017-05-02 18:55:30,2017-05-26,14.0,-9.0,32.29,10.96
cfb31263de2246ed7d2f49941b5b9649,85d1f27ce2b79aafb89810ff41fc3e72,5,9584,2018-01-03 18:12:58,2017-12-23 01:23:00,2018-01-24,11.0,-21.0,124.69999999999999,47.32
322fdfc54efd8f698849bc16f3f8c6a6,25dbb5b0e8fffe7add495cf01a2893d0,4,9605,2017-12-04 15:55:00,2017-11-28 12:01:21,2017-12-18,6.0,-14.0,700.0,67.29
5eca7a44dd919c3a41d9c413b7d23535,20b44662cba0e4e87a3d794343c1076c,5,9625,2018-03-07 02:08:28,2018-02-19 20:52:08,2018-03-13,15.0,-6.0,55.9,20.88
7ed0094276b0d202cde723da3a8fe891,0fc34e566d3273325c404c113f4a8b2a,3,9658,2017-12-01 18:06:48,2017-11-02 14:51:11,2017-11-27,29.0,4.0,189.0,16.07
c0db78c39cae37b30de1414d7d030a16,d9249bddb2097479f5b0eede146ed02d,4,9702,2017-09-29 14:29:39,2017-09-19 16:26:26,2017-10-11,9.0,-12.0,240.35,19.25
9d6c2464c36e2c2aa83f31a0538c8fa0,6bae084fa2e6b9972110f6c93fa4b9a3,5,9708,2017-07-03 12:35:43,2017-06-24 09:36:14,2017-08-11,9.0,-39.0,28.8,23.7
e74f725def896ab2694ac05b8af4f78e,1f63547f5743b270843ccf840f00108a,5,9732,2018-02-21 23:42:46,2018-02-05 22:54:03,2018-03-08,16.0,-15.0,159.8,32.64
01a13176d0415f812a9ec4a1ba767048,39444c4357a54def3a087956dbb17e62,5,9744,2017-09-15 16:24:43,2017-08-17 20:09:29,2017-09-13,28.0,2.0,25.9,15.1
a6071f801f9b1589805700c085da3590,17dc275426dc4430d983cdd5280e9414,5,9747,2017-03-24 14:33:24,2017-03-20 19:52:56,2017-04-10,3.0,-17.0,186.15,15.47
8189eed9bc9ed90f3877411800b2d19b,405a30197dbb4ed83804a680c2bbae9b,5,9748,2017-08-14 19:07:48,2017-08-09 22:34:04,2017-08-22,4.0,-8.0,89.99,7.88
d99ba08b52f41aba0b7593d78ccb26d8,c5cb8ff0538e13ce7112d7f51b705d54,4,9828,2017-12-06 02:48:22,2017-11-30 13:31:15,2017-12-18,5.0,-12.0,299.99,14.93
4e1f6d6be3ffe82538bce490e6ffeb63,15847be2cbb3423e9344e53b040ef2a6,2,9866,2018-02-01 01:53:10,2018-01-13 00:21:59,2018-02-09,19.0,-8.0,69.9,29.9
b5434ceb0c25a3ca0ee14ebd92b29b1b,92b16e4bf4524a212222c92e9114f55c,5,9902,2017-06-16 17:25:46,2017-06-04 01:12:31,2017-06-28,12.0,-12.0,34.9,14.1
abd149a5615aeb6f20acc8ce10dff9c8,a1015a6d1a3f742c8de8c7a3d0356f86,5,9949,2017-10-22 17:22:54,2017-10-02 19:14:28,2017-11-06,19.0,-15.0,105.9,19.98
9a1502407ccaab2ed1dec189e881d004,fade3e37b5640d2582de9aacb77f9758,2,9964,2017-12-20 16:14:40,2017-12-06 16:16:52,2018-01-04,13.0,-15.0,83.5,23.38
c066ea81a859d32ae4a24f573173ff98,67a229f0ab226f753f52634f1e6548a8,4,9974,2018-04-03 18:48:56,2018-03-16 12:09:23,2018-04-13,18.0,-10.0,38.2,18.23
6b0ee404c3451680916ad2a38ec91522,18905a8655f8255bf50d2eeadce2641e,5,9999,2018-02-07 17:27:46,2018-01-25 23:32:16,2018-02-26,12.0,-19.0,12.9,17.63
ecdf57077620f3d0163641ae474fe2d3,76507bbf7372c5261e9cecab5d23c252,1,10051,2017-11-25 13:42:00,2017-11-20 15:45:23,2017-12-18,4.0,-23.0,179.0,17.01
65ffd4c8832979bba42c88a4b85bc133,fc7c515dffd4c3841716ab3f51ba3bad,5,10057,2017-08-22 19:20:39,2017-08-19 15:27:54,2017-10-09,3.0,-48.0,75.0,8.11
22ec802527cad475c2982e4e52810d63,1c416205619eda99e9c883a9ca76ad75,5,10098,2018-04-23 17:12:19,2018-03-27 15:59:27,2018-05-17,27.0,-24.0,380.0,21.63
73c6898b7c89252f33d3bbb747db3f1e,65c96731ae030b052acda14e142e2a3f,1,10101,2018-04-12 01:30:52,2018-02-26 14:21:09,2018-03-22,44.0,21.0,135.0,18.2
82488e45d588d3618444484d99baeca9,b10b53f757455227e8b972cb1faba733,4,10116,,2017-08-15 20:44:01,2017-09-19,,,10.8,25.63
1e1c893ea281b407367ea57440e1bcb4,796d7e38e13c7f6c4f227fb178fd58dc,1,10121,2018-03-23 22:21:53,2018-02-22 21:31:31,2018-03-20,29.0,3.0,93.0,16.41
25a10cfa5f682e4405cbac92aa624c33,a8af9679f12573cf207aed249bdabd09,5,10135,2018-01-10 21:38:14,2018-01-06 15:10:44,2018-01-24,4.0,-14.0,35.9,7.78
8ddf72f2e4d43b33b07c6448072f7ba0,beb0c6412a4fab0bc73cbebe972365b2,4,10136,2018-03-20 19:53:08,2018-03-09 23:25:28,2018-03-27,10.0,-7.0,151.9,17.97
356a3ba29929e737104bff27429cf5b8,0dd8c916a4beb8512a85d15c9ba4c82c,5,10151,2017-05-25 14:06:06,2017-05-17 14:07:47,2017-06-08,7.0,-14.0,155.5,16.85
7c0ddc9275557869cc839b829d275486,88eaab55607693a963f94efbf5ed8f1f,5,10153,2018-03-24 11:45:39,2018-03-10 15:22:19,2018-04-03,13.0,-10.0,140.5,18.86
e97f13021ee28ecb481136493c6fe603,6e3d694de21b9149410f92a43ece1186,5,10161,2017-10-26 21:14:47,2017-10-10 22:35:38,2017-11-03,15.0,-8.0,43.8,30.2
d02dd9e22e862a5e0276c855ca89e505,f934b357bb58387aeb7f58a1b0100861,5,10188,2018-01-17 16:33:01,2018-01-09 07:51:15,2018-01-26,8.0,-9.0,38.9,7.78
3764c39bc41277dbf4e39f25e850aab7,c920c9b4a0fbe334f146d3b9822f3cce,5,10220,2017-02-22 17:17:40,2017-02-09 12:53:13,2017-03-14,13.0,-20.0,309.9,17.87
b46f242183f298af750cffebd948f8f0,a1f23fda3d0d3b220ff9fa6472233fdf,3,10243,2017-03-29 09:23:43,2017-03-23 16:56:19,2017-04-13,5.0,-15.0,99.6,29.04
e3fc35d8ddf943a7e1f4e53926035ddf,b03b2909d81f43ae819ad1bce8c47e45,5,10244,2017-06-19 20:07:41,2017-06-05 21:01:22,2017-06-28,13.0,-9.0,590.82,19.9
429ead0d8a254dff6f01ade32794c07d,f40d3749a6d621bb95be74a8ce79e06f,5,10253,2017-02-21 12:34:16,2017-02-08 12:53:38,2017-03-16,12.0,-23.0,1323.0,24.96
990b90b3c3ee7915fb953cfc0ba72748,ec89f64fa61a8186f474cf0a903fc4fa,3,10262,2018-03-06 20:28:56,2018-02-10 15:34:07,2018-03-07,24.0,-1.0,13.65,14.1
c35494fb1bd1e3f5cfe014e31b74deea,51a73c564f9cc803ec067dd3a0381997,5,10289,2017-09-11 15:43:52,2017-09-05 20:55:39,2017-09-19,5.0,-8.0,26.5,7.78
77311e097436ebb50256b064ab2c31fe,32bb58472bb3798f5d511d52fc159d98,5,10315,2018-01-16 20:38:50,2018-01-14 23:22:20,2018-01-30,1.0,-14.0,63.99,8.72
89a03b426edfe3944d9eaf742e8ce9c9,85f8ffb0071e850ecba540ba938f32a9,5,10328,2017-03-22 19:48:52,2017-03-16 20:04:07,2017-04-06,5.0,-15.0,289.9,16.2
983d4822c3e60fc91bb4165f9e25465c,8b0357c1bad60045f29531041ed96942,3,10352,2017-06-08 13:27:49,2017-05-17 22:24:58,2017-06-26,21.0,-18.0,85.99,16.04
05ad4e11531094dbeec2e2596e10b843,96c01643f38c59fe8ac1ef0480d423fc,5,10363,2018-04-16 19:54:48,2018-04-11 22:47:02,2018-05-08,4.0,-22.0,69.9,17.08
2430f56a47df413a058b34cd9b76b1bc,cfb5c71374e62ce7dfd7688c5adcd0a9,5,10385,2018-01-18 00:23:40,2018-01-05 15:19:59,2018-02-08,12.0,-21.0,166.99,30.21
89adf2ea88025b4319ce2f7101ac1865,dbadf0264f5a2b239bea146da1b1f567,5,10404,2017-08-18 20:15:41,2017-08-08 19:41:27,2017-08-30,10.0,-12.0,70.78,28.2
f83371cb454015c8064bb99b6dfd87d6,88b36969638ed8c7af9be0f985d142d1,1,10419,2017-10-27 16:22:13,2017-10-24 15:04:00,2017-11-06,3.0,-10.0,319.0,10.98
07da769e5755f63bc916b7d7faf4352a,ae79131b7cf922e0a420d0ef0b2be32d,5,10420,2018-01-05 20:58:59,2017-12-23 13:54:58,2018-01-22,13.0,-17.0,33.8,14.1
69f0bc7ad18b5cc957855b04487df579,762e43a4ec270117f892451cad4a1bb7,5,10436,2017-10-02 19:33:10,2017-09-19 12:44:23,2017-10-05,13.0,-3.0,9.6,16.11
c0296c7c5416d5cdf30c8c475877b690,311c0c9d5ded7efbf324d3552acec666,5,10443,2018-01-22 21:48:37,2018-01-17 18:49:00,2018-02-14,5.0,-23.0,23.99,14.1
c5aec615d3afa3a52fe4567015b12151,3317db84e285d6115f358daa9351a4ba,5,10476,2017-04-11 12:58:56,2017-04-02 18:52:07,2017-04-26,8.0,-15.0,69.9,31.23
bc9c92ac80dc427c68b3f3ee037a33f6,92db190a97a2ab00dc878d38080537bf,5,10485,2018-03-19 13:32:37,2018-03-05 10:43:16,2018-03-21,14.0,-2.0,159.77,13.46
c432795d80113d5f12ca7a604de1f5f2,57972ffb8a2538ed27c15464d6e7fce6,5,10487,2018-03-17 19:29:30,2018-03-02 13:35:20,2018-03-21,15.0,-4.0,79.99,14.31
6cd0ab29b9c31298a539d3f4374996a2,210c564437a3ed150b4ac174eb4282fa,5,10495,2017-07-28 16:03:05,2017-07-25 21:16:30,2017-08-10,2.0,-13.0,19.99,7.78
3bf6b0cc2f0c0ef9a20d1e1319bca3ba,88d0690c4598321b6166f806c2da7034,2,10546,2018-02-27 18:38:57,2018-01-30 14:04:57,2018-02-26,28.0,1.0,84.9,17.03
27975c4931ea4340a677cc49304acd4d,48be44989e4853d877c2ac366b99a008,4,10580,2017-08-17 21:57:30,2017-08-11 16:18:30,2017-08-31,6.0,-14.0,299.0,18.57
0ce3ccd5c1e44866035b8846b71b8258,16ec5f5b0b5245798a6334e4c239d13a,5,10583,2018-02-05 11:43:00,2018-01-22 10:46:14,2018-02-15,14.0,-10.0,108.0,15.52
0653d27fccec5368aaf8533f6385c5a7,c61c0270f78b8e83946c5ea769c2cff9,5,10611,2017-06-01 18:56:30,2017-05-17 10:22:14,2017-06-13,15.0,-12.0,99.0,18.93
b72bd3fd585afc34753bab0faa77d064,73e019fdcb05a01a6a7200bce40ef5f6,1,10622,2017-12-16 01:37:10,2017-12-03 17:39:48,2018-01-03,12.0,-18.0,28.99,16.79
dbe4c64da6c0ec31cda3eb08052cee4d,55adc5cef9556477770f0b858669f8fc,5,10625,2017-03-23 16:03:51,2017-03-17 11:15:39,2017-04-05,6.0,-13.0,849.0,16.55
93f1d6882ba3c691f76029574be08298,a1237d295641cb8fec0be746ab923b79,5,10646,2017-03-14 16:45:08,2017-03-02 09:23:19,2017-03-29,12.0,-15.0,89.0,23.87
6563f563d066bf04edb60686e90a2c67,f2c623a58d325d304d567e2271dda299,4,10657,2018-03-29 21:57:24,2018-03-24 11:59:53,2018-04-12,5.0,-14.0,99.8,25.58
3f57a9238c3a65d76b05fcb9e6491ef8,cace50e014d7f1c702acf79a12b86a55,1,10786,2017-08-30 18:25:36,2017-08-16 19:06:23,2017-09-21,13.0,-22.0,149.0,19.58
748a7105739819685ec4fa87be4da715,f6cf8d4fd766fb0bd2d664fbbc94e9b7,2,10787,2018-04-17 20:46:40,2018-03-24 10:16:33,2018-04-13,24.0,4.0,359.9,20.4
17894f506cd0ed8979595f549822cb62,7bd62497a7402220bd5006cec2c7b749,5,10832,,2017-05-17 10:35:54,2017-06-26,,,64.99,25.73
dbb79aa41bd7df0ce3baa33730281176,e780dd8de5b1d2e678c7cac395f0382b,5,10910,2018-04-13 20:02:50,2018-03-28 12:09:58,2018-04-16,16.0,-3.0,39.99,13.71
eea04af75e81c41d7ff59afecb666edb,92d731517f17c26f16182d45498c4c3d,1,10939,,2016-10-05 11:23:13,2016-11-14,,,,
9fa6da0e49664ae28d480eed250ee827,6878dd8f91f3b3ee7fa8edbea6c3af45,4,11030,2017-09-11 22:16:28,2017-09-02 16:57:50,2017-09-21,9.0,-10.0,79.9,13.58
2531c520bd6031634ee3c63c626310e6,d39427c386e367ef8a3e77bcaef4cb7f,4,11036,2018-02-07 20:26:51,2018-02-01 20:44:36,2018-02-23,5.0,-16.0,98.89,16.32
f531dadf6afe592e712f198cfb00e3c3,bc2875d103c239620c7d56924ce991df,5,11037,2018-01-09 16:10:09,2018-01-02 10:31:49,2018-02-01,7.0,-23.0,86.3,21.09
929576fde139c05bf54204331153147d,2b9f8ad9f32e83a7cc84270f04858de6,5,11062,2017-09-01 19:51:44,2017-08-08 19:18:54,2017-09-20,24.0,-19.0,29.99,37.9
19e5e9e033374d1652def79f53f7d52c,311155a0f4009bd8e4936e0ce45324ae,5,11071,2017-11-29 15:19:07,2017-11-20 18:11:05,2017-12-07,8.0,-8.0,791.7,40.02
75d78947d7f5dddd3b2d2e7042c17a50,4cf27cd829748acdd11dfe19fe746e8b,3,11092,2018-03-15 15:37:36,2018-02-12 22:05:11,2018-03-12,30.0,3.0,139.0,16.73
eadb879224861b22cea31295558af019,25b5031c6f1b02a190624b01069627c3,4,11140,2018-02-06 19:05:29,2018-01-24 11:34:34,2018-02-26,13.0,-20.0,37.9,15.1
1b0cc1fe715ce0bbccfd4d3443a5e97c,51c86c4487b86a4e4cb8eeec8618de9c,4,11173,2018-04-25 13:21:59,2018-04-05 21:43:44,2018-05-03,19.0,-8.0,90.0,44.12
cea04dd1a85f96b0a55fc434e6570bff,3f5abd933258e53656eb4368f0762fec,5,11187,2017-07-20 19:29:32,2017-07-12 23:28:53,2017-08-01,7.0,-12.0,209.99,13.81
ae3264e70a5d672396be0dd4b40a7dde,4cdeeb4be90a4bde94dc058f50a4d8c2,5,11197,2017-05-08 12:32:45,2017-04-23 16:01:16,2017-05-15,14.0,-7.0,139.99,15.74
935e8f8854b178239034cef1f3a1d457,e7d3f9457c859cd5b63a25a4c2afb2e0,4,11241,2018-02-14 19:53:18,2018-01-18 23:26:10,2018-02-09,26.0,5.0,34.99,15.1
56c7204871149d2fdb90accf93280308,4aaae2aa1aaf68062749b93fbe24d6cc,5,11248,2018-04-30 20:05:27,2018-04-05 22:23:29,2018-05-08,24.0,-8.0,68.9,52.61
abaf891222ebd984c582df585f087e5a,fae4552fc320d851844902535c466e92,4,11279,2017-11-01 20:41:20,2017-10-23 16:21:02,2017-11-10,9.0,-9.0,36.99,11.85
5230d220d7930bdd2c4ce2e12a9ab2d2,55ada6f0482ec84582a6de972bf57dd9,4,11283,2018-03-19 19:26:49,2018-03-10 12:36:48,2018-03-28,9.0,-9.0,50.89,13.48
7ab8bc03c167aa7f8ae51ce8ce302b0a,337ed97aec5fea9e7e8169cf04876433,1,11295,2017-11-03 23:27:43,2017-10-09 20:23:03,2017-10-31,25.0,3.0,24.9,15.79
a6d8090710f26047102b2924f8803359,afced00eb2f0134a2c5173999ca5086d,5,11335,2018-02-21 02:04:48,2018-02-05 10:21:07,2018-03-13,15.0,-20.0,1561.0,67.6
80e31175988b2789f737f7ae18cabb7b,f0107a10578d0418c07ddd6bbec0f94c,5,11338,2017-07-24 18:12:36,2017-07-04 10:48:43,2017-07-24,20.0,0.0,39.9,14.08
b158d450e628998b96152926564d2b69,e9f267751db5678db874f632592a2c0d,5,11345,2017-08-01 16:46:55,2017-07-28 22:00:31,2017-08-21,3.0,-20.0,629.0,34.24
ca9f6f756837701cb04a712c788d23b3,77dd0936b9f8f4340353ccb7e6ba7922,2,11349,2018-02-02 00:37:51,2018-01-17 20:23:49,2018-02-07,15.0,-5.0,70.89,12.84
c706df52ab4a9e59c17939a45925f77e,bcfb752924c7ba8161720a345e940d23,5,11352,2017-12-21 01:27:10,2017-12-19 12:26:24,2018-01-08,1.0,-18.0,69.99,8.72
687fdc29a31f4ebee8a5457253f08e23,d6dae36830ffe3962efff0e91cc64127,3,11358,2018-01-03 16:40:33,2017-12-12 12:23:11,2018-01-18,22.0,-15.0,69.99,16.25
ca42222c6a1f0e9f8dcce635f3d09cc5,5d00299f340746f1a331c674d4fbb211,5,11391,2018-01-16 21:56:40,2017-12-16 23:06:17,2018-01-16,30.0,0.0,29.99,17.63
603f2873842a6975a43c54d305397d69,51c6d2f460589fa7b65f2da51e860206,1,11444,2017-12-19 19:37:33,2017-11-14 12:04:09,2017-12-12,35.0,7.0,167.99,31.93
68045224923c9567df3f394966f607f4,98a2198fe7cdc41447b479d9220f0371,5,11470,2017-06-16 13:45:36,2017-06-02 14:48:34,2017-07-07,13.0,-21.0,373.4,44.64
744c1ac29c7e806d5d027e981f815172,ab4fc7cc026a9ea1a616584f9cfe4b9a,5,11487,2017-10-17 14:36:03,2017-10-08 20:32:53,2017-11-03,8.0,-17.0,179.9,15.01
b8a4cd9e9d1cb280885f649a09edd966,5590b02a48dbcd875b82f7e97c4c5ddd,5,11488,2017-02-14 08:58:43,2017-02-04 18:51:41,2017-03-15,9.0,-29.0,94.76,29.59
d4d4e0f0d44fff1af68a6503348cd641,919f7b191b8ebc3ee9ab62e05ae3b2bb,1,11514,2017-12-08 23:47:00,2017-11-22 11:09:39,2017-12-20,16.0,-12.0,99.9,17.14
fcbd87166dcdd50d11fe3c70df9d27ad,c4923e01d78f318874e4a7752eab5dd9,5,11550,2017-02-20 13:15:28,2017-02-16 10:51:45,2017-03-15,4.0,-23.0,39.99,10.96
a0e4f55b307d8cf3e70cc56bb7bcd1f1,1aa06061f2abdc063d3ab58ff9e86cde,5,11564,2018-03-09 20:51:13,2018-03-07 21:39:17,2018-03-19,1.0,-10.0,30.0,18.84
fd54cc6552489d6201c6a6542652720c,a70cbddbc05271b2103fdd63f37034a0,5,11603,2017-10-27 18:49:50,2017-10-12 15:06:17,2017-11-01,15.0,-5.0,55.0,14.14
2270f48ead57519deb89b5c81ae2cdc0,6f93bc498e872d1fceb5926df3b9bd54,3,11605,2017-07-04 18:15:58,2017-06-28 14:31:13,2017-07-11,6.0,-7.0,32.9,12.48
df92ed71cfc3be12198e0a8217fd5af7,0572a001d46280ab9ab95964665ff768,1,11619,2017-09-12 20:27:20,2017-09-05 09:17:19,2017-10-09,7.0,-27.0,39.9,25.63
5cde481004f05bbc1992693e005403a5,6283d2cb264f76928dffd1faf0f5ff33,3,11635,2017-12-18 17:15:31,2017-11-26 00:50:30,2017-12-15,22.0,3.0,422.0,22.92
3016737b78dd47e766e995754ebe5f38,7aec44a29db806091272db5aeb0007d4,5,11683,2018-04-02 20:08:36,2018-03-15 19:54:03,2018-04-13,18.0,-11.0,35.7,54.69
78c77f5dcfcc0a3723c66d5af42387ea,9e7137975355579bd52d6ad4e682f833,5,11711,2018-02-07 21:22:59,2018-02-02 13:45:00,2018-02-21,5.0,-14.0,53.99,7.78
8d59c9b86613aef68aeca720c374159f,03fefb6f166efd081e05a842f7def973,5,11724,2018-03-07 21:13:43,2018-02-20 09:02:15,2018-03-12,15.0,-5.0,107.0,12.25
4289443028a8b40d0e1f122abb18d4c1,6155f621f8b443117634830dbf1ecd62,5,11731,2017-07-21 10:54:02,2017-07-03 18:31:22,2017-08-08,17.0,-18.0,630.0,67.09
9bf8026358e58bc72aa495b9f81d5271,0c6e84e1109b6c5630774291a85fef1c,4,11732,2018-01-29 11:56:42,2018-01-12 18:30:53,2018-02-19,16.0,-21.0,71.0,20.99
a5277ca2a38311e24a82c0ca4f595929,71d69f67014a0966287a08bd24bb0324,5,11749,2018-01-05 13:29:21,2017-12-28 20:35:29,2018-01-23,7.0,-18.0,79.0,13.57
d1752a17047c206d61f9187f8551ae0d,4e71d6b2e9f221c46838b30c18443f84,5,11754,2017-05-02 15:54:03,2017-04-16 19:58:37,2017-05-24,15.0,-22.0,57.17,26.14
606c81e3d09092977d2f401b8393bfb4,21196c30747231d579091396af990f0e,1,11811,2018-05-15 18:23:50,2018-03-17 09:25:36,2018-04-10,59.0,35.0,129.0,20.63
76b91aab0ca76bf7f1ce47108b38ad3b,7439e4bd093c2c4b6d428c40e9b50c30,5,11816,2018-02-08 15:58:51,2018-01-27 11:46:24,2018-02-20,12.0,-12.0,54.9,16.63
513670257fd058f73becd8d371f54fb1,547c0db33c070cc0ddc35ad17750c6f3,5,11829,2017-03-10 09:09:26,2017-03-05 20:17:09,2017-04-03,4.0,-24.0,25.9,14.52
2db4971d8cf4d58fd9179a2ed6acac4a,0297a2a062d136015afa9f5d9623818f,3,11856,2018-02-14 21:29:06,2018-01-28 15:27:43,2018-02-20,17.0,-6.0,13.65,11.85
a89213c00500a4e02b7362d0c474e75f,59c134c32edc0046c31ad8bd6f521b61,5,11916,2017-11-25 15:21:09,2017-11-21 14:45:07,2017-12-08,4.0,-13.0,41.5,14.1
56f37c2e9b41c4e27a2b05833be3396c,e30a7c7a102b26de0c86e424f9eada78,4,11966,2017-10-05 18:58:48,2017-09-24 18:37:18,2017-10-17,11.0,-12.0,196.36,18.08
56c7e8550fee2d451969534529323d64,450c38e2c35be1d12fb07ad8c2432ebd,4,11983,2018-02-19 17:52:24,2018-02-05 20:08:57,2018-03-08,13.0,-17.0,160.78,16.89
8de85b915059eb6058192805e5ec3d6f,65bb139b1cb6db9d99a350fa4a7d68f0,2,11997,2017-08-12 14:14:37,2017-08-08 19:42:43,2017-08-21,3.0,-9.0,89.9,9.44
0aa8b628ffe8130e26b668f9f3a2f6ef,f7310018040436b01ab03f81b301b5de,1,12089,2016-10-14 12:14:57,2016-10-07 11:20:34,2016-11-29,7.0,-46.0,329.70000000000005,33.69
8f28504ad064a22758b7ae037d5afb09,9bc5c73ed95bec088ff04d924946fa45,1,12099,,2018-01-14 21:32:20,2018-01-30,,,,
223d599945e3a610f6111484582b01c0,197979ae89666596c6a65ba20fb220ce,1,12137,2017-09-21 17:14:25,2017-09-16 20:30:50,2017-09-28,4.0,-7.0,9.9,7.78
f3a6428b546a4c80e75cf931075fb696,8543d2d86c69647af5e2d957c3d21b85,5,12147,2017-10-17 19:17:25,2017-10-05 16:05:46,2017-11-07,12.0,-21.0,74.9,18.09
3de0379ff6f0c95b4b8921880f028bdf,9296285ad7fc6a1f332b14294d846de7,1,12153,2017-06-06 15:52:09,2017-05-29 23:34:35,2017-06-21,7.0,-15.0,69.99,16.74
69a8ffdc8eda02c1c9170cd88d2c8161,7653f0e54956ba6711e889c7556220d8,5,12189,2017-10-24 13:17:15,2017-10-18 16:19:20,2017-11-06,5.0,-13.0,93.9,13.68
4319304acd7eebd3d216c2ddd30338da,cc7c5328fbf984cfac3d461dfb85de23,5,12194,2018-03-14 18:42:22,2018-02-27 19:48:43,2018-03-23,14.0,-9.0,35.9,15.1
1dde1f338dbaec3537c116e3691d355f,767b76997bafc4391a3018711fd833a9,5,12213,2017-12-13 19:59:15,2017-11-26 12:29:41,2017-12-21,17.0,-8.0,179.99,45.72
01d1a2b2ecbfb9dc89f00aa9d04ac082,f1392a30909dbd81bbe5973e40ebba37,3,12246,2017-10-10 14:03:50,2017-09-17 20:39:36,2017-10-09,22.0,1.0,79.9,23.43
fe6cc05855cd68034aa0452606ddee59,d524fb303d286d2ce7dfcdd08dc9cfae,4,12282,2018-02-07 01:17:59,2018-01-30 17:52:28,2018-02-15,7.0,-8.0,99.99,11.9
02c54224abb02c3cfa429acde0193c25,1f87ac3f856bae9e742538bc551bdf5b,4,12286,2017-11-11 12:57:46,2017-10-27 12:38:18,2017-11-13,15.0,-2.0,389.98,35.52
b6080e709456327e9a8453fac712e9d4,f1b8509dee2f914e33ace8b9555a7e51,4,12305,2018-01-25 13:58:42,2018-01-10 08:51:29,2018-02-21,15.0,-27.0,249.9,16.5
6700be3c2248ebbf8b39ba25e2760761,26cc9c222792e6af792575ab34ee3ecc,5,12306,2018-02-20 21:03:57,2018-02-08 19:10:12,2018-03-05,12.0,-13.0,154.8,28.57
ad5c2e1e5b1a446ba6d436a429a8810a,ba8ffe0231b633e2aa5526e2a070b3d3,5,12329,2017-08-14 18:22:28,2017-08-11 07:43:37,2017-08-31,3.0,-17.0,269.99,18.2
663972d6c62fa977e22dcc28c1528011,421a29f5936d35b40acaa102627113f2,5,12337,2018-04-19 00:03:14,2018-03-29 10:32:39,2018-04-23,20.0,-4.0,99.9,23.28
d7debc9bd20a58fd42365f7ac3595ec0,badcf619a4531116e06f0f2f6f711215,5,12388,2017-05-15 09:06:42,2017-05-08 08:53:43,2017-05-26,7.0,-11.0,114.1,17.13
ae6416f91014c148a13fff330dcc4ea1,195305c593eb46e44d1b40e9fc9b99bb,5,12395,2018-01-24 20:46:38,2018-01-14 20:48:36,2018-02-06,9.0,-13.0,89.0,13.64
d20581ffb6ce0de2e3374384c9843c3c,db4c3f7858a333ee70e9bbf31768f704,4,12421,2018-01-19 19:32:06,2018-01-11 11:26:04,2018-01-30,8.0,-11.0,122.99,9.06
ee2f253116685e21f2fad517d1f472a6,b6b88bb7090445219baad4d67eda6ce6,5,12429,2017-05-15 12:42:09,2017-05-02 14:07:29,2017-06-12,12.0,-28.0,59.8,62.76
6faf6c258bcb87ff83f8062953e11ea3,012f255bd5034b8e7fb3c91566a91cc8,5,12446,2017-10-09 20:43:53,2017-10-06 09:42:12,2017-10-30,3.0,-21.0,79.9,12.9
e21c9cb306617ffae4993c097d5a767e,8c11e7320d48d441627a82aa47d9afc1,1,12470,,2017-02-10 11:11:05,2017-05-11,,,234.8,15.4
a6941b3de32bba2bc5d5e75a008104be,60587a0b83305888501192ff07ba8bb9,4,12488,2017-12-10 13:48:47,2017-12-03 12:29:04,2017-12-20,7.0,-10.0,52.0,11.73
13fed52eec125cd934dd5919e28db8a8,fa1d2f55776a28be054d1b1b3c12bb51,3,12492,2017-03-28 14:35:12,2017-03-21 13:50:46,2017-04-07,7.0,-10.0,198.0,12.0
462305393581bbb206458b4591950ce9,d6f9e75b25f4d86db87bf9c7e6d14a4b,1,12538,,2017-07-03 18:59:31,2017-07-25,,,218.9,18.78
71567f914ae31b6f376eb956e1ad64f1,29a143cd68f669f10fd6d4a020eb7f38,5,12543,2018-01-12 14:56:49,2018-01-10 10:27:03,2018-01-29,2.0,-17.0,122.1,8.11
53c09e5b0598bef154d9676c59a12d36,16f981e32cf73c22679a3b0b76d97223,5,12549,2018-03-09 23:24:51,2018-03-06 19:01:40,2018-03-16,3.0,-7.0,24.99,10.09
469b3820dbbddd7cb2824ae37f50a711,8eeb383cc53ee78dfc385629602dfff7,4,12552,2017-04-28 15:35:36,2017-04-12 21:33:29,2017-05-15,15.0,-17.0,89.9,18.06
18be72788fccb0416c8e807575f6597d,24b08ea637db67e116dabc26306710db,5,12595,2018-02-28 19:17:06,2018-02-26 19:47:11,2018-03-12,1.0,-12.0,43.0,9.34
b48667f348d49ed3ad168c47d488bff1,9d8b9a9cc92d7f5e907cf13a99a705e9,5,12619,2017-04-18 14:35:37,2017-04-08 21:07:21,2017-05-04,9.0,-16.0,277.85,17.15
880fb2307f16a5fedadc22dd140e9787,8ea0b79c236245df6eee59b3ff482763,5,12626,2017-08-22 15:22:19,2017-08-10 17:25:40,2017-09-11,11.0,-20.0,19.9,15.1
5bdb62c663173a20a18f17c2f77f7625,bed231219468923a99e746ad42b9ac8c,5,12636,2017-06-28 14:41:57,2017-06-23 20:47:50,2017-07-19,4.0,-21.0,64.9,17.7
19f63847e8977eaee355b47c9effbf2f,b211f8c759ee7993a37f65cf5c9fa72e,4,12675,2017-07-08 13:53:43,2017-07-06 16:34:55,2017-07-19,1.0,-11.0,109.9,8.51
6c4212fdf2832c00843e0f664e36da14,b9fc3fbace8f69b00c2f461cd3422459,4,12677,2017-05-21 11:46:25,2017-05-10 12:00:48,2017-05-30,10.0,-9.0,97.0,14.43
54dc2b5c4090bfb183a98966a6ab4a36,3e9a88f66e0a7f0a46ddf240f5370047,5,12706,2017-07-26 00:37:34,2017-07-17 21:15:52,2017-08-08,8.0,-13.0,129.9,17.16
0dde42831ded261fe9e609c012bad17c,90f4238d4a0d8f6371e4fbb18af5df64,5,12771,2017-05-10 09:43:12,2017-05-03 23:34:55,2017-05-24,6.0,-14.0,29.9,10.96
4de6d124664acfb56fb8715533225766,d18c62967c0e60ea439822111331f6ec,4,12788,2017-12-20 19:05:05,2017-11-25 11:40:24,2018-01-09,25.0,-20.0,56.0,15.15
dbc0b05ab55783b78355d8547a149441,50cf0f713c1a9c9c9bdfbbf31b00eb48,4,12803,2018-01-15 16:18:46,2018-01-10 20:52:38,2018-01-29,4.0,-14.0,198.99,10.21
f9a2c6858549ff7d8e8ff8ef60fe719c,3765a79496712d9bb7eea316cc9ff2c9,5,12814,2017-08-31 19:15:10,2017-08-14 15:36:18,2017-09-15,17.0,-15.0,360.0,56.96
3d6afaf967445c85613989819bab7d58,403065b674f9cd3a0ab4d217dac82725,4,12856,2018-04-16 18:04:22,2018-03-31 13:20:56,2018-05-04,16.0,-18.0,59.1,23.34
2b52f4801fb04a5770d2b7c5d17e8405,a30f5af56b85e9f22df0e5686c66a627,3,12870,2017-12-27 14:47:30,2017-12-04 15:58:53,2018-01-02,22.0,-6.0,258.0,47.129999999999995
39f06e4a637b5df8ed113aad48e7e924,c5388edf36f442414419c24e6c65ee6b,5,12897,2017-11-24 13:44:56,2017-11-11 20:22:10,2017-12-04,12.0,-10.0,98.0,21.09
c64532cdb4468bf8d9975db3d4967823,cc9b441239dbd3786773a5c8724547ba,1,12902,,2018-03-31 16:31:09,2018-04-26,,,572.9,30.74
196a1f88189870cf5a11ffbf9711832d,01b703d8365608f2b01ed9c076d0b3dc,5,12918,2018-01-19 00:48:52,2018-01-05 17:14:30,2018-02-01,13.0,-13.0,46.55,12.69
313236b309b21c67144097dc66223ac7,5e81354e795eec26aec91548a783b116,5,12932,2017-05-17 11:56:46,2017-05-09 00:18:57,2017-05-30,8.0,-13.0,76.0,13.55
05180b5c590d947fc6036bb45255ebed,9cfc94a00cf39aa53d8f701fade170b9,4,12937,2017-05-24 12:52:09,2017-05-19 16:57:25,2017-06-02,4.0,-9.0,64.99,9.34
84937565c3a37efa10e2f856a25ac1d9,e505d250be8a8291d1d8d96adf8c3539,5,12940,2017-05-09 08:56:27,2017-04-23 17:19:26,2017-05-17,15.0,-8.0,29.9,17.19
57f29ef52c916272571828197f7749d7,0a2c8538b97333899a075ae94b85b037,5,12963,2018-03-17 13:08:32,2018-03-12 11:37:48,2018-03-22,5.0,-5.0,280.0,24.28
fc26e3aafeb9f0497ae859a2df11a4dc,90a0728a1ce3a04e661798e3db7d842b,5,13038,2017-12-23 15:23:40,2017-11-24 19:31:32,2017-12-22,28.0,1.0,49.95,15.1
963da17b7af1c27f612f5aa36e2c28ab,8ba09709db195d492ff95d38228f799f,5,13039,2017-08-14 21:43:47,2017-08-04 15:41:43,2017-08-29,10.0,-15.0,79.5,16.32
ffacb4591d05b48bc0ea02578786f5d9,6ca4871d007ce3c4a6173f53028c28fb,5,13058,2018-01-17 20:28:14,2018-01-05 08:26:03,2018-02-08,12.0,-22.0,474.9,78.56
c9637b341edd222a3241cf8779a531e4,b4371384ac6d51fe934e4f50b8b61e4c,5,13092,2018-04-23 19:12:32,2018-04-05 15:52:01,2018-05-03,18.0,-10.0,140.2,14.1
44bbbe4924af1433e01e7e1bfccf3e89,a7c17d3f5f5c9612a2bc81be1aadcdeb,4,13100,2018-03-02 19:41:49,2018-02-21 14:55:39,2018-03-28,9.0,-26.0,49.9,13.37
9a00e9def910da499d6593d3ebf92f16,d9f8dfc775170aba5d24809cc2c04058,3,13103,2018-04-06 20:05:41,2018-03-30 20:45:52,2018-04-18,6.0,-12.0,89.9,16.6
465400a952ebb3877ce0bd5b7a7bbc55,1f01fe794c7b4f7066b38ad326c4bfa2,1,13105,2017-12-23 18:41:13,2017-11-28 20:04:41,2017-12-20,24.0,3.0,89.9,17.88
c59b08336bfeef4259dfb6d2b8addda9,4df721b8d3b3a4803b1704f3676a420f,4,13128,2017-09-15 20:51:31,2017-09-09 18:17:29,2017-09-22,6.0,-7.0,34.9,7.78
40b857aabb6a18e82be596914dc8439d,3287906d23c6e6cb0ebb48f0b766001b,4,13205,2017-09-19 16:59:01,2017-09-06 14:39:40,2017-09-27,13.0,-8.0,39.9,16.79
3bb4254bdbc4b29f6dd8ec3587d71128,7e981abcf7b25747fb198f5befcae28f,5,13209,2018-01-17 22:38:51,2018-01-10 22:34:01,2018-01-31,7.0,-14.0,24.9,11.85
20b440b2555baf0591b91084d92907d7,ef8e343c4abd7135c59d2a6179bd4351,3,13214,2017-10-25 19:06:18,2017-10-10 23:38:52,2017-11-03,14.0,-9.0,120.0,16.6
82134852f0533ba4b347c1630c9ff2a9,6c90fc612a10cf8c7c74570e1db07aa0,5,13215,2018-04-11 18:02:36,2018-04-05 21:00:26,2018-04-23,5.0,-12.0,524.9,17.76
0e95954f02747c30208c87719e97b470,e670c857f8a70c9aacdf644c59980d17,5,13237,2018-04-27 21:45:54,2018-04-11 20:38:34,2018-05-07,16.0,-10.0,45.0,19.32
d754caf08a02cb42156539f06c5e4183,a1594c5e4a9c3e2635ce25383e89e538,5,13245,2018-04-13 21:28:23,2018-03-29 13:28:26,2018-04-19,15.0,-6.0,53.9,21.35
cfc66efd09de1c6ee67666f1c93ba57c,65dfa8121b10dd8bbb055a2afeafc9ee,5,13270,2017-03-29 14:27:11,2017-03-20 08:32:54,2017-04-10,9.0,-12.0,50.0,14.52
0e971ce64c3c54b24501c4c0887cbc63,40aeee6b37546436d467e37ce3e58f6a,4,13280,2017-12-11 20:27:44,2017-12-03 19:52:57,2018-01-03,8.0,-23.0,53.99,15.13
c0aed5ffccea9130163ea8ba457e06ea,53c7592439c12d02630c4f0da48614bc,5,13316,2017-12-26 18:13:30,2017-12-18 12:55:41,2018-01-17,8.0,-22.0,99.9,15.46
ce5506a3d7ec72f7bc4791b5d3b0f26e,6ff688a972f3aed0188ccd2e29734c9a,4,13321,2018-04-02 21:33:21,2018-03-26 15:50:00,2018-04-17,7.0,-15.0,59.9,19.39
86f4af1dd61a4ebf0413cf636108ad00,3275736da1234f55d52bdf09d86b93bc,1,13375,2018-01-11 19:34:07,2017-12-02 10:04:07,2018-01-10,40.0,1.0,299.99,28.64
9c2e7b47b548dc84b0ebf46200377874,840fba0867d6686cd4a428f76d01f97e,5,13398,2017-10-20 17:34:04,2017-10-10 08:11:26,2017-11-03,10.0,-14.0,217.01,17.28
27954cb5755a0c56a66ee6eeb6126825,90594e2a39ba4a93cae555437837e9a0,5,13399,2018-04-12 23:52:28,2018-04-01 17:28:15,2018-05-10,11.0,-28.0,121.9,18.73
d6e89fcb7ba41cac6f6b9c577e25ac34,023aa4b0585594124bc50e55e0e11a5f,5,13430,2018-04-09 11:46:41,2018-04-01 23:03:34,2018-04-18,7.0,-9.0,69.0,13.84
fb827e3a814bf8d2500a4b903f211f85,af9b17f2f1dfb02d55825bd0d7870d0a,5,13482,2017-08-22 18:57:30,2017-08-19 23:52:34,2017-09-01,2.0,-10.0,47.49,7.78
33e984a4bb1e04adf7123068c80f7e5a,fca0397489a3333e988ec1218efe40b6,3,13499,2018-04-09 14:51:44,2018-04-02 17:34:41,2018-04-18,6.0,-9.0,89.9,21.71
843af378440466d082f20bc06dd924b1,9be42eec91e05104d84b81e71a9e6b81,5,13521,2017-11-08 00:14:44,2017-10-30 19:03:45,2017-11-07,8.0,1.0,219.0,29.91
30f1ce11c3821ad6f11f6a6aac0430f8,7534ce179e1751acc26f743ab22ace56,4,13560,2017-06-19 19:37:34,2017-06-07 10:04:14,2017-07-06,12.0,-17.0,129.5,33.36
b100250f860e3e46b6c73eabbca2e1f4,fe198069c03f548e40276d7c9d67c9a3,4,13581,2017-10-13 16:39:40,2017-10-03 17:57:29,2017-10-26,9.0,-13.0,99.9,20.19
5e9bf1f77e8ad172d3d6f49337822959,113e41a438f06ffae6d1857e01d60c45,1,13625,,2017-08-10 09:31:59,2017-08-24,,,96.0,31.12
f35f39c16c24b8aefde68798a88690d4,f0fc39347a86802c8df13bde9111b01a,1,13700,2017-03-16 14:34:11,2017-03-12 17:42:52,2017-03-30,3.0,-14.0,69.99,13.07
40fef6eeb1715c318874ee040e52907a,7c749191ee3a17f34cbfcf6ddd2009ac,5,13730,2017-05-15 12:52:34,2017-05-09 12:36:05,2017-05-29,6.0,-14.0,1199.9,34.72
a49e535cb3e050e14ac2a14bd61dccb4,415b8ac19f5bc8c2f9796aebb5f4b84a,5,13742,2017-08-09 21:10:23,2017-07-28 22:02:32,2017-08-23,11.0,-14.0,134.9,21.43
ce1b17272a108c0fcfbc34086af8c210,03330e2f4e93c51662a7c77d92a4e0fd,5,13754,2017-09-28 17:53:55,2017-09-17 10:15:49,2017-10-10,11.0,-12.0,52.64,15.12
1169bc9ba51fcee0bb2a8773596a8037,52e5445828db681d83dccb33a15ecac4,3,13765,2017-12-19 14:19:22,2017-11-24 17:37:41,2017-12-27,24.0,-8.0,170.0,24.06
bcd865ad9efc1c323ea2a8e5d2be3115,f8853e328e43ca676354e48e5b70543b,5,13767,2017-09-18 21:27:45,2017-09-04 22:15:44,2017-09-28,13.0,-10.0,69.0,35.8
cfe9b886197710dc55832bd76e445d32,4b1e9e86e377397f8b305cc26fb038a9,4,13770,2017-12-13 02:14:27,2017-12-05 19:05:20,2018-01-02,7.0,-20.0,99.9,16.46
fdcd327f5d869ebd4836ce8e4a49d6d5,2d6e7665b6e34b4c1531c9e06517b1f9,5,13790,2017-12-20 00:35:31,2017-12-04 16:28:25,2017-12-27,15.0,-7.0,177.0,40.29
9eb49bbfdfc0c88704ddae2a39fed913,5aa65b67d199200514ab0d0a701199d2,3,13835,2017-12-21 15:58:46,2017-11-25 16:32:14,2017-12-21,25.0,0.0,84.0,15.34
2fd0c1b9d2b6b5bf5623cc380b7914b4,7b2e13ced9ab0896a7cea86bf29c3ec9,5,13847,2017-12-29 14:08:00,2017-12-27 14:03:44,2018-01-22,2.0,-24.0,179.99,13.6
f6815ce39d9b80025e972a382dea6fff,35d0b7a55813500142b572061fb539cf,4,13850,2018-02-22 18:12:06,2018-02-13 13:17:42,2018-03-01,9.0,-7.0,29.99,7.78
7f3cb973b5642c0133ab0216040f5402,3b694fa216b9963c2df0ad993a355551,3,13865,2018-04-12 19:58:29,2018-04-04 19:53:45,2018-05-04,8.0,-22.0,39.99,16.95
6bfa17a4e195f1fe76d333ed3e0f9401,0cfc5b8b63bf71f738f96e68adb96b3d,4,13894,,2017-12-05 20:48:42,2018-01-10,,,,
6835ff664345bb97daec01f5a944938b,e7374ec864786dbea6a5478d93332e1b,5,13896,2017-08-28 23:49:53,2017-08-19 22:11:32,2017-09-12,9.0,-15.0,177.99,16.88
a1c66d984df8fb1d65c2e6553bb5dfb9,fb63c6ffdd965418ce463c165f2f0efc,5,13902,2017-10-24 15:14:08,2017-10-22 07:28:18,2017-11-07,2.0,-14.0,56.9,8.72
c56f37af17ccc01b0b36a901bee9c641,be560e55f6098370a75dae48230f049a,5,13911,2018-01-31 00:32:26,2018-01-19 11:24:21,2018-02-19,11.0,-19.0,49.9,16.79
437b4b1e059b6362508034b8b8fc2f46,270c25da086ad763f34a2cd66c6aae7a,1,13942,2018-01-17 20:36:35,2018-01-02 16:02:11,2018-01-31,15.0,-14.0,34.99,15.11
adc01b76cc438d807450aa51e68620e7,8b4bddf7147c2e258a07697c3db41203,5,13947,2018-02-28 12:48:45,2018-02-23 14:03:50,2018-03-16,4.0,-16.0,463.0,15.37
e3a42a0198a87f9b3651c802ac1278c8,5498bf7c13194844d474e73da1ab8bb1,5,13965,2017-07-26 19:23:00,2017-07-20 12:05:59,2017-08-11,6.0,-16.0,56.9,13.42
422c40f65ff09420dd40d69209cee059,9711d75c7f14daa7b898759d42b9af64,4,13987,2017-09-11 15:03:35,2017-08-24 12:25:32,2017-09-18,18.0,-7.0,69.99,16.25
a622019e63266000bfebde26b7c15b46,92ebca361a35d3b733c6b4bb54dc673a,4,14000,2018-04-23 18:38:26,2018-04-06 21:00:39,2018-05-02,16.0,-9.0,29.99,15.23
a5e1bdaaa74dd6453e23b8e50f40e5c2,eab346b68385f2b894d7d95be157085f,5,14002,2018-03-19 19:26:38,2018-02-26 20:55:59,2018-04-17,20.0,-29.0,209.98,53.48
10bab0d7e7b5e600f73d8023b8d35f1c,924aa21372f93d04910e55caf9237b00,3,14016,2018-04-13 17:16:46,2018-03-22 20:51:19,2018-04-18,21.0,-5.0,32.9,13.47
b1199ab254fa7847098f8047f324136f,18f39cbc016f34a22c870ef03cba5641,2,14026,2018-01-22 22:57:47,2017-12-31 22:14:53,2018-01-31,22.0,-9.0,219.9,18.79
6457e0996d5426f56296a1ccdec75ff6,658af74ee0876a72f7f31e4ca631b054,5,14031,2017-05-25 12:05:43,2017-05-22 11:17:25,2017-06-09,3.0,-15.0,499.9,14.7
1cb9f4343412b6fa9f2259151ccafbaa,19cfcf45fc399af9d3e9d1d98638997b,4,14042,2017-12-28 20:18:41,2017-12-18 13:51:17,2018-01-16,10.0,-19.0,99.9,21.19
45f1f3fa5b1d58e4a04bf7d46ec91a2e,891aa648b48d27ce10d74e86d312d411,5,14063,2017-04-12 15:58:08,2017-03-30 19:40:29,2017-04-27,12.0,-15.0,90.0,11.24
e4ab8cbc7f21990607bfeb41ccb63d4a,ba3a3c2c3f3e81e02369b68c93922193,5,14065,2018-01-26 18:06:48,2018-01-14 23:29:25,2018-02-06,11.0,-11.0,49.99,14.1
e45eda207ac86dba2ff594674319ca42,4ef814b619124dbb1a4d972c5c8c5446,2,14097,,2017-04-11 15:53:25,2017-05-03,,,99.9,12.09
5a1316c3cabd6dee073891b861107c8f,89b9dca459730f82d38425daf378b9e0,5,14103,2018-02-26 12:56:57,2018-02-16 15:38:29,2018-03-05,9.0,-7.0,11.55,7.78
4b4764ffb42595629edb57a5da9f6d89,4b7472650d90b16f5169d774d1e32292,5,14108,2018-03-05 16:57:09,2018-03-01 17:15:24,2018-03-14,3.0,-9.0,1060.0,19.98
f012347c5c32a2a230ddc473a34cdb28,7d00513b69718715b52d242ae838730e,5,14116,2017-04-20 11:34:45,2017-04-10 19:52:53,2017-05-04,9.0,-14.0,89.9,20.12
b3c3f3ac3d7bb4351b1921b146697efa,0da1e80855b93d954fd8f95c571cb191,1,14154,2018-03-20 18:56:24,2018-02-14 10:14:46,2018-03-12,34.0,8.0,109.99,16.53
1007ea780701fc6617b59d63111f7190,665a5fdd34c24a956e9b6194e822d222,4,14156,2017-11-30 22:27:52,2017-11-21 23:34:05,2017-12-18,8.0,-18.0,35.18,15.1
2dfff6f380b4108cf7cc2947dd905c19,d237eb0a6caf6cc0d9cf5ba7a815c077,5,14160,2018-01-23 22:24:03,2018-01-10 15:54:50,2018-02-09,13.0,-17.0,599.0,55.41
65a14480cf37488dc34603156a116ffc,be2ccfa019a7d426556d4bf4691f7c3a,4,14164,2017-12-28 19:22:02,2017-12-21 23:07:56,2018-01-24,6.0,-27.0,21.9,15.1
b1846fdadd4459366850268e6c965a8b,4b4d5464625e478996dffcd761c4b9a2,5,14194,2018-01-11 19:38:56,2018-01-06 19:32:11,2018-01-31,5.0,-20.0,221.99,13.05
c5fd99fac7f8c5e218d595238487a092,b1b25c32832c6654e6cd3f949355a561,5,14209,2017-03-27 15:53:00,2017-03-20 23:51:25,2017-04-10,6.0,-14.0,79.9,14.73
993f446f66e8bd8bbaf851f771273dcc,1d41ac5f5e6002b984d0c8609f0019e3,3,14262,2018-04-16 19:08:52,2018-04-01 11:08:04,2018-05-02,15.0,-16.0,18.75,19.32
6b4468a14e8e15f8177a714f90fb33fc,d8175252a4e35affdae9e3d36cbe3e83,4,14313,2018-02-10 16:29:05,2018-01-26 11:50:23,2018-02-21,15.0,-11.0,45.0,12.48
200af3f4bb0e4dd761e2c952e3208319,1f9624a22a45c44073523bcf6f1c47a2,1,14330,,2017-07-31 16:05:08,2017-08-18,,,99.9,14.43
e2320e1c018f3bdc7eef6b271db7fa1c,d0368fa99cb0d8c87221ad122cfc24b5,1,14357,2018-01-15 15:39:58,2017-12-08 12:16:34,2018-01-05,38.0,10.0,129.34,21.4
1f8628507a39228a88c47c7223d4b03e,37c784fc18298a8c578de2bf806fdcff,5,14383,2017-11-16 16:03:41,2017-11-07 17:16:07,2017-11-27,8.0,-11.0,55.0,17.1
d4e2090218bfabf5edf10f751728d525,4b46a88e1ef489d0f8a7d454153636c3,5,14386,2017-09-11 20:57:43,2017-09-01 07:59:19,2017-09-25,10.0,-14.0,46.0,16.11
684697287fec3e4dc2e8704348b9a1a8,14056d7cad6fbef25503befcd851fc72,5,14413,2017-05-15 09:00:01,2017-05-06 15:13:22,2017-06-02,8.0,-18.0,89.18,17.87
2e8343b426eebcfad8c51c830986a087,2d03cd6c5d4ef95593a9f4ecff1b48cb,5,14428,2018-03-20 19:18:30,2018-03-14 22:12:44,2018-03-26,5.0,-6.0,34.99,7.39
f587f7010ddab12ae3a57fa9f50cb630,65c5c8d2e87139529c41cf8307ba1f65,5,14441,2017-05-09 19:52:03,2017-04-26 16:23:04,2017-05-15,13.0,-6.0,1740.0,66.68
c91e1c1fbd4358060c60578195d16275,07d3db06b53989748df4ae194f6b0fde,4,14442,2017-06-22 18:29:47,2017-06-17 21:01:39,2017-07-11,4.0,-19.0,379.99,18.42
8b307bfeed682467d828ba8b2dabfa66,8a4d61d2b56495312a357a36c4e67d83,4,14446,2017-12-28 18:19:27,2017-12-19 20:18:06,2018-01-16,8.0,-19.0,119.0,16.46
dfe9b87eb34f2b54b85660e934b902a5,7ebc5c60f532934ce55b3025203ebe5b,2,14457,2017-07-03 14:27:59,2017-06-24 08:59:47,2017-07-17,9.0,-14.0,124.99,23.46
66cc728301f6c4b14f947d8549f3dbdc,ed6878f64d1bb00f07e210dfaaf9e4d3,5,14460,2017-01-31 13:48:00,2017-01-20 13:32:34,2017-03-10,11.0,-38.0,54.9,20.83
224dfa8d1d5af835fab83b23120e0486,aba02e203a50c9dcf7c2b6b210b5f6eb,4,14472,2017-12-01 00:28:05,2017-11-22 14:55:46,2017-12-08,8.0,-7.0,170.0,16.82
c68932e011b32b5576b0422343ae3bda,84e79b84144443a29fcd4da110a8896f,5,14526,2018-01-26 16:29:08,2018-01-17 10:45:34,2018-02-08,9.0,-13.0,599.0,33.6
e578bdb16177a399d432b3373de7c083,8563ba5846a265d99db932d71e8f5b8c,5,14550,2017-12-23 19:15:36,2017-12-05 16:48:43,2018-01-02,18.0,-10.0,169.9,16.95
0bd177e2591b7205d0ee193cd4238af6,a97966f92eb3e752eb75d29b3dadca1d,5,14563,2018-04-14 18:39:30,2018-04-12 11:26:28,2018-05-09,2.0,-25.0,79.99,8.32
9216f81424452eb18e3ad1bb6f4a5028,ec0dc4b572563095782c3e96a9f4d205,5,14590,2017-07-27 17:41:12,2017-07-21 11:05:42,2017-08-16,6.0,-20.0,139.9,20.47
b24d1f51370b04518863e12735a706be,937a3346c9e90b215e5fe19119a0d4d5,5,14612,2017-09-18 22:04:05,2017-09-14 11:19:55,2017-09-26,4.0,-8.0,49.8,8.72
8515aaa5511e7d00b9b1ee9ece3853f1,845af102c87e1c1bbcb900956ca08e90,3,14648,2017-07-26 20:27:27,2017-07-15 14:01:45,2017-08-10,11.0,-15.0,52.9,15.12
e832e5081ba346b67e56565f53bdd3a1,e26e9f6ac81aba6e29fb44def001d695,5,14687,2017-07-04 15:33:27,2017-06-23 04:46:53,2017-07-27,11.0,-23.0,25.99,25.38
db2f90fa2409b367911066e5aa5980b7,5dae8914499e60f98b65ea4094c69880,5,14691,2017-03-20 06:51:41,2017-02-28 17:52:26,2017-03-24,19.0,-4.0,34.9,11.74
5bc8649ac4ba90984d4f2e009d1ce7ea,aefd4f1e5f6dc055f7a57ff5d884071e,3,14729,2017-05-09 15:08:02,2017-04-22 10:28:31,2017-05-17,17.0,-8.0,13.98,15.65
94fec42b53bbad3c3911e76a177f2b13,aadd5a22c7d1dd16b1fe905a302d70e2,5,14737,2017-09-13 18:10:44,2017-08-25 08:58:52,2017-09-27,19.0,-14.0,105.6,13.08
0e6b4f72c7ad6b42ec07a5fff84bd6fd,4b7597bd96f89b605623a55db1471b1d,1,14756,2018-04-20 00:11:54,2018-03-16 16:08:04,2018-04-09,34.0,11.0,149.0,18.92
71d2b2d0686e1c1160e24ba886ed28ec,c304f3e442b44b23d4623712988c3734,4,14772,2017-09-15 14:46:34,2017-09-02 09:31:14,2017-09-26,13.0,-11.0,65.0,16.89
cda8c742cb4f1c78804c1ffa5d8aeb0c,82f4132e89e21a9294ff6bee8e6a9a3a,5,14798,2017-05-07 10:27:33,2017-04-01 11:23:53,2017-05-12,35.0,-5.0,15.0,20.8
eb8496f84e73a93bede57601c4b73e65,c556be66c245e4bfc475064dbe859d61,5,14807,2017-03-30 15:25:48,2017-03-27 14:58:55,2017-04-13,3.0,-14.0,139.0,11.58
76cd7c127d9c8153c6e7957317aef743,3c860daefaca397a28e5f1909a3d6813,5,14824,2017-03-21 14:37:40,2017-03-07 21:54:39,2017-04-10,13.0,-20.0,45.0,25.53
0a9d943bb061d061762891952d53481f,811155730c44e9b55e98d5bfc5e521d7,4,14862,2017-03-08 01:13:54,2017-02-28 13:40:03,2017-03-22,7.0,-14.0,145.0,15.18
6c0d7942894d92a1df692bc8d6e14e5f,82a6ea37c0c3ed2f6fe3a6029adbc589,5,14882,2018-03-29 23:04:30,2018-03-20 11:42:25,2018-04-18,9.0,-20.0,19.9,17.06
409448d47b60fd75fe16bfe0fef1c971,4f20f374acaa47920134df2f634691da,5,14884,2018-01-10 20:24:37,2018-01-08 16:03:45,2018-02-05,2.0,-26.0,97.9,20.0
8c3f812f235e62f72458fe7b7a51bffa,2d3ae8314361346376456addbeb7e5ed,4,14891,2018-02-19 12:09:33,2018-02-12 11:28:47,2018-03-15,7.0,-24.0,92.0,17.0
c47bd04f1c0d957dea39c53bbd334ef7,5c1bb17af6206762f786319af540cd0a,5,14892,2017-04-19 13:53:22,2017-04-10 15:14:47,2017-05-04,8.0,-15.0,299.99,17.31
dd85c266743cebb5a147c38bb1ec5c01,33e0807c2b09499ec0026e216114cefe,5,14908,2017-11-21 22:38:54,2017-11-01 16:00:04,2017-11-24,20.0,-3.0,40.0,15.1
3cff43bb3396809b68ca9f6d8326461d,b8643ed80a2602a3562b8cb0d6f7a3b1,5,14951,2017-07-17 15:51:25,2017-07-07 14:35:52,2017-07-27,10.0,-10.0,14.9,12.48
833f53e02f8ed7ad6b1d3dad87859aa6,c33847415203d145000463a6976952b6,1,14987,2017-09-27 19:28:47,2017-09-14 13:18:21,2017-10-13,13.0,-16.0,399.6,71.8
dcdd21bb1f4973bd7d090716b7f0f451,c1ee8750e81c5ea3177c055eb948a7c3,5,15107,2018-03-22 23:59:27,2018-03-20 15:09:28,2018-04-02,2.0,-11.0,35.0,12.43
98f761b114c7ea7af6c90965cee21f45,0267556bb9e07f6184470cf755f5b5da,5,15122,2017-05-30 12:55:32,2017-05-06 22:56:18,2017-06-02,23.0,-3.0,74.9,16.96
da317947e7c9cbb0d2fed0b7df01518d,d7734a834b8c2b0138d57157af28e7f1,4,15130,2017-06-19 18:47:51,2017-06-04 20:28:39,2017-07-11,14.0,-22.0,22.48,19.59
8acd44bff444f1612d7512300c886d37,1ebebc0614bb48f5dd4d5be590f3b5b5,5,15155,2018-01-05 20:18:27,2017-12-06 20:16:40,2018-01-08,30.0,-3.0,122.0,32.38
8ee2843970663b4f66500700b8c88a0c,d59ff07b4c44d8924d08a48d8eba4c4c,4,15167,2017-12-20 15:42:10,2017-12-09 21:37:24,2018-01-04,10.0,-15.0,59.0,13.43
3310dad274ea8c3e7709004db775e137,bca67f1d036be009d17824489da2f178,5,15201,2017-12-14 02:18:29,2017-12-07 20:14:56,2017-12-26,6.0,-12.0,134.9,10.16
cd1eab92787417aea80938de8098e860,593732bc7133b31a809050a3df77f34c,2,15237,2017-07-28 22:07:42,2017-07-10 18:11:32,2017-08-11,18.0,-14.0,14.9,42.38
cd7de5cd3527127b51a4fed5870c33ef,7ae9706fae7d40d10193ccda71fd0a62,5,15272,2017-07-21 16:02:49,2017-07-15 00:52:01,2017-08-17,6.0,-27.0,19.99,14.1
061dafbd6e48666e0e89701e324a5cf6,2683346722c6565c6c79e08c8264f25f,3,15290,2017-09-19 22:17:46,2017-09-09 11:45:33,2017-09-28,10.0,-9.0,88.9,17.87
829082e05f9fa80c052c8bbd8e68c00f,cb80e3d30577a7af0b3b851f5f4ed92b,5,15303,2017-09-26 16:06:00,2017-09-15 17:28:23,2017-10-10,10.0,-14.0,76.9,16.3
ba87928dd19bb300018ddd0766f8f195,395428aa1754d877ead58b1e47b29a64,5,15319,2017-08-24 17:45:41,2017-08-13 13:03:27,2017-09-06,11.0,-13.0,58.99,16.66
7348be4a645e37993ac77143eaca9344,4c30a2a359ec6761932ab678ab9752b4,4,15324,2017-09-28 11:20:07,2017-09-07 08:08:02,2017-10-11,21.0,-13.0,21.99,34.15
4e84897ed3f5198526b7c5c29bad0ad1,3085f11ff3b5e4498b311733a6cbd9e2,5,15338,2017-09-20 15:43:16,2017-08-30 20:20:12,2017-09-25,20.0,-5.0,45.99,25.38
a019b6846215d5d4d1950a1dc0f11d53,2e798d923f1fa1373bef8fb916af50d2,5,15342,2017-12-29 22:27:06,2017-12-20 11:17:29,2018-01-18,9.0,-20.0,64.02,17.73
18439bd9804a158a16ea479b70e28583,f103be8682f589d58ea25909ad7d74f9,4,15376,2017-05-17 09:32:20,2017-05-15 12:01:45,2017-05-26,1.0,-9.0,49.9,12.48
58caf182b6032a88ef7f797e893bd02b,d9a2b5f65a8710b7b169d27db28c5d26,5,15432,2017-11-14 23:27:16,2017-11-09 19:02:02,2017-11-29,5.0,-15.0,104.9,17.21
e7c3ae1c68f07085b323a6380bfefce4,8826b56d45c25577190e5c91fdca2a61,5,15451,2017-11-08 23:13:58,2017-11-01 22:27:16,2017-11-22,7.0,-14.0,45.9,11.85
c0d21e3d03bde996c45f43d7ac639646,a8c17d4b336d73e8162c709bc88b7c18,5,15467,2017-10-11 19:37:49,2017-09-28 20:51:51,2017-10-27,12.0,-16.0,99.8,35.84
358a138fe77d476827dede802f0c64d5,b3ccff708b4d00e9f5ddbbadfdf427b3,2,15478,2017-07-19 23:17:56,2017-07-05 13:45:16,2017-07-31,14.0,-12.0,31.9,16.79
27589a6ea77199a8caec41dc9c40352b,d53c5f1bf34ccafbdf3606104e7c1c8b,5,15488,2018-01-30 20:15:13,2018-01-21 16:06:23,2018-02-23,9.0,-24.0,249.7,19.03
1c723bb4e24dbff53a5ec04e103ecc3e,e3a456432c2847da83a3cfb4fa72d9db,1,15501,2018-01-05 21:18:48,2017-11-21 21:40:05,2017-12-08,44.0,28.0,24.62,14.1
9bf67440ada899f76db7be511069c8b1,c0fda72234f6725e93abc192eb92c85b,5,15530,2017-04-28 13:45:57,2017-04-06 15:20:14,2017-05-12,21.0,-14.0,27.99,24.35
b7e98d558e30f99253a1dddb9e365d3e,5f580ea84de3f42cce60c69c8db9bdc6,5,15548,2017-12-26 13:07:16,2017-12-12 19:13:05,2018-01-08,13.0,-13.0,15.3,11.85
c032aa699c4db61e343b1790e0ca19f3,e462b9c1dbe3c306a5b7b78d72dd7f79,5,15573,2017-08-17 11:10:06,2017-07-25 00:12:29,2017-08-22,23.0,-5.0,144.99,38.85
6d39277091d024876db1381ec2a32ad1,3d149bdb5aeabeaa605acc0cf58f1157,5,15594,2017-06-07 16:36:36,2017-05-29 17:46:09,2017-06-21,8.0,-14.0,109.99,17.02
a686917778281d110239a9cee94d38bf,5c932e0a181410b67c77daaed30991af,4,15645,2018-03-29 18:12:36,2018-03-05 23:23:04,2018-03-27,23.0,2.0,449.70000000000005,42.51
012033ada3fdaa60b7618f98a695474f,08c839f6091875ffd1a1d876dd48de40,4,15652,2018-02-22 01:29:09,2018-02-16 10:31:45,2018-03-05,5.0,-11.0,59.0,7.78
a9d1aad239341ca58df1617792e78792,1e48885ebbfefb5b48f97437f0104855,5,15672,2017-11-28 15:39:18,2017-11-10 20:37:46,2017-12-05,17.0,-7.0,59.98,30.2
1b10144c58388be5c2c994cfeb151bc5,0de906f0c72deaf1a1d5f7c23ded9f35,4,15727,2018-03-31 14:48:48,2018-03-20 00:57:44,2018-04-06,11.0,-6.0,100.0,13.14
cb30c1d49c50132378faa2a855dbbb6d,4c2bda2a65cf17bca1d9c00daa0f8790,1,15741,2018-05-14 21:39:21,2018-03-29 15:27:11,2018-04-17,46.0,27.0,39.9,12.79
10c98b959b006e272ee7295bc45cb622,505d775eb158590af72d04189474e23c,1,15742,,2017-05-16 20:36:18,2017-06-09,,,64.9,16.21
89537b1a665a2edd275b9400bfca8bb5,a494244817c043c16eb0c72c5d0384ad,5,15744,2017-12-19 22:53:20,2017-11-29 10:40:13,2017-12-28,20.0,-9.0,155.0,17.53
7cf44a60371607692314943a23901f89,6779036ed0ba358b53a569a733f3e408,3,15746,2017-10-09 21:25:28,2017-09-09 17:12:59,2017-10-02,30.0,7.0,299.0,54.45
79ea17bffe36a0c0bf4b41bf4e161e09,65693e3a7937ea70a977e883a08de8b8,5,15757,2018-03-01 02:55:12,2018-02-22 16:51:30,2018-03-09,6.0,-8.0,52.0,8.72
fb6088934a5b27a0ff160843ee3643c9,f3239f4f6c8cdfc9043534b20c0b6179,4,15761,2017-08-21 20:40:01,2017-08-06 19:05:45,2017-08-29,15.0,-8.0,49.9,14.1
be2826c724df6eec3401f974c4d69652,5bab7c4dc62f5bae4f349ceb09639444,1,15781,2018-04-27 18:37:52,2018-03-29 22:59:32,2018-04-19,28.0,8.0,139.99,27.06
82beda97914535eb72705b558338eb22,23259ed6c735fe1c3e748d9400ff4a79,4,15785,2017-12-08 22:10:56,2017-11-24 08:29:46,2017-12-15,14.0,-7.0,60.0,15.17
2340457dc44502e4c2440499cc61fabd,e7cb94c5e7b7ce7ea2e83e7e461662f9,5,15790,2018-04-02 16:56:53,2018-03-27 15:21:33,2018-04-09,6.0,-7.0,119.9,13.74
fd7116bb434226bcffa2c0f0149f7448,3eeb4f7586da186783c7820e81bf90ac,1,15803,2018-02-03 21:04:46,2018-01-12 16:51:23,2018-02-05,22.0,-2.0,93.97,14.41
0474b4e613937127c7ca819432b47816,03611c1be392917d9b0ca62977763baf,4,15814,2018-02-28 18:55:08,2018-02-08 19:42:07,2018-03-14,19.0,-14.0,479.0,18.1
34db76977b45063775c6f4083a92f0fd,b3981f7b203bb77c3d52bc97e46c5b25,5,15833,2017-05-03 12:32:44,2017-04-22 18:49:48,2017-05-18,10.0,-15.0,335.0,41.510000000000005
8d41fc6a4d24e8f95b35c50583c1f313,69f645b07a409fb02369b4f665295d7f,5,15836,2018-04-13 16:44:30,2018-04-11 14:15:32,2018-05-02,2.0,-19.0,109.9,15.62
06e7fb4d839b8c6095726d74e4bed91c,540c5ef7f6c23f2547a73029172643da,2,15861,2018-02-14 17:22:52,2018-01-24 17:31:53,2018-02-26,20.0,-12.0,137.9,20.21
c65e8557883b01398522731ce7ba18fa,14c99dc23c614159bed88378c219456d,5,15884,2017-08-11 18:00:04,2017-08-06 22:22:24,2017-08-18,4.0,-7.0,46.99,13.08
374db6ac3a3be492ff87542db17a678a,1ec53891c581322d7f3a17fb5835b857,4,15922,2017-08-31 21:04:09,2017-08-25 11:59:24,2017-09-08,6.0,-8.0,310.0,17.66
d59d21b0dfe8b6dcccabc165dd60d4a2,5f76e267fa835332eb9d18afad1a1511,5,15931,2017-03-13 08:07:57,2017-02-24 20:40:44,2017-03-24,16.0,-11.0,39.9,14.52
7da5d3ec81a8ad9f151aa031b71ba98a,48065395c10ff14b3c2dc0c3b229fb5b,5,15939,2018-04-09 20:58:28,2018-04-04 10:54:07,2018-04-20,5.0,-11.0,379.9,68.61
1bafb430e498b939f258b9c9dbdff9b1,bfc39df4f36c3693ff3b63fcbea9e90a,3,15952,2017-11-07 18:04:59,2017-10-23 23:26:46,2017-11-13,14.0,-6.0,29.99,14.1
e4bdf935596f4ae96b747fbbe4642b90,821e765f0bcdbdc5e6769985ddc5875b,4,15971,2017-03-17 08:24:56,2017-03-10 11:52:07,2017-03-31,6.0,-14.0,26.9,14.52
e7295d2d69c9dc3537acb63965249cf3,2c16fd106856fc1209898f20b68c943c,5,15981,2018-02-05 21:19:00,2018-01-20 14:41:44,2018-02-19,16.0,-14.0,94.0,25.5
210ac3b0b054f76bd70ac5fff6808694,08c30c203ecbdda69311c1dba85abfa6,1,16000,2018-03-08 22:28:23,2018-02-05 18:54:26,2018-03-05,31.0,3.0,179.7,45.51
eabe238c19547dc5c5f732dc9f6747b9,2011a926846f9fa10088488fca493f95,3,16009,2017-12-05 14:03:45,2017-11-24 13:25:13,2017-12-22,11.0,-17.0,19.9,16.79
3aaaf0343cb5174f16df93c519e9c2b7,538e2ceda8430c002071a7f8f4bdae31,5,16052,2017-12-07 15:48:29,2017-11-24 11:33:08,2017-12-19,13.0,-12.0,250.0,62.49
cd0002e7428cb88d29ece30b24aff09a,f61b61c2cbb4192ccaf9c2c76a4cc971,3,16066,2018-03-09 13:46:21,2018-02-28 21:27:43,2018-03-13,8.0,-4.0,39.99,9.74
c07e9546adfe76e4608abc78895c293d,a48abf79f4b815add190fb96a34c058d,5,16142,2017-02-14 14:12:05,2017-02-06 15:59:04,2017-03-13,7.0,-27.0,109.9,24.97
cdb4ccffb765d48927826b6637430001,50d106ba3cf9cbe0e44dada341e190fc,4,16213,2017-08-25 17:36:52,2017-08-17 17:36:22,2017-09-06,8.0,-12.0,625.99,20.01
b3f67644601acf2e5794ba85993b8dd0,d3f309d85c6d6cbd2a1775f23a5ce401,5,16252,2018-03-14 21:22:39,2018-02-24 08:58:07,2018-03-21,18.0,-7.0,29.9,16.11
28ea677497f600288537e58243389719,d580486f85855dfbfc226d0a87c46957,5,16254,2017-05-09 11:26:45,2017-04-24 00:37:05,2017-05-25,15.0,-16.0,48.0,24.35
9fc4d870ea8ecb9fdee82accf9c15ac7,04398fd8d888a4857774d982da494987,4,16266,2017-05-23 15:28:01,2017-05-15 14:14:21,2017-06-06,8.0,-14.0,39.9,17.6
f507234d20fe280abbd15219d40f25ad,d3e3254f96576169e99f06290b8b9a07,4,16302,2017-04-19 10:46:37,2017-04-12 12:13:43,2017-05-08,6.0,-19.0,18.99,14.52
a2aa06d0c3a67a0304307b6d04d52b82,f77fe87685972d2d1a7ff6600f590d59,5,16333,2017-05-05 13:44:05,2017-03-23 11:59:45,2017-05-11,43.0,-6.0,179.96,61.49
dc73cfa11ed97e1cbf8f4c6d627cd07f,3ba42e1ab3dfab510424d0872616a139,5,16365,2018-01-23 18:59:48,2018-01-05 23:45:23,2018-02-14,17.0,-22.0,99.9,30.2
0b1cde564d3783cd6ab0eb0e1ed34793,95f9129acfa02eeb9182aea571c1854b,5,16391,2017-08-11 20:15:28,2017-07-30 18:55:48,2017-09-01,12.0,-21.0,149.99,18.33
e5ab93f300922c62bf845ce285c6d606,e3f172aaf1f60065be92d36fc71fab65,5,16392,2017-08-09 20:52:49,2017-07-29 15:52:10,2017-08-22,11.0,-13.0,89.9,15.38
2b28254788221c5d51a10f2f302e1159,a2ec8ff90a5ffced9e2d1853bf3cf609,5,16439,2018-01-04 16:24:50,2017-12-10 21:58:51,2018-01-09,24.0,-5.0,109.9,15.52
0e602a3e9402e689a0dc181e3c341de3,672bf50de46d0642f77ef0d01a96bf06,5,16445,2018-01-16 21:29:06,2018-01-04 14:48:20,2018-02-06,12.0,-21.0,56.0,34.19
ff347bbcee689f60977e5935e0ca8bf7,aee4a272cfe5c5e7d83360d9ad2206e7,5,16448,2018-01-19 20:03:21,2018-01-16 12:07:53,2018-02-06,3.0,-18.0,39.0,11.85
6e46a2a8181c5fe9ae54f7686b500bfb,b1498d9178bbadef1684ec3c4413cd31,3,16468,2017-03-07 09:14:12,2017-02-21 16:17:51,2017-05-04,13.0,-58.0,58.5,11.02
a7326b185d9e7fb69c284191c0b6aee4,c867dd64bd728f7a87d1c868c7c2c33f,2,16474,2017-03-06 07:48:00,2017-02-09 20:56:00,2017-03-20,24.0,-14.0,19.99,20.4
5f9c88ae5c7870401a46d9ef661fc642,245b2a09d0f787df368d4a370a63eb58,3,16501,2018-01-10 20:45:23,2017-12-06 19:26:02,2018-01-11,35.0,-1.0,599.0,58.63
36f293d57e410d58088f3dfe38da5ead,f85b00b88275bb213518b0ebacca0544,5,16512,2017-09-29 19:22:44,2017-09-15 11:26:04,2017-10-06,14.0,-7.0,50.0,17.6
75939b1b6714190e72987bd7b94097b4,0220b52f0b019739726d80c64bd4bf08,5,16519,2017-12-28 20:52:40,2017-12-20 08:36:49,2018-01-23,8.0,-26.0,24.99,15.1
c3bb43fcef194cf11fa37aaae37445b9,a6c173f716aac4c915299b74fb4e0b10,5,16567,2017-06-23 12:57:41,2017-06-15 23:59:20,2017-07-12,7.0,-19.0,119.80000000000001,33.71
64969214e91dfa08c3dea3be89807f63,fa292754654f17a208c5436bbfb8e18f,5,16613,2017-11-08 18:56:35,2017-10-29 20:49:54,2017-11-22,9.0,-14.0,65.0,15.2
a6a221aa9f56e8dec39c2d78a397f960,cab86f1b8802835f13e9fee67ae7ee13,5,16618,2018-02-28 19:19:04,2018-02-05 21:19:07,2018-03-06,22.0,-6.0,171.8,34.34
600573d7359328e50ba10a2517064ec4,61169b5b065635c60de8c284ff59474f,5,16634,2018-04-19 19:42:01,2018-04-11 10:48:02,2018-05-09,8.0,-20.0,150.0,34.59
8f937096eb051d41877abe554215ba73,221184b144deebdd34aa73473f31402c,5,16637,2018-04-03 00:54:52,2018-03-21 09:47:33,2018-04-04,12.0,-1.0,105.0,9.27
04cb49fc6ac8098485a39ad1619dc652,7de03e8d15c7de252f740627b5f666a0,5,16665,2017-08-01 17:12:53,2017-07-26 15:19:37,2017-08-15,6.0,-14.0,19.9,11.85
97783cd38f809b8122d581419c1d7072,d15b4a7be0aedb9cd0f4330b1703b7c0,5,16673,2017-09-20 17:22:11,2017-09-07 16:56:45,2017-09-28,13.0,-8.0,7.9,15.79
18fd272eb3b30d832d8f459ca0bfc24b,fff7c4452f050315db1b3f24d9df5fcd,5,16684,2017-06-08 13:04:40,2017-06-01 16:53:03,2017-06-26,6.0,-18.0,736.0,20.91
f6fec4a96093ba4734c285881de0e4ee,a81be81673bee4a384c6b5468a606478,5,16697,2017-11-21 15:55:44,2017-11-07 21:46:04,2017-11-30,13.0,-9.0,689.0,22.07
3ef7c9dee71903b89500296610d5ef1f,61e5353969ba519689f085a0379fccda,5,16701,2018-01-31 20:58:04,2018-01-04 09:07:49,2018-02-08,27.0,-8.0,69.9,20.98
bd5db39f8c74d5d01fe36048af498ed2,67adba02e0955286954975ea56f9d17f,4,16709,2016-10-27 17:32:07,2016-10-09 22:38:35,2016-12-02,17.0,-36.0,79.99,18.84
092f3d4531ae22f25f6b37e07dc0265c,c1efdd2d9175b13e263d77e6ff0803ff,5,16724,2017-10-19 22:17:45,2017-10-16 19:57:19,2017-10-26,3.0,-7.0,25.99,7.78
f1a67b3b0dade5529b11cd6ee482aae9,387b686e67af0056a9b8784b8097808b,4,16732,2018-02-24 11:04:32,2018-02-22 16:33:54,2018-03-08,1.0,-12.0,119.9,8.09
e1ebae843377ca6cbc0fea7a2396ac5e,3b681dd1f8baba1507d1f484f7f289c2,5,16741,2017-07-12 14:07:31,2017-07-08 12:26:08,2017-07-21,4.0,-9.0,196.0,36.77
784a032386ff010849afeb05a5b70d87,e8af48c1f147fd9b865c90156fc39c8b,3,16761,2017-02-22 06:47:41,2017-02-15 09:14:49,2017-03-17,6.0,-23.0,45.0,15.21
4944298a61e1ca7181137568ec543603,71d85c2db870a3606e1ef292aec2d5b0,5,16780,2017-02-21 11:26:10,2017-02-07 17:24:22,2017-03-30,13.0,-37.0,49.9,24.84
de1abb1ab79db1d78fc0b007ca1a1f6e,11ff2af78a9ec50c26f9cbbc62a10d38,2,16800,2018-02-16 15:35:44,2018-02-01 08:52:15,2018-02-23,15.0,-7.0,216.0,31.04
b46ef951ae553eb20f5f04c917ed3297,65afe7bafea88efc7a99cd3cf3838bed,5,16813,2017-12-14 21:35:12,2017-12-06 09:41:25,2018-01-11,8.0,-28.0,61.9,15.18
beca43af2351f68ef6067d91a950b9d2,741fd1b80f015f170a7f458cf86769b8,1,16830,2017-12-11 16:17:04,2017-12-02 14:28:03,2018-01-04,9.0,-24.0,89.99,16.39
e7d109f631c68ff0e7e3bdf61a43d4b9,42fbec9b92de96f320334c91f47e8b6a,4,16835,2018-01-22 18:39:49,2018-01-14 08:09:08,2018-02-06,8.0,-15.0,9.9,11.85
0d8e76313d7990c8232600246077cbcb,d295fdedde1742dab056f335be894679,3,16871,2017-05-04 13:52:03,2017-04-26 15:31:06,2017-05-25,7.0,-21.0,45.0,22.28
d8cca81fec80f9207088aa934bfa3283,8ecd4e086e06a6e3b98920c11b565fc8,4,16903,2017-12-26 20:10:19,2017-12-14 01:05:06,2018-01-17,12.0,-22.0,29.9,15.1
95936191b01abcbb46e9bbbd9e395edf,e88333581538e25e87d48b2dbc1782b8,1,16937,2018-04-06 21:29:03,2018-03-13 13:23:37,2018-03-29,24.0,8.0,120.0,17.75
dc3aaad68b58bce0ed4313eecb917694,e32090de3a5936c84fa211a2b22342ad,3,16980,2017-09-17 16:06:22,2017-09-03 22:31:16,2017-09-28,13.0,-11.0,104.9,18.01
0fb2b84b03dc89c7482620a74377e4d8,e939c92235a2317f8222c7e4585a6255,5,16991,2017-06-19 21:37:53,2017-05-27 22:10:24,2017-06-28,22.0,-9.0,37.0,14.1
d871270ba8170a68aefc2da2cdfc0a37,3f9b6f8b34537b09fecc693148454b85,5,16999,2018-02-23 13:28:58,2018-02-21 20:02:16,2018-03-07,1.0,-12.0,29.9,8.72
3aa98aa543769d0b02a0d56ac09ec7a4,5d86dc1cd453634d7deca975d23fe39b,3,17021,2018-02-26 21:58:58,2018-02-18 21:44:22,2018-03-09,8.0,-11.0,36.9,11.85
1501a5e029820e6769b92f01d2700dde,a1ac1b3f6c83ff04fe882ec7f8bf8a1f,5,17035,2017-04-10 13:40:00,2017-03-31 13:32:04,2017-04-20,10.0,-10.0,143.8,18.3
915b0b18dfd4dc2b2e7b6265cff00a59,43f1558f9eec3596990432207c65c146,4,17095,2017-09-08 16:25:57,2017-08-28 20:03:11,2017-09-08,10.0,0.0,79.9,11.76
b65c34813218d0089e98b8de0a50b598,031494323fa558eee8dd1bd06fc34713,3,17124,2017-12-22 20:49:04,2017-11-26 15:44:00,2017-12-21,26.0,1.0,13.65,15.1
fc99f9b6c3693f9326603f9449ab9ee3,0055b77cca3186676c147f532dd2547b,5,17130,2018-03-07 19:38:34,2018-02-19 21:47:44,2018-03-14,15.0,-7.0,149.0,40.37
a922813db65e9d705a9223a00ce08d08,eb3c2af8fb549b98c453e7bfb641da91,1,17133,,2017-05-09 09:37:25,2017-06-05,,,,
69e2e475cc2cdf01efe383fb418a92f7,6a38a689d8240ba6b2e79f89a9ecf5c2,5,17136,2017-02-23 13:05:03,2017-02-17 07:39:19,2017-03-24,6.0,-29.0,199.0,16.69
9c8942ba2f866657b4d03106bb3153a7,7354aed5e2d142803a8121059f1e9324,5,17138,2017-09-02 16:12:44,2017-08-28 00:17:53,2017-09-15,5.0,-13.0,32.96,35.2
d46ab270095d1f168e7e3eaf637326fd,90a9fea4de623b810e0b0c5226e21884,5,17140,2018-03-28 16:41:50,2018-03-22 16:08:37,2018-04-18,6.0,-21.0,940.5,21.46
e2982fd594588d358cb35ac68959efa5,7ac91e0f915f57f3e9e3986b7c448289,4,17164,2017-11-29 19:11:53,2017-11-19 13:23:00,2017-12-13,10.0,-14.0,429.9,18.77
ef3905df6593f5fa7faebc82fb85e2e6,dd45d98300be58b78e0294efbe19d1d0,1,17183,2018-02-02 15:47:45,2018-01-17 07:52:32,2018-02-20,16.0,-18.0,75.5,16.78
43334848a48a7abf6faa2f8aba675b8a,019aaee09698daf81dcffe9d94a18b5c,2,17224,2017-08-12 11:56:49,2017-08-10 14:04:58,2017-08-23,1.0,-11.0,75.9,7.79
d7ac14a53f00a92894c81a8ce1ad445b,860a85f2302ba666cd8d6a696430c97a,4,17255,2018-02-01 18:32:09,2018-01-10 13:33:47,2018-02-14,22.0,-13.0,159.99,53.48
0fc0e4f42883813e3d65ff0661d999ff,a84f2bf7fd1e2c2f29199f76c46d5238,4,17268,2017-12-22 19:38:50,2017-11-24 21:03:58,2017-12-21,27.0,1.0,79.0,16.31
a26c736dd1f0776fbcbb616f8b637ff5,68650dcbe7ea36df21a504e095d3d063,4,17313,2018-01-29 16:06:07,2018-01-15 13:03:26,2018-01-30,14.0,-1.0,79.9,9.37
9e636089b74b242df57e2fa3df510aa5,de70c6f08877949ed4973bb0e4aaaa77,4,17355,2017-07-26 10:46:31,2017-07-19 01:26:50,2017-08-11,7.0,-16.0,150.0,15.81
3660aa21e05278ba51b046f20548fb96,84c6aab1664b33eb5607e118dc4bced8,5,17386,2018-04-25 18:46:56,2018-04-02 14:54:34,2018-04-23,23.0,2.0,39.99,18.23
20c1184b8c15801ff977ae3e0336e8b3,fb362fb533a2d245c5822558de85ce16,5,17387,2017-11-13 17:38:25,2017-11-06 09:25:35,2017-12-01,7.0,-18.0,124.99,14.62
f5309b8caf18db86520fedb539f2199c,d9dd31d18506394e89644f5e0b9664e3,5,17420,2017-10-17 18:30:07,2017-10-11 12:32:56,2017-10-30,6.0,-13.0,131.59,12.42
a939030398ae038ac82d43991b8b3986,49afe75c3c09b9e94e1456ffa5e67ff4,5,17440,2018-01-18 21:50:00,2018-01-13 11:42:12,2018-01-30,5.0,-12.0,21.1,9.34
5bb79a2154c73aeee788c8444314efea,cac660e19ce4e574bc9b640b681eb881,5,17441,2018-04-16 20:27:46,2018-04-11 14:35:13,2018-05-04,5.0,-18.0,74.99,13.59
131493fb92bfd1626372d0f9ff3b8cd9,e936ad2dc09aa59fa1d6647ee72f1ead,5,17447,2017-11-17 18:29:34,2017-11-09 10:22:36,2017-11-23,8.0,-6.0,299.9,42.05
9d0796cafe08bb0cb55874a82204d4c5,cf26282d538d870cf5e212b2f6c572b5,2,17473,2017-11-22 18:03:49,2017-11-17 01:04:44,2017-12-05,5.0,-13.0,23.99,7.78
dab1ab678c9be70ef0ff69f3f3446115,c01a11381559251411c136d6a8b1ee48,5,17496,2017-05-22 09:17:34,2017-05-08 17:24:01,2017-06-07,13.0,-16.0,89.9,15.38
c3db33f9fbba7d039ea00db2f56680d8,050c064324e4ea0fd891e928b776a24a,1,17499,2018-02-09 17:29:45,2018-01-09 16:43:47,2018-02-15,31.0,-6.0,69.2,23.35
3e1bd00d8daadeac0628248caa9bef70,e0409d7f1bbf560cbc2472a046339c3c,4,17505,2017-09-20 19:38:53,2017-09-04 22:43:35,2017-09-28,15.0,-8.0,119.9,18.09
560b9622e0666d1e4cf683443a69000e,acc49e9dd2387ecf0a331d12c5774d52,5,17518,2018-01-04 21:18:07,2017-12-21 15:48:11,2018-01-17,14.0,-13.0,299.0,14.22
856f24532c6ad7686d9c804dc109c0c5,c815d1d87223385853b773269bf3410e,1,17519,2018-04-10 21:19:20,2018-03-24 22:24:35,2018-04-23,16.0,-13.0,98.9,52.82
367e99d8822c0870f9cc06141fc5d8f8,06a7cc29c9ea73fb0e7d4dc3d9284a76,1,17538,2017-12-02 19:17:30,2017-11-24 22:46:29,2017-12-18,7.0,-16.0,39.9,13.37
78f48600d0d2c2e4c796ff731bbfbd29,5ad7d897998f9bab0176a1c82b7437ea,5,17553,2017-09-14 22:22:31,2017-08-28 20:17:51,2017-09-18,17.0,-4.0,76.99,14.29
fa50b4909d1b1bbfddf08abb7c5317c1,4cb3d457db54c2facba2120257f1dc8d,3,17578,2018-04-03 23:07:47,2018-03-17 09:38:13,2018-04-10,17.0,-7.0,180.0,12.74
80c9404ffc1349b2ec7047522f9ca2de,de6ea8b619d37e5f86f1566fb3136a15,5,17585,2017-11-09 19:26:47,2017-10-30 10:40:22,2017-11-24,10.0,-15.0,123.43,15.61
f8c23f00d0e08e517af7012633797622,c826a07d5cb930694861c4478383e5da,4,17624,2018-04-05 01:59:37,2018-03-28 16:20:37,2018-04-20,7.0,-15.0,45.6,15.2
999ac72613aa133cadd596a8a0eaf29c,30633a14243612a15ee813ff2d6814d2,4,17630,2017-11-07 22:09:29,2017-11-03 15:10:40,2017-11-16,4.0,-9.0,89.9,11.83
fe602d210d1b409c4baee15c5a82f5d0,5c79b8c0c788c246d099ed0ac689359e,4,17659,2017-08-04 20:09:17,2017-07-17 22:09:26,2017-08-16,17.0,-12.0,113.49,36.11
deecd3451c9ba4f58864e30088699937,60903313e31779a246b126e7e895694c,4,17731,,2017-11-28 18:55:12,2018-01-09,,,79.0,18.12
24b9bb6f889cf1ec8d52f52e6091faed,48bc7c3a0885049a0bf2d42d42421de2,2,17742,2018-01-09 21:46:33,2017-11-25 09:41:04,2017-12-21,45.0,19.0,32.99,16.92
e92da858412a9583df3dfbfa513f961d,017cf0b342401318dcaeb25478e13a6f,5,17779,2018-01-13 17:04:53,2017-12-30 02:09:39,2018-02-01,14.0,-19.0,49.9,17.6
6ac21af8cfe1d008e7e68427579862a6,390e5f12e01c2af04027580e4cdde515,5,17807,2018-04-23 13:50:58,2018-04-01 10:03:01,2018-04-24,22.0,-1.0,189.0,20.01
bcbe4c8668b31e73d46d670b17d9626f,e1aa2b3ed8e11ded2633b9a5b34321b9,3,17810,2017-05-09 08:57:49,2017-04-24 18:48:00,2017-05-15,14.0,-6.0,89.0,14.79
bd22432c19b1dfbd248d112194d179b0,856a7ab58f3a7cc4560202758d971b38,5,17814,2017-10-04 19:32:50,2017-09-25 01:11:48,2017-10-18,9.0,-14.0,149.9,15.81
e1e8a59588536862ad8ea15e389ef22c,7c6b6a9c3d77dcb56f9d216b3edbb1a9,4,17911,2017-02-24 10:28:59,2017-02-15 09:34:07,2017-03-16,9.0,-20.0,89.99,17.37
4b71d0a5726f242d983caba3ca13df89,d0c74e12dbbf527b5557190c591ac98c,5,17939,2017-07-17 19:23:45,2017-07-11 09:31:56,2017-07-26,6.0,-9.0,52.9,9.27
4a9331cb4a88ac647de22fbc722f4cae,0a2fff457eab3cadff378f87851dac15,3,17942,2017-03-03 12:22:15,2017-02-10 19:44:25,2017-03-20,20.0,-17.0,89.99,14.8
b7de82d082ffc1f779e03c980390cef7,684efbf26d410566cf8506a4ab01bdab,5,17960,2017-10-06 15:12:41,2017-09-26 19:30:58,2017-10-20,9.0,-14.0,56.99,14.15
b641738a835f5a52fdab51a733d58011,6f23c3c5a508f83e3068eb9f6d16d4b1,5,17989,2018-03-27 21:12:07,2018-03-17 15:41:13,2018-04-11,10.0,-15.0,199.9,34.94
01378b916b8ae8212d0a76dfd98a7043,75ceee59b8189aba5543675b806600ae,5,18069,2017-07-05 14:03:22,2017-07-02 19:49:55,2017-07-14,2.0,-9.0,49.9,7.78
a56debba3e1fb6e63ac2ba408aac54e9,6a840170ff9f5c99f069b8526d8c21a9,5,18089,2018-03-15 21:42:46,2018-03-14 09:52:07,2018-03-27,1.0,-12.0,64.99,7.39
cf3a15eb7455620e6e107bbcc0a53225,7dccc310577a4bbf99e57f1ae7ac587b,4,18135,2017-08-15 19:46:30,2017-08-05 20:56:20,2017-08-30,9.0,-15.0,139.99,21.47
fd257e8276b55000b134ed4f0152f3f4,393c4be3908441526fd75379ec8a6fdf,5,18137,2017-06-12 13:17:43,2017-06-05 17:05:52,2017-06-27,6.0,-15.0,89.9,12.13
0da9527ded54cfe124289bb9d5cd1cf0,88898c8b7a5b7d3e2291e990f93d274a,2,18182,2018-03-15 20:12:00,2018-03-04 18:43:35,2018-04-02,11.0,-18.0,192.99,35.52
7433f58b9a195ac20e00e108ac6e4de5,626364b566711c4fb17291425360b470,1,18183,2017-08-04 16:56:50,2017-08-02 20:49:12,2017-08-17,1.0,-13.0,112.49,11.99
9309eda5074f503438075d83df44ffde,d8b1b374baabf8ba477823087ddfb1a2,5,18196,2017-10-27 00:07:55,2017-10-15 17:10:15,2017-11-07,11.0,-11.0,269.99,26.34
16cc14d8797a234ba3cde100aaf72301,0d404657f01231a876c9a25b6c91e329,5,18207,2017-10-10 18:15:41,2017-10-01 22:49:41,2017-11-03,8.0,-24.0,54.0,25.22
c8336a793da824b37c4f6ea13c24be04,be5d9df3cb44dbb469a80581ede808a2,1,18231,2017-09-19 16:20:13,2017-09-08 11:27:46,2017-10-03,11.0,-14.0,59.0,17.98
50f2a3bf15878aff86b335d0c58863d5,c186ae09d4d6b5291940be29b05cc169,5,18260,2017-09-27 21:42:48,2017-09-20 15:29:33,2017-10-05,7.0,-8.0,75.5,13.55
7ec79f986a2de7898accd2d980674baf,d219d37e7efeb5f720d562521eef772b,3,18263,2017-08-12 17:09:52,2017-07-21 10:25:35,2017-08-22,22.0,-10.0,64.9,19.69
e2fbeb0c615bca354e140466725282e2,6c9fa8bfb266b4c7de3e162fb28f46d8,5,18270,2017-10-31 18:57:30,2017-10-18 12:34:11,2017-11-07,13.0,-7.0,199.99,35.56
ddb287dee520143e6a29f0cea1174ee3,673b85fc62a811fd9de6f499d5a4c9c4,3,18275,2018-02-27 18:52:56,2018-02-17 21:41:21,2018-03-21,9.0,-22.0,169.9,46.78
7bd66b79455066932a1acf262c664189,d1846813d43b3ddbf1b6394b223a4d6c,4,18298,2017-08-10 18:22:35,2017-07-28 09:32:41,2017-08-21,13.0,-11.0,85.9,15.36
db2ad68a772d476d92bae6d8c9a8eb18,67b1dc65d26c33458a65a0dc85c2d682,2,18358,2017-05-18 11:00:11,2017-05-02 01:58:38,2017-05-23,16.0,-5.0,620.1,16.92
8f3e7bc414b4b12b784746537eb42f34,4f1330720e5aa2d61a474c63620fc42b,1,18370,2018-03-02 18:51:31,2018-01-12 04:13:58,2018-02-15,49.0,15.0,88.0,16.87
662d6263d29b3e7f13088f80e4aaad0e,6794ab5374144f767116f479c562f7b4,3,18388,2017-03-22 06:54:59,2017-03-19 16:18:45,2017-04-06,2.0,-15.0,32.9,10.96
304ac742868d90ac4b659eade3a9853d,bf9a3a8d9db6be5e4dfcfe2f071ef405,5,18427,2018-01-15 20:42:42,2017-12-02 08:50:34,2018-01-02,44.0,13.0,55.0,15.83
48c5560f39b5f82e3ed2f060fa480131,7b7fe8c6f46917f4ade39f8aaa0d02ef,4,18463,2018-03-29 01:02:16,2018-03-19 11:31:57,2018-03-29,9.0,0.0,100.99,9.62
ca2b7ba89108360bd91dd65cae4c6cf5,1a96285240504cd5e3470a6dfed32e4d,4,18470,2017-09-18 16:33:35,2017-08-31 20:11:17,2017-09-19,17.0,-1.0,98.0,13.71
7b760f62a37998b2055ebb80bfae2290,253c8653b64a17c18b729399e14c42cb,4,18472,2017-08-10 20:57:50,2017-06-29 11:51:38,2017-08-03,42.0,7.0,569.0,26.3
094a8e1c23ffd254f913f33f01ce2285,9050348d03b76a6157c65693742a2073,4,18480,2018-04-04 00:48:33,2018-03-21 15:56:34,2018-04-19,13.0,-15.0,250.0,32.4
80f25f32c00540d49d57796fb6658535,ff850ba359507b996e8b2fbb26df8d03,5,18521,2017-08-21 22:15:41,2017-08-06 19:38:00,2017-08-31,15.0,-10.0,16.9,16.11
01a5c4a6377d16a137975a484f588d3d,0f42926c2892dcd8785fd0c27c5876aa,1,18537,,2018-02-24 17:22:11,2018-03-16,,,53.33,16.13
90580070f02117b8c9176f3982a98c9b,3a119f52de09d1b2700815732def8b47,1,18554,2017-12-16 18:46:40,2017-11-24 19:39:43,2017-12-08,21.0,8.0,19.99,7.78
d0608d125f4c9c5f6cb1f72c51103eae,89e954a7919e964597b60e9f016df7fd,5,18555,2017-05-25 12:39:52,2017-05-15 23:34:21,2017-06-08,9.0,-14.0,32.64,15.1
ce17efa0207c3a499035758220b2f514,fb19ce6d26a3e32f5effb9e33c18ebd8,4,18572,2018-02-16 18:06:43,2018-02-06 14:21:01,2018-03-12,10.0,-24.0,257.42,18.24
532bf4ee6c724f36e8869b7bfa39d4dc,9abf2c67162c8756e2733a5f36e0ed12,5,18589,2017-02-21 14:18:52,2017-02-10 20:48:26,2017-03-09,10.0,-16.0,69.69999999999999,32.88
b711d5faadbfd45642148c497a2a9fd2,b79fa3320d9e28aa6994cd6864da40ba,5,18639,2018-01-11 19:26:05,2018-01-07 13:50:40,2018-01-24,4.0,-13.0,99.9,11.9
90941fd7e74286214273c8f0ddd17731,cbbadd3919b803b6cdeaa2e7811bc47b,5,18670,2018-03-20 09:54:44,2018-03-05 12:51:15,2018-03-28,14.0,-8.0,199.9,48.32
8094797e1394b6ddeedfd8bb0c6cadfe,0236711b7bfcba7479639be980c21128,4,18703,2017-07-05 13:12:40,2017-06-14 16:19:07,2017-07-17,20.0,-12.0,259.99,66.63
75af4b2b8f010f53b557fad82ad85e8a,78b0551ae57e69c46a4e611580a87758,5,18747,2018-03-15 16:37:23,2018-03-06 14:57:33,2018-03-27,9.0,-12.0,45.0,12.79
80228925eba1dbfd678b690f64749d40,5f4f0369b32151df633e5054d6f4a3fd,4,18755,2018-02-07 01:12:01,2018-01-24 11:31:35,2018-02-16,13.0,-9.0,213.9,13.0
ad7def2415f73baf56617d6974321206,6be9be082a8d228c8d43056cfce0c147,3,18779,2017-08-17 17:52:03,2017-08-14 12:32:24,2017-08-25,3.0,-8.0,99.99,11.9
83b8661c6dac4158392fa58b713158bd,41ba50bed1e26c9e103322822236a3f2,5,18794,2017-06-05 08:32:39,2017-05-28 18:10:16,2017-06-23,7.0,-18.0,129.9,18.16
28b0e3c20cdb22cd099d71a5e4c9e7c1,8dd9758206f8d9c23baf77b965e1c6dc,5,18836,2017-12-19 01:06:41,2017-11-28 14:20:53,2017-12-20,20.0,-1.0,84.99,15.35
fe9dc2213b775f6c76f34a2a549ccd64,a56f9a0588c3c7aaaa93f193bd7c7cd3,2,18875,2018-03-26 15:04:21,2018-03-15 12:40:16,2018-04-04,11.0,-9.0,105.0,48.96
3743726a1a88b4a7c54994e31f72d290,a8b9282d0c831ea24e2884c9620c38c9,5,18891,2017-11-11 18:02:56,2017-11-08 20:58:57,2017-11-30,2.0,-19.0,59.9,13.44
e8cc22f8d3d31041fd5a827956b01f51,6342949969bcfd05fe93e0de9f27494a,5,18906,2017-05-20 19:54:36,2017-05-05 18:23:07,2017-05-30,15.0,-10.0,15.9,14.52
b3d97beeca7406c5e67fd7e871fec6aa,4a8dd75d2cdd9cb708636e1aa5a1bb29,5,18941,2018-03-15 16:41:14,2018-02-24 20:54:13,2018-03-21,18.0,-6.0,179.9,21.75
2b8eb06e7c3e56597214041633e33901,bc0e68520e8fee16c105116281ea8eb7,5,18960,2018-02-26 19:46:44,2018-02-09 10:06:27,2018-03-13,17.0,-15.0,168.0,25.44
12ed1509c294cf3a8d6cba8a524dd167,32e761ce606f7a8625682e65990b94ed,5,18967,2018-03-27 23:58:36,2018-03-26 07:29:31,2018-04-06,1.0,-10.0,98.94,47.22
e8ea3d83611914b5a445adbdd5c37072,53e134c152888a0bc7fe1da0dd4cee0f,5,19020,2018-02-27 17:39:11,2018-02-14 11:43:40,2018-03-19,13.0,-20.0,182.0,52.44
7dd894ff9083d89c4be71013efe104a6,02875e2e1d01d7a1533215fb97510b06,5,19026,2017-08-30 14:04:26,2017-08-25 11:16:05,2017-09-08,5.0,-9.0,199.0,8.65
13322e47ca4e1189b0f8eb8d8ab941f5,65a97703da34703e54cac329ad6a41b0,5,19030,2017-04-03 17:58:31,2017-03-28 21:56:39,2017-04-17,5.0,-14.0,129.9,11.52
6e40a0d8017b0433871e53dc4bd68978,9c907683320520537fb677e28c4b5629,5,19088,2018-01-23 20:35:29,2018-01-16 17:18:59,2018-01-31,7.0,-8.0,32.5,9.94
27f57a7deae837478647867410bd41fb,27932651c2f4be4f8c84d53c8f27ee8c,4,19089,2017-06-14 12:16:41,2017-06-05 10:05:05,2017-07-06,9.0,-22.0,112.0,21.58
6d093d3640f45f9bdfc897f8e913ed9d,1c8320ef825c18190be58cff7d6afb97,5,19121,2017-05-15 15:53:51,2017-05-07 11:40:48,2017-05-29,8.0,-14.0,29.99,11.85
9c172509aac6860c326793e2ab634751,fa350da9efbba83c2957b629bf6c2c7c,5,19123,2017-05-09 07:22:54,2017-04-22 11:35:34,2017-05-26,16.0,-17.0,19.99,20.8
37a41b043c9baee5c3198eac9b4487a3,1443dcd001241a655df59fc728c2c9ce,2,19126,2017-08-31 14:57:57,2017-08-17 11:42:36,2017-09-11,14.0,-11.0,109.9,14.5
e6514bfb990b35522784418f8e227ae8,00bcee890eba57a9767c7b5ca12d3a1b,3,19167,2017-07-27 18:34:12,2017-07-22 20:51:26,2017-08-21,4.0,-25.0,672.41,100.09
18228e0d4de807554d85999fa25f0ea3,bb94354031a1df0364e66b09e197bb78,5,19182,2018-04-16 18:33:44,2018-04-08 13:04:47,2018-05-02,8.0,-16.0,279.9,18.87
e587cf1954fc358343a8c510c8694269,5d36e8ca3ccd1262b7641467fdba0b8e,5,19191,2017-02-08 18:42:20,2017-01-27 12:10:46,2017-03-20,12.0,-40.0,79.9,23.0
fc9edb8211440761d330425ddb83c3da,addef08806ad9aecf14f8577435cc798,4,19234,2017-07-27 18:57:39,2017-07-19 12:10:26,2017-08-10,8.0,-14.0,105.9,13.76
4348fc01054e6971c8fbf92105927fbd,cd3bbc3e4e64dc523b4c21512736e22c,1,19259,2017-05-15 08:12:33,2017-05-01 17:42:25,2017-05-29,13.0,-14.0,204.8,32.83
547ab0d2fd43f5933238d8a7c9eb807e,83a022cc4e851507e14012a90fedcd0e,1,19295,2017-12-23 14:51:31,2017-12-04 17:06:08,2018-01-04,18.0,-12.0,1299.9,25.54
b784425fc1c4152a982a5d2e3accf2db,84f61de0b1993beb8c361f2b2d84c16f,4,19336,2018-01-04 18:14:50,2017-12-12 15:27:21,2018-01-18,23.0,-14.0,269.99,53.08
cd8848adbec5cf1b07a63c1d461ee8a3,fe4d047054ccd209fd41ae16f2f8313b,1,19341,2018-04-16 21:37:53,2018-03-16 13:19:41,2018-04-10,31.0,6.0,99.0,27.42
aad3a444dca565a26899a57ee3dc9765,55e144afb3e4115f6c520fb6242cd1bf,1,19345,2017-06-15 08:35:47,2017-06-09 16:43:29,2017-06-23,5.0,-8.0,49.59,11.73
68258bc1eee30830001550b109104165,a6017d04cfa5f1b3bda082a341338f98,1,19425,2017-12-21 21:41:29,2017-11-13 14:40:45,2017-12-08,38.0,13.0,196.99,59.93
616e124ee42a0c49fc4bad878feb3669,97d0a7726f58ed266c7501929e1ea81d,5,19441,2018-01-11 19:19:34,2018-01-03 22:28:58,2018-01-26,7.0,-15.0,69.77,11.99
adedb5bcb459664a4ff94fc044824710,abefedeaf61ad043302fe9d2837a9772,2,19444,2017-09-22 15:20:32,2017-09-13 00:57:15,2017-10-10,9.0,-18.0,109.98,35.9
31a6c50e4f65e71ffb6c99f31bdaca26,5ad82a9fb12ff34f8883ccfaddf3da4f,1,19446,2017-10-31 19:04:41,2017-10-26 06:12:37,2017-11-08,5.0,-8.0,110.0,15.56
b190f17d5b331ec4eb680c7edfefcf91,f64a76cad36b9c69a34699f1858db432,5,19458,2018-01-31 16:22:56,2018-01-28 10:08:21,2018-02-14,3.0,-14.0,99.9,11.9
8ed7d7f54affd28604e20ea19d3318f8,bb102364b6a29f9f8683f21e5825595a,5,19465,2018-01-23 15:07:12,2018-01-18 10:20:43,2018-02-02,5.0,-10.0,12.3,7.78
6185e98ca7821d66322ec35ab32f58a6,175455df986fe6b05091b1c9506897dd,4,19468,2018-02-16 11:27:07,2018-02-03 13:49:19,2018-03-08,12.0,-20.0,22.0,15.11
2f047ccefdd2977fd7d8db8c9f8758b8,bb95bf1d97c8c2a8e327a7e4b0add9df,1,19471,,2018-01-23 22:24:55,2018-02-16,,,74.89,12.02
046602d1df702fb864b3401676106c2e,528b401a2474f3a33a3373be7a77a0cb,5,19486,2018-04-21 17:46:27,2018-04-04 14:22:03,2018-04-27,17.0,-6.0,78.9,26.63
82ff9eb68e584d36cf59b5519c090723,b6f445cf5a3df2567435ce41a1ad3708,4,19523,2017-08-09 17:41:41,2017-07-24 13:40:42,2017-08-25,16.0,-16.0,64.9,38.0
fb576c3799b8877480415f9b72d9c2ca,dc8a41c3b06bd915d57fcd0e89973744,4,19526,2017-10-10 19:43:55,2017-10-04 11:26:24,2017-10-30,6.0,-20.0,116.0,15.56
181e8cd0fb88fdf37460730b78bc1319,51ffb9765ad7cfe091821ebd4751dc05,5,19549,2017-10-04 20:32:42,2017-09-17 20:40:42,2017-10-06,16.0,-2.0,149.0,15.79
06b74104d71160c7bdaba8b89e2ca3a7,5ec91483e95a827de47b9b592f44d893,5,19554,2018-04-12 16:13:12,2018-03-29 15:57:41,2018-04-20,14.0,-8.0,85.0,18.47
2f5444f55fa27906d1af09d6c8871dce,1f6cad97a0aa4e6f24ed24bcbf098a98,5,19557,2018-03-27 21:17:26,2018-03-18 18:33:13,2018-04-09,9.0,-13.0,106.0,38.68
84f574543532edb894e7048d99a91e69,084ba8afde2ae7dcc7610239f97b7d43,5,19566,2018-03-19 13:58:49,2018-03-12 14:56:44,2018-04-05,6.0,-17.0,435.19,20.93
075010dfd0052001a0b53fb91ca04c81,98e84c5fef5422dde7fa1927c43adab0,1,19596,2018-01-20 15:43:39,2017-12-07 10:46:21,2018-01-05,44.0,15.0,141.94,35.5
b60959477386e967e6a1eec4dfa40171,56f324c9f0ec2e68082d34b849622244,4,19606,2018-04-04 21:48:22,2018-03-22 10:01:52,2018-04-10,13.0,-6.0,57.0,15.28
50b09c811df96a297bf8824830d01bc6,01ae5e4c5d2549f7c05000a2f5856c28,5,19619,2017-11-16 15:28:42,2017-11-05 15:01:09,2017-11-24,11.0,-8.0,39.0,16.6
0fea448b8b293c0becc37b67d2ab4f81,9839df28efff4e28f25b2cebdda3aaa6,4,19620,2017-05-24 19:03:59,2017-05-22 19:11:49,2017-06-02,1.0,-9.0,260.0,10.02
526f2b7fefb4a455ad7347a37131037a,9a153d3651e569cbab9fa589c6554972,4,19629,2017-04-08 23:53:14,2017-04-01 10:43:50,2017-05-03,7.0,-25.0,34.99,16.05
1ce83c0dfc9ed6d08f515273528e7351,9102c4cce353ccf061738fc045c2e27d,5,19646,2017-08-23 23:08:47,2017-08-14 10:12:24,2017-09-05,9.0,-13.0,299.99,18.35
7f6a6ca8caf674518a73764be99d987e,39af2b85fcc6f1bd12289081f36b4a03,4,19671,2018-04-04 20:19:11,2018-03-26 14:32:23,2018-04-24,9.0,-20.0,70.9,13.62
3d7b2ad648d151535be1921548c59c54,a713bcbeca6421f5c01ea32964ac2b94,5,19681,2017-10-05 18:07:49,2017-09-30 15:56:36,2017-10-25,5.0,-20.0,53.99,15.13
581a2a0a3cba8ec1f043c66591cc734b,66c2a643ac74cde86624a0c15a95327a,5,19682,2017-10-25 17:35:58,2017-10-18 19:07:46,2017-11-06,6.0,-12.0,209.9,14.49
16bac7d0995c222aff9ad293539d6a75,d27e244ebc24f5dccc83996e2ba9abdd,3,19690,2017-10-19 21:26:25,2017-10-09 20:14:46,2017-10-26,10.0,-7.0,450.0,18.91
4102105bfc7742211e15fa8495e0b364,798e8ae05dcd7821a15f79ae8e6503fd,5,19698,2017-11-28 18:03:28,2017-11-17 19:49:47,2017-12-11,10.0,-13.0,165.9,31.91
93ca518787084e4f3df5a97a7be63e1f,4af5a3b197af9f20f2ad9f856fdcc301,4,19742,2017-10-11 17:44:12,2017-10-01 22:55:25,2017-11-08,9.0,-28.0,109.82,20.01
c64de2ad9db9937406cf3c4b547fb3c4,052ad30f046f581349410a7b366ef674,5,19767,2017-06-08 10:48:45,2017-06-05 22:43:39,2017-06-19,2.0,-11.0,14.0,8.72
e0a87616e7061599d5807873c93e068a,81756fe1903a10b2a5fbb3d843382cf0,4,19770,2018-03-08 18:16:38,2018-02-26 14:07:17,2018-03-22,10.0,-14.0,59.9,17.67
cf0c4a5c8ad78f555938c6def4555bc5,0977997b1c07196d7d76a0d79c50117d,5,19789,2017-03-29 13:38:22,2017-03-22 18:42:09,2017-04-10,6.0,-12.0,19.99,10.96
bd4a85ac974fb69b5ebad7ba8727894a,e47696af59942143e9e58d36f8a036a2,4,19794,2017-10-18 20:38:36,2017-10-13 14:14:14,2017-10-25,5.0,-7.0,649.99,13.36
ec00026866e845380c4063c4d3cb24a8,8867156d46ee1ee4342aac2b072b300f,4,19804,2018-04-26 20:54:56,2018-04-13 13:09:06,2018-05-14,13.0,-18.0,40.5,22.06
27f6dfeb589c0f724d37b75f322fb616,48ed90a16494e16357d2fd32fb1e1ac8,5,19828,2017-08-10 20:23:19,2017-07-25 17:04:04,2017-08-18,16.0,-8.0,59.9,18.66
51d025cb8431a67ee7b6e94d29219e32,33eefd3aa85eebe6a110e9fcd67e8be7,4,19829,2018-03-09 16:31:34,2018-03-01 16:04:27,2018-03-22,8.0,-13.0,79.0,14.3
69c9326507e58f58796e787206a296d8,5ef3a01aff74727ebbcf7175c68f51d4,5,19833,2017-05-30 07:42:06,2017-05-19 20:46:52,2017-06-12,10.0,-13.0,59.9,17.67
fa91c955df97a399bcaf98d103e564d6,f408600ecfb1900d32519ca61e34e4f0,3,19842,2018-02-14 19:38:43,2018-01-22 21:06:04,2018-02-14,22.0,0.0,22.5,11.85
cdfb0f128a4a12bed3890ae76a6d9de3,f217ef35505a16b5b577f5ba98195332,5,19886,2017-09-21 18:04:03,2017-08-31 12:48:53,2017-10-02,21.0,-11.0,119.9,56.73
7623c9c85b9fb0b26b226f07dca7d156,3e05465a5e1bf9c38832ed79a795e04c,1,19897,,2017-05-23 12:55:16,2017-06-14,,,40.0,28.2
2ec27bd06634f5060d41ea90d6a0ffc6,30028e2a89c8feb5f30ce00c5f3f2cf3,5,19916,2018-03-22 17:22:51,2018-03-10 16:15:40,2018-04-02,12.0,-11.0,144.99,18.59
0b2c78152d63dcf308f50b75a9dca09f,804e5ddab73def7d5e86b8ae6f27e83b,4,19950,2017-06-30 13:12:08,2017-06-15 14:51:11,2017-07-20,14.0,-20.0,129.99,26.19
486eff31c321a1a8162f18545873c434,94fabf7998d05f3035718e58cb86d671,5,19952,2017-10-09 20:57:36,2017-09-23 18:49:08,2017-10-24,16.0,-15.0,24.9,11.85
1bf77ad38a556d12aa3c4054b5e98cd8,9a31fd9d697e9670777501f720773fd9,1,19955,,2018-02-15 19:40:00,2018-03-23,,,,
b6515f3b4baf48eea3dddc6171b86312,b362e77722405d304dc6fb5947ea3bea,4,19967,2017-09-26 20:08:14,2017-09-05 21:43:55,2017-09-28,20.0,-2.0,99.9,17.95
5d1a8c45798c72ebfe27397861bf8ac4,0d45ab2386ccad30dbd572201b2a70c9,5,19969,2018-01-03 18:49:38,2017-12-06 21:24:45,2018-01-05,27.0,-2.0,199.9,16.15
cb25b6f91b2b2563b64e5c4e06917ac0,9b667954862fd67b43075ae4861454af,5,19991,2017-11-08 23:26:27,2017-10-27 20:52:38,2017-11-21,12.0,-13.0,85.0,12.93
83b07740e64e7304309e28466d9039b2,ca98afe572ee9754ef0cd28c6b97758a,5,19994,2017-04-03 12:58:09,2017-03-21 01:35:08,2017-04-20,13.0,-17.0,198.9,21.84
8b86d3c2fff56ddb4d4c641493f245e9,100a49c427277ff7294eee9c133f718d,5,20002,2017-08-11 17:52:28,2017-08-04 12:50:57,2017-08-28,7.0,-17.0,48.9,13.37
cc2f1d19c028e91b4d03ca6e918ecd7f,9783e4b24e95c1e243512f67f6e2a97e,5,20043,2018-01-30 16:34:00,2018-01-22 13:24:48,2018-02-19,8.0,-20.0,69.9,26.11
674eb3e4978866465db96a66d386fb8a,7af96e4998e17a87ca43a79b93e112c9,5,20094,2017-04-20 12:45:43,2017-04-07 19:18:25,2017-05-15,12.0,-25.0,62.8,24.93
72583be0f0e9aa7860c46834884e6657,5923263d49d190dc167b702f6dfc0c4d,4,20110,2017-09-04 17:57:55,2017-08-25 13:38:17,2017-09-28,10.0,-24.0,144.0,18.26
c48c55de156138fc5c20d4bcd163c0f7,59629349b860bb43899ea07bf4ec9633,4,20111,2017-07-27 13:23:10,2017-07-24 14:21:25,2017-08-04,2.0,-8.0,134.99,9.76
2822d867d514b192b0418549be3b7215,1566cecea18d487c7958eb073713e8a7,5,20141,2018-03-15 23:03:05,2018-03-04 13:40:57,2018-03-21,11.0,-6.0,53.9,13.4
ef4673a36257bbea7c1236458020c4bc,0847671e74f36253e410d74921dff936,5,20149,2017-11-28 16:38:29,2017-11-25 22:11:45,2017-12-13,2.0,-15.0,49.9,8.72
169a6656ff29544fe896350c961ddf8a,bb7f386eccdada8610770251d6698b13,1,20208,2018-04-04 02:03:54,2018-03-23 20:49:57,2018-04-16,11.0,-12.0,39.0,18.23
d6dcc478e63a901a8d555be370eb6ae3,98ffd20f7510aafde026fc41c46876b1,1,20249,2018-04-12 01:41:16,2018-04-06 11:46:03,2018-04-24,5.0,-12.0,444.0,98.96
04d9b0e5748b609532ec3730a1c10ab1,12aa4d1dee3557fe772894b57cb0fad6,5,20258,2017-07-14 17:49:22,2017-07-05 20:28:29,2017-08-07,8.0,-24.0,199.0,19.63
79efa370e33edd6ccaf4fc3b3e585b62,9584de98c3062bc5d9be7780f9dbf41d,5,20265,2018-01-04 16:36:31,2017-12-19 23:54:56,2018-01-24,15.0,-20.0,21.99,15.1
5b54b7a29fc339eea574bb663f7ff196,bf8335c7f470714a6a72b83d1fd1796c,1,20297,2017-11-23 01:04:38,2017-11-09 15:19:46,2017-11-29,13.0,-6.0,354.0,119.28
0d9f297fdbd2ecc9825c6c5691a842d9,05580ea6005bac590a3f143473c9b296,4,20298,2017-12-19 22:24:04,2017-11-25 21:45:35,2017-12-22,24.0,-3.0,189.9,21.82
a29fa7ae34e5742cddb1d43ecbcfaf5f,67ac8397ab2a26915fadd6e3ed4250ee,2,20300,2017-03-31 15:30:08,2017-03-22 21:33:58,2017-04-17,8.0,-17.0,219.8,35.02
05bc84b6514ea99c823f8b3910ffbe81,4d04e8e9cb2a2dacee258022e86cc1ec,4,20321,2018-01-30 18:57:01,2018-01-16 14:17:15,2018-02-07,14.0,-8.0,98.99,21.18
88a5c28864f91abc308ee5a341ed5a21,fc0933f59ece039ad7fd014c0464b77e,5,20322,2017-06-13 11:48:34,2017-06-01 13:40:17,2017-06-28,11.0,-15.0,224.0,34.44
cedf37e72ba809f7a63c322e82e853e2,75ed295f702854ac0012c5fe9dd82f84,5,20369,2017-06-23 11:24:41,2017-06-21 17:17:50,2017-07-14,1.0,-21.0,49.9,7.78
9526f2c0852859fe0368233e1232a6f2,a9ed648a6ef557d5075c383b251b4997,5,20386,2017-08-26 13:14:36,2017-08-13 09:11:38,2017-09-18,13.0,-23.0,179.0,26.53
f61751c6b0ffdac1b1643f2524dc6418,3e6cebc1c7e80e0a04824f7bf40eb239,4,20453,2017-05-10 09:13:56,2017-04-30 21:06:42,2017-06-07,9.0,-28.0,39.9,17.35
70001fa6cf08ea62d4a86a545741d562,3e2c9148e8b9cca0ec6d480ee316ecb8,3,20459,2018-04-06 21:06:49,2018-03-30 10:45:33,2018-04-20,7.0,-14.0,42.9,13.71
42d22a5e1db310d30c0d8ec07a1a8bd8,1a82675c731e609f7adc4c93898a6321,5,20486,2018-02-08 20:58:57,2018-01-31 19:20:31,2018-02-22,8.0,-14.0,848.9,17.44
5a060bc40f4f0303d17d32d58ff2e938,e27f8086e3d62693b719af33a78cffdc,5,20573,2017-04-20 12:24:13,2017-04-12 16:39:44,2017-05-04,7.0,-14.0,69.9,11.1
33d12f0e4f4fbcf427f38816b5e7b4eb,e82d894886abcae9bc58caf489ef9cdc,5,20598,2018-03-07 20:51:55,2018-03-05 04:54:52,2018-03-15,2.0,-8.0,45.0,9.34
c9daa3f29177f88632c68dc7a32d4b86,1770ee9dc600eccda7bfb6c56562b91d,1,20599,,2017-08-22 19:54:54,2017-09-27,,,,
a42534978b8c6cc34ee98ba1ac4b1dc8,7f2e7db0db716e57b5f65080fb85f397,5,20612,2018-03-08 19:58:26,2018-02-17 19:47:03,2018-03-15,19.0,-7.0,13.65,21.15
dec4fa7e4eff79b97618b83d286c424f,e864c88c30cc7fb46f79e88de8b6397d,2,20643,2017-12-28 20:32:41,2017-12-21 15:51:55,2018-01-18,7.0,-21.0,47.4,30.2
d3bd78c3569fcacf6e65eb253526be84,12cce3d016df33ce0039ebb4ff5b5111,4,20650,2017-12-27 18:37:33,2017-12-15 18:01:37,2018-01-10,12.0,-14.0,99.9,20.19
4d05593294cb87f9412ec522d3c6333e,cf4e2fbc22f6efdf6c5988003626bf48,2,20666,2017-09-30 15:24:52,2017-09-22 15:23:01,2017-10-09,8.0,-9.0,34.9,9.34
b9dc86d4a0c0f3f0dec74c2e3341d910,2a64d8d089987b76daf457aac801cd1d,5,20671,2017-07-03 18:15:54,2017-06-20 14:34:37,2017-07-12,13.0,-9.0,36.75,15.1
06feb994a09139cb60c4ad92e398a085,190ce4e52f05189563942da003cbf332,5,20694,2017-09-04 17:16:02,2017-08-23 13:10:47,2017-09-18,12.0,-14.0,47.9,15.1
b37f7dadca196047b004826a99934d2b,0758aeea44cefb9c7f59333c7c691714,4,20712,2018-02-15 16:22:58,2018-02-07 08:53:42,2018-02-23,8.0,-8.0,349.9,34.05
02a6e572f259e8e193c0b9600c411a50,44d3984d00152b899eff3953948a0124,4,20720,2017-07-06 18:25:37,2017-07-04 11:22:34,2017-07-24,2.0,-18.0,48.9,12.69
8ff2735170e49eb420479bfcba1c4607,8ddd550f59752f7efbbf0284aee4631b,5,20732,2017-12-15 18:28:58,2017-12-09 17:16:54,2017-12-28,6.0,-13.0,239.99,14.23
bf88d982cd2c8e1c4d3bd74e144eff5e,f320fe2d0f359c67595c70baaf9ffdef,5,20746,2018-03-23 02:48:38,2018-02-26 19:05:37,2018-03-26,24.0,-3.0,39.97,16.11
879027a46f61ad4c33e0ea6e3e327d6f,1ce397b1df28355ed4f928b2b322db98,5,20817,2017-03-27 15:13:15,2017-03-20 10:44:52,2017-04-06,7.0,-10.0,116.0,11.42
eadd9651151a37bd83b03921c0394ebd,d482cb92e40c8f1f96da881196ddd956,5,20819,2017-07-17 16:22:08,2017-07-08 13:51:00,2017-08-01,9.0,-15.0,99.99,17.95
d6c5fbee633e24d4fa940c8757f7c1f4,232a9b3063429a6ae5079afb994164e4,5,20824,2018-01-20 17:10:06,2018-01-10 15:14:37,2018-02-05,10.0,-16.0,109.9,17.02
7833680b3f3a6cf2ee4f1af86f57ebc4,efff0f02714bda94c05b552d6603f6f9,5,20826,2018-02-09 22:39:55,2018-02-06 07:02:11,2018-03-02,3.0,-21.0,59.99,11.92
df7be5d7b2f2fef80703b265b8d3bb6f,61fd7198f99b6dfea49f9a7cd0fe2789,5,20827,2018-01-30 21:35:10,2018-01-13 11:52:09,2018-02-15,17.0,-16.0,129.0,18.15
e49740122b9828b5cf1adbb20ebca3b7,84de8dbb17d48ddbcc15987307c5ae56,5,20846,2018-01-15 20:39:09,2018-01-06 20:19:04,2018-01-24,9.0,-9.0,219.78,20.35
310924d61bed382d92df2c21084083ab,b07725548a706259d0cbc2aeaa780e18,1,20869,2017-03-21 03:58:29,2017-03-02 16:03:14,2017-03-29,18.0,-8.0,39.9,17.78
33117818a0ae27c967c54d34955ad91a,8a1700a8665d4c4f42967a8fea958520,5,20870,2017-12-23 15:09:19,2017-12-10 13:32:17,2018-01-05,13.0,-13.0,107.9,16.52
f086200c71d0b69f84c29fc4eb206640,9af5f003f0da353f6c32a5c5e0c83b39,5,20909,2018-02-03 15:07:04,2018-01-31 09:52:29,2018-02-20,3.0,-17.0,324.0,29.31
ca2453e62313bd4154d613e10476844a,204e562a760b68ad78d5032698bf6840,5,20927,2017-06-26 13:32:38,2017-06-12 13:50:44,2017-07-05,13.0,-9.0,160.0,70.4
c25723ce874df6c1c03470ae9337b2fd,6efcd938092fe73904610b4bd39b2e7f,5,20929,2017-12-18 16:53:32,2017-12-11 21:43:24,2018-01-04,6.0,-17.0,129.9,16.54
75b51ee9264a8f87f61af3f09328daf2,5c3a8f58f95a93d61a60220d61ea851a,5,20943,2017-10-11 20:33:40,2017-10-03 20:06:39,2017-10-25,8.0,-14.0,89.0,12.12
1ae9430da9d83b4e6b25998112da4ab6,ababdab25dc831464e6dec92bcb1beac,5,20956,2017-08-11 16:43:43,2017-08-09 09:26:56,2017-08-31,2.0,-20.0,85.9,14.33
4389982c366d94a78479c269da9e852e,906dfb858a6afcaea1fb5cc0ed730147,5,20968,2017-11-06 17:57:55,2017-10-18 20:58:36,2017-11-13,18.0,-7.0,114.94,28.16
856d058d022f535d78b65af73e4095e7,f057e285395efbc0c032cf9e4ccfd146,5,21019,2017-10-17 20:22:47,2017-10-10 19:26:34,2017-11-03,7.0,-17.0,22.9,15.1
577755d684d42db8bbad2c70950126d9,988f13625d65d9a81777bb4d93d01e1b,3,21118,2017-12-05 16:37:04,2017-11-25 09:55:39,2017-12-27,10.0,-22.0,84.9,13.61
243a83f3c6ff16829eb05142935f7a50,314639bc2e41647756681b0f2afdb306,5,21126,2017-06-14 11:47:03,2017-06-04 01:07:50,2017-06-30,10.0,-16.0,131.0,23.79
3a5f9b85a7f3e77db41eb2a7d0eefd2d,387d6eb2681cc0d53bf68df6845a729a,5,21134,2017-02-17 10:05:03,2017-02-11 16:52:47,2017-03-14,5.0,-25.0,159.9,16.33
90bb3c9f83e763781cffd6996e360118,090cb921c3319702919eabe80bc9f5ff,1,21150,2017-05-23 14:26:32,2017-04-19 12:38:31,2017-05-12,34.0,11.0,29.5,8.72
1c8eafa6d726c6e4d77b52c4c88af1ee,e871719502deacb16343832ef4623a07,4,21153,2017-07-12 20:04:35,2017-06-27 22:45:09,2017-07-19,14.0,-7.0,104.0,15.48
79a302cbcca841a7b8e7af947ae898e4,0577713eb945f355426be26104c26b77,5,21165,2017-05-19 08:35:31,2017-04-23 01:17:39,2017-05-19,26.0,0.0,79.9,17.3
0cec5c69edd1434eeae6c38c6887481f,8f7674bbcb64b16e52d28222db9a3263,5,21167,2018-04-06 17:37:00,2018-04-02 13:00:31,2018-04-18,4.0,-12.0,110.0,27.04
c3b256ef6df115d9987e1cb0b40a1bfa,4eedbea06033407253ea131738b99a5d,1,21233,2018-03-15 23:55:29,2018-02-15 00:25:44,2018-03-13,28.0,2.0,55.9,12.39
fe8455e710e1d52d77ad32ab66f19ddc,716ae039823c5b809fbf98d24626922a,5,21235,2017-04-18 13:37:46,2017-04-04 21:53:37,2017-05-09,13.0,-21.0,66.99,17.21
3271035afff611d6c97467e01f58c8b7,ee038389c9f437f7c0e2d1b105a26038,5,21268,2017-07-11 22:03:39,2017-07-02 12:03:31,2017-07-25,9.0,-14.0,269.0,37.11
f903d25e3903b489e5dace8750ad5ea9,79f5d148d1ff5ef1e6cbf9ac6d38f7dd,1,21271,2018-04-21 16:16:41,2018-03-23 18:51:09,2018-04-25,28.0,-4.0,150.0,43.22
17a8743b5300b8e13657397f13d48242,cffd2e0d6321d2d79aac6c8166a55085,1,21310,2017-12-23 15:56:34,2017-11-24 01:03:34,2017-12-18,29.0,5.0,99.9,17.95
26e3ccec537d9f07a6414487423b6776,34ce7ddc1fbf9185fc40a6b30fdace6c,5,21348,2017-05-22 12:22:23,2017-05-11 13:17:27,2017-05-31,10.0,-9.0,290.99,17.8
67ea4e9b54da0fcbc021b267704fb080,a9fd47117c3f6b4e72456d5331e2bfb1,5,21404,2018-02-14 22:36:34,2018-02-01 15:10:56,2018-02-23,13.0,-9.0,99.9,12.2
48e163e646da8c8762f088a11068e151,3fa59277573f0fe06ece044ebec2eb02,5,21414,2018-01-22 18:29:14,2018-01-12 21:59:20,2018-02-07,9.0,-16.0,79.0,12.05
bae403edc27e1338ac3613cee9887387,ba35a05db9ebce9e0964160badeda9b8,5,21427,2017-09-04 17:04:28,2017-08-20 14:29:32,2017-09-21,15.0,-17.0,89.9,18.2
3f5cddf6f4965c7a09d8a90fec5003b1,97f06fe395ce93098b2deafe88e888c4,4,21449,2017-12-18 22:22:18,2017-12-05 16:24:16,2018-01-09,13.0,-22.0,17.5,25.63
7b4a8cb23e1bd862d25196aed1bd98e0,688e3c66bdfcae1321349fd70627b84c,4,21459,2017-06-29 11:57:44,2017-06-07 11:41:26,2017-07-04,22.0,-5.0,9.9,15.1
90a15b3e6d45175378b3de3cfea8b5ae,b61f906e4d28111f250cdf42a93a5967,5,21461,2017-11-25 12:31:42,2017-11-19 15:38:53,2017-12-01,5.0,-6.0,115.0,25.839999999999996
0fa8ccb3dd14909d2a05d834f76150f3,b96b0b54d61e5b82857b8d29f7411012,5,21477,2018-04-02 20:11:49,2018-03-20 16:53:38,2018-04-06,13.0,-4.0,29.9,13.71
28479d7beb719f44390bf0da3120dc52,07884a0d48bbdae5f9a1d8582b57e09b,5,21486,2017-11-13 19:47:04,2017-11-03 09:49:14,2017-11-27,10.0,-14.0,29.99,15.1
c8c6701bf01b2aa857c91c8674f1eba1,6e869d1907ce294ac97ad48718569c68,3,21506,2018-04-02 19:14:40,2018-02-03 19:45:05,2018-03-28,57.0,5.0,159.94,55.39
ce9216938c0d5f706b0dabfb875fbd63,7477cb986eef32aa23035fdd22ed27d8,4,21528,2017-07-04 14:32:12,2017-06-22 22:41:57,2017-07-14,11.0,-10.0,142.0,79.16
9b16ebba56685ea0fda6e4986eae1129,d1d85d0d469cb9c26d7f8ee944c92cf1,5,21552,2017-10-10 21:33:50,2017-10-03 15:54:15,2017-10-19,7.0,-9.0,19.9,7.78
bfb70a788cd2564b60acaf28aba8d396,8afe93422f74d4eb5b74349a643d94e3,1,21580,,2018-02-23 18:57:41,2018-03-16,,,44.7,49.09
514a7f033c82d8c49decfd331c0509f7,c8ccac7f59cb2c602959eb4586aa9b15,1,21598,,2017-12-18 16:19:00,2018-01-12,,,122.99,14.61
63def2cfde1e518b2d2c420836c6d7d3,3574fb0b39fffed3ab8ec66e6031b4a3,5,21636,2018-03-05 14:21:44,2018-02-18 13:59:04,2018-03-13,15.0,-8.0,30.5,14.1
2465ec9538644e7f8fcdc8c03323b560,2112e59b69d2f316f9fe16796ca0db5e,5,21660,2017-07-10 16:15:53,2017-07-02 00:25:04,2017-07-14,8.0,-4.0,89.9,8.04
1f2a1f7f5e073d792f81bc24f289ec01,36af952fa00b09aef1c4c6020442a819,5,21669,2017-09-12 20:52:12,2017-09-07 20:19:52,2017-09-26,5.0,-14.0,7.9,11.85
e981dfde2d136611d92e8b494c3388d9,84fea092818c45e87513a303e49893ea,5,21675,2017-05-17 09:39:48,2017-04-27 11:58:01,2017-06-07,19.0,-21.0,79.99,21.01
8301202c9d5d3d4e8a017ee71465d98b,3c8702d3b056de079d6cdd6ee1ffeb55,2,21689,,2017-02-22 12:31:15,2017-03-21,,,,
62f27c130b3a70abbfa58b65cdbffd06,357e8bcc302e3f48f4d578d3e3f239db,3,21696,2018-04-10 16:57:47,2018-03-18 00:40:55,2018-04-10,23.0,0.0,19.9,18.23
33371db7ea80f465284eaab40ec330f1,52ed4ea43ae701531f7a3a18b16783f8,5,21714,2017-11-27 16:52:03,2017-11-21 09:56:24,2017-12-01,6.0,-4.0,19.9,7.78
a1e4004d097905bdb27eea709bb1fb26,1927dede91841ae67045915ce6fd11f1,1,21744,2018-04-10 13:53:51,2018-02-27 16:44:08,2018-03-22,41.0,19.0,142.8,33.88
c67e99931c21f7e2af01a48ab85f7601,599b4f476f3590d89be00a727812d390,5,21777,2017-12-16 09:32:11,2017-11-28 15:40:08,2018-01-03,17.0,-18.0,119.2,18.4
eef9b368fe8fd18f2995b264ae5d8887,1566b03e9df5420213f4e45d3b753aa2,5,21783,2017-12-22 13:05:57,2017-12-17 20:45:17,2018-01-12,4.0,-21.0,38.9,13.37
9083bcc4295cbbf29ccbfc863687d938,51248b88b0b4821b2e8eb524d990140e,5,21796,2018-03-24 01:22:37,2018-03-20 14:32:28,2018-04-02,3.0,-9.0,95.4,14.77
cfc7cb83241e7041aa6be0bcd927f930,48a6a2ea9e635b0f27e8211023213a25,5,21804,2018-02-27 22:25:03,2018-02-05 20:43:03,2018-03-13,22.0,-14.0,1561.0,74.51
9faa76ebb267813d5fcb9f2eec600ab1,8a73d5c259820a920b0a1bdd8dbaa6af,1,21811,2018-04-10 11:31:54,2018-03-09 11:12:29,2018-04-02,32.0,8.0,29.99,18.23
246a78ba19361cd76642be3a8f650719,9ebfe4f8443f801cf3685442b0d26e6b,5,21815,2018-01-15 18:49:32,2018-01-03 16:56:47,2018-02-07,12.0,-23.0,250.0,111.2
981ba53ec3fadf604fe979d265e9ac9b,6066a9bffba977ef146cf6f56ce9bd5b,1,21844,2018-02-05 20:58:26,2017-12-18 19:58:36,2018-01-23,49.0,13.0,559.0,37.27
3182469868f988cccc2a7c899e38eb35,be255c29d745dad22bed17e8e2731706,5,21851,2017-12-21 22:59:01,2017-12-03 13:40:51,2018-01-08,18.0,-18.0,235.0,35.45
5f3af981b8d31d46dcaea3ced5afbf8d,535981e0e0cb431bfd3a85a4279f03d9,4,21883,2017-11-01 14:24:54,2017-10-13 12:37:17,2017-10-31,19.0,1.0,49.8,14.1
1d1ec149388b600d4f97f5796412e6e4,a01ca80edfd6ef1c7acefbef55ac7031,1,21901,2018-02-26 17:55:09,2018-02-13 12:30:17,2018-03-01,13.0,-3.0,59.99,9.34
8c1f5de7d34a7e47acc98054b4124a9c,a53d587cedb15e572d3aa67984929be5,5,21916,2017-12-27 13:13:10,2017-12-12 07:51:32,2018-01-09,15.0,-13.0,11.9,15.1
fb7692617a6ab5d1f5fd7989776901de,ed71db1a67b318e8a56778f4f380e267,5,21987,2017-10-10 19:45:40,2017-09-28 23:42:32,2017-10-24,11.0,-14.0,45.9,15.1
f7fab46d39ba6cdd1ff8a8eb6eb307eb,5dd63219d314ee0914d93920e6f091c3,5,21999,2018-02-18 18:07:04,2018-02-05 16:12:45,2018-03-01,13.0,-11.0,260.0,21.79
4c97bc0ba5b4191effeff0915133181a,b3e1af57e0cb89557abec0fd31d47c37,5,22002,2018-01-24 18:37:12,2018-01-10 18:34:03,2018-02-05,14.0,-12.0,33.9,15.11
1b590f306955c074a7fada6a142c5c30,ffbe8a51afd59fa93224d1c6bc987aee,5,22014,2017-11-09 23:07:42,2017-11-02 16:31:52,2017-11-24,7.0,-15.0,169.9,15.95
e1d0d17714631648d5a49fe87448fa5e,a31b5cba0164acdc91b6196825128128,5,22026,2018-04-18 22:54:30,2018-04-05 21:09:23,2018-04-30,13.0,-12.0,55.9,17.97
c43bf4ab1159cedff0e27c4ba338e3c3,455f52f12a5c5e4dbb291823daafc2ab,5,22108,2018-04-12 18:02:22,2018-04-10 08:12:04,2018-04-20,2.0,-8.0,50.9,13.43
2a74b0559eb58fc1ff842ecc999594cb,0035246a40f520710769010f752e7507,5,22114,2017-08-28 19:14:03,2017-08-17 00:57:23,2017-09-06,11.0,-9.0,87.0,12.11
632452a2443efde3c318f51e50fcdf9c,2ac8b5ea56aeef62ecdcdc509cb1efaf,5,22150,2018-03-06 21:58:22,2018-02-10 13:18:14,2018-03-14,24.0,-8.0,19.99,15.1
022570251ac8f09e46357ed0792f14a2,4246497ce0c7f8915544d27745f2e6c7,5,22176,2017-08-01 19:34:49,2017-07-22 19:26:25,2017-08-15,10.0,-14.0,109.9,20.26
c4701b105f665e73e2a79a27a96ca2ee,770cda5595335d94a7ef1709b00c8eca,4,22225,2017-12-28 15:52:44,2017-12-11 19:26:53,2018-01-11,16.0,-14.0,179.99,23.84
46b6e0f83d2194824e3691cfd78b9295,5ca7bc597308f95f15a146dae930cb7a,5,22229,2018-01-05 17:33:12,2017-12-21 13:43:16,2018-01-19,15.0,-14.0,64.9,20.85
800c34623a5ebde9e05050e94f5669da,07e5349fe32847b4bc266836cda0705c,5,22252,2017-12-04 18:42:32,2017-11-27 16:44:36,2017-12-18,7.0,-14.0,69.0,18.72
736dceb52710b5ac3da55c9b3ad6150a,f8f39c04af57100b2067941cddcb9376,1,22260,2018-04-21 17:32:50,2018-03-18 16:34:18,2018-04-16,34.0,5.0,139.9,20.52
0747c65d0221888dbd54b3081c83a2ba,a62de6fa1ce225032f7220425c941b50,5,22274,2017-06-01 13:03:47,2017-05-24 11:39:16,2017-06-16,8.0,-15.0,90.8,32.22
de0b9dbc055dc1c95968ed3d69f937b7,dad151e92378667093156fc66f981742,2,22285,2017-05-09 09:26:55,2017-04-21 20:05:40,2017-05-24,17.0,-15.0,218.0,23.46
dbcd48d3ff3e8bc81c542ba3e20049cf,f6089c47bab18faae3d90c64cfb08481,5,22294,2017-02-09 15:51:55,2017-01-31 16:13:48,2017-03-03,8.0,-22.0,109.99,17.51
2dd3619b616ae9b83615b14f62577fd9,ff36cbc44b8f228e0449c92ef089c843,5,22307,2017-12-08 00:19:09,2017-11-25 20:34:42,2017-12-28,12.0,-20.0,699.0,57.49
ad0a3b5ddb2f46989b644576a6d4d373,057e8245e6408a7f5db33b517c481617,4,22312,2018-03-12 17:58:48,2018-03-04 18:57:57,2018-03-21,7.0,-9.0,29.99,11.85
75e5ae7fb1af4f6745adfbc154c3ff18,eb4a3d0046ad19061885dc5ce242068f,5,22313,2017-10-31 12:05:26,2017-10-10 20:33:18,2017-10-23,20.0,8.0,59.9,8.72
0167b869d4f8c8c2a2ecbedf313e87ca,d85efeeca6be7949e59458c5d26169db,4,22315,2017-04-10 07:13:03,2017-04-04 15:50:23,2017-04-25,5.0,-15.0,72.62,9.5
24a560851883a1a9734e1bdce87e7e57,4ccd8da82485c892ae90284af589153a,2,22320,2017-02-06 14:44:28,2017-01-25 12:18:11,2017-02-28,12.0,-22.0,99.9,23.16
16e9646d4f29fcd1f39650861bdca72b,6c673e7f0e59af3f88e62db4bde6b126,5,22333,2017-12-28 15:17:05,2017-12-26 10:26:17,2018-01-15,2.0,-18.0,180.0,12.47
43e760928df5a52a682207ecf6ef9edb,47a2809ec3c2d8c1263a2e09fb62cbcf,1,22360,2018-02-23 20:37:13,2018-02-02 19:29:48,2018-03-12,21.0,-17.0,112.0,15.53
8f2d0a5b91c1867ed400a707730637f1,8389e56bf17964405109e56799563a03,5,22386,2017-02-23 08:15:53,2017-02-16 21:51:20,2017-03-17,6.0,-22.0,99.9,15.91
1954ea0445e925314e90dca38e419039,97c6f98cd025659444b815df5050d8d7,4,22402,2017-09-18 21:44:59,2017-09-12 17:49:55,2017-09-28,6.0,-10.0,149.9,14.07
eb1490807c516c7dc271a50cfb25bf73,a8e07b5f89eea93b13c38bab2e06b185,5,22424,2017-11-16 21:14:52,2017-11-10 13:12:04,2017-12-07,6.0,-21.0,137.8,32.48
3f2dabf6c2a3bca0191e18848fdb7a04,d66cd5f088e61b54931e6a5fd6b53198,5,22486,2018-01-23 15:35:18,2018-01-12 17:09:20,2018-02-02,10.0,-10.0,249.5,66.85
f869e99ca91f797a10957f0a1561913e,1da92dd75ffc36cc14317d51cabcc67e,5,22488,2017-10-18 18:04:15,2017-10-06 16:57:08,2017-10-31,12.0,-13.0,95.98,32.22
64c8d9ac86c2df83d21174a7aa957d6a,bae83a08b2c4fe52762acbf4b99ccbe6,5,22525,2018-04-03 01:34:36,2018-03-27 12:06:45,2018-04-13,6.0,-10.0,199.9,13.84
1ee668940fd991b0793b2607209b7d23,d3221f47eb4afb028ea89bf72bdc8bc8,5,22575,2017-05-08 09:26:42,2017-05-02 20:56:43,2017-05-23,5.0,-15.0,139.9,13.56
465ddd5d473fbdee9a68ed584812db49,061b74bca735bb2c1953e40bc098101d,5,22577,2017-11-27 13:47:17,2017-11-22 20:40:31,2017-12-07,4.0,-10.0,51.96,46.92
fa39a798a3f79385c0aa5a8ad9de822d,678e948d6ef6324c0891d0c714d23946,5,22588,2017-10-03 20:27:33,2017-09-26 07:28:53,2017-10-19,7.0,-16.0,269.99,22.38
da4037a7011895ceb562bbae9a31be3f,69c49491c1300f416d32e8bedc9f8907,1,22602,,2017-10-26 10:35:27,2017-11-08,,,,
e71d03b24e7694b4bf626123f55f4fa2,507884ae55f4e205891f59bf60e22b71,5,22619,2018-03-12 21:04:37,2018-03-07 09:16:05,2018-03-19,5.0,-7.0,120.0,15.58
751594fe445d5c9d3958d764a6ffe0f9,19d8b9d9a60cda90fc402ad5580a0faf,5,22647,2017-06-19 14:06:04,2017-06-09 22:49:58,2017-07-13,9.0,-24.0,169.99,17.63
49f5b57eb47721ec5b8a52adf11201b9,5d70cf2f4894c706c8b0cee59f19b67e,5,22721,2017-12-23 09:38:35,2017-12-19 11:08:36,2018-01-08,3.0,-16.0,42.0,18.54
e186b4141624a2b42364c5396d47dc43,f10195234ad39996bec1241fe706e49b,4,22724,2018-03-01 20:13:37,2018-02-15 22:13:45,2018-03-13,13.0,-12.0,189.9,18.58
8425f46180be986febb0b5943a542b00,f5d98cac84d7a766c2615a4262585d81,5,22748,2018-04-10 22:41:34,2018-03-03 20:24:33,2018-04-02,38.0,8.0,59.33,17.67
88ee7972bf2798a920435b394dfb80bd,0e974c8481f298f818310ac0e3dfd8d1,5,22770,2017-12-14 18:04:17,2017-12-10 22:21:54,2017-12-28,3.0,-14.0,99.9,7.95
71115a9b75c5a5885ea1fbfa916015b2,a0f2abd22194d771e11728852ff988bd,5,22802,2018-04-03 13:34:23,2018-03-25 21:05:14,2018-04-12,8.0,-9.0,124.99,14.96
b9292d314b52b9bd4eefbab78082986d,d8a529e5911526f5848f48c0905166d2,5,22835,2018-04-11 15:27:51,2018-04-06 11:05:47,2018-04-23,5.0,-12.0,29.99,7.39
2db217caffe0a42c739e6ff8eb90a7da,25046cd9dd88041134abd808c4719a36,5,22864,2017-09-28 13:20:07,2017-09-12 19:44:36,2017-10-04,15.0,-6.0,179.9,49.79
714ec6ab15f26b186b701e7b39f55814,b529b5646a76c35baa0f143c06c4362a,4,22873,2017-12-20 20:54:39,2017-11-29 11:36:20,2017-12-22,21.0,-2.0,712.5,49.45
86cb30e96939f06396356768082e8c97,1e90eae620cdf28010098a2159d56ebf,3,22889,2018-01-20 10:13:30,2017-12-10 22:51:36,2018-01-08,40.0,12.0,59.9,20.91
126a8dcf904eeaabdfc4d21be6c77c03,da56812895f62c346de61efef3c1787b,5,22891,2017-12-15 03:08:59,2017-12-08 15:56:32,2017-12-27,6.0,-12.0,29.39,7.78
ade05584f69a2de81e5cbdfb2dca6bd3,01908071e35fdc75bc0d7764f153abc2,5,22919,2017-11-13 20:19:05,2017-10-25 20:49:59,2017-11-27,18.0,-14.0,89.0,25.65
4eb8c2ddc1de66e6f4f2cf8f9dccd660,e54ac9a4438ed19f1367717699a2863e,5,22969,2017-10-02 21:16:16,2017-09-22 15:39:38,2017-10-19,10.0,-17.0,192.0,16.09
3ff1291991d172ed30f22dd2e7264d5f,621072862bc6de6626af8ce049533638,4,22986,2017-12-08 19:27:03,2017-12-03 16:05:02,2017-12-28,5.0,-20.0,10.95,17.63
dd719cd14a15e23fcd73bb43dbdf74cb,6bae7f6955b8a1758053a464757a72a6,5,22992,2017-08-21 20:42:26,2017-08-14 08:27:51,2017-09-01,7.0,-11.0,51.92,12.7
940ad9e16451d779b57b969a13b23de1,a3a243e267c153d4acf4c49c2c6b68d6,5,23008,2018-01-07 14:58:42,2017-12-28 15:58:06,2018-01-24,9.0,-17.0,25.49,14.1
c25139722830fd802989a68fd0ffdfc7,fa70e6eb878dec546f11aba9afcf1f28,5,23013,2017-08-29 21:33:13,2017-08-16 01:00:34,2017-09-22,13.0,-24.0,74.5,25.07
cef1c95697ab84f19d36a05e73e5a621,54abf521e33bacc71760b64de5b06e4d,4,23077,2017-11-03 18:52:14,2017-10-18 08:46:18,2017-11-08,16.0,-5.0,165.0,15.91
a48e5a51d7e085221c84ac392e6dd6c3,a696ee0106068718ab158824cff6f287,5,23092,2017-07-13 21:44:57,2017-06-27 11:36:11,2017-07-19,16.0,-6.0,59.9,15.17
5fe3cfc552ec8c7480c26fb0069fea22,090ece27665c1cc89eda287f8e834e11,5,23109,2017-11-06 18:58:26,2017-10-30 18:25:17,2017-11-16,7.0,-10.0,69.84,11.879999999999999
8823cfd6e8c09f4a3f41721135b9625b,84d151f7573342933c5d715a7911895c,4,23161,2017-06-23 11:19:43,2017-06-18 23:41:52,2017-07-11,4.0,-18.0,130.0,15.66
108817be5bdeeb330a5971ee64b94009,fc1d9429da446a147d438d41350a2932,4,23194,2017-11-18 14:31:31,2017-10-23 16:29:52,2017-11-23,25.0,-5.0,239.0,14.69
a2847c331a9fccf9c9ad1822ee4a6d38,61fca91868781e2844bebf0ba3129950,5,23196,2018-03-12 14:05:35,2018-03-04 13:53:47,2018-04-09,8.0,-28.0,14.0,15.1
0cfc720ee91cd6742be61b11b70db050,153838ce98aa788f035477b4ee3b102c,5,23234,2017-08-27 16:21:41,2017-07-27 09:37:26,2017-08-30,31.0,-3.0,69.0,28.88
c63fde3b651a1b706ed056c1fb8f4aca,e8899387e52fb6a10ae971c69eb09bf5,2,23287,2017-09-20 02:03:45,2017-09-09 15:40:34,2017-10-04,10.0,-14.0,79.9,20.96
5f9413026839a6678763d2b75cba120e,1330176f6500125ff6e8e10922fb714c,1,23289,2017-10-21 17:34:44,2017-10-18 23:24:58,2017-10-30,2.0,-9.0,48.89,15.56
dd144dc2d5152a083028039b5fe2ce81,adac3a15974140170bdc3562dac02328,5,23290,2018-02-27 16:07:44,2018-02-08 20:21:42,2018-03-14,18.0,-15.0,49.9,17.6
a7c8b36c98953e570071880b82fcc868,33797bbcfc4f22d40110f77692f83c78,1,23295,2018-02-15 16:45:33,2017-12-10 11:29:35,2018-01-04,67.0,42.0,12.25,14.1
0fa124f6d77d87d974289ff67081a5e2,31ac77590bcdea7aa29b868757084904,5,23336,2018-02-14 15:13:49,2018-02-08 09:31:51,2018-02-26,6.0,-12.0,29.9,8.11
2c6b1af3de2bb0b5b746112cb0b38aba,d8eb5e8c7fc14da34fc5252a2ca7cfab,5,23370,2017-12-28 22:43:10,2017-12-15 10:16:16,2018-01-10,13.0,-13.0,119.0,40.82
b4cd66234875fd7e44596cfc9fc05d71,4a35349fd1d8617da52d19a95fcd95e8,1,23376,,2018-03-07 18:53:08,2018-03-29,,,44.99,19.04
0cd8c4dd39e6310dfa27f868c25acd9a,fe68d8f20f2d6e9d702a74d3bfa9c4fa,5,23378,,2018-03-28 08:00:41,2018-04-19,,,199.0,19.27
afa4acd2e3fcd44d8a86624b86adccf4,cb5664b27c8e72cd9197d6cd259a0946,5,23404,2018-04-05 00:03:43,2018-03-24 12:35:27,2018-04-12,11.0,-7.0,134.9,14.3
1938599f78158cf1cc5044a28eb429da,15a167665d926699daaa439f546054a3,4,23426,2017-05-29 14:53:36,2017-05-19 22:35:01,2017-06-12,9.0,-14.0,279.99,22.45
b9a3ef6fd90985725efdc587614ba1aa,34ec59fb0739f087452873319fc6e94d,4,23434,2017-12-21 02:17:58,2017-12-04 15:38:16,2017-12-29,16.0,-8.0,299.99,16.86
b16a7e09e3a58bddc92bdedd70ec8c7b,03e327642028582cff3316f1726a9f00,5,23435,2017-11-06 19:22:51,2017-10-27 07:55:57,2017-11-22,10.0,-16.0,50.0,15.1
fd8a287b8c67608add180aeb8a11aa3d,f62e6208120b502c087a5bbd9b2567e4,5,23440,2017-08-24 20:52:30,2017-08-16 16:32:17,2017-09-13,8.0,-20.0,84.99,14.34
d30718a3638e185aa847595b3f557cd5,84e3112c2a4f1708a00c880218f52886,4,23452,2017-12-11 20:53:34,2017-11-27 21:55:05,2017-12-20,13.0,-9.0,56.99,11.9
9f52abee0e42055c6ab10267565b8960,89c0fa1e0faaf0980311b9a1fbd5bb4e,5,23461,2018-01-16 18:36:43,2017-12-26 11:54:41,2018-01-23,21.0,-7.0,69.9,16.25
950e3ac637306dc66cc3e940d40f3c04,9ae2615288bae316687074b5dfadaf46,1,23482,,2017-03-25 17:51:57,2017-05-24,,,43.9,10.96
79d0021025a0a6de8056659254abd92e,7f9e9b2e718f5703d72e3f5dc70dfc92,5,23483,2018-04-10 22:26:21,2018-03-31 19:17:03,2018-04-18,10.0,-8.0,572.9,18.1
231320977535e31a5093260b20454e38,d087b8e096ca051f548e29b324272834,3,23505,2018-03-21 22:50:40,2018-03-06 12:28:34,2018-04-02,15.0,-12.0,49.99,22.06
7478c9a0b35861d12d7fd86b76ce4064,ec85c27a8b665a26a66f773bef603731,5,23509,2017-08-11 13:55:55,2017-08-03 15:41:08,2017-08-16,7.0,-5.0,109.9,8.51
6eb2fc934a8497c35215db55f237150d,a543320aceee9be9a814f4808aacaf3f,4,23519,2017-11-27 16:53:00,2017-11-12 01:39:16,2017-12-13,15.0,-16.0,109.0,18.01
e69aa8f82893e0f213946a8cb06339e4,d84bc4e5bba5977de1eeadd544c9c770,3,23614,2017-12-12 19:33:09,2017-11-26 23:06:41,2017-12-20,15.0,-8.0,89.9,21.12
b92508bf100eb29b1dfef338d8908243,c1dd50c37114a20341bbf901157d726d,3,23624,2017-06-26 16:06:23,2017-06-16 16:29:49,2017-07-10,9.0,-14.0,89.0,39.95
296a46e1829b2ad077d6063342897a2f,2f715a4ad1e86b20a19e070acf516b38,5,23710,2018-04-12 20:26:49,2018-04-09 15:50:11,2018-04-24,3.0,-12.0,52.9,9.44
783eb1d4d2e8c6a10d7e0d1ff02901da,e92dbc16b2df28e1edb1d957392cca07,5,23727,2017-04-05 15:51:32,2017-03-25 10:13:08,2017-04-18,11.0,-13.0,23.99,14.52
a32c4100357d4c6fa99200b6ab06aed5,5312bad5331c273fdc6cb8069bedcd03,5,23803,2017-11-17 20:28:45,2017-11-03 14:23:33,2017-11-23,14.0,-6.0,50.0,13.37
beef2c89eb434011d9e1cfb3c40c7096,ce3756a051e619f9a749a8795aee498f,5,23838,2017-03-14 14:03:13,2017-03-01 14:50:29,2017-03-22,12.0,-8.0,77.94,93.36
9257bfb53ce0bc5e07455bc94654203d,c90563355d52a60bbfc6fd4b5bdcffc3,4,23891,2017-07-03 12:45:36,2017-06-19 12:35:34,2017-07-13,14.0,-10.0,169.9,26.03
0e49ffc793c0c18263a262bbe71fcbb0,e9f0845a93b13f1114e08ddc3ddbc60c,3,23905,2017-11-28 00:41:44,2017-11-19 14:55:44,2017-12-08,8.0,-10.0,75.0,16.16
a048bec7cc885a400282b1a15d2a2efe,9345ea7f31e39f37b596a47f3a1ea203,1,23915,2018-02-06 19:49:29,2017-12-27 22:43:15,2018-03-12,40.0,-34.0,39.9,17.92
c6c1bcc1b5982387cea67cddf36d7772,0baa34fb7824f076c177df17da43b62b,5,23917,2017-05-16 08:37:35,2017-05-12 14:58:01,2017-05-22,3.0,-6.0,26.9,7.78
00def432f479f1e6f18304bfc1ff8f97,24663bb9d145c6d58d207d297edafa3f,4,23920,2017-08-21 20:37:40,2017-08-14 22:51:13,2017-09-05,6.0,-15.0,127.9,15.65
d15ec7fbf73d246a918e3bf1a7e5f268,df8282afe61008dc26c6c31011474d02,3,23923,,2017-03-04 12:14:30,2017-04-10,,,,
cc118557a703b27a0625a1d36523162e,43b496a7732ace398ea4eb3bd520ab22,5,23933,2017-09-18 20:34:47,2017-09-09 22:44:37,2017-10-04,8.0,-16.0,498.8,171.5
6068c8dbaa1314e0668a9f42fce02940,7e77eb1830c5ca91d26012b8e0fed483,4,23949,2018-01-11 19:04:24,2017-12-15 11:24:06,2018-01-11,27.0,0.0,143.8,31.76
f981151848c6c5c80241a161959f8289,8b73eaf0b3285e63a85d59785dda1605,5,23954,2018-02-06 18:46:41,2018-01-23 14:46:29,2018-02-20,14.0,-14.0,52.9,22.69
bfa7622cb322bafc0e1db7be77f723f8,5dee8eedf4516e7562d1ec0f62833392,5,23957,2017-10-01 16:54:49,2017-09-24 19:37:48,2017-10-17,6.0,-16.0,186.99,16.94
1b6c69631799f8c036901e071b886933,32db4da13d5f0ad10781de19e0973e88,4,23959,2017-05-20 08:44:37,2017-05-15 11:03:40,2017-05-31,4.0,-11.0,10.99,11.85
a85a4aaa33c6a6a180b2af34f925e69b,ada48b7ce9fee2a62cd265bd45a9c97b,1,23973,2017-06-28 16:09:45,2017-05-28 23:22:32,2017-06-23,30.0,5.0,139.9,30.02
ae3257388771feee70ec759f6beb7d33,23ad1ae9db6999293449603e1a247803,5,23992,2017-02-03 17:23:38,2017-01-26 16:25:37,2017-02-22,8.0,-19.0,139.9,11.59
52274f3fba49d15f8bf0b7e4a4d66242,07d393eec6ab2c8c4a90dd4344b6abf9,5,24003,2018-03-21 21:33:35,2018-03-03 14:42:08,2018-03-26,18.0,-5.0,209.0,43.66
29f9f7d2645072d9158bba68db4d0dab,12be0a0f242d89cc02773e057c2f7f0a,5,24017,2017-02-24 17:42:01,2017-02-15 22:32:29,2017-03-16,8.0,-20.0,100.0,13.28
a79ecf4be402c81ddb1a516266cc1e88,e12b5f95f957079d6d9f368c0c56a050,5,24025,2018-03-06 12:09:42,2018-02-19 20:50:15,2018-03-13,14.0,-7.0,122.99,15.61
b180f90da1f7198fd0536a366468ee79,ce85845ca7d1014cbae2bddabe1d468c,1,24032,2018-01-31 00:16:49,2018-01-20 22:25:35,2018-03-19,10.0,-47.0,127.0,42.5
7b2a7653e9992842a0def2b3d9fb1fd8,c05a69ea679c56b6437490f5d8eb7a77,4,24106,2017-10-02 14:05:59,2017-09-17 11:53:52,2017-10-17,15.0,-15.0,199.9,18.68
dbbb40a96db72c1e3c2ed4722d3932eb,333c80174d4ab24df54210511f4ecbd0,5,24109,2017-03-23 13:52:55,2017-03-11 17:51:25,2017-04-06,11.0,-14.0,314.99,12.81
1ce9388b1a3ad76f5f1a64f208a90fce,ac7a92560a9e99f0a0ab4988102f491b,1,24127,2018-03-22 23:44:33,2018-03-04 15:58:09,2018-03-23,18.0,-1.0,89.99,17.88
f6a5bfc71d529a4e6b5ee923ed6050d6,f30c0d72637900696232641e612e3220,5,24155,2017-04-17 10:42:26,2017-04-05 10:27:07,2017-04-26,12.0,-9.0,49.9,12.93
b51fb7f2469fdf462e8baeca2ae63298,7a1309150f5d32c660989e9fc5dbcbc4,5,24170,2018-03-19 20:03:38,2018-02-15 11:00:48,2018-03-19,32.0,0.0,89.0,17.87
a1b5def821bac80e6b055955be88ff30,7a00da9515dc144e302458e696d61943,5,24219,2018-01-22 19:55:41,2018-01-16 21:51:54,2018-02-07,5.0,-16.0,200.0,16.15
a072203a5df2e2392c074c1a3e579b5e,c756513ece003700723bfa5e6f8abc65,5,24225,2018-03-19 20:38:42,2018-03-12 09:39:19,2018-03-28,7.0,-9.0,429.9,17.1
3aa93a18e63fa74c4534ae0135bdccca,cbeaa013552d74983472628c5534d3e8,1,24257,2017-05-09 09:18:42,2017-05-02 21:55:39,2017-05-23,6.0,-14.0,21.9,10.96
984d12dc05ee925a4fd83d298c6120eb,0de88914980b96be31b33a407f19ccfb,4,24282,2017-12-20 20:39:14,2017-12-11 08:45:05,2018-01-09,9.0,-20.0,18.9,16.79
9a6a13a850319d61e10675d755dff5c0,34fae6658f6eb42ce7f68452fa39d22b,4,24322,2017-08-03 20:33:47,2017-07-21 16:31:53,2017-08-14,13.0,-11.0,52.5,15.12
41c888cb1cc625a289b9f972f5b19352,30f98311688b9a0cc176d88c32b308d3,5,24326,2018-03-21 21:03:59,2018-03-19 23:32:03,2018-04-11,1.0,-21.0,94.89,27.51
09aaf22c85e13cf253d7f3de30c81519,b6af24208d3b5b07c4f1bbbfb57dd8c2,5,24334,2018-02-23 19:04:29,2018-01-30 13:17:34,2018-03-02,24.0,-7.0,103.8,33.86
169e7863c73f5a301405a29ac62dd71b,705c7fd61dcb0c54b80538158eec1f4a,3,24344,2017-02-20 15:28:00,2017-01-30 16:52:41,2017-03-21,20.0,-29.0,219.99,18.0
42cfda3dd343229c2a8c98a434b336f7,bf8a5f3ed4349bd5873e69a7bf24afdd,4,24375,2017-12-22 19:28:36,2017-12-01 10:30:46,2017-12-28,21.0,-6.0,98.9,13.71
4e543f263ffb28f9bcae65f5b24e5de6,09d7ebb0b2075f15dc48bd8da3961fe0,5,24409,2017-08-07 16:47:42,2017-07-22 19:11:55,2017-08-17,15.0,-10.0,49.0,15.79
130af93069900b6416402dab0dbc199e,c24e1ca06df82199a5041274b7c33643,4,24447,2018-03-02 18:45:27,2018-02-20 15:15:22,2018-03-12,10.0,-10.0,86.9,16.24
c7d47d62b3ec23608f86f4b74633504d,871d475aeaf2288a225fe1ade32d1b44,5,24450,2017-09-28 20:07:28,2017-09-08 14:44:39,2017-09-28,20.0,0.0,19.9,21.15
5737b1fbed6b28aad025786e2e948d0b,fe5b3ffa54be85dd8cb2ad61db914ef5,3,24453,2017-12-07 15:56:43,2017-12-04 17:08:27,2017-12-20,2.0,-13.0,13.99,7.78
e6486a0db23e2f1e8b7e2e1853fcc76c,9b4fc5c379134e1329bd48641ba285e3,1,24480,,2017-07-24 13:22:29,2017-08-04,,,650.0,20.04
0ae96590fe77127fe9ea8b77d4eb5f11,0bf738ff836108e7a308061b6d77342d,4,24490,2018-04-13 19:03:17,2018-04-05 21:32:36,2018-04-30,7.0,-17.0,47.9,16.32
26c96a90a3c5f9be65503dc57e70112c,1a68a3c33d6299d9d0f36a74e4c97e2f,5,24503,2017-10-04 19:56:59,2017-09-29 09:07:44,2017-10-23,5.0,-19.0,45.6,12.48
3fac31e7198f588a7cfdc106f0466491,26227999b191329fe62cd797aede5270,4,24504,2018-02-28 13:14:10,2018-02-17 01:24:58,2018-03-14,11.0,-14.0,108.0,16.52
e2e44a9d51bf86e491018b192ecaa63e,555256eeec3c2ec4e64208bfad2ed800,5,24569,2017-12-12 14:37:24,2017-12-06 17:23:28,2017-12-22,5.0,-10.0,5.4,9.27
68ab95a8aa59bdd29c944282b79614de,666642b8ede81bde2dfe4365b47b1ba8,3,24572,2017-12-12 19:21:56,2017-12-07 11:37:39,2017-12-26,5.0,-14.0,49.0,7.78
e8f59219bb9a231e6deb6e99bcf63754,2d9ea2efa410b1efd6bbd47d126819b6,5,24587,2018-02-28 23:53:38,2018-02-19 00:38:22,2018-03-12,9.0,-12.0,82.0,16.82
e97fdef7e58f375eb165568a750cbc4b,1b0ca0c3b2421d7ffde52594b571c020,5,24590,2017-12-29 18:35:05,2017-12-12 17:51:10,2018-01-08,17.0,-10.0,99.99,16.95
2fcf9897c21d5fd9cd57f3025ecbff2e,2996508e094e566883c9b4da24cb4d30,5,24630,2018-02-01 22:13:03,2018-01-30 21:54:57,2018-02-15,2.0,-14.0,68.0,15.56
72c7fd18328aa86f8183b321dac527e7,0e8b07d6fde25fe5cd3d67ad93943b4e,4,24652,2018-04-07 01:05:05,2018-03-26 16:14:32,2018-05-04,11.0,-27.0,349.0,29.5
382021ab5e12edeef702b49b7a26a6fa,50cf8b336667ffa7386d24568d6716e5,4,24671,,2017-07-26 08:48:03,2017-08-18,,,19.99,11.85
56586cd0cb36c3ca8faa731c4ecc8b7e,622e1ac05d77a0fe978afdbb3d174017,5,24674,2017-10-17 16:32:05,2017-10-02 12:05:39,2017-10-24,15.0,-7.0,493.0,25.77
d1a96b4468ca0611a6ae0f2d197c91c4,bd1b3292531bf8f2cf14a4f448b2226e,1,24696,2018-03-28 13:06:40,2018-03-20 23:22:32,2018-04-02,7.0,-5.0,19.5,8.29
9880fb660018c77ef8076e558eeb49a0,e3ad77f2683cf57ced740ece64eea3b7,2,24716,2017-08-05 18:27:52,2017-07-29 22:17:46,2017-08-18,6.0,-13.0,48.9,11.85
95e6db86ebdbcdeafcb2c43e471b9d2b,401490e646c3921eba7ae1d74f650c29,5,24800,2018-02-18 13:39:03,2018-01-29 16:16:46,2018-03-02,19.0,-12.0,51.9,15.11
9dfa8df09b6490ba7638b24d6e7feeef,1cfced67fb82caa7fb2b4521de6e18e7,1,24801,2017-12-05 17:19:13,2017-11-27 09:02:55,2017-12-15,8.0,-10.0,120.0,12.34
4f839821d4c0cde5957c40081f4f7f2c,66030147ffa4f133089e5b7578977ac7,5,24833,2017-11-14 22:49:48,2017-11-04 11:52:53,2017-12-05,10.0,-21.0,80.0,28.96
bfad67ce5d41aebaa2713ad3aa0d129d,5fa64c45b0cb986d05533f91c67c801e,1,24862,,2017-10-01 08:15:15,2017-10-24,,,89.9,14.36
9ec63e6e46c8e55b63c015a61806e3f8,6816ae2fd8e9a4a6674dc2eb053da35b,1,24874,2018-04-11 23:04:37,2018-04-07 12:10:27,2018-04-24,4.0,-13.0,149.5,38.56
f9108d5b6bab1c68b5043e2fbd6458b2,c2251dd482d3d185a7339f603c2de21b,5,24880,2017-09-28 15:40:18,2017-09-13 15:04:22,2017-10-11,15.0,-13.0,55.9,46.92
7ebfdd84520980fe225e7ce8b00f904d,e1d4d1e4e8f00e0b9ac69e656d7f2db0,4,24894,2017-05-22 16:53:41,2017-05-01 10:53:02,2017-06-06,21.0,-15.0,179.96,22.17
d6bdcf45e23775ab2a216424fba98c32,1e9a53e194e98b64434abc52aeedae1e,5,24906,2017-02-20 03:25:56,2017-02-06 08:50:31,2017-03-07,13.0,-15.0,149.9,19.33
48be93494f39f5699083b8b6b8b29e2e,64b6860d0ff4339bec73a08ed44a99f2,5,24915,2017-02-20 14:21:28,2017-02-15 11:04:52,2017-03-24,5.0,-32.0,49.9,8.72
5a0e8727652c67c4cb1721e1d25a9aff,d00ff6010b4c8c182b603ec360026b44,3,24933,2018-04-17 17:41:53,2018-03-18 22:25:47,2018-04-25,29.0,-8.0,116.6,53.09
cb987ccc4c269c54490d5128fce85f06,3262303e2eba3a73ec669ac0bb7411cd,4,24937,2018-02-05 15:17:17,2018-01-30 07:15:03,2018-02-23,6.0,-18.0,55.9,12.52
7c5e2e168d659e9f0a750f09640afe4a,fbc3d892b4dad0fee10db683ae33ec25,5,24944,2018-04-12 16:51:42,2018-04-01 19:17:43,2018-04-24,10.0,-12.0,13.49,18.23
674b0d76b360431bf6186ea1b725c900,698c71e1afa1b5c7913ee16466a54cf0,4,24959,2017-05-02 16:39:32,2017-04-19 11:09:20,2017-05-11,13.0,-9.0,49.0,14.11
ae7067dc50ff8d76343e68eef6056743,8c2fd1f7359cea19f4ec43436b8850be,5,25040,2017-09-22 22:26:41,2017-09-09 22:15:52,2017-10-03,13.0,-11.0,14.9,20.84
83b0477b008e3812dff132416bf98c83,c0bcf2bb8a872c09da87c174a0f4e21b,5,25046,2017-09-29 16:12:59,2017-09-25 16:05:46,2017-10-17,4.0,-18.0,99.98,13.04
c2ed685e0bf450d14a38fd8992097563,046100ad996b1c80d13e7e90fccd0560,4,25049,2017-08-15 19:17:41,2017-08-07 17:35:03,2017-08-28,8.0,-13.0,49.99,11.85
538f8c88872b2572225433af17675ab9,fcf50b257e3e35c31244d4d78b760c44,1,25066,2018-03-23 00:12:39,2018-03-07 09:44:27,2018-04-02,15.0,-10.0,809.91,32.4
f1aa238057d693e49fd786c789e9c97c,c152d21bf4fc58f89b8644af56cdc116,5,25115,2018-01-22 20:50:18,2018-01-13 13:26:35,2018-02-05,9.0,-14.0,150.0,12.55
d60937a5040212adae6a85273ca40ccc,53d5e4affad7b33468d44e8eba9b55a4,5,25121,2017-11-28 21:09:15,2017-11-11 18:49:17,2017-12-08,17.0,-10.0,59.9,12.55
c30268d806697e2222e99691a0687d2b,8cbb6ada60ae90f4d6f76d2a7bb5e085,5,25127,2018-02-16 00:13:30,2018-01-30 21:03:55,2018-02-22,16.0,-6.0,99.0,56.99
373151c7f4cddb97bf00fc432ad940d4,6f532d76ec46fda0beae1633997d1409,5,25139,2017-12-30 13:38:24,2017-12-11 23:38:11,2018-01-09,18.0,-10.0,85.0,17.84
41305cceafec143f340663b7a630ce13,e1da6a380c23eec0e20231c7b695f47e,1,25148,2018-04-11 20:18:23,2018-02-26 14:12:39,2018-03-23,44.0,19.0,14.9,15.1
e8c31f8e9a58cbbff2bccaccf9cb626c,eacabc11d89126dfd871cddb597a0409,5,25176,2017-04-28 15:08:18,2017-04-20 10:55:32,2017-05-19,8.0,-21.0,19.99,16.05
40800d9c093370ee6b21991f6a20a071,27f190f6efe898d203f09dacc0d5e6cf,4,25179,2017-11-08 17:17:25,2017-10-23 08:43:23,2017-11-23,16.0,-15.0,45.9,16.11
092cdec99cff69fcdc97cba1f600ee28,2d7c53f72873bc693d040a48c3f2b5e1,4,25193,2017-10-26 17:44:01,2017-10-13 14:57:28,2017-11-06,13.0,-11.0,99.9,21.5
b93dbea6228408d85e04f4a3f5406bc1,e351155ff64b9c7d91161289dc6e69c2,3,25200,2018-01-31 16:48:54,2018-01-04 20:17:29,2018-02-23,26.0,-23.0,173.0,31.88
3c4627e1dc671e11279e84b372eb90aa,b2d4f733ede00ab3acde121917de3df9,4,25203,2017-12-21 01:38:54,2017-11-28 15:27:09,2017-12-27,22.0,-6.0,109.8,33.78
200cad24bbd4529e6b4213aa9de30ca7,14154a306b926b62ae99f4ad34bfb206,5,25204,2017-10-31 22:32:51,2017-10-18 14:31:33,2017-11-17,13.0,-17.0,139.8,41.96
b106d525b981ed6eaf36e8f1e84a8496,d6d22504739cdf3c8ebce460d0a08199,5,25208,2017-04-19 15:30:16,2017-04-12 14:59:43,2017-05-08,7.0,-19.0,159.0,16.32
cfd782060de67c44a77df9a9df7b69c2,41a207671f292d00ffea01b171f2a30b,5,25218,2017-09-05 15:52:28,2017-09-04 05:00:16,2017-09-15,1.0,-10.0,84.0,15.56
90729a53369ffc280ea4a179bd337406,02c9b2b746777e4dadcf72941e5a010d,5,25232,2017-05-02 17:42:12,2017-04-14 18:09:37,2017-05-25,17.0,-23.0,194.99,23.29
d2cacfcca1563bba5ebc02360bb34b43,08f20d527e3a4331f254f4063920c6e4,5,25238,2017-08-02 16:53:03,2017-07-12 16:01:51,2017-08-11,21.0,-9.0,54.99,16.82
451081b03b891ad6886e6fa9776e73ba,7f95c99388c7aa1157d5992428f2e94c,5,25250,2017-09-13 16:23:37,2017-09-10 14:02:32,2017-09-21,3.0,-8.0,18.0,7.78
89a02c45c340aeeb1354a24e7d4b2c1e,0035246a40f520710769010f752e7507,5,25254,2017-08-28 19:14:03,2017-08-17 00:57:23,2017-09-06,11.0,-9.0,87.0,12.11
43ee2cae9fc48a6b4e73a105beb641b9,60180f4646c22066c948bddfa24cb0c7,1,25265,2018-01-10 20:14:39,2018-01-06 11:05:53,2018-01-24,4.0,-14.0,45.0,9.34
7d73e2ed6b935ab8a1d38bbb10c260d5,47c343d8d62ab013486081084cdffa2d,5,25284,2017-08-30 20:43:31,2017-08-14 12:00:32,2017-09-14,16.0,-15.0,261.0,24.7
00ebb33f82d352f07f0b19e8c6970036,3f72f5304e4f8c8cd61260e86c8fa917,3,25285,2018-04-03 00:36:42,2018-03-21 21:33:45,2018-04-16,12.0,-13.0,29.98,18.23
75c5e2ff39d3b3511774c552605a1647,6ea6f5d85441b7bfcccbc44e082d02e3,4,25290,2018-01-09 16:59:38,2018-01-03 21:03:30,2018-01-19,5.0,-10.0,179.49,10.07
845ecdf5a831f9ca61c0fff9e2933c8d,20c93204065c1cc43ac91fe4358f8983,4,25299,2017-04-20 11:25:58,2017-04-09 15:38:44,2017-05-08,10.0,-18.0,125.0,17.71
beaf33e3e25cf2dd78e99a6fc031a6ab,5851a5db9fdbecd7306fcb30f6a8e2d2,2,25328,2018-03-09 14:16:34,2018-02-22 22:17:26,2018-03-21,14.0,-12.0,56.99,16.16
a386bf6049370b7282106b54257f3932,21608598d187cb9b14e7b81978c0e6bb,4,25346,2018-04-19 21:11:56,2018-03-24 19:02:15,2018-04-13,26.0,6.0,130.0,26.99
fe7a8e59afcd90e2e28d3e0bbf3c10d6,0757cf1c2a32b4597b8192f2c4912adf,3,25371,2017-07-24 22:03:54,2017-07-17 18:44:08,2017-08-10,7.0,-17.0,89.69999999999999,35.550000000000004
ee94ba0ec6866addac34ff18cc5189d0,8ab0025e639ebf540367464e1c8c8d9b,5,25394,2017-04-17 10:28:14,2017-03-27 21:56:21,2017-04-27,20.0,-10.0,50.0,41.6
25a2925d6faebb6f2be55e87d310aeba,adc8df919d6fe4d55a9e8fd9e14e013c,5,25423,2017-11-14 00:13:42,2017-11-06 07:03:41,2017-11-17,7.0,-3.0,62.99,11.73
8ef19c25c547613eb79ff70af80d4f3b,c5a06d75e7ddf0ed779053a64ee08c7e,1,25430,2018-03-03 15:38:52,2018-01-14 14:17:03,2018-02-26,48.0,5.0,116.99,14.57
c327f1a7388a444ac33e8c1d82893028,d607cf247d8e19a82548c3a30cb2d173,4,25432,2017-09-15 19:36:35,2017-09-13 20:23:41,2017-09-25,1.0,-10.0,29.0,7.78
831727d2f7296efc560689a49f30043c,07fc346abda30b632be799f5b4be2bd8,5,25467,2017-07-27 16:36:50,2017-07-17 14:04:47,2017-08-03,10.0,-7.0,199.97,31.7
25fa6554fd731fa4cfe7b37eb911d489,2a2facd836dcb344b5af3736c563b1ac,5,25481,2017-08-30 18:42:31,2017-08-23 09:11:03,2017-09-13,7.0,-14.0,59.9,11.92
777849e53e5d9ff43d857b706cb91b49,a8c4fcc8e48fe5abc8a3ff717cae70f0,5,25510,2018-04-03 17:04:34,2018-03-31 14:44:43,2018-04-12,3.0,-9.0,285.0,33.87
cfe7421ee4c9b4876c1641c161363dc1,b0d704a2823bd5fc86a8b47a4671d219,5,25522,2017-11-24 23:28:49,2017-11-04 16:37:45,2017-11-29,20.0,-5.0,49.9,15.79
3686def5b2d7d5c3ab147a53daa9342b,812efffc01e68075f474355460720eec,1,25545,2018-04-10 15:36:30,2018-03-05 12:34:20,2018-04-20,36.0,-10.0,179.96,79.12
71b700d07ce366e34a309b42a4fde475,c6af04c6a72b5d587a620ad29c41dcad,5,25565,2017-11-16 22:32:34,2017-10-27 09:51:37,2017-11-16,20.0,0.0,1653.0,61.019999999999996
f7db8bc352c4be1f459cd07dabce2afa,7da444f9eb27358bfecfff2aa071e457,4,25573,2017-12-18 21:38:19,2017-12-11 09:27:40,2017-12-28,7.0,-10.0,325.0,10.47
50e6db892f13bd5209a9950a7a26ca37,3b0a023614a9b0c9d8f4bdbc98bd7b0c,5,25578,2017-05-30 11:33:29,2017-05-22 15:14:26,2017-06-14,7.0,-15.0,89.9,15.38
af1862947edc34c9d93600b16f505e01,4e1f85dd4d12e685a7cc827f2341e25c,5,25609,2017-12-20 12:18:33,2017-12-04 09:42:14,2017-12-28,16.0,-8.0,148.0,17.29
d8aad7acfa4af1cb745365c63b0fdb8a,d16b2207d93383dc91aa5da54cec3d0a,1,25636,2017-12-27 15:47:59,2017-11-26 22:51:05,2017-12-15,30.0,12.0,89.9,16.26
aa5251caad4b4b700bb23a28d4b22357,e8a7d3a84c7c313494dde4ab9d4d944f,1,25663,2018-02-06 22:13:25,2018-01-27 16:04:35,2018-02-23,10.0,-17.0,179.0,45.71
9ce5a16716e2c37e95776264fe64f49b,907ed6a0400bc09e3982627921b633ef,3,25668,2017-06-07 13:55:21,2017-05-30 11:54:04,2017-06-26,8.0,-19.0,129.99,15.66
f96eacc77236e147130a8eef79ea0abd,cc1cc1d6081f7f07a16cc1a3e4ba0b78,1,25676,2017-04-30 12:22:17,2017-04-23 18:13:00,2017-05-19,6.0,-19.0,179.96,28.45
48628424375bc2748eb89679dc256dfc,2942de5b4c34fa90c38954a9e86f7fcd,4,25704,2018-03-09 22:28:44,2018-03-04 21:47:10,2018-03-16,5.0,-7.0,69.9,13.08
094b07e7ac50efd203232b8072a5d38b,6e1544fdf72a0f33f9d87bc0a3c6aefe,5,25714,2018-02-19 19:23:15,2018-02-15 10:37:28,2018-03-02,4.0,-11.0,144.99,12.22
9fa707f7e2c69e301be475cb5266cb30,9707e5dd2b32ab5cc39155a27eb3d0ec,3,25748,2018-03-26 19:42:19,2018-02-08 21:15:15,2018-03-15,45.0,11.0,59.0,17.98
955d622a9f2808725bf777b546818d78,1e906c082a3aa57596a2fa25a7e6cf25,5,25751,2018-03-16 01:07:48,2018-03-11 07:54:57,2018-03-22,4.0,-6.0,15.8,17.76
5318f1b9dfc87184456d00e584197bba,e573bcbd71e063eb151e44500cd89360,1,25778,2018-03-26 17:45:40,2018-03-07 13:46:57,2018-03-23,19.0,3.0,47.49,13.71
b8e090517d7ceda43a68720f11bd5f14,43d3cc829a59f03af73f2a7fc9542ee6,2,25790,2017-05-23 13:39:44,2017-05-03 21:31:55,2017-05-29,19.0,-6.0,271.0,21.98
4f3cfb769d4b0250728fffe004674420,8b109a282174ec781c7c0793eda8be06,5,25814,2018-04-07 10:11:33,2018-03-16 10:33:10,2018-04-12,21.0,-5.0,89.9,18.51
ef31286320829b5e692f3560a5b4f33e,6b8c62c594c79c27167d9337676cd93a,5,25843,2018-03-28 16:41:59,2018-03-23 10:44:18,2018-04-05,5.0,-8.0,999.8,157.86
9d2f28bbd49c802fc9b2ca0c248f373f,64a954ed681af38362c928f1f6a7ec47,5,25848,2018-01-12 20:35:58,2018-01-03 00:16:06,2018-01-26,9.0,-14.0,72.2,14.26
49eece91b8c8c4b824bfb72222b20b1b,cd4828e8be3a0d85aa38a986e0f4db6c,5,25863,2017-12-13 21:18:46,2017-11-23 13:43:15,2017-12-20,20.0,-7.0,19.9,16.79
32ab61ca5b879b324deb8327c2797629,faa911f9ff46e53aedc9408c5d6a24ad,1,25904,2018-03-18 17:17:03,2018-03-07 16:42:57,2018-04-04,11.0,-17.0,74.78,38.08
6446897796cce442db509af44b66f6c0,40df8c3397a83c958da60d5ad1e1eb85,5,25917,2017-12-18 17:08:57,2017-11-30 23:01:57,2017-12-28,17.0,-10.0,229.9,22.1
2fa9a5594ca2b03870db3abc0f9c85d1,793c2f0661686b1d7e18efec8c4b43be,5,25921,2017-08-01 17:51:53,2017-07-22 15:14:36,2017-08-17,10.0,-16.0,84.9,19.83
92e417fdde5d694a1ea425cf9b2b49e8,ca1aeded94b48bff9b434a7512cee7ce,4,26029,2017-07-07 19:09:46,2017-06-07 16:36:57,2017-07-14,30.0,-7.0,16.5,25.38
a9a20293d2efb658f74c495a87d66889,d44b754260def6c94daa9e661e530044,3,26033,2017-05-09 16:43:57,2017-04-25 21:33:39,2017-05-16,13.0,-7.0,129.99,17.65
763e2f2624cc9b169aa8663a5f4bcb26,884fc1672d7c26265ce8f3b2e2369b32,4,26040,2017-12-31 15:19:16,2017-12-18 15:09:06,2018-01-15,13.0,-15.0,86.9,21.1
8beb1f690f41ee648f720f8e880696b0,74f2f26b7d6a438e241f9ad86133299c,5,26050,2017-08-21 19:10:09,2017-08-15 11:24:24,2017-09-19,6.0,-29.0,96.99,29.08
42627bb5e4eeeb04f87b3bbecf4aecfe,2728209b1b0553533bce4afc52716b60,4,26062,2017-11-01 19:18:41,2017-10-24 14:23:58,2017-11-14,8.0,-13.0,350.0,33.98
cf3a31fb8b41b00bb9373f4fbfc85560,688caf637d0fff2abbdcc0303cd47b1e,5,26109,2017-10-26 21:17:59,2017-10-15 22:41:59,2017-11-10,10.0,-15.0,129.9,45.37
0de9c898aa0d98dd8b87e97c0d48d929,1fac4d3f34c72501c48ff0db90773dda,1,26151,2018-03-14 20:14:28,2018-02-13 18:46:00,2018-03-07,29.0,7.0,49.9,17.6
3ddc8f8d1d698cef35d5842d936889d7,4e2160ff7a61b2bf4fbd2e527ea924d3,5,26154,2018-02-22 17:14:00,2018-02-09 13:48:17,2018-03-06,13.0,-12.0,38.25,16.11
e3e236cdd4742e6bf0ba7b9dcd987ae0,8bd56cbba10cec53a49503a4377ce707,5,26196,2017-05-16 21:58:44,2017-05-10 17:15:52,2017-05-25,6.0,-9.0,13.99,9.34
54d824a3d2fa186479f45be0124197fc,5d0b508f52e300518b26bdf4807a29a6,5,26221,2017-10-27 18:33:35,2017-10-04 16:29:11,2017-11-17,23.0,-21.0,139.9,72.83
4c624a46623c54610530f6cd101f9d5c,44437f0cd12aae191555f66ce8dc2d5f,3,26223,2017-10-30 20:27:25,2017-10-21 15:07:40,2017-11-16,9.0,-17.0,87.8,34.41
f755307b1091b2966bbab504d3c3c377,6448b940e7bdf635ae69dca1b81077bc,5,26231,2017-05-17 14:47:56,2017-05-08 19:11:43,2017-05-31,8.0,-14.0,49.9,15.1
eed8548744fafd82a0d8583c521b45cf,a69a5c4111d73ce3dcdf4f24e97ef673,5,26257,2017-11-14 21:42:13,2017-11-01 10:59:19,2017-11-27,13.0,-13.0,146.99,21.52
73847c60cc6ac5907a19cb4195bd7dc4,b6b01d3d01c6df1ff950084e0f9ec7f4,5,26289,2017-08-07 17:22:54,2017-07-24 21:05:02,2017-08-11,13.0,-4.0,69.9,14.22
b8ed374886f9c26f0cf94d6384771dbe,fc664ce755b461e5eaa3acd0be4e2118,4,26306,2017-10-13 22:53:47,2017-09-27 12:56:13,2017-10-25,16.0,-12.0,199.96,70.4
a472f62b04706f2c86aef62d54606fb5,152caeaa0e795b4b0def4ce51a118dda,1,26309,2017-11-07 21:38:22,2017-10-21 16:39:45,2017-11-16,17.0,-9.0,169.9,16.95
c9eaf1112f022dde05be72ff59b47c86,9ac9cdfc539eaa872e8d0c652d660e6b,5,26412,2017-11-24 20:24:42,2017-11-19 14:03:22,2017-12-15,5.0,-21.0,129.8,49.44
be07dde7304c69f4815d4f25419b9cb3,3c5734985708da8eba1dc17768aacafc,4,26414,2018-01-26 16:48:55,2018-01-22 15:57:11,2018-02-14,4.0,-19.0,29.97,14.1
41488275b8fd909b109668932ab9f347,f6089c47bab18faae3d90c64cfb08481,5,26417,2017-02-09 15:51:55,2017-01-31 16:13:48,2017-03-03,8.0,-22.0,109.99,17.51
dcb122bede144c1805977e4ab7da785a,b38ee0ac5659615e52925c28caea5aec,5,26439,2017-06-23 12:18:50,2017-06-06 22:07:02,2017-07-05,16.0,-12.0,31.9,16.79
6af8c8236e877ac97cadc73058cc04b3,2d82dd44bd4ea2cb852068142568d5ce,5,26448,2017-07-24 23:28:46,2017-07-09 09:59:04,2017-08-01,15.0,-8.0,149.9,18.3
53e01ec64ab0e751da71418bf1c5656a,7bba6be8b33b014bb9523db5f992d070,5,26461,2017-07-12 17:46:11,2017-07-03 20:08:35,2017-08-08,8.0,-27.0,99.99,17.95
db638e85809a5035c3da7bdd9642e59a,a387e3f646077e4c82508f01a8b8c63e,5,26496,2018-04-13 02:32:55,2018-04-09 23:17:14,2018-04-25,3.0,-12.0,119.9,14.31
709904e4a624b2c19996f7e8e0ed42bc,17b18aa0bfdcebddefdf2d7da5718181,5,26527,2018-01-11 17:04:43,2018-01-03 20:40:17,2018-02-01,7.0,-21.0,84.99,16.35
beb257e6d4a74992119b2578209d5155,2e320ab86de835aa42cf9e69f54f9380,5,26572,2017-11-26 17:09:43,2017-11-18 19:50:31,2017-12-11,7.0,-15.0,240.0,17.93
a592f85c26494418948f46152e3715ce,46c5390f7670fb920f4ae9475c41cc5b,5,26599,2017-11-28 20:57:50,2017-11-21 09:24:21,2017-12-08,7.0,-10.0,18.8,14.1
d0539464930a2bda31d96b0db450c121,99239be2fbdb186e7285b71a4bd782ac,1,26600,2018-03-05 16:33:35,2018-02-13 16:23:29,2018-03-08,20.0,-3.0,224.8,56.56
07897675503ab1449405884274307aa8,135cf1fc795c1f5d5bde462f3bc10c40,5,26622,,2017-06-21 18:27:41,2017-07-12,,,47.9,27.5
584d497c6cf24bdabd1436060acdf3d5,2d48e0823cd1b60fcd0653613d712e27,5,26648,2017-12-05 18:41:29,2017-12-01 14:16:47,2017-12-19,4.0,-14.0,69.9,8.72
3040f4a8e74e49194a120f50ca90c41d,485ebaf1444009348caf87a4fcb8f0f4,5,26677,2017-08-12 16:13:42,2017-07-19 17:14:37,2017-08-23,23.0,-11.0,56.99,15.84
8721f0629397766c7fce4393e4613bcf,514290e30cb76393d6623ca6d7d79ee0,5,26685,2017-03-21 12:08:37,2017-03-12 19:33:03,2017-04-03,8.0,-13.0,99.99,15.91
cc579434b2ea3b8f4c575918420dae53,8f9b2d4a6cd80dc716a380365561a133,5,26737,2017-10-19 17:56:37,2017-10-11 15:12:05,2017-11-07,8.0,-19.0,171.0,26.04
649447bf2fcb5be2ab0304648797b2ed,f05099a928d90c394963b1f0d8360149,3,26755,2017-08-21 22:12:20,2017-08-16 01:56:09,2017-09-08,5.0,-18.0,132.9,62.900000000000006
4456c062c6d10585b9ca1d91b2753c7a,e99e0a939c251c9b2a412fd3136ce0ea,3,26762,2017-11-27 02:37:45,2017-11-10 17:59:35,2017-12-11,16.0,-14.0,98.9,18.26
157a63ea3c7d45bd386953f651636588,51c1232b13f85df0b7704af559d49c07,5,26767,2017-07-18 19:16:02,2017-07-15 16:28:04,2017-08-01,3.0,-14.0,32.9,12.48
a1947712704f80d836f2271af277e5e1,75580197fa1d006140091ea9e6ccdcfa,4,26768,2018-04-09 18:19:10,2018-03-19 11:11:59,2018-04-11,21.0,-2.0,99.0,32.61
014bb9d880369a341aec44c060de24d5,f3d641d9bf49ba992b999d270bef052b,1,26800,2018-05-04 23:22:17,2018-04-02 20:32:50,2018-04-24,32.0,10.0,149.9,25.23
7d02f4eb2feb119b854edcbabe18a44f,2c45c33d2f9cb8ff8b1c86cc28c11c30,1,26828,2016-11-09 14:53:50,2016-10-09 15:39:56,2016-12-08,30.0,-29.0,135.0,18.51
c4a9af87a8aa1fb1bbff8073e4bf8fcd,71a9bc15cae2d58e86e4be7ae0ddc592,1,26832,2017-08-21 16:50:12,2017-07-20 19:17:05,2017-08-23,31.0,-2.0,98.0,36.01
83b39e79df0d07bf4eb48e88cbde84b2,db2c7430f7ab0de1860b953f210f67c5,1,26839,2018-03-28 01:04:45,2018-03-01 13:42:27,2018-03-21,26.0,7.0,150.0,15.8
6ad8c76d396bbab2d478f92e0754df65,5c63934e8c852eed7a35438847d210c0,4,26842,2018-05-03 12:38:54,2018-04-11 19:47:16,2018-05-07,21.0,-4.0,55.5,22.97
e00caaef817a961391f0cd917606d60e,c77338848d4979e1c775831208262849,5,26847,2018-02-09 19:58:33,2018-01-22 14:16:34,2018-02-20,18.0,-11.0,149.0,45.12
abc2084e8b7f6610bfd8cef87b766e2a,5b4ac3ed0dfae10196fb525f4227ccf8,5,26850,2018-01-23 18:22:06,2018-01-13 00:26:23,2018-02-07,10.0,-15.0,74.9,16.77
b488f3cb0fe08ca383ecc74e1753f7bb,7c29f6fa9efcbf410b4bbb9362b9f7c9,1,26852,2017-11-01 16:19:42,2017-10-21 22:51:11,2017-11-21,10.0,-20.0,207.29000000000002,48.370000000000005
0c16080193a563918ba9957c1b676830,ae443cb420061bab1f2c5e3ad279fde8,1,26874,,2018-03-03 09:32:36,2018-03-28,,,,
dbe3e9e153d5f12a0255eaec5504b687,5a81cdb2dca863c852fc8e4f82f38f2e,5,26886,2017-04-18 14:06:27,2017-03-25 19:58:04,2017-05-03,23.0,-15.0,179.96,33.54
23c77631b14368bedd9208d598989347,e673b9f72a66b7dcb090a3a488f17649,1,26910,2017-10-11 17:03:13,2017-10-10 11:29:58,2017-10-23,1.0,-12.0,13.99,7.78
629fffeb1ef6226ffda91cfde105be50,082c7986084072affce4f8c0a20a39df,5,26915,2018-03-23 19:14:33,2018-02-28 13:15:20,2018-03-19,23.0,4.0,42.79,12.48
a02cc60c6c0d70c085412caf7cc029c3,9201f7a169a49789138b5f56b5190362,1,26972,2018-01-23 19:32:54,2018-01-20 18:36:15,2018-02-19,3.0,-27.0,118.89,31.3
750e22e73b8420d20eb15615fd25580c,05b771d711b0fa6d8ca9f42c3cc29f41,5,26975,2017-08-14 21:23:02,2017-08-08 17:54:37,2017-08-30,6.0,-16.0,58.0,12.75
b1fc5b2f18ceffcdd42e2df0087d5a64,eeb395f21c0508f1593722cd5058462b,4,26985,2017-08-08 20:23:54,2017-07-30 21:20:32,2017-08-22,8.0,-14.0,49.0,15.1
f6bb14a7e8f2977b4f88885a7d13d474,e4ab47067c4cce118537efb1938f87dc,4,27002,2018-05-03 18:38:36,2018-04-13 21:36:34,2018-05-15,19.0,-12.0,53.9,25.21
682b36e2d12a8e303f8bf25bfd7f25f9,2f78724a34b125e8d8a5f731116bc5ad,5,27017,2017-06-27 14:41:50,2017-06-18 14:32:38,2017-07-14,9.0,-17.0,19.99,15.1
0d3891246f5f2340a60591ccd29968cf,fc9d434ce58e80e3ce78dd7f69e22bd4,5,27025,2017-12-21 18:15:30,2017-12-06 22:35:17,2017-12-29,14.0,-8.0,70.97,13.52
ba7a3eb67716399c38061eeaddf868ed,01d601c4d70f016f1e32ee8e82d6d4c9,5,27026,2017-05-26 15:16:47,2017-05-13 01:16:42,2017-06-06,13.0,-11.0,229.9,43.98
0b0900da07e31d48f0f71163de880a49,77e1cc2ffec141e9953220a084af5951,3,27052,2018-02-22 20:19:44,2018-02-05 21:26:21,2018-03-01,16.0,-7.0,499.99,39.01
3819589b8bff450b6fd2a2a0eca50c54,3ea1b4858d6688d2e95448944536e6ea,1,27065,2018-01-28 12:06:54,2018-01-10 20:57:32,2018-02-05,17.0,-8.0,48.9,16.11
6559b6cf36baa035d587f8f016ac5ea4,aa78679c9f61a2896e5fe26761b6a8bf,1,27069,2018-02-26 23:03:37,2018-02-17 12:37:22,2018-03-09,9.0,-11.0,69.8,26.46
92e49e5d5ea4a8aa76c10fcf0fd90350,7d0a7957897551b77224fc297e8f6046,1,27072,2017-04-17 09:25:16,2017-03-01 00:01:30,2017-04-03,47.0,14.0,29.9,22.28
cb7bdb108b6e90bf968910046f41f782,420b64be551875169e87fb4a82d5fe13,4,27102,2018-04-23 15:28:34,2018-04-02 09:25:04,2018-05-04,21.0,-11.0,59.99,16.39
85ec35a54de7113caa36131c7ff5a06e,1594082890bd7c4672ab9c9e4949f305,5,27143,2017-09-19 16:32:54,2017-09-11 14:54:34,2017-10-03,8.0,-14.0,116.0,18.09
f5514a2ba66f803689f6429cbadd4cdf,c8897b5891a3195ee9cecf410341b589,5,27148,2017-10-19 21:39:45,2017-10-17 01:24:28,2017-10-27,2.0,-8.0,25.8,15.559999999999999
0d355fc85e14e1851a13f065774965df,65f0f32bf61ebe1f0fd39ef5c56a583a,1,27156,2018-02-02 21:32:52,2018-01-17 10:39:45,2018-02-14,16.0,-12.0,299.0,24.96
ad56efa0c028e233603c66f17fb57216,1066ee7e50cd5ffa03605d4bddb316cf,5,27163,2018-03-02 21:19:55,2018-02-26 11:40:04,2018-03-12,4.0,-10.0,325.0,10.47
c2fa8d5c078eaec5f2c61101b4ce3c5d,bbe5ef6ae6b2bb765568934d34dca44d,5,27195,2017-07-07 18:21:54,2017-06-30 10:14:42,2017-07-20,7.0,-13.0,572.0,37.27
d3b2361fe8086b8bf00f66d302b61c8e,8619606361a2ff5ac09a8da0f221e540,5,27222,2018-03-22 18:32:46,2018-03-08 12:54:55,2018-04-04,14.0,-13.0,125.8,22.59
a57b90bb3a912c498463ca553615da4e,3b36d8fb1fff95b2dbbdf1c90c944494,5,27252,2018-03-05 23:58:29,2018-01-26 22:32:51,2018-04-04,38.0,-30.0,159.99,59.29
7fe2b8e96584f3340c4ea7ee674efdcb,6ef39ba9ebeec91e5c34444a2c9bbb24,5,27283,2017-12-02 14:07:58,2017-11-24 01:36:16,2017-12-14,8.0,-12.0,129.0,12.32
c3a9c486f5d88c848407644135b9c807,01a75ac3dd000b7628a684be97c29234,1,27340,2018-02-07 14:59:03,2018-01-23 10:32:39,2018-02-21,15.0,-14.0,42.9,15.1
0342a4f8e2d6ff26d2978a2b4f835808,06263a9c3476eea0ca0fd70081bc7cda,3,27348,2018-02-28 18:52:00,2018-02-20 09:50:20,2018-03-12,8.0,-12.0,149.9,16.68
13dc863a7a418a8c42e4d9559884862b,300222059680c43ac9e49247244f8391,5,27361,2017-10-16 13:44:00,2017-10-09 14:05:28,2017-10-31,6.0,-15.0,43.6,30.2
a2cbe8c0cc4828f8797f53eb74cf2d3d,644d53f0bf14fc2b7b89008c00ef5f45,4,27365,2017-03-24 13:38:01,2017-03-15 12:21:55,2017-04-18,9.0,-25.0,13.9,10.96
c72086d5eeaa7cd6343735eb1e54848f,d16fbfb439fe82b7efb949345d70611f,2,27399,2017-09-08 20:17:45,2017-08-27 10:14:44,2017-09-14,12.0,-6.0,29.0,14.1
aca2efd0c009b93781695785b73b937c,96f7907d370d310cc46c4875701cb40f,5,27400,2017-02-22 12:51:51,2017-02-01 18:29:23,2017-03-14,20.0,-20.0,514.99,24.86
1aecda66dcf032ed313903ca7398a1b5,60d7b5480cf32dcb95bbd0155f6c6e36,5,27403,2017-12-20 20:23:14,2017-12-12 22:57:21,2017-12-29,7.0,-9.0,143.8,16.71
afc95498d3ad38166fe7da05dc7986ee,a048e5da1c33fe118dd9627eb8d35d16,5,27409,2018-02-28 18:56:52,2018-02-14 18:25:34,2018-03-08,14.0,-8.0,180.0,16.01
d5677a663c99d23328d751ca079834ca,dc65d81323bb8febba04644a959a6fc6,5,27418,2018-03-02 22:49:02,2018-02-08 16:32:21,2018-03-08,22.0,-6.0,120.0,50.71
042dcd8e4c2cbaf40f910141dbdb1cbd,8c55c1f57a0d612e7dbfe23c7376b612,5,27423,2017-10-23 19:25:12,2017-09-30 07:55:03,2017-11-01,23.0,-9.0,35.0,15.1
759abb38cad4c5649e2a0a9f6992fef1,83167649ca3fb63d1a7daada42232e14,2,27432,,2017-04-06 17:11:06,2017-04-27,,,2492.5,74.4
e502d7337d982d73d563ed544316684a,df3d38bb02fc5e5bc7eb264985ca97b1,4,27437,2018-03-16 22:08:59,2018-03-07 07:56:12,2018-03-27,9.0,-11.0,43.9,15.23
7537af38639983027a10b3840bd7c1a2,e99f1890d51b721509ed9db47fb0bca8,5,27460,2018-01-05 17:05:37,2018-01-02 15:16:36,2018-01-19,3.0,-14.0,75.0,13.08
72912f4807c953e4f2571393928ec3ab,7cb4dff15cb0bfae18db9857cf0455f4,1,27492,,2018-03-27 16:57:14,2018-04-27,,,126.69,53.14
b7c34850f0b45f511de286260b629f31,23fb82faac9266fd7373286d1d2fc02a,4,27498,2017-12-12 22:32:51,2017-11-24 14:40:32,2017-12-11,18.0,1.0,98.97,28.02
b8b7c7e88052d426e3f1f7df024f3f33,6605d4026bc07926d30228dc4de3f89c,1,27502,2017-05-11 13:04:49,2017-04-23 12:21:06,2017-05-23,18.0,-12.0,59.99,22.35
3a3ce5835fdc47c01119e361751c44ea,4c9fe44922012f11eb3505ecd89cb126,4,27504,2018-02-22 21:04:42,2018-02-09 01:05:22,2018-03-08,13.0,-14.0,569.0,18.73
3f7df077c073b82a48e4581445b7f16f,413a22d2dbe22795ff56d989a9ad09c8,5,27529,2017-05-19 15:27:33,2017-05-16 00:46:45,2017-06-05,3.0,-17.0,99.99,13.04
787818dddedefa07293bc14664f4a6ac,4ef36d7c9950e291544d3a68d123992c,1,27558,2017-07-03 16:49:54,2017-06-23 18:17:05,2017-07-21,9.0,-18.0,99.99,27.24
ea8ad51b446028a00253932e1c2c2ea5,2bdfeff498c8742708633364e3eeee08,4,27603,2017-12-17 11:59:03,2017-12-10 19:50:59,2017-12-28,6.0,-11.0,69.9,9.27
44944b63b9bb41f0cfc7d5d7c493f107,73dc3e4baa93bb0d493ffa7a8d1ffad3,5,27606,2017-06-12 10:57:34,2017-06-01 18:05:01,2017-07-05,10.0,-23.0,38.0,16.79
8a1037a0876946ed36a24cc1deeb917d,20020569f2b852ebd114b1373fb82aa0,5,27635,2017-11-17 19:56:26,2017-11-07 00:32:03,2017-11-27,10.0,-10.0,89.9,14.36
372940104c603182c7503ac091ae0bd3,9565cc0d085fdd4b53d39d15811ec913,5,27636,2017-09-21 18:46:55,2017-09-12 23:15:46,2017-09-29,8.0,-8.0,299.9,57.38
c4fb408137d666c5a1124c85dab6d517,fa970cce95e940c0f5adae718f25364c,4,27663,2017-10-24 15:32:24,2017-10-13 12:28:50,2017-10-25,11.0,-1.0,147.9,15.79
439b500e7b724bd99c57a8be9438afba,186fc1aa898961515ca374b0a320f6e8,1,27695,2018-03-19 14:26:55,2018-02-12 12:44:32,2018-03-13,35.0,6.0,209.9,18.72
21ea62aab3819bdaf13a6d92939ff87e,ecfc1ad7d40898a7862c0791430bf513,5,27701,2017-11-20 19:54:23,2017-11-13 17:12:35,2017-12-06,7.0,-16.0,16.9,15.1
182f3e9affa45fa21c1e02e1bd813e8c,dfc1b4e359ebb9f33946b6301b1d8ba1,4,27714,2018-03-18 16:26:18,2018-03-05 06:37:22,2018-03-26,13.0,-8.0,64.9,15.21
dde83bf1e23c4a7a6df1e5a53604d3e6,d8970edba4396fca8d53449f1942a530,1,27715,2018-03-27 20:53:29,2018-03-13 17:10:16,2018-03-23,14.0,4.0,144.99,11.64
3bb214e8d410c114837da67ab75165f7,37e0ffe09382d012cc039562b646689a,5,27719,2018-01-31 20:23:46,2018-01-22 23:58:22,2018-02-14,8.0,-14.0,21.99,11.85
4b286e0db2db074238b066a91fe443e0,af19069eeb42e10ffc3f2eadee886c49,5,27722,2017-12-04 20:27:04,2017-11-26 22:11:05,2017-12-18,7.0,-14.0,40.0,15.1
44e1517af654ffff4920683b1f6cbec7,ee74d6d02ebb3a2ec7b9038dbb0748e8,4,27725,2017-09-04 18:34:39,2017-08-08 14:20:27,2017-09-12,27.0,-8.0,19.9,42.38
84cabc30f97a349b59e80c6f4a782977,85753864d88f4986b209b6e2b035fd3b,1,27738,,2018-01-05 15:22:44,2018-02-05,,,250.0,19.0
8c45e97be6c3aa74ac2b6f49aba8a869,34933c9ece23c40d4591be765e2b7f27,1,27787,2018-04-09 19:48:46,2018-03-04 19:19:26,2018-04-02,36.0,7.0,146.9,33.9
428dabb6cfd7c308a3808cc7d70c6918,a8f2b9f64cddf499563efdb804537781,1,27823,2018-03-20 20:31:20,2018-02-23 12:58:28,2018-03-21,25.0,-1.0,149.9,13.18
32e543722e0942392c7b08567ba4a160,d3d8ef2ce0a669dfc3302b606f979f6c,3,27842,2017-11-28 00:38:55,2017-11-06 17:00:15,2017-12-12,21.0,-14.0,39.99,37.49
013dd58e8ed6eab89c99c58e4e2ac0d5,70c50ba283cdd637ec95a4c0b0821a7b,3,27852,2018-02-28 19:42:35,2018-02-09 19:30:28,2018-04-03,19.0,-34.0,79.0,13.57
801c0bdd7a66663ce656105ddd3ad369,bb2481cfc7467d4d8ee14699270dd7e8,5,27858,2017-06-26 17:22:21,2017-06-14 11:13:00,2017-07-06,12.0,-10.0,34.99,11.85
6507dd4ed3991705315c72b4a9cec8fb,0abb65aa29ab57e5f52f657d22b47648,4,27865,2017-07-12 21:14:35,2017-07-02 15:51:01,2017-07-26,10.0,-14.0,8.49,16.11
5cf749d3b3241fa983eccb2279127693,739677eada57f8079787189697f71d74,5,27897,2018-03-16 18:24:52,2018-03-08 12:00:34,2018-04-02,8.0,-17.0,149.9,21.1
c0f0e3a2e8957868617faeb9bff6f557,0c0432a85e60b5eae5f6b1e0c3ea9e0b,5,27904,2017-12-19 21:28:44,2017-11-29 14:25:30,2017-12-20,20.0,-1.0,69.9,15.24
563582221a3380e90e6cac7734f4f7fa,61782adcbc7367ccf0c14043586c9495,4,27910,2017-02-20 09:23:57,2017-02-10 12:11:25,2017-03-13,9.0,-21.0,104.99,20.81
c33cf36feadc68c520f2230608570704,f1254ee692815f607bd748f1b50423db,3,27918,2018-03-22 23:16:58,2018-02-15 17:42:31,2018-03-19,35.0,3.0,99.0,17.94
d78e13b1c1ccd14a815a76841d641b8d,164dbb4002232a772ca7a4c9b51eec97,3,27949,2017-11-23 21:09:31,2017-11-08 22:53:22,2017-11-28,14.0,-5.0,20.3,11.85
8eac6dc25fbd2baaf3b6cef832f5b837,3d521dbaec823d745bc7657d32442975,1,27965,,2017-11-24 13:16:22,2017-12-15,,,119.99,34.2
24ea0c3d4ea73a2e813b66a184e11ac0,263282727ab0aad6f73aa81e70ba88c4,4,27967,2018-01-31 18:41:26,2018-01-13 14:25:15,2018-02-01,18.0,-1.0,189.99,17.03
b31a7fe044fb2d43d5c489fb95443c86,80e86c7e6fc52912703025d155635dee,4,27982,2017-12-28 18:32:41,2017-12-12 22:26:30,2018-01-10,15.0,-13.0,119.9,15.59
21903cbba349d4b57b146139ef8ac99c,782fab126cb645c5b3a1d88c15760b03,5,28013,2017-11-16 20:26:54,2017-11-04 09:58:43,2017-11-24,12.0,-8.0,59.9,13.44
1cc18a5f2030f153543cdf34060be65b,933cae52f81a96867c679e5251c0a7c5,5,28035,2018-03-03 15:23:11,2018-02-25 20:10:26,2018-03-12,5.0,-9.0,76.0,12.49
6e385535a7e36edaecea6ba8dee14b65,aaeaacef40234696ca54078fe46acd5a,4,28071,2018-03-09 17:24:35,2018-03-02 12:59:08,2018-03-20,7.0,-11.0,94.9,13.0
f6615c63b80184a093ac5868f210ba6f,566fe59dc8f089f27c0e739a3891581a,4,28072,2017-08-08 17:18:00,2017-08-03 11:03:47,2017-08-16,5.0,-8.0,40.0,8.72
dbcd301b59c7e85e61c10afd146e68ad,d56564f21e612a588607e9ffb39b9d21,5,28091,2017-06-14 15:19:02,2017-06-07 20:11:31,2017-06-28,6.0,-14.0,22.9,11.85
77026baeae3b90e1bf2efa807b3f022d,14fda766f6a1e0a37886b3e8fcf8bde1,4,28128,2018-04-11 14:48:22,2018-04-01 22:38:52,2018-05-04,9.0,-23.0,129.0,37.59
be85ad4dc7015528991b25325f6ab5ad,914b9f8c467264d57ba0df4ee274dd0e,5,28136,2018-02-11 18:03:53,2018-01-29 09:34:13,2018-02-14,13.0,-3.0,136.3,9.77
02088d0214d536e417f715c195021bf9,df30286452a2054192bfb48c75e6287b,1,28157,2018-03-29 16:32:04,2018-02-25 13:32:19,2018-03-23,32.0,6.0,59.9,19.91
a6a8f42ca17e5a51044f031ba348355f,b077097dbd461edeee6d08a444ef1466,5,28161,2017-05-16 11:23:55,2017-05-08 19:11:58,2017-06-02,7.0,-17.0,69.9,16.25
29566cf8fccf318197b6d0be4b5d8738,a1102ae16d394581791ecaf53f5aec6f,4,28179,2018-02-21 21:33:49,2018-02-15 12:28:43,2018-03-02,6.0,-9.0,63.9,11.73
419a6faad4f3f3b13f754bb25db90e37,8f6d0c386da6a68373cf241e092c7331,4,28189,2017-08-18 17:43:40,2017-08-04 17:42:38,2017-09-01,14.0,-14.0,254.9,16.53
c78ad9800a93890c5d560780f37cb2f3,7df0be89ace3eb8776cd96ef3df0f12e,1,28200,2018-01-05 20:03:31,2017-11-25 19:27:31,2017-12-22,41.0,14.0,69.0,20.97
e912ac4603e9d5a2f53c56378a8fd711,3b47eaed57c2b8dbeef5f764194e5750,5,28212,2018-03-12 18:21:30,2018-03-01 18:52:36,2018-03-21,10.0,-9.0,750.0,43.09
e33f11accd34b7184958cd9356340846,389815397a4bcdf3dcf64b90c25b3140,5,28224,2016-10-16 17:51:52,2016-10-05 20:36:39,2016-11-29,10.0,-44.0,30.97,14.52
893a13cb902fc302be0275805d7aa534,c5bb8cf75ccd20ee373200ab31628770,5,28233,2017-09-06 18:58:45,2017-08-19 17:54:34,2017-09-15,18.0,-9.0,89.9,17.88
bea5afa0ff9757f17cd1e3a115d51fc3,2d2df7f4bac281e16cc44e1c74e87aa1,5,28240,2017-12-14 18:59:47,2017-12-05 19:03:18,2018-01-09,8.0,-26.0,199.0,17.64
37338bfc2c7bf880c8e0d5215a408c25,5e1c7d900683c3752dcb5908d72eed78,5,28254,2018-01-29 23:54:53,2018-01-22 21:07:55,2018-02-07,7.0,-9.0,53.99,7.78
b24192f1d214888dbd7ec5a908d9df03,d8a0ebd040a2059ee8dbec7e4055b927,5,28272,2018-03-31 17:16:27,2018-03-26 21:47:13,2018-04-26,4.0,-26.0,90.0,16.6
320e74cabf784c096f3427d84a18fbb3,216237ddbe1a6f6a13a749e580ccf469,4,28282,2017-10-04 19:19:05,2017-09-09 08:50:46,2017-10-05,25.0,-1.0,180.0,28.64
95fc19f51e1118b7dd86f49dba17354c,e1deab080b7d765ab23ffbbeaf062466,5,28314,2017-09-04 19:27:37,2017-08-12 20:33:46,2017-09-05,22.0,-1.0,170.0,27.51
c746313ec2420df059ef5a0c1edf727e,f28357a486107b748dfedd0fb138ca55,5,28321,2018-04-24 01:21:28,2018-04-03 10:56:17,2018-04-27,20.0,-3.0,52.9,27.43
5e1922a3f61d8447804eb25db1dea715,62bec84b920514dd9d777e095fb5be2b,3,28332,2018-02-15 01:13:29,2018-01-26 11:25:56,2018-02-22,19.0,-7.0,21.9,15.79
be6c274abaca174ac78659d073753560,11a767668748212864dd19e283d26b1f,4,28339,2018-01-22 18:35:26,2018-01-12 14:56:47,2018-02-06,10.0,-15.0,99.99,13.72
e4e8d4081e9b8c7205bec45a85002bf2,7d1195a1ae8175a0713fbeeedb018fca,5,28357,2017-07-10 22:47:28,2017-06-30 12:09:51,2017-07-24,10.0,-14.0,8.99,15.1
47404e8fa340a8ea8db30e63cdfe0966,a3115f34be015286911b92beba41be5f,5,28361,2017-05-16 16:34:29,2017-05-09 22:33:27,2017-05-31,6.0,-15.0,281.9,18.41
db1864c696747fbb2f6e7914bdc9d25a,4dcfdc517f6df36a4704bfb8e33688d7,5,28387,2018-01-04 20:18:54,2017-12-27 21:33:57,2018-01-23,7.0,-19.0,13.65,14.1
47149cb0838d329b36ceb8ce622a4c88,27dc63ff0d925a8edb761ba595e543ef,4,28392,2017-09-29 12:21:49,2017-09-26 15:15:34,2017-10-11,2.0,-12.0,89.99,8.82
2545ad6f2f5cc336f1bec0aa5f923bc5,586b28be2b8f5afe936887ea02ab3494,5,28401,2018-02-20 15:08:53,2018-02-12 18:10:07,2018-03-12,7.0,-20.0,99.0,19.93
27c23f74895a5643693407f4618d18fd,5a3b1c29a49756e75f1ef513383c0c12,1,28414,2017-10-22 14:43:54,2017-10-17 13:06:29,2017-11-03,5.0,-12.0,715.08,138.86
f9c18ec2ec4ced2bfbb16aa9d6921c44,5c9d1c87014d033ba9f70a7fb96ba7e5,3,28471,2017-02-15 08:14:01,2017-02-09 18:39:50,2017-03-08,5.0,-21.0,99.0,11.57
ba12ccb904b18c0537a807998d82ff5b,eca3ad869826b027ef93cf88ec6c0e44,4,28485,2017-03-20 11:51:26,2017-03-13 17:02:01,2017-03-30,6.0,-10.0,309.0,13.55
54adf644a7653709815f23f0e610456f,f55dda7072d923a3191dbca61f40d8e3,5,28570,2017-11-09 21:38:49,2017-11-05 09:53:54,2017-11-24,4.0,-15.0,16.48,15.98
560270939d3c4f3e356462f8b5a3799b,d44edbc930d60ec8a8d787bdda46334f,5,28579,2017-09-29 18:37:31,2017-09-20 23:26:02,2017-10-16,8.0,-17.0,70.9,26.82
1b8796fe8ade5766796c431039629dcd,b415a35a700ab8411988f58b4db6daf4,3,28581,2018-02-02 23:58:59,2018-01-08 18:19:20,2018-02-09,25.0,-7.0,86.9,21.1
7b82d97f13899670e780d3b728620ae0,dcc94a4d78476fb4123a1cfc3c8669f6,5,28638,2017-08-02 22:45:12,2017-07-17 17:14:41,2017-08-22,16.0,-20.0,117.4,48.62
558450e931f1e3ba971f87581d637bd0,58b87ea5983b516a65c22435901c83a5,1,28650,,2017-12-16 13:48:46,2018-01-26,,,144.9,20.5
86b834eb98d62a16509c2047f18b361a,d39683eb0cfa97adfec4cd9af343815e,5,28663,2017-06-28 14:35:05,2017-06-11 12:37:59,2017-07-05,17.0,-7.0,134.17,21.43
b856980173e26dfad3003ee61b16b558,37297c70ff1867f5ad4b215cc27fbe81,5,28677,2017-11-10 19:33:45,2017-11-03 13:26:21,2017-11-16,7.0,-6.0,58.9,14.13
f40117f5bb535b3575bd790ba7137d66,b1a3ef26d011b2ef46b8787429aab2a8,4,28686,2017-07-26 18:37:56,2017-07-12 23:21:28,2017-08-07,13.0,-12.0,19.9,20.84
514ef71d9bcff3a0c61898f22faf5b97,8ab162fc692c0698b0c3de0c76efc41b,5,28687,2017-11-03 21:38:34,2017-10-30 18:18:12,2017-11-07,4.0,-4.0,31.49,9.27
2660705650cd3b82b23a4e455c583f2c,30241f57ca64887323c3cb0c63b407bb,5,28696,2017-07-06 14:36:30,2017-07-04 13:57:39,2017-07-28,2.0,-22.0,29.9,13.37
42670fb123411bc7d1e31553bb78e1cd,e2cd740333fe4585ead5c50c61edb6a5,3,28731,2018-01-16 22:26:45,2018-01-08 21:24:09,2018-02-07,8.0,-22.0,144.99,18.26
1d456b070df9796a1a94674c543132c8,6257efd6f6189754247b7a4fe4a1fe0f,3,28757,,2018-03-23 19:24:16,2018-04-16,,,349.9,16.09
28ea534c5ef2fa3dfa51b7025106ae9a,a3a41920ba74a53e1b606c96bfdd6c23,5,28774,2018-01-09 22:30:03,2017-12-26 15:28:35,2018-01-22,14.0,-13.0,80.0,16.32
3fbdf605ddf20cf09500ace2463ea12c,77ca6260968df56621a018444bec0e59,4,28810,2018-04-14 18:21:47,2018-04-04 16:32:31,2018-04-26,10.0,-12.0,59.6,19.39
4cea1a9eaafcc6d86c847a04b5ed3f57,796815d64065ff9881199a4807c02415,4,28816,2017-10-27 18:30:13,2017-10-18 09:50:30,2017-11-07,9.0,-11.0,99.99,17.95
fd91747d4d8e20048792b0310859782c,b095ec7b830d94cc7e1b67fed0455c01,4,28820,2017-09-22 16:37:34,2017-09-20 11:49:49,2017-10-05,2.0,-13.0,24.99,8.72
cf15dd8084001fabedc71d1b6f78365a,aa9df3f4f57834f6997ff9c958411ce3,4,28831,2017-07-26 09:43:58,2017-07-19 19:06:38,2017-08-01,6.0,-6.0,79.9,7.81
8328543c957b15f94e81fdd22e58b70e,870a3cfbe4dab0f499a636a9fdeef87d,1,28845,,2017-10-08 09:22:19,2017-11-01,,,,
237de46f5a49f637c941c24691862566,2f1190c795ae566cafa5e988601a84b7,4,28861,2017-09-09 14:57:48,2017-08-31 07:31:06,2017-09-19,9.0,-10.0,3.99,11.85
8b08c8fd5796ea07ea0cd9ae60e7b3ed,1fda8d2bffbac0b2c801d71efbd710bf,5,28862,2018-04-17 21:03:55,2018-03-29 17:12:26,2018-04-27,19.0,-10.0,149.9,22.76
406ed82e411eca830b67e5682e98e219,f2b9ba22ee2c63afa897fbd904851168,5,28864,2018-04-02 21:46:39,2018-03-29 09:28:06,2018-04-11,4.0,-9.0,78.0,13.45
613059b81bbd3c2b7454ef6fceac75e9,edc3e43c9acea4a673df5f0dec3d7051,4,28867,2017-09-05 19:49:03,2017-08-09 12:13:32,2017-09-13,27.0,-8.0,129.99,29.31
65a7eb0d21c32eef818d59271c762543,a6a5d5673d42186a8b8b94ad29b59897,1,28870,2017-07-20 17:26:10,2017-05-15 00:45:02,2017-06-19,66.0,31.0,899.8,347.56
9391af8b406888b3804799346cedb4e4,af7849588d1bc245d9c07492a05db887,5,28871,2018-03-27 17:37:37,2018-03-17 01:47:28,2018-04-05,10.0,-9.0,110.0,14.13
48656dcc623756f5c68ad3257b9cc1ee,19e33f0786885dcf62a875bf5fc1b3f3,2,28875,2018-01-15 19:43:14,2018-01-09 11:46:32,2018-01-26,6.0,-11.0,250.0,26.26
214727c7112e82a4e70d9e883ad00de3,07dedb9d22cef1af1540ab753c537c4c,5,28907,2017-09-23 16:07:50,2017-09-13 10:19:09,2017-10-04,10.0,-11.0,99.0,34.05
a01ed4d01ffa58fb8629afbc60e0300c,9858ff80b8f867c868a4c476eda9122b,5,28976,2017-08-24 22:04:02,2017-08-16 13:27:32,2017-09-08,8.0,-15.0,34.99,15.1
e25457d29b623f8de0e581f3a916ad48,0d88b2392b18e01d23c582190ada0f24,5,29039,2018-02-02 11:15:46,2018-01-11 21:47:10,2018-02-06,21.0,-4.0,69.9,16.12
c242e479827e7a13682aaef18d83210e,dec35be986f60651db9bd0edded4ff75,5,29050,2017-07-31 17:27:36,2017-07-24 00:42:41,2017-08-17,7.0,-17.0,109.9,17.02
47c9ff73324303dc91d9d4fdba7e78e4,1ae9416cc460b54e019ac44ba53f5b1b,1,29078,2018-04-03 20:51:31,2018-02-22 16:21:49,2018-03-20,40.0,14.0,47.0,17.6
d64a9305cdb88d3460c1cba1496b9ed0,0f266223a9b8d9e61f09b6e50bf8a757,5,29085,2017-07-26 17:37:39,2017-07-18 23:16:31,2017-08-09,7.0,-14.0,49.9,15.1
966e96af2cd9e2fb2dacb5cbb75ebd43,ae5d90764ed49cd5e5e72cd3df5b787e,5,29086,2018-02-07 21:19:46,2018-01-23 17:02:54,2018-02-20,15.0,-13.0,89.99,13.65
e1b51704cf866f56b301f95c8668a398,b3cb8cbd307ae353c5bed2e6eec5c58a,4,29092,2018-02-01 20:29:51,2018-01-26 22:51:50,2018-03-08,5.0,-35.0,120.0,14.45
4349a99cb629ca2cf7f6c49a77930a9c,a742e3a941299687aed413c581a7dce9,1,29106,2017-06-19 18:03:57,2017-06-04 14:53:58,2017-06-19,15.0,0.0,39.9,8.27
eca5f323908bc6eaa703aa7d5c4fff78,c41fcb90e5c4e310d014634135fb1279,5,29123,2017-05-23 11:12:35,2017-05-10 14:04:15,2017-05-30,12.0,-7.0,439.8,34.6
f29eaa994c8ca16af80e74d7190e75a2,c1e6381e0212521187651df2d8d099de,5,29127,2017-12-15 19:35:15,2017-12-05 10:56:31,2017-12-29,10.0,-14.0,39.9,15.1
6443469102148c2fb7d5dad938b386c8,9211fd3895bb47e2540f63577341f7b3,4,29156,2017-05-15 09:51:51,2017-04-27 01:31:50,2017-06-09,18.0,-25.0,55.96,99.36
42102c9d6c4638b2386ab2963404fc35,cad0978e6d52213f4c78b26626fc40c0,5,29232,2018-01-24 20:13:09,2018-01-20 19:51:16,2018-02-06,4.0,-13.0,171.98,17.6
f5bd18ef1666cff2762104f5bed51b83,ff2a353ee8dfd97ba95c73cca4ed2636,1,29238,2018-02-01 02:07:13,2018-01-23 23:20:35,2018-02-15,8.0,-14.0,79.99,31.71
3a41eca2be5703c94978522241711841,c285661a8320d062c60574830bae4199,3,29243,2018-01-22 23:28:27,2018-01-03 10:50:21,2018-02-01,19.0,-10.0,599.0,91.68
f91b36e01b8d47ab4aa7bbf852e8322f,2d15f5afd65b730a72135678ea3487d2,5,29246,2017-10-27 16:42:39,2017-10-19 10:40:16,2017-11-10,8.0,-14.0,899.99,21.05
4994fe478b3f3ebda4db5988f417b6a4,fa350da9efbba83c2957b629bf6c2c7c,1,29297,2017-05-09 07:22:54,2017-04-22 11:35:34,2017-05-26,16.0,-17.0,19.99,20.8
d4333b3321012c1bfa9049bc9c3ba77e,a76350c88470281e23e8fb2a32fecd2e,3,29326,2017-10-19 15:42:22,2017-10-12 18:22:30,2017-10-25,6.0,-6.0,78.99,7.81
be608f299c5286b203ca789ab55bd908,447e8aceeed0daf26dc6c021e72b73ea,1,29361,2017-09-06 18:20:05,2017-08-27 20:30:57,2017-09-19,9.0,-13.0,69.0,15.23
821f31c091129e5dea6cd363c7b5a45f,7b7b366f9d788aefadee50f44974b9d9,5,29372,2017-11-16 18:33:07,2017-11-11 14:47:09,2017-11-27,5.0,-11.0,388.5,18.76
67b32c7d475f02d5722e4c682e148bd2,02b7cbd604df10c09427902dc682b0d3,5,29415,2018-03-11 18:48:31,2018-03-03 17:46:08,2018-03-15,8.0,-4.0,35.0,13.08
cc7ee4fc513efbddce1e1afe76d7985e,5ff6b97d147ddae53ab72fcabecf8103,5,29444,2017-12-07 21:06:40,2017-11-30 15:54:05,2017-12-22,7.0,-15.0,155.0,12.59
ae954fc04423d1dc74ef5d864381e884,914b6a66a8869f4e544071994451822b,5,29452,2017-06-19 19:27:40,2017-06-10 19:03:03,2017-07-13,9.0,-24.0,93.0,18.22
a7502e5873e3b7fcf5de2ff24fcb6749,da0e581c499ee074995f6e997ae5cb15,3,29467,2017-10-18 23:52:55,2017-10-12 13:29:49,2017-10-25,6.0,-7.0,20.3,8.11
51f034a2c5d1c5fb66f01ce5ba806524,cc72dd3008f4752e05206e1fdd08cc57,5,29474,2017-05-23 13:56:05,2017-05-11 00:36:48,2017-05-31,12.0,-8.0,34.89,42.3
b8340c1eca1a89e63f19bb11e6e1f4b8,a2860430c7bee71b1b90ffc78a95df6d,5,29505,2018-02-21 05:38:55,2018-02-14 18:27:03,2018-03-08,6.0,-15.0,443.0,19.84
c4bc62268fd0109bc2852472e80a77fe,7061cd4574453f33b42776247c247ac7,3,29520,2018-01-29 22:44:12,2018-01-22 22:42:18,2018-02-09,7.0,-11.0,99.0,31.0
9ba032bbfc84d3f84e75fcc1db72d8bb,22b9b43e76d76d237c9e5646e47fc6e3,2,29535,2017-04-19 15:34:26,2017-04-04 15:57:37,2017-05-10,14.0,-21.0,119.99,18.27
2708b91f084afb5634f729cbea4fc267,8e1e84cffb2c5174a4d5d9026c0a5013,5,29569,2017-08-03 14:17:53,2017-07-23 14:41:19,2017-08-21,10.0,-18.0,34.9,16.6
a70827b22c5f81c19d7674a4909ada0b,357f2ad2d9ea3e63b225cfee8ad3b2a1,5,29578,2018-04-19 13:52:37,2018-01-09 22:02:44,2018-01-26,99.0,83.0,115.9,12.02
d8757a5389416f1789ee8b094d7ae04e,d77b625d7bd6a5b92b35d07276d9f013,4,29621,2017-12-22 13:12:56,2017-12-11 21:19:09,2018-01-08,10.0,-17.0,28.9,16.79
4aefb5d8f092b9b1eee633c32eec646c,c2915f1e4570dc14bb429295f925507f,5,29646,2018-02-26 17:17:48,2018-02-12 17:10:02,2018-03-08,14.0,-10.0,408.0,50.42999999999999
e07ce2bfaa24d0f833944a3115409cd7,f42f2fb14ae6dc794ca8024222f22539,4,29678,2017-12-19 16:59:46,2017-12-15 15:13:05,2018-01-04,4.0,-16.0,25.0,7.78
040001387dba8164e025b9e919adc29b,91c96626f9e13b1b71a1f3e7ed52dd7a,5,29762,2016-10-26 14:33:48,2016-10-08 21:04:27,2016-12-14,17.0,-49.0,75.9,26.79
b727422067383ca9ea3fa360dda93ab5,23799ee0d85541263f0637d4b86d5e5b,1,29772,,2017-05-01 10:23:49,2017-05-23,,,39.0,10.96
577c2e09540e33fdc5ac57a07efe3696,aa06ee45fd9abfa1aceccdf308434387,5,29817,2017-11-07 19:34:55,2017-10-26 12:50:09,2017-11-14,12.0,-7.0,119.8,26.88
6559e05bd757ea1cecd207e35321ee73,60c293e54649a6dae7403487d4c21b2c,5,29831,2018-04-09 22:41:13,2018-03-20 21:26:59,2018-04-17,20.0,-8.0,169.9,17.73
f86b46c796a0d04c0183e7615b26d785,26ccd00e36dcb6270f76feff4f6dd560,5,29833,2017-12-01 13:27:34,2017-11-27 20:02:16,2017-12-15,3.0,-14.0,45.65,11.85
66e069de8fe2ec257001a81ef71edf9e,1fb143495c17f9d09e20b8016a8e5430,4,29877,2018-01-19 03:09:19,2018-01-07 10:24:26,2018-02-07,11.0,-19.0,199.9,17.65
ed357e477438655fc5cd276c389df802,14d64059935405be1dc46f30f7a123ac,5,29898,2018-01-17 19:12:40,2018-01-11 21:19:39,2018-02-09,5.0,-23.0,199.89,17.65
8b9c20a773458cb2677630794d2f43d8,0aa1d9509ae8e0c76c03ad7ba91dc81a,5,29926,2017-05-25 16:17:53,2017-05-12 07:59:02,2017-06-14,13.0,-20.0,136.9,43.37
0cf4da5b71d7fbcb57df7b14951c1b1d,76d1d5d9e614ab4fc54310fda49855b2,1,29965,2017-09-30 14:03:08,2017-09-18 13:24:40,2017-10-06,12.0,-6.0,56.99,16.16
db3a637628aefaf2744f5fdbb2c277ec,d27a9ded3675317af492f9c3449b8443,5,29981,2017-12-08 14:53:18,2017-11-26 17:56:26,2017-12-20,11.0,-12.0,99.9,16.46
32a25e0757674a313497e1ca6bf370ce,750d41eea698eb46b84a70de18de2a5f,3,30047,2017-09-22 17:52:36,2017-09-11 16:11:29,2017-10-05,11.0,-13.0,69.36,16.74
ac4e54da8e59cf81571ba4b498878edb,62fd94635a316b1af6e68fad6c4f3d02,5,30064,2018-03-20 18:52:46,2018-03-10 15:48:31,2018-04-19,10.0,-30.0,49.4,19.32
83a805ef45ce81ae25df400575e6430c,032cf17f7a713287e46999fddea6051b,1,30073,,2016-10-07 12:21:07,2016-11-17,,,,
78f97e5e30b6ddf3bfeae5d21ed2494f,44259226d73d340f929777553ecf199b,5,30088,2018-04-17 23:18:36,2018-03-30 13:36:43,2018-04-25,18.0,-8.0,299.0,23.17
713f91375ec583e2c444368e13128118,c7fcffa49558768b02ee67ce65140cc1,5,30102,2018-03-02 15:27:04,2018-02-21 09:20:41,2018-03-13,9.0,-11.0,49.0,11.85
2b23250c1943ea54f67b44ce18d8368e,d71d788e16267fd619e7cbaaa86e966a,4,30141,2018-01-06 15:58:47,2017-12-19 21:21:02,2018-01-19,17.0,-13.0,209.99,18.72
ac1001352ad3b724e3db6ff2a8cb896f,8b54ad5dd057cd34a1308553e2bba5dd,5,30147,2017-10-25 16:27:39,2017-10-20 09:10:06,2017-11-01,5.0,-7.0,119.99,12.04
5ab5ace545295c27446efb6d17f6fae3,2d59688444fe2c77837f198bb74f4485,5,30153,2017-08-03 21:11:00,2017-07-26 19:48:33,2017-08-21,8.0,-18.0,69.9,17.74
6083a0b5c27d3f8e2306bda47907e2d6,f12ef7eed107de3791b1db5b8cd4852b,4,30154,2017-10-03 19:22:17,2017-09-26 21:12:04,2017-10-13,6.0,-10.0,29.9,11.73
80dd0710d31787310352d9e5b841980b,136d740adc5aa0d3ad07f279eeb5b665,2,30188,2017-08-08 18:12:06,2017-07-26 15:04:07,2017-08-25,13.0,-17.0,84.9,18.83
ae4ec9dd87fb96ddc07e39f1964da14e,c344a383c1899d935f9b0123c7983658,5,30196,2017-05-11 10:00:10,2017-04-24 21:30:45,2017-05-31,16.0,-20.0,279.9,26.16
229b8597821c0d9721619d041a531aaa,8a32f78d59c6aec1ebdfaf5788bc84b1,4,30218,2018-01-30 20:29:12,2018-01-23 15:03:03,2018-02-20,7.0,-21.0,98.9,15.44
4251f4a7bd82beaacc4b100ab531c9b2,9b3c2b8781519d1fe7fe363c5a0e573f,5,30226,2018-02-21 20:25:58,2018-02-05 09:24:21,2018-03-01,16.0,-8.0,59.0,15.17
7dd4b4928b33785cf1274572af529c05,58535c8942c191304a6b7c1b33c33b4f,5,30236,2017-06-27 16:09:34,2017-06-10 00:43:02,2017-07-10,17.0,-13.0,69.0,14.23
4c9840a3b9b87375efba9bf79eba1fed,e2cbd2d1481ec11ea5c4b7060296548f,5,30244,2018-03-20 18:28:35,2018-03-12 11:05:17,2018-04-05,8.0,-16.0,23.0,18.23
8d73b057027ffcf88fef7edcc9dcc5c7,1e963f721d264f7633716e84f2554f07,5,30245,2018-03-14 20:13:38,2018-02-24 18:22:44,2018-03-16,18.0,-2.0,9.15,11.85
2f8fe33c8371f20039e9eab422b50a85,e39540a5cc5d31832456faa0dab449c1,5,30280,2017-03-17 10:53:33,2017-03-14 22:26:56,2017-04-03,2.0,-17.0,20.9,8.72
4023153f2159cc8d2a76f55deaba0f99,6a9325a3dbac8069159db1f701f548d1,5,30315,2018-04-11 20:58:33,2018-03-28 15:07:06,2018-04-23,14.0,-12.0,209.0,93.41
4cd8ffdca53bc8b80825746089e06f5b,326c5dc4aaf9daba2e0b813c4086156f,5,30326,2018-02-03 13:56:41,2018-01-14 21:58:40,2018-02-14,19.0,-11.0,64.5,18.02
dbe3b7ce2ecf90aab2fc0977dc4c2b4e,ffb73c3b138a51d4c3a2b7f60c5f5de7,5,30351,2018-02-07 16:21:43,2018-02-05 22:16:45,2018-02-23,1.0,-16.0,73.5,11.73
822c2917f7e1aae5c5d40ff1975e7e48,fe933df0fd385b69db30d4d517d67853,5,30365,2018-01-31 21:52:22,2018-01-19 00:22:17,2018-02-16,12.0,-16.0,149.0,40.37
4e906a6fa1ede67d86a6827532b00f8e,55ecd90110224e06df49c5cd8a6d3901,4,30376,2017-03-01 08:27:48,2017-02-22 09:19:58,2017-03-23,6.0,-22.0,34.99,10.96
8b22d7eae94c7eb4874b03c1ca43fdc7,113a61c584df74eef5d2f6e449d2890e,3,30407,2017-12-05 15:47:49,2017-11-23 18:39:31,2017-12-20,11.0,-15.0,19.9,14.1
e4e5935a0f2ca01e29de4f726864d58e,2b6f54b1e447bf7916396c36596c4e9e,5,30432,2018-03-08 16:58:47,2018-02-21 15:59:28,2018-03-14,15.0,-6.0,99.9,14.45
42e482182236616f38e5d33627bdbcb5,5c7ec55f4ff082a66c4ed58a2634af16,3,30472,2017-12-15 17:37:50,2017-11-24 22:38:15,2017-12-11,20.0,4.0,32.99,9.34
255a828926e58e5b127f63bb79aa189d,89561bab2f540ec47002eb8e0fbec2a8,1,30480,2017-11-18 12:14:27,2017-10-15 20:56:39,2017-10-26,33.0,23.0,63.0,8.27
e60f7c53e511e1d78b48da11ef6907d0,ba900c122a364faa9a3c7d271bc2308d,1,30496,2017-06-30 16:57:55,2017-06-16 18:12:03,2017-07-06,13.0,-6.0,44.0,23.689999999999998
43eb4cd714ab5ffb8d9a684ecef857b6,0f127f53a526c20902f9966a2a38846f,5,30538,2017-12-22 18:12:35,2017-12-01 12:26:53,2018-01-09,21.0,-18.0,31.9,15.1
baa840288258db29f58ffb4152b75a9d,5188cf1701fceace6ec6f14b40773f97,5,30619,2017-10-19 21:47:01,2017-10-10 20:44:59,2017-10-27,9.0,-8.0,589.0,15.62
1c6fd0be09b549e66b7782eb8d3cfe59,3e10da3f366b635d6a1e0d380b32da95,5,30642,2017-08-07 22:33:52,2017-07-25 16:48:08,2017-08-28,13.0,-21.0,59.9,44.27
e627d79775c872ef03f21124b4bcedb4,d813035bf048e38cbc188dec25b228c9,1,30648,2017-12-20 17:18:23,2017-11-25 00:04:49,2017-12-18,25.0,2.0,29.9,15.1
72c093ab1024d0e259fc91d9915c3873,9a8743fed3cc7a477eb92cb0ca0e7d26,5,30660,2017-08-01 16:54:54,2017-07-25 00:16:14,2017-08-16,7.0,-15.0,35.0,15.1
468735a09715713e8b3ae8c415ad1def,f10c009ca3eae0609b1ad632f68dcf67,5,30666,2017-08-05 13:39:38,2017-08-03 17:22:24,2017-08-16,1.0,-11.0,199.0,8.65
8d85c0160e660946259f4b50e75dbc4d,d475cd99eba7eab0c735010e849c0376,5,30688,2018-04-23 23:07:04,2018-04-10 23:51:54,2018-05-02,12.0,-9.0,24.89,22.06
a1351e2cb4969170060a30e3401596e0,3fdefa9c3acc81330a96d4a049368155,5,30689,2017-06-06 13:45:32,2017-06-01 02:12:43,2017-06-22,5.0,-16.0,99.99,9.51
b16489336077502ead111a82a0df0d2d,6266738a4093bcd12c6933661ba529c6,5,30728,2018-01-24 20:34:20,2018-01-12 20:29:11,2018-02-19,12.0,-26.0,99.56,15.45
baac5b111e58e99c1715d9269862ca4c,9564dd2ea4d0f6f0f66b46258208ff73,3,30768,2018-01-16 16:42:55,2017-12-27 11:37:34,2018-01-30,20.0,-14.0,59.0,15.85
0e0b79d9fc0ee15927ba7dc8d4f3918c,42ee4f991900767ba353278c7c4f4df3,1,30774,2017-11-03 18:51:55,2017-10-31 08:44:54,2017-11-08,3.0,-5.0,139.8,9.74
207608b278634faecc647ad768b29354,5aa16b50755d8657183ae7ea1a74543b,4,30780,2017-08-23 18:04:19,2017-08-20 21:34:05,2017-09-01,2.0,-9.0,49.0,7.78
083a2f691ff078f383753c0875899281,c0c48daac5ca760ce57d4e500886dc56,4,30811,2017-01-27 12:34:38,2017-01-22 14:13:58,2017-02-28,4.0,-32.0,29.99,10.96
d7295d6c01660e89c8965f1d443eab72,16587ab039631e704fecc41c056967a5,4,30825,2018-04-12 12:44:34,2018-03-27 17:10:20,2018-04-13,15.0,-1.0,315.99,14.65
66324736353b079d49b880c214c7f425,0e75e6ce3e632eb1473af3854f583029,5,30840,2017-05-02 13:47:08,2017-04-24 10:14:16,2017-05-15,8.0,-13.0,32.9,14.52
9da43df44d4750a3b0e4dc8891f7ea1b,e53874a6abcec503e0fd5d85948f36c9,4,30877,2018-01-15 18:34:47,2017-12-28 22:34:34,2018-02-05,17.0,-21.0,129.99,38.46
0b309a3dd442730e7ea90f7fbf4e0696,99f48f57d8e3a6f6bcc13902ee0067c7,5,30899,2017-08-01 16:57:27,2017-07-20 21:55:16,2017-08-15,11.0,-14.0,59.9,16.18
40abd7f9b2eab81bb6f612b6cf129a23,dfb10cbc46a4cb952de477a6ea509dfd,1,30936,2018-05-02 14:32:19,2018-03-17 15:16:22,2018-04-19,45.0,13.0,219.0,43.59
821d748e50f2de04af90fbbac4392e47,6aa95a55a7192fafe9f44fd9dfad3523,5,30946,2017-12-30 12:33:01,2017-12-25 22:54:49,2018-01-19,4.0,-20.0,49.9,13.37
903291b90cb4a58d3a9ff4833ae96272,a83773e7d7b0e1f26e479bd883cf744a,5,30949,2017-06-22 18:34:55,2017-06-19 14:05:47,2017-06-30,3.0,-8.0,119.8,23.46
91f1bd15566ed8690e19600723cac209,dc1b86dca769213b0db63c4922bd6a73,5,30972,2017-07-24 18:15:53,2017-07-17 21:13:47,2017-08-11,6.0,-18.0,79.8,25.38
71a52e6d41fc2c02c5435116f0cb9964,320a231a883ad030cfb2dead6f7bce85,4,30994,2017-09-29 19:44:56,2017-09-20 21:12:23,2017-10-17,8.0,-18.0,109.9,18.02
afd1279405fd9535d3e6197318ed16fd,90e5ad6118ea4ea07eb9de3aa9c698d2,3,30999,2017-10-11 17:38:52,2017-09-27 06:56:34,2017-10-19,14.0,-8.0,75.0,16.78
e0721973e0e1056cfaadcabfcd0b8eb0,bee70b1bdf09a04f13d64f908f9bce29,1,31001,2018-01-26 20:56:53,2018-01-18 13:43:56,2018-02-05,8.0,-10.0,58.99,11.73
f77419ad5e6fb91dba9c804e0c47659b,604d4cba9e93715603dd7bef8085766d,3,31004,2018-03-28 15:26:44,2018-03-06 10:30:13,2018-03-23,22.0,5.0,36.98,36.46
1f8908c71af979e034ac88fb43f928b1,56e7dc50531017cea79acb3edf5a9173,3,31012,2018-01-05 18:22:18,2017-12-26 13:20:13,2018-01-23,10.0,-18.0,75.0,21.02
82130302bbff00f6a74ffe7ab4e57781,b8bf848cf366061f0e9555337da2a9d6,5,31013,2017-09-04 19:06:53,2017-08-22 13:04:49,2017-09-14,13.0,-10.0,39.9,15.1
9541c1ec79d27a446697864a632757b7,3dfab3762e9575a44c3178ceea9823ed,5,31029,2017-06-01 14:50:07,2017-05-21 10:51:23,2017-06-21,11.0,-20.0,64.99,14.2
8217b780a5ec285d426e1d6d07f38d5d,00af53fdc2002f5b6a8f16db648e003b,5,31069,2017-07-03 14:59:32,2017-06-20 15:00:00,2017-07-10,12.0,-7.0,39.9,11.85
ee4ab255791b0c3ce21305d2ff0fde0f,18b0e5ee71617b58ca825b6ea8d94255,5,31112,2018-01-19 20:58:49,2018-01-13 17:26:02,2018-02-07,6.0,-19.0,56.0,12.73
6ce463ae4e2b61f6a2da075b0098c373,2f7427d25f9d7b23677de76f04079e0e,5,31135,2017-05-19 14:39:56,2017-05-07 16:38:31,2017-05-31,11.0,-12.0,13.98,14.1
f5a3fc71c66d581e522795a6e0caacb5,36bc3158d94ee7eb9405f0ac77259d07,1,31138,2017-09-29 20:07:25,2017-09-25 19:44:56,2017-10-17,4.0,-18.0,75.8,28.2
4a15380556c3c4a8fb8661bac03ad27d,7159096c5aa9be77f7f0c26c01ee9793,1,31202,,2018-03-15 10:06:35,2018-04-06,,,,
de0713478a49702235c14b7a83de8924,4dadcd5f9e682c17fdc6dded70c048e0,5,31215,2017-05-19 12:57:35,2017-05-07 13:53:39,2017-05-31,11.0,-12.0,26.33,15.1
a3b3ee8b181b8a1f4ae054cbeb3cd979,aca16651c2ea740d8dbad0da8c5fec2d,5,31233,2017-09-15 14:59:51,2017-09-12 13:59:35,2017-09-22,3.0,-7.0,19.9,8.72
8b2abb42409e5921e45dcb62fcc210ba,b5a1d012931f59ed905df201cf2aba80,5,31249,2017-08-11 15:57:44,2017-08-07 17:41:16,2017-08-29,3.0,-18.0,119.35,18.09
216ba414f0a493bb4b82a94937fec15a,4b30471e79d2d257fa289b154967b203,5,31296,2017-08-21 20:07:34,2017-08-11 16:31:00,2017-09-13,10.0,-23.0,46.55,18.59
b9fb4e42086221d9e0a9381b7880587c,64a34c8ee5041e4d48d904db6dade006,5,31335,2017-07-17 20:24:54,2017-07-06 09:52:53,2017-07-28,11.0,-11.0,14.9,15.1
820d14cfb1f07d6b67ca7aece2c0c0c5,ed69463ce85109f7c23511a77f8dc603,1,31339,2018-04-02 15:05:47,2018-03-07 17:15:20,2018-03-26,25.0,7.0,34.49,18.23
caf3f8a29115b69542c205d3b8ff71b1,aca6f9ca2dac5791ddb1f8d760ec394b,3,31370,2017-03-28 13:49:56,2017-02-17 12:04:05,2017-03-30,39.0,-2.0,115.0,25.3
39e7cd052dd515e143c00ad946b7405f,400b234a2cb11507d9c6fe2ff08b5035,4,31399,2018-04-12 19:46:41,2018-04-06 11:14:10,2018-05-09,6.0,-27.0,100.0,23.28
9e39bb39bcab95c40d95034a3a187142,7b27aa8a07339a1e651fce232621d0cf,4,31401,2018-03-15 16:58:41,2018-02-15 17:13:52,2018-03-21,27.0,-6.0,699.9,46.93
4a966949d317f6d783a2c515a6f3b83e,a0fb93bd5792f18bb55f4dde921ed0cb,5,31475,2018-01-03 20:05:23,2017-12-27 10:25:49,2018-01-23,7.0,-20.0,31.49,15.1
1731f8d3b31e8ca9e44cea781c0aa091,b0ef007a9f33ffd24dcfba02178afed5,1,31479,2018-04-16 22:17:47,2018-04-09 11:00:52,2018-05-02,7.0,-16.0,199.9,13.84
c8895855797fa891d36a4baf086e5d87,09245c021d29cc570d8d5ca0aefd0f22,3,31502,2017-12-03 18:52:12,2017-11-26 22:06:07,2017-12-15,6.0,-12.0,54.9,12.72
504a0ced013aff6820f66f7fe37d2946,f9697e263e9eec082f1ced4fa81d2faa,2,31512,2017-07-31 20:37:39,2017-07-24 09:26:03,2017-08-17,7.0,-17.0,236.0,33.17
fdf46a6c2bebfe65244e049b383a4fb6,9c40b23a90b1b14a52a437c385fdd2f5,4,31513,2017-12-11 18:17:17,2017-12-04 23:45:51,2018-01-05,6.0,-25.0,109.9,14.52
1b7d1bb88ea4b849d6064c5a3e43f1e5,b41304e99b5c1abf0181ee31c8b17146,4,31532,2017-09-13 20:22:33,2017-09-04 14:40:44,2017-09-22,9.0,-9.0,70.9,26.82
a2827aec6e50a47381d087482e1fc35b,76c675dc22e413baabf77157c12c5efe,4,31571,2018-03-29 19:08:53,2018-03-22 09:29:21,2018-04-10,7.0,-12.0,53.9,13.46
590a023dca25eb6f9614ad0755b02728,207899590ac0ec260af0446b68101b21,3,31597,2018-03-27 18:56:49,2018-02-25 21:43:00,2018-04-12,29.0,-16.0,422.0,17.0
91bf77d9b7f7d08360be98370ab4959d,02e827a9f1e829b50b81eb9e26588ed9,3,31615,2017-08-18 18:47:05,2017-08-11 18:32:57,2017-08-24,7.0,-6.0,59.9,7.78
f3238c5aa7bcaf8f6ebfb3eb44ab1874,1d432ff6ecb6a501752815ce48038a89,5,31630,2017-07-07 11:41:57,2017-06-14 15:47:06,2017-07-27,22.0,-20.0,59.8,30.2
9986e6a335a6a3e23d3ec89760665f36,80ff8e4db69c66d000da0845f52408f5,5,31641,2018-03-14 20:48:20,2018-02-04 20:53:03,2018-03-06,37.0,8.0,85.0,21.08
3ffcd4355b3deae13b83b364e8ad9f9a,71605d625856f93b1ef29569d3cb9c87,5,31649,2018-04-12 18:12:15,2018-03-19 10:57:52,2018-04-26,24.0,-14.0,115.0,18.69
64222d9be515cff85a4db15cccbba643,ae40d2ac0cd2d22399f561044c426e8a,5,31655,2017-08-28 23:13:38,2017-08-23 18:38:22,2017-09-13,5.0,-16.0,55.0,11.89
974bcc256b2eb27fd13883a1bf5c2b1a,c3a151fc45138447691e8231ffbca189,1,31696,2018-04-06 19:42:40,2018-03-03 21:12:51,2018-03-22,33.0,15.0,119.9,15.59
30d2c30490c3a7ab77b27dc111fd85bd,6badfcc75dd97eb3cce25aa4bc7dd773,4,31697,2017-10-03 21:13:16,2017-09-18 15:55:33,2017-10-13,15.0,-10.0,799.96,199.72
b8d272a3965eb17ad5d10edffcc62c50,f9466c5c1ba729ca78ab94232fd4e8de,5,31741,2017-12-06 18:30:10,2017-11-24 20:44:16,2017-12-15,11.0,-9.0,56.99,11.9
3a3260cbfe6aee0ce55f8f09ad5b5c62,09d91c794f1841e2af74d07d08518980,5,31751,2017-08-07 22:49:45,2017-08-02 22:29:10,2017-08-15,5.0,-8.0,129.9,12.36
836e63be6505eaccdfac1c61e941d838,1bb89d713790b13c538111b4e0e8c80f,4,31755,2018-02-02 21:33:45,2018-01-27 17:29:35,2018-02-14,6.0,-12.0,39.99,8.72
4b3ccd07cdf783015de2a29682f523e3,309378cec0942c01685b652408b9aed8,4,31771,2017-05-26 10:37:10,2017-05-24 17:26:18,2017-06-07,1.0,-12.0,139.0,9.79
945d211fa108e0d6a0ed9ff283e2fd10,79ba9ff956399f8ca9eaa802139851fd,5,31787,2017-06-12 11:27:45,2017-06-02 13:45:50,2017-06-29,9.0,-17.0,99.99,15.45
c18c1cc1d4d4a9ed1f60c23d6cab59a4,7f6ec42fa02aab4e3d25656e81bc7c8f,4,31794,2017-11-30 15:49:01,2017-11-20 23:07:17,2017-12-15,9.0,-15.0,69.9,19.73
2c4b7a5e92eb7c0bb93261c6d9f192f7,66d762e0419035dd8b19815070a2b8dd,5,31796,2018-02-21 01:32:40,2018-02-06 21:59:22,2018-02-23,14.0,-2.0,104.9,27.18
1e3172f36721462f3c8fe4fe0967337e,f7540aab098d4ad144b44ab17f44fa63,5,31844,2018-04-11 17:38:52,2018-03-18 13:02:19,2018-04-10,24.0,1.0,55.9,26.47
301f7db567b012e4e30a6841e54d05f0,4b1040aa6e3c7ff89edf86fa35c340f3,5,31859,2017-10-09 10:48:18,2017-09-21 22:00:38,2017-10-19,17.0,-10.0,59.9,17.67
736eaa074590b8f369940b0e1ab2b0bd,ffdee14e5cab83563d890d93e1d16f74,5,31916,2017-05-10 05:36:41,2017-04-29 09:57:46,2017-05-23,10.0,-13.0,29.5,10.96
d6ad19100ef82280bee33594ff0bc9d7,7f97f025c45cac922275120fdee4e062,5,31928,2017-02-17 17:06:01,2017-02-07 12:01:07,2017-03-02,10.0,-13.0,23.9,10.96
8c0258ef339f390dde84ee7db6dd774e,3022b6c855879429f3e89d2927384d91,1,31930,2017-12-28 19:27:10,2017-11-27 11:49:59,2017-12-18,31.0,10.0,99.0,17.94
cf8e025c20b8a989c50ef43597b0ab19,b7db45f8be850ed08d9790e874772966,5,31943,2018-01-08 19:27:36,2017-12-19 15:54:00,2018-01-23,20.0,-15.0,149.0,26.32
cedb92a344fff7ba05e4b6f812231234,e7645f2073cac65748cf53c69d5abea9,4,32003,2018-01-29 20:37:11,2018-01-17 08:42:16,2018-02-08,12.0,-10.0,49.9,17.6
dda461b8b39b721c226cd05c0cacfcd4,b3ea3f6381d1b6d2683698960134fe13,5,32008,2017-08-07 17:35:55,2017-07-28 15:38:34,2017-08-22,10.0,-15.0,76.8,30.2
a437aa824fd91235b82a7a19d4817f3e,727732b8eb487f1ff4dbd15c610f994e,5,32027,2017-07-27 19:27:47,2017-07-17 03:37:39,2017-08-10,10.0,-14.0,259.9,17.58
70aafcbc41ce61c5add256d1d6c3222f,fc3aa05d6850a6420531377b15473f98,5,32044,2017-08-30 22:16:50,2017-08-28 19:47:20,2017-09-08,2.0,-9.0,219.99,8.79
de21d3b10c68b2af7a9ac0e1da9a68b7,69f4f52c9fc3a2b6f7b72516075657d9,5,32049,2017-10-02 20:23:37,2017-09-18 17:57:58,2017-10-17,14.0,-15.0,59.9,17.67
5b4a4cbe3d06a3671e8e7398c3a9dc15,a459432bc27a00685ec5bec4367f56f4,5,32109,2017-06-26 13:03:55,2017-06-20 16:45:03,2017-07-14,5.0,-18.0,20.0,15.79
f2d9c7ae7e1a210da3cb18e99d19fa20,0df706c2c6b700754129d98ffef2b669,4,32133,2017-06-21 16:47:51,2017-05-23 20:15:27,2017-06-28,28.0,-7.0,113.0,29.19
fb08504fefcac7f2eaaa85afce75e631,cad08f9cafe86a00a19ad9376c356779,4,32258,2018-02-01 20:50:15,2018-01-15 10:06:38,2018-02-15,17.0,-14.0,35.9,34.15
7f3e632d72f36aeeb2fe96ea67f0a6c0,abd0736f947aa672d9254ad3cfaca4ff,5,32260,2017-07-18 17:45:57,2017-07-02 16:32:13,2017-08-04,16.0,-17.0,119.98,53.92
a3f24f87d21aeedb8b29449bcaef5ad0,11bbe550dfd1d9963bed46d85c6028eb,5,32263,2017-06-22 13:25:59,2017-06-10 03:39:17,2017-07-05,12.0,-13.0,99.0,15.44
165ef4b44bf335d0e443727b4b7c3564,95ade9e6c80f923bf69bb522ba96a7d0,5,32274,2018-03-08 22:08:31,2018-03-06 19:19:05,2018-03-16,2.0,-8.0,93.0,14.26
9368883ce1e93c2f755bf46f4b6e10d7,9289b2c9f04a99b28f563d5093612afe,5,32282,2017-06-28 14:12:09,2017-06-14 23:03:48,2017-07-19,13.0,-21.0,44.99,21.15
c632deb6c38d45c1593dd168338ba8d6,6c7b7abbea636930355172ccc20e3ee5,5,32284,2017-07-31 21:03:46,2017-07-16 19:11:28,2017-08-16,15.0,-16.0,22.9,16.79
27c7831c65de1b616fda21cfc9bbdf13,d2a63eace67f829427a227b535bf9b5c,5,32307,2017-06-16 14:15:38,2017-06-05 21:14:01,2017-06-28,10.0,-12.0,18.99,15.1
e527aecee7f6c317569cb93b02d1ac50,eaaee645b1c3232e02feea76ef993a9e,5,32308,2017-05-22 14:37:51,2017-05-10 18:13:04,2017-05-30,11.0,-8.0,69.9,15.24
f1fccbf702b99aaba9c44689a712dc08,86d0ef425e0811afd544b52543fb4152,3,32310,2017-12-18 18:23:48,2017-11-23 16:22:37,2017-12-18,25.0,0.0,175.9,17.67
350cd8f16e0b25f59e2b19d0bf730f2c,0e7ad202878ea453373e3ef15835ea33,5,32341,2018-03-16 16:18:43,2018-03-05 08:58:05,2018-03-28,11.0,-12.0,39.9,15.79
ab95084841af102998b617f9b29c66a8,a1f12bceaff1b0d9d2a457fca14d1fa1,4,32358,2017-11-10 13:12:07,2017-11-02 17:07:50,2017-11-23,7.0,-13.0,39.0,12.69
f8520bfca96df761faec14a2937e7075,bede49402c31f79ae1ea5fea8e67593f,1,32361,,2017-02-14 16:04:04,2017-03-21,,,21.9,10.96
6879721bcddf187fde2432de0384e12d,9052586928b38e6da1b27a7a467307e2,5,32367,2017-11-21 17:42:05,2017-11-14 15:00:26,2017-11-28,7.0,-7.0,13.99,7.78
a207811bb6a40cdec537252e4a4448ba,c4c9066b8b703b82bbaa0561244e0e0f,3,32370,2018-03-27 15:08:44,2018-03-01 17:44:41,2018-03-28,25.0,-1.0,204.0,18.68
aef55e3ea3de1357a396ae74c7b5c005,8b75cb6fd9531cacf7f2cb7dadf7467b,5,32416,2018-03-07 00:15:35,2018-02-20 18:35:00,2018-03-19,14.0,-12.0,140.0,15.73
9794a36ee24486e8fd607d578d8c4875,4189bed5bcc86231422a2c652cbd66c8,5,32419,2018-01-12 22:07:50,2018-01-05 16:46:56,2018-01-24,7.0,-12.0,69.9,13.08
c17780536585cf32ec904e3ec3af0cab,b91a17f9c1968b21a333460f687fe2a9,3,32429,2017-08-30 21:56:33,2017-08-13 13:09:12,2017-09-15,17.0,-16.0,890.0,176.86
96d0e35d4d053467939829ffb7295a29,097d716d21f2b46bb265aacacb716dc8,5,32480,2018-03-23 17:08:49,2018-02-28 08:05:57,2018-03-28,23.0,-5.0,43.98,30.2
4196ae82c9343b62531ee43e564dcae8,bde0741a772655fa11714bd0c359fc69,5,32514,2018-02-16 02:13:12,2018-02-12 12:49:47,2018-02-26,3.0,-10.0,109.9,11.97
bbda519729a908ede639c1e70df060e7,468196883cd3a3d826387fe94c67c92b,5,32550,2018-03-14 17:18:36,2018-02-20 10:41:50,2018-03-14,22.0,0.0,13.99,21.15
b06b6b70fd7e089fb20063250e384aae,dfacafa5fce5542f18db6d6bb7ed5d16,4,32563,2018-03-27 14:13:03,2018-03-16 06:33:51,2018-04-05,11.0,-9.0,85.5,13.04
87e23de0b742b6f5f58b81fd594b3c28,dd8c2ff157394afacbcc50a161e1af4e,4,32645,2017-07-24 17:52:07,2017-07-14 09:18:17,2017-08-07,10.0,-14.0,253.0,19.02
e0ad86ae3013359a3f5244e2d1829db7,2c04e9500d7402e891b3c1213847febb,5,32647,2017-12-20 15:48:20,2017-12-16 23:12:12,2018-01-05,3.0,-16.0,79.9,9.37
43a8a44ab7aef3b878f7630e18249d97,bb4b102d5638ad779ed3316a3a537680,5,32648,2017-07-18 20:04:58,2017-07-03 13:09:58,2017-07-25,15.0,-7.0,99.9,17.95
3dfb201379688502ba5e289baedce9d8,08ea65e91550ee222548404d16eb06b4,1,32668,,2017-11-14 23:59:15,2017-12-04,,,,
0a77ca646b0b9b7a209e97589adf9d88,aa1f345bb394d4b91fea04c459da45c4,4,32673,2017-10-06 18:30:02,2017-09-19 11:07:54,2017-10-17,17.0,-11.0,57.8,16.84
9dca57ccea013fcbc674b6c309d7d681,44ed09232a24ad29cf2457b2780e806b,4,32682,2017-02-08 08:09:06,2017-01-26 22:44:11,2017-03-10,12.0,-30.0,176.99,96.63
20ca25b79aecd18e0d5bb142ac83481c,53fcc6acefb2363ea775e316c810677b,5,32694,2017-08-25 15:09:39,2017-08-23 09:13:07,2017-09-13,2.0,-19.0,40.0,11.85
3f89732c603cea71b0ac8925734810a0,26cdf11da38117ed1bca961a210dd21d,3,32698,2018-03-16 18:52:19,2018-02-27 09:06:14,2018-03-29,17.0,-13.0,99.9,43.11
ef5bbea70fc8e3c47a1a7350ee288405,89c79b8e224ee3fb7c73bb47b6074891,3,32700,2018-01-15 18:21:47,2017-12-18 20:42:39,2018-01-19,27.0,-4.0,79.0,19.79
2f726f761a4b15cb694f0245c6e2fbf0,fc01b3ae390d2a2ed60bc4a3d68b577f,4,32723,2017-07-18 20:47:56,2017-07-06 12:53:06,2017-08-10,12.0,-23.0,159.98,55.56
b438431e04ae1ad0cb7ef798fb609742,769214176682788a92801d8907fa1b40,5,32734,2017-07-20 22:42:54,2017-06-29 21:26:38,2017-07-25,21.0,-5.0,89.9,15.38
2853a7a48bd098a324c449c46b5b0453,442651ec03ad04b3ba5cd034cc8853c8,4,32746,2017-10-19 16:05:41,2017-10-05 14:47:58,2017-11-03,14.0,-15.0,39.0,15.1
52632252782892317727260a87bc0663,a96610ab360d42a2e5335a3998b4718a,5,32772,2017-04-17 11:04:45,2017-04-01 15:58:40,2017-05-02,15.0,-15.0,4799.0,151.34
719522ef818288f19da45f51174692e6,d8e44f5b26cd539b50d9be42ecbe5d92,4,32773,2017-09-15 19:23:25,2017-09-11 17:58:12,2017-10-06,4.0,-21.0,39.9,16.6
ec3981fab180220b818cf23150b0efb2,157728e3687cd5012c1e732721098570,5,32809,2017-07-25 19:19:32,2017-07-17 06:53:07,2017-08-22,8.0,-28.0,179.9,45.11
b9ebdc5a46268f627e57192e229d1756,9ceb39f6dd30ca18e40696a0ea01d09a,5,32844,2018-03-15 17:19:46,2018-02-20 09:53:46,2018-03-21,23.0,-6.0,49.9,15.1
5d9c2f20cda9424f49c9b374efdc4d6c,77d4a04d4a453d14c0a086cfd2f00fec,1,32852,2017-08-29 20:41:55,2017-08-15 20:08:04,2017-09-06,14.0,-8.0,51.92,16.12
7ddf390ce7a5518f03c41eca6a7b0e83,fc1f487d0efab2d3865ea6a570eaa9e7,3,32910,2017-12-19 18:38:54,2017-11-29 10:09:16,2017-12-27,20.0,-8.0,115.0,21.3
b1a6518330aa667964713b531645e8cc,d3c64cf55752f7821e85e7ea9b9b3f30,5,32945,2017-05-19 16:59:52,2017-05-06 11:20:18,2017-05-30,13.0,-11.0,328.9,10.96
a85b6a49367b9e3221335335477cecc0,382a503d9d9928675c03cb26ea99b262,5,32981,2017-08-11 13:49:50,2017-08-06 19:40:37,2017-08-25,4.0,-14.0,49.9,11.85
fa075ac3a0c374d6601f8a6088ef2202,14fc11541ec454b0a370072e1e9f59a0,5,32987,2018-02-23 19:12:25,2018-02-08 10:50:20,2018-03-14,15.0,-19.0,89.9,15.38
3918306fc04f31c393a12070f6e66966,6e5fe7366a2e1bfbf3257dba0af1267f,1,32989,2016-10-17 13:02:21,2016-10-09 22:36:25,2016-12-06,7.0,-50.0,179.19,108.72
2383f0dbc5255336d180d4387f699d6b,9bed4ab223c0c29b12941aa6a1e524af,5,33012,2017-03-28 15:58:38,2017-03-11 17:05:35,2017-04-17,16.0,-20.0,99.0,29.62
03fc08eac0751ce9985de7ce9f2babca,ef22314f23b0d51d6d5566207622a6c0,5,33052,2017-07-18 18:10:13,2017-07-08 14:30:14,2017-07-28,10.0,-10.0,89.9,12.13
de8d95055e30778d2ff4948ee89bcbbd,5c5bbd6db76559427661810d806bae25,4,33055,2017-09-26 22:42:35,2017-09-13 22:56:40,2017-10-03,12.0,-7.0,56.99,14.15
a96fda7a3e66e732b44ac2e1b2c4b1a4,49a8c35e52085c0a43f03250d944f2f9,5,33113,2017-11-17 16:04:33,2017-11-08 11:45:40,2017-12-01,9.0,-14.0,253.52,82.86
6efc38737eb0d74253dd966131cc8fa1,bd59d6b6646e18c7a1a97a639ff49e0f,4,33129,2017-12-12 19:26:55,2017-12-06 16:08:05,2017-12-22,6.0,-10.0,33.0,8.72
a341b419477f2a5ddc5692c49ea08471,dc8ffb2856b34d44541032dff3d0eb5c,5,33177,2017-12-04 23:07:48,2017-11-24 13:14:18,2017-12-18,10.0,-14.0,24.5,15.1
67052479a4fa1afe0669b74c802bdf94,bfbf45695ada6f6c2b2bbf14d224aeb1,1,33222,2017-10-11 21:14:03,2017-10-05 11:55:04,2017-10-30,6.0,-19.0,49.0,11.85
578f4da6e5c2a5e41ce5bb3b72149d97,823543bada3fd3a5ba1f68e7a35fb9eb,4,33227,2018-02-05 16:45:47,2018-01-30 13:04:47,2018-02-21,6.0,-16.0,279.9,19.85
322b4eb14f967189c32b1fc3ca48f0b7,033bfdc56fab7dbb0a16e655b64b620d,3,33246,2017-12-12 22:21:41,2017-11-24 10:28:25,2017-12-21,18.0,-9.0,59.9,16.18
bdd9af1b949017d932c9192c3e7d1792,7bf8bf550bb28dfd0e4a5e4a69f73edd,4,33271,2018-03-08 22:02:20,2018-02-18 15:29:25,2018-03-19,18.0,-11.0,144.41,13.14
1f6cb0a32c3185a692e90d9c41f5a35b,9f1d0b98c248d6afcfd3c708a723edf8,1,33272,2018-02-23 22:08:28,2018-01-30 23:42:58,2018-02-22,23.0,1.0,249.9,69.21
1e1d95bc4470f9b22283022256736ecb,48139821eca38783cb43c48d98c0246d,1,33273,2017-05-15 15:53:47,2017-05-02 18:52:57,2017-05-31,12.0,-16.0,89.0,18.05
74b955c30b5fc25a9e601717bfdaa7cb,9abcbe39820292dab15332cef33e7a3c,4,33332,2018-01-20 12:23:58,2018-01-04 01:56:56,2018-02-05,16.0,-16.0,81.9,16.82
56ec62aba6849a51e8d44f7e452913c1,9c781d427857ca8dee49b22614eb9e39,1,33369,,2017-02-14 14:28:17,2017-03-15,,,960.0,82.51
d93cdcbc743e15fdbde578f0a0318cde,67b5c82e01dc9ea4d82fbd3d51e41bae,1,33389,2018-04-11 19:19:26,2018-02-05 19:14:46,2018-03-16,65.0,26.0,192.99,34.62
2f4b624d8c0815aa96996152b943addc,95f621764d58ab2736abbffb39a183da,5,33391,2018-04-18 01:52:31,2018-04-02 23:17:12,2018-04-23,15.0,-5.0,117.7,22.53
ef91d9cab214449079a3d4d759d7be12,5156f62d18510bbdc946ebbe9846a6d4,1,33412,2017-08-17 20:47:52,2017-08-07 00:18:41,2017-08-29,10.0,-12.0,51.0,14.11
97ccbed09d08fbf4319993a8332f302f,ea9c6e10bc27bfe0cf86e4cda482979a,4,33435,2017-11-01 01:10:31,2017-10-17 14:10:06,2017-11-08,14.0,-7.0,499.0,26.05
2de909c9653925c9bdb502826aaa6c1c,3f9c0ca2b7837ae6d1c8fa78e9b8e139,1,33438,,2018-04-08 01:39:07,2018-05-07,,,101.0,79.76
0d6117f95a276800fa12a15c95e3c511,71a18f4279fdaf6704d2edbe33065085,4,33448,2018-03-09 21:28:25,2018-02-20 21:31:57,2018-03-16,16.0,-7.0,68.9,16.92
d6c25339c2eb246c83d50a71fd10db27,9f226854839600f3e70c4faeb94e8790,3,33460,2017-11-30 15:41:49,2017-11-22 11:30:11,2017-12-12,8.0,-12.0,118.0,18.08
095aad8266643bb54c7c94c95ad06227,9013af48700a7fbe4c74378aa6d08ba8,4,33468,2017-06-29 13:27:25,2017-06-20 09:39:27,2017-07-27,9.0,-28.0,19.99,17.63
f8ff6ad6dd58c14a8f413df81692533f,badf5ea923341f29be3b4a8c59789a2c,1,33478,2017-05-15 11:21:45,2017-04-20 18:39:41,2017-05-10,24.0,5.0,49.9,10.96
ae0c4bea81f7dda866bd1ba12d235213,39d0bd05538b0d573193744390e86223,1,33499,2018-03-27 02:03:59,2018-02-27 09:51:00,2018-03-22,27.0,5.0,139.9,15.73
74ab7ac80dc53c27ed18376a5c877aa2,e2007b2e0b236f254ac322260a2dcb1d,2,33530,2017-05-25 15:15:33,2017-05-18 14:38:08,2017-06-09,7.0,-15.0,79.0,15.3
33398ef954c36fc495ede78794236858,9b4115e477837d876755fb7982d10be6,5,33575,2017-12-15 17:47:15,2017-11-30 16:11:39,2017-12-28,15.0,-13.0,59.0,17.66
7f6f018b5e0b30e5d55b731a289ad81c,75450feecb51c39e54f4bd4c74b867e5,5,33594,2017-11-22 23:28:26,2017-11-17 20:39:17,2017-11-30,5.0,-8.0,39.0,7.78
79f4ef63aecffeab2100dd40336fbd40,8dab252811afef5ef25d5cf29263f9fb,5,33616,2017-07-14 17:42:47,2017-07-08 14:17:21,2017-07-28,6.0,-14.0,17.8,12.69
11be3aff540c1d316b511f252f894243,8907bb31267526a99da12076a84a87b6,5,33618,2018-04-07 16:44:27,2018-04-01 22:07:00,2018-04-26,5.0,-19.0,1561.0,39.51
686d77fb3dc78f58b9a035a135f338f8,66baffa0f3497a9c772b66a607bd8c11,4,33631,2018-02-26 12:04:35,2018-02-11 19:51:24,2018-03-14,14.0,-16.0,179.0,51.12
4bf3813ab9a19fc60f7fc16e1bc86c26,b785f684c6c23dbfaa4467caac850e82,5,33641,2017-06-23 12:45:52,2017-06-07 17:43:32,2017-06-30,15.0,-7.0,69.0,14.23
7238d216cd28f4e1ee00e501d548f3be,bd7ed28cedb8147c71f09e3ab23c369f,4,33648,2017-06-26 14:32:56,2017-06-19 23:24:58,2017-07-20,6.0,-24.0,93.5,15.4
ccfdabbaaafa3fca11b09502fae7b34f,a2aae14e6eb568f6c2f82c7cc1d5e0f2,5,33688,2017-03-30 16:05:32,2017-03-18 21:58:15,2017-04-12,11.0,-13.0,12.97,16.05
8f51d98594cf08bcbbddfc2d2c015b8f,ebb7be9b346d08fc0d788e3b9e4bd02e,4,33701,2017-08-08 19:42:11,2017-07-27 09:24:18,2017-08-28,12.0,-20.0,79.9,15.31
1251980336177d66fa0036dd6319d805,6d4fbffb6862725cc8485066b8aca192,2,33727,2017-05-24 17:44:05,2017-05-15 21:29:32,2017-06-08,8.0,-15.0,99.0,35.06
61637d09337136d0345cb2ce26af0bc2,4b5e919faabfc4bfda408c4810e8aa9e,5,33739,2017-11-30 19:47:02,2017-11-13 15:32:29,2017-12-12,17.0,-12.0,199.99,111.22
a86b0b5e764e7413f0c4f8212cdf87e4,f5634bb229469454dc416165c748320e,4,33749,2018-03-28 22:37:33,2018-03-18 13:06:32,2018-04-05,10.0,-8.0,151.9,17.97
fbffa37f7cdcbb65bf26186fc2d72c1d,7602bfb77ab1d67fd9412ad0a048a221,4,33782,2018-01-27 16:08:55,2018-01-12 23:06:52,2018-03-02,14.0,-34.0,18.9,17.0
4d9b22bb7721725f662bf5d6a3c401c0,d089955a4f09c3d031b4a8b99017417c,5,33802,2018-01-08 15:26:47,2017-12-29 10:15:25,2018-02-01,10.0,-24.0,60.0,15.86
af135f6b9fe4969ec7eb84d13d8015d1,8912983ff47de54fb2cf774efebd8f09,5,33867,2018-03-29 20:27:53,2018-03-24 10:34:27,2018-04-30,5.0,-32.0,139.9,16.95
1e7d0ffde1025ee93214600c976ec55a,95606e8113c2e8087c09cffe458fbf82,4,33911,2017-05-25 14:33:13,2017-05-16 10:15:30,2017-06-08,9.0,-14.0,109.0,18.01
3f2cfb774596b4d4c46e024ed0a9aba9,992d2942e83c306157957d54bf84fa18,1,33914,2017-08-22 13:40:06,2017-07-17 16:14:02,2017-08-21,35.0,1.0,19.99,21.15
333a6ca3cdb01f5f00e3e6be1f1236e1,44e608f2db00c74a1fe329de44416a4e,1,33938,2018-03-16 19:02:51,2018-02-28 11:15:41,2018-03-26,16.0,-10.0,382.0,37.18
04cd6a0b7c63fc0160a91ed6d1551fa8,23ef69b3ace250bf5783e918620f3919,4,33985,2018-01-26 12:05:03,2018-01-10 18:54:07,2018-02-09,15.0,-14.0,426.99,36.35
261f149a25821a9fc3c955c8f048bd18,d8cdb1ec6e73dc6a9fcf2b7700afaf3c,5,33993,2018-04-05 23:36:33,2018-03-18 19:56:52,2018-04-06,18.0,-1.0,69.9,16.18
08d8330aa401c1410dd3d432ac227059,7edf26c8a1e67ce26c2d1457302bd03e,4,34045,2017-05-22 11:06:51,2017-05-04 09:16:16,2017-05-29,18.0,-7.0,54.9,17.12
f057630759557e2f1c1eef74926e4eb4,0f35677b3f90e52b046a9bef4b72e1d8,5,34068,2018-04-07 01:22:12,2018-03-19 14:32:34,2018-04-16,18.0,-9.0,166.94,18.54
000d524a3c693e342d163912ad74f156,378e9f1b518253964f1e82f349d90b7b,4,34094,2017-05-16 12:25:53,2017-04-29 16:33:16,2017-05-24,16.0,-8.0,12.97,10.96
cd79e6d2f8db993e1697cb8f0b619d89,dd9943ad7ea7581875ddc0f452c13545,4,34128,2017-03-27 15:24:49,2017-03-19 08:28:10,2017-04-10,8.0,-14.0,45.0,14.11
d01a7c793c2e21b0547c5a9ebf0c7e5a,11c5dd2ae28c08beae350a88aa490d94,5,34138,2017-12-07 20:37:10,2017-11-25 13:56:37,2018-01-24,12.0,-48.0,49.9,16.6
b9cac1bae1aadbfa52c16c89cd587bf1,393a6c33172f80f95ddcb31d61f6368f,5,34155,2018-03-09 14:21:30,2018-03-06 14:07:38,2018-03-16,3.0,-7.0,116.9,9.71
93801d40cc9157c2f8a48ad51370969d,4a0c442614599b83a064e2889049712c,5,34167,2017-10-11 17:44:12,2017-10-02 22:17:16,2017-10-18,8.0,-7.0,54.9,9.34
599b30f18181e322e0af21e954a2ca62,fb98500e6403d8d8848509d3e8665aeb,5,34197,2017-09-11 23:23:37,2017-09-02 20:03:32,2017-10-02,9.0,-21.0,49.0,16.6
c0dbddf09fd95b793ac714e49b85422e,cd1eb285c53babf41b30ec658c0bf122,4,34212,2018-04-09 21:58:35,2018-04-02 17:17:33,2018-04-24,7.0,-15.0,180.0,17.8
2e9804f7f8fda49d8b9017a350f12506,e7a9fabed044b8b1a75e6b95dba9bd92,4,34217,2017-07-04 13:28:02,2017-06-11 23:15:23,2017-07-03,22.0,1.0,129.99,23.71
7d328342beb9e32fc3fa6a17a89de11d,cc6b24184c966c627e754fcdc80e9e53,5,34239,2017-12-28 18:12:34,2017-12-25 14:32:24,2018-01-15,3.0,-18.0,55.49,9.94
5fef13aa723027decf2c94be2be1f443,d6de1a325f87726ee52e1ffe80c35a1a,5,34244,2018-04-19 19:58:47,2018-04-10 14:42:59,2018-05-17,9.0,-28.0,29.9,15.23
fd49f53cfbcbd09684a10b8da42d18a3,3b2306ebbd3f8e2923984f42b2c03228,1,34263,2018-03-21 15:49:44,2018-02-22 20:46:34,2018-03-15,26.0,6.0,165.0,16.78
fca4e8f947af4262674bcc54623634ea,ebc291ccb847d85f438a0b661490ac16,4,34277,2018-01-30 23:22:58,2018-01-08 20:13:14,2018-02-09,22.0,-10.0,99.9,19.94
d1cb79ed4ac050fbc074f46c39bc7be8,d2dec7f70a6ba38a5391914f927ec6c9,5,34282,2017-02-14 11:58:37,2017-02-01 14:45:46,2017-03-10,12.0,-24.0,1049.0,52.83
2d8d4fcc85c4578b414fb4219ea7c9ce,65f6a8dfb1cacec52fa3c48df189b80d,1,34291,2017-05-29 11:07:56,2017-05-01 15:00:55,2017-05-25,27.0,4.0,99.89,14.87
7d39b52045371ae79e4a84f865dde30f,7afcff8a70c8694553a96a768b4c19c2,4,34296,2017-12-17 20:32:41,2017-11-28 14:12:44,2017-12-27,19.0,-10.0,86.99,19.85
683be9a590d0e58f86a55859d64ea42c,18e404d32cdbd8bd2886579e59240685,4,34312,2017-08-15 17:18:01,2017-07-27 18:11:15,2017-08-30,18.0,-15.0,199.0,35.19
cc8b435b8ffc30f5be01f4428007cd2b,b0afae22d864d70e1af1d87a017c71d0,2,34391,2018-03-29 21:18:31,2018-03-06 01:05:27,2018-04-03,23.0,-5.0,155.55,18.97
31cac050cf78fac6c0bb0b3298ca4b1f,4660bb9edc05ee0d35c8aeaa896f3300,5,34410,2017-11-21 17:03:32,2017-11-13 12:05:59,2017-11-27,8.0,-6.0,166.99,13.72
8031060ab70a7e9a1546d56d4265dacf,9f6183228aa32e890cd753d3efab7178,5,34437,2017-03-29 08:47:37,2017-03-16 13:46:58,2017-04-04,12.0,-6.0,27.99,10.96
1579f94334955cd2554cf2088246ac88,bb2481cfc7467d4d8ee14699270dd7e8,5,34452,2017-06-26 17:22:21,2017-06-14 11:13:00,2017-07-06,12.0,-10.0,34.99,11.85
4adfad59289a2e8a92288351b9f73137,ce2d26887805bd860b4ed0368e29ae95,3,34483,,2017-07-23 16:56:53,2017-08-17,,,69.9,17.74
a714208378ae149c5f8faf1f98aa6148,c1c74d57ba4aa420f6f3399f322cf82f,4,34494,2017-07-25 22:19:54,2017-07-11 23:37:59,2017-07-28,13.0,-3.0,209.99,31.77
5384c7a8ef3b23174912857ab9bfa5bc,1fa3a19d9a9a74d3fdff66289fa3ae7c,5,34503,2018-03-12 16:58:33,2018-02-24 10:26:14,2018-03-22,16.0,-10.0,29.9,19.59
b8e5797d2ca8ed375e8f83311831a24d,1b2e44e830918f5c5e04b447ba4e9060,5,34508,2017-11-01 23:53:42,2017-10-31 00:01:18,2017-11-08,1.0,-7.0,70.0,11.73
086f04a5241f862467d278fabf75c5bf,61c371c97bc39650300c359853390644,2,34516,2017-09-28 17:37:05,2017-09-11 16:29:02,2017-10-02,17.0,-4.0,130.0,20.15
e6c5dd3a877a2f307a0e7c552f36f338,ba58760d97361d60f4af393e41c236cc,5,34561,2018-02-27 15:37:32,2018-02-17 20:47:44,2018-03-09,9.0,-10.0,284.9,13.49
27ffb37f01062a8aeb87292405be9131,08cdab6e94bb86120c0041ba5ce8697a,4,34562,2017-10-09 21:16:46,2017-10-02 11:22:04,2017-10-31,7.0,-22.0,189.8,28.78
d5929cbfc117742be219a790da559f98,3b2ed015a009d565797abd448a431da5,5,34575,2018-02-06 02:58:45,2018-01-26 20:15:00,2018-03-01,10.0,-23.0,499.0,20.74
6a317a8d5424c8fcb577450d1dbb0f84,0497899302217e8f8ea8645ac33c1882,5,34578,2017-02-16 07:59:59,2017-02-07 11:21:12,2017-03-15,8.0,-27.0,99.0,22.16
3a915189f485b2d7be05e89ead82a731,60566939937556f587e9c32e761f794b,3,34586,2017-10-07 13:56:46,2017-09-12 11:38:22,2017-10-05,25.0,2.0,325.0,23.07
5d82d6a7a18f056c040adfb208885cf9,931f767ebd374809fb9cd373fb7939ad,3,34589,2017-10-21 11:36:53,2017-10-11 16:18:08,2017-11-10,9.0,-20.0,65.0,20.94
3ebbf97e30e1e5f64df12835f692a4e6,8f89a91120f6ee124abbabe2b1408c2f,4,34600,2017-12-08 18:25:39,2017-12-02 10:03:10,2017-12-28,6.0,-20.0,89.0,13.64
d7c0f0989f73213ed3657d351a26458f,efe4d1d166a22177589c829e967607bc,5,34612,2017-11-23 18:08:57,2017-11-19 11:42:54,2017-12-07,4.0,-14.0,20.0,11.85
761075a72b4b7f3081bec0eab849ec0e,4f037f852cf9b1a96760775d55221c33,5,34625,2017-09-27 16:10:48,2017-09-11 22:29:32,2017-09-28,15.0,-1.0,69.0,15.23
70b7856c7ce1fa7373698a8eb2b1f028,465ef1a4ae46fb48aa8645dd2b755a54,2,34627,2018-01-13 22:52:18,2017-12-03 21:39:07,2018-01-05,41.0,8.0,84.99,19.13
a4136b726fc1670b3fe57f93cc122686,ecc4c3f49c7e63c6fc8b2036fd78a185,5,34661,2018-02-03 14:48:35,2018-02-01 22:12:14,2018-02-19,1.0,-16.0,299.0,9.35
b6fbdcc20cceacf660a7955ad3a5a03e,6b7f286d1c41eb87f19bc62c31043740,5,34724,2017-11-01 14:35:54,2017-10-25 20:24:11,2017-11-24,6.0,-23.0,44.9,15.1
3d5424af0f1c70cea353af470c2b5160,67b0f99f4462dd93418ed97b21a6c725,5,34727,2017-10-21 15:47:55,2017-10-06 10:48:07,2017-11-09,15.0,-19.0,49.87,15.11
c14b35adae2b4cca743edf84b142a9cc,d02832494d9e665c9647bc990b1c24ee,5,34731,2017-06-01 11:48:17,2017-05-19 21:06:03,2017-06-23,12.0,-22.0,529.0,47.55
ca88c6dc48a1335bb86288250c6e99c8,c96e714ca972a71e1e1b2c77c6cfea86,5,34748,2017-06-05 11:12:09,2017-06-01 16:56:43,2017-06-14,3.0,-9.0,149.9,8.79
6c239af480c69d2a2d6a8098c5a68bc3,279eab1ce88064419806859e4575a10e,3,34750,2017-05-18 05:59:41,2017-04-17 07:42:23,2017-05-10,30.0,8.0,12.98,14.52
9794a0a2d80d1763896da4a7add769e1,dbe195a43ea7995d3af77d9cce165f89,5,34798,2018-02-06 19:41:31,2018-01-22 15:44:56,2018-02-20,15.0,-14.0,105.99,25.58
81a11ebeb420ddaaea6a6d58dce1e510,a878aea89f040852ba82d7366fb4360c,4,34819,2018-04-25 21:11:22,2018-04-05 12:39:13,2018-05-11,20.0,-16.0,74.9,19.49
b8649d1d77a8a0e3730232a8fb6bbd3d,0286e258217733541e80588e29c208c1,5,34936,2017-10-21 00:34:45,2017-10-08 20:37:04,2017-11-13,12.0,-23.0,58.9,22.73
b4bbd676dadfb27845eef14372527579,54174fa08b3ff11848811d5d92993892,4,34992,2018-02-28 00:38:57,2018-02-11 13:10:24,2018-03-06,16.0,-6.0,99.0,16.32
d6cdf8f329907e50e257bab02e2d1e4e,0eda4018077fe64a701b5af5b47dba15,5,35022,2017-09-21 21:16:57,2017-09-13 11:24:57,2017-10-05,8.0,-14.0,84.99,16.35
0c32a0d93fdfbc53e8ce2ead1b35e7fc,faa68fcba0ef1321e0c356db33de5293,3,35067,2017-12-13 21:44:58,2017-11-24 11:20:08,2017-12-11,19.0,2.0,250.0,30.12
9ccae622e1cd5c35c741a19ff5f766a6,7e6bd960caf2346257183fd4b6079a65,4,35072,,2018-01-28 16:38:33,2018-02-14,,,,
b44f9682476f4353d5eefa3eb8077f3d,985dbac2172bbf6b32bcca35da50d7a0,2,35082,2018-05-10 15:23:30,2018-03-26 17:56:18,2018-04-23,44.0,17.0,987.0,38.71
31851f81945c41d3fd19d98b45de1e05,f38d933ca0830750c110bf1a402d0d2a,1,35084,2018-02-01 17:38:03,2018-01-22 11:03:41,2018-02-19,10.0,-18.0,49.98,30.2
666291c927d08cb5cf5476da84dfe8da,7879a19dbf7ffa9e1063dfde96081185,5,35091,2017-12-05 16:14:16,2017-11-30 15:46:49,2017-12-18,5.0,-13.0,119.9,9.03
619cf0eb57c07f782e224fdb6aaf5cb8,118b09c1cf1b29c8401cb7833d29c10a,5,35100,2018-01-31 15:28:48,2018-01-09 22:03:32,2018-02-08,21.0,-8.0,196.9,26.22
46073589d908da60e6701a72e8fb2158,1cc4e549e16c732db4d9228fce789407,5,35179,2018-03-26 23:24:26,2018-02-27 09:57:31,2018-04-06,27.0,-11.0,88.9,42.65
5398bdf752bdcd467e6c9aeda08173a8,ab7247404a9215230d6977f0e1dfe5fb,3,35194,2017-10-02 17:27:12,2017-09-06 21:30:23,2017-10-04,25.0,-2.0,29.0,16.79
713de4c97498bf0f98e861d5581dc107,f5b582be9c6e306e36009285ca71038b,5,35210,2017-12-06 22:55:35,2017-11-24 00:30:14,2017-12-18,12.0,-12.0,49.0,17.67
45012b5d34d248cd3adeae9064277481,2e157e2216996cc38981cc6b4d26b9f2,5,35240,2017-11-22 18:52:06,2017-11-16 23:56:42,2017-11-29,5.0,-7.0,27.98,15.56
93a20309a25f33464b382ddc65ce7f87,45209aac6a969b88fd706d4e10804b8a,5,35243,2017-07-03 15:29:54,2017-06-22 21:56:08,2017-07-26,10.0,-23.0,254.9,19.06
d1cb099257e4af23dec0eeb4059acc49,6a2cd48884fcfc672cc393f247c04a19,5,35249,2018-01-06 15:58:57,2017-12-24 17:32:38,2018-01-26,12.0,-20.0,149.9,20.29
cb8addb0bc813876d2ecf372b6659545,45dcb58c5c287e7fdf32ba72e75bc177,5,35290,2017-12-14 15:52:50,2017-11-23 17:06:28,2017-12-19,20.0,-5.0,49.0,17.64
d7fc9f1b469f1774f87264b6e9101c1e,c69be353fa727fbeba5c4b39dfb9dbc8,5,35314,2018-01-16 17:49:05,2018-01-05 03:30:49,2018-02-05,11.0,-20.0,64.99,22.77
b6457dce3fe8d20c8d72be35f8821e61,fc92a3e6d1520d0e2ac17171a736ccb8,5,35316,2017-12-05 00:58:49,2017-11-22 15:30:37,2017-12-26,12.0,-21.0,79.0,16.99
43ee51779c7908176f3d05f6b9ce569a,92334fdb7655bac1a99685a2a4c09d25,5,35352,2017-07-19 21:56:39,2017-07-10 23:17:32,2017-08-01,8.0,-13.0,89.9,17.88
4c3b0330bfa40e3eceeab6968190a865,4071fd2362f826dbb5ea79880533cccf,5,35366,2017-08-25 19:06:41,2017-08-20 20:29:08,2017-09-15,4.0,-21.0,85.0,16.35
382a51d158ceb127f42175c6a35092d5,0cd0bff6841594d9006994fcfbf3e44b,5,35374,2017-08-16 20:39:43,2017-08-02 09:07:50,2017-08-28,14.0,-12.0,15.99,16.11
be9445152e3b482b3f5a62eb78f9e5ae,2abaeadd36049815bac47f33e2ad3789,3,35387,2017-03-17 12:08:18,2017-03-08 20:17:07,2017-03-31,8.0,-14.0,34.9,14.52
a912d20c8518bdcdec244fd84405cf81,25bf0be37db626d23704fecb85729aca,5,35412,2017-08-03 18:37:31,2017-07-18 23:13:57,2017-08-11,15.0,-8.0,74.99,15.27
2f9bbd2859c00c23076bd06bbc356777,7dcc606b3f901994e1d223bb4d9626ed,2,35423,2017-12-14 15:55:09,2017-12-05 19:02:38,2017-12-21,8.0,-7.0,49.99,11.73
c9bd464a0db3cb887c8cdd703f9ef740,4208d8402138f772f9c189a1859e1f55,5,35447,2017-10-01 13:03:03,2017-09-22 17:01:34,2017-10-18,8.0,-17.0,59.9,13.44
6b3c60712a2591b49c9828e8e4aa67ca,e01d0329ac61c8582a1c115d9af33530,3,35452,2018-03-14 18:51:39,2018-03-05 11:23:21,2018-03-26,9.0,-12.0,89.7,16.39
a51a9bca8396c197e49e3523834c147b,505a00852bc2f5b6d0b53b7a04c2fbad,3,35468,2018-03-21 13:56:29,2018-03-09 10:14:36,2018-03-27,12.0,-6.0,86.9,17.52
e8b19e41a4565dd0d8cb76fbe4feeb69,decd51240a83290835fb78029efd1f0a,4,35489,2018-01-10 12:42:09,2018-01-04 11:11:33,2018-01-29,6.0,-19.0,320.0,20.13
f4e9bdb7fae972b2c94d40c1deee11d9,40ef7aaf85b2ab8cf2281b9c7678468c,5,35492,2017-12-26 18:37:33,2017-12-18 02:00:11,2018-01-11,8.0,-16.0,219.9,17.17
cc54762f48a395d76bad67b38b7f2ca7,19f05b5a76e0e3f1df1ebaeef9bd2f8d,5,35512,2018-04-04 16:52:41,2018-03-31 20:23:22,2018-04-12,3.0,-8.0,1895.0,56.95
703e20dd08aa3c1fb583e9213dcc75e6,50a6272e4de975f1b97fca4f68157f84,3,35523,2018-01-08 15:19:40,2017-12-16 09:40:04,2018-01-16,23.0,-8.0,99.99,15.45
bcc16761a66303b55899d4aa254f4073,a87ac74e82a6dc5d976c350530f2655b,5,35534,2017-07-14 19:06:47,2017-07-04 13:37:14,2017-07-26,10.0,-12.0,889.99,20.99
f62add23efa1170187af17072e507aca,8277c9870ca20fd07d7d1a77992dc20d,5,35569,2017-12-13 20:26:21,2017-11-30 10:34:35,2017-12-26,13.0,-13.0,140.5,23.3
386cc0b2413357d64f89741b886b1d4f,3749ffb24b4dec6d0cab14cb31e4fa94,5,35595,2017-11-27 20:53:53,2017-11-15 13:09:18,2017-12-07,12.0,-10.0,196.5,17.2
08b14f5019e574219597c5b85a6fe11f,cbd6f379c5785a99687a2e00ae57b270,1,35602,2017-10-23 18:32:28,2017-10-05 19:31:42,2017-11-01,17.0,-9.0,120.0,18.09
346c48630a075f8fa3b5ff76d258b52d,47796e6b4e22f9fff93a657a183ff912,4,35628,2018-04-16 15:06:34,2018-03-12 17:19:51,2018-04-23,34.0,-7.0,54.4,24.51
1687a6633caff7089f46ff0765df68e7,df06f0bb9d267877652ac465e661b120,3,35703,2018-01-10 13:22:37,2018-01-07 17:00:53,2018-01-26,2.0,-16.0,238.99,10.42
325482207aabfb1666bfad0a72e3647b,baceff219fc0248362312e53ade80ec3,5,35717,2017-07-26 00:49:34,2017-07-13 12:39:36,2017-08-07,12.0,-12.0,28.9,15.1
34a05f6d1c7c47ff3f48c75def5c0de7,97bf52f3429b21123c9465fecfb66162,5,35755,2018-03-20 20:26:48,2018-02-28 09:49:55,2018-03-20,20.0,0.0,45.9,14.1
87765b23585f0c7389fd2c0b7cf512eb,46d2741b78a72c2f07bf0f3c34c4ceab,3,35757,2017-06-02 10:32:54,2017-05-19 10:02:05,2017-06-14,14.0,-12.0,74.4,48.33
7439cfd12b1197f4a5a3c20169cf4b84,4409a8e68e232a6718d156e93a58f3ec,5,35773,2017-12-01 20:32:37,2017-11-28 14:09:58,2017-12-12,3.0,-11.0,30.6,7.78
4c99b5e6348f000745b50dd4368776d8,de983bdf0e92645dd32e0ba39d8e7dd8,5,35782,2017-10-16 22:14:36,2017-09-26 18:54:55,2017-10-26,20.0,-10.0,169.9,21.59
0afd287021683c48755bb584f0616c53,e121d5d3ae614bc7cbd5eddba13b16fc,5,35789,2017-02-13 10:53:21,2017-02-06 06:40:56,2017-03-03,7.0,-18.0,104.9,14.9
e11404204fed1475068580c71cdfb4d7,5ddfffa95cf4bfa61a2ffa97f3dab85f,4,35812,2018-01-23 19:19:00,2018-01-16 16:08:48,2018-01-31,7.0,-8.0,29.99,7.78
3d9acf14f82165670c8a7ef43691635b,c05e7a155611cc12aedafb3d0440f105,5,35848,2017-06-13 11:44:03,2017-05-24 13:49:56,2017-06-28,19.0,-15.0,239.9,18.96
ca926440ae4dc7304992894921450723,4b505f3faa7d72b24398e54db4b0469b,5,35860,2018-01-29 19:18:40,2018-01-17 14:24:15,2018-02-21,12.0,-23.0,29.5,32.8
1583e86180b459c34e487ab18c3e0e07,71bcd4c93050ae4b9814ed49894c2a8d,5,35869,2017-10-19 17:57:58,2017-10-10 21:34:56,2017-11-03,8.0,-15.0,79.27,16.99
cbfb0d5571c2239ed512a7f3d572e17f,f964282723f7e8deef2e3054f5f790d4,1,35891,2018-04-17 17:44:44,2018-03-23 17:45:48,2018-05-02,24.0,-15.0,296.98,154.15
1d83ef56424576ad4faf763e2bde9f1a,549a64c18685183a33b68184178807fa,5,35927,2018-04-13 12:04:45,2018-03-31 20:55:30,2018-04-24,12.0,-11.0,131.99,25.71
b9c905be94ef4c4e52c12f263c50b660,43bffe408178fd5389e8ab84d5dc42d9,5,35940,2018-02-06 19:52:49,2018-01-15 18:07:10,2018-02-14,22.0,-8.0,59.9,15.17
dc3c411bd702597e3f10b2a8f8aab523,d699f9002b554ba113242e137107125a,1,36005,2018-04-04 17:12:47,2018-02-28 23:30:36,2018-03-27,34.0,8.0,76.0,16.29
f920fb6218e269d37accd3ef22f1b6c3,2c5835a7e64d6b55172fcb3d3e6cc811,5,36030,2017-05-30 08:42:17,2017-05-23 15:03:59,2017-06-14,6.0,-15.0,159.9,15.87
9445f5a87f969feee2e3c426df78f73b,9644729cf104f7870436481d24456834,5,36058,2017-08-30 13:37:33,2017-08-25 16:40:54,2017-09-08,4.0,-9.0,24.99,7.78
d5f8499c293115ab5a59b5c7e8def288,2f3187c040a5b2888773b44ae1c74c27,3,36064,2018-02-09 07:41:26,2018-01-05 21:29:54,2018-02-02,34.0,7.0,69.9,19.98
7facd9d621312205a9c72749bf52baf7,bb1af69d9c3122c683d442d8af845410,5,36067,2018-04-13 22:45:39,2018-04-11 14:14:06,2018-04-26,2.0,-13.0,122.99,8.63
bf0b76efc61e67b8d27219e8187954e5,3dfb708634f7341447767f4ee59fce95,5,36072,2017-09-08 16:31:59,2017-08-30 21:21:00,2017-09-18,8.0,-10.0,39.49,12.69
c97ec06564a89f385f858064ce4dd8cc,9bc3c553892cef890732e8688293dc9d,5,36082,2017-10-01 12:09:52,2017-09-23 10:33:21,2017-10-23,8.0,-22.0,16.9,17.63
90679c70f1df876fb9fc43339933fc85,a542a9cfa2781b4971db13cbb7ac88e2,2,36090,2018-03-20 20:40:43,2018-03-13 23:04:33,2018-03-29,6.0,-9.0,199.0,13.83
d96161f25d1372d84d720a97f2d0d0ef,5f5fa984fd9357997a52f936e8c0a08e,3,36104,2017-12-03 15:19:00,2017-11-24 13:06:07,2017-12-14,9.0,-11.0,127.05,24.74
17e871e6eb6bf60cd6b75d8f48df9aa6,faad6ca77667506aa6ca0fcb8a85e1c2,1,36110,2017-11-29 18:59:01,2017-11-22 12:40:24,2017-12-18,7.0,-19.0,149.9,23.92
2681a89ec833476bcf943ddb96c914d4,e6572de73e295b8613a4716a3a1f15d6,4,36125,2018-03-12 23:38:43,2018-02-19 15:20:06,2018-03-14,21.0,-2.0,43.9,21.15
3e45b1a0b220474c84e93b40d02082e0,77c65697055f082d537f537f084f9fae,1,36133,2017-06-01 14:43:53,2017-05-16 17:41:05,2017-06-20,15.0,-19.0,50.0,42.3
59346d1b6482cc5f1f6c48a0a6187cd5,6a6601cae4b43a36b3e89110c3a7f497,3,36142,,2017-08-16 17:18:48,2017-09-11,,,328.89,13.8
bf0948903854080fbc4f31d64d274d48,9a9a016a99c004915ea810b5fe0dd5f1,4,36169,2017-02-22 11:14:56,2017-02-10 11:18:22,2017-03-13,11.0,-19.0,139.0,23.96
f5015d1be0667672334c30f9a1fe1523,7bfbe70d2fa4f8b872ec86a7a51d099b,5,36171,2017-07-26 20:49:58,2017-07-18 19:08:27,2017-08-16,8.0,-21.0,59.9,17.67
cf0079b08d49b0159f45f7215bb48ba3,3d07c92da0c50282dac7ad3bcf564679,5,36181,2017-09-04 22:04:18,2017-08-17 01:47:44,2017-09-15,18.0,-11.0,14.0,15.1
0a4504b63ceda4a2757e797361265dce,c9971f16f56a5775573b08549b2621fb,5,36202,2017-12-17 12:33:17,2017-12-11 17:06:48,2018-01-04,5.0,-18.0,56.99,12.74
b0900f625c78268dcbd100da0594b60b,a7982d7c8e5f1fde0c06a1e958487a19,2,36210,2017-12-13 20:49:05,2017-12-05 11:54:47,2017-12-28,8.0,-15.0,91.49,13.66
fb79b950a18c45e3b106466fe3e83aae,5eaf68e00853a2cdef0e961bcf5aeab4,5,36216,2017-11-30 00:18:07,2017-11-24 13:30:59,2017-12-08,5.0,-8.0,150.0,8.3
dad64797e397bed32d9f51cc0f2e14f0,28a1f9cca638114ce8fc6ddfce2b7d52,4,36284,2017-08-28 16:59:55,2017-08-25 08:10:43,2017-09-08,3.0,-11.0,54.0,16.54
be23b6e4fba3f15000f38ddf464cdc48,74040cd9562ffaf774035a7eeb2c6327,5,36296,2017-11-16 22:38:47,2017-10-31 18:37:48,2017-11-16,16.0,0.0,219.0,41.92
b5c22581cda4df0503afe27eb17b621d,97553c366fcbfb1a3cd27514c50b34d5,4,36299,2017-12-11 21:28:07,2017-12-05 10:58:54,2017-12-21,6.0,-10.0,229.99,14.16
720e8aa7acee2f31637ec8e2eef412b9,7bdefc5deecbdd28629a32451fef120d,4,36343,2017-12-11 15:14:21,2017-11-24 11:11:58,2017-12-19,17.0,-8.0,52.99,15.12
c32324f558afafdfe24b585576550bef,c2808827e6da8f333dedcd02d172fbd7,5,36347,2018-03-20 19:23:32,2018-03-08 17:10:08,2018-03-29,12.0,-9.0,50.0,18.23
e9dfe40c4ddc2038a52664d71652c851,7ffcf0c67ae44cd430cf6dae850cb79b,5,36366,2017-08-02 20:54:32,2017-07-10 23:18:33,2017-08-08,22.0,-6.0,29.99,14.1
171d053d34595ad2ea4262be3dc31cdb,e6b52c8a1736370e10c2f79a52fe0129,3,36368,2017-10-16 19:42:37,2017-10-02 14:40:53,2017-11-03,14.0,-18.0,39.83,14.1
678f612fd38c1f5dd069284bcd7fa853,ebe6eddebae955b95268b2c70cdc019e,3,36405,2018-02-16 16:52:32,2018-02-06 12:46:45,2018-03-07,10.0,-19.0,92.0,17.89
df689417a824c662399014c372a2cbd2,d65585ccd99c854db1f1ff1618ddaed1,4,36493,2017-05-22 18:32:40,2017-05-16 11:44:40,2017-05-29,6.0,-7.0,49.0,11.73
d6286f634b5e96f3aacfb3a1a2798042,31926e0737274f789b936c32798f109c,4,36512,2018-04-13 00:37:51,2018-03-22 13:31:58,2018-04-27,21.0,-14.0,99.9,23.28
88502602681f9f372d997ef65ea749a9,9b402354813f3cab904867d9ca2dfc92,5,36523,2018-03-02 18:48:29,2018-02-18 15:18:40,2018-03-14,12.0,-12.0,356.0,18.25
02b2f7f2b7f9abf0a35281521f19bdc3,942ca92b6dd15a40d979cc95c6b8c761,4,36528,2017-09-20 11:37:20,2017-09-12 18:03:22,2017-10-03,7.0,-13.0,83.48,12.08
4dcdbd92efbddf89c6ece8d3b0cb6ad6,2e454cf4f81bec04aa0e7192f8252790,3,36552,2017-03-24 16:25:49,2017-03-13 08:27:01,2017-04-10,11.0,-17.0,34.9,16.05
b92da7fa0aca1495d336323cff856923,1fb19f4cd7486d32cfc488577cc28235,4,36560,2017-03-01 06:37:41,2017-02-02 11:15:31,2017-03-13,26.0,-12.0,343.4,26.89
8c7848d9d0a1606512519aac31ae038e,41629262d3ae14dfef6c779e80b3adc3,5,36576,2017-12-05 18:38:46,2017-11-15 19:03:17,2017-12-11,19.0,-6.0,19.99,14.1
5b8244162957f5fd3ed0a451ed0674ef,bebb91d877e74fcb3c9b0cf03d7f6e4e,5,36647,2017-08-14 14:28:00,2017-08-03 15:28:47,2017-08-28,10.0,-14.0,38.9,16.11
23ce710ec1ba8d72e049f99190b29eff,a9eec2aaf2814129ba011047ae8484b6,2,36664,2018-04-26 14:56:34,2018-04-02 20:49:48,2018-04-18,23.0,8.0,149.98,26.85
f415293c2ad7ef477c61b315c07e0ae0,ac67d8fc34e7d40fe10f3f99609eea60,5,36670,2017-10-10 19:42:25,2017-09-25 15:31:13,2017-10-26,15.0,-16.0,31.0,16.79
d61eebff355529b06a3c6d7cb7ad96b0,417575a363d3c393c6dcfcbbd67890e8,5,36713,2017-09-11 17:55:13,2017-08-26 15:59:53,2017-09-19,16.0,-8.0,91.8,30.2
26411f4bdf8a78d342e17acf3855e50e,718b42497723bf9bed7b3e37380e1a84,4,36733,2018-01-24 22:34:23,2018-01-18 11:03:24,2018-02-14,6.0,-21.0,47.0,13.37
cb061e9ca5ab73bd77fb87167291d972,2b4b69b119c4446626f617bd54ff3147,3,36734,2017-09-19 21:43:03,2017-09-05 18:28:30,2017-09-26,14.0,-7.0,16.9,21.15
4f01834baa95e8393c109248cc1fdcf9,7dc8487f60263dbf289600757f5c6f99,4,36753,2017-05-26 09:58:01,2017-05-22 22:21:31,2017-06-29,3.0,-34.0,19.99,17.63
885f81ec57c545a6c9eee239879edbb1,e9e856785fb0793e8ebc749b65858a89,5,36814,2017-08-24 13:44:36,2017-08-21 17:46:25,2017-09-11,2.0,-18.0,59.9,13.44
b3b7e4f1e90d7ce7fc2384540a370534,5745e260f636fdd0cef91f81a164631d,1,36868,2017-09-22 18:39:09,2017-09-17 17:01:49,2017-10-04,5.0,-12.0,129.45,26.939999999999998
7d9d1002f0a121217c8ba9a34062fb44,6f8c85df8511665fc02773d5eba0907b,1,36872,2018-04-06 23:08:37,2018-03-31 18:26:56,2018-04-13,6.0,-7.0,164.8,22.869999999999997
f666d7fb3941a51a35576d86bc88fbbe,e9e4f6c97c6b2d1844e0ab40e5c3a9d6,2,36884,2017-11-08 13:21:24,2017-10-25 22:06:10,2017-11-13,13.0,-5.0,139.99,21.63
c9a264d9ff7f9941c39510e8124afb21,9d7798901074855d45d6c586a0714942,1,36900,2017-04-28 12:29:14,2017-04-20 09:22:08,2017-05-12,8.0,-14.0,278.0,30.28
494c3989426b2271e20bbac41e6acf96,8c3d752c5c02227878fae49aeaddbfd7,5,36929,2017-12-26 20:58:33,2017-12-18 11:08:30,2018-01-12,8.0,-17.0,120.9,45.69
44b33be7e06ccc9291d9282a00df5d85,4fe73718f01ee4a8a5edb8f5c72d1994,5,36945,2017-09-01 20:52:00,2017-08-21 22:49:20,2017-09-25,10.0,-24.0,29.99,17.63
3f20ed65c3376cb90a45be2ea27e5a5b,e0cb1558bbe670b4cd84bf99bf93318f,5,36947,2018-02-02 16:08:40,2018-01-12 17:02:11,2018-02-20,20.0,-18.0,234.9,18.89
020d714aa7bbcd17ce3777ede56809d7,840d7cc10efae8ba460cc8ea84f1b6db,1,36955,2018-01-31 08:22:47,2017-12-12 10:52:09,2018-01-12,49.0,19.0,575.9,30.58
e24c4111ea3495180fc3c130ba59bc10,4c9030a09c44d1059676919ef4b11265,4,36967,2018-01-25 00:36:38,2018-01-13 15:18:32,2018-02-09,11.0,-15.0,69.9,19.98
68f77e33a1a37d69fe91326904d24045,a12ac41904fb4122fafbd91fbb9230ed,5,37054,2017-10-26 21:05:59,2017-10-20 10:08:59,2017-11-09,6.0,-14.0,77.0,16.79
a9cde7f5ea53b3ff12f5526e0e6ba418,464c56c0e9eba538c9ca10f000cdb6d3,4,37059,2018-04-28 01:42:46,2018-03-24 14:33:17,2018-05-18,34.0,-20.0,299.99,32.75
4aeb2ffeea254f598874f6248274244f,01f7d29898cf7c5fcb583a2a29508202,5,37080,2017-12-19 17:59:52,2017-12-11 01:09:44,2017-12-28,8.0,-9.0,39.9,11.73
201c8292d23f777d7112e1cc763a455c,c3a6dc9afef5794ea4a867b5a18e0ad1,1,37093,,2017-11-25 14:10:20,2017-12-19,,,39.99,14.1
1adbf471f5b16ba38eb5fc64f7fb0432,6912d1d57c7485dabdb724880c18671e,5,37099,2017-11-18 16:15:38,2017-11-14 11:44:27,2017-11-28,4.0,-10.0,325.0,10.47
94c7c995d5d4eb3d8a1b0dc4721ebfab,84115cf79df5dc6736a1c4ce08daf081,5,37102,2017-03-16 17:17:38,2017-03-11 15:57:43,2017-04-03,5.0,-18.0,23.9,14.52
1186675a140b8042c7a75c484b8e706e,78ef246c8a753452a6464f1f66603fac,5,37162,2017-10-03 13:25:38,2017-09-25 16:06:20,2017-10-19,7.0,-16.0,75.9,12.66
035f9d66ce3c83f431718c493e9db02b,55e2d723733c45033e71cb4d44690234,5,37168,2017-10-27 17:28:05,2017-10-13 07:17:42,2017-11-07,14.0,-11.0,69.9,19.73
624042c5c8e440d121e3fe4c15e1d7f2,0c5229491f40a024f07dacd49b445b64,4,37217,2017-08-24 18:55:16,2017-08-13 22:34:38,2017-09-08,10.0,-15.0,184.8,16.04
fc95279f1923ef747d020449381d7816,26a95c7a47327bed47c5651221bfcb18,5,37220,2017-10-06 16:55:33,2017-09-12 19:37:09,2017-09-29,23.0,7.0,160.0,16.88
b5215069fecb31f5cb7cf1a1b9012ecc,0c3e2dc4a3eeb282bd4df0b620dcff6d,1,37261,2018-01-24 14:28:45,2018-01-15 10:04:39,2018-02-05,9.0,-12.0,59.98,23.7
85bb68b01b52cbc63b0475fa1ba16333,3dd45cc3460f14bbe6c2249a8019a450,5,37290,2018-04-05 15:26:39,2018-03-31 21:31:43,2018-04-18,4.0,-13.0,29.9,8.47
b1ae4c10edee13a0d3737b7d5605653b,30c03e784f1c82b58bdbdf321132067f,1,37313,,2017-07-16 14:44:13,2017-08-08,,,99.0,15.45
c21b73739f96e68f214bd9410f214cab,b89abfd3664f6d278d90b13536d52364,4,37319,2017-03-21 09:08:40,2017-03-12 17:35:58,2017-04-10,8.0,-20.0,430.0,17.18
14b76fc06989cfc8b3d1651e96ba69a0,6545aea5d681938dc5f177dfe17b62c9,5,37330,2018-02-15 20:56:09,2018-02-11 22:55:27,2018-02-26,3.0,-11.0,33.0,8.27
1597a91e73fc16bd477e398e74a7d1b5,d71eba34205e5f3291c2360f8c64f5f8,5,37337,2017-04-04 16:19:59,2017-03-28 19:29:58,2017-04-24,6.0,-20.0,184.0,16.59
2f1a4863c07e6cc0d9cc966ac127ba2f,461db8ff8e4b904c586c0547afe2b8fd,1,37373,2017-07-26 18:57:31,2017-07-19 08:32:57,2017-08-10,7.0,-15.0,179.94,28.62
5244db8ee02b28e962ba4ed850e04257,ce702ac732df2f01cb1dd548866ae56e,5,37408,2018-03-19 16:44:52,2018-03-11 15:24:27,2018-04-03,8.0,-15.0,149.9,25.18
cc07f65f1898d3d2e235371b744b37b1,ec60b0d63f32dc9f14da8503a72af821,5,37419,2017-08-23 22:52:37,2017-08-09 22:45:43,2017-09-08,14.0,-16.0,150.0,15.8
e2fe92316bd173cbee84c5a6f6c7fb5d,c1a86ab051ab4567d31bd8ffc3feec55,5,37436,2017-04-15 09:12:20,2017-03-20 14:39:19,2017-04-19,25.0,-4.0,139.85,43.980000000000004
81dd13a4036187859fae87c7ea4a26d9,ca6e0694c46674d5f588f6e0e4ce4440,5,37446,2017-06-14 14:23:10,2017-06-03 15:33:58,2017-06-28,10.0,-14.0,20.9,14.1
3f051dbf71cf8e6dd11035d7e0f59935,4d5b79c88c8dba7bccfd90eb531c21be,2,37448,2018-04-23 21:39:37,2018-04-13 10:57:27,2018-05-08,10.0,-15.0,66.9,17.38
440bc74067e9d015bed8101fdd360388,42831051f86bdc3bea417f93d5fd981e,5,37470,2018-04-12 18:14:27,2018-03-21 21:05:39,2018-04-24,21.0,-12.0,139.94,39.84
c3f5a6ff4752b936e50b3548bad03fc7,d600ade4b93f1464f08161e661d9812c,5,37488,2018-03-09 22:10:05,2018-02-20 14:36:01,2018-03-22,17.0,-13.0,84.0,12.72
e39ac6c50e69a6141267f72b72a4dfa5,c259fd488a73ebbd67d79df856d4befc,5,37527,2017-12-13 23:23:11,2017-12-02 13:53:36,2017-12-28,11.0,-15.0,59.9,14.17
ffaec05533f660828a05c62ef0527950,b9bf3ca35663e0a6418676757f04ada9,5,37532,2017-10-08 15:16:57,2017-09-24 15:40:19,2017-10-17,13.0,-9.0,89.8,24.94
fce56bf0fa0af771bb9f65026c186b0d,507920861be390ea5beb588607e4b0ab,2,37568,2018-01-09 16:59:35,2018-01-04 13:30:02,2018-01-30,5.0,-21.0,139.93,14.73
254e1076a900c07d6f1dea1893bdeddb,2b02cfd07deb1e5bf28fea9334be0b9b,5,37579,2017-07-21 21:30:00,2017-07-14 23:01:23,2017-08-03,6.0,-13.0,184.9,16.92
aff09ad489e50f8d9b4d98e1ff92e12b,10bce195e3966122a3dd0e2aa676f761,5,37604,2017-01-27 10:42:38,2017-01-19 13:38:16,2017-02-21,7.0,-25.0,104.9,15.84
eaaa0ed3c5cbb672cbc410b2d501ac20,d02adc4aef085f611aaf9e975642926a,5,37621,,2017-07-28 13:42:40,2017-08-21,,,59.9,25.26
d31515045404d8c9374e2a4058f0e9db,487243d388612209472c309efc5e6442,5,37625,2017-12-26 18:47:28,2017-12-20 00:56:36,2018-01-16,6.0,-21.0,71.0,11.73
ea1020f752757ede329ca9e851f72aea,7b7dfd05d2c719dee808c63d56b8f218,5,37654,2018-02-02 15:51:57,2018-01-22 14:26:35,2018-02-21,11.0,-19.0,32.98,15.1
0fb405644097ceeb032abdcee109124c,9e5e54c4be8f6625005c76b7f8801ee8,5,37688,2017-04-05 12:42:54,2017-03-31 11:30:55,2017-05-03,5.0,-28.0,69.9,17.23
620cb6619e1c6b1073bb573b2f2b9cd9,e0c12aa623c335d47b20986efb7bbd74,5,37693,2017-09-27 19:35:35,2017-09-14 09:44:40,2017-10-10,13.0,-13.0,59.9,16.18
85619879fa97e55feecd6c9c994d5207,3e927dfcc405632ef96885c77e6e5d83,4,37701,2017-10-20 00:24:53,2017-10-10 17:15:26,2017-10-27,9.0,-7.0,239.99,17.93
819473e9de7cd7e8db30ad8cbb335053,189a53cf93264d51ff7b5a92601c7a34,5,37720,2017-10-24 18:06:15,2017-10-21 11:52:47,2017-11-03,3.0,-10.0,39.98,15.56
27ebe2f80049d514c1a07528c8dd2a11,55e6c58fec03654f425a4d47cf4631eb,4,37722,2017-05-13 09:37:37,2017-04-22 17:58:59,2017-05-17,20.0,-4.0,85.0,16.29
a80c35ba54a50c9326044cf128da716c,49c95c693647934576c041ce758a0310,5,37737,2017-08-28 19:36:36,2017-08-17 16:09:34,2017-09-06,11.0,-9.0,119.9,13.86
7070176bc477df8a6ce240d9b3493b43,cbcbf16b779a45730bd03de1dc68131b,1,37741,2018-01-12 22:17:40,2017-12-06 17:17:11,2018-01-03,37.0,9.0,52.0,17.61
25b082d76d9c9002d8f0d23138f5007b,bcafe5369145806f5c012da26c496a39,5,37763,2017-09-18 20:27:28,2017-09-07 08:14:06,2017-09-27,11.0,-9.0,59.9,25.26
92a80852ab2845d8362547405ddceb36,bf593abe2928b23b60cee1ff3471a4dd,5,37777,2017-06-16 12:51:59,2017-06-08 23:17:57,2017-07-06,7.0,-20.0,39.9,14.1
26f521d5a9950b726e74d8ed8c09eb41,8ff6ced519949488b47afc0e5af711f7,5,37785,2018-04-03 15:32:46,2018-03-23 13:54:56,2018-04-18,11.0,-15.0,190.0,36.56
b9210fbf5a6272afa1b4a639a01f591c,ac3ce7eda1246f39509a505242fcc169,4,37793,2018-03-27 17:59:32,2018-03-23 11:48:15,2018-04-05,4.0,-9.0,27.0,26.64
d28c98e4f39f8c336a894953d30952bf,768fa69faa8e49e877dd1612013472f6,5,37820,2017-12-22 20:37:42,2017-12-07 20:52:55,2018-01-08,14.0,-17.0,249.89,12.95
f5a96bae3875e03e7a9cad9ceacbe5d6,ec3321f3f4d722104c66e3935b6f1d0f,5,37870,2017-03-02 09:45:00,2017-02-12 21:24:43,2017-03-22,17.0,-20.0,59.9,20.87
ef01452c7ee92696c7cb9ccb784767cd,5f2905e9dc8966ce170d8d5f31ba67c6,4,37871,2018-03-16 13:34:35,2018-03-12 16:38:27,2018-04-06,3.0,-21.0,29.99,18.23
f99baf1c00dccd869e97e5e0230dbd34,60b8f5496f3fa2d3dbe08692dc63b4b3,4,37883,2017-04-13 14:13:26,2017-03-18 09:39:29,2017-04-19,26.0,-6.0,24.9,20.8
63113c07f88d9b3603c9e01034be4840,5295794ed329bd3ffd4581bc4a0627a5,5,37901,2017-05-25 09:28:55,2017-05-16 13:58:54,2017-06-20,8.0,-26.0,118.9,37.97
5d30363005f7c1d33204c7c0a7e1c34e,3d9a71340ea2b14362b1a69f08252e45,4,37914,2017-06-26 18:12:33,2017-06-15 10:15:14,2017-07-21,11.0,-25.0,118.0,35.38
512fc1edeac65a46c3efd2e0602972c0,aad0caf83fc9dd12e8f3f87eb37b5b6b,5,37985,2017-07-17 16:15:44,2017-07-02 16:32:27,2017-07-21,14.0,-4.0,89.9,12.13
4517dbf388631f3b459ec0c42b0b27db,524a77411e47956b583e344545abf653,5,37992,2018-04-16 19:22:51,2018-04-03 16:14:10,2018-04-25,13.0,-9.0,389.0,18.69
81534788f93b7e963f9d3e3ec2ec2723,61242a99b411bba259b697ec7de3e4ad,3,38015,2018-04-14 17:44:53,2018-04-06 16:26:12,2018-04-25,8.0,-11.0,220.0,54.08
75b7e9ef48fcea1db4a63bed17fc0b34,742ba39f629d08705cf64769ff41dd3e,4,38021,2018-01-04 17:52:23,2017-12-28 16:34:07,2018-01-19,7.0,-15.0,599.0,27.76
12fa3d00eb2ec58666126a40ed242397,d0187cf305e08f85775b03f6de2cff7b,4,38056,2018-01-23 16:24:53,2018-01-17 16:46:29,2018-02-09,5.0,-17.0,30.0,12.6
84e1169a47db614480cd85f5a54004b8,44b218c956eb8b585056872617ba3577,5,38106,2017-08-08 18:17:35,2017-07-11 16:06:03,2017-08-08,28.0,0.0,108.0,15.51
895a7c2265c6cf8791c1deeb6bcd0835,2122719f6fc72fba16b0b3001d539a7e,1,38120,2018-02-06 15:32:02,2018-01-16 11:51:45,2018-02-06,21.0,0.0,5.99,14.1
d0f61b85577f5e9dad52752227a09966,7449beca42d01504e128802e11560201,5,38161,2017-02-17 08:52:12,2017-02-09 20:03:28,2017-03-16,7.0,-27.0,23.89,17.35
76da50796569ed8f9ef8a5bee8fc3a61,db6c4c19928d9acc355a54ee897bfdbb,5,38165,2017-11-09 23:08:56,2017-10-30 14:08:55,2017-11-27,10.0,-18.0,110.0,20.01
82f3a196037c648dfef09c4d7c0e3624,edb49ebb79238a3a8753649ba3c3c1a6,1,38205,2018-04-17 00:11:12,2018-04-05 23:18:21,2018-05-15,11.0,-28.0,27.99,18.23
cb49f7565826fc116d1654ac9b802dc4,95287574a39117622fd74f06cadf5eae,5,38211,2017-08-18 19:03:51,2017-08-05 08:25:09,2017-09-14,13.0,-27.0,56.99,21.2
172626f10983d733bf1f3bb25085aefb,5481cc369cb2fe41d87a0eb98c512166,5,38214,2018-02-28 15:42:12,2018-02-26 15:06:05,2018-03-12,2.0,-12.0,38.8,7.78
2c2919a4c6f098338e5e432c04dededc,13a4e0efe42392b2ee22601883f47d24,2,38222,2017-01-26 06:45:01,2017-01-17 00:16:14,2017-02-27,9.0,-32.0,290.0,13.42
8aa0f2427f0f50c1697e8b4b8fc3b342,faf6d4b65126b7e12030723b3c8373bb,2,38229,2017-07-22 16:53:31,2017-07-02 17:09:41,2017-08-02,19.0,-11.0,21.99,21.15
2f74b028363f9c93a900f321ca7e9a30,926acb1d2439604db4c85e302ac70706,5,38231,2018-01-26 21:05:42,2018-01-10 17:20:01,2018-02-08,16.0,-13.0,248.99,60.29
891f96e510e6658d888f78f957fadb57,1a46be998b91e96ff9bdd066816556d7,5,38259,2018-02-19 19:22:39,2018-02-04 15:17:16,2018-03-07,15.0,-16.0,113.98,32.32
bf072d87fca6f236b1cc6d0a25b18d03,4eb910d27cb13ee96a5e5c6dacfe4e4a,5,38273,2017-10-27 14:08:06,2017-10-20 14:51:17,2017-11-08,6.0,-12.0,69.9,12.83
306c3989a4ca33e0a16405ce4af733f6,eca263405c1efe4ad165ef533868620f,5,38284,2017-08-25 18:51:59,2017-08-11 21:08:04,2017-09-06,13.0,-12.0,118.99,17.08
7f7e54a2e0fcc7688804ae18fd211984,5aa679d2c208fcb3b9f320f430345439,4,38288,2017-06-29 15:57:50,2017-06-18 21:01:07,2017-07-11,10.0,-12.0,26.69,15.1
c897e33a89aa55ac82e2296d65b651a7,a3beebf1efa956ba70cf01a80c483367,1,38340,,2017-10-12 15:15:50,2017-11-06,,,,
8953f61542a3a499f606379d1d36dc37,9459fe4630e1165c113f9fdb4ad5b261,5,38361,2017-11-21 20:43:03,2017-11-17 10:25:11,2017-12-05,4.0,-14.0,25.98,18.68
342e9936bee1da1f09d5e42bd90da64f,bbc82e918e96057462aa6983e7035fe5,5,38379,2018-03-28 22:18:24,2018-03-17 16:05:06,2018-04-11,11.0,-14.0,13.69,19.04
c70c9e7587c49f58488970b821c03a6a,f8276f728f18fb120f0404c7444fdc30,4,38391,2017-07-11 17:55:47,2017-07-01 09:25:44,2017-07-21,10.0,-10.0,89.9,12.13
e930a8b33f5d64d4e96fb858cd097709,faf285370e4895d3358378cedee3f088,5,38404,2017-09-08 18:42:42,2017-08-30 16:33:12,2017-09-21,9.0,-13.0,59.9,16.18
3a8ff86ce1079a5f8464b95b394568ca,989b7ba45085e6ea528e597dafb40f99,1,38405,,2017-03-04 14:08:26,2017-04-11,,,1099.0,251.5
f6d25a2ebf79e8b2db25fb00845e340e,62fc42cf39543a45aa577931a1665228,2,38407,2018-04-05 11:20:05,2018-04-03 17:19:44,2018-04-19,1.0,-14.0,53.699999999999996,22.169999999999998
c6fbc85584eebc5d0ddab35a661117a8,79a68130386b697623d584437942d0b5,5,38424,2017-11-28 22:16:56,2017-11-09 09:13:24,2017-12-11,19.0,-13.0,144.9,33.46
39dbade9557985c1a712d9c7f4008f56,361ec4bb805dbba76f0c4af3b4d7804e,3,38441,2017-09-04 17:51:53,2017-08-27 17:35:37,2017-09-18,8.0,-14.0,16.9,12.48
7a663216503559e5d41ac4b9a552f4d7,4ac2b21645a33938ab26a37096fcd16e,5,38480,2018-03-16 21:46:47,2018-03-13 09:28:21,2018-03-23,3.0,-7.0,41.9,7.39
fb14935441aa7f333b1ff432484b8cf6,eb2dc067ee1a4eac77e2d045f01cf7f0,4,38567,,2017-12-04 23:16:03,2017-12-20,,,,
2ca180a3cee715af0796f58cb03290ab,d6c0642f2b29bbf0b2dba5bcee57c3b3,4,38619,2018-04-02 18:23:26,2018-03-17 16:03:49,2018-04-05,16.0,-3.0,59.9,15.3
44a4100dcf7ad2c4395a42f6d9926a5c,a1a835a7e59148cc5f62243387eb6c14,1,38669,2017-04-13 17:46:57,2017-04-06 10:44:40,2017-05-02,7.0,-19.0,31.98,29.04
7ff8cf0f6098e87be8509d287509c08b,998b90bcfc77ff711912c1c14dcff885,1,38680,,2017-07-05 21:56:09,2017-07-27,,,,
f10015664c9975b6c70d8749c463e379,7ce28e928543c294c8624ce9744e574e,4,38691,2018-01-08 15:37:59,2017-12-30 11:12:56,2018-01-24,9.0,-16.0,57.49,12.74
b378c6bd122aec68b13bbe19c615fc85,f03980d2c3fd228857ee4af323e301a1,1,38696,,2017-11-27 13:26:43,2017-12-15,,,168.85,13.31
35e381d9f5c75e12e79d68ac1673ab61,491c5a96f47a083b2792f1a306a5fade,5,38732,2017-06-23 11:12:41,2017-06-13 09:03:46,2017-07-04,10.0,-11.0,89.9,12.88
1ea1a883cdcd9c278182d077e40e8e33,c14323552816050d396da49c9f23ae1e,1,38738,2018-01-03 17:24:01,2017-11-26 10:24:33,2017-12-21,38.0,13.0,16.8,15.1
18c14943ccd0585acc1428a21e1f408d,40fc1a40cf19e225f69e3790f1e33f7a,4,38740,2018-04-12 15:22:30,2018-03-07 11:46:26,2018-04-23,36.0,-11.0,114.9,19.95
20ed06776b2a815d8e3091ff153dda3a,c39c97c1d22e4a4486ce849afb668211,1,38752,2017-04-03 14:13:01,2017-03-01 17:24:54,2017-03-22,32.0,12.0,127.99,20.98
50d7c14dc4d2ccb178e1e46ab8f45665,342aec7e6313f37e8c61478fa378b7dc,5,38753,2017-10-19 16:16:07,2017-10-12 16:16:15,2017-11-08,6.0,-20.0,39.0,16.11
fe2c51998e8b8079f054766c46bf00c3,e465c5ff84ef7091d582b275cb0dd7de,5,38780,2017-10-03 18:05:22,2017-09-26 11:46:53,2017-10-16,7.0,-13.0,84.99,8.79
de8e60048a81d9795fba5f05cecbea59,c95bd943761b792191f6966a3691fdd5,3,38823,2017-06-02 13:12:15,2017-05-26 21:43:20,2017-06-20,6.0,-18.0,13.98,14.1
87e21aae14dbe4dd3d5916d23fe3b68f,cb392984e12bc8b50d40dbf37f39e607,5,38843,2017-07-05 16:49:34,2017-06-25 16:44:15,2017-07-14,10.0,-9.0,89.9,12.13
ac24486e719028c654916b3aa2419a50,2e87cd077eb729dac6f6035112105f51,5,38859,2017-08-01 20:37:05,2017-07-22 17:55:15,2017-08-16,10.0,-15.0,20.0,15.1
16b2b23d8aa4f72a33bcba19786e0808,c8da1e97d81e786470cac73c845ff45f,3,38893,2017-10-30 18:42:39,2017-10-15 17:36:02,2017-11-07,15.0,-8.0,95.03,17.92
2cdc88fc0959912f61389b1a25dab40e,9269ba26ae05fd992bfd357dc3c52e53,5,38925,2017-11-24 19:42:17,2017-11-10 01:04:50,2017-12-14,14.0,-20.0,68.9,19.72
07f060d6aa7e65b42453af11734c552a,31db96cf06ad051a3d234fc35ea2488a,5,38969,2017-12-27 22:40:06,2017-12-10 11:32:22,2018-01-16,17.0,-20.0,49.0,15.1
a599b02ead906105a68a940eb28d0454,a4ec07f740626256a023968312b84b02,5,39017,2018-04-19 14:41:27,2018-04-10 10:22:55,2018-05-03,9.0,-14.0,33.99,13.71
c17bf213456e24aa42ca20dbf0de8294,ffad8105f74e3969cb02c795aa3ddd50,5,39022,2018-03-01 18:59:06,2018-02-26 16:51:34,2018-03-12,3.0,-11.0,23.7,8.72
660610625e7eabdd3caeecd88e64f75a,df67039c09c08afbaf0e4c2d7cafe9d7,2,39037,2018-03-05 20:10:49,2018-02-28 13:53:06,2018-03-13,5.0,-8.0,24.99,7.78
724ffb138cd69fa06e7c553d35c0d825,6ef5dc1efc95e43b6418e91ebc700210,4,39045,2017-11-16 22:19:07,2017-11-09 17:37:49,2017-11-30,7.0,-14.0,399.99,19.05
5a168c07ffcf24bb0ce4a01a2caa42cc,666a7787fe64880d1ad7dad0e4988ab3,1,39070,2017-03-17 16:32:44,2017-03-06 22:48:54,2017-03-23,10.0,-6.0,69.0,11.09
8cb2f10287615f5ce40f12dfa368c2b4,34e0517759f61ad4194136f63ab3f3cb,5,39101,2017-06-06 10:11:36,2017-06-03 13:59:31,2017-06-26,2.0,-20.0,28.299999999999997,11.85
1a565226a99f5814c469787e5297a321,2c78914d7d6e6d7a648d2fcdd67e8c3c,1,39148,,2017-07-13 09:57:08,2017-08-10,,,49.9,19.59
8a3612278f6d65838cf45eb143e09301,4c8649cbc5b80495a3d6df0ef599072c,1,39227,2017-08-01 17:06:00,2017-07-27 13:36:29,2017-08-24,5.0,-23.0,72.9,12.85
faff8e17b0af6ade446a87bdb07bfe52,dda7f5aa048d24b2d639d470786b0564,5,39267,2018-01-15 23:51:50,2017-12-08 11:23:41,2018-01-08,38.0,7.0,99.0,15.45
dbd3286fbbd8585d4448d2da02113d70,8ef805f6b95cf7f7e95c49e91050920a,4,39325,2017-07-05 16:57:51,2017-06-26 17:43:29,2017-07-27,8.0,-22.0,149.0,18.61
68f04219e1d6468fb32f28f729268d77,39dab0c9ea1c7c66a1a516423f50c97a,3,39346,2017-05-22 14:33:18,2017-05-08 17:51:05,2017-06-12,13.0,-21.0,49.9,15.1
794745e8388e27def020ba6d59e1694e,bf31be735f38663cdc8cb59406c06017,5,39352,2018-01-22 21:03:31,2018-01-17 22:27:45,2018-02-01,4.0,-10.0,52.0,11.73
0ad466248b9abc8065cb5f08cc613c87,b86790b00808be3c919f86fb5313ca08,1,39355,2018-04-02 22:42:45,2018-02-26 10:53:07,2018-03-21,35.0,12.0,79.9,16.32
33757c88dca068c41c8184d625f313b3,31069757739ee9a464caa583f8c98fbf,4,39358,2017-06-05 14:07:58,2017-05-21 19:07:46,2017-06-16,14.0,-11.0,59.9,15.17
ed220a131b4a45da65fd328c6dec3848,ad3653ed7fa95d0e6ed3c9748c66e86e,3,39387,2017-06-02 13:59:54,2017-05-29 23:13:05,2017-06-20,3.0,-18.0,89.9,12.13
e27c76a9f95754050fd9c5be1dfa4b7f,d65b5ecfd3118aed9c5a08d68ebb1406,5,39420,2017-11-25 14:26:44,2017-11-13 22:51:59,2017-12-12,11.0,-17.0,199.0,35.19
40ba046aebde18cd3c6c7665993c0c70,02ed3b96772956405d25c2d35c766c68,5,39432,2018-04-12 22:22:09,2018-04-11 08:00:56,2018-04-25,1.0,-13.0,89.9,9.36
8ee0c3441eb0deba8a2ddb73f22d49ef,062e5ab5d16890def5883cd9fe35615e,5,39450,2017-11-07 18:33:14,2017-10-22 00:31:39,2017-11-16,16.0,-9.0,146.0,12.52
be606f51feb9f703bdffbbaa96cfbd87,226bdeb6252bfee90f63517f430be2e9,1,39487,2018-03-26 23:24:32,2018-02-21 12:09:19,2018-03-15,33.0,11.0,56.0,30.2
e8b73142bd88f165e4b01115e5e35898,d2f7f741c41b156c60f31e9d119dd22e,5,39523,2018-01-18 17:24:28,2018-01-10 13:50:43,2018-02-05,8.0,-18.0,45.95,11.85
407c493857737a969fcdc295c61ba7e8,b6d8ffb86091833de0d17a93f919a4e8,3,39526,2018-02-22 18:28:29,2018-01-12 22:34:44,2018-03-15,40.0,-21.0,339.98,119.48
11d2bc3d2a58802bf0701bd16a8a3b85,732cc391e9ed0eb247bc25c02a19af0e,5,39569,2017-11-28 19:06:47,2017-11-24 16:39:08,2017-12-08,4.0,-10.0,369.98,24.98
578c7ae0c25dda48cf54a4eebcffc3e6,8febb29840d98fdfb4f00b2b26e4000c,5,39579,2017-12-01 18:18:43,2017-11-26 22:38:55,2017-12-11,4.0,-10.0,34.9,9.34
d89325e185214f94a564ed4e049f3eaf,fc80ec53e727cdf78992749b30d5af3a,5,39602,2018-02-15 19:04:16,2018-01-31 16:50:37,2018-03-07,15.0,-20.0,519.9,72.52
51ceea4be4ed66e7fa992a24409169c5,259db13389bfe3716dd43778b0421777,5,39670,2017-02-23 13:04:58,2017-02-15 07:51:32,2017-03-24,8.0,-29.0,50.0,20.8
fe5067bd6470981cf732d53a236743f8,1e7c4d7f10431cde9911c1c659a6e3fd,5,39691,2017-09-05 20:14:06,2017-08-20 18:35:01,2017-09-25,16.0,-20.0,45.9,21.15
88a340a728e72db9c4998e0da8c021c5,ae16a4774354e48d2a9a8c43c685b30d,1,39701,,2017-03-04 20:05:28,2017-03-27,,,310.0,43.53
7075f431475544fed5a7341fd5514b96,49bce2844ff52cac06a8478eb58e7159,5,39708,2017-04-03 16:23:47,2017-03-25 21:39:50,2017-04-18,8.0,-15.0,492.04,18.65
cb40fdf8132a0d38d23a27e7246fdc90,c4fc1de96bdade6bff864108f4887d3d,4,39717,2018-03-30 00:52:36,2018-03-11 12:58:50,2018-03-29,18.0,1.0,49.9,14.44
35fb5c51a900a2b29d7ecea387b2fe8d,eca26a0368445f56cdb3c5bac1754848,5,39723,2018-01-11 20:58:40,2017-12-29 07:43:35,2018-02-01,13.0,-21.0,150.0,15.8
49478943bfa2f9242c0d54d1fc33ddc2,a8d69f3045be9fa0ea3aac3971741980,1,39730,2018-01-22 21:46:56,2018-01-13 21:01:40,2018-02-07,9.0,-16.0,21.9,14.1
670c775037a037506ba7e665ee6ecedc,6af0669bfc3cbdfbc6559919441da2e8,5,39743,2017-12-04 23:14:52,2017-11-23 21:41:25,2017-12-14,11.0,-10.0,29.0,16.79
c8c7f86ac7671b1e769256321aa55dba,f9d9c91f3bc0804469f897454dcf2a78,5,39826,2017-06-16 15:26:30,2017-06-06 17:45:39,2017-07-03,9.0,-17.0,159.9,20.68
f466bdf35ea4219e51fad3b54cb854a7,f5612a72c48893e663d7f53ed8474dac,4,39829,2018-04-06 18:03:43,2018-03-25 18:28:25,2018-04-13,11.0,-7.0,19.99,19.32
a5b77310f85ddcd8498b95efa15ffd75,9e6e335c851fd08c6e1b22a0d70bb540,5,39846,2018-01-04 00:09:01,2017-12-19 15:55:46,2018-01-17,15.0,-13.0,89.9,18.2
87abeeca7dec92dc251498ae53e0f03a,48e816000dabe8c0fa48760793be1be1,5,39861,2017-07-31 18:59:45,2017-07-20 10:18:36,2017-08-15,11.0,-15.0,349.99,21.69
7b833379486ab17bb812a1dba6777e91,f10282aa55ff8cf002a73620cd23e573,5,39905,2018-01-10 23:12:37,2018-01-03 16:33:03,2018-02-01,7.0,-22.0,169.99,21.68
40a4a1753d4d0ec9b3369d23d31decda,8337da5abde9a018a9ab51bf20aee333,2,39944,2017-12-27 18:59:03,2017-12-18 10:44:33,2018-01-11,9.0,-15.0,184.9,12.79
e6a8c0dbd772f3b7eb49dd0ed456c7ff,66b93a1ec24a54f71f9577e88b61dd99,5,39962,2017-06-24 10:32:10,2017-06-17 23:19:18,2017-07-21,6.0,-27.0,241.1,50.4
3f7f1106182dd7f37642b8a3385314c6,2cfc79d9582e9135c0a9b61fa60e6b21,1,39975,,2018-02-19 17:11:34,2018-03-15,,,59.9,19.66
3bb4e8dc958da76f75038f283a653c36,322e0693b07397cdc9adce3006dcce22,5,39976,2018-02-01 22:26:47,2018-01-26 09:12:36,2018-02-09,6.0,-8.0,31.0,7.78
9726f1df24493c0f5bed48f9ed2ec136,e484f4c3e8793e447052654990533c23,5,39980,2017-09-22 21:11:38,2017-09-09 12:29:54,2017-10-06,13.0,-14.0,259.9,18.26
2834b9b28fb5ba9ea763569096cb4f07,49c6bde44b077f985f0e3647916b6329,4,39982,2018-02-24 16:39:03,2018-02-10 21:03:56,2018-03-09,13.0,-13.0,359.99,68.26
8f19622634f9a01d59b39d5298e11ff7,684389abce7da40001389a81941b12e9,5,40001,2017-06-12 14:47:53,2017-06-04 19:54:50,2017-06-26,7.0,-14.0,19.74,11.85
e3282b70936de728f64939a6419961c8,e170172588e00bedc8daf9183629644e,3,40030,2018-01-04 22:04:21,2017-12-07 10:54:44,2018-01-02,28.0,2.0,244.69,30.5
4b10f6a0187e9d1ac84bee2cc5894d2c,d38cfff41619a58ae9fb4bb3be5cdfa6,5,40053,2017-08-11 19:25:55,2017-06-06 21:24:23,2017-07-04,65.0,38.0,45.95,15.1
c1609ecb117288d59f41ff38db42a79c,d800296ed7f572eaa43c580857d3674d,3,40092,2017-11-03 12:48:07,2017-10-06 17:32:43,2017-11-07,27.0,-4.0,352.52,43.44
af1001d2143b6fb42f75ec2081439f6e,92d8c82bf73dc132d90e6d3d176f33b4,5,40108,2018-03-13 19:32:56,2018-03-01 21:51:32,2018-03-23,11.0,-10.0,19.9,12.48
be9da93815aef0f528780d0ec05c1af7,b645d720bd6caa9606b492b81c3f537b,5,40155,2018-02-15 19:05:20,2018-01-26 17:46:58,2018-02-19,20.0,-4.0,89.18,15.38
3a8d2e3c38c1fcfd3a8b8959c389fac9,fdfb0cda9a2bfa17ad8ea99133a30724,5,40156,2017-07-05 15:07:38,2017-06-24 12:56:21,2017-07-14,11.0,-9.0,40.0,13.37
5eef3a1a85aac2953793b5528eaceb37,a5db0385f8aea138fbbb47e6bb8c03e5,5,40187,2017-08-11 18:12:43,2017-07-30 17:18:58,2017-08-29,12.0,-18.0,59.9,17.67
a0487d2c7a6c58b779ddb10c8c5556b0,2da401a4708b2c6309e7cdf0cfa5419a,4,40217,2017-07-21 19:42:56,2017-07-12 19:09:27,2017-08-03,9.0,-13.0,65.0,15.2
3975323efe9ff3e04534cbcda588bd01,f8332e57ea462615c306d9c51333b744,3,40223,2017-12-13 01:06:02,2017-11-29 16:42:47,2017-12-22,13.0,-9.0,86.36,17.85
bb6b760c5951123c12fa28af110237e1,ef8ce968377e840a2be50d7c49a1f4ce,5,40255,2017-12-06 22:42:34,2017-11-25 14:06:40,2017-12-29,11.0,-23.0,388.9,66.21
843d202b6081d5425c0bee8927ffdc4a,3b0d3aa4a3663e2dfe9db5717d70d5a9,3,40294,2018-01-24 20:26:39,2018-01-14 20:08:00,2018-01-30,10.0,-6.0,47.49,9.94
f6a245ce51f51da5c8ff131424d9124b,874d3597cd2c8ff693902b0b5323646a,5,40343,2018-04-02 12:46:52,2018-03-27 15:40:33,2018-04-13,5.0,-11.0,57.05,20.17
85680d361dba1a54fbad4f140d11f618,e4d1d4db8773f78303824f42f130c88f,5,40346,2017-11-16 19:32:36,2017-11-13 10:11:21,2017-11-27,3.0,-11.0,179.49,9.45
796dd17af621fdcfed37fdf4789a3b25,659e026a4d727a811b08851934d6e5ff,5,40361,2017-06-06 16:57:55,2017-06-01 17:56:35,2017-06-22,4.0,-16.0,69.9,11.99
fd55eae3a71488852aa461a36a83ab7d,56a70a9c3a1a43d7c820316f0d2ed67e,5,40363,2017-10-05 18:27:47,2017-09-28 16:55:37,2017-10-25,7.0,-20.0,79.9,18.8
57dd944ff560bb0db3dfae9a4058364c,882cc2d9218a566e31934f8d5dceb1fd,5,40385,2018-02-15 17:31:09,2018-02-01 10:28:21,2018-03-01,14.0,-14.0,19.99,14.1
eeee466549ffd62c3d03391a31f2a3b3,fb18685c951665e941f2a327f25a2976,5,40387,2017-08-18 21:33:08,2017-08-08 22:39:06,2017-08-30,9.0,-12.0,27.93,15.1
b74dd9a4651bb5d3c8e608d4a2b8f01c,cc0c321766d42077807443aa4d74608c,4,40398,2018-03-27 21:48:41,2018-03-16 15:28:12,2018-04-10,11.0,-14.0,72.0,18.38
ae6f2edbd19e5dc241377b58a1969e75,cc95d1ba07d976d27802ccd9e8f15db1,5,40401,2017-10-10 17:15:57,2017-10-06 09:46:17,2017-10-24,4.0,-14.0,39.9,8.11
b19b3da265d2e2d3f4f18fd77bbba111,95a08547138ca5fa14fae54639939af6,1,40402,2017-03-24 09:27:57,2017-03-19 13:41:44,2017-04-12,4.0,-19.0,119.9,22.31
102182c3547e292d072f3285170229a2,421cf19961f42317267a94c6ed066cf9,2,40407,2018-02-23 22:25:11,2018-02-08 17:24:08,2018-03-05,15.0,-10.0,38.99,16.11
a8103ca2dadef72450e6a44a3976e0fb,99cf0f831c62dfbd52e4523910879f0d,5,40434,2018-01-09 20:55:48,2017-12-26 23:03:14,2018-01-24,13.0,-15.0,122.99,15.61
3095edd10e68a738d592ac1e1a02fae7,d468c8e289ec694cf907f29e5291e94f,5,40440,2017-12-20 18:04:17,2017-12-14 16:02:42,2018-01-03,6.0,-14.0,51.49,9.94
9679b7cca921734ca4ba1b070a554a57,5aa39cf65e06c33f4f504d708a90887a,5,40457,2018-03-06 18:12:40,2018-02-08 13:56:42,2018-03-06,26.0,0.0,24.99,14.1
73a95268f25079208260b662385e5f45,2ce78bb2c1b4f43ed4cbdb05d6c87907,4,40466,2017-05-31 14:48:00,2017-05-18 15:14:03,2017-06-13,12.0,-13.0,29.5,16.79
a306550704e0eaada8006adec86e6457,4ae185f9012953118f9adcf6817a21bc,5,40474,2017-09-09 17:22:04,2017-09-04 20:10:25,2017-09-18,4.0,-9.0,72.8,9.27
8ef30b486d408a19f5fea3e6dac8cc97,6d124ae5d617f5ddf8eee412524850c0,4,40476,2018-04-18 15:37:30,2018-03-29 23:56:38,2018-05-07,19.0,-19.0,79.99,39.95
99a5754b0622925aa15c6bf3f830c937,d20776b7190e9d5d49a3703226c4fd24,4,40488,2017-08-24 18:13:03,2017-08-11 17:01:45,2017-09-06,13.0,-13.0,134.9,21.43
2c4e7bfd2d78e95ec5048f45e33f1d88,1753e585ae25cd90fd3e8adfeaff0feb,5,40490,2017-06-03 07:59:35,2017-05-19 17:27:49,2017-06-20,14.0,-17.0,130.0,51.46
527faa0815a5db8094ee5add245f4395,1e8c4aa0871777d9ee5169d3a6522575,4,40493,2018-03-08 00:39:38,2018-02-25 19:31:36,2018-03-21,10.0,-13.0,33.9,15.1
5dc0e75e88cd331e3082a2ef236a67d5,293ce7e1d3220058be631162721ba82f,5,40499,2017-10-02 22:56:36,2017-09-17 22:35:47,2017-10-05,15.0,-3.0,16.55,15.11
b2d5d8db2a841d27a72e4c06c6212368,9aa3197e4887919fde0307fc23601d7a,4,40518,2016-10-17 19:08:17,2016-10-06 13:16:56,2016-11-28,11.0,-42.0,25.9,8.72
2da7938c97603607d56235116e52ab32,154f1e943923c5957737382dcb0dc6dc,5,40526,2018-03-29 15:06:57,2018-03-22 22:21:41,2018-04-11,6.0,-13.0,18.99,15.23
e7283044aa21b9f31549e1436eafd8ea,caa881436bb7c0b6363644399398232b,5,40531,2018-01-05 17:46:48,2017-12-13 18:11:29,2018-01-16,22.0,-11.0,169.9,17.63
99f0cd19d2e95d13d75de28da5a1d90c,f47f217e6978ad1f6991ec7d9444b0eb,5,40610,2017-02-08 07:21:26,2017-01-31 19:17:03,2017-02-27,7.0,-19.0,109.8,29.1
71c578d79c27a6b55335ac05d30f0cd5,39948b49e7e68844f9f5a31d12a3c4c6,4,40645,2018-03-28 20:06:36,2018-03-20 17:23:39,2018-04-06,8.0,-9.0,258.68,35.64
033519465866841820f8f1b8e812cff0,c5f692a4e47f015faa3f8a9b9d36aa03,5,40687,2017-08-10 21:17:34,2017-07-31 17:36:20,2017-08-24,10.0,-14.0,34.9,15.1
e3e611592432d7838014a91181339dcb,0ed863ae64e541253de34411c0b0280a,4,40697,2017-11-07 21:27:29,2017-10-29 11:16:24,2017-11-22,9.0,-15.0,97.9,25.97
912a7c11cc111eb067f9e4e3fcd6b1bf,7d892708f2153d1763c61337cf6ba495,4,40722,2017-07-04 08:04:11,2017-06-23 09:23:10,2017-07-20,10.0,-16.0,71.69999999999999,48.33
d90392ba5cd440cc8ef964fb17d29c71,84351e90a3987cf17e6a6a451d7d4904,4,40740,2017-07-29 14:11:56,2017-07-27 13:36:32,2017-08-11,2.0,-13.0,205.0,15.04
87729a338e5383aa38b387e72beac428,1db33e72df6ceae6380551c0b6022079,3,40798,2017-12-27 16:36:49,2017-12-12 12:15:54,2018-01-05,15.0,-9.0,129.99,21.75
39de8ad3a1a494fc68cc2d5382f052f4,ff850ba359507b996e8b2fbb26df8d03,5,40829,2017-08-21 22:15:41,2017-08-06 19:38:00,2017-08-31,15.0,-10.0,16.9,16.11
1607db6428ba2161b81d87dc5ff4ae56,f95bc347226e75c87d4c329d25f64970,3,40848,2018-02-20 23:38:11,2018-02-05 22:43:46,2018-03-12,15.0,-20.0,79.99,15.31
68ff79de05412f0783b1d877a3a4a356,cee3d35c01c3ae1ed31809bdb2272afb,5,40862,2017-08-09 16:57:43,2017-07-24 22:26:44,2017-08-17,15.0,-8.0,319.96,99.48
7849cd5df16bf1749bbafe81909f4df3,80dc6c8aaa5334db08944aab012bb8a7,5,40866,2018-02-16 15:58:30,2018-02-10 10:20:06,2018-02-26,6.0,-10.0,19.9,7.78
4f6510750a73f1184c44a03c4c7330bf,3865adcc2f53015a9526a22f9f5da972,4,40867,2018-03-29 21:48:54,2018-03-26 18:50:04,2018-04-12,3.0,-14.0,110.0,14.13
258f8816339a2487dfc2b6577ce8eeae,c40dde193e5c66baefaaace305961861,5,40877,2017-10-26 17:15:11,2017-10-21 12:01:09,2017-11-16,5.0,-21.0,31.9,9.09
9cede6fea4c7a4c7440ed8faff5e28dd,ce1f8664cb48d6603b021058b0463368,5,40885,2018-03-31 17:38:21,2018-03-26 18:15:51,2018-04-12,4.0,-12.0,115.0,15.69
88d062a89aaaafc847aa37428440f24f,3712671af76fe8fa80631e4407cc6ab1,5,40891,2018-04-13 19:25:36,2018-04-07 17:55:10,2018-04-19,6.0,-6.0,81.99,7.92
f489bc681445988a61373f1f9e3df914,cc127d6da252fcf95e31933ee207923d,4,40908,2017-08-10 22:08:40,2017-07-31 12:43:21,2017-08-24,10.0,-14.0,14.9,16.79
b9bd80836e20ca73774ea7e1e6d45d85,245b4a117bd7a1fa176d7a590b292d7b,3,40913,2018-04-05 22:27:36,2018-03-15 22:24:24,2018-04-12,21.0,-7.0,77.9,22.61
e859938443ccf53b15986218672e24fa,e15ab2ec1abc926192e9da8f7e04326d,4,40933,2017-12-08 16:52:12,2017-11-27 22:51:32,2017-12-26,10.0,-18.0,39.99,15.1
82a0946a69ad77c62bed72893c338996,6c9f4896350c87c2f785b1b8be767748,1,40955,,2017-08-21 18:57:12,2017-09-01,,,109.9,34.93
7e679f8c1db816a6c90f6af0e9ce01e6,7e1143a7f790cb46901efe6d2c3401b3,5,40959,2018-01-05 16:14:23,2018-01-02 19:04:53,2018-01-18,2.0,-13.0,19.49,9.27
e268029833a209fa95383f09c342ca5a,b8cfc70398c982df76df0917f55d96b9,5,40975,2017-09-01 21:37:52,2017-08-27 15:27:06,2017-09-19,5.0,-18.0,156.9,14.12
f0a407ff0216f8f760c042151efc54ed,c44a36aa1770cc41a8fb130dfa1bba3b,5,40990,2018-01-22 16:33:16,2018-01-15 09:00:52,2018-02-07,7.0,-16.0,174.8,25.48
c63163ee57e3e8bdd30944a63e913bd9,79ca165f6ef474ed0d3d2aee1ee1d095,5,41019,2018-01-14 15:21:18,2017-12-16 15:51:16,2018-01-16,28.0,-2.0,69.0,15.92
53fc3ccbeccdc0d017f2f5a40ceccead,36cad69053608ab058c6d470d4be06a1,5,41027,2018-03-27 11:02:51,2018-03-15 12:49:58,2018-04-03,11.0,-7.0,49.77,12.79
e840b2c801c311279ccf16908468397c,3e25999bf7aaaa6030eae32f9ec7a7e3,1,41049,2017-11-08 14:28:10,2017-10-26 16:14:29,2017-11-27,12.0,-19.0,79.9,38.11
77763444bae700e344173cdb6520bd48,27c23f89fe3b1bb3b137c7be5ae8407e,5,41063,2018-02-27 17:07:58,2018-01-06 09:15:53,2018-03-13,52.0,-14.0,229.98,24.6
8d2e3cd8af3c6ee26a0705a5b4bb3652,1a2dfbf5bcc5c3587728996088ba03f2,5,41064,2018-02-16 14:14:59,2018-02-15 11:15:47,2018-03-01,1.0,-13.0,29.9,8.11
0de94cd542e44bed56989cc839d7150e,a46dac4a7a15e660ad481ebac20f3d3b,5,41065,2018-04-19 19:24:52,2018-04-09 18:14:34,2018-04-26,10.0,-7.0,110.0,27.04
067b7c9c760d8bda7a2c38fb1f3fdf6e,e747b099854432937d27178c640102bf,5,41077,2017-10-03 21:29:01,2017-09-27 09:20:53,2017-10-13,6.0,-10.0,29.0,7.78
4035501ed0c902e91e5a0cefe0bd521c,6dce05516fc9a1e16b7a70e49ab656c2,5,41082,2017-05-25 12:55:59,2017-05-14 11:05:08,2017-05-24,11.0,1.0,107.7,18.729999999999997
8dea895179cf4b3747b2da88902fb528,0f93c58739ea2f69d93afa96a7a07855,3,41086,2017-12-07 21:10:00,2017-11-21 11:44:48,2017-12-12,16.0,-5.0,195.0,23.24
14b4ff79a7b16a4f9c8c7595030cc985,5cfb7b2cbf52f4ff3ec4b58f69b02351,1,41110,2017-06-16 14:51:54,2017-06-07 00:19:14,2017-06-30,9.0,-14.0,159.99,40.45
6e51325a185c32f48a6ee66cb3468f85,2ef9f67ab5c8d09b5d54c37f30941cf1,5,41115,2018-03-06 20:38:53,2018-02-27 18:44:21,2018-03-13,7.0,-7.0,49.9,7.78
17c3943fb99821dc34250b534484479b,a1c1912f0cb35964cd9d989535ca0daf,5,41162,2017-06-26 14:39:34,2017-06-22 14:30:53,2017-07-05,4.0,-9.0,89.9,13.18
1e41a8e510eb1a4d422cdaec6a3f1bb0,6d8d35fe33dba5876a6748e641de5058,4,41179,2017-12-27 14:06:43,2017-12-16 23:02:31,2018-01-11,10.0,-15.0,29.99,11.85
f2ddb5ebeaa34b118c5c0ee7155f8701,5eea381f40f56777b0c400d71b850ee1,5,41192,2018-01-18 12:18:08,2017-12-30 11:37:12,2018-02-02,19.0,-15.0,89.9,17.88
5b489c7e88a01f9b91bcdfb91206060d,37a4f672747cf7ec17050e7c1ebc1508,4,41204,2017-08-30 16:23:18,2017-08-27 11:13:40,2017-09-14,3.0,-15.0,91.5,12.98
19fd20f1ac14f0de02d0c078059a9c84,8f8634cbfb1b971fbea53d83c59105b0,4,41229,2018-01-19 22:18:29,2018-01-10 20:41:45,2018-02-02,9.0,-14.0,79.8,32.22
4b1af6d4af313e62dfcccdae5f48b139,8e149b3d8483d3f623d3e6e0c9f824b6,5,41248,2017-10-23 18:14:13,2017-10-13 19:43:26,2017-11-03,9.0,-11.0,59.9,17.67
7fa42a257fe4e87f08d10267e50ef299,143c703ed417ebaa64077dcdc2c820a9,5,41264,2017-03-31 17:52:38,2017-03-27 17:11:10,2017-04-24,4.0,-24.0,34.99,8.72
16d56ef4b736f6f7e52aa6db10f7c0e2,4310dee37e09d3d73cf8c9a63f7b61fc,5,41282,2017-08-10 19:22:32,2017-08-03 12:17:18,2017-08-23,7.0,-13.0,72.5,13.53
ca040c65a6d84064966b1c13f1f54be2,3fbd798d7e8c262456edce32abaee496,1,41312,2018-01-30 17:55:58,2017-12-05 16:39:36,2017-12-28,56.0,33.0,166.99,23.49
6ead009f982c68ecb8092ceccebad9d6,abd78b3b49820a5123521bb2204af795,3,41340,2018-01-26 15:52:35,2018-01-16 09:45:37,2018-02-07,10.0,-12.0,212.0,40.46
94bd57625a811c1b882bfbe9e8edaf7d,eeee28417bb0a24c511c9b96a03fb29b,4,41360,2017-09-13 17:55:51,2017-09-07 23:18:04,2017-09-20,5.0,-7.0,119.99,12.04
c4c631137005b916f31f8b578de4b0fd,5d8d75278e117304f2e8c3df4ce3c41c,4,41374,2018-04-20 19:21:21,2018-04-05 12:28:28,2018-05-10,15.0,-20.0,129.0,32.33
09100ffc7be567607b9b86b151bbbe07,9e528d40350e823ff188831cb38696c3,4,41420,2017-08-10 17:29:19,2017-07-26 11:58:49,2017-08-21,15.0,-11.0,79.8,28.2
8e27bfa964806bafe11ca51bbe796c67,f7d5fa83743d8d78c798e7824125ee7f,4,41421,2018-03-19 21:49:29,2018-03-03 16:57:52,2018-03-27,16.0,-8.0,76.25,12.66
af9b56e02811c375ff34d7bef50fc05c,e59e6aedb9b4f115de215d276a5166cf,3,41464,2018-03-16 01:41:53,2018-03-04 21:03:07,2018-03-26,11.0,-10.0,124.9,17.12
d6597e90782bc02bd0df04d0dae71001,3a221cd6b7d813e2b6cf57339f37a062,1,41471,2018-04-26 17:02:20,2018-02-05 20:19:14,2018-03-08,79.0,49.0,89.9,34.43
98d953c2de176a9a45ebbd716865f48d,7893bf5e938b5606e3d38d4d778a4d1c,4,41476,2017-11-02 14:42:58,2017-10-10 10:15:10,2017-11-03,23.0,-1.0,56.97,16.16
533a2766a0f2e81d0bb4f47a10a83f5f,18fee750a18a26c003132114d28aacac,3,41489,2018-03-28 19:11:48,2018-03-21 09:06:30,2018-04-13,7.0,-16.0,61.45,22.14
93a0fc32fe205fd8864998671983b7af,d307290675e59c844ebde65696377750,1,41490,2017-05-24 22:29:30,2017-04-28 18:25:16,2017-06-06,26.0,-13.0,399.9,25.35
3482bec52dde00da2d6fe6d192fb32ea,38425bf79bd7ed5a28789e2f0ff5f2a4,4,41508,2017-06-22 14:47:53,2017-06-09 10:11:53,2017-07-06,13.0,-14.0,80.1,17.0
2b3d4a57bee8a7db004d30bf5dde9841,666ecb70d41cfad51e40ba2aa0b60f1e,5,41526,2017-04-12 17:49:43,2017-03-31 16:07:18,2017-04-20,12.0,-8.0,129.9,18.2
c7ff232bba53fbbc25ff4cceaf47e53a,3591b137120676965cee41e9cdb29cd0,3,41582,2017-11-30 21:34:38,2017-11-20 10:59:31,2017-12-14,10.0,-14.0,146.0,15.77
e4af10a399380ad4540260c634d86ebb,8dac680ab124621709e55d51a9a59cd2,4,41589,2017-04-07 14:48:14,2017-03-20 22:34:44,2017-04-18,17.0,-11.0,126.99,15.06
c012f8e2855d575a3b8373a62d656e8f,f5a3eb7fb74526595623599e391ef6fd,5,41624,2017-10-25 23:14:28,2017-10-03 16:44:09,2017-10-27,22.0,-2.0,119.9,23.16
af278ff8bd6566d8298010a901f3118c,ceb992824b749348734de15eaca939ac,1,41629,2018-04-16 19:46:45,2018-04-11 10:58:05,2018-04-27,5.0,-11.0,14.2,7.39
7b98cdf6d8addeaa2322d1d9c8a10d91,7a2e13975471a7fa79bf252ac36cc095,5,41632,2018-01-31 18:56:39,2018-01-26 00:26:59,2018-02-09,5.0,-9.0,29.9,9.09
899790c616533ff6c6ed2427b8891546,1bdd4c66aa68cf72d2fc25b9f9e4bb48,5,41721,2017-12-20 18:24:50,2017-12-06 17:42:49,2018-01-02,14.0,-13.0,27.99,14.1
02f1c05569d231bea48cb50f2d5b0bcd,0d103d6504de00ed0c99969517a9ad52,1,41729,2018-04-05 23:28:24,2018-01-25 20:53:56,2018-02-19,70.0,45.0,229.0,22.44
b80910a5d2ab042c9198b5afef519da6,16b8cfa26ae224399e457bd5aa7918b8,4,41734,2018-02-20 22:59:13,2018-01-31 16:28:53,2018-03-02,20.0,-10.0,99.99,38.25
347636175595c9ade12c6b662a43f8a7,3510e9faecde23ba10f1b649d329b22e,5,41741,2017-04-27 16:42:58,2017-04-19 17:32:50,2017-05-09,7.0,-12.0,29.99,10.96
ebb871df72c3e244b6ff1d80d474efb3,4c470bf188ec558ef3546d643bfa2713,4,41747,2017-06-08 10:35:53,2017-05-30 20:55:32,2017-07-03,8.0,-25.0,56.99,16.84
b9125397675acce7ad3d969b3f337f5e,27d6012b882832dc9ddcf34304eeb77c,1,41756,,2017-11-11 10:44:49,2017-11-27,,,89.0,7.88
b64f05a1d4a16847e767749ef04295bd,ac710ab76d5651200cb6082f2c294d29,5,41842,2018-03-07 19:51:34,2018-02-23 05:29:01,2018-03-16,12.0,-9.0,29.99,14.1
07a9cc67260805693f61307bc91904f9,426613d1fcfcbb706338ad0574f870ac,3,41867,2017-08-25 21:32:20,2017-08-09 13:44:30,2017-08-31,16.0,-6.0,94.6,16.42
892a3abc52303bc6445f6e0ba87efd85,e0e79f987715dab211e5e31e5e9c95e8,4,41870,2017-10-26 19:59:00,2017-10-07 11:52:52,2017-11-08,19.0,-13.0,99.0,37.99
12b47bc6b93e0e84e5548e2e2c5de0e2,68810c6b108472c394da03666cf1fe74,1,41884,2017-12-18 20:17:31,2017-12-02 10:13:29,2018-01-03,16.0,-16.0,239.0,15.42
ba5831bbf7bae6a5622affa90dbc417b,44e578be804a15b9c4be4b6e91eedf48,1,41891,2018-05-14 11:04:04,2018-03-19 01:56:52,2018-04-05,56.0,39.0,123.0,13.3
ca3d826e071e51f9ccb5815c068d4806,33ca67f12b946d8830eb3805cc63761b,5,41926,2017-08-31 19:49:58,2017-08-21 13:10:55,2017-09-15,10.0,-15.0,59.9,27.8
b11cce65dcc1be94b35da9d4d0e1e2b8,a7384426d477fd16a093284ebc51ba0b,3,41929,2017-03-13 10:24:37,2017-03-01 20:18:32,2017-03-22,11.0,-9.0,59.9,20.5
4041336d70e3574901e965389a0e2591,32f67799858ce0d7f43a0e5fe9dd72d8,5,41999,2018-03-02 16:41:46,2018-02-08 14:27:01,2018-03-09,22.0,-7.0,189.99,17.09
11831b81017e5259ced182d57e4b83db,3e902e82bfbe40d0e2299bdbbf8af8ca,4,42027,2017-04-10 16:59:00,2017-03-17 20:32:49,2017-04-13,23.0,-3.0,134.0,13.52
48782810198050171360423f70f5af0f,77db593eee0149b5e2bfac62a6011a4e,3,42064,2018-03-21 22:06:59,2018-03-14 15:44:29,2018-03-26,7.0,-5.0,17.99,7.39
92b1bb16cc68452488dce3eabbe7390c,b41cfe56ae135b607c1210cd3dd73744,5,42109,2017-07-17 17:46:35,2017-07-07 14:33:54,2017-07-31,10.0,-14.0,99.9,17.95
f488022f085b7a600509cfc7d96f8ea6,bdbc09409e30b5ab9defc74def1e58d3,1,42116,2017-06-06 08:04:52,2017-05-06 20:57:08,2017-06-02,30.0,4.0,28.7,16.79
c2b14df76f78896aa25defd0b029095e,0ff4f1ed797bbfac9a16714dfa5162aa,5,42120,2018-03-09 01:35:30,2018-02-26 12:58:20,2018-03-23,10.0,-14.0,329.9,24.18
7c07e93600b2ecafa69a8abd79c68efb,41ec8df2674e2577b8efdc3f54e2b779,5,42133,2018-01-04 20:29:34,2017-12-06 22:34:32,2018-01-10,28.0,-6.0,618.0,90.95
e62342726e35a8a6b11dd5d13b5a24e1,9c4b8eb5f1fb4f2b71018a6695171ca3,5,42185,2017-09-13 16:12:26,2017-09-06 20:39:57,2017-09-25,6.0,-12.0,18.17,11.85
656c93b88ecf0790f53bf19b9c3c0540,5eca2113141f2c0e048b11bdcb7a0371,1,42187,2018-01-09 12:07:58,2018-01-07 15:20:44,2018-01-24,1.0,-15.0,32.9,8.27
b33b549fa9f85906e5c0b53adb8336d6,45b0a3cd00a2eb44c271fdacffc8d859,1,42251,2018-02-28 17:14:19,2018-02-12 14:22:32,2018-03-21,16.0,-21.0,99.99,14.43
fcaf726c0b61b07ef40c8bc2a3e9eeb2,83497c05dd75dfe740fb8b0c5482da3b,4,42258,2018-04-16 22:42:32,2018-04-08 21:54:08,2018-05-11,8.0,-25.0,198.0,19.32
21b95d2664dbf0d50884678b80ba9c5e,b08f48a15acd7ea5c565ec963d3d1b73,5,42280,2017-05-24 12:05:02,2017-05-18 17:53:34,2017-06-19,5.0,-26.0,93.9,15.41
866e37d081e1279078a1068688c6b75d,e615a2b8229ae8a3b78cc267735d538f,1,42296,2018-02-27 15:16:49,2018-01-27 21:00:21,2018-02-21,30.0,6.0,249.0,16.49
d70f2f60fa24caa15c3c4ab6682f7c6b,b719af721da8bc41ee0636c4ca0d7960,5,42316,2017-12-01 15:32:24,2017-11-17 19:53:41,2017-12-18,13.0,-17.0,178.0,28.63
ab28134a7649573a6794b33d601e24da,9c402f04e5ead60c0a79746ecaa35aa8,5,42346,2018-01-08 18:15:40,2017-12-19 20:57:04,2018-01-16,19.0,-8.0,59.8,30.2
550997fe38c80a8f65652691ebfcdeab,7364c719f78ceaaa61ca4e933a4e6022,4,42431,2017-08-18 19:34:09,2017-08-01 18:57:56,2017-08-31,17.0,-13.0,119.0,18.4
17226da666258c4d5bc5d87750edc247,4810bc72b32b9b06d7962b3c645faea2,5,42438,2018-04-13 21:26:51,2018-03-26 18:36:31,2018-04-24,18.0,-11.0,49.9,37.04
a4c0fb97e2d71317b4cecc29d808f088,e4d9e2f02a048ae46330e966d1a8caa3,5,42461,2017-12-21 20:13:25,2017-12-17 16:04:26,2018-01-05,4.0,-15.0,122.99,9.06
ed3fc7fcc4a5e2fc824631fbc871d923,9e5fd9b33580d845c54855ee2e3965b0,5,42477,2017-08-14 18:24:06,2017-07-30 14:54:30,2017-08-28,15.0,-14.0,134.9,23.81
062bae6ae192977cfe3373312d2fe93a,ffd3ff583dec4975e6443d6a396f2f36,5,42489,2017-12-05 18:07:48,2017-11-23 23:04:02,2017-12-22,11.0,-17.0,156.25,15.84
1458794e5bd8b4eddd0a399755d45fc1,0e696093d25ba307ef78cf0d208bf500,4,42498,2017-12-13 22:47:13,2017-12-04 11:46:39,2018-01-04,9.0,-22.0,50.0,16.11
3004bfeb808f8c1630cf4d2c7f1b6ac1,3a67e05f7b4f7fe736e90e6acc8689b3,5,42531,2018-01-08 19:29:59,2017-12-01 09:54:21,2018-01-04,38.0,4.0,296.0,60.51
20b09f99fa6ba25ae603fe6946064eb6,9f3b6091dcf528b56e66db5dc51bd00f,3,42532,2018-03-29 19:57:37,2018-03-19 21:51:41,2018-04-10,9.0,-12.0,129.9,25.04
ff473614c924ed0aa20f2143b560ab01,dcb2902b7af9841bf7aa832c33f69f1b,4,42533,2017-11-16 16:32:41,2017-11-08 15:53:15,2017-12-04,8.0,-18.0,289.0,27.3
1d42266e082692d6b15caf12e532c017,3d0fabe57f53334a24d36872a001f23c,1,42535,2017-12-12 18:24:25,2017-12-03 13:19:25,2017-12-27,9.0,-15.0,87.0,25.25
595c481a3133c212c15c59a14dfdbf35,8e3c9254e32eaf71c2212f6cebdc24f7,5,42539,2017-09-19 18:32:33,2017-09-06 11:44:23,2017-09-29,13.0,-10.0,249.9,22.24
22bd6dac6e20237b82c61749e6bce7cf,91d3db538cfff9a4f1cd5d5ad9481b05,5,42546,2018-02-06 23:52:10,2018-02-01 16:32:15,2018-02-19,5.0,-13.0,16.9,8.72
a3a23adc75213230e076e39760170636,e662f080948818831b03ae9386ddab42,5,42549,2017-08-11 14:40:05,2017-07-28 08:27:03,2017-09-13,14.0,-33.0,54.9,16.63
e3c291dcfca3c4cb159affcf792d8c3a,1d8841983fcfb57aa949d484e7009912,4,42568,2018-01-29 18:44:51,2018-01-24 14:35:06,2018-02-08,5.0,-10.0,149.9,12.75
682d7a2cfd0328feeca1d2ab16534a6f,29449197055445f2fc9d9f08777b676d,5,42577,2018-02-06 13:08:55,2018-01-20 07:56:02,2018-02-15,17.0,-9.0,239.8,180.14
862324f9389340127caee01ac58c2103,c108072ab31ec90a754129c171577f5f,1,42599,,2017-10-16 21:13:03,2017-10-26,,,200.0,10.82
cfc0d72a027ac200f74488276719c854,55b360b9aeaf1fcec58a18a82b21b957,5,42631,2018-01-18 13:46:22,2018-01-03 16:29:43,2018-02-07,14.0,-20.0,194.9,16.11
296a34404b6739df4c4556fe1919b628,c42c77adb71ee6c1ca91e61888a18932,2,42699,2018-04-03 11:34:24,2018-02-24 17:48:04,2018-03-23,37.0,11.0,149.9,17.49
27b6c874b2a73a28a86101dd925aea70,163653bc8aa631e85ac4af4a4f6f3535,2,42707,2017-12-05 00:22:29,2017-11-24 13:04:08,2017-12-14,10.0,-9.0,69.99,14.24
47982041221a50ec1181ba1f1b006100,1fcc4cb09eb52ab834d7e766bcb6f91f,5,42715,2018-02-24 12:19:01,2018-02-13 23:51:02,2018-03-08,10.0,-12.0,347.9,67.53
b0695199f46aa807ce2b574b4bfcf916,b830f1009892772f1ef2dafa14f4d937,5,42758,2017-10-19 21:57:47,2017-10-09 16:58:37,2017-10-31,10.0,-12.0,174.0,13.35
6b9f9728a45559fcdc3db3d3265f77f3,583538329b34516bedbb834c9fe05325,4,42788,2018-01-27 16:55:41,2018-01-20 17:59:20,2018-02-14,6.0,-18.0,78.0,14.3
3aa0a37b1bc2bc9c5d728274b0ce013f,80b812cc3f7609fc00fba1b9beec3065,5,42817,2017-07-21 17:56:58,2017-07-07 13:37:17,2017-08-02,14.0,-12.0,89.9,15.38
2d99a388f0692d2046ac80921c4cf60e,a9c323b00a97a60deb81c33473090eff,5,42827,2017-05-18 11:07:45,2017-05-08 06:06:35,2017-05-31,10.0,-13.0,59.9,17.67
6d9469d9c2976ed157fc6fe61d12a947,1a7af25ac2d2bf35b05f8f87c050a6d5,5,42847,2017-04-07 12:32:59,2017-04-03 11:09:58,2017-05-02,4.0,-25.0,125.9,13.46
dcbbb64786d76a7509fcb17eab11e775,adcc24406dacde218585aa79366ee2d0,5,42851,2017-07-05 16:17:42,2017-06-23 08:48:59,2017-07-19,12.0,-14.0,29.5,17.92
5f9ba08c328c4ba28e8b12ac25810038,ab5e70933adc821b7fa1ab45759ab54a,4,42904,2017-05-29 11:24:42,2017-05-10 21:31:45,2017-06-09,18.0,-11.0,69.9,11.99
fd015c2ff6fefd4072115536a5620c18,5261141ee2f17f6a0dcb5f7aab6acaec,5,42913,2017-09-13 20:23:33,2017-09-06 12:34:47,2017-09-27,7.0,-14.0,118.9,14.56
4c60a7805661038485fbbf286a8286c0,e72faf0f877e7b070bd36d848b45b9cd,5,42962,2017-08-02 17:57:26,2017-07-24 23:18:11,2017-08-11,8.0,-9.0,49.0,11.85
ac937af7538c779a2699ba3798211c75,4381a33db9b7771fc9ace541e507972e,5,42982,2017-11-20 19:19:11,2017-11-08 14:22:40,2017-12-05,12.0,-15.0,49.99,17.63
bab172f320b8a7e5960a012626c15c7d,681c2cfadee8433325e2fbab33593cd3,5,42992,2017-04-20 10:08:12,2017-04-01 15:08:20,2017-04-24,18.0,-4.0,299.9,10.47
40071ffb972597b47ca18b467fc04093,13d45a0fb42d1b8691a1824859519e4e,5,43004,2017-10-17 20:12:55,2017-09-22 11:08:46,2017-10-19,25.0,-2.0,99.9,17.95
4474bfcdae1bdcb2be854c67e3bf007d,7c9530126f54f0e17dc894c9ff16fa26,4,43011,2018-02-26 20:28:25,2018-02-16 14:21:36,2018-03-12,10.0,-14.0,148.0,17.29
e723ed85e1f4b217802e4df4848c63e5,9058bc799c3791077efb3aaa8e0d5e02,4,43031,2017-01-30 09:39:02,2017-01-24 09:24:11,2017-03-01,6.0,-30.0,79.9,11.17
d539533bfe18c075be50cfa09a647e26,8da3063f18b30c590bab1b8d083b03fd,4,43034,2017-09-19 19:28:08,2017-09-10 19:26:12,2017-10-02,9.0,-13.0,58.99,17.66
9d7b240dff5539983f5def389e2c1bf7,a3f048db7f6523ded5c260c1ea0bf007,5,43040,2017-08-07 22:17:26,2017-07-31 23:06:47,2017-08-18,6.0,-11.0,159.53,26.46
f40d1c4d113dba8812afe3e137e9f5ac,d280ffa94ba8d94d4fc416ee85612a52,5,43043,2017-11-20 20:12:25,2017-11-09 14:07:54,2017-12-01,11.0,-11.0,89.97,46.31
2f11cc8813b9d8cfbba24a42f55b6bf0,f18f5a3bad7d9b08a5339c46ce64fdf7,4,43059,2017-08-31 23:03:58,2017-08-10 15:30:50,2017-09-05,21.0,-5.0,79.9,14.31
e105bc860312c97f4916cb60553d13b7,28781e0706467b15858facab8a22ba5b,4,43183,2017-03-17 12:08:19,2017-03-08 21:48:05,2017-04-07,8.0,-21.0,66.99,17.21
23aafb33fe6fa8ccf9f9dd06b010b9fc,82e098e90be56ba3b67aca2e1ba26fdb,2,43184,2018-03-22 23:56:42,2018-02-21 22:03:51,2018-03-21,29.0,1.0,109.9,21.26
06db7ffefc6d4598fa05f6f41009f8a2,be09600d91e6bdef38c48814571143bf,2,43209,2018-02-27 19:16:51,2018-02-04 19:29:46,2018-03-02,22.0,-3.0,39.49,15.1
c3515577b539cc94a09b6f39d72087e6,b7f2aa0212addcb6e1194bc50796de24,5,43210,2018-04-13 10:49:46,2018-04-11 11:43:45,2018-04-24,1.0,-11.0,37.5,17.28
89a558d2b3e8e648e60d5b37f56aab9b,2b64e4873e7bec66f8c1f551f88d3e91,5,43264,2018-04-12 13:32:59,2018-03-25 17:19:41,2018-04-16,17.0,-4.0,84.89,18.47
40f1554a83f751b6ea6c01b2d2827938,332e264249f30a888b81bffd7a84e03c,4,43269,2017-10-27 21:21:57,2017-10-07 21:41:11,2017-11-13,19.0,-17.0,109.9,21.57
96cb151be4f08c5b82c8ef1452561192,6faf343915ba58482055ea7f62e192d9,5,43348,2018-03-31 16:38:25,2018-03-24 17:26:26,2018-04-12,6.0,-12.0,299.0,16.94
2ef3d6a66bdc31337a9f65201ac61713,10b5d5c95177be116333e9a65a6fdea4,5,43375,2018-03-13 22:59:29,2018-03-04 10:59:40,2018-04-06,9.0,-24.0,70.0,15.24
3861f94f3bbfe2b2db4553eba0944632,d043a3bb843a11bb2f3a826771849ec4,3,43390,2017-05-15 08:13:40,2017-04-26 22:29:41,2017-06-02,18.0,-18.0,39.9,15.56
03129dea7c12fa5878b2e629ccdf2ce6,9bdc4d4c71aa1de4606060929dee888c,1,43395,2018-03-01 20:47:01,2018-02-21 11:45:07,2018-03-07,8.0,-6.0,419.85999999999996,108.92
e61e8d30ea0b71cafbcf224a1e5fc165,ca59a12c00e1e5fd88c42789115fb8d3,5,43447,,2017-03-04 20:23:54,2017-03-23,,,144.9,12.4
547916c93f5839bcb235fca96eef1618,23ac58266e694557a7c7da266ed6c316,5,43473,2017-12-11 22:59:05,2017-12-01 09:10:30,2017-12-29,10.0,-18.0,45.99,15.1
8f0cd5d2004f64f79ea07c0fe1d56804,2b4fba1ac5c3564ba60d37e66fa5e62e,4,43477,2018-02-14 19:54:55,2018-01-29 21:57:06,2018-02-20,15.0,-6.0,29.9,12.69
7a888b14a3bdd3f990fa88814e9bd0c4,4aea71163dbc64882fae599a2ce103d2,2,43504,2017-06-10 10:49:52,2017-06-06 18:09:37,2017-06-27,3.0,-17.0,399.6,48.8
4a15c3168935e164df2af99a0d0e1610,5abedb82bfd5944d04bd7e074f189dba,4,43525,2017-12-29 18:27:32,2017-12-15 12:52:08,2018-01-18,14.0,-20.0,59.0,19.65
c97aeb90d3bfd8a4de539ff6408743f7,e54f60001872f7fc5d8d6d919aa0d925,4,43529,2017-12-11 23:27:44,2017-12-05 22:40:35,2017-12-21,6.0,-10.0,65.99,11.73
17193ca8f3197c134bd170d3650c45c5,fd3634dbb2f578420b7b7dc1633766ce,5,43576,2017-07-19 18:27:22,2017-06-30 14:03:15,2017-07-28,19.0,-9.0,89.9,14.38
74fd6ca3e1c79fb057a606cff9e1d925,7c17ce8cf9a32d634076a4b31ab03f8a,1,43578,2017-07-06 12:07:42,2017-06-18 22:17:25,2017-07-17,17.0,-11.0,18.99,15.1
cfb9975f44b79548f09d5484fe022b51,126dbef0d053f55ed2e3b23e88efab4b,5,43589,2018-03-21 20:52:31,2018-03-13 08:51:11,2018-03-29,8.0,-8.0,19.99,12.79
88a55c929e81e5460731442fddceaacb,7585d4e21b02da91dd6b9dae232f96f8,3,43596,2017-10-25 15:40:22,2017-10-19 22:15:23,2017-11-08,5.0,-14.0,64.9,15.21
cb9b768056fb34bac1656ddaee016b30,97b2cbab1ec29ebc9b1d9b113a4b7a2b,3,43609,2017-12-04 19:32:29,2017-11-24 01:19:12,2017-12-14,10.0,-10.0,24.9,11.85
c4abcb90df17c2f908f7d30d560878dd,8ffd24fbf822586b2712a4becc7217dc,5,43623,2017-02-07 10:34:04,2017-01-29 00:31:42,2017-03-20,9.0,-41.0,124.0,18.0
44fb0f397c8b65ad41a72d9fd3488995,2e328ffa7af7bf06a2af0b74cfb14f64,5,43641,2018-01-17 00:24:36,2018-01-09 14:27:02,2018-01-30,7.0,-13.0,31.9,12.69
7899e3ed10b4e62adf34c632a463e68b,e10b36804f91a77995a7a1f3b5454f24,1,43666,2018-02-27 16:15:51,2018-01-06 13:54:10,2018-02-06,52.0,21.0,160.55,25.87
ab15732bac7968bb752ea2d2642ea22f,1c58d792be884eb5776e16738425d8cf,5,43670,2017-09-13 22:38:05,2017-08-29 10:46:21,2017-09-26,15.0,-13.0,59.9,17.67
e8586a449a1bbe045aa49e939999ff42,a9c0a9c746e342b36428283561c3ed34,4,43674,2017-08-25 21:50:02,2017-08-21 10:31:19,2017-09-11,4.0,-17.0,19.8,18.68
82052eb6c4e801f90e37d119a81af311,78532828d00531b29b635848828001f9,5,43711,2017-07-26 21:10:40,2017-07-20 08:41:22,2017-08-31,6.0,-36.0,49.9,26.89
727ecc596bb62b69e14b4153ad58aef8,4d9fde0f41ed6d10cf0353449abf49aa,5,43722,2018-02-22 22:45:14,2018-02-11 03:03:18,2018-03-07,11.0,-13.0,97.9,16.94
6222a5ad9755a2b841be22f76eb96d9f,8ecf756527d9cf65da9905fc38ce191f,5,43814,2017-07-28 20:22:44,2017-07-19 11:21:51,2017-08-08,9.0,-11.0,22.5,12.69
8e607c03a20bebf6af461b13bffb4938,f7614e634874a2b92d65dda076f0bab5,5,43872,2018-04-19 00:52:42,2018-04-09 15:04:30,2018-04-25,9.0,-6.0,102.0,13.15
b5c543827a1c39c5d2bf3a7b29919c60,d9f675dafee2a1d2b4a04045a9c5afc1,5,43877,2018-03-27 12:36:44,2018-03-23 14:07:06,2018-04-05,3.0,-9.0,99.9,12.03
f77f020b05eb6f6bf5fc9149082a5f1e,48d007b3d7183bc54336d813b1380d26,5,43878,2017-08-11 21:52:05,2017-08-03 18:35:24,2017-08-25,8.0,-14.0,47.49,16.6
e645aab3e8a666b7226a6097ecdc8168,7c6de5f0eea0d2f823e3dc3dc6e3ef4c,1,43897,2018-04-07 00:38:56,2018-04-01 12:30:13,2018-04-19,5.0,-12.0,149.69,32.04
d4db23707e40c64455b0cc6a97f72c82,5448a97fc343f6f23807effd01938241,1,43950,2018-04-12 00:05:00,2018-02-28 16:47:08,2018-04-06,42.0,6.0,749.7,126.8
9ef98cdeaf6d534302af1c188e006ace,5a9119d91afaa4185d778d886309889f,5,43960,2018-01-12 23:02:50,2017-12-26 12:11:27,2018-01-31,17.0,-19.0,29.9,16.79
85aec12917d89d87ae7fbb400c194c86,d8d0488eb1aa33a391551c5bbe00e93f,5,43969,2017-05-04 11:52:06,2017-04-25 16:33:17,2017-05-16,8.0,-12.0,129.99,33.19
fe2b23ad0ceab842bfd6243e89401290,b574f97b093ad4bc022f420344327e12,1,43978,2018-03-29 20:45:37,2018-03-04 11:13:39,2018-03-23,25.0,6.0,89.9,17.88
840a89f293aaf8ce30b84730742b4d9a,3f0c4716830a238b2b31f0ea8e6abeb4,4,44025,2017-05-23 15:21:21,2017-05-11 13:08:04,2017-06-02,12.0,-10.0,219.99,16.29
c4874cc5c659da543a1ec01ad362d695,a39dde177899dc1b42c696690b2d7166,5,44059,2018-01-19 01:22:10,2018-01-02 22:59:30,2018-02-06,16.0,-18.0,39.0,17.63
983df327e26b3e86a10a1c33ab815232,b8db7d2782799267ee683bb2afa7f26f,1,44060,2018-01-11 20:44:04,2017-12-08 22:32:18,2018-01-09,33.0,2.0,148.9,22.91
6943613b8cc1391b842df0b08549ac08,7989e2c3bb311324f824d365b87fa0cf,1,44078,2017-10-10 17:54:19,2017-09-12 21:46:02,2017-10-03,27.0,7.0,51.98,31.58
a553875413fd30a7f78cd701b0064a6f,14ac73e061a88e655cc2d6b984f3c81d,5,44080,2018-03-05 23:33:23,2018-01-26 21:18:51,2018-03-02,38.0,3.0,29.9,28.75
0884e7a8e688e6352a766b2d619ae058,271664630912f9ea979c46c772f2187a,4,44085,2018-01-29 20:13:27,2018-01-15 14:12:48,2018-02-06,14.0,-8.0,119.9,18.09
16bdbc47a4d41d5739f0d6531ded478c,e1ffbd708395d8b207349e2d6eccb54e,3,44118,2018-03-17 10:50:42,2018-02-26 22:44:53,2018-03-19,18.0,-2.0,109.97,45.23
1c6c0d74932ff644f53ebfb109dc797a,10ae81c09f8af0de80d11ebb50e272ec,5,44137,2018-04-21 16:21:40,2018-04-08 23:05:31,2018-05-02,12.0,-11.0,45.0,13.71
d79119ed71926d325e9f9c19fc83ea89,9646b5afa783a0861b20b9b106229076,5,44140,2018-01-08 17:19:26,2018-01-01 22:54:24,2018-01-22,6.0,-14.0,107.9,9.57
d4a164f73cbb0da8e686645eb512718e,8e65fdbf220572dfd3430631b5d89947,1,44193,2017-08-04 20:34:37,2017-07-26 17:36:36,2017-08-21,9.0,-17.0,69.98,28.2
48e15f8149f1e27026dbd435b873f913,e4f57706cb8a6fe9b5b33f944807fa03,4,44222,2017-05-02 13:23:51,2017-04-22 20:29:38,2017-05-12,9.0,-10.0,19.9,10.96
b1d515266a3224427e10ffb48f6c3b74,2ab0be5175c93d7e68f1d91459183a87,5,44238,2018-04-18 18:05:40,2018-03-29 18:23:25,2018-04-18,19.0,0.0,13.65,15.23
c7c3de97ac7e49d5ec98d79232eb2689,15764eae87fb040c4ce2bf75f6670a77,5,44244,2017-10-10 17:33:21,2017-09-28 21:20:56,2017-10-23,11.0,-13.0,59.9,17.67
72ea2dc44a84ce098fd77c3985905389,b73095e1b4a660f696d90a6f5446b58c,5,44318,2017-08-01 20:43:25,2017-07-28 10:58:58,2017-08-10,4.0,-9.0,55.99,8.72
6c95b339fcf0236cf9d73d52ba8cddad,47a9a1491f70a8280d5f449baaba7c03,5,44363,2018-02-07 11:10:28,2018-02-02 13:40:38,2018-03-02,4.0,-23.0,109.0,16.52
2e6ea6025ec042085b20c4c46e7cb061,1c3a0c1d7e9d92523cfe3bfad809a439,5,44364,2018-03-28 22:12:56,2018-03-11 11:11:51,2018-04-06,17.0,-9.0,21.49,13.61
7d0cab4a269fa38cf5fcb55307de149c,a95624561ff5062159952d1631e5b622,5,44373,2017-06-22 15:56:03,2017-06-20 13:13:30,2017-07-03,2.0,-11.0,59.9,11.73
de87adca46f6b516b82357a491d15543,2da878ecf6888b9ef86f601d9a8b9492,5,44387,2017-03-30 10:52:22,2017-03-19 11:19:12,2017-04-10,10.0,-11.0,99.99,15.46
e03485d6335a75812bd5077196b27b63,02df7a4137081ada2a06ac6e2bca6364,1,44394,2017-10-03 21:13:16,2017-09-19 13:53:09,2017-09-29,14.0,4.0,109.99,27.21
155618d7c5aa361d2dcd51ec187c5dca,0e052bf9ab53618ac0c5fb8ce3dd61b8,3,44437,2017-05-25 07:39:44,2017-05-12 09:24:23,2017-05-30,12.0,-5.0,67.1,11.97
1b95892898112d6572f37664e29f027e,da3c5f58df5d64e0b04915c5ef0f2a6c,5,44438,2017-06-19 14:43:56,2017-06-12 18:39:11,2017-06-26,6.0,-7.0,169.0,15.94
4445b3a4dbad3ab9adc9b7db80ccf7e9,5c92575d54d9782d6f943b342d27646f,5,44441,2018-03-27 00:25:43,2018-03-20 09:40:46,2018-04-02,6.0,-6.0,156.0,22.34
52e4d1e928f19ae9b57b5bfb17a2d266,869bb454aa7fd93af2e620c1d34d5e49,5,44442,2017-09-13 20:39:03,2017-09-02 17:37:10,2017-09-28,11.0,-15.0,1300.0,41.55
a0ffec2030731d996800a2c2163b0df0,0a62a2ee479a419db8aebf78129b2f5e,4,44453,2017-10-13 20:52:14,2017-10-01 21:45:41,2017-10-31,11.0,-18.0,113.57,18.04
a2c57d1f628abc73f7fb3b12a48d81b2,146f83fbe74a8608adecd4b19c1597fb,5,44465,2018-03-28 19:28:30,2018-03-22 13:41:17,2018-04-04,6.0,-7.0,95.3,14.78
40bd5de0dd4fd782ced9fbfed0c68797,1be274b004c97a574419e7d7caeebdbf,4,44466,2017-09-08 19:33:11,2017-08-20 19:28:57,2017-09-28,19.0,-20.0,849.9,37.47
ede3da0d464673a1cfbd45f86d16293c,9f88232659bf1587e06ac5ab1aa2d62a,1,44472,2017-07-01 07:36:19,2017-06-25 13:11:03,2017-07-07,5.0,-6.0,59.8,49.16
b47e555951d3a9c1a3defb4910cc6fe6,598e800e9ad9acb037af33b097ae436d,5,44494,2018-04-13 23:53:47,2018-03-18 16:02:06,2018-04-16,26.0,-3.0,149.9,23.98
4ec9f90e804b57d86b5a83f62ed0251a,4b31647c78c9dd5484852a1c9f29a14f,5,44503,2017-12-06 20:32:35,2017-11-26 13:02:50,2017-12-20,10.0,-14.0,74.9,16.28
c48fee059ea03dc1620b7c832ec8cde1,cf1d3b9884aa522eaff20488d9b1a1d9,5,44504,2017-06-19 13:34:48,2017-06-09 15:41:31,2017-06-30,9.0,-11.0,48.9,12.69
54740a3b3bea3f09debf8eb969d922cb,39be447fc734f6f66df4cf138f6582dc,5,44509,2017-05-11 10:04:22,2017-04-27 22:05:13,2017-06-07,13.0,-27.0,589.9,26.42
258dc67e9f3802ef26a0ac367bbd8159,80e2ed9ee8878458ac2191eb469cb0fb,5,44514,2017-06-13 17:13:52,2017-06-04 12:09:59,2017-06-20,9.0,-7.0,70.0,9.94
59a7a373d8dd68c2293114b470ecb46d,3ca7b3fb51ca030ccab5b14f9b68cbf7,3,44518,2018-02-08 18:24:59,2018-02-05 10:44:12,2018-02-21,3.0,-13.0,59.9,11.73
47327efc12d6bfaee531402aa96eb466,fe751fb989fdd6ff6c21a0b708da0d13,5,44526,2018-01-12 22:10:41,2017-12-28 23:14:50,2018-01-29,14.0,-17.0,59.99,18.96
e714c9b2401163588d882c6ff46c635d,38e80d72b34e2f2812529ccf6edbdbb4,5,44527,2017-10-02 20:57:27,2017-09-27 21:41:08,2017-10-20,4.0,-18.0,143.8,23.33
8e762254a11ad4292ec8fb6586c681cf,5fa78e91b5cb84b6a8ccc42733f95742,2,44558,2017-12-13 20:52:32,2017-11-30 01:51:23,2017-12-18,13.0,-5.0,16.9,7.78
010de4894f2a889f8e0c0a13d5246fed,9ee9982b6f0296becebf4d03afd07cae,5,44581,2017-12-26 17:59:08,2017-12-16 14:17:08,2018-01-11,10.0,-16.0,61.0,12.77
53e88190b1d2b36d70936ba12320d4b1,4c77961d5a6909826862fe6d8881f1b3,4,44605,2017-10-06 21:37:40,2017-09-22 22:33:22,2017-10-16,13.0,-10.0,19.9,11.85
9166089a76a327c35a8d9b02fe4095ab,f3cb950f0d57842dbbd55317ceaeaa71,5,44640,2017-08-03 18:26:02,2017-07-25 15:02:02,2017-08-23,9.0,-20.0,360.0,41.45
142a8503374156f819ed3565772e2122,70e218295bdf5efe77ddb143b1b3c0b4,5,44653,2017-12-07 17:32:29,2017-12-04 11:49:02,2017-12-21,3.0,-14.0,119.0,16.56
e8baedbba2a61898211b45d94468ca71,8418f6b2abe992eedc0c136424fa139e,5,44686,2017-10-25 20:53:49,2017-10-11 13:14:45,2017-10-30,14.0,-5.0,454.0,11.99
5c8ba91536a9baefe1815b18b8a913dd,be625dc4e32d2e9edfb3a252306884da,4,44704,2018-04-25 22:05:11,2018-04-11 16:10:27,2018-05-17,14.0,-22.0,98.75,15.57
b57fa42af6f969c9998f037064deb1fc,563a70a03f09f2174bde139fdcbd8772,5,44769,2018-03-21 22:03:54,2018-03-01 21:16:08,2018-03-28,20.0,-7.0,119.9,38.39
cd4eefe54919a3bd342951fd7e4ba19f,306ea671aa064b580d06e291967f18ef,5,44777,2017-09-29 18:23:41,2017-09-24 23:32:44,2017-10-17,4.0,-18.0,16.9,11.85
654d4e54d604408d72049c9253f5464c,f9a4ea353ce8eeffe8a1d48960268f66,5,44817,2017-06-27 15:44:39,2017-06-09 17:57:38,2017-07-04,17.0,-7.0,999.99,101.52
804cc2fc7c512600cd6fff6b25d46271,ce8f5eddac46e002a057f440c9bde458,3,44821,2017-05-23 11:52:49,2017-05-02 18:31:54,2017-06-09,20.0,-17.0,19.9,20.8
f6966d98371f08d6c6cfdf44cc554264,5738b1361143b2ba3e59fcb5dffc7114,1,44829,2018-01-30 18:32:21,2017-11-27 16:58:04,2017-12-20,64.0,41.0,139.9,23.85
0fb3a95a622cec781b6df04f751bdba0,fce8ff96dc39e6ad674a20032e22b435,5,44845,2017-09-18 17:32:26,2017-09-15 14:52:46,2017-09-27,3.0,-9.0,38.9,8.27
8b5afd726cc86efde6b416387b9d3ef4,0571cdb407bf04b419c94ffd7acbd874,1,44849,2017-01-30 13:24:45,2017-01-19 21:24:05,2017-03-03,10.0,-32.0,6.9,15.65
2ecb8f880e559eb2ee931888ed0e06d9,60f262077cbc086086e49d225d09114a,4,44877,2017-11-20 19:44:36,2017-11-11 13:26:34,2017-12-06,9.0,-16.0,177.9,16.0
cbda6dcfbccd6b4e49352a829ce8c8f1,e3d7c52182ad0917d1d2dd351dc1ef3a,5,44922,2018-03-09 18:08:34,2018-03-01 00:15:48,2018-03-21,8.0,-12.0,64.9,17.16
a71f2d7b78d79dbb6d4dcd6af2be69a2,5a8badb776e5585c274fe19201012249,1,44960,2018-04-09 17:56:26,2018-03-07 21:02:00,2018-04-05,32.0,4.0,49.9,37.04
21f3922562f96b45abd2af6558ad9d4f,b880d9ccc22f98deadf2e35998922699,2,44979,2017-07-13 18:23:33,2017-06-08 16:46:35,2017-06-22,35.0,21.0,18.99,7.78
7674217612b792b13220559e1ce6d20b,4cb20b515815d480b0dccbe2fa6ea5bc,3,44995,2018-03-20 13:20:39,2018-03-11 22:23:57,2018-03-29,8.0,-9.0,47.59,12.79
c8c869924688499bd7654a15bc67dcc1,df6e64a3be9ccea48c3bfe8e096e8749,5,44999,2017-09-01 20:41:04,2017-08-16 08:00:13,2017-09-08,16.0,-7.0,89.9,17.88
895db9be482f113d1a17a4750be25b7e,87ec7a9f029ae04e1e43ffc7bba7bfa5,4,45052,2017-06-06 14:19:03,2017-05-12 13:01:18,2017-06-02,25.0,4.0,157.0,21.59
9c1f9c862e3ce933469e9e56b452cd9f,a86139e0d4d95f37f763ce3060d04982,3,45072,2018-03-02 19:07:22,2018-02-27 21:56:07,2018-03-27,2.0,-25.0,129.9,42.79
5d47184b81e767d1e791504625461d86,cf3b788513af1a4ad6085b96b4954656,5,45101,2017-07-17 14:12:44,2017-07-11 23:44:38,2017-07-31,5.0,-14.0,48.9,12.69
cda2e9b3461f77a5dec81c6c2a1f9f1a,7063584ebd960be71a883b756429f2e4,3,45146,2017-09-15 19:31:38,2017-08-30 10:46:15,2017-09-21,16.0,-6.0,89.9,17.88
d707f053a4a23acb3be95d917b75dff2,57c69ed198726d2114eb47ca8c2d64c4,5,45154,2017-09-11 20:46:53,2017-08-31 17:47:19,2017-10-02,11.0,-21.0,149.8,35.54
783d719a59054752afba387bdadaf9d4,12fd4ba303cb9951f45b3ce9b6ba764b,5,45155,2018-04-10 22:14:46,2018-03-18 21:13:46,2018-04-13,23.0,-3.0,35.9,22.85
200099b88c3ab7ce6daec28ad6be3945,4a8fe18e8771bd810821df6dcf3428e2,5,45191,2017-07-04 15:25:40,2017-06-29 15:09:34,2017-07-19,5.0,-15.0,59.99,13.44
a7897bae94b7c11fd111f4645a02f5ff,c79a29817509b8122a3b3c3a24414866,5,45230,2017-10-17 21:47:40,2017-10-11 13:57:07,2017-11-06,6.0,-20.0,92.9,14.38
01d6688f560a2d75e462ea55204f92d1,3f2319ebb0d43c639d1f768216d5edf7,5,45233,2017-11-22 18:51:27,2017-11-08 00:46:50,2017-12-06,14.0,-14.0,99.9,21.19
a85c56f6ab5e0363138f2098cacc5bc7,338fbd3c36de682efeb03bf89d62ae95,5,45261,2017-11-23 14:41:51,2017-11-20 23:27:27,2017-12-01,2.0,-8.0,89.9,12.33
b039083a7dbe492a04983a47c8ba233d,fee04510f8e4bd36d10789bdbe55eae2,5,45263,2017-08-31 17:38:50,2017-08-24 19:56:08,2017-09-15,6.0,-15.0,56.99,11.9
2213fbf4f043524f6972d782182c2211,b2b4ad3f3df69da791d642a9bfc387e6,2,45330,2017-07-06 10:32:31,2017-07-02 15:47:45,2017-07-21,3.0,-15.0,89.0,31.65
d2dd62086edcecabec4ddb7b2dff85f1,4a778bf83b14e5f0f74e35bf9dea4a7c,5,45358,2018-02-22 19:43:36,2018-02-18 18:06:55,2018-03-06,4.0,-12.0,29.99,7.78
6e8f1161c25634d62921639833b4ee22,08ab4cd4d921b31bd7719eec989aee97,5,45422,2018-03-01 21:04:43,2018-02-24 18:22:14,2018-03-12,5.0,-11.0,324.5,61.18
e2fbcbb4bd1fb4dd71787309ff7d22f0,33401d2d0621ceae77505c91308ceddd,5,45448,2018-01-30 19:39:09,2018-01-23 10:26:00,2018-02-19,7.0,-20.0,54.9,14.13
c7d5807c1368b4b3be4307a9ad37fb3e,364ced4c215dfadfacf5ee28844f4c83,4,45504,2017-08-14 19:39:58,2017-07-31 16:50:07,2017-08-30,14.0,-16.0,116.6,34.18
82a9742acefb78082b8403b58eaae93c,c7da1b57f7d2251252370bc7d94168fe,5,45516,2017-02-09 13:21:35,2017-01-27 21:27:17,2017-03-15,12.0,-34.0,18.0,20.0
03ac93bedda403f06f2840ee13c5e6ff,30d3248b5934e2b1e6e6974fd27d0720,4,45519,2017-08-09 18:28:06,2017-07-31 21:58:01,2017-08-22,8.0,-13.0,89.9,17.88
a61674502e5f7af4af9ac41def037c59,e49a1046c2917c7dd73d6f9ae9a94afb,5,45543,2017-11-08 18:52:46,2017-10-24 21:19:57,2017-11-21,14.0,-13.0,427.0,45.02
34c9f8e7964af97816578b46a7631067,c81450deea020167372bd36d6af3073b,4,45577,2017-12-11 16:49:06,2017-12-07 10:16:49,2017-12-26,4.0,-15.0,149.9,12.75
f83f0ed88f2b2fcc21e49c8d6a65adc2,5a962ab275ff0511438ef6b791d5d31b,5,45596,2017-11-01 16:38:47,2017-10-22 11:20:45,2017-11-29,10.0,-28.0,220.33,26.38
33eb2ee176e44f6d0ba4aeca661444e5,2f2f32084f6b6ffff53044b351790b7f,5,45603,2017-03-16 10:52:02,2017-03-07 10:50:10,2017-03-30,9.0,-14.0,339.99,17.59
737decbba63f9c61ea44c9bb47d8d8fd,f204f70875d6c6b3ef8858487847fec4,5,45605,2017-06-14 18:28:02,2017-06-04 15:51:15,2017-06-28,10.0,-14.0,98.7,21.18
f93e33f04ac21bc91d0c8367df59731d,53983db8677eb702d142238b8a1e8ebb,5,45607,2017-09-11 22:05:54,2017-08-27 13:51:51,2017-09-21,15.0,-10.0,119.8,32.36
c538e4b3dbc9610751a2c06850b606c5,bbc781e0bdaef8ca45c32c280250567a,5,45642,2017-12-06 17:22:42,2017-11-24 19:54:54,2017-12-19,11.0,-13.0,299.99,17.86
8b76df788cb936782079186c3ec5d4ee,1b04338248209667c231e726e312c9fd,5,45685,2017-07-20 19:21:45,2017-07-11 12:17:53,2017-08-09,9.0,-20.0,195.9,14.39
b3e181495ca4036329fa2aa168043c62,34b3d6f518fb789c443e4ec00f9bb0ce,5,45716,,2017-05-25 13:07:50,2017-06-19,,,267.0,88.10000000000001
948e95e2a7eccd1405e8e3e0b69a4927,e1d1213b6608018866541300bc7e095c,5,45786,2017-09-28 16:48:05,2017-09-18 12:21:43,2017-10-09,10.0,-11.0,396.0,37.28
56e7229994c5ec84360c20804cf01ad9,07e2a9d486a8394f2700230396e8d5f0,1,45828,2018-04-02 22:32:10,2018-02-17 22:29:16,2018-03-23,44.0,10.0,209.9,61.93
d0ecfaa6bcf52ed1a0be9c42c66976f3,cc3336764b2bc18f4eaa8f17f86bfd53,5,45905,2017-06-17 13:18:43,2017-06-11 17:43:18,2017-06-29,5.0,-12.0,56.99,7.78
35e531071b3c980ff6dcf95b243fb009,8c0921d37402722b282083329db79f9b,2,45925,2017-05-09 07:40:12,2017-04-13 16:09:20,2017-05-17,25.0,-8.0,129.89,41.8
b56d0fc0b58fc9897a31270225f22182,eaa327106ae5437fcdfca397f45beca9,5,45970,2018-01-04 22:47:53,2017-12-29 14:22:35,2018-01-18,6.0,-14.0,18.0,7.78
75130f8a1d50bcdd6ee855ff507ae6f9,6b4186f5efd99b748d530675413ef6cb,3,45971,2017-08-11 18:33:26,2017-08-01 12:56:09,2017-08-29,10.0,-18.0,44.99,25.63
56fe51872fdbdf475963d92ef12fbad4,ac13993b49f8254ca1d6ab536c035473,5,46036,2018-01-15 17:35:51,2018-01-04 22:36:32,2018-01-30,10.0,-15.0,69.9,16.12
b0dcbbc32c166964eb12713d9c1fc65f,b1052e92ac8aabc3374c0a9bfdd33c41,5,46049,2017-08-09 16:55:44,2017-07-28 22:01:56,2017-08-29,11.0,-20.0,288.66,69.62
7932aea471c08792aec0fed064004b1a,cb5ece4890234f69f2371e3179e42f73,3,46050,,2017-09-04 18:00:08,2017-09-26,,,180.0,18.54
d6b1d1599923c496d9ea2cc2f45dcec0,3a4e44cbd3bff237fa62857370a2214e,5,46059,2017-10-10 19:20:03,2017-10-03 14:14:32,2017-10-25,7.0,-15.0,109.9,17.02
06a6e385842f9223656f37038399142c,768a7c234c6cd1715bde13496e5cfc26,4,46070,2018-03-05 17:15:46,2018-02-20 23:28:18,2018-03-26,12.0,-21.0,204.0,29.83
e856694b3bc5098c009216210155bc5e,dc920c44a8f3925e7fc295890563d2c5,5,46076,2018-01-04 17:54:14,2017-12-26 17:51:47,2018-01-19,9.0,-15.0,109.9,17.48
aebfb92e57c8e76a17a3bac7162be135,c3c8c891f706a8256fb5da39ced6ceae,5,46097,2017-10-24 18:07:54,2017-10-09 19:12:40,2017-10-27,14.0,-3.0,124.9,14.62
661b3e655f8cbe6d0cb01d5cd2c75409,b71ae2d7677a2cb21e4d19ac1141e7b3,5,46145,2018-04-17 23:08:45,2018-04-02 16:09:38,2018-04-23,15.0,-6.0,69.9,19.46
1e293d182c7d9cd871b8837ef102507b,bb61950e7ebdb94de7471ce0d4fce73b,5,46153,2018-02-14 16:56:30,2018-02-05 10:50:58,2018-03-08,9.0,-22.0,35.0,11.85
cc64eb599f414a93bbaff5327fc9edd1,52dfaf3e430903d40571c0eb44d324b5,5,46176,,2017-02-16 20:55:53,2017-03-15,,,,
b61776d28bc63de74668929470a72ecf,c2732918af31f35e7fcf5d1bfb9b92fa,5,46189,2018-04-02 20:08:53,2018-03-26 09:57:32,2018-04-16,7.0,-14.0,34.2,16.95
0f4b8b4974ab4837c4b3806a9a435be3,87440684f2020256690b3267299053f6,5,46206,2017-05-17 11:59:49,2017-05-13 11:35:32,2017-05-24,4.0,-7.0,278.9,9.54
f6b13d5739d618c0a5189c679ff1bc7a,055bef2dbc886956379d21a556e11ff9,1,46222,2018-02-06 17:27:45,2018-01-10 11:40:26,2018-01-31,27.0,6.0,139.9,13.53
958656250f1f094a834efce9ba4b76ca,94cb35fbdd88c96b0718527f8e843feb,3,46307,2017-12-15 18:58:53,2017-12-04 12:46:39,2017-12-27,11.0,-12.0,79.9,13.58
f9a76344172a907c00da346ee237aef8,33585683a8a47f86b6183a75c974b2df,5,46348,2017-08-28 11:57:55,2017-08-19 14:08:34,2017-09-11,8.0,-14.0,259.9,13.32
d10fa8b1cb04b66f65cb853c1c445e7c,75f6ded14ff770cff5dab61532421db4,5,46379,2018-05-07 22:54:47,2018-04-03 08:37:21,2018-04-20,34.0,17.0,15.0,18.23
1ed7dd1bafc8400157003958451cd569,7cd48500c7fb8fb359e9b91fbb2a23e5,4,46418,2017-07-14 18:56:32,2017-07-10 20:27:30,2017-07-28,3.0,-14.0,59.9,13.44
cbb99d421721a111bcaa97e4328fd083,d347a4ddae83c0b8a9438522ecb7dfb6,1,46520,2018-02-08 22:33:04,2018-01-26 20:31:37,2018-02-22,13.0,-14.0,19.9,16.79
59e6091892a817fce20e59ac288637c2,e6a66a8350bb88497954d37688ab123e,5,46528,2017-04-10 11:12:46,2017-04-03 18:59:59,2017-04-25,6.0,-15.0,79.9,11.95
ab400c408a2aeeb3dcbfabb08cc4d91a,8e401549ad1337dd0ac5ca3eab054c5c,5,46561,2018-03-15 21:46:46,2018-02-25 13:06:38,2018-04-05,18.0,-21.0,49.9,25.63
6f5a7d5f91dead3965047f78fe879efd,b330ac45859df51adcd01c1c5257b231,5,46569,2017-05-23 11:57:37,2017-05-16 09:53:59,2017-06-08,7.0,-16.0,889.9,123.95
3bc2ef783e264aacc65b0e79109ad85b,4bb508ed8217864a44341f4e5e41e04e,5,46575,2017-12-04 18:22:59,2017-11-25 00:29:04,2017-12-22,9.0,-18.0,79.0,16.8
267800acab32d0237fe6e896ff6fbd15,9d578363f05f0a4f13c35ca532f88192,1,46578,2018-04-09 20:06:44,2018-02-16 12:56:13,2018-03-16,52.0,24.0,229.99,31.02
adc6c652114cbbfb70b01aa23f2995e6,77398a0f3a4c177f2c4c7010abb1d9d9,1,46589,2017-07-31 17:20:09,2017-07-16 12:04:19,2017-08-04,15.0,-4.0,438.0,26.89
085a0eee00279d56acca58653371127a,e66a74734acaddadf5cfd457c01cb10d,5,46590,2017-04-28 13:09:34,2017-04-17 17:27:03,2017-05-10,10.0,-12.0,39.9,14.52
a17167de7adc918714639a750d4f6af9,29b354bf7c5d99aba28b180fa56a2aef,5,46606,2017-10-03 15:19:17,2017-09-27 09:11:49,2017-10-19,6.0,-16.0,199.99,17.65
269edb5280ad1f999b5043c93cc4e845,fffb9224b6fc7c43ebb0904318b10b5f,4,46657,2017-11-17 19:41:42,2017-10-27 16:51:00,2017-11-27,21.0,-10.0,220.0,136.76
b51df18ed32cdd5e744afb36a6f6fd8c,57c18f4284e896f80e8b81086c4f95ef,5,46679,2018-02-02 19:13:04,2018-02-01 06:55:18,2018-02-19,1.0,-17.0,29.9,8.11
f2f2efe42d041f741b6a6aa06e9002bd,e88708b0f6c58eaba5b9b3f850f212cc,4,46704,2017-02-10 10:47:47,2017-02-05 15:48:26,2017-03-01,4.0,-19.0,39.9,11.74
6d829729b7553474c93e39850d15cf6b,409bb100cf5efeb2ee6789b1a63589f2,1,46731,2018-04-01 15:42:28,2018-02-23 13:35:05,2018-03-21,37.0,11.0,10.99,16.79
69e4bb6f89e6e9a3ec8bdcd25ecaf446,5b53d58d5ca32220fd0eabaa0eeecb76,5,46760,2018-01-29 17:44:55,2018-01-24 11:17:38,2018-02-16,5.0,-18.0,135.9,22.58
39b140ee0d397ef10c023e558c139f83,acb77b31022128308393bdbc66e3e5bd,4,46780,2017-12-05 02:08:56,2017-11-12 15:48:46,2017-12-08,22.0,-3.0,45.95,15.1
a26b3349b3f062aa89fe6e0aa8f51f7a,9b53b66ca7d27b4c0ccf5ba89af00bd0,5,46789,2017-06-29 14:19:50,2017-06-19 02:15:55,2017-07-14,10.0,-15.0,99.9,17.27
db037ae39af80ca4f9c4f3cc4acfbf48,01a3ee1c837fb57db23d898f0eb5111d,5,46821,2018-01-29 18:19:06,2018-01-23 12:35:21,2018-02-07,6.0,-9.0,168.8,8.44
1cd26c4034f5cebb80b5e534ae185b0f,81c75e6fe26085262f147cf6a6c0d367,2,46852,2018-01-10 20:57:57,2017-12-30 13:43:48,2018-01-31,11.0,-21.0,139.89,33.04
bbe08304c6ce7e090ae6e916639a40dd,70e1e65e23050b71f1357ebf72506b73,1,46859,2018-03-13 21:41:49,2018-01-21 17:44:36,2018-02-15,51.0,26.0,179.99,21.75
f1b65022be4122a220c31bc14a8ef316,0ca3024fdd038f1b734a8f1bc57e9055,5,46891,2018-01-22 21:49:11,2018-01-18 09:03:18,2018-02-02,4.0,-11.0,39.9,9.34
a835df6512274842927b3c7e45dc9e60,18d8bd3eba0ea9aa893dd85b593a3495,1,46951,2017-06-27 10:24:46,2017-06-03 00:08:15,2017-07-28,24.0,-31.0,143.64,76.1
33a6227503ecfc4e5a9a611c4d9aabf5,76d820534ecdb9ff90b20c635d1c593c,1,46990,2017-11-08 21:34:59,2017-11-03 16:43:28,2017-11-24,5.0,-16.0,202.0,26.87
3393864463d4d412cce5e7ebe7406332,6f7bb8ed3fa820411a624a11677ddd9c,5,46992,2018-02-22 22:08:08,2018-02-02 18:30:42,2018-03-05,20.0,-11.0,45.9,16.11
64cfc461ef3a513a2a4bc202743efc03,284b41fb8245e3c8c07c32ddb7572217,3,46995,2018-03-02 18:33:06,2018-02-15 09:11:58,2018-03-08,15.0,-6.0,58.9,15.17
89826f445829034313c57c9d169fa873,f0cefee84b19e4a0f9a56b147e89eb2c,5,47028,2017-03-24 17:47:01,2017-03-14 15:27:18,2017-04-06,10.0,-13.0,169.9,25.01
4068a91586dfbaafc72ef41c607242c7,a455dc7b8d6735fa6ef94adaa7b849b7,5,47079,2018-02-07 18:32:08,2018-01-21 13:47:57,2018-02-15,17.0,-8.0,299.9,18.35
6a6f3c6fc2a989b3dd59eada5c2d5016,5466d76b73c2c9ea826b3fc661288d0c,5,47099,2017-08-25 13:42:14,2017-08-21 13:47:03,2017-09-11,3.0,-17.0,110.69999999999999,38.07
494be40d598ff3a21e07e3e69d92ad66,76f73aa1ed8a90212ad2c15403e265aa,4,47103,2017-12-12 20:07:57,2017-11-21 02:39:45,2017-12-13,21.0,-1.0,99.0,19.93
b4f7dbd5cf374ed25494424fc4ef12b5,cb4980b31efc7af3ee819aa60582c31b,5,47115,2017-01-20 13:42:37,2017-01-17 12:42:06,2017-02-17,3.0,-28.0,44.95,14.52
8ce661ea357e15bccf726ffc2757989c,b34e632947c7a44b7afd9eaee92f7dbb,1,47116,2017-09-19 07:49:51,2017-08-06 12:21:39,2017-09-13,43.0,6.0,205.0,38.57
005a61bc59a417a49b978da5c594962a,8d04cc6c75bba21874268deda821055d,4,47138,2017-08-16 16:37:34,2017-07-15 20:34:24,2017-08-16,31.0,0.0,193.0,23.67
f9315c11996880fef54f752486c72c2a,847d8edecff82bfad703e42e7a849201,5,47161,2017-12-11 20:51:43,2017-12-05 20:29:14,2017-12-29,6.0,-18.0,75.0,13.55
6407c9977a1aa50f46fb843cf1f99541,7fd1ad3183dcd535e1fbbd709f095a4a,5,47188,2017-11-01 19:09:58,2017-10-15 23:33:59,2017-11-10,16.0,-9.0,45.9,16.11
b2023ab37bc9de90e5e8824c4064b609,8d60c8a11e4eefd1b431f3c126e0b3c4,5,47225,2017-08-03 21:04:20,2017-07-31 00:53:44,2017-08-11,3.0,-8.0,99.99,9.51
7dfa818f647c0c24f713f1040d4e1d56,9d861ac27142c9f86a4787f50247f486,5,47229,2017-08-14 13:13:36,2017-07-20 17:32:44,2017-08-21,24.0,-7.0,259.9,18.26
67e1e292d20e387b496802775bbbf4e9,25133adfabbfa91f52ed184519933c11,5,47269,2017-07-25 19:32:09,2017-07-10 14:55:01,2017-08-01,15.0,-7.0,25.9,15.1
cc6171e3dc8df3e32b1b755f826aa0d5,fc62afb57b86ee5363aee2b7c04421c0,1,47305,2017-12-13 13:17:22,2017-12-04 10:58:22,2018-01-09,9.0,-27.0,89.0,17.9
9b864ddbea418f548b306a2b83c87844,674b6e620b3996a9a6267267aec7516e,5,47309,2017-05-03 15:27:44,2017-04-26 16:51:34,2017-05-24,6.0,-21.0,199.4,29.74
1b59f5d48f504bfbd1fddcf877e25445,6b20cc3647e96150f914350d12208e9d,1,47315,2018-02-28 19:52:04,2018-01-29 13:52:40,2018-02-21,30.0,7.0,59.99,16.18
023aa6bdd1102d6522194bbba667050a,0ba07d4c280cb853d92c8734162c1cde,5,47319,2018-03-05 23:54:28,2018-03-01 14:23:06,2018-03-13,4.0,-8.0,40.0,8.72
0bfa9c03d971224360e35fbafd1e0679,96fa516aa67a6a9a29ed51112f357643,4,47323,2017-09-29 16:24:02,2017-09-16 16:08:59,2017-10-09,13.0,-10.0,158.0,25.95
64588192fdd014bb8d432db3df6e9e14,9111147b969505cb43b47663779162d0,3,47345,,2017-10-02 21:54:34,2017-10-25,,,58.99,13.43
f4db7b212ce0fac6151bbf91b0aab4cb,52932a42bc7180b8f5cea527f7e27a34,5,47350,2018-01-29 19:05:32,2018-01-19 13:10:46,2018-02-09,10.0,-11.0,38.25,13.5
da34e0321e27d97852ed569f010b1036,1d41a4a86b1079c1c1c71cf212b174ea,3,47354,2018-02-27 18:35:09,2018-02-14 20:29:42,2018-03-06,12.0,-7.0,105.49000000000001,26.1
b09e83722b2e587a2f47ba1853dfbe7c,bc792ace04233efedd8f161fb4b7b207,4,47355,2018-02-24 12:08:32,2018-02-21 15:12:29,2018-03-07,2.0,-11.0,39.0,8.27
a2c6d1d13dd44df1e41e37b01bb78ef3,cda166f7dae2993118f807e7215c7faf,4,47360,2017-09-18 22:49:56,2017-09-13 08:10:50,2017-09-29,5.0,-11.0,119.69999999999999,49.800000000000004
13da34a551d32ad02b4f7ff53a0cc500,8a1afda75a802a8a5dd950aa81756f49,5,47375,2018-01-10 20:08:26,2018-01-03 16:05:40,2018-01-26,7.0,-16.0,195.9,34.64
a09b665878984195c0cb84b36745b80e,22479f588dbf140ab4e8f3a6688c31b1,5,47381,2017-03-07 04:47:49,2017-03-02 00:16:18,2017-03-21,5.0,-14.0,89.9,9.62
f19404215a92c5ca434671929de8aa75,5f4a93e06fbb6c09a0f4afec6a1ea960,5,47382,2017-11-27 15:42:28,2017-11-15 19:19:02,2017-12-06,11.0,-9.0,119.84,15.6
92cc919e166923af080d48d3a121dc74,444a494f39275142d9c75bd7307cdde1,4,47387,2018-03-07 01:42:08,2018-02-08 17:00:48,2018-03-06,26.0,1.0,49.9,17.6
0b4d7ef7d0a277f4839a6b6c59e8d9ad,acd5c180c2d3c364bd63013b33063120,5,47409,2018-02-23 22:47:09,2018-02-10 22:33:31,2018-03-20,13.0,-25.0,69.0,16.92
3a634bcebc5ad14f8a7708af166964d8,04af00b2ad7756ba45549af1e832d8da,3,47429,2017-12-13 20:43:24,2017-12-05 21:01:20,2017-12-21,7.0,-8.0,134.99,13.5
f09b051abf307c8693ad220930fd39cd,c1e204186043302a0a6e1f4d955460fe,3,47440,2017-12-02 18:38:46,2017-11-16 17:21:21,2017-12-11,16.0,-9.0,270.0,14.02
91450ea3194f2a1e9981cbc78158f4be,e2fbbd87fea5a8b236b00e5b274b143d,1,47463,2018-01-03 12:53:05,2017-12-03 23:51:12,2018-01-10,30.0,-7.0,196.99,59.93
0726eb28a3d928fe74e24b07c6c47621,10010d54b0ddcd2c4ef9076ac5b16e2c,5,47468,2017-12-16 17:55:41,2017-12-07 01:05:38,2017-12-26,9.0,-10.0,49.0,7.78
fb1321b312a6afbf2fb5d308d66dca71,bf9b9000c617c6eb39e6666c98f7493d,2,47480,2018-04-20 14:41:40,2018-03-31 18:49:05,2018-04-18,19.0,2.0,119.9,13.28
48266562367476a51b690bc3f67a0de6,b4c8c7add8acbdb1bebcae219ab6c141,1,47485,2018-04-27 22:28:41,2018-02-06 10:09:22,2018-03-19,80.0,39.0,139.99,28.34
6ac8fb19c4dfade0864ed6e91a50f9e6,2d5058747a7287ed0678a7d65af01329,5,47523,2017-03-28 14:35:12,2017-03-14 17:16:20,2017-04-04,13.0,-7.0,249.99,68.45
f35cac4c3a807fb10015e0b6a820ccb6,f256e6ae5f9bc6968eb25800d1360ab9,1,47531,2018-01-09 17:57:27,2017-12-05 16:18:27,2018-01-02,35.0,7.0,266.7,39.6
9364ac5f9db46b2ea389cea4e5389529,4ef8fef15b3a1986d266d349b21ab021,1,47534,2017-04-17 15:23:36,2017-03-09 20:16:03,2017-04-03,38.0,14.0,67.91,19.07
ae629decc437b4bdb5f579ee3b5086b8,232a2ccad012f3cb2ebe4ea479e0b1af,5,47546,2017-10-17 18:36:06,2017-10-09 10:51:59,2017-11-01,8.0,-15.0,19.99,14.1
634621f7de36bab0220d9a4c14b95826,e40339cd43c38724ea64647be58ae59e,5,47563,2017-10-24 19:42:27,2017-10-21 20:12:40,2017-11-06,2.0,-13.0,149.99,12.25
e3e39c888a831603406eed7cc454358d,ab2955d5a9fe4ad0e979935d68422c8d,5,47579,2017-12-29 13:41:43,2017-12-28 11:05:26,2018-01-17,1.0,-19.0,54.9,9.34
0b6258125de318ec363028d208c0c85d,a61151bf7c6ab99c973aafb3382f4781,5,47615,2017-09-28 20:21:41,2017-09-11 12:00:17,2017-10-17,17.0,-19.0,40.9,54.02
c8a84bd448f61ebddc630e33e30ed692,0ca768c507d1fc3c61bd950bb1c5231a,5,47632,2016-11-07 14:51:45,2016-10-10 15:20:14,2016-12-06,27.0,-29.0,94.99,17.53
e73899762fd60940b2b466179ac1c6e6,64478c0495ed9d0c628e8cfa896b83f7,5,47672,2017-12-20 15:51:56,2017-12-05 19:43:24,2018-01-05,14.0,-16.0,89.0,15.37
feae0add43a32341638f3fc4ed3f020a,0e5f95185b8be5365f07906c419286a4,5,47692,2017-07-21 15:43:34,2017-07-18 08:53:09,2017-08-07,3.0,-17.0,79.9,8.42
9282b34fbec991b98bd96508fde4938c,7a52ab63cda983a2713878fc7e994277,5,47763,2018-04-09 14:22:53,2018-04-04 20:16:29,2018-04-30,4.0,-21.0,199.9,20.37
1d3d62c93eda32b11e5373d35b9a6858,1a269df4715562ff85e2ca1830249246,5,47793,2018-02-26 21:12:23,2018-02-08 17:31:19,2018-03-05,18.0,-7.0,108.99,27.61
91243cc2ce757eea99cc047d3754a5cd,5e362b5d60f22cf39bb6066118c31fae,5,47822,2017-08-23 16:10:16,2017-08-08 20:14:46,2017-09-08,14.0,-16.0,85.9,38.15
a58e01a5e6c0f9de9a527a6b9f730e39,b483e46d6e6756224ac7bfebadf91e15,5,47825,2017-07-14 18:38:01,2017-07-12 14:11:35,2017-07-27,2.0,-13.0,49.9,9.09
5143520394063d2f5a81f9a9acfd8ce6,5ab00c62f565cf0916a6fc76adf016ad,5,47832,2017-07-10 12:21:55,2017-06-25 22:39:01,2017-08-01,14.0,-22.0,79.9,17.81
75b800393b74a45ebd178d8ad71824f2,d25f8fadc7abdec7bc6d97629c97d57a,5,47834,2017-04-27 22:13:54,2017-04-17 06:41:44,2017-05-16,10.0,-19.0,158.9,35.97
772e517c6b7967d60ddfede003482e7e,059cd34e948c8025e660c89c0de2d792,5,47842,2018-03-21 15:48:47,2018-03-07 19:01:13,2018-03-28,13.0,-7.0,53.49,22.87
396be8ddbdeb6e76f8ce345c99ddffaf,eb7ff80dafc8d0ed8bcba5b21aef9da7,4,47849,2018-01-04 20:10:43,2017-12-13 19:58:00,2018-01-10,22.0,-6.0,104.9,17.98
bd44b5c513dd054eb367f4aab5daf477,3fe7c5853b6def3524128a2d44fb3d24,5,47894,2017-12-20 16:24:44,2017-12-15 15:09:44,2018-01-08,5.0,-19.0,34.0,8.27
4fda83cdef5bb8ab2aa996dc316dec16,ed04a2b3c21cbcd90c2071a22a8cbda2,1,47921,2018-04-21 18:42:37,2018-04-09 20:07:59,2018-05-17,11.0,-26.0,34.3,18.23
8676c6ccedbe5f2877acf6060b55b06b,3b03215cb91b5bb4f662af34c196bb34,5,47951,2018-01-08 16:29:03,2017-12-16 13:56:09,2018-01-22,23.0,-14.0,119.0,21.32
0a81ca2a2eff6645cdf32221352ee095,7ff0a233ca71abe5b19f93af5b8f3440,4,47954,2017-12-21 16:12:42,2017-11-24 10:53:41,2017-12-20,27.0,1.0,126.0,77.9
c98314872aabec34723c32d51e97d460,9934f2be60d7992700e66e947ebb8d07,5,47971,2018-02-23 00:45:23,2018-02-04 21:40:55,2018-03-06,18.0,-11.0,24.99,19.59
5041134d3d594081762745ab6c20b7d9,45b888816ea926cda441a7e65e7c1b9f,5,47973,2017-12-18 20:43:44,2017-11-28 13:17:30,2017-12-22,20.0,-4.0,235.9,35.45
3d9f04fd2150a9218a14e1d365b6ff9a,0ec73995908cf00519d1da725119d114,5,47974,2018-03-26 16:17:01,2018-03-13 21:56:58,2018-04-06,12.0,-11.0,790.0,52.8
568f2a29c8fd9b94e5a56b1ba9ff08ab,363f10f9a33417de0135b77187a5222b,5,47976,2017-11-28 23:33:04,2017-11-12 20:32:49,2017-12-11,16.0,-13.0,56.97,16.16
71ef6efc050e56b9b8ad8c0528d99c6d,a6f980db92567852107fe54fa64726f2,1,47988,,2017-10-28 10:33:24,2017-11-24,,,,
a25d1eafc68fbe9b09a914c48ed2be7d,6f239f76247919dca754f858fe95c617,5,47995,2018-03-26 22:31:19,2018-03-22 20:27:41,2018-04-04,4.0,-9.0,5.49,7.87
db74db5a8dd3cfb8c222216d2d59ec47,09c681e9069e20d7f2ecd587151f1b88,4,48026,2017-12-20 17:32:38,2017-11-29 18:12:11,2017-12-26,20.0,-6.0,250.0,61.57
714d748028e1f12422ad87dde86ca694,b0e2da4433a10c624a9f71b187e93915,5,48039,2017-05-12 12:52:11,2017-05-06 21:55:41,2017-05-19,5.0,-7.0,99.9,9.51
5af47447c28ea02a627a144cc2cf3804,0413fe9eb0eb4aee51ef3065e9c91aa3,4,48053,2017-07-11 23:27:59,2017-06-30 11:27:34,2017-07-26,11.0,-15.0,89.9,19.87
e262b3f92d1ce917aa412a9406cf61a6,9c5dedf39a927c1b2549525ed64a053c,5,48068,2017-03-17 15:08:01,2017-03-09 09:54:05,2017-03-28,8.0,-11.0,72.0,13.08
b75106258f7afc82ffd7a233d7abea9f,a748ecf209b624243632301df6c0fb6b,1,48084,2017-12-12 23:13:23,2017-11-22 23:45:36,2017-12-04,19.0,8.0,29.4,8.11
85379113d41e0a3ab690fe624f612688,745f8e8e54805aa546f8083a70649d82,2,48099,2017-11-10 19:14:51,2017-10-20 17:20:37,2017-11-24,21.0,-14.0,139.99,38.82
6b786cc159c74ea26ff9087d88dea1b0,3c3df3dd2afaabb39a53131f9ce98116,1,48124,,2018-01-25 14:52:00,2018-02-19,,,,
fe270df00abcb5c39fc7385143a12167,a39d3db795a5cf4c8b6c9dd050f0d326,1,48133,,2017-03-13 16:12:24,2017-03-30,,,129.99,16.02
7bf7b49b16ea9b9fb9ba8a05b6c95863,e3814831894acaf0ee4561b4a610b580,5,48136,2018-02-06 15:04:54,2018-01-30 13:45:20,2018-02-26,7.0,-20.0,360.0,25.52
5126b776a9b5553778eb52aaddabc736,85a0537b1cab74ec5a1525c3e60c6467,5,48179,2017-12-08 18:48:47,2017-11-23 14:40:52,2017-12-19,15.0,-11.0,120.0,21.33
c560716ac1e7db5794f3f18449462a8a,6e23efed2925ed4ed5a1f1d9e14aef78,1,48210,2017-11-18 15:57:52,2017-11-09 08:42:35,2017-12-05,9.0,-17.0,168.88,17.84
d77d3e6ae1b6507cbac97228cf786d41,ad75a75804c52a803e00d71216cf46b6,5,48241,2017-06-13 13:14:54,2017-06-01 23:10:52,2017-06-22,11.0,-9.0,89.9,24.94
7ea6dae07c44247687052c51a3e58cb9,2631dba338efbcea9c3ace77ce210c01,5,48243,2016-12-15 13:35:55,2016-10-06 08:28:19,2017-01-09,70.0,-25.0,499.99,94.47
d94cbef7d31e804cfb979ba59721a9be,7298d065d597a754a13120239a26f458,5,48247,2018-04-05 19:32:13,2018-04-03 17:39:05,2018-04-19,2.0,-14.0,356.19,13.83
87a0a7590b05a27ef53913a168f3a7bb,41e47610109145bc25aeee4c9fa9f9ac,5,48265,2018-03-26 19:58:52,2018-03-04 22:30:57,2018-03-29,21.0,-3.0,31.9,12.48
e9409b3795f53b675196dcaac21f881b,cce72bec497212f4c37a044860358035,4,48272,2017-07-07 18:22:35,2017-06-28 16:31:00,2017-07-26,9.0,-19.0,205.0,22.27
3f4d6a8d3256e3984eb2eaa5bf166b9b,43ea1d83ee54086e26f0d9b65336975f,5,48296,2017-10-27 17:12:40,2017-10-22 14:35:01,2017-11-13,5.0,-17.0,525.0,24.68
e1a68f36fb2622cccf5c8112c5bb540f,02dade411839b1c334363dc9058e1124,3,48326,2017-10-02 20:38:45,2017-09-18 18:43:37,2017-10-04,14.0,-2.0,218.36,13.03
357deee6764169ab5c5c2ad093371e1f,d3458eb6736b9c95163fd28cf79e4769,5,48346,2018-02-17 14:17:53,2018-02-04 23:06:31,2018-03-06,12.0,-17.0,174.0,18.47
503f74ff295077771fc38f47e8d2764d,86e806df199739693f45c9cd596771ea,5,48369,2018-02-20 19:57:14,2018-02-07 14:23:10,2018-03-08,13.0,-16.0,59.9,17.67
781a302c724be650cbc7fccb37b6f993,ac4c31fcb560d160001849fc155285c3,3,48408,2018-01-26 21:07:33,2018-01-16 18:22:12,2018-02-14,10.0,-19.0,69.9,25.33
15ed3e80d80e9f3c19331fb00d5bed7e,df01064b1830e79d98304217aaccbac0,5,48417,2018-02-05 17:48:57,2018-01-29 21:54:54,2018-02-14,6.0,-9.0,104.9,9.55
4a5c9ae53c5b755c0cbbdd8d8e6261ee,7182e129d91eb324a925d8f1f8221d88,5,48443,2017-10-13 18:19:49,2017-10-08 17:38:00,2017-11-08,5.0,-26.0,198.0,16.14
4b9694813471004caf2a2a318afccd10,c0fce14fbbfc6d14305f78a28d145c4b,5,48447,2018-04-21 01:37:28,2018-04-04 11:25:43,2018-04-27,16.0,-6.0,39.9,24.48
a8c25a8399cef111ed517fe8e1b4073d,ec149fdcafd89d783f2942078e182e1e,2,48448,2018-05-03 04:17:01,2018-03-15 22:45:30,2018-04-06,48.0,27.0,120.0,18.72
ab37099d60debc34f9ade511d9054776,5a1c2be64df8ac1e3316c96fb1280479,2,48465,2017-08-21 20:07:34,2017-07-22 23:03:02,2017-08-16,29.0,5.0,194.9,26.2
7047658ce9534af36e44e0c0f8b8af04,eec18cec4f5f09fbfb40786402695c0c,4,48492,2017-08-16 16:37:49,2017-08-12 20:40:18,2017-08-25,3.0,-9.0,20.0,11.73
3352077e013ce9ee9b68fad14c9539c5,6d885151b431516792fbfc7d393c90cd,4,48502,2018-02-07 22:12:42,2018-01-11 17:03:35,2018-02-15,27.0,-8.0,129.0,34.7
cf8b1d583ff8331ba7081950d34556c3,e3c654307c9b3b9988c35371c5bbf738,1,48528,2017-05-19 13:09:41,2017-04-15 19:08:40,2017-05-08,33.0,11.0,209.99,42.31
0cf1e6e3734b1f09a7aab82dcb198a16,feff6425f4657f07071d4e5c52cb97af,4,48546,2017-11-24 20:58:46,2017-11-13 17:36:45,2017-12-01,11.0,-7.0,119.9,12.34
edf8390fee3bb7624d1b38799fc0d47d,d03a0b22ce2d8c97001fb537aa6340b4,5,48557,2017-04-18 13:27:58,2017-04-05 08:53:24,2017-04-28,13.0,-10.0,389.99,22.22
1a8febf931f409f8f3dfc717f4cb1023,338084a6f213912faa2ab6b87c6d388f,4,48569,2018-04-16 11:38:41,2018-04-09 16:30:11,2018-04-25,6.0,-9.0,54.99,8.29
40d71f1b6e39814c189461e90847364c,8ed4ed298924cd3a04016d50a5751e88,4,48590,2017-04-05 08:53:52,2017-03-26 10:54:33,2017-04-25,9.0,-20.0,14.9,17.78
c3b8ad4f57c6e9980f8b3dcb5f0cd850,1f7b1777ff930e68714185203983f11c,5,48613,2017-08-02 20:32:19,2017-07-26 17:25:21,2017-08-22,7.0,-20.0,19.99,14.1
70ad47e86febd72a583409ca712d137e,e1174d9bb5f8e6dcc490106c8c6b1bd8,5,48615,2018-02-15 19:07:49,2018-01-29 14:28:17,2018-03-01,17.0,-14.0,99.99,16.46
1e426f26d8e791de4084b231d76731e3,913f18fcb317f3eee87b26f9b241c683,1,48647,2018-03-07 21:08:54,2018-01-30 18:02:00,2018-03-01,36.0,6.0,179.8,34.27
47629364b854b273099f2b6c36bddc0b,73435a60acd2fe1260eb7bb6587465ed,4,48668,2017-03-08 15:31:45,2017-03-01 22:05:27,2017-03-27,6.0,-19.0,89.0,22.96
9e1fddec3770005b198bda46d6645221,0c897c38d294bbc817bc78528cb47e27,5,48720,2017-10-14 00:21:53,2017-09-20 22:51:48,2017-10-20,23.0,-6.0,94.0,17.1
d639ed96841449e74764868c29f47b49,8c5c95d76d1bd802cde533288848d786,4,48726,2018-01-29 21:12:45,2018-01-20 12:38:11,2018-02-15,9.0,-17.0,54.9,16.14
53134afe9f4f21765ea9470a18f06336,e6e4c9655778e65e9552db273eff3852,5,48731,2017-08-25 15:37:31,2017-08-12 16:59:16,2017-09-05,12.0,-11.0,550.0,70.82
d80e530d6b215ee288bc467df2b5baf6,f04479bb4e07ce7b8ac1d2287b528541,2,48750,2017-03-14 10:42:19,2017-01-29 16:00:36,2017-03-09,43.0,5.0,129.99,18.0
0a2aeffc195ac033d69f0aad32b1edf5,a0b44209913b27635b5d9813244b7f87,1,48762,2017-12-15 20:19:22,2017-11-25 10:49:51,2017-12-19,20.0,-4.0,71.69999999999999,45.28
8a5d66ed1478c390bd877ac900a529b5,a2e800724114bf08cc0847941b882a4d,5,48767,2018-04-12 17:34:45,2018-04-04 17:20:08,2018-04-20,8.0,-8.0,19.0,12.79
b09e5db3410231f107741e0c150f1a0a,b9075978138552299e67a2f2c430b75b,5,48775,2017-11-23 19:39:37,2017-11-13 18:20:12,2017-11-27,10.0,-4.0,369.9,12.0
3e707ac204f900b061516dfe6d4342ec,e5e7f892785fbe21a339bcd77efdae86,5,48831,2017-12-07 22:29:32,2017-12-01 20:48:11,2017-12-19,6.0,-12.0,74.9,8.72
b1c3bb1bb93094c840e4a1919af48184,3859925b9b809beadf83a70aabfca3ce,5,48859,2017-06-27 14:54:55,2017-06-19 20:14:21,2017-07-14,7.0,-17.0,61.9,12.56
54ab0b12002d9ff806c355038e7be984,31b1f7b1f6a38b7732272da5484ad1c6,5,48876,2018-03-09 17:32:22,2018-02-11 23:34:26,2018-03-16,25.0,-7.0,108.0,16.52
83454b18ac6c3ce972991089d9b34ef0,5de467fc62321ccf52146c24a059da7b,4,48888,2017-07-18 19:16:02,2017-07-15 13:49:34,2017-07-28,3.0,-10.0,52.9,9.27
18a6ee963fbd128bd435b64e8c054050,93cc36bf4196b96bdce3e51703f13f5f,5,48902,2018-01-08 21:56:53,2017-12-31 12:28:54,2018-01-18,8.0,-10.0,899.9,13.55
57377e5b2dd54b48f0b75fba1b69e6b8,4e658409c66959a88af17ef4048b9997,5,48905,2017-09-05 23:07:53,2017-08-24 11:34:24,2017-09-20,12.0,-15.0,54.9,17.95
71df92bab3d3b0d43b4ce46325123917,36fe204caef0ee36f62366de0896a87f,4,48910,2018-02-09 16:05:25,2018-01-19 21:53:38,2018-02-16,20.0,-7.0,74.9,16.96
3c97d9461651e2643e072490c20aed1d,dd12d75147243738f174edd9249b4d31,5,48927,2017-12-01 17:39:05,2017-11-23 20:39:22,2017-12-19,7.0,-18.0,84.99,16.35
f8ed4445c8281b9a57924fd70037b7f5,883f2b96f6b6c7dde2a3369487fb8730,5,48941,2017-10-27 21:51:55,2017-10-22 22:07:31,2017-11-07,4.0,-11.0,84.99,9.41
dea76fc3a5f363defa4b9708429cd71b,c111a2ee4155c4150716cf0e50311d06,4,48942,2017-04-15 13:22:36,2017-03-30 13:34:50,2017-04-19,15.0,-4.0,84.99,11.97
bf57163f2a9c5b90068ca19c14b91092,d302035b23b53abf7dadc4b6a0b62547,5,48957,2018-03-08 16:30:42,2018-02-16 08:15:12,2018-03-13,20.0,-5.0,149.9,36.37
574c9d133923bb26f61d915277aff8f8,ba6b736a4a402bcefa049a41b3a98c55,4,48985,2018-03-14 18:42:08,2018-02-16 01:32:33,2018-03-16,26.0,-2.0,176.99,29.23
8d6f30810b5ba37ee6398cf375f31248,92c55117a3367e40dd561583a49644a5,5,49124,2017-11-01 20:12:27,2017-10-21 17:33:50,2017-11-16,11.0,-15.0,30.21,17.6
9bebb655c3125100f4dfdc8a218b745c,d868b96ed53089f3a6e9b202ee041dbf,5,49129,2017-05-20 08:57:31,2017-05-10 11:51:13,2017-05-30,9.0,-10.0,160.0,15.87
8a29b4769bc1f571ce6d98235b87df55,e67084522c92fecab73ff064333c4d62,5,49147,2017-05-30 13:08:06,2017-05-15 10:14:17,2017-06-14,15.0,-15.0,18.99,25.63
950712c1b8e947ad8284235798f17c54,7828ebfebc66999cec37ddc06c63870f,4,49152,2017-10-09 15:53:05,2017-09-22 14:27:52,2017-10-24,17.0,-15.0,49.0,16.79
d995c99f135a875e31bd16e870c3c118,150dc175b7b194d73dcf47f08fba98c1,3,49158,2018-03-12 17:05:07,2018-02-20 20:27:07,2018-03-15,19.0,-3.0,19.9,15.1
1bd476e6aac2cc22b893d385479b58dc,3b4a1c677a8c6c11d2564b52b6eb636b,5,49162,2017-10-09 19:41:37,2017-10-03 16:44:16,2017-10-30,6.0,-21.0,69.9,17.74
46004ff868d87bd5e673069180f2b7f2,1c1f7eae34c850ca47fe6b8305995c79,5,49270,2017-11-10 21:28:51,2017-10-31 18:15:49,2017-11-17,10.0,-7.0,167.0,14.92
aac8b6a5571fe1f45e0fdb71f95e5a53,04d73d34ddd1f5ebc0c603615093e2a1,5,49287,2018-03-09 19:42:47,2018-02-23 09:16:00,2018-03-28,14.0,-19.0,219.99,26.38
ea50f0d1698b341a03b74c087b230226,65c54a38da5958de135d565f7e344c6c,5,49302,2017-05-03 14:17:56,2017-04-26 09:22:00,2017-05-24,7.0,-21.0,99.0,17.43
31a66eb31a6af97944b404782dda88b8,5ab5ab13fd02495f204ffe2724aecf49,4,49308,2017-07-28 10:56:42,2017-07-21 15:26:07,2017-08-14,6.0,-17.0,39.9,7.78
07fd0e4a3e444b4993dec3ff74e1a2cd,813036395db381f187d5429f5ee758ac,5,49314,2017-08-23 18:03:13,2017-08-01 12:09:54,2017-09-04,22.0,-12.0,98.0,36.01
31619176cb7954fd4706fcaca067b16b,5e793b3edb0a058ff685ad346ce284de,1,49339,2017-11-06 20:44:04,2017-10-16 19:15:56,2017-11-16,21.0,-10.0,52.99,28.77
231c1a8d11ae38448575a85ddf583d1a,b76d4cfacc6733093c4f0fd3198d91b0,5,49370,2017-10-26 19:54:00,2017-10-13 21:08:03,2017-11-07,12.0,-12.0,129.0,18.15
58704117f9b21ae5ceb6739e86ba9750,a56600c329635ec16de77fc6b2ed8ed5,4,49374,2018-03-24 08:16:31,2018-03-15 16:24:11,2018-03-27,8.0,-3.0,270.0,9.65
3bb72ac95d53377b3be15b0d79cec82f,b7c3dc0093239be66c61081692c5ead2,5,49394,2017-12-16 00:09:31,2017-12-11 17:14:39,2017-12-28,4.0,-12.0,13.65,7.78
affdb57914c56fc2e3f24e5a793e87ad,bef5d5c7e0fa907f3aefa9d3873c4f90,3,49406,2017-05-16 09:57:39,2017-04-12 08:32:44,2017-05-08,34.0,8.0,215.9,19.79
bad8343ed8e69ffedba9ff0c08b2f182,726714fe5c6124b8501feb36c5b89896,5,49424,2017-02-10 08:29:03,2017-02-03 23:26:40,2017-03-22,6.0,-40.0,25.0,20.8
0dbf8d9a4028f94d7aeb33cb140690cd,f71640d90e6e9a31928e18730dbac95c,5,49428,2018-02-01 17:22:03,2018-01-08 11:10:20,2018-02-09,24.0,-8.0,124.9,43.28
7baae310065f3039da3cd3e2ab2dc955,27933786ce1d3fe5a2ce6243ff08754f,5,49447,2018-04-12 21:11:55,2018-04-09 16:49:32,2018-04-26,3.0,-14.0,102.0,44.48
bb83b22d0661c9af8f20909d15f8c209,ac7e043e7f3ef81cfd073dbaa2f248ac,5,49456,2017-11-25 15:43:02,2017-11-17 19:55:05,2017-12-13,7.0,-18.0,35.9,16.11
f3faa1c4a3fbc8592b079cbd77e09ba8,c191b759eb232bdd68e1ba7030f58a56,5,49482,2018-02-26 19:26:43,2018-01-26 12:45:51,2018-03-02,31.0,-4.0,49.9,37.9
ad10dcba1a64e3ff180c08adb05adb6f,a1f115db2222fcb78c129bf36d76d4dd,5,49512,2017-11-23 19:35:26,2017-11-11 09:43:39,2017-12-05,12.0,-12.0,43.9,16.79
54c2f9bdf579ce646f702acedb24e7d4,e0ff8fbdba29b1192269bb50ef72245e,5,49603,2018-02-15 23:27:48,2018-02-04 21:02:18,2018-03-05,11.0,-18.0,199.9,26.15
6ebf1fc56677ca8fd3eb9d534fa67249,54e9f969a3aa7533dc872c7aed1f25ec,5,49609,2018-03-14 17:42:40,2018-03-08 16:09:36,2018-03-27,6.0,-13.0,128.0,14.99
31b8188fd392d0b2ada7c692614c81f5,b3b4fa618f64e34ba2f7279eceb646e8,5,49614,2017-07-11 22:53:55,2017-07-06 13:55:45,2017-07-19,5.0,-8.0,39.0,8.11
b7122c9ed73ca1e77b4142c10bcedbc5,c3c89975672c8d80882dbd9b7b04efbc,5,49624,2017-06-16 14:57:56,2017-05-26 12:51:19,2017-06-26,21.0,-10.0,109.9,20.01
1ca2edf2f9071ad79220641e359f0903,f16c08511de51e22a800aa456ce47135,3,49650,2018-03-13 21:12:16,2018-03-02 08:00:04,2018-03-27,11.0,-14.0,165.0,18.4
434e1e2356736d256f380af0604c7985,6d511fb14f71de9ba65c6651774e75d9,5,49717,2018-03-09 13:25:22,2018-03-05 22:32:41,2018-03-15,3.0,-6.0,99.9,13.38
f48275897345c7eaaba04f1637754942,48a043c45028f3caaabe84abb2316c51,5,49719,2017-12-01 20:22:02,2017-11-24 22:20:10,2017-12-08,6.0,-7.0,419.0,12.15
0bdf040bb67e11fb9a8143895ba16e1f,710f37eedfb2fb87e94a613ba119a086,5,49772,2018-03-16 18:56:35,2018-03-15 07:22:00,2018-04-11,1.0,-26.0,449.99,42.09
39bc308e9ccb332efa4afd1caf7df6e6,5dccc65b256263ec10925fa3a3d7ef48,5,49805,2018-01-11 13:34:03,2018-01-08 20:18:13,2018-01-24,2.0,-13.0,137.0,8.37
49f47790a21bcfd7ef2cd30b67bc6d88,6d8a901414328a5ace8b17a2fb3f664a,4,49829,2018-01-12 21:15:52,2017-12-29 10:55:59,2018-01-31,14.0,-19.0,179.99,18.51
fa7401e723e87b7eef60d2bf6ec2dc7c,e5d4c985cfb24d8e62045041e4df6087,1,49830,2017-12-04 23:12:21,2017-11-21 22:03:24,2017-12-01,13.0,3.0,252.0,10.58
69c95ab5efb9500b7af8f801835a1647,a0ad7865ea22bbaa2f026e3aee583484,5,49837,2017-09-18 19:21:53,2017-09-08 23:39:19,2017-10-02,9.0,-14.0,168.0,35.67
9c34f4cc04533c285448f9dc1caaca14,4427836afdab8880f5ac2b25c710c822,1,49842,2018-04-04 18:33:14,2018-03-09 19:08:29,2018-03-29,25.0,6.0,749.9,27.83
294034dfc9b3814d09ed4f92e2d0f146,f98a06b99cbcc7caef174bc5efa78a31,5,49863,2017-09-27 22:42:32,2017-09-10 20:13:24,2017-10-05,17.0,-8.0,218.36,16.28
59035dee040887e21bf55a0377edd619,a45a7a951625bffc98203d07f77e872e,5,49875,2018-02-02 02:10:51,2018-01-10 20:58:38,2018-02-15,22.0,-13.0,129.0,20.14
b6a9dbd855dde01f9362530579889e37,12a408b60b694ab095783ea92af18e1d,5,49900,2017-12-11 21:27:12,2017-11-24 13:58:39,2017-12-19,17.0,-8.0,49.0,17.67
55e14a51d2fa219f5a1fae3acfffb8d0,d98de0b93af438f10055817e0f93787c,5,49962,2018-02-24 00:49:27,2018-02-14 16:12:49,2018-03-08,9.0,-12.0,129.0,17.15
57b53743eb0cefa1c757ff2373d57e21,c8a4aa3a9990bffa86204adb8fa2dc37,3,49967,2017-12-16 01:41:56,2017-11-29 18:06:16,2017-12-19,16.0,-3.0,99.0,16.32
eeb8f4f6fa1a89fb4652d4eed4fe7e85,e3bd7dc2201f2a5a9a0f68bc33f92f35,1,49989,2018-04-09 20:33:02,2018-03-02 09:11:23,2018-04-03,38.0,6.0,97.0,18.92
61a283a7f90f186435a78cb238ae2787,1479096c26c6fa5150e7b39fde03d5d4,5,49993,2017-03-23 16:08:29,2017-03-13 22:11:59,2017-03-30,9.0,-7.0,39.9,10.96
dcebfef07ae5bad804471747a19338e0,779faf56113de193cb40644b3c455c44,5,50007,2018-04-13 14:37:37,2018-04-02 08:04:51,2018-04-27,11.0,-14.0,149.9,20.02
96c37bbf152c884825a44d8ee4176f2b,53e02bdfef30ece7b783369568037bd0,5,50009,2017-05-06 09:13:04,2017-04-24 07:52:29,2017-05-11,12.0,-5.0,49.9,10.96
022c08f505fc9c7de5015d77af8d383c,8b736a8b92d9cf8b26e6754141bf6657,3,50020,2017-11-27 15:48:58,2017-11-09 15:11:06,2017-12-12,18.0,-15.0,43.0,16.11
970e21c70c80c2e3d555e3315df162a5,01a26a995dcef1d58bdee5b8862c7a02,5,50038,2017-09-27 10:44:00,2017-09-15 20:36:53,2017-10-03,11.0,-6.0,299.99,14.35
23cc05efe4a433b0ba05803690de845e,189b3afbf782ff8ab44477e006153155,4,50046,2018-03-05 15:52:32,2018-02-11 19:42:18,2018-03-09,21.0,-4.0,39.0,16.11
75e30cfa65a59982289d30c125619c74,fc79bdcefc8fbd9f44f8cf9633793359,4,50061,2017-02-03 16:42:04,2017-01-26 22:15:09,2017-03-02,7.0,-27.0,12.9,10.96
7923a58a4136691acec3844aa6936ae0,76174e4ebbe4b654f039d34d6e3d8a81,4,50082,2017-08-24 21:47:38,2017-08-05 15:19:50,2017-09-11,19.0,-18.0,169.9,17.63
01f1d20129669befee2077a7f5987a5a,bec6c8437e350113789da9c0bc9c2566,4,50100,2018-04-15 12:08:48,2018-03-26 22:17:15,2018-04-17,19.0,-2.0,151.9,27.14
b0460f161ad3affcb80f4e155a6514e3,0c8d2195cb6aab1034f95a0f87b149dd,1,50103,2018-03-26 23:22:22,2018-03-14 23:00:37,2018-04-06,12.0,-11.0,105.9,19.71
351ace6d2ed2a92dbf658b810ffef2e6,544d4de462a8ad0d9492999b6708ebcc,5,50130,2017-05-30 05:47:59,2017-05-23 17:12:01,2017-06-06,6.0,-7.0,329.9,11.72
1b7093ceeb71580586614b9f218baeb3,6c81f50d7f607e25fb51066b15c8285e,5,50152,2017-12-12 17:43:31,2017-11-24 11:49:51,2017-12-15,18.0,-3.0,59.9,17.67
e94708a5850691f72c8e606b79df73b1,65a922b4c66d6c7389088e16d37a85e9,4,50153,2017-06-12 17:32:11,2017-06-02 10:14:17,2017-06-29,10.0,-17.0,39.0,15.1
609ce0b03d6d69c4b43a55e91bf422a8,af264f3527e94e431f0dcd56cd6b406d,5,50175,,2017-07-12 14:49:11,2017-08-11,,,,
1ced523369a6415ce8ce1534bbd76bed,32b88a9584e3facf4a7eda6c22b11219,3,50218,2017-12-18 23:23:54,2017-12-05 15:26:00,2018-01-05,13.0,-18.0,89.99,45.09
a69d07d26ce3a057bd5d17cee7b25583,91d0935ba0d6f6300d7f5af5f2eb05ce,5,50238,2018-01-29 15:48:04,2018-01-06 21:22:25,2018-02-05,22.0,-7.0,19.9,15.1
58a3b0c6edfc9b86bcd7f6fbe40cd5e4,c82d05a27c07ba92d333b046a6042d32,1,50323,2017-02-22 11:03:15,2017-02-12 10:01:47,2017-03-20,10.0,-26.0,128.9,25.64
d812e29905a25399cbeb03df1946fc09,21011893b3f77e5cf4c66ebef09016ae,4,50335,2017-12-01 01:58:55,2017-11-24 08:11:39,2017-12-15,6.0,-14.0,35.79,11.73
f87a09b747ba86f93c22731865c77e8d,545b9d98685b98a2203d2ba6e56b8e3a,5,50381,2017-05-16 15:56:53,2017-05-02 13:35:51,2017-05-25,14.0,-9.0,48.0,11.74
bed2472c903a7b23332874fa45e7f7ea,5766a94fc9251eeea6bfe0ac7618d5b1,3,50387,2017-12-29 17:11:25,2017-12-23 21:39:19,2018-01-19,5.0,-21.0,115.0,16.44
540500b6e8f700c896aa6a55c908a2a7,330003e600912f03d0036088e5eadf64,5,50423,2017-05-12 12:57:54,2017-05-04 10:09:36,2017-05-29,8.0,-17.0,47.9,14.52
3c607df73fe8b2d6e6de6576ab8fa52e,7d968bc979aa1c9884fb1cd6e4e76f64,5,50430,2018-01-27 14:48:25,2018-01-16 17:54:02,2018-02-06,10.0,-10.0,8.33,15.1
9f7cbb41d115dcb898e2cd8b64dab97c,ed3b1288663333783b30c22397f44b36,5,50493,2018-03-02 02:13:57,2018-02-18 13:54:27,2018-03-07,11.0,-5.0,120.0,23.43
a7421f5f4b5d04ea261fd43b64d4c58b,ad495862e703fd1bd9d104eb8a8933a6,5,50497,2018-02-26 21:39:22,2018-01-28 20:10:03,2018-03-08,29.0,-10.0,29.99,17.63
463ee2289efbbbae1ef54f77a509b8f0,6e5eb9bf354b388aac8561d04e9b0ef0,4,50518,2017-11-03 19:47:37,2017-10-25 10:11:12,2017-11-21,9.0,-18.0,75.0,16.97
54eae9b3c2215260c85fe63da8aab651,5c28fcfb4e50a56899353fd6f8609f42,5,50523,2018-03-02 18:54:31,2018-02-27 16:30:12,2018-03-14,3.0,-12.0,139.8,26.16
005827eb7eb6381f44bd1b76a702d14b,3453b206c6aec2e9dcb09d2cea15e7cb,5,50531,2017-08-15 22:04:15,2017-08-10 10:41:54,2017-08-25,5.0,-10.0,14.9,8.27
970adc706cc9984c192dbe33b75e36f3,abd3f51d3ea91685824a0975e07ab463,1,50536,2018-05-17 19:44:27,2018-03-19 23:27:29,2018-04-19,58.0,28.0,34.9,16.32
0b1d39b39d94431f953b3f3953bfe229,74dacb2dfb8eb52a7a5130854cb9d58e,5,50553,2018-01-22 20:07:11,2017-12-28 17:45:41,2018-01-30,25.0,-8.0,42.9,16.11
d3ecd19e8da2aafda26502d4c557b515,089e38da3f1d828e95e2117ba84af02d,5,50563,2018-03-09 20:20:50,2018-02-28 14:23:31,2018-04-10,9.0,-32.0,149.9,20.29
1fef717ef4d04b833c5d4c05dad17019,c25ada6e50a408a7219bea45738372b2,5,50567,2018-02-08 13:15:38,2018-01-18 10:32:05,2018-02-15,21.0,-7.0,50.0,16.11
6666d0fe60543025207c2b0abd2f8b71,61845fa79785f181ff99f39e39f40740,5,50578,2017-11-08 18:23:59,2017-10-22 22:09:03,2017-11-13,16.0,-5.0,17.9,11.85
9bb96f50b708fd0116b69e84e3ce05ca,67b2796561ac2c941f6daf9881b510ae,5,50579,2017-02-24 08:53:48,2017-02-14 21:00:15,2017-03-13,9.0,-17.0,51.4,10.97
eda4e0b26fafb89d10cc4878a95573b7,42292e831d26e43153b9bc1e5e440681,4,50588,2018-02-16 21:23:49,2018-01-24 13:46:31,2018-03-02,23.0,-14.0,49.99,34.15
6a9ffc617d447a0fb302fc72aa270260,f3ae56eac64675deaceadab284172cb6,5,50589,2017-11-29 18:22:45,2017-11-24 10:35:46,2017-12-08,5.0,-9.0,108.0,9.77
46e9bcf253051516408b6fd5956a482f,d381b82dfce3b3c57938ed35c09ce096,4,50593,2017-12-14 18:18:46,2017-11-30 11:04:45,2017-12-27,14.0,-13.0,214.0,36.0
4ff87f1806551fc96b37dd39fb26703a,200f4d883fcc701355e46b8c6035743f,3,50612,2017-01-27 10:32:30,2017-01-15 23:25:23,2017-03-13,11.0,-45.0,119.39999999999999,50.0
18086ea6e470a569de4d7b59910f7ff7,5cddc0e7aa59980c2f6018bbbde4b776,4,50648,2017-06-07 15:38:51,2017-05-26 07:04:37,2017-06-22,12.0,-15.0,59.99,14.17
25766dbcf21d72eaa9300e8d0d49cde8,bf88003f2580db7589007ec44bc85695,5,50663,2017-02-06 08:12:00,2017-01-28 20:55:38,2017-03-10,8.0,-32.0,22.79,18.0
fb21d0f206b8b8690ec2b9cd1062b34d,b58d52e3a578620cf3e4cd9b2b5a0516,3,50681,2017-12-19 15:43:35,2017-12-04 13:15:11,2018-01-10,15.0,-22.0,40.0,28.75
a012dbe4eb423520b4b54f9da13c9426,9be011772d473c8a8c87e86029ab511c,3,50776,2017-05-17 08:26:42,2017-05-15 22:05:34,2017-06-08,1.0,-22.0,119.88999999999999,30.84
cc26c06b5656fb93db154485f4ba476a,6907ea7150759a085c8ed75a55aeb90d,1,50824,2017-05-22 10:31:38,2017-05-17 11:36:51,2017-06-14,4.0,-23.0,2109.9,40.91
7a2aee933c922e020937f52b77379331,a9fc3ae13c740ad46532fd50b61c69d5,5,50828,2016-10-13 15:44:57,2016-10-04 22:43:33,2016-11-28,8.0,-46.0,19.9,14.52
b15442512c50ffbbade55b70ca386cf0,a7014e8529a3c8fb841862e33476d9fe,5,50829,2017-03-20 19:25:38,2017-03-12 16:26:20,2017-04-03,8.0,-14.0,109.99,17.51
cdd94c2e47c79012a9e21c068eb7dda4,29a78ee4f09c8306a3a5551825acc903,3,50836,2018-02-21 02:22:14,2018-01-27 16:30:39,2018-02-23,24.0,-2.0,38.25,17.92
3bf1853a5cc1c40ba2fc20bb37967e09,00ed64bc080d87b4ab7f0c433bc5e98f,5,50889,2017-06-07 13:50:52,2017-05-30 18:18:36,2017-06-22,7.0,-15.0,44.9,16.11
d39bd2bbedd65540038e01e92e5db672,a0034faea6e79d2ed8d8e99279c443b8,4,50932,2017-09-13 21:22:17,2017-08-29 11:47:19,2017-09-26,15.0,-13.0,65.0,25.73
41ae09cd97ff36a1385f96130f6210ec,3f3f022e19c72f9c44abd54949a5d9ab,5,50933,2017-02-21 16:44:53,2017-02-14 13:18:53,2017-03-15,7.0,-22.0,99.8,29.07
222483c21ab474f44a059421e3d30e7e,36ddc5f19d31a8d744d01bbbd1d11321,5,50950,2017-04-20 09:33:14,2017-04-10 11:58:16,2017-05-11,9.0,-21.0,209.5,15.64
51aebf956b4f80e7d0e6c56973eb9722,94b036e9c8d7275cda2d1a19c6fe11de,5,50972,2017-08-17 16:22:10,2017-08-05 10:48:59,2017-09-11,12.0,-25.0,49.9,15.1
48df825d3e1d18c88951706e5860692f,64ba433f9d86e1df4e9cb86b1a3884d1,4,51030,2017-02-07 13:37:49,2017-01-26 21:11:42,2017-03-08,11.0,-29.0,21.98,31.3
40bc22bc121a5d1a6ed5b5334aa04e14,78ee9d46bf8b130d3b16715c5022413c,1,51073,2017-12-18 18:49:50,2017-12-12 16:04:12,2018-01-05,6.0,-18.0,117.8,34.24
c27e4201b8b0575ac18a36d1b693a795,1eab1ffa9531378ef38084bc19f595c6,5,51075,2018-01-08 15:19:24,2017-12-19 11:04:24,2018-01-12,20.0,-4.0,75.0,20.02
a2f476daadcb4b1f28542a6eabf99612,8a9adc69528e1001fc68dd0aaebbb54a,5,51079,2017-03-02 10:05:06,2017-02-18 12:45:31,2017-03-21,11.0,-19.0,379.0,17.86
a278c4bab744f086fd6b7f1550075e80,8d1129b31f1bf3cd5db9d36e63bb5f75,3,51102,2017-11-23 17:31:50,2017-11-09 14:56:12,2017-12-04,14.0,-11.0,28.9,15.79
02d730c500303a98b644ad8f89fa6f64,c40efee56f8625b53e4d6e8a1119cbb7,5,51137,2017-07-03 19:47:37,2017-06-20 09:22:33,2017-07-18,13.0,-15.0,66.89,27.01
55b36477a619109174a755ee22c0fa5f,54c7a23f3dfaaf598f685cf985213ff5,5,51145,2018-02-05 18:43:14,2018-01-12 12:29:08,2018-02-15,24.0,-10.0,98.99,34.49
c4bfac96c88f60dfd093fa4abc9ad0aa,c5f9505b4bf9db0433b371002f7be6ff,3,51147,2017-04-27 12:30:21,2017-04-23 18:02:49,2017-05-11,3.0,-14.0,239.8,22.9
5ebc55bfdef3c70491a4849776473252,394f7579c871c612634cfb93294745b0,5,51175,2017-03-28 12:58:29,2017-03-23 17:49:49,2017-04-13,4.0,-16.0,59.9,15.63
2c197ac870f663c168a18cef156a9454,9099fbdbf8ce8489a7546442a0881f93,5,51194,2017-07-21 19:52:15,2017-07-07 20:17:47,2017-08-04,13.0,-14.0,279.99,73.59
ae9e7b861a1b167c9f8edd0b0ed2ff8f,1a95dfd9e13740601984c50db97e0848,5,51228,2017-07-27 18:07:49,2017-07-17 20:39:31,2017-08-16,9.0,-20.0,129.99,20.15
0a4bbc5ec95e4df3c5adbafb8987ba7f,2ba4074f243f2ec78961779a7c89b1c3,4,51246,2017-07-03 13:39:31,2017-06-24 17:11:53,2017-07-18,8.0,-15.0,99.99,17.95
ccad6a5f22e0e7035d92ce7e4537e7be,5a65cedc025f607cbdb4c5219f648ae3,1,51305,2017-10-09 17:46:04,2017-09-30 11:11:25,2017-10-18,9.0,-9.0,42.9,9.94
8396c3895a7ee32454156d825190f673,24f9740a20c8dfcb718bc68a8722d634,4,51354,2018-01-25 20:49:04,2018-01-08 11:13:11,2018-01-31,17.0,-6.0,35.0,11.85
db241bdac1b4a642ae649378a103a2a1,f6d9acdd7ca0c1bc3caad5661a1be806,5,51387,2018-03-05 17:38:59,2018-02-21 22:25:36,2018-03-19,11.0,-14.0,47.21,15.1
a780805900be11cf1114323ab829c6c0,ef4e154fd9b51d276fad7ed482b97e58,4,51405,2017-11-02 17:16:14,2017-10-21 16:31:37,2017-11-10,12.0,-8.0,249.9,69.21
1d4423cfb991584deeb488f52b31c460,ea4ef5a01e67f61cba450e6294f0c92d,5,51471,2017-03-30 16:57:44,2017-03-24 20:44:41,2017-04-19,5.0,-20.0,229.9,17.31
c5f5f3030e492a80d08f4c1bd56b1fcb,ec7aa10c8aeb4f2401199c40229fdbe4,4,51492,2017-05-08 09:12:17,2017-04-25 15:05:13,2017-05-16,12.0,-8.0,18.99,14.52
fb81a40565c0151656eb2ca30a318bdc,8a5b38ec15fb5bb88a060a17587a2590,4,51520,2017-11-22 21:59:04,2017-11-17 19:49:26,2017-11-30,5.0,-8.0,26.9,9.34
ea964247c50d22dd32589339e3bd9e77,2cbb35d23159c9f44b1e6ee4735181d2,3,51599,2018-03-29 22:58:53,2018-03-28 11:29:44,2018-04-18,1.0,-20.0,116.0,26.92
f12d763c33c77060947cf32b742b9eee,ae2fbf3e49f52fb3c913ce645fa52dc4,4,51606,2017-09-14 20:33:45,2017-08-30 00:02:39,2017-10-03,15.0,-19.0,85.99,17.85
ec213a856f34bb82fe629a8bd4ed9581,11a6ea18f3646c6e6dcbadbd0207b35d,1,51620,2017-02-08 14:42:30,2017-01-28 10:26:06,2017-03-08,11.0,-28.0,117.3,18.0
b6a49dd9894af9182ab438fb61efe98b,5c60201855c651a0c7a1709102d55942,4,51626,2017-12-02 00:32:42,2017-11-19 20:13:45,2017-12-18,12.0,-16.0,84.99,18.16
81cce43f2df3b8d7b6c178545b424d0b,759fc8b3cef1012f6d8c6fc9db642fbe,5,51627,2017-05-08 14:12:26,2017-04-06 20:39:53,2017-05-10,31.0,-2.0,69.0,22.41
397c37cfeef7466e17eabc8fddb452e4,7307b10c1d2a536f3f07f18be33d9de7,3,51680,2018-04-06 22:32:38,2018-02-07 22:21:56,2018-03-08,58.0,29.0,269.9,19.14
73e75eb3d7ec3e9758f4edc2fe809fdc,f368c3e5edb7b7db5296654ed37464b2,4,51702,2017-11-27 16:52:08,2017-11-17 19:46:56,2017-12-07,9.0,-10.0,702.0,116.01
a804bcb9d26038f0af172d4d3e05aa98,0d404657f01231a876c9a25b6c91e329,5,51704,2017-10-10 18:15:41,2017-10-01 22:49:41,2017-11-03,8.0,-24.0,54.0,25.22
90137a875ffbf4da9ee1470a9d169965,478c9895d19d08bb6ab056f97395671a,5,51736,2018-03-12 23:11:01,2018-02-28 18:17:06,2018-03-28,12.0,-16.0,78.9,21.04
fd624a1c6a9c8701e8efcab3244cd069,9bfee44b6fa92f64b8dcc72d2170686b,5,51751,2018-01-18 19:03:14,2018-01-09 09:21:28,2018-01-30,9.0,-12.0,26.0,15.1
e0837ec1045787e50e4a7be51779035b,4780df3ccba2421e8403792f2a8a0d67,1,51758,2018-04-04 12:53:42,2018-03-01 10:48:09,2018-03-19,34.0,16.0,7.9,14.1
de9c1d679bb194aa3dee2a6aaecfe2e0,ebd36ae6078da11e32ede1d950819ed8,4,51762,2017-04-30 06:33:04,2017-04-20 12:39:23,2017-05-12,9.0,-12.0,219.99,24.53
dea3324630b3bd52e3f4ab9f28e67191,de9e0f42dd4a42ac4a00c027dc44eea9,5,51765,2018-03-24 17:58:47,2018-03-11 22:56:57,2018-04-06,12.0,-13.0,64.0,36.46
6ba1cdf1fef1500c8a510169aeaeaf7b,6014de3ed0a310e59ac664e276af54eb,5,51772,2017-03-13 18:52:03,2017-03-05 16:46:02,2017-03-27,8.0,-14.0,29.99,14.11
e6e806459e212de17590126e4c22bafa,ba41c48ea14a8b704c1645f32aedefa8,2,51796,2017-11-17 20:05:08,2017-10-31 13:15:31,2017-11-28,17.0,-11.0,24.5,16.79
f9828c243682cddb0fa589e312a1f161,9e79ad9861f8710c1dfb684f37f418ac,5,51806,2017-10-11 20:18:50,2017-09-29 16:30:11,2017-10-26,12.0,-15.0,99.7,15.45
f487db2da4a05477b855baa14da975bb,0c9f8646d592c21c2015b929996427af,5,51819,2018-04-06 23:16:42,2018-03-20 07:44:52,2018-04-16,17.0,-10.0,34.9,22.06
9501e948ac671ef8e16b50f643165c1c,446634c9e8e8c3a70fef1507c82d5c68,1,51875,2018-03-27 00:58:35,2018-02-19 15:16:15,2018-03-21,35.0,6.0,224.9,35.37
a28ac3fae7e477dc67de97f4a15171ee,58373cef6a0a70e65f59d65a757fb2a7,5,51943,2017-09-18 22:23:43,2017-09-14 10:47:07,2017-10-05,4.0,-17.0,139.0,21.46
f791ec9899594856f313688ed11b37a9,f97a6e53615dfc1488e4bcf3dfe1cb2f,4,51967,2017-09-19 19:54:09,2017-09-11 09:40:11,2017-10-09,8.0,-20.0,29.0,15.1
3dcc56c18d1bd58c2b0a64d5760b6b1a,5bbc94ad182b8b20ea955b1c3cae7d60,5,51972,2017-09-22 17:59:33,2017-09-11 17:47:24,2017-10-04,11.0,-12.0,519.0,19.07
56750018b48f6b80c53694eef2042b0c,185115c917a05bf72dd42a9c369f207f,4,51978,2017-09-04 22:11:30,2017-08-27 14:59:43,2017-09-18,8.0,-14.0,9.9,15.1
54bf40006da0d9e4805a547904be77e7,71d27026352e4ce6f225aa02cd8bacc3,5,51982,2017-12-07 22:07:01,2017-12-03 17:11:47,2017-12-20,4.0,-13.0,48.99,7.78
b2ce7de94b9f486f8facfb8242427f3d,a436479c10d07646de88aac101c689df,5,52027,2017-04-13 14:08:02,2017-04-02 10:30:10,2017-04-26,11.0,-13.0,288.0,75.63999999999999
11b9b53f3212cb2f52d2553a96606faa,7a73dbb7b879e915cfd13e75852d910d,5,52067,2017-10-13 20:28:58,2017-10-03 13:05:20,2017-10-20,10.0,-7.0,39.9,7.78
f75091ea73ff67687ed2ec77a9270b71,2a92c65417d964be9448faf2f572bbf7,1,52076,2018-03-29 14:54:32,2018-02-25 14:45:00,2018-03-26,32.0,3.0,53.99,15.13
ec7234cd3b3d132a67702ecb8eb8ab22,045524a5ae6c874b746523a6fd79f4f9,5,52083,2017-09-08 22:47:42,2017-09-02 18:22:11,2017-09-21,6.0,-13.0,112.9,13.13
90126cabc13d5190e1911de00158db59,c31c5506867767b7649a3833086c2925,5,52091,2017-10-30 17:27:55,2017-10-04 06:37:23,2017-11-10,26.0,-11.0,16.9,14.1
fe9e14fab58d761d371e3e994a52b523,383730d8be253fb34891920a417f2861,3,52174,2017-08-08 19:52:11,2017-08-01 11:12:08,2017-08-14,7.0,-6.0,439.79999999999995,58.09
da3fefb300db970e2e201b6083605adb,cb6c7e4c5890bba3ee99ad3f97877d9a,5,52198,2017-09-11 21:23:07,2017-08-28 17:15:24,2017-09-08,14.0,3.0,55.0,7.94
94d83670cdd17631a5555a1a0b54fd10,40235386473717246bb2eb10fe48037a,4,52225,2017-12-12 21:55:50,2017-11-24 18:42:17,2017-12-14,18.0,-2.0,19.9,15.1
b418d5653392263667a48a3bf1ba9c68,f57f638b140f81ca2f2df180747bb46f,3,52237,2017-11-30 16:38:09,2017-11-24 12:26:09,2017-12-14,6.0,-14.0,88.0,16.87
b3f4af6edd7bf95b9acdb79729d3b005,3a6d41a4fe7a8e841b7c8e4b77d4e301,2,52281,2017-12-06 22:37:09,2017-11-24 11:29:52,2017-12-18,12.0,-12.0,53.99,15.13
be9a200280b9391660028c659857af3d,bd4b5585c4d7c16db3fe69d062fcafb0,3,52294,2017-02-21 16:56:00,2017-02-03 13:32:11,2017-03-14,18.0,-21.0,24.9,24.84
f01699ad9942d7f5613c0f4506989a68,6aeda8ba5566fca8c69d83795b172e2d,4,52295,2017-12-28 18:54:03,2017-11-28 15:30:11,2018-01-04,30.0,-7.0,22.0,15.1
ea6c38c1bba978c0e8028c169cbc629f,7f03a9c134207b5f149bfc911469608a,4,52396,2017-06-23 12:12:55,2017-06-13 14:25:07,2017-07-18,9.0,-25.0,45.9,16.11
d1e507a826ded7584a8caa32c08193ea,d7f7f3b19ccf1b6ee1f4b876df47e9ff,5,52455,2017-12-28 14:54:09,2017-12-19 13:08:34,2018-01-15,9.0,-18.0,139.9,30.82
85f04a676cfecf3196cef2e8d8845be4,ef4927f51923ddcf7b75fb84f51126b7,5,52473,2017-09-13 16:39:48,2017-09-11 23:30:04,2017-09-21,1.0,-8.0,55.0,7.78
2c89f6256cbba697fb180a74a3b6a506,c666476105edefde7a138ed12ccb9910,5,52479,2017-09-29 21:03:40,2017-09-25 22:10:11,2017-10-18,3.0,-19.0,44.99,15.11
7ce65450cada83200419cd075375e99f,56137cd32ae890d2f8f4c0b770da009f,5,52497,2018-04-03 16:02:50,2018-03-07 16:51:09,2018-03-29,26.0,5.0,1005.63,63.59
dc572098fa761c38a72ff15635be3a11,5d6ca8d2f39c609dc330b731dc5777cb,5,52513,2017-03-09 09:14:02,2017-02-17 18:27:58,2017-03-27,19.0,-18.0,20.9,17.78
8feefe5eb09ece032f76fbbdaea27b84,526404bb2c3943e843e39ff556ce5f71,4,52515,2018-01-11 18:15:13,2017-12-27 15:34:00,2018-01-30,15.0,-19.0,58.0,25.25
74320a7404d488d2f64bbaacadf358d1,8904df7b2c7b44d20e741ca675815130,4,52527,2017-12-11 16:13:43,2017-11-24 02:07:37,2017-12-15,17.0,-4.0,39.9,15.11
0279aa5d24f86ef12b8a4e976a0fe536,8bd6a871f49ba51f3579479d79c6f145,3,52544,2018-04-23 13:58:27,2018-04-02 10:49:22,2018-04-23,21.0,0.0,37.0,17.06
69ba465903fb643efb31bcf0e75eccb7,462240cb1ec4e5db517e73fff57ebfc0,1,52549,2017-12-14 18:56:14,2017-11-27 18:39:56,2017-12-20,17.0,-6.0,37.79,14.1
74f8e89f84f807e78a759f87fdbfb689,ef91a0138a69318c86432c32ad98db82,4,52561,2018-02-16 14:31:46,2018-01-29 11:12:03,2018-02-20,18.0,-4.0,167.84,20.05
421c20625ca076c120c7c889b9878361,7729e4f24027d10a411f2ca08df03327,5,52573,2017-07-20 14:35:54,2017-07-13 21:08:56,2017-08-02,6.0,-13.0,99.0,38.44
261aa17ae81ffe326107e851d18116e1,6bf14ce96e0c6026fe21f80a498bb446,1,52575,2018-01-24 14:43:28,2017-11-24 14:18:01,2017-12-27,61.0,28.0,559.0,41.43
b450abbb0724d3af1597381f98e51ecd,caac03dc57366d1423cbfe4bfcd8d18f,4,52591,2018-01-30 18:38:51,2018-01-04 23:12:32,2018-01-29,25.0,1.0,79.0,13.57
a2d12a1145c452ed5c73cf3d2ba1b30f,be9ea35dd2b7d3973f1f6e0f0cc6f39b,5,52596,2018-01-10 21:43:23,2018-01-07 08:53:53,2018-01-24,3.0,-14.0,169.9,8.44
f90be6e27bf285f5fde86266a24ae84e,acc0f8df9ebef09c7aeb9191e65dcf9d,5,52699,2017-11-27 18:39:07,2017-11-23 17:40:25,2017-12-07,4.0,-10.0,49.9,8.72
ebc771717da8dff6a50799b4b7e8008b,411753995b9d6dde2c840f9b96ad946a,3,52713,2017-10-20 18:53:05,2017-10-13 21:25:29,2017-10-25,6.0,-5.0,79.9,11.76
a0a531debd0f801ada8d3e38b60cc4c9,b440ae5462e075298885ddda8a0b9b1f,5,52744,2017-08-14 16:57:27,2017-08-02 21:39:05,2017-08-24,11.0,-10.0,85.9,16.36
34345c2999f52889e3189a233c06e498,b4587793077c17563480c33e3afa4786,5,52773,2018-04-04 15:38:37,2018-04-02 13:24:38,2018-04-12,2.0,-8.0,19.9,7.39
036c68dd047062cbae030ac0a9615561,6512f99fc2b658abc017f8090e3d1bc9,5,52777,2017-12-19 00:42:02,2017-11-30 10:17:54,2018-01-15,18.0,-27.0,24.9,21.15
60ba7a72654533010cbcacaccd52fbfa,ba4630480d9cb693430e8ee1e82b9c7a,5,52802,2017-04-20 12:03:14,2017-04-10 23:29:46,2017-05-15,9.0,-25.0,599.0,24.01
7aa0ceaeb8d4ffca94b0e661bc24542d,8f491cf3fabf128822544c78d73acfc3,5,52812,2017-11-11 15:48:45,2017-10-29 22:56:42,2017-11-21,12.0,-10.0,59.9,17.67
0c7c0bd7ca380621cc4c60f71980becf,9365c8c75027cd5e429a9355f1e088b8,3,52826,2017-11-29 19:40:02,2017-11-22 21:41:58,2017-12-08,6.0,-9.0,24.5,11.85
64fc7c48343a278985f2d8ac5113331f,fe7387b4827383e4868b82be1dd12722,5,52881,2018-04-07 14:35:43,2018-04-02 22:13:18,2018-04-25,4.0,-18.0,29.9,17.06
55b763c31d527f669d54be4be24b5219,59a6a4f84e0e583a39c2f395343d27af,5,52892,2018-03-23 23:51:49,2018-02-23 15:20:45,2018-03-19,28.0,4.0,29.99,15.1
bdc23538cbdf9e32f1f74cb7194e73ff,4f04cf5f96101782fbd1b6cf9ec942ea,4,52903,2017-07-17 21:41:21,2017-07-04 20:12:16,2017-08-01,13.0,-15.0,230.0,46.11
a65de984aebd3632d30e31625ec8e87b,214b96dbb7d479932d8b5a1957ce0e9d,4,52914,2017-08-28 16:51:37,2017-08-16 22:23:32,2017-09-18,11.0,-21.0,200.0,22.24
c61363f9901ce8c19ea9663ff6902f36,ce96e1f727877ff03577e45707a78265,5,52919,2018-04-23 16:31:59,2018-04-13 10:15:50,2018-05-15,10.0,-22.0,101.5,23.29
9eea0642d3e476eb13b6b3c5f0394e39,79e8aed3400f69812f091a2b4f55a8e3,4,52926,2017-09-19 18:38:37,2017-09-12 21:03:26,2017-10-06,6.0,-17.0,65.0,15.2
6d9f48e77b52d2bf52ed235d4421da5d,79c0fac13b3965c6b73c3fa600059b36,5,52950,2018-03-01 22:07:54,2018-02-20 22:32:06,2018-03-16,8.0,-15.0,119.9,25.68
243041c432092086a0149ba44d28e96b,389d99caa7584786ee8a27df1638f6ad,4,52951,2017-07-14 19:47:52,2017-07-08 17:41:42,2017-07-28,6.0,-14.0,51.9,12.7
5ef6e8221dc523210bda84f8e5a23318,576668497bf1dc1ca572fcf231234444,4,52963,2018-05-14 19:52:48,2018-03-09 22:20:51,2018-04-04,65.0,40.0,160.0,22.83
f16c56fc189cbfc13955753f1e135ae1,0f7f3fcd5523d759e8e17084e45439d5,1,53007,2017-09-19 13:38:13,2017-07-20 19:24:24,2017-08-23,60.0,27.0,108.0,34.56
646addeddd4d46b6750a7c5e39a6f1d0,879789a8903f3f832bf5ab0417ea3a31,3,53012,2017-08-08 18:23:06,2017-07-26 18:55:40,2017-08-25,12.0,-17.0,159.94,38.96
717662e1e553f9053df0fd00bd5cc34c,8505cbf7005b6ec865878f42abdb291a,5,53042,2018-03-01 16:19:37,2018-02-18 18:08:34,2018-03-14,10.0,-13.0,34.9,15.1
8b643d7c33cacaa2864a9b377be958c2,0198e0de42189b3941d46857a87fac91,5,53079,2017-11-08 16:22:07,2017-11-04 12:33:53,2017-11-23,4.0,-15.0,56.99,8.72
b04ef1f9aaa84dd57473740f83e9bf11,1b986cc80c09e314d5989c417e4b7ac0,5,53089,2017-06-22 18:42:46,2017-06-20 13:26:51,2017-07-03,2.0,-11.0,59.9,11.73
83b7381d37c08d796f7e5a498320812e,b890948d89b295933a81032d4d4b9c74,5,53097,2017-05-31 09:38:05,2017-05-23 16:27:15,2017-06-19,7.0,-19.0,89.99,18.2
80bb5ac2b450ac02e96c1724c06e9193,c6c26ee904fd7f85a965423bec883fe6,2,53147,,2017-09-15 14:28:21,2017-09-27,,,89.9,9.44
505e573f2777bc76c64596b3adb22caa,73734b833ddc5cd47edc08ac8c157f3e,5,53160,2017-04-12 16:49:34,2017-04-05 13:15:12,2017-04-28,7.0,-16.0,143.0,17.74
0b8a81360e187e0d12481be4e4c79df0,fdfd424dfca9dd4e5e8a895e20bc97e3,5,53163,2017-10-18 19:05:39,2017-10-09 12:15:42,2017-11-01,9.0,-14.0,139.86,18.23
c66c946e6d4729361542d2ca43d2bdc9,954992d55d1d6251c24b9ccc3121ac1d,4,53178,2017-12-30 16:07:40,2017-12-14 10:13:08,2018-01-15,16.0,-16.0,118.0,35.32
88980a9c50a6909fa1fe35ddab8fa1e2,4a90af3e85dd563884e2afeab1091394,5,53191,2017-08-30 16:07:13,2017-08-21 20:35:44,2017-09-01,8.0,-2.0,106.2,9.56
ad3cfd11af29c942e240e00b3977b24d,938110b6904380feefb719683295f04a,5,53216,2018-04-04 15:42:29,2018-03-23 20:59:25,2018-04-05,11.0,-1.0,45.0,8.88
c5247848a0325eac6f447e37811d061a,563c431a361a75cff783684f644d7601,5,53219,2017-11-27 21:17:11,2017-11-16 13:55:14,2017-12-14,11.0,-17.0,56.85,16.84
51066b1ffffdf9949d76a31dc8bb5ec1,6bdf9b89e5c81ead45dbc0a260dfbf13,5,53227,2017-09-29 19:53:03,2017-09-20 13:05:16,2017-10-05,9.0,-6.0,89.99,10.04
d0f8ffe9006619bc95000bb8cff304a4,e64b950c1e33e5e3f2a946903e903264,4,53278,2018-02-26 21:08:08,2018-02-20 10:57:34,2018-03-15,6.0,-17.0,676.99,44.07
faf55275d6c37dbb8e071c2f0d09d4f6,63e9e738932324be5afdf33f891e4848,5,53300,2017-11-13 18:37:09,2017-11-01 18:32:13,2017-11-27,12.0,-14.0,57.8,30.2
0c1282d7c8d0e20e7df62a4578d5aa0a,0777a9060e11a166516210320a84d38c,4,53301,2018-02-21 01:06:00,2018-02-14 22:23:42,2018-03-01,6.0,-8.0,56.9,8.72
a782283370f4a2368b8437c7a483ad88,e2d3e5a5b56149b36e4df4dedd8648f5,2,53303,2018-03-05 20:38:39,2018-02-12 12:39:57,2018-03-13,21.0,-8.0,169.9,31.94
5476dd0eaee7c4e2725cafb011aa758c,ffaabba06c9d293a3c614e0515ddbabc,3,53313,2017-12-19 16:19:01,2017-11-23 14:43:38,2017-12-21,26.0,-2.0,119.0,34.63
310b9b79452c0912bfe1d935b72553e4,ceff388a23c12ac5dce0b56dad25602a,5,53332,2018-03-10 00:03:17,2018-02-19 14:02:29,2018-03-19,18.0,-9.0,19.5,16.79
9a6ed2d8aff06a8a18b189770c51435f,c645c38b97d82c6a042adcf18df3daf3,5,53335,2017-12-06 00:16:42,2017-11-24 11:39:24,2017-12-18,11.0,-12.0,23.7,16.11
f70e964711c7a9229ad088240d7232d5,2301a0f5629f3d66f880849265f50515,4,53382,2017-10-10 18:55:35,2017-10-04 10:05:53,2017-10-30,6.0,-20.0,69.0,15.23
934478779c7b6246b8de50047009fc37,0a03b50bb658dc86547261ba8cd5676e,5,53405,2017-11-01 20:17:40,2017-10-18 20:28:58,2017-11-16,13.0,-15.0,169.99,27.73
e72fea66d7876d637f7c999bd1648d68,54e5702667dea09e5e5c511966be57f2,5,53426,2017-07-13 21:09:39,2017-07-03 15:38:36,2017-07-27,10.0,-14.0,59.9,19.66
db0f3ce370f1deacd75cc4ed2cc63b81,65650a09e390bf885b72172fb90348cf,5,53431,2017-11-24 19:32:25,2017-11-14 00:52:49,2017-12-08,10.0,-14.0,114.9,20.04
836b15ccba43edf8fb18f43d32aab8eb,3b2285d4d80f742f34cc959e041722a9,4,53444,2018-01-31 23:22:47,2018-01-22 14:29:31,2018-02-16,9.0,-16.0,174.75,35.72
a00ea8ee03c98c2e495927024c83e7ba,dae94a5945b5feabdfe04e2ae8d3d3bf,5,53455,2018-03-02 23:14:22,2018-02-14 11:26:08,2018-03-09,16.0,-7.0,194.0,21.85
2abf85de90848e40b9120c79dbe904cb,74d2901d06590ded0f5de058f78bc500,4,53463,2018-03-17 11:28:33,2018-02-28 22:41:29,2018-03-27,16.0,-10.0,89.0,25.9
e8bb97b6b648d64956948ece5f544489,de1fd807103f4bbdf1bd55bcceec0276,3,53477,2017-06-19 18:23:35,2017-06-12 20:44:04,2017-07-05,6.0,-16.0,57.9,28.32
13e2f8a0fa3e5a849c159d632c74391a,30b949a0f71893bbe321509b0d32bcc6,5,53508,2018-04-20 17:03:32,2018-03-30 12:25:09,2018-04-24,21.0,-4.0,24.99,22.85
15ae4f8a2f87c78ab766e22d9b929326,a1d7522558e6fc188998886235fbf164,4,53515,2017-05-04 15:10:05,2017-04-24 22:28:44,2017-05-15,9.0,-11.0,289.99,15.79
8e0c1523095cba7fb0ecf560bc9637a3,4f1482e926881ff58f7384a6e6bd0771,1,53522,2018-02-27 00:09:30,2018-02-03 23:36:46,2018-02-21,23.0,6.0,20.3,8.11
844b9dafc2f7f6b3c2446a76387d836f,7cd7446904e8e1b7bf7ca80444f1dffa,5,53529,2017-09-01 19:07:48,2017-08-26 17:49:31,2017-09-19,6.0,-18.0,169.99,16.95
b03e9e645ae4a135110d320671f3db2d,24c087010167127767add9f02f8b2019,4,53576,2018-04-04 00:53:23,2018-03-19 00:06:31,2018-04-09,16.0,-5.0,64.89,22.16
b4df4ed824bf2b8e2f1cbb5e0c5c3a7e,810190f42a178c26e28a932e70533d32,5,53590,2018-01-26 18:33:13,2018-01-23 11:54:32,2018-02-07,3.0,-12.0,89.18,9.44
b8cfd3ebfb315f6fd855b9cd74030384,672410cce728c5bc55061e45e7a9982e,5,53594,2018-04-23 22:38:42,2018-04-07 21:13:23,2018-04-27,16.0,-4.0,14.4,15.23
31b3f0045fa9d6badf6fc42d09a12259,5f2e44ea1fc61083103e1a75f61d2bdf,5,53623,2017-02-15 16:22:08,2017-02-02 17:00:25,2017-03-03,12.0,-16.0,309.9,19.01
420cbbaf26551d24408164025b017d16,eaa755795bc07ae1c3d55d7f6efe1dfc,5,53649,2018-02-26 20:19:06,2018-02-09 09:45:41,2018-03-07,17.0,-9.0,19.89,17.63
1246eef637437b3b3a75fed405ca1121,5458011c1e8235532bd6b193e37c7688,5,53663,2018-03-05 23:32:59,2018-02-18 12:38:07,2018-03-19,15.0,-14.0,109.9,18.05
1b3d5be09c3e3e3c3b668ae525614508,f334a266fb65d5d853e108b4442f1f01,5,53668,2018-03-12 18:04:54,2018-02-22 11:17:41,2018-03-15,18.0,-3.0,45.9,15.11
1179aaee6c75567adc03aad9eeddedac,0b398dbb3e7c81005f3c69b01488c4c9,2,53683,,2017-09-27 20:51:53,2017-10-24,,,,
4587a421cd0ef90f152efab762fcee9b,6f51c1344ad020aefab85b67a98bebd1,4,53685,2017-12-27 18:48:40,2017-12-15 16:43:26,2018-01-10,12.0,-14.0,124.99,14.62
7fb3cda2a758c1efe3486137c2db84e0,b75335994c32baf97dc6ab68ecc64e4f,1,53729,2018-01-03 19:41:26,2017-12-18 22:40:03,2018-01-11,15.0,-8.0,120.0,15.6
adcf6f959edad31b00ca7ca79a0e4506,32a95b7b9e16b0e4ac4e9a279ba5c10d,3,53749,2017-11-24 17:05:05,2017-11-13 15:06:58,2017-12-05,11.0,-11.0,65.0,16.7
ee196bfa49304cd3f3e4a083502cd94a,058cb75116972074baa3c4e594d2a851,5,53756,2018-01-19 02:07:13,2018-01-05 15:39:27,2018-02-09,13.0,-21.0,119.9,39.83
e3202ceeedb2fe772370585cb408f9a2,d2029f1813972cb83dd49c3c27fcd304,5,53757,2018-03-16 17:16:53,2018-02-28 16:44:48,2018-03-19,16.0,-3.0,1200.0,22.15
1c83af0d24e890b7edd2a1af77d0457d,e251afd3ced38d4de3a5ece05d615ef5,5,53761,2018-02-04 19:35:39,2018-01-25 14:59:08,2018-02-09,10.0,-5.0,13.65,7.78
1ab1d0128982b7156d057f6fe1530b70,10f34fc8a567488225794fc598c3c9f4,5,53805,2017-07-19 18:06:44,2017-07-11 13:50:28,2017-07-31,8.0,-12.0,129.99,13.93
341ace520d1c716a6a3a49e9aa8916f8,343348b1e29e9fa9e7b6ab1027f9177d,4,53825,2017-03-09 10:36:00,2017-02-21 17:11:24,2017-03-28,15.0,-19.0,25.99,17.78
28b4fa041aa301c91c036347179c033d,58c3b9078e5980f72acd38350898f93d,3,53830,2018-02-16 13:32:04,2018-01-22 12:07:05,2018-02-16,25.0,0.0,150.0,15.8
ce2090ba668f033868c59d766a750574,751828ac13df64ad531c8664c91fdee6,5,53880,2017-07-03 13:37:43,2017-06-15 13:41:16,2017-07-10,17.0,-7.0,15.9,15.1
306898f65876037a9856a06141df2f1b,edd0bd859f89d144f0d026c2e732ccd5,5,53881,2018-04-25 22:03:23,2018-04-11 10:48:14,2018-05-10,14.0,-15.0,139.9,18.56
afdbf9467edaca02e626d0ef43518f46,ab4f963cf3f826eda5b1b000a7af4de8,5,53905,2018-03-20 01:28:20,2018-03-12 08:36:50,2018-03-27,7.0,-7.0,124.43,8.64
fa3122576da87f08b53beb2321deb357,774e1d0dad9de39af357f92c7180e21f,1,53910,2017-11-22 18:32:50,2017-11-12 21:31:27,2017-12-05,9.0,-13.0,108.0,15.51
6bd07c162b1da3cd3c2cea9873683cb4,9147c16fab80dbd17a45d97f65196491,5,53928,2018-03-20 16:33:25,2018-03-06 11:11:30,2018-03-22,14.0,-2.0,48.0,12.79
aad751301a99d2b5fe2249e75f199483,8006e91ab98e5e16b4c125d42b170cfc,5,53948,2018-02-06 12:26:53,2018-01-23 19:43:47,2018-02-20,13.0,-14.0,41.98,30.2
a0f2aa7bc394487d14a5610cddc98128,3fa91d0a7193cb9564de5db19fdbbd47,4,53949,2018-03-28 12:13:25,2018-03-23 15:16:34,2018-04-05,4.0,-8.0,60.0,8.88
dc087101b7bb979fd54e9c5a88bc6d92,457dbdc9e1ced1274472af8b6fd00be8,5,53991,2018-02-09 00:38:35,2018-01-11 12:07:15,2018-02-20,28.0,-11.0,23.99,16.6
8a06bae367120bb67e72a8061da1f6a3,8dc78af1cf59ea64fd1cbc09304b02c7,3,53995,2018-04-17 19:22:45,2018-04-09 20:40:30,2018-05-07,7.0,-20.0,117.0,68.78999999999999
2655c113c4665ba2df76363234ba8f8d,1607aa1dabb96d104838f96ccb72f225,1,54024,2018-04-12 22:36:48,2018-03-06 08:37:03,2018-04-10,37.0,2.0,99.9,24.35
de646d434829b2749f94ff2e931fe3a1,8d1d09cecb392f024da77ada654625c5,5,54032,2017-10-27 20:41:50,2017-10-23 17:11:15,2017-11-09,4.0,-13.0,64.99,11.95
d6912095f8cf59c9e266b7532cd8fa43,e83d7904c216c3a03eb6c215d82b7fec,4,54074,2018-01-15 18:16:54,2018-01-03 00:33:26,2018-02-06,12.0,-22.0,29.99,16.79
07497fd46afda465dbe2e8e4046e717f,045806c8806bca9909e23a1a79cfdd0c,5,54095,2017-12-27 18:39:04,2017-12-10 20:49:32,2018-01-04,16.0,-8.0,139.9,34.25
116ae509e4d50c947e6bbcb040b05352,6bb6e95feeb71b908320267ca30d6bcb,4,54143,2018-02-27 01:26:48,2018-02-05 14:02:26,2018-03-09,21.0,-10.0,67.7,35.79
79edde2685992f2f81108b481e76daed,c78b306b7a03ebdabf44e1d351f83427,4,54154,2018-01-23 12:58:47,2018-01-16 14:09:50,2018-02-06,6.0,-14.0,59.9,12.76
ba94f98f9fec58ee63fc8b0aa3292308,807df0c56461a3ea59823e4144307dd8,5,54170,2017-08-01 17:41:19,2017-07-15 00:20:17,2017-08-16,17.0,-15.0,99.0,19.93
b7768a03615b0a159957ced6c0982475,d2ac7fd0a36bf75505317960ab81748d,5,54185,2018-03-22 13:50:49,2018-03-11 16:52:50,2018-03-28,10.0,-6.0,49.9,13.71
7b59a9d91cddfd10a49d730fa872e469,e5ea36284ceebc6c0ee38a30f70e357a,5,54187,2017-10-19 20:34:47,2017-10-14 22:26:22,2017-11-09,4.0,-21.0,29.0,14.1
7abf3a71a0e62ea8b0d2287a861511a4,4b2dd087c84d86e1b2ed309171ee0f96,4,54202,2018-03-23 18:26:53,2018-03-02 19:17:32,2018-04-02,20.0,-10.0,122.99,15.61
f31e6dc641ce393221f975a1c559b250,b98c5a8bd8fcbb53d6d1189d07279780,4,54222,2018-04-14 14:57:27,2018-03-25 10:50:20,2018-04-13,20.0,1.0,95.2,16.64
49fa1fd863ff63cf4b3c85d3f0bfbc25,b48e71659903550bcf90e87f245cefbb,4,54232,2018-03-28 18:11:04,2018-02-14 16:49:01,2018-03-19,42.0,9.0,89.9,19.87
7eeb2cbff212e6c311994d274bc1a149,49bab3f94ce298f6fde6208f426978b4,5,54260,2018-03-02 23:52:29,2018-02-23 08:38:47,2018-03-09,7.0,-7.0,143.8,16.71
39296277d983fb61a9962f513cca8d7a,ad430bc59db52b1f7522b6f19e669bc6,1,54266,,2017-03-05 19:39:34,2017-03-27,,,189.9,16.54
b850bb457cce5c1da926519969871a7d,2ac14ce16b95643b222e92188b0ddec5,5,54274,2017-03-13 13:07:55,2017-02-23 15:03:54,2017-03-24,17.0,-11.0,208.9,22.09
8c9d5f7a432f4bc3b25b1d3ba89cffe6,a00f95f6a4d527c82baeb2593ec4b5b8,5,54283,2017-10-27 12:45:01,2017-10-12 18:24:44,2017-11-06,14.0,-10.0,118.9,18.08
136f41c102b96d6f9c2a792165277dd1,1d534aca5a08cf7ab416a278efb8fc4d,5,54286,2018-01-04 12:09:33,2017-12-26 14:47:27,2018-01-24,8.0,-20.0,84.9,15.34
58fc0b9ae0ce892b2e562334dc78eabd,442617a720896f8cbecf93ba2f11cb77,5,54288,2017-11-30 21:16:53,2017-11-24 17:02:46,2017-12-15,6.0,-15.0,28.9,14.1
fc9f9499af9042f29123c88e03f9fdfa,f4da7d0ac805794a8e666416f2c20f60,3,54317,2017-10-11 17:43:16,2017-09-30 14:35:09,2017-10-24,11.0,-13.0,26.9,11.85
ca64d0c73890d79c20b6fc2f6165cfaf,b1af0e84814ea77191dddbb863dc896a,5,54321,2017-08-22 23:37:45,2017-08-11 09:12:37,2017-09-11,11.0,-20.0,52.5,26.91
c17313e12fd50d4a5fae593807c89ced,6c3416485c9a6bcd0118e636c4083591,5,54336,2018-04-11 13:10:35,2018-04-05 20:12:22,2018-04-23,5.0,-12.0,699.0,17.33
f7098fb174cdef418a7b4ea33a6cb8e6,5a43a71d1ddc76ba951f292c1b4c66c2,5,54342,2017-11-03 19:22:58,2017-10-26 10:46:21,2017-11-17,8.0,-14.0,89.99,15.39
a5b8eaa2899bdec6093c15ee7b15f43d,689338a5ff7fc20c596ee2695dfac8c3,5,54352,2018-02-04 10:08:55,2018-01-21 16:34:52,2018-02-14,13.0,-10.0,49.9,13.37
ef1f14ac37fbae91df317f4cb810259e,1b90587d2255b7eb1dcc4d2c7eba1c54,5,54389,2018-01-23 17:12:41,2018-01-18 14:08:58,2018-02-09,5.0,-17.0,13.99,14.1
62726ef2bee057c54fefd72216c58d80,f26c31dc999a7994a4369c805f0bd029,4,54390,2018-03-27 22:38:43,2018-03-16 11:19:46,2018-04-09,11.0,-13.0,450.0,159.66
ad7c4e7e2e11b4c62ac9d7edc7475efc,4ce23a326d80951e2de85a1870483eed,5,54395,2018-01-04 00:29:14,2017-12-15 15:55:59,2018-01-11,19.0,-7.0,49.0,14.1
c4834efe7afe3034629a3c014387be27,8cb9bdee316634dca609aa8fe38e329a,5,54397,2017-05-20 07:02:59,2017-04-29 12:50:26,2017-06-08,20.0,-19.0,476.5,27.83
b31756e067cbf823d17fdd56aa312bc0,ae27a50cb9ab15aabfe66ad3b4020a91,3,54410,2017-03-03 10:16:15,2017-02-21 21:19:19,2017-03-22,9.0,-19.0,49.9,15.7
06650dddaca81bf0eed3b9b1a43d0763,a437b04047ac97f23b5baf153991372b,5,54413,2017-05-11 09:29:48,2017-04-23 18:54:11,2017-05-11,17.0,0.0,163.99,12.54
729cd07e85a9a367d0ffc14b04ffbd09,ac497fa7b396844289feb8bf6c8ac608,1,54423,2017-04-04 13:37:53,2017-03-24 22:12:48,2017-04-20,10.0,-16.0,69.8,29.04
cc81d0cb0c61a68af832fa0fac2c9d5b,d31df581f4efcfd5c6f523bb0fed1bc7,1,54431,2017-12-04 19:12:10,2017-11-27 11:43:42,2017-12-13,7.0,-9.0,58.99,11.73
87589255d32640212842c47e546b9603,a8d5b616150d16469de71f4099a76148,5,54445,2017-07-12 10:04:13,2017-07-01 19:32:46,2017-07-21,10.0,-9.0,149.0,14.06
fca63ea07f64cb26706c5a7bba0dd70b,e6d0bbe2424dd2fc97db5851253f90d3,4,54467,2018-03-09 23:22:47,2018-02-17 21:51:05,2018-04-06,20.0,-28.0,109.18,44.61
f2d8dabcecdfaaa563e33dbaee3863b4,904c018f707a0589da06a1c53e970492,4,54544,2017-06-29 14:29:36,2017-06-13 10:17:04,2017-07-10,16.0,-11.0,139.8,41.96
15624e62e12534755dfb17e71e705e07,26343f9d74c00cf82b588331730367e9,4,54553,2017-08-25 22:50:22,2017-08-23 18:46:17,2017-09-05,2.0,-11.0,185.0,23.88
f0817586f779302b8fbcf33bcb156af6,ccffb7374c0c5619226394e8b85e0746,5,54572,2017-11-16 21:43:03,2017-10-26 11:05:47,2017-11-28,21.0,-12.0,610.0,113.72
936f4a2df5b074b87cb917635bea4464,0d85f60a7eb6eff92a2c8363050cc7b2,1,54599,2018-01-23 10:48:59,2017-12-05 15:01:00,2018-01-18,48.0,5.0,899.0,19.31
53b0104628527281847fa3d767efc046,248ed74704a24435e9ee328132047c41,5,54616,2018-05-04 21:46:33,2018-04-13 17:11:33,2018-05-16,21.0,-12.0,697.9,20.86
1d67a94d03d5f1ce7a42f04e1de6f54e,1edf3cfb4e85e8094a0a1f4cef3f6215,1,54619,2018-01-02 12:09:51,2017-11-25 11:17:19,2017-12-18,38.0,15.0,82.0,14.32
9a1785a4dbe00bb26d5112feb9642771,2ce6fc632ab62fcef5f2e3095db788a8,4,54625,2018-02-26 20:04:34,2018-01-29 14:42:57,2018-02-26,28.0,0.0,49.9,16.11
24dfe8bd1b5985764d22cbfff03523e4,b1adda8b2734d4a0bae4885a90722859,5,54640,2018-01-30 21:22:28,2018-01-21 23:34:21,2018-02-19,8.0,-20.0,49.9,15.1
074ba0c2421d472298e27141c14487df,c68e29125ffdf4760e1e0cc3ef931a3f,4,54650,2018-01-29 16:39:43,2018-01-14 21:16:55,2018-02-07,14.0,-9.0,49.0,15.79
1db5599da2401f8c1eba327d8b400e36,293f88e33dd760720e689b394b3fadcb,5,54676,2017-11-27 17:12:20,2017-11-21 12:47:32,2017-12-07,6.0,-10.0,60.0,11.92
80d69c728c896fa439238d86974b23e4,453cabc3a3d6d0d80bd08d9eefb6a607,5,54684,,2017-12-06 19:47:40,2018-01-04,,,,
8d26a48260b9c89619a9f0788439fed5,bde4e874383e1817284c013ec6a2d72e,2,54743,2018-02-26 15:52:45,2018-02-07 23:24:06,2018-03-08,18.0,-10.0,52.0,15.11
0e5f0b07a502e6701601334b20417799,8c28df1eae513694a941565b1a0a5de8,4,54755,2017-09-04 18:32:52,2017-08-26 08:46:15,2017-09-14,9.0,-10.0,56.9,12.74
5a9b5183ad2baae6763c1540ebe46042,c041c06cb08a4dc92578157f2ad78587,5,54772,2018-02-01 16:28:25,2018-01-17 20:24:21,2018-02-09,14.0,-8.0,188.0,74.27
02e0b216f3ae0128e1ba53353251c40a,481a51f75cdfb2f0a592648739dfb8cf,5,54835,2018-01-17 22:05:45,2017-12-28 16:26:41,2018-01-23,20.0,-6.0,47.49,11.85
d48864eb10c3de7dc7b764f206eb1612,b6bc19f6d8e96c942441bf9f4d155c1a,5,54855,2017-08-21 18:40:35,2017-08-05 16:53:32,2017-08-31,16.0,-10.0,59.9,15.17
983dd05e596861a8b6efef18b7bf41bd,415c1b3a4f7d686212cf08f53ad40271,5,54875,2018-03-02 01:49:08,2018-02-22 10:06:12,2018-03-08,7.0,-6.0,15.0,8.72
c87bc5f13539a04000f5ecf53d97c101,1e2566907e0655a3549bdcb88b0291f1,5,54927,2017-09-14 18:07:40,2017-09-12 16:04:11,2017-09-22,2.0,-8.0,55.0,7.78
3b2f651135a6ac6c553ddc6d2f24cda1,d80e0abae74765187eb4970037b244c8,5,54954,2018-02-26 20:17:22,2018-02-17 18:39:22,2018-03-09,9.0,-11.0,49.9,12.69
5699dd6cfd3e91519755f2b6cb6a851c,719a96d91d44ae214ba638b02db33331,4,54956,2017-12-05 15:14:10,2017-11-24 20:36:18,2017-12-08,10.0,-3.0,19.9,9.34
cd5b09f07571be7de7a168bcf172a6b2,ef1af042323731907ad5d9feea27fc61,4,54978,2018-01-03 14:59:24,2017-12-22 22:08:25,2018-01-23,11.0,-20.0,329.9,83.4
303a4aa26fbc5324b7d910caf7441741,0dba8cb0559eb37cc0217a28496b5f07,1,55015,2018-02-28 23:48:36,2018-01-09 22:50:43,2018-02-09,50.0,19.0,54.9,17.95
d7de21a3575639e3cf0f04b62720d219,b0df6117e4e96271f505589dcd78b944,5,55035,2017-11-28 14:09:59,2017-11-14 07:30:44,2017-12-05,14.0,-7.0,99.9,21.19
085b13afc1fbfc06f4eced33f2e6b9f0,aeba924ab4196ee9a04164f22278f117,1,55073,,2017-04-20 09:13:22,2017-05-15,,,15.75,14.52
1a6b383557af4ac249b6618721c84ced,9f97d58ef622c6157a17950ab866a5c9,5,55183,2018-04-02 17:52:16,2018-03-27 07:30:38,2018-04-13,6.0,-11.0,58.9,13.53
4ab8e6228b75d89ccc4652a2d423f961,5e8dbd76385140aefb062d9ed31c7a75,5,55193,2017-06-08 18:07:41,2017-05-19 17:07:52,2017-06-26,20.0,-18.0,550.0,117.99
85cd52f32ef782e04e331972380ab946,dcd19a1d42b2e3ad39cf3d5ee0fb7ddb,3,55213,2018-03-02 19:04:21,2018-02-18 20:25:04,2018-03-09,11.0,-7.0,90.0,13.78
ae32a6b71165b194613b00bfb9530efc,9c9b21a2db3ef4c7109f69f7f3614d71,5,55214,2017-10-11 21:37:44,2017-09-23 15:56:48,2017-10-27,18.0,-16.0,279.99,37.32
86bafcc569d70e744f7d99960af9fa23,04abf2d38859e6dfcfda69ed28a10aff,4,55253,2018-04-12 22:26:38,2018-03-23 00:22:35,2018-04-20,20.0,-8.0,25.0,23.28
140938a2a4b53afaf4a63fa1dbdc9b03,6f95997d009a6c89f18029f779a6de56,1,55306,2018-03-18 16:19:43,2018-02-05 10:16:36,2018-03-06,41.0,12.0,113.0,21.28
8e61bcb6914403860e124c19af259e61,a6a1840fec3ecb04c489ffa4b2354631,1,55307,2018-03-28 19:14:53,2018-03-04 21:58:12,2018-03-21,23.0,7.0,11.55,14.1
6bc92786a5bd0870cd21303014d4c0c8,8c3078b30ae073033c2ea0964a5ada96,1,55359,,2017-11-05 16:26:43,2017-11-29,,,70.89,21.3
9a9bb5e2d9b2b85cbdb3c6fa62941b8b,621eb879252e1ef32bfbe6f3eab23b57,5,55363,2017-10-17 19:15:25,2017-10-05 20:26:25,2017-10-30,11.0,-13.0,99.9,21.19
2dd76668484a207a168cfeefe2958f82,e204e879fca83906b12991cb4d455799,4,55400,2017-10-30 18:06:16,2017-10-20 13:11:07,2017-11-10,10.0,-11.0,59.9,17.67
4fa2cc0cca2a37ab91c88490db883559,f192fe5e9b2eea0553f09566de94b5b6,5,55404,2017-07-26 16:55:36,2017-07-21 18:43:05,2017-08-03,4.0,-8.0,241.1,19.4
5f1d07a12bfab5d583fa39514cc6dc39,f647bd085f1616eb4a272bda4d3f8045,5,55413,2017-02-15 15:41:51,2017-02-04 02:29:03,2017-03-01,11.0,-14.0,239.0,12.28
c90b64d20ab2f218f1e465de68d9c5b2,bf11d6d45abb67220dbfb9b1f8c09efe,3,55421,2017-12-08 13:38:40,2017-11-19 10:29:28,2017-12-11,19.0,-3.0,83.41,17.83
969ad36d7ec17de9f6da9e2dbaeed0d5,397734101cdc7f8ac3663089a968a763,1,55431,2018-03-12 20:32:17,2018-01-30 17:04:07,2018-03-02,41.0,10.0,58.0,25.25
66b6746b486e639f7865f9c12b5e9060,0db84a5169c0effbdd6695e38e354ada,5,55438,2018-03-01 18:47:42,2018-02-27 18:58:14,2018-03-14,1.0,-13.0,129.9,15.66
12961485be1493a9f16dc1642fa4f716,771fc969d198bd5102b42e8d8db12364,5,55444,2017-11-24 18:11:40,2017-11-12 09:22:43,2017-12-12,12.0,-18.0,109.95,18.34
376292737f9c00d2a3ed02d87d2149e5,405b235ca935c45dbff98550512b37d2,4,55465,2017-12-05 14:59:18,2017-11-26 10:42:55,2017-12-18,9.0,-13.0,39.9,16.11
c6e4937d2e0492dc22a4b582cc6297ea,86142baa5539c0e7ff98213f50d10b75,4,55470,2018-02-20 14:03:54,2018-01-23 08:42:54,2018-02-19,28.0,1.0,60.0,16.18
311c70ad1e02ff21d1d06a9d03f1c22e,a7f28fe443db7fc7f6f79297e3a18923,5,55512,2018-02-07 11:14:23,2018-01-26 11:53:56,2018-02-20,11.0,-13.0,299.0,53.33
245d316770c8e8ada158c0fc56794854,194a9f43598155086b091e0c827ad480,1,55533,2017-04-13 08:29:43,2017-02-12 19:08:25,2017-03-14,59.0,30.0,99.9,18.98
a2e0187253eb3f2439b880b017c403b1,10a419c662c88c75ed796f78bc88d31b,5,55534,2018-03-23 02:25:30,2018-03-07 10:35:14,2018-03-23,15.0,0.0,41.5,16.32
628bb7b7f631eade613189a47f58c7e3,66621d845162fdab12e4ba918411eb97,1,55537,2017-12-15 21:29:04,2017-11-24 15:41:03,2017-12-18,21.0,-3.0,15.9,15.1
7c7ab468a975b06f7625e5f0df83da91,367cead10022c703e2a1529c52699ac4,4,55559,2017-04-05 12:22:54,2017-03-29 11:56:53,2017-04-20,7.0,-15.0,98.9,14.86
0949e7aa2eafa8aada7aa8af6a3ad9af,a00f891df81b2ee87c6c5eb73c81c571,1,55569,2017-02-14 13:07:42,2017-02-08 21:38:50,2017-03-07,5.0,-21.0,9.99,8.72
55037cf0d46202cdf23ffa478642e98e,3bb17a1322700272d8886d9d5e174bd8,5,55620,2017-12-09 15:03:57,2017-12-03 23:57:30,2017-12-27,5.0,-18.0,495.0,15.72
f5b79cea033e987da14d408c380fa824,c7172e1a6b8de65fbc6e9e77afda672d,5,55631,2018-02-16 12:33:48,2018-02-01 17:15:54,2018-03-02,14.0,-14.0,65.0,15.2
40a04a957d16272079fe83611c244ca4,f29a57242152dd7973de7bec76001aac,4,55634,2017-12-17 18:13:17,2017-12-05 13:04:21,2017-12-21,12.0,-4.0,34.9,7.78
d59858813df002a1fbbc21bf4f66e9e0,01835ef41c5ac66dd9ec6084fa1d0533,1,55680,2017-05-23 22:13:35,2017-05-11 21:36:10,2017-06-01,12.0,-9.0,56.99,15.15
d115ee1379827476f78e2e5b57413051,c1b4f595f1ad8978da4537431bfe143f,4,55696,2018-03-19 17:58:39,2018-02-28 13:35:46,2018-03-22,19.0,-3.0,457.99,17.96
29e2074bc5f98bcc150fe14a7c32d2d0,f9d90a312f7c442297e418dbf9564475,4,55705,2017-11-09 15:27:35,2017-10-17 16:03:38,2017-11-08,22.0,1.0,17.9,15.1
7d12e1d838a7ba25e9d41bb48898a890,4ece3211dc7b96c8b646fa8a727039e2,5,55727,2018-04-13 21:22:26,2018-04-07 19:57:43,2018-04-25,6.0,-12.0,16.0,7.39
cb5e1294008ff018702da56d0bd1eb40,b0a63209dc14e7fb6933c55c5fdaa044,5,55742,2018-02-05 22:53:15,2018-01-07 20:28:51,2018-02-09,29.0,-4.0,30.9,16.11
cb7238b5128b12f251b0d005f7fe29e0,756445ff67f2676d72ae774c8cb5b0f0,5,55744,2018-02-01 01:32:23,2018-01-17 19:40:55,2018-02-15,14.0,-14.0,175.0,36.55
eed242212b1a0f41cd79daaa14dd5d46,184097b43d72bf0d851d9b82e3164c6b,5,55801,2018-02-01 22:13:56,2018-01-29 18:40:59,2018-02-14,3.0,-13.0,49.0,9.27
9b0e89862fcb8419c30f3f290e770db1,76de574e14e58baded25a12dce8075c1,5,55805,2017-06-22 16:04:05,2017-06-18 10:26:33,2017-07-11,4.0,-19.0,89.0,16.38
e49459a8b00524165f4141ba3df54f65,3c5d259b3ebc0be37007e40161e87808,4,55812,2018-03-28 19:36:45,2018-03-16 21:13:49,2018-04-04,11.0,-7.0,165.0,13.59
d5995a3aa11a7325360a430d4cfb1be0,50d00c9680bdca4f471658f02ca144c3,4,55816,2017-08-14 19:53:33,2017-08-06 20:13:47,2017-08-25,7.0,-11.0,300.0,26.78
fe2a537fe5da01a190bdb10b30b8fe64,69264247c0a6cc0003e9c47fda4c4693,5,55831,2017-12-29 17:27:31,2017-12-03 19:46:19,2018-01-09,25.0,-11.0,45.9,16.11
0e7d8ef685801ffba6a6c5683854e392,d1b60751a74a563a60ea5a1ab1ac6969,4,55887,2017-09-08 23:53:58,2017-09-01 13:23:36,2017-09-20,7.0,-12.0,69.9,14.24
62841cb07cd25d34d2431f69abf43b42,07983cb4fc401b8663874432b9b14124,4,55896,2018-03-26 13:26:30,2018-03-06 20:38:34,2018-03-27,19.0,-1.0,69.9,23.07
9282ded7f0a6d337f2cca1285f79b1a0,cac62199ea603b63ffb529a162c596c5,5,55942,2017-06-09 14:42:50,2017-05-22 14:33:20,2017-07-10,18.0,-31.0,72.9,25.79
282ceced10ec141527b196ffee8a3399,54d84dc0eff0132dfeae935a6c27eb45,5,55953,2017-07-31 17:41:28,2017-07-27 11:45:11,2017-08-09,4.0,-9.0,74.99,11.73
216f59b46683ffe58bdca64770ac6502,925f43c2d4991e4360c5a7435c5431a3,5,55955,2017-04-10 16:32:01,2017-03-30 22:38:45,2017-04-24,10.0,-14.0,65.9,21.93
7292d883e3c46c0c9ee53bc3e1d4fb4b,07161bfb5748163ca6d0478bda1b0a5a,5,55968,2017-04-10 06:23:49,2017-03-31 21:18:25,2017-04-26,9.0,-16.0,17.99,14.52
d72e4f6458d54a926cd9197f98b80a7e,260d235e25b0be20b5688b8a76ae2f09,1,55986,2018-03-20 17:18:56,2018-02-21 13:28:28,2018-03-23,27.0,-3.0,38.9,14.1
e0459873d8d6bc6062097773fc21fe2d,5255f1faed117d0031d5f1c17d645d61,3,55989,2017-08-03 14:07:26,2017-07-24 14:12:00,2017-08-15,9.0,-12.0,134.99,15.7
cfc3afd1bc1bb2c4d47fffec623001b2,8046235d64b3479dfce835281a85c0d6,5,56003,2018-03-12 21:22:46,2018-03-03 21:20:20,2018-04-03,9.0,-22.0,36.0,15.1
5ea229689a99a45b59c3b41979c6dd12,7708348e3397bde852e5dade4c632d8e,5,56004,2018-02-27 23:33:00,2018-02-15 02:20:14,2018-03-07,12.0,-8.0,49.99,12.69
4478613ec0c9d35febddfefed9158e69,5d80f1568478295e280e48e5d766bb28,5,56051,2017-05-30 13:52:05,2017-05-22 08:31:33,2017-06-13,8.0,-14.0,132.7,31.68
daf6fe7bc9fe6a696240d636e78df952,711dc5c7f9864e658ee30f5122e40533,5,56057,2017-11-21 23:14:52,2017-11-09 14:24:42,2017-12-06,12.0,-15.0,69.9,16.25
b4a9433e898f37af353ec86f6e8682be,d2965251c0a29e28f3cecd7cf54d455a,5,56069,2018-03-23 18:12:49,2018-03-18 10:08:40,2018-03-29,5.0,-6.0,127.9,8.66
92996da257ae301246a98f173ec38b48,92b30d7bdeeac47d9fdea335ae0536b4,5,56103,2017-11-14 19:44:54,2017-11-07 14:07:03,2017-11-27,7.0,-13.0,369.49,35.86
27646807f1af08afe766309756ee7601,301c441176beabdc9ef015807d9290aa,5,56130,2017-07-04 13:32:15,2017-06-29 00:20:21,2017-07-12,5.0,-8.0,91.98,17.44
853104e560bd0e5b58c37ec5efac9059,733f26eccfda637ff829bb51444ac13b,5,56135,2018-01-10 17:40:21,2017-12-27 16:02:37,2018-02-02,14.0,-23.0,30.0,15.11
fd0e22030f6a9d3f47315b21cd3b87e1,cc57707ca30da62fcf5d00bdf4ea143b,5,56144,2017-12-28 16:38:45,2017-12-08 08:41:07,2018-01-04,20.0,-7.0,12.99,15.1
e48cdc2946c6b4ee90a149f3a38ea3dc,d74fca7ee2ce7587c45eefb0fea95ed8,3,56176,2017-12-26 20:44:50,2017-11-28 09:34:06,2018-01-10,28.0,-15.0,1050.0,49.0
600eb0e0d918b0bb31b18ea5ab79ffa5,1449e2bfe7a48a4534cd242f0d60e414,5,56177,2018-01-15 21:18:53,2017-12-30 16:52:49,2018-01-31,16.0,-16.0,235.92,19.22
f1ad242eef3808f28def2f868cd148c7,2b4da54d791ba338407fa772e336b880,5,56198,2017-11-03 21:52:12,2017-10-06 08:37:41,2017-11-07,28.0,-4.0,214.0,39.05
2cba150c591444ed245384d8e77675d8,a7236413cd736310eb6cba19e4f4c3d8,5,56208,2017-06-07 13:47:42,2017-05-29 14:42:26,2017-06-26,8.0,-19.0,339.0,17.12
a7560489bca66de6b6db40e4b49f8bbc,16d479a0c1dc7afd13f40f670ff94787,3,56218,2018-03-13 13:24:36,2018-01-24 10:47:49,2018-03-28,48.0,-15.0,370.0,14.93
630d569fee9f300cfbc52eaf4dfddfe9,82a35d13f3b95427d47aa11e4afde83b,3,56276,2018-02-20 00:33:35,2018-01-27 21:43:20,2018-02-22,23.0,-2.0,199.9,21.89
42926b826d4d3a3cb23806fa640d6bd0,2b4cbb171fffb2fac96f67bc9425ad55,5,56290,2018-01-09 20:29:51,2018-01-02 15:06:02,2018-01-18,7.0,-9.0,55.49,9.94
6f440f17cdccc20de4d0dd94ba824617,ccc4274862635573537b10ab2e055926,5,56302,2017-10-24 19:36:56,2017-10-09 15:35:13,2017-10-31,15.0,-7.0,195.9,16.12
dc091b5d54f7efbb4733deb12f10815b,0cacc6e732b7bc8f08cca2ba2604fb1e,4,56362,2017-10-13 17:45:05,2017-10-04 21:26:58,2017-11-09,8.0,-27.0,49.99,15.1
8a5f871b274f5d61c6ca3fa35c2dbf56,04ad6306c963b60d59a354f6cb9a3e13,4,56363,2018-04-03 19:22:57,2018-03-19 13:21:27,2018-04-09,15.0,-6.0,219.0,13.97
8d3ea5594a669a2801734e0cd9a2051d,ac5e42e77576b755d49cc3bb5db277d9,5,56373,2018-01-12 21:23:26,2017-12-26 13:17:57,2018-02-05,17.0,-24.0,65.9,34.26
bce7be0c4ed3ca2922cef8ac2423a5de,52cba627ccdd9b94ac5a9be42d31b58a,5,56432,2018-01-08 22:09:18,2018-01-02 20:16:58,2018-02-05,6.0,-28.0,139.0,45.43
3ff156b7d0e15892c76d091c0881b29d,1355bd6c7fa80ea43bdecab48ff8052c,5,56470,2017-12-04 20:49:08,2017-11-27 01:29:11,2017-12-22,7.0,-18.0,69.9,15.25
bcdef8ce4381c565dcad6aa49b98a615,8418eb39cd68b52032566797b8f1bd11,5,56518,2017-12-12 21:13:48,2017-12-02 23:57:52,2017-12-20,9.0,-8.0,156.0,8.84
3a43535b8e8dff67ff565d934272612b,6e6bacc052a79d14a6e7d015188bef50,1,56553,2018-04-16 17:24:24,2018-02-27 17:55:16,2018-03-22,47.0,25.0,499.99,22.99
cab81440840eca2847ecefe22eab3fc0,6f99460a3922c5c8fa61c49fa488a858,5,56559,2018-04-11 19:03:50,2018-04-06 11:36:30,2018-04-24,5.0,-13.0,80.5,13.0
8b40afea38292b4a7389ecdaa9e4c5af,cba1b88e10f4504583b2b9750ac67e03,1,56585,2018-01-20 16:23:10,2018-01-15 12:20:42,2018-01-30,5.0,-10.0,32.98,7.78
06a2aa03c5e09f5183af60ade51e67cf,c6fd86af2bbfc7aa0cc902eff1ead5e4,5,56588,2018-01-08 18:32:52,2017-12-28 12:01:05,2018-01-23,11.0,-15.0,109.0,13.78
7f95bb95c53c3911da3488b48fcf356c,1b7d6a3703a98513b60768df8d6c30b7,4,56612,2017-07-24 15:41:44,2017-07-05 22:40:50,2017-08-04,18.0,-11.0,139.9,26.26
2ecac56e26efa0b88dc2c77fa8b8aa42,c5ea69eb816127590a14c3d848e1679c,5,56632,2017-05-23 11:55:48,2017-05-14 05:55:24,2017-06-07,9.0,-15.0,45.95,15.1
42c45160a32dc065d129b454503c0658,09ea2181de5a14e01d90b6ff01835a33,5,56634,2018-04-11 00:32:31,2018-04-02 09:54:13,2018-04-18,8.0,-7.0,24.9,12.79
cbcc1eb9d17292e917a34a51bae09dea,bd095c62d90e92cb239dcbef7421f1ec,3,56643,2018-02-17 10:15:38,2018-01-29 18:47:16,2018-02-21,18.0,-4.0,34.9,15.11
ce2267ae0802ab999b4b133d8a9f2bdb,d95c203ba62b39ad3c3a2df8d5e7c052,5,56649,2018-02-27 15:34:06,2018-02-21 23:54:14,2018-03-07,5.0,-8.0,29.9,8.11
b94faa380910444ef2346a7a738b3667,4b543d559cb1d860ec4c814807001093,3,56653,2018-04-14 19:27:44,2018-02-28 11:49:03,2018-04-04,45.0,10.0,45.9,37.49
c67fd38ba9a8b793ed767ced337d2093,3c0a046b559b573fb30e2c6b041fd544,5,56684,2018-02-02 20:14:34,2018-01-19 14:06:36,2018-02-15,14.0,-13.0,54.0,15.82
c3a975bac961276057434e3016d7dcfa,10c5eb3ea9a23055a311c44022b574eb,1,56715,2018-03-19 21:44:33,2018-01-31 09:21:15,2018-02-16,47.0,31.0,38.9,7.78
0234abe22674d1798d6c3f95aea9033b,76de574e14e58baded25a12dce8075c1,5,56718,2017-06-22 16:04:05,2017-06-18 10:26:33,2017-07-11,4.0,-19.0,89.0,16.38
5b5dd7d52edca0a845aa074a673b3632,57faaa762a71e0603439c7a742527524,3,56734,2018-02-01 12:16:44,2018-01-17 15:54:43,2018-02-21,14.0,-20.0,181.0,21.76
0da2281d618e8e389d3718ffee00cc54,5210991b886c9005de084d0d4fcff0c4,5,56760,2018-01-11 20:07:34,2017-12-29 19:52:03,2018-02-07,13.0,-27.0,79.9,15.31
05a463036783fcb6f78c04581b6d38af,a60a341474b10163591c7c089b348584,5,56767,2018-04-07 15:51:49,2018-03-19 19:42:46,2018-04-09,18.0,-2.0,49.9,22.93
7bb3b00389d7f1bde2856212a203ea87,0714c5e5a4887535cbf5a60cbab73fe4,5,56784,2018-03-27 12:49:39,2018-03-24 18:20:15,2018-04-06,2.0,-10.0,29.9,7.71
833bbbc219cef3b77de0955cf0f191d9,8b789ca665189f9775d769aae16cf24f,5,56806,2017-11-23 15:59:16,2017-11-21 15:19:25,2017-12-01,2.0,-8.0,57.39,9.34
69698ae028b7e8862db709dd671ebed0,0ac51a16347f7a7497b799596ad5fab7,4,56834,2017-05-18 14:13:15,2017-05-08 13:05:01,2017-06-01,10.0,-14.0,99.0,16.94
2065b039c51486b4bec3f11a224ae921,bd06f0dd5f59d29468f92ccb45bec510,5,56843,2018-04-24 11:32:10,2018-04-11 20:41:25,2018-05-24,12.0,-30.0,39.3,19.32
5ddb195ab2206a456ec92b69d2119aca,18937b40506fdcbd3016fa5dea59cbd5,4,56886,2017-05-29 09:49:08,2017-05-22 21:06:38,2017-06-14,6.0,-16.0,139.9,29.77
5413c569e4ec14de4b8d3391d594c7d7,2d695e0d0fe5d863c921713fdc1faf7b,1,56939,2018-04-19 16:08:38,2018-03-07 00:39:30,2018-03-29,43.0,21.0,34.9,26.43
c44bcd1dcd2dfa3e1327896af27db804,e1171120e3b1615034d5372b0d3254a7,5,56940,2017-10-11 17:32:38,2017-10-03 17:10:52,2017-11-03,8.0,-23.0,84.99,15.34
44beb050e2cd0d25b27e32070ee656fc,ed2fd29485ba0cce066d8a1e5fcd8bbc,5,56951,2018-01-25 23:49:14,2018-01-22 18:27:32,2018-02-14,3.0,-20.0,138.0,17.22
f815cf61868be9cf498089e21a19b817,e5507d205012f77887831308321ac9e3,1,56995,2017-12-08 00:13:54,2017-11-24 23:49:30,2017-12-22,13.0,-14.0,194.9,18.61
1bac7fc8eb675dfd13069888e51d4678,6ac7c4ffe3878ed0702e5650d8dd6c26,5,57020,2017-03-27 12:15:48,2017-03-23 16:47:15,2017-04-11,3.0,-15.0,141.9,11.6
5f32d53a9c2c7675270009db7bba3085,11200294ab90161f54f7effdea8d9466,5,57032,2017-09-25 14:13:38,2017-09-20 12:26:50,2017-10-17,5.0,-22.0,89.9,13.65
e72cf8b533f357e0f46662fec9771651,5fb2e82d4258afcb90c79e2e6f0ac185,3,57070,2017-04-10 13:22:18,2017-03-30 11:41:08,2017-04-26,11.0,-16.0,171.0,16.9
060071f3538ada6cb8487401bba78790,c53d2f2ce4d10360456c69e19f991aff,5,57128,2018-03-05 17:22:45,2018-02-07 11:37:24,2018-03-08,26.0,-3.0,449.0,23.63
130ab9595613601a2c2b7c1df82b5a0f,57db3577cc4d6b5ab2b9849d29c3fc61,5,57156,2018-04-20 15:21:24,2018-04-07 21:18:46,2018-05-11,12.0,-21.0,48.9,18.23
979796059ea27642adc7624574f504a1,da8b28740e0c2eab5292d17c3cbb853b,4,57168,2017-05-25 12:14:16,2017-05-03 08:28:44,2017-06-05,22.0,-11.0,49.99,20.8
868c4827b9ab7272338ae1c95d192505,f22aed5c774f9d70037e26c5a4b691bd,5,57206,2017-03-15 11:37:53,2017-03-09 10:24:00,2017-03-30,6.0,-15.0,19.9,14.52
6b50a1c86b75347d9780edc40d28d5a5,9cd28af4a02dd368c02825e1bf9ea210,1,57232,2018-01-04 20:07:03,2017-11-25 17:17:57,2017-12-20,40.0,15.0,139.99,57.65
8b327ab8401476f3af140d5a53fba9e3,3bb3f2f93941b43b0eef5618c565d650,5,57284,2017-12-18 15:15:21,2017-12-05 20:11:25,2017-12-28,12.0,-10.0,79.9,12.06
c0458e97eb12f68f82d43e85019adc60,d631ccd9440f35c118e56f598ebb0261,4,57325,2018-03-24 16:44:34,2018-03-08 18:54:17,2018-03-28,15.0,-4.0,48.9,19.32
2723b5511c784f11434e242d25f65ae4,af66c46c49bdb3bf2f862efb1eb67d81,5,57326,2017-07-31 18:17:45,2017-07-22 19:16:47,2017-08-11,8.0,-11.0,48.0,11.85
0a2ed24716d2d9d0978d8d2547bd3cd1,50cb3b5a9be182d708715a0ea7d488b0,5,57347,2018-03-26 17:17:40,2018-03-14 15:59:17,2018-04-05,12.0,-10.0,24.9,17.06
45c51a554b4972ecc11dfbe073de8d4a,ea84febf2596b3e1a6f4c7eee0f05abc,5,57357,2017-06-28 15:12:42,2017-06-16 22:16:33,2017-07-14,11.0,-16.0,299.99,16.86
e185e6f21a22561a0aab0bb9ad19ebb9,b35b7430e23fa9b3ef7dee8daadacb75,5,57377,2017-06-12 13:05:54,2017-06-02 11:10:09,2017-06-27,10.0,-15.0,34.9,14.1
80abaa03b334ac0220f989337dd98ceb,3d5651800efaa81c9c96808ded6f145e,4,57406,2017-09-22 18:02:43,2017-09-16 19:36:06,2017-10-05,5.0,-13.0,64.9,15.21
a8563ef625a68c976729f524695bf7cf,f37d444498e3442d5896c6d98a89eb09,3,57412,2017-07-14 15:52:44,2017-07-08 09:33:41,2017-07-21,6.0,-7.0,69.99,11.73
608f5c3b37ef212cf6d0ff726068aa37,c8714809bc84ffb9c675dcf4a6455df9,4,57428,2017-10-09 17:58:16,2017-09-21 18:21:46,2017-10-23,17.0,-14.0,148.0,25.88
87aa40419e4e76ff0745d618445178b8,884199734cfb1a00ae1fd610a03e8a4e,5,57429,2018-03-21 20:47:32,2018-03-12 12:35:35,2018-03-29,9.0,-8.0,64.9,20.18
ec84dc49076fde7da266a85fba27b4e4,fb2396a74aaecef7121159fc69a5a7d9,1,57482,2018-01-08 22:43:59,2017-12-03 15:58:51,2018-01-04,36.0,4.0,229.0,16.35
1ed4c5032a3fe7106764809d24264aaa,0e64431c08745e9d2d789b9e6c8acf0f,4,57524,2017-12-08 01:52:14,2017-11-25 15:22:23,2017-12-21,12.0,-13.0,29.99,16.79
0cbc9687d5e2ba8faa9884a7f9bce407,c75e9a685439f75e990bcf13443f02c5,1,57526,,2017-09-30 16:28:52,2017-10-24,,,899.99,97.55
068bd27435d6e9af90ac72f336b7d0ed,1f56d6730df1a47e92e167f773c5f37c,5,57539,2017-04-15 09:28:00,2017-04-06 19:57:38,2017-05-02,8.0,-17.0,27.0,14.52
86e533291f6350426af5f81f9dcec845,0c228f37770f365a3d0e1f7493595e09,5,57542,2017-06-27 15:44:36,2017-06-14 17:06:33,2017-07-26,12.0,-29.0,89.99,12.13
6f8755b21d0a528b4f8a0a31a666d8ac,c43af0d27028ef826111663d8a3baa33,4,57545,2018-02-26 18:07:52,2018-02-12 11:10:56,2018-03-06,14.0,-8.0,52.11,11.86
c72c4e21a4510017a121321380d9d7e8,b8752fc264f1692031237bb715061cc4,3,57612,,2018-02-22 16:58:06,2018-03-09,,,59.9,8.27
629a83b85a131bc017dd8c31a2b54043,3fd2af7d4b0fee360bea3d4beb9d0418,2,57625,2018-03-13 19:48:54,2018-03-06 15:33:50,2018-03-27,7.0,-14.0,89.9,23.21
a053b38910f2ed7f224be2c94da639a6,3c220c0a8ae53cc9f24d007cb5b1a15d,1,57628,2017-02-20 11:27:55,2017-02-13 15:36:20,2017-03-14,6.0,-22.0,337.69,17.57
c42be1ff5781812a9f2671ee4e6fd5c6,bfca7413b79272dc5ed993b4e90c53ce,5,57636,2017-06-27 15:04:55,2017-06-19 02:03:15,2017-07-18,8.0,-21.0,20.0,15.1
f3683e1ccb832930718ac193a2072b56,0cb32545f515420d9f3cba2c55ae3c4f,3,57702,2017-11-16 22:09:06,2017-11-02 04:26:06,2017-11-28,14.0,-12.0,255.0,34.79
79fb8c04e97a544f7fc505b8af3a40de,b25081e0843bf437bc7ae7edf71ccb4a,5,57722,2017-08-07 19:23:46,2017-07-31 11:33:33,2017-08-15,7.0,-8.0,299.99,13.3
1c6c19813ce435872f268ea1ca49b00e,e5a8151b77b30febb4c0aec6a2f015b9,2,57723,2017-11-08 19:14:01,2017-11-02 21:17:47,2017-11-23,5.0,-15.0,99.99,16.95
718a99ea8a03974dea9ebde7f533c9cb,41c350b4fbc29efe17a778365a0a5d08,5,57740,2017-05-11 16:12:39,2017-04-30 21:10:28,2017-06-01,10.0,-21.0,136.9,21.02
599670563f06e690abeb83c6d80c0450,603e15b90edc4dbafc68def34a24d4a7,4,57741,2017-02-23 10:18:45,2017-02-03 11:05:08,2017-03-06,19.0,-11.0,59.9,16.12
3d7cb5e1cade7478b7591b7821b91fa4,5c046e4039e459e61961dce13fdf1d7b,5,57784,2017-10-31 18:48:51,2017-10-19 12:24:50,2017-11-08,12.0,-8.0,118.9,15.58
4642e96134b46f8747b258472f5068d6,8b56c0315e44af9a56cef82dce0aa443,5,57806,2018-04-09 21:38:40,2018-04-01 12:45:59,2018-04-19,8.0,-10.0,122.99,15.74
c0fb4380e0af526bf7d8e4e97082c9cf,567d581c34bed9ac50925ac1dc53b0c5,5,57823,2018-01-19 17:28:39,2018-01-04 15:39:07,2018-02-05,15.0,-17.0,129.0,18.15
6d81726f30f903095cdc61098cbb1997,4e797467960184f4812ea77710c08b05,5,57824,2018-02-01 17:49:52,2018-01-25 11:45:37,2018-02-21,7.0,-20.0,29.99,15.1
1274cea2877b96e6da9614bda6caa536,bf0f27a41317f65675192fae23e02a26,5,57828,2018-04-20 16:16:48,2018-04-12 22:20:53,2018-05-18,7.0,-28.0,26.5,16.32
5987f7705a76b9082c47a6bc82708ee9,dd49a987288a4d98ff61100ff35330af,1,57857,2017-10-31 18:47:56,2017-10-08 09:28:06,2017-11-08,23.0,-8.0,34.9,21.15
9da4bfb8a365b5f078b697366cb74953,57e7266082ceac10484f5aa2da2dd90e,4,57880,2017-12-20 17:17:05,2017-12-01 22:25:12,2018-01-02,18.0,-13.0,899.0,26.69
eab40a8269cd663ad14e04861ac96178,58b67f446540a1c1819147153c99297c,4,57913,2018-03-04 18:36:26,2018-02-11 13:41:56,2018-03-06,21.0,-2.0,49.9,13.37
53fcf7bb6b3358f6b19bb0ab6203e7a7,5bd6d7a2a88f8150d8fa5b7e9158ec7e,4,57944,2017-06-10 09:19:50,2017-05-25 15:11:45,2017-06-27,15.0,-17.0,160.99,24.0
93d2317acbf5a0ccd92dd059fe4dbca9,fa2fd7d7b1621c17e9a3e934e8e2f5a8,5,57981,2018-01-16 20:32:22,2018-01-14 20:22:46,2018-01-30,2.0,-14.0,25.0,7.78
cfaa17f2822cfbd9d6bab7a15a1e978b,e7ab20977cf6ea5cc4a63b3ecf897dd3,1,58006,2018-04-13 15:36:40,2018-03-11 10:27:45,2018-03-28,33.0,16.0,1489.0,22.86
4aa6f0eaf890a78775e21817f048e86f,3e03b1d83d3900b822663724a388a410,5,58022,2017-06-06 15:04:23,2017-06-02 09:28:25,2017-06-23,4.0,-17.0,179.0,12.46
fea68cb555efcd37a435d4051a64d45b,30eb73d30073a32e71dd71315e9660c9,4,58060,2017-12-28 21:17:24,2017-12-09 02:25:26,2018-01-11,19.0,-14.0,27.99,15.1
a01ff848833471c316d59673864b3e6c,c75f4211fdf83ec2f56c89a1f41bf3ec,5,58073,2017-05-18 21:11:37,2017-04-22 14:04:00,2017-05-17,26.0,1.0,385.0,59.23
65172425abbfdcccee4d4f399e85006d,4b8332fdbf824168f691498b79e5e556,1,58077,2018-03-08 16:51:58,2018-02-23 11:55:55,2018-03-22,13.0,-14.0,187.2,17.07
2d3402b0a2abfa26dc40875a94aff77d,300a0fb67e14c56475f361381f629060,5,58083,2017-11-27 14:37:43,2017-11-13 17:05:52,2017-12-04,13.0,-7.0,79.9,14.31
105434e9a5971a854f4df0e0ecbed892,335a3061e3498d0b3c574bea8973bb6f,4,58095,2017-04-27 08:41:48,2017-04-21 18:45:52,2017-05-11,5.0,-14.0,203.98,47.98
296d91d1c867cee88cb8e0fd76a18f04,81a3c1a0ea3b09bad9d4e0a6a3683f4e,1,58096,2018-01-04 17:38:35,2017-12-31 10:07:18,2018-01-18,4.0,-14.0,94.0,15.56
8cd7c0efbf94f802948a3f5ea4bc261d,455e1d46fddb5da406e019d2ad34462e,5,58149,2018-04-17 19:47:27,2018-03-25 21:14:19,2018-04-23,22.0,-6.0,80.0,52.69
af4ecd0c7b6fec628cfcc98be6c480d7,c8332aa7a15349000b30b596b50a98f4,1,58180,,2017-02-25 10:11:17,2017-03-20,,,249.9,13.14
7f95060d545fbd28f046c810965a2000,c40c104dd1bde11aba73864c16a42f21,5,58199,2017-09-05 19:32:17,2017-08-29 13:34:52,2017-09-18,7.0,-13.0,1200.0,32.85
7bb148116dbe76d346fe6808dd16fc1b,cc58d2040605eaadced18735aef5bbb0,4,58222,2017-08-24 22:49:43,2017-08-07 03:57:41,2017-09-04,17.0,-11.0,350.0,17.2
5ddc4b5b85c8be316d2fdf269e8606ba,4376d8f153985c918a99d7765693594f,5,58241,2018-02-14 18:29:46,2018-01-31 23:44:57,2018-03-06,13.0,-20.0,31.9,14.1
9d518864c77b6e0eccf8b0abfecae540,67d0c933fefa1c4ff65e800b8c8bf804,4,58278,2017-02-06 13:05:57,2017-01-26 18:04:03,2017-03-06,10.0,-28.0,26.0,29.04
a5679a7b17b8f8856ed79483f2a55de7,b3e176098b9f9f6122d37fa3cb06279b,5,58316,2017-02-14 15:12:22,2017-02-08 23:08:53,2017-03-09,5.0,-23.0,46.22,20.43
513467ba11452f19342736f3a0b8c46f,1e0fdb7395b6eab4335b7a41b88813e4,4,58328,2018-02-27 20:22:13,2018-02-25 12:13:36,2018-03-12,2.0,-13.0,29.0,7.78
9d4df216664d4a359e06c3c33901a7f6,14269dc23af0716ff6fb47c4ee069d76,5,58343,2018-03-27 22:37:43,2018-03-17 09:21:42,2018-03-29,10.0,-2.0,144.99,11.64
3d1cfab43165ed13ec7e0308d66f896d,bfb252b3dd3e56fde4d0c9a31618323f,5,58383,2018-03-05 22:51:50,2018-02-15 15:33:13,2018-03-07,18.0,-2.0,39.9,14.1
5a39a58b27cf5eccc49ce38a944cd189,ce44f44ee93f1deea42e493e84b5cd63,3,58391,2017-10-31 21:32:11,2017-10-06 23:13:21,2017-11-08,24.0,-8.0,119.8,35.34
312ed5a12a0eb43849413a43910c77f7,2e21f1cfb4d53ac6710fdd9956f35f54,3,58405,2018-01-05 22:11:22,2017-12-10 19:16:56,2018-01-18,26.0,-13.0,150.0,26.33
d7a0af54add39cbaf6aeeb811fdd1989,4c8519cf81f11a547256d84f97e82594,4,58409,2018-04-02 14:22:31,2018-03-21 16:06:48,2018-04-10,11.0,-8.0,120.0,35.47
cdc5bff197aa8e01aa155f2064549230,99ef3bde6a28c3a831215a21596b0d85,4,58413,2017-02-20 09:53:43,2017-02-09 18:26:58,2017-03-10,10.0,-18.0,79.99,17.37
f29407141663ca3eccb3eb487bfef993,2c70c146dab57932ffc2ffe38cd57d8d,5,58419,2018-02-26 17:06:50,2018-02-21 10:28:51,2018-03-07,5.0,-9.0,144.99,12.22
f57d5c312e8252e0c687b9294af7a066,fe6de2a2f0a13307c3b9718817d14c7c,5,58438,2017-07-20 16:39:57,2017-07-09 19:01:26,2017-08-04,10.0,-15.0,50.1,16.11
e8be36aeb6c9f79b021e84cccda48159,858dc2838532d6ec487b622925f25c56,5,58443,2017-05-22 16:53:06,2017-05-15 09:49:01,2017-06-02,7.0,-11.0,39.9,15.1
041b16f8532fff8f530d7361460a7928,acfac8c9f94e0be9caa5f1a39e946840,5,58466,2018-03-28 21:32:23,2018-03-24 15:25:10,2018-04-20,4.0,-23.0,45.93,7.87
895c9204504eaf3f52105868a225617e,08acb70a4f06f300068802d8776fefaa,4,58509,2017-08-02 19:21:54,2017-07-28 10:29:15,2017-08-14,5.0,-12.0,45.33,9.94
941944c073a413274b2d2d07be01378c,f6fb9f9b74dfe24666363e2b3dcd2dd2,1,58526,,2017-11-21 18:03:54,2017-12-14,,,129.99,16.67
9a7ddfd8647386fe784adbecef696ebd,2fac5c3079ed620f52665e540fc57d66,5,58532,2017-12-26 17:54:50,2017-12-19 13:39:03,2018-01-08,7.0,-13.0,55.0,7.78
e34fb2eab66d10dee1573de2ab369df0,42668f834ab1750edde339550084f090,5,58547,2017-10-17 21:29:53,2017-10-15 20:20:56,2017-10-26,2.0,-9.0,50.0,9.34
c9f7cc9a57058381bed9cb06470f18cf,952b0a1d898ae59226e8ae13f1ea4121,4,58614,2018-01-24 13:52:30,2018-01-14 17:28:18,2018-02-08,9.0,-15.0,99.0,17.94
f94557e610a4cee8241894f72d9a33df,e98de168acf11b1a80cea2ad5e8a5c61,4,58617,2017-07-24 20:11:53,2017-07-06 16:33:09,2017-08-07,18.0,-14.0,118.9,38.38
1a996da10fe9c78e10e3d39bf59d8f5d,1bd87f39c9bb8c699ef042b3e79ac18d,5,58618,2018-04-10 23:19:10,2018-03-19 21:19:53,2018-04-24,22.0,-14.0,129.0,54.65
be73f1f6aa0093c8ab5706df396b31eb,00ea690fe8c5eba029a3884243a02352,5,58623,2017-12-18 15:33:12,2017-11-25 01:49:52,2017-12-26,23.0,-8.0,32.99,16.11
a4480d6565048ea43ec25f519d540614,ae5d768eedbb1d0d2d3cf01e6b844739,1,58630,2018-03-27 20:08:46,2018-03-01 11:16:40,2018-03-21,26.0,6.0,135.9,18.2
045b17b98caa28d0bfd41e0b2b2f585b,4d348f6d947bef596a6e5e0d3212e8aa,1,58634,2018-01-27 14:47:23,2017-12-16 15:43:37,2018-01-12,41.0,15.0,41.99,16.6
2e92f58041809a7a053ea958245deb2a,70e51d3f5d7998b5e5dc66bf35d31425,4,58640,2017-05-16 09:49:40,2017-05-03 13:06:02,2017-06-02,12.0,-17.0,59.74,18.7
96944132792714de91e891abb833f362,ae035e1469cb0bf0ca6cd2a459277b9b,4,58686,2018-01-09 14:59:18,2017-12-29 12:37:06,2018-01-26,11.0,-17.0,219.9,18.11
99f9ec9e8ffb9200a0094197ef0d6eae,30a3bac324f40459c6d1a739bc811506,1,58698,,2017-10-17 08:28:00,2017-11-09,,,,
0189de4eed7b03143a1520bfe541138d,8aa1b241d97b02dbdb9a617b54added8,5,58729,2018-03-01 01:13:45,2018-02-22 09:40:07,2018-03-08,6.0,-7.0,75.0,36.62
e9530f1076b701ad117d0d1ddd6f6c74,92515c13ea7bcf398a6d73f2558f08fb,5,58761,2018-01-09 18:10:18,2017-12-30 12:47:40,2018-01-26,10.0,-17.0,299.99,46.6
409e7f220eeaed3b8fb29cfc25a9719a,be9ee147c9dd269d227ae37839d3493a,5,58772,2018-02-27 15:51:29,2018-02-21 00:49:56,2018-03-07,6.0,-8.0,29.9,8.11
c186f5764f555644ff167fee057cb1c7,b2119fc1abe3ce8896e2e0e951ec8d9e,5,58792,2017-03-29 16:54:01,2017-03-23 13:54:11,2017-04-11,6.0,-13.0,98.99,15.8
0a4ab3bdf59c243908bdfa4fb1c5f227,2d40e4509fd3b132931c957812969adc,5,58801,2017-10-19 18:34:05,2017-10-02 18:14:49,2017-11-07,17.0,-19.0,318.0,27.51
da59aeb26949e2a10019a76e248d9a8c,36d86e93a8ee82cc4a557ab486743d88,5,58826,2018-01-19 18:49:07,2018-01-16 11:57:09,2018-01-31,3.0,-12.0,199.9,14.51
475eeb3d78bb6e90fdf4e895e86d0f95,9fa33f47b8defffcb858b25dff6c55e6,5,58827,2018-02-14 22:51:54,2018-01-22 10:10:44,2018-02-15,23.0,-1.0,69.9,19.98
b2a4b4ee1157d7b5a66e2111bcdfba3d,f3a34019663003872f3892902d2b7b2d,3,58843,2018-01-19 17:57:55,2017-12-14 20:46:27,2018-01-09,35.0,10.0,714.0,82.02
28c8806520d9785561192c1deae5c404,8b5883ec44f905583a827ff06b986a6f,5,58854,2017-05-03 10:54:50,2017-04-25 14:30:56,2017-05-12,7.0,-9.0,381.99,37.66
5660d7a94ecc8e9cbe8945bcfb06e764,94153bbf95f273c5b6c342d2acc6d017,5,58857,2017-07-26 00:39:30,2017-07-10 12:19:09,2017-08-04,15.0,-9.0,45.95,15.1
86326f9d03d29514e4d73dcddc402237,36ea02534d94c9d58bbbd06fddb3fa9a,5,58873,2017-12-13 21:39:00,2017-12-03 17:36:49,2018-01-02,10.0,-20.0,89.99,45.09
a4adde9035892ede1d3eb4ab2fa6627b,7f54ad19b476573fb7bf3beb2faa6c55,5,58900,2018-03-27 21:22:09,2018-03-21 14:15:20,2018-04-03,6.0,-7.0,119.9,13.74
f3a8988353f2f8bc56b4797b794f38bf,d2c6f711025d9bb4a867edd51859f845,4,58912,2018-02-27 22:09:41,2018-02-18 19:39:36,2018-03-09,9.0,-10.0,86.9,13.63
60dc762be8268467d1052937be6c4838,9ecc7884797c901042fe3114f1e59f5f,5,58925,2018-01-03 16:16:36,2017-12-09 17:41:47,2018-01-09,24.0,-6.0,59.99,16.18
84969c4b6f851ee52cf5c84b00b4e5c6,9d0cec155db79a9147a0d80e5c7927c0,5,58956,2018-01-17 15:58:30,2017-12-26 14:57:27,2018-01-30,22.0,-13.0,269.8,77.56
863a0af2173345c34969675eecfc6194,70cd45f4715c8840b197efee2b9d533c,5,58957,2017-11-30 19:26:43,2017-10-31 23:50:58,2017-12-04,29.0,-4.0,135.98,33.36
6ca2937f94a03357106813cde7a695ac,423a4ec1579258ccf1267d7414246c52,5,58993,2017-06-19 19:58:28,2017-06-06 23:09:15,2017-07-03,12.0,-14.0,34.99,14.1
7b0516e7d3a69a293e586245cc4384f4,5a2c5c05a81bd6f430409c33079b43b1,5,59052,2017-12-27 19:16:48,2017-12-18 21:32:30,2018-01-18,8.0,-22.0,82.8,15.33
f7489c5c8a98beb5d3d129c9e2ebead1,142c8688b5b13e21ac5a448a1688b9d7,4,59076,2017-02-23 07:34:18,2017-01-27 12:31:05,2017-02-27,26.0,-4.0,299.9,27.6
a284e94a3799422c7a686c9c2928dc28,632ba34265b5449d1f742d24cacf1208,5,59105,2017-02-02 12:34:13,2017-01-22 21:50:07,2017-03-08,10.0,-34.0,209.70000000000002,57.57000000000001
9774df0a0a033e2e4f2740e81db1646f,8702ed75cfdc160f18e7e687371818f1,5,59109,2018-01-05 00:33:10,2017-12-14 19:39:41,2018-01-10,21.0,-5.0,144.0,18.26
5bc001cb00421350617cac302bd399b6,6afa0491e7c2b7661f8371616e639c04,5,59118,2017-12-01 19:28:49,2017-11-16 12:34:01,2017-12-12,15.0,-11.0,59.9,17.67
c615eca500f9790fd6e57a93fe39668e,a64857875df4362cca149374111dd6f9,4,59123,2018-02-15 13:32:26,2018-02-04 16:04:56,2018-03-08,10.0,-21.0,279.9,16.71
1c890cfaf2ac6342c423abb7a4199147,8988ef6f1858c7a5aa1615b42f874193,5,59129,2018-02-01 00:05:14,2018-01-11 14:17:19,2018-02-05,20.0,-4.0,399.8,43.78
e0dab1b87984f626025b7ceaa8b0a319,3398d0aab09ae1ec063d32622b15b1ba,3,59178,2017-02-22 15:52:25,2017-02-12 21:19:29,2017-03-14,9.0,-20.0,98.0,29.04
046045f9742036ad9b52c19b4e112697,4f9b6a9b3216925859301fc767b0fece,3,59194,2018-04-18 22:21:24,2018-03-26 13:16:17,2018-04-13,23.0,5.0,37.0,14.44
c2bf59a271141f1d0b304d47946c9ae6,682332c2474e425ea23c40848faa25e2,4,59214,2017-11-09 15:42:03,2017-11-02 15:43:52,2017-11-30,6.0,-21.0,169.0,15.93
14682a7eea43f34d1d53e11dcdea323f,13fd61236a6baeb00aba9df344275a78,5,59281,2018-02-06 16:48:36,2018-02-02 19:46:27,2018-02-20,3.0,-14.0,29.9,8.11
fddb3f6a4a626e58afe9b3713e11a6a7,f525c0ecd4bf2ca6f355b416fdea988d,5,59324,2017-12-16 17:52:07,2017-12-12 12:51:06,2017-12-29,4.0,-13.0,49.97,13.64
b0ce246b3b5fa7154906ad1df33d8625,17f124568e4923bc842f832fe7fa758a,5,59333,2018-03-09 18:32:27,2018-02-03 08:45:45,2018-03-14,34.0,-5.0,245.98,36.28
f81de5e65a2c52b06ea527d8a6720334,62df2a6e81f275396c8f6b0dbef9b091,5,59367,2018-01-02 14:58:19,2017-12-18 15:58:48,2018-01-17,14.0,-15.0,37.99,15.1
11fc2ad0a54927a06665ef840c02ea10,106bf10ecc74f90c8848d0f613288a15,5,59409,2017-09-29 18:43:31,2017-09-14 21:21:35,2017-10-17,14.0,-18.0,89.0,15.37
1d8072168c9820d0ef1298c642fc1f40,a4c0c3903b0f57f415ce5dc9d3bae784,2,59436,2017-08-09 19:28:12,2017-08-05 13:44:23,2017-08-18,4.0,-9.0,50.699999999999996,28.02
16d6a72b031bbcceca1dac7ca55e7891,ce6d6c97c681b91f6a645bf24c8da7ff,3,59450,2017-12-13 18:44:28,2017-12-01 20:36:32,2017-12-26,11.0,-13.0,154.9,14.1
af3502942770b66816214980c90249f3,d5e8c3df207679f1ae9da8bcb4a35871,5,59470,2018-02-24 16:38:59,2018-02-14 22:15:18,2018-03-12,9.0,-16.0,229.9,66.42
939d72bbd716740f47d8ddd6074f8ff2,3865b07872da3d5435a63e1a895cf82d,5,59501,2017-11-21 22:18:20,2017-11-15 00:16:49,2017-12-14,6.0,-23.0,150.0,20.0
90c556f952561d651a03be086336f709,46e8348ff73e64f24843a7d2fad9fcfd,4,59504,2017-03-13 10:51:50,2017-03-08 08:58:11,2017-04-07,5.0,-25.0,809.1,31.16
5d69f7c4509fd0df3222e86c060c9d0e,00f6dbc6195397197ee147ee45607a2c,5,59506,2017-05-17 10:53:02,2017-05-01 17:23:57,2017-05-25,15.0,-8.0,49.9,14.52
bece8ff95c7fc97fb56b4f99b9770acd,fcc99cd0e2e395ebfbc21ba1e33a178a,5,59531,2017-05-29 14:27:52,2017-05-21 07:57:40,2017-06-19,8.0,-21.0,229.0,17.23
a2ab1a3ae39be45f3bc5d2878133dd6b,eec4cdb15e74c35073cc163bfd9fa2b2,5,59551,2017-08-24 18:49:59,2017-08-20 22:04:21,2017-09-01,3.0,-8.0,29.99,8.11
1cd6c656dbd46abbaee4b5d9ed09931e,85a4fbdba48c815924115fb82330071c,5,59599,2017-06-06 14:55:57,2017-05-24 19:20:02,2017-06-20,12.0,-14.0,19.99,14.1
377ebf6997bb38a41dbc8e1413678269,d4bf1286601648f75bf89839e7991d17,5,59601,2017-07-29 16:08:38,2017-07-18 09:21:45,2017-08-09,11.0,-11.0,150.49,21.54
4135b214134e830299d38a6a3f56dc7d,49bd813b3976d7df68484922185f646d,4,59685,2017-07-24 20:17:34,2017-07-04 07:43:46,2017-08-07,20.0,-14.0,144.9,43.42
5c90405f469f7f0578d3e3dc2ac2c72e,90fd0d95d644b8e0123d395285746e82,1,59743,2017-03-01 08:34:41,2017-02-22 10:39:37,2017-03-21,6.0,-20.0,25.0,8.72
be6d0f3a7fd0d5ebafae9f92f869eee7,1c3cc69b45823b560a77c0d36740714b,5,59754,2017-12-01 19:08:56,2017-11-24 14:44:13,2017-12-15,7.0,-14.0,1149.65,22.8
7573567b0753a1468ffb5bcba087ce2e,b711b5dd3754e257032e9ecb01f70168,1,59761,2018-03-27 21:05:01,2018-03-19 14:06:29,2018-04-09,8.0,-13.0,39.9,14.44
d4d214f457f191e7a0bcc4f0e3d4d3d2,a65e0938a2f3dc167ee856d4feb33290,4,59766,2017-05-15 08:54:50,2017-04-26 14:19:21,2017-05-17,18.0,-2.0,176.99,37.64
c731d7ba315fd6056add3c85cb395ad9,e0e2dd62e7153d8f3f03e62b4b476392,5,59781,2017-03-07 14:33:27,2017-02-21 21:50:47,2017-03-28,13.0,-21.0,969.0,128.17
33c191071a7f56917331f5c40b625dd1,5404828155a6ed66ac6bb53e05525d39,5,59795,2017-09-25 20:36:51,2017-09-19 18:51:06,2017-10-10,6.0,-15.0,179.99,27.58
149cfc6c486937765923ba224623ae28,f7e4c800bc4e2657a17f2928328fb74d,5,59802,2017-06-07 16:54:40,2017-05-30 16:35:43,2017-06-22,8.0,-15.0,189.99,17.09
dedf28f0247e4b710528821715d1df24,935c371b7a2e36eb22eb8e1031186ec4,5,59807,2017-07-31 22:33:18,2017-07-16 01:04:02,2017-08-16,15.0,-16.0,35.0,15.79
c3544282db7a4fe5ded82ad77ab293ca,155ae5022b395750b8b77ba1b6e99242,5,59842,2017-11-17 17:32:29,2017-11-12 20:45:47,2017-11-27,4.0,-10.0,49.77,7.78
7d41f8269eb532a7f86290e33669b667,b174fa32929e4af3622213e835cfa84a,1,59849,2017-01-18 17:05:11,2017-01-09 21:31:15,2017-02-17,8.0,-30.0,129.0,22.37
d9a2e823dba542612ba6269896d378ad,60f16b97103e0807b8d60b9c76a95f5f,1,59866,2018-01-16 11:52:45,2017-12-02 08:48:54,2018-01-05,45.0,11.0,29.9,16.79
ebef49a106d23af09197df544fbd4add,ca4670b0ef79d3821a94001e51a0becd,4,59879,2018-04-06 19:47:48,2018-03-27 20:05:42,2018-04-19,9.0,-13.0,72.0,13.62
2a02b64ff6df86ef9893a8dc2b353094,80c3c4405891ad9ae20692b3546aed20,1,59889,2017-12-07 21:44:44,2017-11-25 13:53:32,2017-12-19,12.0,-12.0,98.0,35.34
106137e0a2f15e520fa76010ab871695,a0e4b2e02fc8b8fb212ac357f28ec9c3,5,59894,2018-03-05 14:05:18,2018-02-22 22:42:40,2018-03-16,10.0,-11.0,89.99,13.65
a4a18d59aa290b0d660477f599a1daae,c160f6700bd4211635ad29e7f0ae6626,4,59902,2017-08-18 18:52:33,2017-07-28 23:56:31,2017-08-25,20.0,-7.0,220.0,16.29
1beb7e2789898502f03dd1475b0fde69,7701acffdc4a67fac70f9ba0d45cdf41,5,59929,2017-04-04 17:36:29,2017-03-28 21:45:33,2017-04-17,6.0,-13.0,80.25,14.33
f43bee5a4c4b6941e7e30904b112b79e,c9f8b15e667ca2f541bf3e608b5c1192,4,59939,2018-01-18 15:24:31,2018-01-08 13:14:48,2018-02-14,10.0,-27.0,89.9,17.88
45dbaa6e4137e2627c29b9789b8b066c,4722880b47a0cc081c878a5a1ba8fc21,3,59941,2017-10-09 18:35:51,2017-10-04 09:10:06,2017-10-31,5.0,-22.0,8.5,17.63
c9a3f3ec82e99366c05f603261fe4629,3218aff04047889f8c6eaafbbcb4ea4e,1,59950,2018-01-15 17:48:41,2017-12-10 18:33:37,2018-01-05,35.0,10.0,21.9,15.1
2c275b34017a0d8684ea1cc9a020c8a5,6ad644c08b98d152d28f183097633d41,5,59959,2016-10-20 21:12:42,2016-10-08 04:01:53,2016-11-30,12.0,-41.0,49.9,10.96
f6c335135da8976ccad01449dd071334,dd1d5e5b6e4be8779186eb9cafd2f44d,5,59988,2017-08-08 22:06:32,2017-08-02 16:03:22,2017-08-22,6.0,-14.0,12.5,11.85
a06d0a0d40ccd5d5e6dd2fb452198cc5,49aa82d12066e455617693a42d2b8bb2,4,59992,2018-01-16 22:25:07,2018-01-02 20:58:27,2018-01-24,14.0,-8.0,15.9,14.1
bdf918a768f2a66c94f9027ddc52aed6,c5f424c38dfa71a2340c9a98e4d6f48d,1,60018,2017-09-06 18:17:43,2017-08-21 21:34:39,2017-09-21,15.0,-15.0,8.9,15.79
e86e842acdf3109e5251cb3cf26676f6,906a4ea26826c20b9b184b9e7c92c7b2,5,60028,2018-03-23 02:22:28,2018-03-05 13:27:02,2018-03-28,17.0,-5.0,228.0,18.04
556427e3202f4a666248887a017cf047,9e06e3dc3431cfc5d70126246373fbef,1,60055,2018-03-08 21:20:19,2018-03-03 00:53:10,2018-03-15,5.0,-7.0,74.9,9.74
988acb98ed4b88e8a09193c2df02a454,bd079e124423421864694666ae29277c,3,60091,2017-07-29 16:49:37,2017-07-20 21:21:53,2017-08-15,8.0,-17.0,19.95,15.1
83f6edbe4b16025ca283ef86889b4a50,8a8cd106c8e6e27e8832a3311755a9cc,5,60100,2017-08-24 13:24:34,2017-08-14 20:51:23,2017-09-05,9.0,-12.0,104.99,17.98
2b3bd177929f9a44cf4c8c8eab638f2c,6923051242694891e2f71ddc4eb93690,5,60105,2017-09-12 21:26:43,2017-08-25 12:33:10,2017-09-19,18.0,-7.0,69.9,15.24
06701927dd5ed2b33d5be200e7956d04,3affb32917f79ab66f26546e066fe5db,1,60133,2018-02-08 13:15:25,2017-12-19 20:25:41,2018-01-19,50.0,20.0,250.9,16.51
41edc7fa18592ac0dde7c5f7aabd7821,541a54e2a8381eb2797b40e7b1b255f0,5,60167,2017-11-09 21:21:51,2017-11-08 08:46:40,2017-11-22,1.0,-13.0,49.99,7.78
a35a174d61727af2336dea935b3a8de3,82a7cba8d70a10e7e0e44e41a30772f7,2,60176,2017-12-04 20:18:40,2017-11-24 14:09:36,2017-12-08,10.0,-4.0,13.99,7.78
aced6e6e204980703e6f147adec652bf,41367bf2808c24ee8be2b9709f5a3845,5,60222,2017-12-26 17:06:21,2017-12-21 11:47:07,2018-01-10,5.0,-15.0,119.9,12.54
9868533a30cfc5e245d2a50dda6d29f1,5d04adb20b546fc5628d3f926b5fe37c,5,60272,2018-04-19 18:44:51,2018-04-06 22:59:05,2018-05-03,12.0,-14.0,34.9,19.32
2a11a0349f41560338d86eac8a3242c8,c4d7d5a8e5e6c168142085d231c65b79,4,60274,2017-12-07 22:10:47,2017-12-06 13:56:13,2017-12-26,1.0,-19.0,1098.0,37.89
5475f270a8a341a0c48262e678dfe190,0115d160c5fbd758a139ff90821db60d,1,60289,2017-09-18 22:05:57,2017-08-29 19:14:43,2017-09-15,20.0,3.0,389.0,22.63
014be4712ce86e435b89b4c3e817900b,a212cde404c8177ad20508a28c282082,5,60296,2017-11-27 22:59:24,2017-11-16 13:20:26,2017-12-12,11.0,-15.0,128.9,18.15
2faa983ba934e520942c0b4e6e5ba034,a7f40c756eea5c4a37cc8f459df6b8ad,4,60356,2017-04-13 14:08:41,2017-03-27 23:22:29,2017-04-19,16.0,-6.0,89.9,14.8
6c592f1af0e9d96d4e86efce1ce8b01f,b7077d240d1449882a2aa143b428b8b2,4,60375,2017-11-03 17:04:58,2017-10-19 12:50:23,2017-11-08,15.0,-5.0,48.9,16.6
64eee85beae8aabac7273be57d3e1c1a,a5a76b3c38acb63a4d867b5f3f59f941,5,60427,2017-11-03 19:10:16,2017-10-19 15:46:52,2017-11-14,15.0,-11.0,31.9,9.09
d0f4a1dd4ca4b91a75311791903fcf83,bba6a2e9b906e6d432207b56db6b1452,5,60457,2018-01-26 18:13:39,2018-01-16 18:37:26,2018-02-07,9.0,-12.0,69.9,17.74
d2ae1de40fdace7428e716702eb44dc9,181777e7d3379b0f81d408dfa33487f1,5,60473,2017-11-30 18:32:42,2017-11-26 13:10:35,2017-12-15,4.0,-15.0,33.0,13.37
5bc8fff181a6b832062a05834b8e146f,7ef1629063a04bbeadf9410dcf689ef2,5,60491,2017-11-30 22:49:06,2017-11-20 19:57:03,2017-12-12,10.0,-12.0,12.9,15.1
266d02af62b7cf543b62d71e813207ca,271938f6ea0f9ca385690d01dc5c3423,5,60537,2018-03-05 19:33:01,2018-02-28 19:16:44,2018-03-14,5.0,-9.0,59.0,9.34
645ec573787add3a63c0d04138df8bd5,ef492dce2e07e7ca0f54bb9fb1aabda2,4,60545,2017-07-03 16:21:19,2017-06-28 18:28:34,2017-07-11,4.0,-8.0,11.99,7.78
ec03cc18869f8509f9d3fbe2d106cea7,5a8a4dc28b16fb90469ad749f9535773,5,60546,,2018-03-13 10:58:09,2018-03-23,,,298.0,23.34
877266e205f8c16e2aee7a4ae0df0419,a8761faebe02e29fb1af2239116807ae,5,60584,2018-03-23 13:16:49,2018-03-05 14:09:01,2018-03-26,17.0,-3.0,465.0,24.09
f9426917f0b5e7e7a96835e8c7b75c4f,d7ac124b50e54544b4cb85315b5f2793,5,60588,2018-01-19 00:58:26,2018-01-08 13:44:01,2018-02-01,10.0,-13.0,169.9,12.69
66fe69fdb5eae86c647dc698e2b45e02,50b12be3bc56611c2bfcc398100bc07b,4,60616,2017-10-02 22:07:39,2017-09-24 10:31:10,2017-10-20,8.0,-18.0,89.9,15.38
db356fdf3332f7c3c2bfd18c409a8d0b,757cda7c87b31e672c1f98dc9cfe86ea,5,60628,2017-05-19 10:11:26,2017-05-17 14:16:24,2017-06-08,1.0,-20.0,149.7,28.54
948654feaf0ba06f55958dc75fe2ac1d,4d9a297fbfa9ba6d8d70c06d4bec9ca9,3,60654,2017-02-24 08:12:33,2017-02-18 14:36:48,2017-03-27,5.0,-31.0,97.9,13.27
8090c5a012edfb29635bad1386d1ccf1,c35c0040e09990a95e79c617fafe8c10,1,60656,2017-07-26 01:36:42,2017-07-13 19:40:00,2017-08-10,12.0,-15.0,38.9,40.72
f8023db6ca62f1cf19716ebc40555aaf,633382b6e9abe0085b19aa12edaf7e08,5,60657,2018-01-11 13:27:11,2018-01-05 09:45:00,2018-01-30,6.0,-19.0,24.5,11.85
7963daba05cecdf6dd97d8227f737e7a,55aa5052d111a948144ba6bcbc4016ef,3,60660,2017-07-17 19:32:56,2017-07-11 19:38:14,2017-07-31,5.0,-14.0,59.9,11.92
2dadeae20a73a582487881de018e2659,7b53b94402ded889f5be8098bb6e2885,4,60671,2017-03-04 08:32:46,2017-02-18 01:57:33,2017-03-23,14.0,-19.0,739.9,20.88
96f13e1be252ee2805e023fb10483657,4ad21bf3605a58ee53dacbad7ddae5b0,1,60672,2018-04-26 19:37:26,2018-03-06 15:43:14,2018-03-28,51.0,29.0,45.9,19.04
c9aaeea201b5f1797c3d247225e68082,5af38cdf3451e948f042e40336b0082e,5,60704,2017-06-29 13:13:51,2017-06-23 08:45:22,2017-07-06,6.0,-7.0,69.9,15.28
71bfacefbbbbfd66d032a72287a23abd,af3f498fca7722127e186f59f88fc4c3,5,60724,2018-02-07 21:49:01,2018-01-31 15:13:42,2018-02-16,7.0,-9.0,49.99,9.34
5393c2ea903d663f7f9c55fa1f67654a,8e47a04b25d7a7075064e8e0bd2e0318,5,60732,2018-04-05 20:36:42,2018-04-01 15:25:27,2018-04-12,4.0,-7.0,29.9,7.71
8b4b7a00d65b0ef503996b196c052b7a,9264772e1e557706d0a81e9addf98362,5,60735,2018-02-22 19:50:23,2018-02-06 21:57:47,2018-02-22,15.0,0.0,30.5,7.78
1f715bc87c4b6e213ca4c21d11d2cf4a,f3b96845efd71daecf6b331fb3a9f537,5,60738,2017-12-09 11:56:34,2017-11-26 20:59:24,2017-12-18,12.0,-9.0,49.0,13.44
45138da5bd7501e2b44316e2f8b91f63,40c42d9f9f9e938bae28e7716b4a748f,1,60753,2017-12-20 15:15:00,2017-11-28 23:16:56,2017-12-29,21.0,-9.0,45.9,16.11
e208695c5e2a976670986d7b2fa41acd,fe4979a6778e2fa4ae731cbe532d30e0,1,60770,,2017-11-26 13:36:00,2017-12-19,,,89.99,15.39
73de9271265ccfabb646808b8c7262e5,a8cf8e962c524adf2aaedc5a876d0ab6,5,60790,2018-04-11 22:08:07,2018-04-05 07:53:49,2018-04-30,6.0,-19.0,148.9,18.87
6700dc3f3f68e1acdc0de8f368f9da1f,247c317b5fb8366262f84e1a5e99dc22,5,60808,2018-03-20 18:57:32,2018-03-13 18:04:21,2018-03-29,7.0,-9.0,53.9,14.47
cebe44db26ccda10468c3a23ecc9106f,9984214090d1d769bc272b874c88ce4a,5,60830,2017-04-03 22:46:59,2017-03-27 09:29:30,2017-04-20,7.0,-17.0,34.9,11.74
b1216c817224d380bc7c9ff415f6dad3,28136596c0ceb5c43000c1776348b72b,5,60847,2018-04-19 20:19:20,2018-03-13 06:48:40,2018-04-19,37.0,0.0,199.9,63.2
506f32953da5ad22161ae4995b5873d1,24523db64c1af3f40f27cb4416fa5ea6,5,60854,2016-10-20 00:47:34,2016-10-07 21:19:32,2016-12-01,12.0,-42.0,132.0,15.08
73df966431ad35413a13693716880d69,b7500da4a02eac89b7dcbeaf4efaf00b,5,60876,2018-01-30 16:22:47,2018-01-13 15:14:06,2018-02-16,17.0,-17.0,86.99,17.86
28a332bb894607d759398e88e65bd044,4f8fb49bd955f713c79333a0a2d9da57,3,60896,2018-01-10 15:36:43,2017-12-26 11:50:49,2018-02-01,15.0,-22.0,599.0,73.41
edf0db3607ec113d9c0cdd0fd0e14b8d,5e8c4235c5941812c1831d835ae020fd,5,60905,2018-04-23 15:42:04,2018-04-07 20:39:43,2018-05-02,15.0,-9.0,129.9,18.79
bfcfb2f57496fc0a075630883d915338,0cb617c8bf1a34cf77947ac7d8b393f0,1,60916,2017-03-13 21:15:00,2017-03-06 00:52:32,2017-03-23,7.0,-10.0,49.9,10.96
8f9d59583b7a7de7fd56c517a9a8f6bd,89df20c6ed881fc9d841a717c76a212b,5,60979,2017-06-21 18:06:29,2017-06-16 10:33:12,2017-06-29,5.0,-8.0,31.9,8.11
05a556c0d46f3c9af764ffe4a2dc7f79,738a743a02fd55d22839341f0d696e4b,1,61009,2018-01-26 13:04:16,2017-12-10 19:30:45,2018-01-04,46.0,22.0,87.85,13.63
e3d5290126ec59ac48edfd8dfe5035ac,87d24c5a20d8d416def2c6ef81d4045e,5,61017,2017-07-31 20:42:07,2017-07-14 10:37:08,2017-08-15,17.0,-15.0,125.9,39.87
04f86667398b295918409bd08f9e44a0,40c4ddc2d5c871c28df2d3f804f02340,4,61023,2017-08-09 21:46:18,2017-07-24 09:04:36,2017-08-15,16.0,-6.0,72.0,65.31
a83011f37c427787c0f3b0a65984baaa,441596a9fde121f33c360d9c9ecae437,2,61035,2018-04-19 17:41:56,2018-03-19 17:56:17,2018-04-11,30.0,8.0,47.6,44.12
f337dc92fa54c9fa0d1bd722594e4f8c,7fcbbecf54e494a7d5a39799686b289a,5,61072,2017-08-16 20:03:22,2017-08-08 20:42:39,2017-08-30,7.0,-14.0,76.99,17.79
a324e2993e5b0066052397a2acd046b5,0f17366db3415102c789999a513bbd35,1,61078,,2017-11-16 13:25:07,2017-12-14,,,169.79,15.95
ca066ddee5978b04ecbd8b7155b21291,42e69ecd0778c6ef53d99623cb1f3b9c,3,61090,2017-04-28 17:35:12,2017-04-13 19:41:54,2017-05-09,14.0,-11.0,18.9,14.52
6dcb2e81f01add17653841844c75dc4f,79632fd4663d3f0ff7dee9ac7a31a43a,1,61098,2017-12-26 18:25:50,2017-12-05 21:57:17,2018-01-04,20.0,-9.0,59.98,32.22
fc1f3fac69658f03dce074453c12c4b2,11579a4d945640c5c3a69f93c0986982,3,61107,2018-03-13 20:04:37,2018-02-28 17:02:34,2018-03-27,13.0,-14.0,58.99,24.96
b23af5c11c15feb88199d109e82eb772,f2c9428d2c7720cb4e9f2a9634673ce6,1,61127,2017-12-27 21:06:58,2017-10-22 10:17:43,2017-11-10,66.0,47.0,138.5,17.38
e6b0c29df14a9ad54ee99d001e736250,590472757d28d7b3dc2440d99ad750fb,3,61137,2017-06-13 16:10:22,2017-06-04 02:56:42,2017-06-28,9.0,-15.0,153.78,12.58
1d51eee968fbf04bf775a8d2eca73b7d,f88fc67d4fe4e1a6d2865c88c5c36bf1,3,61181,2017-10-27 19:36:41,2017-10-21 09:55:35,2017-11-10,6.0,-14.0,13.99,14.1
7f32dcc3d83e2909e0f6fba2df0744ff,f23cbffef931c76fb5231f8b292d457d,5,61182,2017-05-26 19:38:38,2017-05-09 23:19:29,2017-06-06,16.0,-11.0,59.99,16.99
5b8befaccafae537c5976791464ce45a,3ae126761938741db80da6163567b03d,5,61209,2018-02-27 17:48:39,2018-02-14 22:22:23,2018-03-21,12.0,-22.0,299.99,18.58
df7cf7e5408bb6b56863a21966ff2547,ca7c7cc82b6d5531b6ff87a7e232357c,1,61219,2017-10-18 20:13:47,2017-10-11 14:36:25,2017-11-07,7.0,-20.0,147.5,16.79
6e654f6e26413a3111051deecacf10e8,cecc2adb5fc43cab2bebdc7c23906c0d,5,61349,2017-12-14 15:00:09,2017-11-28 12:15:01,2017-12-18,16.0,-4.0,238.98,14.01
7121241127367be4b10edb2450c1b50b,4e5fc24885f6bdf62a3179c0b6fd302e,3,61369,2017-11-16 17:12:58,2017-11-06 23:09:55,2017-12-01,9.0,-15.0,72.9,18.08
e1bdf0f508446b47268176fe2c91229b,484dd80590c70c987e3f3a2690673090,5,61387,2018-04-24 22:46:45,2018-03-20 15:19:46,2018-05-02,35.0,-8.0,319.96,291.72
5953f52b557af98c07c3bf0a969bc0e9,02fafd9313d5274736b9740f23006a8d,5,61391,2017-11-29 20:23:09,2017-11-19 02:23:45,2017-12-14,10.0,-15.0,301.0,17.87
f457e0be412df7693458b7378ec0b523,d19772e154f0929b89a1dab65648767b,5,61397,2017-10-23 20:17:29,2017-10-05 19:12:29,2017-11-10,18.0,-18.0,1599.99,43.65
3939144d72b18dbb9c0041ae063e750a,9bfc2f3d9f6bdb2f0222e3220a7385f6,5,61405,2017-11-28 23:27:48,2017-11-19 18:19:35,2017-12-08,9.0,-10.0,139.9,14.73
cec2e36d1bbd1f44c3658c8a4307ee0f,fe5d1d5631625db883840eb3624f7a22,4,61450,2017-12-29 23:45:12,2017-12-27 08:56:52,2018-01-22,2.0,-24.0,76.6,12.04
f4e3ffa46bb57bdf51f1b8d380c0a331,c71179b21d4babaea70ded4969cd664a,3,61460,2018-01-18 18:52:19,2018-01-16 16:36:09,2018-02-06,2.0,-19.0,62.8,23.57
bf1b56d46fd9aaa4311992a9a7ff61c4,fbb12f53a3985ca2a92e718f7b6a8162,5,61473,2017-10-09 13:45:28,2017-09-21 13:40:39,2017-10-25,18.0,-16.0,76.9,28.94
9d062a95ce2cb0dd18135d858ce1bea1,65c863d90026e9dd4888e28d2135c983,1,61489,2018-04-06 22:03:37,2018-03-09 19:43:32,2018-04-03,28.0,3.0,53.9,22.96
037a5ff21293569136b2f9d36428311a,bc7de131c11fe08e0311312624e2d752,2,61536,2017-05-08 16:28:09,2017-05-02 22:26:38,2017-05-23,5.0,-15.0,249.0,13.13
e45000095f71aad91931aad12ef2c538,7d9bff34ab96999cbb7b18cfe622c731,1,61538,2018-03-29 18:22:44,2018-03-01 23:45:15,2018-03-26,27.0,3.0,49.9,34.15
fa2d523cc60173d4889520763a2e4851,001021efaa8636c29475e7734483457d,4,61625,2018-03-08 20:06:33,2018-02-27 09:27:14,2018-03-23,9.0,-15.0,49.0,15.1
f5f95d357bee9d52139f9d58a456db36,fe51eca8b5e241e101a5bc2e9720f877,5,61701,2017-08-05 13:53:48,2017-07-30 03:01:54,2017-08-11,6.0,-6.0,29.9,9.34
b5808dec10427a8a43c4ded6036a8413,b93e3a733006e1228ffb0f8a5550e9ab,5,61750,2017-11-13 19:57:27,2017-11-03 18:19:38,2017-11-23,10.0,-10.0,91.8,25.38
ddef125acff866a2972e33582e3fbcc1,1daecbe2a13ab0881c418e978f1e08c1,5,61769,2017-10-19 15:32:12,2017-10-18 12:36:56,2017-10-30,1.0,-11.0,194.5,46.69
0336f2afe07b9a60efc34e9c4bc09fde,df65602000ffdf593af0979d8c8a8544,1,61798,2018-04-19 22:03:46,2018-02-22 13:04:20,2018-03-20,56.0,30.0,324.0,69.24
36f6f70dc5e67e8e43b109cae0e92d40,1462290799412b71be32dd880eaf4e1b,4,61818,2017-08-29 19:35:06,2017-08-19 14:06:58,2017-09-15,10.0,-17.0,29.9,14.1
d9399b01d48de8b4f1e365e2a0d3bf0a,aaab96ab260f2839451f9c2839d59109,4,61907,2017-10-18 23:13:52,2017-10-04 21:41:08,2017-11-03,14.0,-16.0,104.0,17.98
0cfb878c3b372135b29ae37c6aeacc7e,5e030812d8c91d9cc0bdf07298bbb612,1,61913,2017-12-06 21:33:03,2017-11-24 11:22:09,2017-12-18,12.0,-12.0,99.99,14.29
8aa8ed3bdb982ceb298961ad0b3c82da,f97ceada945c2f47998a4005f87f475d,2,61939,2018-02-28 16:49:02,2018-02-03 12:11:03,2018-03-06,25.0,-6.0,49.0,15.1
b2ad1a36ec4fdd9152f87cc6c8d9becf,e972859dd2d7d7681b40ecd41a465361,4,61943,2017-09-12 20:54:46,2017-08-31 23:08:31,2017-09-28,11.0,-16.0,59.9,17.67
7eb5d8e6c3915c86958d7d7be6b1c95c,3495837ea2ea4a98c76ca37122b2a933,2,61961,2018-04-12 21:27:19,2018-03-08 15:59:13,2018-03-27,35.0,16.0,92.34,18.23
14cc35cd0b55712a2d9f9ba946b22b23,c69c8612c1fa919f232d370c41cbffd7,5,61965,2017-05-03 00:09:39,2017-04-19 08:56:39,2017-05-11,13.0,-8.0,49.99,14.52
fe03c9dd303203e2394788271b4512ad,5a85e924259fbcb51878c4fd7182b252,5,61993,2017-10-16 21:19:52,2017-10-08 19:00:45,2017-10-31,8.0,-15.0,340.0,23.22
3b97107dae9c081922c1bd0cf4580bb0,de043cb17ef1ed9caf701f28478dfdfb,5,61996,2017-11-20 22:03:02,2017-11-14 22:54:31,2017-12-04,5.0,-14.0,9.9,11.85
399a130e3e2e8fd9b1fa02dc8e6b7b41,11644b89c9bd9d27b1c1fda5307844d1,5,62003,2017-06-23 11:52:09,2017-06-08 16:15:15,2017-07-03,14.0,-10.0,139.8,28.48
81b3d45fd350ffd436d8efdfd8e18866,d55cd104a6a05987a3b55d39c0e77995,1,62005,2018-01-16 17:09:31,2017-11-29 18:34:29,2017-12-27,47.0,20.0,266.0,42.84
ae307514fabbf7802288c1e7a5ed67ce,9770c3f4247444a2eee4669344bc4955,5,62013,2017-05-09 08:38:06,2017-04-20 09:48:42,2017-05-12,18.0,-3.0,31.0,14.52
5052d3112f72f1604a69984d03cb4f7b,67f2f913bb16abed933504fb19d4ade4,4,62031,2017-07-26 18:03:23,2017-07-19 19:54:51,2017-08-10,6.0,-15.0,25.9,17.6
5e3c9cd7b3b44b8a5648661b36124c5c,598b41f7e6530d25a72da2cc18223cf7,5,62037,2018-05-08 13:41:40,2018-04-06 23:51:05,2018-05-18,31.0,-10.0,18.0,22.85
cab5d8a29a10ae168bee1ab0b07760a4,2057a9d9d1c17e9a230010d67164fe31,5,62043,2018-04-12 01:32:41,2018-03-28 10:59:13,2018-04-26,14.0,-14.0,78.0,38.84
32cea6d22c3ad0f41b0434a00dff423e,e077d52f6cbef7bb5e3e3e147e44a189,5,62100,2017-11-28 17:04:42,2017-11-05 19:45:10,2017-11-24,22.0,4.0,49.9,14.1
06f17eaa9c026e47b1ede9430c12fe9c,c0bfe4e5019c615b222f764dc9c20f51,5,62103,2017-08-30 18:58:11,2017-08-27 19:26:46,2017-09-14,2.0,-15.0,59.9,11.92
75f0b9e92833e07c616a07a2061689e2,900b219f880b29fe2643dfcf67b73595,5,62140,2018-01-22 22:56:57,2018-01-10 18:49:37,2018-02-16,12.0,-25.0,188.0,17.76
d2e6274f84d8dcaedf36b59604409488,826a93df8a62b6ce26a14ebd2fc0e93c,5,62205,2018-03-18 18:22:36,2018-03-10 19:20:48,2018-03-28,7.0,-10.0,151.9,17.97
e5830cec107602dc4c169d5d24ea16cb,e4e7ac3eab5f637e1bbe465706a9e806,5,62248,2017-07-12 17:53:58,2017-06-23 21:39:52,2017-07-20,18.0,-8.0,54.99,17.63
a4f8513f2051235d2ef8843434dd1232,8a49984afb76dae66f3810e1b7093ec4,5,62270,2018-03-14 16:52:13,2018-02-15 23:27:21,2018-03-20,26.0,-6.0,89.18,27.16
f36a27bdb5dd36480261e320e33cefd8,1cc788ba1c0fa91ed3d7bf5a45a203a4,1,62308,2017-06-12 11:18:00,2017-05-22 09:50:03,2017-06-06,21.0,6.0,329.99,10.5
bd1dc798e996e9c79309d7dae01a253f,71ffc719d4d2f2dd4f358a699fe72fac,3,62326,2018-02-20 23:42:07,2018-02-01 08:10:40,2018-03-01,19.0,-9.0,149.9,23.37
2e1f1ecd46748d5f4ab7f0f027891b1f,a68dcfa331c5289cc9a15c24e3c1e476,5,62342,2017-11-21 18:38:36,2017-11-09 00:26:50,2017-12-08,12.0,-17.0,149.9,23.92
216ce7b283db5d05e5f41711f91f7a7b,e70ea1b2475bd2acbff5e2f7f8968ca8,4,62368,2017-04-07 15:23:42,2017-03-20 12:26:01,2017-04-27,18.0,-20.0,179.99,43.67
2becb68cbc926f2284402f80ab6d1766,941d226d049bdb705438d2df05047b54,5,62370,2017-10-05 14:52:47,2017-09-21 22:27:12,2017-10-25,13.0,-20.0,35.0,15.1
ca262fae82c284b64e69f9320a4d6d01,7122be37b1b21797619ed0a6cf64f043,4,62381,2018-05-09 22:47:31,2018-04-09 21:35:35,2018-05-08,30.0,1.0,1190.0,178.11
0c3c96e7c91b2c3044278861f50a9332,e928f5fbefb30f228db4678d9222b231,4,62392,,2017-05-12 18:09:07,2017-06-16,,,27.9,15.1
b4c2df98dfbd8282a1b02b207503a0ab,7533c29b86f583d04968e271bf52fc3e,4,62400,2018-01-25 16:08:44,2018-01-17 02:18:14,2018-02-07,8.0,-13.0,39.99,11.85
e9b41f2adca86f48ce2b9e75698d288c,26ba0c1bad97bbfdcc4419e3ca40d9a8,5,62404,2017-02-07 08:33:38,2017-01-31 20:17:34,2017-02-27,6.0,-20.0,76.05,15.79
6bd1bfde20db7089e63f83a086ecdebb,e813a30360cebcbde709b43acab13bda,1,62434,2018-03-02 20:38:54,2018-01-25 22:09:06,2018-02-21,35.0,9.0,21.9,14.1
e62ad40b2a73e3f0863e1da2d1a7f435,780ad1f62e8addd660006ff0a20c1e57,3,62464,2017-08-30 22:48:03,2017-08-18 18:13:06,2017-09-15,12.0,-16.0,59.9,13.44
5adf63b4b619ced567f8d60d72d1e87f,7068aef0fc98a8ad539101be36ca41cd,5,62515,2018-01-22 16:41:27,2018-01-08 11:55:51,2018-02-06,14.0,-15.0,85.0,16.84
d196623c0c8a3e59a58edad192f2151e,1e4ba03d696d7e2a105b4f5d5d68ba5b,4,62574,2017-12-04 21:54:51,2017-11-23 15:21:55,2017-12-20,11.0,-16.0,139.99,19.52
43261c68e7de1a484927470bb048585b,9a5d120ae552d50b367cad2bbd87caa0,1,62592,2017-05-29 09:25:51,2017-05-07 16:18:17,2017-06-12,21.0,-14.0,239.98,46.32
2f9108d339e57994144b70b783d9ca1c,aab057eadca2981f30e045529272020c,5,62631,2017-07-21 18:03:59,2017-07-11 20:54:38,2017-08-04,9.0,-14.0,239.0,69.82
dcc9875c27853dfffe82569b2cdcb3e0,4b5e7707371fb7f696930fc47efff1f0,5,62635,2017-10-24 19:10:27,2017-10-16 22:52:33,2017-11-13,7.0,-20.0,143.0,38.55
370daa2c8519f9c0f1c3f3a89a3e0958,6d80b0865b3140d16b2ddca281931566,4,62652,2017-04-20 13:27:23,2017-04-08 05:57:27,2017-05-22,12.0,-32.0,17.9,16.05
d7ac27d74fe4b7c8efa0f3539fbee647,20d120b5a95a60c3d599810d5ee01c21,4,62670,2017-12-09 13:38:42,2017-11-24 12:49:13,2017-12-19,15.0,-10.0,49.95,11.85
f42872e3a67c881819d17e85ef820ddf,be3447fe3a05a18c778da31eed242c6f,5,62685,2017-09-05 18:43:02,2017-08-22 13:52:22,2017-09-18,14.0,-13.0,89.99,15.38
009e24bd86b93b700e4eb03f283ad4ba,587379acca182c8e157e4dc7c8923131,5,62687,2017-09-02 13:20:25,2017-08-15 10:12:12,2017-09-06,18.0,-4.0,201.8,30.91
48abcacd0143e2ff8d6ade11d1e867d7,98851e1a5afa44197e521fc8656fa598,5,62688,2017-10-11 04:43:53,2017-10-01 17:52:59,2017-10-30,9.0,-19.0,182.99,18.85
7c5687a8af2aa3b9c04f104abc94ae6a,9a259797098595401e84f676d0c57320,3,62691,2018-03-23 18:04:12,2018-03-19 19:37:39,2018-04-03,3.0,-11.0,79.99,8.91
29a381e6cc75542d431573d2de0f3fd0,894619d2fc0479d115a9bd72bfa0df34,3,62699,2017-07-04 14:22:49,2017-06-24 11:59:58,2017-07-18,10.0,-14.0,54.9,16.14
0887417920cb0ddafd6ad68f3d48eb88,bea86cb4ad19aaeb7bb4bd8f06066c03,5,62722,2018-04-04 20:49:07,2018-03-25 19:15:10,2018-04-18,10.0,-14.0,56.89,18.28
0352795999e3e020761ccb6cf5d5ba35,ae9991942f891857b982c018af448696,4,62724,2017-03-02 10:27:54,2017-02-15 21:12:40,2017-03-20,14.0,-18.0,99.99,33.0
87e17e2c7fd570b429ae94442a2ab1f0,ef66a4451c6f9f04d3656be7e9034f1c,1,62743,,2018-01-01 20:40:57,2018-02-02,,,129.9,16.35
16c5d1c797108735a2c342606e99bb24,7f52fe36580dffc15fb684d226b12f32,5,62763,2017-09-22 16:34:59,2017-09-12 17:33:41,2017-09-29,9.0,-7.0,65.9,16.71
fa46150f177807afa3240d56b9a9228e,8291cbcef6e19c8a7926f95f5e38c6e2,1,62766,2018-03-12 17:48:50,2018-02-16 15:49:08,2018-03-19,24.0,-7.0,84.0,12.72
7470b064671c574d044c546869354656,ee5e794b783fcf28dc28ff987a6f08b2,1,62773,2018-04-11 15:44:43,2018-03-09 07:40:46,2018-04-02,33.0,9.0,78.9,26.63
a44e4338ae942562781067dcb4ab1c85,6b256beca574a0dfeb3cb16afb216061,4,62785,2018-02-14 13:04:05,2018-02-03 18:07:36,2018-03-01,10.0,-15.0,46.4,15.11
d10c5f0e60868ac9f491f8ff0f2cf2bb,010ab3b1993057e91f825c672375a66d,5,62798,2017-03-02 14:06:14,2017-02-20 08:19:21,2017-03-23,10.0,-21.0,139.9,15.15
c4fa7533121c0927528689bf9254ffe8,04a5e3a44cf4310b56f1a18f38f103e6,4,62835,2018-02-01 15:55:39,2018-01-19 03:33:15,2018-02-09,13.0,-8.0,29.0,14.1
1d90dc444afcaaae38dd84ab89d982d6,a0bd30e5d025046a3a4bc67e02ca6a3a,5,62864,2018-04-05 17:32:21,2018-03-20 07:41:45,2018-04-10,16.0,-5.0,19.9,13.47
6d868b704ed27cae5754c3b61572c734,062e658558167913d261c1089bf9357c,5,62874,2017-06-14 18:47:50,2017-06-07 09:12:50,2017-07-12,7.0,-28.0,119.95,33.29
2b2d4f425411366d9d05809c2709d498,0e8b6c11a73010fcf68119448a6182cb,3,62877,2018-03-16 13:28:28,2018-03-14 10:56:58,2018-03-28,2.0,-12.0,159.0,13.55
7be0bd72fc71a376c439825e3d3390c1,5f8f11858f0aa38dd3dac7d851aced95,1,62893,2017-11-14 19:05:08,2017-10-11 15:12:34,2017-11-09,34.0,5.0,18.9,42.38
f9c438e9b52fa0bc0729f96c869dff76,c96e52fd91fc51921c9ed964b468d9e3,5,62897,2018-02-06 23:59:37,2018-01-22 18:15:21,2018-02-15,15.0,-9.0,44.9,17.6
1f93430f3c1a5362ab34d019f6b2672d,846b7ad2c4d3f41185c508376fd86c3f,5,62926,2018-04-09 20:36:40,2018-03-22 20:40:12,2018-04-13,17.0,-4.0,135.0,25.14
0dfb48c89c2fddc9f4f7e78eeb44619e,ac1dba444101ac145dfc7ab406b4fd56,5,62939,2017-09-18 18:19:56,2017-08-30 14:34:40,2017-09-28,19.0,-10.0,69.9,16.25
6b4b129942f8f85acbd30b47a86ac0db,c4f5504eb498132dfe82275f26005459,5,62965,2018-03-27 16:38:35,2018-03-19 16:47:59,2018-04-16,7.0,-20.0,152.0,27.79
3212f55943be9add2368001f1a71e709,fc5d5be2bb37da8453e5496e7fdb033d,1,62991,2018-04-11 19:52:27,2018-03-22 11:37:34,2018-04-12,20.0,-1.0,89.9,35.76
53a3b2c0e51603418777a61363e6e1a4,9f73f9300dc3e9f8efc83f19da546881,5,63011,2017-04-26 23:23:58,2017-04-19 17:23:15,2017-05-09,7.0,-13.0,23.9,10.96
acc81d3136db277a66d082eeff7ab7a2,27240c0c08c0744d4070effa2394ba4c,5,63078,2017-08-15 17:08:14,2017-07-31 15:14:00,2017-09-01,15.0,-17.0,129.99,25.46
4b88821cda024fb43467d1d5c79c1fbb,f6a0e9f2ee368264a84d69d92c9a5b3f,4,63086,2017-07-26 03:16:50,2017-07-09 15:19:58,2017-08-15,16.0,-20.0,38.9,16.11
d4267605de61feff57846e9e69bf5183,ba5c52c56c0bc95c960451d9ce7205fe,5,63100,2017-05-22 22:45:45,2017-05-18 19:41:13,2017-06-12,4.0,-21.0,169.0,16.36
2f0147cd1775d9590680e9473247f7aa,5f30e7c17d977e49359a52eb6ea0f738,4,63156,2017-05-29 13:55:31,2017-05-04 22:11:21,2017-06-02,24.0,-4.0,52.3,19.07
e6123a594bc62bc95c98dad82ac78bf5,cf751a641521be29ac2213cd1756490b,3,63243,2018-03-01 19:33:58,2018-02-12 22:18:44,2018-03-16,16.0,-15.0,79.0,15.3
f2c3d580bddbea222b31722b145c89f6,42418c42293aca63852695004c162627,5,63245,2017-12-09 00:13:50,2017-11-28 11:25:45,2017-12-18,10.0,-9.0,66.0,12.14
9c51c9f92ccee97242a88d59fae80ade,e0f06a57d717562c49f91cd309be4598,5,63269,2018-02-14 19:45:12,2018-01-27 18:04:23,2018-02-22,18.0,-8.0,155.0,30.59
fbdd7071efb574ce90964735e98f61af,4314a231faafb2397df995a2fe22618f,5,63270,2018-03-15 11:51:28,2018-03-08 16:24:48,2018-03-29,6.0,-14.0,39.9,16.32
b2bb887e65251425780c1ad85af8e23f,bcd050a34214fa492826f945e3425650,1,63291,,2017-12-06 22:28:19,2018-01-03,,,349.9,17.2
99ecd319843aa5fd0db30914f221cce2,ef32d0ec67bd0ab2ea40c31c3f44571a,5,63302,2018-04-19 20:38:53,2018-04-05 07:46:23,2018-04-26,14.0,-7.0,190.0,19.21
e9b21b34be2c8ee04b531996af8dae03,1bacdc28aad23d1396a3fd39fdaa6c4f,5,63315,2017-02-09 09:51:35,2017-02-03 17:20:12,2017-03-15,5.0,-34.0,99.9,19.19
9300fb7ce2abcc8de667b81eebd6738d,df3a7600e4fd0a2c595fa7ad6e2e622e,5,63323,2017-10-16 21:27:39,2017-10-06 16:44:05,2017-10-30,10.0,-14.0,32.0,11.85
1e322674cb4c3a3e28c815a50afcb9bb,776ea29061e4670020bc84470311cc4d,5,63340,2018-01-13 18:37:38,2017-12-21 21:18:08,2018-01-22,22.0,-9.0,89.99,45.09
dc2f83e182b5fe68a8f0ba9b26d3cef5,aa8c2e4009c82d6fb84d9ecc0ce798f8,5,63364,2017-04-11 13:04:20,2017-04-06 12:35:55,2017-05-02,5.0,-21.0,29.9,14.52
1d849feeef24e734f58b8386a368862c,525c4dbcaecd35a5fac2e4053589df08,1,63365,2018-04-17 15:51:57,2018-03-15 11:54:21,2018-04-09,33.0,8.0,829.0,32.86
a6e1777b6cca15371c80caa3a94a48ca,f8ebdc391ba2950e41dfd4a8385418ae,1,63395,2018-02-11 20:45:16,2018-01-16 17:03:48,2018-01-31,26.0,11.0,24.9,7.78
9593960e209f0e91a1e71c9e8bee043f,b3e2b81932a8bc32dfffd128937c3c5e,5,63402,2017-07-10 19:07:41,2017-07-04 23:29:52,2017-07-18,5.0,-8.0,205.0,15.04
f3d78d82a38fc81f086b0d810edcf3aa,f848643eec1d69395095eb3840d2051e,5,63444,2018-03-19 18:08:32,2018-03-15 08:52:40,2018-03-29,4.0,-10.0,79.99,8.91
bc3991d7307a93dae3a860de84103600,41fda677249a97ed31645dd2680b147c,5,63470,2017-09-08 19:54:50,2017-08-31 12:27:35,2017-09-19,8.0,-11.0,34.6,15.1
667d99bb0bb52a7e6670e511f4109e49,f91346a89554e0c864ce1007a89eaad9,5,63488,2017-12-12 22:49:02,2017-11-24 13:31:04,2017-12-18,18.0,-6.0,296.9,77.08
3bf09b5c2c7daa9c8845b6cb3df6230f,ea13768d97ab79edb0d45803896a5c86,5,63494,2018-01-31 19:18:59,2018-01-17 13:06:13,2018-02-16,14.0,-16.0,39.99,35.86
22182e6f7e44aea36cadd350bc37a66f,46d7cf66dd7fcd0e6e42f3b736c02bfb,4,63496,2017-12-07 21:53:17,2017-11-26 19:49:01,2017-12-18,11.0,-11.0,179.0,17.99
554fc78b087cf9e06cb15f1631c3d63b,6a91f55a2fad58d1b580326cd07f5795,1,63521,,2017-08-14 00:22:36,2017-09-05,,,,
2f111691fc93df88fc3aa8c2deac61ce,f70a0aff17df5a6cdd9a7196128bd354,2,63548,2017-08-18 14:28:02,2017-08-10 11:58:33,2017-08-23,8.0,-5.0,279.0,34.19
b763a099b86a0e05a23963af1dadb722,e9c9ec206dfea33f9613e1cac82f575b,5,63554,2017-06-26 15:08:02,2017-06-17 23:04:21,2017-07-07,8.0,-11.0,64.0,13.47
ecfc94ec7cbe886350af8a09ce80bff9,1d2518947fc063827004a375094fb10e,5,63562,2018-01-18 13:47:04,2018-01-10 16:42:22,2018-02-02,7.0,-15.0,12.9,11.85
226f4351ba7c4fb25415e522c8e80609,4d88d13cc873bc02567931e0c1725dd0,4,63569,2018-03-28 18:46:31,2018-03-26 12:15:39,2018-04-11,2.0,-14.0,17.89,8.88
59ceb8d134c3f8f8ad2472e2e0b81aa2,6ed97d236b7eb297787b4002f3efee17,5,63593,2017-05-12 15:22:57,2017-05-09 08:08:31,2017-06-01,3.0,-20.0,125.0,16.63
27b4592a51aa595c1008562c25945cf1,40516474d4dead1446fa9e9ae60d233a,4,63676,2018-02-27 23:02:01,2018-02-08 08:39:50,2018-02-26,19.0,1.0,60.0,32.78
83f96fc81518b8f7bc714fedc124448b,ec55c591dee6e33a91fedbe64d75b475,5,63680,2018-03-27 15:34:54,2018-03-22 18:49:32,2018-04-04,4.0,-8.0,12.9,7.39
7052fc620f8c17c4d40d01bb23880f4b,364d745d7d2b5bc2dd6348b8e71b5d03,4,63681,2017-07-11 20:10:17,2017-07-06 09:01:43,2017-07-26,5.0,-15.0,594.0,28.42
0c28608e6570c4de6e24bacf07e84726,ce957db0e98045f489b3be23359a90f5,5,63688,2017-07-11 16:21:31,2017-06-24 16:37:47,2017-07-18,16.0,-7.0,119.99,18.09
62f8f71bd1fcf4f9411372df0c76b386,3260c5040c13241b3f5f7bb7ed852c89,5,63702,2017-03-01 14:58:52,2017-02-20 09:14:03,2017-03-21,9.0,-20.0,49.99,10.96
24bb131435c36bfabbe99421c91fe595,499e067351812a60f3f5019575ec71d2,4,63708,2018-01-11 09:45:27,2018-01-02 17:04:40,2018-01-24,8.0,-13.0,99.99,13.04
53146efec2baa456d82912698ebb1816,bd76688da0406f5c377080cc43888b5e,5,63724,2017-07-07 19:17:52,2017-06-27 15:34:03,2017-07-19,10.0,-12.0,99.0,16.94
1e651c1b476aa7e68ea5a8cf006a4476,e5d48f5d3719ee190629a850e362dc57,4,63761,2017-12-11 22:47:16,2017-12-03 20:22:53,2017-12-20,8.0,-9.0,39.99,8.72
92babff5f5b70139c627f4de3d15735f,2de931311a1cb3001070a6c567124301,5,63772,2017-10-04 17:47:32,2017-09-16 13:21:47,2017-10-10,18.0,-6.0,99.7,17.14
7b31b9cf75bafe335ea8b2c3eff48d91,326056a428af991a9b566275682fe31e,4,63789,2017-11-06 14:14:52,2017-11-01 13:44:51,2017-11-14,5.0,-8.0,75.9,11.74
78d1190a2809cc4fbd29712c323e57e6,c0a1f5741cc59aa9709c497f176d6dc5,3,63797,2018-01-24 13:09:19,2018-01-15 10:00:33,2018-02-07,9.0,-14.0,80.0,12.69
c82df119ff103760fc83cfab192ce4df,9b1d71b20edcf15ab15e0bb4a932f23f,1,63814,2017-10-05 20:41:55,2017-09-10 09:14:32,2017-09-29,25.0,6.0,79.0,16.31
3ee2ea7062fe2c54ca7750addc448af6,737b058d8c4d513ed09b9615e3e0dbba,5,63819,2018-01-11 14:24:59,2018-01-05 11:51:46,2018-01-31,6.0,-20.0,278.0,34.44
8e13d2fc070d5b5cab85f58e307d59d6,9372445ddc10678e804717702a911665,2,63825,2017-03-21 08:53:37,2017-03-13 15:49:14,2017-03-31,7.0,-10.0,31.5,21.92
54d4057dc2edf8ff78f42485451005bf,b6dd6ea76331ce0249dae4167d1ca9d9,4,63855,2018-02-26 23:29:06,2018-02-15 17:04:42,2018-03-08,11.0,-10.0,28.7,14.1
585a646c178f03c376541aa521135b41,3363e330c754a732795f39079bb76d55,5,63892,2018-01-26 16:38:42,2018-01-10 12:06:09,2018-02-08,16.0,-13.0,99.0,45.99
94770f23984a0f90c7f4a547f3127ea4,90acf5654782a289ffd89f1759287595,5,63924,2017-12-11 21:29:02,2017-11-24 09:09:48,2017-12-19,17.0,-8.0,29.9,15.79
8644f53b52d6363b2711cc1bd1c79baf,67543007812c990098e0ac6c6fcb3093,5,63952,2017-02-21 14:51:53,2017-02-10 20:24:30,2017-03-09,10.0,-16.0,39.99,10.96
cb45da47e99b75934c666cd7da5aea66,84df70f03a2be7d8a483d02c5b596fbc,3,63983,2017-05-26 14:54:48,2017-05-16 15:09:18,2017-06-13,9.0,-18.0,169.9,20.43
cefa2df8f034f5b6844e17e657cb19bd,d1292690e5d721165cfcbc331e8c46ca,5,63989,2017-11-10 17:18:29,2017-11-09 11:03:55,2017-11-23,1.0,-13.0,138.55,12.67
2ba08fa0cca54ade2607faafa1a0c2b5,3c90356d0505af8fad4231e48886ba3e,4,64003,2017-09-01 20:10:20,2017-08-29 18:24:42,2017-09-11,3.0,-10.0,59.0,9.34
6b623a288f06c0cfdc6e8a0ac73ade89,9526afac09af0c00e87b74eb7290b6ec,3,64009,2017-12-18 17:12:38,2017-12-06 12:41:52,2018-01-02,12.0,-15.0,14.9,16.11
ec8f69bc6ae9ab838c826788679faea7,44701fee78d50ad4307eff3c630a4f24,5,64010,2017-03-19 07:41:53,2017-03-13 14:31:08,2017-04-03,5.0,-15.0,349.99,17.66
e6f0b999d1c31296caaf26bc05052144,ab23407c84b934f452124bc5b5453123,5,64039,2017-12-22 22:22:01,2017-11-28 15:10:53,2017-12-19,24.0,3.0,79.0,18.79
99bc468ab61793df9f3441ae7155de60,0db1181e0778609b581bf9a95b17f313,5,64057,2018-01-22 19:45:04,2018-01-13 14:50:01,2018-02-15,9.0,-24.0,99.56,12.83
1ed607857a241960140277f75c2dc97c,885a241064b41183a985510330cd9aae,4,64069,2017-06-28 10:59:01,2017-06-23 12:41:07,2017-07-13,4.0,-15.0,199.0,13.73
a5dd08152e43eee378d305e751d5d01a,a1e9b3d43fb2498d663c7b598876614b,1,64110,2018-01-12 21:54:01,2017-12-07 00:37:54,2018-01-05,36.0,7.0,70.97,17.75
d846f76c2d56c5323f358c0f3a4ee8ab,d4861d672cf3a6d906cb2451d9265211,5,64132,2018-04-10 13:41:59,2018-03-31 20:39:19,2018-04-19,9.0,-9.0,119.0,24.77
c6884b2e22dc44b28a560023541721e8,0bff3ac704b2ab4cdb69873f3f551ce1,5,64134,2018-04-24 22:48:50,2018-04-09 17:55:42,2018-05-07,15.0,-13.0,254.9,35.32
043e16b2dfbd6c01cc54276830a32207,7f949bbc94c8580ad60e90fd93358395,5,64145,2018-02-27 00:41:38,2018-02-14 23:28:31,2018-03-13,12.0,-14.0,199.0,16.14
52eafffbb20eeeb5080e38cd8ac434d4,174e79bb542ecdb5565ec80e1c2d1faf,5,64168,2017-10-09 21:17:58,2017-10-04 01:20:14,2017-10-30,5.0,-21.0,218.0,14.55
7f89beb41e7aa762f1bac386680e356e,d8d5cc8b2d42cce90b7ea35e5691a7b1,5,64188,2017-11-29 20:17:02,2017-11-25 00:23:14,2017-12-13,4.0,-14.0,578.0,21.18
0293ffb634229fd16a7e451bbd17480a,bddff2883414dd312ae50df08beceb22,5,64212,2018-01-18 12:26:49,2018-01-13 20:12:58,2018-02-07,4.0,-20.0,119.0,15.59
5eca479c1e206acea3f36f411afdc00d,31d2d973ab3772f718de008bfacc3d07,5,64232,2017-08-22 22:17:54,2017-08-15 18:51:26,2017-08-30,7.0,-8.0,200.0,15.01
0b32f71877729207d5bc86e759e22a29,4fceaea9a24d7498757816821e271a46,5,64236,2018-03-14 14:19:09,2018-03-03 16:48:43,2018-03-21,10.0,-7.0,53.9,13.4
2c4de4a10c0c5eaecab1c34b429661c3,7ca8c6011b3587c9b445d53f3f9adb7a,4,64248,2017-08-21 23:06:47,2017-08-05 20:56:21,2017-08-31,16.0,-10.0,56.99,17.65
b4cbe092ac9209092de7a6608b0f4e1a,4334cbad2570eb17ab0f2be70bcc22b7,5,64291,2018-02-26 18:35:48,2018-02-19 23:48:49,2018-03-05,6.0,-7.0,16.0,7.78
699d4d8a66240b8ca2cc000cae2edf6f,f37f4d49c3bec3fe208ac7f86a58a97d,5,64305,2017-12-15 21:55:23,2017-11-26 23:02:08,2017-12-22,18.0,-7.0,34.9,14.1
98b81c5b566db83f627d7a83e869c4b4,511e75993a3d9bf8c19c8e730daa49c0,5,64319,2017-12-10 14:04:05,2017-11-30 16:32:45,2017-12-22,9.0,-12.0,59.8,25.38
d66d4debdd4133ceca9e68e8b5a1299a,5daf14428a3c29d9dd22f97b7d5b3230,1,64329,2018-03-09 18:12:49,2018-01-21 20:33:38,2018-02-22,46.0,15.0,54.9,17.63
3a485f711e3412564d42e85e3343adb1,8a32a50c6b4576d818f3e7b9e077aac2,5,64331,2018-04-17 21:46:49,2018-04-11 12:44:12,2018-05-02,6.0,-15.0,65.9,19.43
84671ff3ec6d0c77fcb77eeab95770d2,5f9d451c16dd5f947f00e134f0ba3c9a,3,64337,2017-12-01 01:40:05,2017-11-15 16:48:17,2017-12-06,15.0,-5.0,79.0,12.05
7d30f2b012baed50af3a8348f416b802,862aee1420df82c0e95e06c154aef9ce,1,64361,2018-03-30 00:06:27,2018-03-27 16:47:09,2018-04-09,2.0,-10.0,169.98,22.44
9bc80edb3be4f5df227e7f4f32a0eb86,5802a2af7adc078756b394ca9f492087,5,64383,2017-08-15 15:52:34,2017-08-10 10:42:48,2017-08-31,5.0,-16.0,279.9,17.59
fc6f3638d8088a1e615692184761cff1,4e998f9a0a0748cc381ea01aa6de635b,4,64387,2018-04-24 22:56:35,2018-04-12 21:06:08,2018-05-14,12.0,-20.0,299.0,28.17
365f4eada207645c155f471623b7e084,f8207caf0d0b8d07ebb64c397a72793a,5,64391,2017-07-22 12:44:41,2017-07-19 07:31:51,2017-08-01,3.0,-10.0,203.6,12.63
f22cbe6b75951e39f6f725a3882be6c8,3c664925dceff7ac6d1ce0533c40e07e,4,64399,2017-11-04 16:02:39,2017-10-27 17:21:53,2017-11-27,7.0,-23.0,99.7,12.2
bfeed6fba63c190d7d735e3bb2227b04,1c300b10263fefc0edc45c99921586a7,5,64411,2018-04-03 23:18:33,2018-03-26 21:05:48,2018-04-09,8.0,-6.0,35.0,8.29
ab8eff9fc990a1a85c895244088ba818,daf2a6548710139ae39eec18beb70a17,5,64420,2017-09-25 14:50:02,2017-09-20 21:48:39,2017-10-09,4.0,-14.0,148.0,14.64
3ab75e8341f7ef45a5c2a74a667ca1bd,3dad0905a583dc80815b7666efddc84d,5,64443,2018-03-26 19:19:03,2018-03-19 12:57:59,2018-04-11,7.0,-16.0,260.0,55.24
dc33dc58e986320b7ddeda5b90a2d1b0,96139d82556aff8edd1cfcfdc11a632b,5,64464,2017-10-13 15:18:05,2017-09-21 19:19:32,2017-10-16,21.0,-3.0,166.0,16.92
6ed200284731d629a2958c07be6dfce0,450b307a6465207415ab38df48d94073,5,64485,2017-11-06 23:18:28,2017-10-29 22:53:50,2017-11-24,8.0,-18.0,58.67,9.34
9e1d85f566589b73e699ff34b07a33fd,4666d7a562ea830360d849b989de728e,4,64504,2017-12-11 20:19:02,2017-11-28 07:35:01,2017-12-18,13.0,-7.0,189.99,15.08
e2951e6b213999ecd986bb8eb6a5a6a4,cd5d3f244e0546f5fc8733139dafc597,5,64517,2017-12-15 17:29:30,2017-12-10 01:10:15,2018-01-05,5.0,-21.0,79.9,14.31
624d68cf4009decea2d29e48d9a7bfb5,4d6dca1dbb561c5c5af9a4c8fbc38375,5,64557,2017-11-11 17:07:44,2017-10-30 10:47:23,2017-11-21,12.0,-10.0,230.0,15.36
3dad11d44d5da1d3984ea55aab71ee3d,cfc586211a3ab93809e258acf7eaf737,5,64565,2018-01-03 15:32:53,2017-12-12 12:10:31,2018-01-16,22.0,-13.0,210.0,20.96
d4296e9eb95a6568ed96a997ced78878,971edb451cad61fd96ae029b1248938e,5,64582,2017-11-03 20:00:30,2017-10-18 02:11:10,2017-11-08,16.0,-5.0,15.6,14.1
42afdcbe81c8879563eefd0ac72aae25,791ce20aa4827ff1e05a8139eb1810b5,4,64604,2017-11-25 01:32:14,2017-11-21 10:10:14,2017-12-07,3.0,-12.0,29.9,11.85
4e152992ad99a176af8b74ee9b57fcd0,fdc259a28a8f4ba4ea007b10244a8272,1,64607,2017-10-16 10:47:41,2017-09-25 21:33:51,2017-10-23,20.0,-7.0,105.89,32.28
bdfe08cb16560ac0e5f7855583e714d2,923e0c030350975afcfa4ffbc70c0146,3,64622,2017-05-04 17:12:10,2017-04-29 20:51:41,2017-05-23,4.0,-19.0,39.9,10.96
2dac31a71b7036a830b4829b851354b8,3138d38716dc5218c15ef572927fa93e,5,64645,2017-11-08 23:19:05,2017-10-26 16:03:37,2017-11-23,13.0,-15.0,168.0,34.98
018278677675e07184d9a078560f836b,b2a04f1e9c3932855c266b1c8ba7b7c5,4,64664,2017-05-19 10:55:52,2017-05-09 08:42:15,2017-05-30,10.0,-11.0,119.0,14.56
66996dcc2e74810b490a6dbf2a9803df,892633d6b7a8a6c7c0bfebddec2469bf,5,64675,2018-02-23 21:11:46,2018-02-05 09:35:22,2018-03-09,18.0,-14.0,109.9,25.61
67c8a66961aab943e1c97b883ec3abdf,95ebea26504e0c4e028d5cdd035c6f7a,5,64693,2017-10-11 20:23:00,2017-09-30 11:35:01,2017-10-31,11.0,-20.0,49.99,15.1
c801dc2ab90b0492f1b4e23d10c7d7f7,8a110d52eb3b463368987e55a3762fa2,3,64698,2018-02-20 21:52:34,2018-02-15 11:04:27,2018-03-12,5.0,-20.0,129.0,15.65
269a272c8a08415222b8404c2113227f,f9d2e3d2cc060d2d5fbbaef4fba580b1,1,64707,2018-05-10 23:05:23,2018-04-09 17:36:04,2018-05-02,31.0,8.0,14.99,19.04
6624d11aa1e7a95b4dfc99b455182f5d,66aac47537a2b6a195103fcd5690996d,5,64710,2018-01-22 17:46:23,2018-01-08 12:54:10,2018-02-05,14.0,-14.0,119.0,16.59
5d5d455ce1811e74f0cb5eb11d4b503b,6c59866fa177b6a7321592a88b0dc718,5,64725,2017-09-11 15:24:32,2017-09-05 10:05:42,2017-10-03,6.0,-22.0,97.9,17.17
59bde9625564564d12c0ecda898274cb,c714ff3ba4e1c85d122b41fa04381cff,5,64740,2017-11-06 18:25:18,2017-10-25 09:37:58,2017-11-29,12.0,-23.0,150.0,17.49
49d7cb7036524859d51e77463e9d4f9c,1aba68837cfafa9cc4bba58efee87d4a,4,64746,,2017-10-23 10:49:50,2017-11-22,,,,
245f8fbfd09d9d2263353db032f53e9e,c9a54f6ed83e951ec2cbec315d2333cd,3,64750,2017-03-02 09:14:04,2017-02-09 14:00:53,2017-03-15,20.0,-13.0,176.99,53.79
f1f4c3f6b6c0ea42e882d7f3f8118e78,cb5c4ea12e93c16a94c2bf3dbafa0fe1,5,64755,2017-06-08 13:58:27,2017-05-23 14:00:59,2017-06-19,15.0,-11.0,36.8,14.1
41d708bcba024d5d369d1b3c2d5c3990,c79900d1005d1a8fdaa9f25cd94e5110,4,64785,2018-03-23 17:17:23,2018-02-23 14:15:52,2018-03-20,28.0,3.0,85.9,15.35
f44ad0d3fade1e26e86a239bc72f311e,f7923db0430587601c2aef15ec4b8af4,1,64788,2018-03-08 15:04:33,2018-01-20 17:38:58,2018-02-21,46.0,15.0,348.0,84.4
d4e3e93091514009a52f4f4136c71d85,828c3114b783f896fba059433600c471,1,64789,2017-12-01 16:17:35,2017-10-29 12:19:51,2017-11-21,33.0,10.0,59.9,17.67
5502b41dd5761f819ac44714d8c61be2,dc90e3bb74a1bebc1091534ceb664313,5,64818,2017-06-27 16:42:50,2017-06-11 13:50:00,2017-07-05,16.0,-8.0,11.99,15.1
924381b8522bb2127d99824a40fd13f8,6c6de9251e9be0fba786819778705796,5,64821,2017-11-07 18:33:09,2017-10-25 13:00:10,2017-11-13,13.0,-6.0,59.0,14.16
17e2733714dbd8fbb820ed98f83f1b95,ebe76afae9242fc70b0b807b78f17adb,5,64856,2017-04-20 09:33:20,2017-04-02 16:33:30,2017-05-11,17.0,-21.0,13.9,14.52
fa128b066e000c21c05f17a3036bb441,4ce497c83d9c68348561cada6e2a2869,5,64867,2017-10-09 16:28:20,2017-09-26 07:57:17,2017-10-20,13.0,-11.0,87.8,33.2
64d1910e671c970d0d25718a85f397d5,010b143d83a59b355cd5a75c0f0fd785,5,64871,2017-09-18 15:04:10,2017-08-30 23:28:35,2017-10-06,18.0,-18.0,88.0,136.6
9d939b711f50070db2b756cf443d23d6,5d8955bd4f20188cffeee997c68e0244,5,64885,2017-12-19 17:22:25,2017-11-25 06:48:16,2017-12-18,24.0,1.0,156.9,18.35
4ff0267225dd964f30b164e8500bb7bd,fa6b45bf2faae7dd3bfdad05a28e91fa,1,64908,2017-05-09 09:51:42,2017-04-17 07:25:25,2017-05-19,22.0,-10.0,199.0,17.09
0aea7a2fa7d99e9cdeffc4834364dc24,8a6b15db7cea5a4cd260873d4489bfb0,1,64911,2017-09-14 17:47:46,2017-09-03 22:09:54,2017-09-21,10.0,-7.0,49.0,14.1
e37316f0709d09b45b48bc3323f108aa,06efe66e043ee5d43f8d6edcba44d653,4,64925,2018-02-18 15:34:09,2018-02-04 08:59:46,2018-03-08,14.0,-18.0,50.0,14.1
2d23c0453a074ca1f2a082ec78779b69,bc8e669b7c085a9d09f9c2b94c7693ab,1,64954,2017-12-13 17:18:43,2017-12-03 20:22:55,2017-12-27,9.0,-14.0,144.9,12.51
636f9f81f9bd107fb457ca9af8b6c549,ed836a8fccba401754e0b283c9b32f09,5,64956,2017-11-20 17:03:02,2017-11-11 17:22:10,2017-12-04,8.0,-14.0,24.99,14.1
5e0a68b4eea411cee1828e249ace30bd,183832097fa8f0a9172d4514fdfca42c,5,64998,2017-08-26 12:33:44,2017-08-24 01:43:32,2017-09-11,2.0,-16.0,149.99,12.25
54044ccd9652454b0bf3f822bf530864,6bc068075770cc66b2bd231aec60f1be,5,65004,2018-04-07 00:33:45,2018-04-02 21:47:07,2018-04-12,4.0,-5.0,49.8,14.78
97e6f1f11efeb433f108a32476d768c1,626434e11c37535d5f24e9d844249b55,3,65023,2018-04-27 14:37:32,2018-04-03 17:25:14,2018-05-03,23.0,-6.0,350.96999999999997,171.24
4c55cc4cb7a0b1da50c462481706db86,c4a1796b7d23ecebfc720e4dcd2744a2,5,65046,2018-02-22 19:51:27,2018-02-05 09:58:29,2018-03-08,17.0,-14.0,69.9,25.77
f7873ca90252d3cecd65976e8786b050,be74db37c6be2764570dc81e103dc60b,5,65063,2018-02-05 19:56:54,2018-01-29 06:24:06,2018-02-20,7.0,-15.0,4.99,11.85
2bd5d9b488f85d7c9682ba5acce28f23,6cca0cec5b4fc97f471ac73afc03ece8,5,65076,2018-01-26 21:52:36,2018-01-03 19:50:16,2018-02-06,23.0,-11.0,19.99,18.89
c2162c1fe039fb662ca45d85409e84de,c39da54f19d2aa7b89667e4817f05629,4,65100,2017-10-02 18:57:29,2017-09-09 04:42:26,2017-10-18,23.0,-16.0,15.0,25.63
77b96dc3e745c088991b6c651f16c0f1,1ee3f6b3f68027bf18b0a9e356edc4f3,5,65144,2017-09-22 17:52:16,2017-09-15 16:40:35,2017-09-27,7.0,-5.0,102.9,11.93
bd760f7521cd720d4c60057587e64bb3,dd812caab973d1343bb8acb37736f55e,5,65173,2018-04-11 19:22:42,2018-03-29 18:23:50,2018-04-17,13.0,-6.0,55.9,17.3
225010fb8e72a970d4e8eaf433fd1a1a,b67e02ea060b19daa2f506a1357b29ac,4,65176,2018-04-02 10:35:04,2018-03-12 18:55:23,2018-05-07,20.0,-35.0,38.9,22.95
44b19b33dcf14d64dc79d50bb35521e5,e2d4589339629645d85a6c1a8215edab,5,65178,2017-10-31 18:49:31,2017-10-23 11:49:48,2017-11-14,8.0,-14.0,27.99,15.1
f9a2c289c263a2933330f9b2d9476e9c,6c175759bc609d6fa9c693e5d24aa77d,4,65203,2017-10-03 18:32:29,2017-09-25 22:28:43,2017-10-20,7.0,-17.0,68.0,32.22
ddc9864d03d9781ee7cd7ac46912a20a,91b429393d223b94094f2b7671a634b9,5,65215,2018-04-26 19:59:43,2018-04-12 09:12:37,2018-05-21,14.0,-25.0,49.9,19.32
b079fe16cd076f5cea0da11ec70dd298,900ee0470f53ec2e4e4a50a57b06a85a,1,65217,2018-01-30 20:38:07,2018-01-07 10:14:42,2018-02-08,23.0,-9.0,37.8,33.58
bcc5ea031a22057704bea91f219d717f,14a206c35ee9f241453e58a9b26bdc76,5,65241,2018-03-16 01:14:41,2018-03-10 11:13:59,2018-03-22,5.0,-6.0,179.49,9.02
99dc9dcc807a2942409335c35fb0b75c,739bb836f89badf6feddbbb049eef241,4,65261,2017-11-10 18:28:29,2017-10-29 22:50:59,2017-11-28,11.0,-18.0,142.5,15.75
1eae815985659ad4a7d2238fc5fcd583,e1ffdd8e1b12edd5af26c00ed9320af0,3,65273,2018-02-20 00:22:16,2018-02-06 10:35:15,2018-03-07,13.0,-15.0,79.49,15.31
abd12f77ef2f5377d03c163385107e84,b2a9ead363294c50ba001adc7b811756,5,65293,2017-05-02 17:43:07,2017-04-19 16:38:00,2017-05-15,13.0,-13.0,29.9,16.05
b701b2e3b150cee0359b3b2b9e172bd8,0bb0dd89956cc5f44ff556c2189e7160,5,65298,2017-07-03 16:05:05,2017-06-20 13:08:17,2017-07-12,13.0,-9.0,39.9,14.1
02cbcae738c8d4160b04e64eb47b3380,94a7404baf903097588d30faf47784d2,3,65299,2018-02-20 19:32:46,2018-02-08 23:26:46,2018-03-07,11.0,-15.0,422.8,61.96
ed92745ad1f6c4b4feb173552e6849a3,66bc92ed85c6ab828e10ff0cd1c5d026,3,65311,2017-05-02 16:39:13,2017-04-14 19:35:35,2017-05-19,17.0,-17.0,85.99,16.3
ee5bb60940108e3c114d23fe9f039104,48842751df68fccf0ab0caa30930f21d,4,65329,2017-05-29 11:43:13,2017-05-22 17:54:01,2017-06-09,6.0,-11.0,44.35,13.37
674284fb702f8ddd14cc53649c5905b1,8b8c17015e5e5bea026c24e0f03c9dcf,5,65357,2017-03-30 08:00:03,2017-03-06 02:21:22,2017-04-04,24.0,-5.0,59.8,44.56
43b12af655f4a335ac3a8eb77739c877,76754c0e642c8f99a8c3fcb8a14ac700,5,65391,2017-11-01 21:17:43,2017-10-26 09:31:45,2017-11-22,6.0,-21.0,1437.0,34.51
8dc0ed598e51c7866f629dfa9e264e38,4e1679640c29ba05f498ac20e026213e,5,65395,2018-01-30 18:22:52,2018-01-15 01:58:50,2018-02-14,15.0,-15.0,95.0,21.07
6dca89c7ff9bdfac20d8c4e1b4f1b779,64999819cdd2759997379730b8aa6e22,3,65448,2017-11-18 14:21:53,2017-11-03 19:20:02,2017-11-24,14.0,-6.0,56.99,11.9
0f196bf5161d882737094c5ee44d681e,9ec3685b1f21c7dfff4f656392b186dd,1,65452,,2018-02-20 11:37:45,2018-03-12,,,89.58,17.34
a1c2675b9fc8ef304fc151891ad1d3ab,881dbb4e5e7c4118f6958b3ef811ffe4,5,65562,2017-09-14 19:56:54,2017-09-04 19:01:18,2017-09-25,10.0,-11.0,59.9,17.67
73b223c975491463eeadfc24e20454d7,66d72a05add1a253c4e8390c215c8306,4,65564,2018-04-05 20:08:28,2018-04-03 11:21:26,2018-04-13,2.0,-8.0,8.9,7.39
25eddf8dc03be2e15aec8ac8a32f1923,df537c849af44beef86a7ef7de12126a,1,65576,2017-01-30 11:41:52,2017-01-19 21:48:41,2017-03-15,10.0,-44.0,29.4,10.96
2121078a7de0dc434ac8b15281722378,c308d0d781ddbf00ef974e5dfd79d746,5,65645,2017-05-01 12:36:47,2017-04-23 11:12:58,2017-05-11,8.0,-10.0,84.99,11.97
5cbaa4d31624f2ceba5904f7a2420b06,34c419515123f11b048d07c0f8e4cf4c,5,65672,2017-05-11 14:29:45,2017-05-04 15:27:52,2017-05-29,6.0,-18.0,219.8,29.06
c693276eb88a9b4b5cbfb6fa502baf0f,225563d7314189cce48116ae11188371,4,65673,2017-11-03 21:18:03,2017-10-26 12:44:45,2017-11-16,8.0,-13.0,38.4,12.69
ace67adca4134e56a47f937514013b3c,d0714b92348bdff5af0cabf84ae6c2c0,5,65688,2017-03-22 08:33:05,2017-03-10 13:16:12,2017-03-29,11.0,-7.0,169.9,17.34
8986cf22ea45270e1f8a769b8e7a17ec,5a1e68cff39cc1d5fd759db90a366caa,5,65695,2017-09-28 20:18:16,2017-09-18 22:47:49,2017-10-10,9.0,-12.0,34.99,17.6
f6ecac9f9e3d94dcd5a9d104ad51cc4a,a0155cdb8a6185bec753ace7d2a7453a,5,65724,2018-01-10 18:05:51,2018-01-06 11:34:28,2018-01-24,4.0,-14.0,89.9,11.83
fc99f47e03de36dcb2b92b982e3c87ec,4d9ec9c5440b083e87ee872dec1b32fb,5,65726,2017-12-27 19:24:37,2017-12-04 15:08:11,2017-12-28,23.0,-1.0,99.9,17.95
23337e0df7280f93e62dc330b1649235,22fbdd6f729be005701007029d8e0d16,5,65731,2017-10-09 18:22:28,2017-10-02 16:55:39,2017-10-27,7.0,-18.0,59.9,16.18
693ec4993d38d7a87d418a26fcdafbf1,c526aa9189a06bf511e79dbc0e0e70b9,5,65736,2017-09-12 16:37:57,2017-09-02 21:35:32,2017-09-26,9.0,-14.0,24.99,15.1
484cf0d8273f42197c142aea5fd9cacd,2d394ce1703ceeb355e2446e4a7a6bf4,1,65753,2017-12-29 21:37:56,2017-12-11 13:19:11,2018-01-22,18.0,-24.0,349.9,31.98
d4ed4afb4bbbade074209e76aeb84cb4,a187e99908d89f2f863baf8785025570,5,65758,2017-06-05 16:52:26,2017-05-29 11:32:28,2017-06-09,7.0,-4.0,39.9,7.78
8136edc6997e78d052bc6b0ee1f93445,ae85b9887d49eb8e4e35cea1435a52d8,1,65761,2018-05-15 22:04:49,2018-03-18 19:20:24,2018-04-18,58.0,27.0,349.9,31.96
1fec50e8db272d9a4e920cc28a65f7c7,b4423cdd0316fb3064befb92d164de96,5,65771,2017-09-21 20:15:06,2017-09-13 17:23:32,2017-09-29,8.0,-8.0,149.99,13.93
5717b8d63e534bfa900ed428e3626ab1,64cad05fe3f34277719621c70f416ad2,5,65787,2017-02-13 19:37:47,2017-01-26 16:20:32,2017-03-06,18.0,-21.0,239.9,77.47
99cc6515f3e18ce01e3d3e8e06414b59,f290369adad755bf94b365f0494dd617,5,65788,2017-12-14 20:57:52,2017-12-12 08:14:21,2018-01-03,2.0,-20.0,218.36,20.36
208dfdaf3da06528069df7b1c100ad57,1a3ccc1695931b2cb7a95065e0c81e4b,1,65791,,2017-10-16 12:21:07,2017-11-14,,,124.97999999999999,31.479999999999997
8ea29fbd13d0870111ebca5fccea9372,5eeef0a291829b4a3e2ebfd8effac242,5,65815,2017-06-23 11:59:29,2017-06-12 22:15:32,2017-07-05,10.0,-12.0,50.63,15.1
43677cd7853b65f362d29e4641ac5075,3a754d9436ef0dd5d52e94a0e7ee2f0c,3,65823,2017-08-04 16:51:35,2017-07-31 09:09:01,2017-08-11,4.0,-7.0,39.9,9.34
26ba2f533483b0587f6bc3bdad036eeb,8426a61c687c38a2fb35080413ec9eb4,5,65853,2017-10-27 15:18:00,2017-10-25 22:52:31,2017-11-07,1.0,-11.0,179.49,9.45
25383b1abb093d2a1fe4e1e03a52bd1b,6ea7e442800f9312afc0f2a43b3d0913,5,65875,2018-01-22 17:07:00,2018-01-06 12:37:10,2018-02-09,16.0,-18.0,49.9,19.59
7eb528b3f5718e82b6fcf45eaa88e2f1,e2da042c42ce790c81ef3a9f666a92b6,4,65885,2018-01-04 00:14:43,2017-12-21 16:15:32,2018-01-31,13.0,-27.0,79.0,17.8
e593a9123225d2db8891da86c5ab9ac9,ce6f24ccb16af897b7650022beead374,4,65914,2017-06-08 09:14:47,2017-05-25 08:48:19,2017-06-21,14.0,-13.0,207.94,90.38
ffc6c05766096205bc56ab219ad1f811,f87af4a276a00d935b34c0d42c3fcfc3,5,65919,2017-02-17 09:06:37,2017-02-10 15:29:29,2017-03-09,6.0,-20.0,24.99,11.74
488687128eb9b6df35281c054e54118e,28ea88a8bad588a92fdc8933affa2d09,5,65927,2017-12-18 18:24:51,2017-12-11 15:30:13,2017-12-28,7.0,-10.0,14.0,18.68
6ad36379a57376d67ecf8d7efe927c41,7acdb98aabb39abbea16b8acce3f1f30,4,65932,2017-11-29 18:20:03,2017-11-20 18:05:19,2017-12-07,9.0,-8.0,10.0,14.1
00a3cc84914eb20e5313dd5549d63194,aec4f3ce724b67ce527d67f7eb60a310,4,65943,2018-04-15 18:12:14,2018-03-29 22:55:31,2018-04-19,16.0,-4.0,179.49,17.23
9f2c59c5c3bdfc1c6c8e6343fb4a7141,a6d23aa5f1190c09129345b363de8e37,2,65955,2018-05-04 19:52:04,2018-04-10 17:34:43,2018-05-16,24.0,-12.0,36.5,17.93
f9dccf4889828ef2c6b4836e2a18d007,c11a68c413a5bab666d3afe5a3ed7ef5,3,65989,2017-10-24 17:50:44,2017-10-01 16:34:38,2017-11-22,23.0,-29.0,44.95,21.15
9caab8469ba36385c107ca533b4f0abe,8fb220d5401020315f24eaba44d2e77b,5,65993,2017-12-18 22:57:11,2017-12-07 09:27:23,2018-01-05,11.0,-18.0,113.0,18.04
97d9e1ab9089cf094a146020e8197b5f,f325e51d89497ec9679f6419ab7a3c13,5,66007,2017-09-18 16:00:13,2017-09-08 23:32:18,2017-10-03,9.0,-15.0,59.9,13.44
134358e47e530c2613162056e2c671f2,626d84eb4cf67fe4d53e9c0d945388fc,5,66012,2017-12-19 18:31:49,2017-12-13 13:24:24,2018-01-03,6.0,-15.0,24.9,9.09
909dc9574b05342248bb4532c0641734,88fcb8d7dc0b10a8579590c36f370066,5,66024,2017-10-04 20:47:53,2017-09-21 20:05:02,2017-10-18,13.0,-14.0,59.9,17.67
9ada297582cb3b44ed33c4f79491e6b3,0b555f0e6493540531a30e6cf25fb030,5,66045,2017-05-30 16:37:45,2017-05-25 10:43:21,2017-06-21,5.0,-22.0,155.0,17.37
486510fb6ceb07b28cc92fb36b74c573,a6d4b394346af973163c403b372e56c2,5,66052,2018-02-20 18:49:21,2018-01-24 08:45:48,2018-02-20,27.0,0.0,13.9,15.1
862a010db286ea7a6f2e800d01684a74,e1d6a83cd8b98c4eb29f2bb0f5a07138,4,66091,2018-01-19 14:23:17,2018-01-14 17:07:32,2018-02-05,4.0,-17.0,89.0,13.64
cdcd01947bde62591343f2d9b04aa3d6,72ee7eb0e76d4ca92b2cbb5fbab792a5,4,66092,2018-01-16 20:51:32,2018-01-04 14:11:25,2018-02-05,12.0,-20.0,144.99,18.26
193a9057b154607c7cc49c14079e8ea5,740d8c42d095b801a185f7b8aeb4f9b1,4,66101,2018-03-28 20:17:40,2018-03-14 21:03:17,2018-03-26,13.0,2.0,40.0,11.15
996e5b18f2d7738c371520e80e1391f3,ffa52cd169e937f7beb9cd360ea881c9,3,66116,2018-01-08 21:01:17,2017-12-13 14:20:05,2018-01-15,26.0,-7.0,98.99,34.49
25ebd6bbc9a4e0662cbf6752f08354fc,509b3c9816121d1f5ac14d58ca482170,5,66142,2018-01-09 15:22:41,2017-12-31 00:57:27,2018-01-24,9.0,-15.0,195.9,12.87
dc0a8627ae4d70ddb46f09f60fa3fa5e,d7adae346e57bdec9293128a1130a183,5,66154,2017-03-02 15:15:26,2017-02-06 16:00:46,2017-03-20,23.0,-18.0,118.99,24.83
c359f0bf93915d60d00672e6244384d4,dec8a288bd6ae97892bacfc5574a451c,5,66164,2017-11-01 13:09:51,2017-10-26 18:11:21,2017-11-21,5.0,-20.0,118.5,23.34
10724929f81311bc6a2093f758fad030,bac8ca7a0aea7f37457fb19140d2c5fb,1,66173,,2018-01-04 11:42:53,2018-01-22,,,,
4d1fde04ecdd948298f2df8943ffda7d,d0e25f97b5c712b13e725c274a17f44c,5,66179,2017-10-31 18:14:49,2017-10-17 20:16:38,2017-11-13,13.0,-13.0,115.0,27.13
38450d6ddbbf48e42157a21ad076f53f,4f8a2144278d625038f8d55d5a334d93,4,66198,2018-03-15 23:58:43,2018-03-02 12:26:22,2018-03-26,13.0,-11.0,159.0,29.63
83f03c4ccb48556512300cc41ca00afe,a8d8d5a9d86caae99bb5bb7b7dadaf00,4,66205,2018-01-08 20:43:02,2017-12-28 18:21:09,2018-02-02,11.0,-25.0,248.99,60.29
9b8ffcb3de5c0635333ecb09eecf7e6d,7f2b0346e93196f248181eccd7cba58d,1,66206,2018-04-09 18:54:36,2018-03-15 11:13:23,2018-04-03,25.0,6.0,467.0,15.71
42521a5438b496be33b82524d53f4170,46539409edc91bbec9b3a7b06b414463,4,66228,2017-05-31 07:50:00,2017-05-23 11:05:06,2017-06-20,7.0,-20.0,89.9,15.38
43ba4565cb0bb948e693f9c1af911026,7ff1a09b20dab40c3d68630eb3b56a22,5,66273,2017-08-09 17:42:54,2017-08-01 21:07:18,2017-08-21,7.0,-12.0,60.699999999999996,35.54
89409a6680af5be2f4e6d8adc541d81b,5e9539c329818fcbcf5579c92a58501d,5,66354,2018-01-04 18:16:56,2018-01-02 18:55:31,2018-01-18,1.0,-14.0,50.0,17.44
97fd983ecf331dcdca85d55c193746d4,7f3377932727107412b17a48648987d9,1,66362,,2017-12-10 18:43:03,2017-12-29,,,39.99,7.78
735a2380aa9e8740b81b200cccf996ac,db640157e1dcec75f26ab07653111cf2,1,66363,,2017-12-31 10:42:54,2018-01-24,,,122.99,12.36
bb386cd27d484d77860bb67ec0ea8bab,4af03386addb99dc44451b81b470a609,5,66403,2018-03-11 14:06:26,2018-03-09 11:32:48,2018-03-21,2.0,-10.0,29.99,8.64
9ce6cc962bdad75923c6d9e26ba708c5,e706d614326b76f48f24d82f86c0b2ed,5,66406,2017-03-03 14:03:32,2017-02-14 18:12:12,2017-03-23,16.0,-20.0,439.8,33.3
a4257f2b32ed95bface953283830a762,3dfbb4a1925fb940c975dc4c5855a7d2,5,66416,2017-11-06 17:32:04,2017-10-25 14:35:46,2017-11-14,12.0,-8.0,49.0,15.11
3b4432826e1232aa87dce5092cee82a7,30e0a586733725ef792f50d33720b961,1,66432,,2017-03-02 11:07:10,2017-03-24,,,,
19b289d10af324db17e6a0599fc9190c,a43f06aa18fbe7db935630bd59aa0cdb,5,66443,2017-09-29 22:19:44,2017-09-15 14:57:47,2017-10-10,14.0,-11.0,139.9,17.42
0163abd2c1f21f5a8a339e64aaee5abe,295ad751198b4f1a2651400773795227,5,66484,2017-08-02 19:22:13,2017-07-27 13:53:53,2017-08-11,6.0,-9.0,79.9,7.81
327dd7532064a959eaf7d8d4ac565b0b,b19f25f057ac96ff8c7746e9590989b3,1,66632,2018-03-19 18:22:18,2018-02-21 08:39:02,2018-03-16,26.0,3.0,63.14,16.2
b65078019067a9ae7672364db2805332,d46993f8bb61402cf53ed368bfca017e,4,66639,2017-06-05 09:57:57,2017-05-23 08:19:07,2017-06-14,13.0,-9.0,49.9,17.6
3d8a597b4046ddab3ba2af7a386121d3,3485750732f5130f210ecbed8073213a,4,66640,2018-04-23 13:32:30,2018-04-12 13:16:28,2018-05-08,11.0,-15.0,84.9,19.56
23a47a30580eb5cefffbd948311557be,0db1181e0778609b581bf9a95b17f313,5,66653,2018-01-22 19:45:04,2018-01-13 14:50:01,2018-02-15,9.0,-24.0,99.56,12.83
d7e12a52a921fe52a4d1345e63436061,e56982c3ae61332bbf34639cf5362804,5,66659,2017-04-07 15:28:45,2017-04-02 12:02:52,2017-04-24,5.0,-17.0,60.0,11.03
9d072b63447929fbbf6113d539a8723b,bb4412024038d07d6662179fe273519c,5,66662,2018-02-18 13:23:39,2018-02-02 17:30:03,2018-03-01,15.0,-11.0,333.0,14.67
b5bab6710195a20df43729aa0178b118,1968d312d61f3cd40b17ca0846ae3e90,5,66679,2017-05-24 09:53:28,2017-05-14 20:24:01,2017-06-14,9.0,-21.0,99.99,27.24
0761191d550e6a7ccaca9d277277f118,2dd14275918584fb2a28d4a4300d01e0,4,66695,2017-07-17 21:12:25,2017-07-12 21:00:55,2017-08-07,5.0,-21.0,37.9,16.79
d1e0fae0b63d7f4d2c3ebea3f84d768b,65744f8262c57c8b664c16aa7ec85879,5,66704,2018-02-01 18:16:44,2018-01-21 21:19:32,2018-02-20,10.0,-19.0,39.9,15.11
94b916cd7b2e48165fb9a5681a0b902c,993fe6dd93a309500171e1d3b1d9113a,4,66787,2017-12-29 20:38:54,2017-12-06 14:30:38,2018-01-08,23.0,-10.0,84.99,35.91
b75dc7805531d56ff9440e7114d88a34,799236014ffd7f07bb4ab4172f2f9a56,5,66789,2017-07-26 13:36:43,2017-07-19 21:06:53,2017-08-08,6.0,-13.0,99.0,13.71
a66bb39865e54e200b9645be9c3aebf2,f37110e24979533292f678ff6decd468,4,66791,2018-01-26 17:48:51,2018-01-07 16:12:14,2018-02-08,19.0,-13.0,240.0,25.94
549363855db689fed881e4bb5ddfd1b1,3bcf5ba4eec8b84af7663e2e261957cc,5,66831,2017-02-02 14:42:25,2017-01-24 14:23:45,2017-03-03,9.0,-29.0,25.0,14.11
0a656b310ee3e6474b4c0488b0125098,1f31fc163d36ff823c54a14e947b5bc8,5,66853,2017-08-24 14:07:43,2017-08-19 22:15:06,2017-09-15,4.0,-22.0,98.0,16.13
fa54a87dec44c1a4d380d81d63719dc6,f0a795dac0e5cf6a6f98cdcab173ffb8,5,66909,2018-04-02 22:02:59,2018-03-26 19:05:56,2018-04-12,7.0,-10.0,72.0,38.37
825aa997d01c2cc13bf84fdd1a847578,c27941f0a7135ca5f13f3c07ea6b1d28,5,66915,2017-08-11 17:17:49,2017-08-07 10:00:46,2017-09-04,4.0,-24.0,16.9,17.63
fa7ef4625fecc14337b7ec188fea64c4,5e37bd369f48eb8220fb2d3460f74833,5,66921,2017-06-06 08:37:29,2017-05-24 23:38:49,2017-06-16,12.0,-10.0,31.9,14.1
8eaa0f64cf4c8dae5ce134773f0949f3,ab8aefb183a8140b544a1eba6a139101,5,66935,2018-04-09 18:58:36,2018-03-23 20:31:27,2018-04-11,16.0,-2.0,23.7,12.79
370242027a5b4cd586251f6246ef1168,ebd182d678f7c5aec1f89d5f6f9848ec,4,66944,2018-04-04 16:47:42,2018-03-23 15:00:03,2018-04-17,12.0,-13.0,278.0,109.44
bcc783302a58fbb9c9fc5bf2578ddae1,22cee08cd372f903b380852fdf75a1eb,1,66970,,2018-03-19 16:35:43,2018-04-25,,,65.0,26.89
593de1dfa8ff5708a9f74527f759e38e,f280ca4b6f953fa570dedf6f9b6f383b,5,67000,2017-11-28 20:17:37,2017-11-21 18:08:10,2017-12-04,7.0,-6.0,65.99,9.74
7fe921f12ecfa62bcb22f4463a042774,7db9af6a773040b8776d2c4ab7f7b7ef,2,67038,2017-04-11 13:47:39,2017-04-05 17:28:55,2017-04-28,5.0,-17.0,15.99,14.52
8f1fed61b30a90b634d69fe6039a6736,d851a0d54dfe11f32ecb35bb6c8b8e59,4,67061,2018-04-05 17:56:29,2018-03-15 17:59:54,2018-04-05,20.0,0.0,45.99,18.23
c7713a409d14824b3a31e96c34c1dfef,bc5cea9719955b2337f23a87db809566,5,67094,2017-11-24 18:52:56,2017-11-12 17:39:03,2017-12-04,12.0,-10.0,26.9,14.1
39baa693efece14050b1933b0cc61331,edd733119bc50e9804ce6c4cadce3334,5,67108,2017-06-08 17:33:44,2017-06-04 00:27:19,2017-06-26,4.0,-18.0,89.9,12.13
b6a8a0f48aa53c7b6ffff5b1ba35c2b4,6a7dad3734ef2c19df2e8739e4ba0e77,5,67120,2017-09-25 22:18:08,2017-09-14 14:38:04,2017-09-26,11.0,-1.0,57.9,9.34
e6d96ab3025bbb0b0ff69e7e38c09fe7,3d17d211984312889a4d60f359859535,5,67130,2017-10-05 18:18:07,2017-09-27 11:59:35,2017-10-27,8.0,-22.0,129.9,25.75
e2a070157d8a633c0fd6a314b0ede8a0,cdb99aee5b9d12289e40e8ae2002c93a,4,67138,2018-01-09 19:22:54,2017-12-27 15:06:17,2018-01-29,13.0,-20.0,240.0,17.44
765b784e7fefdc2e1aaa1067eafa09be,91b672da38fda8fcd61163ab133f7fe0,4,67142,2017-11-08 13:29:07,2017-10-18 15:14:16,2017-11-21,20.0,-13.0,109.9,17.21
4a6187a2acc74842fe2121d4a6003fef,a1c2c61b9bc1876019b2b74b3a84f26e,5,67187,2018-02-28 14:29:13,2018-02-17 12:09:24,2018-03-14,11.0,-14.0,479.9,22.85
16907e0943b36e56537e4ecfd1b4e36e,d1a6e1e7cadfe1427229d6a8afc29222,4,67194,2017-07-24 21:04:44,2017-07-05 00:37:32,2017-07-27,19.0,-3.0,149.84,18.3
9efbd74f5d4bf0baacbfc8fd6984549f,8baf86c7fd7462703a46b07ed2c3c3c3,5,67218,2018-01-04 21:19:20,2017-12-15 05:39:06,2018-01-18,20.0,-14.0,49.99,20.75
47fada0b177dab76ee1914a7c1864fec,76c2392adf98db7d40886a6b4a584bd3,4,67225,2017-10-03 13:06:55,2017-09-18 13:26:47,2017-10-09,14.0,-6.0,42.0,17.6
c3ffda3e2dba2e24b92ca8f18ae342e4,3b7a97d5bd2789c9087188dbfa105445,5,67241,2017-05-26 09:04:02,2017-05-18 09:03:32,2017-06-09,8.0,-14.0,490.0,32.08
99e00d2ab2ed39968f74115fbaabc561,93483f560d46ab6fb3fbf571c59d78dd,4,67267,2018-01-11 15:23:50,2017-12-17 22:49:34,2018-01-19,24.0,-8.0,129.0,20.14
33bc65b0286e93b8cbfdd377c93bea14,204db9688bc8186b733dc3104b6616bc,1,67269,2018-04-13 20:52:04,2018-03-26 22:10:11,2018-04-06,17.0,7.0,104.0,14.72
02b4ae1dd5b6dd6b2fe16c90541f9a5c,8f403b0cd8695918b7937e91e5b39c5e,3,67305,2018-04-24 21:50:46,2018-03-12 13:30:51,2018-03-28,43.0,27.0,109.99,14.86
f6e68ebf3541f3e3196071327c539d98,e5529743a1c280328cb7fa14a08b69dc,5,67311,2017-09-06 16:43:16,2017-08-22 12:09:09,2017-09-12,15.0,-6.0,45.0,40.52
708b08e268f265001d6da1ee464a2a0b,c290cb2817cca2e8d2656617d17acfad,5,67326,2017-03-20 10:37:50,2017-03-16 10:38:02,2017-04-05,3.0,-16.0,24.9,8.72
1a5d442ce5c6a49be70a17ba598c1c39,d7b9a152c1afa4cc6369201a7b04dc68,3,67336,2018-01-30 00:06:28,2018-01-16 12:37:10,2018-02-09,13.0,-10.0,149.0,34.84
12416af18a71403380ecd6e6ca53332c,83a9c18344682fcbc57696019ff1ff2a,1,67345,,2017-08-11 17:40:19,2017-09-13,,,50.0,17.6
2f895373ed13fc577bdccb8218e92ee1,75687059537f4b53423dc1d645c6822f,2,67351,,2018-02-28 21:28:33,2018-03-19,,,204.0,14.45
946021cf1b51887eecb7000f393fce46,78db0b29049b6795343e2a8ba2f48ff7,1,67360,,2017-11-09 22:29:00,2017-11-23,,,68.98,15.56
ca67f54ed1359e7c2a2cc48206a54416,39e8d5883eb12c66b1d2bb1799810d05,4,67420,2017-06-01 12:48:02,2017-05-21 10:55:29,2017-06-13,11.0,-12.0,21.9,15.1
80e989186527f2df6d26c7aeba39250f,2bfa7e40282f34e7c06a00cfd2cbe1ab,2,67446,2018-01-15 14:32:53,2017-12-30 14:42:08,2018-02-05,15.0,-21.0,259.9,18.26
d2b67a1c3b41edd2b3d505569ca5b802,bd5ca78c172780ac8248ce1c4df1150b,5,67447,2018-02-14 14:56:36,2018-02-04 22:27:05,2018-03-02,9.0,-16.0,149.9,14.8
1014a11f93657c6694e8af792f89c7a8,e4edd7f42d1e4c150c41533aee5e7a36,5,67456,2017-04-17 11:06:16,2017-04-05 21:17:47,2017-04-26,11.0,-9.0,69.9,11.88
ac20a46127b0f60c3b5acba9793e730f,a915d736d392c278f5220c55f8275393,5,67465,2017-07-31 18:47:40,2017-07-21 22:12:35,2017-08-07,9.0,-7.0,99.99,8.28
4424f6abee4bc34ecf15b5e2a2a179ac,07664da4fa93862f7f2f3fd353b99e73,5,67501,2018-02-06 18:59:06,2018-01-09 08:45:00,2018-02-16,28.0,-10.0,129.0,20.14
e0eeeb2fd50076a8d540d6a61bbc1529,4fc7baf99c39f26dc14168981f918554,1,67533,2017-08-02 21:47:47,2017-07-15 12:56:35,2017-08-14,18.0,-12.0,31.9,15.79
dea072692960f7128d1c375a22f98d92,b04477ada8d2ad7fa9d95358baaa785d,5,67544,2018-01-06 13:39:08,2017-12-21 12:27:13,2018-01-26,16.0,-20.0,27.7,15.1
edbaf88bdc6fcbfb965147b9458752d2,d233396e96f47b3dd9eeb52c797dc56d,2,67559,2018-02-14 15:27:49,2018-01-31 20:19:53,2018-03-06,13.0,-20.0,38.9,12.48
29565d90edcf0efbcf0864ee087cad6e,d96b7c2964abbbf7ed9c2765fd25c8f3,5,67563,2017-12-05 12:38:55,2017-11-23 13:29:30,2017-12-22,11.0,-17.0,265.0,26.37
795a28ba934c8527789c350cf77931ca,71f344dcca43baaa095dc61c9a998917,5,67569,2017-07-04 15:34:36,2017-06-28 11:19:15,2017-07-24,6.0,-20.0,207.97,30.089999999999996
487ca04ad5bba50dfca438d708bd8434,c2ce0c4ec17fc536b85fb3363853bb17,4,67573,2018-03-02 22:27:27,2018-02-05 16:41:52,2018-03-02,25.0,0.0,39.9,15.11
8d95580b1d837de925806037a370dfca,3c6e9cb84555b442fd5622e552195a14,5,67578,2017-07-25 21:57:45,2017-07-12 23:09:37,2017-08-07,12.0,-13.0,205.0,26.27
3700f8d8618f19efc7f9443bd41cc551,0fe8b4edfb85dd0eb662345e71b30378,5,67588,2018-01-10 12:34:27,2017-12-27 14:29:52,2018-01-26,13.0,-16.0,39.9,16.11
cca4be456ffde65612afcf161fd36c83,901eda457aecf2fcb2639e4175bbbc6a,5,67597,2017-07-04 16:32:07,2017-06-27 23:02:06,2017-07-19,6.0,-15.0,35.06,15.1
560c63ae54faba016b733149ea7798b0,1d46e93ded8b3ff059abe41e14754362,5,67700,2017-09-04 21:15:12,2017-08-23 13:58:50,2017-09-19,12.0,-15.0,119.8,32.36
a02b73e4d2635e4da2765c2d1a9b2f96,fb76ca91d6aa4a18429f91a8991355c9,4,67703,2017-09-05 09:17:40,2017-08-19 20:46:24,2017-10-02,16.0,-27.0,69.9,28.89
0d137e4e068af4c30e1f241eb53ac44f,93b78181e649b7f9afa19b6240ced12f,5,67704,2017-09-20 15:23:24,2017-09-14 14:08:27,2017-09-26,6.0,-6.0,25.99,7.78
3a12c9779661170ffdd7835d87934ab2,e7ae5aa5c6aee358cae7da910d48fe36,5,67796,2017-06-27 15:46:38,2017-06-13 09:46:55,2017-07-18,14.0,-21.0,26.9,17.63
99cb21f55a7751f44f3454e1be278819,42f16bb187fd5584e599c7c2e74aa39e,5,67798,2017-07-31 21:17:41,2017-07-17 14:45:25,2017-08-16,14.0,-16.0,129.99,18.48
6264b11fead62efb50b820579b22e0c8,045fdf416ed4db7ae710009397448586,4,67810,2018-01-24 21:56:55,2018-01-12 12:04:11,2018-02-08,12.0,-15.0,153.0,33.52
a9d8d154b0906d8948d7256e59a4ede1,835bf4777ad72891587719f1098e3528,4,67819,2016-10-14 09:09:13,2016-10-07 08:28:29,2016-11-29,7.0,-46.0,30.97,10.96
2be8f71bd39c620331820ac4e0147f86,ed510933339bd7b6d8e16d6c83026998,5,67822,2017-09-05 21:03:24,2017-09-01 08:03:41,2017-09-20,4.0,-15.0,69.9,16.12
2ab716db6d7c8e9715cb779e1e0b454f,0b0bd9b754737f8954ee14d15c7acb85,5,67853,2017-12-26 14:42:51,2017-11-29 09:03:43,2017-12-22,27.0,4.0,89.9,13.65
006fba9f0ca832cea00aab74b0a7e229,3c4e225b9b32cc19fcefee42082df53f,5,67867,2017-11-03 20:38:51,2017-10-26 14:06:12,2017-11-14,8.0,-11.0,59.0,16.04
75d896ea9e07675dd6f45a44746e4725,cf72ba515bbb8a0ee1723579cc7d0380,5,67872,2017-10-24 14:59:03,2017-10-18 16:20:32,2017-10-30,5.0,-6.0,69.9,8.72
f59ee5973d43f6370707572c25366c67,eccf3572dd199488a18da264de60e1b0,4,67887,2017-05-22 10:07:43,2017-05-16 15:42:43,2017-06-05,5.0,-14.0,79.99,12.69
4bceca6be791224ab6c646b9c0e8968d,5c19570470dcab18cd18b1cd390c042c,2,67915,2017-08-31 21:07:47,2017-08-28 13:49:55,2017-09-19,3.0,-19.0,259.98,62.52
391e61bca20ca5e12f1c0649e37e5457,06ff6cb289c9f1d1ccacc6764874e3c2,5,67918,2017-08-22 17:17:02,2017-08-15 22:42:16,2017-09-06,6.0,-15.0,42.79,15.1
4c06384f533281e3e7d4b8a660825576,14eebf4ee4861266179c58676b1bccf8,4,67958,2018-02-23 20:14:28,2018-02-16 08:37:36,2018-03-05,7.0,-10.0,69.9,9.34
169d9772ff4ae4c507880095312a6a43,72bee274b97b852ee7741bfa0b924105,5,67963,2017-03-21 08:15:34,2017-03-07 13:58:07,2017-04-05,13.0,-15.0,109.9,22.7
3dddf108aeefeb706be421911f133957,2b8b7636f69e8dca87850024171a19fa,5,68016,2018-03-13 18:39:25,2018-02-22 21:56:23,2018-03-26,18.0,-13.0,99.0,17.13
ad960b402307200271d620c27a30605f,353c2d280644bb6bf788b0591a162373,5,68028,2018-04-14 11:09:31,2018-04-11 17:00:49,2018-04-24,2.0,-10.0,54.4,8.88
50ff40d2140849c240d36f448d8a4142,f09f3f77745d7ca1975a8c080123a68a,5,68032,2017-08-02 12:18:34,2017-07-25 14:01:36,2017-08-16,7.0,-14.0,124.99,15.69
5d7e1a2c8214b1a009301fe6e98fb1a8,c07db2ecf8530bd60659764d866467cf,5,68050,2017-03-21 15:37:28,2017-03-10 12:10:11,2017-03-31,11.0,-10.0,17.9,20.43
8a7082371c6cd32372b03308831e5b3b,fc44f1ca335ffb4a85d6b111dda4b531,5,68055,2017-09-06 21:23:35,2017-08-27 17:31:39,2017-09-20,10.0,-14.0,460.7,17.97
98d8dc9b7bbff394cb97c2c7dbc7dbf7,a10a8370fcfb9246aea821e3a4778863,5,68062,2018-03-15 21:34:28,2018-03-08 21:32:47,2018-03-22,7.0,-7.0,89.99,8.98
6f88729a1c1971ca4b2cd8fff966e604,b8cab60cb755ff3798f7eda51e6634f8,5,68069,2018-04-03 12:18:35,2018-03-30 21:28:48,2018-04-12,3.0,-9.0,139.5,14.97
7ab6c5d163369621b83f4d1833d1677d,9827713c2434c817eacd058f8dcc5628,5,68072,2017-09-29 19:41:48,2017-09-24 22:09:17,2017-10-18,4.0,-19.0,55.9,14.12
0c99dce4265ddf38458ded74b133528b,62628ad72362122adab99bbe834e0d25,5,68111,2018-01-04 22:37:57,2017-12-03 22:57:35,2018-01-10,31.0,-6.0,84.99,16.35
2257d0e7866160e6c9d8dba2be68421c,d978b987ad3fec35e680ec4e4954c3bb,5,68129,2018-01-26 16:09:34,2018-01-15 18:11:11,2018-02-15,10.0,-20.0,48.9,16.79
652ab096011ff771eb3948b10f633581,e298159aa5f22e9d556add24a66be952,1,68143,2018-02-01 03:03:48,2018-01-26 14:36:23,2018-02-19,5.0,-18.0,82.88,36.39
f07bfa96cfd9712c2b1071d30333ca98,9def7a5fa150d19b1aaa252828db8df9,5,68159,2017-04-12 17:38:07,2017-04-04 22:33:07,2017-05-08,7.0,-26.0,52.0,29.04
8db348a2241e4722e2f0aa82d931d361,c39b4b096477122be2548ca4b4462b21,5,68174,2017-12-29 20:32:40,2017-12-24 19:01:26,2018-01-30,5.0,-32.0,49.99,31.02
da5d59a7f6c287b078af541dbcabad4e,e2106d4c268074159f4e90a33cf4e18c,4,68183,2017-10-19 19:56:46,2017-10-17 21:33:55,2017-11-03,1.0,-15.0,399.98,46.38
7c5259bcd85c4114cd5eddef2b4089aa,38636a6a86131fe2c507943a16833350,4,68185,2017-03-29 12:47:49,2017-03-15 16:38:57,2017-04-07,13.0,-9.0,127.99,23.19
b975d4e192a17ba68fae723ad439bee9,fcbde30c46201f8fb244724e710ccd57,5,68213,2017-12-27 20:23:34,2017-11-25 20:12:05,2017-12-22,32.0,5.0,494.99,20.71
c5f798fc17e4356141ecd324d0a7fadb,a6b961bbc6456602f652d926ee9ccd0a,5,68215,2017-11-16 16:09:44,2017-11-08 08:27:31,2017-11-29,8.0,-13.0,79.9,14.29
9efa3616388f3702b08359dc21ae7ecd,5999d0076050549364f1df892e1aeaa5,5,68220,2018-04-02 19:38:42,2018-03-22 10:14:00,2018-04-13,11.0,-11.0,20.89,22.93
77ab0ca45792c272cd520227f90f80df,f3da221e0d9a3dc9fc69c38ebc04e196,5,68270,2018-03-05 17:25:01,2018-02-24 20:27:49,2018-03-16,8.0,-11.0,22.99,11.85
bbe2dfbb00c22a35c2e84c8ec9fb0415,48fcb88788cb3df0296a5dcf8f95ac68,5,68308,2018-01-26 20:16:41,2018-01-16 14:51:35,2018-02-06,10.0,-11.0,45.9,15.11
f8d01f9569a48074a6c5dc3e08ff69f7,1bfa3dbef549cf9ba5c5661ef1b63168,5,68335,2017-02-13 08:51:25,2017-01-15 14:35:54,2017-02-24,28.0,-11.0,380.0,39.06
af3159ffa405dc97bb748674fcbf884c,e2a4e699c1ba4cf1036be1ca8851b2f4,1,68363,2018-04-20 19:19:17,2018-04-07 00:49:37,2018-05-02,13.0,-12.0,164.0,14.51
595d98d486e668983f9598a2010f38cb,e583169435fd3724212034fc16805ee0,5,68380,2017-08-18 17:17:34,2017-08-09 20:53:41,2017-08-31,8.0,-13.0,29.99,15.1
891a970ff766151c96f0ca9516c62c36,46162b40be0f9a769ab382cfac1d9a20,5,68474,2017-08-24 17:14:20,2017-08-15 21:43:53,2017-09-12,8.0,-19.0,79.9,17.81
deaee74cbcf568d0e3fcca927a80b5b9,8a9c92e30e40b3396b2b697f38273972,4,68513,2017-07-24 19:54:57,2017-07-12 20:13:21,2017-08-07,11.0,-14.0,205.0,26.27
2b01e103731f861eea86dd17a568e385,2b7d922e73fbd058099b6ff4b33e99f7,1,68517,2017-10-16 21:37:57,2017-10-02 18:02:21,2017-10-30,14.0,-14.0,169.99,17.76
df1847502fd9394ba580ef2e9d3ed307,7bc9425754bf6e2275442bcde2337180,5,68534,2017-07-04 14:47:39,2017-06-23 13:10:13,2017-07-17,11.0,-13.0,149.9,25.89
d059af5cf5f4eb140d662ac317af84b6,1442b25f1cb6b0dd05c29b7df04aa0aa,2,68553,2017-07-13 18:06:26,2017-06-29 20:51:39,2017-07-21,13.0,-8.0,50.4,15.1
ef2d1e310eae7eda37dc949a2883f422,7eb3e26f4add684a86cb34bf2a0fac59,5,68559,2017-09-19 16:55:01,2017-09-11 10:20:21,2017-10-02,8.0,-13.0,34.9,15.1
6c7b167ef0caae450e01a07eeb27a33d,810f22c9d640f959cfaddb6c05be5504,4,68563,2017-07-24 20:33:00,2017-07-08 12:31:36,2017-08-03,16.0,-10.0,159.0,43.48
3d9186bc9f7b62287aaf17e739a95dca,e0ba4b3c107e06a39d608c7442467d85,1,68572,2017-12-26 21:52:26,2017-12-09 23:52:16,2018-01-15,16.0,-20.0,122.0,32.38
1ba9a14c12829de554f88e7ec1c63b83,5226003c0580585a8fe4e9b6d2935c2a,5,68576,2017-08-08 18:23:52,2017-07-19 10:28:38,2017-08-14,20.0,-6.0,155.0,16.85
472a5cceb0c2a9519e44f45b6c9704b9,0a32c98faaa09357e357a60d02704a3c,5,68582,2017-12-20 12:43:24,2017-12-14 09:36:10,2018-01-03,6.0,-14.0,45.9,9.34
0e86f17c9a3c4470ca0e5601fc2a1b44,31b9cf3309387ffd343b19690e6985a0,5,68590,2017-07-19 19:34:50,2017-07-14 20:57:25,2017-08-03,4.0,-15.0,187.0,12.81
13837f84a53e80515a30e6773e9f8fd4,2c7166305c873b61875185c04a58fce5,1,68596,2017-10-19 20:39:46,2017-10-10 09:27:07,2017-11-13,9.0,-25.0,143.0,47.53
68d95834657f7f3e701e987a4d4349b8,f18f555bdd4c33bcebaa68a9d6c91980,2,68600,2018-05-05 15:44:41,2018-03-29 16:10:08,2018-04-20,36.0,15.0,173.0,19.09
f8daeac1e25366aaa188d573bb0bcd3f,ce938f4382d04c8b3df8c773d3187449,1,68616,2018-01-03 18:03:00,2017-12-05 15:25:21,2018-01-11,29.0,-8.0,479.90999999999997,217.32
31a8b88662e46a29a11702d560e5623c,a33d16c09dd48c17ac858d779e6127a3,5,68642,2017-12-17 13:51:33,2017-12-05 10:18:04,2017-12-28,12.0,-11.0,34.99,11.85
389fbd39c395b4ebf4a11677bf312542,543e16341e28ed8a88ab9c1f77e48b07,5,68646,2018-03-16 22:03:42,2018-03-05 14:27:58,2018-03-21,11.0,-5.0,79.0,12.05
fb06d72e50f4cd223ab6c05e75e79013,7de22a4935b90873ea2bde9e05fef9f2,3,68677,2018-03-06 22:12:04,2018-02-10 22:28:49,2018-03-09,23.0,-3.0,59.33,17.67
6589f2ab0e2f9d5a3b35ee173fe69ac4,fe9ff842f65047f5a82c48905a18cc98,5,68686,2017-02-06 09:17:50,2017-02-01 15:25:47,2017-03-07,4.0,-29.0,9.5,8.72
405eb2ea45e1dbe2662541ae5b47e2aa,03c939fd7fd3b38f8485a0f95798f1f6,3,68708,2018-03-19 21:48:52,2018-02-25 21:01:08,2018-04-02,22.0,-14.0,26.0,16.11
08a06f52e27f694f6d0cd2b5785188e4,df408c5fd9ac041cb84e393a6ff9e75c,3,68720,2018-02-22 16:21:58,2018-01-19 23:04:51,2018-03-28,33.0,-34.0,79.99,41.63
3d5ffef7ce0a157131cb7e02bb7e63db,3c608a571543f2f2b96f2e6cb3a2d10a,4,68733,2018-01-23 20:22:58,2017-12-29 14:26:50,2018-02-01,25.0,-9.0,169.9,21.68
009769749327af83856bda2e6a2f4a01,2e3e34bd9284d4ff8e51142c7c70d144,5,68790,2017-09-29 17:58:42,2017-09-21 10:02:36,2017-10-18,8.0,-19.0,139.9,16.74
4db9e5899c33dc88aaa73c3294d94b82,5f9b2cafa834aef683c653590c8918f2,5,68801,2017-08-14 09:25:43,2017-07-14 17:51:55,2017-08-15,30.0,-1.0,98.0,36.01
58337c9336596e914a2b8068d4e704ee,dcefbcc0abf928c96a94c20fdae4e85d,5,68814,2017-02-21 12:17:55,2017-02-07 14:17:43,2017-03-06,13.0,-13.0,149.9,15.22
80d08026b1b037706fc74ea92ea7b680,f06e135f2a783426a58b29014f2346b3,4,68826,2017-03-02 15:15:25,2017-02-11 20:41:14,2017-03-24,18.0,-22.0,9.9,14.52
32a44d7a1982e5e86f24763e52308f71,a679a3450fae65339681e567b378ebc5,5,68870,2017-08-29 17:53:19,2017-08-14 12:45:58,2017-09-14,15.0,-16.0,309.9,18.61
d4306ec4cc87a90f2e161fc94ef2a0fa,c6dfaf0f0cbfbb5e1f2964e4feb57160,5,68883,2018-04-05 18:07:48,2018-03-28 19:41:03,2018-04-16,7.0,-11.0,28.9,15.23
4a1d96aea1ce4ea3cbf78eb463a3f3e7,4dddc6bf4a7bc34351215406bf7ecacb,5,68901,2017-06-07 13:25:09,2017-06-02 12:20:29,2017-06-16,5.0,-9.0,99.99,9.51
cda088a545d86fd6bfeb377de0b6c8c2,6c2953724cd30669e1b904e179a2346f,5,68909,2018-03-12 12:53:26,2018-02-17 10:33:27,2018-03-22,23.0,-10.0,49.99,16.79
bfc9a1f6ad70cba0c399612ee2179825,11ff39d90a8e9d316353b0a516c7a508,5,68916,2018-01-16 00:34:50,2017-12-20 11:47:04,2018-01-17,26.0,-1.0,185.9,29.82
5d69146d89990e8ea5266cb2bdaef1ee,7280e73216120ebb4358a41b3d947e5e,5,68920,2017-03-22 12:35:12,2017-03-05 22:02:38,2017-03-31,16.0,-9.0,72.99,23.06
3211c99d7990f21e3691f3e4db482ac4,8844bd02142a136fea55527567960615,4,68934,2018-04-27 16:09:52,2018-04-06 11:34:08,2018-05-18,21.0,-21.0,64.9,20.18
cc9e8f33c410c17cb2733d0bab5bbed2,2eb223bca7f1fae261d99669d7e8b20d,5,68980,2017-08-14 17:22:59,2017-08-07 13:39:33,2017-08-18,7.0,-4.0,190.0,10.74
b98a9a888201b117e1b5c38a2754fbed,049f68d642ed97629f4f13966b3082af,4,69070,2018-01-12 10:54:29,2017-12-25 17:49:18,2018-01-24,17.0,-12.0,109.9,25.61
235427b929e21626335684f566baa770,652a34a98deb42a4ce9408d3287a100d,5,69075,2017-08-07 20:12:38,2017-08-04 01:58:08,2017-08-17,3.0,-10.0,59.0,7.78
275465da5c264f153174e887964acc59,dc281ba54d58f3a819966dc9c879241b,5,69118,2017-11-21 19:41:43,2017-11-18 18:52:08,2017-12-01,3.0,-10.0,71.1,12.23
7334cf771806c863d1ad23f8e26c5374,f18d7bf3eb0f438dc4462cd6dd40aab8,5,69133,2018-01-30 17:12:55,2018-01-10 14:08:45,2018-02-07,20.0,-8.0,29.99,15.1
497ae122debff7a676ee47eae9e0ee85,e0f2960cae7a59eeda7cc3c30ec0fa0c,5,69153,2017-05-12 13:08:07,2017-04-27 17:47:20,2017-05-29,14.0,-17.0,35.9,15.56
ea89628cf22606ea59b71c3d70167c21,d76365196bbcbd01da5825472503cf32,3,69161,2017-10-21 13:08:50,2017-10-15 23:06:38,2017-11-09,5.0,-19.0,29.9,16.11
67746bffb58bfbd078d86cb0eb146e0b,c0b51ee494d2b45a141887d2d007c915,5,69169,2017-06-27 16:32:08,2017-06-18 07:26:55,2017-07-11,9.0,-14.0,179.8,35.76
a9a11a2640a21a641e2cfbc181f70019,985a31fe34d1b11e3ba6fb850c1803b3,5,69177,2018-03-08 23:40:51,2018-02-20 18:27:09,2018-03-15,16.0,-7.0,23.99,15.1
406d013ac8564ea21dc767b4ead09655,0800193c2810da8b955ec8cae2b82e11,4,69203,2018-02-01 15:32:58,2018-01-25 16:32:37,2018-02-22,6.0,-21.0,99.0,25.73
ff681ca701e3dcce7599bf463945c45c,916f6a4c3dcd2f31f59a340a281e888e,4,69248,2017-10-28 12:59:59,2017-10-15 22:06:05,2017-11-06,12.0,-9.0,59.9,13.44
c83272ed1646d82458f1d1294c07b085,4c7e0a5ac91085b463608e9c32589610,5,69300,2018-03-14 16:03:38,2018-03-05 06:17:17,2018-03-22,9.0,-8.0,125.0,12.37
e687cab00a8e6b643b16ef4020ef2333,6f32b46fc3b01903852f3bcc592c5687,5,69306,2017-09-15 19:37:41,2017-09-07 13:27:09,2017-09-26,8.0,-11.0,48.9,12.69
08ebd29e891585c2f5831c6fd8b052f6,d2ef78d642086d0cea1193953c8732be,5,69329,2017-12-04 20:42:32,2017-11-24 19:46:05,2017-12-18,10.0,-14.0,179.98,27.3
73ee4b6965b0da55b40394004cfc9953,a0965651e1058585af3d91274b10886e,3,69330,2017-07-24 18:10:12,2017-07-04 17:27:56,2017-07-28,20.0,-4.0,205.0,22.27
d6d414b5fa966aaa0ebf4d9bf7848fe4,807e1137296f0952dc5038aadf9d1f76,2,69337,2018-02-28 18:27:42,2018-02-06 16:33:24,2018-03-08,22.0,-8.0,53.99,15.13
225e7d0ed25cbaad81456dc83d02cab6,ab603a1053e4be360569a5310fd35e4c,1,69373,2018-01-26 18:15:23,2018-01-17 08:27:20,2018-02-19,9.0,-24.0,149.0,17.48
da464a051311af9b76be57cb79744ff5,3ec57f387771800e135888860c546cf8,4,69419,2017-10-06 15:39:45,2017-10-03 13:28:48,2017-10-19,3.0,-13.0,12.0,9.34
7130a7201f5db2373281526e936c3b81,94db8945405f2a5bfa3b93346ff1f3ab,5,69462,2017-05-08 08:11:51,2017-04-26 15:24:58,2017-05-22,11.0,-14.0,39.0,10.96
1162a8a5e120f4ce176753e2b0b41014,b7d6f9e405deaa6ff82ab9d96608482f,5,69476,2017-05-08 12:50:15,2017-04-28 11:50:40,2017-05-22,10.0,-14.0,239.0,12.28
ba44f4cfaa72cff322bf84ad19dc4680,6dccfb3ecc8d480f75f2b28c745a30fd,5,69507,2017-11-10 22:47:57,2017-10-26 00:04:59,2017-11-30,15.0,-20.0,29.99,21.15
d18529d379fe9fa8b687a0a15b8ba2ba,7a73fa784937ecc3d3f4a6fdd795ee1c,5,69541,2018-03-09 23:22:49,2018-02-21 20:46:03,2018-03-20,16.0,-11.0,199.0,16.14
6ec710a155a150384c9c1ab40daff614,0603e869ecff28981f22e3ea3e91911b,5,69543,2017-10-09 18:18:43,2017-09-26 17:48:04,2017-10-20,13.0,-11.0,274.70000000000005,68.83
7ef40e7e77a2800c6174b711ac7aae10,87fa3e925b3406c52f70ca7c5faccce6,5,69548,2017-07-15 13:21:33,2017-07-07 14:07:02,2017-07-20,7.0,-5.0,64.9,7.78
5cbadc767f729b9eea2590ccd5c92878,37d69379ae52462d505e0711aed2c296,1,69573,2017-04-03 14:56:52,2017-03-26 17:54:57,2017-04-13,7.0,-10.0,24.99,8.72
a5ec8961e29a59161e60adda6ca6ec5c,61ea8fda11e9314eb8175e8769036e97,4,69589,2017-12-28 19:49:21,2017-12-15 12:07:17,2018-01-26,13.0,-29.0,159.9,38.67
0de6136c57a0048df224ff529ca2f6ce,50a6fb3fc2465d6d820f5a569be4d566,1,69610,2018-01-15 16:05:27,2017-12-28 16:22:35,2018-01-29,17.0,-14.0,12.9,15.1
94d8de2a04b8716dc409a74685ae8c74,c17386c1faa5ab9b68b085ac90efac67,4,69625,2018-04-16 16:37:32,2018-04-04 21:58:01,2018-04-26,11.0,-10.0,99.9,21.78
e435179f0784c120ff1887ba1a9d958a,5f77c667e359b2c0f82926620943feb0,5,69657,2018-03-13 22:24:36,2018-02-23 12:38:24,2018-03-15,18.0,-2.0,53.9,13.4
652029aa79cc117e24ef61f4f957f3b6,25b951c1d074042d59f6545470172015,2,69709,2017-10-13 23:06:49,2017-09-30 16:30:39,2017-10-18,13.0,-5.0,52.99,8.72
60a9e896bec8cc3ada143f2954262a25,ebe03df05336a64593a9d06ed6b09db5,2,69711,2017-10-16 20:12:27,2017-10-09 19:02:53,2017-10-30,7.0,-14.0,168.9,14.2
8341c8e936454d7de07e3c4e0381057d,b4abb149fb1b128bbd21db842a86e891,1,69740,2017-09-19 22:47:45,2017-09-11 11:48:37,2017-10-06,8.0,-17.0,63.84,30.2
fdd7b88dd7e3570cf4d45394d610702a,7c2442a9fcc83aece6cfdc4665bba387,1,69750,2017-03-17 12:34:29,2017-03-03 13:21:26,2017-03-24,13.0,-7.0,391.8,36.22
c3ed26e2877f551e264f2939744c1666,10bc94fc052750e8053c44b8a0cdab8d,3,69756,2017-12-26 19:52:23,2017-12-11 13:32:50,2018-01-11,15.0,-16.0,349.9,22.85
c5cdc48b196a4d1a3a6d5a778befe234,86ed1f35a1297fcd9ac0f8cefd187fa1,5,69769,2017-07-11 18:33:49,2017-06-27 11:17:51,2017-07-21,14.0,-10.0,99.99,16.95
60b2c5922652e33b41fad3e857e26e13,42682e26483a7308854ae17e8ff408dc,5,69785,,2017-07-07 12:48:06,2017-08-07,,,23.98,14.1
50e1625fbc612ddfb6a6623c022798c7,844e12775ac8e461b63b4b1d225bb53e,5,69819,2018-01-31 17:43:15,2018-01-27 10:35:58,2018-02-14,4.0,-14.0,24.9,9.09
da01f1c85472bc88b99c1012c9a784b4,2b4aa534be731020396ff6564af04cb1,4,69858,2018-03-27 00:16:45,2018-03-16 15:13:26,2018-04-06,10.0,-10.0,119.9,19.81
f305c3b10a45a9e9d056c4928bcbb2fb,1a13ca44eb6a81849dac4aca572b5694,4,69868,2018-02-01 20:29:57,2018-01-20 18:56:44,2018-02-20,12.0,-19.0,49.9,17.6
11564042413ef9e08b4871eb703a9473,5519f6280de7d1712691ab0654fbd0c0,5,69892,2017-11-27 19:42:45,2017-11-16 14:12:24,2017-12-04,11.0,-7.0,140.0,9.73
c18f03c112f5487f249d55c430281ff1,8cf18ab59e81ce7230e9bdb5a49d4c72,5,69976,2017-09-04 19:18:12,2017-08-15 22:56:06,2017-09-12,19.0,-8.0,23.99,15.1
76a4cf8e43e2ccf37722826152110983,bc307d2f421c01c51c15f828da785142,4,69984,2017-07-17 23:47:32,2017-07-07 13:18:22,2017-07-31,10.0,-14.0,132.0,15.67
c158af888ec8cd5798bc7b17bda9b19a,332bbeb5cdd458723fa3565220c997ab,5,69989,2017-05-25 09:41:28,2017-05-19 10:26:04,2017-06-12,5.0,-18.0,144.99,15.76
3d942e64bdacf58915ff3fdd6cfe5d54,49cb71f6609cd6b341acb1cb3ea392b1,5,69992,2017-10-31 14:55:49,2017-10-22 21:02:25,2017-11-10,8.0,-10.0,76.8,25.38
70432fa303b38ccfe96a69b46aa96b0d,6a40b826639898f295c28154b2adf921,5,69994,2017-03-27 10:16:43,2017-03-22 18:39:20,2017-04-11,4.0,-15.0,34.0,10.96
d74724bbe9bfd9ae83a31f9c5a0dec38,ba5d446046c4678d335a1e3933460193,5,70006,2017-11-27 20:54:45,2017-11-15 22:16:39,2017-12-19,11.0,-22.0,31.9,15.79
a7b13c98320ca197e46e1debd37d342a,11535aefe39f2fd8ee398d7564d50cb4,4,70014,2017-06-21 16:18:06,2017-06-12 11:47:43,2017-07-03,9.0,-12.0,39.9,12.48
7ae1f793f7ee80b633a6434c238fe87b,db8f0ba38db1ec3fb5eccef40cad82a7,5,70037,2017-08-11 20:28:48,2017-08-05 13:38:08,2017-08-25,6.0,-14.0,69.9,11.99
de606ac147f6b5d3401b6c05a61d99fd,f6519aa0bb0a6531345ac2e6fdbb2e0c,1,70046,2017-11-30 18:57:19,2017-11-23 23:47:43,2017-12-07,6.0,-7.0,69.99,9.54
d2dec0f33eb8b8ce57bf756953b45f3d,72169ffd15efc268ce012f931a368c4e,1,70055,2017-07-17 21:33:30,2017-07-12 15:54:13,2017-08-03,5.0,-17.0,22.5,15.11
253a14186034be2d0fad09ea8e87eb77,fbb1eb1825f3fabe6f29d8f2837d351c,3,70056,2018-03-19 15:28:37,2018-03-03 21:55:12,2018-04-02,15.0,-14.0,76.8,41.68
6d533e27e199a4eb1cbefc65fc990153,c2478e79c7727fe8e2b477e3d79ca802,5,70078,2018-03-07 19:21:53,2018-02-21 22:57:00,2018-03-13,13.0,-6.0,43.0,11.85
3be4b1365df1a99a22f9983138f0d18a,f6eb8b6dbe3e8d62dfa502ba34413b4c,5,70125,2017-12-27 14:17:08,2017-12-18 15:04:49,2018-01-16,8.0,-20.0,119.9,15.59
552ead784fe27c47da3d3a22f6eaeb1f,7e666050aebcbd6feba9622558222157,5,70142,2017-11-09 18:06:52,2017-11-04 09:24:45,2017-11-17,5.0,-8.0,50.34,7.78
cc7234e0d21882a674a0f30fd40bbc6a,cac00f6d5c47ea72c4a8f62a307edcda,5,70155,2018-04-06 19:58:47,2018-03-30 22:22:40,2018-04-25,6.0,-19.0,189.9,19.26
1dd9b911fe23dbc99bb375c8a9e3ba23,64104832b73ed5ba84d57f80a05cf01d,5,70173,2017-08-10 20:44:07,2017-07-24 20:01:16,2017-08-21,17.0,-11.0,219.54,13.67
e7476936d6f817ca2c999afe03167182,9f188fd1c4dddf39da5a0db98006c240,5,70188,2018-02-23 22:49:23,2018-02-01 23:20:38,2018-02-23,21.0,0.0,169.0,23.5
d49b99c00c927745fc262a1313945153,609d36dbce43c3ba5232f83d58381f00,1,70275,2018-04-20 00:15:19,2018-03-26 05:47:36,2018-04-16,24.0,4.0,226.97,108.61
31710fec300ad29f9a3c2cb1f128e2ff,b0d7b6944026251e2bb069eeef3c647d,4,70304,2018-01-26 11:38:51,2018-01-10 06:07:01,2018-02-05,16.0,-10.0,108.0,16.52
0e4b2be5673a834cb0e710cc292fd127,607d3bb7a9446cd716e0fe3689dfcdaf,5,70305,2017-09-13 19:54:50,2017-09-02 14:38:20,2017-09-25,11.0,-12.0,690.0,53.57
50fa1de15e4d678a99c81ed6ad725e57,eabb26aeb1ce1147b26952c40f719f0f,5,70310,2017-12-06 17:41:35,2017-11-30 18:37:18,2017-12-18,5.0,-12.0,45.0,9.27
61f132a30f1568d0bea3a72ac27dc456,314c025c229f30a1b32658c7555269b8,5,70312,2017-02-16 08:35:55,2017-01-25 12:48:49,2017-03-06,21.0,-18.0,59.9,17.16
8abc33433fbced18a989ff0515d52f7a,e98379ee17e55f764423de1d693daf42,5,70339,2018-02-02 17:56:06,2018-01-30 10:37:04,2018-02-15,3.0,-13.0,12.9,7.78
cfde3bdd3de5197dcc7b47187b0400e3,03ba7e127b7a5243620b6c62c740d722,1,70386,2018-03-12 11:26:32,2018-02-23 20:41:46,2018-03-27,16.0,-15.0,139.8,68.58
ae6399257528ca251fd44a1e782893d3,dfbf5b1075409ef1622cb159715f8f69,4,70421,2017-08-22 17:25:48,2017-08-14 12:52:46,2017-09-05,8.0,-14.0,57.99,16.17
8293e22d1ab5fc2b0c73995a9c1fa4eb,eb8ee5f8501215e35cbd211f85413fa3,5,70461,2017-11-29 00:27:10,2017-11-17 19:41:02,2017-12-12,11.0,-13.0,789.99,21.29
1c94365e6b461685bc4fec830ebcf691,6b33f86e78800877d42365c81cdaf0cf,4,70464,2017-05-30 09:20:00,2017-05-14 16:59:35,2017-06-14,15.0,-15.0,109.99,29.56
37b3eda5c02bb913377f4f74be80e2f6,1619ac7c95b1d3968cc98be483959b2c,1,70486,2017-05-02 12:11:03,2017-04-15 15:14:09,2017-05-15,16.0,-13.0,449.9,19.99
a074e228967bff7ad7ccbb669e4fce8b,eb7ad8aef38707da6cf8a476dd47198e,4,70488,2018-01-11 17:14:40,2018-01-09 19:59:13,2018-02-07,1.0,-27.0,155.0,8.83
b2e801ce3f2a8c208ad20a48a9787b0e,0af28d87520565eb3b57c9b2abe1a2cc,5,70501,2017-10-17 20:58:01,2017-10-05 19:23:16,2017-11-06,12.0,-20.0,2999.99,126.51
0cf1119c23bcdd9fa0e04c7ba3888aac,688fb7e7c929bfa4711317fb51d8820c,1,70507,2018-04-05 00:28:54,2018-03-08 18:05:23,2018-03-29,27.0,7.0,39.9,18.23
ac3217aef993bca0743fe69ec7a3fcd1,6faf5506e03c48ca5cd8fec8b1d7d1f0,5,70550,2017-10-23 19:04:04,2017-10-11 13:53:45,2017-11-08,12.0,-16.0,75.0,21.02
739991d70151c3840c96c397c1ff6a02,954ecf032c0fbd43696c6b12baaa293b,5,70577,2018-03-07 20:33:08,2018-02-15 19:02:19,2018-03-14,20.0,-7.0,19.9,14.1
f2c6da297c40c46e1d1538b51d3070f6,c6b85930220a1a577a8a8352c7dba78f,5,70587,2017-12-08 05:48:39,2017-11-17 15:28:17,2017-12-27,20.0,-19.0,143.0,38.55
793dbf2cfd6e0b4534d0710d5198cb23,b3eb711b3ee8bcf03282d08691df711c,4,70612,2017-05-15 11:47:58,2017-04-12 02:35:02,2017-05-15,33.0,0.0,60.9,14.6
0f8087f913359425e04d835aa8adb635,ad443a68e64f21acbda949c91bbe9aff,5,70643,2017-10-20 20:48:34,2017-10-08 21:42:48,2017-11-08,11.0,-19.0,109.95,18.34
755df8bd9de2206b647e2b1f64be8d13,b1746c7d13f52567b4cd6710249240c9,5,70651,2017-07-18 17:09:43,2017-07-14 14:04:02,2017-07-27,4.0,-9.0,49.0,7.78
43696de75bb09c3742dbb8f600c4599f,d172a1c2281047312e37b12be30a78b3,5,70677,2017-11-22 20:19:18,2017-11-07 16:31:50,2017-12-07,15.0,-15.0,339.0,65.05
61292dfd9fd77c6cbb2968dede302aab,bdfe88d4db37adc80c492a6097dba6b6,3,70736,2018-01-04 23:12:27,2017-12-09 10:00:34,2017-12-28,26.0,7.0,139.0,12.68
473eebaea742561740a227024af652ba,d5162716aed8b6a5ab095eb0a2940163,5,70769,2017-07-03 14:16:33,2017-06-29 11:49:19,2017-07-12,4.0,-9.0,89.9,9.44
778c5cc5324a21a4c400aa50ae805887,eec9f0b827bca9150bee156780bc2989,4,70786,2018-03-21 16:18:13,2018-03-11 10:39:18,2018-03-28,10.0,-7.0,124.9,14.96
f87486373ae1bbea385f8695848cb3bb,c671c0f8b33c619e3e77d7ccd3b934e0,4,70818,2018-02-19 16:06:53,2018-02-11 20:19:41,2018-03-07,7.0,-16.0,21.49,12.6
a41e67da3a2e2d1555246bd963f55026,1cdeb72a3ac42cd76c1fad6af0b4b317,5,70828,2017-06-23 12:42:50,2017-05-15 20:09:57,2017-06-29,38.0,-6.0,569.95,44.43
a369e0a4c6de3b6c904ec85fdbc6a80e,ad81810596aa59ceb988de37dc47926c,5,70837,2018-02-02 21:22:03,2018-01-25 21:47:54,2018-02-20,7.0,-18.0,124.99,21.67
5f48529be4d74b82ee354ef14a92aa54,b0459878e11dcfafd042b81083011548,1,70880,2018-04-05 19:58:53,2018-03-02 17:38:17,2018-03-20,34.0,16.0,175.0,12.73
19b6776fa1cf874e3b3fbbd739b8c8ef,82d1cc65b6ffc4c9eec8803be7132040,5,70901,2017-07-26 10:47:42,2017-07-17 19:05:54,2017-08-04,8.0,-9.0,114.9,13.14
27a54571b6e3cb2651b1338568f97d62,2176f1406c11f07dcdea94931730770d,4,70907,2017-08-09 21:04:43,2017-08-04 19:00:59,2017-08-18,5.0,-9.0,75.0,13.08
ba9348e6953ca2b48dd845157f865448,95e19f10a6f514fa5e093e74d2e3f58b,5,70910,2017-10-16 19:52:58,2017-10-06 16:56:47,2017-10-30,10.0,-14.0,495.0,15.81
31e63585b7a739ec6485a446e7df9222,6c4a7301e854d61f245807b71ec7642b,5,70935,2017-11-03 22:38:03,2017-10-27 08:19:47,2017-12-04,7.0,-31.0,49.9,17.63
ec7002e46681849e046eaad9d8a402ff,444ba35537c4a2b24c3bf2e576ee98ac,5,70975,2017-02-07 09:54:56,2017-01-27 10:34:34,2017-03-01,10.0,-22.0,119.99,20.92
6125f0c76587f106f8593c1a8f1edb92,69c57a5417fc7d21a4eefc51ccb864c0,1,70978,2017-04-17 09:54:11,2017-04-10 13:43:23,2017-05-04,6.0,-17.0,89.18,15.83
68ba53481e164d5cc52fd94f1d6e746b,ab1197da15cbff2ec70e2d58824ebaf9,4,71046,2017-09-13 15:42:33,2017-09-04 20:42:09,2017-09-22,8.0,-9.0,59.9,15.17
11b75a13c95d3ed7c4849e6e5ff44c01,5bd9862e9eb167d733096279f6b353ed,5,71051,2017-10-09 21:38:31,2017-10-03 08:05:20,2017-10-30,6.0,-21.0,32.9,17.63
95c5b958c36bdac83340d240e556c428,cf937bac66a020cc0077490569f3465b,2,71074,2018-01-18 21:28:52,2018-01-04 17:09:54,2018-02-05,14.0,-18.0,137.8,51.53
f348d9339b68cd3ee43b3603e05c9300,5664108fc73599db9191ed8160e0989c,4,71088,2017-12-12 01:17:16,2017-11-30 16:09:24,2017-12-27,11.0,-15.0,125.0,21.58
7eb88780497a2717734d283ba46492b9,a97d547ad23f485c9fb7b0eade5f7f18,5,71089,2018-03-17 00:24:25,2018-02-24 10:44:16,2018-03-21,20.0,-4.0,84.9,25.87
51eacc441491f05e7055643ddadc974a,b7a592c88818dcacf25f151e67f0bd8c,5,71111,2017-03-09 16:32:22,2017-02-27 08:03:48,2017-03-24,10.0,-15.0,128.99,16.6
469d5afe7af797c63fa2ad0730d080fa,2c453858db792dfba1340601d2814b28,4,71129,2018-03-28 20:04:12,2018-03-16 11:13:44,2018-04-12,12.0,-15.0,93.0,18.23
f861b597192487738976ac0515cbd044,4d938cb9756669aa9adb5e4e06db4850,2,71161,2017-10-18 20:35:26,2017-10-09 13:29:10,2017-10-30,9.0,-12.0,69.99,22.81
b1fdbe286d12e0e4cba6d53f76403537,036b791897847cdb8e39df7943367474,3,71173,2017-05-17 11:14:40,2017-05-10 15:34:59,2017-05-18,6.0,-1.0,49.99,9.34
9befe230987a398d5ea018578892ca38,051fa5d5438a17a06ebfd7b77c020e2c,3,71174,2018-03-07 21:09:03,2018-02-24 12:02:55,2018-03-21,11.0,-14.0,52.99,16.81
73e6c3569c7e94a943a7640ed32de474,f7d960d092a081a1124e6f27cdeb2130,5,71189,2017-04-18 15:46:50,2017-04-08 22:07:33,2017-05-12,9.0,-24.0,42.99,22.28
007fd1816d6eb150bab2cb6680d6b1ec,fb12e9f8e4aa61f0bce6b3afc7694dcf,4,71201,2017-12-18 16:55:07,2017-12-04 19:56:20,2017-12-27,13.0,-9.0,59.0,13.43
32dce92bb1e4bb4bb6933cfdc5666727,fd320d88b0222a59b4216257f02f6aa2,5,71212,2018-02-02 17:16:46,2018-01-29 22:03:02,2018-02-20,3.0,-18.0,127.0,12.34
fe5a9d715dbb12a412452dc117fe4c7d,6b36a70905c0109222b7b3185a1aaa4e,3,71220,2017-04-10 13:42:21,2017-03-27 08:52:56,2017-04-18,14.0,-8.0,64.99,14.62
6640187fac4664b78718417cea6777ef,e75f1bbf23dbdb449cd179f07abb8eaf,2,71226,2018-01-13 02:09:58,2017-12-05 17:16:48,2017-12-29,38.0,15.0,59.0,17.66
7bf7e3bc68e8079855ed1d2513ca63ca,8f28ec50f5b8025bd728c535fbd7eacd,3,71238,2017-05-26 09:39:53,2017-04-26 14:23:00,2017-05-25,29.0,1.0,125.9,22.81
6dcc649c7f9c0a74b2fdc1d8dce4ae45,7c6985797df04a52bd0d0b4b2b2bfb61,5,71281,2017-12-11 11:41:41,2017-12-01 22:07:21,2018-01-03,9.0,-23.0,129.9,16.67
a74135d999d3d77a7a3c54779332e250,f5f23aa3df06d76ce187b4209ea338ea,4,71316,2017-08-24 18:27:31,2017-08-20 16:31:57,2017-09-01,4.0,-8.0,68.0,8.72
6163daf5165721d4ff4360a6b7e0fe73,c1430335dd0a7398955a56bcd1ecb510,4,71319,2018-01-16 16:39:45,2017-12-27 09:20:18,2018-01-23,20.0,-7.0,179.9,31.1
3e651a7b0df8c8fa7f55c5e9b8d16428,3f5c39e43c1ec1232676e88090d48fe7,5,71322,2017-05-13 09:39:37,2017-05-02 22:11:54,2017-05-25,10.0,-12.0,141.9,19.27
33cb43d4e55f6de5cec474aada13d3cb,39bb6b8fd2355d062fb76cac478fe497,5,71354,2018-04-16 20:32:37,2018-03-30 23:32:46,2018-04-18,16.0,-2.0,145.0,14.37
5492192b7b1143908bf97f24186c68f1,9f87f15dfa076198ed479efbb1036dc5,5,71357,2017-12-26 18:42:48,2017-12-19 19:50:18,2018-01-12,6.0,-17.0,69.0,11.98
6ff5d25940999bbddcb0e624228d73b5,3e1ebea7add1c3a997a1a635b4978886,5,71360,2017-04-11 16:56:01,2017-04-05 01:12:35,2017-05-03,6.0,-22.0,127.48,16.59
c96ed5613cd09e67b6789e54ae01bb48,893f7dbf0468472c94499e6143a45541,5,71382,2018-01-23 21:59:06,2018-01-15 16:02:22,2018-02-06,8.0,-14.0,329.93,22.71
b4892c1ae81d3b936c4c33c76390cd87,287bda09a531679f371192ec2567ff71,3,71436,2017-12-05 23:16:57,2017-11-23 20:01:25,2017-12-19,12.0,-14.0,147.9,78.06
d767f7be2d0049a8b6a30390d8de70cb,034bc91b27d0de97e2ffa04946137764,5,71438,2017-09-27 18:57:46,2017-09-18 00:48:00,2017-10-05,9.0,-8.0,23.8,30.2
72ea10a0d0e55eae9402bc16fc341d28,1a949e19da7e100bd8220d2b47db7eec,5,71447,2017-12-04 21:26:52,2017-11-21 16:34:39,2017-12-08,13.0,-4.0,143.99,15.76
2286d30e0344664fb0a24b56a644f9bf,a91fed0c79559403d648c1161a2d8500,1,71457,,2017-10-30 11:46:41,2017-11-10,,,,
22725a1890ff2d1182c10d5f346aa538,1acffcfbb35247b9d15611ce0fe50460,1,71465,2018-03-15 21:45:32,2018-02-25 09:24:05,2018-03-23,18.0,-8.0,47.9,18.89
71a32715119be13536d31c97901183c8,bb00eb2dd9a64942be2a153901aae546,5,71470,2017-08-28 19:33:59,2017-08-20 20:50:18,2017-09-11,7.0,-14.0,325.0,13.77
3d3e9e76cad65e9680b302c2843dfb22,255ad076f0ef8eeeaf912d66df4c2a1c,5,71478,2017-10-03 18:34:10,2017-09-19 13:40:42,2017-10-10,14.0,-7.0,139.9,45.66
6ee3ef05e9fb27a987c7d5a9c8a1b3f8,701a4ca3334d676567d4e5016a02cac7,5,71479,2018-03-02 17:14:45,2018-02-07 22:36:19,2018-03-09,22.0,-7.0,149.9,21.54
c085fc5a6bd4df693ebce56a70f5efa0,b78ba2e791199cc6293f8abf411fa386,5,71493,2017-07-14 17:51:47,2017-07-09 10:29:21,2017-07-28,5.0,-14.0,138.9,13.99
77b47973c230b84c6f9a0581a57c0c62,28e69219369607a9fc2403113041677c,4,71501,2017-10-02 17:41:47,2017-09-23 09:42:12,2017-10-25,9.0,-23.0,796.0,51.32
a0922f01b4d00d41abd9a556b21abbfe,bba3a4e52c97d6726d2faf1f91016c86,3,71532,2017-12-20 18:29:10,2017-12-14 09:47:08,2018-01-09,6.0,-20.0,177.0,40.29
22e3c90e337bdaff5f0b4e37088eb330,a35b086d9dfac1991ee12dd08387c3df,5,71536,,2017-12-08 23:08:08,2018-01-16,,,279.99,73.59
98464d8581668fbf915101b6d5d937fd,6829390c4a5d4739d067ac8ee4828d8e,4,71585,2018-01-10 15:28:05,2017-12-18 00:33:31,2018-01-19,23.0,-9.0,124.99,18.15
f364867da8b0ef1838f0098dcc2fa6d8,faa1515e28c5d45a5bb6fa57bffcfb0b,5,71590,2017-02-07 13:23:53,2017-02-01 17:21:33,2017-03-08,5.0,-29.0,6.57,8.72
4e9abe9089cf9049a144f94ece070330,219b8a2c642a7c314644b58fa1036c7f,4,71598,2017-12-03 16:05:09,2017-11-24 20:16:44,2017-12-15,8.0,-12.0,325.0,17.02
141e625514063d7a6df6b1254f735c0c,59fa27082bb77c5dbd8a6568f3b34380,4,71629,2016-11-01 15:04:41,2016-10-06 11:32:00,2016-11-28,26.0,-27.0,128.9,16.04
2dd84ca4f360d71e3ac50bb231e351ae,1c3ff8273ec39c058ff80da86f9ca2c4,4,71651,2017-07-28 14:59:03,2017-07-25 22:14:11,2017-08-09,2.0,-12.0,34.99,7.78
9b2bd8d59117f1afb5be1c95556e75be,666a6228ea2363c308924bc929101d7f,5,71680,2017-09-01 18:22:35,2017-08-22 13:18:25,2017-09-18,10.0,-17.0,32.9,15.1
7f6117a6e82da982c5a87ff525652aed,e0e86e74456d51674570c5ae13d36b41,5,71811,2017-10-25 21:27:01,2017-10-12 21:25:26,2017-11-28,13.0,-34.0,79.9,52.92
5327c436cdff5c975e318d7bb4d0d0c7,2de291f751850e8d254b73ddae39bb91,5,71862,2017-08-03 18:42:24,2017-07-23 16:05:18,2017-08-18,11.0,-15.0,49.99,14.1
90f8ead8bd9b5050847938e6f5e67614,267f42757da398f66b0cc956f501f29d,5,71864,2018-04-12 00:51:28,2018-03-27 16:37:34,2018-04-17,15.0,-5.0,264.0,19.73
1872289312aef50b4b1d6763b54c941c,d022bdad33a575ca5edb8c4d51e44310,5,71873,2018-02-02 15:48:34,2018-01-14 18:58:26,2018-02-07,18.0,-5.0,54.9,15.13
6e5309b1580127701700c80d5bfb01dc,5d952c5bc80b046c423373cd126ceb00,5,71907,2017-10-05 15:06:13,2017-09-28 08:54:38,2017-10-23,7.0,-18.0,40.0,15.1
1808e984fe5a3d41d80cf4a57599bf47,cbe90389edee454fc22a84aacee69e6d,4,71922,2018-03-08 18:51:14,2018-03-02 14:29:28,2018-03-14,6.0,-6.0,27.99,7.78
6cc130828b852a08f285b4580c79cb82,4cc7a837ccbd410b6a7ebe3e15dc8800,5,71928,2017-11-28 21:55:45,2017-11-17 10:24:52,2017-12-11,11.0,-13.0,64.99,15.2
6fdf9d3b5b714a8330f6aafd50d0573d,ad1958db0db2e99c3c93a66955396d7f,5,71963,2018-02-15 15:57:49,2018-01-24 21:09:31,2018-02-16,21.0,-1.0,97.49,12.18
7b6075d79c053fccffbdac69bfbb2e96,c76a06605f09c1a1e5cf90bea47a528f,5,71977,2017-06-23 11:59:32,2017-06-19 09:09:48,2017-06-30,4.0,-7.0,18.99,7.78
6de237a95d1ed176e17086324a0d6052,82cb5727dfc9854c228dd5246c17b877,4,71979,2018-01-02 12:24:15,2017-11-30 18:33:30,2017-12-27,32.0,6.0,58.9,21.25
33901995d4689599189bd6e64ba5e738,ccdd16bba48215215c7d17240f07eb66,4,72006,,2017-07-18 21:16:16,2017-08-09,,,98.0,16.45
ca0b60984f73822bdbdc629458809123,3ffffad3b77b6df473ab6edbddc6dcea,5,72025,2017-11-20 22:37:04,2017-11-10 16:04:28,2017-12-04,10.0,-14.0,89.99,12.97
766a8b3a5d718faaf523f7d5f2d24562,66ef8af8edec04b75469fd942a8ad66e,3,72034,2017-12-18 12:38:57,2017-12-11 18:25:17,2017-12-28,6.0,-10.0,45.49,8.27
0a2ff31f1272c600127bf14d2a49d342,d5d69378d9ce32d540e8474e6423b5b5,4,72050,2018-02-23 22:45:13,2018-02-16 16:23:26,2018-03-05,7.0,-10.0,149.9,9.86
0802c92782cef12076e9d8a2c0a30d6a,7b73889e40574f23f35f71c026fb141c,5,72086,2018-04-10 23:41:30,2018-03-31 12:09:11,2018-04-17,10.0,-7.0,180.0,9.56
7dc413fa659b6a02a3a4d275972d458c,05fcd933547be81890bc4d62357fdf3f,1,72089,2017-07-26 13:45:35,2017-07-19 10:17:34,2017-08-08,7.0,-13.0,359.6,48.52
ccece54a8816059c0f7ea643bc6b3c8d,731f1b5ebfacba1715ccc2efb20d50b0,4,72095,2018-04-14 16:28:38,2018-04-04 14:44:22,2018-04-26,10.0,-12.0,299.99,28.18
820f39c71b9c74fcb14e6b332d4046b2,efc8b173642cd53d1dc2033b47dbe9f8,3,72099,2017-12-21 21:42:04,2017-11-24 21:19:51,2017-12-22,27.0,-1.0,39.5,16.79
c31a33ceb411c95012e6e6d1d045c0c8,069514f19868af8a75ebe98f43d33900,5,72130,2018-04-27 23:43:48,2018-03-26 17:30:10,2018-04-25,32.0,2.0,61.99,37.12
f5073b007d91b31d2153ae7f6452b651,e117f2d33b09b76b46edadbd2ca908a7,1,72143,2018-03-24 16:21:15,2018-02-18 19:21:35,2018-03-09,33.0,15.0,99.9,13.72
ec72e8db6271c9732565ac1aef57aaa3,003d804eef0e1b856881cd18e0cc0d4c,4,72145,2018-01-10 23:19:43,2017-11-17 19:43:10,2017-12-18,54.0,23.0,277.0,35.74
80c7859fca0305868b4d97df4f01a27f,25a42a25fd4223696575df9383378279,5,72157,2018-01-17 18:22:33,2018-01-12 21:34:44,2018-02-02,4.0,-16.0,38.0,12.69
62cbf505dd615be85d227aa1ead654a4,f5d086ba1ba04aa3f5417e0b6961348a,5,72160,2018-01-31 14:32:59,2018-01-25 17:47:37,2018-02-20,5.0,-20.0,115.19999999999999,45.33
1273a593e50f02173c97ea8d6d08bbbf,9dd2fd0bc65b8d4b92ff4ab91cab5b28,5,72202,2018-01-09 13:46:32,2017-12-13 19:20:31,2018-01-11,26.0,-2.0,129.0,21.39
83491c96a335ed62e93e1c940b05aab3,57287b46dc0f2bbc56c73b239cbc425c,3,72203,2018-04-05 23:19:01,2018-03-19 16:29:25,2018-04-05,17.0,0.0,139.99,16.95
1329b4f7ae9a0327326f2d287c2dcc35,8774dccac317f54e3e9b3c6096a9b2c6,5,72208,2017-11-03 17:57:51,2017-10-24 13:27:07,2017-11-14,10.0,-11.0,223.64,16.32
dc9853bb07ac19bc450e2b847390e92a,c6b9d214855dbd27b6a58f9738425f62,2,72229,2017-12-19 02:13:48,2017-11-28 16:55:41,2017-12-19,20.0,0.0,49.9,15.1
b5df4c13c919739cbbb3cf5220423db5,818f7c870fbe03dd57e214684293e74c,5,72236,2017-11-01 21:23:08,2017-10-16 11:32:15,2017-11-01,16.0,0.0,129.78,17.16
8cf65e7fd23ea61dc39f0dfe8d8cc51f,1189683a982566d32678589bafad61c8,5,72251,2018-01-10 20:23:02,2018-01-05 12:56:03,2018-01-24,5.0,-14.0,69.9,13.08
e2afe622e0e2a5bc7ec2f760729b8eec,347bc72bacf7a7b2b2293708ed82ff0f,5,72303,2018-02-23 22:52:26,2018-02-21 21:53:33,2018-03-07,2.0,-12.0,29.9,9.09
f8486e968d32567be637dd415cce297b,2011387fcf68d0d56838be05771c4db8,5,72312,2018-02-27 00:23:04,2018-02-11 00:58:52,2018-03-12,15.0,-13.0,69.9,16.25
31f7bc0ee27be26058c1dafc991d046e,1aefa599718889d91d33240e5b8eb62e,4,72345,2018-04-02 22:07:30,2018-03-23 11:43:24,2018-04-18,10.0,-16.0,145.0,57.56
581c1b2fd0856261c34d1471c2957267,71affeaa67493ff0db555224e59b1bbb,5,72364,2018-04-16 18:21:45,2018-04-10 18:30:50,2018-05-09,5.0,-23.0,215.0,18.42
c1f62fa9b0edd8a4034be74ee30304e2,4f5a529c594b7fb29daf6b077313ebcb,1,72366,2017-12-29 17:23:31,2017-12-06 16:56:37,2018-01-02,23.0,-4.0,149.0,14.79
6b32ff2346b519b0f5bcc0fffbb7b0ea,4e0ca3ddec6976623213dab02333d917,5,72383,2018-01-18 15:23:06,2018-01-15 01:47:25,2018-01-30,3.0,-12.0,22.9,8.27
67e8c2e02818ce5bb8327537b60a55c6,7298f7a474d54998fe1d4c98f0779eff,5,72386,2017-08-18 16:35:08,2017-08-04 22:46:46,2017-08-28,13.0,-10.0,69.9,16.74
68871a4e13bca5d0500b78d7bd973665,1c2bab4c18a97c3bba457866ee72bdbd,4,72409,2017-10-04 18:15:17,2017-09-20 18:46:25,2017-10-16,13.0,-12.0,64.99,15.2
83a2b74631bfa90b3a7ad6a10dd80618,fcda5efd5784446de6cc277ef91e6e2a,5,72419,2017-12-05 13:28:46,2017-11-22 00:39:48,2017-12-14,13.0,-9.0,59.9,16.99
5bdf704ce1edc91bc6c73abede903d1c,78cf5dc2baadfbac2c47c6ef7c2a2282,1,72441,2018-01-23 16:09:26,2018-01-12 16:19:31,2018-02-07,10.0,-15.0,230.39999999999998,76.14
b373fb7292969b35a737fee77f193bae,67df7d7a6bf05ffafc79fa2a771f9f6f,5,72455,2017-10-03 22:19:56,2017-09-26 19:16:04,2017-10-18,7.0,-15.0,99.0,15.44
3d9417e173d874cb03873551bccdeaa6,9aa048e5cf0be9f697cc0fe8d1e0d6db,1,72457,2018-04-11 12:40:01,2018-03-20 14:07:40,2018-04-13,21.0,-2.0,49.6,51.18
19532f2117df9701b982c81e30c6fae1,41af28fe8d828495ccf17c4a26e177f8,4,72471,2018-01-18 19:22:41,2018-01-12 23:07:35,2018-01-31,5.0,-13.0,29.5,13.08
ee6d0a3b46517c973b849cf1a8b7c220,8d6b1b6428e4c189d70db5930ccace74,1,72477,2017-12-01 19:53:05,2017-11-19 11:15:29,2017-12-19,12.0,-18.0,239.9,17.44
f762c29075f1d00f4ab19d728fce3e8e,684325e74b4d2f07cfe986595c839a38,1,72491,2017-08-30 21:25:06,2017-08-14 15:37:22,2017-09-05,16.0,-6.0,239.9,13.18
2ca6d843fc8431685353a9812c5e1423,2ae1a1178ebaf2ed27989112cf9f4a2d,5,72496,2018-01-18 20:29:58,2018-01-01 14:37:33,2018-02-08,17.0,-21.0,249.9,16.5
b40cc7454098fdab6381b706e06cfcbb,a79f746e8d63ce9fc519a61a485e39a3,5,72538,2018-03-21 23:48:48,2018-03-15 00:44:29,2018-04-03,6.0,-13.0,24.99,12.79
41aa1fc21afd41ebfc9f358af93ee91e,c10ff28c81d0b9bd2a265bb0836c8b0c,4,72558,2017-10-09 18:32:38,2017-10-05 05:23:47,2017-10-30,4.0,-21.0,60.0,16.67
d6de648dbfa4ca85611e72ac7bcf031f,29ba75517c9ad2e541a05d0d3098dcd9,4,72587,2018-03-10 02:36:42,2018-02-27 16:17:02,2018-03-20,10.0,-10.0,119.0,14.58
499807b19f1c0ec95bb346953cd6961b,cf9df38ea8a894e959f635c3fce5b739,5,72622,2017-04-19 10:53:47,2017-04-06 09:05:53,2017-05-02,13.0,-13.0,195.99,18.66
aa36bcb783a2b6ced49391b31709f1c9,b4dda7b3d122dce657b84478b58668e9,1,72648,2018-04-11 22:01:36,2018-03-17 16:33:16,2018-04-05,25.0,6.0,29.98,15.23
367c01378bc7c16bd0c8bf3a8110dc39,7f9e3a613e4d2212870577798bc8965a,5,72663,2018-04-16 20:03:13,2018-04-02 22:03:20,2018-05-03,13.0,-17.0,282.0,55.62
0bdb9a4129d17b8b6d2ee6df9de23345,acb5e6e3b0509b7c723191b53fb9c949,5,72692,2017-05-27 05:07:00,2017-05-19 15:18:52,2017-06-12,7.0,-16.0,39.99,14.1
94149ce4d673d3125769624b38fe93f7,dc349abe3608895a65a1881fa4b27649,1,72720,2017-05-22 11:32:59,2017-05-15 13:52:08,2017-06-08,6.0,-17.0,78.0,30.2
a16a28f0e0b7c57d0306adbf8635157a,6c3b48207e30c29cf9d521795daaa5e7,2,72780,2018-01-26 19:52:49,2018-01-22 22:45:17,2018-02-06,3.0,-11.0,24.9,9.09
bcd4963231fd4cfaa9816dd03c864d60,b786694b440fb6943dad1dcbffb42da9,5,72787,2017-10-30 19:34:06,2017-10-22 13:01:29,2017-11-13,8.0,-14.0,145.95,17.27
0cd7a292845bdfd9dc859258d1cf15df,c94517a93bb24f22495c95eb3f90adc5,4,72790,2017-08-29 19:25:10,2017-08-11 17:17:17,2017-09-08,18.0,-10.0,91.9,30.2
36f1b64a399254c2aef6b92e37d592c7,21eaec27338dab3006319241bff4c002,4,72793,2017-12-11 23:25:47,2017-11-22 14:14:38,2017-12-14,19.0,-3.0,69.9,19.73
b3c1cc8107db80682f84b57b8893ba1d,199c3d5d5456786637603c3975e504f3,5,72795,2018-02-28 21:37:21,2018-02-25 16:35:44,2018-03-12,3.0,-12.0,157.49,12.31
22d87fad8ae83469d189e0743334c00c,75726bd0f5bacd31edbf656514778805,5,72807,2017-12-09 18:09:09,2017-11-23 18:41:44,2017-12-18,15.0,-9.0,24.99,15.79
f069621ff9a9a1e8493818bca5fd46c9,0ba49faaf02e7dc9210e94cd777d1880,3,72816,2017-12-27 20:44:54,2017-12-19 23:47:35,2018-01-15,7.0,-19.0,65.0,11.95
49fef5b50e1425ab24e7dc7602530444,356ed2aedda45710304b7995223e54df,5,72880,2017-12-26 20:50:00,2017-12-08 23:54:00,2018-01-04,17.0,-9.0,9.0,14.1
4ffce642e2d875cee1f58ae187621408,03ea970e60ecfa4b84a69ddc665262a5,5,72896,2017-09-26 20:02:38,2017-09-20 16:14:30,2017-10-20,6.0,-24.0,117.0,15.57
0dd37593d9c6c9ffc25350397ff1c285,4c61ad2fcbc718550947fed75a4c0ee5,5,72915,2018-02-23 17:14:07,2018-02-14 22:06:11,2018-03-14,8.0,-19.0,199.7,54.48
640cf1236690fd5183fe741681ea6afc,dc0cc4284fe3bb5174538944222c2a88,5,72970,2018-03-26 16:38:32,2018-03-20 17:54:20,2018-04-10,5.0,-15.0,140.0,74.71
f0e9d6430ea07265317dcd85274d3726,eb51a3baab302140a62ffd510647c546,4,72978,2018-03-13 14:22:17,2018-02-25 10:43:07,2018-03-19,16.0,-6.0,90.0,16.39
3f60d31939a235db7ae9bbdb4252f9ad,f1bc4367547388bec3e4ecf266defc71,1,73013,2018-04-19 17:49:39,2018-03-13 09:39:41,2018-04-03,37.0,16.0,53.9,22.96
447f6b004dbf839611b0752cb1ecf503,1f252fa03fef3a7b2d16c2dd20de006d,5,73016,2018-02-27 17:15:40,2018-02-25 12:47:36,2018-03-12,2.0,-13.0,140.0,8.24
bbada35450a963e48188207984a730de,19638eaf909ee58b9c2e68fcbe112d11,4,73034,2018-03-13 19:03:49,2018-02-24 14:37:03,2018-03-20,17.0,-7.0,120.0,17.32
da9102469ed4dae312b0c58b7c1c0c2b,13c0912d87323337b72e40da4eea8e7a,5,73036,2017-05-23 13:20:06,2017-05-18 18:36:43,2017-06-09,4.0,-17.0,775.0,19.18
178a199a5425d4e57e9e80872070a3c8,7b29aa7d6508036d7400781ca593b58f,4,73051,2017-05-31 12:49:57,2017-05-24 14:12:37,2017-06-20,6.0,-20.0,24.99,15.79
e6056f8ff24f6f4abe780843deeb6a05,bff9098ed91532e554b0c12a4712546c,5,73054,2017-04-10 16:58:14,2017-04-04 18:43:32,2017-04-27,5.0,-17.0,27.0,8.72
853e47977a06124079a045087c5c14e5,db2745f7e368d3ea3c5423712084795b,5,73089,2018-01-05 19:14:31,2017-12-13 02:49:28,2018-01-18,23.0,-13.0,349.9,31.98
a36ae1ce75318daff3ec9d9300aa0ecf,49db6a08de9b99d6d0237da803888c22,1,73093,,2017-04-21 16:21:00,2017-05-26,,,19.99,20.8
da4bf69d462d8989e379c9ad1f042813,f9ea302261bc5927d8f4a13cb60bdb9d,5,73094,2018-03-01 22:15:40,2018-02-26 20:32:26,2018-03-13,3.0,-12.0,55.9,8.27
02e7ff70b5fe765da26580c8b489b7bd,c872a25ce42bdc8fe653b0cf95274608,5,73096,2018-03-28 16:44:25,2018-02-28 14:57:20,2018-04-11,28.0,-14.0,84.0,15.34
ba6e76deef7a24dc1d2cea3d1107f5fc,1f7b0324ef30f1bb6e2d6482833fb9d9,4,73157,2017-06-21 16:57:33,2017-06-07 20:55:27,2017-06-28,13.0,-7.0,89.9,13.65
eaea490fb1613813eb6af0e361e02dc9,969d261a3f4c639b3acdc0ba090fc039,5,73161,2018-01-08 18:14:00,2017-12-06 10:34:17,2018-01-23,33.0,-15.0,139.99,38.5
6ad04a720e9525209265f924602687ea,167817eea845fe951cd38865b1494af5,3,73162,2017-06-28 17:03:12,2017-06-13 16:45:26,2017-07-04,15.0,-6.0,89.9,38.38
ab6b7c5d3391999b753c0bf4a994a6d2,08af87fbe33eeebc7840433d94718046,3,73197,,2017-04-20 13:01:53,2017-05-12,,,244.5,52.230000000000004
9e52f83af04d1919b7951d364cc7d69b,581df21026c7ba80ffbaa5c3c21a6788,3,73249,2017-08-07 16:23:18,2017-07-31 00:26:33,2017-08-31,7.0,-24.0,29.0,14.1
5a250a51fd4412680be18556961df3ac,38ca323a7d4915303945481eb5a7e9e2,4,73308,2017-12-05 21:23:25,2017-11-28 11:40:40,2017-12-18,7.0,-13.0,21.9,11.85
38ff9e5da94f8a6020f2a237aeac77f9,81b87cfcdcdbbb35c82e6a588b6894e5,5,73311,2017-11-21 21:11:58,2017-11-12 19:16:50,2017-12-15,9.0,-24.0,151.2,34.86
c6531bad4e2c2c42cd15d963210afa77,eba78f5ad48cd2dc7f836491fd62e335,2,73315,2018-04-27 16:02:35,2018-04-12 17:54:28,2018-05-11,14.0,-14.0,169.0,18.76
bb494afa424c413a384b1e548c98b82c,1879b2219f6eeb88592378483e06c702,1,73333,2018-04-05 16:58:51,2018-03-08 17:41:50,2018-04-02,27.0,3.0,18.9,17.06
e38c7425f291337b0588b2fd18180625,8b3bd30a8fe107026953fde99e95e351,5,73339,2017-11-30 19:29:05,2017-11-21 23:51:33,2017-12-12,8.0,-12.0,493.24,56.54
c9d412c1b8db506c56e62d87d7d7ac75,c28cc812db8e9acb713843bb0470b7cf,5,73368,2017-09-14 13:36:06,2017-09-10 00:34:50,2017-09-27,4.0,-13.0,39.9,13.37
bfb9c381a36d041b64d3f108eabfcba0,b6cc6c3ee09a6542d7cb6fa9a4e13a9f,5,73378,2018-01-06 13:57:31,2018-01-03 14:24:39,2018-01-19,2.0,-13.0,18.9,7.78
c211fd5da3d925c210d2c9f899740039,a9b6d8e262a7af70b343cb113509e489,5,73433,2017-12-11 23:12:29,2017-12-03 20:44:47,2018-01-02,8.0,-22.0,79.9,13.58
25a3a749b12d452aec61b21fa161e8d1,a652f035a4e15d4e124ead05fee368ee,5,73442,2018-02-20 19:38:54,2018-02-01 23:02:30,2018-02-23,18.0,-3.0,229.99,17.24
80472a91450b415a18f9b04a8fc28c14,30fb68ec9b460ddad4e36bf5b4c457e4,3,73459,2017-11-04 17:42:01,2017-10-25 15:08:44,2017-11-23,10.0,-19.0,49.3,29.76
a8492940992445ebbaf08a8231cd5e04,36cdcd48e9697951eef9c32ef39dc9f3,3,73474,2017-12-19 20:44:52,2017-11-24 14:35:10,2017-12-15,25.0,4.0,599.0,17.94
92053a84bf8bd2e9c43892f5ea98439e,49db7943d60b6805c3a41f5474772a09,2,73496,,2017-05-13 21:23:34,2017-06-27,,,89.99,35.95
b3f419bcb754c7a4131e247d18388fe5,ae8f17ccd841c2dcd9c8149a2ac7ae65,5,73526,2017-11-22 00:32:08,2017-11-13 21:12:23,2017-12-01,8.0,-9.0,33.6,13.37
eb1d84a56473b210389448d12a8b4eef,0a7cf771945fa809fa47399a1ba0eeaa,4,73530,2017-03-07 09:25:54,2017-02-23 23:06:40,2017-03-27,11.0,-20.0,64.99,16.15
423c3947bf496671722a8e08db34c72b,0ccb884361ec00003176dab0ea647f59,5,73535,2017-06-01 11:43:48,2017-05-28 11:13:23,2017-06-19,4.0,-18.0,119.9,13.18
37ad4551e173a8229d17e9ab7b8da87b,848963795b4b330df0a7c238b12f76ce,5,73596,2017-12-11 17:42:35,2017-11-29 00:44:03,2017-12-27,12.0,-16.0,56.8,16.16
5cb0bf392c686ea99139d4f7bf38d9b9,544a728e60ca6b18d9ed5fa2c87d223d,4,73598,2018-04-12 15:58:45,2018-04-05 21:06:15,2018-05-03,6.0,-21.0,99.99,23.28
c6a9b14cd265ebf1381704dc47345149,bf1f33df43577a77207c702c39eb3056,2,73603,,2017-06-08 16:35:57,2017-07-03,,,42.9,15.1
0fba60056b66f77f9e7241656c520b0c,500da3334d495dbdd1c35b6d1a33c004,5,73604,2017-10-18 13:47:59,2017-09-26 21:25:47,2017-11-01,21.0,-14.0,23.99,34.15
a36b5be378657dac82680810b2afae68,d92ec01edb4390e4a8e311202039e06a,4,73607,2017-12-21 03:34:17,2017-12-01 13:01:47,2017-12-28,19.0,-7.0,425.0,27.81
5a130b9c6145e1104507b2fefb448417,4ade81c98608cbcec03c4c345efaed72,5,73608,2018-01-24 21:05:52,2018-01-13 11:40:00,2018-02-05,11.0,-12.0,89.0,13.64
2c504615ce5bd2e3aa83c2bb39f47256,3f72f100dae2b5099ad6e5a486e95ec0,3,73618,2018-04-05 14:36:29,2018-03-05 23:31:49,2018-03-21,30.0,15.0,10.0,12.79
4a519f9c96b2dcd4abd15eb8c48c4eda,58e801ec0ca7a3f8f17a61342bf09e88,5,73629,2017-03-21 12:55:03,2017-03-13 15:34:51,2017-04-03,7.0,-13.0,69.5,14.66
97a817276912b2eb99e533dc0a01e4e6,8fa32d2fb129f27c9ba8eb9d8340d5a7,5,73637,2017-03-28 15:12:41,2017-03-22 14:44:14,2017-04-12,6.0,-15.0,49.99,15.56
a3c1db93dd59f61379d425313a0ac743,5dcc65f0f55ef1d3cfe2d7c90349e23c,5,73649,2017-08-24 17:39:49,2017-08-13 22:04:51,2017-09-05,10.0,-12.0,24.98,15.1
92875b3f2bb0da397f31acc02e5fd96f,f69d0a58330775f717bb47e9640e4c04,5,73675,2017-07-17 18:31:27,2017-07-11 23:32:40,2017-08-02,5.0,-16.0,39.9,15.1
6e3edcc9b8af51a9a8bf3b0eeb164f2f,1bf58291ea0f8500caa766193e776307,5,73678,2017-08-07 21:13:09,2017-07-27 21:12:52,2017-08-16,11.0,-9.0,87.99,17.33
383d6df5b5ca2a485c607ae4c9c3e8df,fa7350560340db860366a72e01c37687,5,73705,2017-07-15 15:22:54,2017-06-30 19:25:11,2017-07-24,14.0,-9.0,260.0,21.31
1b088428276ffba3991f2be6e13665ed,2def71c3b4ee133da4476d4d0ca8baa0,4,73746,2017-11-28 20:04:57,2017-11-15 11:45:03,2017-12-08,13.0,-10.0,42.9,22.67
00ab9283414ad15d26e14634996858e3,2a20173829ff5bd342163335865aa490,5,73749,2018-01-19 19:12:43,2018-01-10 13:12:43,2018-02-08,9.0,-20.0,383.6,80.64
e8911be02688ca335249f50e0781937c,041fd411ba3cebfe101d1dadc0666ce6,5,73751,2018-03-05 14:13:42,2018-02-12 21:47:28,2018-03-14,20.0,-9.0,119.9,25.68
536a1774df8848f6ba27419a6ae0a95c,cf929d9ea864fa89b752c5cf0b98cd25,5,73762,2017-07-08 12:47:41,2017-06-29 13:01:41,2017-07-19,8.0,-11.0,89.9,12.13
4ba1b28d3acf590faa38ec8e461b253a,b5abb8bf256812ff9e3632e72e6e9bc1,5,73768,2017-05-16 09:43:01,2017-05-03 13:36:01,2017-05-26,12.0,-10.0,179.9,24.25
647180e0d3af1055d95f758f75e67593,761d2a6c3fc081b13c3cbfa01c4a8c37,1,73785,2017-09-14 14:58:50,2017-08-17 00:19:21,2017-09-11,28.0,3.0,69.9,16.25
61985b9d1f76d6383a4f753cf22fb0d2,797784ed0407046312c7f3c777583a0c,4,73788,2017-12-14 01:56:55,2017-11-26 16:15:10,2017-12-20,17.0,-6.0,50.0,17.6
53e572e9f1cc469aee9a7d41e08250b7,304ef13cd0c4ae3f7b5f11380f8176b4,5,73791,2017-08-31 17:49:50,2017-08-20 00:24:52,2017-09-21,11.0,-21.0,114.9,21.6
91a25b5df775c1ab99ab84fb459626d1,2d86dca31adc614ff712e9900f70c395,4,73799,2018-02-21 15:07:56,2018-02-10 20:01:43,2018-03-06,10.0,-13.0,18.9,11.85
ae1d973c2d4fd7c00c4b43bb9ab17f45,9e607cec8bd33ad2250970a82dc17011,4,73812,2018-04-30 16:06:53,2018-04-06 17:29:04,2018-05-11,23.0,-11.0,122.99,19.55
90d8c9448228c1cf40141edf7e75033d,e0aadee588e476e3a004e56c8fc3c645,4,73833,2017-07-11 17:44:26,2017-07-01 11:00:49,2017-07-25,10.0,-14.0,999.99,101.52
3033cad1da5d945afb7439236f0121a5,c8dc9486538955f490d0a13d54f76fe0,5,73835,2017-11-03 18:33:50,2017-10-06 19:38:37,2017-11-10,27.0,-7.0,169.39,33.64
e76cda681b681b65fffa28dfc0030641,6e98de3a85c84ead6689189b825d35b5,1,73846,,2018-03-15 10:07:02,2018-04-09,,,,
d406e319ae2919f0ec2c8de39ef1f91c,ca16493fe5b61d25c22f1c751a181fab,1,73858,2018-01-04 22:30:15,2017-12-06 15:50:03,2017-12-29,29.0,6.0,59.9,16.18
772c47aad566987ddb2d199099b4d851,3c9e706b2938bbef0922d8c7da956ec8,5,73866,2017-08-29 20:13:50,2017-08-21 07:30:58,2017-09-13,8.0,-15.0,355.99,28.81
6c99a3aef68e5330e0b621b38fd742ce,7b2f3756c235e93b2ad6330c54805401,2,73906,2018-04-09 22:08:51,2018-03-12 16:54:01,2018-04-03,28.0,6.0,63.99,18.33
e563cd1fea8520402953bd208ee4787f,207bd7ea1f047ff2d6f2e5c70333e4b0,3,73918,2018-04-02 21:23:00,2018-03-16 20:41:34,2018-04-24,17.0,-22.0,39.99,16.95
b6cdf8340a7f1ea550ebecc83e2aa323,d529d4dc2eeac6ba7abe986a604d7deb,3,73928,2017-04-08 03:35:44,2017-03-26 20:04:35,2017-04-13,12.0,-5.0,28.0,10.96
f4dbea31b56b8755ecc688463804219c,96e5187ccb9753392e2dcd3beff8f85f,5,73938,2017-02-17 10:44:49,2017-02-10 00:17:54,2017-03-13,7.0,-24.0,42.99,14.11
acd1774d4101c010eede96a0aa7e295c,f3edeb6abd99f61bd94454f9e7687b67,5,73951,2017-05-12 14:51:38,2017-05-04 19:27:18,2017-05-25,7.0,-13.0,269.9,13.28
3790a4bba317734390e8f07003b452df,90024aa5d3878db3667cb0ece7f1aa08,4,73952,2018-01-29 18:16:16,2018-01-23 11:21:49,2018-02-22,6.0,-24.0,89.99,15.25
3fd8010a5fc90df5301336dbe8f9934e,7b1900e11427a097af75a1ae0932b993,3,73978,2018-01-03 21:07:05,2017-12-11 22:24:14,2018-01-09,22.0,-6.0,28.9,16.79
a27f3365fc67b0639de78e8509dfb24b,2a8ab6971e8d4c873f768a365a9ac617,1,74005,2018-04-12 18:17:34,2018-04-03 17:58:15,2018-05-04,9.0,-22.0,159.0,8.14
8e5978e2cd483459e8f0c9667bc3be79,03286323ba721edf10e38e1abeb159be,5,74045,2018-03-15 19:12:20,2018-03-07 19:30:53,2018-03-23,7.0,-8.0,230.0,18.52
6df84f390b98f72f8339b53456578a0b,9371ddc98fdf148feec83c1ddbdaaef5,4,74057,2018-01-29 21:55:02,2018-01-16 10:29:52,2018-02-09,13.0,-11.0,370.0,23.08
3cf5f5000597c3a3d78a288ba1edd433,d7b2dfe2f90e681bda0dbd07f3f35e86,5,74062,2018-03-29 13:11:38,2018-03-21 12:06:50,2018-04-18,8.0,-20.0,215.0,27.59
b5c867a4e626899e05df414e39f45cda,96cc19379b58b51d6cae968d286bba81,4,74085,2018-03-16 20:14:29,2018-03-05 18:13:30,2018-03-29,11.0,-13.0,160.0,27.36
8d69964ee5a55afe3156d8f178a46dd2,dba1b6fd34a7fd5961e829fa902ca702,5,74119,2017-02-02 09:42:11,2017-01-28 23:29:12,2017-03-15,4.0,-41.0,42.99,18.0
87a00bc97f8a46999165a16c419ba81f,6abb2dd22e301e03c68d0b4e55cf5560,5,74132,2017-02-14 16:05:11,2017-02-04 19:47:02,2017-03-01,9.0,-15.0,99.99,9.69
49464e0a6effb49215e0051ecefb7857,e7b90dc72945b8cb0896e981495522d1,4,74183,2018-04-23 14:06:48,2018-04-05 11:04:01,2018-04-25,18.0,-2.0,49.9,19.32
ccc71e83cff3dcb05d58dd46aebab616,bec5a824282dde8cdfe6aaf6b6525a6c,5,74187,2017-09-01 20:00:06,2017-08-22 15:32:50,2017-09-14,10.0,-13.0,45.9,16.11
afbbeb501600053f6666ce1fbbf204fc,dd1bd072c709a5e654fd047560eba5aa,5,74194,2017-08-28 22:19:08,2017-08-22 22:37:13,2017-09-15,5.0,-18.0,15.0,15.1
e0d2e3d0a12e8a3e4d38879b817e1b6f,875011f2f7c12ea43db55297e2a29d82,3,74211,2018-03-14 01:56:38,2018-02-13 00:59:36,2018-03-12,29.0,2.0,27.99,15.79
c207746e0a0a31402d12fd61370119a2,39627a21dc26dd7c2810548c6b6e1e90,4,74244,2017-06-16 14:07:52,2017-06-01 10:10:24,2017-07-04,15.0,-18.0,230.0,35.41
c635df0ab5e8441ad0ac62be71bf5273,fb5d8b462dc9570527eff204b8a1a57b,3,74275,2017-05-12 14:04:42,2017-04-24 13:36:48,2017-05-25,18.0,-13.0,269.0,28.14
5719f52d522d41c82b207f0b120c35ef,ad0e80cb90ad456f01f1533e4cdc1f0d,5,74284,2018-03-01 23:59:05,2018-02-07 08:18:53,2018-03-21,22.0,-20.0,259.9,49.26
714ffded5cb1170ca30fd0af8b115b5a,f0da5a090ddf3d220d76c0cd17fb2775,3,74321,2017-09-18 18:06:57,2017-09-05 16:07:07,2017-10-02,13.0,-14.0,54.9,16.14
335a3fba037afc85c0593063033ffac1,29378d5129c88c97f152331affe2ed00,5,74324,2018-03-27 18:58:35,2018-03-22 11:43:09,2018-04-13,5.0,-17.0,24.2,15.23
ff5961df6294301f8d49dcb7a64377a0,fec903f8ec1c6bd437fa8abafc20d378,5,74339,2018-03-13 18:38:48,2018-02-23 21:11:19,2018-03-23,17.0,-10.0,49.0,25.63
fdc3edb011255ea8490d8c43a37c07e7,ee7560a748685ea9c6d3bb5341f4e97e,4,74350,2017-12-19 17:12:15,2017-12-01 17:17:29,2018-01-03,17.0,-15.0,209.9,21.96
a8dd9a92984b072ed0e82024f4cc8e79,6047b3a832a41b60705327fcd2644679,4,74352,2017-09-18 16:36:59,2017-09-04 17:11:32,2017-09-22,13.0,-4.0,53.9,17.63
f2c15e5d1c05ebd0ad1f32c95edb3e58,fbf096edf8034d915770443bb21bfad4,5,74376,2017-05-05 10:56:07,2017-04-17 20:55:31,2017-05-16,17.0,-11.0,139.9,21.61
9ca510104e069728ea283d0638a09ed2,7e7a5dadf32ff1f176b693244059fb8c,5,74406,2018-04-12 22:27:21,2018-04-08 21:29:33,2018-05-04,4.0,-22.0,83.9,16.56
e4fc9d7547cc1bce7f73caf94ab61cbf,2e699b7e112d1e8013c93a50c27a3973,4,74430,2017-11-23 19:24:47,2017-11-10 13:43:11,2017-12-04,13.0,-11.0,75.0,16.16
0f4c21d453c7152cbc1db805a3e1c085,590fcec4757400bd9242620948a437b7,4,74444,2017-06-19 13:29:29,2017-06-05 12:39:44,2017-06-28,14.0,-9.0,59.55,16.18
ac7033ca801479f954ccd443ecffe0c9,4f971c4ebb15cc7cc89db8cf3acd2b33,1,74452,2018-04-23 13:38:24,2018-04-09 23:34:35,2018-05-04,13.0,-11.0,139.8,49.42
ce69fe216f6e71e00ae81cd670fe4e50,2dea508202fbd39c677502defdef2d21,5,74467,2017-07-25 21:58:40,2017-07-22 20:19:16,2017-08-11,3.0,-17.0,499.9,14.7
eca24c0defdc3d4e93edbff1e8ac7592,2c81e6aa6ff35dc1927f3002b02c7066,1,74490,2017-07-04 12:14:20,2017-06-27 19:39:10,2017-07-24,6.0,-20.0,190.0,12.83
9a57557855ef31166322fe14855779f8,bcb761f4d8fa749e23ae01bebabe8b78,5,74519,2018-01-16 19:16:29,2018-01-11 08:25:00,2018-02-05,5.0,-20.0,21.9,14.1
cfb93db70b6f97358cda533bc6d17c84,63cb2376233663b05e9beb6bd9206c65,5,74546,2017-07-10 19:25:34,2017-07-03 23:02:33,2017-07-21,6.0,-11.0,59.5,13.44
0df7656ff3c456d274b2c3b7bf3c0966,937f5e59b0d9e52742045419a31f2000,5,74548,2018-03-13 22:17:21,2018-02-23 22:51:45,2018-03-20,17.0,-7.0,53.9,17.63
537f9fb62c13340dbd78ea0b0023f25f,113035b11296fba96615d97215b9e301,5,74592,2018-01-17 19:33:43,2018-01-08 14:23:44,2018-01-31,9.0,-14.0,134.9,13.28
4e17578e4e088271a01a6e8fddd3ebc0,2f4cdf6f142e65ba622a85fd90b8c3a8,1,74594,,2018-03-29 17:50:53,2018-04-23,,,149.9,25.18
fdcac9de54cefd22ed1165dda17d5739,c4dfe85811ecda8bbc7002dfbffc468c,5,74632,2017-12-12 12:38:34,2017-11-25 12:00:25,2017-12-22,17.0,-10.0,238.9,18.92
cf94536d8117279353ab43dcf6c30ef7,38246d20fb91403c9ed13e1aa3c665ad,5,74633,2017-08-09 18:45:13,2017-08-01 09:53:24,2017-08-25,8.0,-16.0,54.43,15.13
21768322d2dd7e5ede1c091590185c7d,7ecfa19903fa2693cf01e180885b6235,4,74655,2017-06-19 21:25:53,2017-06-05 22:38:53,2017-06-26,13.0,-7.0,599.0,20.93
387ae5dce430e383fdcfaf0f9e8db086,54d7ac7a8a4074afa251dda33e7dfa4f,5,74657,2018-02-05 19:46:58,2018-01-22 18:31:51,2018-03-01,14.0,-24.0,370.2,28.64
5b457d0c0d5ab5ab10b17be74269ec72,f11a42c865e929c2b7709f3390d1bc7f,5,74667,2017-04-12 14:34:25,2017-03-21 16:47:39,2017-04-11,21.0,1.0,19.9,15.56
f06f0fc6d467ff153efda1f657333f42,b11d3d0805ee25a1ca5ff9d55a65cd9d,5,74668,2018-04-18 13:55:32,2018-04-12 12:52:01,2018-05-08,6.0,-20.0,118.74,18.91
9987c9676d95e349f9c371539b7cd65e,184d0d273e35638268d90ed9d912ee8c,5,74670,2017-09-22 18:29:00,2017-09-16 14:01:00,2017-09-28,6.0,-6.0,419.9,86.8
a0faeceb658ce53d2a07d62994249b6a,98361657306551e400c1037a76c7ce44,5,74675,2017-10-14 16:37:29,2017-10-04 23:44:53,2017-10-27,9.0,-13.0,89.9,15.39
787360e0ea9ef81fd53151133f165a41,1de33461bc6e182e79926e72add7c009,5,74685,2018-02-06 13:57:30,2018-01-31 12:13:17,2018-02-23,6.0,-17.0,48.9,12.48
cc38b8d1aa4d03b10015ad5a82f41422,1d2985e523eaab9f73fa2a2e820a6b12,1,74739,2017-12-29 14:51:15,2017-11-23 22:53:23,2017-12-19,35.0,10.0,109.9,15.52
9e3d921339c7c52946cbc4bd9c5238b7,2873081ab29eb52a684fc606e602f2a6,3,74744,2018-01-16 15:48:43,2017-12-29 14:28:27,2018-01-24,18.0,-8.0,41.99,13.37
caec569ccca197d524936ea34600e5a5,22fe58e8a8084630f52ce3fbb02c9ac1,4,74780,2017-11-24 20:43:01,2017-11-07 12:40:52,2017-11-28,17.0,-4.0,194.99,35.53
d761800efefacd1fdb62b9d6582ca858,6f295b89fc3e13345e3d9748140bfec7,5,74787,2017-06-16 13:22:08,2017-06-05 02:09:00,2017-06-28,11.0,-12.0,147.0,45.3
e16695094354c2d52d0f2dd4d519641c,bdaa94a07026daf1f4f152151b223588,4,74836,2017-10-24 18:53:51,2017-10-09 06:44:51,2017-11-03,15.0,-10.0,149.99,18.3
603a767d37dd8c2f5f9784c724c86eac,0c0b20eb744a9c5ec1611dfd81da6165,5,74846,2017-06-05 16:37:39,2017-05-16 20:39:33,2017-06-21,19.0,-16.0,152.72,17.51
2c4fe37c5a6e8ab012281739e27196f6,61d9b48d85b81cc207e948c13dbd633b,1,74855,2018-03-21 17:51:44,2018-03-18 14:24:34,2018-03-29,3.0,-8.0,19.5,8.29
6b5f626667ae5584c2b3dca1313bf829,1f63547f5743b270843ccf840f00108a,3,74863,2018-02-21 23:42:46,2018-02-05 22:54:03,2018-03-08,16.0,-15.0,159.8,32.64
40431197c221a87c5a8bad5b90313fc7,2671fbea1d23cb4415ae5e3902961d61,3,74919,2018-02-06 21:53:37,2018-01-25 16:24:17,2018-02-22,12.0,-16.0,87.0,15.36
b5e50b3e6611835ff3c6714cdf46db67,af8b2f03e1bfa7e0b86ed73ac5653938,5,74959,2017-11-14 20:58:53,2017-11-07 09:52:20,2017-12-07,7.0,-23.0,74.9,19.76
814e7dc197d17f81c69dbfb43dd50cb2,b552e7e48327a9776efb1977f8a49a18,1,75044,2017-05-22 09:46:41,2017-05-17 09:27:03,2017-06-07,5.0,-16.0,89.9,12.13
55afdc0a84eb2bd3253a1ba21c9a1d18,2d62ae6267e4fadef5b636987094dd99,4,75046,2017-09-18 19:33:58,2017-09-06 09:34:48,2017-09-29,12.0,-11.0,59.9,17.67
06cebcdec78616f6acc066e8ec29c442,e4792daf8d9ddb74de6985c5d6980409,5,75052,2017-05-15 09:07:51,2017-04-27 14:00:44,2017-05-29,17.0,-14.0,95.0,34.04
8fe8cfd7493774f708fd79405412ed93,1337d5367a799babc13f9f71c63bf7ab,1,75089,2017-09-19 13:48:19,2017-09-09 19:36:37,2017-09-27,9.0,-8.0,29.9,14.1
907598cccd3db7fc31bb3f6c10af8a9e,c6738800d95e18d66c681a8dac8e2b7f,5,75104,2018-02-28 22:16:42,2018-02-22 15:18:45,2018-03-08,6.0,-8.0,27.98,15.56
ec2b5d9e4129b92e5862d52ef0b9c16d,e9d5fd7f8cef3acbe54ba2b771856038,4,75108,2017-05-10 09:56:32,2017-04-15 17:31:55,2017-05-22,24.0,-12.0,29.9,24.84
f33586315568c6ae4b298fbcc6274ddd,e2a34138116519cb702c72c12aeb99fc,1,75110,2018-04-23 21:29:29,2018-04-04 14:19:07,2018-05-02,19.0,-9.0,278.99,42.42
ab6b39df93de2933bda91e0260d0850b,de6ed885a8151d0cee622e51585ff6c7,5,75143,2017-08-25 19:53:51,2017-07-25 00:16:20,2017-08-29,31.0,-4.0,39.9,26.89
e4850cb04e31613512d4a621627d6c19,8e1ded141534096603108f1ee5c27735,1,75150,2018-01-30 19:35:28,2018-01-23 15:04:18,2018-02-07,7.0,-8.0,19.9,7.78
6b0bf761437f00a09a603793c7a66391,f0dd9d95e7d45baae0926c374e0df783,5,75168,2018-01-15 16:46:53,2018-01-07 16:22:06,2018-02-02,8.0,-18.0,138.0,17.22
7e399b5bd3e2ac2ecb69ff7a1e8a79fe,e68e94b6a14ff7711112ed20ae74ea3e,4,75238,2017-12-01 20:11:56,2017-11-24 17:03:45,2017-12-18,7.0,-17.0,57.5,15.15
7fc6dc9f2c8199fbb291f3283e28360f,34b630a20e82d7e009b8fd8347596cac,5,75245,2018-01-29 20:27:39,2018-01-23 09:26:49,2018-02-15,6.0,-17.0,124.99,14.62
d458060988aa42f41fce90edc3cacecd,60e27e3758187b1f68dc2784f5e6a9a6,5,75264,2018-01-15 16:54:59,2018-01-09 16:40:43,2018-02-02,6.0,-18.0,129.0,21.74
ec1daab134d82e1219c513e90c9b0a44,35ae4b5e235b60c40502a1a5cab8f2c3,5,75266,2017-07-18 21:28:45,2017-07-11 11:12:29,2017-08-02,7.0,-15.0,139.0,13.1
7d32057faf60d031b3ecdfe23e27a659,9571cb862acb9ac518c76590d0fd79bf,5,75274,2018-02-05 19:33:46,2018-01-21 21:09:56,2018-02-26,14.0,-21.0,219.0,16.28
5415671e3107ad26644643491e75b8f9,139fda452e8ac63db51c90f3995dc480,5,75281,2017-12-11 15:27:51,2017-11-24 13:21:09,2017-12-14,17.0,-3.0,158.1,13.45
e41898b80c9b127668e5f2d0eb2bed82,6cdb9c6dd8a5888b4dfc2ca57c8fb500,4,75309,2017-09-22 12:58:03,2017-09-15 23:02:56,2017-10-03,6.0,-11.0,49.0,23.7
e4080d090432d5381db06ebd7b3cd78b,9387d427f564a63a5d9e87418dd48a54,2,75322,2018-03-08 11:57:46,2018-02-18 12:26:53,2018-03-12,17.0,-4.0,44.99,16.11
90551f50be1728719b1a9a939fbffb33,cf739f0737d8e40da84e5880f048a994,5,75346,2018-04-09 20:34:39,2018-03-26 23:37:36,2018-04-23,13.0,-14.0,33.8,44.12
268e9c1f2a605957778ec61e786ce1cf,d8627b28da69b163792bfd62ce10b6f4,5,75347,2017-03-14 13:09:49,2017-02-28 22:22:48,2017-03-24,13.0,-10.0,48.8,10.96
211e875fd2b79b7d8872a495ff57c668,ab6087eb8ea6d8f8a36d6e787567bc64,5,75356,2017-08-29 18:16:09,2017-08-17 20:12:07,2017-09-13,11.0,-15.0,28.99,15.1
49ef724d0d8633579e1aea1ea8b11e98,9b44dbd50995185feff18a27d242838b,5,75395,2017-08-31 21:23:44,2017-08-09 16:51:20,2017-09-04,22.0,-4.0,139.9,16.42
00b26d1f1d36ddbef475ae98a9ebe520,51cf34bf04cc3cbf0fddfb13c6245c43,5,75399,2018-03-15 20:28:35,2018-03-08 22:47:28,2018-03-20,6.0,-5.0,45.99,7.39
3bf681d0fbb024a3a720747277f8ad38,4493ce8729200aed0eca9d3ae8bcc57c,1,75411,,2017-02-02 10:43:43,2017-03-13,,,,
5621fb46b52d7aa11a51df46716d867d,44aec9c2be37dd0f0b954562c94ccfec,5,75412,2017-10-03 18:23:40,2017-09-26 14:23:47,2017-10-20,7.0,-17.0,149.99,18.3
a8765edff397800d01916b9ce13d3cd0,da7e814c079cfdd00249b4127a6581e9,5,75417,2017-06-05 12:49:50,2017-05-28 19:15:41,2017-06-23,7.0,-18.0,29.9,15.1
b8f8013e738414831f601b5c2ab14dce,4c8ea2a4ee7b1d91b837360ccb23fe89,5,75444,2018-01-31 15:51:56,2018-01-04 16:30:43,2018-02-05,26.0,-5.0,193.0,15.08
6cf71bc420f1e1c9df7550f0f1c25dbd,2978901accabf6eef42711d8133a62f1,5,75456,2017-11-28 22:18:26,2017-11-23 14:31:36,2017-12-07,5.0,-9.0,199.99,23.98
eac764173427e524647764ac59bcc332,363659036e23f1e7b77d6368e25b1f08,5,75529,2018-01-18 22:15:53,2018-01-15 13:59:17,2018-01-30,3.0,-12.0,394.65,11.51
6c66c83450603ed19bc4168d9e350e68,7227b55a59343b63b3b4520725996301,5,75548,2017-03-24 12:17:55,2017-03-20 21:35:37,2017-04-10,3.0,-17.0,37.9,14.52
3b7757802a6823933c0d36e151549dcf,8f7d40ce4fdd837cf8c757a14fa92154,5,75559,2018-04-02 12:52:46,2018-03-26 09:37:14,2018-04-12,7.0,-10.0,99.9,14.78
fb6d1e2f69d79f643ac42db6d3a247a1,17a64f4aa50ee9ab751db1cfb720776f,1,75565,2017-11-21 20:49:00,2017-11-15 20:20:11,2017-11-29,6.0,-8.0,13.99,7.78
c42d7bec3e1bad23041a0c6637ce70b2,edc39c747837ab7258f382372e798824,1,75587,2018-04-23 15:17:35,2018-02-26 09:24:33,2018-03-26,56.0,28.0,69.9,38.04
db9b2845f91562587111efcc3d6181a4,bc80892738aa55b49dfd74ce6d50cd97,5,75602,2017-09-19 16:21:38,2017-09-01 10:32:59,2017-09-25,18.0,-6.0,174.9,31.97
8c2461bb7167e2fcf5bf9a39635324f7,4d6a47078b73c647206be4398bbe29b1,4,75618,2017-12-20 20:27:36,2017-11-24 00:41:06,2017-12-22,26.0,-2.0,198.0,16.14
2fd52cec7286560c1ebcb1c6185f5e44,b14d78f87f74ceb20b968d853cac66cb,1,75623,2017-07-10 19:41:40,2017-06-27 14:33:15,2017-07-17,13.0,-7.0,69.9,11.99
6e89f946f5f5fa107ced5d9124026539,d01dff4d42c2ef5bdcb2085ccf391ed4,5,75641,2018-04-11 02:39:46,2018-04-04 15:08:43,2018-05-07,6.0,-26.0,35.0,11.39
9c1c707772bf6e78ceb54c67d1cb95d0,4f5b17a084374aefa986a762eb8a7de2,5,75643,2017-05-11 10:39:42,2017-04-24 10:02:13,2017-05-17,17.0,-6.0,175.0,61.3
a6b2bc8a2608d5fcbcd18be3bd8d1321,d540bc0befa1449d8763e87cd48655c2,2,75700,2017-11-11 16:24:36,2017-11-07 11:38:57,2017-11-22,4.0,-11.0,170.0,28.4
6bfcc5e27e5d56beaa44f0acffe75410,56ccc1571462d48192dc45fba66fb7d5,5,75747,2017-07-28 17:07:54,2017-07-23 21:11:24,2017-08-11,4.0,-14.0,38.0,12.69
9425ae5b9fb6324324c40aff84eaa43c,43d640d9d8add3920e35acc0d8ca9411,5,75750,2017-11-29 01:36:59,2017-11-21 18:31:03,2017-12-13,7.0,-14.0,170.0,21.68
cc3d4d486bc3c42873e52ac907c46c21,8f61e12de83228fa74304ec5096cb79d,5,75753,2017-09-29 23:09:16,2017-09-20 22:34:43,2017-10-16,9.0,-17.0,200.0,21.89
7f406cb5f0cc1490292e9983a73fc94d,ee7f4e0a5223e51719a98941129bbc24,5,75787,2017-02-14 08:44:35,2017-02-09 14:18:34,2017-03-22,4.0,-36.0,20.99,14.52
75cb732da2412a31c908938856de7e54,483b5f97bce04a756b79be80fa294a95,3,75799,2017-11-22 14:27:41,2017-11-13 14:54:36,2017-12-07,8.0,-15.0,299.82,71.14
d4d07b0db576994ae62bec451453e0de,57b9cf4a37a14014639920e1f6d81e52,5,75820,2018-02-06 19:00:54,2018-01-23 22:47:46,2018-02-16,13.0,-10.0,277.0,17.7
4a555488de99954c15b94e6c84ce1fe6,cc0c05a1ab5fad72c351bd0ca1b10fc8,5,75827,2017-07-04 13:18:04,2017-06-29 18:49:58,2017-07-12,4.0,-8.0,159.9,12.32
fc91213f5e26bcb0d5016152a7ecf4dd,b83450671810452724ca09dc5f0c6760,5,75872,2017-11-21 20:24:50,2017-11-11 19:12:11,2017-12-05,10.0,-14.0,649.9,21.8
4f59a8e6827985e3a105df00435480dd,3ac4f30b6ba23f340792aeebba73158b,5,75875,2018-02-05 21:53:03,2018-01-27 20:14:42,2018-02-20,9.0,-15.0,579.0,15.55
12d5b5be039be128a538fa25b68929bd,3f8ef8494797fd747668dde5870c1a76,5,75888,2017-12-21 19:29:00,2017-12-11 19:56:32,2018-01-05,9.0,-15.0,19.9,14.1
0ccb06d57d1e1bd4de25363d4b5f1e15,eb548af48abf2239b1967a6798cd1d89,5,75934,2018-04-25 00:38:50,2018-04-13 19:25:25,2018-05-25,11.0,-30.0,259.0,19.69
c2f3d1671f13efa1922496c1288d8297,47718199d2ca56a38ae8cfccc158c692,4,75977,2018-02-19 19:52:20,2018-01-30 15:54:34,2018-02-21,20.0,-2.0,21.9,11.85
e8d169289c6437a99a82f36d58b0884f,96f5dfe006638550afa4d6390fc074c1,1,75978,2017-12-19 15:52:17,2017-12-12 18:51:47,2018-01-02,6.0,-14.0,150.0,26.16
b01c233687978455d00551fec248ac88,f20387017913ada05e448bb9c9cfadb3,4,75980,2017-11-29 20:18:42,2017-11-24 19:52:19,2017-12-18,5.0,-19.0,387.2,38.81
c0f0f4ce0ac7bc7fe2ef8baa3fb3ad88,9aeafd098ce4b1ba99079b89a2ea3d49,5,75984,2018-02-19 14:35:50,2018-02-06 09:12:57,2018-03-06,13.0,-15.0,219.0,13.03
d31b485b06e85ee916eb71d4958ae3a3,5f9b8704ad096052823d6e006cf03443,1,76038,2017-08-24 16:03:31,2017-08-16 04:14:00,2017-08-30,8.0,-6.0,47.8,18.68
ef40b46f5205028e41d6b4d7016808b1,30fb13279028a5d1ebc47f8ace9b041f,5,76041,2018-02-22 14:59:18,2018-02-03 19:49:00,2018-03-08,18.0,-14.0,89.9,16.07
8a9b6051c18979a6a150af4069cd7935,2f371d97b4ea52be4c04ef49bb4f31ff,5,76049,2017-01-30 12:13:46,2017-01-23 22:55:07,2017-02-20,6.0,-21.0,329.9,16.48
39b2b0ffd71eadda357559ce2b6b1f1f,1bf6db71e147c950fe9925e0be89ec4b,5,76116,2017-02-08 13:08:37,2017-01-26 15:37:27,2017-03-02,12.0,-22.0,65.0,17.88
890b1e7e7aa63567957643f238eb69e7,084aeb6e79318fd38a5129da7db217d2,4,76135,2018-03-23 03:22:30,2018-03-05 12:28:59,2018-04-02,17.0,-10.0,129.0,44.98
b12b570a7d23d4fadf4dc0589d2652b8,a7e71dd247a252f0f215e6230cdd5d1e,2,76146,2018-01-27 15:36:39,2018-01-13 09:38:07,2018-02-01,14.0,-5.0,41.99,11.73
c243c877fea4b3d3f17f3bd5661ba78f,5e0a798e395c3be05f7b2cc9f7ceb6b4,4,76153,2018-03-23 13:48:34,2018-03-21 12:08:41,2018-04-03,2.0,-11.0,27.9,8.82
57df345178c92e72e57d7f98d1dfb038,f30d36b6eb144a416117bc67041fb160,5,76158,2018-03-06 18:34:10,2018-02-18 12:27:58,2018-03-21,16.0,-15.0,144.41,13.14
a81b170af5580a6a3c4344b366f4788c,66b090d3b031a3fc0d1e296a209b0de1,5,76177,2017-10-19 20:19:38,2017-10-09 18:43:07,2017-11-07,10.0,-19.0,369.9,16.34
e5b1001a09c7adfca90fd4d0f722fa19,8de235cda79ec1764ed1c31381cb2e4b,4,76183,2017-08-28 11:47:54,2017-08-03 09:56:14,2017-08-29,25.0,-1.0,59.9,12.55
49be45f04211f9b359ae9c27efaf48a8,04b037305ba882bf9510568fe6c1615b,5,76187,2018-01-22 20:47:40,2018-01-13 17:56:43,2018-02-06,9.0,-15.0,120.0,15.59
ca3a37444ae18eee574522a5897d5dfe,86c81a5199aa303d0b44657a790f73bd,1,76212,2017-12-20 18:39:00,2017-11-28 18:13:19,2017-12-19,22.0,1.0,34.99,14.1
2628e6bae6b1efdee5e4770aded810ce,4b41b73ec809497c577cc1f085ad38a3,1,76222,2017-08-09 11:51:43,2017-08-02 12:23:46,2017-08-16,6.0,-7.0,38.9,9.34
e351971860c0f4987e329070c8acecbd,4ae799c0965abd10cced20e74295101d,5,76250,2017-08-25 15:55:14,2017-08-04 09:49:27,2017-09-08,21.0,-14.0,899.99,31.58
d52647e3492a95b9d703830dad444056,183e4a13a7a22a57bfd471656ec573b9,4,76295,2018-04-10 23:41:37,2018-03-27 10:08:44,2018-04-13,14.0,-3.0,69.9,28.8
7eac2c6afbf3193f3f0dc7193cb015a0,3273805a17a78c15811a6feb489662fd,4,76319,2017-03-16 17:34:47,2017-03-07 16:07:57,2017-04-04,9.0,-19.0,689.7,47.339999999999996
29c6d7429d5f7be495b3a9b1b262842b,1439c73f16c16e5ec78a3b2ff4e4f73e,3,76329,2017-09-23 15:43:21,2017-08-24 23:57:43,2017-09-20,29.0,3.0,50.0,16.6
649db5f4d2f8a5065f0f1c37b2033ea1,9053095d6a8816107d406e70df00efd0,5,76337,2017-06-07 13:31:41,2017-05-22 17:00:19,2017-06-22,15.0,-15.0,40.99,16.79
fb77e61b2995c7db9238577f6e96ccd0,35525be13c4af8acae0bb6d13c27110d,5,76352,2017-09-22 21:33:00,2017-09-11 22:51:42,2017-09-29,10.0,-7.0,24.88,16.11
dd01a4c582db226b64ef6bcbdd97924f,082b39e89779891345c6ebc6def4822d,3,76356,2018-02-01 15:22:56,2018-01-29 17:54:40,2018-02-14,2.0,-13.0,144.99,12.22
fa79721e1fe4f7f52a52bd1dc5a5f0df,d21d7411b251f35ead1b210dc946ca70,5,76388,2018-01-22 19:27:55,2018-01-15 22:54:08,2018-02-16,6.0,-25.0,248.9,28.0
40f2b7ce48f73e0810337cd68c1c3d5d,38e3895efc70d2d46a3b967b8781368a,5,76412,2017-05-10 18:09:04,2017-05-01 15:51:51,2017-05-26,9.0,-16.0,89.9,14.8
3e281df1de3ce61b68bb2db64b9f376d,c87aeaf4ab89100adcaee5b3123408fe,5,76440,2017-10-24 22:21:39,2017-10-18 11:18:36,2017-11-06,6.0,-13.0,48.9,12.69
9db214b27b40924f781f248685d2a2b4,c58118a3ddd13cf8d8ed345485f5ba28,5,76458,2018-01-26 20:45:34,2018-01-19 10:38:55,2018-02-09,7.0,-14.0,99.49,16.95
cad0da05bb955e5b848cab0f77deac4a,cf27162439419d0179b62ebc5a6dccd1,5,76483,2017-12-06 18:57:20,2017-12-01 18:18:23,2017-12-19,5.0,-13.0,54.9,13.08
0dcb3b14682440c825063e1cbb39bf47,098a17af931400d21917fe24f3346b53,4,76490,2017-08-31 16:50:39,2017-08-17 22:22:29,2017-10-05,13.0,-35.0,138.0,30.0
2bf6e0c426c367739347388f4aef4dee,45f4469896c24f0ab44900f3bc3eac3b,3,76521,2017-06-19 19:41:44,2017-06-13 12:19:10,2017-07-10,6.0,-21.0,51.96,60.44
00f9791770adb7e58b99d73a7b5f75b2,39eafe33a1c3c9c1a57e1326f3c3a4be,5,76529,2018-02-01 03:32:02,2018-01-24 17:34:07,2018-02-16,7.0,-15.0,37.0,14.1
ec78bbfe816b721840ab1af264242daa,8dca7901c45e1525ad654814a7db9eea,4,76543,2018-01-08 19:55:23,2018-01-05 01:35:24,2018-01-23,3.0,-15.0,255.0,9.98
0d54592d6fed77d4aee72570d225b2f1,0e7a11a73554ebd7fa1de70d50b75285,5,76552,2018-04-09 17:59:24,2018-03-30 05:48:12,2018-04-19,10.0,-10.0,12.3,15.23
9be717c7b3fdfc001c402c0b35bc7956,c6c0485c02e45b1f484c318d540257a1,5,76560,2017-07-21 19:03:34,2017-07-11 22:40:04,2017-07-31,9.0,-10.0,65.0,12.79
2966f5670f040edbd885b943618fc003,f7059c86772ca15e9640e43be7c31fb1,3,76605,2017-10-09 22:05:05,2017-10-04 16:29:59,2017-10-31,5.0,-22.0,49.89,26.94
6f39e63bc8d9eac5416b8a57981ba88f,a5de8a72ffd64d3a73ae50d6fdac540a,5,76625,2017-12-04 19:52:11,2017-11-26 21:54:41,2017-12-21,7.0,-17.0,17.85,15.1
b7927cabc4a7e8d5a4f6a33ac9fe11cc,5622ad01924109b081d3f0f7fdd45f71,1,76636,2017-06-14 13:06:39,2017-03-31 10:53:45,2017-05-04,75.0,41.0,69.99,11.1
0f7fb8922bbddb9e5612e7240cc8d44e,79628bec05987a8b38465bfb42775c11,4,76664,2017-10-02 21:04:22,2017-09-20 00:01:18,2017-10-09,12.0,-7.0,117.99,21.32
41ecf198711d7f48cd76b2431b0dd9e2,3282bc9c548b4d233a43f5c6d96fade8,5,76703,2018-01-27 12:23:06,2018-01-23 09:36:08,2018-02-19,4.0,-23.0,65.89,17.71
5caea5206af5c8bf1a8a064954fc9dcc,d07c50c53231a42008862d777b261ff2,5,76713,2018-03-29 16:38:41,2018-03-23 17:32:32,2018-04-12,5.0,-14.0,72.0,11.15
d9af47eca3c1b6dc4af9a808436b21e7,26047bf46b017a9f8e502db4ef972500,3,76740,2018-03-27 20:48:49,2018-03-14 22:43:54,2018-04-02,12.0,-6.0,61.9,13.79
c741e342a6587f500dfb6de95f93d1d7,6ef7236f77012f10ce40fccc912d7f4f,2,76824,2018-01-26 13:37:12,2018-01-15 09:33:37,2018-02-05,11.0,-10.0,816.9,17.22
4cc9dc5e78a908ca19d6cfb03dd31a0d,25e5f6a88a4525f820943240376c45c5,2,76825,2018-01-06 17:09:50,2017-11-26 14:08:44,2017-12-18,41.0,19.0,80.99,17.82
574a0971d3afffaa36cbae94fee8caa9,13e3d20c254d6f982d8a1a1f57d74268,5,76884,2017-08-05 13:24:26,2017-08-01 13:43:33,2017-08-14,3.0,-9.0,32.0,7.78
eddad830584487a5e0e9b1f59dffd6a2,50dcbb2a2604b38d231b84bde3f62227,4,76908,2017-10-17 18:43:43,2017-10-05 17:40:46,2017-11-07,12.0,-21.0,69.9,16.25
c3e37554d1a8864a1b9d559cea59ebc9,0645ff0009ebb4d475c7e9d30520dd21,5,76944,2017-11-18 16:33:51,2017-11-10 20:39:54,2017-12-01,7.0,-13.0,39.9,12.48
8f70625c443ceb5457413862892601f6,9539ef8ecac29b0493590ef16cb8344b,3,76969,2017-05-27 10:39:41,2017-05-19 13:35:36,2017-06-12,7.0,-16.0,89.99,16.39
ea167d4d51b87eee05ea0e1c867209ea,5000591796ae43a6d7638ee69e51ac6e,5,76971,2017-03-14 11:22:07,2017-03-02 14:06:01,2017-03-21,11.0,-7.0,31.0,8.72
9e1bd1a6139cf04564438bbbbabc5290,462ac93c107f9de96346db36168256c1,5,76993,2017-11-25 00:53:40,2017-11-11 12:55:29,2017-12-06,13.0,-11.0,195.9,16.12
0dd5c299c9df9d5ed9ded79d62782d19,b67b036b220e4e3e118d03a1f536d10c,5,77008,2018-02-02 14:44:56,2018-01-12 07:12:38,2018-02-20,21.0,-18.0,67.06,34.27
d1a57fc53b109b56e6b8f8dd939a8fea,92b56c79ee136de9db64ceafdf002f72,5,77022,2017-05-18 17:34:08,2017-05-08 15:58:21,2017-06-08,10.0,-21.0,18.99,16.79
a1f3beb58ada3b8f9a20f2fad862be9d,c12b8710085638bf3b7deee3f4d14db9,5,77071,2017-05-22 06:32:43,2017-05-17 19:00:56,2017-06-08,4.0,-17.0,16.99,15.1
c9f27cfb8eafb2809037dfebdf465d46,ccbb95ac0f7ba15b0f097df2736d9a46,5,77096,2017-12-20 19:18:36,2017-12-11 16:22:48,2018-01-04,9.0,-15.0,79.0,13.57
694bf8c8e501f0972b45473242f71dae,3832701f27be0501b19e91bbb04e5cde,4,77110,2017-09-19 13:47:59,2017-09-11 20:37:17,2017-10-02,7.0,-13.0,194.99,17.12
800754d8bf5a6799483ad3b6d2a9da6b,19367a2c7e1dce7c26afa959e0581da2,4,77168,2018-02-05 22:53:12,2018-01-28 17:56:18,2018-02-20,8.0,-15.0,327.45,64.0
04a3e39d282697cf959cc279a662e111,c8111f39ce798f7761d4f6e8f0c3a665,5,77179,2017-05-22 16:32:50,2017-05-05 00:16:57,2017-06-09,17.0,-18.0,149.9,38.01
c6726a5c5ad9ccb21ad94c4956445a46,99beb0ca1e257ea579db2f8e68d0165c,5,77185,2017-03-23 10:52:06,2017-03-14 11:32:40,2017-04-06,8.0,-14.0,49.0,20.67
2d41d26e24ef47c9b489f1d617b5692b,0e98b09e43ae533343cdcb8b766dc4f1,5,77187,2017-08-16 20:22:00,2017-08-07 08:52:22,2017-08-29,9.0,-13.0,249.0,54.34
309e22f7d463439a6319be3732d8b896,aa074a04e180e1202a8e0500297a2570,5,77205,2017-07-28 19:57:46,2017-07-13 20:00:24,2017-08-16,14.0,-19.0,205.0,28.81
4503cab88931f445b565931a8c564b5e,878c411445b7128a9715f6f06ca14bea,5,77247,2017-05-30 04:35:42,2017-05-13 22:46:15,2017-06-09,16.0,-10.0,199.0,18.64
b8906bf83dd66d84d729a479aa3de86a,494984e8205ee711abf407b39548f85c,5,77264,2018-02-26 11:23:20,2018-02-03 17:42:33,2018-03-13,22.0,-15.0,49.9,26.89
12db1404dd41bd61e70f3d3a36ad63a5,788dadfe475fc16d5e7562f1a5fa8e82,5,77291,2017-07-27 18:47:30,2017-07-20 10:34:12,2017-08-09,7.0,-13.0,119.9,13.18
cb5f1a2b1e4247ba82b77ebf989e2bd5,74500bfc015eccf3d38f95558177b21b,5,77315,2017-07-05 16:21:38,2017-06-08 13:41:02,2017-07-07,27.0,-2.0,25.99,14.1
13481e6069e7b8d09f46763ee9b3ecb3,d01c0baa4630bdd8a5d0266931837209,1,77328,2017-02-04 09:23:37,2017-01-27 13:32:58,2017-03-14,7.0,-38.0,179.49,18.0
d43e8e10574207114f8a5bc1fe3210ef,cf574d4b1efd3d5e152a4cb181b35f8b,1,77341,2018-03-07 02:28:47,2018-01-25 19:43:34,2018-02-20,40.0,15.0,94.55,15.41
dcbfba93be28e6b1b9a77bcaf91cd018,32c0f2887a1713ac4c720ebd9a65bae9,5,77360,2017-11-28 19:35:07,2017-11-08 21:07:51,2017-12-08,19.0,-10.0,40.0,17.6
87a49f104eaab76c108c9c68e361e81d,962d7424fa1ac4663ef72969ce322fd8,1,77363,2018-01-30 18:57:02,2018-01-18 14:29:05,2018-02-21,12.0,-22.0,320.0,26.5
b9fb4e3dea2aaabdf9df41560b5aaab2,dc43d5f57ffe55850a557219c8fb0908,5,77370,2018-03-21 22:56:45,2018-03-03 12:28:17,2018-03-21,18.0,0.0,53.9,13.4
906794da01f69f28ff537a59c8632c6f,5c92503c98d68728d4c409d18b268c31,4,77377,2017-11-30 00:16:57,2017-11-25 11:39:25,2017-12-12,4.0,-12.0,599.65,12.94
fe383b77448f8f290512401adbfde7c8,a50966cf1b4f30449fcd368e0041af99,5,77383,2017-11-21 17:32:54,2017-11-13 00:37:15,2017-12-05,8.0,-14.0,299.9,22.9
e721fd3731749f5b639a7f2a062eba45,053abf362c2b73b283a3bd5a814320ac,5,77389,2018-04-02 16:11:22,2018-03-28 07:43:11,2018-04-24,5.0,-22.0,89.9,7.97
1272d9841eabb4279d4562c88c12dda5,0cbd2aa629e9ecbbcf518a10e247414f,5,77431,2017-04-06 15:37:55,2017-03-27 20:40:27,2017-04-18,9.0,-12.0,316.9,48.2
072591c37f8ec8cd9d5e75d3e4f2351a,30a022caf1ba5b86f28124ed216c859f,4,77445,2018-03-20 17:24:41,2018-03-06 22:50:41,2018-04-17,13.0,-28.0,240.0,21.0
d8a263a0dd021f46358d1e20d7130eb6,2f8efac9068ded7f96cea13ecf271dd7,1,77453,2017-05-30 11:13:03,2017-05-28 20:16:50,2017-06-12,1.0,-13.0,65.0,7.78
cda6d7a7854cc9bf7a754ed30353eb68,f9542e833e765ebde05fa8449989fc83,5,77463,2017-04-11 10:40:00,2017-04-05 21:40:45,2017-04-28,5.0,-17.0,29.0,14.52
2606842b1c12da6d37150dcf7484f1c0,5a008db40659290cadbe2a57493bc273,5,77474,2017-10-04 20:53:10,2017-09-19 23:46:28,2017-10-05,14.0,-1.0,79.9,12.9
1803c9f2d719e4384b95de72a85c9156,0e5c7d003ff6919e7633939b2cb151fd,3,77533,2018-02-22 18:12:19,2018-02-07 19:01:39,2018-03-09,14.0,-15.0,86.9,21.1
0fc608b70badf2a1df7db3f7b8ea80f6,77e548d1df3a7054cc11757ec6a0af59,5,77555,2018-02-08 22:19:49,2018-01-16 18:45:15,2018-02-14,23.0,-6.0,12.98,15.1
d52c07a72b990d85dfaf30cc90bbd053,00c00d5b36157595e21108ba1da2828f,1,77629,2017-10-04 18:14:24,2017-09-11 19:35:48,2017-09-27,22.0,7.0,279.7,33.22
f7af0e8af7bd7b0c035a17387c77faa9,4ce042e8a6468ee3e7090d9687228184,5,77651,2018-02-26 23:15:34,2018-02-19 14:48:00,2018-03-05,7.0,-7.0,18.99,7.78
9b15f33855bcb13eeed1fe6cb2febbe3,d6d3a9a70b71224f7942c947d177aedc,5,77692,2018-04-17 16:48:40,2018-04-12 10:47:58,2018-05-03,5.0,-16.0,45.0,13.61
9ec8b769b130bcce9882e723199f65cd,b93e694316954c82db60cf84faf9c694,4,77697,2017-12-26 14:35:37,2017-12-09 14:21:59,2018-01-11,17.0,-16.0,49.0,15.1
b9422cddd1a939fc8522ca5db9879a3f,19a0bf5e25218efc09e3b4e6b9f55c0f,4,77750,2017-05-18 10:27:42,2017-04-24 22:47:59,2017-05-22,23.0,-4.0,119.99,17.58
a3ad03e0725a5cc1fabe2cb7c8277c6f,5edc8e0c1ae7714730b6be87e97da686,5,77814,2018-02-19 15:39:20,2018-01-30 17:35:29,2018-03-02,19.0,-11.0,199.0,16.14
165c89bd529c27c0e39adda23eb0c300,5451dcf8797facb072201af54921f04a,5,77820,2017-09-15 19:31:40,2017-09-11 12:26:35,2017-10-02,4.0,-17.0,79.08,17.8
0f18aee9b66f0680a2f88fc6a0f4a9c1,75a4ec6f4a98993df22205b1ad4da5c5,3,77831,2018-03-20 17:52:08,2018-02-27 21:26:44,2018-03-21,20.0,-1.0,19.89,16.79
e879f0d8c43dd146f0cced57f192bce5,d4181bfdc2de0b7a83418bb197ca5334,5,77841,2017-08-05 14:12:04,2017-07-25 16:56:59,2017-08-16,10.0,-11.0,127.48,15.64
f633f420faa16c8904f8f136e01a056d,9bc65ad3f5f3bf9731bb7c9d73ac3756,5,77856,2018-01-09 16:25:02,2018-01-03 11:17:39,2018-01-26,6.0,-17.0,79.0,13.57
9009e7e25f6a8e4588f0a8b43297d9d1,288ec48ad5ea4c98afe99ea53d523b78,5,77857,2017-06-29 17:09:46,2017-06-18 14:27:29,2017-07-07,11.0,-8.0,41.9,12.48
c50021c2ec998d4a5221a5103340749f,860c765342eaa4f946dfc210c1898072,5,77872,2017-03-28 13:32:59,2017-03-08 10:33:45,2017-04-04,20.0,-7.0,21.32,17.78
e7e3833964c63add44e782a8122f24b3,0a9de604052383d06ffc7a3390c727cc,5,77874,2017-08-15 17:36:58,2017-08-02 22:53:35,2017-09-04,12.0,-20.0,59.9,17.67
fc2f861c86031099c1d8b6d554b9492e,acc5c9844167d3c176f5f31fb0b06bce,4,77884,2017-11-23 20:45:24,2017-11-09 17:16:38,2017-12-01,14.0,-8.0,59.9,15.18
420b04453979faaa44d334e58ea3666f,f6810461afa54491e406413c2328e6b5,5,77894,2018-04-18 19:51:54,2018-03-25 09:49:37,2018-04-17,24.0,1.0,75.0,26.61
c7283364fcffb0270835c2aecebda74f,1ae8e19bcbb76c8858e9e94da5ed17e7,5,77896,2018-02-22 21:13:39,2018-02-15 11:05:48,2018-03-15,7.0,-21.0,89.0,19.86
c259f68633d417484bd9dcefe00061aa,ec258e1773b41df94290f07bccbd1ec1,5,77909,2018-01-10 21:18:27,2017-12-30 13:46:14,2018-01-29,11.0,-19.0,53.0,15.12
197fd94408f422293418eab07a192e58,544f1209f5b62ca44fb6d358041bca5b,5,77911,2018-04-13 19:24:39,2018-04-10 09:15:08,2018-04-25,3.0,-12.0,53.99,8.29
226cfc355cd879893e50d1c2d44acf23,1087c248afded2f1d5c0a0a760e34695,5,77935,2018-04-23 15:53:53,2018-04-09 14:48:04,2018-05-04,14.0,-11.0,57.9,22.99
a386932f3a300d313e5d373abdf3647a,b68feda578fe41870ba7a14082ce03fa,1,77962,2017-04-06 14:42:47,2017-03-31 07:18:02,2017-04-26,6.0,-20.0,64.58,17.44
93ffe69d51acf41c022feb01d643d8ed,9ede1353fa011bed8de24d379d612305,5,78005,2018-02-08 19:03:40,2018-01-17 13:34:36,2018-02-15,22.0,-7.0,13.3,15.1
22bfb56e136e34362552aba105408a0e,4a422e8c9f64de121752b33d4571f783,1,78013,2018-03-22 20:16:35,2018-02-19 13:27:53,2018-03-16,31.0,6.0,149.9,14.2
5f65203d102510978fc14fd3a9ce0f26,2de6bd1e34af702eb3e73c1047807cda,3,78014,2017-09-25 18:57:32,2017-09-17 23:54:20,2017-10-05,7.0,-10.0,139.84,60.4
f5868b55c75f686e8a24879e0ea3928a,d6a4e0f6f17d5eda710c204339ec6e51,5,78018,2017-08-03 18:48:19,2017-07-12 17:21:23,2017-08-17,22.0,-14.0,36.8,28.75
9d9dc856765bf00ef39bc68e617ee643,71e2f7733505074179563ccd72d93d15,5,78034,2017-05-23 13:33:06,2017-05-15 16:39:17,2017-06-08,7.0,-16.0,42.9,16.79
76ea0a95f02dbace194d999773f78ab1,5297d2383ed2427349be6b01e151ddf7,5,78058,2018-02-22 19:06:17,2018-02-07 09:24:28,2018-03-08,15.0,-14.0,49.99,16.92
b2c87db966cf97ccc4f7528b239c3c1b,e5f9a6228c6f504115c5a514b109aaaf,1,78061,2018-03-11 19:16:28,2018-02-07 15:01:58,2018-03-06,32.0,5.0,125.0,16.5
e9881369c5e9135512ad84a22fc8f450,675d4a6271a945ab36d34c5f0951f0ad,2,78067,,2018-01-09 12:23:00,2018-02-05,,,69.99,14.24
34d48594b888e6cc63c3ee9ac6bc3864,afb017b44cd7d15bc0cf9dbe0018de4b,5,78094,2018-01-03 21:11:25,2017-12-15 12:12:05,2018-01-29,19.0,-26.0,239.9,28.22
bb7ad115ab34a7788b2d0abfb520f963,8dc2ffdf42cced0aea6a7e723bda3942,5,78105,2017-10-03 19:22:36,2017-09-19 17:23:49,2017-10-17,14.0,-14.0,59.9,17.67
e156b9d22f7a6d8dffc564febb1498df,a28ec7941efe2655038ddb642b53c2af,1,78113,,2017-09-01 00:23:50,2017-09-22,,,129.9,16.67
25717332da1cbef069bffe4e0dffe4e6,327cce1fcc02fedef63c30dbde323402,4,78127,2017-05-31 04:53:55,2017-05-04 07:48:30,2017-06-08,26.0,-8.0,12.97,24.84
df5cdbaec263cdbed04e1d7e84e36466,cc02601c19d68cb1a4cde5a11aec694e,4,78188,2017-09-14 16:58:06,2017-09-10 00:06:13,2017-09-28,4.0,-14.0,399.0,15.81
c95430c8280785114f6b708c4af5a91b,192c5379ad41152204eac37621f9b8b5,2,78193,2017-12-29 18:48:48,2017-12-13 12:59:04,2018-01-17,16.0,-19.0,243.89,17.47
33cc12af1394386cc53cbb39e3b69ed2,f9701d96c7a213fc325f378bf83d3afb,5,78307,2017-04-17 09:10:11,2017-04-08 12:53:00,2017-05-04,8.0,-17.0,18.0,14.52
bf28587105f38ed19f64d8566086976f,c2c7f4f0955b1fcd9425c97f401411b8,5,78309,2018-01-05 22:20:05,2017-12-16 19:31:49,2018-01-23,20.0,-18.0,119.9,29.24
70c27c694c5be3b7f540f43e4d372b4b,8b8ee8d115e160bfafaf37cd37a37010,4,78327,2018-04-18 19:48:37,2018-04-09 20:12:23,2018-04-26,8.0,-8.0,22.97,18.23
25eaef1ed022302c387dabe8d35b03ea,61fbc4a76e5b3db28d2dd737ace32716,5,78333,2017-11-08 18:08:51,2017-10-30 16:10:26,2017-12-04,9.0,-26.0,299.0,22.49
56d6f26a9fefd47c2ca318cb512b1a97,f862cc760ea45f37e508061af8392161,5,78338,2018-04-12 10:51:54,2018-04-08 19:27:48,2018-04-25,3.0,-13.0,54.99,11.86
d5f138ea5f0ea2126f0e74c277bb5b7d,f327645eb13511d92d672ec03773b2ae,5,78359,2017-07-12 17:22:06,2017-06-29 12:26:11,2017-07-27,13.0,-15.0,97.9,21.18
7936dd01b968e33f68f236292cb1c0ee,9a4705eb98d3d163623b45352b54919a,5,78399,2018-05-02 17:28:34,2018-04-09 20:05:15,2018-05-03,22.0,-1.0,249.0,19.62
bca724ee427a2f35be6c155a4b1736da,89f6cc8eda8f3816bc27f9ec621ae6e7,5,78406,2018-01-19 16:45:00,2018-01-10 10:53:49,2018-02-06,9.0,-18.0,13.65,15.1
320740ce644572d3b1f73592049b133f,b325a4afad33f2c09ba50df161457bdc,5,78410,2018-03-27 21:32:43,2018-03-25 18:27:38,2018-04-06,2.0,-10.0,129.9,8.67
b8ae58d8aaf02bf99499884c0fe19ac2,7ede7940d99eca2cca79e5120a63f3f3,4,78428,2018-01-19 01:04:19,2017-12-27 23:46:46,2018-01-22,22.0,-3.0,277.0,16.7
2ae19921d1af01d7b3934df738de5196,c84b383da1173fe2b3b8dc1052c66821,5,78468,2017-05-23 15:25:01,2017-05-11 13:43:44,2017-05-31,12.0,-8.0,24.99,7.78
248b3a22279508e89b48dd8be10def7d,b8834035b657b559585c6c1243e82f9b,5,78481,2017-03-20 05:06:55,2017-03-07 14:13:56,2017-03-24,12.0,-4.0,24.75,11.74
6fd0e2520ab2168e855ef6eecfca8ca7,4f4df0a17ade1a35eec2f9e2ea067af1,5,78504,2017-08-15 22:29:29,2017-08-13 12:28:07,2017-08-25,2.0,-10.0,109.9,9.58
f89b382a3f0d01e558e17ebf95484bc3,063bbb83c80ba8c04934c9ff389be77a,5,78506,2018-02-19 22:22:11,2018-02-07 08:52:01,2018-03-07,12.0,-16.0,53.99,15.13
617b1c18d6a1ae36863a951e8150ffaf,662bf5e7e6b6350fd9e93fb5793f5c98,5,78608,2018-01-02 09:02:38,2017-12-15 19:09:40,2018-01-29,17.0,-27.0,89.99,35.95
d7de73589b07741f35d346c3a1d164a9,6135fc4ab256125c58f748b31c692ef4,4,78636,2018-03-28 14:11:46,2018-03-23 15:24:26,2018-04-16,4.0,-19.0,89.1,18.2
a7d9c8fae8a74a082f0fd5f06f520a04,12404c66f4ea97b16664395ecbf61889,5,78657,2017-12-04 18:35:18,2017-11-24 07:24:37,2017-12-14,10.0,-10.0,49.0,13.44
4e739115880de052f63fc8dfc89bb11d,7b0991b804c1f59ff08aed876cd41c5b,1,78678,2017-05-18 15:09:30,2017-05-17 14:14:31,2017-05-30,1.0,-12.0,59.9,11.73
7b051bd9ade3c478df2c694d0e413bbd,a2a91e0cab81f50fd109a557ee1d92c8,1,78681,2017-05-08 09:04:49,2017-04-27 10:42:30,2017-05-29,10.0,-21.0,17.89,14.52
b9e37560ced2001d956f839df1670b16,04d95724f8e595ca13c0806541d39973,5,78685,2018-03-21 18:24:20,2018-03-19 10:05:40,2018-03-29,2.0,-8.0,130.5,7.78
15daa9db89623052d7b25d96ed14686d,bf9a3a8d9db6be5e4dfcfe2f071ef405,3,78748,2018-01-15 20:42:42,2017-12-02 08:50:34,2018-01-02,44.0,13.0,55.0,15.83
7252dbf290ca77f3b1db6215908550a8,51b808ed0e75c3a1106b08d3afe4f655,5,78757,2018-04-13 14:33:11,2018-04-11 17:54:26,2018-04-27,1.0,-14.0,12.0,7.39
53a4b01d70d864493449e720e52701c0,7a4a6b748b09a41902a89fbb6eb90bd8,5,78811,2018-03-23 18:23:33,2018-03-19 21:12:47,2018-04-10,3.0,-18.0,59.0,18.29
d2e784711804be8a68b1ea3cd622378c,fc7751d45cde74709da50019543e755e,5,78823,2017-05-23 15:39:32,2017-04-28 20:13:41,2017-06-08,24.0,-16.0,59.9,20.87
3cb4a3b03d270fe3b412cab6313552cb,5b6bb420d4d6d53ae28c948c9a6b900a,5,78849,2017-02-10 11:13:40,2017-02-01 18:00:24,2017-03-10,8.0,-28.0,35.0,20.43
dfed699575f08a1cec8ffcd51c3d94cf,b808172914c4ad1d4c3b7917097b33ea,5,78868,2017-12-27 20:16:35,2017-12-15 17:47:00,2018-01-22,12.0,-26.0,89.99,16.39
ed4fbc1f55c583667d7443999fb2061d,1c4bf073acd58cd827c2ff0c97466bfa,4,78897,2017-12-15 20:18:10,2017-12-05 13:52:17,2018-01-08,10.0,-24.0,82.99,17.83
4bd2ac4fb75fc2097d12a5fb0dc98032,e3bdef3908e4c6a22a657b3786f89d4d,5,78906,2017-12-27 23:04:45,2017-11-29 23:41:08,2018-01-05,27.0,-9.0,234.9,17.89
e40e828cfa6900985591ce6c4c731488,ee001aa82afcebbc4d2cdc1214cf276b,5,78908,2017-12-13 15:58:43,2017-12-07 14:11:04,2017-12-26,6.0,-13.0,12.9,7.78
a9d69ec14c122f4fe7c6de431811debe,b062c88d0db22ff6a4e37c2df0f85333,5,78919,2018-05-07 10:47:33,2018-02-24 23:18:14,2018-03-27,71.0,41.0,109.9,38.32
3e1e7563f6bf41eac1e9c3711c598f82,0ead7996f8952fba09e18bed9872414e,4,78930,2017-05-06 09:17:52,2017-04-18 17:12:17,2017-05-12,17.0,-6.0,69.9,17.33
de6a425e8318869280582fbf41a87fee,a5803df1ae0cd16429a109eb0514ddca,5,78974,2018-01-30 18:11:31,2018-01-23 09:53:11,2018-02-16,7.0,-17.0,80.0,18.8
20a2182b8d427e775aa9ed0cd9a6c644,acf93693a6780a86fb735f6743d5bcf7,5,78983,2017-08-07 17:27:06,2017-07-30 17:33:03,2017-08-24,7.0,-17.0,135.9,17.2
659b7dc0268e5ecb628bf1982629ea9e,080a96bd106fabe8c9a74df5cb5d8d26,5,78990,2017-07-11 17:47:41,2017-07-03 00:09:17,2017-07-21,8.0,-10.0,149.0,14.06
ff104ab320c9765fd13fb5119fe112a7,8f6d779c78b777b6e9c03cd848b87acd,5,79040,2017-10-02 18:35:51,2017-09-15 17:15:08,2017-10-16,17.0,-14.0,58.9,35.73
62c54167821efde99341ce271eb4c2a3,bb18523b647231a531a5d3e5fe1687fe,5,79047,2017-07-25 22:13:39,2017-07-10 08:27:10,2017-08-10,15.0,-16.0,499.9,19.75
4c7d892d664cd7a83105af7f153623f6,22d62716773a7a0f7e8f98b15087ae22,4,79062,2017-04-06 09:20:29,2017-03-23 16:28:26,2017-05-02,13.0,-26.0,27.8,29.04
dffdf4e32e3ca3ecfd501f7d3da68b17,07b6fba80722b4ba2988ef68f8e20c9f,5,79080,2018-02-26 22:04:33,2018-02-17 20:02:02,2018-03-05,9.0,-7.0,99.9,13.53
3963e95d3a9a069b1e3ec4a3d0eaac7a,0874cc8e3901cd3d61e47bd8041c2e8d,4,79085,2017-09-05 19:04:19,2017-08-18 18:55:02,2017-09-20,18.0,-15.0,198.89,18.64
15b385bf09349b53659ac597769a56c3,938e650cbf8099b9464bdfb48c457129,5,79131,2018-02-06 16:35:12,2018-01-31 12:26:17,2018-02-22,6.0,-16.0,22.0,11.85
bcf20cd4e14a91fffa1743d2510b4a7c,a9ef87f686349168d7b25621bac29d5e,4,79149,2018-01-31 02:18:33,2018-01-09 10:47:10,2018-01-26,21.0,5.0,47.49,9.94
d13eeaced7485b83f4b2b7d2a6521b2c,e980f0348ae8c85c6eb7e23e9ee42b27,1,79151,2018-04-12 21:18:32,2018-02-26 19:22:56,2018-03-26,45.0,17.0,180.0,16.01
ac29410ceaca8bc95aa63f377b1fae42,200776f536a4425ab4212e0b0fe05562,3,79171,2018-03-07 17:45:23,2018-02-28 21:47:21,2018-03-13,6.0,-6.0,15.9,7.78
50a09f827c9f56bf47036e9c6173f21b,ca7af64c0e6b1a6fc563832581a7c544,5,79176,2017-12-26 22:04:16,2017-12-16 22:16:03,2018-01-23,9.0,-28.0,59.99,17.67
d0b3a3153ef0ac28c7cb48167eb6fe35,97d5aa85110fb7e998b5754af19b95c4,4,79178,2018-03-20 16:14:22,2018-03-05 16:15:17,2018-04-03,14.0,-14.0,589.0,37.48
982ad28e3e5175acee248efa14b1bd58,126e18991a668c9b69e0525f2ba59376,4,79188,2018-03-07 23:52:21,2018-02-09 01:29:01,2018-03-16,26.0,-9.0,174.9,40.21
0c6c7526f336820905dea6cd1bd49750,50cfface6cf1a49abc9e3aeb6f13d995,5,79192,2017-08-29 17:34:14,2017-08-21 10:30:19,2017-09-11,8.0,-13.0,59.55,13.44
2da590601cf12f37cebcb147b138e642,eb648c502f9756a959be78b19b069bc3,4,79212,2017-12-12 16:22:50,2017-11-26 23:03:38,2017-12-27,15.0,-15.0,79.0,17.8
eba7c75a66666d5b6f2104fee449f39a,c264a40f0928de690a343e0f86c8e320,5,79230,2017-08-09 20:16:46,2017-08-01 15:43:53,2017-08-25,8.0,-16.0,89.0,37.92
b2878c7c98f3850be41f1910f680172c,7630cf9ad47735d82f65e6e87beefb73,5,79235,2017-08-31 20:48:01,2017-08-19 21:36:04,2017-09-13,11.0,-13.0,104.9,14.48
a450b65b40eef4bd63aed18e935770b6,7e2dddf174cc4d2768bf39c43ab2bd7a,1,79236,2016-11-10 09:27:42,2016-10-09 15:10:41,2016-12-02,31.0,-22.0,129.97,29.38
ca1f73625b68dcfed42ffcb6fc1e2eb4,94f98ffd128d56e74dac7bb1b700666b,5,79251,2017-11-06 15:54:57,2017-10-23 22:03:54,2017-11-17,13.0,-11.0,159.9,18.37
6212a5aff5c82a4018f6aeed6e65e510,6c3682387b03809f0cdff2ef08a7cc17,3,79270,2018-01-19 23:14:25,2018-01-17 15:22:23,2018-02-01,2.0,-13.0,149.0,8.3
365c3d85fb3987875dac5e2d317153c1,902ba37d10a1e1d02607e52ff3875b91,4,79275,2018-02-01 17:42:32,2018-01-24 15:17:21,2018-02-20,8.0,-19.0,99.0,15.45
9f7a6583de6b517b2cba299f371460de,af42bbea9252f168ff8d25072a1b9fb1,5,79299,2018-01-15 19:04:29,2018-01-08 20:16:33,2018-01-31,6.0,-16.0,150.0,12.55
7626cb0f589711ff548340457c7893aa,df275b3b9c9f29071b451ae6d993ef00,4,79305,2017-09-01 20:23:37,2017-08-20 21:46:36,2017-09-20,11.0,-19.0,59.9,17.67
acc21beb35cf2a421ccdaf5122f5c491,884245b62173977a377007d7c62cf9f2,5,79310,2017-10-16 20:27:40,2017-10-04 13:58:33,2017-11-03,12.0,-18.0,73.39,17.76
450a8f6aa5906fc2909630428ce028c6,18ef2a64141eab548a2c46df2545b1ee,5,79326,2017-02-20 13:42:38,2017-02-08 14:41:53,2017-03-27,11.0,-35.0,10.0,17.78
b6ec1d9f5c823acd9230b710d0700f59,c31155a9b6de97ba99fe346647cf993c,5,79327,2018-04-05 19:46:46,2018-03-28 14:42:51,2018-04-20,8.0,-15.0,278.99,28.03
b6143c22244e423f17986e11bc68798f,ccac33950ffc27cb905dbcdfb099494a,1,79350,,2017-11-26 02:13:57,2017-12-19,,,,
97ff53577dad0ccf67ac266246aebca7,15360da03a0a021fc0e712a2d11f3020,4,79385,2017-09-05 21:57:01,2017-08-30 13:09:34,2017-09-20,6.0,-15.0,39.99,14.1
921138a27f29d7e501f997b2b3cd0d37,7a8f034a4006e2540a2026e25f9534b1,5,79399,2017-06-12 15:13:51,2017-06-02 22:57:03,2017-06-27,9.0,-15.0,246.9,18.98
c8206492cf1096d4740be70e09dd4652,ca3d75df70f40faa8b83505b242d83f1,5,79457,2017-07-26 21:51:25,2017-07-13 11:20:15,2017-08-07,13.0,-12.0,30.0,15.11
baa56bf0b94ee6f09cd85fba21271c86,1a3ccc1695931b2cb7a95065e0c81e4b,4,79458,,2017-10-16 12:21:07,2017-11-14,,,124.97999999999999,31.479999999999997
9a17ad5180e758678a42a436a69797a8,d4de2912c79702221bd12d642b18e49f,1,79538,2018-02-09 19:59:05,2018-01-29 19:39:43,2018-02-22,11.0,-13.0,513.25,45.67
12da7556f3478c12f0930472ff39bbd8,213b90d88023016a64a20f6f19d2aac7,5,79551,2018-01-28 16:35:41,2018-01-18 19:47:51,2018-02-02,9.0,-5.0,159.0,16.82
012ca82bdd1009bab87ad329245d744b,73dfec91f44d4356d6abcf6cbbbcfe90,5,79564,2017-11-30 15:53:20,2017-11-21 22:55:37,2017-12-13,8.0,-13.0,699.9,22.15
5b932bc11c541791d8bc0be7f3d9f3cf,9747f2b4defc1357fd6645a4acf8e0e2,4,79566,2017-05-24 02:27:52,2017-04-26 13:26:49,2017-05-29,27.0,-5.0,13.98,24.35
1e1bdcde988f4c92ad1625cff8fa2257,600ad056fd4fece16dcfaf524b4b9eee,5,79571,2018-02-19 14:58:48,2018-02-15 11:23:40,2018-03-02,4.0,-11.0,89.18,9.44
7e1a86b7bfd9f192fa4ba966d6f0d164,4a8a7a258a9aea5f2d644c863f0c1450,5,79579,2017-04-12 14:12:31,2017-03-30 08:35:41,2017-05-02,13.0,-20.0,23.9,17.78
ec61b618626f97e2ef021fe96a475890,c7ac3cdb8e2ff8a57c503de24f1434fe,4,79615,2017-07-06 17:32:08,2017-06-27 11:18:05,2017-07-19,9.0,-13.0,179.9,22.1
8f0811df171da9a4c1710615e6611652,894688f5124158773f73df86a3b83c6f,5,79616,2017-11-01 22:10:47,2017-10-24 23:18:35,2017-11-17,7.0,-16.0,76.8,32.22
060e233d08a8b61864ea41fe8c4c5d3e,0a9fc736e210f495e2023d3a9e10319a,5,79626,2017-12-05 16:49:49,2017-11-27 18:39:50,2017-12-14,7.0,-9.0,179.8,24.66
c1b5fb626c026207adf4e88d6a340f77,b01d2b10f2ee7aa7aad90c41c372e2b2,5,79639,2017-11-03 18:22:45,2017-10-22 12:00:02,2017-11-09,12.0,-6.0,174.9,20.1
66bf4f31a2a6e0616a2f798337dd61cf,3d12931b79aac8b5936c7845d6e997ef,5,79648,2017-05-16 09:16:31,2017-05-12 07:18:05,2017-06-09,4.0,-24.0,165.9,9.98
b9ea40c41a5d469bcc8fa2116f8b9569,6182a6a2883cf658f3a1988d3b962361,5,79695,2017-12-05 17:59:13,2017-11-24 00:23:23,2017-12-27,11.0,-22.0,310.0,16.92
7e3b4393a443a81b64ff829f2636542a,9472d3c8a0ad463cbfc89897334431da,1,79701,2017-12-21 14:22:54,2017-11-20 16:21:04,2017-12-12,30.0,9.0,69.99,19.03
1c6e23b615b667e798d91396baefc502,6f56d701fdaa7fc3575ddda3bed5fbbb,1,79705,2018-04-02 18:18:28,2018-02-16 14:41:35,2018-03-15,45.0,18.0,114.9,29.2
a4fc4677ae081564a29f815be9fe978b,a2f7984f0b3604184f39c1d5a93813fb,5,79719,2017-11-22 20:42:16,2017-11-12 01:57:47,2017-12-01,10.0,-9.0,58.9,17.12
520e04385c256b6d6d867eefa462e8e2,f1b3dc829876d87a130808b76d5bacf7,5,79775,2017-02-20 08:05:00,2017-02-15 16:31:44,2017-03-16,4.0,-24.0,159.99,33.4
7b1f6c0a481e190e038965bbbbe3af9b,bdf323b540c69988c9baca5f74e4c3bc,1,79781,2017-10-24 19:35:46,2017-10-12 16:40:49,2017-11-13,12.0,-20.0,162.8,34.15
95aba0781278c38eddcf8f87d3decc7e,972de859f5e4986651981a283159a3b0,5,79801,2018-01-19 23:47:22,2018-01-09 11:53:29,2018-02-07,10.0,-19.0,1105.0,34.27
e9537a5f3f55865edf18ab91322a3786,29e12a2232dff5d6c78392998b660f42,5,79817,2017-08-19 15:39:37,2017-08-11 22:40:25,2017-09-04,7.0,-16.0,69.0,17.73
dabedf74a139f06fb110d1d47f01db03,1b767ee7dada9fcf77567007fb90c2a8,5,79844,2018-04-05 01:38:37,2018-03-20 12:48:36,2018-04-09,15.0,-4.0,380.46,32.42
7682a15a6ab56ee9d11691344b85767a,9cbbee2d6fc84610e720368c09517556,5,79851,2018-05-03 14:48:31,2018-04-04 16:51:45,2018-04-30,28.0,3.0,489.0,84.51
1f6dd7c9d19f2d47811b229555fcf8a2,123609d09763b3bd86c2046f54b391e6,5,79873,2017-08-29 16:00:09,2017-08-26 00:23:01,2017-09-08,3.0,-10.0,43.0,16.25
10d144c6af0350889253a7def654a949,acc2a63ccf0116a0851f085f5f19b7a0,5,79918,2017-06-13 17:07:43,2017-05-31 00:28:32,2017-06-23,13.0,-10.0,49.9,15.1
f41b51e086cbee3efc25ed0e52506b0a,9cb1433345225b0c4d9449e593900bdd,5,79940,2018-03-01 23:48:59,2018-02-28 09:48:17,2018-03-13,1.0,-12.0,104.9,10.15
768749c7fc63eb78299359dc2b73af6e,10ee2109b7e3f168330447c3be610ff0,5,79979,2017-12-10 19:03:54,2017-11-30 09:51:26,2017-12-19,10.0,-9.0,84.99,13.15
bdc9c2c766688466949a71868764bd06,26bcc6734abd841f5e3d6244bf0dbacb,5,80031,2018-04-03 01:41:51,2018-03-22 14:59:06,2018-04-18,11.0,-15.0,278.99,32.6
5f45bf3a5802847397c87e1328525661,3a88a0ff2f9fa0ef19d7cff072c2f84e,5,80048,2018-03-26 16:11:24,2018-03-13 10:03:51,2018-04-10,13.0,-15.0,94.0,18.54
12602086505e9334345b3a81db10079a,c7a148eaa21451580d307090417eae25,3,80058,2018-02-01 15:09:36,2018-01-25 19:44:53,2018-02-09,6.0,-8.0,32.9,8.27
77ed619341c84948bfbeb3ee5805c82e,1e2fdbfa655daff7faa277e05f608081,5,80089,2017-11-23 23:26:56,2017-11-10 19:57:05,2017-12-05,13.0,-12.0,18.0,33.58
bc971dc566e1a63c06712638f144ebd3,733a314aba3d2c8dae43f32bacb087d4,5,80186,2018-02-14 22:00:07,2018-01-22 23:37:29,2018-02-16,22.0,-2.0,248.9,16.49
2fe1c143280e646e97b2b90861d90d5f,f8c830660882d73b51a825170d8ef567,3,80187,2017-08-28 14:37:53,2017-08-18 15:07:18,2017-09-08,9.0,-11.0,259.9,13.32
79835ae74678ca163ab1f9bad3890e18,30e608f69bcd3b2758cc9f28c8af087f,5,80196,2018-02-26 21:28:04,2018-02-13 12:21:14,2018-03-12,13.0,-14.0,84.0,17.03
0de952bdf30f77e251527ad55514e0e9,4802922b16a37af8db6fb3df54b07860,1,80200,2018-01-08 18:54:58,2017-12-01 11:25:38,2017-12-28,38.0,11.0,56.99,14.15
395506f52b0420f7402eb5c0422c80d8,dafd4cd63e908de9d1d745fee1c89637,4,80202,2017-10-16 22:38:48,2017-10-03 16:03:14,2017-11-07,13.0,-22.0,29.0,16.79
1830d430d2c5b44afdb23e4bbe2125d5,4e89a19cd340e7e72a5ad89b2fdf1642,1,80281,2018-02-27 20:06:26,2018-01-19 23:15:27,2018-02-20,38.0,7.0,27.99,17.63
8955166c0f6309bb72130b328dfa3fb5,c7cd3c19aef809218b54579be10b4209,5,80297,2017-07-25 19:07:52,2017-07-08 19:14:46,2017-08-11,16.0,-17.0,278.0,43.98
034528cb00b6bc981847acafbdf2ae0b,3d3742a96f24a8fe4e2e57628807e476,1,80309,,2017-04-16 06:31:07,2017-05-12,,,159.0,16.41
2157db986bcb5fd8010acfdb05d7f979,3a1b7d917cc04f710c5afdd8fbbabe85,3,80327,2017-12-18 18:35:24,2017-11-26 01:18:42,2017-12-20,22.0,-2.0,82.99,17.83
0ea601c94a775e361982f6838a16f511,65dfd5eb6f5db48fcf9b5e4f5c8f1391,5,80332,2017-11-08 20:34:45,2017-11-01 14:10:46,2017-11-29,7.0,-21.0,175.0,21.72
052e79f78924064459171e603fefa2c1,39a88f719920998e92f0d3f7b32040fc,5,80334,2018-02-15 23:08:19,2018-01-23 19:31:31,2018-02-23,23.0,-8.0,59.99,16.18
1f7901337d65874c6b4295fb4baa32b0,d2d3a710d923a0349be09988ab8d5ae3,5,80339,2017-07-14 18:37:31,2017-07-07 16:43:48,2017-08-07,7.0,-24.0,21.8,14.1
296f27f21fc1fcdaba4d2176a224842a,56ddb62cd43497b05a7deb575d7547d7,5,80355,2017-11-08 13:36:29,2017-10-21 14:31:35,2017-11-16,17.0,-8.0,59.9,17.67
1f612c8dda6e0a52a2ee8bf8de8f0458,445a17ac1fde5a5ac27faedc9b38318d,2,80369,2017-12-15 15:53:25,2017-12-11 09:15:28,2017-12-28,4.0,-13.0,16.9,7.78
ebb4389d2878cd07f7cee1b85223496d,9b81902439f42c509c4bf03acd8fb9d4,3,80370,2018-03-06 19:56:45,2018-02-16 19:56:16,2018-03-08,18.0,-2.0,49.0,11.85
65243977670fdfc1dc86b8efc8c85c9c,bed08d809ce385e99da63ae043f7e786,5,80414,2017-03-29 11:21:49,2017-03-23 21:33:09,2017-04-11,5.0,-13.0,169.98,28.72
06d1b4ccb2827698a8af1818c2d9c28a,5db9b0ad19ea0543caa70c934783946c,5,80416,2018-05-07 18:18:45,2018-04-05 22:12:22,2018-05-08,31.0,-1.0,44.95,19.04
9596591a5463e26d4c334f10c644914b,72af4684a55d706d5e011f13870c0648,5,80440,2017-02-11 03:51:47,2017-02-08 10:44:52,2017-03-07,2.0,-24.0,35.9,10.96
b022e14b537e9c64b16ef6b921556944,00bd8cf08fa3998ea6ad6d16c2165822,5,80450,2017-12-05 13:20:43,2017-12-01 10:47:44,2017-12-26,4.0,-21.0,21.8,12.48
acde3efbbb9a62944a196c6bb81b241b,e653b4a7f0bb2a7ccb47b3d4385a6535,3,80462,2018-01-22 16:58:18,2018-01-16 10:00:04,2018-02-06,6.0,-15.0,78.0,19.43
80099fa44efe74652327a5b4cb3fa141,a3cb71ba35d4d8ef1f5661769d7c9915,5,80465,2017-05-10 09:44:52,2017-04-19 15:51:24,2017-05-11,20.0,-1.0,59.9,15.63
24dad604a8291180ced8febd1149140a,bfd2ea548fb820f759a902c9b04415e3,5,80474,2018-03-14 00:08:26,2018-03-09 20:23:20,2018-03-21,4.0,-7.0,140.0,23.3
ef26b00128569ab79cb1ccba711d8a94,3403737b992c9f33385088e482793274,5,80527,2018-01-15 18:33:05,2018-01-06 17:39:26,2018-01-31,9.0,-16.0,89.0,13.64
008102f274818290497850d0402f2091,44a95b47b4bdb74a2bb1b947e9070e2a,5,80577,2017-08-08 18:53:01,2017-08-03 07:27:17,2017-08-28,5.0,-20.0,49.95,11.85
37e59505efe0017f771f7932eea8fa21,2ed2bc9ea8f27ee7a45a3434b042272d,5,80590,2018-03-23 22:22:04,2018-03-21 21:47:51,2018-04-03,2.0,-11.0,41.3,7.71
cfbb6ade8a183e1db7f2dfad8aa0a041,55314fbf301db20ce06d233511d4fdbd,3,80640,2017-04-22 09:47:12,2017-04-08 18:01:28,2017-05-02,13.0,-10.0,279.77,13.35
710fdfe86e71cb27eead8bf7ce4c7b44,c3197d78e42b450c28ecee747e96c807,5,80673,2017-12-23 15:19:15,2017-12-09 10:01:50,2018-01-05,14.0,-13.0,59.0,17.66
8e6d3b545e7019c3547877183c7fafb4,05739db46faf3be7dfe1b0f0ec37689f,5,80682,2018-03-09 01:22:26,2018-02-22 13:18:58,2018-03-19,14.0,-10.0,129.0,21.39
1bdc53590a68fd13c535abef44113c7d,e1f7fd4580eedbf377860d89efe997d5,2,80712,2018-03-06 21:43:00,2018-03-04 14:53:20,2018-03-15,2.0,-9.0,239.0,10.49
ecc86d273def2c5c8d0ada44fd333891,20ed4cb22ba9f7978081410cd6400ba7,5,80730,2017-04-10 09:44:06,2017-04-02 22:06:05,2017-04-24,7.0,-14.0,98.99,15.8
f51be70e162845db1d18550a0c08b16a,e1ec9566121e686526654847ac92397c,5,80791,2017-10-16 18:23:05,2017-10-03 21:23:41,2017-10-27,12.0,-11.0,155.98,26.46
63ed0b8f9ebaf00eb2808147510f0230,66cbb0cde3699c5813d4ed8c9576a966,5,80801,2017-12-19 20:13:53,2017-12-04 13:44:41,2017-12-29,15.0,-10.0,269.9,22.73
7ef67661fc2a1f7a6451dfd6358e3d59,87362ced3e155e82485e17f95f7f79c6,1,80803,2018-04-05 15:07:51,2018-03-28 11:29:56,2018-04-10,8.0,-5.0,91.98,14.78
c7f467b02034a7b0076e2bd43cbd8ac3,73756076fcc66ccd661bb81c5ce0c5fc,4,80866,2017-07-26 14:34:57,2017-07-14 18:30:46,2017-08-07,11.0,-12.0,34.99,15.1
8f192d383ca0edb18ab9eb92e56e4643,3181b28c176033ffaf02f2dc62b1db89,5,80871,2018-03-16 16:26:26,2018-03-14 12:59:50,2018-03-26,2.0,-10.0,29.99,7.71
d79d9c6ac6f454d1eff978ce1c0042f3,067546963d2dc6275eb550df0482c460,5,80878,2018-03-01 20:37:08,2018-02-11 23:26:19,2018-03-09,17.0,-8.0,27.98,30.2
6f5b4739efedd9e565025cc050c559cd,f521ec5e0383231d5aa567e8d8153fbf,5,80884,2017-11-25 11:57:13,2017-11-19 20:51:56,2017-12-07,5.0,-12.0,24.99,13.23
62b939ba12876c032a3be7a2fa32cb97,90207c312f193fbd229671833bf08d47,1,80915,,2017-02-01 15:21:50,2017-04-07,,,269.0,13.27
659dfaa0ac8a6ebacb2f1b30d991aebc,750a04aefe91727a7ab2b2d3f2beba3d,5,80922,2018-03-21 14:38:43,2018-03-06 09:30:42,2018-04-04,15.0,-14.0,349.9,21.42
740e9ad5115fb55bf9aa6e2438f0de15,ff900ee0dc181d9cce2b0305140b60ab,5,80923,2017-06-12 06:22:07,2017-06-04 23:03:35,2017-06-26,7.0,-14.0,79.9,12.56
727d5fe716a13ec450c6a37d086f51b0,d2fb62d4ff8956f8a837609a902cd531,5,80947,2017-08-11 20:17:58,2017-07-29 17:39:20,2017-08-25,13.0,-14.0,33.0,13.37
99f19ac49ac069ffa9eb4cec21a95973,ed6caf9b63bf2103757e2d3bcacc7fc8,5,80974,2017-10-25 23:51:26,2017-10-05 18:45:37,2017-11-08,20.0,-14.0,119.8,27.16
ae57115bf06dbdcfbf97f79992b25ff2,f7a1e468985217906faa7ad93b8a3f38,5,80985,2018-01-03 21:23:33,2017-12-04 12:59:29,2018-01-09,30.0,-6.0,140.0,15.73
21d8d00c4e38bb638fc2f47c8bd2b2fd,2a7c74e0d94688e2a05240e3831ebb84,5,80987,2017-10-31 22:23:42,2017-10-23 15:16:58,2017-11-16,8.0,-16.0,109.9,14.5
9355d793aacd4ec3422e7ff2bbf7f484,43d1fe9178de269c073056a519bac11f,1,81004,2018-04-26 19:04:18,2018-03-19 14:33:11,2018-04-30,38.0,-4.0,989.0,21.8
79aa3fea34b76a0ddcc5927c23a1fa90,a32e794aa3f7df03d1a3848213b24346,5,81017,2017-02-24 06:52:30,2017-02-11 17:23:59,2017-03-27,12.0,-31.0,9.88,24.84
a03ae46cba3b788bb0f75d566b46b70d,236ae03bfee2c49ab78fa9227892c5e6,1,81058,2018-01-09 21:38:39,2017-11-25 21:29:40,2017-12-20,45.0,20.0,59.99,22.74
e47dc50751a946ab2abeeffb6c77c044,3e7a5341d84707eefa28c4d2273e60ae,5,81059,2017-11-27 19:12:49,2017-11-24 10:31:52,2017-12-08,3.0,-11.0,19.99,9.34
6a565c4aaf7041a9147cfe2ef2c4772d,dcfdded3a6760b4e0ce1ef27aaf65b89,4,81088,2018-01-29 19:48:57,2018-01-11 16:20:12,2018-02-21,18.0,-23.0,508.72,18.31
b2b418dad852fdcb6210a0675fee515c,5b48b14e0505d83666e7e938caeec89a,5,81117,2017-05-16 17:43:04,2017-04-24 21:01:21,2017-06-01,21.0,-16.0,48.9,31.95
e1931d63d791308a89d01779dfdcccae,cf893eae56a00ef5d7a02f3db19dd687,4,81136,2017-08-11 17:52:33,2017-07-27 11:50:33,2017-08-22,15.0,-11.0,53.6,23.25
5b3fd6f4ac0a822aaaf3028dac61a660,c2036cc87daa31d91f63b204717a9602,5,81142,2018-01-16 22:19:12,2018-01-03 19:11:31,2018-02-07,13.0,-22.0,199.0,18.96
40fb058a81a49fe3115431e6ff58246f,a762b5e99e0962bc51711998c7be8280,5,81144,2017-03-08 14:54:05,2017-02-28 12:10:29,2017-03-22,8.0,-14.0,69.5,14.66
163c70c70ba27693a740c39a2153bd5d,737a52582de776db2631a7d53cb29eed,5,81186,2017-06-08 13:03:33,2017-05-29 21:06:17,2017-06-19,9.0,-11.0,49.9,11.85
b8716b4cfc4866f4bcc910ec15fb11eb,3504e5f25e8c978b842d4f1164b52b59,5,81226,2017-09-15 23:43:41,2017-09-11 18:40:20,2017-09-28,4.0,-13.0,22.9,15.1
82a6893fe0df185c2c05336459ab55c8,fd3d7abaecfb6a9be0b4b59e35e59f4e,4,81231,2018-01-24 20:42:19,2017-12-21 12:32:30,2018-02-22,34.0,-29.0,129.99,31.66
a0cb388f727cfe453578ddd5b790448a,723e240c9c7fab76e64b2c232afb8bd8,4,81243,2018-04-12 19:04:45,2018-04-06 14:35:56,2018-04-24,6.0,-12.0,120.0,11.47
c769a759031e6fce104cb7f0fdfeadb3,8482db481fb923fa01849e765265eeef,5,81256,2017-12-04 18:58:06,2017-11-20 15:24:49,2017-12-11,14.0,-7.0,69.0,17.05
8da1140e43ea87c3e3678a811fd50e64,9e81d4269968920518a1fe5a8a96505c,5,81261,2018-03-27 19:46:44,2018-03-16 13:24:27,2018-04-13,11.0,-17.0,165.0,19.03
182338537db3f6f2f382714f40f66265,adaf9c2200eccede886e041415e89df1,1,81268,2017-10-14 00:59:58,2017-10-09 20:57:37,2017-10-23,4.0,-9.0,43.5,9.34
979f7f2906b59818d05279c855a45243,d1b501557cbea543fbaeba346ba6ca8d,5,81333,2017-12-29 20:33:49,2017-12-24 13:25:02,2018-01-15,5.0,-17.0,25.9,8.72
a98026c7cd7fdce7c0b05d9e70dddeca,ed0bd11dccfe74e31019ba133badf088,3,81345,2017-03-22 17:22:38,2017-03-03 19:26:52,2017-03-24,18.0,-2.0,399.0,13.4
6824aee90ae8ad2ede2abfda0f2c83a7,84ca1ce0b502782387a2afcd5a8e9356,4,81346,2018-03-16 17:51:59,2018-03-02 13:08:30,2018-03-20,14.0,-4.0,7.78,14.1
79de476cd33bf578b2c7b3c20fe24bd7,d9e223f2fca6aee33e9374cd57b8d220,5,81362,2018-04-03 22:37:31,2018-03-24 14:24:28,2018-04-12,10.0,-9.0,69.9,16.18
4eb2bc95eb86e67233e9a25626412260,d766e3aae9fe7c4abb652d767d0811d6,5,81371,2017-05-16 13:43:48,2017-04-18 12:24:29,2017-05-25,28.0,-9.0,157.9,30.04
2b867a9407f7022619fc50cff485b498,8b23e4dbf00e11a4567e547b27a06715,4,81377,2017-04-04 16:04:27,2017-03-25 13:06:49,2017-04-18,10.0,-14.0,299.0,16.26
caaf75ccb77dc160464eebc4d7ed982c,88b09aac7b8d279dec75a3a810c21028,5,81379,2017-06-28 12:19:55,2017-06-22 21:09:34,2017-07-05,5.0,-7.0,29.9,9.34
90c4524024adf1ba0c8e654fc971f939,cebfb93d43892425be3fe47edbb54347,5,81397,2017-08-28 19:16:04,2017-08-11 07:54:06,2017-09-20,17.0,-23.0,199.0,38.94
b27ca074025d4adaaee6dfaad5e2ebfa,9f1cbfd860863f340881bcfef13fc3eb,3,81409,2017-11-24 21:02:39,2017-10-23 11:38:18,2017-11-24,32.0,0.0,259.9,45.67
44752976844ca643c572e1da65ee1d6f,3f6484ca65eed5c701aa5e348623537f,2,81412,2018-05-06 18:48:46,2018-04-01 23:05:58,2018-04-20,34.0,16.0,135.9,21.88
1773cb681ad95e300aeecdad7cabd266,83c6401c172501d8dbb2cb1c89a51b01,3,81414,2018-04-03 00:37:51,2018-03-20 02:29:16,2018-04-11,13.0,-8.0,27.99,17.06
841e62e7a3a44d4553a838b47a44bae2,425de35c38a6fbe5030783d1ebf2b93f,5,81424,2017-09-11 21:55:51,2017-08-26 19:27:19,2017-09-18,16.0,-7.0,219.9,58.21
fc383007c32d8f4914a3b6ce9b940900,68520da728cf03bfb3ac593e7a6eedb0,5,81431,2018-02-19 19:33:53,2018-02-10 21:58:33,2018-03-06,8.0,-15.0,129.9,17.62
cba022b41147fae598eeecffb747f19c,8a77c13015238c33f75ceca24b5392a6,5,81433,2018-02-16 00:34:03,2018-02-02 16:01:58,2018-03-12,13.0,-24.0,59.0,15.16
bc830764dfd8e184da4479e17c4475ba,9ec41066fe9773c225c01e1a10bee705,2,81452,2018-03-26 15:51:44,2018-02-28 21:31:09,2018-04-03,25.0,-8.0,14.45,11.85
fec1580d6ed5ae9e42e5652151a42cb4,1b55d5825b9f0ea76d9f105222eb6910,5,81457,2018-02-26 19:55:42,2018-02-22 22:46:46,2018-03-08,3.0,-10.0,21.9,7.78
c840d99220404e4e12c1def8cfcd6c99,e4a8c46a68d36806c7eece77ed233a3d,1,81479,2017-12-15 21:09:22,2017-11-10 16:16:24,2017-12-07,35.0,8.0,118.80000000000001,40.11
c9a406d3076559e35f713ec82223d39c,6c3b9813e98d409d3af5da143efbd2d7,4,81480,2018-03-23 14:52:31,2018-03-14 22:08:40,2018-04-10,8.0,-18.0,64.9,18.33
0d5886256e41c682dcf138af317ff3a0,7ab9c55c59eaeea579d047e2d8aaed81,5,81496,2017-02-01 00:52:30,2017-01-22 13:04:20,2017-03-16,9.0,-43.0,11.5,10.96
957ab7a30a3d3eaac3305306d5287fa3,6902085f87f26d8b456a15744f9f02be,5,81510,2017-08-11 18:57:54,2017-08-06 14:12:45,2017-08-29,5.0,-18.0,223.9,18.82
130d95a8ed47b3f9b2579f13ac8644d8,4f5dbf6461099742aada5e5960f721c4,4,81514,2017-05-25 10:04:57,2017-05-23 19:02:00,2017-06-05,1.0,-11.0,34.9,8.72
0cb284db13cc471213f7ee7cd8f698de,8444b7e4c41755b890c97056b19e4713,4,81522,2017-11-10 23:11:43,2017-11-01 02:38:05,2017-11-22,9.0,-12.0,24.9,15.1
3603b0fa2dde32f8888af1f14c484c9b,6c60fad7f5361149be76272428814d7e,1,81524,2018-04-16 21:04:32,2018-03-15 08:01:37,2018-04-05,32.0,11.0,22.33,18.23
a5728161049b1fe958eab51b5d71efc9,79c294f3f4e5a5957b8a02e8a7c8cf17,5,81525,2017-10-26 21:09:00,2017-10-20 21:51:50,2017-11-08,5.0,-13.0,369.9,15.47
32dc8e98ad3ec3cd692eac7e14bc6564,8dc7d1029415223a0367067aeebe711f,5,81532,2017-09-19 18:44:11,2017-09-07 16:06:29,2017-10-06,12.0,-17.0,59.9,17.67
1c1bb10fd0a3af065ed9b379b5df14c2,00418a49a685c6bb60633291c3fab17a,1,81541,2017-10-05 19:53:19,2017-10-03 20:43:03,2017-10-19,1.0,-14.0,49.0,7.78
eae48903537cf2280dbf48f89bab0dc6,3765df8b607992dccb4268b1e535c162,5,81567,2018-01-30 21:04:31,2018-01-20 01:06:48,2018-02-16,10.0,-17.0,84.0,35.2
dc5cdb59f1ee3eba8daa43c6c3486353,30647325eed2f0ac046e27a3cb6b76fc,5,81591,2017-03-10 10:06:50,2017-02-16 13:57:14,2017-03-27,21.0,-17.0,339.74,41.01
4cbf9c56548cc46ad57f097d45f35d14,14385cf799c6efba6a9a6d51ea9a1a36,4,81632,2017-12-23 14:09:19,2017-12-08 22:48:37,2018-01-03,14.0,-11.0,81.9,16.82
f22afab35a5bda46769bbf7987c5c7a6,f1f4bec57caa5671e6bbd650b5872beb,5,81667,2017-05-30 15:24:35,2017-05-22 19:19:11,2017-06-30,7.0,-31.0,49.9,14.1
22c26a742e35daec20c2aa99f95cb8e6,657d6c967a9b233cc5213fdc0434d8b2,2,81688,2018-02-07 19:58:43,2018-01-16 13:35:26,2018-02-07,22.0,0.0,252.0,15.51
d6930cd31a43f993199b8e9f52344ce2,dc39d8fbbdc748fe466dd8af6bec5b6d,5,81701,2018-02-16 23:22:52,2018-01-23 09:24:24,2018-02-15,24.0,1.0,24.99,14.1
c7bab64e466f88d7d59c969bde9fc65c,eb034b8ac28dcdf7289050cf29af1647,5,81713,2018-01-21 15:42:18,2018-01-17 21:27:34,2018-02-08,3.0,-18.0,139.99,17.23
b5895dc6f83b2676b85cc5710fa75c6b,67c8fda9d347535e923f93614f2b44e0,5,81717,2017-12-13 21:36:43,2017-11-25 02:11:32,2017-12-15,18.0,-2.0,16.0,12.69
ce9a0c813c06d3511fa4ad33e704b26e,f837f3ebff8ee27bdac13d56cb22e5be,1,81732,,2017-09-21 20:02:44,2017-10-19,,,71.0,16.75
b963d99f58884549580bb91b0d8f2480,0d3361c2f225ac28b02f7a5492ed73fb,3,81761,2017-12-08 17:38:41,2017-12-02 09:45:39,2017-12-20,6.0,-12.0,449.0,54.68
b39ae3a84d6f6279c830b007e92bfee1,814f83a0c457db5d3220e5e7367a944d,5,81824,2017-05-17 06:51:59,2017-05-09 17:54:17,2017-05-29,7.0,-12.0,79.9,14.31
5c5db0f9f48b241735ad61d2ed1f12b5,d9206b6df475ed69a1f7de7ecc2d9401,2,81885,2018-04-27 22:48:21,2018-03-19 10:17:09,2018-04-12,39.0,15.0,115.0,18.69
30e2188bc22986b85f836924535ea463,c435a12c69420ebee5a5e0f5cfded1e0,2,81926,2018-02-16 19:26:40,2018-01-25 13:11:59,2018-03-02,22.0,-14.0,86.9,21.1
b2e2c42acd251c77a901ec687f8b1bb5,a7c94ed332c0c561f69399316f9eca6d,1,81936,2018-04-17 23:11:13,2018-03-20 07:33:21,2018-04-11,28.0,6.0,31.9,19.32
beafa83bdb686a6f822d25d805bc2ce2,8a375e54dcadd25fe7578ad54311a746,5,81938,2017-11-29 21:57:09,2017-11-25 17:31:34,2017-12-12,4.0,-13.0,140.91,10.2
917e75dd8944d9ae5be9a6b82ed5d4dc,7150170dd81a1532b5906d0cc50618b3,5,81948,2018-01-19 17:59:10,2018-01-11 08:30:28,2018-02-06,8.0,-18.0,29.9,15.1
b2f4c106a9cb6072029405ae454840aa,901fa9040bdb5022b65e359c25dcf76a,4,81985,2017-11-24 16:10:10,2017-11-21 17:35:26,2017-12-01,2.0,-7.0,699.99,13.09
e1f7f488b9fd366ae6afe38ea97298b1,9b1d98ad4511ad1c8bab0a4355ca3b63,1,81998,,2017-06-09 14:24:12,2017-07-11,,,130.0,16.35
c511a30270c101dc024f466c3b455352,bc53c8f21c0b72e517882835cd767c69,5,82008,2017-12-28 22:45:31,2017-12-21 11:27:11,2018-01-19,7.0,-22.0,79.0,17.8
cfce04511fb26071d84ebcccae127fe9,c6ad9ae898bc6bc0f0ac50109d8e45cc,5,82045,2018-04-27 20:33:12,2018-04-13 17:38:31,2018-05-18,14.0,-21.0,999.9,57.5
bccd32a70c603fab72f12d63863aee68,295f0c892077fab482adb25cfc37aa79,1,82047,,2017-07-06 13:31:05,2017-08-07,,,,
9a686042d934f1cc395f79c0aec52e8f,867b142c274783a46707af07874ac568,5,82066,2017-04-06 10:33:17,2017-03-27 22:39:57,2017-05-02,9.0,-26.0,239.98,36.54
2504961a2a1c3ad45dbe04198de829f3,c0603a22603d11f1236324c7e8da1478,4,82090,2017-06-25 12:09:06,2017-06-10 21:01:55,2017-07-12,14.0,-17.0,71.82,13.52
e5551cfc4c9e71246249869b4cb35580,b301751e61d9c2d768c0e4cd484844c2,5,82104,2018-01-26 18:29:17,2018-01-11 14:15:01,2018-02-08,15.0,-13.0,69.77,15.24
2d9d0cf4ef150dae6636430002196022,bfb50f94da6d285b05b43043e97507be,3,82105,2018-03-20 20:07:39,2018-03-06 14:31:23,2018-03-27,14.0,-7.0,19.9,18.23
3042fa3122943541656764a2b53f4f47,ffa5e4c604dea4f0a59d19cc2322ac19,5,82146,2018-01-03 18:53:16,2017-12-04 21:45:30,2018-01-02,29.0,1.0,59.98,30.2
3f33fc1c73c846b33ec42aa3b2299be0,a73c3ddde7053504491569e480840e6d,3,82177,2018-04-11 17:52:30,2018-03-19 21:01:43,2018-04-10,22.0,1.0,169.9,41.95
de4cf4171dd1fa5e50f9f7c52fc37ded,a911878b89655a6ca2a33ed01e1c8d3d,1,82179,,2018-03-05 09:28:19,2018-03-19,,,81.0,9.38
28f6e7552ec734442009dd8075a43cf3,e340657d4d28d54192270b3b99ba63f4,4,82225,2018-02-08 01:47:50,2018-01-31 08:45:25,2018-02-23,7.0,-15.0,18.89,14.1
393988a249252e867de90de284ce8c10,f5790c25979b0fd6a9125cfd745689a7,5,82238,2017-04-03 13:18:39,2017-03-19 21:05:50,2017-04-19,14.0,-16.0,198.0,21.84
1d507207ffd8c75b785304b33e2f6c59,95266dbfb7e20354baba07964dac78d5,4,82241,2018-01-26 17:32:38,2018-01-08 07:55:29,2018-02-21,18.0,-26.0,129.99,57.58
04f38841a8cc8fec54d65d3e119b5889,774b695881d6fca884c8d52df7a3ccb2,4,82280,2018-03-29 22:36:39,2018-03-08 16:06:25,2018-03-29,21.0,0.0,26.0,18.23
435de8d66421e4d0e7efc7aa795abd7e,086d8c0d2740866ee3d4730987640d4c,3,82316,2018-04-16 17:28:55,2018-04-04 13:50:43,2018-05-02,12.0,-16.0,49.95,12.79
14ebbf02445a7002f16ac37eec124a6a,14b01335f19b97fce1437168032ae388,2,82340,2016-10-18 20:37:33,2016-10-05 19:09:33,2016-11-29,13.0,-42.0,96.91000000000001,65.48
6b3ab7d23b2a16f9a20aaf3f8cc2c401,6fe56ea74b5cf6242766596550cd2d0c,5,82352,2017-07-28 18:57:37,2017-07-18 00:28:15,2017-08-23,10.0,-26.0,120.0,17.28
69a1068c3128a14994e3e422e4539e04,30d7ab7638f1f3420e09474f704fe784,5,82355,2017-09-06 16:27:02,2017-08-22 12:49:28,2017-09-18,15.0,-12.0,418.0,69.45
54101cfc52c4d2adfae7b84e72c73271,a663eb567d6e0db6362cc10977fef5a2,5,82368,2017-10-24 23:18:04,2017-10-13 08:57:11,2017-11-10,11.0,-17.0,70.9,34.3
e51f7033d396aeea9374fd60ca39a2d0,ca7d7c95b0f170aae8a2ee59e2f24f66,1,82384,,2017-02-09 16:09:42,2017-03-10,,,28.9,10.96
fb294785318ff4fe22ca2ddafea50bd5,6267698d4c51c2ba30ffcea3adb00e95,4,82424,2017-04-20 09:17:33,2017-03-30 16:07:31,2017-04-25,20.0,-5.0,24.9,14.52
9ac82d7fec2677604599fb8d5f67c457,709e7bb6791d4380ca6db3451e9e6a68,5,82457,2017-08-31 22:37:41,2017-08-27 19:48:58,2017-09-15,4.0,-15.0,139.9,14.0
04735a8c70c26e1a9aed98faee01fc4c,bc23a8b8a743eb2f2b66eb86a77f8740,4,82458,2017-09-18 18:36:01,2017-09-07 19:38:45,2017-10-03,10.0,-15.0,98.0,17.97
74209ce013569a2acaec7ea0b0f797ec,d5af7f6e2db2c527fe19decfc2d37a83,3,82466,2017-08-04 21:04:49,2017-07-31 20:47:50,2017-08-25,4.0,-21.0,179.7,40.32
39e3220236b9d66fb03ab618ed8e3477,410d704bdcbe2893fd5ad73fe8166f43,2,82473,,2017-12-10 15:25:51,2018-01-04,,,,
4ca0cafd8248cbbf70410a0925fe4874,f6d9a259f1d0e93273707909a8e59fc6,5,82477,2017-12-04 16:23:40,2017-11-20 18:09:45,2017-12-07,13.0,-3.0,24.5,11.85
9d0045293cc500841bce09d999f55541,83a0a5e31aac098fd9926b97e3b15459,5,82497,2017-11-16 18:42:00,2017-10-23 22:26:01,2017-11-30,23.0,-14.0,29.99,15.1
11de09cabd100775867a307b5a5de8d9,b4ea6b63bcab8995631b98deef749657,5,82528,2018-01-23 23:36:41,2018-01-19 17:20:56,2018-02-05,4.0,-13.0,110.0,15.56
5f2191a8db157644e166cf7371cfc5b1,262b756fedea5f6b366d4b2502305836,5,82565,2017-09-26 18:37:47,2017-09-22 22:44:09,2017-10-09,3.0,-13.0,38.9,8.72
3f1ed9f1975b3f46de1cc9d2c541020e,e6717b6671df1d58c3f2435ec49eb74a,5,82611,2018-03-06 21:41:42,2018-03-03 01:55:29,2018-03-15,3.0,-9.0,239.0,8.93
0f7a7c8931aed1f7e6ecd8cfb1622ae3,ba3cb1f2bc2a8f69d175320c1ce21274,5,82619,2018-04-10 02:08:53,2018-03-29 12:48:18,2018-04-20,11.0,-10.0,199.0,46.54
93e08cdffe7a52c11b44eafdd5c3ae27,cfe5cfa623b5e9cd32abf47ac65b3776,5,82674,2017-06-21 16:59:57,2017-06-14 16:29:40,2017-06-28,7.0,-7.0,36.0,8.72
78db9be1df52789c6c11f4b73ef2366d,0a308be0b454b3664e06318c9bd6a5be,4,82689,2017-03-16 13:42:06,2017-02-28 22:12:55,2017-04-07,15.0,-22.0,199.95000000000002,124.2
499a4f344a1d85bec3fd946e4af22f42,f417219cc64e796bb6bcd1a41d3fe308,4,82724,2017-09-14 17:22:08,2017-09-05 20:57:30,2017-10-03,8.0,-19.0,39.9,15.79
b7312cde4b64d064e7f6ae38d0d07a4a,2482120dd4bce28edece66c4a4756985,5,82727,2017-09-05 21:52:43,2017-08-27 09:12:02,2017-09-14,9.0,-9.0,599.0,37.46
bb7045e0f34435475e86d75329589aa7,d13130a0433949ba242b2f0632fd49a2,5,82737,2017-12-07 23:17:20,2017-11-26 11:43:57,2017-12-20,11.0,-13.0,153.0,18.32
be63c83d63b7eeaa0cc05c709bb332b9,d56a6e6511ca428852199722032e8fe6,5,82772,2017-08-15 18:46:53,2017-07-28 14:15:36,2017-08-28,18.0,-13.0,59.9,17.67
2b88756e010de39180de9b9496f64dbb,177232fa960427ae2a14f6b52a5473b1,5,82799,2018-02-06 16:59:05,2018-01-18 21:03:39,2018-02-15,18.0,-9.0,149.0,40.37
96b1bc71cfdf99260b6501ddffe74ce0,3e5d60bbe5a6016db3afe77e64b4ea16,1,82818,2017-12-26 21:36:57,2017-12-04 22:14:17,2017-12-27,21.0,-1.0,10.9,11.85
802dd91faa67e4193ae4238e6e095d0e,ca4eb4e29e846ee17d6d1b96b28acabc,1,82830,2018-03-05 19:18:55,2018-02-28 18:33:55,2018-03-13,5.0,-8.0,35.9,9.34
1efb45b956d6ed5e1710241ce781668e,f73b193902ce4f3e76aaca23014c9244,4,82844,2018-01-16 15:59:20,2018-01-08 22:59:36,2018-02-07,7.0,-22.0,96.0,16.43
21e73521b7096cdf5f8f10ddb39c2f0b,9c4dfa7a4f01d5042e9363edd0c7c7b9,5,82858,2017-03-29 16:35:47,2017-03-13 14:00:28,2017-04-10,16.0,-12.0,99.99,28.89
2e61de1a1c5d74b72936f9165b075784,1ca74ef1a063b31008ef4af64cdaa485,5,82880,2017-09-16 16:49:55,2017-09-11 22:48:26,2017-10-03,4.0,-17.0,229.0,58.27
6a57645319cd4d9557a6c4232e4db081,96ab137729eda207d82649ad931d71a7,5,82900,2017-09-19 16:17:51,2017-09-02 20:18:22,2017-09-29,16.0,-10.0,63.9,25.0
6727ba6672ea605e8da7c6457687e8c2,1125c81efc6a16e16349a678434feac0,5,82917,2018-02-05 18:38:54,2018-01-18 14:13:04,2018-02-20,18.0,-15.0,17.99,15.1
06f5fff5e0aaef88aa081f26a0576eba,f1f0d3a078ebf9382047caf44dbc4c46,5,82922,2017-05-10 13:05:27,2017-04-11 15:00:26,2017-05-17,28.0,-7.0,109.99,21.22
b87162463b7ede95615b668b9ed94fd4,2430ed6f30289e7500af6662d22f14c1,4,82937,2017-11-23 19:12:06,2017-11-07 18:29:08,2017-11-30,16.0,-7.0,36.79,17.6
535fef30065dc9cae818912f169640f7,aab0a15c4d4fd11c8b5c5827d567f202,1,82938,2017-05-13 09:37:37,2017-04-08 15:30:54,2017-05-16,34.0,-3.0,178.9,16.46
6da735c3d3ab4648ee993f943b5e2147,256b2d808e8a564c42dfdb92b485219c,3,82944,2017-10-16 20:29:11,2017-10-04 20:44:52,2017-10-31,11.0,-15.0,8.68,11.85
dad0644f4d331583de886cb95b1af37a,9f6e9882bfa36a4ef98e3016c5e59f9f,4,82970,2018-04-10 21:32:51,2018-03-31 14:37:16,2018-04-20,10.0,-10.0,48.0,17.93
32c95dd79dc3f07e1015093f35817de8,777b4b0b8467866361a717d277ef1b1f,5,82975,2018-04-16 20:56:46,2018-04-02 22:55:40,2018-04-19,13.0,-3.0,69.9,24.62
0f642683241a6b084e3b80107f1a1d7d,236000cc7c90d723a7db9afa31f73e72,5,82997,2018-02-04 14:19:30,2018-01-23 18:36:21,2018-02-19,11.0,-15.0,119.0,18.08
bc1803173b08d468fae7c5f7ef68dbf1,7898e04c6122e0ceb6ad07f8707bb415,5,83003,2017-12-10 18:57:06,2017-11-24 23:59:34,2017-12-22,15.0,-12.0,59.9,16.86
9a3986fc0dbb3c460a103d20666f57f3,c50f3e0160539b3da33e3cea55871c05,5,83018,2018-04-17 18:58:27,2018-03-15 17:17:29,2018-04-18,33.0,-1.0,219.0,60.54
b01bc412201932022e6242e076634a62,8f65131225833fbebbca5422422026cf,5,83059,2018-04-13 14:54:26,2018-03-19 14:32:34,2018-04-16,25.0,-3.0,24.9,22.85
377443035043c7384c735e4e215ee5fa,fb8691657006882157a1c0c0f380a585,5,83090,2017-10-26 22:23:46,2017-10-14 17:07:44,2017-11-06,12.0,-11.0,299.0,21.58
d28f6b1662419ce05021d9777f84bd6b,f3cd6fd2bd9ec528bdd3a45d423636b9,5,83108,2017-03-15 11:41:52,2017-03-03 19:34:38,2017-03-28,11.0,-13.0,59.9,19.01
a023366db5e638ab111e1166ad367afd,9cb8f0af8d94e8eb6c245e305a1ee8d7,1,83159,2018-04-16 20:28:48,2018-03-09 11:21:11,2018-04-04,38.0,12.0,156.0,36.86
b0efa91d2b331b1ad52bcc73c1af9141,fdeb8e2ed51d3a12a9d6c27a2f70e255,5,83186,2018-02-03 12:07:31,2018-01-21 22:20:52,2018-02-06,12.0,-3.0,150.0,8.3
16cc246137e437c283964fd77986e4f2,e56dc70751e30dd4008c762ed6be2bce,5,83216,2018-02-21 20:52:46,2018-02-05 16:33:32,2018-03-02,16.0,-9.0,149.9,23.37
8ff18b250a8a3ebeaaeb6e7a56bd9742,05a17f243132acec3b0146b1b9b77720,5,83220,2017-05-04 06:16:55,2017-04-23 14:18:45,2017-05-18,10.0,-14.0,98.99,31.78
8f9953c60cc117788b2ee05ca4fab4f1,663f6abf22dfaca17fa6ecdb411d1860,5,83252,2017-12-15 19:04:29,2017-11-25 16:32:46,2017-12-21,20.0,-6.0,200.0,17.84
0137869351049314efebecd340d17c1d,390d4039e108e33c6a93031f5f3f9e0d,4,83257,2017-11-30 22:04:00,2017-11-20 11:44:11,2017-12-08,10.0,-8.0,419.0,36.29
0472dd9b7270e0771ca3d2b33eba5a50,f3c69e6269c6f234b356b832442c1621,5,83270,2017-12-29 18:49:07,2017-12-27 20:20:38,2018-01-16,1.0,-18.0,55.49,9.94
08dd7f937566cc41125fea88e37e099a,3e84781202afaaf7f60c916ead71766e,5,83340,2018-04-13 20:58:56,2018-04-09 14:34:07,2018-04-26,4.0,-13.0,54.9,13.74
31474f37114396253ff298d513bfc2aa,fc7e3c066f67dcf0954cd79e8b52a7df,5,83359,2017-09-05 22:32:33,2017-08-16 20:28:40,2017-09-12,20.0,-7.0,199.4,34.28
820ed0c98511d0b560de00b9ba324454,4b4a6837149161d336cba6c3816f376e,3,83360,2017-03-23 05:37:51,2017-03-02 10:19:51,2017-03-23,20.0,0.0,109.9,13.35
ffa9a9aaf0959709867de669723627c8,657b8dbc222ac9b5b61eab078c16b3c2,4,83362,,2017-07-13 17:30:30,2017-08-04,,,12.9,15.1
e6aa97efad7b46524d7323a0d245f3d7,2b859a50927381b5e99fbf88aea9d1df,4,83395,2017-09-11 19:29:41,2017-08-28 07:20:53,2017-09-19,14.0,-8.0,115.0,21.3
8f727eaf5e755cbb49b44c81ee86bf88,e18cc7fc5eb938dd26feb68acbf88642,5,83476,2018-01-17 20:31:11,2018-01-04 23:09:53,2018-02-05,12.0,-19.0,249.9,69.21
849a7121e90d9e1b61e942b382558858,7634f2019b1d08e44a15dd3214c57182,1,83485,,2017-05-21 12:46:50,2017-06-13,,,129.99,17.16
a07929a5e54c7d240275143af89d1f46,3a69cf7fb9acd41b2781253402540b9b,4,83486,2017-05-08 13:39:03,2017-04-25 11:30:33,2017-05-26,13.0,-18.0,59.9,16.12
df13111b2b5e074f2ba7506f80c481c5,8c006b6688741e47144a6f79f96e225d,4,83520,2017-03-24 17:47:40,2017-03-20 10:40:52,2017-04-18,4.0,-25.0,67.9,14.24
9f54c009c76468224353196682fde207,2e964efb3431da146c9fd849e39eb86c,5,83531,2017-12-13 17:48:50,2017-12-03 17:21:20,2018-01-08,10.0,-26.0,75.0,21.02
bc7c7934ff494bfdf95d53e6c263fd78,ccb48770165d34335e1d156d6d2c6ec7,1,83588,,2018-02-15 12:39:44,2018-03-13,,,,
0ba942816ee9e5bb9cf3ec669d4bfddc,751f1086c0b65fab3474d11d18de115d,5,83599,2018-04-20 18:25:41,2018-04-03 00:20:36,2018-04-23,17.0,-3.0,40.5,21.43
5bd39ef8f3c59cbc9403c8b4527868ff,2343d4a98379202b11d3ec66c322ab57,5,83605,2018-04-05 21:32:29,2018-03-22 18:07:42,2018-04-10,14.0,-5.0,33.4,12.79
3e988f2206deba2bb5eb4968d4e0ff96,9a7f882c95ae7d422db8ab15e1ee0a87,2,83684,2017-08-17 20:13:04,2017-08-10 14:41:12,2017-09-04,7.0,-18.0,49.0,16.11
121201e0cd66a543616a8415780ee986,e5ca14277889553a80cd3b8379bb9389,4,83700,2017-08-15 13:35:44,2017-07-04 06:34:10,2017-07-26,42.0,20.0,102.9,17.97
85902b2c819106251a0ccb18da08dbcb,b8e5479aa8fa4ce67ffdd5bdd92c2303,5,83701,2017-04-06 17:17:32,2017-03-23 18:45:20,2017-04-20,13.0,-14.0,449.0,24.12
3efe39145bdedbb7fb2036cfa0070d1a,aa22c8b8e14d747a83a7a8876837fc82,5,83709,2017-08-23 19:09:47,2017-08-12 22:35:47,2017-09-08,10.0,-16.0,89.99,14.38
dbade7a8ce39c17a01207cf8ef3af03d,eb92f6fdb8dcd9a9ab21c341b4a3ca5f,4,83734,2018-02-22 14:37:50,2018-02-09 02:14:32,2018-02-23,13.0,-1.0,13.99,7.78
ae1ea2537bde009f5846422b522eb051,8ecb444bd33d4670ddbec85cc7b141f0,5,83757,2018-02-06 16:13:08,2018-01-17 16:12:17,2018-02-09,20.0,-3.0,99.9,25.54
8e02b5b83ecf8408b2d56bed4c2980fa,38b5e5b5e96a6cf2a6aa7b93542a0c29,5,83766,2017-10-24 19:17:54,2017-10-17 17:49:33,2017-11-07,7.0,-14.0,119.9,15.59
4ac9fe6bad39598c7f1fe087b4833f8d,9966919513b173e92155677f14ec8a67,5,83809,2018-01-04 17:58:50,2017-12-05 21:26:28,2018-01-09,29.0,-5.0,22.8,16.11
3e4632d562df081a186b3866aa311209,6f49fb747ca8c80ada6f548897fe134f,5,83816,2018-04-04 16:28:45,2018-03-15 11:39:51,2018-04-06,20.0,-2.0,750.0,61.51
5d854199a3c285fc3fb4cfef90203cae,d6f8b3535ac92252b48bd5e4c47a6593,5,83828,2018-03-07 21:58:27,2018-01-04 23:18:09,2018-01-31,61.0,35.0,114.9,18.05
7872b1bd6cbc1d618d127a666dddd872,a4163ebff79ff34a631c57d5350215ae,5,83834,2018-04-11 01:19:34,2018-03-30 20:27:16,2018-04-27,11.0,-16.0,97.0,51.18
f2216e721836279057e5819e6a489fc4,f400946403a78fdd034cf522d3f85512,5,83871,2017-02-07 10:37:40,2017-01-26 10:00:37,2017-02-28,12.0,-21.0,29.8,35.56
22ae59028ba3127b62b4ed78051cf663,5cdfbcdf87a3a8989d40dd920c8812a1,5,83876,2018-03-26 15:47:48,2018-03-14 13:51:42,2018-04-03,12.0,-8.0,122.99,15.74
2345e681822d3d30d34fb14d91a49440,f09ab7ba678ff9971a9e9b52999030ea,1,83879,2018-05-01 16:12:05,2018-02-21 00:06:40,2018-03-16,69.0,46.0,119.0,20.07
3ee32290f46d5108741c02f20f92d0a3,5a02cf91e6ef1031cf794d1cb430fecc,4,83905,2018-04-09 16:31:44,2018-04-06 09:18:05,2018-04-24,3.0,-15.0,339.0,10.14
bc40d4643651eefab9c250e4c0d135d0,2f7d729d01da93cdb12badf11a21d0e8,5,83926,2017-12-19 19:04:24,2017-12-18 09:44:19,2018-01-05,1.0,-17.0,59.0,12.48
7b613ae7e6e8b8ddf9a94dc6c4c79f87,41028caaf199df18f6fbf94e3ba6180c,5,83938,2018-02-08 19:28:30,2018-01-22 21:45:48,2018-02-14,16.0,-6.0,79.9,16.81
7d64a00c10851c9f17db4c2aed478724,51f2bc977a4fb1086e3521f501645ddc,5,83943,2017-02-22 07:27:39,2017-02-05 19:17:06,2017-03-01,16.0,-7.0,24.9,10.96
638b701242c109ae59fff3fd2772eb8b,775eb0ae1891c8dd8f12c2f8c6850006,4,83981,2017-02-07 11:58:55,2017-01-27 09:20:04,2017-03-16,11.0,-37.0,1299.0,27.79
f4f5dd8828eaedeef13097a7b4e9c99e,64958fed45ad3cd3b84be03fd9ac01cd,3,84006,2018-03-09 16:58:34,2018-02-14 12:14:39,2018-03-06,23.0,3.0,45.0,11.85
5de209d70ee69e128ceb33e804e504d6,05dbe6bf3e09d4e05160a98d0a926bb1,3,84014,2017-10-16 19:33:25,2017-10-03 19:05:31,2017-11-03,13.0,-18.0,150.0,23.92
73baa1270fbabcd8e7da2044e887eaca,343ee80178e16012130cb0007eac5888,4,84093,2017-12-20 20:27:38,2017-11-25 16:16:35,2017-12-22,25.0,-2.0,294.0,28.2
4465e27cd496658e455274db6a61f5cd,587ed74a3001b5f1083b78c5bb0090c2,5,84104,2017-05-12 12:47:56,2017-05-06 00:20:48,2017-05-29,6.0,-17.0,49.9,14.12
a12138b5f64bab8980748a82934e7e96,b9aa04fee730826d066fd6b7f63def15,5,84113,2017-07-19 20:13:27,2017-07-15 17:27:36,2017-07-28,4.0,-9.0,34.66,16.54
76d118931ad0066ed1deed3019b9eba8,995daf9c525344acfdbc27f4da55f205,5,84115,2018-01-06 00:26:42,2017-12-15 00:59:42,2018-01-17,21.0,-11.0,25.9,34.15
5205b6c74e0e97d6c63a4960aad0ac16,46cce235fa3f299c3093aedae4396900,3,84116,2017-12-21 21:27:47,2017-11-24 10:08:07,2017-12-22,27.0,-1.0,299.98,33.62
598e47192d56e3c563011edfc2fad6b8,b11fba7d4e0cad817d24e2c77032fa0a,1,84180,2017-08-02 18:33:45,2017-07-19 11:42:11,2017-08-10,14.0,-8.0,29.9,14.1
3761fb6ae92e0c2d2a2e4fb0a0d903ed,52c8fe0f0dc37807e452b5f695c2eb77,5,84186,2017-12-23 18:39:03,2017-12-14 21:08:59,2018-01-10,8.0,-18.0,449.9,65.54
03547d5f02370679f23c02698111b5fa,71853944ebfe6bd5f5de0302cba14354,4,84193,2017-05-22 14:53:54,2017-05-16 10:49:26,2017-05-29,6.0,-7.0,105.9,9.56
86acd88d2bab512fd72f31777728c30c,405ea1828ef697a508aea9cdafdc7e79,5,84208,2018-04-07 00:03:21,2018-03-27 19:33:01,2018-04-23,10.0,-16.0,54.9,22.09
29c6acc0a40a4270b82cc766f6458047,11c8a3b7adc8c5c3f5ae4f0257c5e953,5,84211,2017-10-19 16:14:55,2017-10-16 19:17:54,2017-10-26,2.0,-7.0,43.99,9.34
e5d2692fe45a9bf8ceacc0c3b9944528,ffc1be2cfc663c95a4663eae09796e19,4,84225,2017-12-12 23:41:42,2017-11-24 21:23:08,2017-12-21,18.0,-9.0,79.9,16.32
44b057280aa56ace78fd10ed9e2e0a94,9d8065ae4c6f5725ee052d02ab00f64e,5,84239,2017-04-10 11:00:04,2017-03-30 16:36:12,2017-04-27,10.0,-17.0,69.0,13.06
15c96f0775bbc5778e4a004b6ee17a24,dbc59da30205f3f5f7b3b0259e89b622,4,84240,2017-05-24 14:35:43,2017-05-16 15:09:52,2017-06-08,7.0,-15.0,139.99,21.47
51b7a33e0d01ce2ed8df832933a8228e,db974c12004fe92ab344e63e8e4b995f,5,84255,2017-09-01 18:47:02,2017-08-24 14:36:40,2017-09-18,8.0,-17.0,86.7,17.86
6d004a804c1b8c4217a7f0d3c7213401,fb7a9e3e0ff0d94790b472206462f2de,5,84270,2017-06-19 18:46:44,2017-06-15 07:42:43,2017-06-29,4.0,-10.0,18.9,7.78
9487ee724b27c54f3034ec3924cec693,4cca039d4d51fb8f0e1e302327c30de5,1,84275,2017-09-27 17:22:44,2017-09-15 10:20:32,2017-10-09,12.0,-12.0,18.99,15.1
3ef057adf8ca5fbf124b1a7c46bb0bca,1fc96c24536a72f7707e0684d6886610,4,84314,2018-03-19 23:34:33,2018-02-27 14:12:54,2018-03-26,20.0,-7.0,259.0,18.25
61e029d9e439b7fcc5d26d4b0101c15f,166456efeff39afc75c0ae8580db1318,1,84359,2017-04-12 07:55:48,2017-03-24 20:06:57,2017-04-28,18.0,-16.0,49.0,24.84
f31739dce9167ecea52b758f64444127,d4db24d5b411e01abda8e9dc3d1f858b,4,84372,2017-12-17 17:04:28,2017-12-05 16:37:53,2018-01-03,12.0,-17.0,249.99,37.77
f52c1467d76f38c066fc7dfa3922c390,a6c4a396b90e2d6bbb30aec21e1c20f8,3,84396,2018-04-04 23:28:53,2018-03-11 14:09:35,2018-04-02,24.0,2.0,120.0,23.42
fa1f9dc69558010166573b91b569fc38,3657d83f0ccdda70b89b5ae9e6fdb07c,1,84413,2018-04-11 21:05:34,2018-03-04 01:48:54,2018-03-28,38.0,14.0,72.9,18.08
10a8677b95c424082af0a2f6b0e8559a,6aa3661755d14531db724d1af0dfbaa3,5,84430,2018-04-11 21:41:12,2018-04-09 22:33:14,2018-04-19,1.0,-8.0,119.0,12.74
5e1fea29933c26fafb2a408e38c392e0,dc3adcbd8f32f4353540fc05d067ff4c,2,84433,,2018-03-17 14:49:18,2018-04-12,,,32.5,34.45
98c936fac08ec5a07eda19d0f4788d63,01f11912a2c502cc940f607b1f6b2ab0,4,84493,2018-02-23 00:06:05,2018-02-05 18:40:32,2018-03-09,17.0,-14.0,120.0,45.3
4551ea4dbbaa08aa4c56e424875f0bdb,25aa51228f73fcd38cfebfe6e20edf6f,5,84522,2017-10-03 21:15:52,2017-09-20 08:29:33,2017-10-09,13.0,-6.0,98.99,13.71
bc8a532659bdd1c53c88ab9a1cf09e16,93bd7dc1455d3109c84703ed2186cb35,5,84527,2017-12-23 14:28:51,2017-12-18 23:52:38,2018-01-18,4.0,-26.0,149.0,15.79
df246bd48fbc0a0c9a7d4979c9192eec,001daeb0eddc45b999bad0801ad9d273,5,84535,2017-06-08 15:34:07,2017-05-17 23:19:34,2017-06-19,21.0,-11.0,38.33,16.79
41d35526d3891eb684c6690aa1c85484,464cd296e96f72dc09a9601842cc0893,2,84545,2017-10-26 16:03:54,2017-10-19 10:32:32,2017-11-10,7.0,-15.0,109.9,14.52
7979cc72da13d98423425660f457f0aa,a994e6b51de39d9a263918e2b37c859e,5,84567,2017-03-27 16:00:16,2017-03-18 15:15:05,2017-04-10,9.0,-14.0,199.9,16.61
e624c5d97afd3ffa1caa92ff4855f9dc,7ba7dee84bae0fca47debc26d678f07b,5,84634,2018-01-16 21:58:47,2018-01-05 18:05:56,2018-02-02,11.0,-17.0,119.8,27.16
e7171b53b300ddd7c0e3447231bb2866,de3e0df5f571319433fe7a4843f90587,4,84665,2017-06-27 21:57:33,2017-06-20 21:03:19,2017-07-10,7.0,-13.0,79.0,33.54
3df115d7455255ea8f3f3eb262a0bf20,e4a4be9057b0723c5014f56c6d4ba6ca,5,84671,2017-09-20 18:25:57,2017-09-18 12:16:24,2017-09-28,2.0,-8.0,35.99,8.72
fae022a489d68383b77dedabd8307430,8a6bf1083cc2efc062e037e474622de6,1,84685,2017-04-01 08:47:46,2017-03-20 21:54:34,2017-04-10,11.0,-9.0,152.72,11.68
1f5307f95222f2bd117cc36ebc399595,03a312126d4985217afef2625df60af4,4,84700,2018-04-19 14:22:53,2018-04-10 19:02:15,2018-05-02,8.0,-13.0,1890.0,73.14
a797b51e9ecc229a913f4045327b4a06,5ca376cff085294d9b8a396d8c9834ea,5,84712,2018-04-09 16:05:43,2018-04-05 17:27:00,2018-04-17,3.0,-8.0,39.4,8.82
016623a7df4a6496b81603b084d4d941,06ff862a85c2402aa52dc9edf150bf30,3,84723,2017-12-28 22:27:57,2017-11-30 13:31:08,2017-12-28,28.0,0.0,41.9,17.63
080b6a46c3e66e1b79af4053e773ef75,87d65accbbf482b8a87bd13bb444cf6d,1,84724,2018-03-14 21:28:46,2018-03-06 15:57:28,2018-03-26,8.0,-12.0,250.0,114.65
f6d8ed35059a840e9e211585bb6ef4bb,8fce31c913563c7a93802d8c2cf758b2,5,84728,2017-02-14 14:41:56,2017-02-03 21:44:34,2017-03-07,10.0,-21.0,46.0,10.96
c4443dfc43ee61e02ebccffb8e2ec185,c470c4940c653080f16ba7e4cf1eb08c,5,84775,2017-12-20 20:07:11,2017-11-24 10:42:43,2017-12-19,26.0,1.0,18.9,16.79
6e997c2b446c1beed78512667fd37e02,8809eb241de20bada1a2eedfa3c47504,5,84818,2017-10-27 19:28:50,2017-10-17 14:36:26,2017-11-13,10.0,-17.0,799.99,101.17
a7bd2698d29a78dfe94e08f1d4089c8e,55cb95c5d7432b481870e028524b53e2,5,84894,2018-01-31 19:22:21,2018-01-14 10:31:45,2018-02-20,17.0,-20.0,54.9,16.82
749262d105d4d83545db26a046bf9ea5,47aa694d87f6ae4995bd02d6e8d9132d,1,84901,2018-04-04 18:52:30,2018-03-28 23:04:56,2018-04-10,6.0,-6.0,24.9,8.29
91d24a35c658846ccd299eac0a3e71d8,727c209cf1bf38111a8f69422ad7fab7,1,84907,2017-09-22 22:12:17,2017-09-18 17:54:27,2017-10-04,4.0,-12.0,355.9,13.99
fd869afd1c1565c26ffe3d5e7a3af52e,c9bd5b826046d7a922af1b95bdd4d39f,3,84955,2018-02-14 18:51:42,2018-01-29 22:20:16,2018-02-22,15.0,-8.0,29.99,14.1
58150306ba2d5d2794c8b5833543d049,d8dbce6a7e7afb5ee03584eea5a61779,1,84965,2018-04-16 21:37:52,2018-04-04 08:15:39,2018-04-30,12.0,-14.0,59.99,19.39
91eb4ff522f416789c16fdc3849a1291,958e0d4145c40f4951c1bf4d2cf1166a,5,85016,2017-06-08 13:34:02,2017-06-01 22:12:30,2017-06-22,6.0,-14.0,109.9,13.11
2e54112c3e267b39731b7b96afa79079,14443bc93c37173e661ffab44978e546,4,85019,2018-04-10 16:24:48,2018-03-26 13:04:12,2018-04-18,15.0,-8.0,179.0,19.94
c8164d4f454c84c063f7a3f4f725c31b,4ba3f21bd638fd2e98fc97de01b63a34,2,85054,2018-04-12 22:47:35,2018-03-25 15:22:52,2018-04-13,18.0,-1.0,14.99,18.23
4dddfadf8402bffc00ecc12021636ba2,a40502ef2029080537a03312ad509b69,3,85127,2018-02-20 19:07:33,2018-01-29 16:45:15,2018-03-01,22.0,-9.0,119.0,18.08
33a409ef2044ad96ef5db741b7419a4a,c45c354aed442407610326035c6c44d6,5,85151,2017-02-13 08:08:59,2017-01-28 21:22:15,2017-03-09,15.0,-24.0,869.0,24.0
7581c6e3b23ad558a5b58bbad3195d4e,aac83029cedfde867c3b10c7762d84cd,5,85154,2017-10-13 16:39:50,2017-10-03 23:55:15,2017-10-31,9.0,-18.0,99.0,34.05
ba21ebe780a1a1fc89f50fafca589dc0,71bd50400074bcb6afdacdccb82a5478,1,85192,2017-05-28 04:04:00,2017-05-14 16:08:22,2017-05-24,13.0,4.0,161.9,8.88
d0f9f5647d2e6e48e938c040c02e4e38,908e192e4db399ba3df7c844bbafa304,5,85239,2017-09-13 15:25:47,2017-09-10 22:33:41,2017-09-28,2.0,-15.0,259.9,15.57
ca5ab2b8fd4415fad948c6b5940c4e1c,feec317d7127a4dc69cfb507f08c8759,3,85241,2018-04-02 22:41:33,2018-03-04 23:38:00,2018-04-11,28.0,-9.0,69.9,35.85
03b8b7bde9dbb96d3d59cfdbc613acec,dd21beb23190fb08c8532bb31cd28b34,1,85245,2017-10-23 18:15:07,2017-10-13 11:30:09,2017-11-01,10.0,-9.0,29.0,14.1
040649725fa701a92e15174b813a80b1,08451f484ac3dba5140399d0b7e0a829,5,85248,2018-01-22 22:19:07,2018-01-02 10:32:22,2018-02-14,20.0,-23.0,65.0,25.73
bcb07258bada3f6ec84dccba47b17b65,24cfb770f308b181cc3ae36ca3d573ad,1,85262,,2017-04-02 01:12:22,2017-04-26,,,129.99,26.41
051eb83a8b50dd9269ba52a151f5fbff,0bece47d86c4c6000ca551001a15669d,5,85271,2017-10-16 19:13:48,2017-10-11 11:04:43,2017-10-24,5.0,-8.0,179.7,27.27
e5442b735666e05119129509ddab5602,d7d0eb9fb2a389917e37fc5411078df4,1,85291,,2017-06-28 13:20:48,2017-07-24,,,76.99,15.29
e7452eb647855255b2045780c7e90097,129c72226e320a7bf5b89efce442afd5,5,85306,2018-02-28 17:07:46,2018-02-12 03:09:04,2018-03-12,16.0,-12.0,74.9,12.65
9b92bb8b44883fb55d60084423c72bb0,f313aef57f83601a4652dd2225bbda00,3,85324,2017-10-25 19:09:51,2017-10-16 17:25:29,2017-11-07,9.0,-13.0,146.0,12.52
52d54288c643025b5ec42ff875b93884,53a75d669529740dbfecbfc99b5c13cd,4,85329,2017-12-17 16:23:28,2017-11-29 11:58:07,2017-12-26,18.0,-9.0,75.0,21.02
2603c66f985d4cef1a29c8082b90b6d9,2bfe277962b8f188066de6db159a6fab,5,85359,2017-06-19 18:58:02,2017-06-11 14:33:01,2017-07-05,8.0,-16.0,129.0,21.39
22cf5115b37521f19f8febf578092ad5,2545865a7855db1c3ffd110faf83261a,2,85368,2018-01-22 23:19:17,2018-01-03 20:40:15,2018-02-01,19.0,-10.0,219.78,33.06
d9c3785247be609cf1592fed4b8368d7,dd00823b8101c67e44520dd1ecead431,4,85392,2017-05-15 14:26:43,2017-05-06 17:51:11,2017-06-02,8.0,-18.0,28.9,17.92
a1898c1a12d913c86dc1d56dada68151,54051e01a81a788d5a87b405a9cde833,5,85404,2017-10-27 20:31:48,2017-10-24 09:03:47,2017-11-09,3.0,-13.0,56.99,8.72
8dd79470afe3447215c0eec5f8fece87,6fbee8112bd7aa6e40520d182952bee3,4,85410,2017-12-07 14:33:02,2017-11-11 23:20:35,2017-12-13,25.0,-6.0,49.99,26.89
8489b8036e5242178808ee7c8daacd52,154b66f3b29e92e4c9fc7f1ad60cb668,4,85433,2017-05-25 09:54:04,2017-05-16 13:19:09,2017-06-08,8.0,-14.0,47.99,15.1
ba19ea68b44046415bb9171cb777c5bc,209b30577b4c8a3f622822461ede363e,5,85481,2018-05-04 23:02:13,2018-04-04 20:50:52,2018-05-09,30.0,-5.0,349.9,31.96
14e655e240aa0109fc29e1590a2bdb58,e8b733ef6cfc7789f508ec9457122f42,5,85502,2017-11-03 19:10:19,2017-10-17 23:32:50,2017-11-07,16.0,-4.0,15.6,14.1
d097e9aa76809ae7020946d5079de328,26a4525518bf2e891e2cdffef0742346,5,85528,2017-09-30 01:05:52,2017-09-20 17:12:10,2017-10-17,9.0,-17.0,159.9,15.87
6b6e34e5e0705176bbe92786d0b31dfc,a04b614ebff4852b2d63c655c1588654,2,85557,2018-02-27 00:42:34,2018-02-08 10:45:46,2018-03-22,18.0,-23.0,254.4,37.1
6f705a143aa05e512b5581ebedb309f2,da395b46cb926910276c0b3ef76b7bab,5,85584,2017-12-02 15:08:36,2017-11-28 00:48:33,2017-12-12,4.0,-10.0,69.5,11.73
1cba5ceed853f3d4dfe8c807a4da21ab,f59ee70148bbdacff5fc0b6d1205252e,2,85624,2018-01-31 19:28:35,2018-01-22 19:57:33,2018-02-21,8.0,-21.0,19.9,15.1
7f11d23618e7ced8aad37bc74d72bf82,cc2e56876c1e46ae38eb40eb187b23a9,5,85769,2018-01-15 14:22:54,2018-01-09 15:42:32,2018-01-26,5.0,-11.0,29.5,13.08
c818bf3176aacdfdec840880f1246331,656990431532493653f3cabd289b023e,5,85773,2017-10-03 13:38:02,2017-09-21 13:17:36,2017-10-13,12.0,-10.0,20.3,11.85
7f06ead40e41c6e023ab2bae81a95a2a,83fa07d1dc69104a4cb1468ce3fbdc49,5,85782,2017-03-10 14:41:19,2017-02-23 13:39:37,2017-04-10,15.0,-31.0,99.0,25.18
d794a4273981eed191ca36bd7b12c44a,114e12eca60507f3e3153182f258684d,1,85786,2017-08-29 19:41:49,2017-08-15 11:14:25,2017-09-13,14.0,-15.0,115.97,45.27
fa6916e5925553927cd6bfd46d2e6550,a77a378498a60424c73641a2bce561f8,5,85815,2018-02-21 23:29:06,2018-02-14 19:01:46,2018-03-13,7.0,-20.0,45.9,16.11
2f933ca2b65f4abee595aa2c7f87c36d,946a24e6c014fe25b4af2d002c1b0594,5,85859,2018-02-27 19:26:51,2018-02-10 12:06:03,2018-03-22,17.0,-23.0,120.0,20.0
6da794ff33109dc2a8b9cd6ab2833888,85728ab380c0bb7e1c0f5f26d1e48cd3,5,85878,2018-01-18 00:42:28,2018-01-08 18:43:10,2018-02-06,9.0,-19.0,229.99,24.48
bf36ea4dc662003a9d33c38b8fb5516d,798f872475163b012f68c583819f0a39,5,85936,2017-12-01 23:42:25,2017-11-24 08:57:10,2017-12-14,7.0,-13.0,12.88,11.85
10c2e65fe96c3e6765d82d5404846d09,7e6d0e5b8f1f04ddb5b183f33aec691e,5,85944,2017-10-10 17:12:33,2017-10-04 21:39:30,2017-11-01,5.0,-22.0,199.9,17.65
663bf5f14f73549ca94a750ab98b41fd,7c0ce5e0916d0bca80839ea19d6112c7,1,85976,2017-08-23 13:17:53,2017-08-05 11:04:36,2017-08-18,18.0,5.0,37.99,7.78
49bce56b19609c10b6ad0955546799f1,293b49dd2d7212a25cd82a02e0c984ef,5,86009,2017-11-21 10:07:11,2017-11-09 19:16:07,2017-11-29,11.0,-8.0,139.9,14.0
eb4197f2d56aba03d62c1c78861fc517,9eebd18ac02881c6c6e4f47f3642ff8b,4,86115,2018-01-15 21:07:45,2018-01-03 16:55:29,2018-02-09,12.0,-25.0,13.9,11.85
650db9f1d650e83b48247e6fe81eb5a0,93b3fec4ab5648e985ee7e781e0e1b6d,3,86144,2017-11-24 21:51:33,2017-11-17 15:31:33,2017-11-30,7.0,-6.0,269.9,33.49
1df5e55a1988d16dc6342837bbc2a93e,e4380a38a218569eb949095e934047fd,4,86199,2017-11-18 14:14:48,2017-11-08 14:04:19,2017-12-01,10.0,-13.0,50.9,13.38
c9799010dd00285b8f750770058d680f,c06efe1d3dbfb4878f8742b009d0d0a5,4,86207,2018-03-23 03:27:43,2018-03-16 15:26:08,2018-03-28,6.0,-5.0,69.9,8.29
f35b476ea52917609a4d73e023691f6d,e49d66c37f294666b5c6ef847567226d,5,86229,2017-09-25 17:45:41,2017-09-19 07:54:34,2017-10-06,6.0,-11.0,86.9,14.34
975da9583acfc1677cc5899fd538fde7,66bd5293331e02863f2054bf659ed2be,1,86239,2018-04-17 18:29:34,2018-03-08 19:46:03,2018-03-27,39.0,21.0,79.9,21.64
7fe91ad40f92cb35463e702e2c16e693,b4c24344dd0972f479220d8479be6d34,5,86240,2017-02-09 09:32:48,2017-02-02 09:23:41,2017-03-01,7.0,-20.0,79.9,11.95
cf7274c2bf16f669e71b425b27640c5f,6970a3865417daf2e16446623fe67db2,5,86274,2017-06-07 15:08:28,2017-06-05 07:01:35,2017-06-19,2.0,-12.0,94.9,7.92
5147de92b7d39cfc00c311f9ddd1b758,a3670896f8c6f70396896223eb4ca8be,5,86297,2017-05-26 09:19:47,2017-05-02 16:56:42,2017-05-30,23.0,-4.0,59.9,13.0
127bee1cc7a39bf94e5a8d859a504140,5b16a0b742790fb2d2d775808a9d54a5,5,86311,2017-05-04 12:06:28,2017-04-26 19:25:47,2017-05-26,7.0,-22.0,69.9,14.66
08af337ede17837e01fbba7379f08c92,693675b8c01ce4f45378b230cc1d15b9,5,86323,2017-08-25 19:17:29,2017-08-16 21:45:43,2017-09-08,8.0,-14.0,214.0,18.75
92265cb5a08b00fa4b0672b384fd79ab,2cb14cadfd564d88f59990e80cd4e81b,2,86367,2018-04-02 21:51:15,2018-03-12 09:44:23,2018-03-28,21.0,5.0,227.0,15.68
d6b2a6e5f38cd70bf9a6cac5c4c8e4c8,2c1c4a8d435d8080c8e01dae4d7a5af3,4,86382,2017-08-18 17:56:40,2017-08-03 22:43:12,2017-09-04,14.0,-17.0,39.9,25.63
926f5317b26345d60d7019119ada17ca,8c8559a212cf7c80c066afce3c87a0f3,5,86387,2017-09-26 00:48:43,2017-09-17 20:12:09,2017-10-06,8.0,-10.0,19.99,16.11
7b971126bea7af83a3081b19adace965,f454701e5160f7518990fcac29a81932,5,86418,2017-02-17 15:44:46,2017-02-09 22:25:41,2017-03-10,7.0,-21.0,119.4,34.32
ad9a004a9ec0ebd86c825e708ce29f45,83f8bb6ef68716fd6901149d11de675b,5,86426,2017-11-10 19:41:18,2017-11-06 21:04:43,2017-11-24,3.0,-14.0,24.9,11.85
7ed8f1a0aa1537443230b7bd6011d32c,3f1e0bf4672b0acb6072aa40b0f99cfc,5,86432,2018-04-04 15:46:35,2018-03-20 10:32:28,2018-04-13,15.0,-9.0,29.9,16.95
52f86d590b2516001401a709ecadf0c7,fb845e7ec3f9c9eec92c1f2b163a7895,5,86439,2017-10-03 23:51:28,2017-09-30 12:57:50,2017-10-26,3.0,-23.0,159.9,12.62
17afa34284ef3b2c73d2e9aba03273ae,877a74a0ee5c1f719f39f4f11d2fc19a,1,86447,2017-12-19 20:06:44,2017-11-27 00:25:10,2017-12-20,22.0,-1.0,2700.0,59.88
e31c2506432b077f4a062f8abdf57055,c02bde150f60b4c2adcdd0c0e9d36d0d,5,86450,2018-03-02 23:34:13,2018-01-31 20:59:18,2018-03-08,30.0,-6.0,139.0,27.29
a5ceccc6cfdf752418fab6de1d2d1fcd,672ab3776d5b25e586521469609ae774,4,86464,,2017-05-10 11:52:51,2017-05-26,,,,
6f3ae5a43a1ce5f0c23a640be902525c,b866af202be0692766081310cd4085e1,4,86475,2017-02-15 03:53:46,2017-01-27 14:59:17,2017-04-17,18.0,-61.0,188.65,18.0
773c3fb739d9ec07c82ab41e1b4ba9e6,5c2e21ced9a53930b7b52dc9efe8628b,5,86499,2017-12-11 11:59:05,2017-11-24 13:10:02,2017-12-28,16.0,-17.0,714.3,43.99
2fb8c2ee9119de200c34c8fb59d550da,2591fdd6cc7718bac11436b57abd8163,1,86516,2018-04-07 00:46:48,2018-02-12 14:01:37,2018-03-07,53.0,31.0,99.8,35.2
f09b094ef4f790e8f0c325a77cc746a6,11553350b61a44e1a53b118b920e2e3c,5,86531,2017-05-22 12:07:59,2017-04-28 21:32:25,2017-05-22,23.0,0.0,39.9,10.96
afa2d8744fcf57cfab78ac6da6db114c,53d32a37a873746a00d313f6ae4b54d3,3,86532,2017-12-23 18:19:07,2017-12-13 19:58:48,2018-01-17,9.0,-25.0,59.9,17.99
30438651b2a9f883ff03c86129aed070,1970f2fb4b83ff962a75b064abc37f4c,5,86550,2016-10-28 10:24:36,2016-10-06 07:53:10,2016-11-30,22.0,-33.0,633.0,20.39
96c4cb4bc3a4c3dc2d32e71447fe6ecb,2dc8ae13ff86f4dcefb60ddfbaf43df8,5,86556,2017-05-04 13:34:53,2017-04-24 22:09:33,2017-05-19,9.0,-15.0,139.9,19.57
4822849a51898252353f21d8c73373e9,72be45eab146087612b9ee932e825574,4,86595,2018-05-02 17:38:49,2018-04-12 15:23:19,2018-05-10,20.0,-8.0,108.82,19.73
7d9da71ec31738461497b83d74eb75aa,0e66712947a6d0ae935240a304775a17,4,86631,2018-04-17 14:36:40,2018-04-06 16:39:34,2018-05-03,10.0,-16.0,181.01,19.15
70d5b7f19b7d90652715b50c78b73a8e,f2597992f6da6f545223c8f3aac0a681,5,86634,2017-12-09 17:33:33,2017-12-06 11:19:14,2017-12-22,3.0,-13.0,45.99,7.78
2b90613b6ff891a9b469f6f0446c119e,b9eb8b76c59fb1d0c2bd45104f5a9cba,5,86649,2018-03-08 22:28:30,2018-02-28 09:08:07,2018-03-20,8.0,-12.0,25.9,30.2
5894d4ba53f2740447ad14a705343f9b,a741e58f892ca29c438e254e4ce4f426,5,86684,2018-02-23 16:19:21,2018-02-01 10:31:58,2018-03-01,22.0,-6.0,45.0,16.11
ecc712ef8cadf0485144293e8c80add1,21f6b3be8acde5fe76fc6641b467f3da,5,86686,2017-11-09 17:21:11,2017-10-26 23:05:41,2017-11-24,13.0,-15.0,116.99,39.75
815ae4d9c2ea7f0cdfd8eea6a8d6a534,44bf13cf98a0e117856628ee258cd58c,5,86700,2018-03-06 21:33:41,2018-02-16 11:06:46,2018-03-09,18.0,-3.0,95.0,28.05
e0fa22f0f143f597c511aa5e67464e51,82a9e8fe2ac3a3bba14bf07d4c56813a,5,86716,2017-11-17 19:18:55,2017-11-05 10:58:05,2017-11-24,12.0,-7.0,314.9,13.7
d8b5d650c5ef91e995df38d4b0682112,01643942766bdec224d5593041f714e6,1,86755,2017-08-22 19:04:14,2017-08-05 00:17:35,2017-08-31,17.0,-9.0,32.5,15.1
007317dd0626d2256d07fc90df6ee515,510c6acb378271d88724c354faf156e1,5,86774,2017-10-16 23:50:18,2017-10-09 07:59:22,2017-11-08,7.0,-23.0,99.0,38.53
30d520bcb1aba1192ea50d4be0101063,27214261769c9a48e5294cfe2d9869d4,3,86776,2018-04-12 18:58:33,2018-04-10 12:36:59,2018-04-24,2.0,-12.0,99.0,12.6
01c315907f86339051f82e5beead2ad9,fedff8c18cd833ff96c2fb39874fb591,5,86783,2017-03-15 08:53:55,2017-03-04 15:03:13,2017-03-27,10.0,-12.0,490.0,23.51
93b99b91432f8e2eb7668630ae266444,2ab88224f93f4cc491bf62def6bb9bd0,4,86784,2018-01-29 22:33:20,2018-01-11 23:19:35,2018-02-14,17.0,-16.0,199.99,51.27
e50e106e02094debb6ad4f854fa21509,e1090e366ab626c68ca02d56a6dd1821,5,86825,2017-11-22 22:14:35,2017-11-05 10:22:00,2017-12-04,17.0,-12.0,189.9,20.82
d79e6cac2ec6fe4bb0d2265096e814fa,e659b8223be6f632acb24fb80cf50ca9,5,86831,2017-12-08 17:29:17,2017-11-18 11:30:58,2017-12-18,20.0,-10.0,61.5,25.71
2988c048ac32fe63c278544e24b0b714,891b59dfbc8a1d7b30f7fe7fe81b7d7d,5,86874,2018-01-15 21:24:58,2017-12-29 00:11:14,2018-02-01,17.0,-17.0,56.99,14.15
7b6cf1c09041a79e596a1f1793790c13,f69ae31bce06a78d626762b53067c7e0,1,86949,,2016-10-06 00:12:47,2016-12-02,,,156.97,16.8
b04a5f0f4a25a1ed1468d626bd475fa8,356447440f7c0f7fc6bd04c27ed18216,5,86961,2018-02-07 15:52:49,2018-01-26 16:33:49,2018-02-19,11.0,-12.0,69.0,16.73
cea4860e8b63d29cd475e6fc3c0084ae,3d4369dcce579868d4629c19b96260c9,5,86986,2017-07-26 19:16:47,2017-07-14 19:52:29,2017-07-27,11.0,-1.0,258.9,43.47
03852ba369a5519a5f9ae4fbfefef7d5,4c1f94303cb0dd867863ad2259197ab1,3,86998,2017-10-23 20:50:05,2017-10-10 08:14:54,2017-11-06,13.0,-14.0,159.99,16.88
19b9727a40fd5060ef73d5d290beac8e,3fa6a4cd68d1e2c5df53b8ba3226c787,1,87001,2018-02-16 21:25:06,2018-02-03 09:26:20,2018-03-05,13.0,-17.0,95.5,53.27
2cdc7db3282b2f9dabad90dd195d7bab,636fac4217a01ca1f468baf22a52e945,3,87041,2017-03-22 17:47:41,2017-03-11 09:26:18,2017-04-06,11.0,-15.0,239.2,22.9
4f9d10c885e21d2bbdc4fbf1013b000d,a7e6fba3426b2524d4ae03c6bcd147ee,5,87053,2017-11-29 00:53:33,2017-11-20 22:30:23,2017-12-01,8.0,-2.0,750.0,32.26
616afbe59b8870f698d27cb25f5ee3ee,34d3746ff00ec19dffcf5a7f6761a1eb,5,87075,2017-04-24 07:22:38,2017-04-07 11:05:48,2017-04-28,16.0,-4.0,12.9,10.96
a65db5a60ccb8ec57904d76ca4564ef1,b3c34fd05dd073feae270c759c46d900,5,87096,2017-09-28 18:57:41,2017-09-12 21:28:24,2017-10-03,15.0,-5.0,95.0,17.92
13a065b24fe0ba4a48922b2308f7ae63,7579e83c4b3105eb739458f2e6fee4f8,4,87100,2017-07-28 13:58:14,2017-07-23 16:39:24,2017-08-11,4.0,-14.0,51.92,12.7
43a914d46ea13facd339ae40e90a793b,9abd4434524a2140bc9418988f93b4c8,5,87111,2018-03-21 22:44:31,2018-03-14 16:23:40,2018-04-02,7.0,-12.0,79.9,13.92
2fdd2ae6adb828289e1d92e3bf70a38f,08f47d708b29e500be7ee1576343f2f9,5,87130,2017-10-26 18:41:54,2017-10-17 10:30:04,2017-10-27,9.0,-1.0,44.5,7.78
054022c27a69254dfe7f05f0c962ee0a,55d5398213ed7a57e6841a7f436872fd,5,87153,2017-09-11 23:02:44,2017-09-05 22:06:34,2017-09-18,6.0,-7.0,40.0,8.27
b7405480a13069506a9d5535856dd452,c0141f939a5a2e130bb9e329eaa20e2a,3,87156,2017-08-01 20:04:31,2017-07-25 16:10:21,2017-08-16,7.0,-15.0,55.0,16.15
718a3f016a2c00cd71f5507f03052b7b,c3547ff2a0fb9751d7b6aa7f7346695f,5,87157,2017-04-04 09:58:10,2017-03-26 13:16:52,2017-04-18,8.0,-14.0,14.99,14.52
c663dace83c1f3e1ec20fe0c938002a4,283750dc507f662a3e9cf4fbfff68030,5,87171,2017-12-06 21:51:53,2017-11-21 14:09:39,2017-12-19,15.0,-13.0,218.0,35.02
d382ec10a8f80a80554bf16ba06ec020,080353b05fa842120b49deabe1613a37,4,87212,2017-07-19 19:54:28,2017-07-03 15:48:48,2017-08-04,16.0,-16.0,181.98,35.84
7dfe91993a00465e8792625e0a14ed11,42d18cc0399f54454215946af6ef3252,5,87225,2018-01-16 21:33:25,2018-01-06 21:31:55,2018-01-31,10.0,-15.0,89.9,16.26
5de45bc9e478d3042520a15b4bbeed2e,7d1996e6e2897f39ad7ab248767d66ea,5,87240,2017-08-21 18:33:40,2017-08-17 17:38:34,2017-08-30,4.0,-9.0,110.0,8.96
19a94f0558d4f444be828a21d0468c4d,cceef4fb6d7807d091651d4f6bd0502e,3,87289,2018-03-04 14:22:11,2018-02-17 17:39:00,2018-03-19,14.0,-15.0,84.0,12.72
fd87f54c96ab6fe98e1cdb5efa832bb5,0922de4af18de92fdca6fed66b34b66f,4,87300,2017-03-27 14:05:45,2017-03-20 15:58:31,2017-04-10,6.0,-14.0,169.9,22.66
42dbe41e73179a583776776f7146005a,9c9504bb506aa1635fb6ad19be9bcfa9,1,87307,2017-09-14 16:58:54,2017-09-06 00:33:14,2017-09-19,8.0,-5.0,49.9,7.78
c14a1fb87df9ad169a747a64d2ca7009,b3edcb85453179d7aff0cc5180ef4880,5,87338,2017-05-19 05:27:35,2017-04-20 12:47:52,2017-05-29,28.0,-10.0,159.9,40.63
a0468dbd3a1bd8ef2a3a4cab361fe49d,e87d63870bcff2f72abfc64454bfff05,5,87344,2017-08-18 15:49:50,2017-08-09 13:23:18,2017-08-31,9.0,-13.0,12.5,11.85
0006803d573e15ea8a16b6662dc712d3,f104033beebfd7e8f12217531c2275f9,5,87356,2017-11-14 20:29:30,2017-11-06 14:20:14,2017-11-30,8.0,-16.0,109.9,47.3
27bfea2d4f26b5c7fca4dd56545d0b59,f1a65ff2fd9cc2759b0f9a3b78ac033a,5,87412,2017-12-18 21:24:57,2017-12-08 14:09:38,2018-01-03,10.0,-16.0,69.9,13.51
45a53b1c2c7149019e6a05d7ef87b778,ea88c2a0257950a370dc5a14925d3871,5,87413,2018-03-15 02:08:25,2018-02-26 12:47:29,2018-03-20,16.0,-5.0,18.9,15.1
bac6795286e594905a03f2b06b322975,ad570565d539dc76d6573905696f1a0d,5,87427,2018-04-21 18:18:43,2018-04-01 22:08:09,2018-04-30,19.0,-9.0,230.0,47.48
ff6e53df9b92f71cae03837bc4f789c6,a3de5eef9ddc6e58758fb9d70e5bcad5,4,87503,2017-09-26 19:37:54,2017-09-18 15:10:14,2017-10-09,8.0,-13.0,14.95,14.1
7fcb5b409e2847bea96733ffe4757af5,d79ddb434f71cfac3f5307ba5bed7fa4,2,87506,2018-01-15 16:49:12,2018-01-09 09:33:17,2018-02-02,6.0,-18.0,129.0,13.92
42eb7e9046ee17c4b5113d4d04c988fe,4550a99f6056026fc76c5030f0f45fe6,3,87513,2017-08-16 15:36:05,2017-06-24 13:10:07,2017-07-18,53.0,29.0,45.96,16.11
ca21a959efdc4525eae944691dcfb789,971e55ce6ef3eae4af8292bd71c8e27f,4,87516,2018-04-18 19:48:27,2018-03-28 12:08:31,2018-04-19,21.0,-1.0,33.99,19.32
517e1789ef4d063973197f0f719ddd1b,6260a1de134b2ed0e97c3763b0c28aee,4,87544,2017-05-31 08:29:32,2017-05-16 20:09:16,2017-06-22,14.0,-22.0,99.99,14.45
0bd0545e3e763f24405c796a510b17d3,7835854d5e472c92de2a34543f57f53c,5,87547,2017-03-13 12:52:01,2017-02-25 10:18:08,2017-03-24,16.0,-11.0,27.99,16.05
a5e060bd791d38ae5d8a78ed1d1adc30,8ebae9815269538d42b9f5d1c1950ff1,5,87577,2017-05-16 16:47:43,2017-04-27 09:25:53,2017-06-06,19.0,-21.0,118.9,25.03
372113393231515a1671c1c49b7f1e30,b874cad37f8aaecad0e9de14008e516b,5,87595,2018-02-18 17:14:57,2018-01-15 09:47:18,2018-03-06,34.0,-16.0,19.99,21.15
1c2a44ce37f4d20ef66a3c4a1b6f974f,b2a7488d3bfedd8a8abd53fff6127807,5,87622,2017-11-30 23:23:48,2017-11-24 07:04:41,2017-12-21,6.0,-21.0,76.5,32.22
8ef201bad59423746de7045042640379,48275cf565f4ea4f291da07bbbc7d330,4,87634,2017-02-21 13:17:57,2017-02-12 17:28:07,2017-03-16,8.0,-23.0,84.99,16.29
a9919122631db4185e566eb2ce206a96,c12f6da2e568142b38a24c3c2bcf13a2,5,87658,2018-03-12 18:38:36,2018-03-07 18:04:25,2018-03-23,5.0,-11.0,32.9,12.79
84d7d702b9bb9c2761fc0b881ed38045,957d3d3a63d9662641f1b2f6d01561ff,4,87663,2018-02-05 23:46:33,2018-01-30 19:23:29,2018-02-15,6.0,-10.0,58.0,9.34
40bd9e8f1a731185bed280395492b683,5defd0236f15e552d007f413fd3bf85a,5,87707,2018-02-26 19:53:49,2018-02-11 16:42:12,2018-03-09,15.0,-11.0,68.9,12.61
d54c15bb73b9e92ceee78565d58d9b9e,8b22958a1b6c74b753579682cc05bf21,1,87728,2018-04-10 23:56:33,2018-03-25 15:47:42,2018-04-19,16.0,-9.0,99.8,52.86
6ae56b295da4ab6c099a099fb1a2bdce,228854f82259e0bcba1d3a55fd6d955b,5,87733,2017-10-13 14:39:44,2017-09-29 17:18:01,2017-10-30,13.0,-17.0,199.99,17.65
71da3de225a5cdba54a8600730b81f39,b21c9bac60c92e8b6ba770accf270445,5,87735,2018-03-19 13:58:46,2018-03-01 13:15:46,2018-03-22,18.0,-3.0,175.0,15.98
0e6e6565b982a5c155abf7d733c02f69,37a17c5250faaeed1cd077f903e08994,3,87739,2017-06-09 13:23:56,2017-05-29 18:08:51,2017-06-29,10.0,-20.0,49.9,16.79
7bd67c9f0c746f0a461fe4766d4b96fb,260f6f8e1f649aa1a17a1cbcaffe7726,2,87781,2018-04-13 19:09:50,2018-03-22 09:58:33,2018-04-19,22.0,-6.0,139.99,23.91
5ac791169055b4994a395a442e3956f6,ac7a92560a9e99f0a0ab4988102f491b,1,87821,2018-03-22 23:44:33,2018-03-04 15:58:09,2018-03-23,18.0,-1.0,89.99,17.88
c6b487f0113ac611fe0a2414bece7435,8cc9f4314e5d248315bbefd0481e52aa,5,87824,2017-08-23 15:57:49,2017-08-15 12:42:34,2017-08-28,8.0,-5.0,125.98,23.46
e70495d4a94f285b9a63a8a26e16f457,de600694e63dc521b56a7fc6f01576d7,5,87830,2018-04-04 00:41:55,2018-03-24 22:02:22,2018-04-23,10.0,-19.0,81.99,7.92
33becac0cea5ffe55f5fa7fa203adf2b,f64e25d4978b16757ebf945e3e00b85e,5,87836,2017-10-13 20:12:20,2017-10-01 23:39:26,2017-10-26,11.0,-13.0,70.9,14.25
4b86ae20ca921ceade754fabf0995988,f7c666a64887124db742dd9a8a4e300d,5,87854,2018-01-15 20:28:49,2018-01-08 15:15:16,2018-01-24,7.0,-9.0,49.0,8.72
67e8f297b7b0f08c09061da1a37b442c,4e21387c48145e5e07a1d552b1a69776,5,87865,2018-02-14 20:29:13,2018-02-06 16:17:58,2018-03-02,8.0,-16.0,47.9,11.85
4c8b29069296d585874a555e9694ac62,5e13d329c7f14276973d82e2cd49b490,4,87874,2018-01-22 22:38:04,2018-01-17 16:48:17,2018-02-01,5.0,-10.0,79.9,13.11
8ab698ec482f239720c1d6bba027efb6,b68a52eb0d8bcd5f784a5f95b98a6cf6,5,87894,2018-02-28 09:21:54,2018-02-03 10:27:19,2018-03-15,24.0,-15.0,105.0,27.27
574c11c6a5d49f4a6c788e99d90bf607,793fa5780240b76760e4ddac10cfe540,3,87912,2018-01-03 18:13:00,2017-12-08 09:35:32,2018-01-12,26.0,-9.0,59.0,17.66
482d36b299d9c1ecc2991d86abe6f019,3ca3064a730b878a04e074e0f1c9f93b,5,87932,2017-04-03 12:26:09,2017-03-19 15:52:41,2017-04-25,14.0,-22.0,313.9,26.69
40ec94aee486c2b3a700cb79ea3d7ac5,1a0e54c67a7d784f932f5cc4f953fbaf,5,87990,2017-07-03 08:49:44,2017-06-16 21:56:39,2017-07-13,16.0,-10.0,56.99,14.15
5303eaf249f1a27c9ed08c4580dbf5da,05e8d222c5597784b04c804e183599c7,5,87992,2017-12-07 19:51:40,2017-11-22 17:47:12,2017-12-13,15.0,-6.0,59.9,17.67
7eddc1f788a76f00f6de46a71124e1fb,04f15733e3974c4127cb066cb835cdc9,1,88002,2018-03-03 15:59:50,2018-02-05 14:04:53,2018-03-07,26.0,-4.0,260.0,36.32
6dbf91319647de9afb56debc0ec2d908,48c5c0e8b2601862cebafe7fad2142f9,1,88050,,2017-12-01 03:16:01,2017-12-19,,,28.7,8.11
d8c945cfcda2500f9483eace0a4ebc39,e605cb87d9eccec27579c6d269f47ad1,5,88057,2017-03-24 12:34:17,2017-03-11 13:35:38,2017-04-03,12.0,-10.0,18.99,14.52
397ce09bc18e5afb910c5e4ece5322cd,5c4ddbfa718a93f4b6b964b9e19472df,1,88091,2017-05-16 08:29:43,2017-04-30 17:50:27,2017-06-06,15.0,-21.0,144.99,36.56
7aacd6f0b6181a22ee21d54a74f12fb6,aab7f3f00c73e3e209b6e84412a3758b,5,88106,2017-08-14 16:17:38,2017-08-07 10:25:57,2017-08-31,7.0,-17.0,94.9,20.15
103b5c195c24ac2a2b5188ee0d4f0d32,08b47d41b0e91577b2d62e070628b2dc,3,88152,2017-03-21 11:52:06,2017-03-03 20:01:50,2017-03-24,17.0,-3.0,40.0,14.52
2b31d25c8fb0289932b8b3efdde78921,0276bd1aea24c642af813980281af144,5,88172,2017-04-19 07:15:22,2017-03-28 19:34:19,2017-05-03,21.0,-14.0,139.0,40.48
359b9c2850bec6e6ec5a0a24bd7b0209,93ec3e2c9a4beee38c28973d307093e1,1,88190,2018-04-06 22:52:39,2018-03-29 14:27:41,2018-04-11,8.0,-5.0,179.9,24.55
be50eb7fa16c23b8c982bc8f3a1d8b5d,22aa38d79daf931ecd4c115fdb1f9c05,4,88215,2017-09-06 19:48:42,2017-08-27 11:29:23,2017-09-27,10.0,-21.0,59.9,17.67
13e8b9dc68d5ff80b4a0b0a91b1b6239,51c8ce1ad9c1fdebc69cc37fbff27f5a,5,88220,2017-11-15 09:32:24,2017-10-27 00:12:27,2017-11-28,19.0,-13.0,59.9,15.17
85327519cf24a158d887b520d4d41ca3,8c3b7297f4d519ec5e4dc1f72b6165b1,4,88223,2017-11-28 17:13:28,2017-11-25 16:14:20,2017-12-11,3.0,-13.0,27.99,7.78
14437e5f09190c4de92cf1864fe9ba9a,fe3ca9765d6e5b105da173688a12974f,2,88261,,2017-04-29 08:07:48,2017-05-30,,,53.9,11.77
628d6d67d782b4551e2e4a80ac59f1ba,00d0ffd14774da775ac832ba8520510f,5,88275,,2017-12-23 22:25:00,2018-01-19,,,,
b771a5b2c20868805237045e0d1a033b,d9b4254b30f9bda1e6cb94a67cd42cf5,1,88307,2018-01-29 19:09:19,2018-01-06 10:27:29,2018-02-06,23.0,-8.0,89.8,30.2
54ba50c41ac9eb552df8d450d29c900c,0c956783114b7ac9633e16c494c191ce,4,88312,2018-02-06 01:43:56,2018-01-14 20:05:34,2018-03-02,22.0,-24.0,88.34,52.98
a5d4e3690b1b1a9c7a3089326740ade6,c66aaca1cdf9bf8776f676b7398f8feb,5,88319,2018-02-05 20:52:09,2018-01-27 10:40:48,2018-02-20,9.0,-15.0,199.0,12.89
f2528db2ce1475ba4aff9754367d46e3,c56e8d085e3e718d31e0420e0a05a5e6,5,88379,2017-08-17 16:56:03,2017-08-14 23:14:51,2017-08-31,2.0,-14.0,50.0,11.73
b01981d00033ff20cc2de9067082351c,0af1da637acdb5fdd0d77bd209530157,5,88435,2017-07-12 13:17:39,2017-06-28 14:43:05,2017-07-26,13.0,-14.0,96.8,25.96
462a3ef43c2d9e5155909a72f91b4640,8b5ddca535bbca0d4282b4e82248089e,5,88447,2017-09-26 18:26:51,2017-09-15 00:36:44,2017-10-16,11.0,-20.0,165.99,28.54
6866afd9acf83ac7fdf1642d0ac06e13,c4b7a58ef60f4839159cd08137d4a18d,3,88510,2017-08-08 21:44:33,2017-07-31 19:55:17,2017-08-22,8.0,-14.0,119.9,16.6
6e54aa64352f23a6df7d995f2b59bf79,09aea357bd7fde763e2358cc9e413513,5,88511,2017-04-07 11:32:48,2017-04-04 23:45:19,2017-04-25,2.0,-18.0,29.9,9.34
7b8a95bdff974efa14c9f73ace3a5cd4,50c2a6b25b1df03eff6f7249da47f931,5,88528,2017-10-24 19:29:50,2017-10-16 12:16:46,2017-11-03,8.0,-10.0,246.62,24.05
c8d10a9e16c7557325f80113503d62f7,911a1257a699f1b61ec55aa88eace3bd,5,88533,2017-12-21 17:38:34,2017-12-02 03:45:01,2018-01-05,19.0,-15.0,52.3,16.13
a03576fb589d2566f12ef3c86d1b7955,78d1bb8db7414297b33c18163f8308ec,4,88554,2017-08-31 21:45:48,2017-08-16 11:04:16,2017-09-12,15.0,-12.0,69.9,17.74
95c471a26c6b5b795809ec5b9558f776,eca3f5e429027f406b64f21754673030,4,88558,2018-04-12 19:38:43,2018-03-24 18:17:14,2018-04-12,19.0,0.0,58.5,12.85
09eff3d348a5c149002cd6ea95f538d6,7d26f2a43dfbb0b9e5c39149593f3839,2,88576,2018-04-04 01:48:44,2018-03-31 20:43:05,2018-04-12,3.0,-8.0,109.9,9.12
32dc5fcb61499924e36ff592a3465e5a,cd0898805c856f3bd20017a200c6f581,2,88607,2017-08-04 20:02:56,2017-07-20 08:16:38,2017-08-17,15.0,-13.0,100.13,16.46
96d5ae4f060f55afb2e5ee5a9a544d1a,4f8e380dcdc0ff7f92479a8d9c950490,5,88616,2018-03-06 01:08:32,2018-02-21 18:21:12,2018-03-20,12.0,-14.0,199.0,16.14
3c6b115e919a94cafc35c465a456cb9c,71269bfaff77cbd93b48e1dc0f548f69,5,88625,2017-03-08 16:23:05,2017-03-06 11:23:04,2017-03-27,2.0,-19.0,24.0,14.11
caf8e9cbe7397ffb4886cd2dc8b8b2c8,5014c656e42bfdde371e00923238763f,4,88629,2017-05-10 14:59:49,2017-04-26 09:39:23,2017-05-17,14.0,-7.0,44.9,14.52
528a148d4552cd2d994eaff4874917c2,879c7f0d19d8c74f03005b40ba422b8f,4,88638,2018-04-09 21:05:00,2018-03-27 22:38:33,2018-04-18,12.0,-9.0,169.9,19.07
587ade898970aecc4dfe6d2d00beb851,5780d10774b33a1128ca4bcb46c055af,5,88660,2017-05-19 08:56:46,2017-05-12 22:41:20,2017-05-22,6.0,-3.0,67.9,8.72
93bd866cbaa9e658cb74573b70e2cfd2,8e0167d93d1c6bdf4595ee876ac8a842,3,88662,2017-12-23 15:53:32,2017-12-11 13:03:12,2018-01-05,12.0,-13.0,39.9,14.1
f0a5ed53f1636b520203395e5ba2b9ac,8d4f2bc3695c3c45f37da3245b22a491,5,88679,2017-09-15 21:57:55,2017-09-07 19:13:55,2017-09-28,8.0,-13.0,610.0,37.54
b29be67aa48c48115cadfd71db59a8b7,d39cd8aec30c3829bad1c1b4194b4fd8,4,88696,2017-09-05 22:37:39,2017-08-25 14:34:50,2017-09-21,11.0,-16.0,119.9,19.38
7366ea34d82be846033b385c98bab752,0246b043b8ae041912cc7651ceb1ba2f,5,88710,2017-11-03 19:33:46,2017-10-26 10:54:50,2017-11-16,8.0,-13.0,45.9,15.11
0c507c76f631ad36e6b847b20308ec14,c84ef2a01e44394c9dfef910a4c70df5,5,88716,2017-11-22 00:04:42,2017-11-10 11:45:58,2017-12-06,11.0,-14.0,129.9,16.35
1b96f605d280c119a34fbc06a1ef5900,93d59619dd0d3db962c4c8d0db7d88b4,5,88718,2018-02-23 18:57:11,2018-02-10 15:29:59,2018-03-09,13.0,-14.0,113.0,16.55
e03a15229677b99c27cd827cacadd051,1b0bc086985717610dbca11d3324771c,5,88728,2017-10-25 20:00:10,2017-10-22 14:12:23,2017-11-10,3.0,-16.0,129.0,18.52
456066b040655bb1b65b8e87f659f41a,79b63d1f9cf0257b33b04fbfb0847cba,5,88743,2018-03-28 00:04:31,2018-03-25 21:30:24,2018-04-06,2.0,-9.0,129.8,12.24
07988533c380bcc8dc8f990a4ac814b2,dbd4885aa71d304f95eb40c67bfbec35,5,88749,2017-02-07 17:29:32,2017-01-23 18:40:23,2017-03-02,14.0,-23.0,859.0,97.27
5dd9df29a3a4f3547f9232c6b9aba972,e550243ca45f5dc1f8c1ee12ff4a267a,3,88763,2018-02-02 18:52:18,2018-01-16 14:14:07,2018-02-16,17.0,-14.0,159.0,40.44
5f531d56d3fa9f05a2f10f03c7c7a6f4,a2a2c4451f820eb26afdc913f23b318b,5,88770,2017-07-03 14:51:17,2017-06-27 11:04:34,2017-07-10,6.0,-7.0,15.0,8.27
ede96f73831c080b10227a3862f71af3,340bd726abb7b57850b8f3e93c52a559,5,88780,2018-04-27 17:39:07,2018-04-10 11:46:18,2018-05-08,17.0,-11.0,550.0,78.37
f8b83991efbe08283aaa4f69d1b25326,fd966686fa519b004275d0f422800a60,1,88784,2018-04-09 19:41:55,2018-03-15 08:38:34,2018-04-05,25.0,4.0,128.0,30.66
9de8cd1134eeebe9b1c4ae293194b8fa,82de2fedb028c674daa827d7984fea98,5,88845,2017-09-29 17:24:48,2017-09-22 16:22:16,2017-10-09,7.0,-10.0,34.99,8.72
f1789b62d842cf5805b7560a3c79bc31,6c20d70e7c720f7895651a703e320b86,5,88848,2017-12-13 15:06:07,2017-12-08 11:57:49,2018-01-04,5.0,-22.0,64.99,11.73
93fd9c6fa65efb09369e376a50671957,e36361f00e1c093432050d4a52860c8f,1,88853,2017-10-16 18:46:42,2017-10-01 09:09:22,2017-10-27,15.0,-11.0,139.9,18.23
f7febb92116dd051ec5b527bfb4061e9,1a75bc259895ab33b0c12ebf388248b1,5,88876,2018-04-02 17:03:32,2018-03-16 19:32:35,2018-04-06,16.0,-4.0,209.0,13.9
2c5c9b938804f6b72a08ed60bc75c8e2,dc75b1010fd4556e765a7a5bd7d2acb1,5,88884,2018-04-12 20:25:30,2018-04-06 21:24:06,2018-04-25,5.0,-13.0,320.0,44.1
4b867df78d10514bb064984c5ca4f811,9d27094c5a72cbf877d632e2d03356e4,1,88892,2018-04-09 18:31:53,2018-03-03 20:24:24,2018-03-29,36.0,11.0,154.08,27.62
5eec644c35726db34fe6f5dd1252f350,a3aa23c77d6830dd5cb7ad473c8df492,4,88909,2017-05-17 15:27:47,2017-05-06 14:12:27,2017-06-06,11.0,-20.0,329.9,24.18
a99c2b08d612d62642279e634170f123,7e5755dcda787dcc7269f1698d6372b7,5,88934,2017-08-16 15:45:19,2017-08-08 09:53:50,2017-08-30,8.0,-14.0,79.99,16.81
d7d4f19586771e8585d40cde69fa7d12,5f0d1267a27284c0f27b7bfe756b59b4,1,88935,2018-01-03 09:39:52,2017-11-24 16:12:54,2017-12-28,39.0,6.0,49.0,28.79
053ca8866b684fd174f9eab4d5c81b36,20316f53ea8065f870f90eb423b39b1a,5,88945,2017-10-06 19:14:59,2017-09-13 16:12:04,2017-10-06,23.0,0.0,399.0,19.23
8ebcf42467ccc13605506070ad9e8bf4,4d8f7c7261c4de9e113b8d390125fdcb,4,88990,2017-03-09 04:57:50,2017-02-26 14:14:18,2017-03-20,10.0,-11.0,6.0,10.96
429856d721b6d33c24c79f7c319c177d,2e8e21db96a8ab922e51cd297678c6b2,3,88994,2016-10-28 14:11:47,2016-10-09 12:13:58,2016-12-02,19.0,-35.0,72.9,14.39
ed6e9e87bdf7376051832bb672ec7e3e,eb4d09476b0c4b4e17bee697d1adde36,4,89004,2017-12-26 20:47:41,2017-12-18 22:09:16,2018-01-15,7.0,-20.0,119.0,16.46
5b9dc3787499e9266e33f57cb9b69462,bcdbca456c84595f3dadfbef9eeeaf51,5,89030,2017-04-19 13:53:15,2017-04-03 22:19:08,2017-05-04,15.0,-15.0,34.9,16.05
5fc988676c53c50a8bf38cd8b244ce8b,f5d86f3c8e7c0b6594104ac90b9fffbb,5,89077,2017-09-27 19:36:33,2017-09-17 10:17:01,2017-10-05,10.0,-8.0,16.5,16.11
153134def91c9147a74bde19a9bfbcea,758ad4ad8206be158e3d67c55c82e9d5,5,89109,2018-01-08 17:45:09,2018-01-02 13:26:14,2018-01-26,6.0,-18.0,138.0,18.22
13d59f92b1b783972b14b3dad17c4ee1,d1f4276166cee5a37d01beb15e2426fc,2,89128,,2018-02-26 06:37:45,2018-03-12,,,15.9,8.72
db2185717b48af3f687e92d37405f5eb,e58d507c1730fdc2137d1fd497049a68,5,89167,2017-12-20 15:58:33,2017-12-11 21:14:53,2018-01-08,8.0,-19.0,39.9,12.48
16168a5dfbfcaea056814f208d73b093,14b4ad3f2983687b458e0118ab3c1d5c,3,89198,2017-06-27 18:27:41,2017-06-07 23:32:10,2017-06-30,19.0,-3.0,99.7,15.45
5520028b6c499217f59feb0517787696,5ddb1f7921a2218a2f21cf9ed9995a5e,5,89206,2017-12-23 17:35:24,2017-11-24 13:01:36,2017-12-22,29.0,1.0,19.99,15.1
7e52d3fd3b8734275fe9fe6cd869dd4b,4cb7d866ce5acba93c58383df3081469,5,89228,2017-06-09 18:29:30,2017-05-24 11:48:57,2017-06-26,16.0,-17.0,109.9,21.57
4e6aecf284ae03045b94c909c6cad1ca,e163e5d0bd1d8d33300401819c279e06,5,89230,2017-10-09 20:36:58,2017-09-24 20:00:32,2017-10-27,15.0,-18.0,250.0,54.35
078d4b527414643adba208ab1beadf01,bc64222f8431b055190650c8778f6efa,5,89275,2018-01-04 15:29:10,2017-12-27 13:22:54,2018-01-22,8.0,-18.0,89.9,12.97
15408436be3d5bc3a44512cbe73e47be,dc72c2d1985b4f1380c3289d3b49be6f,5,89321,2018-01-16 20:47:08,2017-12-20 10:24:02,2018-01-16,27.0,0.0,469.0,68.37
9aa56c4a4a76ad698ee854d2f8794d24,3443749ed04d4b33597a21fc22e24a4b,4,89327,2017-09-29 20:47:49,2017-09-14 18:54:12,2017-10-09,15.0,-10.0,159.9,38.67
cf7584e568abda94893625048472abc2,d16112398f9c83cdef02abee328caadb,5,89344,2017-06-08 14:14:43,2017-05-24 18:49:11,2017-06-28,14.0,-20.0,16.5,17.63
bebaed57378c65fe680ac8be1e6c8c79,b0aa40cb4d3896dc362952db107dd27a,4,89345,2017-05-23 10:12:16,2017-05-11 12:17:31,2017-06-02,11.0,-10.0,79.9,13.58
5629b69eea90c60320062dc1f1dec388,0df120be8a76db470b19ce0fbcf170da,5,89382,2017-12-08 16:34:53,2017-11-28 11:39:04,2017-12-20,10.0,-12.0,63.14,16.2
1ea78e337bcbeb2556651baaff360262,661ec1598023dc06dccfa4506ed13123,5,89394,2017-06-19 21:06:47,2017-06-13 12:51:51,2017-07-06,6.0,-17.0,69.99,17.74
e48b979c166b9ffcb5399f00733593d0,531e665dc22a8076daa802634cebfea1,4,89437,2017-03-24 10:59:49,2017-03-17 19:59:42,2017-04-24,6.0,-31.0,69.9,17.92
e060db51e6963dca30554b48f8320ad1,a439a8612081437ade41c9820aa46aa6,5,89456,2018-02-14 18:27:31,2018-01-28 23:27:33,2018-02-23,16.0,-9.0,79.98,33.58
8c0bee37ad33d12ffaa8b98bde28f6af,84f2f3376f85a2095f8b1e318e285d45,5,89463,2017-08-14 18:12:37,2017-08-03 20:28:45,2017-09-05,10.0,-22.0,35.9,16.6
b11733433d033ae9a8c3045c36daecd2,bfdda01969e3428f5b74096b3d6081d9,1,89504,2018-05-11 01:36:24,2018-03-29 13:15:13,2018-04-18,42.0,23.0,49.9,18.23
17f4b0334dd46eb096d6ddc3aba43707,9b555b4c4f3028463eb59bbe1e9e9bda,1,89514,2018-03-03 21:48:25,2018-02-13 21:55:57,2018-03-06,17.0,-3.0,115.19999999999999,48.33
2758f8ebaa090f7d5bae8b0faad9cc5e,972d0ed6eecb690d07910ee2dbaccb19,5,89534,2018-03-02 19:08:24,2018-02-23 11:15:00,2018-03-09,7.0,-7.0,91.8,15.56
daf51cff75800bead5bf87141a645f19,56142b6c34c40cccb3e3ee8308a4ae76,5,89538,2018-01-16 18:51:50,2018-01-11 21:28:50,2018-01-30,4.0,-14.0,59.9,28.9
71b1b6026c68a546491027142624fa07,0dac831729de109c5f878882316eb43f,5,89558,2018-04-30 18:21:20,2018-03-30 12:26:42,2018-05-02,31.0,-2.0,53.99,22.09
73f0bbd204b8c75638d743be6d665e82,7ec6021176941588f1d92734b1b35cce,5,89567,2017-08-15 16:55:39,2017-08-04 15:12:56,2017-08-28,11.0,-13.0,339.9,16.13
2f8e2d7e77a85aee37ab803eea8266bf,4900f8f1421400535834a94765872825,5,89592,2017-10-27 19:09:12,2017-10-16 11:39:13,2017-11-07,11.0,-11.0,145.0,30.52
9593b7c565b1750007dce44d0f15c61f,4556e8c7a1fb280f57f939007f33c799,5,89613,2017-12-19 20:34:29,2017-12-10 09:18:07,2017-12-28,9.0,-9.0,249.99,22.85
b577596c4793e2cd3a521df78ccc8cb9,f1b077d44b598f5bdb44d7324e527a04,4,89615,2018-03-13 15:42:02,2018-03-01 13:52:51,2018-03-21,12.0,-8.0,104.0,30.23
16faf500caa53a8e388ed3ab281fa4ce,e57742f8afd4fa79d5d6b11a85f9c64f,5,89660,2018-04-03 19:41:39,2018-03-24 04:55:49,2018-04-17,10.0,-14.0,57.6,19.37
d6888a6635a76b01d7a88d85dacb5157,ef897a70523fdaa35f5f7408c325d3ad,5,89690,2017-11-28 02:04:41,2017-11-21 13:45:03,2017-12-07,6.0,-9.0,51.9,11.86
d36ecaee7df2695a66dae8e0a4640846,5f944775bd47e27388f34caaac31649a,5,89701,2017-12-28 16:06:03,2017-12-07 16:32:47,2018-01-09,20.0,-12.0,69.99,12.83
4008e282c4e7be174f3ef178dc788945,c95fb74948e8db073f6114d3fa726fe1,1,89715,2017-11-22 20:23:33,2017-11-05 22:06:17,2017-11-28,16.0,-6.0,599.9,23.44
753f172fafa871b513d698ca7fd8560c,bf11eca40b14cb59b17fe061d025c8a3,5,89751,2018-02-05 23:52:46,2018-01-26 14:21:17,2018-02-22,10.0,-17.0,165.9,18.41
97b13021f05337ec995a3d18958d0ca7,84d69a23359293cc4fe3cea41ef46c58,4,89759,2018-03-19 23:08:45,2018-02-28 11:19:13,2018-03-26,19.0,-7.0,59.9,14.17
1932e1cf263b14e7741fc98c24ee91c6,936a0b6b0c174a80b59e8357f5f94e6e,1,89771,2017-12-19 00:23:28,2017-11-24 09:14:38,2017-12-26,24.0,-7.0,48.9,17.92
f6534fe600678fb13eba89b24553735e,47cb859a7f526319e3da0015c15c3b1f,4,89808,2017-02-24 17:13:54,2017-02-08 11:40:35,2017-03-17,16.0,-21.0,398.0,64.63
9c8e07c7d7c205cd9423b31598c939d9,3163a067949a10a752bec5cca69511b2,4,89811,2017-05-20 11:03:36,2017-05-04 15:44:25,2017-05-29,15.0,-9.0,257.19,95.78
b0c829e8b3902791d2bb8944e5662b63,fd571ab12e8d263eaf309774eedfcfeb,3,89820,2017-08-11 18:35:44,2017-08-02 17:13:38,2017-08-28,9.0,-17.0,890.6999999999999,58.0
614f14ad3a3eb906b70e48ae611ddb85,d1e0427b410886678a52f73caa44e264,1,89836,2018-03-05 16:53:18,2018-01-16 01:18:59,2018-02-09,48.0,24.0,89.9,17.07
e72ad79b7c0cb0f6af9fb9818a1992fa,d36a4e2b3b3896998031588f13c260d5,5,89846,2017-07-04 14:47:53,2017-06-23 18:26:25,2017-07-17,10.0,-13.0,70.0,56.4
5ccf9e14796ecb4f98ce11d896e9f0c0,ec0dc4b572563095782c3e96a9f4d205,5,89859,2017-07-27 17:41:12,2017-07-21 11:05:42,2017-08-16,6.0,-20.0,139.9,20.47
bcc37d0e9b44ee2b7bb1dca992b875aa,7afce0931219b60595f42a39594359d5,5,89861,2018-01-24 23:09:59,2018-01-15 10:37:13,2018-02-14,9.0,-21.0,27.99,15.1
0115633a9c298b6a98bcbe4eee75345f,78a4201f58af3463bdab842eea4bc801,5,89871,2017-09-20 22:24:03,2017-09-04 15:17:12,2017-10-03,16.0,-13.0,229.0,96.41
bde7ccced6733d653c292c217144c498,065d4f458013cd9c9e716f8be1ca00d1,1,89902,2017-11-10 16:03:34,2017-11-05 23:44:57,2017-11-17,4.0,-7.0,59.9,8.27
e3af5431585295c233719579eacfff02,61b8f80f57eb27a3d6f27f6578b6b3c9,5,89943,2018-02-09 20:27:45,2018-02-03 20:26:01,2018-03-06,6.0,-25.0,78.0,15.3
73e347730232b3327a483db6b73a64ab,ae4a905f158c49a81cd20d36a52ccc4b,5,89965,2017-06-25 08:02:51,2017-06-21 17:28:49,2017-07-04,3.0,-9.0,75.0,11.73
e87d8699e0505722c781bc70c2a266c7,d114db1284e403886d42917794dab1aa,5,89975,2018-04-04 20:54:42,2018-04-02 14:54:18,2018-04-12,2.0,-8.0,29.0,8.82
a096da98a5fca70af9e8b744b9033a0a,175dce49b5ee048156291ea4dadd9f57,5,89980,2017-03-08 14:36:43,2017-03-02 09:43:10,2017-03-22,6.0,-14.0,15.9,11.74
7788e29106970cb0951cd9ee06076ea6,59118abb5690ca1f5c31a26b1b7b7534,5,89984,2017-12-15 00:22:04,2017-11-30 19:12:21,2017-12-26,14.0,-11.0,178.99,25.77
46e2a84620e40e1c7a2b127f706b38e5,233868ed9e2f9399d292289f27bc2993,4,89991,2017-10-09 16:35:53,2017-09-27 04:24:28,2017-10-23,12.0,-14.0,99.9,16.46
b2cd5989ea079a2e4cdf540347d4b48b,654ba98a499a03473f9780e5c7fc227b,5,90009,2017-08-09 18:34:17,2017-08-04 03:06:27,2017-08-17,5.0,-8.0,62.8,9.94
37633f8d153526c6c26c567da9093dfd,28ac52cca188141d6fb38c1e8bee7e1c,5,90018,2017-08-07 19:55:18,2017-07-23 19:39:22,2017-08-21,15.0,-14.0,29.9,26.89
d73bca7fd9c33b9bcdbaa5b7d6fa9599,429879e52accbd209d4e3c7994cbce25,5,90030,2017-07-31 19:51:48,2017-07-19 18:16:35,2017-08-14,12.0,-14.0,134.9,21.43
5a6205afbaee98a98d04d432b2fcadfa,def5a490726da84a4e00b9abfcc9fd6f,5,90047,2017-08-08 16:41:18,2017-08-01 16:49:22,2017-08-17,6.0,-9.0,30.0,8.27
23b8b606e44be451521eb1feb02ddde9,00c81b6675ef9ecaaff5fc1d6720b96c,5,90048,2017-10-30 15:24:07,2017-10-24 17:54:41,2017-11-14,5.0,-15.0,24.99,14.1
55ee97c1d6ec1a575a83ec108af4b9c6,327c17fe3bf926f72f592503b52e3b5a,4,90080,2018-01-26 18:58:59,2018-01-07 23:42:15,2018-01-31,18.0,-5.0,259.9,18.53
7bb68fb2334bd96e49f4cb80b0078f20,6c4e90e5210c8bb1f66613dc9a932010,3,90098,2018-01-29 16:18:54,2018-01-17 14:52:50,2018-02-01,12.0,-3.0,120.0,23.43
5e024034244da20b532d9e902a9a1c67,3f695ee2567af0b169e482d825ec8e31,2,90112,2018-01-04 22:33:48,2017-11-28 16:15:04,2017-12-22,37.0,13.0,78.98,39.48
6b2651d497e75d315910c6d960589c59,eb25b57cce5990ecc259c59e8052fece,1,90118,2017-07-24 18:19:57,2017-07-12 17:17:00,2017-08-03,12.0,-10.0,119.99,27.39
ed9b4fdced4a66ff16756b7df079234b,e1cf4f3524c63c7e9c134666f89e722d,1,90136,2018-03-07 00:22:45,2018-02-02 12:56:51,2018-02-26,32.0,9.0,86.9,13.63
048fea9ec8eefbdc62f4510761bbebde,782c3666584e68ee1fe25859e30cfbe8,5,90152,2017-08-03 18:49:24,2017-07-26 16:04:07,2017-08-17,8.0,-14.0,70.24,32.22
eb57da8425a90c081770c5d6db6fc893,3ea85b54f4c54ccc998b38bebf6c2c15,3,90195,2018-04-30 15:51:46,2018-04-11 13:27:29,2018-05-25,19.0,-25.0,499.99,21.38
1925216892e7532dde77633c60a1aed7,626769ebfbed1c226afe8deb0a5381fc,5,90270,2017-11-29 17:39:03,2017-11-21 18:33:24,2017-12-18,7.0,-19.0,59.9,16.18
7912aad1fdbc1785273a7979e8217e3c,84d965c9482e83de042bcb2ed7330012,5,90286,2017-10-03 20:23:40,2017-09-25 06:38:35,2017-10-24,8.0,-21.0,185.81,17.06
cc4265a15f05a1ed53f5ee8099f711cc,2ec5ae6b4bef1de1d800902041762302,4,90299,2017-10-17 01:42:17,2017-09-11 22:15:48,2017-10-06,35.0,11.0,19.9,34.15
4d26e9266f1c77fec7f20bc7b9bc72dd,b642a3e08bfd10119c9b7e948c936e93,1,90305,,2017-02-03 01:03:44,2017-03-06,,,,
6de88c959f8877e1d63c2522343d9099,363fe8f62de97e4334f5c88e3d9e73a8,4,90322,2018-03-29 21:26:39,2018-03-23 13:58:15,2018-04-20,6.0,-22.0,81.99,7.92
337c31cbe77439cc5765ff27682e1b0a,65eabb940466e3db08bb339bdf5bb283,5,90330,2017-05-17 14:48:00,2017-05-07 18:45:14,2017-05-31,9.0,-14.0,198.0,77.06
8ca61304a483421241c04eb7e78467f1,222e2f45e2970908ca9c29309b7452c5,5,90368,2018-03-28 21:44:50,2018-03-12 22:49:15,2018-04-05,15.0,-8.0,16.99,18.23
887dbd28915a72cb96c427bbf4a63ab9,1cf718e4825b60483e960187443209f1,4,90391,2017-07-14 19:03:07,2017-07-01 12:25:06,2017-08-04,13.0,-21.0,79.0,15.3
7803111200a769af32f7d4ac83537145,8ae04dfbb6a99bc4d4871edc08bf8ee8,5,90413,2017-11-30 14:42:30,2017-11-24 19:30:37,2017-12-08,5.0,-8.0,75.8,15.56
124b8d029f0f8247209a26819095ddfc,a4f3326bf1a1c3e11d17f3680f1e6337,2,90415,2017-09-06 22:39:59,2017-08-30 18:41:51,2017-09-18,7.0,-12.0,22.0,11.85
115fcb3dc00a009a9d8df833081d3218,c0a1dc99f45387972d7c24cb3ffb3727,5,90443,2017-07-14 18:52:06,2017-06-30 14:34:45,2017-08-03,14.0,-20.0,139.9,34.78
0dd0a5b02a4f79320a777ceaaaf9d0d5,cd9d1d8f26cd28414908863fd4538ef6,4,90445,2017-07-13 19:49:17,2017-07-09 12:44:54,2017-07-28,4.0,-15.0,45.0,12.69
e0e8bc93edf808ddbc1d2d71533e3955,9e784561e351e3749a4dc15902d0e7ad,4,90449,2017-04-27 12:12:11,2017-04-12 21:35:27,2017-05-23,14.0,-26.0,29.99,24.84
1d8f9cdbf845b6979f1f800761b864b9,89875030a35679ca3bb457e3e89dd7f1,4,90451,2017-10-31 11:54:07,2017-10-18 13:34:39,2017-11-13,12.0,-13.0,25.0,15.1
d3754a63c849b24034e5ea6198585d2e,ce2b4f2836d78829e4796213d536101e,4,90477,2017-07-05 10:55:52,2017-06-18 22:46:42,2017-07-11,16.0,-6.0,97.9,57.36
59541185ec224eb6c49b2128bd235ec8,4a53124ff0021d4eb276c76766d45f71,5,90507,2017-10-17 19:35:05,2017-10-09 15:53:41,2017-10-26,8.0,-9.0,59.9,15.18
08531aa0b3844944e7aeef53530f8598,a65820c7e4307f72117e77fce6be1074,5,90528,2017-08-01 17:19:32,2017-07-28 10:51:19,2017-08-17,4.0,-16.0,119.0,12.33
8f5e47e60c8d0253b5cadb668218ece8,10e722e25378399056392a2c2c5ff9ba,5,90530,2018-02-10 13:14:39,2018-02-07 09:58:30,2018-02-23,3.0,-13.0,26.9,9.34
67d299a222c1241417538189b42daa18,bbd3497e622456fd8b79ba59de1c3ab6,5,90574,2018-03-18 14:29:05,2018-03-02 14:59:29,2018-03-27,15.0,-9.0,79.0,17.8
53104a0fc44cb3349b50c3bb5e66a8c4,deb805b3a0cb1a415c66ddda0f92e0a0,3,90597,2018-03-20 22:03:52,2018-03-02 16:37:13,2018-03-20,18.0,0.0,43.8,24.7
f2cd381d6c0e93febd8ee61a74f246f1,704611e37204252ce312c0b0ce22ef41,5,90653,2018-03-22 23:28:38,2018-03-09 14:55:41,2018-04-03,13.0,-12.0,97.9,20.42
5aee4af6a2dabfbed2c29f80cbd3f01c,09b8c1e504ab1fce7031c710bd8558d6,5,90668,2017-09-15 18:32:48,2017-09-13 17:04:49,2017-10-02,2.0,-17.0,69.0,8.72
de896ccbef67cc6128ba1a4e54f7becf,42f2f38b2e99615f8fa65dd99a455294,2,90671,2017-11-10 12:21:49,2017-10-21 16:13:44,2017-11-21,19.0,-11.0,346.32,71.13
f12f6684fc89fc8042a8f111722df4ad,7955a52aeb9d87cd04d970f6cc22c98e,5,90709,2017-07-19 16:35:41,2017-06-22 11:14:21,2017-07-14,27.0,5.0,40.0,15.1
656b2bcfd4f524f3321750e80768d4d1,9e813e49b77c015771ec80e16207d7b5,5,90721,2017-04-08 03:33:12,2017-04-04 07:07:26,2017-04-27,3.0,-19.0,189.0,18.06
7af9d609ac609d703f03b6143b69d09d,10938b7ea022f888b8a2683a6a0fc533,1,90734,2018-04-16 16:28:36,2018-04-10 16:06:56,2018-05-02,6.0,-16.0,459.0,35.47
6c8980658fc618acaa8785664c688d82,46300fb44bc5e5cc05d54d33cbc243fc,5,90794,2018-03-01 01:11:58,2018-02-20 11:06:39,2018-03-13,8.0,-12.0,149.9,23.37
fc6c0a147d9b4ec29eba006c953ec541,677d1a451e724a484b806dcad91e266e,5,90798,2017-09-27 21:56:04,2017-09-16 21:58:40,2017-10-05,10.0,-8.0,368.9,27.42
101567e97dc3b2ce564ec31ab94da1a7,79ee77c8f45cf57099cfe54271af1d49,5,90808,2017-05-12 10:32:23,2017-05-01 18:43:06,2017-05-25,10.0,-13.0,34.9,14.11
635184d6ffd900537596325220776bde,2d17c499d9ed8dbdfb97368c0f322dc0,5,90814,2018-02-27 21:24:52,2018-02-17 12:06:46,2018-03-16,10.0,-17.0,57.5,25.24
5ec668ee2df718ea3c220e4347be48ef,6f4016e726a9987c48a94f9c2e26898a,4,90842,2017-12-08 17:42:56,2017-11-21 23:58:55,2017-12-12,16.0,-4.0,159.77,16.88
9c6c2914959d930ffc23b130aa3ddf3c,d9f2f547b09a41a6cd964ab5e652f5ca,5,90851,2018-03-29 19:54:28,2018-03-10 21:15:26,2018-04-05,18.0,-7.0,52.99,50.87
6325e3de0fa0cd0876b596eec4f234d9,8d053738b817a245da596c4aac057923,4,90871,2017-02-24 12:47:58,2017-02-11 12:25:50,2017-03-24,13.0,-28.0,49.9,14.52
d1f88f2add3b7a3489f40a69dbad75c8,2932a008b292b9b8eafc415b46f0f3b0,3,90885,2017-05-23 11:28:02,2017-05-08 20:21:05,2017-06-01,14.0,-9.0,39.9,15.1
7bffa21b5ac613e109c267877a3bce8e,35138e39f9a22af41b39da5df0cc6790,5,90891,2017-12-06 19:51:40,2017-11-26 20:33:48,2017-12-20,9.0,-14.0,99.99,14.45
8bfcd467a8aa96ab52abfce01ab11c08,b1d654a4586eefddf31151bf787ff632,4,90931,2017-09-01 20:13:13,2017-08-30 13:51:42,2017-09-12,2.0,-11.0,35.0,7.78
eef5dbca8d37dfce6db7d7b16dd0525e,895ab968e7bb0d5659d16cd74cd1650c,5,90936,2017-08-14 12:46:18,2017-08-08 20:26:31,2017-08-30,5.0,-16.0,109.78,51.54
82589bbda6d48427212e0aaa5b3f2251,c09395a3ba913b8f6c2594a7df7df72b,5,91007,2017-09-26 20:19:43,2017-09-16 16:25:19,2017-09-28,10.0,-2.0,270.0,55.35
345fb1c8fa745d1f2a35d4c8f37983db,e4d08950321814112909360f9dca2e3d,5,91013,2017-08-11 12:12:00,2017-08-08 21:30:55,2017-08-23,2.0,-12.0,200.0,15.01
f24a6be76e4ea1c9f191020897092c7c,7f323198e815792fca0a3a19277e0bd6,4,91042,2017-09-13 17:17:25,2017-09-04 16:48:28,2017-09-15,9.0,-2.0,175.9,10.65
05cd167a955ccc0a9080ec1ad632c985,42560dfc8d7863a190293678f01f6bbd,5,91104,2017-10-24 17:09:24,2017-10-22 01:39:47,2017-11-06,2.0,-13.0,29.8,15.56
f9f941e29d04f05cac6605d2fe2bded5,01bbfee76e5e3f96f008c781c2c17bcf,1,91124,2018-03-29 16:13:09,2018-03-21 11:13:07,2018-04-06,8.0,-8.0,25.0,11.15
499bbf4c80a2bfb703f60df742c3cb92,509a52223ecac6d67fb765b3b37c6974,5,91132,2016-10-26 12:21:06,2016-10-06 18:11:11,2016-12-08,19.0,-43.0,44.9,20.8
b8aefe9e691ca1a914a139689c7c86f3,c49181fdd58a10a077a8a075b9a46e6b,4,91133,2018-04-09 21:26:39,2018-04-02 18:39:26,2018-04-18,7.0,-9.0,22.97,12.79
1fc78e2c3df61fc9ebe8981c76c2ca8d,7fc4e29ecbfc8b635f7ffebeb5e68228,5,91147,2017-09-29 01:48:44,2017-09-19 15:14:08,2017-10-05,9.0,-6.0,158.0,16.74
73fa12f2f4485a9ba8ca1bdb40330166,74a821d17475458a217623b9464147eb,5,91158,2018-03-28 22:12:57,2018-03-19 17:51:18,2018-04-16,9.0,-19.0,37.9,18.23
e9f964b53f7a1f9500aa9928434de7e8,d22b9cdf085b4c46374d974de5b98296,4,91174,2017-09-25 21:23:51,2017-09-19 09:22:36,2017-10-05,6.0,-10.0,16.9,12.69
5f4ff7cc6810ffc52a6f3382717af8cd,9eb45b0aa6ff6baf71a20c68414f8089,1,91203,,2017-07-19 23:29:07,2017-08-22,,,,
22b36a2832fe170e346894728d08eede,7b54f413e57e620ba1cfca072be00075,4,91205,2017-09-06 19:30:03,2017-08-30 00:24:51,2017-09-22,7.0,-16.0,158.0,35.6
7e6b222677ce44bf6d955910a80f65e3,e9f590ae043019d94174150d8acbc07d,4,91210,2017-11-24 17:44:55,2017-11-14 07:56:30,2017-12-19,10.0,-25.0,31.9,15.79
c433b22629bcca816295cfc1cd446c7b,016dee69b3de35a39bfccee5309307c3,5,91223,2017-01-26 15:43:39,2017-01-14 16:35:59,2017-02-28,11.0,-33.0,45.0,17.19
d1588c25e7659114e06fc88304444ed4,21ca56b276a6b8d082a1261f33786085,3,91263,2017-12-29 15:49:02,2017-12-13 15:11:03,2018-01-10,16.0,-12.0,49.9,14.1
71563e8a202840dc5e852e609942b20c,c805a38699c19dd700dc3215d25ed7f5,5,91293,2017-04-18 15:45:52,2017-04-08 19:06:55,2017-05-09,9.0,-21.0,138.9,17.12
b28309e8253951a954123e039d3242f7,8beb59392e21af5eb9547ae1a9938d06,1,91297,2016-10-19 18:47:43,2016-10-08 20:17:50,2016-11-30,10.0,-42.0,99.99,11.23
666e6fc60c119aa2526359259deb5661,795bb9f4596c758fdd4a83435bd2bcb0,4,91311,2017-06-29 15:59:49,2017-06-18 19:51:24,2017-07-17,10.0,-18.0,34.9,16.6
fe02ba51241607d1cf5a156dcbe39948,40a0fc3c21a8f455a5f8388ed46408ca,3,91318,2018-03-15 00:26:23,2018-02-23 18:37:23,2018-03-26,19.0,-11.0,29.99,28.75
bb82672053070db6888c633a8f5a585d,ff0286485ce9c3f1d6ed22a4c7402060,2,91329,2018-03-05 12:28:39,2018-02-14 16:06:44,2018-03-07,18.0,-2.0,239.6,79.64
b9348ed23cd4c1e6ce95a2c3e3441eb1,a31768d1614db23dfc711f738b2b774f,4,91330,2017-12-11 18:52:46,2017-12-01 21:25:52,2017-12-26,9.0,-15.0,149.0,16.67
fb2c9bb67b70278bd8a1b9a41b60aab7,20012c4dba68323c61f4536de28ed1bb,4,91359,2018-02-05 15:54:53,2018-01-25 16:27:59,2018-02-22,10.0,-17.0,180.0,12.76
069640a26ff23e2b127e6a51aa22e9ed,5c6d04d4860d065452c6ea2d2c82e114,4,91362,2018-04-10 18:36:51,2018-03-07 22:37:13,2018-04-03,33.0,7.0,31.9,15.23
bff50e6dac1ecf61e54fc782b23f9452,6d67e84d12d1216ea08f95b805d1848a,4,91370,2018-04-04 16:54:16,2018-03-17 09:27:55,2018-04-09,18.0,-5.0,34.89,12.79
6283feeb1faafc1d197e872a5cb45ae2,0fc71b3c90422c26bdc5df9d7417b505,4,91374,2017-11-20 17:44:51,2017-11-09 18:22:26,2017-11-29,10.0,-9.0,145.0,15.77
77a4b3f13556415c213616b4137255bc,33712c34fc0af28b0b57a36f2b26cba8,4,91400,2018-03-05 16:21:48,2018-02-13 19:09:30,2018-03-09,19.0,-4.0,138.0,18.22
a49a2ff19439951630555ca8f82388b6,a32f136cacf2a9b45eaeb507057b33f2,5,91424,2017-10-06 23:25:55,2017-10-01 23:11:18,2017-11-01,5.0,-26.0,99.0,16.94
619254cdc73c450b93162a68d6b72096,45e00abea326ffad82887cb48faf12b9,5,91460,2017-08-28 22:59:58,2017-08-18 12:01:05,2017-09-12,10.0,-15.0,89.9,17.88
c11a98e1fc9e5391ba4997a0920b7de2,338fbb25496b4365065adc83c56a0729,5,91483,2017-11-30 20:18:58,2017-11-21 10:28:26,2017-12-11,9.0,-11.0,216.0,31.04
774c30ad4c748c6e57556963244e993e,ed6d45b167eb69d46908edf490f396b1,5,91485,2018-01-08 21:08:42,2018-01-05 09:38:46,2018-01-26,3.0,-18.0,34.0,8.27
711c737966a0c3fafdc6ea363dc6f3e5,15e59b8fd2802ac2c5e6d7571775b661,5,91557,2018-01-22 21:52:51,2018-01-09 22:33:08,2018-02-05,12.0,-14.0,62.9,28.84
a11a3bcb0cce43187328a1a3bff6376b,14f39bb597d6744309d74e7b9daf849f,3,91591,2017-04-20 14:44:19,2017-04-11 14:26:33,2017-05-09,9.0,-19.0,110.0,17.51
4caa848f0e381f357f919c9fc94dac3c,a6fe431baa19e8ce94388a492ac80d35,5,91607,2017-11-24 19:21:10,2017-11-21 18:37:11,2017-12-01,3.0,-7.0,174.99,10.04
68d69f9fe8fc523bc03e0001f01ed7c1,576a4c1c23fdba52cef2228ad0232cc6,5,91637,2017-08-28 17:37:28,2017-08-21 22:05:18,2017-09-11,6.0,-14.0,51.92,12.7
a67261d251896c8439edbef2229c1b6b,2098ffa11a9b2819ffd6c2f95683db90,4,91697,2018-01-30 02:11:53,2018-01-24 16:51:59,2018-02-08,5.0,-9.0,29.0,7.78
ac98bb605fc11ed2341b65fa47189e9e,d2625960105421250d7c067b24b462b2,5,91731,2018-03-24 16:28:55,2018-03-18 19:08:55,2018-03-29,5.0,-5.0,139.9,9.33
9531d4dec67dc6dfeabdb3c2ae38d144,121766cf55ce1689e216b6d3c4e95c72,5,91749,2017-11-30 15:10:52,2017-11-24 15:15:42,2017-12-11,5.0,-11.0,84.99,13.15
fc89d30e5b1a489b273b114d04e3bfc6,6d2902f0339a16700f1e5f8649112ef3,1,91755,2017-05-25 15:21:40,2017-05-20 16:42:07,2017-06-02,4.0,-8.0,269.70000000000005,63.84
ea0b82ac41c79a969297139b757f5002,1a0f86a669f41850ec641339c19c8792,5,91760,2017-07-19 19:34:52,2017-07-17 22:46:31,2017-08-14,1.0,-26.0,59.98,24.96
cb6b5f55da128bdec95389796e7d6cc5,a2a14c3ce5305a2e20126dac4cd05a1b,1,91769,2018-03-09 15:42:39,2018-03-03 20:49:01,2018-03-21,5.0,-12.0,18.6,11.85
2d790cb561b87202b806204e6139f0c2,0bf673675c563f37ba07ff5f1210e771,5,91783,2017-12-30 13:03:52,2017-12-26 10:46:23,2018-01-24,4.0,-25.0,255.0,21.52
7834f2e43d01a1a864fda58d87759261,ee234bfd26ca588915483995d811c1d0,1,91794,,2017-11-29 08:39:03,2017-12-21,,,,
e43ed763589acd23fc76a33cfebfa44c,31a4ffe90b3bbda342ae160ef52affd1,5,91843,2017-04-18 15:53:47,2017-04-09 16:26:13,2017-05-16,8.0,-28.0,119.8,49.82
d12c65bf93b8dc84d86612d786dc4f51,87ee8793eb513dbe9a44ddf71529a8e6,5,91849,2018-04-04 19:48:44,2018-03-30 20:08:28,2018-04-12,4.0,-8.0,159.0,16.02
df4e1b14c23797543564952da66c5e67,3ee6e5e6102ff07835f4a20e28caf3c7,4,91864,2018-03-14 14:53:24,2018-02-20 20:33:39,2018-03-20,21.0,-6.0,75.0,15.28
6b5ae769c3fa37b787f017aafb5c45e5,bab00350f5ef0c26654bc8eb1b90ea9f,4,91882,2018-03-19 22:16:51,2018-02-17 12:21:28,2018-03-23,30.0,-4.0,144.41,17.45
2c1cdc474760f6cb7fdd6bda93658c41,2aab3a740da24c9c894d61330645464d,5,91887,2017-05-15 08:37:57,2017-05-09 15:22:34,2017-05-29,5.0,-14.0,16.99,15.1
fb37a1f6f9d72bbd4706ad9332813af7,6f4f578dc1619bddcbc6c56c9502eb74,1,91896,2018-03-03 19:29:11,2018-01-23 11:58:33,2018-02-16,39.0,15.0,249.99,16.5
c845f7640aa5263abbc4ac76f794c25b,4e2451cb6e8ca4428c8f7e305bbfbbea,4,91912,2017-08-17 18:09:30,2017-08-07 09:55:21,2017-08-31,10.0,-14.0,59.9,17.67
df0ac7aea14a0cba923e349c2e3c6718,5b9680f27b5067afded00b23f9cb4d61,4,91957,,2017-03-21 20:20:14,2017-04-24,,,,
deed086bdc29d6d2323fe24bdbfb7254,8e19df6c7ac6230b4c0c82b9d8a3dc46,5,92029,2017-05-11 07:37:51,2017-04-28 09:42:28,2017-05-30,12.0,-19.0,109.95,18.2
e0d9b3af6f9753a8df86da663fc070b5,6eb4132d1d991320ff5f03a7cd28561c,3,92055,2017-08-28 23:22:16,2017-08-22 14:05:06,2017-09-08,6.0,-11.0,35.0,9.34
0fe36191747b10af0dabf9a822175fbe,e7fed674bb29ac98193d392f363cfcf1,5,92083,2017-11-14 17:06:59,2017-11-07 18:47:25,2017-12-01,6.0,-17.0,27.99,14.1
7f9eb9354a1bf8183cf78c09cdf74903,5d44680d813424f9941feae7cc4cb12b,5,92091,2018-04-06 19:14:21,2018-04-03 18:29:32,2018-04-13,3.0,-7.0,20.15,8.88
e623acc002c34f55853fe77825973dac,7310c8820f4c9ee1ca0e4283b7c2130d,5,92097,2018-04-12 19:03:03,2018-04-03 09:01:55,2018-04-24,9.0,-12.0,13.65,18.23
f051012df15a20f0fe6d0afb001ba38a,e024c4b9445d223aaf705871900bf5e1,4,92098,2017-12-11 21:27:00,2017-12-01 04:19:27,2017-12-26,10.0,-15.0,119.3,26.88
94c5ce0f55ecbd53ba2b19876bc3e614,c80905206d43c8d2105bc9c7fee90ae5,4,92114,2017-04-03 16:37:41,2017-03-22 20:23:47,2017-04-24,11.0,-21.0,119.9,19.43
8d7af9a2bf2111463e4f095e18f78a21,fce62b229aadb876d9be47556c0694ed,3,92123,2017-10-31 18:42:16,2017-10-21 09:09:48,2017-11-13,10.0,-13.0,1479.98,55.0
4480200f20bf7347b6869ec8d6d6e973,4fa9bcd761fc05ff16003d340c907acc,5,92151,2017-11-17 15:32:19,2017-11-02 15:46:42,2017-11-29,14.0,-12.0,49.0,15.1
654b433d4045ef49f4aa634e94032973,7afff8cad4526f9932fecee92be8507a,5,92170,2018-04-15 19:36:32,2018-04-02 10:24:47,2018-04-20,13.0,-5.0,36.99,19.32
37b3578eaf35b774ee65bc2858949590,b289f5ff8eeb0ac36ba7d2b507767d44,5,92181,2018-02-23 22:04:59,2018-02-04 16:10:12,2018-03-06,19.0,-11.0,49.99,16.92
d5d6f7d9aa7032c42d39562441ee7552,8c2b7afd2cfc8fe9a8570263718ad09b,4,92190,2018-02-19 21:33:47,2018-02-04 01:43:58,2018-02-21,15.0,-2.0,29.99,7.78
429a04310c29fabac0a93d243e81bdf8,c13d13f1434937c5e9539c2393e2ec87,3,92208,2017-11-03 22:17:39,2017-10-15 10:56:27,2017-11-08,19.0,-5.0,97.9,15.44
55ab1cf89c80fbcd72da8a9275c9c915,31fbde650320b9ce55813e075a78aee2,5,92218,2018-03-08 20:46:28,2018-03-01 15:24:52,2018-03-21,7.0,-13.0,82.0,18.81
b7a54dbd56b7c0353ab0b15aa6d4d020,a9d045793a3a75774ac0fedb5d7d46c6,4,92249,,2017-07-04 10:50:11,2017-08-03,,,139.0,21.81
1845c3a4efd90bb559d1ef0ab2320293,9df4cca73d4b09f1e153a3767cda18e6,5,92258,2017-09-15 21:17:44,2017-09-04 15:12:27,2017-09-26,11.0,-11.0,24.99,15.1
fbe557a0fdc9b2b14f3a6d963899afed,760c14a17f69f500a5d012b967e1a093,5,92279,2018-03-06 00:16:58,2018-02-21 16:23:02,2018-03-14,12.0,-8.0,59.99,15.18
71ff952510ec5146ccaa7e353f079bad,5b02e3190400ea2755927d0ee0647d73,3,92340,2017-10-21 13:22:38,2017-10-14 20:53:48,2017-11-07,6.0,-17.0,483.82,34.900000000000006
2f9469189bb696f969557793e01ab6c5,f66696cb1765edf51ab4e07f41687f9e,4,92360,2017-11-07 23:41:55,2017-10-22 15:03:58,2017-11-22,16.0,-15.0,209.9,29.87
e38dbbcbae27617ece2968f19c9bba14,4e6aa298577f90f026cfb1d07e86509e,4,92370,2018-03-26 16:58:42,2018-03-07 20:21:18,2018-04-12,18.0,-17.0,22.9,19.04
92c3bb0ce0616fa8710271b75f969ea4,f7f27a0b991c58f8f3287801b9b26802,5,92387,2017-07-04 13:22:33,2017-06-28 02:56:16,2017-07-20,6.0,-16.0,46.9,16.6
5a8bea4f3e0e38a978f2d9f37f6ab6d3,a2e41b2178698dc2a57817361a869d1d,5,92402,2018-04-05 20:14:38,2018-03-20 18:15:18,2018-04-09,16.0,-4.0,13.69,22.06
987d398a25e38f90dd6221c4c87bea98,bdd235f0cec5fc3c21249b12446542c7,5,92451,2017-05-23 06:25:56,2017-05-09 23:22:43,2017-05-31,13.0,-8.0,449.9,17.9
5d2e4b2e1347683843d8da6af8ef4c6f,c5536b9cf89dc947c7c0d0287528cda8,1,92459,2017-12-29 22:52:45,2017-12-08 10:58:13,2018-01-10,21.0,-12.0,198.0,35.88
3b187828862c9bc35e649a4e5635449a,7d0e17bbcb31318fdc2390ad7cfc7399,5,92483,2018-01-08 15:25:00,2017-12-19 09:42:51,2018-01-23,20.0,-15.0,49.99,16.11
97918f5a6562fa9eff48b677343dccbf,25a404f22637eb472d87aea1b5358908,1,92485,2018-02-21 10:33:23,2018-02-08 10:08:50,2018-03-06,13.0,-13.0,39.0,11.85
d4ce0cb4eeb226da29747c82d34ba1e2,3224f9000ebffb83e1c48590824ba567,1,92517,2018-04-17 23:16:44,2018-03-02 16:12:57,2018-03-21,46.0,27.0,279.9,21.45
340849d834b56ddec892999cf3cb0770,33711ce52ccf7b8dcb0deaf37f573d32,1,92523,2018-01-24 13:57:05,2018-01-11 19:53:38,2018-02-05,12.0,-12.0,99.0,15.44
5838f546d8d940f8ec5ea405aa73571a,73d7d0526bf2242f422fb6c85751dce4,5,92574,2018-02-26 21:45:34,2018-02-11 12:28:50,2018-03-15,15.0,-17.0,74.9,15.27
14b33ac24083bd93da570659da1630af,d0fd9595949095f91592a79bd26a2126,1,92578,2018-04-17 18:28:43,2018-03-20 19:58:38,2018-04-09,27.0,8.0,49.9,18.23
883d457b5d8745eb71e7e3b5ab66b676,edeae57fd6bee25e030ac14863a6ae0f,1,92585,,2018-03-27 18:28:20,2018-04-12,,,6.04,8.88
74a1c22696c8952cbda371398a2f0dc1,221fd74ddfd27876ddf1738cce22dd4f,5,92623,2017-10-18 19:52:06,2017-10-16 09:10:24,2017-10-26,2.0,-8.0,199.99,12.6
907c06539705a2882f818c5a4ddb8e97,6b5a2cfa488fc5324f22cafe995bd8eb,4,92643,2017-09-20 20:33:38,2017-09-16 17:43:25,2017-10-02,4.0,-12.0,157.0,14.7
7a32bea68b56a75b1c7a7e8f60f83ce8,0be6d173c7061938d89152c036ac064a,4,92698,2017-12-05 15:46:45,2017-11-20 18:10:49,2017-12-07,14.0,-2.0,31.98,23.7
476b61949355b946cf1e65ea1d7431f6,c8be1a5ee02f0d4bfb401c7194b607e7,5,92714,2018-02-25 15:51:57,2018-02-20 12:30:30,2018-03-12,5.0,-15.0,33.0,15.98
7dbc87fbc2dc880847ed065106bf2f8b,ea07fcd3f9385395f50217c8ca1eaa45,5,92779,2017-11-21 14:21:58,2017-11-14 08:29:08,2017-12-05,7.0,-14.0,30.0,15.1
7922d731a40a946b067bba6f1b5b769f,a69a00332a55da548ed98215f3f0a8a7,5,92791,2017-07-13 17:53:21,2017-06-23 14:53:39,2017-07-28,20.0,-15.0,115.0,38.36
3fce31aa65e3e6a3eb82bd016407fe23,90f6194c9f26e2f8d1f955c7bf4c5f5b,4,92796,2017-08-25 19:58:05,2017-08-21 18:42:30,2017-09-11,4.0,-17.0,119.9,13.86
ac6abd09429ca36140732e495a30765d,0b339dee90210409b715a9f2b6af29a7,4,92803,2017-12-11 20:12:32,2017-11-29 13:49:23,2017-12-28,12.0,-17.0,1098.0,68.43
f6370b56ea5b52cd629025ae57aadf04,2d37b55e71618c48264e6288fc228844,3,92807,2017-06-16 17:42:12,2017-06-07 07:36:03,2017-07-04,9.0,-18.0,299.9,22.94
d4923511144d2fb7fc83653505284e24,2276cb38c742033aac3f4a4d67b57ab3,5,92815,2016-10-31 11:38:48,2016-10-06 17:42:49,2016-11-30,24.0,-30.0,89.9,15.49
7c1bf23cbb9bcc5b6ed29c623c0965bc,0f6a05e51088bdf60e8f9b6d753234a9,1,92824,2018-04-24 19:41:08,2018-04-07 20:21:45,2018-04-26,16.0,-2.0,39.5,22.93
32a3bb0413a550ccbd1f937b8fbbadc6,f2fe33e91924ce0b0182264712504584,4,92840,2017-07-20 20:15:31,2017-07-07 10:51:33,2017-08-02,13.0,-13.0,119.9,15.59
77b80d0a1700fce1f1fe26cd93231219,50be9eb370672ac7e49a1c1741cef069,2,92874,2017-10-31 23:11:13,2017-10-19 13:57:32,2017-11-10,12.0,-10.0,209.9,18.72
b06e60e95d804d7c7fedeb3795ffea0e,4edca0186e467f58fe99ab648f604ce8,5,92893,2018-04-23 10:41:24,2018-03-14 15:55:57,2018-04-16,39.0,7.0,104.0,24.86
76c0dd108c0e8f75fd7c1649f51307a3,d8e2d2a26010eb732a91d8b6952e2c9e,2,92907,2018-02-06 22:33:04,2018-01-11 12:20:07,2018-02-07,26.0,-1.0,69.9,29.9
e11b07f65cbc90d8164aa7cef035f87c,30af846e182aa12984d1454721036e8e,1,92919,2017-12-16 00:58:40,2017-11-29 23:33:23,2017-12-27,16.0,-11.0,48.9,16.11
1198401c6b01d7b0c554005114197e6f,41738c6711aba76aa0f4f07640600772,5,92931,2017-11-22 01:07:20,2017-11-14 09:17:29,2017-12-06,7.0,-14.0,83.23,12.08
45e1e48efec5258f958ba2ab01a67221,5fcbedfee2eec6f8ecdcac610148b4c3,4,93020,2018-03-20 13:37:03,2018-03-13 20:20:25,2018-03-23,6.0,-3.0,21.99,7.39
4e919c8a41715160dd37d3ff1ff5b018,682a559cf108e6f3762213dca3402805,5,93022,2017-09-11 18:03:02,2017-08-21 21:06:36,2017-09-25,20.0,-14.0,199.9,41.86
7b4e2f8fb8a96107219aaeaee56be3a2,c20b8787cc61fb390fe578ddf1995933,5,93041,2017-10-06 19:23:22,2017-09-22 23:13:00,2017-10-16,13.0,-10.0,153.0,12.57
39db40a4b419fa54459f06cc9f86707e,367733070da9a9f5f70e9a9cceb99ea3,4,93068,2017-05-19 08:47:43,2017-05-17 02:00:05,2017-05-30,2.0,-11.0,5.9,7.78
760932e90f2b83b958ccf58e06fb389c,92b8d0b30483bd64c2548331777e52a3,5,93094,2017-08-11 19:37:53,2017-08-02 17:30:01,2017-08-24,9.0,-13.0,37.99,15.1
2fa64a298329db4b5961120a98b45aaf,079f102825b0dc326dd6cb10f33eeb21,5,93127,2018-03-02 18:07:43,2018-02-23 09:39:36,2018-03-19,7.0,-17.0,759.9,20.08
d4d046b00e2ec6af5225eee928b65cf4,c96c22ca4f7729454ad5ccd827b3c40e,5,93134,2018-03-15 19:21:51,2018-03-05 18:47:32,2018-03-28,10.0,-13.0,72.0,13.62
a91c6bec431b7995853f1f0bbe3c9cc3,9003cc0e30b2b21adb912a390fe9bb68,5,93138,2017-05-29 11:22:11,2017-05-16 09:38:45,2017-06-05,13.0,-7.0,219.8,27.58
480bc69dac211c3ae1a44533394b7d5c,ea9f37dbd83c492fc3b37d6b9e6441ad,4,93157,2017-06-19 13:46:02,2017-06-11 20:23:20,2017-07-06,7.0,-17.0,109.9,13.79
723475845b43ff66d78ea233a6ea07df,467f3d18f63e2f01ade50df74d40457b,5,93180,2017-11-28 17:39:22,2017-11-25 00:18:14,2017-12-11,3.0,-13.0,49.9,9.09
552b88d2373892c27dbc62c7ed8ec640,5f259af82fc248ddda092d4abe371ff1,5,93189,2017-07-11 17:13:41,2017-06-30 21:48:50,2017-07-24,10.0,-13.0,55.13,15.14
b08172a5081d17e0bfdddd1bcdcf90b3,f77ea394864509e417418362e526ce60,3,93210,2018-01-29 21:53:02,2018-01-24 09:54:54,2018-02-08,5.0,-10.0,13.99,7.78
53c4717aae32e883827ea9dcb09f36af,4461c3982eae2b994600292df19e6ae6,4,93212,2018-01-25 00:33:24,2018-01-10 22:25:01,2018-02-02,14.0,-8.0,29.5,19.84
57c454b8d9486b600f13ee760805812e,a8e749cb4760cabeff096908c2c6779c,5,93242,2017-10-18 21:13:55,2017-09-27 10:34:36,2017-10-31,21.0,-13.0,65.9,17.74
29e6acb07b6dbed84c95d981d2aaf489,39263e1d21c19dd12321cbdb04b3175c,3,93275,2017-06-13 17:36:42,2017-06-01 22:44:23,2017-06-27,11.0,-14.0,230.0,16.36
d35566a22069b0a1f4c725580e0cbbd0,fcd8e0bfd20989bd07e3cabb10f2349e,5,93277,2017-07-19 19:02:37,2017-07-07 16:34:43,2017-08-07,12.0,-19.0,391.8,34.26
9c3ad68ee4ea735e4d975a0ffc96bd3d,85feadc22f532c19478ba1b613a1f40a,2,93283,2018-02-21 00:39:10,2018-01-17 18:54:36,2018-02-14,34.0,7.0,157.77,15.85
be48154b59f3dc6746f85020ba0e1d0a,0d3346ede30fffc33c30740f06709025,5,93307,2017-04-20 18:28:40,2017-04-11 22:01:40,2017-05-09,8.0,-19.0,112.0,16.48
8264d36d7d2acdd5be3cce51ebab7ea2,bcfacaaecd67dc247a67377e23b348ae,5,93319,2018-02-14 22:33:38,2018-02-04 12:49:51,2018-03-05,10.0,-19.0,98.0,13.03
56ea0aed29af8e49a211524a9348a0fb,0608b2d283db5e818a5056e8afc122b5,5,93326,2018-03-19 14:27:45,2018-03-14 11:26:07,2018-03-26,5.0,-7.0,46.0,7.39
4926879dfe263a37b74777cdfbcdc6b4,616e6d0ca11adb3e6d834612726f67f0,4,93366,2017-12-07 12:03:54,2017-11-24 15:54:19,2017-12-19,12.0,-12.0,89.9,22.5
cdfe511cff91d69591765c3a079a745d,b5195225c11fc325d686d24fe14eedbb,1,93381,2018-05-07 15:59:16,2018-03-02 10:35:38,2018-04-04,66.0,33.0,119.9,14.59
b3285989eece713205a6399dc2239fb0,51f1a03bb8aae115ea6387a8e7edc7e7,5,93401,2017-03-20 06:37:51,2017-03-09 15:53:07,2017-03-31,10.0,-11.0,52.9,11.75
ecce64ee98e7b5e54b123a9448b4e922,923cf1bc71993b447259c9e8bf54eb07,5,93403,2018-03-20 20:02:42,2018-03-01 14:20:46,2018-04-04,19.0,-15.0,89.97,24.94
7a997fc85118ee5e5f4818969243a3c3,ed6a309651e25df1caf213ebeaf1067b,3,93455,2017-12-20 19:27:21,2017-12-02 20:56:29,2017-12-29,17.0,-9.0,99.9,21.19
6dcd0b452b30412dd26d2c54ce8e80f7,01bae920aea13b891b50bc1543634a65,4,93459,2017-12-26 20:09:59,2017-12-21 20:04:26,2018-01-11,5.0,-16.0,57.49,9.94
8cec42e9288d9f84c26b845997b9e36d,e246ac3f62e56576a4f95864cff73495,1,93470,2017-10-28 01:24:36,2017-10-23 18:16:42,2017-11-09,4.0,-12.0,89.0,12.96
894a1ea1f11ad63d9f77c5ceb8ed6d48,28d6266168cfd43a9f7d1f2f2f07f54a,5,93476,2017-05-19 10:32:40,2017-05-10 15:34:32,2017-05-26,8.0,-7.0,27.9,11.85
634421fc06a99aed1d28ee3bd8649c76,180c04aeebcb390784f7d9c08dbd159d,1,93507,2017-10-09 15:43:50,2017-09-14 16:18:12,2017-10-06,24.0,3.0,44.9,15.1
c16a24a048f563163b912dde6c97ac5a,92bf118ea3ac10a83a254fe7246825a4,5,93552,2018-01-11 18:43:07,2018-01-03 09:50:09,2018-01-31,8.0,-20.0,389.0,20.0
7ff3d624576fb8bd0126eb3f57a8ae24,4966300fb3d0c9e8dba1bd5a62945df0,5,93560,2017-07-06 07:53:39,2017-06-28 19:31:07,2017-07-19,7.0,-13.0,99.99,13.72
f23b3bbebab1765f31a4ab2fef5864a5,f8165cb41863e5548cdf01f1463b405c,5,93564,2017-09-20 19:44:01,2017-09-17 13:14:32,2017-09-29,3.0,-9.0,56.99,8.72
76df5fdb9a977037291ed4c1896afd82,fbed5025efea6c9b776e3826c055ad9e,1,93588,2018-03-31 13:08:46,2018-03-01 19:18:28,2018-03-28,29.0,3.0,89.99,15.39
fb48f7a08d2927bdd3e4197ca6349493,7f9418ca35e76d5071b5906780d62874,3,93595,2018-02-01 22:39:38,2018-01-23 22:06:31,2018-02-16,9.0,-15.0,47.01,11.73
0009d5c0d8e49da34e2561a67bc730f8,755fdf89024021c6324864182b6657b5,1,93604,2018-04-02 17:07:54,2018-03-02 14:06:12,2018-03-23,31.0,10.0,109.9,18.34
c6cc8b97144dbfae173f73595f664b04,fd1ddfeca967b94315642dfe5c7545f7,5,93613,2018-01-22 13:44:54,2017-12-05 22:06:07,2018-01-03,47.0,19.0,179.99,45.72
d524116fd0be14c91bdd80afeffe960f,31fdb0a221bd4379d02682eea1692731,5,93633,2017-07-21 18:12:27,2017-07-13 11:47:03,2017-08-04,8.0,-14.0,129.99,18.16
9fcdf1e8168da5b8924fd3b8930d28a1,a3e6136894621db402a772c6bc72a12a,5,93654,2017-02-06 15:43:04,2017-01-30 17:00:09,2017-03-07,6.0,-29.0,238.9,18.0
d4708ed7293923ffda20a6090f2f4420,4edb04562e9ffe632e82e59f5b6fc115,5,93661,2018-03-05 19:55:41,2018-02-22 21:18:39,2018-03-14,10.0,-9.0,29.9,12.48
38bd9fdcd2f7bf05c83aca673edf476a,b31deef3cfc53bbbf26964becc186cee,5,93663,2018-02-28 20:22:56,2018-02-14 22:47:32,2018-03-09,13.0,-9.0,82.9,12.71
8794c3afcb5b178fa72f961f5a961a0f,ead37570583efe55df28edc4f2470bd2,4,93668,2017-04-04 07:05:49,2017-03-26 17:12:37,2017-04-20,8.0,-16.0,137.98,17.81
d76d12b98d2ef465dd18e15629c9ca10,4c4f5be51183d9cebf3ce5a81a43e38a,5,93676,2017-03-02 08:15:40,2017-02-22 21:31:09,2017-03-22,7.0,-20.0,49.99,10.96
f4b28c9a56de85d01725a8e80893b9c1,ca1968d3ea31ff0c66ba20923250e0f3,5,93683,2017-06-23 12:21:17,2017-06-19 00:06:07,2017-07-11,4.0,-18.0,189.0,15.08
01204603bc0f630ad004239973deb44e,cf3a9fb2f3b7b0d71c3a8e59c01ad281,4,93686,2017-11-23 20:11:34,2017-11-08 16:46:11,2017-12-01,15.0,-8.0,599.0,21.44
18a4d17e679c05c07d5bb535b8515359,372fc04e6d43eb870979226848fa93a1,5,93714,2017-10-03 21:19:05,2017-09-22 09:16:29,2017-10-24,11.0,-21.0,65.9,27.0
b35f2fc53e2b8e624608609e786f2aa3,d34f01a9355c71adcc41fbc504e8609f,3,93724,2018-02-22 21:42:34,2018-01-20 17:20:34,2018-02-21,33.0,1.0,129.0,21.39
77c74cfb47c88e2ba64e26dddf6c4487,c5175c4c2568fd199b71d9c2fbcafbf0,4,93755,2017-04-12 11:08:20,2017-04-04 19:05:23,2017-04-27,7.0,-15.0,15.99,14.52
13901652bbe59caaef4c6c40b9ef5e86,f46198db9ff29316c3d930efbef08666,4,93777,2018-04-09 21:56:50,2018-03-06 21:50:21,2018-04-11,34.0,-2.0,539.9,19.95
a8caff4dbf87f5145430a22f8600823a,48f30fbf8d879b0216be9be4a1fca6e4,4,93787,2017-04-05 10:33:32,2017-03-27 08:45:13,2017-04-13,9.0,-8.0,54.9,10.99
5378d66fb5540b2ffab5339f47a45ef7,4200e64fc68666999e2a696dfb2661a1,5,93805,2018-02-23 23:48:56,2018-02-13 21:51:49,2018-03-06,10.0,-11.0,99.8,26.74
aeb539c5aa0432a30358075638b53ff2,2c60bc71e6da917194c35fa7c8477e7f,1,93810,2018-04-16 21:26:58,2018-03-05 14:02:30,2018-03-26,42.0,21.0,27.99,15.1
2156da38d627f305a32dc653a1620f20,24d52353931e776449868f02026e7e52,2,93822,2017-12-08 22:35:02,2017-11-13 10:28:49,2017-12-12,25.0,-4.0,229.98,68.32
2f6f89700a310d0f06bac9b4350b0fdf,d582acccde83cb5e07d2fe4fc8d00798,4,93855,2018-02-26 15:44:03,2018-02-07 13:32:59,2018-03-13,19.0,-15.0,79.9,21.05
ebd6fe59a49aff8223ce1d5cfe6a4592,f2e891dfdc747b73c508d7a5689e82bf,1,93874,2018-03-15 12:28:29,2018-03-07 22:16:44,2018-03-26,7.0,-11.0,119.8,18.72
cfdb7b00f4581f4f5db586ec1af6e639,90f5df4b93545613368423eabb62c169,3,93886,2017-05-16 13:42:04,2017-05-07 10:06:51,2017-05-31,9.0,-15.0,68.8,15.23
d8791b10926ff942fa585aad2d1df39a,317bfcd79627d89d54a917da6e066beb,5,93887,2018-03-17 17:40:36,2018-03-12 09:48:20,2018-04-10,5.0,-24.0,110.0,13.89
711986923d42ce6bc96159d8babbe884,9249cf14297c83223160c1b38b95642f,5,93888,2017-08-29 19:08:09,2017-08-18 10:48:00,2017-09-12,11.0,-14.0,171.0,80.16
242971562b968fcb7f8b77b7f2af78dc,93b885e8ae6403b9c59c24f1cd30e1ad,3,93892,2017-05-16 10:12:03,2017-05-11 21:52:00,2017-05-22,4.0,-6.0,178.5,9.44
b7d4fc62b489b01ccfca564a618aa9c8,58ce513a55c740a3a81e8c8b75e2582a,1,93932,,2017-07-29 18:05:07,2017-08-14,,,56.99,8.72
b1bd225539baa65b4309a5d496f5842d,b8f1089ec747d0bc2fada1ac19b66260,5,93943,2017-05-03 10:44:47,2017-04-02 22:05:09,2017-05-16,30.0,-13.0,129.6,25.4
85f1dcb6f18c31b7b6e8fc3fdd1ddd97,894ad6777d752962423e37b3d4e8a83a,5,93963,2017-10-23 20:45:01,2017-10-04 13:32:45,2017-11-17,19.0,-25.0,149.99,88.06
490391295b6dc5271dadc406a29ad1c0,113a4f0ccb14984c0e48ae43a43d0214,5,93990,2017-05-24 22:14:00,2017-05-20 09:12:14,2017-06-02,4.0,-9.0,94.9,7.92
528ebb404403d66270c412a257cebbb2,011b8dd4f8c36fd4fcf50643ce91d58a,5,94019,2017-08-04 20:57:27,2017-07-07 22:00:51,2017-08-14,27.0,-10.0,249.48,16.5
e63c1500df9cd722f8a8e380015099ce,3e4a2b96719ecae342e5d413e97a1be2,5,94027,2018-03-21 22:38:25,2018-02-27 11:06:32,2018-03-21,22.0,0.0,142.8,25.259999999999998
8d79b270b73395986d308656b27fb66f,80f94a476554543da8d73964e2486102,5,94045,2018-02-26 16:10:25,2018-02-06 00:17:56,2018-03-12,20.0,-14.0,12.99,16.79
8457eae58d5217b1005b7f96a3917c3e,06f9b3a828a976a2fca71a4ebf55b1b2,5,94068,2017-12-15 19:12:32,2017-12-04 13:31:13,2017-12-28,11.0,-13.0,39.99,14.1
0c998e32a19f59d711c799c6db1a3e79,b5a7d68509ebd7effa2445cff7eca791,4,94070,2017-10-20 18:24:04,2017-10-16 10:45:33,2017-10-26,4.0,-6.0,699.99,13.71
c7ff254049d2a5c1513524f6f640597c,041cbce90c076b8e9eb9f79112a59899,4,94077,2018-04-05 18:48:26,2018-03-24 21:26:30,2018-04-19,11.0,-14.0,139.0,54.72
72258a4c2ba44a1fef9d597f78fc236a,c3bc950aed66e7b8176ffb5223639f03,5,94088,2018-04-17 20:41:47,2018-03-27 10:04:30,2018-04-16,21.0,1.0,43.9,15.23
88b904ae49b27a666b6126fd5b9a5b3e,4150ef14f79d08c4772445de6db77c0d,5,94114,2017-09-25 18:42:02,2017-09-08 19:33:47,2017-09-27,16.0,-2.0,19.9,15.1
30153632ebb19a673c80aa1b13e94c3d,6cbe792e9ab88ffb6579d0b28088a988,4,94185,2017-09-11 22:24:33,2017-09-04 18:46:38,2017-09-26,7.0,-15.0,23.99,14.1
a37e1b13a328ed893ab3ecdf3200298d,a8cd914a60edbb07a811044be6a618cd,5,94187,2018-01-10 14:42:01,2017-12-17 17:51:26,2018-01-15,23.0,-5.0,89.99,22.95
5370bf996d6d0dea00995d03ec1c015a,c537dcd8b3ea902501cfa7610144a641,1,94250,2018-04-21 00:08:49,2018-02-24 19:22:24,2018-03-16,55.0,36.0,261.0,15.58
ece3817978f8b3b571965f7b6f55acab,5f0fe7d686b2878d9aa1a72dbd9b72ce,5,94313,2017-03-27 12:16:34,2017-03-15 12:25:24,2017-04-03,11.0,-7.0,299.0,37.08
f714150ca3e67031c653a5e5c49127e3,6fd59e3ae7e24c50131f6bc97c4c7776,3,94355,2017-11-13 16:42:03,2017-10-31 20:32:39,2017-11-21,12.0,-8.0,2874.0,39.48
12795c616c5715393a6c8e2abd3989cf,d30cd4d738037d90f4ff23fd3805d278,5,94374,2018-04-02 21:24:44,2018-03-19 13:06:41,2018-04-09,14.0,-7.0,169.0,19.06
3c48a258cb22b6c463efd159f2b2f7e3,2f1a0775fbeb87d4cc9d66070ce0f897,5,94386,2018-02-15 22:29:50,2018-02-07 11:26:49,2018-03-06,8.0,-19.0,34.3,15.1
d4b371ed2478e6b40ba20436b228bc99,8f3987cbcd3306eab72ae123764da5fb,5,94393,2017-12-11 16:37:44,2017-12-02 09:06:33,2017-12-27,9.0,-16.0,50.9,12.7
f369a26b209e85c2a8b4586570082f2e,fe7b642fb30e2a103d1dc36f861b44cd,5,94411,2017-07-26 16:13:50,2017-07-20 16:09:05,2017-08-04,6.0,-9.0,89.99,7.88
41250549c2ce6c3c016a690136fd528e,0347673d14e454a696bca6aebe61f23e,5,94432,2017-12-22 12:27:00,2017-11-27 14:54:37,2017-12-19,24.0,3.0,69.99,15.93
2c6ad30bb1d7a7d8c896d517c29c47ae,63014d31686df70fb6eae36739a89d52,5,94433,2018-01-03 12:29:31,2017-12-25 18:16:34,2018-01-19,8.0,-16.0,56.99,12.53
7a29a6dbaa0405fcd321feb28bc4c4ab,6b13656ef58757ab087064a5a263441d,5,94440,2017-05-24 16:44:33,2017-05-18 12:13:20,2017-06-08,6.0,-15.0,335.9,14.69
8b62189c5d73064e14f19f2d1a41bdce,9b748aef33e9ccf30c83d8cac9b0f6e3,4,94454,2017-08-25 14:36:52,2017-08-23 11:59:19,2017-09-05,2.0,-11.0,49.9,9.27
9e762eac70dbcc98d3f6dd63eb988079,8d9a9808c4a5546adb15d524d6ab2e91,1,94469,2017-02-21 10:48:42,2017-01-26 16:44:35,2017-02-24,25.0,-3.0,3.9,10.96
cbd9146a3c17b0cb67fb87478156a26b,6719ad7e3fe40d976c5db31f716bb5ec,5,94501,2018-03-20 14:59:21,2018-03-17 11:48:28,2018-03-29,3.0,-9.0,42.0,7.39
d355cb97216b0e5bdd129ecb94be5a44,c0a5ad81be45e1a04365870aab5cfb4f,5,94507,2017-10-03 15:03:21,2017-09-26 12:57:49,2017-10-11,7.0,-8.0,320.0,11.66
2a4ad64954b685ddfb743c6da98c23be,817f6bab5398dc6c74b74ac820418d16,3,94508,2018-04-05 14:28:29,2018-03-17 18:18:01,2018-04-09,18.0,-4.0,250.0,54.55
3c34605555a73d74c0d0ba4fa01b371b,3464de846f6595e07bdee9f5a234743c,5,94521,2018-01-31 22:18:36,2018-01-11 13:14:36,2018-02-05,20.0,-5.0,148.9,17.69
c83b279f423bac4ccb502a36b004a3eb,3ff16951afc463cf89f6a5baa0de8ca5,5,94525,2018-01-09 20:48:45,2017-12-11 13:32:08,2018-01-12,29.0,-3.0,45.99,21.15
426cc0e15e1164e89d86d2b1d0bab4c4,422028dba1a4879bb69bd195fe7063fc,5,94573,2017-05-02 16:21:25,2017-04-25 14:06:47,2017-05-19,7.0,-17.0,69.9,11.88
84070681d940b0ecac956efbbde3abc7,8fdc42676c9c6c74c4f8f062b53ebafa,1,94574,,2017-12-03 21:20:17,2017-12-29,,,125.5,16.64
5a0655ff6a8f8a93fcca5cf6c59cf61f,3a391869ded1afe6a2b03e4205aa9a2c,4,94584,2017-04-17 09:40:12,2017-04-08 16:15:42,2017-05-04,8.0,-17.0,109.99,11.38
7be6cfe93fd2e36cedfcfdd616367c34,87f841bad6e9f1d515f158ac10204c3e,5,94615,2017-10-01 15:27:32,2017-09-18 01:59:56,2017-10-05,13.0,-4.0,106.0,14.49
1504c7522b1dd249c9879e43b6c7e957,efa184072cccb644c132d6e14a29bac3,5,94622,2018-04-11 05:21:52,2018-04-07 17:46:46,2018-04-25,3.0,-14.0,110.0,16.58
92b75a011d2a9b26040ab38ece9555aa,a6471477bb9173349168eecdc8871ed5,4,94663,2017-09-28 20:37:36,2017-09-26 10:24:26,2017-10-16,2.0,-18.0,92.0,47.36
9433f03f0dc6071c3ef7075b70f68883,f07ac180675b94d4fe8f697eb2f87d12,3,94668,2017-12-13 22:10:04,2017-11-24 11:10:54,2017-12-20,19.0,-7.0,109.9,16.53
9bfc53723ea54b615c8b4996b1986bd4,88298d252bed01a2c1f80676edc1d2b9,5,94689,2017-12-22 15:33:56,2017-11-25 19:45:05,2017-12-20,26.0,2.0,144.99,18.26
a13587b503c39ba8b9902ea75322f8ce,f9d9fcf57feb770b0ea568f6a92bb2f2,5,94696,2017-10-25 21:15:05,2017-10-20 06:55:49,2017-11-09,5.0,-15.0,69.0,13.5
41b018c0c5dc5bfd3883e1d8767a6ac0,827b21495b95bc672dfaa1fd55d7025f,5,94708,2018-02-27 11:59:38,2018-02-19 14:26:27,2018-03-15,7.0,-16.0,29.9,16.79
a578fbef8ed8ddbae49fdba688c071cb,547226eca04b5695f6b0b62295e16df2,4,94709,2017-12-01 21:18:30,2017-11-23 14:51:18,2017-12-20,8.0,-19.0,349.9,93.45
3f63330377fdf8c8cca04afbb248eafd,052d3bf6e40dd9000d1497f6f10db0b0,4,94736,2018-03-20 22:21:31,2018-03-16 12:11:18,2018-03-28,4.0,-8.0,48.9,9.26
b1db86411f885467912c2992eb18e734,c504f1f5fd54cc8398d57dc0da49de01,2,94741,,2017-07-09 09:18:56,2017-08-10,,,49.9,19.59
bf796bbf98859accfb3e19189995b931,39948b49e7e68844f9f5a31d12a3c4c6,3,94745,2018-03-28 20:06:36,2018-03-20 17:23:39,2018-04-06,8.0,-9.0,258.68,35.64
f34953e1fe67d05d5e6a34088dd6a2c4,ea47d67848331b928432c6a94c2f543a,5,94818,2018-02-21 21:22:17,2018-01-20 02:48:11,2018-03-14,32.0,-21.0,49.99,21.15
a9560188cf287b1f878c7f1d0ebd616f,df5db2ddf13eb709a018dea459afb4b5,3,94834,2017-05-09 09:05:08,2017-04-28 22:41:13,2017-06-02,10.0,-24.0,26.9,16.05
970a2bf9e01381721c8bd043883da7d5,3e64ee45a339ce09c4e27564b45ba09e,5,94839,2017-08-15 17:42:30,2017-08-07 20:11:56,2017-08-25,7.0,-10.0,94.9,14.39
b669bebfbda06f210ec2ee703296fdf3,12fb5d0cb33d4e9aa4d07b4400346153,5,94847,2018-01-29 19:32:22,2018-01-17 11:32:19,2018-02-07,12.0,-9.0,39.9,15.98
6c0ee590ee38b990fea9985673e22050,51f06300798e14c37af5f5ea107db194,4,94890,2018-04-03 00:18:47,2018-03-03 11:29:23,2018-03-27,30.0,7.0,76.25,12.66
1338f9cd1187e36431a028672fef0496,f5f7452f238f50e76a6fc959df850def,3,94924,2017-06-19 14:07:10,2017-06-07 12:14:43,2017-07-04,12.0,-15.0,76.0,14.28
c46549729eb1f4da4b214f669074a459,746b06a44d14deca5f655b036a47ed0f,5,94931,2018-02-23 23:28:54,2018-02-15 10:28:39,2018-03-02,8.0,-7.0,29.9,8.72
187ea891efd62a309490d712f608f13b,9627fa80c5ea19a5c9a42409235ab2a6,5,94953,2017-09-28 17:43:51,2017-09-20 14:40:12,2017-10-19,8.0,-21.0,159.9,22.99
e4010db831e2d4c72047c18d5960eee9,f8573b9bf02d001ec2885d6c8193a436,4,94956,2017-11-13 15:32:46,2017-10-31 13:30:47,2017-11-21,13.0,-8.0,115.0,17.25
7a7c67f911f373945a464dbfa994da0a,4bbf3cd0e516cad47209a71b4ed02f94,4,95007,2018-03-26 21:53:53,2018-03-16 18:48:02,2018-04-09,10.0,-14.0,285.0,28.72
d6e371450287825d0b0d0f49a73aff61,035b790fa740b68de2d6f1a74f9b2098,1,95020,,2018-03-25 18:27:09,2018-04-06,,,63.99,8.29
0bab41eda9e9f23c76478059b32c45d1,6b65667bbce24262a05f9272420c2dce,5,95025,2018-01-24 19:34:55,2018-01-06 20:12:23,2018-02-02,17.0,-9.0,80.5,16.81
17824ff8d0d18edbf1cef65f0958d3a9,e8f8bd78ba485b6b2cd2d751dac28eb5,4,95029,2018-04-04 20:51:28,2018-03-23 22:04:37,2018-04-17,11.0,-13.0,1149.65,25.93
6c7c1efde676b6a49271c642fb180281,04f7b342a4b3d7b33bdf6aade899d685,4,95040,2017-09-05 21:16:30,2017-08-29 20:25:43,2017-09-19,7.0,-14.0,15.48,15.1
7d0cc824a986e8c3b4b1582e15d8a2da,4a8e88b3aeb9aa051f967f7f551213ab,5,95062,2017-05-25 14:15:37,2017-05-10 10:25:20,2017-06-05,15.0,-11.0,79.0,15.3
0bfdc94387506d5ed03e4011d7e1572e,eabcc26c288f8e0b366520f24014f8b0,5,95091,2017-06-01 14:47:58,2017-05-29 15:42:48,2017-06-19,2.0,-18.0,139.9,14.0
25019dc7740df1170a31e47ee97f4cad,023a60303ff8d9e08b99e7474f7416ce,5,95092,2017-06-28 14:27:54,2017-06-12 21:16:00,2017-07-07,15.0,-9.0,59.0,16.17
cfb88c1ead7ea7d03c12d4d945ac8a8e,4ef8f514f95bb0a41f58965ea04e7027,4,95129,2017-05-26 15:59:47,2017-05-16 15:36:18,2017-06-07,10.0,-12.0,34.0,15.1
ec0e47cbf285952f3b295f5e40b39f94,cd8658f10db66a4b712a7a0dce0d1bb5,5,95133,2018-01-25 19:33:34,2018-01-13 16:37:53,2018-02-09,12.0,-15.0,39.9,16.6
ba888dea21658d4d28d6049db6d42f17,312706db2e689abc71142bbcb1b6eb34,3,95144,2017-12-30 16:57:12,2017-12-20 21:23:20,2018-01-15,9.0,-16.0,112.5,31.82
9e6f1ce8945668d52ee4293ec98462db,6fb5acfdfed5a1951fa898d45b5b0f1a,4,95147,2018-03-21 20:17:33,2018-02-27 16:23:56,2018-03-20,22.0,1.0,584.4,18.84
7e1b4695796c1ce19c3299085297e9d3,45f515769238adec68b3ed763acbc3b2,5,95161,2017-06-19 14:40:39,2017-06-09 23:23:45,2017-07-06,9.0,-17.0,49.0,14.1
293cc490b7a98558892c0d9c426441c4,c72c794309b49932e42cf11c75b22c45,5,95166,2017-09-15 17:13:16,2017-09-11 07:12:41,2017-09-21,4.0,-6.0,90.0,8.82
464da3d31f9d7efb252b50119a45398e,bfb8512783ccd2271d2e96d3b856bf2b,5,95196,,2017-09-16 12:37:51,2017-10-06,,,1649.99,33.42
20d28f9652188fd7f6b90922548a4160,c9b2447b34e74d4e83900fb91dec3e56,5,95202,2017-03-31 15:05:19,2017-03-22 17:10:13,2017-04-10,8.0,-10.0,338.0,21.67
580f57199bce765c8b20027947d08a04,ee7f3ec19dc1fa90d0ee6316dffbfab9,1,95205,2017-09-26 21:05:37,2017-09-21 21:50:37,2017-10-13,4.0,-17.0,47.0,11.85
fe876f98cc5a7495fbbc17aee29fbc81,643a4b4184a5186bbc7ef0a52db34906,5,95235,2017-10-09 21:05:27,2017-09-29 19:26:41,2017-10-17,10.0,-8.0,259.9,33.42
d047952c20ed13c0eeb45346232de739,d8ae8292c42789ec8fa46d9abc72b493,5,95266,2017-08-25 18:57:45,2017-08-21 13:43:28,2017-09-13,4.0,-19.0,43.9,13.37
8040d0cc17226ee89fd7d3a8675c41c8,1239d3562a6ab53c79a35595a63c5c59,5,95272,2018-03-13 22:57:39,2018-02-26 21:10:57,2018-03-20,15.0,-7.0,53.0,16.13
32bc0082d2c69b94c02763a3fceb0412,befae3252c7f7ffb6abdeb4d3f4eb668,5,95277,2017-05-25 15:49:42,2017-05-16 16:41:51,2017-06-05,8.0,-11.0,159.0,14.13
1e1e272290dc805d5b883d676c13bd83,ff354f13d748eb3a9af6e99698f60fc2,3,95296,2017-05-17 09:52:39,2017-05-08 17:59:21,2017-05-31,8.0,-14.0,79.0,15.3
35d70a9ae74fa7c6bc01125f3ef0f04b,302e20550af8f4aa30223f3cabcc14c0,2,95312,2018-02-28 14:26:45,2018-01-23 13:18:16,2018-02-20,36.0,8.0,27.98,30.2
f5099975334fb13b41a5759142820bde,c7740e0a4fdfedf93d82593caadc5640,3,95334,2018-05-03 20:48:48,2018-04-10 16:46:48,2018-05-02,23.0,1.0,22.9,19.32
0a24c868991866999c9d35d405549927,4ba72d2e0a210b56b5635bbc33599cf2,5,95339,2017-05-29 13:22:59,2017-05-22 14:58:57,2017-06-13,6.0,-15.0,193.0,16.1
908965dd1cff48683f872f7dc2df1db2,c02ba990f9573a840c307babf93b3416,4,95359,2017-09-21 22:18:05,2017-09-03 18:42:46,2017-09-27,18.0,-6.0,59.9,16.86
5bafe63d615105f7501c641b638ca322,39ecefca5d75a7d6c27d724519636818,1,95402,2017-12-26 19:08:21,2017-11-25 10:13:51,2017-12-21,31.0,5.0,23.4,16.79
75f3ea178bde212a5cfe90e4c6196f08,c7a5d101d4b6ed70eacc97c78158eadd,2,95406,,2018-02-01 19:08:48,2018-03-02,,,108.0,16.52
0c2272a862c763cc3e99ac97f01f8bb7,4a111e830982efaa7fcd45ff081543ec,5,95453,2017-09-22 20:31:55,2017-09-15 13:21:22,2017-10-05,7.0,-13.0,165.99,17.87
54b5b1f6642ab1099461245739d0998c,5abb95f2a998dee581e1c63cb7ea7512,4,95461,2018-03-16 04:08:52,2018-03-04 18:04:23,2018-03-28,11.0,-12.0,63.72,17.7
da13a1080b1262f79377ecf781675c72,1fbb942ec531150b361e6042285004f3,5,95464,2018-04-17 00:28:49,2018-04-04 22:17:30,2018-05-03,12.0,-16.0,28.8,18.23
9ab0b4714556d539f954a0f1afa673e9,e33ae8b905bb0354b42f585bdfd3ab0d,2,95469,2018-03-28 16:28:48,2018-03-07 11:34:38,2018-03-28,21.0,0.0,60.0,18.3
1a44d2df84e5d4dee04e4b5cbbaffc6f,c7e5dcc08eec0d2beca3642ca762a0b7,1,95470,2017-12-19 20:19:15,2017-11-24 00:31:58,2017-12-18,25.0,1.0,599.8,18.95
992831202d20a113e87997bcc71b3b9d,8dd1e8dc5df5298f67ade481b8b652c8,5,95472,2018-02-14 21:22:00,2018-01-28 18:43:24,2018-02-21,17.0,-7.0,20.3,15.1
2408aee51c238e10ff36489c21f261c2,8afd013a511575aef39cc33c610d4136,4,95474,2017-12-13 17:51:44,2017-11-24 20:45:06,2017-12-19,18.0,-6.0,29.0,15.1
930fa910077b33a9f539b117c67a8ba5,a322a4aa3b0a9b47a6760a03ee17ffe8,3,95487,2018-01-22 22:23:32,2018-01-07 11:53:56,2018-02-09,15.0,-18.0,23.8,21.15
a052929917151e6e24f878b8760201f9,fbe14dbea1cdcc16f5709ee80b0fab7a,5,95501,2017-03-23 11:06:09,2017-03-11 00:50:38,2017-04-03,12.0,-11.0,37.99,14.11
77719678f3a26c658752af4c2c1ec805,b538c911276725b4521eb30417d2f4f2,4,95512,2018-05-10 02:26:35,2018-04-07 16:26:45,2018-05-14,32.0,-4.0,199.9,38.09
854274fb82d309794d34a404e2c8c13a,7dd7b30b33fdaeb2b55c29b92286627a,5,95537,2018-03-02 21:35:20,2018-02-24 15:42:23,2018-03-12,6.0,-10.0,99.99,11.9
30522693b44b83c2f5d66e09b7708056,d062df7045ef15cdfd841bb52d798a0e,5,95592,2017-07-26 20:34:03,2017-07-09 19:10:21,2017-08-11,17.0,-16.0,75.9,21.33
ba6dc20dc7ebf41bc0df2c2a3b0d7c02,8f677798a3e80c02adf52911bf8d145d,5,95687,2017-03-27 18:05:32,2017-03-20 17:01:26,2017-04-11,7.0,-15.0,49.0,14.52
697d9e5dccfead99e5fdbe8ea3518793,640037457ab0f3f6fbfa8cd6908e74ef,5,95699,2017-12-05 23:16:39,2017-11-24 01:20:00,2017-12-14,11.0,-9.0,49.0,11.85
3fcc5095e584ffe45bafcccb6a6f30a9,1555d6b8d8b15b1080ee70dda21c8d02,5,95723,2017-12-06 18:12:44,2017-11-17 20:42:59,2017-12-11,18.0,-5.0,99.0,17.94
b2250b62939bb5dd50eb096af82a35e9,47c3922747c2990080644decd9ab23c4,5,95765,2018-02-01 11:07:13,2018-01-21 14:07:05,2018-02-19,10.0,-18.0,56.99,16.16
de14944faf5ed4fc8bd10a5d70162c28,d7c877c5db825f754e75a32ac35e13b0,5,95766,2018-03-15 22:28:26,2018-03-04 15:23:16,2018-03-28,11.0,-13.0,240.0,36.18
307138721cc61344de78b5d4790e6b93,5038599d301a92796c7e52408dd0aea3,5,95781,2017-05-16 11:48:04,2017-05-04 21:33:20,2017-05-31,11.0,-15.0,69.99,16.19
3ce848737d53b38f7d1af765ede36c3d,bb780bb5301c5109cb6eb07d06f3bd14,5,95810,2018-01-08 19:19:49,2017-12-22 15:53:30,2018-01-30,17.0,-22.0,45.9,26.89
333696b9457bf85bed26355f8104d4cf,2f8fcfe0b82ecb5bf95a056e04b3181f,5,95842,2017-11-17 23:08:49,2017-10-24 19:42:00,2017-11-29,24.0,-12.0,29.99,14.1
1e46466b590cf5386c0716a35d28f5bb,63d38b040204b98309d72e69123de250,1,95845,2018-04-19 19:28:27,2018-03-16 11:28:39,2018-04-11,34.0,8.0,12.65,15.23
2b2cfdda27a9c7822e110089c9193c15,a0a8509664c6583fbd77dc8ffa673662,5,95852,2017-07-26 04:34:33,2017-07-22 13:36:00,2017-08-04,3.0,-9.0,49.99,11.73
a0485b328c47471092d5515450335a39,37b8c558c5edf11ec6b82f288bcdcf8c,5,95910,2017-10-09 19:40:14,2017-10-06 01:07:20,2017-10-24,3.0,-15.0,22.99,7.78
e2e59a0ed2c0ca5f7472c48781e762fc,3a81f00da2cf9c1ef4f30b34bf435c62,1,95929,2018-03-26 20:52:12,2018-03-01 20:13:18,2018-03-22,25.0,4.0,62.7,25.28
8f9e9b833f1d90fcf4e47645bfd50471,532e86bbf696dbc694509cff71c18c33,2,95946,2017-09-14 22:16:45,2017-09-10 21:12:43,2017-09-21,4.0,-7.0,71.9,11.73
47850e2adbd18f61f2af4af9b7656198,d1e799b4645be8aef2337253468a31f7,5,95957,2017-10-05 14:43:13,2017-09-13 08:19:01,2017-10-06,22.0,-1.0,121.9,18.1
87920f1441d7c6f0f7de6325572eca86,25dbc50976d47cd055b0317ac694c574,5,95975,2018-01-19 17:42:56,2018-01-05 12:49:48,2018-02-08,14.0,-20.0,129.0,28.28
0b6a4ccb6d49fb1f00aacb64bf3f338e,7d000307a29338a053287f79e225e09a,1,96030,2017-09-27 21:11:32,2017-09-07 11:53:21,2017-09-29,20.0,-2.0,129.0,36.98
bb0bb40c190b516164da534667676c33,148540b1480015f3bc53f7f534d42652,5,96047,2017-12-02 12:17:39,2017-11-25 16:35:48,2017-12-19,6.0,-17.0,143.8,31.76
28540e8b2fc58fa4c51d1aead95768f9,a6d0edc01300d51955bc9c2f0c8fe71c,5,96057,2018-03-06 19:19:20,2018-02-22 10:38:40,2018-03-27,12.0,-21.0,170.0,30.68
100f0b4b4988f19d39c1a819bc76c842,f4eb8741e3a999cc0893b2167fd19fde,3,96080,2018-02-08 11:36:40,2018-01-19 12:30:36,2018-02-20,19.0,-12.0,213.9,16.25
ce2551c8ed4ab79d9b8c0d91f5f850fc,af448eb4a17a94e4880096aeeb95a826,1,96097,2018-01-04 15:07:30,2017-12-07 16:47:57,2018-01-05,27.0,-1.0,139.99,15.73
b345674ec43617422403146bd715594b,b7ee003a15e0771e300ba4fa565c1cde,1,96138,,2017-06-06 22:31:52,2017-06-27,,,89.9,13.65
717acc1ea49963a58c7cc5964b20d14d,3a77992e9af4cff3d2b7bffa8f0597bd,3,96162,2018-03-09 12:21:24,2018-02-12 19:52:15,2018-03-07,24.0,2.0,39.99,14.1
8b4b528ccf71755098f7a2fb4afa1a30,ebddf8921a89c56e1f375877575aecbd,2,96223,2018-01-05 22:47:06,2017-12-18 14:55:09,2018-01-16,18.0,-11.0,69.9,15.25
5c1d4abd9b9d1f29fd5534506fa1cf7f,5b7ffb8d013b6d0b4ae7a8f454fa9bd7,5,96261,2017-11-25 03:10:23,2017-11-20 21:52:34,2017-12-01,4.0,-6.0,80.4,13.12
22e770a0c7b4ed43f4b349d0efcee6c7,5d1dea256331e5dfde86029097cc203c,4,96276,2018-01-04 14:08:10,2017-12-13 17:21:27,2018-01-11,21.0,-7.0,129.9,18.16
026cba0264028db705f8da8d029f6ea1,77ac4951da6c2361c816314422cf20e4,5,96317,2017-07-13 18:38:00,2017-07-11 12:28:33,2017-07-24,2.0,-11.0,18.9,7.78
6106b62911bf8836842073fb700ad982,864bbbc2d9b4d93e42578520d5ffcd71,5,96375,2018-04-14 14:56:54,2018-04-10 21:18:01,2018-04-23,3.0,-9.0,287.7,10.37
cf353a28ef95e38dfcde0e31d4b39fa6,6f841dde94727854eaff3f66432c80ea,4,96377,2018-01-27 14:27:59,2018-01-02 19:20:35,2018-02-05,24.0,-9.0,168.9,24.05
cca9feb17a809d65885d0884617f132d,4c38dc6e460b5c6de2b1acf65e646cdd,1,96385,2018-04-14 11:39:25,2018-04-06 14:59:25,2018-04-25,7.0,-11.0,69.9,13.85
7e021abb9536b48f66d49bbf8fb2d552,6e0b92bf7f849a26ecbd65716cf5d610,5,96397,2017-08-28 17:06:14,2017-08-17 22:45:26,2017-09-26,10.0,-29.0,110.0,26.05
97e80ba95c2b09157f375a9271d2c343,80b0bd0c8f8cb86ae0c2dddb11693b07,5,96408,2017-09-01 22:14:52,2017-08-23 13:52:54,2017-10-13,9.0,-42.0,164.9,12.36
85110eedf5dc420ec905b72c2cee2432,9da99352a27f7bbe1fdbc9b036749172,5,96414,2017-09-20 19:48:54,2017-09-04 16:39:25,2017-09-26,16.0,-6.0,109.99,57.44
63900506143a825b731d51fd28ef5bba,d75e311ca4f168e93c59d95f49212320,1,96423,2017-05-30 12:03:25,2017-05-18 14:03:44,2017-06-07,11.0,-8.0,56.99,13.42
c613814db6dccfca1e110fc783bbec76,0c7ccdb239bd524a31dc66094fa59626,5,96424,2017-12-04 22:15:03,2017-11-23 15:11:45,2017-12-15,11.0,-11.0,40.0,15.1
ed39c2fb2c36f0bbfc37e6d4d5fff81f,a60d97427c94f3cf9e9c338ac3e9aa14,3,96433,2018-04-04 20:16:32,2018-03-14 15:04:11,2018-04-11,21.0,-7.0,139.89,34.52
fe1dea531f48ae2eaa3aca73507ce3a3,be4f77184693f359b47e0d555b7d584b,5,96446,2017-04-03 16:14:04,2017-03-16 10:49:27,2017-04-18,18.0,-15.0,289.9,18.87
d40f94df85fb715168b8cf8397eb6065,d9fa5ad719e1732700ccfc765c6ff6a6,5,96457,2018-04-02 19:03:44,2018-03-19 16:21:03,2018-04-10,14.0,-8.0,93.9,23.24
d003550867307716dbc7c11851919488,8c64e3e8dd3f04f78d3b5c994ae506f3,5,96500,2017-05-09 12:33:44,2017-04-25 18:51:59,2017-05-12,13.0,-3.0,39.9,8.72
a525f7e4bb0fc68d5d920d1e6561b18f,252a85fbb824c236e3b232f556edfc68,4,96506,2017-12-26 21:18:53,2017-12-04 09:47:00,2017-12-27,22.0,-1.0,145.0,14.76
9d7bdcb3f756c715cfdfa01a99ed608c,681fc152c63481373cecdd46e390fe6b,5,96524,2017-10-24 20:52:22,2017-10-09 16:41:37,2017-10-30,15.0,-6.0,110.0,40.1
c65c19cba1dcab3a2f64b3d8b2da0369,12e8c054bdee17bfc0fd3d92d8cbda10,3,96525,2017-10-18 22:47:39,2017-10-16 01:21:34,2017-11-07,2.0,-20.0,72.9,16.27
e7ec3736356eb0a0648e7b5d0334d5fd,d1872a759d4c1e5437aa708d64ff592c,1,96540,2017-08-30 14:30:04,2017-08-02 21:20:58,2017-08-22,27.0,8.0,31.9,12.48
79789912b048662bfc97db16131a94f3,d63fe1f1621db3763f40ec20a4a8b338,1,96558,2017-03-21 16:11:52,2017-02-25 20:55:27,2017-04-03,23.0,-13.0,19.99,14.52
4c678ad19466731b4be3a2b304e8198d,b534f5b64db31c82a5aadfbaa0855e5b,5,96577,2017-11-11 12:27:35,2017-10-30 11:26:41,2017-11-10,12.0,1.0,61.9,9.94
02f9e4f1abb4f3c95e28ad3eff25fef4,615881190acfd290a2122e6e4d6055c8,5,96582,2018-01-18 21:52:46,2018-01-13 16:33:01,2018-02-14,5.0,-27.0,56.99,15.15
89cd41c725202a615cd7879f63a85114,52b8659b9d786b77d4e4f25c26ed0b91,5,96585,2017-07-20 19:17:03,2017-07-12 20:31:22,2017-08-11,7.0,-22.0,99.99,18.94
5686d60506e16fdadff5c1678c086ba8,785bfd330f7cc6cfba69cf7ee360fe47,5,96624,2017-06-08 11:28:28,2017-06-03 00:29:40,2017-06-28,5.0,-20.0,99.0,30.53
2f97b7e8929298e488c5a4a9b59a8b97,c05959bbcc139450377c258a39f80602,1,96633,2018-01-10 00:16:46,2017-11-28 08:43:12,2017-12-28,42.0,13.0,149.99,25.89
3e8ffae875bd322257e2b197e382bafd,1a7ee01992a69255a005e9db8a96d898,1,96648,2017-06-19 20:13:30,2017-05-31 20:57:49,2017-06-23,18.0,-4.0,243.0,35.06
7dc5ca853988c20c45e92051fb84712b,e985dab0862fa067f40e4c0d54a7405f,5,96676,2017-03-27 14:06:48,2017-03-18 17:27:44,2017-04-17,8.0,-21.0,34.2,14.12
b2d676803f4fd23e14eb118a85ee190c,ef24d89a1994d468c2903e3d2dbfae56,5,96677,2017-12-27 19:07:07,2017-12-16 09:25:10,2018-01-12,11.0,-16.0,69.77,14.24
9f2bee794bb25bcb048763d65b82ba24,cec49c59f35df62326835eea9dbd1457,5,96681,2017-10-20 21:33:27,2017-10-15 19:09:41,2017-10-26,5.0,-6.0,348.8,9.7
e949de4f92bb2e8c5532acdd10d8dc0e,15e12d9cfb0958b1edd456f8ff11fcc8,3,96702,2018-04-13 22:36:36,2018-03-04 13:10:50,2018-04-03,40.0,10.0,69.9,23.36
16a4ae872409593182a284c9140845c7,1051983b1aca1ef8f4f6827378c12c8a,3,96706,2017-10-21 10:45:44,2017-10-16 19:11:16,2017-11-03,4.0,-13.0,399.99,17.56
27a4594183c210d40b05747fd59e03f0,75ac904a1ba87fab8d6d93751d68ddb1,5,96721,2017-10-31 23:24:34,2017-10-20 22:02:06,2017-11-21,11.0,-21.0,96.5,14.41
5c2610b389381e5396a5468395b8aa51,ed9e33c926c94cc5cc50a68696119dea,4,96723,2018-01-19 17:49:25,2018-01-10 11:32:09,2018-02-02,9.0,-14.0,99.9,15.46
1bb4f0ff6d9d6a99e36433ad78cc74b3,c1b3677443e3acb2a07e47d81889e571,5,96732,2017-09-15 21:36:24,2017-09-12 13:58:02,2017-10-02,3.0,-17.0,279.0,24.75
aaf80fdfe36844a942f45eb5ce3e47e1,c2d5c65518eacd599632e3d287f5f818,5,96744,2017-12-21 20:43:48,2017-12-13 15:21:33,2018-01-09,8.0,-19.0,27.99,14.1
243e3bdaa1e2e70da9877964117cccd2,32a5bc9d3f2a71d05c275cfb8d2adccf,1,96817,2017-08-03 17:23:48,2017-07-20 13:38:18,2017-08-18,14.0,-15.0,119.8,35.34
25cdf1dfd99ea80543c30630b50bed1a,8dc7f5f2024708be4f36e4b1811cdd97,5,96821,2018-01-25 17:33:18,2018-01-22 17:16:37,2018-02-20,3.0,-26.0,89.5,12.76
bda8d79437155b8dfaf2cb014af8744b,35dfa74b22307b2c8543606b037b1685,4,96877,2017-11-28 14:31:59,2017-11-17 10:23:42,2017-12-06,11.0,-8.0,179.9,13.6
c2d228b30c51fe7b4a4ac2d849dbef09,38526edd44a1d0ae9f1bab48804da5e0,5,96881,2017-03-06 10:47:49,2017-02-21 21:27:33,2017-04-13,12.0,-38.0,159.9,21.2
e0f1b3493349244054bafe6e7bb51647,a1969d1fe556384a2064a72ff0451d4f,5,96902,2018-04-05 19:24:31,2018-03-06 11:39:05,2018-04-09,30.0,-4.0,90.0,18.51
b18007563e44f7b80b1d0051c806ebee,d487b6355486e731b46ab592494f65e9,4,96914,2018-04-20 19:12:42,2018-04-12 10:20:46,2018-05-17,8.0,-27.0,89.49,18.54
89b584e6b8534b643a899a22741464a6,ebc54f9d25f320184ed5cd3953e6a2cc,5,96922,2017-07-26 18:47:41,2017-07-18 13:44:15,2017-08-07,8.0,-12.0,65.9,12.8
df20f723392d7e9b46c56b035d0e51bc,5d5b6b66aff814c78983f7f220014db9,5,96984,2018-02-09 01:24:48,2018-02-05 00:46:08,2018-03-05,4.0,-24.0,56.97,12.74
19fc7ae917818d646065966b89a8692a,e1b1ed7246d40a12bdb135bcae8956cc,5,97007,2017-05-09 16:15:07,2017-04-30 09:08:12,2017-05-23,9.0,-14.0,190.0,16.44
cd7d04c6df908fddf4b2a7d954fa230c,36af11f74568a0546f14fc0e5a0c2851,5,97017,2018-01-12 02:26:50,2017-12-14 16:50:47,2018-01-11,28.0,1.0,998.0,44.51
83b902963165d35c7f6a00700c44eb80,b0dd70806e7372c35f599726cb3170cb,5,97030,2017-12-15 20:49:53,2017-11-26 16:45:47,2017-12-15,19.0,0.0,49.9,14.1
67913f78ed59b8d8319fb6ac84ff1819,1f5135a8f9c333ed6694338740b9fca2,5,97040,2018-03-28 14:29:06,2018-03-07 11:05:55,2018-03-29,21.0,-1.0,115.0,18.69
a16a1dfab133d8516d480fbccbae638c,85f56614259f06af1f2d8233109511b4,5,97050,2017-03-23 17:04:28,2017-03-15 17:15:12,2017-04-06,7.0,-14.0,79.0,14.31
04efdfa930098aad172e6d2d02c6fb6a,7adfa2538df2fd9114e6b1455a904bb3,5,97057,2017-12-22 10:43:29,2017-12-14 17:41:12,2018-01-11,7.0,-20.0,84.99,12.93
0df62eda3854216a63f1f032e8a84570,5c12a7dbc8a84fd45bcd6c752b0f39c7,5,97080,2017-08-28 17:03:28,2017-08-15 00:39:44,2017-09-06,13.0,-9.0,39.99,14.1
8fcb0a663ef7e66f2b3183386d129e47,0f8cf123486438ffdee527bf82ec87d4,4,97097,2017-02-17 09:54:03,2017-02-03 11:58:30,2017-03-20,13.0,-31.0,99.9,18.13
7ebc88c40534564faaed1aa2b5faa3b2,2f9461545e91fb9fde10a190a2986c34,5,97128,2017-12-15 22:04:15,2017-12-04 21:21:14,2017-12-27,11.0,-12.0,499.0,48.96
cbd120ca11fa60b230c1119a56d852c6,509e23091b0dc6edfc5fffc94dc3dd0a,5,97149,2017-10-31 16:13:57,2017-10-22 19:28:07,2017-11-17,8.0,-17.0,49.0,15.1
7138a2bb91d07189dd4976c9bbf518d6,d9515cd3ca09c7b9b751f077d2adfc84,5,97161,2017-02-20 13:34:04,2017-01-30 17:05:18,2017-03-10,20.0,-18.0,699.0,36.0
ed56845f818bdc7bd54b5bdd4fdf954e,443cff258a277bb6451a8357fcc7f43e,5,97176,2018-01-08 20:10:18,2017-12-28 12:31:49,2018-02-01,11.0,-24.0,110.0,20.0
454ffd53ec70aad31e0df2e0bf2c4273,f4f6ec218c3835f1f37fd926a6f6124b,5,97188,2018-02-01 01:41:32,2018-01-10 20:50:19,2018-02-21,21.0,-20.0,43.0,37.9
1e2041af52634cd4e12462d37b1bbb04,5ade2c3932a0c4836b4eb4e16f4373db,5,97192,2017-03-09 09:41:57,2017-02-20 18:50:57,2017-03-21,16.0,-12.0,76.9,20.62
6a7179f291a850d6727dab3443c58483,459d4fa45d8bbb1c914f0d4bb1774a1b,5,97236,2018-01-06 16:28:56,2018-01-04 07:27:36,2018-01-22,2.0,-16.0,149.0,8.3
e78ab30d48d6200a3a92a0f67e8c0ca2,ada8c2a84a276ae03d468f7acf56ad36,4,97250,2018-03-05 23:04:40,2018-02-15 22:44:04,2018-03-13,18.0,-8.0,13.65,21.15
1f2e1abfe850d71d0a51a516c0a8df8c,83b11638ea5fdb78656168614f8afdf2,5,97282,2017-12-23 17:18:48,2017-12-10 20:28:09,2018-01-04,12.0,-12.0,389.9,83.04
90106a62ae862ad7ce431f24c6651a04,dc2c80fa5a4e2aa29182d399748d548b,5,97296,2017-05-24 14:10:10,2017-04-18 07:49:34,2017-05-11,36.0,13.0,29.5,14.52
a68851bf67f9d284a5c05f6fc4001e23,e0ba857017cfa40b224928b7534b6298,5,97305,2018-04-25 20:03:57,2018-04-09 16:57:00,2018-05-14,16.0,-19.0,597.0,39.31
59af58dca7b568996e0a458e883616f2,0c51264bdcbe5893081232bba640dba0,4,97363,2017-09-15 20:32:32,2017-09-09 13:58:18,2017-10-03,6.0,-18.0,78.0,16.31
df596d786efbbca4a0a469221e43b6a8,bf858b59c72c1d556a32320bf0c7a42f,5,97375,2017-10-30 19:25:53,2017-10-14 06:59:30,2017-11-08,16.0,-9.0,199.0,26.42
514f773da2aec6d340675b6c57a6cbc1,2cd4d457a1de3adcdb9d8237cb975c6d,5,97397,2017-10-30 20:27:49,2017-10-16 17:03:04,2017-11-17,14.0,-18.0,1490.0,115.14
0610eed16d94fc86929db6f57c756e61,bb39cd2f2f58e93ae10568be5cad1b58,5,97433,2018-01-05 18:59:36,2018-01-03 22:50:18,2018-01-19,1.0,-14.0,179.99,8.51
b1daca0e51fbb9301c7238a24140dda6,432ca501b6803f37fe26134bedda2972,4,97508,2017-10-11 21:27:54,2017-10-08 09:52:27,2017-10-27,3.0,-16.0,599.96,60.5
1ad11f176a0fc21aec659c5d87fb31f3,0eb8235cb26938d1c5c534cb0fe0d254,5,97550,2017-09-25 22:28:41,2017-09-21 10:46:08,2017-10-09,4.0,-14.0,104.0,9.29
1f3cf149a6469d852a0de5e7b7adb02d,850f385057143a59fdc6840f5fb58c63,5,97575,2017-12-08 23:45:42,2017-11-24 16:07:06,2017-12-19,14.0,-11.0,39.99,17.6
150c370e3e370530efa167d41daf8fc7,bc4259cb82833f82cf7107fc67843f79,5,97600,2018-03-16 19:38:29,2018-03-11 21:31:45,2018-03-22,4.0,-6.0,14.58,8.88
2d2d59a921a2905fb57c0b59ab1f759c,af8822dc30a41edce5b644f195e3f269,5,97601,2017-03-09 09:37:44,2017-02-13 15:55:09,2017-03-20,23.0,-11.0,10.99,17.78
cc18dd010dbbcc70063ce3647620994b,a3a334e8cd38b52f151585bfa1e22190,5,97632,2018-01-17 20:55:23,2017-12-29 21:42:31,2018-02-05,18.0,-19.0,84.9,13.61
7366538b26f60ea246751a0ed581f48b,14001e8cd1c29d0bce5b5bfca73338af,5,97635,2018-02-05 21:21:21,2018-01-31 00:04:39,2018-02-23,5.0,-18.0,179.9,16.01
17a9733d3a9d95de6110e03ebb1ca0ac,ac0b40db773fed894ef5646453a38544,5,97664,2017-02-13 11:29:01,2017-02-07 19:45:53,2017-03-10,5.0,-25.0,65.0,14.62
5aaed62057c3e4e4c7e33112eefc0025,25ce3a22fa2537206c22c8bef4f9b593,5,97671,2018-03-26 17:49:09,2018-03-19 20:50:39,2018-04-11,6.0,-16.0,88.0,13.74
90c32c277403b98e46780ae97bb171a7,b4d46147f1aaa1a984aa0ab1cd7b2e4c,3,97674,2018-01-02 20:06:26,2017-11-28 21:31:37,2017-12-28,34.0,5.0,58.9,47.85
c2388f5ca92d53b530ac1ede02689993,ca759ab8f22c84329b8dbcb5192ef923,1,97705,2018-02-16 17:58:57,2017-11-24 13:38:06,2017-12-18,84.0,60.0,159.9,25.96
ed6b240aa7ce2019fbb65188193916f8,0cb316841c24af560f6af0e3fb36137a,1,97738,2017-02-09 16:14:30,2017-01-23 21:33:15,2017-03-02,16.0,-21.0,289.98,53.9
6bde36d8bc20d2e36953167b1253c62b,f779310b7f128b2b1eebc444c867c5cb,5,97745,2018-01-31 13:53:03,2018-01-22 10:40:57,2018-02-06,9.0,-6.0,29.5,13.08
cee44b94526dc92f5a03454fd313b044,cd746016263cf0a8ac68de73ee79506d,5,97773,2017-05-31 09:13:52,2017-05-20 18:38:05,2017-06-13,10.0,-13.0,259.9,86.98
85a7a4fb8e0cc2de46ec8bbeb1308947,fe5cf33c8006e3a98776622acb39c9fe,1,97804,2018-01-26 17:59:02,2018-01-11 11:31:42,2018-02-06,15.0,-11.0,32.98,17.63
42a49cf49fe9711986a027b5a1286802,2772cb7ffe44f20a3bcb6fc52a9c3370,5,97810,2018-01-22 22:16:51,2018-01-11 22:03:32,2018-02-09,11.0,-18.0,169.9,15.94
e9d5b99d2da6c3ce45b47ce9f49a0600,dac85d3cab0888e36afc2fdc41ecf316,5,97845,2017-12-21 19:05:33,2017-12-11 19:17:49,2017-12-28,9.0,-7.0,683.38,16.24
170bdd6d19e52a26a9a968a0dab661cd,945fb6d37a9ca75061ff8741ae8c19ab,5,97861,2017-06-16 18:51:42,2017-06-06 16:19:01,2017-06-29,10.0,-13.0,241.1,31.53
e443331f969cafc4d3e971f7596be657,ac5205087679bac005ed56ed3345ce0e,3,97882,2017-12-09 14:50:05,2017-11-25 13:29:08,2017-12-20,14.0,-11.0,149.9,21.54
37cc6dc69d8e216e2820abf87c9c4452,524dd16d182003f56199d068e2a1d50c,5,97887,2017-10-02 14:15:21,2017-09-25 11:22:41,2017-10-17,7.0,-15.0,69.9,16.12
75396df1e6af91a1be433af7680d50fd,756e696d1e7ff7fd6728f59e92e22651,5,97904,2018-03-19 19:38:44,2018-03-11 16:39:02,2018-04-12,8.0,-24.0,81.9,8.34
a05844bd8a92feb386f0ee5db0167fea,6a6f6e316fbfc5524414489d06c8533c,5,97913,2017-12-12 22:48:46,2017-11-25 00:20:41,2017-12-28,17.0,-16.0,209.9,26.75
de0f21333a5ccf2376360a6d8a950a75,dec95374a1bf2366249bf770e0568a85,5,97924,2017-08-12 10:22:12,2017-08-07 20:16:06,2017-08-18,4.0,-6.0,65.63,12.48
8bbde7af366714f22297c27653c42d1a,8c7fcfaa7131076e4b646b3977ad6633,2,97963,2017-12-15 23:29:08,2017-11-28 23:04:53,2017-12-26,17.0,-11.0,59.0,17.69
7f7bf3e21326b7fd70fa03e393e9dcdb,65492cb556d99eb900c65a4ff79fd3c4,4,97988,2018-01-30 16:47:48,2018-01-28 17:39:53,2018-02-14,1.0,-15.0,29.0,7.78
d573991eedd50b8960ee2a9f0bfff36d,0ac1d3244719cbbfbc0574631fb0186e,1,97990,2017-12-08 15:58:33,2017-11-01 10:42:25,2017-11-29,37.0,9.0,29.9,14.1
bae472fad885da38be6f18b6ebf2b3d4,b86149c8139bc8a77792c2b24942a0db,2,97999,2017-06-14 14:42:39,2017-06-05 18:44:05,2017-06-26,8.0,-12.0,71.0,9.34
370c57baddf84d52f899df0be78284b7,c2346355ba8062d8c308b0a82854206e,3,98024,2017-04-13 17:42:30,2017-04-05 22:28:14,2017-04-28,7.0,-15.0,35.9,14.11
3f767031a8bb6f3df23db133cf076a60,9978e0dbae7672b5995553acd12ea6f0,5,98030,2018-03-14 17:28:30,2018-03-10 11:16:54,2018-03-22,4.0,-8.0,126.12,8.07
92dad749438247df910edce39e333810,a67c02dc9c53a5bae76418bff0a534cf,3,98033,2018-03-15 20:22:30,2018-02-26 19:21:16,2018-03-21,17.0,-6.0,750.0,43.09
4c5fe123a33e17f64737cf8c4e8e951a,f939e05d2451cd2ababeb205da768278,5,98042,2018-01-16 22:32:55,2017-12-31 13:42:22,2018-01-30,16.0,-14.0,24.99,15.1
724a11f608f2832e6cab2e4fe6f5c495,eee0d370c2154116eb2fe9e4c75532e6,1,98044,2018-02-16 22:26:32,2018-02-04 19:17:03,2018-02-21,12.0,-5.0,257.87,10.37
94415025be0456706e3e0019dc25e561,ed346b70cbe34011ca44ffb08bbb84ca,5,98098,2017-07-06 08:52:39,2017-06-23 19:38:29,2017-07-13,12.0,-7.0,104.0,13.75
3215ca1218d0d9a572936de754d8cfce,ac9394e6566c5245be91e3dd87c8d5e9,1,98103,2017-12-20 21:58:54,2017-11-24 14:33:35,2017-12-18,26.0,2.0,199.8,34.4
e9f0bde9a98ff79305964e9033ed8cd2,0e0abe27977ea1d66568d6ee7d310217,1,98132,2018-02-22 19:33:43,2018-02-06 16:28:03,2018-03-07,16.0,-13.0,148.0,30.54
1fdbe363e853974e87d8f498d32065ea,d17cbd88da86748917f52864d1be98d0,1,98134,,2018-02-20 19:08:46,2018-03-15,,,,
2cb679cfffd69784ae97b7f48293f6bd,0245631f7bd55dbee7c6b441629bba94,2,98154,2017-10-13 21:37:42,2017-10-05 18:26:36,2017-11-01,8.0,-19.0,849.5999999999999,90.12
a9b11c6781d2d0bdcdca90e318414d8d,6eb0408a126523fa821e4b54911c630f,5,98180,2018-02-07 22:23:38,2018-01-23 10:43:23,2018-02-20,15.0,-13.0,450.0,17.9
7b89e676634561673670ec8b54ae202a,39c1a4a89678bf3fbbcaa3719ba937dc,4,98209,2018-02-19 20:11:38,2018-02-11 23:27:18,2018-02-26,7.0,-7.0,12.25,7.78
73197039c8b0d9d5942943aeac66e28f,48e7f3b7aa6ee2bbdd92ab84674fe4e4,1,98210,,2017-12-18 15:35:53,2018-01-11,,,41.0,11.85
e0023cbe85aeadce263b613d00b94a49,969791845aebad4fe9d49530189384b9,5,98225,2018-02-19 21:48:58,2018-02-06 15:50:36,2018-02-22,13.0,-3.0,759.6,59.72
7b85c6acaddb354af9aa840528838d9f,33a3edb84b9df4cb49546859b990ac6d,1,98273,2018-03-22 00:03:53,2018-02-21 17:15:49,2018-03-16,28.0,6.0,49.9,17.6
9c5a26b29cfd36a2fe392797f470a73c,a0613f72de8eeb0386bff92454492f6a,4,98298,2018-01-29 16:17:20,2018-01-24 22:26:47,2018-02-19,4.0,-21.0,55.9,15.14
dfdcb2c6f4f1572603cf0899e4560f53,809cadee53cde56e54180cf5d6631443,4,98321,2018-01-08 19:27:17,2017-12-15 11:38:53,2018-01-17,24.0,-9.0,170.0,15.94
1ef2ec9e7697694c6ec7385398623ca3,4955ee3a893b3b780fedd621473486b7,4,98350,2017-12-26 21:26:52,2017-12-05 19:32:40,2018-01-04,21.0,-9.0,49.9,16.11
a2de0d3f01fb7d391b0bb9a872c5f004,d694c1f3e3e0bd20d4673555d43c875a,5,98360,2018-03-21 18:06:55,2018-03-09 05:51:28,2018-04-03,12.0,-13.0,159.77,20.09
