geolocation_zip_code_prefix,used_in_training
1001,True
1002,True
1003,True
1004,True
1005,True
1006,True
1007,True
1008,True
1009,True
1010,True
1011,True
1012,True
1013,True
1014,True
1015,True
1016,True
1017,True
1018,True
1019,True
1020,True
1021,True
1022,True
1023,True
1024,True
1025,True
1026,True
1027,True
1028,True
1029,True
1030,True
1031,True
1032,True
1033,True
1034,True
1035,True
1036,True
1037,True
1038,True
1039,True
1040,True
1041,True
1042,True
1043,True
1044,True
1045,True
1046,True
1047,True
1048,True
1049,True
1050,True
1101,True
11010,True
11013,True
11015,True
1102,True
11020,True
11025,True
1103,True
11030,True
11031,True
11035,True
1104,True
11040,True
11045,True
1105,True
11050,True
11055,True
1106,True
11060,True
11065,True
1107,True
11070,True
11075,True
1108,True
11080,True
11081,True
11082,True
11085,True
11086,True
11087,True
11088,True
11089,True
1109,True
11090,True
11095,True
1120,True
11200,True
1121,True
1122,True
1123,True
1124,True
1125,True
11250,True
1126,True
1127,True
1128,True
1129,True
1130,True
1131,True
11310,True
1132,True
11320,True
11325,True
1133,True
11330,True
11335,True
1134,True
11340,True
11345,True
11346,True
11347,True
11348,True
11349,True
1135,True
11350,True
11355,True
1136,True
11360,True
11365,True
1137,True
11370,True
11374,True
1138,True
11380,True
1139,True
11390,True
1140,True
1141,True
11410,True
1142,True
11420,True
11421,True
11425,True
11430,True
11431,True
11432,True
11435,True
11436,True
11438,True
1144,True
11440,True
11441,True
11442,True
11443,True
11444,True
11445,True
11446,True
11449,True
11450,True
11451,True
11453,True
11454,True
11460,True
11461,True
11462,True
11463,True
11470,True
11471,True
11472,True
11473,True
11495,True
11497,True
1150,True
11500,True
11505,True
1151,True
11510,True
11515,True
1152,True
11520,True
11523,True
11525,True
1153,True
11530,True
11531,True
11533,True
11534,True
11535,True
11538,True
1154,True
11540,True
11542,True
11543,True
11548,True
1155,True
11550,True
11555,True
1156,True
11570,True
11573,True
11600,True
11601,True
11602,True
11603,True
11604,True
11605,True
11606,True
11608,True
11609,True
11610,True
11611,True
11612,True
11614,True
11615,True
11617,True
11618,True
11619,True
11620,True
11621,True
11622,True
11623,True
11624,True
11625,True
11626,True
11628,True
11629,True
11630,True
11660,True
11661,True
11662,True
11663,True
11664,True
11665,True
11666,True
11667,True
11668,True
11669,True
11670,True
11671,True
11672,True
11673,True
11674,True
11675,True
11676,True
11677,True
11678,True
11679,True
11680,True
11700,True
11701,True
11702,True
11703,True
11704,True
11705,True
11706,True
11707,True
11708,True
11709,True
11710,True
11711,True
11712,True
11713,True
11714,True
11717,True
11718,True
11719,True
11720,True
11721,True
11722,True
11723,True
11724,True
11725,True
11726,True
11730,True
11740,True
11750,True
11760,True
11770,True
11790,True
11800,True
11850,True
1189,True
11900,True
11910,True
11920,True
11925,True
11930,True
11940,True
11950,True
11955,True
11960,True
11990,True
1200,True
1201,True
12010,True
1202,True
12020,True
1203,True
12030,True
12031,True
12032,True
1204,True
12040,True
12041,True
12042,True
12043,True
12045,True
1205,True
12050,True
12051,True
12052,True
12053,True
12054,True
1206,True
12060,True
12061,True
12062,True
1207,True
12070,True
12071,True
12072,True
1208,True
12080,True
12081,True
12082,True
12085,True
12086,True
1209,True
12090,True
12091,True
12092,True
12093,True
12095,True
1210,True
1211,True
1212,True
12120,True
1213,True
12130,True
1214,True
12140,True
1215,True
12150,True
1216,True
1217,True
12170,True
1218,True
12180,True
1219,True
1220,True
12209,True
1221,True
12210,True
12211,True
12212,True
12213,True
12214,True
12215,True
12216,True
1222,True
12220,True
12221,True
12223,True
12224,True
12225,True
12226,True
12227,True
12228,True
12229,True
1223,True
12230,True
12231,True
12232,True
12233,True
12234,True
12235,True
12236,True
12237,True
12238,True
12239,True
1224,True
12240,True
12241,True
12242,True
12243,True
12244,True
12245,True
12246,True
12247,True
12248,True
12249,True
1225,True
12250,True
1226,True
12260,True
1227,True
12270,True
1228,True
12280,True
12281,True
12282,True
12283,True
12284,True
12285,True
12286,True
12287,True
12288,True
12289,True
1229,True
12290,True
12294,True
12295,True
12297,True
1230,True
12301,True
12302,True
12305,True
12306,True
12307,True
12308,True
12309,True
1231,True
12310,True
12311,True
12312,True
12315,True
12316,True
12318,True
12319,True
1232,True
12320,True
12321,True
12322,True
12323,True
12324,True
12325,True
12326,True
12327,True
12328,True
12329,True
1233,True
12330,True
12331,True
12333,True
12334,True
12335,True
1234,True
12340,True
12341,True
1235,True
12350,True
1236,True
1237,True
1238,True
12380,True
1239,True
1240,True
12400,True
12401,True
12402,True
12403,True
12404,True
12405,True
1241,True
12410,True
12411,True
12412,True
12413,True
12414,True
12415,True
1242,True
12420,True
12421,True
12422,True
12423,True
12424,True
12425,True
12426,True
1243,True
1244,True
12440,True
12441,True
12442,True
12443,True
12444,True
12445,True
12446,True
1245,True
12450,True
1246,True
12460,True
1247,True
1248,True
1249,True
12490,True
1250,True
12500,True
12501,True
12502,True
12503,True
12504,True
12505,True
12506,True
12507,True
12508,True
12509,True
1251,True
12510,True
12511,True
12512,True
12513,True
12514,True
12515,True
12516,True
12517,True
12518,True
12519,True
1252,True
12520,True
12521,True
12522,True
12523,True
12524,True
12525,True
1253,True
12530,True
1254,True
12540,True
1255,True
1256,True
1257,True
12570,True
1258,True
12580,True
1259,True
12600,True
12601,True
12602,True
12603,True
12604,True
12605,True
12606,True
12607,True
12608,True
12609,True
12610,True
12611,True
12615,True
1262,True
12620,True
12630,True
12690,True
12701,True
12702,True
12703,True
12704,True
12705,True
12710,True
12711,True
12712,True
12720,True
12721,True
12722,True
12723,True
12730,True
12760,True
12800,True
12820,True
12830,True
12850,True
12870,True
1290,True
12900,True
12902,True
12903,True
12904,True
12906,True
12908,True
12910,True
12912,True
12913,True
12914,True
12916,True
12917,True
12918,True
12919,True
12922,True
12924,True
12926,True
12927,True
12929,True
12930,True
12935,True
12940,True
12941,True
12942,True
12943,True
12944,True
12945,True
12946,True
12947,True
12948,True
12949,True
12950,True
12951,True
12952,True
12953,True
12954,True
12955,True
12960,True
12970,True
12980,True
12990,True
12995,True
1301,True
13010,True
13012,True
13013,True
13015,True
1302,True
13020,True
13023,True
13024,True
13025,True
13026,True
1303,True
13030,True
13031,True
13032,True
13033,True
13034,True
13035,True
13036,True
1304,True
13040,True
13041,True
13042,True
13043,True
13044,True
13045,True
13046,True
13049,True
1305,True
13050,True
13051,True
13052,True
13053,True
13054,True
13055,True
13056,True
13057,True
13058,True
13059,True
1306,True
13060,True
13061,True
13063,True
13064,True
13065,True
13067,True
13068,True
13069,True
1307,True
13070,True
13073,True
13075,True
13076,True
13077,True
1308,True
13080,True
13081,True
13082,True
13083,True
13084,True
13085,True
13086,True
13087,True
13088,True
1309,True
13090,True
13091,True
13092,True
13096,True
13097,True
13098,True
13099,True
1310,True
13100,True
13101,True
13104,True
13105,True
13106,True
13107,True
13108,True
1311,True
1312,True
1313,True
1314,True
13140,True
13141,True
13142,True
13144,True
13145,True
13146,True
13147,True
13148,True
1315,True
13150,True
13152,True
13154,True
13155,True
13157,True
1316,True
13160,True
13165,True
1317,True
13170,True
13171,True
13172,True
13173,True
13174,True
13175,True
13176,True
13177,True
13178,True
13179,True
1318,True
13180,True
13181,True
13183,True
13184,True
13185,True
13186,True
13187,True
13188,True
13189,True
1319,True
13190,True
1320,True
13201,True
13202,True
13203,True
13205,True
13206,True
13207,True
13208,True
13209,True
1321,True
13210,True
13211,True
13212,True
13213,True
13214,True
13215,True
13216,True
13218,True
13219,True
1322,True
13220,True
13221,True
13222,True
13223,True
13224,True
13225,True
13226,True
1323,True
13230,True
13231,True
13232,True
13233,True
13234,True
13236,True
13238,True
1324,True
13240,True
1325,True
13250,True
13251,True
13252,True
13253,True
13254,True
13255,True
13256,True
13257,True
1326,True
13260,True
1327,True
13270,True
13271,True
13272,True
13273,True
13274,True
13275,True
13276,True
13277,True
13278,True
13279,True
1328,True
13280,True
13281,True
13282,True
13283,True
13284,True
13285,True
13286,True
13287,True
13288,True
13289,True
1329,True
13290,True
13295,True
1330,True
13300,True
13301,True
13302,True
13304,True
13305,True
13306,True
13308,True
13309,True
1331,True
13310,True
13311,True
13312,True
13313,True
13315,True
13318,True
13319,True
1332,True
13320,True
13321,True
13322,True
13323,True
13324,True
13326,True
13327,True
13328,True
13329,True
1333,True
13330,True
13331,True
13332,True
13333,True
13334,True
13335,True
13336,True
13337,True
13338,True
13339,True
13340,True
13341,True
13342,True
13343,True
13344,True
13345,True
13346,True
13347,True
13348,True
13349,True
13350,True
13355,True
13360,True
13370,True
13375,True
13380,True
13381,True
13382,True
13385,True
13386,True
13387,True
13388,True
13389,True
13390,True
13400,True
13401,True
13402,True
13403,True
13405,True
13406,True
13408,True
13409,True
13411,True
13412,True
13413,True
13414,True
13415,True
13416,True
13417,True
13418,True
13419,True
13420,True
13421,True
13422,True
13423,True
13424,True
13425,True
13426,True
13427,True
13428,True
13432,True
13433,True
13440,True
13450,True
13451,True
13452,True
13453,True
13454,True
13455,True
13456,True
13457,True
13458,True
13459,True
13460,True
13465,True
13466,True
13467,True
13468,True
13469,True
13470,True
13471,True
13472,True
13473,True
13474,True
13475,True
13476,True
13477,True
13478,True
13479,True
13480,True
13481,True
13482,True
13483,True
13484,True
13485,True
13486,True
13487,True
13490,True
13495,True
13500,True
13501,True
13502,True
13503,True
13504,True
13505,True
13506,True
13507,True
13508,True
13509,True
13510,True
13515,True
13520,True
13525,True
13530,True
13537,True
13540,True
13550,True
13560,True
13561,True
13562,True
13563,True
13564,True
13565,True
13566,True
13567,True
13568,True
13569,True
13570,True
13571,True
13572,True
13573,True
13574,True
13575,True
13578,True
13579,True
13580,True
13590,True
13600,True
13601,True
13602,True
13603,True
13604,True
13605,True
13606,True
13607,True
13608,True
13609,True
13610,True
13611,True
13612,True
13613,True
13614,True
13615,True
13616,True
13617,True
13625,True
13630,True
13631,True
13632,True
13633,True
13634,True
13635,True
13636,True
13638,True
13640,True
13641,True
13643,True
13650,True
13660,True
13670,True
13690,True
13700,True
13705,True
13707,True
13710,True
13715,True
13720,True
13730,True
13731,True
13732,True
13733,True
13734,True
13735,True
13736,True
13737,True
13738,True
13739,True
13750,True
13755,True
13760,True
13770,True
13780,True
13790,True
13800,True
13801,True
13802,True
13803,True
13804,True
13805,True
13806,True
13807,True
13808,True
13817,True
13820,True
13822,True
13825,True
13830,True
13835,True
13840,True
13841,True
13842,True
13843,True
13844,True
13845,True
13846,True
13847,True
13848,True
13849,True
13855,True
13857,True
13860,True
13870,True
13871,True
13872,True
13873,True
13874,True
13875,True
13876,True
13877,True
13879,True
13880,True
13890,True
13895,True
13900,True
13901,True
13902,True
13903,True
13904,True
13905,True
13908,True
13909,True
13910,True
13911,True
13912,True
13913,True
13914,True
13915,True
13916,True
13917,True
13918,True
13919,True
13920,True
13930,True
13940,True
13950,True
13960,True
13970,True
13971,True
13972,True
13973,True
13974,True
13975,True
13976,True
13977,True
13986,True
13988,True
13990,True
13995,True
14001,True
1401,True
14010,True
14015,True
1402,True
14020,True
14021,True
14022,True
14024,True
14025,True
14026,True
14027,True
1403,True
14030,True
14031,True
14032,True
14033,True
1404,True
14040,True
1405,True
14050,True
14051,True
14055,True
14056,True
14057,True
1406,True
14060,True
14061,True
14062,True
14065,True
14066,True
1407,True
14070,True
14071,True
14072,True
14073,True
14075,True
14076,True
14077,True
14078,True
14079,True
1408,True
14080,True
14085,True
1409,True
14090,True
14091,True
14092,True
14093,True
14094,True
14095,True
14096,True
14097,True
14098,True
1410,True
1411,True
14110,True
14115,True
1412,True
14120,True
1413,True
1414,True
14140,True
14141,True
1415,True
14150,True
14151,True
1416,True
14160,True
14161,True
14164,True
14165,True
14166,True
14169,True
1417,True
14170,True
14171,True
14173,True
14175,True
14176,True
14177,True
14178,True
14179,True
1418,True
14180,True
14185,True
1419,True
1420,True
14200,True
1421,True
14210,True
1422,True
14220,True
1423,True
14230,True
1424,True
14240,True
1425,True
14250,True
1426,True
14260,True
1427,True
14270,True
1428,True
1429,True
1430,True
14300,True
14305,True
14307,True
1431,True
14312,True
14315,True
1432,True
1433,True
1434,True
14340,True
1435,True
14350,True
1436,True
1437,True
1438,True
1439,True
14390,True
1440,True
14400,True
14401,True
14402,True
14403,True
14404,True
14405,True
14406,True
14407,True
14408,True
14409,True
1441,True
14410,True
14412,True
14415,True
1442,True
14420,True
1443,True
14430,True
1444,True
14440,True
14445,True
1445,True
14450,True
1446,True
14460,True
1447,True
14470,True
1448,True
1449,True
14490,True
1450,True
14500,True
14505,True
1451,True
1452,True
1453,True
14530,True
1454,True
14540,True
1455,True
14550,True
1456,True
1457,True
14570,True
14580,True
14590,True
14600,True
14610,True
14620,True
14640,True
14660,True
14670,True
14680,True
14690,True
14700,True
14701,True
14702,True
14704,True
14706,True
14707,True
14708,True
14709,True
14710,True
14711,True
14713,True
14715,True
14716,True
14718,True
1472,True
14720,True
14725,True
14730,True
14733,True
14735,True
14740,True
14745,True
14750,True
14760,True
14765,True
14770,True
14775,True
14780,True
14781,True
14783,True
14784,True
14785,True
14786,True
14787,True
14789,True
14790,True
14795,True
14800,True
14801,True
14802,True
14803,True
14804,True
14805,True
14806,True
14807,True
14808,True
14809,True
14810,True
14811,True
14813,True
14815,True
14820,True
14825,True
14830,True
14835,True
14840,True
14850,True
14860,True
14870,True
14871,True
14875,True
14876,True
14882,True
14883,True
14884,True
14887,True
1489,True
14890,True
14892,True
14896,True
14900,True
14904,True
14907,True
14910,True
14915,True
14920,True
14930,True
14935,True
14940,True
14955,True
14960,True
14980,True
14990,True
1501,True
15010,True
15013,True
15014,True
15015,True
1502,True
15020,True
15025,True
1503,True
15030,True
15035,True
15038,True
1504,True
15040,True
15041,True
15042,True
15043,True
15044,True
15045,True
15046,True
15047,True
15048,True
1505,True
15050,True
15051,True
15052,True
15053,True
15054,True
15055,True
15056,True
15057,True
1506,True
15060,True
15061,True
15062,True
15063,True
15064,True
1507,True
15070,True
15075,True
15076,True
15077,True
1508,True
15080,True
15081,True
15082,True
15084,True
15085,True
15086,True
1509,True
15090,True
15091,True
15092,True
15093,True
1510,True
15102,True
15104,True
15105,True
15108,True
1511,True
15110,True
15115,True
1512,True
15120,True
1513,True
15130,True
15131,True
15132,True
15133,True
15135,True
15137,True
15138,True
1514,True
15140,True
15145,True
15150,True
15154,True
15155,True
1516,True
15160,True
1517,True
15170,True
1518,True
15180,True
1519,True
15190,True
15195,True
1520,True
15200,True
1521,True
15210,True
15215,True
1522,True
15220,True
15225,True
1523,True
15230,True
1524,True
15240,True
1525,True
15250,True
1526,True
15260,True
15265,True
1527,True
15270,True
15275,True
1528,True
15280,True
15285,True
1529,True
15290,True
1530,True
15300,True
1531,True
15310,True
15313,True
15315,True
1532,True
15320,True
1533,True
15330,True
1534,True
15340,True
1535,True
15350,True
15355,True
1536,True
15360,True
15367,True
1537,True
15370,True
1538,True
15380,True
15385,True
1539,True
15390,True
15397,True
1540,True
15400,True
15405,True
1541,True
15410,True
15417,True
1542,True
15420,True
15425,True
1543,True
15430,True
1544,True
15440,True
1545,True
15450,True
1546,True
15460,True
1547,True
15470,True
1548,True
15480,True
1549,True
15490,True
15495,True
1550,True
15500,True
15501,True
15502,True
15503,True
15504,True
15505,True
15506,True
15507,True
1551,True
15515,True
1552,True
15520,True
15525,True
1553,True
15530,True
15540,True
15545,True
15550,True
15560,True
15570,True
15580,True
15600,True
15601,True
15603,True
15604,True
15607,True
15608,True
15610,True
15612,True
15617,True
15620,True
15625,True
15630,True
15640,True
15650,True
15670,True
15680,True
15685,True
15690,True
15700,True
15703,True
15704,True
15706,True
15707,True
15708,True
15710,True
15713,True
15715,True
15718,True
15720,True
15730,True
15735,True
15740,True
15745,True
15748,True
15750,True
15755,True
15760,True
15763,True
15765,True
15768,True
15770,True
15773,True
15775,True
15780,True
15785,True
15790,True
15800,True
15801,True
15802,True
15803,True
15804,True
15805,True
15806,True
15807,True
15808,True
15809,True
15810,True
15811,True
15812,True
15813,True
15816,True
15820,True
15823,True
15825,True
15828,True
15830,True
15835,True
15840,True
15845,True
15850,True
15855,True
15860,True
15868,True
15870,True
15880,True
15885,True
15890,True
15895,True
15900,True
15903,True
15905,True
15910,True
15915,True
15920,True
15930,True
15940,True
15945,True
15950,True
15953,True
15960,True
15970,True
15980,True
15990,True
15991,True
15993,True
15995,True
15996,True
15997,True
15999,True
16010,True
16011,True
16012,True
16013,True
16015,True
16016,True
16018,True
16020,True
16021,True
16022,True
16023,True
16025,True
16026,True
16050,True
16052,True
16055,True
16056,True
16057,True
16058,True
16067,True
16070,True
16071,True
16072,True
16074,True
16075,True
16076,True
16078,True
16080,True
16087,True
16130,True
16200,True
16201,True
16202,True
16203,True
16204,True
16205,True
16206,True
16207,True
16208,True
16210,True
16220,True
16230,True
16240,True
16250,True
16260,True
16265,True
16270,True
16280,True
16290,True
16300,True
16301,True
16303,True
16304,True
16305,True
16306,True
16308,True
16309,True
16310,True
16340,True
16350,True
16360,True
16370,True
16400,True
16401,True
16402,True
16403,True
16404,True
16406,True
16430,True
16440,True
16450,True
16480,True
16500,True
16510,True
16570,True
16600,True
16640,True
16650,True
16660,True
16670,True
16680,True
16700,True
16750,True
16790,True
16800,True
16830,True
16850,True
16880,True
16900,True
16901,True
16902,True
16903,True
16905,True
16920,True
16940,True
16950,True
16980,True
17010,True
17011,True
17012,True
17013,True
17014,True
17015,True
17016,True
17017,True
17018,True
17020,True
17021,True
17022,True
17023,True
17024,True
17025,True
17026,True
17027,True
17030,True
17031,True
17032,True
17033,True
17034,True
17035,True
17037,True
17039,True
17047,True
17048,True
17050,True
17051,True
17052,True
17053,True
17054,True
17055,True
17056,True
17057,True
17060,True
17063,True
17064,True
17065,True
17066,True
17067,True
17110,True
17120,True
17123,True
17128,True
17132,True
17150,True
17160,True
17170,True
17180,True
17190,True
17201,True
17202,True
17203,True
17204,True
17205,True
17206,True
17207,True
17208,True
17209,True
17210,True
17211,True
17212,True
17213,True
17214,True
17215,True
17220,True
17230,True
17240,True
17250,True
17260,True
17270,True
17280,True
17285,True
17288,True
17290,True
17300,True
17310,True
17320,True
17340,True
17350,True
17360,True
17370,True
17380,True
17400,True
17405,True
17410,True
17420,True
17430,True
17440,True
17450,True
17455,True
17470,True
17475,True
17479,True
17480,True
17490,True
17492,True
17495,True
17498,True
17500,True
17501,True
17502,True
17503,True
17504,True
17505,True
17506,True
17507,True
17509,True
17510,True
17511,True
17512,True
17513,True
17514,True
17515,True
17516,True
17519,True
17520,True
17521,True
17522,True
17523,True
17524,True
17525,True
17526,True
17527,True
17532,True
17533,True
17539,True
17540,True
17550,True
17560,True
17570,True
17580,True
17590,True
17600,True
17601,True
17602,True
17603,True
17604,True
17605,True
17606,True
17607,True
17610,True
17625,True
17630,True
17650,True
17670,True
17680,True
17690,True
17700,True
17710,True
17720,True
17730,True
17740,True
17760,True
17780,True
17790,True
17800,True
17810,True
17830,True
17860,True
17870,True
17880,True
17890,True
17900,True
17905,True
17920,True
17930,True
17940,True
17950,True
17960,True
17970,True
17980,True
17990,True
18010,True
18013,True
18015,True
18016,True
18017,True
18020,True
18021,True
18022,True
18023,True
18025,True
18030,True
18031,True
18035,True
18040,True
18043,True
18044,True
18045,True
18046,True
18047,True
18048,True
18050,True
18051,True
18052,True
18053,True
18054,True
18055,True
18056,True
18057,True
18060,True
18061,True
18065,True
18066,True
18070,True
18071,True
18072,True
18073,True
18074,True
18075,True
18076,True
18077,True
18078,True
18079,True
18080,True
18081,True
18084,True
18085,True
18086,True
18087,True
18090,True
18095,True
18103,True
18104,True
18105,True
18108,True
18110,True
18111,True
18112,True
18113,True
18114,True
18115,True
18116,True
18117,True
18118,True
18119,True
18120,True
18125,True
18130,True
18131,True
18132,True
18133,True
18134,True
18135,True
18136,True
18140,True
18143,True
18145,True
18147,True
18150,True
18155,True
18160,True
18170,True
18180,True
18185,True
18190,True
18195,True
18200,True
18201,True
18202,True
18203,True
18204,True
18205,True
18206,True
18207,True
18208,True
18209,True
18210,True
18211,True
18212,True
18213,True
18214,True
18215,True
18216,True
18217,True
18218,True
18220,True
18225,True
18230,True
18240,True
18243,True
18245,True
18250,True
18255,True
18260,True
18265,True
18270,True
18271,True
18272,True
18273,True
18274,True
18275,True
18276,True
18277,True
18278,True
18279,True
18280,True
18285,True
18290,True
18300,True
18301,True
18302,True
18303,True
18304,True
18305,True
18306,True
18307,True
18310,True
18315,True
18320,True
18325,True
18330,True
18360,True
18380,True
18385,True
18400,True
18401,True
18402,True
18403,True
18404,True
18405,True
18406,True
18407,True
18408,True
18409,True
18410,True
18411,True
18412,True
18420,True
18425,True
18430,True
18435,True
18440,True
18460,True
18470,True
18475,True
18480,True
18490,True
18500,True
18510,True
18520,True
18530,True
18535,True
18540,True
18550,True
18560,True
18570,True
18580,True
18590,True
18600,True
18601,True
18602,True
18603,True
18604,True
18605,True
18606,True
18607,True
18608,True
18609,True
18610,True
18611,True
18615,True
18618,True
18619,True
18620,True
18630,True
18640,True
18650,True
18655,True
18660,True
18670,True
18675,True
18680,True
18681,True
18682,True
18683,True
18684,True
18685,True
18686,True
18688,True
18690,True
18700,True
18701,True
18702,True
18703,True
18704,True
18705,True
18706,True
18707,True
18708,True
18710,True
18720,True
18725,True
18730,True
18740,True
18745,True
18760,True
18770,True
18775,True
18780,True
18790,True
18800,True
18830,True
18840,True
18860,True
18870,True
18890,True
18900,True
18910,True
18915,True
18935,True
18940,True
18950,True
18960,True
18970,True
18980,True
18990,True
19010,True
19013,True
19014,True
19015,True
19020,True
19023,True
19024,True
19025,True
19026,True
19027,True
19028,True
19029,True
19030,True
19031,True
19033,True
19034,True
19035,True
19036,True
19040,True
19041,True
19042,True
19043,True
19045,True
19046,True
19050,True
19051,True
19053,True
19057,True
19060,True
19061,True
19062,True
19063,True
19064,True
19065,True
19066,True
19067,True
19068,True
19070,True
19085,True
19097,True
19100,True
19110,True
19120,True
19130,True
19140,True
19160,True
19180,True
19190,True
19200,True
19210,True
19220,True
19230,True
19250,True
19260,True
19265,True
19270,True
19273,True
19274,True
19275,True
19280,True
19295,True
19300,True
19330,True
19350,True
19360,True
19380,True
19400,True
19410,True
19430,True
19450,True
19470,True
19490,True
19500,True
19505,True
19530,True
19540,True
19560,True
19570,True
19575,True
19580,True
19590,True
19600,True
19610,True
19620,True
19640,True
19645,True
19680,True
19700,True
19750,True
19770,True
19780,True
19800,True
19801,True
19802,True
19803,True
19804,True
19806,True
19807,True
19810,True
19812,True
19813,True
19814,True
19815,True
19816,True
19820,True
19830,True
19840,True
19845,True
19860,True
19865,True
19870,True
19880,True
19882,True
19885,True
19900,True
19901,True
19902,True
19904,True
19905,True
19906,True
19907,True
19908,True
19909,True
19910,True
19911,True
19912,True
19913,True
19914,True
19915,True
19920,True
19930,True
19940,True
19960,True
19970,True
19990,True
20010,True
20011,True
20020,True
20021,True
20030,True
20031,True
20040,True
20041,True
20050,True
20051,True
20056,True
20060,True
20061,True
20070,True
20071,True
20080,True
20081,True
2009,True
20090,True
20091,True
2010,True
2011,True
2012,True
2013,True
2016,True
2017,True
2018,True
2019,True
2020,True
20203,True
2021,True
20210,True
20211,True
2022,True
20220,True
20221,True
20230,True
20231,True
20240,True
20241,True
20250,True
20251,True
20260,True
20261,True
20270,True
20271,True
2028,True
2029,True
2030,True
2031,True
2032,True
2033,True
2034,True
2035,True
20350,True
2036,True
2037,True
2038,True
2039,True
20396,True
20397,True
2040,True
2041,True
2042,True
2043,True
2044,True
2045,True
2046,True
2047,True
2049,True
2050,True
2051,True
20510,True
20511,True
2052,True
20520,True
20521,True
2053,True
20530,True
20531,True
20535,True
2054,True
20540,True
20541,True
2055,True
20550,True
20551,True
2056,True
20560,True
20561,True
2060,True
2064,True
2065,True
2066,True
2067,True
2068,True
2069,True
2071,True
20710,True
20715,True
2072,True
20720,True
20723,True
20725,True
2073,True
20730,True
20735,True
2074,True
20740,True
20745,True
20746,True
2075,True
20750,True
20751,True
20755,True
20756,True
2076,True
20760,True
20761,True
20765,True
20766,True
2077,True
20770,True
20771,True
20775,True
20776,True
2078,True
20780,True
20785,True
2079,True
2080,True
2081,True
2082,True
2083,True
2084,True
2085,True
2088,True
2089,True
20910,True
20911,True
20920,True
20921,True
20930,True
20931,True
20932,True
20940,True
20941,True
20943,True
20950,True
20960,True
20961,True
20970,True
20972,True
20973,True
20975,True
21010,True
21011,True
21012,True
21020,True
21021,True
21030,True
21031,True
21032,True
21040,True
21041,True
21042,True
21043,True
21044,True
21046,True
21050,True
21051,True
21060,True
21061,True
21065,True
21070,True
21071,True
21072,True
21073,True
2110,True
2111,True
2112,True
2113,True
2114,True
2115,True
2116,True
2117,True
2118,True
2119,True
2120,True
21200,True
2121,True
21210,True
21211,True
21215,True
2122,True
21220,True
21221,True
2123,True
21230,True
21231,True
21235,True
21236,True
2124,True
21240,True
21241,True
2125,True
21250,True
2126,True
2127,True
2128,True
2129,True
2130,True
2131,True
21310,True
21311,True
2132,True
21320,True
21321,True
2133,True
21330,True
21331,True
2134,True
21340,True
21341,True
2135,True
21350,True
21351,True
2136,True
21360,True
21361,True
2137,True
21370,True
21371,True
2138,True
21380,True
21381,True
2139,True
2141,True
2142,True
2143,True
2144,True
21440,True
2145,True
2146,True
2147,True
2150,True
2151,True
21510,True
21511,True
21512,True
21515,True
2152,True
21520,True
21521,True
21525,True
21530,True
21531,True
21532,True
21535,True
21540,True
21545,True
21550,True
21555,True
21557,True
2161,True
21610,True
21615,True
21616,True
2162,True
21620,True
21625,True
21630,True
21635,True
21640,True
21645,True
21650,True
21655,True
2166,True
21660,True
21665,True
2167,True
21670,True
21675,True
2168,True
2169,True
2170,True
21710,True
21715,True
21720,True
21721,True
21725,True
21730,True
21735,True
2174,True
21740,True
21741,True
21745,True
21746,True
2175,True
21750,True
21755,True
2176,True
21760,True
21765,True
2177,True
21770,True
21775,True
2178,True
21785,True
2179,True
2180,True
2181,True
21810,True
21815,True
21820,True
21825,True
21830,True
21831,True
21832,True
21833,True
21840,True
21842,True
21843,True
21845,True
2185,True
21850,True
21852,True
21853,True
21854,True
2186,True
21860,True
21862,True
21863,True
21864,True
21865,True
21866,True
2187,True
21870,True
21875,True
2188,True
2189,True
2190,True
21910,True
21911,True
21920,True
21921,True
21922,True
21930,True
21931,True
21932,True
21940,True
21941,True
21950,True
22003,True
2201,True
22010,True
22011,True
2202,True
22020,True
22021,True
2203,True
22030,True
22031,True
2204,True
22040,True
22041,True
2205,True
22050,True
22051,True
2206,True
22060,True
22061,True
2207,True
22070,True
22071,True
2208,True
22080,True
22081,True
2209,True
2210,True
2211,True
2212,True
2213,True
2214,True
2215,True
2216,True
2217,True
2218,True
2219,True
2220,True
2221,True
22210,True
22211,True
2222,True
22220,True
22221,True
2223,True
22230,True
22231,True
2224,True
22240,True
22241,True
22245,True
2225,True
22250,True
22251,True
22252,True
2226,True
22260,True
22261,True
2227,True
22270,True
22271,True
2228,True
22280,True
22281,True
22283,True
2229,True
22290,True
22291,True
2230,True
2231,True
2232,True
2233,True
2234,True
2235,True
2236,True
2237,True
2238,True
2239,True
2240,True
2241,True
22410,True
22411,True
2242,True
22420,True
22421,True
2243,True
22430,True
22431,True
2244,True
22440,True
22441,True
2245,True
22450,True
22451,True
22452,True
22453,True
2246,True
22460,True
22461,True
2247,True
22470,True
22471,True
22473,True
2248,True
2249,True
2250,True
2251,True
2252,True
2253,True
2254,True
2255,True
2256,True
2257,True
2258,True
2259,True
2260,True
22600,True
2261,True
22610,True
22611,True
2262,True
22620,True
22621,True
2263,True
22630,True
22631,True
2264,True
22640,True
22641,True
2265,True
2266,True
2267,True
2268,True
2269,True
2270,True
2271,True
22710,True
22711,True
22713,True
22715,True
2272,True
22720,True
22723,True
22725,True
2273,True
22730,True
22733,True
22735,True
2274,True
22740,True
22743,True
22745,True
2275,True
22750,True
22753,True
22755,True
2276,True
22760,True
22763,True
22765,True
2277,True
22770,True
22772,True
22773,True
22775,True
22776,True
22778,True
2278,True
22780,True
22783,True
22785,True
2279,True
22790,True
22793,True
22795,True
2280,True
2281,True
2282,True
2284,True
2286,True
2288,True
2289,True
2290,True
2301,True
23010,True
23012,True
23013,True
23015,True
23016,True
23017,True
2302,True
23020,True
23025,True
23026,True
23027,True
23028,True
2303,True
23030,True
23031,True
23032,True
23033,True
23035,True
23036,True
2304,True
23040,True
23042,True
23045,True
23047,True
2305,True
23050,True
23052,True
23055,True
23056,True
23057,True
23058,True
23059,True
2306,True
23060,True
23061,True
23062,True
23063,True
23064,True
23065,True
23066,True
23067,True
23068,True
2307,True
23070,True
23071,True
23073,True
23075,True
23076,True
23078,True
2308,True
23080,True
23081,True
23082,True
23085,True
23087,True
23088,True
2309,True
23090,True
23092,True
23093,True
23094,True
23095,True
23097,True
23098,True
2310,True
2311,True
2312,True
2313,True
2314,True
2315,True
2316,True
2317,True
2318,True
2319,True
2320,True
2321,True
2322,True
2323,True
2324,True
2325,True
2326,True
2327,True
2328,True
2329,True
2330,True
2331,True
2332,True
2333,True
2334,True
2335,True
2336,True
2337,True
2338,True
2339,True
2340,True
2341,True
2342,True
2343,True
2344,True
2345,True
2346,True
2347,True
2348,True
2349,True
2350,True
2351,True
23510,True
23515,True
2352,True
23520,True
23525,True
2353,True
23530,True
23535,True
2354,True
23540,True
23545,True
23547,True
2355,True
23550,True
23555,True
2356,True
23560,True
23565,True
2357,True
23570,True
23573,True
23575,True
2358,True
23580,True
23585,True
23587,True
2359,True
23590,True
23591,True
23595,True
2360,True
2361,True
2362,True
2363,True
2364,True
2365,True
2366,True
2367,True
2368,True
2370,True
2371,True
2372,True
2373,True
2374,True
2375,True
2376,True
2377,True
2378,True
23810,True
23811,True
23812,True
23815,True
23819,True
23820,True
23821,True
23822,True
23823,True
23825,True
23826,True
23830,True
23831,True
23832,True
23835,True
23855,True
23860,True
23870,True
23880,True
23885,True
23890,True
23891,True
23893,True
23894,True
23895,True
23897,True
23898,True
23900,True
23902,True
23903,True
23904,True
23905,True
23906,True
23907,True
23909,True
23910,True
23911,True
23912,True
23913,True
23914,True
23915,True
23916,True
23917,True
23918,True
23931,True
23932,True
23933,True
23934,True
23935,True
23936,True
23937,True
23940,True
23942,True
23943,True
23944,True
23946,True
23950,True
23951,True
23952,True
23953,True
23954,True
23955,True
23968,True
23970,True
23972,True
24005,True
24007,True
24008,True
24009,True
2401,True
2402,True
24020,True
24022,True
24027,True
2403,True
24030,True
2404,True
24040,True
2405,True
24050,True
2406,True
24060,True
2407,True
24070,True
2408,True
2409,True
2410,True
2411,True
24110,True
24111,True
24119,True
24120,True
2413,True
24130,True
24140,True
24141,True
2415,True
2416,True
2417,True
2418,True
2419,True
2420,True
24202,True
2421,True
24210,True
24211,True
2422,True
24220,True
2423,True
24230,True
24240,True
24241,True
2430,True
2431,True
24310,True
24315,True
2432,True
24320,True
24322,True
24325,True
2433,True
24330,True
2434,True
24340,True
24342,True
24344,True
24346,True
24348,True
2435,True
24350,True
24355,True
24358,True
2436,True
24360,True
24365,True
24370,True
2440,True
24400,True
2441,True
24410,True
24411,True
24412,True
24415,True
24416,True
24417,True
2442,True
24420,True
24421,True
24422,True
24425,True
24426,True
2443,True
24430,True
24431,True
24435,True
24436,True
24440,True
24445,True
24450,True
24451,True
24452,True
24455,True
24456,True
24457,True
24460,True
24461,True
24465,True
24466,True
24467,True
24470,True
24471,True
24472,True
24473,True
24474,True
24475,True
24476,True
2450,True
2451,True
2452,True
2460,True
2461,True
2462,True
2463,True
2464,True
2465,True
2466,True
2467,True
2468,True
2469,True
2470,True
2471,True
24710,True
24711,True
24715,True
24716,True
24717,True
2472,True
24720,True
24721,True
24722,True
24723,True
24724,True
24725,True
24726,True
24727,True
2473,True
24730,True
24731,True
24732,True
24733,True
24734,True
24735,True
24736,True
24737,True
24738,True
2474,True
24740,True
24741,True
24742,True
24743,True
24744,True
24745,True
24746,True
2475,True
24750,True
24751,True
24752,True
24753,True
24754,True
24755,True
24756,True
2478,True
2479,True
24800,True
24801,True
24802,True
24803,True
24804,True
24805,True
24806,True
24808,True
24809,True
24812,True
24813,True
24815,True
24830,True
24840,True
24845,True
24846,True
24850,True
24851,True
24855,True
24856,True
24857,True
24858,True
24859,True
24860,True
24865,True
24866,True
24867,True
24868,True
24875,True
24876,True
24877,True
24890,True
24900,True
24901,True
24902,True
24903,True
24904,True
24905,True
24908,True
24909,True
24910,True
24911,True
24912,True
24913,True
24914,True
24915,True
24916,True
24917,True
24921,True
24922,True
24923,True
24924,True
24927,True
24930,True
24931,True
24932,True
24933,True
24934,True
24935,True
24936,True
24937,True
24938,True
24939,True
24940,True
24941,True
24942,True
24943,True
24944,True
2501,True
25010,True
25011,True
25015,True
25020,True
25025,True
25030,True
25035,True
25036,True
25040,True
25041,True
25042,True
25044,True
25045,True
25046,True
25050,True
25051,True
25055,True
25056,True
25060,True
25065,True
25070,True
25071,True
25075,True
2508,True
25080,True
25081,True
25085,True
25086,True
2510,True
2511,True
2512,True
2513,True
2514,True
2515,True
2516,True
2517,True
2518,True
2519,True
2520,True
2521,True
25211,True
25212,True
25213,True
25214,True
25215,True
2522,True
25220,True
25221,True
25222,True
25223,True
25225,True
2523,True
25230,True
25231,True
25233,True
25235,True
25237,True
2524,True
25240,True
25241,True
25243,True
25245,True
2525,True
25250,True
25251,True
25253,True
25255,True
2526,True
25260,True
25261,True
25264,True
25265,True
25266,True
25267,True
25268,True
25270,True
25271,True
25272,True
25275,True
2530,True
2531,True
2532,True
2533,True
2534,True
2535,True
2536,True
2537,True
2538,True
2539,True
2540,True
2541,True
2542,True
2543,True
2544,True
2545,True
2546,True
2550,True
2551,True
25510,True
25515,True
2552,True
25520,True
25525,True
2553,True
25530,True
25535,True
2554,True
25540,True
25545,True
2555,True
25550,True
25555,True
2556,True
25560,True
25561,True
25565,True
2557,True
25570,True
25571,True
25575,True
25576,True
2558,True
25580,True
25581,True
25585,True
25586,True
2559,True
2560,True
2561,True
25610,True
25615,True
2562,True
25620,True
25625,True
2563,True
25630,True
25635,True
25638,True
2564,True
25640,True
25645,True
2565,True
25650,True
25651,True
25655,True
2566,True
25660,True
25665,True
2567,True
25670,True
25675,True
25680,True
25684,True
25685,True
25689,True
25710,True
25715,True
25716,True
25720,True
25725,True
25730,True
25740,True
25745,True
25750,True
25755,True
2577,True
25770,True
25780,True
25802,True
25803,True
25804,True
25805,True
25806,True
25807,True
25808,True
25809,True
25810,True
25811,True
25812,True
25815,True
25820,True
25821,True
25845,True
25850,True
25860,True
25870,True
25875,True
25880,True
25882,True
25884,True
25886,True
25887,True
25900,True
25901,True
25902,True
25903,True
25904,True
25905,True
25907,True
25908,True
25911,True
25912,True
25914,True
25915,True
25916,True
25917,True
25920,True
25921,True
25922,True
25924,True
25925,True
25926,True
25927,True
25928,True
25930,True
25931,True
25932,True
25933,True
25935,True
25936,True
25937,True
25938,True
25940,True
25941,True
25942,True
25943,True
25945,True
25946,True
25947,True
25948,True
25949,True
25953,True
25954,True
25955,True
25956,True
25957,True
25958,True
25959,True
25960,True
25961,True
25963,True
25964,True
25965,True
25966,True
25970,True
25973,True
25974,True
25975,True
25976,True
25977,True
2598,True
25980,True
25985,True
25990,True
25995,True
26010,True
26011,True
26012,True
26013,True
26014,True
26015,True
26020,True
26021,True
26022,True
26023,True
26025,True
26030,True
26031,True
26032,True
26033,True
26035,True
26040,True
26041,True
26042,True
26043,True
26050,True
26051,True
26052,True
26053,True
26055,True
26060,True
26061,True
26062,True
26063,True
26064,True
26065,True
26070,True
26080,True
26082,True
26083,True
26084,True
26085,True
26086,True
26087,True
26088,True
26089,True
26092,True
26099,True
2610,True
2611,True
26110,True
26112,True
26113,True
26115,True
26116,True
2612,True
26120,True
26123,True
26125,True
26127,True
2613,True
26130,True
26131,True
26135,True
2614,True
26140,True
26143,True
26145,True
2615,True
26150,True
26153,True
26155,True
26157,True
2616,True
26160,True
26163,True
26165,True
26167,True
2617,True
26170,True
26171,True
26172,True
26173,True
26175,True
26176,True
26177,True
26178,True
2618,True
26180,True
26182,True
26183,True
26185,True
26187,True
26190,True
26193,True
26195,True
26196,True
26210,True
26215,True
26216,True
26220,True
26221,True
26225,True
26230,True
26250,True
26255,True
26256,True
26260,True
26261,True
26262,True
26263,True
26265,True
26266,True
26270,True
26271,True
26272,True
26275,True
26276,True
26277,True
26278,True
26279,True
26280,True
26281,True
26282,True
26285,True
26286,True
26290,True
26291,True
26292,True
26293,True
26294,True
26295,True
26296,True
26297,True
26298,True
26299,True
2630,True
2631,True
26310,True
26311,True
26313,True
26315,True
26316,True
26317,True
2632,True
26320,True
26321,True
26323,True
26325,True
26327,True
2633,True
26330,True
2634,True
26343,True
2635,True
26357,True
2636,True
2637,True
26373,True
26375,True
26376,True
26377,True
26379,True
26380,True
26381,True
26382,True
26383,True
26385,True
26387,True
26393,True
26410,True
26413,True
26415,True
26420,True
26423,True
26425,True
2643,True
26430,True
26433,True
26435,True
26440,True
26443,True
26445,True
26450,True
26453,True
26455,True
26460,True
26463,True
26465,True
26470,True
26473,True
26475,True
26480,True
2649,True
2650,True
2651,True
26510,True
26511,True
26515,True
2652,True
26520,True
26521,True
26525,True
26526,True
2653,True
26530,True
26535,True
26540,True
26545,True
26550,True
26551,True
26553,True
26554,True
26556,True
26557,True
26560,True
26562,True
26564,True
26570,True
26572,True
26574,True
26580,True
26582,True
26584,True
26585,True
26587,True
26600,True
26650,True
26660,True
2670,True
26700,True
2671,True
2672,True
2673,True
2674,True
2675,True
2676,True
2677,True
2678,True
2679,True
2680,True
26900,True
26910,True
26920,True
26950,True
26980,True
2701,True
2710,True
27110,True
27113,True
27115,True
2712,True
27120,True
27123,True
2713,True
27130,True
27135,True
2714,True
27140,True
27143,True
27145,True
2715,True
27150,True
27155,True
2716,True
27160,True
27163,True
27165,True
2717,True
27170,True
27175,True
27185,True
27195,True
27197,True
2720,True
2721,True
27210,True
27211,True
27212,True
27213,True
27214,True
27215,True
2722,True
27220,True
2723,True
27230,True
2724,True
27240,True
2725,True
27250,True
27251,True
27253,True
27255,True
27256,True
27257,True
27258,True
27259,True
2726,True
27260,True
27261,True
27262,True
27263,True
27264,True
27265,True
27267,True
2727,True
27273,True
27274,True
27275,True
27276,True
27277,True
27278,True
27279,True
2728,True
27280,True
27281,True
27283,True
27285,True
27286,True
27288,True
2729,True
2730,True
2731,True
27310,True
27313,True
2732,True
27320,True
27321,True
27322,True
27323,True
27325,True
2733,True
27330,True
27331,True
27332,True
27333,True
27335,True
27336,True
27337,True
27338,True
2734,True
27340,True
27343,True
27345,True
27347,True
2735,True
27350,True
27351,True
27353,True
2736,True
27360,True
27365,True
2737,True
2738,True
2739,True
27410,True
27420,True
27430,True
27460,True
27465,True
27470,True
27475,True
2750,True
2751,True
27510,True
27511,True
27512,True
27513,True
27514,True
27515,True
27516,True
2752,True
27520,True
27521,True
27522,True
27523,True
27524,True
27525,True
2753,True
27532,True
27533,True
27534,True
27535,True
27536,True
27537,True
2754,True
27540,True
27541,True
27542,True
2755,True
27553,True
27555,True
2756,True
2757,True
27570,True
2758,True
27580,True
2759,True
27598,True
2760,True
27600,True
2762,True
2763,True
2764,True
27640,True
2765,True
27650,True
27655,True
27657,True
27660,True
27665,True
27690,True
27700,True
27770,True
27900,True
27910,True
27913,True
27915,True
27916,True
27920,True
27923,True
27925,True
27930,True
27933,True
27935,True
27936,True
27937,True
27940,True
27943,True
27944,True
27945,True
27946,True
27947,True
27948,True
27950,True
27953,True
27955,True
27960,True
27961,True
27963,True
27964,True
27965,True
27966,True
27970,True
27971,True
27972,True
27973,True
27975,True
27979,True
27985,True
27987,True
27995,True
27998,True
2801,True
28010,True
28013,True
28015,True
28016,True
2802,True
28020,True
28021,True
28022,True
28024,True
28025,True
28026,True
28027,True
2803,True
28030,True
28035,True
2804,True
28040,True
2805,True
28050,True
28051,True
28053,True
28055,True
28057,True
2806,True
28060,True
2807,True
28070,True
28073,True
2808,True
28080,True
28083,True
28085,True
2809,True
28090,True
28093,True
28095,True
2810,True
2811,True
28110,True
2812,True
2813,True
2814,True
28140,True
28143,True
28145,True
28148,True
2815,True
28155,True
2816,True
28165,True
2817,True
28175,True
28178,True
28180,True
2820,True
28200,True
28220,True
28230,True
28250,True
2829,True
28300,True
2831,True
2832,True
2833,True
28330,True
28333,True
2834,True
28340,True
28348,True
2835,True
28350,True
2836,True
28360,True
28368,True
2837,True
28372,True
28375,True
28380,True
2839,True
28390,True
28396,True
28398,True
2840,True
28400,True
28405,True
2841,True
28415,True
2842,True
28420,True
28425,True
28430,True
28435,True
2844,True
2845,True
28450,True
28455,True
2846,True
28460,True
28463,True
2847,True
28470,True
2848,True
2849,True
28490,True
28495,True
2850,True
28500,True
2851,True
28510,True
28525,True
2853,True
2854,True
28540,True
28545,True
2855,True
28550,True
28555,True
28557,True
2856,True
2857,True
28570,True
2858,True
28580,True
2859,True
28595,True
2860,True
28605,True
2861,True
28610,True
28611,True
28613,True
28614,True
28615,True
28616,True
2862,True
28620,True
28621,True
28623,True
28625,True
2863,True
28630,True
28633,True
28634,True
28635,True
28637,True
2864,True
28640,True
28644,True
2865,True
28650,True
2866,True
28660,True
28662,True
28664,True
2867,True
28680,True
28685,True
28695,True
2870,True
2871,True
2872,True
2873,True
28735,True
2874,True
28740,True
2875,True
28750,True
28755,True
2876,True
2877,True
28770,True
28779,True
2878,True
2879,True
2880,True
28800,True
2881,True
28810,True
2882,True
28820,True
2883,True
28860,True
2888,True
28880,True
28890,True
28891,True
28892,True
28893,True
28894,True
28895,True
28896,True
28897,True
28898,True
28899,True
28900,True
28905,True
28906,True
28907,True
28908,True
28909,True
28910,True
28911,True
28912,True
28913,True
28915,True
28920,True
28921,True
28922,True
28923,True
28924,True
28925,True
28926,True
28927,True
28928,True
28929,True
28930,True
28940,True
28941,True
28942,True
28943,True
28944,True
28945,True
28948,True
28949,True
28950,True
28960,True
28970,True
28980,True
28990,True
28991,True
28992,True
28993,True
28994,True
28995,True
28997,True
28998,True
28999,True
29001,True
29010,True
29014,True
29015,True
29016,True
29017,True
29018,True
29020,True
29023,True
29024,True
29025,True
29026,True
29027,True
29030,True
29031,True
29032,True
29033,True
29040,True
29041,True
29042,True
29043,True
29045,True
29046,True
29047,True
29048,True
29050,True
29051,True
29052,True
29053,True
29055,True
29056,True
29057,True
29060,True
29062,True
29065,True
29066,True
29070,True
29072,True
29075,True
2908,True
2909,True
29090,True
29092,True
2910,True
29100,True
29101,True
29102,True
29103,True
29104,True
29105,True
29106,True
29107,True
29108,True
29109,True
2911,True
29110,True
29111,True
29112,True
29113,True
29114,True
29115,True
29116,True
29117,True
29118,True
29119,True
2912,True
29120,True
29121,True
29122,True
29124,True
29125,True
29126,True
29127,True
29128,True
29129,True
2913,True
29130,True
29131,True
29132,True
29134,True
29135,True
29136,True
29137,True
29138,True
2914,True
29140,True
29141,True
29142,True
29143,True
29144,True
29145,True
29146,True
29147,True
29148,True
29149,True
2915,True
29150,True
29151,True
29152,True
29153,True
29154,True
29155,True
29156,True
29157,True
29158,True
2916,True
29160,True
29161,True
29162,True
29163,True
29164,True
29165,True
29166,True
29167,True
29168,True
29169,True
2917,True
29170,True
29171,True
29172,True
29173,True
29174,True
29175,True
29176,True
29177,True
29178,True
29179,True
2918,True
29180,True
29182,True
29185,True
29187,True
2919,True
29190,True
29192,True
29193,True
29194,True
29195,True
29197,True
29198,True
29199,True
2920,True
29200,True
29201,True
29202,True
29203,True
29206,True
29208,True
29209,True
2921,True
29210,True
29211,True
29212,True
29213,True
29214,True
29215,True
29216,True
29217,True
29220,True
29221,True
29222,True
29227,True
29230,True
2924,True
29240,True
2925,True
29255,True
29258,True
2926,True
29260,True
29263,True
2927,True
29273,True
29278,True
2928,True
29280,True
29285,True
2929,True
29290,True
29295,True
29297,True
2930,True
29300,True
29301,True
29302,True
29303,True
29304,True
29305,True
29306,True
29307,True
29308,True
29309,True
2931,True
29310,True
29311,True
29312,True
29313,True
29314,True
29315,True
29316,True
29317,True
2932,True
29321,True
29323,True
29325,True
29327,True
29328,True
29329,True
2933,True
29330,True
29338,True
2934,True
29345,True
2935,True
29350,True
2936,True
29360,True
2937,True
29370,True
29375,True
29378,True
2938,True
29380,True
29386,True
2939,True
29390,True
29395,True
29398,True
2940,True
29400,True
2941,True
2942,True
29420,True
2943,True
2944,True
2945,True
29450,True
29460,True
29470,True
29475,True
29480,True
29490,True
2950,True
29500,True
2951,True
29510,True
29515,True
2952,True
29520,True
29540,True
2955,True
29550,True
2956,True
29560,True
29564,True
2957,True
29580,True
2959,True
29590,True
2960,True
29600,True
29609,True
2961,True
29615,True
29619,True
2962,True
29620,True
2963,True
29630,True
2964,True
29640,True
29645,True
2965,True
29650,True
29654,True
2966,True
29660,True
29665,True
2967,True
29670,True
2968,True
29680,True
29687,True
2969,True
29690,True
29695,True
2970,True
29700,True
29701,True
29702,True
29703,True
29704,True
29705,True
29706,True
29707,True
29708,True
29709,True
2971,True
29712,True
29714,True
2972,True
29720,True
29724,True
29725,True
29730,True
29735,True
29737,True
29745,True
2975,True
29750,True
29752,True
29755,True
2976,True
29760,True
2977,True
29770,True
29772,True
2978,True
29780,True
29785,True
2979,True
29795,True
29800,True
29807,True
2981,True
29815,True
2982,True
29820,True
29822,True
29824,True
29826,True
2983,True
29830,True
2984,True
29843,True
29845,True
2985,True
29850,True
2986,True
2987,True
2988,True
29880,True
29884,True
29885,True
2989,True
29890,True
29894,True
2990,True
29900,True
29901,True
29902,True
29903,True
29904,True
29905,True
29906,True
29907,True
29908,True
29909,True
2991,True
29913,True
29918,True
2992,True
29920,True
29925,True
29927,True
2993,True
29930,True
29931,True
29932,True
29933,True
29934,True
29936,True
29937,True
29938,True
2994,True
29940,True
29941,True
29942,True
29943,True
29944,True
29945,True
29946,True
2995,True
29950,True
2996,True
29960,True
29965,True
29967,True
2997,True
29970,True
29978,True
2998,True
29980,True
29985,True
30001,True
3001,True
3002,True
3003,True
30035,True
3004,True
3005,True
3006,True
3007,True
3008,True
3009,True
3010,True
30108,True
3011,True
30110,True
30111,True
30112,True
3012,True
30120,True
3013,True
30130,True
3014,True
30140,True
3015,True
30150,True
3016,True
30160,True
30166,True
3017,True
30170,True
30171,True
3018,True
30180,True
30186,True
3019,True
30190,True
3020,True
3021,True
30210,True
3022,True
30220,True
3023,True
30230,True
3024,True
30240,True
3025,True
30250,True
3026,True
30260,True
3027,True
30270,True
3028,True
30280,True
30285,True
30286,True
3029,True
30290,True
30295,True
3030,True
3031,True
30310,True
30315,True
3032,True
30320,True
30328,True
3033,True
30330,True
30335,True
3034,True
3035,True
30350,True
3036,True
30360,True
30380,True
30390,True
3040,True
3041,True
30410,True
30411,True
3042,True
30420,True
30421,True
3043,True
30430,True
30431,True
3044,True
30441,True
3045,True
30451,True
30455,True
3046,True
30460,True
3047,True
30480,True
30490,True
30492,True
30493,True
30494,True
3050,True
3051,True
30510,True
30512,True
30514,True
30516,True
30518,True
3052,True
30520,True
30525,True
3053,True
30530,True
30532,True
30535,True
3054,True
30540,True
3055,True
30550,True
30555,True
3057,True
30570,True
30575,True
3058,True
30580,True
3059,True
30590,True
3060,True
3061,True
30610,True
3062,True
30620,True
30622,True
30624,True
30626,True
30627,True
30628,True
3063,True
3064,True
30640,True
30642,True
30644,True
3065,True
3066,True
30660,True
30662,True
30664,True
30666,True
30668,True
3067,True
30670,True
30672,True
3068,True
30686,True
3069,True
30690,True
30692,True
3070,True
3071,True
30710,True
3072,True
30720,True
3073,True
30730,True
3074,True
30750,True
3076,True
30760,True
3077,True
30770,True
30775,True
3080,True
3081,True
30810,True
30820,True
30830,True
3084,True
30840,True
3085,True
30850,True
30855,True
3086,True
30860,True
30865,True
3087,True
30870,True
3088,True
30880,True
30881,True
30882,True
3089,True
3090,True
3101,True
31010,True
31015,True
3102,True
3103,True
31030,True
31035,True
3104,True
3105,True
31050,True
3106,True
31060,True
3107,True
31070,True
3108,True
31080,True
3109,True
3110,True
3111,True
31110,True
3112,True
3113,True
31130,True
3114,True
31140,True
3115,True
31150,True
31155,True
3116,True
31160,True
3117,True
31170,True
3118,True
3119,True
3120,True
3121,True
31210,True
3122,True
3123,True
31230,True
31235,True
3124,True
3125,True
31250,True
31255,True
3126,True
31260,True
3127,True
31270,True
31275,True
3128,True
3129,True
3130,True
3131,True
31310,True
3132,True
31320,True
3133,True
31330,True
3134,True
31340,True
3135,True
3136,True
31360,True
31365,True
3137,True
31370,True
3138,True
3139,True
3140,True
3141,True
3142,True
3143,True
3144,True
3145,True
3146,True
3147,True
3149,True
3150,True
3151,True
31510,True
31515,True
3152,True
31520,True
31525,True
3153,True
31530,True
31535,True
3154,True
31540,True
31545,True
3155,True
31550,True
31555,True
3156,True
31560,True
31565,True
3157,True
31570,True
31573,True
31575,True
31578,True
3158,True
31580,True
31585,True
3159,True
3160,True
3161,True
31610,True
31615,True
3162,True
31620,True
3163,True
31630,True
3164,True
31640,True
3165,True
31650,True
31652,True
31655,True
3166,True
31660,True
3167,True
3168,True
31680,True
3169,True
3170,True
3171,True
31710,True
3172,True
31720,True
31725,True
3173,True
31730,True
3174,True
31741,True
31742,True
31744,True
31746,True
31748,True
31749,True
3175,True
3176,True
31760,True
31765,True
3177,True
3178,True
31785,True
3179,True
3180,True
3181,True
31810,True
31812,True
31814,True
3182,True
31820,True
3183,True
3184,True
31840,True
31842,True
31844,True
31845,True
31846,True
3185,True
3186,True
3187,True
31870,True
31872,True
3188,True
3189,True
3190,True
3191,True
31910,True
3192,True
31920,True
3193,True
31930,True
3194,True
3195,True
31950,True
31960,True
31970,True
31975,True
31980,True
31985,True
31990,True
31995,True
31998,True
3201,True
32010,True
32013,True
32015,True
32016,True
32017,True
3202,True
32020,True
32025,True
3203,True
3204,True
32040,True
32041,True
32042,True
32043,True
32044,True
32046,True
3205,True
32050,True
32051,True
32052,True
32055,True
3206,True
32060,True
32062,True
32065,True
3207,True
32070,True
32071,True
32072,True
32073,True
3208,True
3209,True
3210,True
3211,True
32110,True
32113,True
32115,True
3212,True
3213,True
3214,True
32140,True
32141,True
32143,True
32145,True
32146,True
3215,True
32150,True
32152,True
3216,True
32180,True
32181,True
32183,True
32185,True
32186,True
32187,True
3220,True
3221,True
32210,True
32215,True
3222,True
32220,True
32223,True
3223,True
32230,True
32235,True
3224,True
32240,True
32241,True
32242,True
3225,True
32250,True
3226,True
32260,True
32265,True
3227,True
32280,True
32285,True
3231,True
32310,True
32315,True
32340,True
32341,True
32342,True
3236,True
3237,True
32370,True
32371,True
32372,True
3238,True
3239,True
3240,True
32400,True
32404,True
32405,True
32407,True
3241,True
32410,True
32412,True
32415,True
32417,True
32419,True
3242,True
32420,True
32421,True
32422,True
32423,True
32424,True
32425,True
3243,True
32430,True
32431,True
32432,True
3244,True
32440,True
3245,True
32450,True
32470,True
3249,True
3250,True
3251,True
3252,True
3253,True
3254,True
3255,True
32553,True
3256,True
3257,True
3258,True
3259,True
3260,True
32600,True
32602,True
32603,True
32604,True
32605,True
32606,True
3261,True
32610,True
32611,True
32616,True
3262,True
32623,True
32625,True
32628,True
3263,True
32630,True
32634,True
32635,True
32639,True
3264,True
32640,True
32641,True
32642,True
32649,True
3265,True
32652,True
32653,True
32654,True
32655,True
32656,True
32657,True
32659,True
3266,True
32660,True
32661,True
32662,True
32664,True
32665,True
32666,True
32667,True
32668,True
32669,True
3267,True
32670,True
32671,True
32672,True
32673,True
32675,True
32676,True
32677,True
32678,True
3268,True
32681,True
32682,True
32684,True
32685,True
32687,True
32688,True
32689,True
3269,True
32690,True
3270,True
3271,True
3272,True
3273,True
3274,True
3275,True
3276,True
3277,True
3278,True
3279,True
3280,True
3281,True
3282,True
3283,True
3284,True
3286,True
3287,True
3288,True
3289,True
32900,True
32920,True
3294,True
3295,True
3301,True
33010,True
33015,True
33016,True
3302,True
33020,True
33022,True
33025,True
3303,True
33030,True
33035,True
3304,True
33040,True
33045,True
33048,True
3305,True
33054,True
3306,True
33060,True
33065,True
3307,True
3308,True
33080,True
33082,True
33084,True
3309,True
3310,True
33105,True
3311,True
33110,True
33113,True
33115,True
3312,True
33120,True
33125,True
3313,True
33130,True
3314,True
33140,True
33145,True
33146,True
33147,True
3315,True
3316,True
3317,True
33170,True
33171,True
33172,True
3318,True
3319,True
3320,True
33200,True
3321,True
3322,True
3323,True
3324,True
3325,True
3330,True
3331,True
3332,True
3333,True
3334,True
3335,True
33350,True
3336,True
3337,True
3338,True
3340,True
33400,True
3342,True
3343,True
3344,True
3345,True
3346,True
3347,True
3348,True
3349,True
3350,True
33500,True
3351,True
3355,True
3356,True
3357,True
3358,True
3359,True
3360,True
33600,True
3361,True
3362,True
3363,True
3364,True
3365,True
3366,True
3367,True
33680,True
3370,True
3371,True
3372,True
3373,True
3374,True
3375,True
3376,True
3377,True
3378,True
3379,True
3380,True
33805,True
33808,True
33809,True
3381,True
3382,True
33820,True
33821,True
33822,True
33823,True
33825,True
33826,True
3383,True
33830,True
33833,True
33836,True
3384,True
33840,True
33841,True
3385,True
33855,True
33858,True
3386,True
33860,True
33861,True
33863,True
3387,True
3388,True
33880,True
33882,True
3389,True
3390,True
33900,True
33902,True
33903,True
33910,True
33913,True
33914,True
33915,True
33920,True
33921,True
33925,True
33927,True
33930,True
33933,True
33934,True
33935,True
33936,True
33937,True
33938,True
33939,True
33940,True
33943,True
33944,True
33980,True
34000,True
34001,True
34002,True
34003,True
34004,True
34006,True
34007,True
34008,True
34009,True
3401,True
34010,True
34011,True
34012,True
34015,True
34018,True
3402,True
3403,True
3404,True
3405,True
3406,True
3407,True
3408,True
3409,True
3410,True
3411,True
3412,True
3413,True
3414,True
3415,True
3416,True
3417,True
3420,True
3421,True
3422,True
3423,True
3424,True
3425,True
3426,True
3427,True
3428,True
3429,True
3430,True
34300,True
3431,True
3432,True
3433,True
3434,True
3435,True
3436,True
3437,True
3438,True
3440,True
34400,True
3441,True
3442,True
3443,True
3444,True
3445,True
3446,True
3447,True
3448,True
3449,True
3450,True
34505,True
3451,True
34515,True
3452,True
34525,True
3453,True
34535,True
3454,True
34545,True
3455,True
34555,True
3456,True
34565,True
34575,True
34576,True
34580,True
34585,True
34590,True
3460,True
34600,True
3461,True
3462,True
3463,True
34650,True
3470,True
34700,True
3471,True
34710,True
3472,True
34720,True
34725,True
34730,True
34735,True
3474,True
34740,True
3475,True
3476,True
3477,True
3478,True
3479,True
3480,True
34800,True
3490,True
34940,True
34950,True
34990,True
35001,True
3501,True
35010,True
35012,True
3502,True
35020,True
35022,True
35023,True
35024,True
3503,True
35030,True
35032,True
35039,True
3504,True
35040,True
35041,True
35042,True
35043,True
35044,True
35045,True
35046,True
35047,True
3505,True
35050,True
35051,True
35052,True
35053,True
35054,True
35055,True
35057,True
35058,True
35059,True
3506,True
35060,True
35062,True
35063,True
35064,True
35065,True
3507,True
3508,True
3509,True
3510,True
35105,True
35108,True
35109,True
3511,True
35110,True
35112,True
35113,True
35114,True
35115,True
35116,True
35117,True
35118,True
3512,True
35120,True
35123,True
35125,True
3513,True
35130,True
35133,True
35135,True
35138,True
3514,True
35140,True
35143,True
35145,True
35146,True
35147,True
35148,True
3515,True
35150,True
35156,True
35157,True
3516,True
35160,True
35161,True
35162,True
35163,True
35164,True
35166,True
35167,True
35168,True
3517,True
35170,True
35171,True
35172,True
35177,True
35179,True
3518,True
35180,True
35181,True
35182,True
35183,True
35184,True
35185,True
35188,True
35189,True
3519,True
35190,True
35192,True
35193,True
35194,True
35195,True
35196,True
35197,True
35198,True
35199,True
3520,True
35200,True
35202,True
3521,True
35212,True
35215,True
3522,True
35220,True
35222,True
35225,True
35228,True
3523,True
35230,True
35232,True
35236,True
35238,True
3524,True
35240,True
35243,True
35245,True
35246,True
35248,True
35249,True
3525,True
35250,True
35255,True
35258,True
3526,True
35260,True
35263,True
35265,True
35267,True
3527,True
35270,True
35275,True
35277,True
35280,True
35285,True
35290,True
35295,True
35296,True
35298,True
3530,True
35300,True
35301,True
35302,True
35303,True
35304,True
35305,True
3531,True
35311,True
35315,True
35319,True
3532,True
35321,True
35322,True
35323,True
35324,True
35325,True
35326,True
35328,True
3533,True
35330,True
35334,True
35335,True
35338,True
3534,True
35340,True
35345,True
35348,True
3535,True
35350,True
35352,True
35354,True
35355,True
35358,True
35359,True
35360,True
35362,True
35364,True
35365,True
35367,True
35368,True
35370,True
35380,True
35382,True
35384,True
35388,True
35390,True
35395,True
35398,True
3540,True
35400,True
35406,True
35407,True
35409,True
3541,True
35410,True
35411,True
35412,True
35413,True
35418,True
3542,True
35420,True
35421,True
35423,True
35424,True
35425,True
35426,True
35428,True
35429,True
3543,True
35430,True
35431,True
35435,True
35436,True
35437,True
35438,True
35439,True
3544,True
35440,True
35441,True
35442,True
35444,True
35447,True
3545,True
35450,True
3546,True
35460,True
35464,True
3547,True
35470,True
35473,True
35475,True
35476,True
35478,True
3548,True
35480,True
35485,True
35488,True
35490,True
35494,True
35495,True
35498,True
3550,True
35500,True
35501,True
35502,True
35503,True
35504,True
35505,True
35506,True
3551,True
35510,True
35514,True
35515,True
35516,True
35517,True
35519,True
3552,True
35520,True
35521,True
35525,True
35526,True
3553,True
35530,True
35532,True
35534,True
35536,True
35537,True
3554,True
35540,True
35541,True
35543,True
35544,True
35545,True
35547,True
3555,True
35550,True
35551,True
35552,True
35555,True
35557,True
35558,True
3556,True
35560,True
35565,True
35567,True
35568,True
3557,True
35570,True
35578,True
3558,True
35580,True
35582,True
35585,True
35588,True
3559,True
35590,True
35593,True
35595,True
35596,True
3560,True
35600,True
35602,True
35603,True
35604,True
35606,True
35607,True
35608,True
3561,True
35610,True
35613,True
35617,True
3562,True
35620,True
35621,True
35622,True
35623,True
35624,True
35625,True
35628,True
3563,True
3564,True
35640,True
3565,True
35650,True
35655,True
35657,True
3566,True
35660,True
35661,True
35662,True
35663,True
35665,True
35666,True
35667,True
35668,True
35669,True
3567,True
35670,True
35672,True
35674,True
35675,True
3568,True
35680,True
35681,True
35685,True
35688,True
3569,True
35690,True
35694,True
35695,True
35698,True
3570,True
35700,True
35701,True
35702,True
35703,True
35706,True
35707,True
35709,True
3571,True
35710,True
35715,True
3572,True
35720,True
35725,True
3573,True
35730,True
35732,True
35733,True
35736,True
35738,True
3574,True
35740,True
3575,True
35750,True
3576,True
35760,True
35763,True
35765,True
35767,True
3577,True
35770,True
35774,True
35777,True
3578,True
35780,True
35785,True
3579,True
35790,True
35791,True
35793,True
35794,True
35796,True
35798,True
3580,True
35800,True
35804,True
3581,True
35810,True
35815,True
3582,True
35820,True
3583,True
35830,True
3584,True
35845,True
3585,True
35850,True
3586,True
35860,True
35863,True
35865,True
35868,True
3587,True
35875,True
35878,True
3588,True
35880,True
3589,True
35894,True
3590,True
35900,True
35901,True
35902,True
35903,True
35904,True
35905,True
35907,True
35908,True
3591,True
35910,True
35920,True
35930,True
35931,True
35932,True
35935,True
35938,True
35940,True
35950,True
35955,True
35960,True
35963,True
35969,True
35970,True
35975,True
35984,True
35986,True
35995,True
3601,True
36010,True
36011,True
36013,True
36015,True
36016,True
3602,True
36020,True
36021,True
36025,True
36026,True
3603,True
36030,True
36031,True
36032,True
36033,True
36035,True
36036,True
36037,True
36038,True
36039,True
3604,True
36045,True
36046,True
36047,True
36048,True
3605,True
36050,True
36051,True
36052,True
3606,True
36060,True
36061,True
36062,True
3607,True
36070,True
36071,True
36072,True
36073,True
3608,True
36080,True
36081,True
36083,True
36084,True
36085,True
36087,True
36088,True
3609,True
36090,True
36091,True
36092,True
36094,True
3610,True
36104,True
36106,True
36108,True
3611,True
36110,True
3612,True
36120,True
36123,True
36126,True
3613,True
36130,True
36132,True
36135,True
3614,True
36140,True
36144,True
36145,True
36146,True
36148,True
3615,True
36150,True
36152,True
36155,True
36157,True
3616,True
36160,True
36165,True
3617,True
36170,True
3618,True
36180,True
36185,True
3619,True
36190,True
36195,True
3620,True
36200,True
36201,True
36202,True
36204,True
36205,True
36206,True
36207,True
36208,True
3621,True
36210,True
36212,True
36213,True
36215,True
3622,True
36220,True
36225,True
36227,True
3623,True
36230,True
36235,True
3624,True
36240,True
36243,True
36245,True
3625,True
36250,True
36255,True
3626,True
36260,True
36263,True
36264,True
36265,True
3627,True
36270,True
36272,True
36275,True
36280,True
36290,True
3630,True
36300,True
36301,True
36302,True
36303,True
36305,True
36307,True
36309,True
3631,True
36315,True
36316,True
36318,True
3632,True
36320,True
36325,True
36328,True
3633,True
36330,True
36335,True
3634,True
36340,True
36345,True
3635,True
36350,True
36352,True
3636,True
36360,True
3637,True
36370,True
3638,True
3639,True
36390,True
3640,True
36400,True
36401,True
36402,True
36404,True
36405,True
36406,True
36407,True
36408,True
3641,True
36415,True
36417,True
36419,True
3642,True
36420,True
36422,True
36424,True
36426,True
36428,True
3643,True
36430,True
3644,True
36440,True
3645,True
36450,True
36455,True
3646,True
36460,True
36465,True
3647,True
36470,True
36475,True
3648,True
36480,True
36485,True
3649,True
36490,True
3650,True
36500,True
36501,True
36502,True
36503,True
36504,True
36505,True
36506,True
36507,True
3651,True
36510,True
36512,True
36513,True
36515,True
3652,True
36520,True
36525,True
3653,True
36530,True
36532,True
3654,True
36540,True
36542,True
36544,True
36546,True
3655,True
36550,True
36555,True
3656,True
36560,True
36568,True
3657,True
36570,True
36572,True
36574,True
36576,True
3658,True
36580,True
36585,True
3659,True
36590,True
36592,True
36594,True
3660,True
36600,True
36604,True
36606,True
36608,True
3661,True
36610,True
3662,True
36620,True
3663,True
36630,True
3664,True
36640,True
36649,True
3665,True
36650,True
3666,True
36660,True
36664,True
36666,True
3667,True
36670,True
36675,True
3668,True
36680,True
36688,True
3669,True
36690,True
3670,True
36700,True
36702,True
36707,True
36708,True
3671,True
36710,True
3672,True
36720,True
36725,True
3673,True
36730,True
3674,True
36740,True
3675,True
36750,True
36753,True
36756,True
3676,True
36760,True
3677,True
36770,True
36771,True
36772,True
36773,True
36774,True
36777,True
36778,True
36779,True
3678,True
36780,True
36784,True
36787,True
36788,True
3679,True
36790,True
36793,True
36795,True
3680,True
36800,True
36803,True
36805,True
3681,True
36810,True
36815,True
3682,True
36820,True
36828,True
3683,True
36830,True
36832,True
36834,True
36840,True
36844,True
36846,True
36847,True
3685,True
36850,True
36855,True
36860,True
3687,True
36870,True
36873,True
36876,True
36878,True
3688,True
36880,True
36881,True
36883,True
36884,True
36886,True
36887,True
36888,True
36889,True
3689,True
36891,True
36892,True
36893,True
36895,True
3690,True
36900,True
36905,True
36906,True
36908,True
3691,True
36910,True
36913,True
36915,True
36918,True
3692,True
36920,True
36923,True
36925,True
3693,True
36930,True
36935,True
3694,True
36940,True
36947,True
3695,True
36950,True
36953,True
36955,True
36958,True
36960,True
36970,True
36972,True
36974,True
36976,True
36979,True
36980,True
36985,True
36990,True
37002,True
37004,True
37006,True
37007,True
3701,True
37010,True
37011,True
37012,True
37014,True
37018,True
3702,True
37022,True
37026,True
3703,True
37030,True
37031,True
37034,True
37036,True
37038,True
3704,True
37044,True
37045,True
37048,True
37056,True
37060,True
37062,True
37064,True
37066,True
37068,True
3707,True
37070,True
37072,True
37074,True
37077,True
3710,True
3711,True
37110,True
37115,True
3712,True
37120,True
3713,True
37130,True
37131,True
37132,True
37133,True
37134,True
37135,True
37136,True
37137,True
37138,True
3714,True
37140,True
37142,True
37143,True
37144,True
37145,True
37147,True
37148,True
3715,True
37150,True
3716,True
37160,True
37163,True
37165,True
3717,True
37170,True
37175,True
37177,True
3718,True
37190,True
37195,True
3720,True
37200,True
37205,True
3721,True
37210,True
37212,True
37215,True
37218,True
37220,True
37223,True
37225,True
37235,True
37240,True
37245,True
3725,True
37250,True
3726,True
37260,True
37262,True
37264,True
37267,True
3727,True
37270,True
37273,True
37275,True
37278,True
3728,True
37280,True
3729,True
3730,True
37300,True
37305,True
3731,True
37310,True
37315,True
3732,True
3733,True
37330,True
3734,True
37340,True
3735,True
37350,True
3736,True
37360,True
3737,True
37370,True
3738,True
3739,True
37400,True
37405,True
37407,True
37408,True
37410,True
37411,True
37412,True
37413,True
37414,True
37415,True
37416,True
37417,True
37418,True
37420,True
37430,True
37440,True
37443,True
37445,True
37447,True
37450,True
37452,True
37454,True
37456,True
37458,True
37460,True
37464,True
37465,True
37466,True
37467,True
37468,True
37469,True
37470,True
37472,True
37474,True
37476,True
37478,True
37480,True
37484,True
37485,True
37488,True
37490,True
37496,True
37498,True
37500,True
37501,True
37502,True
37503,True
37504,True
37505,True
37508,True
37510,True
37511,True
37512,True
37514,True
37516,True
37517,True
37520,True
37524,True
37527,True
37530,True
37535,True
37540,True
37542,True
37545,True
37546,True
37548,True
3755,True
37550,True
37551,True
37552,True
37553,True
37554,True
37555,True
37556,True
37557,True
37558,True
37559,True
3756,True
37560,True
37561,True
37563,True
37564,True
37566,True
37567,True
37568,True
3757,True
37570,True
37572,True
37576,True
37578,True
3758,True
37580,True
37582,True
37584,True
37586,True
37588,True
37589,True
3759,True
37590,True
37596,True
37600,True
37605,True
37610,True
37615,True
37620,True
37630,True
37640,True
37650,True
37652,True
37653,True
37655,True
37660,True
37670,True
37680,True
37690,True
37701,True
37702,True
37703,True
37704,True
37705,True
37706,True
37709,True
37710,True
37713,True
37714,True
37716,True
37718,True
37720,True
37723,True
37725,True
37730,True
37740,True
37750,True
37757,True
37760,True
37775,True
37780,True
37785,True
37790,True
37795,True
37800,True
37805,True
37810,True
37815,True
37820,True
37855,True
37860,True
37865,True
37880,True
37890,True
37900,True
37901,True
37902,True
37903,True
37904,True
37905,True
37910,True
37920,True
37922,True
37925,True
37926,True
37927,True
37928,True
37930,True
37940,True
37945,True
37948,True
37950,True
37952,True
37955,True
37958,True
37960,True
37965,True
37968,True
37970,True
37973,True
37975,True
37980,True
37990,True
37993,True
37997,True
3801,True
38010,True
38015,True
38017,True
3802,True
38020,True
38022,True
38025,True
38026,True
3803,True
38030,True
38031,True
38035,True
38036,True
38037,True
38038,True
3804,True
38040,True
38041,True
38045,True
38046,True
38048,True
3805,True
38050,True
38051,True
38055,True
38056,True
38057,True
3806,True
38060,True
38061,True
38064,True
38065,True
38066,True
38067,True
3807,True
38070,True
38071,True
38072,True
38073,True
3808,True
38080,True
38081,True
38082,True
3809,True
3810,True
38106,True
38108,True
3811,True
38110,True
3812,True
38120,True
3813,True
38130,True
3814,True
38140,True
38150,True
3816,True
38160,True
3817,True
38170,True
38175,True
38178,True
3818,True
38180,True
38181,True
38182,True
38183,True
38184,True
38185,True
3819,True
38190,True
38195,True
38198,True
3820,True
38200,True
38205,True
3821,True
38210,True
3822,True
38220,True
3823,True
38230,True
38240,True
38250,True
38260,True
3827,True
38270,True
38272,True
3828,True
38280,True
38282,True
38288,True
38290,True
38292,True
38294,True
38295,True
38300,True
38301,True
38302,True
38303,True
38304,True
38305,True
38307,True
38308,True
3831,True
38310,True
38320,True
38325,True
38328,True
38350,True
38360,True
38370,True
38380,True
38390,True
3840,True
38400,True
38401,True
38402,True
38405,True
38406,True
38407,True
38408,True
38409,True
38410,True
38411,True
38412,True
38413,True
38414,True
38415,True
38420,True
38421,True
38425,True
38430,True
38433,True
38435,True
38439,True
38440,True
38441,True
38442,True
38443,True
38444,True
38445,True
38446,True
38447,True
38455,True
38460,True
38465,True
38470,True
38475,True
38480,True
38490,True
38500,True
38510,True
38520,True
38525,True
38530,True
38540,True
38550,True
38570,True
38600,True
38602,True
38603,True
38606,True
38607,True
38610,True
38625,True
38630,True
38640,True
38649,True
38650,True
38654,True
38658,True
38660,True
38665,True
38680,True
38689,True
38690,True
3870,True
38700,True
38701,True
38702,True
38703,True
38705,True
38706,True
3871,True
38711,True
38717,True
3872,True
38720,True
3873,True
38730,True
38735,True
38738,True
3874,True
38740,True
38741,True
38742,True
38743,True
38744,True
38745,True
38747,True
38748,True
38749,True
3875,True
38750,True
38755,True
3876,True
38760,True
3877,True
38770,True
38772,True
38773,True
38775,True
38776,True
38779,True
3878,True
38780,True
38785,True
38790,True
38794,True
3880,True
38800,True
38803,True
38805,True
3881,True
38810,True
38819,True
3882,True
3883,True
3884,True
38840,True
38845,True
3886,True
38860,True
3887,True
38870,True
3888,True
38880,True
3889,True
3890,True
38900,True
3891,True
38910,True
3892,True
3893,True
38930,True
3894,True
3895,True
38950,True
3896,True
38960,True
38970,True
38980,True
38990,True
3901,True
3904,True
3905,True
3906,True
3907,True
3908,True
3909,True
3910,True
39100,True
3911,True
39110,True
39112,True
39113,True
3912,True
39120,True
39130,True
39135,True
39140,True
39150,True
39153,True
39155,True
3916,True
39160,True
39165,True
3917,True
39170,True
39175,True
3918,True
39180,True
39185,True
39188,True
3919,True
39190,True
3920,True
39200,True
39205,True
39207,True
3921,True
39210,True
39215,True
39219,True
3922,True
39220,True
3923,True
39230,True
39237,True
39238,True
3924,True
39240,True
39243,True
39245,True
39248,True
3925,True
39250,True
3926,True
39260,True
39265,True
3927,True
39270,True
3928,True
39280,True
3929,True
39290,True
39295,True
3930,True
39300,True
3931,True
39314,True
39315,True
39317,True
39318,True
3932,True
39320,True
39325,True
39328,True
3933,True
39330,True
39335,True
39336,True
39338,True
3934,True
39340,True
39344,True
39347,True
3935,True
39350,True
39355,True
3936,True
39360,True
39363,True
39365,True
3937,True
39370,True
39373,True
39378,True
3938,True
39380,True
39385,True
39387,True
3939,True
39390,True
39397,True
39398,True
3940,True
39400,True
39401,True
39402,True
39403,True
39404,True
39405,True
39406,True
39407,True
39408,True
3941,True
39414,True
39416,True
39417,True
3942,True
39425,True
3943,True
39430,True
39437,True
3944,True
39440,True
39442,True
39445,True
39447,True
3945,True
39450,True
39455,True
39458,True
3946,True
39460,True
39465,True
39467,True
3947,True
39470,True
39472,True
39473,True
39475,True
39478,True
3948,True
39480,True
39489,True
3949,True
39490,True
39492,True
39495,True
39497,True
3950,True
39500,True
39505,True
39508,True
3951,True
39510,True
39516,True
39517,True
39518,True
3952,True
39520,True
39523,True
39525,True
39526,True
39527,True
39529,True
3953,True
39530,True
39535,True
39536,True
39538,True
39540,True
39547,True
39550,True
39553,True
39555,True
39558,True
39560,True
39563,True
39565,True
39568,True
39569,True
39570,True
39573,True
39575,True
3958,True
39580,True
39585,True
3959,True
39590,True
39592,True
39594,True
39596,True
39597,True
39598,True
3960,True
39600,True
39602,True
3961,True
39610,True
39615,True
3962,True
39620,True
39623,True
39625,True
39628,True
39629,True
3963,True
39630,True
39635,True
3964,True
39640,True
39642,True
39644,True
39645,True
39648,True
3965,True
39650,True
39655,True
3966,True
39660,True
39662,True
39663,True
39664,True
39665,True
3967,True
39670,True
39678,True
3968,True
39680,True
39685,True
39688,True
3969,True
39690,True
39695,True
3970,True
39700,True
39703,True
39704,True
39705,True
39706,True
39707,True
39708,True
3971,True
39710,True
39711,True
39715,True
39716,True
39718,True
3972,True
39720,True
39723,True
39725,True
39728,True
3973,True
39730,True
39735,True
3974,True
39740,True
39741,True
39742,True
39745,True
3975,True
39750,True
39755,True
3976,True
39765,True
3977,True
39770,True
39775,True
3978,True
39780,True
39784,True
39785,True
3979,True
39790,True
39795,True
3980,True
39800,True
39801,True
39802,True
39803,True
39804,True
39807,True
39809,True
3981,True
39810,True
39812,True
39813,True
39814,True
39815,True
39816,True
39817,True
39818,True
3982,True
39820,True
39823,True
39825,True
39826,True
39827,True
3983,True
39830,True
39835,True
39837,True
3984,True
39840,True
39848,True
3985,True
39850,True
39855,True
3986,True
39860,True
39862,True
39864,True
39865,True
39866,True
39868,True
3987,True
39870,True
39873,True
39874,True
39875,True
39878,True
3988,True
39880,True
39885,True
39888,True
3989,True
39890,True
39893,True
39895,True
39900,True
39912,True
39915,True
39917,True
39920,True
39923,True
39925,True
39928,True
39930,True
39931,True
39935,True
39940,True
39945,True
39948,True
39950,True
39955,True
39960,True
39970,True
39980,True
39990,True
39995,True
39999,True
4001,True
40010,True
40015,True
4002,True
40020,True
40024,True
40025,True
4003,True
4004,True
40040,True
40045,True
4005,True
40050,True
40055,True
4006,True
40060,True
4007,True
40070,True
4008,True
40080,True
40081,True
4009,True
4010,True
40100,True
40105,True
4011,True
40110,True
4012,True
4013,True
40130,True
4014,True
40140,True
4015,True
40150,True
40155,True
40157,True
4016,True
4017,True
40170,True
4018,True
4019,True
4020,True
4021,True
40210,True
40213,True
40215,True
4022,True
40220,True
40221,True
40223,True
40226,True
4023,True
40230,True
40231,True
4024,True
40240,True
40241,True
40243,True
40245,True
4025,True
40250,True
40251,True
40252,True
40253,True
40254,True
40255,True
4026,True
40260,True
40265,True
4027,True
40270,True
40275,True
40276,True
40279,True
4028,True
40280,True
40283,True
40285,True
40286,True
4029,True
40290,True
40295,True
40296,True
4030,True
40300,True
40301,True
40302,True
4031,True
40310,True
40313,True
40314,True
40315,True
40318,True
4032,True
40320,True
40321,True
40323,True
40325,True
40327,True
40330,True
40335,True
40340,True
40342,True
40349,True
4035,True
40350,True
40352,True
40353,True
40354,True
40355,True
40357,True
4036,True
40365,True
40366,True
40367,True
40368,True
4037,True
40370,True
40375,True
4038,True
40385,True
40386,True
40387,True
4039,True
40390,True
40391,True
40393,True
40394,True
40396,True
4040,True
4041,True
40410,True
40411,True
40414,True
40415,True
4042,True
40420,True
40421,True
40425,True
4043,True
40430,True
40433,True
40435,True
40436,True
4044,True
40440,True
40444,True
40445,True
4045,True
40450,True
40451,True
40454,True
40455,True
4046,True
40460,True
4047,True
40470,True
4048,True
40480,True
40483,True
40484,True
40487,True
4049,True
40490,True
4050,True
4051,True
4052,True
4053,True
4054,True
4055,True
4057,True
4058,True
4059,True
4060,True
4061,True
4062,True
4063,True
4064,True
4065,True
4066,True
4067,True
4068,True
4069,True
4070,True
4071,True
40710,True
40711,True
40713,True
40715,True
40717,True
40718,True
4072,True
40720,True
40725,True
40726,True
40730,True
40731,True
40735,True
4074,True
40740,True
4075,True
40750,True
4076,True
40760,True
4077,True
4078,True
4079,True
4080,True
40800,True
4081,True
40810,True
4082,True
40820,True
4083,True
40830,True
4084,True
4085,True
4086,True
4087,True
4088,True
4089,True
4090,True
4094,True
4097,True
4101,True
4102,True
4103,True
4104,True
4105,True
4106,True
4107,True
4108,True
4109,True
4110,True
41100,True
4111,True
41110,True
4112,True
41120,True
4113,True
41130,True
4114,True
4115,True
41150,True
41152,True
4116,True
4117,True
4118,True
41180,True
41181,True
41185,True
4119,True
41190,True
41192,True
41194,True
41195,True
41197,True
4120,True
41200,True
41204,True
41205,True
41207,True
4121,True
41210,True
41211,True
41213,True
41214,True
41215,True
41217,True
41218,True
41219,True
4122,True
41220,True
41225,True
41227,True
4123,True
41230,True
41231,True
41233,True
41235,True
4124,True
41245,True
41247,True
4125,True
41250,True
41253,True
4126,True
41260,True
41262,True
4127,True
41270,True
41275,True
4128,True
41280,True
41285,True
4129,True
41290,True
41291,True
41295,True
41297,True
4130,True
41300,True
41301,True
41305,True
41306,True
41307,True
41308,True
4131,True
41310,True
41311,True
41315,True
4132,True
41320,True
41321,True
41322,True
4133,True
41330,True
41333,True
41334,True
41335,True
41336,True
41337,True
41338,True
41339,True
4134,True
41340,True
41341,True
41342,True
41343,True
41345,True
41349,True
4135,True
41350,True
41351,True
4136,True
4137,True
41370,True
4138,True
41385,True
41386,True
41387,True
41388,True
4139,True
41390,True
4140,True
41400,True
41402,True
4141,True
41410,True
4142,True
4143,True
4144,True
4145,True
4146,True
4147,True
4148,True
41480,True
41483,True
4149,True
41490,True
4150,True
41500,True
41502,True
41505,True
4151,True
41510,True
41515,True
4152,True
41520,True
4153,True
4154,True
4155,True
4156,True
4157,True
4158,True
4159,True
41590,True
4160,True
41600,True
41603,True
4161,True
41610,True
41611,True
41612,True
41613,True
41615,True
4162,True
41620,True
4163,True
41630,True
41635,True
4164,True
41640,True
4165,True
41650,True
41651,True
4166,True
4167,True
4168,True
41680,True
41681,True
4169,True
4170,True
41701,True
41705,True
41706,True
4171,True
41710,True
41717,True
41720,True
4173,True
41730,True
4174,True
41740,True
41741,True
41745,True
41750,True
4176,True
41760,True
4177,True
41770,True
4180,True
41800,True
4181,True
41810,True
41815,True
4182,True
41820,True
41825,True
4183,True
41830,True
4184,True
4185,True
4186,True
4187,True
4190,True
41900,True
41905,True
41906,True
4191,True
41915,True
41920,True
41925,True
41927,True
4193,True
4194,True
41940,True
41941,True
4195,True
41950,True
41970,True
41980,True
4201,True
4202,True
4203,True
4204,True
4205,True
4206,True
4207,True
4208,True
4209,True
4210,True
4211,True
4212,True
4213,True
4214,True
4215,True
4216,True
4217,True
4218,True
4220,True
4221,True
4222,True
4223,True
4224,True
4225,True
4229,True
4230,True
4231,True
4232,True
4233,True
4235,True
4236,True
4239,True
4240,True
4241,True
4242,True
4243,True
4244,True
4246,True
4247,True
4248,True
4249,True
4250,True
4251,True
4252,True
4253,True
4254,True
4255,True
4256,True
4257,True
4258,True
4260,True
42600,True
4261,True
4262,True
4263,True
4264,True
4265,True
4266,True
4267,True
4268,True
4269,True
4270,True
42700,True
42701,True
42702,True
42703,True
42704,True
42705,True
42706,True
42707,True
42708,True
42709,True
4271,True
42710,True
42711,True
42712,True
42713,True
42714,True
42717,True
4272,True
42721,True
42722,True
4273,True
42733,True
42738,True
42739,True
4274,True
42740,True
4275,True
4276,True
4277,True
4278,True
4279,True
4280,True
42800,True
42801,True
42802,True
42803,True
42804,True
42805,True
42806,True
42807,True
42808,True
42809,True
4281,True
42810,True
4282,True
42820,True
42827,True
4283,True
42833,True
42835,True
4284,True
42840,True
42841,True
42849,True
4285,True
42850,True
4286,True
4287,True
4288,True
4289,True
4290,True
4291,True
4292,True
4293,True
4294,True
4295,True
4296,True
4297,True
4298,True
4301,True
4302,True
4303,True
4304,True
4305,True
4306,True
4307,True
4308,True
4309,True
4310,True
4311,True
4312,True
4313,True
4314,True
4315,True
4316,True
4317,True
4318,True
4319,True
4320,True
4321,True
4323,True
4324,True
4325,True
4326,True
4327,True
4328,True
4330,True
4331,True
4332,True
4333,True
4334,True
4335,True
4336,True
4337,True
4338,True
4339,True
4340,True
4342,True
4343,True
4344,True
4345,True
4346,True
4347,True
4348,True
4349,True
4350,True
4351,True
4355,True
4356,True
4357,True
4358,True
4359,True
4360,True
4361,True
4362,True
4363,True
4364,True
4365,True
4366,True
4367,True
4368,True
4369,True
4370,True
43700,True
4371,True
4372,True
4373,True
4374,True
4375,True
4376,True
4377,True
4378,True
4379,True
43805,True
43806,True
4381,True
43810,True
43813,True
43815,True
4382,True
43820,True
43825,True
4383,True
4384,True
43840,True
43843,True
43845,True
4385,True
43850,True
4386,True
4387,True
43900,True
44001,True
44002,True
44003,True
44004,True
44005,True
44006,True
44007,True
44008,True
44009,True
4401,True
44010,True
44013,True
44018,True
44019,True
4402,True
44020,True
44021,True
44022,True
44023,True
44024,True
44025,True
44028,True
4403,True
44030,True
44031,True
44032,True
44033,True
44034,True
44035,True
44036,True
44038,True
4404,True
44042,True
44043,True
44044,True
44045,True
44046,True
4405,True
44050,True
44051,True
44052,True
44053,True
44054,True
44055,True
44056,True
44057,True
44059,True
4406,True
44061,True
44062,True
44063,True
44065,True
44066,True
44067,True
4407,True
44070,True
44071,True
44072,True
44073,True
44075,True
44076,True
44077,True
44078,True
44079,True
4408,True
44082,True
44085,True
44086,True
44088,True
44089,True
4409,True
44090,True
44091,True
44092,True
44094,True
44095,True
44096,True
44097,True
4410,True
4411,True
4412,True
4413,True
4414,True
4415,True
44150,True
4416,True
44160,True
4417,True
44180,True
4419,True
44190,True
44200,True
4421,True
44218,True
44220,True
4423,True
44230,True
4424,True
44245,True
4425,True
44250,True
44255,True
4426,True
44260,True
4427,True
44270,True
4428,True
44280,True
4429,True
4430,True
44300,True
4431,True
4432,True
44320,True
4433,True
44330,True
4434,True
44340,True
44345,True
44350,True
4436,True
44360,True
4437,True
4438,True
44380,True
4439,True
44400,True
44420,True
44428,True
4444,True
4445,True
44450,True
4446,True
44460,True
4447,True
44470,True
4448,True
44480,True
44490,True
44500,True
44520,True
44530,True
44540,True
4455,True
44550,True
4456,True
44560,True
44565,True
4457,True
44570,True
44571,True
44572,True
44573,True
44574,True
44575,True
4458,True
44580,True
4459,True
44590,True
4460,True
44600,True
4461,True
44610,True
4462,True
44620,True
4463,True
44630,True
44635,True
4464,True
44640,True
44642,True
44645,True
44650,True
44655,True
4466,True
44660,True
4467,True
44670,True
4468,True
44680,True
4469,True
44690,True
44695,True
44698,True
4470,True
44700,True
44710,True
44713,True
44715,True
44718,True
4472,True
44720,True
4473,True
44730,True
4474,True
44740,True
44745,True
4475,True
44750,True
44755,True
4476,True
4477,True
44770,True
44775,True
44780,True
4479,True
44790,True
44798,True
44800,True
44830,True
44840,True
44850,True
44880,True
44885,True
44890,True
44892,True
44895,True
44900,True
44905,True
44910,True
44915,True
44920,True
44925,True
44930,True
44940,True
44950,True
44960,True
44970,True
44990,True
45000,True
45002,True
45003,True
45005,True
45008,True
45009,True
4501,True
45010,True
45012,True
45015,True
4502,True
45020,True
45023,True
45025,True
45026,True
45027,True
45028,True
45029,True
4503,True
45031,True
45035,True
45037,True
4504,True
4505,True
45050,True
45051,True
45052,True
45053,True
45055,True
45058,True
4506,True
45061,True
45065,True
45066,True
4507,True
45070,True
45075,True
45077,True
45078,True
45079,True
4508,True
45085,True
45089,True
4509,True
45095,True
4510,True
45104,True
4511,True
4512,True
45120,True
4513,True
45130,True
4514,True
45140,True
4515,True
45150,True
45155,True
45157,True
4516,True
45160,True
4517,True
45170,True
45177,True
4518,True
45180,True
45190,True
45195,True
4520,True
45200,True
45201,True
45202,True
45203,True
45204,True
45205,True
45206,True
45207,True
45208,True
45209,True
4521,True
45210,True
45211,True
45215,True
4522,True
45220,True
45225,True
4523,True
45230,True
4524,True
45240,True
45245,True
45250,True
45255,True
45260,True
45263,True
45265,True
45270,True
45280,True
45285,True
45290,True
4530,True
45300,True
45305,True
4531,True
45310,True
45312,True
45315,True
4532,True
45320,True
45325,True
4533,True
45330,True
4534,True
45340,True
45345,True
4535,True
45350,True
45355,True
4536,True
45360,True
45365,True
4537,True
45370,True
45375,True
4538,True
45390,True
45400,True
45416,True
4542,True
45420,True
45428,True
4543,True
45430,True
45435,True
45436,True
4544,True
45440,True
45443,True
45445,True
4545,True
45450,True
45452,True
45455,True
4546,True
45460,True
45465,True
4547,True
45470,True
4548,True
45480,True
4549,True
45490,True
4550,True
45500,True
4551,True
4552,True
45520,True
4553,True
45530,True
45534,True
45540,True
45545,True
4555,True
45550,True
4556,True
45560,True
4557,True
45570,True
4558,True
45580,True
45585,True
4559,True
45590,True
4560,True
45600,True
45601,True
45602,True
45603,True
45604,True
45605,True
45606,True
45607,True
45608,True
4561,True
45610,True
45611,True
45613,True
45615,True
4562,True
45620,True
45622,True
45625,True
4563,True
45630,True
45638,True
4564,True
45640,True
45645,True
4565,True
45650,True
45651,True
45652,True
45653,True
45654,True
45655,True
45656,True
45657,True
45658,True
4566,True
45661,True
45662,True
4567,True
45675,True
4568,True
45680,True
4569,True
45690,True
45695,True
4570,True
45700,True
4571,True
45710,True
45712,True
45720,True
45725,True
45730,True
45740,True
45745,True
4575,True
45750,True
4576,True
45760,True
45770,True
4578,True
45780,True
45790,True
4580,True
45800,True
45807,True
4581,True
45810,True
45816,True
45818,True
4582,True
45820,True
45821,True
45822,True
45823,True
45824,True
45825,True
45826,True
45828,True
45829,True
4583,True
45830,True
45834,True
45836,True
45840,True
45848,True
45850,True
45855,True
45860,True
45865,True
45870,True
45880,True
45890,True
45900,True
45910,True
45920,True
45928,True
45930,True
45936,True
45940,True
45950,True
45955,True
45960,True
45968,True
45970,True
45972,True
45975,True
45980,True
45983,True
45985,True
45986,True
45987,True
45988,True
45989,True
45990,True
45991,True
45992,True
45993,True
45994,True
45995,True
45996,True
45997,True
45998,True
4601,True
4602,True
4603,True
4604,True
4605,True
4606,True
4607,True
4608,True
4609,True
4610,True
46100,True
46103,True
4611,True
46110,True
4612,True
4613,True
46130,True
4614,True
46140,True
4615,True
4616,True
46165,True
4617,True
46170,True
4618,True
46180,True
4619,True
46190,True
4620,True
46200,True
46205,True
4621,True
4622,True
46220,True
46225,True
4623,True
4624,True
4625,True
46250,True
46255,True
4626,True
4627,True
46270,True
46280,True
46290,True
4630,True
46300,True
4631,True
46310,True
46315,True
4632,True
4633,True
46330,True
46335,True
4634,True
4635,True
46350,True
4636,True
46360,True
4637,True
4638,True
46380,True
4639,True
46390,True
4640,True
46400,True
4641,True
46410,True
4642,True
46425,True
4643,True
46430,True
46438,True
4644,True
46440,True
46445,True
46446,True
4645,True
46450,True
4646,True
46460,True
4647,True
46470,True
4648,True
46480,True
4649,True
46490,True
4650,True
46500,True
4651,True
4652,True
4653,True
46530,True
4654,True
46540,True
4655,True
46550,True
46560,True
4657,True
46570,True
46575,True
4658,True
46580,True
4660,True
46600,True
4661,True
4662,True
46620,True
4663,True
4664,True
46640,True
46650,True
46670,True
46690,True
46700,True
4671,True
4672,True
4673,True
46730,True
4674,True
46740,True
4675,True
46750,True
4676,True
46760,True
46765,True
46766,True
4677,True
46770,True
4678,True
46780,True
4679,True
46790,True
46800,True
46805,True
46810,True
46820,True
46825,True
46830,True
46833,True
46835,True
46840,True
4685,True
46850,True
4686,True
46860,True
46865,True
46875,True
4688,True
46880,True
4689,True
4690,True
46900,True
4691,True
4692,True
4693,True
46930,True
4696,True
46960,True
46970,True
46980,True
46985,True
46990,True
4701,True
4702,True
4703,True
4704,True
4705,True
4707,True
4708,True
4709,True
4710,True
47100,True
4711,True
47115,True
47120,True
4713,True
4714,True
4715,True
47150,True
4716,True
47160,True
4717,True
4718,True
4719,True
4720,True
47200,True
4721,True
4722,True
47220,True
4723,True
4724,True
47240,True
4725,True
4726,True
4727,True
4728,True
4729,True
4730,True
47300,True
47310,True
4733,True
4734,True
4735,True
47350,True
4736,True
4737,True
4738,True
4739,True
4740,True
47400,True
4741,True
4742,True
4743,True
4744,True
47440,True
4745,True
47450,True
4746,True
4747,True
4748,True
4750,True
47500,True
4751,True
4752,True
47520,True
4753,True
47530,True
4754,True
4755,True
4756,True
47560,True
4757,True
47580,True
47590,True
4760,True
47600,True
4761,True
47610,True
4762,True
4763,True
47630,True
4764,True
47640,True
4765,True
47650,True
47655,True
4766,True
47665,True
4767,True
4768,True
47680,True
47690,True
4770,True
47700,True
4771,True
4772,True
4773,True
47730,True
4774,True
47740,True
4775,True
47750,True
4776,True
47760,True
4777,True
4778,True
4779,True
47800,True
47801,True
47802,True
47803,True
47804,True
47805,True
47806,True
47807,True
47808,True
4781,True
47810,True
47813,True
47814,True
4782,True
47820,True
47825,True
47827,True
4783,True
47830,True
4784,True
47845,True
4785,True
47850,True
4786,True
4787,True
4788,True
4789,True
47900,True
4792,True
4794,True
47940,True
4795,True
47950,True
47960,True
47970,True
47990,True
48000,True
48005,True
4801,True
48010,True
48011,True
4802,True
48020,True
4803,True
48030,True
48031,True
48040,True
4805,True
48050,True
48051,True
4806,True
48060,True
4807,True
48070,True
48071,True
4808,True
48080,True
4809,True
48090,True
4810,True
48103,True
48108,True
4811,True
48110,True
4812,True
48120,True
4813,True
48130,True
4814,True
48140,True
4815,True
48150,True
4816,True
48170,True
48180,True
4820,True
4821,True
4822,True
4823,True
4824,True
4826,True
4827,True
4828,True
48280,True
48288,True
48289,True
4829,True
48290,True
4830,True
48300,True
4831,True
48310,True
4832,True
4833,True
48330,True
4835,True
48350,True
48355,True
4836,True
48360,True
4837,True
48370,True
48390,True
4840,True
48400,True
48405,True
4841,True
48410,True
48413,True
48415,True
4842,True
48420,True
4843,True
48430,True
48435,True
4844,True
48440,True
48445,True
4845,True
48450,True
48455,True
4846,True
48460,True
4847,True
48470,True
48475,True
4848,True
48480,True
48485,True
4849,True
48490,True
4850,True
48500,True
4851,True
4852,True
48520,True
4853,True
4854,True
48540,True
4855,True
4856,True
48565,True
4857,True
48570,True
4858,True
48580,True
4859,True
48590,True
4860,True
48601,True
48602,True
48603,True
48604,True
48605,True
48606,True
48607,True
48608,True
48609,True
48610,True
48611,True
4862,True
48620,True
4863,True
48630,True
4864,True
4865,True
48650,True
4866,True
48660,True
48668,True
4867,True
48680,True
48685,True
4870,True
48700,True
48705,True
48710,True
4872,True
48720,True
48725,True
48730,True
48740,True
48745,True
4875,True
48750,True
48760,True
4877,True
48770,True
48780,True
48790,True
48793,True
4880,True
48800,True
4881,True
4882,True
4883,True
48830,True
48832,True
4884,True
48840,True
48850,True
4886,True
48860,True
48870,True
4888,True
48880,True
48890,True
48895,True
4890,True
48900,True
48901,True
48902,True
48903,True
48904,True
48905,True
48906,True
48907,True
48908,True
48909,True
4891,True
48913,True
48914,True
48916,True
4892,True
48922,True
48925,True
4893,True
48930,True
4894,True
4895,True
48950,True
4896,True
48960,True
48967,True
4897,True
48970,True
4898,True
48990,True
49000,True
49001,True
49004,True
49005,True
49007,True
49008,True
49009,True
49010,True
49015,True
4902,True
49020,True
49025,True
49026,True
49027,True
49030,True
49031,True
49032,True
49033,True
49035,True
49036,True
49037,True
49038,True
4904,True
49040,True
49041,True
49042,True
49043,True
49044,True
49045,True
49046,True
49047,True
49048,True
4905,True
49050,True
49051,True
49052,True
49055,True
4906,True
49060,True
49063,True
49065,True
49066,True
49067,True
49070,True
49071,True
49072,True
49075,True
49080,True
49082,True
49085,True
49087,True
49088,True
49089,True
4909,True
49090,True
49091,True
49092,True
49095,True
49096,True
49097,True
4910,True
49100,True
4911,True
4912,True
49120,True
4913,True
49130,True
4914,True
49140,True
4915,True
4916,True
49160,True
4917,True
49170,True
4918,True
49180,True
4919,True
49190,True
4920,True
49200,True
4921,True
4922,True
49220,True
4923,True
49230,True
4925,True
49250,True
4926,True
49260,True
49270,True
4928,True
49280,True
4929,True
49290,True
4930,True
49300,True
4931,True
4932,True
49320,True
4933,True
4935,True
49350,True
49360,True
4937,True
4938,True
4939,True
49390,True
4940,True
49400,True
4941,True
4942,True
4943,True
4944,True
4945,True
4947,True
4948,True
49480,True
4949,True
49490,True
4950,True
49500,True
49501,True
49503,True
49504,True
49505,True
49506,True
49507,True
49509,True
4951,True
49510,True
49514,True
49517,True
4952,True
49520,True
49525,True
4953,True
49530,True
49535,True
49540,True
4955,True
49550,True
49560,True
49565,True
49570,True
49580,True
4960,True
49600,True
4961,True
4962,True
4963,True
49630,True
49640,True
4965,True
49650,True
4966,True
49660,True
49670,True
49680,True
49690,True
49700,True
49740,True
49750,True
49760,True
49770,True
49780,True
49790,True
49800,True
49810,True
49820,True
49830,True
49860,True
49880,True
49890,True
49900,True
49910,True
49920,True
49930,True
49940,True
49945,True
49950,True
49960,True
49970,True
49980,True
49985,True
49990,True
49995,True
5001,True
50010,True
5002,True
50020,True
5003,True
50030,True
5004,True
50040,True
5005,True
50050,True
5006,True
50060,True
5007,True
50070,True
5008,True
50080,True
5009,True
50090,True
5010,True
50100,True
5011,True
50110,True
5012,True
5013,True
5014,True
5015,True
5016,True
50160,True
5017,True
5018,True
5019,True
5020,True
5021,True
5022,True
5023,True
5024,True
5025,True
5026,True
5027,True
5028,True
5029,True
5030,True
5033,True
5034,True
5035,True
5036,True
5037,True
5038,True
5040,True
5041,True
5042,True
5043,True
5044,True
5045,True
5046,True
5047,True
5048,True
5049,True
5050,True
5051,True
5052,True
5053,True
5054,True
5055,True
5056,True
5057,True
5058,True
5059,True
5060,True
5061,True
50610,True
50620,True
50630,True
50640,True
5065,True
50650,True
50660,True
50670,True
5068,True
50680,True
5069,True
50690,True
50710,True
50711,True
5072,True
50720,True
50721,True
5073,True
50730,True
50731,True
5074,True
50740,True
50741,True
5075,True
50750,True
50751,True
5076,True
50760,True
50761,True
5077,True
50770,True
50771,True
5078,True
50780,True
50781,True
5079,True
50790,True
50791,True
5080,True
50800,True
5081,True
50810,True
5082,True
50820,True
5083,True
50830,True
5084,True
5085,True
50850,True
5086,True
50860,True
50865,True
5087,True
50870,True
50875,True
5088,True
5089,True
50900,True
50910,True
5092,True
50920,True
5093,True
50930,True
5094,True
50940,True
5095,True
50950,True
50960,True
50970,True
50980,True
5101,True
51010,True
51011,True
5102,True
51020,True
51021,True
5103,True
51030,True
5104,True
5105,True
5106,True
5107,True
5108,True
5109,True
5110,True
51110,True
51111,True
5112,True
5113,True
51130,True
5114,True
5115,True
51150,True
5116,True
51160,True
5117,True
51170,True
5118,True
51180,True
5119,True
51190,True
5120,True
51200,True
5121,True
5122,True
51220,True
5123,True
51230,True
5124,True
51240,True
5125,True
51250,True
5126,True
51260,True
5127,True
51270,True
51275,True
5128,True
51280,True
51290,True
51300,True
5131,True
51310,True
5132,True
51320,True
5133,True
51330,True
51335,True
5134,True
51340,True
51345,True
51346,True
5135,True
51350,True
5136,True
5138,True
5139,True
5140,True
5141,True
5142,True
5143,True
5144,True
5145,True
5154,True
5157,True
5158,True
5159,True
5160,True
5161,True
5162,True
5163,True
5164,True
5165,True
5170,True
5171,True
5172,True
5173,True
5174,True
5175,True
5176,True
5177,True
5180,True
5181,True
5182,True
5183,True
5184,True
5185,True
5186,True
5187,True
5201,True
52010,True
52011,True
5202,True
52020,True
52021,True
5203,True
52030,True
52031,True
5204,True
52040,True
52041,True
5205,True
52050,True
52051,True
5206,True
52060,True
52061,True
5207,True
52070,True
52071,True
5208,True
52080,True
52081,True
5209,True
52090,True
52091,True
5210,True
5211,True
52110,True
52111,True
5212,True
52120,True
52121,True
52125,True
52130,True
52131,True
52140,True
5215,True
52150,True
52160,True
52165,True
52170,True
52171,True
52190,True
52191,True
5220,True
52210,True
52211,True
52221,True
5223,True
5224,True
52280,True
52290,True
52291,True
52390,True
5240,True
52490,True
5263,True
5264,True
5265,True
5266,True
5267,True
5268,True
5269,True
5270,True
5271,True
5272,True
5273,True
5274,True
5275,True
5276,True
5279,True
5280,True
5281,True
5282,True
5283,True
5301,True
53010,True
53012,True
5302,True
53020,True
53025,True
5303,True
53030,True
5304,True
53040,True
5305,True
53050,True
53060,True
5307,True
53070,True
5308,True
53080,True
53090,True
5310,True
5311,True
53110,True
5312,True
53120,True
5313,True
53130,True
5314,True
53140,True
5315,True
53150,True
5316,True
53160,True
5317,True
53170,True
5318,True
53180,True
5319,True
53190,True
5321,True
53210,True
5322,True
53220,True
5323,True
53230,True
5324,True
53240,True
5325,True
53250,True
5326,True
53260,True
5327,True
53270,True
5328,True
53280,True
5329,True
53290,True
5330,True
53300,True
5331,True
5332,True
53320,True
5333,True
53330,True
5334,True
5335,True
53350,True
5336,True
53360,True
5337,True
53370,True
5338,True
5339,True
5340,True
53401,True
53402,True
53403,True
53404,True
53405,True
53407,True
53409,True
53413,True
53415,True
53416,True
53417,True
53421,True
53422,True
53423,True
53425,True
53427,True
53429,True
5343,True
53431,True
53433,True
53435,True
53437,True
53439,True
5344,True
53441,True
53442,True
53443,True
53444,True
5345,True
5346,True
5347,True
5348,True
5350,True
5351,True
53510,True
5352,True
53520,True
53525,True
5353,True
53530,True
53540,True
53545,True
53550,True
5356,True
53560,True
53565,True
53570,True
5358,True
53580,True
53585,True
5359,True
5360,True
53605,True
5361,True
53610,True
53615,True
5362,True
53620,True
53625,True
5363,True
53630,True
53635,True
53637,True
5364,True
53640,True
53645,True
5365,True
53650,True
5366,True
5367,True
5368,True
5369,True
53690,True
53700,True
5371,True
5372,True
5373,True
5374,True
5376,True
5379,True
5381,True
5382,True
5386,True
5387,True
5388,True
53900,True
5396,True
5397,True
5398,True
5399,True
53990,True
5400,True
5401,True
5402,True
5403,True
5404,True
5405,True
5406,True
5407,True
54070,True
5408,True
54080,True
5409,True
54090,True
5410,True
54100,True
5411,True
54110,True
5412,True
54120,True
5413,True
5414,True
54140,True
5415,True
54150,True
5416,True
54160,True
5417,True
54170,True
5418,True
5419,True
5420,True
5421,True
54210,True
5422,True
54220,True
5423,True
54230,True
5424,True
54240,True
54245,True
5425,True
54250,True
5426,True
54260,True
5427,True
54270,True
54275,True
5428,True
54280,True
5429,True
54290,True
54300,True
54310,True
54315,True
5432,True
54320,True
54325,True
5433,True
54330,True
54335,True
5434,True
54340,True
54345,True
5435,True
54350,True
54352,True
54353,True
5436,True
54360,True
54365,True
54368,True
5437,True
5438,True
5439,True
5440,True
54400,True
5441,True
54410,True
5442,True
54420,True
5443,True
54430,True
5444,True
54440,True
5445,True
54450,True
5446,True
54460,True
5447,True
54470,True
5448,True
5449,True
54490,True
5450,True
54500,True
54505,True
5451,True
54510,True
54515,True
54517,True
5452,True
54520,True
54522,True
54525,True
5453,True
54530,True
54535,True
5454,True
5455,True
5458,True
54580,True
54589,True
5459,True
54590,True
5460,True
5461,True
5462,True
5463,True
5464,True
5465,True
5466,True
5467,True
5468,True
5469,True
5470,True
54700,True
54705,True
5471,True
54710,True
54715,True
5472,True
54720,True
54725,True
54727,True
54730,True
54733,True
54735,True
54737,True
54740,True
54749,True
54753,True
54756,True
54758,True
54759,True
54762,True
54765,True
54766,True
54767,True
54768,True
5477,True
54771,True
54774,True
54777,True
54783,True
54786,True
54789,True
54792,True
54800,True
55002,True
55004,True
55006,True
55008,True
5501,True
55010,True
55012,True
55014,True
55016,True
55018,True
55019,True
5502,True
55020,True
55021,True
55022,True
55024,True
55026,True
55028,True
5503,True
55030,True
55031,True
55032,True
55034,True
55036,True
55038,True
55040,True
55042,True
55044,True
5505,True
5506,True
5507,True
5508,True
5509,True
5510,True
5511,True
5512,True
55120,True
55125,True
5513,True
55130,True
5514,True
55140,True
5515,True
55150,True
55152,True
55153,True
55154,True
55155,True
55156,True
55157,True
55158,True
5516,True
55160,True
55168,True
5517,True
55170,True
55175,True
55178,True
5518,True
55180,True
5519,True
55190,True
55191,True
55192,True
55194,True
55195,True
55199,True
5520,True
55200,True
5521,True
5522,True
5523,True
5524,True
55240,True
5525,True
55250,True
5526,True
55260,True
55265,True
5527,True
55270,True
5528,True
55280,True
5529,True
55290,True
55291,True
55292,True
55293,True
55294,True
55295,True
55296,True
55297,True
55298,True
55299,True
5530,True
55302,True
55305,True
5531,True
55310,True
55315,True
5532,True
55320,True
55325,True
5533,True
55330,True
55334,True
5534,True
55340,True
55345,True
5535,True
55350,True
55355,True
5536,True
55360,True
55365,True
5537,True
55370,True
55375,True
5538,True
55380,True
55385,True
5539,True
55390,True
55395,True
55398,True
5540,True
55400,True
55402,True
55405,True
55409,True
5541,True
55410,True
55415,True
5542,True
55420,True
5543,True
55430,True
55435,True
5544,True
55440,True
55445,True
5545,True
55450,True
5546,True
55460,True
5547,True
55470,True
55473,True
55480,True
55485,True
5549,True
55490,True
55495,True
5550,True
55500,True
5551,True
55510,True
55515,True
55520,True
55525,True
55530,True
55535,True
55540,True
55550,True
55555,True
55560,True
55565,True
55570,True
55578,True
55580,True
55590,True
55592,True
55595,True
5560,True
55600,True
55602,True
55604,True
55605,True
55606,True
55608,True
55610,True
55612,True
55614,True
55618,True
55620,True
5563,True
55630,True
55636,True
5564,True
55640,True
55641,True
55642,True
55643,True
55644,True
55645,True
5565,True
55650,True
55655,True
5566,True
55660,True
55665,True
5567,True
55670,True
55675,True
5568,True
55680,True
5569,True
55690,True
55695,True
5570,True
55700,True
5571,True
55715,True
5572,True
55720,True
5573,True
55730,True
55735,True
5574,True
55740,True
55745,True
55750,True
55755,True
5576,True
55760,True
55765,True
5577,True
55770,True
5578,True
55780,True
5579,True
55790,True
5580,True
55800,True
55805,True
5581,True
55811,True
55813,True
55814,True
55815,True
55816,True
55817,True
55818,True
55819,True
5582,True
55820,True
55825,True
5583,True
55835,True
5584,True
55840,True
55845,True
5585,True
55850,True
5586,True
55860,True
55865,True
5587,True
55870,True
5588,True
55880,True
5589,True
55890,True
5590,True
55900,True
5591,True
5592,True
55920,True
5593,True
55930,True
5594,True
55940,True
5595,True
55950,True
5596,True
56000,True
5601,True
5602,True
5603,True
5604,True
5605,True
5606,True
5608,True
5609,True
5610,True
5611,True
5612,True
56120,True
5613,True
56130,True
5614,True
56140,True
5615,True
56150,True
5616,True
56160,True
56163,True
5617,True
56170,True
5618,True
56180,True
5619,True
56190,True
5620,True
56200,True
5621,True
56210,True
56215,True
5622,True
56220,True
5623,True
56230,True
5624,True
5625,True
56250,True
5626,True
56260,True
5627,True
5628,True
56280,True
5629,True
5630,True
56302,True
56304,True
56306,True
56308,True
56309,True
56310,True
56312,True
56313,True
56314,True
56316,True
56317,True
56318,True
56319,True
5632,True
56320,True
56321,True
56322,True
56323,True
56326,True
56328,True
5633,True
56330,True
56331,True
56332,True
5634,True
56345,True
5635,True
56355,True
56360,True
5638,True
56380,True
5639,True
56395,True
5640,True
56400,True
5641,True
5642,True
56420,True
56430,True
56440,True
56460,True
56470,True
56480,True
5650,True
56502,True
56503,True
56504,True
56505,True
56506,True
56509,True
5651,True
56510,True
56511,True
56512,True
56515,True
56516,True
56517,True
56519,True
5652,True
56520,True
5653,True
5654,True
56540,True
5655,True
56550,True
5656,True
56560,True
56565,True
5657,True
5658,True
56580,True
5659,True
5660,True
56600,True
5661,True
5662,True
5663,True
5664,True
56640,True
5665,True
56670,True
5670,True
56700,True
5671,True
5672,True
56720,True
5673,True
5674,True
56740,True
5675,True
56750,True
5676,True
56760,True
5678,True
56780,True
5679,True
56795,True
56800,True
56820,True
56825,True
56828,True
5683,True
56830,True
5684,True
56840,True
56848,True
5685,True
56850,True
5686,True
5687,True
56870,True
5688,True
56895,True
5690,True
56903,True
56906,True
56909,True
5691,True
56912,True
56915,True
5692,True
5693,True
56930,True
56950,True
56980,True
57000,True
57010,True
57014,True
57015,True
57017,True
57018,True
57020,True
57022,True
57025,True
57030,True
57031,True
57035,True
57036,True
57037,True
57038,True
57039,True
5704,True
57040,True
57041,True
57042,True
57043,True
57044,True
57045,True
57046,True
57048,True
5705,True
57050,True
57051,True
57052,True
57055,True
57057,True
5706,True
57060,True
57061,True
57062,True
57063,True
5707,True
57070,True
57071,True
57072,True
57073,True
57074,True
57075,True
57080,True
57081,True
57082,True
57083,True
57084,True
57085,True
57086,True
5709,True
5710,True
57100,True
5711,True
5712,True
57120,True
5713,True
57130,True
57140,True
5715,True
57150,True
5716,True
57160,True
5717,True
5718,True
57180,True
57200,True
57210,True
57220,True
5723,True
57230,True
57235,True
5724,True
57240,True
57241,True
57242,True
57244,True
57245,True
57246,True
5725,True
57250,True
57255,True
57257,True
57258,True
5726,True
57260,True
57265,True
5727,True
57270,True
57275,True
5728,True
57280,True
5729,True
57290,True
5730,True
57300,True
57301,True
57302,True
57303,True
57304,True
57305,True
57306,True
57307,True
57308,True
57309,True
5731,True
57310,True
57311,True
57312,True
57313,True
57314,True
57315,True
57316,True
57317,True
57319,True
57320,True
57325,True
57330,True
5734,True
57340,True
5735,True
57350,True
5736,True
57360,True
57370,True
57380,True
57390,True
57400,True
5741,True
57410,True
5742,True
57420,True
57425,True
5743,True
57430,True
57440,True
57442,True
57445,True
5745,True
57460,True
57470,True
57475,True
57480,True
5749,True
57490,True
5750,True
57500,True
57510,True
57515,True
5752,True
57520,True
57525,True
57530,True
57535,True
5754,True
57540,True
57545,True
5755,True
57550,True
5756,True
57560,True
5757,True
57570,True
5758,True
57580,True
5759,True
5760,True
57600,True
57601,True
57602,True
57603,True
57604,True
57605,True
57606,True
57607,True
57608,True
5761,True
5762,True
57620,True
57625,True
5763,True
57630,True
57635,True
57640,True
5765,True
5766,True
57660,True
5767,True
57670,True
57680,True
57690,True
5770,True
57700,True
5772,True
57720,True
5773,True
57730,True
5774,True
57740,True
5775,True
57750,True
5776,True
57760,True
5777,True
57770,True
5778,True
57780,True
5780,True
57800,True
5781,True
5782,True
57820,True
5783,True
57830,True
5784,True
57840,True
5785,True
5786,True
57860,True
5787,True
5788,True
5789,True
57890,True
5790,True
57900,True
5791,True
57910,True
5792,True
57920,True
57925,True
5793,True
57930,True
57935,True
5794,True
57940,True
57945,True
5795,True
57950,True
57955,True
5796,True
57960,True
57965,True
57968,True
5797,True
57970,True
57975,True
5798,True
57980,True
57990,True
57995,True
5801,True
58010,True
58011,True
58013,True
58015,True
5802,True
58020,True
58025,True
58026,True
58027,True
58028,True
58030,True
58031,True
58032,True
58033,True
58034,True
58035,True
58036,True
58037,True
58038,True
58039,True
5804,True
58040,True
58041,True
58042,True
58043,True
58045,True
58046,True
58047,True
5805,True
58050,True
58051,True
58052,True
58053,True
58055,True
58056,True
58057,True
58058,True
58059,True
58062,True
58063,True
58064,True
58065,True
58066,True
58067,True
58068,True
58069,True
58070,True
58071,True
58073,True
58074,True
58075,True
58076,True
58077,True
58078,True
58079,True
58080,True
58081,True
58082,True
58083,True
58084,True
58085,True
58086,True
58087,True
58088,True
58090,True
58100,True
58101,True
58102,True
58103,True
58105,True
58106,True
58107,True
58108,True
58109,True
58115,True
58117,True
58119,True
5812,True
58120,True
58123,True
58125,True
58128,True
5813,True
58135,True
5814,True
58140,True
58145,True
5815,True
58150,True
58155,True
5816,True
58167,True
58170,True
58173,True
58175,True
58177,True
58178,True
5818,True
58180,True
58184,True
58187,True
58188,True
5819,True
58195,True
5820,True
58200,True
58208,True
5821,True
58210,True
58213,True
5822,True
58220,True
58225,True
58228,True
5823,True
58230,True
58233,True
58238,True
58250,True
58253,True
58254,True
58255,True
58260,True
58265,True
58268,True
58270,True
58273,True
58275,True
58278,True
5828,True
58280,True
58287,True
58289,True
58291,True
58292,True
58297,True
5830,True
58300,True
58301,True
58302,True
58303,True
58304,True
58305,True
58306,True
58307,True
58308,True
58309,True
5831,True
58310,True
58315,True
5832,True
58320,True
58322,True
58324,True
58326,True
58328,True
5833,True
58330,True
58334,True
58337,True
58338,True
58339,True
5834,True
58340,True
58342,True
58345,True
5835,True
58350,True
58354,True
58356,True
5836,True
58360,True
58370,True
58375,True
58378,True
58380,True
58382,True
58385,True
58387,True
58388,True
58390,True
58393,True
58395,True
58396,True
58397,True
58398,True
58399,True
5840,True
58400,True
58401,True
58402,True
58403,True
58404,True
58406,True
58407,True
58408,True
5841,True
58410,True
58411,True
58414,True
58415,True
58416,True
58417,True
58418,True
5842,True
58420,True
58421,True
58423,True
58424,True
58428,True
58429,True
5843,True
58430,True
58431,True
58432,True
58433,True
58434,True
58436,True
58437,True
5844,True
58441,True
5845,True
58450,True
58458,True
5846,True
58460,True
58463,True
58465,True
5847,True
58475,True
5848,True
58480,True
58483,True
58485,True
58487,True
58489,True
5849,True
58494,True
58497,True
5850,True
58500,True
5851,True
58515,True
5852,True
58520,True
5853,True
58530,True
58533,True
58535,True
5854,True
58540,True
58548,True
5855,True
58550,True
5856,True
58560,True
5857,True
58570,True
58575,True
5858,True
58580,True
58582,True
58588,True
5859,True
58590,True
5860,True
58600,True
5861,True
58610,True
5862,True
58620,True
58625,True
5863,True
5864,True
58640,True
5866,True
58660,True
58665,True
5867,True
58670,True
58675,True
5868,True
58680,True
58685,True
5869,True
58690,True
58695,True
58698,True
5870,True
58700,True
58701,True
58703,True
58704,True
58705,True
58706,True
58707,True
58708,True
5871,True
58710,True
58713,True
58714,True
58715,True
5872,True
58720,True
58723,True
58725,True
5873,True
58732,True
58735,True
58737,True
5874,True
58740,True
58745,True
58748,True
5875,True
58750,True
58753,True
58755,True
58758,True
5876,True
58760,True
58765,True
5877,True
58770,True
58775,True
58778,True
5878,True
58780,True
58784,True
5879,True
58790,True
58795,True
58798,True
5880,True
58800,True
58801,True
58802,True
58804,True
58805,True
58806,True
58807,True
58808,True
5881,True
58815,True
58817,True
58818,True
58819,True
5882,True
58820,True
58823,True
58824,True
5883,True
58830,True
58832,True
58835,True
5884,True
58840,True
5885,True
58857,True
5886,True
58860,True
58865,True
5887,True
58870,True
5888,True
58880,True
58884,True
58887,True
5889,True
58890,True
58893,True
58895,True
5890,True
58900,True
58908,True
5891,True
58910,True
58915,True
5892,True
58920,True
58922,True
58925,True
58928,True
5893,True
58930,True
58933,True
58935,True
5894,True
58940,True
58945,True
5895,True
58950,True
58955,True
58960,True
58970,True
58978,True
58980,True
58985,True
58993,True
58994,True
58995,True
59010,True
59012,True
59014,True
59015,True
59020,True
59022,True
59025,True
59030,True
59031,True
59032,True
59035,True
59037,True
59040,True
59042,True
59050,True
59052,True
59054,True
59056,True
59060,True
59062,True
59063,True
59064,True
59065,True
59066,True
59067,True
59068,True
59069,True
59070,True
59071,True
59072,True
59073,True
59074,True
59075,True
59076,True
59077,True
59078,True
59080,True
59082,True
59084,True
59086,True
59088,True
59090,True
59091,True
59092,True
59094,True
59104,True
59106,True
59108,True
59110,True
59112,True
59114,True
59115,True
59120,True
59122,True
59123,True
59124,True
59125,True
59127,True
59129,True
59131,True
59132,True
59133,True
59135,True
59136,True
59138,True
59139,True
59140,True
59141,True
59142,True
59143,True
59144,True
59145,True
59146,True
59147,True
59148,True
59149,True
59150,True
59151,True
59152,True
59153,True
59154,True
59155,True
59156,True
59157,True
59158,True
59160,True
59161,True
59162,True
59164,True
59170,True
59173,True
59178,True
59179,True
59180,True
59182,True
59184,True
59185,True
59188,True
59190,True
59192,True
59194,True
59196,True
59198,True
59200,True
59210,True
59213,True
59214,True
59215,True
59217,True
59218,True
59219,True
59220,True
59225,True
59227,True
59230,True
59235,True
59240,True
59245,True
59247,True
59250,True
59255,True
59258,True
59260,True
59270,True
59275,True
59280,True
59290,True
59291,True
59293,True
59295,True
59296,True
59297,True
59298,True
59300,True
59310,True
59315,True
59318,True
59320,True
59324,True
59327,True
59330,True
59335,True
59338,True
59340,True
59343,True
59347,True
59350,True
59355,True
59360,True
59370,True
59374,True
59375,True
59378,True
59380,True
59390,True
59395,True
59400,True
59410,True
59420,True
59430,True
59440,True
59445,True
59460,True
59464,True
59470,True
59480,True
59490,True
59500,True
59504,True
59507,True
59508,True
59510,True
59513,True
59515,True
59517,True
59518,True
59520,True
59528,True
59530,True
59535,True
59540,True
59550,True
59555,True
59560,True
59565,True
59570,True
59575,True
59578,True
59582,True
59584,True
59585,True
59586,True
59588,True
59590,True
59592,True
59594,True
59596,True
59598,True
59600,True
59603,True
59604,True
59605,True
59607,True
59609,True
59610,True
59611,True
59612,True
59613,True
59614,True
59615,True
59616,True
59617,True
59618,True
59619,True
59621,True
59625,True
59626,True
59628,True
59630,True
59631,True
59633,True
59634,True
59635,True
59650,True
59655,True
59660,True
59663,True
59665,True
59668,True
59670,True
59675,True
59678,True
59680,True
59685,True
59690,True
59695,True
59700,True
59730,True
59740,True
59760,True
59770,True
59775,True
59780,True
59790,True
59795,True
59800,True
59805,True
59808,True
59810,True
59815,True
59820,True
59830,True
59840,True
59855,True
59856,True
59865,True
59870,True
59880,True
59890,True
59900,True
59902,True
59905,True
59908,True
59910,True
59920,True
59925,True
59930,True
59940,True
59945,True
59950,True
59955,True
59960,True
59965,True
59970,True
59980,True
59987,True
59990,True
59995,True
60010,True
60011,True
60015,True
60020,True
60025,True
60030,True
60035,True
60040,True
60050,True
60055,True
60060,True
6010,True
60110,True
60115,True
60120,True
60125,True
6013,True
60130,True
60131,True
60135,True
60140,True
60150,True
60155,True
6016,True
60160,True
60165,True
60170,True
60175,True
60176,True
60177,True
6018,True
60180,True
60181,True
60182,True
60183,True
60184,True
60190,True
60191,True
60192,True
6020,True
6023,True
6026,True
6028,True
6029,True
6030,True
60310,True
60311,True
60312,True
60320,True
60321,True
60325,True
60326,True
6033,True
60330,True
60331,True
60332,True
60333,True
60334,True
60335,True
60336,True
60337,True
60340,True
60341,True
60345,True
60346,True
60347,True
60348,True
60349,True
60350,True
60351,True
60352,True
60353,True
60355,True
60356,True
60357,True
6036,True
60360,True
60361,True
6037,True
6038,True
6040,True
60410,True
60411,True
60415,True
60416,True
60420,True
60421,True
60422,True
60425,True
60426,True
60430,True
60431,True
60440,True
60441,True
60442,True
6045,True
60450,True
60455,True
6050,True
60510,True
60511,True
60512,True
60520,True
60521,True
60525,True
60526,True
60527,True
6053,True
60530,True
60531,True
60532,True
60533,True
60534,True
60540,True
60541,True
60542,True
60543,True
60544,True
60545,True
60546,True
6056,True
6060,True
6065,True
6070,True
60710,True
60711,True
60712,True
60713,True
60714,True
60720,True
60721,True
60730,True
60731,True
60732,True
60733,True
60734,True
60736,True
60740,True
60741,True
60742,True
60743,True
60744,True
6075,True
60750,True
60751,True
60752,True
60760,True
60761,True
60762,True
60763,True
60764,True
60765,True
60766,True
60767,True
60768,True
6080,True
60810,True
60811,True
60812,True
60813,True
60820,True
60821,True
60822,True
60823,True
60824,True
6083,True
60830,True
60831,True
60832,True
60833,True
60834,True
60835,True
60836,True
60840,True
60841,True
60842,True
60843,True
60844,True
60850,True
60851,True
6086,True
60860,True
60861,True
60862,True
60863,True
60864,True
60865,True
60866,True
60867,True
60868,True
60870,True
60871,True
60872,True
60873,True
60874,True
60875,True
60876,True
60878,True
6090,True
6093,True
6097,True
6102,True
6110,True
6112,True
6114,True
6120,True
6122,True
6124,True
6126,True
6130,True
6132,True
6140,True
6142,True
6144,True
6145,True
6147,True
6149,True
6150,True
6152,True
6154,True
6160,True
61600,True
61601,True
61602,True
61603,True
61604,True
61605,True
61608,True
61610,True
61615,True
61616,True
61619,True
6162,True
61620,True
61621,True
61624,True
61625,True
61626,True
61627,True
61629,True
61631,True
61634,True
61635,True
61636,True
61637,True
61642,True
61645,True
61648,True
61650,True
61652,True
61654,True
61655,True
61656,True
61658,True
61659,True
61661,True
61663,True
6170,True
61700,True
6172,True
61760,True
6180,True
61800,True
61801,True
61802,True
61803,True
61805,True
61809,True
61810,True
61814,True
6182,True
6184,True
6186,True
6187,True
61880,True
61890,True
6190,True
61900,True
61901,True
61902,True
61903,True
61905,True
61908,True
61909,True
61910,True
61913,True
61914,True
61919,True
6192,True
61920,True
61921,True
61925,True
61930,True
61932,True
61933,True
61934,True
61935,True
61936,True
61939,True
6194,True
61940,True
61941,True
61942,True
61943,True
61944,True
61946,True
61948,True
61949,True
61962,True
61979,True
62000,True
62010,True
62011,True
62014,True
62015,True
62016,True
62020,True
62021,True
62022,True
62023,True
62030,True
62031,True
62032,True
62033,True
62034,True
62039,True
62040,True
62041,True
62042,True
62043,True
62044,True
62045,True
62050,True
62051,True
62053,True
6210,True
62104,True
62105,True
62106,True
62107,True
62108,True
62113,True
62115,True
62120,True
6213,True
62130,True
62140,True
62150,True
6216,True
62160,True
62170,True
62180,True
62184,True
62190,True
6220,True
62200,True
62210,True
62215,True
62220,True
6223,True
62230,True
62250,True
62255,True
6226,True
62260,True
62265,True
62270,True
62280,True
62297,True
6230,True
62300,True
62320,True
6233,True
62340,True
62350,True
6236,True
62360,True
62365,True
62370,True
62375,True
62380,True
62390,True
6240,True
62400,True
62410,True
62414,True
62420,True
6243,True
62430,True
62450,True
6246,True
62460,True
62470,True
62480,True
6250,True
62500,True
62502,True
62505,True
62508,True
6253,True
62530,True
62540,True
62550,True
62560,True
62570,True
62580,True
62590,True
62595,True
62597,True
62598,True
6260,True
62600,True
62610,True
62620,True
6263,True
62630,True
62640,True
62642,True
62650,True
62655,True
6266,True
62660,True
62665,True
62670,True
62674,True
62677,True
6268,True
62680,True
62685,True
62690,True
6270,True
62700,True
62725,True
6273,True
62730,True
62734,True
62736,True
62738,True
62740,True
62748,True
62750,True
62755,True
6276,True
62760,True
62762,True
62764,True
62766,True
62770,True
6278,True
62780,True
62785,True
62790,True
62795,True
6280,True
62800,True
62810,True
62815,True
62820,True
62823,True
6283,True
62840,True
62842,True
62850,True
62852,True
6286,True
62860,True
62870,True
62875,True
6288,True
62880,True
62881,True
62882,True
62884,True
62885,True
62886,True
62899,True
6290,True
62900,True
62903,True
62908,True
62910,True
62920,True
62922,True
6293,True
62930,True
62940,True
62948,True
62955,True
6296,True
62960,True
62965,True
62970,True
6298,True
62980,True
62990,True
63010,True
63011,True
63012,True
63013,True
63016,True
63018,True
63020,True
63021,True
63022,True
63024,True
63028,True
63030,True
63031,True
63033,True
63034,True
63035,True
63036,True
63038,True
63040,True
63041,True
63042,True
63043,True
63044,True
63046,True
63047,True
63048,True
63050,True
63051,True
6310,True
63100,True
63101,True
63103,True
63104,True
63105,True
63106,True
63107,True
63108,True
63109,True
6311,True
63110,True
63111,True
63112,True
63113,True
63115,True
63116,True
63118,True
63119,True
63122,True
63123,True
63125,True
63132,True
63133,True
63140,True
63145,True
6315,True
63150,True
63155,True
63160,True
63165,True
6317,True
63170,True
63180,True
63185,True
63190,True
63195,True
6320,True
63200,True
6321,True
63210,True
63215,True
6322,True
63220,True
63230,True
63240,True
6325,True
63250,True
6326,True
63260,True
6327,True
63270,True
63275,True
6328,True
63280,True
6329,True
63290,True
6330,True
63300,True
63307,True
6331,True
63310,True
6332,True
63320,True
6333,True
6334,True
63340,True
6335,True
63360,True
63380,True
6340,True
63400,True
6341,True
6342,True
6343,True
63430,True
6345,True
63460,True
63470,True
63475,True
63477,True
63478,True
63480,True
63490,True
6350,True
63500,True
63501,True
63502,True
63503,True
63504,True
63505,True
63507,True
63508,True
6351,True
63515,True
6352,True
63520,True
63527,True
63530,True
63540,True
6355,True
63560,True
63570,True
63575,True
63580,True
63585,True
63590,True
63595,True
6360,True
63600,True
63605,True
63608,True
6361,True
63610,True
6362,True
63620,True
6363,True
63630,True
63632,True
63635,True
6364,True
63640,True
63645,True
6365,True
63650,True
63660,True
63670,True
63680,True
63700,True
63740,True
63750,True
63765,True
63780,True
6379,True
6380,True
63800,True
6381,True
6382,True
63825,True
6384,True
6385,True
6386,True
63860,True
6387,True
63870,True
6390,True
63900,True
63901,True
63902,True
63903,True
63905,True
63906,True
63907,True
63908,True
63910,True
6394,True
6395,True
6396,True
63960,True
6397,True
63970,True
64000,True
64001,True
64002,True
64003,True
64004,True
64005,True
64006,True
64007,True
64008,True
64009,True
6401,True
64010,True
64011,True
64012,True
64013,True
64014,True
64015,True
64016,True
64017,True
64018,True
64019,True
6402,True
64020,True
64022,True
64023,True
64025,True
64027,True
64028,True
64030,True
64031,True
64032,True
64033,True
64034,True
64035,True
64037,True
64038,True
64039,True
6404,True
64040,True
64041,True
64045,True
64046,True
64048,True
64049,True
6405,True
64050,True
64051,True
64052,True
64053,True
64055,True
64056,True
64057,True
64058,True
64059,True
6406,True
64060,True
64062,True
64063,True
64064,True
64066,True
64067,True
64069,True
6407,True
64071,True
64073,True
64074,True
64075,True
64076,True
64077,True
64078,True
64079,True
6408,True
64080,True
64081,True
64082,True
64083,True
64084,True
64085,True
64086,True
6409,True
64090,True
64091,True
6410,True
64100,True
64105,True
64108,True
6411,True
64110,True
6412,True
64120,True
6413,True
64130,True
64138,True
6414,True
64140,True
64145,True
6415,True
64150,True
6416,True
64160,True
64165,True
64168,True
6417,True
64170,True
64175,True
64178,True
6418,True
64180,True
6419,True
64190,True
6420,True
64200,True
64201,True
64202,True
64204,True
64205,True
64206,True
64207,True
64208,True
64209,True
6421,True
64210,True
64211,True
64212,True
64213,True
64215,True
64216,True
64217,True
64218,True
6422,True
64220,True
64222,True
64224,True
64225,True
64228,True
6423,True
64230,True
64233,True
64235,True
64238,True
6424,True
64240,True
64243,True
64245,True
64250,True
64253,True
64255,True
64258,True
64260,True
64265,True
64270,True
64278,True
6428,True
64280,True
64283,True
64285,True
64288,True
6429,True
64290,True
64300,True
64308,True
64310,True
64315,True
64320,True
64325,True
6433,True
64330,True
64333,True
64335,True
6434,True
64340,True
64343,True
64345,True
6435,True
64350,True
6436,True
64360,True
64365,True
6437,True
64370,True
64375,True
64378,True
64380,True
64388,True
64390,True
64395,True
6440,True
64400,True
64410,True
6442,True
64420,True
6443,True
64430,True
64435,True
6444,True
64440,True
64445,True
6445,True
64450,True
64453,True
64455,True
64460,True
64465,True
64468,True
6447,True
64470,True
64475,True
6448,True
64480,True
6449,True
64490,True
64495,True
64500,True
64510,True
64512,True
64514,True
64516,True
64518,True
64520,True
64525,True
64528,True
6453,True
64530,True
64535,True
6454,True
64540,True
64545,True
64548,True
6455,True
64550,True
64555,True
64558,True
64560,True
64563,True
64565,True
64568,True
64570,True
64573,True
64575,True
64578,True
6458,True
64585,True
64590,True
64595,True
6460,True
64600,True
64601,True
64604,True
64606,True
64607,True
64608,True
64615,True
64618,True
6462,True
64620,True
64625,True
6463,True
64630,True
64635,True
64640,True
64645,True
6465,True
64650,True
64655,True
64660,True
64670,True
64675,True
64678,True
64680,True
64685,True
64688,True
64690,True
64695,True
6470,True
64700,True
64705,True
6471,True
64710,True
6472,True
64720,True
64725,True
64728,True
6473,True
64730,True
6474,True
64740,True
64745,True
64748,True
6475,True
64750,True
64753,True
64755,True
64758,True
64760,True
64763,True
64764,True
64767,True
64768,True
64770,True
64773,True
64778,True
64780,True
64782,True
64783,True
64785,True
64788,True
64790,True
64793,True
64795,True
64798,True
6480,True
64800,True
64801,True
64803,True
64804,True
64806,True
64807,True
64808,True
64809,True
64815,True
64820,True
64825,True
64835,True
64838,True
64840,True
64845,True
6485,True
64850,True
64855,True
64858,True
64860,True
64865,True
64868,True
64870,True
64873,True
64875,True
64880,True
64885,True
64890,True
64893,True
64895,True
64898,True
64900,True
64910,True
64915,True
64920,True
64923,True
64925,True
64930,True
64940,True
64945,True
64960,True
64963,True
64965,True
64968,True
64970,True
64975,True
64980,True
64990,True
64993,True
64995,True
65000,True
6501,True
65010,True
65015,True
6502,True
65020,True
65021,True
65025,True
65026,True
6503,True
65030,True
65031,True
65032,True
65033,True
65035,True
65036,True
65037,True
6504,True
65040,True
65041,True
65042,True
65043,True
65044,True
65045,True
65046,True
65047,True
65048,True
65049,True
6505,True
65050,True
65051,True
65052,True
65053,True
65054,True
65055,True
65056,True
65057,True
65058,True
65059,True
6506,True
65060,True
65061,True
65062,True
65063,True
65064,True
65065,True
65066,True
65067,True
65068,True
65070,True
65071,True
65072,True
65073,True
65074,True
65075,True
65076,True
65077,True
65078,True
65080,True
65081,True
65082,True
65083,True
65085,True
65086,True
6509,True
65090,True
65091,True
65092,True
65093,True
65094,True
65095,True
65110,True
6513,True
65130,True
65138,True
6514,True
65140,True
65143,True
65145,True
65148,True
6515,True
65150,True
6516,True
65160,True
6517,True
65170,True
65180,True
6519,True
65190,True
65195,True
6520,True
65200,True
65204,True
65206,True
65208,True
65210,True
65213,True
65215,True
65218,True
65220,True
65223,True
65225,True
6523,True
65230,True
65233,True
65235,True
65238,True
6524,True
65245,True
65248,True
6525,True
65250,True
65255,True
6526,True
65260,True
65263,True
65265,True
65267,True
65268,True
65269,True
65270,True
65272,True
65274,True
65275,True
65276,True
65278,True
65279,True
6528,True
65280,True
65283,True
65284,True
65285,True
65288,True
65289,True
6529,True
65290,True
65292,True
65293,True
65294,True
65295,True
65299,True
6530,True
65300,True
65301,True
65302,True
65304,True
65306,True
6531,True
65310,True
65315,True
6532,True
65320,True
6533,True
65335,True
6534,True
65340,True
65345,True
6535,True
65350,True
65360,True
65363,True
65365,True
65368,True
6537,True
65370,True
65378,True
65380,True
65385,True
6539,True
65390,True
65393,True
65395,True
65398,True
6540,True
65400,True
6541,True
65413,True
65415,True
65418,True
6542,True
65420,True
6543,True
65430,True
6544,True
65440,True
65450,True
65455,True
65460,True
65465,True
65468,True
65470,True
65480,True
65485,True
65490,True
65495,True
6550,True
65500,True
65505,True
65510,True
65515,True
65520,True
65525,True
65530,True
65535,True
65540,True
65545,True
65550,True
65555,True
65560,True
65570,True
65578,True
65580,True
65582,True
65585,True
65590,True
65600,True
65602,True
65603,True
65604,True
65605,True
65606,True
65607,True
65608,True
65609,True
65610,True
65615,True
65620,True
65625,True
65630,True
65631,True
65632,True
65633,True
65634,True
65635,True
65636,True
65637,True
65640,True
65645,True
65650,True
65660,True
65665,True
65668,True
65670,True
65680,True
65683,True
65685,True
65690,True
65693,True
65695,True
65700,True
65704,True
65705,True
65706,True
65707,True
65708,True
65709,True
65710,True
65712,True
65714,True
65715,True
65716,True
65718,True
65720,True
65723,True
65725,True
65727,True
65728,True
65730,True
65735,True
65740,True
65750,True
65753,True
65755,True
65758,True
65760,True
65762,True
65763,True
65765,True
65768,True
65770,True
65775,True
65780,True
65783,True
65785,True
65790,True
65795,True
65800,True
65805,True
65808,True
65810,True
65820,True
65840,True
65850,True
65860,True
65870,True
65880,True
65885,True
65888,True
65890,True
65895,True
65900,True
65901,True
65903,True
65904,True
65905,True
65906,True
65907,True
65908,True
65910,True
65911,True
65912,True
65913,True
65914,True
65915,True
65916,True
65917,True
65918,True
65919,True
65920,True
65921,True
65922,True
65923,True
65924,True
65925,True
65927,True
65928,True
65929,True
65930,True
65935,True
65936,True
65937,True
65938,True
65939,True
65940,True
65943,True
65945,True
65948,True
65950,True
65962,True
65968,True
65970,True
65973,True
65975,True
65978,True
65980,True
65990,True
65995,True
6600,True
66010,True
66013,True
66015,True
66017,True
66019,True
6602,True
66020,True
66023,True
66025,True
66030,True
66033,True
66035,True
6604,True
66040,True
66045,True
66050,True
66053,True
66055,True
6606,True
66060,True
66063,True
66065,True
66070,True
66073,True
66075,True
66077,True
66079,True
6608,True
66080,True
66083,True
66085,True
66087,True
6609,True
66090,True
66093,True
66095,True
6610,True
66110,True
66113,True
66115,True
66117,True
6612,True
66120,True
66123,True
6616,True
6618,True
6620,True
6622,True
6624,True
6626,True
6630,True
6631,True
6633,True
6634,True
6636,True
6642,True
6648,True
6650,True
6652,True
6653,True
6654,True
6655,True
6656,True
6657,True
6660,True
66610,True
66613,True
66615,True
66617,True
66620,True
66623,True
66625,True
6663,True
66630,True
66633,True
66635,True
66640,True
66645,True
6665,True
66650,True
66652,True
66670,True
66690,True
66695,True
6670,True
6673,True
6675,True
6680,True
66810,True
66811,True
66812,True
66813,True
66814,True
66815,True
66816,True
66820,True
66821,True
66822,True
66823,True
66825,True
6683,True
66830,True
66831,True
66833,True
6684,True
66840,True
66843,True
66845,True
6685,True
6690,True
66910,True
66911,True
66912,True
66913,True
66914,True
66916,True
66918,True
66920,True
66923,True
6693,True
6694,True
6695,True
6696,True
6700,True
6701,True
67010,True
67013,True
67015,True
6702,True
67020,True
6703,True
67030,True
67033,True
67035,True
6704,True
67040,True
6705,True
6706,True
6707,True
6708,True
6709,True
6710,True
67100,True
67103,True
6711,True
67110,True
67113,True
67115,True
67118,True
6712,True
67120,True
67125,True
6713,True
67130,True
67133,True
6714,True
67140,True
67143,True
67145,True
67146,True
6715,True
6716,True
6717,True
6719,True
6720,True
67200,True
6721,True
6722,True
6723,True
6724,True
6725,True
6726,True
6727,True
6728,True
6729,True
6730,True
6738,True
6753,True
6754,True
6755,True
6756,True
6757,True
6760,True
6763,True
6764,True
6765,True
6766,True
6767,True
6768,True
6770,True
6773,True
6774,True
6775,True
6780,True
6783,True
6784,True
6785,True
6786,True
6787,True
6790,True
6793,True
6794,True
6795,True
68005,True
68010,True
68015,True
68020,True
68022,True
68025,True
6803,True
68030,True
68035,True
68038,True
6804,True
68040,True
68041,True
68045,True
68047,True
6805,True
68050,True
6806,True
6807,True
6810,True
68129,True
6813,True
68130,True
68138,True
6814,True
68140,True
68143,True
68145,True
68148,True
6815,True
6816,True
68165,True
6817,True
68170,True
6818,True
68180,True
68181,True
68182,True
68184,True
68193,True
68195,True
68198,True
6820,True
68200,True
68210,True
68220,True
6823,True
68230,True
6824,True
6825,True
68250,True
6826,True
68270,True
68275,True
68280,True
68285,True
6830,True
68300,True
6833,True
68330,True
6835,True
68360,True
68365,True
68371,True
68372,True
68373,True
68374,True
68375,True
68376,True
68377,True
68379,True
68380,True
68383,True
68385,True
68388,True
68390,True
68398,True
6840,True
68400,True
68415,True
68420,True
6843,True
68430,True
68435,True
6844,True
68440,True
68445,True
68447,True
68448,True
6845,True
68450,True
68455,True
68456,True
68457,True
68458,True
68459,True
6846,True
68460,True
68464,True
68465,True
68470,True
68473,True
68475,True
68480,True
68485,True
68488,True
68490,True
6850,True
68500,True
68501,True
68502,True
68503,True
68504,True
68505,True
68506,True
68507,True
68508,True
68509,True
6851,True
68510,True
68512,True
68513,True
68514,True
68515,True
68516,True
6852,True
68520,True
68521,True
68523,True
68524,True
68525,True
68527,True
6853,True
68530,True
68533,True
68535,True
68537,True
6854,True
68540,True
68543,True
68545,True
68548,True
6855,True
68550,True
68551,True
68552,True
68553,True
68554,True
68555,True
68556,True
68557,True
6856,True
68560,True
68565,True
6857,True
68570,True
68575,True
6858,True
68580,True
68585,True
6859,True
68590,True
6860,True
68600,True
6861,True
68610,True
68617,True
68618,True
68620,True
68625,True
68626,True
68627,True
68628,True
6863,True
68630,True
68632,True
68633,True
68635,True
68637,True
68638,True
68639,True
6864,True
68640,True
68644,True
68645,True
68647,True
6865,True
68650,True
68655,True
68658,True
6866,True
68660,True
68665,True
6867,True
68670,True
68675,True
6868,True
68680,True
68682,True
68685,True
6869,True
68690,True
68695,True
6870,True
68700,True
68701,True
68702,True
68703,True
68707,True
68709,True
6871,True
68710,True
68719,True
6872,True
68720,True
68721,True
68722,True
68725,True
6873,True
68730,True
68734,True
68738,True
6874,True
68740,True
68741,True
68742,True
68743,True
68744,True
68745,True
68746,True
68747,True
68748,True
68750,True
6876,True
68760,True
6877,True
68773,True
68780,True
68785,True
68786,True
68790,True
68792,True
68795,True
68797,True
68798,True
6880,True
68800,True
6881,True
68810,True
68815,True
6882,True
68820,True
68825,True
68830,True
68840,True
6885,True
68850,True
6886,True
68860,True
6887,True
68870,True
6888,True
68890,True
6890,True
68900,True
68901,True
68902,True
68903,True
68904,True
68905,True
68906,True
68907,True
68908,True
68909,True
68911,True
68915,True
68920,True
68924,True
68925,True
68926,True
68927,True
68928,True
68940,True
68945,True
68948,True
68950,True
68960,True
68980,True
68985,True
68997,True
6900,True
69005,True
69006,True
69007,True
69008,True
69009,True
69010,True
69015,True
69017,True
69018,True
69020,True
69021,True
69022,True
69023,True
69025,True
69027,True
69028,True
69029,True
69030,True
69033,True
69035,True
69036,True
69037,True
69038,True
69039,True
69040,True
69041,True
69042,True
69043,True
69044,True
69045,True
69046,True
69047,True
69048,True
69049,True
69050,True
69053,True
69054,True
69055,True
69057,True
69058,True
69059,True
69060,True
69063,True
69065,True
69067,True
69068,True
69070,True
69072,True
69073,True
69074,True
69075,True
69076,True
69077,True
69078,True
69079,True
69080,True
69082,True
69083,True
69084,True
69085,True
69086,True
69087,True
69088,True
69089,True
69090,True
69092,True
69093,True
69094,True
69095,True
69096,True
69097,True
69098,True
69099,True
69100,True
69101,True
69103,True
69104,True
69114,True
69117,True
69120,True
69130,True
69135,True
69140,True
69151,True
69152,True
69153,True
69170,True
69180,True
69190,True
69195,True
69200,True
69230,True
69240,True
69250,True
69255,True
69260,True
69265,True
69280,True
69301,True
69303,True
69304,True
69305,True
69306,True
69307,True
69308,True
69309,True
69310,True
69311,True
69312,True
69313,True
69314,True
69315,True
69316,True
69317,True
69318,True
69340,True
69345,True
69348,True
69350,True
69355,True
69360,True
69370,True
69373,True
69375,True
69378,True
69380,True
69400,True
69401,True
69405,True
69410,True
69415,True
69425,True
69435,True
69440,True
69445,True
69450,True
69460,True
69470,True
69480,True
69490,True
69495,True
6950,True
69500,True
69510,True
69520,True
69540,True
69550,True
69552,True
69553,True
69555,True
69557,True
69600,True
69620,True
69630,True
69640,True
69650,True
69660,True
69670,True
69685,True
69700,True
69730,True
69735,True
69750,True
69790,True
69800,True
69820,True
69830,True
69850,True
69860,True
69870,True
69880,True
69890,True
69895,True
69900,True
69901,True
69902,True
69903,True
69904,True
69905,True
69906,True
69907,True
69908,True
69909,True
69910,True
69911,True
69912,True
69914,True
69915,True
69917,True
69918,True
69919,True
69920,True
69921,True
69922,True
69925,True
69926,True
69927,True
69928,True
69929,True
69930,True
69931,True
69932,True
69934,True
69935,True
69940,True
69945,True
69950,True
69955,True
69960,True
69970,True
69975,True
69980,True
69982,True
69983,True
69985,True
69990,True
70002,True
70037,True
70040,True
70041,True
70043,True
70044,True
70047,True
70048,True
70053,True
70054,True
70055,True
70056,True
70057,True
70059,True
70064,True
70065,True
70067,True
70068,True
70070,True
70072,True
70074,True
70077,True
70078,True
7010,True
7011,True
7012,True
7013,True
70150,True
70160,True
70175,True
7020,True
70200,True
7021,True
70210,True
7022,True
7023,True
70232,True
70233,True
70234,True
70235,True
70236,True
70237,True
70238,True
70239,True
7024,True
7025,True
70252,True
70253,True
70254,True
70255,True
70256,True
70257,True
70258,True
70272,True
70273,True
70274,True
70275,True
70276,True
70277,True
70278,True
70292,True
70293,True
70294,True
70295,True
70296,True
70297,True
70298,True
70299,True
7030,True
7031,True
7032,True
7033,True
70330,True
70331,True
70335,True
70336,True
70337,True
70338,True
7034,True
70340,True
70342,True
70343,True
70344,True
70345,True
70346,True
70347,True
70350,True
70351,True
70352,True
70353,True
70354,True
70355,True
70360,True
70361,True
70362,True
70363,True
70364,True
70365,True
70372,True
70373,True
70374,True
70375,True
70376,True
70377,True
70380,True
70381,True
70382,True
70383,True
70384,True
70385,True
70386,True
70387,True
70390,True
70391,True
70393,True
7040,True
70402,True
70406,True
7041,True
70415,True
7042,True
70422,True
7043,True
7044,True
7050,True
7051,True
7052,True
7053,True
7054,True
7055,True
7056,True
7060,True
70602,True
7061,True
70610,True
7062,True
70620,True
7063,True
70630,True
70631,True
70632,True
70634,True
70636,True
7064,True
70640,True
70645,True
70648,True
70650,True
70655,True
70658,True
70660,True
70666,True
70670,True
70673,True
70675,True
70680,True
70687,True
7070,True
7071,True
70710,True
70711,True
70712,True
70719,True
7072,True
70720,True
70722,True
70723,True
7073,True
70730,True
70732,True
70733,True
70734,True
70735,True
70736,True
70737,True
7074,True
70740,True
70741,True
70742,True
70743,True
70744,True
70745,True
70746,True
70747,True
7075,True
70750,True
70752,True
70753,True
70754,True
70755,True
70756,True
70757,True
7076,True
70760,True
70761,True
70762,True
70763,True
70764,True
70765,True
70766,True
70767,True
7077,True
70770,True
70772,True
70773,True
70774,True
70775,True
70785,True
70790,True
7080,True
70800,True
70801,True
70802,True
70803,True
70804,True
7081,True
7082,True
7083,True
70830,True
70832,True
70833,True
70834,True
70835,True
7084,True
70842,True
70843,True
70844,True
70845,True
70846,True
70847,True
7085,True
70852,True
70853,True
70854,True
70855,True
70856,True
70857,True
70862,True
70863,True
70864,True
70865,True
70866,True
70867,True
7087,True
70872,True
70873,True
70874,True
70875,True
70876,True
70878,True
70879,True
7090,True
70908,True
7091,True
70910,True
7092,True
7093,True
7094,True
7095,True
7096,True
7097,True
71009,True
71010,True
71015,True
71020,True
71050,True
71060,True
71065,True
71070,True
71090,True
7110,True
71100,True
7111,True
7112,True
7113,True
7114,True
7115,True
7120,True
71200,True
71205,True
7121,True
71215,True
71218,True
7122,True
71225,True
7123,True
7124,True
71250,True
7130,True
7131,True
7132,True
7133,True
7134,True
7135,True
7140,True
7141,True
7142,True
7143,True
7144,True
7145,True
7150,True
71503,True
71505,True
7151,True
71510,True
71515,True
7152,True
71520,True
71525,True
7153,True
71530,True
71535,True
7154,True
71540,True
7155,True
7156,True
71570,True
71571,True
71572,True
71573,True
7159,True
71596,True
7160,True
71600,True
71605,True
7161,True
71610,True
71615,True
7162,True
71620,True
71625,True
71630,True
71635,True
71640,True
71645,True
71650,True
71655,True
71660,True
71665,True
71670,True
71675,True
71680,True
71691,True
71692,True
71693,True
71694,True
71697,True
71699,True
7170,True
71705,True
7171,True
71710,True
71715,True
7172,True
71720,True
71725,True
71727,True
7173,True
71730,True
71731,True
71735,True
71736,True
71738,True
7174,True
71740,True
71741,True
71742,True
71745,True
71746,True
7175,True
71750,True
7176,True
7177,True
7178,True
7179,True
7180,True
71800,True
71805,True
7181,True
7182,True
71820,True
71825,True
7183,True
7184,True
71880,True
71881,True
71882,True
7190,True
71900,True
71901,True
71904,True
71906,True
71907,True
71908,True
71909,True
7191,True
71910,True
71915,True
71916,True
71917,True
71918,True
7192,True
71920,True
71925,True
71926,True
71927,True
71928,True
71929,True
7193,True
71930,True
71931,True
71936,True
71937,True
71938,True
71939,True
7194,True
71940,True
7195,True
71950,True
71955,True
71956,True
71957,True
71958,True
71959,True
7196,True
71960,True
71961,True
71963,True
71964,True
71965,True
71967,True
71968,True
71969,True
7197,True
71972,True
71973,True
71978,True
71979,True
71980,True
71981,True
71982,True
71985,True
71987,True
71988,True
71989,True
71990,True
71991,True
72001,True
72003,True
72006,True
72007,True
72010,True
72015,True
72016,True
72020,True
72025,True
72035,True
7210,True
72110,True
72115,True
72120,True
72125,True
72130,True
72135,True
72140,True
72145,True
72146,True
7215,True
72150,True
72151,True
72152,True
72153,True
72155,True
72156,True
72160,True
72161,True
72162,True
7220,True
7221,True
72210,True
72215,True
7222,True
72220,True
72225,True
7223,True
72230,True
72231,True
72233,True
72235,True
72236,True
7224,True
72240,True
72241,True
72250,True
72251,True
72252,True
72255,True
72260,True
72261,True
72270,True
72275,True
7230,True
72301,True
72302,True
72303,True
72304,True
72305,True
72306,True
72307,True
72308,True
72309,True
7231,True
72310,True
72311,True
72312,True
72313,True
72314,True
72315,True
72316,True
72317,True
72318,True
72319,True
7232,True
72320,True
72321,True
72322,True
72323,True
72325,True
72327,True
72329,True
72331,True
72333,True
72335,True
7240,True
72405,True
7241,True
72410,True
72415,True
7242,True
72420,True
72425,True
7243,True
72430,True
7244,True
72445,True
72450,True
72460,True
7250,True
72500,True
72501,True
72502,True
72503,True
72504,True
72506,True
72507,True
72508,True
72509,True
7251,True
72510,True
7252,True
72542,True
72543,True
72544,True
72545,True
72546,True
72547,True
72548,True
72592,True
72593,True
72594,True
7260,True
72600,True
72601,True
72602,True
72603,True
7261,True
72610,True
7262,True
72620,True
72621,True
72622,True
7263,True
72630,True
72631,True
72640,True
72641,True
72650,True
72660,True
72669,True
7270,True
72705,True
7271,True
72710,True
72715,True
7272,True
72720,True
72725,True
72726,True
7273,True
72735,True
72736,True
72737,True
72738,True
72745,True
72746,True
72747,True
72748,True
72755,True
72800,True
72801,True
72803,True
72804,True
72805,True
72806,True
72810,True
72811,True
72812,True
72813,True
72814,True
72815,True
72820,True
72822,True
72823,True
7283,True
72830,True
72831,True
72834,True
72836,True
72850,True
72851,True
72853,True
72855,True
72858,True
72860,True
72862,True
72865,True
72870,True
72871,True
72872,True
72873,True
72874,True
72875,True
72876,True
72878,True
72879,True
72880,True
72883,True
72885,True
72887,True
72899,True
72900,True
72901,True
72902,True
72906,True
72907,True
72910,True
72911,True
72912,True
72914,True
72915,True
72916,True
72917,True
72920,True
72921,True
72922,True
72925,True
72926,True
72927,True
72930,True
72940,True
72960,True
72975,True
72980,True
73005,True
73006,True
73010,True
73011,True
73015,True
73020,True
73025,True
73030,True
73035,True
73036,True
73040,True
73041,True
73045,True
73050,True
73060,True
73062,True
73063,True
73070,True
73080,True
73083,True
73092,True
73100,True
73105,True
73150,True
73250,True
73251,True
73252,True
73270,True
73320,True
73330,True
73340,True
73350,True
73355,True
73356,True
73357,True
73358,True
73360,True
73365,True
73366,True
73367,True
73368,True
73370,True
73375,True
73380,True
73403,True
73700,True
73730,True
73740,True
73750,True
73751,True
73752,True
73753,True
73754,True
73755,True
73760,True
73770,True
73780,True
73790,True
73795,True
73801,True
73802,True
73803,True
73804,True
73805,True
73807,True
73808,True
73809,True
73813,True
73814,True
73820,True
73825,True
73830,True
73840,True
73850,True
73860,True
73865,True
73870,True
73890,True
73900,True
73910,True
73920,True
73930,True
73950,True
73970,True
73975,True
73980,True
73990,True
7400,True
74001,True
74003,True
74005,True
7401,True
74010,True
74013,True
74015,True
7402,True
74020,True
74023,True
74025,True
7403,True
74030,True
7404,True
74040,True
74043,True
74045,True
7405,True
74050,True
74053,True
74055,True
74063,True
7407,True
74070,True
74075,True
74080,True
74083,True
74085,True
74093,True
7411,True
74110,True
74115,True
74120,True
74125,True
7413,True
74130,True
7414,True
74140,True
74150,True
74160,True
7417,True
74170,True
74175,True
74180,True
74210,True
74215,True
7422,True
74223,True
74230,True
7424,True
74250,True
74255,True
74265,True
74270,True
74275,True
7428,True
74280,True
7429,True
74290,True
74303,True
74305,True
7431,True
74310,True
74313,True
74315,True
7432,True
74320,True
74323,True
74325,True
74330,True
74333,True
74335,True
74339,True
7434,True
74340,True
74343,True
74345,True
7435,True
74350,True
74351,True
74353,True
74354,True
74355,True
74356,True
74357,True
7436,True
74360,True
74363,True
74365,True
74366,True
74367,True
74369,True
7437,True
74370,True
74371,True
74372,True
74373,True
74375,True
7438,True
7439,True
74390,True
74391,True
74392,True
74393,True
74394,True
74395,True
7440,True
74403,True
74405,True
74410,True
74413,True
74415,True
74420,True
74423,True
74425,True
7443,True
74430,True
74433,True
74435,True
74440,True
74445,True
74450,True
74453,True
74455,True
74460,True
74461,True
74463,True
74464,True
74465,True
74470,True
74471,True
74473,True
74474,True
74475,True
74476,True
74477,True
74480,True
74481,True
74483,True
74484,True
74485,True
74486,True
74487,True
74490,True
74491,True
74492,True
74493,True
74494,True
74495,True
74496,True
74503,True
74505,True
74510,True
74513,True
74515,True
74520,True
74523,True
74525,True
74530,True
74533,True
74535,True
74543,True
74550,True
74553,True
74555,True
74560,True
74563,True
74565,True
74573,True
74574,True
74575,True
74580,True
74583,True
74584,True
74590,True
74591,True
74593,True
74594,True
74595,True
74603,True
74605,True
74610,True
74611,True
74615,True
74620,True
74630,True
74633,True
74635,True
74640,True
74643,True
74645,True
74650,True
74653,True
74655,True
74660,True
74663,True
74665,True
74670,True
74672,True
74673,True
74674,True
74675,True
74680,True
74681,True
74682,True
74683,True
74684,True
74685,True
74686,True
74690,True
74691,True
74692,True
74693,True
74703,True
74705,True
74710,True
74711,True
74713,True
74715,True
74720,True
74723,True
74730,True
74735,True
74740,True
74765,True
74766,True
74767,True
74769,True
74770,True
74775,True
74780,True
74781,True
74783,True
74785,True
74786,True
74805,True
74810,True
74815,True
74817,True
74820,True
74823,True
74825,True
74830,True
74835,True
74840,True
74843,True
74845,True
74850,True
74853,True
74855,True
74860,True
74863,True
74865,True
74870,True
74883,True
74884,True
74885,True
74886,True
74890,True
74893,True
74905,True
74910,True
74911,True
74912,True
74913,True
74914,True
74915,True
74916,True
74917,True
74919,True
74920,True
74921,True
74922,True
74923,True
74924,True
74926,True
74927,True
74930,True
74932,True
74933,True
74934,True
74935,True
74936,True
74937,True
74938,True
74940,True
74942,True
74943,True
74944,True
74945,True
74946,True
74947,True
74948,True
74950,True
74952,True
74953,True
74954,True
74955,True
74956,True
74957,True
74958,True
74959,True
74960,True
74961,True
74962,True
74963,True
74965,True
74966,True
74967,True
74968,True
74969,True
74970,True
74971,True
74973,True
74975,True
74976,True
74980,True
74981,True
74982,True
74983,True
74984,True
74985,True
74986,True
74987,True
74988,True
74989,True
74990,True
74993,True
7500,True
75020,True
75023,True
75024,True
75025,True
75040,True
75043,True
75044,True
75045,True
75050,True
75053,True
75054,True
75060,True
75063,True
75064,True
75065,True
75066,True
75070,True
75071,True
75072,True
75073,True
75074,True
75075,True
75076,True
75080,True
75083,True
75084,True
75085,True
75090,True
75091,True
75093,True
75094,True
75095,True
75096,True
75097,True
75100,True
75101,True
75102,True
75103,True
75104,True
75105,True
75106,True
75110,True
75113,True
75114,True
75115,True
75120,True
75123,True
75124,True
75125,True
75126,True
75130,True
75131,True
75132,True
75133,True
75134,True
75135,True
75136,True
75140,True
75143,True
75144,True
75145,True
75154,True
75160,True
75165,True
75170,True
75175,True
75180,True
75184,True
75185,True
75190,True
75195,True
75200,True
75202,True
75210,True
75220,True
75230,True
75240,True
75245,True
75250,True
75251,True
75254,True
75255,True
75256,True
75258,True
75259,True
75260,True
75261,True
75262,True
75263,True
75264,True
75265,True
75280,True
75340,True
75345,True
75350,True
75355,True
75360,True
75370,True
75375,True
75380,True
75381,True
75382,True
75383,True
75384,True
75386,True
75387,True
75388,True
75389,True
75390,True
75391,True
75392,True
75393,True
75395,True
75396,True
75398,True
75400,True
75410,True
75420,True
75430,True
75440,True
75450,True
75455,True
75460,True
75470,True
75480,True
75490,True
75495,True
75503,True
75510,True
75513,True
75514,True
75515,True
75516,True
75520,True
75522,True
75523,True
75524,True
75526,True
75528,True
75530,True
75532,True
75533,True
75534,True
75535,True
75536,True
75550,True
75555,True
75560,True
75570,True
75580,True
75600,True
75603,True
75610,True
75615,True
75620,True
75630,True
75635,True
75640,True
75645,True
75650,True
75660,True
75665,True
75670,True
75680,True
75690,True
75695,True
75701,True
75702,True
75703,True
75704,True
75705,True
75706,True
75707,True
75708,True
75709,True
75710,True
75711,True
75712,True
75713,True
75714,True
75715,True
75720,True
75730,True
75740,True
75750,True
75760,True
75770,True
75780,True
75790,True
75795,True
75800,True
75801,True
75802,True
75803,True
75804,True
75805,True
75806,True
75807,True
75810,True
75813,True
75814,True
75815,True
75819,True
75820,True
75822,True
75823,True
75825,True
75827,True
75828,True
75830,True
75831,True
75832,True
75833,True
75834,True
75835,True
75836,True
75837,True
75838,True
75840,True
75843,True
75845,True
75850,True
75855,True
75860,True
75865,True
75870,True
75880,True
75890,True
75893,True
75900,True
75901,True
75902,True
75903,True
75904,True
75905,True
75906,True
75907,True
75908,True
75909,True
75910,True
75911,True
75912,True
75913,True
75914,True
75915,True
75920,True
75925,True
75930,True
75935,True
75940,True
75945,True
75950,True
75955,True
75960,True
75970,True
75980,True
75985,True
75990,True
7600,True
76100,True
76105,True
76110,True
76120,True
76125,True
76130,True
76135,True
76140,True
76145,True
76150,True
76152,True
76155,True
76160,True
76165,True
76170,True
76180,True
76190,True
76195,True
76200,True
76205,True
76210,True
76220,True
76230,True
76235,True
76240,True
76244,True
76245,True
76250,True
76255,True
76260,True
76265,True
76270,True
76280,True
76285,True
76290,True
76293,True
76300,True
76304,True
76305,True
76310,True
76315,True
76320,True
76330,True
76335,True
76340,True
76343,True
76345,True
76350,True
76355,True
76360,True
76365,True
76370,True
76372,True
76374,True
76375,True
76380,True
76381,True
76382,True
76383,True
76385,True
76386,True
76387,True
76388,True
76390,True
76393,True
76395,True
76400,True
76410,True
76420,True
76440,True
76450,True
76460,True
76465,True
76470,True
76480,True
76485,True
76490,True
76493,True
76495,True
76500,True
76510,True
76515,True
76520,True
76523,True
76525,True
76530,True
76540,True
76550,True
76555,True
76560,True
76580,True
76590,True
76600,True
76630,True
76640,True
76650,True
76660,True
76670,True
76680,True
76690,True
76700,True
76710,True
76720,True
76730,True
76740,True
76801,True
76802,True
76803,True
76804,True
76805,True
76806,True
76807,True
76808,True
76810,True
76811,True
76812,True
76813,True
76814,True
76815,True
76817,True
76820,True
76821,True
76822,True
76824,True
76825,True
76828,True
76829,True
76840,True
76842,True
76846,True
76847,True
76848,True
76850,True
76857,True
76860,True
76861,True
76862,True
76863,True
76864,True
76866,True
76867,True
76868,True
76870,True
76871,True
76872,True
76873,True
76874,True
76875,True
76876,True
76877,True
76880,True
76887,True
76888,True
76889,True
76890,True
76898,True
76900,True
76901,True
76904,True
76906,True
76907,True
76908,True
76909,True
76912,True
76913,True
76914,True
76916,True
76919,True
76920,True
76923,True
76924,True
76926,True
76928,True
76929,True
76930,True
76932,True
76934,True
76935,True
76937,True
76940,True
76948,True
76950,True
76952,True
76954,True
76956,True
76958,True
76960,True
76961,True
76962,True
76963,True
76964,True
76965,True
76966,True
76967,True
76970,True
76974,True
76976,True
76977,True
76979,True
76980,True
76981,True
76982,True
76983,True
76985,True
76987,True
76988,True
76990,True
76993,True
76994,True
76995,True
76997,True
76999,True
7700,True
77001,True
77002,True
77006,True
77015,True
77016,True
77017,True
77018,True
77019,True
77020,True
77021,True
77022,True
77023,True
77024,True
77025,True
77026,True
7703,True
7704,True
7705,True
77059,True
77060,True
77062,True
77063,True
77064,True
77066,True
77080,True
7712,True
7713,True
7714,True
7715,True
7716,True
7717,True
7718,True
7724,True
7726,True
7727,True
77300,True
77303,True
77305,True
77308,True
77310,True
77315,True
77318,True
77320,True
77325,True
7733,True
77330,True
7734,True
77350,True
77353,True
77360,True
77365,True
77368,True
77370,True
77375,True
77378,True
77380,True
7739,True
77390,True
77395,True
7740,True
77402,True
77403,True
77405,True
7741,True
77410,True
77411,True
77413,True
77415,True
77416,True
77420,True
77423,True
77425,True
77426,True
7743,True
77430,True
77433,True
77435,True
7744,True
77440,True
77444,True
7745,True
77450,True
77453,True
77455,True
77458,True
77460,True
77463,True
77465,True
7747,True
77470,True
77475,True
77478,True
7748,True
77480,True
77483,True
77485,True
7749,True
77490,True
77493,True
77495,True
7750,True
77500,True
7752,True
7753,True
77555,True
77558,True
7756,True
77560,True
77570,True
77580,True
77585,True
77590,True
77593,True
7760,True
77600,True
77603,True
77610,True
77613,True
77615,True
77620,True
77630,True
77635,True
7764,True
77640,True
77645,True
77650,True
77655,True
77660,True
77665,True
7767,True
77670,True
77673,True
77675,True
7768,True
77680,True
77685,True
77690,True
77693,True
77695,True
7770,True
77700,True
77704,True
77708,True
77710,True
77714,True
77716,True
77718,True
77720,True
77723,True
77725,True
77730,True
77733,True
77735,True
77740,True
77745,True
77750,True
77753,True
77755,True
7776,True
77760,True
77770,True
77777,True
7778,True
77780,True
77783,True
77785,True
77790,True
77795,True
77803,True
77804,True
77805,True
77807,True
77808,True
77809,True
7781,True
77813,True
77814,True
77815,True
77816,True
77817,True
77818,True
77820,True
77823,True
77824,True
77825,True
77826,True
77827,True
77828,True
77829,True
77840,True
77845,True
77848,True
7785,True
77850,True
77855,True
7786,True
77860,True
7787,True
77870,True
7788,True
77880,True
77885,True
7789,True
77890,True
77895,True
7790,True
77900,True
77903,True
77905,True
77908,True
7791,True
77910,True
77913,True
77915,True
77918,True
7792,True
77920,True
77925,True
7793,True
77930,True
7794,True
77940,True
77950,True
77958,True
77960,True
77970,True
77980,True
77990,True
77993,True
77995,True
78000,True
78005,True
78008,True
7801,True
78010,True
78015,True
7802,True
78020,True
78025,True
78028,True
7803,True
78030,True
78031,True
78032,True
78035,True
7804,True
78040,True
78042,True
78043,True
78045,True
78048,True
78049,True
78050,True
78051,True
78052,True
78053,True
78055,True
78056,True
78057,True
78058,True
78060,True
78061,True
78065,True
78068,True
7807,True
78070,True
78074,True
78075,True
78076,True
78077,True
7808,True
78080,True
78085,True
78087,True
78088,True
78089,True
7809,True
78090,True
78091,True
78093,True
78094,True
78095,True
78096,True
78098,True
78099,True
7810,True
78104,True
7811,True
78110,True
78115,True
78116,True
78117,True
78118,True
7812,True
78120,True
78125,True
78128,True
7813,True
78130,True
78131,True
78132,True
78134,True
78135,True
78138,True
78140,True
78141,True
78142,True
78143,True
78144,True
78145,True
78148,True
78149,True
78150,True
78152,True
78158,True
78165,True
78170,True
78175,True
78178,True
78180,True
78190,True
78195,True
78200,True
78237,True
78240,True
78243,True
78245,True
78250,True
78253,True
78254,True
78255,True
78260,True
78265,True
78270,True
78275,True
78278,True
78280,True
78284,True
78285,True
78290,True
78293,True
78295,True
7830,True
78300,True
78307,True
78310,True
7832,True
78320,True
78325,True
78330,True
78335,True
78338,True
78340,True
78345,True
7835,True
78350,True
7836,True
78360,True
78361,True
78365,True
78370,True
78380,True
78390,True
78398,True
7840,True
78400,True
78402,True
7841,True
78410,True
78415,True
7842,True
78420,True
78425,True
78430,True
78435,True
7844,True
78445,True
7845,True
78450,True
78453,True
78455,True
7846,True
78460,True
7847,True
78470,True
78480,True
7849,True
78490,True
7850,True
78500,True
78505,True
78508,True
7851,True
78510,True
78515,True
78518,True
7852,True
78520,True
78525,True
78528,True
7853,True
78530,True
78535,True
7854,True
78540,True
78543,True
78545,True
78548,True
7855,True
78550,True
78551,True
78552,True
78553,True
78555,True
78556,True
78557,True
78558,True
78559,True
7856,True
78560,True
78563,True
78565,True
7857,True
78570,True
78573,True
78575,True
78578,True
78579,True
7858,True
78580,True
78587,True
7859,True
78590,True
78593,True
78595,True
7860,True
78600,True
7861,True
78610,True
78613,True
78615,True
7862,True
78620,True
78625,True
78628,True
7863,True
78630,True
78635,True
78638,True
78640,True
78643,True
78645,True
7865,True
78650,True
78652,True
78655,True
78658,True
7866,True
78660,True
78663,True
78664,True
78665,True
78668,True
7867,True
78670,True
78674,True
78675,True
78678,True
7868,True
78680,True
78685,True
78690,True
78695,True
78698,True
78700,True
78705,True
78710,True
78711,True
78714,True
78715,True
78716,True
78717,True
78718,True
78719,True
78720,True
78721,True
78725,True
78730,True
78731,True
78734,True
78735,True
78736,True
78739,True
78740,True
78744,True
78745,True
78746,True
78747,True
78750,True
78752,True
78760,True
78770,True
78773,True
78775,True
78780,True
78785,True
78790,True
78795,True
78800,True
78810,True
78816,True
78820,True
78830,True
78835,True
78840,True
78850,True
78855,True
78860,True
78870,True
78875,True
78880,True
78885,True
78888,True
78890,True
78896,True
79002,True
79003,True
79004,True
79005,True
79006,True
79008,True
79009,True
7901,True
79010,True
79011,True
79012,True
79013,True
79014,True
79015,True
79016,True
79017,True
79018,True
7902,True
79020,True
79021,True
79022,True
79023,True
7903,True
79031,True
79032,True
79033,True
79034,True
79035,True
79036,True
79037,True
7904,True
79040,True
79041,True
79042,True
79043,True
79044,True
79045,True
79046,True
79048,True
7905,True
79050,True
79051,True
79052,True
7906,True
79060,True
79062,True
79063,True
79064,True
79065,True
7907,True
79070,True
79071,True
79072,True
79073,True
79074,True
79075,True
79076,True
79077,True
7908,True
79080,True
79081,True
79082,True
79083,True
79084,True
79085,True
79086,True
7909,True
79090,True
79091,True
79092,True
79093,True
79094,True
79095,True
79096,True
79097,True
7910,True
79100,True
79101,True
79102,True
79103,True
79104,True
79105,True
79106,True
79107,True
79108,True
7911,True
79110,True
79112,True
79113,True
79114,True
79115,True
79116,True
79117,True
79118,True
7912,True
79125,True
7913,True
79130,True
79134,True
7914,True
79140,True
7915,True
79150,True
79152,True
7916,True
7917,True
79170,True
79180,True
7919,True
79190,True
7920,True
79200,True
79208,True
7921,True
79210,True
79215,True
79220,True
79230,True
79240,True
79260,True
79270,True
79280,True
7929,True
79290,True
7930,True
79300,True
79301,True
79302,True
79303,True
79304,True
79310,True
79311,True
79320,True
79321,True
79330,True
79331,True
79332,True
79333,True
7934,True
7935,True
7936,True
79370,True
79380,True
79390,True
7940,True
79400,True
7941,True
79410,True
79415,True
7942,True
79420,True
79424,True
79428,True
7943,True
79430,True
7944,True
79440,True
7945,True
79450,True
7946,True
79460,True
79470,True
79480,True
79490,True
7950,True
79500,True
7951,True
7952,True
7953,True
79530,True
79540,True
7955,True
79550,True
79556,True
7956,True
79560,True
7957,True
79570,True
79580,True
79590,True
79600,True
79601,True
79602,True
79603,True
79604,True
79610,True
79611,True
79612,True
79620,True
79621,True
79622,True
79630,True
79640,True
79641,True
79645,True
79648,True
79654,True
79670,True
79680,True
79690,True
79700,True
79710,True
79712,True
79720,True
79730,True
79740,True
79742,True
79745,True
79750,True
79758,True
79760,True
79765,True
79770,True
79780,True
79785,True
79790,True
79792,True
7980,True
79800,True
79801,True
79802,True
79803,True
79804,True
79805,True
79806,True
79810,True
79811,True
79812,True
79813,True
79814,True
79815,True
79820,True
79821,True
79822,True
79823,True
79824,True
79825,True
79826,True
79827,True
79830,True
79831,True
79833,True
79837,True
79839,True
79840,True
79841,True
79842,True
79843,True
7985,True
7986,True
79862,True
79864,True
7987,True
79878,True
7988,True
79880,True
7989,True
79890,True
79894,True
79896,True
7990,True
79900,True
79901,True
79902,True
79903,True
79904,True
79905,True
79906,True
79907,True
79909,True
7991,True
79910,True
7992,True
79920,True
79925,True
79930,True
79932,True
79935,True
79940,True
79944,True
7995,True
79950,True
79955,True
7996,True
79960,True
79965,True
7997,True
79970,True
79975,True
7998,True
79980,True
79985,True
79990,True
79995,True
80002,True
80006,True
80010,True
80011,True
80020,True
80030,True
80035,True
80040,True
80045,True
80050,True
80060,True
80061,True
8010,True
80101,True
8011,True
8020,True
8021,True
80210,True
80215,True
8022,True
80220,True
80230,True
80231,True
80240,True
80249,True
80250,True
8030,True
8031,True
80310,True
8032,True
80320,True
80330,True
80370,True
8040,True
8041,True
80410,True
8042,True
80420,True
80430,True
80440,True
8050,True
8051,True
80510,True
80520,True
80530,True
80540,True
8060,True
8061,True
80610,True
80611,True
8062,True
80620,True
80627,True
80630,True
8070,True
8071,True
80710,True
8072,True
80730,True
80740,True
8080,True
8081,True
80810,True
80820,True
8090,True
81010,True
81020,True
81030,True
81050,True
81070,True
8110,True
8111,True
81110,True
81130,True
8115,True
81150,True
81170,True
8120,True
81200,True
8121,True
81210,True
8122,True
81220,True
81230,True
81240,True
81250,True
81260,True
81265,True
81270,True
81280,True
81290,True
81295,True
8130,True
81305,True
8131,True
81310,True
81312,True
81315,True
8132,True
81320,True
81330,True
81350,True
8140,True
8141,True
8142,True
81420,True
8143,True
81450,True
81452,True
81460,True
81470,True
81480,True
81490,True
81495,True
8150,True
8151,True
81510,True
8152,True
81520,True
81530,True
81540,True
81550,True
81560,True
81570,True
81580,True
81590,True
8160,True
8161,True
81610,True
81630,True
81650,True
81670,True
81690,True
81710,True
81720,True
81730,True
81750,True
81770,True
8180,True
81810,True
81820,True
81825,True
81830,True
81850,True
81860,True
81870,True
81880,True
8190,True
81900,True
8191,True
81910,True
81920,True
81925,True
81930,True
81935,True
81940,True
81945,True
82010,True
82015,True
82020,True
82025,True
82030,True
8210,True
82100,True
82110,True
82115,True
82120,True
82130,True
8215,True
8220,True
82200,True
82210,True
82220,True
8223,True
8225,True
82250,True
8226,True
8230,True
82300,True
82305,True
82310,True
82315,True
82320,True
8233,True
8235,True
8240,True
82400,True
8241,True
82410,True
8245,True
8246,True
8247,True
8248,True
8250,True
82500,True
82510,True
82515,True
82520,True
8253,True
82530,True
82540,True
8255,True
82560,True
8257,True
82580,True
82590,True
8260,True
82600,True
82620,True
82630,True
82640,True
8265,True
82650,True
8270,True
82700,True
82710,True
82720,True
8275,True
8280,True
82800,True
82810,True
82820,True
82821,True
82840,True
8285,True
82860,True
8290,True
82900,True
82920,True
82930,True
82940,True
8295,True
82950,True
82960,True
82970,True
82980,True
82990,True
83000,True
83005,True
83010,True
83015,True
83020,True
83021,True
83025,True
83030,True
83035,True
83040,True
83045,True
83050,True
83055,True
83060,True
83065,True
83070,True
83075,True
83085,True
83090,True
83091,True
83095,True
8310,True
8311,True
83115,True
83116,True
83190,True
8320,True
83203,True
83206,True
83209,True
8321,True
83212,True
83215,True
83218,True
83220,True
83221,True
83250,True
83252,True
83255,True
83260,True
83280,True
8330,True
83301,True
83302,True
83303,True
83304,True
83305,True
83306,True
83307,True
83308,True
83309,True
8331,True
83310,True
83311,True
83312,True
83314,True
83320,True
83321,True
83322,True
83323,True
83324,True
83325,True
83326,True
83327,True
83328,True
83330,True
83331,True
83350,True
83360,True
83370,True
83390,True
8340,True
83401,True
83402,True
83403,True
83404,True
83405,True
83406,True
83407,True
83408,True
83409,True
8341,True
83410,True
83411,True
83412,True
83413,True
83414,True
83415,True
83420,True
83425,True
8343,True
83430,True
8344,True
8345,True
83450,True
8346,True
8347,True
83480,True
83490,True
83501,True
83502,True
83503,True
83504,True
83505,True
83506,True
83507,True
83508,True
83511,True
83512,True
83513,True
83514,True
83535,True
83540,True
83560,True
83570,True
83590,True
83600,True
83601,True
83602,True
83603,True
83604,True
83605,True
83606,True
83607,True
83608,True
83609,True
83648,True
83650,True
83660,True
8370,True
83700,True
83701,True
83702,True
83703,True
83704,True
83705,True
83706,True
83707,True
83708,True
83709,True
8371,True
8372,True
8373,True
83730,True
8375,True
83750,True
83760,True
8380,True
83800,True
8381,True
83810,True
8382,True
83820,True
83823,True
83824,True
83825,True
83829,True
8383,True
83830,True
83833,True
83840,True
83850,True
83860,True
83870,True
83880,True
8390,True
83900,True
8391,True
8395,True
83980,True
84010,True
84015,True
84016,True
84020,True
84021,True
84022,True
84025,True
84026,True
84030,True
84031,True
84032,True
84033,True
84035,True
84036,True
84037,True
8404,True
84040,True
84043,True
84045,True
84046,True
84050,True
84051,True
84052,True
84053,True
84060,True
84061,True
84062,True
84063,True
84064,True
84065,True
84070,True
84071,True
84072,True
84073,True
8410,True
8411,True
8412,True
84130,True
84140,True
84145,True
84150,True
84165,True
84168,True
84172,True
84173,True
84174,True
84178,True
84190,True
84196,True
8420,True
84200,True
8421,True
84220,True
84240,True
84250,True
84261,True
84262,True
84263,True
84264,True
84265,True
84266,True
84267,True
84268,True
84269,True
84270,True
84271,True
84272,True
84275,True
84280,True
84285,True
84290,True
8430,True
84300,True
8431,True
84315,True
84320,True
84345,True
84350,True
8440,True
84400,True
8441,True
84430,True
84435,True
84450,True
84460,True
84465,True
84470,True
8450,True
84500,True
8451,True
8452,True
84530,True
84535,True
84550,True
84560,True
84570,True
8460,True
84600,True
84601,True
84602,True
84603,True
84604,True
84605,True
84607,True
84608,True
8461,True
84615,True
84620,True
84630,True
84635,True
84640,True
8465,True
8466,True
84660,True
8470,True
8471,True
8472,True
8473,True
8474,True
8475,True
8485,True
8490,True
84900,True
84914,True
84920,True
84925,True
84930,True
84935,True
84940,True
84945,True
84950,True
84970,True
84980,True
84990,True
8500,True
8501,True
85010,True
85012,True
85015,True
8502,True
85020,True
85022,True
85023,True
85025,True
85027,True
8503,True
85030,True
85031,True
85035,True
8504,True
85040,True
85045,True
8505,True
85050,True
85053,True
85055,True
8506,True
85060,True
85063,True
85064,True
85065,True
85067,True
8507,True
85070,True
8508,True
8509,True
8510,True
8513,True
85138,True
85139,True
8514,True
85140,True
85145,True
85148,True
8515,True
85150,True
85155,True
85160,True
85162,True
85168,True
8517,True
85170,True
85174,True
85195,True
85200,True
85225,True
85230,True
85240,True
8525,True
85250,True
8526,True
85260,True
8527,True
85270,True
85275,True
8528,True
85280,True
8529,True
8530,True
85301,True
85302,True
85303,True
85304,True
8531,True
8532,True
8533,True
8534,True
85340,True
85345,True
8535,True
85350,True
8536,True
8537,True
8538,True
8539,True
85390,True
8540,True
85400,True
85408,True
8541,True
85410,True
85415,True
8542,True
85420,True
85422,True
85423,True
85425,True
8543,True
85430,True
8544,True
85440,True
8545,True
85450,True
85460,True
85465,True
85470,True
85478,True
85485,True
8550,True
85500,True
85501,True
85502,True
85503,True
85504,True
85505,True
85506,True
85507,True
85508,True
85509,True
8551,True
85514,True
85515,True
8552,True
85520,True
85525,True
8553,True
85530,True
8554,True
85540,True
85548,True
8555,True
85550,True
85555,True
85557,True
8556,True
85560,True
85565,True
85568,True
8557,True
85570,True
85571,True
85575,True
85579,True
8558,True
85580,True
85585,True
8559,True
85598,True
8560,True
85601,True
85602,True
85603,True
85604,True
85605,True
85606,True
8561,True
85610,True
85615,True
85618,True
8562,True
85620,True
85628,True
8563,True
85630,True
85635,True
8564,True
85640,True
8565,True
85650,True
8566,True
85660,True
8567,True
85670,True
8568,True
85680,True
85685,True
8570,True
85700,True
85708,True
8571,True
85710,True
8572,True
85727,True
8573,True
85730,True
8574,True
85740,True
85745,True
8575,True
85750,True
8576,True
85760,True
8577,True
85770,True
8578,True
85780,True
8579,True
85790,True
85794,True
85795,True
8580,True
85801,True
85802,True
85803,True
85804,True
85805,True
85806,True
85807,True
85808,True
8581,True
85810,True
85811,True
85812,True
85813,True
85814,True
85815,True
85816,True
85817,True
85818,True
85819,True
8582,True
85820,True
85822,True
85824,True
85825,True
85826,True
8583,True
85830,True
85833,True
85835,True
8584,True
85840,True
85845,True
8585,True
85851,True
85852,True
85853,True
85854,True
85855,True
85856,True
85857,True
85858,True
85859,True
8586,True
85860,True
85861,True
85862,True
85863,True
85864,True
85865,True
85866,True
85867,True
85868,True
85869,True
8587,True
85870,True
85875,True
85877,True
85878,True
8588,True
85880,True
85883,True
85884,True
85885,True
85887,True
85888,True
8589,True
85890,True
85892,True
85896,True
85898,True
8590,True
85900,True
85901,True
85902,True
85903,True
85904,True
85905,True
85906,True
85907,True
85908,True
85909,True
8591,True
85910,True
85911,True
85912,True
85913,True
85914,True
85915,True
8592,True
85920,True
85925,True
85926,True
85927,True
85929,True
8593,True
85930,True
85933,True
85935,True
85936,True
85937,True
8594,True
85940,True
85945,True
85948,True
8595,True
85950,True
85952,True
85955,True
85957,True
8596,True
85960,True
8597,True
85976,True
8598,True
85980,True
85985,True
85988,True
8599,True
85990,True
85995,True
85998,True
86010,True
86015,True
86020,True
86025,True
86026,True
86027,True
86030,True
86031,True
86032,True
86035,True
86036,True
86037,True
86038,True
86039,True
86040,True
86041,True
86042,True
86043,True
86044,True
86045,True
86046,True
86047,True
86049,True
86050,True
86055,True
86056,True
86057,True
86058,True
86060,True
86061,True
86062,True
86063,True
86065,True
86066,True
86067,True
86070,True
86071,True
86072,True
86073,True
86075,True
86076,True
86077,True
86078,True
86079,True
86080,True
86081,True
86082,True
86083,True
86084,True
86085,True
86086,True
86087,True
86088,True
86089,True
8610,True
86112,True
86125,True
8613,True
86130,True
86140,True
8615,True
86150,True
8616,True
86160,True
86165,True
86170,True
86181,True
86182,True
86183,True
86184,True
86185,True
86186,True
86187,True
86188,True
86189,True
86191,True
86192,True
8620,True
86200,True
8621,True
86210,True
86220,True
86225,True
86230,True
86240,True
8625,True
86250,True
86270,True
86280,True
86285,True
86290,True
8630,True
86300,True
86305,True
86310,True
86315,True
86320,True
8633,True
86330,True
86340,True
8635,True
86350,True
86358,True
86360,True
86370,True
86375,True
86380,True
86385,True
86390,True
8640,True
86400,True
86410,True
86420,True
86430,True
86450,True
86455,True
86460,True
86465,True
86470,True
86480,True
86490,True
8650,True
8653,True
8655,True
8656,True
8660,True
86600,True
86601,True
86602,True
86604,True
86605,True
86606,True
86609,True
86610,True
86613,True
86615,True
86618,True
86620,True
86625,True
8663,True
86630,True
86635,True
8664,True
86640,True
8665,True
86650,True
8666,True
86660,True
86670,True
86680,True
86690,True
86695,True
8670,True
86700,True
86701,True
86702,True
86703,True
86704,True
86705,True
86706,True
86707,True
86708,True
86709,True
8671,True
86710,True
86711,True
86716,True
86720,True
8673,True
86730,True
8674,True
86742,True
86744,True
8675,True
86750,True
86755,True
8676,True
86760,True
86770,True
86780,True
86790,True
8680,True
86800,True
86801,True
86802,True
86803,True
86804,True
86805,True
86806,True
86807,True
86808,True
86809,True
86810,True
86811,True
86812,True
86813,True
86818,True
86819,True
86820,True
86825,True
86828,True
8683,True
86830,True
86840,True
86845,True
86848,True
8685,True
86850,True
86855,True
8686,True
86860,True
86865,True
86870,True
86880,True
86884,True
8689,True
86890,True
86895,True
8690,True
86900,True
86910,True
8692,True
86920,True
86925,True
8693,True
86930,True
86931,True
86932,True
86935,True
86938,True
8694,True
86940,True
86945,True
8695,True
86950,True
8696,True
86960,True
86970,True
86975,True
86990,True
86995,True
87005,True
87010,True
87013,True
87014,True
87015,True
87020,True
87023,True
87024,True
87025,True
87030,True
87031,True
87033,True
87035,True
87040,True
87043,True
87045,True
87047,True
87050,True
87053,True
87055,True
87060,True
87062,True
87063,True
87065,True
87070,True
87075,True
87080,True
87083,True
8710,True
87103,True
87105,True
87110,True
87111,True
87112,True
87113,True
87114,True
87117,True
87118,True
87120,True
87130,True
87140,True
87145,True
8715,True
87155,True
87160,True
87165,True
8717,True
87170,True
87175,True
87180,True
87185,True
87190,True
8720,True
87200,True
87201,True
87202,True
87203,True
87204,True
87205,True
87206,True
87207,True
87208,True
87209,True
87210,True
87214,True
87215,True
87220,True
87225,True
87230,True
87235,True
87240,True
8725,True
87250,True
8726,True
87260,True
87265,True
8727,True
87270,True
87275,True
87280,True
87290,True
8730,True
87300,True
87301,True
87302,True
87303,True
87305,True
87306,True
87307,True
87308,True
87309,True
87310,True
87320,True
87325,True
87330,True
87340,True
87345,True
8735,True
87355,True
87357,True
87360,True
87365,True
8737,True
87370,True
87375,True
8738,True
87380,True
87390,True
87395,True
8740,True
87400,True
87408,True
8742,True
8743,True
87430,True
8744,True
8745,True
87450,True
8746,True
8747,True
87470,True
87480,True
87485,True
87490,True
8750,True
87501,True
87502,True
87503,True
87504,True
87505,True
87506,True
87507,True
87508,True
87509,True
8751,True
87510,True
87518,True
8752,True
87520,True
87521,True
87525,True
87528,True
8753,True
87530,True
87535,True
87538,True
87540,True
87545,True
8755,True
87550,True
87555,True
87560,True
87565,True
87567,True
87569,True
87570,True
87575,True
87580,True
87595,True
8760,True
87600,True
8761,True
8762,True
8763,True
87630,True
87640,True
8765,True
87650,True
8766,True
87660,True
87666,True
8767,True
87670,True
87680,True
87690,True
8770,True
87701,True
87702,True
87703,True
87704,True
87705,True
87706,True
87707,True
87708,True
87709,True
8771,True
87710,True
87711,True
8772,True
87720,True
87722,True
8773,True
87730,True
8774,True
87740,True
8775,True
87750,True
87760,True
87770,True
87780,True
8779,True
87790,True
8780,True
87800,True
87810,True
87820,True
87830,True
87840,True
87850,True
87860,True
87880,True
87890,True
87895,True
8790,True
87900,True
87910,True
87913,True
87915,True
87920,True
8793,True
87930,True
8795,True
87950,True
87955,True
87957,True
87960,True
87970,True
87980,True
87990,True
88000,True
88010,True
88015,True
88020,True
88021,True
88025,True
88030,True
88032,True
88034,True
88035,True
88036,True
88037,True
88040,True
88045,True
88047,True
88048,True
88049,True
88050,True
88051,True
88052,True
88053,True
88054,True
88056,True
88058,True
88060,True
88061,True
88062,True
88063,True
88064,True
88065,True
88066,True
88067,True
88070,True
88075,True
88080,True
88085,True
88090,True
88095,True
8810,True
88101,True
88102,True
88103,True
88104,True
88106,True
88107,True
88108,True
88110,True
88111,True
88113,True
88115,True
88117,True
88119,True
88122,True
88123,True
88125,True
88130,True
88131,True
88132,True
88133,True
88134,True
88135,True
88136,True
88137,True
88138,True
88139,True
88140,True
88150,True
88160,True
88161,True
88162,True
88164,True
88165,True
88168,True
88180,True
88190,True
8820,True
88200,True
88210,True
88215,True
88220,True
88230,True
88240,True
88260,True
88270,True
88295,True
8830,True
88301,True
88302,True
88303,True
88304,True
88305,True
88306,True
88307,True
88308,True
88309,True
8831,True
88310,True
88311,True
88312,True
88313,True
88316,True
88317,True
88318,True
8832,True
88320,True
8833,True
88330,True
88331,True
88332,True
88333,True
88334,True
88336,True
88337,True
88338,True
88339,True
88340,True
88341,True
88343,True
88345,True
88347,True
88348,True
88349,True
88350,True
88351,True
88352,True
88353,True
88354,True
88355,True
88356,True
88357,True
88358,True
88359,True
88360,True
88370,True
88371,True
88372,True
88373,True
88374,True
88375,True
88380,True
88385,True
88390,True
88395,True
8840,True
88400,True
88405,True
88407,True
88410,True
88420,True
88430,True
88440,True
88443,True
88445,True
88450,True
88460,True
88470,True
88475,True
88485,True
88490,True
88495,True
8850,True
88501,True
88502,True
88503,True
88504,True
88505,True
88506,True
88508,True
88509,True
88511,True
88512,True
88513,True
88514,True
88516,True
88517,True
88519,True
88520,True
88521,True
88523,True
88524,True
88525,True
88526,True
88535,True
88538,True
88540,True
88543,True
88545,True
88548,True
88550,True
88570,True
88580,True
88585,True
88590,True
88598,True
88600,True
88625,True
88640,True
88650,True
88658,True
88680,True
88701,True
88702,True
88703,True
88704,True
88705,True
88706,True
88708,True
88710,True
88715,True
88717,True
88720,True
88725,True
88730,True
88735,True
88740,True
88745,True
88750,True
88760,True
88763,True
88765,True
88770,True
88780,True
88790,True
88798,True
8880,True
88801,True
88802,True
88803,True
88804,True
88805,True
88806,True
88807,True
88808,True
88809,True
88810,True
88811,True
88812,True
88813,True
88814,True
88815,True
88816,True
88817,True
88818,True
88819,True
88820,True
88828,True
88830,True
88835,True
88840,True
88845,True
88850,True
88860,True
88862,True
88865,True
88868,True
88870,True
88880,True
88890,True
88900,True
88901,True
88902,True
88904,True
88905,True
88906,True
88910,True
88911,True
88914,True
88915,True
88920,True
88923,True
88925,True
88930,True
88934,True
88935,True
88940,True
88950,True
88955,True
88960,True
88965,True
88970,True
88980,True
88990,True
8900,True
89010,True
89012,True
89015,True
89016,True
89020,True
89021,True
89022,True
89023,True
89025,True
89026,True
89027,True
89030,True
89031,True
89032,True
89035,True
89036,True
89037,True
89040,True
89041,True
89042,True
89045,True
89046,True
89048,True
89050,True
89051,True
89052,True
89053,True
89055,True
89056,True
89057,True
89058,True
89060,True
89062,True
89063,True
89065,True
89066,True
89068,True
89069,True
89070,True
89072,True
89074,True
89075,True
89080,True
89082,True
89083,True
89084,True
89085,True
89086,True
89087,True
89095,True
89107,True
89108,True
89110,True
89111,True
89112,True
89113,True
89114,True
89115,True
89116,True
89117,True
89118,True
89120,True
89121,True
89124,True
89126,True
89128,True
89130,True
89135,True
89136,True
89138,True
89140,True
89143,True
89145,True
89148,True
89150,True
89155,True
89157,True
89160,True
89161,True
89162,True
89163,True
89164,True
89165,True
89167,True
89170,True
89172,True
89176,True
89178,True
89180,True
89182,True
89184,True
89186,True
89188,True
89190,True
89194,True
89196,True
89198,True
89199,True
89201,True
89202,True
89203,True
89204,True
89205,True
89206,True
89207,True
89208,True
89209,True
89210,True
89211,True
89212,True
89213,True
89214,True
89215,True
89216,True
89217,True
89218,True
89219,True
89220,True
89221,True
89222,True
89223,True
89224,True
89225,True
89226,True
89227,True
89228,True
89229,True
89230,True
89231,True
89232,True
89233,True
89234,True
89235,True
89237,True
89239,True
89240,True
89245,True
89246,True
89247,True
89248,True
89249,True
89251,True
89252,True
89253,True
89254,True
89255,True
89256,True
89257,True
89258,True
89259,True
89260,True
89261,True
89262,True
89264,True
89265,True
89266,True
89267,True
89270,True
89275,True
89278,True
89280,True
89281,True
89282,True
89283,True
89284,True
89285,True
89286,True
89287,True
89288,True
89289,True
89290,True
89291,True
89292,True
89294,True
89295,True
89300,True
89340,True
89370,True
89380,True
89384,True
8940,True
89400,True
89410,True
89420,True
89430,True
89440,True
89460,True
89478,True
89480,True
89490,True
89500,True
89501,True
89503,True
89504,True
89505,True
89506,True
89507,True
89509,True
89510,True
89511,True
89515,True
89518,True
89520,True
89530,True
89533,True
89535,True
89540,True
89545,True
89550,True
89555,True
89558,True
89560,True
89570,True
89580,True
89590,True
89595,True
89600,True
89609,True
89610,True
89613,True
89618,True
89620,True
89633,True
89634,True
89636,True
89638,True
89640,True
89642,True
89650,True
89652,True
89654,True
89660,True
89663,True
89665,True
89667,True
89669,True
89670,True
89675,True
89677,True
89680,True
89683,True
89687,True
89690,True
89694,True
8970,True
89700,True
89701,True
89703,True
89705,True
89707,True
89708,True
89709,True
89710,True
89711,True
89712,True
89713,True
89730,True
89735,True
89740,True
89745,True
89750,True
89760,True
89765,True
89770,True
89778,True
89780,True
89790,True
89801,True
89802,True
89803,True
89804,True
89805,True
89806,True
89809,True
89810,True
89812,True
89813,True
89814,True
89815,True
89817,True
89818,True
89819,True
89820,True
89824,True
89825,True
89828,True
89830,True
89832,True
89834,True
89835,True
89837,True
89838,True
89839,True
89840,True
89843,True
89845,True
89848,True
89850,True
89854,True
89855,True
89856,True
89859,True
89860,True
89862,True
89865,True
89868,True
89870,True
89871,True
89872,True
89874,True
89875,True
89878,True
89879,True
89880,True
89882,True
89883,True
89885,True
89886,True
89887,True
89888,True
89890,True
89891,True
89893,True
89895,True
89896,True
89897,True
89898,True
89899,True
89900,True
89905,True
89906,True
89908,True
89909,True
89910,True
89915,True
89920,True
89925,True
89930,True
89935,True
89940,True
89950,True
89970,True
89980,True
89982,True
89983,True
89985,True
89990,True
89998,True
90001,True
90002,True
90010,True
90013,True
90018,True
90020,True
90022,True
90027,True
90029,True
90030,True
90035,True
90038,True
90040,True
90050,True
90090,True
9010,True
90110,True
90119,True
90120,True
90130,True
9015,True
90150,True
90160,True
90169,True
90170,True
9020,True
90200,True
90220,True
90230,True
90231,True
90240,True
90241,True
90245,True
90250,True
90251,True
9030,True
9040,True
9041,True
90410,True
90420,True
90430,True
90440,True
90450,True
90460,True
90470,True
90480,True
9050,True
9051,True
90510,True
90520,True
90540,True
90550,True
90560,True
90570,True
9060,True
9061,True
90610,True
90619,True
90620,True
90630,True
90640,True
90650,True
90660,True
90670,True
90680,True
90690,True
9070,True
9071,True
90771,True
9080,True
90810,True
90820,True
90830,True
90840,True
90850,True
90870,True
90880,True
9090,True
9091,True
91010,True
91020,True
91030,True
91040,True
91050,True
91060,True
9110,True
9111,True
91110,True
9112,True
91120,True
91130,True
91140,True
91150,True
91160,True
91170,True
91175,True
91180,True
9120,True
9121,True
91210,True
91215,True
91220,True
91225,True
91230,True
9124,True
91240,True
91250,True
91260,True
91263,True
91270,True
91280,True
9130,True
9131,True
91310,True
9132,True
91320,True
9133,True
91330,True
9134,True
91340,True
91349,True
91350,True
91360,True
91370,True
91380,True
9139,True
91410,True
91420,True
91430,True
91440,True
91450,True
9150,True
91501,True
91509,True
91510,True
91520,True
91530,True
91540,True
91550,True
91560,True
91570,True
9160,True
9161,True
9163,True
9169,True
9170,True
9171,True
91710,True
91712,True
9172,True
91720,True
91740,True
9175,True
91750,True
91751,True
91755,True
9176,True
91760,True
91770,True
91771,True
91778,True
91780,True
91781,True
91782,True
91785,True
91786,True
91787,True
91788,True
91790,True
91791,True
91792,True
91793,True
91795,True
91796,True
91798,True
9180,True
9181,True
91810,True
9182,True
9185,True
9190,True
91900,True
91910,True
91920,True
9195,True
92010,True
92020,True
92022,True
92025,True
92027,True
92030,True
92031,True
92032,True
92035,True
9210,True
92110,True
92120,True
92130,True
9220,True
92200,True
9230,True
92310,True
92314,True
92320,True
92323,True
92325,True
92330,True
92340,True
9238,True
9240,True
9241,True
92410,True
92412,True
92415,True
92420,True
92425,True
92440,True
92441,True
92480,True
9250,True
92500,True
9251,True
9260,True
9270,True
9271,True
9272,True
9273,True
9274,True
9280,True
92850,True
9290,True
92900,True
9291,True
92990,True
93010,True
93020,True
93022,True
93025,True
93030,True
93032,True
93035,True
93037,True
93040,True
93042,True
93044,True
93046,True
93048,True
93050,True
93052,True
93054,True
93056,True
9310,True
9311,True
93110,True
93113,True
93115,True
9312,True
93120,True
93125,True
93130,True
93135,True
93140,True
93145,True
93150,True
93180,True
9320,True
9321,True
93210,True
93211,True
93212,True
93214,True
93216,True
93218,True
93219,True
93220,True
93222,True
93224,True
93225,True
93226,True
93228,True
93230,True
93234,True
93260,True
93265,True
93270,True
93280,True
93285,True
93290,True
93295,True
9330,True
9331,True
93310,True
93315,True
9332,True
93320,True
9333,True
93330,True
93332,True
93334,True
93336,True
9334,True
93340,True
93344,True
93346,True
93347,True
93348,True
9335,True
93351,True
9336,True
9340,True
9341,True
93410,True
93415,True
93420,True
93425,True
93490,True
9350,True
9351,True
93510,True
93520,True
93525,True
93530,True
93534,True
93537,True
93540,True
93542,True
93544,True
93546,True
93548,True
9360,True
93600,True
93601,True
93604,True
93607,True
93608,True
93609,True
9361,True
93610,True
93611,True
93612,True
93614,True
93615,True
93616,True
9370,True
93700,True
9371,True
9372,True
9380,True
93800,True
93801,True
93804,True
93805,True
93806,True
93807,True
9381,True
93815,True
93819,True
93820,True
93821,True
93822,True
93880,True
9389,True
93890,True
9390,True
93900,True
9391,True
93940,True
93945,True
93950,True
93990,True
93995,True
9400,True
9401,True
94010,True
94015,True
9402,True
94020,True
94025,True
9403,True
94030,True
94035,True
9404,True
94040,True
94045,True
9405,True
94050,True
94055,True
9406,True
94060,True
94065,True
9407,True
94070,True
94071,True
94075,True
94080,True
94085,True
94090,True
9410,True
94100,True
9411,True
94110,True
9412,True
94120,True
9413,True
94130,True
94135,True
9414,True
94140,True
9415,True
94150,True
94155,True
9416,True
94170,True
94175,True
94180,True
94185,True
94190,True
94195,True
94196,True
94197,True
94198,True
94199,True
9420,True
9421,True
9422,True
9423,True
9424,True
9425,True
9426,True
9430,True
9431,True
9432,True
9433,True
9434,True
9435,True
9436,True
94380,True
9440,True
9441,True
94410,True
94415,True
94416,True
9442,True
94420,True
94425,True
9443,True
94430,True
94435,True
9444,True
94440,True
94445,True
9445,True
94450,True
94451,True
94455,True
94460,True
94463,True
94465,True
94470,True
94475,True
94480,True
94490,True
94495,True
9450,True
94500,True
94505,True
94510,True
94515,True
94760,True
94770,True
94810,True
94814,True
94818,True
94820,True
94824,True
94828,True
94830,True
94834,True
94836,True
94838,True
94850,True
94852,True
94853,True
94855,True
94856,True
94858,True
94859,True
94901,True
94910,True
94920,True
94930,True
94931,True
94935,True
94940,True
94945,True
94950,True
94955,True
94960,True
94965,True
94967,True
94970,True
95010,True
95012,True
95013,True
95020,True
95030,True
95032,True
95034,True
95040,True
95041,True
95042,True
95043,True
95044,True
95045,True
95046,True
95047,True
95050,True
95052,True
95054,True
95055,True
95057,True
95058,True
95059,True
95060,True
95062,True
95065,True
95070,True
95072,True
95074,True
95076,True
95080,True
95082,True
95084,True
95086,True
95088,True
95090,True
95095,True
95096,True
95097,True
95098,True
95099,True
9510,True
95100,True
95110,True
95112,True
95115,True
95124,True
95125,True
95130,True
95150,True
95160,True
95166,True
95170,True
95171,True
95172,True
95173,True
95174,True
95175,True
95176,True
95177,True
95178,True
95179,True
95180,True
95181,True
95182,True
95183,True
95184,True
95185,True
95186,True
95190,True
9520,True
95200,True
9521,True
95230,True
95236,True
95240,True
95250,True
95255,True
95260,True
95270,True
95272,True
95275,True
95280,True
95290,True
9530,True
95300,True
95305,True
9531,True
95310,True
95315,True
95320,True
95325,True
95330,True
95333,True
95334,True
95335,True
95340,True
95345,True
95350,True
95355,True
95360,True
95365,True
95370,True
95380,True
95390,True
9540,True
95400,True
9541,True
95420,True
95480,True
95485,True
9550,True
95500,True
9551,True
95515,True
95520,True
95528,True
95530,True
95535,True
95538,True
95540,True
95548,True
95552,True
95555,True
95556,True
95558,True
95560,True
95568,True
95575,True
95577,True
95580,True
95585,True
95588,True
95589,True
95590,True
95595,True
95599,True
9560,True
95600,True
95601,True
95603,True
95605,True
95607,True
95609,True
9561,True
95611,True
95612,True
95625,True
95630,True
95650,True
95660,True
95670,True
95680,True
95690,True
95695,True
9570,True
95700,True
95701,True
95702,True
95703,True
95705,True
95706,True
95707,True
95708,True
95709,True
9571,True
95710,True
95711,True
95717,True
95718,True
9572,True
95720,True
95726,True
95727,True
95730,True
95735,True
95740,True
95745,True
95748,True
95750,True
95755,True
95758,True
95760,True
95765,True
95768,True
95770,True
95773,True
95775,True
95778,True
95780,True
95783,True
95785,True
95790,True
95793,True
95795,True
9580,True
95800,True
9581,True
95820,True
95833,True
95835,True
95840,True
95860,True
95863,True
95865,True
95870,True
95875,True
95880,True
95885,True
95890,True
95893,True
95895,True
95900,True
95901,True
95902,True
95903,True
95904,True
95905,True
95906,True
95907,True
95908,True
95910,True
95911,True
95912,True
95913,True
95914,True
95915,True
95918,True
95920,True
95923,True
95925,True
95930,True
95933,True
95935,True
95937,True
95940,True
95945,True
95948,True
95950,True
95955,True
95960,True
95965,True
95967,True
95970,True
95972,True
95975,True
95980,True
95985,True
95990,True
95995,True
95997,True
9600,True
9601,True
96010,True
96015,True
9602,True
96020,True
96025,True
9603,True
96030,True
9604,True
96040,True
96045,True
9605,True
96050,True
96055,True
9606,True
96060,True
96065,True
9607,True
96070,True
96071,True
96072,True
96075,True
96076,True
96077,True
9608,True
96080,True
96081,True
96083,True
96085,True
96087,True
9609,True
96090,True
96095,True
9610,True
96100,True
9611,True
96115,True
9612,True
9613,True
96130,True
9614,True
96145,True
96148,True
9615,True
96150,True
96155,True
9616,True
96160,True
9617,True
96170,True
96178,True
9618,True
96180,True
9619,True
96190,True
96193,True
96195,True
9620,True
96200,True
96201,True
96202,True
96203,True
96204,True
96205,True
96206,True
96207,True
96208,True
96209,True
9621,True
96210,True
96211,True
96212,True
96213,True
96214,True
96215,True
96216,True
96217,True
96222,True
96223,True
96225,True
9623,True
96230,True
9624,True
9625,True
96255,True
9626,True
9627,True
96270,True
9628,True
9629,True
96290,True
96300,True
9631,True
96310,True
9632,True
9633,True
96330,True
9634,True
9635,True
9636,True
96360,True
9637,True
9639,True
96395,True
9640,True
96400,True
96402,True
96405,True
96407,True
96408,True
9641,True
96410,True
96412,True
96413,True
96415,True
96418,True
96419,True
9642,True
96420,True
96422,True
96425,True
96439,True
96445,True
96450,True
96460,True
96470,True
96487,True
96490,True
96495,True
96501,True
96503,True
96504,True
96505,True
96506,True
96508,True
9651,True
96530,True
96535,True
96540,True
96545,True
9655,True
96550,True
9656,True
9657,True
96570,True
96590,True
9660,True
96600,True
9661,True
96610,True
9662,True
9663,True
96635,True
9664,True
96640,True
9665,True
9666,True
9667,True
9668,True
96685,True
9669,True
96690,True
9670,True
96700,True
9671,True
9672,True
96735,True
96740,True
96745,True
96750,True
96755,True
96760,True
96765,True
96770,True
96790,True
9680,True
96810,True
96814,True
96815,True
96816,True
96817,True
9682,True
96820,True
96821,True
96822,True
96823,True
96824,True
96825,True
9683,True
96830,True
96832,True
96835,True
96836,True
9684,True
96840,True
96842,True
96843,True
96845,True
9685,True
96859,True
9686,True
9687,True
96875,True
96878,True
9688,True
96880,True
96888,True
9689,True
96890,True
9690,True
96900,True
96908,True
9691,True
96910,True
9692,True
96920,True
96925,True
9693,True
96930,True
9694,True
9695,True
96950,True
9696,True
96990,True
97010,True
97015,True
97020,True
97021,True
97030,True
97032,True
97035,True
97037,True
97040,True
97043,True
97045,True
97050,True
97060,True
97065,True
97070,True
97090,True
97095,True
9710,True
97105,True
97110,True
9715,True
97180,True
97185,True
97190,True
97195,True
9720,True
97200,True
9721,True
97210,True
97220,True
97230,True
9725,True
97250,True
9726,True
97280,True
97300,True
97306,True
97310,True
97313,True
97314,True
9732,True
97335,True
97340,True
97385,True
97390,True
97400,True
97410,True
97418,True
97420,True
97450,True
9750,True
97500,True
97501,True
97502,True
97503,True
97504,True
97507,True
97508,True
97509,True
9751,True
97510,True
97511,True
97513,True
97538,True
97541,True
97542,True
97543,True
97544,True
97545,True
97546,True
97547,True
97560,True
97571,True
97572,True
97573,True
97574,True
97575,True
97576,True
97577,True
97578,True
97590,True
9760,True
9761,True
97610,True
9762,True
97640,True
97645,True
9765,True
97650,True
97670,True
97685,True
97690,True
9770,True
97700,True
9771,True
9772,True
97753,True
97755,True
97760,True
97770,True
9780,True
97800,True
9781,True
9782,True
9783,True
9784,True
97843,True
97845,True
9785,True
97850,True
97870,True
97880,True
97885,True
9790,True
97900,True
9791,True
9792,True
97920,True
97930,True
97935,True
97940,True
97950,True
97960,True
97970,True
97980,True
98005,True
98010,True
98015,True
98020,True
98025,True
98030,True
98035,True
98040,True
98045,True
98050,True
9810,True
9811,True
98118,True
9812,True
98120,True
98125,True
98130,True
98140,True
98150,True
98160,True
98170,True
98175,True
98180,True
9820,True
98200,True
9821,True
9822,True
98230,True
98240,True
98250,True
98270,True
98280,True
98290,True
9830,True
98300,True
9831,True
9832,True
98320,True
98325,True
98330,True
98335,True
98338,True
9834,True
98340,True
98345,True
9835,True
98350,True
9836,True
98360,True
98368,True
9837,True
98370,True
9838,True
98380,True
98385,True
98390,True
9840,True
98400,True
9841,True
98410,True
98415,True
9842,True
9843,True
98430,True
98435,True
9844,True
98440,True
9845,True
98450,True
9846,True
98460,True
98465,True
9847,True
98470,True
98480,True
9850,True
98500,True
9851,True
9852,True
98528,True
9853,True
98530,True
98535,True
9854,True
98540,True
9855,True
98550,True
9856,True
98560,True
9857,True
98570,True
98575,True
98580,True
98590,True
98595,True
9860,True
98600,True
9861,True
9862,True
98620,True
98635,True
98640,True
98670,True
98675,True
98680,True
9869,True
98690,True
98700,True
98733,True
98735,True
98740,True
98750,True
98758,True
98760,True
98765,True
98770,True
98780,True
98781,True
98785,True
98787,True
98789,True
98790,True
98792,True
98794,True
98796,True
98801,True
98802,True
98803,True
98804,True
98805,True
98807,True
98825,True
98850,True
98855,True
98860,True
98865,True
98870,True
98895,True
98898,True
9890,True
98900,True
98905,True
9891,True
98910,True
98915,True
98918,True
98919,True
9892,True
98920,True
98925,True
98930,True
9894,True
98940,True
98947,True
9895,True
98950,True
98955,True
98958,True
9896,True
98960,True
98970,True
98975,True
98980,True
98985,True
98995,True
99001,True
99010,True
99020,True
99022,True
99025,True
99030,True
99032,True
99034,True
99036,True
99040,True
99042,True
99043,True
99050,True
99051,True
99052,True
99054,True
99060,True
99062,True
99064,True
99066,True
99070,True
99072,True
99074,True
9910,True
9911,True
9912,True
9913,True
9914,True
99140,True
99145,True
99150,True
99155,True
99160,True
99165,True
99170,True
99175,True
99180,True
99190,True
9920,True
99200,True
9921,True
99215,True
99220,True
99240,True
99250,True
99255,True
99260,True
99265,True
99270,True
99290,True
9930,True
99300,True
9931,True
99315,True
9932,True
99320,True
99330,True
99340,True
99345,True
99350,True
99360,True
99370,True
99380,True
9940,True
99400,True
9941,True
9942,True
9943,True
99430,True
99435,True
99440,True
99450,True
99457,True
99460,True
99470,True
99490,True
99495,True
9950,True
99500,True
9951,True
9952,True
99523,True
99525,True
99528,True
99530,True
99560,True
99580,True
99585,True
99590,True
9960,True
99600,True
99605,True
9961,True
99610,True
99615,True
9962,True
9963,True
99640,True
99645,True
99650,True
99655,True
99660,True
99665,True
99670,True
99675,True
99680,True
99687,True
99690,True
9970,True
99700,True
99701,True
99702,True
99704,True
99705,True
99706,True
99708,True
99709,True
9971,True
99711,True
99712,True
99713,True
99714,True
99718,True
9972,True
99720,True
99725,True
9973,True
99730,True
99735,True
9974,True
99740,True
99750,True
99760,True
99770,True
99790,True
99795,True
9980,True
99800,True
9981,True
99810,True
99820,True
99825,True
99830,True
99835,True
99838,True
99839,True
99840,True
99850,True
99855,True
99860,True
99870,True
99878,True
99880,True
99890,True
99895,True
9990,True
99900,True
9991,True
99910,True
9992,True
99920,True
99925,True
9993,True
99930,True
99940,True
99950,True
99952,True
99955,True
99960,True
99965,True
99970,True
99980,True
99990,True
